ISIN,KRX코드,총보수,시가총액,종가,NAV,상장일,자산분류,시장분류,운용방식,과세유형,기초지수명,투자지역,테마섹터,전략,기준일자
KR70193M0005,0193M0,0.07,106186220000,50230,50249.55,2026-06-16,채권,국내,실물(액티브),배당소득세(보유기간과세),KAP 27-12 특수채 총수익 지수(AAA이상),한국,채권·금리,일반,20260731
KR7466810009,466810,0.395,7206500000,4970,4948.55,2023-10-19,주식,국내,실물(패시브),비과세,iSelect 2차전지양극재 지수,한국,2차전지,일반,20260731
KR7457930006,457930,0.495,7533000000,25110,25283.36,2023-06-20,주식,국내,실물(액티브),배당소득세(보유기간과세),iSelect 미래전략기술 지수 (PR),한국,기타,일반,20260731
KR70218K0008,0218K0,0.45,7215000000,9620,9588.54,2026-07-21,주식,국내,실물(패시브),비과세,FnGuide 스마트카 지수,한국,자동차,일반,20260731
KR7487750002,487750,0.395,10880000000,27200,27127.31,2024-07-23,주식,국내,실물(패시브),비과세,FnGuide 온디바이스AI 지수,한국,AI·테크,일반,20260731
KR7445690001,445690,0.495,17535000000,29225,29439.7,2022-10-27,주식,국내,실물(액티브),배당소득세(보유기간과세),FnGuide 주주가치 지수,한국,배당주,일반,20260731
KR70120J0008,0120J0,0.395,9831250000,7865,7842.41,2025-12-02,주식,국내,실물(패시브),비과세,FnGuide 카카오그룹 포커스 지수,한국,개별종목,일반,20260731
KR70112X0000,0112X0,0.05,33388000000,39280,39507.71,2025-10-28,주식,국내,실물(패시브),배당소득세(보유기간과세),코스피 200 TR,한국,광범위지수,일반,20260731
KR7465780005,465780,0.06,102232080000,106160,106172.22,2023-09-21,채권,국내,실물(액티브),배당소득세(보유기간과세),KAP 26-09 특수채 지수(총수익),한국,채권·금리,일반,20260731
KR70191M0007,0191M0,0.06,41602860000,100490,100501.35,2026-06-02,채권,국내,실물(액티브),배당소득세(보유기간과세),KAP 5월 만기자동연장 특수채(AAA) 총수익 지수,한국,채권·금리,일반,20260731
KR7442260006,442260,0.295,46899200000,36640,36472.09,2022-10-25,주식,국내,실물(액티브),배당소득세(보유기간과세),코스피 200,한국,광범위지수,일반,20260731
KR70001P0004,0001P0,0.805,9396800000,8390,8430.22,2024-12-24,주식,국내,실물(액티브),배당소득세(보유기간과세),FnGuide 바이오시밀러&CDMO 지수,한국,바이오·헬스케어,일반,20260731
KR7159800002,159800,0.375,23433200000,83690,83599.38,2012-07-05,주식,국내,실물(패시브),비과세,코스피 100,한국,광범위지수,일반,20260731
KR7472840008,472840,0.08,39174375000,104465,104701.81,2023-12-21,주식,국내,실물(패시브),비과세,코스피 200,한국,광범위지수,일반,20260731
KR70005G0001,0005G0,0.28,159234750000,46155,45532.63,2025-01-21,주식,국내,실물(패시브),비과세,FnGuide K-AI반도체 코어테크 지수,한국,반도체,일반,20260731
KR70178H0001,0178H0,0.25,45174750000,9715,9617.49,2026-04-28,혼합자산,국내&해외,실물(패시브),배당소득세(보유기간과세),FnGuide 미국AI TOP10국채혼합 지수,미국,AI·테크,혼합,20260731
KR70135Y0002,0135Y0,0.041,114075210000,100330,100300.68,2025-12-16,채권,국내,실물(액티브),배당소득세(보유기간과세),"KIS 중기종합채권 (1~5Y, AA-이상, 총수익)",한국,채권·금리,일반,20260731
KR70221V0000,0221V0,0.05,102052850000,100150,100153.32,2026-07-21,채권,국내,실물(액티브),배당소득세(보유기간과세),KIS 단기자금 총수익지수,한국,채권·금리,일반,20260731
KR70191S0001,0191S0,0.105,9068700000,12255,12209.94,2026-05-19,주식,국내,실물(패시브),비과세,코스닥 150,한국,광범위지수,일반,20260731
KR70208N0007,0208N0,0.415,11979000000,7260,7245.54,2026-06-23,주식,국내,실물(액티브),배당소득세(보유기간과세),코스피,한국,광범위지수,일반,20260731
KR7361580004,361580,0.012,466011000000,59745,59739.56,2020-08-21,주식,국내,실물(패시브),배당소득세(보유기간과세),코스피 200 TR,한국,광범위지수,일반,20260731
KR7290080001,290080,0.4,11952500000,6830,7016.29,2018-02-27,주식,국내,실물(패시브),배당소득세(보유기간과세),코스피 200 고배당커버드콜 ATM 지수(시장가격지수),한국,배당주,커버드콜,20260731
KR7284980000,284980,0.19,18442200000,21955,21983.22,2017-12-08,주식,국내,실물(패시브),비과세,코스피 200 금융,한국,금융,일반,20260731
KR7252400007,252400,0.022,57297000000,95495,95048.35,2016-09-12,주식,국내,실물(패시브),배당소득세(보유기간과세),코스피 200 선물지수,한국,광범위지수,일반,20260731
KR7252420005,252420,0.022,4540900000,91,93.7,2016-09-22,주식,국내,실물(패시브),배당소득세(보유기간과세),코스피 200 선물지수,한국,광범위지수,일반,20260731
KR7252410006,252410,0.022,2810000000,1405,1415.35,2016-09-12,주식,국내,실물(패시브),배당소득세(보유기간과세),코스피 200 선물지수,한국,광범위지수,일반,20260731
KR7475720009,475720,0.3,772310000000,11900,11712.28,2024-03-05,주식,국내,실물(패시브),배당소득세(보유기간과세),코스피 200 위클리 커버드콜 ATM 지수,한국,광범위지수,커버드콜,20260731
KR7148020001,148020,0.017,4501800000000,109800,105913.87,2011-10-20,주식,국내,실물(패시브),비과세,코스피 200,한국,광범위지수,일반,20260731
KR7183700004,183700,0.2,39914700000,95035,95108.31,2013-10-17,혼합자산,국내,실물(패시브),배당소득세(보유기간과세),코스피 200 KTB 혼합지수,한국,채권·금리,혼합,20260731
KR70122W0009,0122W0,0.05,113665920000,50880,50869.61,2025-11-18,채권,국내,실물(액티브),배당소득세(보유기간과세),KAP 26-11 회사채(AA-이상) 총수익지수,한국,채권·금리,일반,20260731
KR7465330009,465330,0.07,58624500000,9690,9679.39,2023-09-12,주식,국내,실물(패시브),비과세,iSelect 2차전지 TOP10 지수(PR),한국,2차전지,일반,20260731
KR7465350007,465350,0.49,40000000000,20000,19889.87,2023-09-12,주식,국내,합성(패시브),배당소득세(보유기간과세),iSelect 2차전지 TOP10 지수(PR),한국,2차전지,일반,20260731
KR7422420000,422420,0.35,177078300000,5565,5532.49,2022-04-08,주식,국내,실물(액티브),배당소득세(보유기간과세),iSelect 2차전지 지수 (시장가격지수),한국,2차전지,일반,20260731
KR7105780001,105780,0.4,31860000000,15930,15902.59,2008-10-22,주식,국내,실물(패시브),비과세,MKF 5대그룹주,한국,광범위지수,일반,20260731
KR7469070007,469070,0.4,331641750000,10065,10033.69,2023-10-24,주식,국내,실물(패시브),비과세,iSelect AI&로봇 지수(시장가격),한국,AI·테크,일반,20260731
KR70093A0000,0093A0,0.2,161040000000,29280,28901.36,2025-08-26,주식,국내,실물(패시브),비과세,FnGuide AI반도체TOP10 지수,한국,반도체,일반,20260731
KR70101N0005,0101N0,0.2,507243000000,16180,16043.42,2025-09-23,주식,국내,실물(패시브),비과세,KRX-Akros AI 전력인프라 지수,한국,AI·테크,일반,20260731
KR7427120001,427120,0.45,3151500000,4775,4801.52,2022-05-17,주식,국내,실물(패시브),비과세,FnGuide AI 플랫폼 지수,한국,AI·테크,일반,20260731
KR7477080006,477080,0.02,1649640270000,107210,107205.56,2024-03-26,기타,국내,합성(액티브),배당소득세(보유기간과세),FnGuide CD금리투자 지수(총수익),한국,채권·금리,일반,20260731
KR7290130004,290130,0.3,650005000000,45775,45574.54,2018-02-27,주식,국내,실물(패시브),비과세,KRX ESG 사회책임경영지수(S),한국,광범위지수,일반,20260731
KR7367770005,367770,0.45,106678000000,20515,20474.16,2020-10-29,주식,국내,실물(패시브),비과세,FnGuide 수소 경제 테마 지수,한국,에너지·원자력,일반,20260731
KR7326240009,326240,0.4,103769600000,40535,40033.73,2019-06-20,주식,국내,실물(패시브),비과세,FnGuide IT플러스 지수,한국,AI·테크,일반,20260731
KR7385560008,385560,0.05,801607800000,52530,52643.36,2021-05-26,채권,국내,실물(패시브),배당소득세(보유기간과세),KIS 국고채30년Enhanced지수(시장가격),한국,채권·금리,일반,20260731
KR7479520009,479520,0.02,1030907225000,106115,106121.09,2024-04-30,기타,국내,합성(액티브),배당소득세(보유기간과세),KOFR 지수,한국,채권·금리,일반,20260731
KR7270800006,270800,0.3,8030000000,14600,14697.55,2017-07-07,주식,국내,실물(패시브),비과세,FnGuide KQ고배당포커스 지수,한국,배당주,일반,20260731
KR7292050002,292050,0.05,17178000000,49080,47450.68,2018-03-26,주식,국내,실물(패시브),비과세,KRX 300,한국,광범위지수,일반,20260731
KR7388280000,388280,0.45,24053400000,7245,7201.96,2021-06-10,주식,국내,실물(패시브),비과세,FnGuide K엔터&여행레저 지수,한국,게임·엔터,일반,20260731
KR70192L0007,0192L0,0.09,53280000000,9600,9471.16,2026-05-27,주식,국내,실물(패시브),배당소득세(보유기간과세),KRX SK하이닉스 지수,한국,개별종목,일반,20260731
KR70013R0008,0013R0,0.25,26775000000,7875,7872.87,2025-02-18,혼합자산,해외,합성(패시브),배당소득세(보유기간과세),KEDI 테슬라미국30년국채15%타겟프리미엄 혼합지수(TR),미국,개별종목,커버드콜,20260731
KR7234310001,234310,0.3,13710000000,27420,27195.06,2016-02-02,주식,국내,실물(패시브),비과세,FnGuide 셀렉트 밸류 지수,한국,광범위지수,일반,20260731
KR7241390004,241390,0.23,33869000000,15395,15477.99,2016-04-12,혼합자산,국내,실물(패시브),배당소득세(보유기간과세),FnGuide 셀렉트벨류 채권혼합지수,한국,채권·금리,혼합,20260731
KR7401170006,401170,0.45,43045200000,10870,10857.56,2021-10-13,주식,국내,실물(패시브),비과세,iSelect 메타버스 지수(시장가격지수),한국,AI·테크,일반,20260731
KR7300640000,300640,0.3,22575000000,6450,6461.1,2018-07-24,주식,국내,실물(패시브),비과세,WISE 게임 테마 지수 (시장가격지수),한국,게임·엔터,일반,20260731
KR7266160001,266160,0.2,208597500000,32850,32489.66,2017-04-14,주식,국내,실물(패시브),비과세,FnGuide 고배당포커스 지수,한국,배당주,일반,20260731
KR7481430007,481430,0.012,103010080000,98480,98402.42,2024-05-21,채권,국내,실물(액티브),배당소득세(보유기간과세),KAP 국고채 10년 지수(총수익),한국,채권·금리,일반,20260731
KR7282000009,282000,0.07,51482250000,114405,114407.81,2017-11-09,채권,국내,실물(패시브),배당소득세(보유기간과세),국채선물지수,한국,채권·금리,일반,20260731
KR7114100001,114100,0.115,99110100000,106570,106560.54,2009-07-29,채권,국내,실물(패시브),배당소득세(보유기간과세),KTB INDEX(시장가격),한국,채권·금리,일반,20260731
KR7451670004,451670,0.1,6270000000,12540,12543.24,2023-02-14,채권,국내,합성(패시브),배당소득세(보유기간과세),KAP 국채30년 TR 지수(총수익),한국,채권·금리,일반,20260731
KR7295020002,295020,0.07,47407590000,60315,60329.22,2018-05-11,채권,국내,실물(패시브),배당소득세(보유기간과세),10년국채선물지수,한국,채권·금리,일반,20260731
KR7295000004,295000,0.07,5146000000,51460,51429.6,2018-05-11,채권,국내,실물(패시브),배당소득세(보유기간과세),10년국채선물지수,한국,채권·금리,일반,20260731
KR7432600005,432600,0.07,5527500000,55275,55248.62,2022-06-14,채권,국내,실물(패시브),배당소득세(보유기간과세),국채선물지수,한국,채권·금리,일반,20260731
KR7397420001,397420,0.07,303420000,50570,50570.29,2021-08-31,채권,국내,실물(패시브),배당소득세(보유기간과세),5년 국채선물 추종 지수,한국,채권·금리,일반,20260731
KR70114X0008,0114X0,0.4,6030500000,8615,8638.53,2025-10-21,주식,해외,실물(패시브),배당소득세(보유기간과세),Solactive-KEDI 글로벌 게임 테크 TOP3 플러스 지수,글로벌,AI·테크,일반,20260731
KR7437370000,437370,0.4,7658000000,10940,10879.37,2022-07-29,주식,해외,실물(패시브),배당소득세(보유기간과세),MVIS Global Agribusiness Index(Price Return),글로벌,소비재,일반,20260731
KR7375270006,375270,0.4,9522500000,14650,14532.02,2021-01-14,부동산,해외,합성(패시브),배당소득세(분리과세부동산ETF),Kelly Data Center & Tech Infrastructure Net Total Return Index,기타,AI·테크,일반,20260731
KR7475380002,475380,0.01,29605500000,10965,10919.21,2024-02-20,부동산,해외,실물(패시브),배당소득세(분리과세부동산ETF),Solactive Global Realty Income Index(Price Return),글로벌,리츠·부동산,일반,20260731
KR7476310008,476310,0.35,5802500000,10550,10613.86,2024-02-27,주식,해외,실물(패시브),배당소득세(보유기간과세),KEDI 글로벌 비만 산업 Top2+ 지수(Price Return),글로벌,바이오·헬스케어,일반,20260731
KR7417450004,417450,0.4,13510750000,15895,15819.8,2022-02-15,주식,해외,실물(패시브),배당소득세(보유기간과세),Indxx Hydrogen Economy Index (PR),기타,에너지·원자력,일반,20260731
KR7442320008,442320,0.4,219324600000,34485,34385.56,2022-10-13,주식,해외,실물(패시브),배당소득세(보유기간과세),iSelect 글로벌원자력 지수(시장가격),글로벌,에너지·원자력,일반,20260731
KR7461490005,461490,0.01,285430000000,14600,14619.22,2023-06-27,혼합자산,해외,실물(액티브),배당소득세(보유기간과세),Bloomberg Multi-Asset Weighted (KRW ETFs) 지수(시장가격),기타,자산배분·TDF,혼합,20260731
KR7459750006,459750,0.2,32391000000,17995,17963.56,2023-06-27,주식,해외,실물(액티브),배당소득세(보유기간과세),Bloomberg Global Equity Market Weighted Index(Price Return),글로벌,광범위지수,일반,20260731
KR7399580000,399580,0.4,9550000000,9550,9471.76,2021-10-21,주식,해외,실물(패시브),배당소득세(보유기간과세),S&P Global Clean Energy Transition Index (Price Return),글로벌,에너지·원자력,일반,20260731
KR7276650009,276650,0.4,33093750000,44125,44445.64,2017-08-17,주식,국내&해외,합성(패시브),배당소득세(보유기간과세),S&P Global 1200 Information Technology and Interactive Media & Services(PR),글로벌,AI·테크,일반,20260731
KR7336160007,336160,0.07,52531000000,100250,100276.06,2019-10-29,채권,국내,실물(액티브),배당소득세(보유기간과세),KIS 종합채권금융채 2.5Y-3Y 지수 (총수익),한국,금융,일반,20260731
KR7326230000,326230,0.4,6732800000,10520,10495.25,2019-06-20,주식,국내,실물(패시브),비과세,FnGuide 내수주플러스 지수,한국,광범위지수,일반,20260731
KR7367760006,367760,0.45,634309000000,53755,52296.41,2020-10-29,주식,국내,실물(패시브),비과세,FnGuide 네트워크 인프라 지수,한국,AI·테크,일반,20260731
KR7272560004,272560,0.07,156699210000,114630,114624.04,2017-06-29,채권,국내,실물(액티브),배당소득세(보유기간과세),KIS 종합채권국공채3M~1.5Y지수,한국,채권·금리,일반,20260731
KR7385550009,385550,0.05,337743560000,113795,113800.1,2021-05-26,채권,국내,실물(액티브),배당소득세(보유기간과세),KIS 단기채권알파지수(AA-이상)(총수익지수),한국,채권·금리,일반,20260731
KR7196230007,196230,0.13,280768170000,116695,116703.21,2014-05-19,채권,국내,실물(패시브),배당소득세(보유기간과세),KIS 통안채 5개월 지수(총수익),한국,채권·금리,일반,20260731
KR70061Z0009,0061Z0,0.01,759787700000,50890,50872.43,2025-06-24,채권,국내,실물(액티브),배당소득세(보유기간과세),KAP 단기 특수은행채 지수(시장가격),한국,금융,일반,20260731
KR7315960005,315960,0.07,515229000000,78065,77001.48,2019-01-22,주식,국내,실물(패시브),배당소득세(보유기간과세),WISE 대형고배당10 TR 지수,한국,배당주,일반,20260731
KR70138D0004,0138D0,0.07,7521500000,10745,10772.45,2025-12-16,주식,국내,실물(패시브),비과세,FnGuide 동학개미 지수,한국,기타,일반,20260731
KR7455890004,455890,0.05,2892722950000,55325,55322.66,2023-05-09,채권,국내,실물(액티브),배당소득세(보유기간과세),KIS 시가평가 MMF 지수 (총수익지수),한국,채권·금리,일반,20260731
KR7481340008,481340,0.05,20115000000,8940,8930.56,2024-05-28,채권,해외,실물(액티브),배당소득세(보유기간과세),Bloomberg U.S Treasury 20+ Year Total Return Index,미국,채권·금리,일반,20260731
KR7472870005,472870,0.15,172781250000,7125,7170.96,2023-12-27,채권,해외,합성(패시브),배당소득세(보유기간과세),KIS 미국채30년 엔화노출 지수(USD/JPY 헤지)(총수익지수),미국,채권·금리,일반,20260731
KR7472830009,472830,0.25,45870750000,8265,8264.91,2023-12-14,채권,해외,합성(패시브),배당소득세(보유기간과세),Bloomberg U.S. Treasury 20+ Year (TLT) 2% OTM Covered Call Index(TR),미국,채권·금리,커버드콜,20260731
KR7485690002,485690,0.01,89101250000,20965,20329.94,2024-07-23,주식,해외,실물(패시브),배당소득세(보유기간과세),KEDI 미국 AI 밸류체인 TOP3 Plus 지수(Price Return),미국,AI·테크,일반,20260731
KR7490590007,490590,0.25,747689000000,13795,13342.27,2024-10-02,주식,해외,실물(패시브),배당소득세(보유기간과세),KEDI 미국 AI밸류체인 90%참여+데일리옵션 프리미엄 지수(TR),미국,AI·테크,커버드콜,20260731
KR70176E0006,0176E0,0.45,125011250000,10205,9907.79,2026-04-07,주식,해외,실물(액티브),배당소득세(보유기간과세),Solactive US AI Electricity Infrastructure Index PR,미국,AI·테크,일반,20260731
KR70127R0001,0127R0,0.4,18798000000,15665,14832.78,2025-11-25,주식,해외,실물(패시브),배당소득세(보유기간과세),Akros 미국 AI 클라우드 인프라 지수(Price Return),미국,AI·테크,일반,20260731
KR7495940009,495940,0.5,60999750000,19365,18992.91,2024-11-26,주식,해외,실물(액티브),배당소득세(보유기간과세),Solactive US AI Tech Active Index PR,미국,AI·테크,일반,20260731
KR70138T0006,0138T0,0.25,30976000000,9680,9668.12,2025-12-23,주식,해외,실물(패시브),배당소득세(보유기간과세),S&P500 10% Daily Fixed Covered Call Index,미국,광범위지수,커버드콜,20260731
KR70005C0005,0005C0,0.1,7283250000,11205,11200.24,2025-01-14,주식,해외,합성(패시브),배당소득세(보유기간과세),S&P500 Yen Hedged Index(PR),미국,광범위지수,일반,20260731
KR7379780000,379780,0.004,1508076000000,23130,23035.29,2021-04-09,주식,해외,실물(패시브),배당소득세(보유기간과세),S&P 500,미국,광범위지수,일반,20260731
KR7453330003,453330,0.004,81374000000,17690,17599.59,2023-03-21,주식,해외,실물(패시브),배당소득세(보유기간과세),S&P 500,미국,광범위지수,일반,20260731
KR7460660004,460660,0.01,18652500000,12435,12341.79,2023-06-27,주식,해외,실물(패시브),배당소득세(보유기간과세),S&P Dividend Monarchs Index(Price Return),미국,배당주,일반,20260731
KR7219390002,219390,0.25,18546500000,7570,7774.76,2015-06-02,주식,해외,합성(패시브),배당소득세(보유기간과세),S&P Oil & Gas Exploration & Production Select Industry Index(PR),기타,에너지·원자력,일반,20260731
KR70115C0002,0115C0,0.01,25875000000,11250,11253.0,2025-10-21,주식,해외,실물(패시브),배당소득세(보유기간과세),Dow Jones U.S. High Dividend 10 Index,미국,배당주,일반,20260731
KR7354240004,354240,0.5,12182500000,11075,11033.91,2020-05-19,혼합자산,해외,실물(패시브),배당소득세(보유기간과세),ICE BofAML Core Plus Fixed Rate Preferred Securities Index(PR),기타,채권·금리,일반,20260731
KR7368590006,368590,0.006,1503741000000,29955,29661.02,2020-11-06,주식,해외,실물(패시브),배당소득세(보유기간과세),NASDAQ 100,미국,광범위지수,일반,20260731
KR7437350002,437350,0.1,27698000000,12590,12581.47,2022-07-29,채권,해외,실물(액티브),배당소득세(보유기간과세),Bloomberg US Corporate 1-5 Years Total Return Index,미국,채권·금리,일반,20260731
KR7455960005,455960,0.05,57318700000,12515,12451.86,2023-05-16,기타,해외,합성(액티브),배당소득세(보유기간과세),KAP SOFR 지수,미국,채권·금리,일반,20260731
KR7469530000,469530,0.05,5808000000,9075,9076.09,2023-11-09,통화,국내,실물(패시브),배당소득세(보유기간과세),미국달러선물지수,한국,기타,일반,20260731
KR7469060008,469060,0.01,77260250000,35935,34697.14,2023-10-24,주식,해외,실물(패시브),배당소득세(보유기간과세),NYSE Semicondoctor Index(Price Return),미국,반도체,일반,20260731
KR7469050009,469050,0.01,31830000000,31830,30589.11,2023-10-24,주식,해외,실물(패시브),배당소득세(보유기간과세),NYSE Semicondoctor Index(Price Return),미국,반도체,일반,20260731
KR7491630000,491630,0.49,2534125000,5335,5634.29,2024-10-22,주식,해외,합성(패시브),배당소득세(보유기간과세),NYSE Semicondoctor Index(Price Return),미국,반도체,일반,20260731
KR7490600004,490600,0.25,158137250000,9385,9308.97,2024-09-24,주식,해외,실물(패시브),배당소득세(보유기간과세),KEDI 미국 배당100 90%참여+데일리옵션 프리미엄 지수(총수익지수),미국,배당주,커버드콜,20260731
KR70018Z0003,0018Z0,0.4,17610000000,17610,17175.19,2025-03-11,주식,해외,실물(패시브),배당소득세(보유기간과세),Solactive US Quantum Computing Technology Index PR,미국,AI·테크,일반,20260731
KR70218J0001,0218J0,0.13,25410000000,8470,8437.38,2026-07-14,혼합자산,해외,실물(패시브),배당소득세(보유기간과세),Akros 미국 우주-로봇 TOP2 채권혼합50 지수,미국,AI·테크,혼합,20260731
KR70013P0000,0013P0,0.2,14476000000,13160,13174.1,2025-02-18,주식,해외,실물(패시브),배당소득세(보유기간과세),KEDI 미국 은행 TOP10 지수,미국,금융,일반,20260731
KR7267490001,267490,0.5,3503500000,5005,5055.04,2017-04-20,채권,해외,합성(패시브),배당소득세(보유기간과세),S&P U.S. Treasury Bond Futures Excess Return Index,미국,채권·금리,일반,20260731
KR7267450005,267450,0.4,5540000000,11080,11106.99,2017-04-20,채권,해외,실물(패시브),배당소득세(보유기간과세),S&P U.S. Treasury Bond Futures Excess Return Index,미국,채권·금리,일반,20260731
KR7267440006,267440,0.4,4776000000,7960,8097.41,2017-04-20,채권,해외,실물(패시브),배당소득세(보유기간과세),S&P U.S. Treasury Bond Futures Excess Return Index,미국,채권·금리,일반,20260731
KR70036Z0001,0036Z0,0.4,6993250000,12715,12827.21,2025-04-22,주식,해외,실물(패시브),배당소득세(보유기간과세),Solactive US Natural Gas Value Chain Index PR,미국,에너지·원자력,일반,20260731
KR7491620001,491620,0.25,530029500000,10590,10494.22,2024-10-02,주식,해외,실물(패시브),배당소득세(보유기간과세),KEDI 미국 테크100 90%참여+데일리옵션 프리미엄 지수(TR),미국,AI·테크,커버드콜,20260731
KR70036R0001,0036R0,0.4,113197500000,19350,19055.85,2025-04-15,주식,해외,실물(패시브),배당소득세(보유기간과세),KEDI 미국 휴머노이드 로봇 지수(시장가격),미국,AI·테크,일반,20260731
KR70000Z0003,0000Z0,0.5,44688000000,7980,7953.77,2024-12-24,주식,국내,실물(액티브),배당소득세(보유기간과세),KRX 바이오 TOP 10 지수,한국,바이오·헬스케어,일반,20260731
KR7446700007,446700,0.4,9703800000,8985,8985.37,2022-11-01,주식,국내,실물(패시브),비과세,iSelect 배터리 리사이클링 지수,한국,2차전지,일반,20260731
KR7475350005,475350,0.01,69874000000,15190,15192.58,2024-02-27,주식,해외,실물(패시브),배당소득세(보유기간과세),Solactive Berkshire Portfolio Top10 Index(PR),미국,개별종목,일반,20260731
KR7388420002,388420,0.5,235497600000,25160,24998.31,2021-06-10,주식,국내,실물(액티브),배당소득세(보유기간과세),iSelect 비메모리반도체 지수(시장가격지수),한국,반도체,일반,20260731
KR7448630004,448630,0.2,317683000000,14845,14918.84,2022-11-29,혼합자산,국내,실물(패시브),배당소득세(보유기간과세),Bloomberg Blended Samsung Group Fixed Top 3 Equity and Korean Bond Index,한국,채권·금리,일반,20260731
KR70162Z0007,0162Z0,0.01,4223940000000,13560,13362.39,2026-02-26,혼합자산,국내,실물(패시브),배당소득세(보유기간과세),KAP 삼성전자SK하이닉스채권혼합50 지수,한국,개별종목,혼합,20260731
KR70192M0006,0192M0,0.09,42759750000,11715,11214.31,2026-05-27,주식,국내,실물(패시브),배당소득세(보유기간과세),KRX 삼성전자 지수,한국,개별종목,일반,20260731
KR7140570003,140570,0.4,9368000000,23420,23376.29,2011-04-15,주식,국내,실물(패시브),비과세,MKF 수출주 지수,한국,광범위지수,일반,20260731
KR70093B0009,0093B0,0.2,11232000000,12480,12307.91,2025-08-26,주식,해외,실물(패시브),배당소득세(보유기간과세),KEDI 엔비디아고정테크100 지수(PR),미국,개별종목,일반,20260731
KR7140580002,140580,0.4,11462500000,22925,22929.12,2011-04-15,주식,국내,실물(패시브),비과세,MKF 우량업종대표주 지수,한국,광범위지수,일반,20260731
KR7379790009,379790,0.021,15655500000,17395,17212.27,2021-04-09,주식,해외,실물(패시브),배당소득세(보유기간과세),EURO STOXX 50 Index,유럽,광범위지수,일반,20260731
KR7498610005,498610,0.3,5082000000,8470,8504.9,2025-04-01,주식,해외,실물(패시브),배당소득세(보유기간과세),MarketVector Digital India Index(INR)(Price Return),인도,AI·테크,일반,20260731
KR7488480005,488480,0.3,7119750000,12945,13014.77,2024-08-20,주식,해외,실물(패시브),배당소득세(보유기간과세),Solactive Japan Samurai Sector TOP4 Plus Index(PR),일본,기타,일반,20260731
KR7442550000,442550,0.01,22963250000,14815,14700.7,2022-09-22,기타,국내&해외,실물(액티브),배당소득세(보유기간과세),iSelect 전략적자산배분 TDF 2030 지수,국내+해외,자산배분·TDF,일반,20260731
KR7442560009,442560,0.01,49605000000,16535,16393.83,2022-09-22,기타,국내&해외,실물(액티브),배당소득세(보유기간과세),iSelect 전략적자산배분 TDF 2040 지수,국내+해외,자산배분·TDF,일반,20260731
KR7442570008,442570,0.01,315920000000,17600,17420.24,2022-09-22,기타,국내&해외,실물(액티브),배당소득세(보유기간과세),iSelect 전략적자산배분 TDF 2050 지수,국내+해외,자산배분·TDF,일반,20260731
KR7385540000,385540,0.012,2066854250000,103085,103096.27,2021-05-26,채권,국내,실물(액티브),배당소득세(보유기간과세),KIS 종합채권 지수(A-이상)(총수익지수),한국,채권·금리,일반,20260731
KR7183710003,183710,0.25,18212000000,91060,91088.15,2013-10-17,혼합자산,국내,실물(패시브),배당소득세(보유기간과세),주식국채혼합(주식형)지수,한국,채권·금리,혼합,20260731
KR7310080007,310080,0.6,10884750000,9465,9516.59,2018-11-28,주식,해외,실물(패시브),배당소득세(보유기간과세),"MSCI China Index(USD, Price Return)",중국,광범위지수,일반,20260731
KR7463300004,463300,0.05,21888000000,13680,13682.6,2023-08-08,주식,해외,실물(패시브),배당소득세(보유기간과세),CSI 300 Index,중국,광범위지수,일반,20260731
KR7174360008,174360,0.65,34251000000,24465,24428.37,2013-06-04,주식,해외,실물(패시브),배당소득세(해외주식투자전용ETF),CSI A100,중국,광범위지수,일반,20260731
KR7136340007,136340,0.07,241372800000,104040,104172.88,2011-04-15,채권,국내,실물(패시브),배당소득세(보유기간과세),KOBI 크레딧 지수(총수익),한국,채권·금리,일반,20260731
KR7281990002,281990,0.3,9443500000,17170,17298.47,2017-11-02,주식,국내,실물(패시브),비과세,FnGuide 중소형고배당포커스 지수,한국,배당주,일반,20260731
KR7272570003,272570,0.07,8421660000,107970,107974.81,2017-06-29,채권,국내,실물(액티브),배당소득세(보유기간과세),KIS 종합채권국공채4~5Y지수,한국,채권·금리,일반,20260731
KR70164G0008,0164G0,0.45,27331500000,13015,12783.02,2026-03-10,주식,해외,실물(패시브),배당소득세(보유기간과세),Solactive China AI Semiconductor TOP 4 Plus Index,중국,반도체,일반,20260731
KR7250730009,250730,0.021,17000000000,10000,10175.36,2016-08-10,주식,해외,실물(패시브),배당소득세(해외주식투자전용ETF),Hang Seng China H,중국,기타,일반,20260731
KR7291680007,291680,0.6,3770000000,7540,7662.36,2018-03-23,주식,해외,실물(패시브),배당소득세(보유기간과세),Hang Seng China Enterprises Futures Index(Price Return),중국,기타,일반,20260731
KR70094L0006,0094L0,0.3,11774000000,8410,8417.74,2025-09-02,주식,해외,실물(패시브),배당소득세(보유기간과세),Bloomberg China Tech Select TOP 10 + 12% Target Premium Weekly Index,중국,AI·테크,커버드콜,20260731
KR7371150004,371150,0.14,9548500000,7345,7338.86,2020-12-16,주식,해외,실물(패시브),배당소득세(보유기간과세),Hang Seng TECH Index,중국,AI·테크,일반,20260731
KR7498860006,498860,0.1,36674000000,16670,16727.38,2024-12-10,주식,국내,실물(패시브),비과세,iSelect 코리아 금융 고배당 지수,한국,금융,일반,20260731
KR70094M0005,0094M0,0.3,166870000000,18040,17647.97,2025-09-02,주식,국내,실물(패시브),배당소득세(보유기간과세),코리아 밸류업 위클리 커버드콜 30% 지수,한국,배당주,커버드콜,20260731
KR7495050007,495050,0.008,938520000000,31600,31335.71,2024-11-04,주식,국내,실물(패시브),비과세,코리아 밸류업 지수,한국,배당주,일반,20260731
KR70151P0002,0151P0,0.5,153744500000,14170,13975.83,2026-01-20,주식,국내,실물(액티브),배당소득세(보유기간과세),KAP 코리아전략산업지수,한국,기타,일반,20260731
KR7278240007,278240,0.329,42173000000,5825,5623.13,2017-08-31,주식,국내,실물(패시브),배당소득세(보유기간과세),F-코스닥150 지수,한국,광범위지수,일반,20260731
KR7275750008,275750,0.32,2628000000,2920,3022.99,2017-08-01,주식,국내,실물(패시브),배당소득세(보유기간과세),F-코스닥150 지수,한국,광범위지수,일반,20260731
KR7270810005,270810,0.02,270761400000,11970,12005.1,2017-06-16,주식,국내,실물(패시브),비과세,코스닥 150,한국,광범위지수,일반,20260731
KR70223A0003,0223A0,0.3,18070000000,9035,8935.03,2026-07-28,주식,국내,실물(액티브),배당소득세(보유기간과세),코스닥 150 타겟 15% 위클리 커버드콜 지수,한국,광범위지수,커버드콜,20260731
KR7302450002,302450,0.02,208635250000,68405,68277.66,2018-07-24,주식,국내,실물(패시브),비과세,코스피,한국,광범위지수,일반,20260731
KR70047P0000,0047P0,0.2,21878250000,14115,13950.17,2025-05-13,주식,해외,실물(패시브),배당소득세(보유기간과세),KEDI 테슬라고정테크100 지수(PR),미국,개별종목,일반,20260731
KR7449580000,449580,0.24,17693500000,16085,16009.94,2022-12-20,혼합자산,해외,실물(패시브),배당소득세(보유기간과세),iSelect 테슬라 애플 아마존 채권혼합지수(Price Return),미국,개별종목,혼합,20260731
KR7334700002,334700,0.6,2206750000,3395,3400.55,2019-09-24,원자재,해외,실물(패시브),배당소득세(보유기간과세),S&P GSCI Palladium Excess Return Index,글로벌,원자재·금,일반,20260731
KR7334690005,334690,0.6,3861000000,5940,5943.7,2019-09-24,원자재,해외,실물(패시브),배당소득세(보유기간과세),S&P GSCI Palladium Excess Return Index,글로벌,원자재·금,일반,20260731
KR70047R0008,0047R0,0.2,24360000000,13920,13821.29,2025-05-13,주식,해외,실물(패시브),배당소득세(보유기간과세),KEDI 팔란티어고정테크100 지수(PR),미국,개별종목,일반,20260731
KR7253280002,253280,0.4,6547750000,11905,11893.14,2016-09-23,주식,국내,실물(패시브),비과세,FnGuide 헬스케어 지수,한국,바이오·헬스케어,일반,20260731
KR7253290001,253290,0.35,20637000000,11465,11480.26,2016-09-23,혼합자산,국내,실물(패시브),배당소득세(보유기간과세),FnGuide 헬스케어 채권혼합 지수,한국,바이오·헬스케어,혼합,20260731
KR70190C0000,0190C0,0.4,470448000000,7920,7942.05,2026-05-12,주식,국내,실물(패시브),비과세,KEDI 현대차고정피지컬AI 지수,한국,개별종목,일반,20260731
KR7407310002,407310,0.15,19560000000,16300,15990.06,2021-11-24,주식,국내,실물(패시브),비과세,코스피 200 Top 10 지수,한국,광범위지수,일반,20260731
KR7332930007,332930,0.07,203000000000,140000,138025.34,2019-08-28,주식,국내,실물(패시브),배당소득세(보유기간과세),코스피 200 TR,한국,광범위지수,일반,20260731
KR7304780000,304780,0.45,52643250000,116985,116249.72,2018-08-14,주식,국내,실물(패시브),배당소득세(보유기간과세),코스피 200 선물지수,한국,광범위지수,일반,20260731
KR7306520008,306520,0.45,1575000000,2625,2558.99,2018-09-18,주식,국내,실물(패시브),배당소득세(보유기간과세),코스피 200 선물지수,한국,광범위지수,일반,20260731
KR7293180006,293180,0.036,460306000000,104615,105402.43,2018-03-30,주식,국내,실물(패시브),비과세,코스피 200,한국,광범위지수,일반,20260731
KR70123S0004,0123S0,0.02,63116000000,10180,10166.56,2025-12-16,채권,국내,실물(액티브),배당소득세(보유기간과세),KIS 은행채2612만기형 지수,한국,금융,일반,20260731
KR70091M0008,0091M0,0.02,105401250000,10125,10131.5,2025-08-26,채권,국내,실물(액티브),배당소득세(보유기간과세),KIS 회사채(AA-이상)2706만기형지수(총수익),한국,채권·금리,일반,20260731
KR7448490003,448490,0.05,11866400000,52975,52931.82,2022-11-22,채권,국내,실물(액티브),배당소득세(보유기간과세),KAP 32-10 국고채 10년 총수익지수,한국,채권·금리,일반,20260731
KR7454320003,454320,0.45,80023000000,37220,37044.65,2023-04-18,주식,국내,실물(패시브),비과세,iSelect CAPEX 설비투자 지수(시장가격),한국,기타,일반,20260731
KR7395290000,395290,0.45,30156250000,4825,4851.31,2021-07-30,주식,국내,실물(패시브),비과세,FnGuide K-POP & 미디어 지수,한국,게임·엔터,일반,20260731
KR7395280001,395280,0.45,8448250000,3595,3580.97,2021-07-30,주식,국내,실물(패시브),비과세,FnGuide K-게임 지수,한국,게임·엔터,일반,20260731
KR7368190005,368190,0.45,23520000000,7350,7384.7,2020-11-10,주식,국내,실물(패시브),비과세,FnGuide K-뉴딜 디지털 플러스 지수,한국,AI·테크,일반,20260731
KR7402460000,402460,0.45,7438750000,13525,13570.44,2021-10-13,주식,국내,실물(패시브),비과세,FnGuide K-메타버스 MZ 지수(시장가격),한국,AI·테크,일반,20260731
KR7395270002,395270,0.45,3450750000000,53500,52974.72,2021-07-30,주식,국내,실물(패시브),비과세,FnGuide K-반도체 지수,한국,반도체,일반,20260731
KR7438900003,438900,0.45,14092000000,10840,10882.33,2022-08-17,주식,국내,실물(패시브),비과세,FnGuide K-푸드 지수 (시장가격),한국,기타,일반,20260731
KR7367740008,367740,0.45,20787250000,37795,37784.23,2020-10-29,주식,국내,실물(패시브),비과세,FnGuide 5G 산업 지수,한국,기타,일반,20260731
KR7407300003,407300,0.45,5656750000,10285,10356.05,2021-11-24,주식,국내,실물(패시브),비과세,FnGuide 골프 테마 지수,한국,기타,일반,20260731
KR7381560002,381560,0.45,17583500000,15985,15891.81,2021-04-02,주식,국내,실물(패시브),비과세,FnGuide 전기&수소차 지수 (시장가격),한국,에너지·원자력,일반,20260731
KR7441540002,441540,0.45,73150000000,26600,26468.34,2022-09-15,주식,국내,실물(패시브),비과세,FnGuide 조선해운지수,한국,조선·기계,일반,20260731
KR7381570001,381570,0.45,7314250000,8605,8591.69,2021-04-02,주식,국내,실물(패시브),비과세,FnGuide 친환경에너지 지수 (시장가격),한국,에너지·원자력,일반,20260731
KR7479850000,479850,0.45,23880000000,15920,16011.69,2024-04-16,주식,국내,실물(패시브),비과세,FnGuide K-뷰티 지수,한국,기타,일반,20260731
KR7453060006,453060,0.05,12227050000,111155,111135.96,2023-03-14,기타,국내,합성(액티브),배당소득세(보유기간과세),KOFR 지수,한국,채권·금리,일반,20260731
KR7304760002,304760,0.05,18768000000,46920,45441.69,2018-08-14,주식,국내,실물(패시브),비과세,KRX 300,한국,광범위지수,일반,20260731
KR7322410002,322410,0.07,39960000000,22200,22214.23,2019-04-23,주식,국내,실물(패시브),비과세,FnGuide 고배당 알파 지수,한국,배당주,일반,20260731
KR70155N0000,0155N0,0.45,27046250000,7025,6991.03,2026-02-26,주식,국내,실물(패시브),비과세,iSelect K휴머노이드테마TOP10 지수,한국,기타,일반,20260731
KR7332940006,332940,0.12,113472000000,47280,47073.32,2019-08-28,주식,국내,실물(패시브),배당소득세(보유기간과세),MSCI Korea TR Index,한국,광범위지수,일반,20260731
KR7322400003,322400,0.45,34969000000,10285,10247.85,2019-04-23,주식,국내,실물(패시브),비과세,FnGuide E커머스 지수,한국,기타,일반,20260731
KR7473640001,473640,0.15,56490000000,28245,28563.49,2024-01-18,주식,해외,실물(패시브),배당소득세(보유기간과세),NYSE Arca Gold Miners Index (Price Return),미국,원자재·금,일반,20260731
KR7354350001,354350,0.5,10766600000,20705,20784.51,2020-05-12,주식,해외,합성(패시브),배당소득세(보유기간과세),S&P Global Luxury Index,글로벌,기타,일반,20260731
KR7461340002,461340,0.6,45980000000,41800,40758.67,2023-07-11,주식,해외,실물(액티브),배당소득세(보유기간과세),Solactive United States Technology 100 Index(Price Return),미국,AI·테크,일반,20260731
KR7401590005,401590,0.5,5796150000,11365,11406.7,2021-09-30,기타,해외,합성(패시브),배당소득세(보유기간과세),ICE Global Carbon Futures Index(Excess Return),글로벌,기타,일반,20260731
KR70040S0004,0040S0,0.6,60840000000,23400,22887.77,2025-04-22,주식,해외,실물(액티브),배당소득세(보유기간과세),Solactive Physical AI Index,기타,AI·테크,일반,20260731
KR7314700006,314700,0.5,5645750000,10265,10314.64,2018-12-21,주식,국내,실물(패시브),비과세,FnGuide 농업융복합산업 지수(시장가격),한국,소비재,일반,20260731
KR7486830003,486830,0.04,125398600000,53135,53141.38,2024-07-16,채권,국내,실물(액티브),배당소득세(보유기간과세),KIS-NH Amundi MMF지수,한국,채권·금리,일반,20260731
KR70215T0002,0215T0,0.45,8290000000,8290,7789.26,2026-07-14,주식,해외,실물(패시브),배당소득세(보유기간과세),Indxx US AI Optical Communication TOP10 Index(PR),미국,AI·테크,일반,20260731
KR70181B0002,0181B0,0.45,138187000000,10390,9766.02,2026-05-12,주식,해외,실물(패시브),배당소득세(보유기간과세),Solactive US AI Memory Semiconductor Top4+ Index,미국,반도체,일반,20260731
KR7432840007,432840,0.045,15908000000,19885,19812.67,2022-06-08,주식,해외,실물(패시브),배당소득세(보유기간과세),S&P 500,미국,광범위지수,일반,20260731
KR7498050004,498050,0.5,9730000000,9730,9715.34,2024-11-26,주식,국내,실물(액티브),배당소득세(보유기간과세),iSelect K-바이오헬스케어,한국,바이오·헬스케어,일반,20260731
KR7476260005,476260,0.45,45504000000,11520,11293.98,2024-02-27,주식,국내,실물(패시브),비과세,FnGuide 반도체 핵심공정 지수,한국,반도체,일반,20260731
KR7434730008,434730,0.45,604817500000,50825,50603.29,2022-06-28,주식,국내,실물(패시브),비과세,iSelect 원자력지수 (시장가격),한국,에너지·원자력,일반,20260731
KR70082F0008,0082F0,0.35,7661500000,10945,10921.27,2025-07-29,주식,해외,실물(패시브),배당소득세(보유기간과세),Stoxx 유럽 방산 지수,유럽,방산·우주,일반,20260731
KR7491820007,491820,0.35,138000000000,36800,36742.8,2024-09-24,주식,국내,실물(패시브),비과세,iSelect 전력설비투자 지수,한국,에너지·원자력,일반,20260731
KR7461500001,461500,0.02,97727680000,105310,105240.0,2023-10-26,채권,국내,실물(액티브),배당소득세(보유기간과세),KAP 종합채권 총수익지수(AA-이상),한국,채권·금리,일반,20260731
KR70191W0005,0191W0,0.05,103289250000,100770,100738.16,2026-05-19,채권,국내,실물(액티브),배당소득세(보유기간과세),KIS 중기종합채권시장 A-이상 총수익지수,한국,채권·금리,일반,20260731
KR70111J0009,0111J0,0.07,60835000000,13225,13263.87,2025-10-28,주식,국내,실물(패시브),비과세,FnGuide 증권 고배당 TOP3 플러스 지수,한국,금융,일반,20260731
KR7495750002,495750,0.026,78314250000,31965,31067.82,2024-11-04,주식,국내,실물(패시브),비과세,코리아 밸류업 지수,한국,배당주,일반,20260731
KR7306530007,306530,0.45,2479400000,5390,5029.81,2018-09-18,주식,국내,실물(패시브),배당소득세(보유기간과세),F-코스닥150 지수,한국,광범위지수,일반,20260731
KR7304770001,304770,0.2,17666000000,12100,12092.3,2018-08-14,주식,국내,실물(패시브),비과세,코스닥 150,한국,광범위지수,일반,20260731
KR7375760006,375760,0.2,21550500000,23945,23296.39,2021-02-05,주식,국내,실물(패시브),비과세,KRX/S&P 탄소효율 그린뉴딜지수,한국,기타,일반,20260731
KR70007N0000,0007N0,0.05,94419000000,104910,105639.1,2025-02-11,주식,국내,실물(패시브),비과세,코스피 200,한국,광범위지수,일반,20260731
KR7491510004,491510,0.405,15421500000,17135,17213.23,2024-09-24,주식,국내,실물(액티브),배당소득세(보유기간과세),FnGuide K-주주가치 지수,한국,배당주,일반,20260731
KR7140950007,140950,0.155,46471600000,82985,82825.78,2011-05-03,주식,국내,실물(패시브),비과세,코스피 100,한국,광범위지수,일반,20260731
KR7152870002,152870,0.145,141534000000,104840,106122.2,2012-02-13,주식,국내,실물(패시브),비과세,코스피 200,한국,광범위지수,일반,20260731
KR7192720001,192720,0.23,29143950000,57145,57004.91,2014-02-20,주식,국내,실물(패시브),비과세,코스피 200 고배당지수,한국,배당주,일반,20260731
KR7498180009,498180,0.036,115216640000,93520,93491.84,2024-11-26,채권,국내,실물(액티브),배당소득세(보유기간과세),"KIS 한국종합채권지수(AA-이상, 총수익)",한국,채권·금리,일반,20260731
KR7486240005,486240,0.36,83680000000,26150,26159.55,2024-06-18,주식,국내,실물(액티브),배당소득세(보유기간과세),FnGuide AI반도체&인프라 지수,한국,반도체,일반,20260731
KR7434960001,434960,0.1,73524500000,105035,105755.54,2022-06-28,주식,국내,실물(패시브),비과세,코스피 200,한국,광범위지수,일반,20260731
KR70189Z0006,0189Z0,0.24,9870000000,9870,9934.72,2026-06-09,주식,국내,실물(패시브),비과세,KRX-Akros 금융 & 지주 고배당 지수,한국,금융,일반,20260731
KR70174J0003,0174J0,0.19,5202000000,8670,8680.95,2026-03-31,부동산,국내,실물(패시브),비과세(분리과세부동산ETF),KRX 프라임 오피스 리츠 지수,한국,리츠·부동산,일반,20260731
KR70053M0004,0053M0,0.685,5424750000,12055,12030.45,2025-07-22,주식,국내,실물(액티브),배당소득세(보유기간과세),코스피 200 중소형주지수,한국,광범위지수,일반,20260731
KR70220B0005,0220B0,1.0,37023000000,9030,8826.73,2026-07-14,주식,국내,실물(액티브),배당소득세(보유기간과세),코스닥,한국,광범위지수,일반,20260731
KR70214M0000,0214M0,0.62,8291750000,9755,9732.36,2026-07-28,주식,국내,실물(액티브),배당소득세(보유기간과세),KRX 헬스케어,한국,바이오·헬스케어,일반,20260731
KR7488290008,488290,0.65,14784000000,42240,42889.5,2024-08-06,주식,해외,실물(액티브),배당소득세(보유기간과세),Solactive Japan Tech Top 30 지수(PR),일본,AI·테크,일반,20260731
KR7438740003,438740,0.62,6883875000,30595,30604.87,2022-08-17,주식,국내,실물(액티브),배당소득세(보유기간과세),코스피 중형주,한국,광범위지수,일반,20260731
KR70191B0000,0191B0,0.62,5000000000,25000,24866.8,2026-05-19,주식,국내,실물(액티브),배당소득세(보유기간과세),코스닥,한국,광범위지수,일반,20260731
KR7403790009,403790,0.29,168597000000,57640,55988.07,2021-10-13,주식,국내,실물(액티브),배당소득세(보유기간과세),코스피,한국,광범위지수,일반,20260731
KR70139F0001,0139F0,0.1,977124390000,101805,101822.96,2025-12-09,채권,국내,실물(액티브),배당소득세(보유기간과세),KIS 12월 만기 자동연장금융채(AA-이상) 총수익지수,한국,금융,일반,20260731
KR7310960000,310960,0.09,338305000000,61510,60916.18,2018-11-20,주식,국내,실물(패시브),배당소득세(보유기간과세),코스피 200 TR,한국,광범위지수,일반,20260731
KR7227550001,227550,0.4,3687300000,10845,10927.61,2015-09-23,주식,국내,실물(패시브),비과세,코스피 200 산업재,한국,광범위지수,일반,20260731
KR7227560000,227560,0.4,2942400000,12260,12288.2,2015-09-23,주식,국내,실물(패시브),비과세,코스피 200 생활소비재,한국,소비재,일반,20260731
KR7102110004,102110,0.05,10289404000000,109520,105379.11,2008-04-03,주식,국내,실물(패시브),비과세,코스피 200,한국,광범위지수,일반,20260731
KR7243880002,243880,0.63,424000000000,320000,297133.88,2016-05-13,주식,국내,실물(패시브),배당소득세(보유기간과세),코스피 200 정보기술,한국,광범위지수,일반,20260731
KR7252000005,252000,0.21,9913750000,18025,18050.72,2016-09-20,주식,국내,실물(패시브),비과세,코스피 200 동일가중지수,한국,광범위지수,일반,20260731
KR7267770006,267770,0.022,199404000000,83085,79808.98,2017-04-25,주식,국내,실물(패시브),배당소득세(보유기간과세),코스피 200 선물지수,한국,광범위지수,일반,20260731
KR7252710009,252710,0.022,24499200000,87,98.1,2016-09-22,주식,국내,실물(패시브),배당소득세(보유기간과세),코스피 200 선물지수,한국,광범위지수,일반,20260731
KR7243890001,243890,0.69,3654000000,6960,6936.61,2016-05-13,주식,국내,실물(패시브),배당소득세(보유기간과세),코스피 200 에너지/화학,한국,에너지·원자력,일반,20260731
KR7315270009,315270,0.4,6235200000,19485,19498.25,2019-01-15,주식,국내,실물(패시브),비과세,코스피 200 커뮤니케이션서비스,한국,광범위지수,일반,20260731
KR7166400002,166400,0.38,11205000000,22410,22532.68,2012-10-25,주식,국내,실물(패시브),배당소득세(보유기간과세),코스피 200 커버드콜 5% OTM,한국,광범위지수,커버드콜,20260731
KR70104N0002,0104N0,0.25,210738000000,20460,20402.39,2025-09-23,주식,국내,실물(패시브),배당소득세(보유기간과세),코스피 200 타겟 7% 위클리 커버드콜 지수,한국,광범위지수,커버드콜,20260731
KR7227540002,227540,0.4,30489500000,17935,17939.21,2015-09-23,주식,국내,실물(패시브),비과세,코스피 200 헬스케어,한국,바이오·헬스케어,일반,20260731
KR7480260009,480260,0.1,439475400000,53660,53660.66,2024-04-23,채권,국내,실물(액티브),배당소득세(보유기간과세),KIS 회사채2704만기형 지수 (총수익 지수),한국,채권·금리,일반,20260731
KR70094K0007,0094K0,0.1,279996480000,99360,99374.69,2025-08-26,채권,국내,실물(액티브),배당소득세(보유기간과세),KIS 회사채 2804만기형 지수(총수익),한국,채권·금리,일반,20260731
KR7364980003,364980,0.4,575367250000,8845,8797.88,2020-10-07,주식,국내,실물(패시브),비과세,KRX 2차전지 TOP 10 지수,한국,2차전지,일반,20260731
KR7412570004,412570,0.29,129318200000,946,982.05,2021-12-15,주식,국내,실물(패시브),배당소득세(보유기간과세),KRX 2차전지 TOP 10 지수,한국,2차전지,일반,20260731
KR7462010000,462010,0.39,461601000000,4310,4281.42,2023-07-13,주식,국내,실물(패시브),비과세,FnGuide 2차전지소재 (Price Return) 지수,한국,2차전지,일반,20260731
KR7305540007,305540,0.44,788194750000,16135,16042.36,2018-09-12,주식,국내,실물(패시브),비과세,WISE 2차전지 테마 지수,한국,2차전지,일반,20260731
KR7471760009,471760,0.45,103722000000,11720,11573.41,2023-11-21,주식,국내,실물(패시브),비과세,iSelect AI반도체핵심공정지수,한국,반도체,일반,20260731
KR7365040005,365040,0.4,72828000000,34680,34514.08,2020-09-29,주식,국내,실물(액티브),배당소득세(보유기간과세),코스피,한국,광범위지수,일반,20260731
KR7364960005,364960,0.4,75876750000,6245,6209.52,2020-10-07,주식,국내,실물(패시브),비과세,KRX BBIG 지수,한국,기타,일반,20260731
KR7412560005,412560,0.59,1067950000,1643,1571.69,2021-12-15,주식,국내,실물(패시브),배당소득세(보유기간과세),KRX BBIG 지수,한국,기타,일반,20260731
KR7475630000,475630,0.009,1507124838000,1073145,1073142.86,2024-02-06,기타,국내,합성(액티브),배당소득세(보유기간과세),KIS CD 1Y 총수익지수,한국,기타,일반,20260731
KR7357870005,357870,0.03,3497308700000,57845,57842.13,2020-07-07,기타,국내,합성(패시브),배당소득세(보유기간과세),KIS CD Index(총수익),한국,기타,일반,20260731
KR7499660009,499660,0.009,498777003000,1000355,1000351.05,2024-12-17,기타,국내,합성(액티브),배당소득세(보유기간과세),KIS CD+CPI연동금리 월분배 지수,한국,채권·금리,일반,20260731
KR7400970000,400970,0.45,38032750000,7385,7422.11,2021-10-13,주식,국내,실물(패시브),비과세,FnGuide 메타버스테마 지수,한국,AI·테크,일반,20260731
KR7377990007,377990,0.5,102255000000,20050,19924.1,2021-03-05,주식,국내,실물(패시브),비과세,FnGuide 신재생에너지 지수,한국,에너지·원자력,일반,20260731
KR7417630001,417630,0.5,18632250000,17745,17572.33,2022-02-08,주식,국내,실물(패시브),비과세,KEDI 혁신기업ESG30 지수(시장가격 지수),한국,광범위지수,일반,20260731
KR7292160009,292160,0.07,23315000000,46630,46338.12,2018-03-26,주식,국내,실물(패시브),비과세,KRX 300,한국,광범위지수,일반,20260731
KR70072R0006,0072R0,0.15,1152247500000,12450,12505.22,2025-06-24,원자재,국내,실물(패시브),배당소득세(보유기간과세),KRX 금현물지수,한국,기타,일반,20260731
KR7404540007,404540,0.09,8544000000,21360,21069.74,2021-10-29,주식,국내,실물(패시브),비과세,KRX 기후변화 솔루션지수,한국,기타,일반,20260731
KR7300610003,300610,0.5,12842750000,5465,5447.69,2018-07-24,주식,국내,실물(패시브),비과세,WISE K게임 테마 지수,한국,게임·엔터,일반,20260731
KR7138530001,138530,0.15,75645600000,10995,10996.68,2011-03-10,주식,국내,실물(패시브),비과세,MKF LG그룹+ FW,한국,기타,일반,20260731
KR7445910003,445910,0.2,20005000000,20005,20012.38,2022-10-18,주식,국내,실물(패시브),비과세,MKF 배당귀족 지수(시장가격지수),한국,배당주,일반,20260731
KR7289260002,289260,0.4,16320000000,27200,26846.71,2018-02-07,주식,국내,실물(패시브),비과세,MSCI Korea Country ESG Leaders Capped Index,한국,광범위지수,일반,20260731
KR7289250003,289250,0.4,23218500000,33650,33496.65,2018-02-07,주식,국내,실물(패시브),비과세,MSCI Korea ESG Universal Index,한국,광범위지수,일반,20260731
KR7310970009,310970,0.12,4294840000000,47300,47241.29,2018-11-20,주식,국내,실물(패시브),배당소득세(보유기간과세),MSCI Korea TR Index,한국,광범위지수,일반,20260731
KR70000D0009,0000D0,0.39,62780250000,9165,9124.14,2024-12-17,혼합자산,해외,합성(패시브),배당소득세(보유기간과세),KEDI 엔비디아미국채30년타겟커버드콜혼합지수(TR),미국,개별종목,커버드콜,20260731
KR7143850006,143850,0.23,90642000000,75535,75422.57,2011-07-18,주식,해외,실물(패시브),배당소득세(보유기간과세),S&P 500 Futures Index(ER),미국,광범위지수,일반,20260731
KR7269370003,269370,0.4,12596500000,17995,18121.73,2017-05-16,주식,해외,합성(패시브),배당소득세(보유기간과세),S&P Global Infrastructure Index,글로벌,기타,일반,20260731
KR70195S0007,0195S0,0.09,1820287625000,9445,9297.83,2026-05-27,주식,국내,실물(패시브),배당소득세(보유기간과세),KRX SK하이닉스 지수,한국,개별종목,일반,20260731
KR7453950008,453950,0.49,65295750000,33485,33339.25,2023-04-04,주식,해외,실물(패시브),배당소득세(보유기간과세),FactSet TSMC 파운드리 밸류체인 지수(시장가격지수),대만,개별종목,일반,20260731
KR7364990002,364990,0.4,22295000000,4900,4867.35,2020-10-07,주식,국내,실물(패시브),비과세,KRX 게임 TOP 10 지수,한국,게임·엔터,일반,20260731
KR7139280002,139280,0.4,40420800000,12030,12099.26,2011-04-06,주식,국내,실물(패시브),비과세,코스피 200 경기방어소비재,한국,소비재,일반,20260731
KR7237440003,237440,0.18,10085000000,10085,10135.79,2016-01-27,혼합자산,국내,실물(패시브),배당소득세(보유기간과세),경기방어소비재 채권혼합 지수,한국,소비재,혼합,20260731
KR7319640009,319640,0.39,107378500000,24130,24107.78,2019-04-09,원자재,해외,실물(패시브),배당소득세(보유기간과세),S&P GSCI Gold Index(TR),글로벌,원자재·금,일반,20260731
KR70190Y0004,0190Y0,0.45,69441000000,8790,8609.74,2026-05-12,주식,해외,실물(패시브),배당소득세(보유기간과세),Akros Google Value Chain 지수 (Price Return),미국,기타,일반,20260731
KR7160580007,160580,0.83,168611000000,16370,16324.06,2012-12-17,원자재,해외,실물(패시브),배당소득세(보유기간과세),S&P GSCI Cash Copper Index,글로벌,원자재·금,일반,20260731
KR7114820004,114820,0.15,122908500000,105050,105036.02,2009-08-27,채권,국내,실물(패시브),배당소득세(보유기간과세),KTB INDEX(시장가격),한국,채권·금리,일반,20260731
KR7464310002,464310,0.49,119363250000,14295,14142.49,2023-08-17,주식,해외,실물(패시브),배당소득세(보유기간과세),Indxx Global Robotics & Artificial Intelligence Thematic Index(PR),글로벌,AI·테크,일반,20260731
KR7418670006,418670,0.49,42198000000,16230,16224.34,2022-02-22,주식,해외,실물(패시브),배당소득세(보유기간과세),Indxx Cybersecurity 지수 (PR),기타,기타,일반,20260731
KR7466950003,466950,0.79,582567600000,30840,29872.8,2023-10-11,주식,해외,실물(액티브),배당소득세(보유기간과세),Indxx Artificial Intelligence and Big Data 지수(PR),기타,AI·테크,일반,20260731
KR7440340008,440340,0.55,26423500000,12290,12269.94,2022-08-30,혼합자산,해외,실물(액티브),배당소득세(보유기간과세),INDXX 멀티에셋인컴 지수(시장가격 지수),기타,배당주,일반,20260731
KR7476690003,476690,0.45,35952000000,11235,11217.07,2024-02-29,주식,해외,실물(패시브),배당소득세(보유기간과세),Indxx Global Obesity Treatment Top 2 Plus 지수 (시장가격),글로벌,바이오·헬스케어,일반,20260731
KR7480310002,480310,0.49,52497500000,19090,18736.29,2024-04-16,주식,해외,실물(패시브),배당소득세(보유기간과세),Mirae Asset Global On-Device AI 지수 (PR),글로벌,AI·테크,일반,20260731
KR7387270002,387270,0.55,29874900000,24690,24383.94,2021-05-25,주식,해외,실물(액티브),배당소득세(보유기간과세),NASDAQ 100,미국,광범위지수,일반,20260731
KR7371450008,371450,0.49,19342000000,12725,12719.79,2020-12-08,주식,해외,실물(패시브),배당소득세(보유기간과세),Indxx Global Cloud Computing Index(PR),글로벌,AI·테크,일반,20260731
KR7248270001,248270,0.4,30534900000,26785,26615.16,2016-07-01,주식,해외,합성(패시브),배당소득세(보유기간과세),S&P Global 1200 Health Care Index,글로벌,바이오·헬스케어,일반,20260731
KR7464930007,464930,0.48,118048000000,21080,21128.49,2023-08-29,주식,해외,실물(패시브),배당소득세(보유기간과세),Mirae Asset Global Innovative Bluechip Top 10 Index(PR),글로벌,기타,일반,20260731
KR7139320006,139320,0.69,38373750000,17055,17124.13,2011-04-08,원자재,해외,실물(패시브),배당소득세(보유기간과세),S&P GSCI Precious Metals Index(TR),글로벌,원자재·금,일반,20260731
KR70168K0008,0168K0,0.5,110814000000,5475,5451.87,2026-03-17,주식,국내,실물(액티브),배당소득세(보유기간과세),KRX 기술이전 바이오 지수,한국,바이오·헬스케어,일반,20260731
KR7137610002,137610,0.69,12708000000,5295,5320.5,2011-01-11,원자재,해외,실물(패시브),배당소득세(보유기간과세),S&P GSCI Agriculture Enhanced Index(ER),글로벌,소비재,일반,20260731
KR7272580002,272580,0.06,732555210000,56955,56951.79,2017-06-29,채권,국내,실물(액티브),배당소득세(보유기간과세),KIS MSB 6M PLUS 지수,한국,기타,일반,20260731
KR7157450008,157450,0.07,1308860740000,112310,112306.9,2012-05-16,채권,국내,실물(패시브),배당소득세(보유기간과세),KIS MSB 6M(총수익),한국,기타,일반,20260731
KR7105010003,105010,0.49,9303000000,6645,6656.13,2008-08-27,주식,해외,실물(패시브),배당소득세(해외주식투자전용ETF),BNY Latin America 35 ADR,기타,기타,일반,20260731
KR7123320004,123320,0.022,247951500000,107805,104855.75,2010-04-09,주식,국내,실물(패시브),배당소득세(보유기간과세),코스피 200,한국,광범위지수,일반,20260731
KR70086B0008,0086B0,0.06,49234000000,9560,9530.54,2025-07-29,부동산,국내,실물(액티브),배당소득세(분리과세부동산ETF),KEDI 리츠부동산인프라TOP10지수 (Price Return),한국,리츠·부동산,일반,20260731
KR7341850006,341850,0.22,9120000000,4560,4534.95,2020-05-22,혼합자산,국내,실물(패시브),배당소득세(분리과세부동산ETF),KIS 리츠부동산인프라채권PR 지수,한국,리츠·부동산,일반,20260731
KR7329200000,329200,0.08,1501208500000,4015,4016.27,2019-07-19,부동산,국내,실물(패시브),비과세,FnGuide 리츠부동산인프라,한국,리츠·부동산,일반,20260731
KR70086C0007,0086C0,0.15,17176250000,9815,9819.67,2025-07-29,혼합자산,국내,실물(액티브),배당소득세(보유기간과세),KEDI 리츠부동산인프라TOP10채권혼합지수 (Price Return),한국,리츠·부동산,혼합,20260731
KR70043B0000,0043B0,0.04,3080520000000,103200,103206.18,2025-04-22,채권,국내,실물(액티브),배당소득세(보유기간과세),KIS-미래에셋 MMF지수,한국,채권·금리,일반,20260731
KR7147970008,147970,0.23,35803200000,74590,74617.81,2011-10-26,주식,국내,실물(패시브),비과세,FnGuide 모멘텀 지수,한국,기타,일반,20260731
KR7458250008,458250,0.15,397416000000,34800,34828.18,2023-05-31,채권,해외,합성(액티브),배당소득세(보유기간과세),ICE BofA Long US Treasury Principal STRIPS Index,미국,채권·금리,일반,20260731
KR70142D0008,0142D0,0.49,85871000000,9985,9474.97,2025-12-09,주식,해외,실물(패시브),배당소득세(보유기간과세),Akros U.S. AI Data Center TOP4 Plus 지수(PR),미국,AI·테크,일반,20260731
KR7491830006,491830,0.49,38799000000,21555,20804.29,2024-09-24,주식,해외,실물(패시브),배당소득세(보유기간과세),Mirae Asset US AI Fabless 지수(PR),미국,AI·테크,일반,20260731
KR7490090008,490090,0.3,208025000000,15700,15614.88,2024-08-27,주식,해외,실물(패시브),배당소득세(보유기간과세),KEDI 미국AI빅테크10 지수(PR),미국,AI·테크,일반,20260731
KR7493810006,493810,0.25,240555000000,11455,11393.98,2024-10-15,주식,해외,실물(패시브),배당소득세(보유기간과세),KEDI 미국AI빅테크10+15%데일리프리미엄 지수(TR),미국,AI·테크,일반,20260731
KR70102A0009,0102A0,0.49,64629000000,7515,7484.25,2025-09-09,주식,해외,실물(패시브),배당소득세(보유기간과세),Akros U.S. AI Software TOP4 Plus 지수 (Price Return),미국,AI·테크,일반,20260731
KR70123G0008,0123G0,0.49,128345000000,6650,6514.46,2025-11-04,주식,해외,실물(패시브),배당소득세(보유기간과세),Akros U.S. AI Electricity SMR Index 지수(PR),미국,AI·테크,일반,20260731
KR7488500000,488500,0.2,115878000000,13020,12965.26,2024-07-23,주식,해외,실물(패시브),배당소득세(보유기간과세),S&P 500 Equal Weight Index(PR),미국,광범위지수,일반,20260731
KR7429000003,429000,0.25,186260000000,13900,13826.61,2022-05-17,주식,해외,실물(패시브),배당소득세(보유기간과세),S&P 500 Dividend Aristocrats 지수 (Price Return),미국,배당주,일반,20260731
KR7360750004,360750,0.006,19749480000000,26545,26354.11,2020-08-07,주식,해외,실물(패시브),배당소득세(보유기간과세),S&P 500,미국,광범위지수,일반,20260731
KR7448290007,448290,0.07,444514500000,17330,17242.95,2022-11-25,주식,해외,실물(패시브),배당소득세(보유기간과세),S&P 500,미국,광범위지수,일반,20260731
KR7418660007,418660,0.25,557830000000,39845,39089.83,2022-02-22,주식,해외,합성(패시브),배당소득세(보유기간과세),NASDAQ 100,미국,광범위지수,일반,20260731
KR7133690008,133690,0.7,11019409500000,179850,177885.13,2010-10-18,주식,해외,실물(패시브),배당소득세(해외주식투자전용ETF),NASDAQ 100,미국,광범위지수,일반,20260731
KR7448300004,448300,0.006,350207000000,22165,21893.1,2022-11-25,주식,해외,실물(패시브),배당소득세(보유기간과세),NASDAQ 100,미국,광범위지수,일반,20260731
KR7435420005,435420,0.25,471912000000,14045,13916.91,2022-07-06,혼합자산,국내&해외,실물(패시브),배당소득세(보유기간과세),FnGuide 나스닥100채권혼합50 지수(총수익 지수),미국,채권·금리,혼합,20260731
KR7441680006,441680,0.37,294712000000,10835,10796.98,2022-09-22,주식,해외,합성(패시브),배당소득세(보유기간과세),Cboe Nasdaq-100 BuyWrite V2 지수 (Total Return),미국,기타,일반,20260731
KR7429010002,429010,0.49,10065000000,20130,19785.19,2022-05-17,주식,해외,실물(패시브),배당소득세(보유기간과세),Nasdaq Next Generation 100 지수 (Price Return),미국,기타,일반,20260731
KR7245340005,245340,0.35,146770200000,36510,36339.45,2016-07-01,주식,해외,실물(패시브),배당소득세(해외주식투자전용ETF),Dow Jones Industrial Average,미국,기타,일반,20260731
KR7456610005,456610,0.05,699841000000,61660,61627.64,2023-05-09,기타,해외,합성(액티브),배당소득세(보유기간과세),Solactive SOFR Daily Total Return Index,미국,채권·금리,일반,20260731
KR7329750004,329750,0.3,648637400000,13460,13436.56,2019-07-24,채권,해외,실물(액티브),배당소득세(보유기간과세),KIS U.S. TREASURY BOND 0-1Y 지수(총수익),미국,채권·금리,일반,20260731
KR7261110001,261110,0.05,8510000000,17020,17076.08,2016-12-27,통화,국내,실물(패시브),배당소득세(보유기간과세),미국달러선물지수,한국,기타,일반,20260731
KR7261120000,261120,0.05,41664000000,4960,4950.71,2016-12-27,통화,국내,실물(패시브),배당소득세(보유기간과세),미국달러선물지수,한국,기타,일반,20260731
KR7494840002,494840,0.45,48830250000,13755,13698.83,2024-10-29,주식,해외,실물(패시브),배당소득세(보유기간과세),Mirae Asset US Defense Top 10 Index(PR),미국,방산·우주,일반,20260731
KR7458730009,458730,0.01,4121847000000,15165,15125.42,2023-06-20,주식,해외,실물(패시브),배당소득세(보유기간과세),Dow Jones U.S. Dividend 100 Price Return Index,미국,배당주,일반,20260731
KR70008S0004,0008S0,0.25,269637500000,10175,10150.94,2025-01-21,주식,해외,실물(패시브),배당소득세(보유기간과세),Dow Jones U.S. Dividend 100 10% Daily Premium Covered Call 지수,미국,배당주,커버드콜,20260731
KR70015K0003,0015K0,0.79,4923200000,7240,7158.72,2025-02-18,주식,해외,실물(액티브),배당소득세(보유기간과세),Mirae Asset US Consumer Trend 지수 (PR),미국,소비재,일반,20260731
KR70183J0002,0183J0,0.49,1010505000000,6900,6758.6,2026-04-14,주식,해외,실물(패시브),배당소득세(보유기간과세),Akros U.S. Space Tech 지수(PR),미국,AI·테크,일반,20260731
KR7305080004,305080,0.25,227777500000,12725,12734.66,2018-08-30,채권,해외,실물(패시브),배당소득세(보유기간과세),S&P 10-Year U.S. Treasury Note Futures(ER),미국,채권·금리,일반,20260731
KR70046A0008,0046A0,0.09,341205900000,9870,9882.23,2025-04-29,채권,해외,실물(패시브),배당소득세(보유기간과세),ICE 0-3 Month US Treasury Securities 지수,미국,채권·금리,일반,20260731
KR7465670008,465670,0.25,13208000000,16510,16468.73,2023-09-19,주식,해외,실물(패시브),배당소득세(보유기간과세),Global X U.S. Cash Flow Kings 100 Index(PR),미국,기타,일반,20260731
KR70223R0004,0223R0,0.79,27284400000,9540,9148.75,2026-07-21,주식,해외,실물(액티브),배당소득세(보유기간과세),NYSE 100 지수(Price Return),미국,기타,일반,20260731
KR7381170000,381170,0.49,3727407250000,30515,30315.94,2021-04-09,주식,해외,실물(패시브),배당소득세(보유기간과세),Indxx US Tech Top 10 Index,미국,AI·테크,일반,20260731
KR7472160001,472160,0.49,228901750000,18095,17903.46,2023-12-05,주식,해외,실물(패시브),배당소득세(보유기간과세),Indxx US Tech Top 10 Index,미국,AI·테크,일반,20260731
KR7472170000,472170,0.25,329368500000,13810,13755.22,2023-12-05,혼합자산,국내&해외,실물(패시브),배당소득세(보유기간과세),FnGuide 미국테크TOP10 채권혼합지수,미국,AI·테크,혼합,20260731
KR7458260007,458260,0.14,238093040000,46430,46332.65,2023-05-31,채권,해외,실물(액티브),배당소득세(보유기간과세),iBoxx USD Liquid Investment Grade Index(Price Return),기타,기타,일반,20260731
KR7497570002,497570,0.49,1154737500000,21995,21312.37,2024-11-26,주식,해외,실물(패시브),배당소득세(보유기간과세),PHLX US AI Semiconductor 지수 (PR),미국,반도체,일반,20260731
KR7381180009,381180,0.49,5892750000000,43650,42138.67,2021-04-09,주식,해외,실물(패시브),배당소득세(보유기간과세),PHLX Semiconductor Sector Index,미국,반도체,일반,20260731
KR7228810008,228810,0.44,75295350000,3165,3154.28,2015-10-07,주식,국내,실물(패시브),비과세,WISE 미디어컨텐츠 지수,한국,게임·엔터,일반,20260731
KR7364970004,364970,0.4,268511250000,6755,6767.48,2020-10-07,주식,국내,실물(패시브),비과세,KRX 바이오 TOP 10 지수,한국,바이오·헬스케어,일반,20260731
KR7091230003,091230,0.46,1339196000000,127300,125578.55,2006-06-27,주식,국내,실물(패시브),비과세,KRX 반도체,한국,반도체,일반,20260731
KR7488080003,488080,0.49,412073750000,32575,31407.08,2024-07-23,주식,국내,실물(패시브),배당소득세(보유기간과세),FnGuide 반도체TOP10 지수,한국,반도체,일반,20260731
KR7396500001,396500,0.45,9061650500000,34370,33851.68,2021-08-10,주식,국내,실물(패시브),비과세,FnGuide 반도체TOP10 지수,한국,반도체,일반,20260731
KR70177R0000,0177R0,0.45,729868500000,10845,10688.56,2026-04-21,주식,국내,실물(액티브),배당소득세(보유기간과세),FnGuide 반도체 TOP10 Capped 지수(Price Return),한국,반도체,일반,20260731
KR7138520002,138520,0.113,139380000000,34500,34388.81,2011-03-07,주식,국내,실물(패시브),비과세,MKF SAMs FW,한국,기타,일반,20260731
KR70195R0008,0195R0,0.09,1070685000000,11550,11077.68,2026-05-27,주식,국내,실물(패시브),배당소득세(보유기간과세),KRX 삼성전자 지수,한국,개별종목,일반,20260731
KR7157490004,157490,0.4,79344000000,8265,8242.09,2012-05-16,주식,국내,실물(패시브),비과세,FnGuide 소프트웨어 지수,한국,AI·테크,일반,20260731
KR7228800009,228800,0.5,64410450000,2465,2483.59,2015-10-07,주식,국내,실물(패시브),비과세,WISE 여행레저 지수,한국,기타,일반,20260731
KR7227570009,227570,0.35,7133400000,19815,19783.63,2015-09-23,주식,국내,실물(패시브),비과세,FnGuide 퀄리티밸류 지수,한국,광범위지수,일반,20260731
KR7261140008,261140,0.29,32984000000,23560,23573.82,2017-01-06,주식,국내,실물(패시브),비과세,코스피 우선주 지수,한국,광범위지수,일반,20260731
KR7130680002,130680,0.69,14696000000,6680,6677.39,2010-08-02,원자재,해외,실물(패시브),배당소득세(보유기간과세),S&P GSCI Crude Oil Enhanced Index ER,글로벌,에너지·원자력,일반,20260731
KR7245350004,245350,0.35,31840000000,19900,19734.74,2016-07-01,주식,해외,실물(패시브),배당소득세(해외주식투자전용ETF),Euro STOXX Select Dividend 30,유럽,배당주,일반,20260731
KR70189B0004,0189B0,0.3,37900250000,7505,7547.97,2026-04-28,원자재,해외,실물(액티브),배당소득세(보유기간과세),ICE Silver Spot 지수 (시장가격),기타,원자재·금,일반,20260731
KR7091220004,091220,0.46,21384000000,16200,16248.19,2006-06-27,주식,국내,실물(패시브),비과세,KRX 은행,한국,금융,일반,20260731
KR7466940004,466940,0.3,770822000000,25780,25758.17,2023-10-17,주식,국내,실물(패시브),비과세,FnGuide 은행고배당플러스TOP10 지수(시장가격 지수),한국,금융,일반,20260731
KR7307510008,307510,0.5,6015000000,12030,11997.78,2018-11-08,주식,국내,실물(패시브),비과세,FnGuide 의료기기 지수,한국,바이오·헬스케어,일반,20260731
KR7453870008,453870,0.19,304767500000,12070,12132.38,2023-04-14,주식,해외,실물(패시브),배당소득세(보유기간과세),Nifty 50 Index,인도,광범위지수,일반,20260731
KR7236350005,236350,0.58,19037100000,30705,30806.92,2016-05-13,주식,해외,합성(패시브),배당소득세(보유기간과세),Nifty 50 Index,인도,광범위지수,일반,20260731
KR7479730004,479730,0.49,63000000000,10500,10509.25,2024-05-14,주식,해외,실물(패시브),배당소득세(보유기간과세),Mirae Asset India Billion Consumer 지수(PR),인도,소비재,일반,20260731
KR7123310005,123310,0.022,58687700000,1153,1245.53,2010-03-29,주식,국내,실물(패시브),배당소득세(보유기간과세),코스피 200 선물지수,한국,광범위지수,일반,20260731
KR7365000009,365000,0.4,37254250000,3565,3582.01,2020-10-07,주식,국내,실물(패시브),비과세,KRX 인터넷 TOP 10 지수,한국,AI·테크,일반,20260731
KR7241180009,241180,0.29,396308500000,34825,34667.28,2016-03-31,주식,해외,실물(패시브),배당소득세(해외주식투자전용ETF),Nikkei 225,일본,기타,일반,20260731
KR7465660009,465660,0.49,36465000000,24310,24564.44,2023-09-19,주식,해외,실물(패시브),배당소득세(보유기간과세),FactSet Japan Semiconductor Index(PR),일본,반도체,일반,20260731
KR7292560000,292560,0.21,35582500000,8275,8239.33,2018-04-17,통화,국내,실물(패시브),배당소득세(보유기간과세),엔선물지수,한국,기타,일반,20260731
KR70025N0008,0025N0,0.19,752962500000,12125,11969.11,2025-03-25,혼합자산,국내&해외,실물(패시브),배당소득세(보유기간과세),S&P Korea Target Date 2045 Global Index,글로벌,자산배분·TDF,일반,20260731
KR7494670003,494670,0.35,568869500000,22135,22127.94,2024-10-22,주식,국내,실물(패시브),비과세,iSelect 조선TOP10 Index(PR),한국,조선·기계,일반,20260731
KR7150460004,150460,0.5,54102000000,7100,7092.02,2011-12-16,주식,국내,실물(패시브),비과세,FnGuide 중국내수테마 지수,한국,기타,일반,20260731
KR70192Z0001,0192Z0,0.06,162824300000,100820,100787.48,2026-05-19,채권,국내,실물(액티브),배당소득세(보유기간과세),NICE 중기종합채권(A-이상)(총수익지수),한국,채권·금리,일반,20260731
KR7302190004,302190,0.13,226542400000,50120,50099.11,2018-07-20,채권,국내,실물(패시브),배당소득세(보유기간과세),KIS 국채 3-10년 지수(시장가격지수),한국,채권·금리,일반,20260731
KR7157500000,157500,0.4,252594900000,13115,13152.11,2012-05-16,주식,국내,실물(패시브),비과세,FnGuide 증권 지수,한국,금융,일반,20260731
KR7307520007,307520,0.5,258000000000,20000,19961.18,2018-11-08,주식,국내,실물(패시브),비과세,FnGuide 지주회사 지수,한국,기타,일반,20260731
KR7117690008,117690,0.4,10312500000,20625,20866.92,2009-10-21,주식,해외,실물(패시브),배당소득세(해외주식투자전용ETF),Hang Seng China (Hong Kong-listed) 30 Index,중국,기타,일반,20260731
KR70067Y0004,0067Y0,0.49,11000000000,11000,11029.85,2025-06-17,주식,해외,실물(패시브),배당소득세(보유기간과세),"Mirae Asset China AI Software 지수 (Price Return, HKD)",중국,AI·테크,일반,20260731
KR7245360003,245360,0.29,28248000000,12840,12961.16,2016-06-16,주식,해외,실물(패시브),배당소득세(해외주식투자전용ETF),Hang Seng China H,중국,기타,일반,20260731
KR7414780007,414780,0.09,225530500000,14365,14318.9,2022-01-13,주식,해외,합성(패시브),배당소득세(보유기간과세),STAR 50 Index(Price Return),기타,기타,일반,20260731
KR70067V0007,0067V0,0.49,25752000000,10730,10701.14,2025-06-17,주식,해외,실물(패시브),배당소득세(보유기간과세),"Solactive-KEDI 차이나글로벌리더스TOP3플러스 지수 (Price Return, CNH)",글로벌,기타,일반,20260731
KR7371470006,371470,0.49,45346800000,8215,8207.78,2020-12-08,주식,해외,실물(패시브),배당소득세(보유기간과세),Solactive China Biotech Index(PR),중국,바이오·헬스케어,일반,20260731
KR7396520009,396520,0.49,581765800000,14245,13914.27,2021-08-10,주식,해외,실물(패시브),배당소득세(보유기간과세),FactSet China Semiconductor 지수(PR),중국,반도체,일반,20260731
KR7371460007,371460,0.49,809968000000,11005,11065.29,2020-12-08,주식,해외,실물(패시브),배당소득세(보유기간과세),Solactive China Electric Vehicle and Battery Index(PR),중국,2차전지,일반,20260731
KR7456680008,456680,0.58,44059900000,7430,7433.51,2023-05-09,주식,해외,합성(패시브),배당소득세(보유기간과세),Solactive China Electric Vehicle and Battery Index(PR),중국,2차전지,일반,20260731
KR70133E0008,0133E0,0.49,10424750000,9065,9067.06,2026-02-03,주식,해외,실물(패시브),배당소득세(보유기간과세),Solactive China Securities Index (Price Return),중국,기타,일반,20260731
KR7396510000,396510,0.49,14090600000,7495,7568.55,2021-08-10,주식,해외,실물(패시브),배당소득세(보유기간과세),Solactive China Clean Energy 지수(PR),중국,에너지·원자력,일반,20260731
KR70047A0007,0047A0,0.49,209880000000,13200,13180.55,2025-05-13,주식,해외,실물(패시브),배당소득세(보유기간과세),Mirae Asset China Tech Top 10 지수 (Price Return),중국,AI·테크,일반,20260731
KR7438320004,438320,0.58,25374200000,5780,5781.65,2022-08-23,주식,해외,합성(패시브),배당소득세(보유기간과세),Hang Seng TECH Index,중국,AI·테크,일반,20260731
KR7371160003,371160,0.09,628168500000,7505,7528.65,2020-12-16,주식,해외,실물(패시브),배당소득세(보유기간과세),Hang Seng TECH Index,중국,AI·테크,일반,20260731
KR70053L0005,0053L0,0.49,273125500000,10385,10297.76,2025-05-27,주식,해외,실물(패시브),배당소득세(보유기간과세),Mirae Asset China Humanoid Robot 지수(PR),중국,AI·테크,일반,20260731
KR70117V0007,0117V0,0.4,857863500000,16095,16077.92,2025-10-21,주식,국내,실물(패시브),비과세,KEDI 코리아AI전력기기TOP3플러스 지수,한국,AI·테크,일반,20260731
KR7292150000,292150,0.15,2029050000000,37575,37070.34,2018-03-30,주식,국내,실물(패시브),비과세,FnGuide TOP10 지수,한국,기타,일반,20260731
KR70104P0000,0104P0,0.25,19602000000,10890,10896.72,2025-09-23,주식,국내,실물(패시브),배당소득세(보유기간과세),KRX 다우존스 코리아 배당 30 타겟 7% 위클리 커버드콜 지수,한국,배당주,커버드콜,20260731
KR70052D0006,0052D0,0.25,339660000000,15300,15280.54,2025-05-20,주식,국내,실물(패시브),비과세,Dow Jones Korea Dividend 30 지수 (Price Return),한국,배당주,일반,20260731
KR7496080003,496080,0.008,527940000000,31425,31189.6,2024-11-04,주식,국내,실물(패시브),비과세,코리아 밸류업 지수,한국,배당주,일반,20260731
KR70091P0005,0091P0,0.5,453937500000,13450,13386.86,2025-08-19,주식,국내,실물(패시브),비과세,iSelect 코리아 원자력 지수 (Price Return),한국,에너지·원자력,일반,20260731
KR70148J0006,0148J0,0.5,521200000000,8000,7987.52,2026-01-06,주식,국내,실물(패시브),비과세,KEDI 코리아 휴머노이드로봇산업 지수 (PR),한국,AI·테크,일반,20260731
KR7233160001,233160,0.32,128512500000,5750,5669.56,2015-12-17,주식,국내,실물(패시브),배당소득세(보유기간과세),코스닥 150,한국,광범위지수,일반,20260731
KR7232080002,232080,0.19,1119409200000,12285,12300.8,2015-11-12,주식,국내,실물(패시브),비과세,코스닥 150,한국,광범위지수,일반,20260731
KR7261060008,261060,0.4,23076000000,19230,19294.91,2016-12-15,주식,국내,실물(패시브),비과세,코스닥 150 정보기술,한국,광범위지수,일반,20260731
KR7261070007,261070,0.4,49077400000,10810,10814.89,2016-12-15,주식,국내,실물(패시브),비과세,코스닥 150 헬스케어,한국,바이오·헬스케어,일반,20260731
KR7250780004,250780,0.32,6744500000,2870,2985.35,2016-08-10,주식,국내,실물(패시브),배당소득세(보유기간과세),F-코스닥150 지수,한국,광범위지수,일반,20260731
KR7461580003,461580,0.15,9520000000,13600,13578.06,2023-06-29,주식,국내,실물(패시브),비과세,코스닥 글로벌 지수,한국,광범위지수,일반,20260731
KR70204S0006,0204S0,0.5,27801800000,5780,5799.29,2026-06-02,주식,국내,실물(액티브),배당소득세(보유기간과세),코스닥,한국,광범위지수,일반,20260731
KR7277640009,277640,0.24,69245500000,37430,36272.68,2017-08-31,주식,국내,실물(패시브),비과세,코스피 대형주,한국,광범위지수,일반,20260731
KR7277650008,277650,0.24,3764000000,18820,18955.37,2017-08-31,주식,국내,실물(패시브),비과세,코스피 중형주,한국,광범위지수,일반,20260731
KR7277630000,277630,0.12,420198500000,68885,68766.4,2017-08-31,주식,국내,실물(패시브),비과세,코스피,한국,광범위지수,일반,20260731
KR7376410007,376410,0.09,21100500000,23445,23333.12,2021-02-05,주식,국내,실물(패시브),비과세,KRX/S&P 탄소효율 그린뉴딜지수,한국,기타,일반,20260731
KR7447770009,447770,0.25,434850000000,13380,13328.98,2022-11-29,혼합자산,국내&해외,실물(패시브),배당소득세(보유기간과세),FnGuide 테슬라채권혼합 지수,미국,개별종목,혼합,20260731
KR70060H0002,0060H0,0.25,384295000000,12725,12793.67,2025-06-24,주식,해외,실물(액티브),배당소득세(보유기간과세),FTSE Global All Cap Index(PR),글로벌,기타,일반,20260731
KR7387280001,387280,0.77,13572650000,10205,10212.19,2021-05-25,주식,국내,실물(액티브),배당소득세(보유기간과세),FnGuide 퓨처모빌리티 지수,한국,자동차,일반,20260731
KR7449690007,449690,0.35,35827500000,47770,47516.69,2022-12-22,주식,국내&해외,합성(패시브),배당소득세(보유기간과세),KRX CSI 한·중 반도체지수,중국,반도체,일반,20260731
KR7449680008,449680,0.35,9048250000,10645,10820.78,2022-12-22,주식,국내&해외,합성(패시브),배당소득세(보유기간과세),KRX CSI 한·중 전기차지수,중국,자동차,일반,20260731
KR7143860005,143860,0.4,139200000000,34800,34682.4,2011-07-18,주식,국내,실물(패시브),비과세,KRX 헬스케어,한국,바이오·헬스케어,일반,20260731
KR7138540000,138540,0.15,642816000000,49600,49742.53,2011-03-10,주식,국내,실물(패시브),비과세,MKF 현대차그룹+ FW,한국,개별종목,일반,20260731
KR7228790002,228790,0.5,228748800000,3680,3667.03,2015-10-07,주식,국내,실물(패시브),비과세,WISE 화장품 지수,한국,소비재,일반,20260731
KR7394670004,394670,0.49,202701400000,10945,11081.52,2021-07-20,주식,해외,합성(패시브),배당소득세(보유기간과세),Solactive Global Lithium 지수(PR),글로벌,2차전지,일반,20260731
KR7394660005,394660,0.49,105841600000,15940,15946.85,2021-07-20,주식,해외,실물(패시브),배당소득세(보유기간과세),Solactive Autonomous & Electric Vehicles 지수(PR),기타,기타,일반,20260731
KR7276000007,276000,0.4,16898000000,19880,20067.16,2017-08-01,주식,해외,합성(패시브),배당소득세(보유기간과세),MorningStar Global Upstream Resources Index(PR),글로벌,기타,일반,20260731
KR7449170000,449170,0.03,2446315355000,111485,111484.91,2022-11-30,기타,국내,합성(액티브),배당소득세(보유기간과세),KOFR 지수,한국,채권·금리,일반,20260731
KR7458750007,458750,0.39,67575000000,13250,13214.45,2023-06-20,주식,해외,실물(패시브),배당소득세(보유기간과세),DowJones U.S. Dividend 100 3% Premium Covered Call 지수 (TR),미국,배당주,커버드콜,20260731
KR7471780007,471780,0.77,241874400000,32510,32235.85,2023-11-28,주식,국내,실물(액티브),배당소득세(보유기간과세),KRX 정보기술,한국,기타,일반,20260731
KR7139260004,139260,0.4,2605192200000,130390,126560.26,2011-04-06,주식,국내,실물(패시브),비과세,코스피 200 정보기술,한국,광범위지수,일반,20260731
KR7139220008,139220,0.4,113629500000,6645,6663.62,2011-04-06,주식,국내,실물(패시브),비과세,코스피 200 건설,한국,조선·기계,일반,20260731
KR7139290001,139290,0.4,6611800000,25430,25612.26,2011-04-06,주식,국내,실물(패시브),비과세,코스피 200 경기소비재,한국,소비재,일반,20260731
KR7139270003,139270,0.4,34413600000,16545,16535.63,2011-04-06,주식,국내,실물(패시브),비과세,코스피 200 금융,한국,금융,일반,20260731
KR7139250005,139250,0.34,21583200000,15870,15909.36,2011-04-06,주식,국내,실물(패시브),비과세,코스피 200 에너지/화학,한국,에너지·원자력,일반,20260731
KR7139230007,139230,0.34,245909400000,12210,12249.12,2011-04-06,주식,국내,실물(패시브),비과세,코스피 200 중공업,한국,조선·기계,일반,20260731
KR7139240006,139240,0.34,6007800000,9690,9730.84,2011-04-06,주식,국내,실물(패시브),비과세,코스피 200 철강/소재,한국,광범위지수,일반,20260731
KR7289480006,289480,0.38,26473000000,11510,12015.05,2018-02-09,주식,국내,실물(패시브),배당소득세(보유기간과세),코스피 200 커버드콜 ATM 지수,한국,광범위지수,커버드콜,20260731
KR7228820007,228820,0.21,18170000000,18170,17925.34,2015-10-14,주식,국내,실물(패시브),비과세,KTOP 30,한국,기타,일반,20260731
KR7463250001,463250,0.45,484187500000,31750,31753.53,2023-07-25,주식,국내,실물(패시브),비과세,iSelect K방산&우주,한국,방산·우주,일반,20260731
KR7225060003,225060,0.58,16339900000,15415,15549.78,2015-07-29,주식,해외,합성(패시브),배당소득세(보유기간과세),MSCI EM Index,신흥국,광범위지수,일반,20260731
KR7182480004,182480,0.24,135850000000,14300,14300.82,2013-10-10,부동산,해외,합성(패시브),배당소득세(분리과세부동산ETF),MSCI US REIT Index,미국,리츠·부동산,일반,20260731
KR7225040005,225040,0.27,56606000000,64325,63688.51,2015-07-29,주식,해외,합성(패시브),배당소득세(보유기간과세),S&P 500,미국,광범위지수,일반,20260731
KR7225030006,225030,0.59,3927000000,2310,2311.7,2015-07-29,주식,해외,실물(패시브),배당소득세(보유기간과세),S&P 500 Futures Total Return Index,미국,광범위지수,일반,20260731
KR7451530000,451530,0.15,152253500000,35875,35990.59,2023-02-01,채권,국내,실물(액티브),배당소득세(보유기간과세),KIS STRIP 30Y Index(총수익지수),한국,기타,일반,20260731
KR7491010005,491010,0.49,638662200000,25465,25026.14,2024-09-10,주식,해외,실물(액티브),배당소득세(보유기간과세),Mirae Asset AI Infrastructure 지수(PR),기타,AI·테크,일반,20260731
KR7412770000,412770,0.79,75920050000,12385,11316.77,2021-12-22,주식,해외,실물(액티브),배당소득세(보유기간과세),Indxx Global Metaverse Index (Price Return),글로벌,기타,일반,20260731
KR7203780002,203780,0.3,98619000000,34725,34081.27,2014-08-27,주식,해외,실물(패시브),배당소득세(해외주식투자전용ETF),NASDAQ Biotechnology 지수(시장가격지수),미국,AI·테크,일반,20260731
KR7182490003,182490,0.24,8271000000,13785,13795.78,2014-03-24,채권,해외,합성(패시브),배당소득세(보유기간과세),iBoxx USD Liquid High Yield 0-5 year Index,기타,기타,일반,20260731
KR7174350009,174350,0.4,7664600000,20170,20313.97,2013-06-20,주식,국내,실물(패시브),비과세,FnGuide Low Vol 지수,한국,기타,일반,20260731
KR7275980001,275980,0.4,57830400000,22590,22690.08,2017-08-01,주식,해외,합성(패시브),배당소득세(보유기간과세),Morningstar Exponential Technologies Equal Weighted Select PR USD,기타,기타,일반,20260731
KR7476550009,476550,0.39,796683250000,6865,6849.94,2024-02-27,채권,해외,실물(액티브),배당소득세(보유기간과세),KEDI 미국채30년 위클리 커버드콜30 지수(Total Return),미국,채권·금리,커버드콜,20260731
KR7482730009,482730,0.25,631945000000,11980,11930.26,2024-05-21,주식,해외,실물(패시브),배당소득세(보유기간과세),S&P500 10% Daily Premium Covered Call Index(TR),미국,광범위지수,커버드콜,20260731
KR7486290000,486290,0.25,2243475000000,10620,10508.0,2024-06-25,주식,해외,실물(패시브),배당소득세(보유기간과세),NASDAQ 100 Daily Covered Call Target Premium 15% 지수(TR),미국,광범위지수,커버드콜,20260731
KR7458760006,458760,0.39,711348000000,11220,11189.33,2023-06-20,주식,해외,실물(패시브),배당소득세(보유기간과세),DowJones U.S. Dividend 100 7% Premium Covered Call 지수 (TR),미국,배당주,커버드콜,20260731
KR7474220001,474220,0.5,418409000000,14890,14794.16,2024-01-16,주식,해외,실물(패시브),배당소득세(보유기간과세),Bloomberg U.S. Tech Top10+10% Premium Covered Call Index,미국,AI·테크,커버드콜,20260731
KR7211560008,211560,0.115,71914500000,34245,34400.4,2014-12-17,주식,국내,실물(패시브),비과세,코스피 배당성장 50,한국,배당주,일반,20260731
KR7472150002,472150,0.5,2400389100000,20190,20098.09,2023-12-12,주식,국내,실물(액티브),배당소득세(보유기간과세),코스피 200 커버드콜 5% OTM,한국,광범위지수,커버드콜,20260731
KR7438330003,438330,0.1,539268250000,115475,115458.04,2022-08-23,채권,국내,실물(액티브),배당소득세(보유기간과세),KIS 투자등급회사채 지수(총수익),한국,채권·금리,일반,20260731
KR7217770007,217770,0.69,22141700000,1346,1343.74,2015-04-29,원자재,해외,실물(패시브),배당소득세(보유기간과세),S&P GSCI Crude Oil Index ER,글로벌,에너지·원자력,일반,20260731
KR7225050004,225050,0.58,7341750000,16315,16298.05,2015-07-29,주식,해외,합성(패시브),배당소득세(보유기간과세),EURO STOXX 50 Index,유럽,광범위지수,일반,20260731
KR7195930003,195930,0.24,37720000000,23575,23350.13,2014-04-30,주식,해외,합성(패시브),배당소득세(보유기간과세),EURO STOXX 50 Index,유럽,광범위지수,일반,20260731
KR7195920004,195920,0.24,17207500000,34415,34568.65,2014-04-30,주식,해외,합성(패시브),배당소득세(보유기간과세),TOPIX,일본,광범위지수,일반,20260731
KR7451540009,451540,0.03,1096182600000,52925,52920.15,2023-02-01,채권,국내,실물(액티브),배당소득세(보유기간과세),KIS 종합채권 AA-이상 총수익 지수(Total return Index),한국,채권·금리,일반,20260731
KR7204480008,204480,0.58,99342600000,26705,26699.2,2014-09-01,주식,해외,합성(패시브),배당소득세(보유기간과세),CSI 300 Index,중국,광범위지수,일반,20260731
KR7217780006,217780,0.58,8191750000,5285,5338.15,2015-06-10,주식,해외,합성(패시브),배당소득세(보유기간과세),CSI 300 Index,중국,광범위지수,일반,20260731
KR7192090009,192090,0.63,138030000000,12900,12879.87,2014-02-17,주식,해외,실물(패시브),배당소득세(해외주식투자전용ETF),CSI 300 Index,중국,광범위지수,일반,20260731
KR7210780003,210780,0.24,73755000000,22350,22437.79,2014-12-05,주식,국내,실물(패시브),비과세,코스피 고배당 50,한국,배당주,일반,20260731
KR7423920008,423920,0.58,619628550000,88645,82604.18,2022-04-19,주식,해외,합성(패시브),배당소득세(보유기간과세),PHLX Semiconductor Sector Index,미국,반도체,일반,20260731
KR70098Z0006,0098Z0,0.05,68317500000,91090,89900.11,2025-09-23,주식,국내,실물(패시브),비과세,코스피 200,한국,광범위지수,일반,20260731
KR70176P0003,0176P0,0.3,5885000000,11770,11513.65,2026-04-07,주식,국내,실물(패시브),배당소득세(보유기간과세),AI 반도체 위클리 고정 30% 커버드콜 지수,한국,반도체,커버드콜,20260731
KR7448570002,448570,0.455,40176000000,29760,29052.54,2022-11-15,주식,국내,실물(액티브),배당소득세(보유기간과세),코스피,한국,광범위지수,일반,20260731
KR70073X0007,0073X0,0.36,5126000000,9320,9405.44,2025-07-01,혼합자산,해외,실물(패시브),배당소득세(보유기간과세),KEDI 알리바바미국채커버드콜혼합지수(TR),미국,채권·금리,커버드콜,20260731
KR7285690004,285690,0.1,7022750000,20065,20005.68,2017-12-13,주식,국내,실물(패시브),비과세,KRX ESG Leaders 150,한국,광범위지수,일반,20260731
KR7278530001,278530,0.05,7672737000000,38810,38084.75,2017-11-21,주식,국내,실물(패시브),배당소득세(보유기간과세),코스피 200 TR,한국,광범위지수,일반,20260731
KR7226980001,226980,0.3,18193500000,20215,20141.32,2015-09-01,주식,국내,실물(패시브),비과세,코스피 200 중소형주지수,한국,광범위지수,일반,20260731
KR7337160006,337160,0.09,172605000000,46650,46226.87,2019-11-14,주식,국내,실물(패시브),비과세,코스피 200 ESG 지수,한국,광범위지수,일반,20260731
KR7363580002,363580,0.15,221428500000,51495,50852.71,2020-09-25,주식,국내,실물(패시브),배당소득세(보유기간과세),코스피200 정보기술 TR,한국,광범위지수,일반,20260731
KR7337150007,337150,0.3,14175000000,23625,23647.93,2019-11-14,주식,국내,실물(패시브),비과세,코스피 200 초대형제외 지수,한국,광범위지수,일반,20260731
KR7223190000,223190,0.3,26875000000,26875,26860.4,2015-06-26,주식,국내,실물(패시브),비과세,코스피 200 가치저변동성,한국,광범위지수,일반,20260731
KR7237350004,237350,0.15,971508000000,85220,84130.28,2016-01-27,주식,국내,실물(패시브),비과세,코스피 100,한국,광범위지수,일반,20260731
KR7252650007,252650,0.25,10329000000,17215,17240.54,2016-09-20,주식,국내,실물(패시브),비과세,코스피 200 동일가중지수,한국,광범위지수,일반,20260731
KR7360140008,360140,0.64,57464000000,26120,26600.63,2020-08-21,주식,국내,실물(패시브),배당소득세(보유기간과세),코스피200 롱 100% 코스닥150 숏 100% 선물지수,한국,광범위지수,일반,20260731
KR7284430006,284430,0.35,2094216000000,21300,21080.61,2017-11-30,혼합자산,국내&해외,실물(패시브),배당소득세(보유기간과세),코스피 200 미국채 혼합지수,미국,채권·금리,혼합,20260731
KR7252670005,252670,0.64,619059000000,82,89.8,2016-09-22,주식,국내,실물(패시브),배당소득세(보유기간과세),코스피 200 선물지수,한국,광범위지수,일반,20260731
KR7494890007,494890,0.15,1116964500000,30435,30283.35,2024-10-29,주식,국내,실물(액티브),배당소득세(보유기간과세),코스피 200,한국,광범위지수,일반,20260731
KR70219E0005,0219E0,0.5,433182000000,8395,8341.46,2026-07-14,주식,국내,실물(액티브),배당소득세(보유기간과세),코스피 200 커버드콜 5% OTM,한국,광범위지수,커버드콜,20260731
KR7498400001,498400,0.39,5509420000000,20300,20254.08,2024-12-03,주식,국내,실물(패시브),배당소득세(보유기간과세),코스피 200 타겟 15% 위클리 커버드콜 지수,한국,광범위지수,커버드콜,20260731
KR70117L0009,0117L0,0.09,981372050000,10135,10131.45,2025-10-28,채권,국내,실물(액티브),배당소득세(보유기간과세),KAP 26-12 금융채 총수익 지수(AA-이상),한국,금융,일반,20260731
KR7473290005,473290,0.09,494336700000,10855,10851.47,2023-12-12,채권,국내,실물(액티브),배당소득세(보유기간과세),KAP 26-12 회사채 총수익 지수(AA-이상),한국,채권·금리,일반,20260731
KR70007F0000,0007F0,0.09,508037750000,10175,10151.27,2025-01-14,채권,국내,실물(액티브),배당소득세(보유기간과세),KAP 27-12 회사채 총수익 지수(AA-이상),한국,채권·금리,일반,20260731
KR70119H0003,0119H0,0.09,196216800000,9880,9889.49,2025-11-04,채권,국내,실물(액티브),배당소득세(보유기간과세),KAP 28-12 회사채 총수익 지수(AA- 이상),한국,채권·금리,일반,20260731
KR7462330002,462330,0.49,535623200000,808,799.83,2023-07-04,주식,국내,실물(패시브),배당소득세(보유기간과세),FnGuide 2차전지 산업 지수,한국,2차전지,일반,20260731
KR7305720005,305720,0.45,1456211500000,12785,12710.85,2018-09-12,주식,국내,실물(패시브),비과세,FnGuide 2차전지 산업 지수,한국,2차전지,일반,20260731
KR7461950008,461950,0.39,140602000000,4235,4255.52,2023-07-04,주식,국내,실물(패시브),비과세,FnGuide 2차전지핵심소재10 지수,한국,2차전지,일반,20260731
KR7457690006,457690,0.15,23658750000,10515,10504.88,2023-05-31,채권,국내,실물(액티브),배당소득세(보유기간과세),KAP 33-06 국고채 총수익 지수,한국,채권·금리,일반,20260731
KR7271060006,271060,0.55,30675000000,8180,8185.93,2017-06-13,원자재,해외,실물(패시브),배당소득세(보유기간과세),S&P GSCI Grains Select Index ER,글로벌,기타,일반,20260731
KR7457700003,457700,0.15,12190200000,9235,9267.46,2023-05-31,채권,국내,실물(액티브),배당소득세(보유기간과세),KAP 53-09 국고채 총수익 지수,한국,채권·금리,일반,20260731
KR7395160005,395160,0.45,3814980000000,37960,37446.7,2021-07-30,주식,국내,실물(패시브),비과세,FnGuide AI반도체 TOP2+ 지수,한국,반도체,일반,20260731
KR7471990002,471990,0.39,329205000000,19365,19165.69,2023-11-21,주식,국내,실물(패시브),비과세,iSelect AI 반도체핵심장비 지수,한국,반도체,일반,20260731
KR7487240004,487240,0.39,2644992000000,30720,30657.3,2024-07-09,주식,국내,실물(패시브),비과세,iSelect AI 전력핵심설비 지수(Price Return),한국,AI·테크,일반,20260731
KR7481050003,481050,0.05,2669280357000,1021695,1021734.14,2024-04-23,기타,국내,합성(액티브),배당소득세(보유기간과세),KAP 1년은행 CD+추가금리 지수(총수익지수),한국,금융,일반,20260731
KR7459580007,459580,0.02,6737176763500,1073705,1073828.84,2023-06-08,기타,국내,합성(액티브),배당소득세(보유기간과세),KAP 양도성예금증서(CD)금리지수(총수익지수),한국,채권·금리,일반,20260731
KR7439860008,439860,0.07,352691105000,113515,113345.03,2022-08-23,채권,국내,실물(액티브),배당소득세(보유기간과세),"KAP ESG 종합채권지수(A- 이상, 총수익)",한국,채권·금리,일반,20260731
KR7266370006,266370,0.45,100312000000,62695,61910.03,2017-03-28,주식,국내,실물(패시브),비과세,KRX 정보기술,한국,기타,일반,20260731
KR7101280006,101280,0.19,49904100000,30805,30529.25,2008-02-20,주식,해외,실물(패시브),배당소득세(해외주식투자전용ETF),TOPIX100,일본,광범위지수,일반,20260731
KR7368680005,368680,0.09,6718500000,7465,7435.43,2020-11-10,주식,국내,실물(패시브),비과세,FnGuide K-뉴딜 디지털 플러스 지수,한국,AI·테크,일반,20260731
KR7423160001,423160,0.05,3620294810000,110665,110659.37,2022-04-26,기타,국내,합성(액티브),배당소득세(보유기간과세),KOFR 지수,한국,채권·금리,일반,20260731
KR7306950007,306950,0.64,58400000000,73000,74000.77,2018-10-16,주식,국내,실물(패시브),배당소득세(보유기간과세),KRX 300,한국,광범위지수,일반,20260731
KR7292190006,292190,0.05,70500000000,47000,46124.64,2018-03-26,주식,국내,실물(패시브),비과세,KRX 300,한국,광범위지수,일반,20260731
KR7229720008,229720,0.25,17815000000,35630,35517.49,2015-10-14,주식,국내,실물(패시브),비과세,KTOP 30,한국,기타,일반,20260731
KR7266360007,266360,0.45,31888000000,9965,9950.98,2017-03-28,주식,국내,실물(패시브),비과세,KRX K콘텐츠,한국,게임·엔터,일반,20260731
KR7289040008,289040,0.3,19299000000,32165,32049.54,2018-02-07,주식,국내,실물(패시브),비과세,MSCI Korea ESG Universal Capped Index,한국,광범위지수,일반,20260731
KR7156080004,156080,0.09,31215000000,52025,50355.33,2012-04-30,주식,국내,실물(패시브),비과세,MSCI Korea Index,한국,광범위지수,일반,20260731
KR7278540000,278540,0.09,2318463000000,38070,37606.53,2017-11-09,주식,국내,실물(패시브),배당소득세(보유기간과세),MSCI Korea TR Index,한국,광범위지수,일반,20260731
KR7251350005,251350,0.3,505856000000,39520,39429.06,2016-08-17,주식,해외,실물(패시브),배당소득세(해외주식투자전용ETF),MSCI World,글로벌,광범위지수,일반,20260731
KR7269420006,269420,0.26,27734610000,23385,23551.11,2017-05-16,주식,해외,합성(패시브),배당소득세(보유기간과세),S&P Global Infrastructure Index,글로벌,기타,일반,20260731
KR7291890002,291890,0.45,6017500000,12035,12007.36,2018-03-23,주식,해외,실물(패시브),배당소득세(보유기간과세),iEdge Emerging Markets Futures Index(ER),신흥국,기타,일반,20260731
KR70193T0008,0193T0,0.29,3228336375000,11055,11025.42,2026-05-27,주식,국내,실물(패시브),배당소득세(보유기간과세),KRX SK하이닉스 지수,한국,개별종목,일반,20260731
KR7329650006,329650,0.24,233805000000,14170,14172.28,2019-07-04,혼합자산,국내&해외,실물(패시브),배당소득세(보유기간과세),FnGuide TRF 3070 지수,국내+해외,기타,일반,20260731
KR7329660005,329660,0.17,84083000000,17890,17917.43,2019-07-04,혼합자산,국내&해외,실물(패시브),배당소득세(보유기간과세),FnGuide TRF 5050 지수,국내+해외,기타,일반,20260731
KR7329670004,329670,0.1,88320000000,22080,22084.13,2019-07-04,혼합자산,국내&해외,실물(패시브),배당소득세(보유기간과세),FnGuide TRF 7030 지수,국내+해외,기타,일반,20260731
KR7395170004,395170,0.15,30350000000,15175,15132.99,2021-07-30,주식,국내,실물(패시브),비과세,FnGuide TOP10 동일가중 지수,한국,기타,일반,20260731
KR7315930008,315930,0.15,1419927000000,81605,79347.67,2019-01-22,주식,국내,실물(패시브),배당소득세(보유기간과세),FnGuide TOP 5 Plus Total Return 지수,한국,기타,일반,20260731
KR7271050007,271050,0.35,138532500000,2115,2106.86,2017-06-13,원자재,해외,실물(패시브),배당소득세(보유기간과세),S&P GSCI Crude Oil Index ER,글로벌,에너지·원자력,일반,20260731
KR7261220008,261220,0.35,51983750000,22850,22833.37,2016-12-27,원자재,해외,실물(패시브),배당소득세(보유기간과세),S&P GSCI Crude Oil Index ER,글로벌,에너지·원자력,일반,20260731
KR7468380001,468380,0.15,97104300000,11265,11251.33,2023-10-19,채권,해외,실물(액티브),배당소득세(보유기간과세),ICE BofAML US HY Constrained Index(Total Return),미국,기타,일반,20260731
KR7275290005,275290,0.3,30550500000,33945,32895.61,2017-07-11,주식,국내,실물(패시브),비과세,MSCI Korea IMI Enhanced Value Capped,한국,광범위지수,일반,20260731
KR7300950003,300950,0.45,25080000000,5700,5678.66,2018-07-24,주식,국내,실물(패시브),비과세,FnGuide 게임 산업 지수,한국,게임·엔터,일반,20260731
KR7266390004,266390,0.45,12681000000,14090,14089.67,2017-03-28,주식,국내,실물(패시브),비과세,KRX 경기소비재,한국,소비재,일반,20260731
KR7279530000,279530,0.3,312949000000,17195,17142.36,2017-10-17,주식,국내,실물(패시브),비과세,FnGuide 고배당 Plus 지수,한국,배당주,일반,20260731
KR7280940008,280940,0.45,2775000000,3700,3698.21,2017-11-09,원자재,해외,실물(패시브),배당소득세(보유기간과세),S&P GSCI GOLD Index Excess Return,글로벌,원자재·금,일반,20260731
KR7132030008,132030,0.68,328328000000,22960,22940.89,2010-10-01,원자재,해외,실물(패시브),배당소득세(보유기간과세),S&P GSCI Gold Index(TR),글로벌,원자재·금,일반,20260731
KR7138910005,138910,0.68,34000000000,10000,9967.37,2011-03-15,원자재,해외,실물(패시브),배당소득세(보유기간과세),S&P GSCI North American Copper Index(TR),글로벌,원자재·금,일반,20260731
KR7471230003,471230,0.015,477437895000,104085,104047.99,2023-11-14,채권,국내,실물(액티브),배당소득세(보유기간과세),KAP 국고채 10년 지수(TR),한국,채권·금리,일반,20260731
KR7439870007,439870,0.05,429752180000,88390,88611.55,2022-08-23,채권,국내,실물(액티브),배당소득세(보유기간과세),KAP 국고채 30년 총수익 지수,한국,채권·금리,일반,20260731
KR7114260003,114260,0.15,563758650000,61775,61768.43,2009-07-29,채권,국내,실물(패시브),배당소득세(보유기간과세),MKF 국고채지수(총수익),한국,채권·금리,일반,20260731
KR7292770005,292770,0.07,26251920000,57570,57565.58,2018-04-13,채권,국내,실물(패시브),배당소득세(보유기간과세),국채선물지수,한국,채권·금리,일반,20260731
KR7276990009,276990,0.3,45630600000,25780,25624.59,2017-08-17,주식,국내&해외,합성(패시브),배당소득세(보유기간과세),ROBO Global Robotics & Automation UCITS Price Return Index,글로벌,AI·테크,일반,20260731
KR7476070008,476070,0.45,32106250000,11675,11623.79,2024-02-14,주식,해외,실물(패시브),배당소득세(보유기간과세),iSelect 글로벌 비만치료제TOP2 Plus 지수(PR),글로벌,바이오·헬스케어,일반,20260731
KR70064K0003,0064K0,0.3,148108500000,12190,12171.93,2025-06-17,원자재,해외,실물(액티브),배당소득세(보유기간과세),Bloomberg Gold Spot NY 4pm USD Index,기타,원자재·금,일반,20260731
KR70089D0003,0089D0,0.3,212842000000,13220,13230.57,2025-08-12,주식,국내,실물(패시브),비과세,코스피 200 금융 고배당 TOP 10 지수,한국,금융,일반,20260731
KR7498410000,498410,0.39,770500000000,11500,11557.65,2024-12-17,주식,국내,실물(패시브),배당소득세(보유기간과세),코스피 200 금융 고배당 TOP 10 타겟 15%분배 위클리 커버드콜 지수,한국,금융,커버드콜,20260731
KR70162M0002,0162M0,0.09,459073100000,10030,10030.44,2026-02-26,채권,국내,실물(액티브),배당소득세(보유기간과세),KAP 금융채 1-2년 총수익 지수,한국,금융,일반,20260731
KR7102960002,102960,0.45,13144000000,12400,12371.95,2008-05-29,주식,국내,실물(패시브),비과세,KRX 기계장비,한국,조선·기계,일반,20260731
KR7404260002,404260,0.09,18882000000,20980,20960.1,2021-10-29,주식,국내,실물(패시브),비과세,KRX 기후변화 솔루션지수,한국,기타,일반,20260731
KR7273140004,273140,0.15,278316225000,114675,114682.7,2017-06-29,채권,국내,실물(액티브),배당소득세(보유기간과세),KAP 단기변동금리부은행채권지수,한국,금융,일반,20260731
KR7487950008,487950,0.45,17980000000,12400,12498.46,2024-07-23,주식,해외,실물(패시브),배당소득세(보유기간과세),Dow Jones Taiwan Technology Dividend 30 Index(TWD)(PR),미국,AI·테크,일반,20260731
KR7445290000,445290,0.5,1000350000000,28500,28245.54,2022-11-15,주식,국내,실물(액티브),배당소득세(보유기간과세),iSelect K-로봇테마 지수,한국,AI·테크,일반,20260731
KR7488770009,488770,0.05,8094030945000,105105,105102.7,2024-08-06,채권,국내,실물(액티브),배당소득세(보유기간과세),KAP MMF 지수(TR),한국,채권·금리,일반,20260731
KR7337120000,337120,0.3,20139000000,33565,33407.11,2019-11-14,주식,국내,실물(패시브),비과세,FnGuide 멀티팩터 지수,한국,기타,일반,20260731
KR7401470000,401470,0.5,55020000000,9170,9214.48,2021-10-13,주식,국내,실물(액티브),배당소득세(보유기간과세),FnGuide K-메타버스 지수,한국,AI·테크,일반,20260731
KR7244620001,244620,0.3,12537000000,17910,17958.78,2016-05-13,주식,국내,실물(패시브),비과세,FnGuide 모멘텀 Plus 지수,한국,기타,일반,20260731
KR7275280006,275280,0.3,36310500000,40345,40260.04,2017-07-11,주식,국내,실물(패시브),비과세,MSCI Korea IMI Momentum Capped,한국,광범위지수,일반,20260731
KR7308620004,308620,0.09,97949000000,11945,11951.35,2018-10-19,채권,해외,실물(패시브),배당소득세(보유기간과세),S&P 10-Year U.S. Treasury Note Futures KRW(ER),미국,채권·금리,일반,20260731
KR70091C0000,0091C0,0.15,190486400000,9640,9627.75,2025-08-19,채권,해외,실물(액티브),배당소득세(보유기간과세),KAP 미국 국채 10년 지수(총수익),미국,채권·금리,일반,20260731
KR7484790001,484790,0.015,606232000000,8300,8267.73,2024-06-18,채권,해외,실물(액티브),배당소득세(보유기간과세),KEDI-KAP 미국 국채 20+ 지수(TR),미국,채권·금리,일반,20260731
KR7304670003,304670,0.3,7386000000,12310,12334.46,2018-09-12,채권,해외,실물(패시브),배당소득세(보유기간과세),S&P Ultra T-Bond Futures Index(ER),기타,채권·금리,일반,20260731
KR7304660004,304660,0.3,138035000000,7265,7293.7,2018-09-12,채권,해외,실물(패시브),배당소득세(보유기간과세),S&P Ultra T-Bond Futures Index(ER),기타,채권·금리,일반,20260731
KR7481060002,481060,0.25,774721000000,7460,7501.91,2024-04-30,채권,해외,합성(패시브),배당소득세(보유기간과세),Bloomberg U.S.Treasury 20+ Year(TLT)+ 12% Premium Covered Call index(TR),미국,채권·금리,커버드콜,20260731
KR70173Y0005,0173Y0,0.55,372186000000,10440,9975.02,2026-03-31,주식,해외,실물(패시브),배당소득세(보유기간과세),Akros 미국 AI 광통신 및 네트워크 인프라 지수(PR),미국,AI·테크,일반,20260731
KR70151S0009,0151S0,0.49,217597500000,15270,14764.12,2026-01-13,주식,해외,실물(패시브),배당소득세(보유기간과세),Akros 미국 AI 반도체 Top 3 플러스 지수 (Price Return),미국,반도체,일반,20260731
KR70041D0000,0041D0,0.45,44622000000,12060,11989.96,2025-04-22,주식,해외,실물(패시브),배당소득세(보유기간과세),iSelect 미국 AI 소프트웨어 TOP10 지수(PR),미국,AI·테크,일반,20260731
KR7487230005,487230,0.45,1564340500000,20665,20309.26,2024-07-09,주식,해외,실물(패시브),배당소득세(보유기간과세),iSelect 미국AI전력핵심인프라 지수(Price Return),미국,AI·테크,일반,20260731
KR7485540009,485540,0.3,293287500000,14850,14529.1,2024-06-25,주식,해외,실물(패시브),배당소득세(보유기간과세),KEDI 미국AI테크 TOP10 지수(PR),미국,AI·테크,일반,20260731
KR7483280004,483280,0.39,460944000000,11640,11408.06,2024-05-28,주식,해외,실물(패시브),배당소득세(보유기간과세),KEDI 미국 AI 테크 TOP10+15%프리미엄 지수(Total Return),미국,AI·테크,일반,20260731
KR7428560007,428560,0.5,13028000000,16285,16208.84,2022-05-17,주식,해외,실물(패시브),배당소득세(보유기간과세),Indxx US ETF Industry Top10 Index(Price Return),미국,기타,일반,20260731
KR7379800006,379800,0.006,9786217500000,24030,23956.62,2021-04-09,주식,해외,실물(패시브),배당소득세(보유기간과세),S&P 500,미국,광범위지수,일반,20260731
KR7453660003,453660,0.25,12225500000,17465,17344.93,2023-03-21,주식,해외,실물(패시브),배당소득세(보유기간과세),S&P Consumer Discretionary Select Sector Index(Price Return),기타,소비재,일반,20260731
KR7453650004,453650,0.25,44977500000,19990,19944.28,2023-03-21,주식,해외,실물(패시브),배당소득세(보유기간과세),S&P Financial Select Sector Index(Price Return),기타,금융,일반,20260731
KR70005A0007,0005A0,0.25,191637000000,9630,9603.85,2025-01-07,주식,해외,실물(패시브),배당소득세(보유기간과세),S&P 500 Covered Call 1% OTM Daily Index(TR),미국,광범위지수,커버드콜,20260731
KR7276970001,276970,0.3,36707000000,7810,7863.34,2017-08-10,주식,해외,합성(패시브),배당소득세(보유기간과세),S&P500 Dividend Aristocrats Covered Call(7.2% Premium) Index,미국,배당주,커버드콜,20260731
KR70026E0008,0026E0,0.39,21931750000,11855,11926.99,2025-03-25,주식,해외,실물(액티브),배당소득세(보유기간과세),S&P500 10% Buffered Index March Series (USD) TR,미국,광범위지수,일반,20260731
KR70068M0007,0068M0,0.39,10822500000,12025,11936.17,2025-06-24,주식,해외,실물(액티브),배당소득세(보유기간과세),S&P500 10% Buffered Index June Series (USD) TR,미국,광범위지수,일반,20260731
KR70089C0004,0089C0,0.39,62538750000,11475,11473.04,2025-08-12,주식,해외,실물(패시브),배당소득세(보유기간과세),Cboe S&P 500 Volatility Contingent Daily Covered Call Index(Total Retrun),미국,광범위지수,커버드콜,20260731
KR7200030005,200030,0.25,49795560000,44145,44038.65,2014-06-12,주식,해외,합성(패시브),배당소득세(보유기간과세),S&P Select Sector Industrial Index,기타,기타,일반,20260731
KR70041E0009,0041E0,0.45,135786000000,16165,16043.49,2025-04-22,주식,해외,실물(액티브),배당소득세(보유기간과세),S&P 500,미국,광범위지수,일반,20260731
KR7218420008,218420,0.25,47848650000,19570,19664.79,2015-04-28,주식,해외,합성(패시브),배당소득세(보유기간과세),S&P Select Sector Energy Index,기타,에너지·원자력,일반,20260731
KR7463640003,463640,0.25,12643750000,14875,14772.65,2023-08-01,주식,해외,실물(패시브),배당소득세(보유기간과세),S&P Utilities Select Sector Index(Price Return),기타,에너지·원자력,일반,20260731
KR7449180009,449180,0.009,960250000000,16700,16610.47,2022-12-02,주식,해외,실물(패시브),배당소득세(보유기간과세),S&P 500,미국,광범위지수,일반,20260731
KR7463690008,463690,0.25,8875000000,17750,17643.15,2023-08-01,주식,해외,실물(패시브),배당소득세(보유기간과세),S&P Communication Services Select Sector Index(Price Return),기타,기타,일반,20260731
KR7463680009,463680,0.25,117103500000,22095,21696.1,2023-08-01,주식,해외,실물(패시브),배당소득세(보유기간과세),S&P Technology Select Sector Index(Price Return),기타,AI·테크,일반,20260731
KR7453630006,453630,0.25,17442000000,12920,12896.87,2023-03-21,주식,해외,실물(패시브),배당소득세(보유기간과세),S&P Consumer Staples Select Sector Index(Price Return),기타,소비재,일반,20260731
KR7453640005,453640,0.25,60866500000,14155,14120.41,2023-03-21,주식,해외,실물(패시브),배당소득세(보유기간과세),S&P Health Care Select Sector Index(Price Return),기타,바이오·헬스케어,일반,20260731
KR70028X0003,0028X0,0.45,13748250000,11955,11922.84,2025-05-27,주식,해외,실물(액티브),배당소득세(보유기간과세),iSelect 미국 차세대 파이낸셜 테크 지수(시장가격),미국,AI·테크,일반,20260731
KR7379810005,379810,0.006,8668531250000,26875,26596.1,2021-04-09,주식,해외,실물(패시브),배당소득세(보유기간과세),NASDAQ 100,미국,광범위지수,일반,20260731
KR7494300007,494300,0.25,938095000000,9325,9197.69,2024-10-22,주식,해외,실물(패시브),배당소득세(보유기간과세),NASDAQ-100 Daily Covered Call 101 Index(TR),미국,기타,커버드콜,20260731
KR7409820008,409820,0.3,241452750000,18645,18198.16,2021-12-09,주식,해외,합성(패시브),배당소득세(보유기간과세),NASDAQ 100,미국,광범위지수,일반,20260731
KR7409810009,409810,0.3,12001500000,5715,5788.3,2021-12-09,주식,해외,실물(패시브),배당소득세(보유기간과세),NASDAQ 100,미국,광범위지수,일반,20260731
KR7304940000,304940,0.05,109742500000,31355,30983.33,2018-08-30,주식,해외,실물(패시브),배당소득세(보유기간과세),NASDAQ 100,미국,광범위지수,일반,20260731
KR7449190008,449190,0.009,567088000000,21440,21183.41,2022-12-02,주식,해외,실물(패시브),배당소득세(보유기간과세),NASDAQ 100,미국,광범위지수,일반,20260731
KR7411420003,411420,0.5,125664000000,26180,25748.51,2021-12-22,주식,해외,실물(액티브),배당소득세(보유기간과세),Nasdaq CB Insights Metaverse US Index (Price Return),미국,기타,일반,20260731
KR7455030007,455030,0.15,660617750000,12245,12227.1,2023-04-04,기타,해외,합성(액티브),배당소득세(보유기간과세),Bloomberg SOFR Daily Total Return Index,미국,채권·금리,일반,20260731
KR7261250005,261250,0.45,27467100000,16955,17016.32,2016-12-27,통화,국내,실물(패시브),배당소득세(보유기간과세),미국달러선물지수,한국,기타,일반,20260731
KR7261260004,261260,0.45,241907850000,4995,4990.85,2016-12-27,통화,국내,실물(패시브),배당소득세(보유기간과세),미국달러선물지수,한국,기타,일반,20260731
KR7261270003,261270,0.45,114333450000,7815,7820.23,2016-12-27,통화,국내,실물(패시브),배당소득세(보유기간과세),미국달러선물지수,한국,기타,일반,20260731
KR7261240006,261240,0.25,60375900000,14690,14737.66,2016-12-27,통화,국내,실물(패시브),배당소득세(보유기간과세),미국달러선물지수,한국,기타,일반,20260731
KR70144M0005,0144M0,0.49,20562750000,7215,7233.51,2025-12-23,주식,해외,실물(패시브),배당소득세(보유기간과세),iSelect 미국드론UAM TOP10 지수(Price Return),미국,기타,일반,20260731
KR7280930009,280930,0.45,24309250000,16765,16675.67,2017-11-09,주식,해외,실물(패시브),배당소득세(보유기간과세),FTSE Russell 2000 Index,미국,기타,일반,20260731
KR70048J0007,0048J0,0.05,767806560000,14240,14226.37,2025-05-13,채권,해외,실물(액티브),배당소득세(보유기간과세),KAP 미국 머니마켓 지수,미국,기타,일반,20260731
KR7390390003,390390,0.09,1294377750000,54045,52428.09,2021-06-30,주식,해외,실물(패시브),배당소득세(보유기간과세),MVIS US Listed Semiconductor 25 Index,미국,반도체,일반,20260731
KR7489250001,489250,0.009,583145000000,13075,13045.26,2024-08-13,주식,해외,실물(패시브),배당소득세(보유기간과세),Dow Jones U.S. Dividend 100 Price Return Index,미국,배당주,일반,20260731
KR7483290003,483290,0.39,171965000000,10550,10527.21,2024-05-28,주식,해외,실물(패시브),배당소득세(보유기간과세),Dow Jones U.S. Dividend 100 10% Premium Covered Call Index(Total Return),미국,배당주,커버드콜,20260731
KR7441640000,441640,0.19,1640958750000,12825,12758.8,2022-09-27,주식,해외,실물(액티브),배당소득세(보유기간과세),S&P 500,미국,광범위지수,일반,20260731
KR7352560007,352560,0.09,36844500000,12705,12640.96,2020-05-13,부동산,해외,실물(패시브),배당소득세(분리과세부동산ETF),Dow Jones U.S. Real Estate PR Index,미국,리츠·부동산,일반,20260731
KR7314250002,314250,0.45,626985600000,57840,56992.57,2019-01-10,주식,해외,실물(패시브),배당소득세(보유기간과세),NYSE U.S. Big TECH 10 INDEX,미국,AI·테크,일반,20260731
KR7473460004,473460,0.25,174073750000,22175,21749.04,2023-12-27,주식,해외,실물(패시브),배당소득세(보유기간과세),iSelect 서학개미 지수(PR),기타,기타,일반,20260731
KR70144L0006,0144L0,0.49,349087500000,9630,9513.2,2025-12-23,주식,해외,실물(액티브),배당소득세(보유기간과세),NASDAQ 100,미국,광범위지수,일반,20260731
KR7390400000,390400,0.09,7510000000,7510,7490.98,2021-06-30,주식,해외,실물(패시브),배당소득세(보유기간과세),S&P Kensho Smart Transportation,기타,기타,일반,20260731
KR70167Z0002,0167Z0,0.55,322567000000,7105,7050.11,2026-03-17,주식,해외,실물(패시브),배당소득세(보유기간과세),iSelect 미국우주항공지수(Price Return),미국,방산·우주,일반,20260731
KR70132H0006,0132H0,0.45,50700000000,8450,8333.73,2025-11-25,주식,해외,실물(패시브),배당소득세(보유기간과세),iSelect 미국원자력SMR 지수(Price Return),미국,에너지·원자력,일반,20260731
KR7437080005,437080,0.18,235467500000,97100,97116.52,2022-08-09,채권,해외,실물(액티브),배당소득세(보유기간과세),Bloomberg MSCI US Aggregate 2bn ex Securitized SRI Capped Index(Total Return),미국,광범위지수,일반,20260731
KR7419420005,419420,0.45,11370000000,9475,9289.67,2022-03-22,주식,해외,실물(패시브),배당소득세(보유기간과세),Nasdaq Clean Edge Green Energy Index (Price Return),미국,에너지·원자력,일반,20260731
KR7491090007,491090,0.3,31959000000,17755,17737.06,2024-09-10,주식,해외,실물(패시브),배당소득세(보유기간과세),KEDI 미국테크TOP3플러스 지수(Price Return),미국,AI·테크,일반,20260731
KR70038A0008,0038A0,0.45,289152000000,15060,14705.86,2025-04-15,주식,해외,실물(패시브),배당소득세(보유기간과세),iSelect 미국 휴머노이드 로봇 지수(Price Return),미국,AI·테크,일반,20260731
KR7244580007,244580,0.45,188848000000,7400,7435.01,2016-05-13,주식,국내,실물(패시브),비과세,FnGuide 바이오 지수,한국,바이오·헬스케어,일반,20260731
KR7091160002,091160,0.45,5280271000000,120830,119069.77,2006-06-27,주식,국내,실물(패시브),비과세,KRX 반도체,한국,반도체,일반,20260731
KR7494310006,494310,0.49,870240000000,72520,68796.21,2024-10-22,주식,국내,실물(패시브),배당소득세(보유기간과세),KRX 반도체,한국,반도체,일반,20260731
KR70190G0006,0190G0,0.45,162913000000,8065,8220.92,2026-05-12,주식,국내,실물(패시브),배당소득세(보유기간과세),KRX 반도체 타겟 9% 분배 위클리 커버드콜 지수,한국,반도체,커버드콜,20260731
KR70100K0009,0100K0,0.64,31584000000,5640,5679.72,2025-09-16,주식,국내,실물(패시브),배당소득세(보유기간과세),iSelect 방산 TOP10 지수(Price Return),한국,방산·우주,일반,20260731
KR70080G0009,0080G0,0.45,330240000000,9600,9630.0,2025-07-15,주식,국내,실물(패시브),비과세,iSelect 방산 TOP10 지수(Price Return),한국,방산·우주,일반,20260731
KR7325020006,325020,0.3,95188500000,28845,28713.4,2019-05-31,주식,국내,실물(패시브),비과세,FnGuide SLV 배당가치 지수,한국,배당주,일반,20260731
KR7244670006,244670,0.3,6612000000,11020,10966.14,2016-05-13,주식,국내,실물(패시브),비과세,FnGuide 벨류 Plus 지수,한국,기타,일반,20260731
KR7102780004,102780,0.25,3207361500000,24465,24357.69,2008-05-21,주식,국내,실물(패시브),비과세,삼성그룹,한국,기타,일반,20260731
KR70177N0004,0177N0,0.07,1512870000000,14340,14171.79,2026-04-07,혼합자산,국내,실물(패시브),배당소득세(보유기간과세),Wise 삼성전자 SK하이닉스 채권혼합 지수,한국,개별종목,혼합,20260731
KR70193W0003,0193W0,0.29,2107335750000,12615,12121.62,2026-05-27,주식,국내,실물(패시브),배당소득세(보유기간과세),KRX 삼성전자 지수,한국,개별종목,일반,20260731
KR7448330001,448330,0.07,1276740000000,17300,17365.03,2022-11-29,혼합자산,국내,실물(패시브),배당소득세(보유기간과세),Wise 삼성전자채권혼합 지수,한국,개별종목,혼합,20260731
KR7325010007,325010,0.3,123000000000,41000,40571.6,2019-05-31,주식,국내,실물(패시브),비과세,FnGuide 성장 지수(PR),한국,기타,일반,20260731
KR7385510003,385510,0.5,266386250000,31525,31475.66,2021-05-25,주식,국내,실물(액티브),배당소득세(보유기간과세),FnGuide K-신재생에너지 플러스 지수,한국,에너지·원자력,일반,20260731
KR7446690000,446690,0.5,26637500000,53275,54348.06,2023-02-01,주식,해외,실물(액티브),배당소득세(보유기간과세),iSelect 아시아반도체 제조동맹 지수(시장가격),기타,반도체,일반,20260731
KR7437070006,437070,0.18,38706840000,61245,61200.23,2022-08-09,채권,해외,실물(액티브),배당소득세(보유기간과세),Bloomberg MSCI EM Asia Investment Grade Credit SRI Index(Total Return),신흥국,채권·금리,일반,20260731
KR7275300002,275300,0.3,49121500000,28895,28855.8,2017-07-11,주식,국내,실물(패시브),비과세,MSCI Korea IMI Quality Capped,한국,광범위지수,일반,20260731
KR70098F0000,0098F0,0.45,228025000000,13030,13054.77,2025-09-16,주식,국내,실물(패시브),비과세,iSelect 원자력SMR 지수(Price Return),한국,에너지·원자력,일반,20260731
KR7395150006,395150,0.45,9225900000,1809,1809.19,2021-07-30,주식,국내,실물(패시브),비과세,FnGuide 웹툰&드라마 지수,한국,기타,일반,20260731
KR7456250000,456250,0.45,10729500000,9330,9372.96,2023-04-25,주식,해외,실물(패시브),배당소득세(보유기간과세),STOXX Europe Luxury 10 Index(Price Return),유럽,기타,일반,20260731
KR7400570008,400570,0.64,12267200000,11152,11178.59,2021-09-30,기타,해외,실물(패시브),배당소득세(보유기간과세),ICE EUA Carbon Futures Index(Excess Return),기타,기타,일반,20260731
KR7144600004,144600,0.68,718536000000,9555,9514.09,2011-07-18,원자재,해외,실물(패시브),배당소득세(보유기간과세),S&P GSCI Silver Index(TR),글로벌,원자재·금,일반,20260731
KR7091170001,091170,0.3,328077000000,15660,15638.4,2006-06-27,주식,국내,실물(패시브),비과세,KRX 은행,한국,금융,일반,20260731
KR7453820003,453820,0.39,16380000000,12600,12642.08,2023-04-21,주식,해외,합성(패시브),배당소득세(보유기간과세),Nifty 50 Index,인도,광범위지수,일반,20260731
KR7453810004,453810,0.19,365032500000,12270,12322.63,2023-04-21,주식,해외,실물(패시브),배당소득세(보유기간과세),Nifty 50 Index,인도,광범위지수,일반,20260731
KR70000H0005,0000H0,0.45,15645500000,10790,10836.46,2025-04-08,주식,해외,실물(패시브),배당소득세(보유기간과세),Nifty Midcap 100 Index(PR),인도,광범위지수,일반,20260731
KR7477730006,477730,0.45,28009500000,7890,7917.79,2024-05-08,주식,해외,실물(패시브),배당소득세(보유기간과세),Nifty India Corporate Group Index - Tata Group 25% Cap(PR),인도,채권·금리,일반,20260731
KR7352540009,352540,0.3,39610000000,11650,11644.83,2020-05-13,부동산,해외,실물(패시브),배당소득세(분리과세부동산ETF),Tokyo Stock Exchange REIT Index,기타,리츠·부동산,일반,20260731
KR7091180000,091180,0.45,412262500000,27950,27982.82,2006-06-27,주식,국내,실물(패시브),비과세,KRX 자동차,한국,자동차,일반,20260731
KR7385520002,385520,0.5,30660000000,14600,14686.62,2021-05-25,주식,국내,실물(액티브),배당소득세(보유기간과세),FnGuide K-미래차 지수,한국,기타,일반,20260731
KR7363570003,363570,0.045,240325740000,86980,87000.7,2020-09-25,채권,국내,실물(액티브),배당소득세(보유기간과세),"KAP 한국장기종합채권지수(AA-이상, 총수익)",한국,채권·금리,일반,20260731
KR7433970001,433970,0.2,93266250000,14025,13942.46,2022-06-30,혼합자산,국내&해외,실물(액티브),배당소득세(보유기간과세),Samsung Korea Target Date 2030 Index (Price Return),국내+해외,자산배분·TDF,일반,20260731
KR7433980000,433980,0.25,184092000000,15870,15817.05,2022-06-30,혼합자산,국내&해외,실물(액티브),배당소득세(보유기간과세),Samsung Korea Target Date 2040 Index (Price Return),국내+해외,자산배분·TDF,일반,20260731
KR7434060000,434060,0.3,616415750000,16865,16752.28,2022-06-30,혼합자산,국내&해외,실물(액티브),배당소득세(보유기간과세),Samsung Korea Target Date 2050 Index (Price Return),국내+해외,자산배분·TDF,일반,20260731
KR70082V0008,0082V0,0.3,180963750000,11275,11216.24,2025-07-22,혼합자산,국내&해외,실물(액티브),배당소득세(보유기간과세),Samsung Korea Target Date 2060 Index,국내+해외,자산배분·TDF,일반,20260731
KR70209D0008,0209D0,0.5,84881500000,6710,6687.43,2026-06-23,주식,국내,실물(패시브),비과세,Akros 한국 전고체 배터리 ESS TOP2 플러스 지수(Price Return),한국,2차전지,일반,20260731
KR70115D0001,0115D0,0.45,195483250000,7835,7829.11,2025-10-28,주식,국내,실물(패시브),비과세,KRX 조선 TOP10,한국,조선·기계,일반,20260731
KR7273130005,273130,0.045,3560723160000,110130,109979.7,2017-06-29,채권,국내,실물(액티브),배당소득세(보유기간과세),KAP 한국종합채권지수,한국,채권·금리,일반,20260731
KR70153K0005,0153K0,0.33,147415500000,11985,11983.61,2026-01-20,주식,국내,실물(패시브),비과세,Akros 주주환원 고배당 지수 (Price Return),한국,배당주,일반,20260731
KR7102970001,102970,0.45,704421000000,19090,19205.27,2008-05-29,주식,국내,실물(패시브),비과세,KRX 증권,한국,금융,일반,20260731
KR7419430004,419430,0.25,27720000000,9900,9882.14,2022-03-22,주식,해외,합성(패시브),배당소득세(보유기간과세),MSCI China all shares IMI Select Batteries Index(Price Return),중국,2차전지,일반,20260731
KR70162L0003,0162L0,0.55,85491000000,13570,13258.29,2026-02-26,주식,해외,실물(패시브),배당소득세(보유기간과세),Indxx China AI Semiconductor Top 10 Index (Price Return),중국,반도체,일반,20260731
KR7428510002,428510,0.5,52612500000,22875,22617.54,2022-05-17,주식,해외,실물(액티브),배당소득세(보유기간과세),Bloomberg China Media & Tech Index PR,중국,AI·테크,일반,20260731
KR7283580009,283580,0.12,260039000000,15665,15712.68,2017-12-13,주식,해외,실물(패시브),배당소득세(해외주식투자전용ETF),CSI 300 Index,중국,광범위지수,일반,20260731
KR7169950003,169950,0.12,21280000000,26600,26486.71,2013-01-21,주식,해외,실물(패시브),배당소득세(해외주식투자전용ETF),FTSE China A50 Index,중국,기타,일반,20260731
KR7204450001,204450,0.64,24720000000,2400,2422.21,2014-09-12,주식,해외,실물(패시브),배당소득세(보유기간과세),Hang Seng China H,중국,기타,일반,20260731
KR7099140006,099140,0.12,37133250000,22505,22450.11,2007-10-10,주식,해외,실물(패시브),배당소득세(해외주식투자전용ETF),Hang Seng China H,중국,기타,일반,20260731
KR7415340009,415340,0.09,30667050000,14815,14592.78,2022-01-13,주식,해외,합성(패시브),배당소득세(보유기간과세),STAR 50 Index(Price Return),기타,기타,일반,20260731
KR7256750001,256750,0.47,48194545000,15755,15625.01,2016-11-08,주식,해외,합성(패시브),배당소득세(보유기간과세),SZSE ChiNext Price Index,기타,기타,일반,20260731
KR70065G0008,0065G0,0.45,26852000000,9590,9660.45,2025-06-17,주식,해외,실물(패시브),배당소득세(보유기간과세),Hang Seng China Tech Top 10 Select Index (HKD) (Price Return),중국,AI·테크,일반,20260731
KR7372330001,372330,0.12,129490500000,7485,7505.63,2020-12-16,주식,해외,실물(패시브),배당소득세(보유기간과세),Hang Seng TECH Index,중국,AI·테크,일반,20260731
KR70048K0004,0048K0,0.45,151574500000,8890,8847.59,2025-05-13,주식,해외,실물(패시브),배당소득세(보유기간과세),Solactive China Humanoid Robotics Index (CNH) (Price Return),중국,AI·테크,일반,20260731
KR7279540009,279540,0.3,11454000000,19090,19479.09,2017-10-17,주식,국내,실물(패시브),비과세,KRX 최소변동성지수,한국,기타,일반,20260731
KR7445150006,445150,0.5,51461500000,27085,27169.82,2022-11-15,주식,국내,실물(액티브),배당소득세(보유기간과세),FnGuide K-친환경 선박 지수,한국,기타,일반,20260731
KR7211900006,211900,0.15,89219000000,27452,27485.18,2014-12-17,주식,국내,실물(패시브),비과세,코스피 배당성장 50,한국,배당주,일반,20260731
KR7237370002,237370,0.19,162188000000,15595,15636.22,2016-01-27,혼합자산,국내,실물(패시브),배당소득세(보유기간과세),배당성장채권혼합지수,한국,채권·금리,혼합,20260731
KR7495850000,495850,0.008,692811000000,31420,31108.2,2024-11-04,주식,국내,실물(패시브),비과세,코리아 밸류업 지수,한국,배당주,일반,20260731
KR70115E0000,0115E0,0.45,60700500000,12915,12979.42,2025-10-21,주식,국내,실물(패시브),비과세,KRX 코리아 소버린 AI 지수,한국,AI·테크,일반,20260731
KR7373490002,373490,0.5,10278000000,22840,22847.25,2020-12-24,주식,국내,실물(액티브),배당소득세(보유기간과세),FnGuide K-이노베이션 지수,한국,기타,일반,20260731
KR7229200001,229200,0.25,3921005000000,12100,12066.22,2015-10-01,주식,국내,실물(패시브),비과세,코스닥 150,한국,광범위지수,일반,20260731
KR7233740000,233740,0.64,2590686000000,5220,5136.06,2015-12-17,주식,국내,실물(패시브),배당소득세(보유기간과세),코스닥 150,한국,광범위지수,일반,20260731
KR7360150007,360150,0.64,11541500000,2815,2777.15,2020-08-21,주식,국내,실물(패시브),배당소득세(보유기간과세),코스닥150 롱 100% 코스피200 숏 100% 선물지수,한국,광범위지수,일반,20260731
KR7251340006,251340,0.64,149472000000,2880,3019.5,2016-08-10,주식,국내,실물(패시브),배당소득세(보유기간과세),F-코스닥150 지수,한국,광범위지수,일반,20260731
KR7461450009,461450,0.09,19875000000,13250,13285.42,2023-06-29,주식,국내,실물(패시브),비과세,코스닥 글로벌 지수,한국,광범위지수,일반,20260731
KR7226490001,226490,0.15,1024535000000,67850,67743.47,2015-08-24,주식,국내,실물(패시브),비과세,코스피,한국,광범위지수,일반,20260731
KR7359210002,359210,0.07,75900000000,34500,34200.06,2020-07-21,주식,국내,실물(패시브),배당소득세(보유기간과세),코스피 TR,한국,광범위지수,일반,20260731
KR7337140008,337140,0.15,78111000000,35505,35089.51,2019-11-14,주식,국내,실물(패시브),비과세,코스피 대형주,한국,광범위지수,일반,20260731
KR7138920004,138920,0.68,5915000000,11830,11822.98,2011-03-15,원자재,해외,실물(패시브),배당소득세(보유기간과세),S&P GSCI Soybeans Index(TR),글로벌,기타,일반,20260731
KR7244660007,244660,0.3,4515000000,9030,9058.91,2016-05-13,주식,국내,실물(패시브),비과세,FnGuide 퀄리티 Plus 지수,한국,기타,일반,20260731
KR7375770005,375770,0.09,42759000000,23755,23569.03,2021-02-05,주식,국내,실물(패시브),비과세,KRX/S&P 탄소효율 그린뉴딜지수,한국,기타,일반,20260731
KR7459560009,459560,0.18,33053750000,21325,21106.03,2023-06-08,주식,해외,실물(패시브),배당소득세(보유기간과세),FactSet TSLA Value Chain Index(PR),기타,기타,일반,20260731
KR7475080008,475080,0.39,287490000000,7770,7726.19,2024-01-23,혼합자산,국내&해외,실물(액티브),배당소득세(보유기간과세),KEDI 테슬라 인컴 프리미엄 밸런스드 지수(TR),미국,개별종목,일반,20260731
KR7266410000,266410,0.45,12600000000,9000,8990.51,2017-03-28,주식,국내,실물(패시브),비과세,KRX 필수소비재,한국,에너지·원자력,일반,20260731
KR7298770009,298770,0.55,83957500000,76325,76628.77,2018-06-11,주식,국내&해외,실물(패시브),배당소득세(보유기간과세),한국 대만 IT 프리미어지수,대만,AI·테크,일반,20260731
KR7476800008,476800,0.09,480150500000,4210,4237.04,2024-03-05,부동산,국내,실물(패시브),비과세(분리과세부동산ETF),KRX 부동산리츠인프라 지수,한국,리츠·부동산,일반,20260731
KR7450190004,450190,0.25,28917000000,48195,47964.55,2022-12-22,주식,국내&해외,합성(패시브),배당소득세(보유기간과세),KRX CSI 한·중 반도체지수,중국,반도체,일반,20260731
KR7450180005,450180,0.25,7156500000,11010,11122.19,2022-12-22,주식,국내&해외,합성(패시브),배당소득세(보유기간과세),KRX CSI 한·중 전기차지수,중국,자동차,일반,20260731
KR7266420009,266420,0.09,63100000000,15775,15742.88,2017-03-28,주식,국내,실물(패시브),비과세,KRX 헬스케어,한국,바이오·헬스케어,일반,20260731
KR7364690008,364690,0.3,22260000000,37100,36845.84,2020-09-29,주식,국내,실물(액티브),배당소득세(보유기간과세),코스피,한국,광범위지수,일반,20260731
KR70204D0003,0204D0,0.5,201453000000,6335,6323.52,2026-06-09,주식,국내&해외,실물(패시브),배당소득세(보유기간과세),Akros 현대차로보틱스 밸류체인 TOP3 플러스 지수 (PR),국내+해외,개별종목,일반,20260731
KR7069500007,069500,0.15,24593320000000,108820,105163.28,2002-10-14,주식,국내,실물(패시브),비과세,코스피 200,한국,광범위지수,일반,20260731
KR7321410003,321410,0.25,5317500000,10635,10657.65,2019-06-05,혼합자산,해외,실물(패시브),배당소득세(보유기간과세),Morningstar Multi-Asset High Income 10% Capped Index,기타,배당주,혼합,20260731
KR7219480001,219480,0.05,153235000000,32260,32228.14,2015-05-29,주식,해외,실물(패시브),배당소득세(보유기간과세),S&P 500 Futures Total Return Index,미국,광범위지수,일반,20260731
KR7468370002,468370,0.1,19057600000,11080,11045.91,2023-10-19,채권,해외,실물(액티브),배당소득세(보유기간과세),ICE U.S. Treasury Inflation Linked Bond Index(Total Return),미국,채권·금리,일반,20260731
KR7468630009,468630,0.1,36064350000,11235,11197.04,2023-10-19,채권,해외,실물(액티브),배당소득세(보유기간과세),iBoxx USD Liquid Investment Grade Index(Total Return),기타,기타,일반,20260731
KR7176950004,176950,0.07,37837800000,60060,60129.41,2013-05-31,채권,국내,실물(패시브),배당소득세(보유기간과세),10년국채선물지수,한국,채권·금리,일반,20260731
KR7152380002,152380,0.07,20677950000,65025,64978.62,2012-01-20,채권,국내,실물(패시브),배당소득세(보유기간과세),10년국채선물지수,한국,채권·금리,일반,20260731
KR7117700005,117700,0.45,162232500000,5575,5617.39,2009-10-30,주식,국내,실물(패시브),비과세,KRX 건설,한국,조선·기계,일반,20260731
KR7214980005,214980,0.15,1878883695000,114615,114636.37,2015-03-03,채권,국내,실물(패시브),배당소득세(보유기간과세),KRW Cash PLUS 지수(총수익),한국,기타,일반,20260731
KR7153130000,153130,0.15,851676100000,113300,113297.08,2012-02-22,채권,국내,실물(패시브),배당소득세(보유기간과세),KRW Cash 지수(총수익),한국,기타,일반,20260731
KR7122630007,122630,0.64,6013219000000,110945,105114.61,2010-02-22,주식,국내,실물(패시브),배당소득세(보유기간과세),코스피 200,한국,광범위지수,일반,20260731
KR7185680006,185680,0.25,24777900000,46575,46352.42,2013-10-31,주식,해외,합성(패시브),배당소득세(보유기간과세),S&P Biotechnology Select Industry Index,기타,AI·테크,일반,20260731
KR7140700006,140700,0.45,50800500000,18815,18794.8,2011-04-26,주식,국내,실물(패시브),비과세,KRX 보험,한국,금융,일반,20260731
KR7213610009,213610,0.09,243289000000,21530,21540.89,2015-01-08,주식,국내,실물(패시브),비과세,WISE 삼성그룹 밸류 인덱스,한국,광범위지수,일반,20260731
KR7117460006,117460,0.45,24694950000,12165,12164.36,2009-10-12,주식,국내,실물(패시브),비과세,KRX 에너지화학,한국,에너지·원자력,일반,20260731
KR7140710005,140710,0.45,11124000000,6180,6213.01,2011-04-26,주식,국내,실물(패시브),비과세,KRX 운송,한국,기타,일반,20260731
KR7114800006,114800,0.64,803746400000,1046,1105.37,2009-09-16,주식,국내,실물(패시브),배당소득세(보유기간과세),코스피 200 선물지수,한국,광범위지수,일반,20260731
KR7117680009,117680,0.45,22470000000,10700,10696.47,2009-10-30,주식,국내,실물(패시브),비과세,KRX 철강,한국,기타,일반,20260731
KR7487130007,487130,0.5,46259250000,25005,24649.61,2024-07-09,주식,국내,실물(액티브),배당소득세(보유기간과세),Solactive AI인프라 지수,한국,AI·테크,일반,20260731
KR70074K0001,0074K0,0.5,122867250000,15455,15240.02,2025-07-08,주식,국내,실물(액티브),배당소득세(보유기간과세),KEDI K수출핵심기업TOP30 지수(PR),한국,기타,일반,20260731
KR70222D0001,0222D0,0.5,11044000000,10040,10041.35,2026-07-28,주식,국내,실물(액티브),배당소득세(보유기간과세),코스피 200 고배당지수,한국,배당주,일반,20260731
KR70219B0008,0219B0,0.5,8046000000,8940,8944.35,2026-07-14,주식,국내,실물(액티브),배당소득세(보유기간과세),FnGuide 저궤도위성 & 광통신 인프라 지수,한국,기타,일반,20260731
KR7471040006,471040,0.5,265604000000,28870,27841.79,2023-11-21,주식,국내&해외,실물(액티브),배당소득세(보유기간과세),iSelect 글로벌AI&로봇PR지수,글로벌,AI·테크,일반,20260731
KR70174B0001,0174B0,0.5,117154500000,14115,13796.58,2026-04-14,주식,국내&해외,실물(액티브),배당소득세(보유기간과세),Solactive 글로벌AI메모리반도체 지수 (PR),글로벌,반도체,일반,20260731
KR70132D0000,0132D0,0.5,5021500000,9130,9132.35,2025-11-25,주식,국내&해외,실물(액티브),배당소득세(보유기간과세),KEDI 글로벌 K컬처밸류체인 지수(PR),글로벌,광범위지수,일반,20260731
KR70020H0001,0020H0,0.5,45811500000,21815,21425.43,2025-03-11,주식,국내&해외,실물(액티브),배당소득세(보유기간과세),FactSet 글로벌양자컴퓨팅 PR 지수,글로벌,AI·테크,일반,20260731
KR7475070009,475070,0.5,36018000000,30015,29562.84,2024-01-18,주식,국내&해외,실물(액티브),배당소득세(보유기간과세),Solactive 글로벌친환경전력인프라 PR지수,글로벌,에너지·원자력,일반,20260731
KR70015B0004,0015B0,0.5,638934000000,19245,18576.62,2025-02-25,주식,해외,실물(액티브),배당소득세(보유기간과세),나스닥 종합주가지수,미국,기타,일반,20260731
KR70104H0000,0104H0,0.25,150507000000,11945,11804.3,2025-09-30,혼합자산,국내&해외,실물(액티브),배당소득세(보유기간과세),FnGuide 미국나스닥 금융채권혼합 지수,미국,금융,혼합,20260731
KR70186L0005,0186L0,0.5,22654000000,9640,9407.05,2026-04-28,주식,해외,실물(액티브),배당소득세(보유기간과세),iSelect 미국로봇피지컬AI지수,미국,AI·테크,일반,20260731
KR70113G0000,0113G0,0.5,10435750000,10985,10941.87,2025-11-11,주식,해외,실물(액티브),배당소득세(보유기간과세),Solactive 미국바이오헬스케어지수 PR,미국,바이오·헬스케어,일반,20260731
KR7497780007,497780,0.5,20719500000,10905,10907.77,2024-12-10,주식,해외,실물(액티브),배당소득세(보유기간과세),Solactive 미국천연가스인프라 PR 지수,미국,에너지·원자력,일반,20260731
KR7490330008,490330,0.5,8437000000,15340,15348.47,2024-09-03,주식,해외,실물(액티브),배당소득세(보유기간과세),Solactive 미국뇌질환치료제 PR 지수,미국,기타,일반,20260731
KR7462900002,462900,0.5,322569500000,12265,12225.03,2023-08-03,주식,국내,실물(액티브),배당소득세(보유기간과세),iSelect 바이오헬스케어 PR 지수,한국,바이오·헬스케어,일반,20260731
KR7482030004,482030,0.5,7730000000,7730,7765.22,2024-05-14,주식,국내,실물(액티브),배당소득세(보유기간과세),iSelect 반도체&2차전지핵심소재 지수,한국,반도체,일반,20260731
KR7476850003,476850,0.5,99231000000,21340,20768.75,2024-02-27,주식,국내,실물(액티브),배당소득세(보유기간과세),코스피,한국,광범위지수,일반,20260731
KR70051A0000,0051A0,0.5,18071250000,24095,23330.75,2025-05-20,주식,해외,실물(액티브),배당소득세(보유기간과세),FactSet 브로드컴밸류체인 지수,기타,광범위지수,일반,20260731
KR70150K0008,0150K0,0.5,23842000000,8515,8576.87,2026-01-13,주식,국내,실물(액티브),배당소득세(보유기간과세),FnGuide 수소전력ESS인프라 지수(PR),한국,에너지·원자력,일반,20260731
KR70154H0009,0154H0,0.5,4950000000,8250,8261.69,2026-01-27,주식,해외,실물(액티브),배당소득세(보유기간과세),Solactive 차이나바이오헬스케어지수 PR,기타,바이오·헬스케어,일반,20260731
KR7495230005,495230,0.5,248663000000,29780,29697.3,2024-11-04,주식,국내,실물(액티브),배당소득세(보유기간과세),코리아 밸류업 지수,한국,배당주,일반,20260731
KR70163Y0007,0163Y0,0.5,405200000000,8000,7627.12,2026-03-10,주식,국내,실물(액티브),배당소득세(보유기간과세),코스닥,한국,광범위지수,일반,20260731
KR70193G0003,0193G0,0.5,57063000000,8270,8083.94,2026-05-19,주식,국내,실물(액티브),배당소득세(보유기간과세),코스피,한국,광범위지수,일반,20260731
KR70093D0007,0093D0,0.5,24967500000,16645,16359.89,2025-08-26,주식,국내&해외,실물(액티브),배당소득세(보유기간과세),KEDI 팔란티어밸류체인지수(PR),미국,개별종목,일반,20260731
KR7411540008,411540,0.15,24750000000,16500,16331.94,2021-12-09,주식,국내,실물(패시브),비과세,코스피 200 Top 10 지수,한국,광범위지수,일반,20260731
KR7295040000,295040,0.05,917472000000,40240,39408.18,2018-04-23,주식,국내,실물(패시브),배당소득세(보유기간과세),코스피 200 TR,한국,광범위지수,일반,20260731
KR70167B0000,0167B0,0.3,695657500000,11575,11566.01,2026-03-17,주식,국내,실물(패시브),배당소득세(보유기간과세),코스피 200 타겟 15% 위클리 커버드콜 지수,한국,광범위지수,커버드콜,20260731
KR7488980004,488980,0.05,237340680000,51980,51983.48,2024-10-08,채권,국내,실물(액티브),배당소득세(보유기간과세),"KAP 26-12 크레딧 채권지수(AA-이상, 총수익)",한국,채권·금리,일반,20260731
KR70092C0009,0092C0,0.05,228647440000,50120,50104.92,2025-08-19,채권,국내,실물(액티브),배당소득세(보유기간과세),"KAP 27-12 크레딧 채권지수(AA-이상, 총수익)",한국,채권·금리,일반,20260731
KR7455860007,455860,0.45,97443000000,4010,3994.36,2023-04-25,주식,국내,실물(패시브),비과세,FnGuide 2차전지 소부장 지수(PR),한국,2차전지,일반,20260731
KR70167A0001,0167A0,0.45,5266853500000,16495,16392.23,2026-03-17,주식,국내,실물(패시브),비과세,FnGuide AI반도체 TOP2 플러스 지수(PR),한국,반도체,일반,20260731
KR7455850008,455850,0.45,867023500000,20305,20115.27,2023-04-25,주식,국내,실물(패시브),비과세,FnGuide AI 반도체 소부장 지수,한국,반도체,일반,20260731
KR7497880005,497880,0.05,261983260000,50035,50037.35,2024-11-26,채권,국내,실물(액티브),배당소득세(보유기간과세),KAP CD&단기자금시장지수(PR),한국,채권·금리,일반,20260731
KR7363510009,363510,0.07,12425895000,111945,111927.85,2020-09-09,채권,국내,실물(패시브),배당소득세(보유기간과세),KIS 단기통안채 Index(총수익),한국,채권·금리,일반,20260731
KR7292500006,292500,0.05,24387500000,48775,47193.79,2018-03-26,주식,국내,실물(패시브),비과세,KRX 300,한국,광범위지수,일반,20260731
KR7404650004,404650,0.15,12588000000,20980,20960.77,2021-10-29,주식,국내,실물(패시브),비과세,KRX 기후변화 솔루션지수,한국,기타,일반,20260731
KR7490480001,490480,0.45,75754000000,27055,27013.38,2024-10-02,주식,국내,실물(패시브),비과세,KEDI K방산 지수(PR),한국,방산·우주,일반,20260731
KR70197W0009,0197W0,0.1,64820000000,9260,9171.05,2026-05-27,주식,국내,실물(패시브),배당소득세(보유기간과세),KRX SK하이닉스 지수,한국,개별종목,일반,20260731
KR70197X0008,0197X0,0.1,139856625000,7695,8537.91,2026-05-27,주식,국내,실물(패시브),배당소득세(보유기간과세),KRX SK하이닉스 선물 지수,한국,개별종목,일반,20260731
KR7438570004,438570,0.05,106971670000,98410,98406.14,2022-09-06,채권,국내,실물(패시브),배당소득세(보유기간과세),KAP 국고채10년지수(총수익지수),한국,채권·금리,일반,20260731
KR7474390002,474390,0.05,5489310000,40965,41097.8,2024-01-16,채권,국내,실물(액티브),배당소득세(보유기간과세),KAP 국고채30년 지수(TR),한국,채권·금리,일반,20260731
KR7438560005,438560,0.05,76266000000,100350,100407.0,2022-09-06,채권,국내,실물(패시브),배당소득세(보유기간과세),KAP 국고채3년지수(총수익지수),한국,채권·금리,일반,20260731
KR70022T0005,0022T0,0.45,66508000000,12790,12882.05,2025-03-11,원자재,해외,실물(액티브),배당소득세(보유기간과세),KEDI 골드인컴프리미엄 지수(NTR),기타,원자재·금,일반,20260731
KR70066W0007,0066W0,0.05,80242500000,12345,12442.26,2025-06-17,원자재,해외,실물(패시브),배당소득세(보유기간과세),KEDI 국제금현물 ETF 가격지수(PR),기타,기타,일반,20260731
KR7423170000,423170,0.55,269992800000,58440,57123.63,2022-04-12,주식,국내&해외,실물(액티브),배당소득세(보유기간과세),S&P Global Semiconductor Korea Tilted Index(PR),글로벌,반도체,일반,20260731
KR7400590006,400590,0.55,7142500000,14285,14397.55,2021-09-30,기타,해외,합성(패시브),배당소득세(보유기간과세),ICE Global Carbon Futures Index(Excess Return),글로벌,기타,일반,20260731
KR7484880000,484880,0.3,363623000000,21905,21910.89,2024-06-25,주식,국내,실물(패시브),비과세,FnGuide 금융지주플러스고배당 지수(PR),한국,금융,일반,20260731
KR7484890009,484890,0.05,14048560000,52420,52410.44,2024-06-25,채권,국내,실물(액티브),배당소득세(보유기간과세),KAP 시가 MMF 지수(TR),한국,채권·금리,일반,20260731
KR7461600009,461600,0.05,26444250000,8395,8377.04,2023-07-11,채권,해외,실물(액티브),배당소득세(보유기간과세),KAP 미국채 20Y+ 지수(시장가격),미국,채권·금리,일반,20260731
KR7473330009,473330,0.25,291240500000,8345,8342.41,2023-12-27,채권,해외,합성(패시브),배당소득세(보유기간과세),KEDI 미국 국채 20년+ 커버드콜 지수(NTR),미국,채권·금리,커버드콜,20260731
KR7494210008,494210,0.35,7616000000,10880,10890.68,2024-10-15,주식,해외,실물(액티브),배당소득세(보유기간과세),KEDI 미국퀄리티500+월1%프리미엄 지수(NTR),미국,기타,일반,20260731
KR7479620007,479620,0.45,91840000000,26240,25263.36,2024-04-16,주식,해외,실물(패시브),배당소득세(보유기간과세),Solactive US AI Semiconductor Chip Makers Index(PR),미국,반도체,일반,20260731
KR7481180008,481180,0.45,126839250000,14835,14809.36,2024-05-14,주식,해외,실물(패시브),배당소득세(보유기간과세),KEDI 미국 AI 소프트웨어지수(PR),미국,AI·테크,일반,20260731
KR7486450000,486450,0.45,241451000000,20290,19770.84,2024-07-16,주식,해외,실물(패시브),배당소득세(보유기간과세),KEDI 미국AI전력인프라 지수(PR),미국,AI·테크,일반,20260731
KR7433330008,433330,0.05,287040000000,22080,22032.14,2022-06-21,주식,해외,실물(패시브),배당소득세(보유기간과세),S&P 500,미국,광범위지수,일반,20260731
KR7399110006,399110,0.15,116760000000,20850,20851.36,2021-09-14,주식,해외,실물(패시브),배당소득세(보유기간과세),S&P500 Scored&Screened(PR),미국,광범위지수,일반,20260731
KR70080X0008,0080X0,0.15,71744000000,11210,11165.87,2025-07-15,혼합자산,해외,실물(패시브),배당소득세(보유기간과세),S&P 500 and iBoxx $ Treasuries 7-10Y 5050 Blend Index(USD) PR/TR Hybrid,미국,광범위지수,일반,20260731
KR7499150001,499150,0.15,5445000000,10890,10827.1,2024-12-03,주식,해외,실물(패시브),배당소득세(보유기간과세),S&P500 Yen Hedged Index(PR),미국,광범위지수,일반,20260731
KR7447620006,447620,0.25,114683000000,15710,15604.34,2022-11-29,혼합자산,국내&해외,실물(패시브),배당소득세(보유기간과세),Solactive US TOP5 Balanced50 Index(PR),미국,기타,일반,20260731
KR7476030002,476030,0.05,130241250000,17025,16858.52,2024-03-12,주식,해외,실물(패시브),배당소득세(보유기간과세),NASDAQ 100,미국,광범위지수,일반,20260731
KR70118S0001,0118S0,0.55,49476000000,10640,10218.35,2025-10-28,주식,해외,실물(액티브),배당소득세(보유기간과세),KEDI 미국넥스트테크TOP10(PR),미국,AI·테크,일반,20260731
KR7493420004,493420,0.05,27016500000,12865,12838.07,2024-10-08,주식,해외,실물(패시브),배당소득세(보유기간과세),Dow Jones U.S. Dividend 100 Index(TR),미국,배당주,일반,20260731
KR7446720005,446720,0.01,1019159000000,13885,13863.96,2022-11-15,주식,해외,실물(패시브),배당소득세(보유기간과세),Dow Jones U.S. Dividend 100 Price Return Index,미국,배당주,일반,20260731
KR7490490000,490490,0.15,467718000000,11380,11303.27,2024-09-24,혼합자산,해외,실물(패시브),배당소득세(보유기간과세),KRX 다우존스 미국배당국채 혼합지수,미국,채권·금리,혼합,20260731
KR70023A0005,0023A0,0.45,392526000000,24230,23445.16,2025-03-11,주식,해외,실물(패시브),배당소득세(보유기간과세),KEDI 미국양자컴퓨팅 TOP10(PR),미국,AI·테크,일반,20260731
KR70181L0000,0181L0,0.45,54498500000,6770,6595.53,2026-04-21,주식,해외,실물(패시브),배당소득세(보유기간과세),KEDI 미국우주항공 TOP10(PR),미국,방산·우주,일반,20260731
KR70051G0004,0051G0,0.45,164672000000,13280,13125.5,2025-05-20,주식,해외,실물(패시브),배당소득세(보유기간과세),KEDI 미국원자력 SMR 지수(PR),미국,에너지·원자력,일반,20260731
KR7481190007,481190,0.05,277547500000,16570,16457.97,2024-05-21,주식,해외,실물(패시브),배당소득세(보유기간과세),Solactive US Tech TOP 10 Custom Index(PR),미국,AI·테크,일반,20260731
KR7475300000,475300,0.45,254170000000,18155,17885.87,2024-02-14,주식,국내,실물(패시브),비과세,FnGuide 반도체 전공정 지수(PR),한국,반도체,일반,20260731
KR7475310009,475310,0.45,61820000000,22480,21959.56,2024-02-14,주식,국내,실물(패시브),비과세,FnGuide 반도체 후공정 지수(PR),한국,반도체,일반,20260731
KR70152E0004,0152E0,0.3,26876500000,10970,10971.35,2026-01-13,주식,국내,실물(액티브),배당소득세(보유기간과세),FnGuide 배당성향탑픽 지수(PR),한국,배당주,일반,20260731
KR70207G0007,0207G0,0.45,13230000000,5400,5383.76,2026-06-16,주식,국내,실물(패시브),비과세,Akros 우주항공밸류체인 지수(PR),한국,방산·우주,일반,20260731
KR7400580007,400580,0.55,5747500000,11495,11522.31,2021-09-30,기타,해외,실물(패시브),배당소득세(보유기간과세),S&P GSCI Carbon Emission Allowances(EUA)(EUR)ER,글로벌,기타,일반,20260731
KR7464610005,464610,0.45,10875000000,7250,7216.71,2023-08-22,주식,국내,실물(패시브),비과세,FnGuide 의료기기소부장지수(PR),한국,바이오·헬스케어,일반,20260731
KR7466930005,466930,0.45,216596000000,25040,25049.92,2023-10-05,주식,국내,실물(패시브),비과세,FnGuide 자동차TOP3플러스지수(PR),한국,자동차,일반,20260731
KR7464600006,464600,0.45,19760000000,20800,20777.01,2023-08-22,주식,국내,실물(패시브),비과세,FnGuide 자동차소부장지수(PR),한국,자동차,일반,20260731
KR70005D0004,0005D0,0.45,114528000000,11930,11874.31,2025-01-07,주식,국내,실물(패시브),비과세,FnGuide 전고체배터리&실리콘음극재 지수(PR),한국,2차전지,일반,20260731
KR70080Y0007,0080Y0,0.5,118293000000,9170,9140.49,2025-07-15,주식,국내,실물(패시브),배당소득세(보유기간과세),FnGuide 조선TOP3플러스지수(PR),한국,조선·기계,일반,20260731
KR7466920006,466920,0.45,1509912000000,28170,28160.94,2023-10-05,주식,국내,실물(패시브),비과세,FnGuide 조선TOP3플러스지수(PR),한국,조선·기계,일반,20260731
KR70141S0002,0141S0,0.45,53889000000,7810,7783.33,2025-12-16,주식,국내,실물(패시브),비과세,FnGuide 조선기자재 지수(PR),한국,조선·기계,일반,20260731
KR70141T0001,0141T0,0.05,41192700000,50235,50206.07,2025-12-16,채권,국내,실물(액티브),배당소득세(보유기간과세),"KAP K-중기종합채권지수(AA-이상,총수익)",한국,채권·금리,일반,20260731
KR70016X0007,0016X0,0.05,400501280000,51320,51332.17,2025-02-18,채권,국내,실물(액티브),배당소득세(보유기간과세),KIS 중단기크레딧플러스채권(AA+~A-)지수(총수익),한국,채권·금리,일반,20260731
KR7220130009,220130,0.6,5252000000,6565,6544.75,2015-06-08,주식,해외,합성(패시브),배당소득세(보유기간과세),CSI 500 지수,중국,광범위지수,일반,20260731
KR70131A0004,0131A0,0.45,5291000000,8140,8220.38,2025-11-25,주식,해외,실물(패시브),배당소득세(보유기간과세),SOLACTIVE-KEDI CHINA CONSUMER TREND INDEX(PR),중국,소비재,일반,20260731
KR7415760008,415760,0.55,18462000000,13575,13772.68,2022-01-13,주식,해외,합성(액티브),배당소득세(보유기간과세),STAR 50 Index(Price Return),기타,기타,일반,20260731
KR7413220005,413220,0.5,5574000000,4645,4645.89,2021-12-22,주식,해외,합성(패시브),배당소득세(보유기간과세),CSI Photovoltaic Industry Index(PR),중국,광범위지수,일반,20260731
KR7469830004,469830,0.05,1050566720000,54220,54218.83,2023-11-07,채권,국내,실물(액티브),배당소득세(보유기간과세),KAP 단기자금시장지수,한국,채권·금리,일반,20260731
KR70105E0002,0105E0,0.159,525874500000,12795,12718.43,2025-09-23,주식,국내,실물(패시브),비과세,FnGuide 코리아 고배당 지수(PR),한국,배당주,일반,20260731
KR7444200000,444200,0.55,499220000000,43600,43566.14,2022-10-18,주식,국내,실물(액티브),배당소득세(보유기간과세),KEDI 메가테크지수(PR),한국,AI·테크,일반,20260731
KR7495550006,495550,0.05,190816500000,32070,31797.71,2024-11-04,주식,국내,실물(패시브),배당소득세(보유기간과세),코리아 밸류업 TR 지수,한국,배당주,일반,20260731
KR7450910005,450910,0.15,29251600000,11795,11823.07,2023-01-31,주식,국내,실물(패시브),비과세,코스닥 150,한국,광범위지수,일반,20260731
KR70192T0009,0192T0,0.15,25000000000,6250,6259.86,2026-05-19,주식,국내,실물(패시브),비과세,코스닥 TOP 10 지수,한국,광범위지수,일반,20260731
KR70192S0000,0192S0,0.15,18780000000,9390,9350.11,2026-05-19,혼합자산,국내,실물(패시브),배당소득세(보유기간과세),코스피 200 KTB 혼합지수,한국,채권·금리,혼합,20260731
KR70040X0007,0040X0,0.35,170526000000,8790,8796.48,2025-04-22,혼합자산,해외,실물(패시브),배당소득세(보유기간과세),KEDI 팔란티어미국채커버드콜혼합지수(NTR),미국,개별종목,커버드콜,20260731
KR70040Y0006,0040Y0,0.35,350489000000,7780,7768.97,2025-04-22,혼합자산,국내&해외,실물(패시브),배당소득세(보유기간과세),KEDI 팔란티어커버드콜OTM 채권혼합지수(NTR),미국,개별종목,커버드콜,20260731
KR70105D0003,0105D0,0.45,16798000000,9080,9036.21,2025-09-23,주식,국내,실물(패시브),비과세,KEDI 한국AI소프트웨어 지수(PR),한국,AI·테크,일반,20260731
KR70092B0000,0092B0,0.45,102800000000,12850,12844.3,2025-08-19,주식,국내,실물(패시브),비과세,FnGuide 한국원자력 SMR 지수(PR),한국,에너지·원자력,일반,20260731
KR7429980006,429980,0.55,8467500000,16935,16737.24,2022-06-14,주식,국내&해외,실물(액티브),배당소득세(보유기간과세),FactSet Global Electric Vehicle and Rechargeable Battery Korea-Tilted Index(PR),글로벌,2차전지,일반,20260731
KR70008T0003,0008T0,0.45,66223000000,14090,14042.47,2025-01-21,주식,국내,실물(패시브),비과세,FnGuide 화장품TOP3 플러스 지수(PR),한국,소비재,일반,20260731
KR7452360001,452360,0.05,213192000000,13160,13085.55,2023-03-21,주식,해외,실물(패시브),배당소득세(보유기간과세),Dow Jones U.S. Dividend 100 Price Return Index,미국,배당주,일반,20260731
KR7436140008,436140,0.04,1323998740000,106465,106350.51,2022-08-09,채권,국내,실물(액티브),배당소득세(보유기간과세),"KAP K-종합채권지수(AA-이상, 총수익)",한국,채권·금리,일반,20260731
KR7462340001,462340,0.99,8227500000,16455,16256.71,2023-07-25,주식,해외,실물(액티브),배당소득세(보유기간과세),S&P 500,미국,광범위지수,일반,20260731
KR7433220001,433220,0.99,24738000000,29450,29103.76,2022-06-28,주식,해외,실물(액티브),배당소득세(보유기간과세),S&P 500,미국,광범위지수,일반,20260731
KR7451150007,451150,0.99,11150700000,17985,17924.93,2023-01-31,주식,해외,실물(액티브),배당소득세(보유기간과세),S&P 500,미국,광범위지수,일반,20260731
KR7477490007,477490,0.99,17248500000,19165,18984.9,2024-03-19,주식,해외,실물(액티브),배당소득세(보유기간과세),MSCI World,글로벌,광범위지수,일반,20260731
KR7407830009,407830,0.99,32352000000,13480,13312.4,2021-11-16,주식,해외,실물(액티브),배당소득세(보유기간과세),S&P 500,미국,광범위지수,일반,20260731
KR70002C0008,0002C0,0.99,10594800000,9810,9828.97,2025-02-25,주식,해외,실물(액티브),배당소득세(보유기간과세),MSCI India IMI Index(PR),인도,광범위지수,일반,20260731
KR7474920006,474920,0.99,18048000000,19200,19137.61,2024-01-16,주식,해외,실물(액티브),배당소득세(보유기간과세),"MSCI China Index(USD, Price Return)",중국,광범위지수,일반,20260731
KR7442090007,442090,0.975,39345000000,26230,26417.26,2022-09-20,주식,국내,실물(액티브),배당소득세(보유기간과세),FnGuide 대장장이 지수(Price Return),한국,기타,일반,20260731
KR7407820000,407820,0.975,10359000000,5755,5753.91,2021-11-16,주식,국내,실물(액티브),배당소득세(보유기간과세),FnGuide 플랫폼 지수(Price Return),한국,AI·테크,일반,20260731
KR7448100008,448100,0.05,128742000000,107285,107875.4,2022-12-16,주식,국내,실물(패시브),비과세,코스피 200,한국,광범위지수,일반,20260731
KR7413930009,413930,0.31,14718000000,26760,26741.2,2022-01-05,주식,국내,실물(액티브),배당소득세(보유기간과세),MK-iSelect AI ESG 지수(시장가격지수),한국,AI·테크,일반,20260731
KR70088N0002,0088N0,0.69,12811500000,9490,9360.61,2025-08-12,주식,국내,실물(패시브),비과세,DeepSearch 외인수급 Top20 지수,한국,기타,일반,20260731
KR7458030004,458030,0.065,77848200000,54900,54908.72,2023-05-31,채권,국내,실물(액티브),배당소득세(보유기간과세),KAP 국공채 머니마켓 총수익 지수,한국,기타,일반,20260731
KR7426150009,426150,0.07,31973910000,51405,51413.06,2022-05-11,채권,국내,실물(액티브),배당소득세(보유기간과세),KAP 한국 국고채 총수익 지수,한국,채권·금리,일반,20260731
KR70177A0009,0177A0,0.33,19750000000,7900,7793.11,2026-03-31,주식,국내,실물(패시브),비과세,iSelect 두산그룹 포커스 지수,한국,기타,일반,20260731
KR7444490007,444490,0.05,86126250000,20265,20211.33,2022-10-06,주식,해외,실물(패시브),배당소득세(보유기간과세),S&P 500,미국,광범위지수,일반,20260731
KR7489290007,489290,0.49,27370750000,14795,14592.46,2024-09-03,주식,해외,실물(패시브),배당소득세(보유기간과세),Bloomberg US Billionaires Investment Select Index(PR),미국,기타,일반,20260731
KR7440910008,440910,0.35,57555000000,25580,25651.86,2022-08-26,주식,해외,실물(패시브),배당소득세(보유기간과세),S&P Aerospace & Defense Select Industry Index(PR),기타,방산·우주,일반,20260731
KR7474590007,474590,0.31,346290000000,40740,40190.15,2024-01-16,주식,국내,실물(액티브),배당소득세(보유기간과세),FnGuide 반도체 밸류체인 (Price Return) 지수,한국,반도체,일반,20260731
KR70203S0007,0203S0,0.18,29549250000,8565,8592.23,2026-06-02,혼합자산,국내,실물(패시브),배당소득세(보유기간과세),KAP 삼성전자현대차채권혼합지수,한국,개별종목,혼합,20260731
KR7496020009,496020,0.05,337085640000,52310,52307.53,2024-11-19,채권,국내,실물(액티브),배당소득세(보유기간과세),KIS 전단채플러스 TR 지수,한국,기타,일반,20260731
KR7488720004,488720,0.045,99963180000,48715,48695.5,2024-08-06,채권,국내,실물(액티브),배당소득세(보유기간과세),KIS 종합채권시장 총수익지수(AA-이상),한국,채권·금리,일반,20260731
KR70203R0008,0203R0,0.091,19114000000,50300,50306.91,2026-06-02,채권,국내,실물(액티브),배당소득세(보유기간과세),KAP 중단기 종합채권 총수익 지수(A-이상),한국,채권·금리,일반,20260731
KR70154F0001,0154F0,0.29,35842500000,12150,12182.28,2026-01-20,주식,국내,실물(패시브),비과세,iSelect 초대형IB&금융지주 지수,한국,금융,일반,20260731
KR7480460005,480460,0.25,9105000000,9105,9169.87,2024-04-30,부동산,국내,실물(패시브),비과세(분리과세부동산ETF),DeepSearch 한국부동산TOP3플러스 지수,한국,리츠·부동산,일반,20260731
KR7108590001,108590,0.325,20802000000,104010,104775.47,2009-01-23,주식,국내,실물(패시브),비과세,코스피 200,한국,광범위지수,일반,20260731
KR7145850004,145850,0.34,27932500000,111730,112629.09,2011-09-23,주식,국내,실물(패시브),비과세,FnGuide-RAFI 코리아200 지수,한국,기타,일반,20260731
KR7483570008,483570,0.36,24944000000,15590,15496.51,2024-05-28,주식,해외,실물(패시브),배당소득세(보유기간과세),S&P500 Top10 25% Capped Index(PR),미국,광범위지수,일반,20260731
KR7153270004,153270,0.195,34440000000,82000,81691.06,2012-02-28,주식,국내,실물(패시브),비과세,코스피 100,한국,광범위지수,일반,20260731
KR7167860006,167860,0.3,26858350000,92615,92631.49,2012-10-30,채권,국내,실물(패시브),배당소득세(보유기간과세),KIS 10년 국고채 지수 (총수익),한국,채권·금리,일반,20260731
KR7148070006,148070,0.05,410168655000,104715,104727.77,2011-10-20,채권,국내,실물(패시브),배당소득세(보유기간과세),KIS 10년 국고채 지수 (총수익),한국,채권·금리,일반,20260731
KR7069660009,069660,0.05,771592500000,108675,105109.78,2002-10-14,주식,국내,실물(패시브),비과세,코스피 200,한국,광범위지수,일반,20260731
KR7294400007,294400,0.012,1826432000000,142690,138011.51,2018-04-23,주식,국내,실물(패시브),배당소득세(보유기간과세),코스피 200 TR,한국,광범위지수,일반,20260731
KR7253250005,253250,0.46,38986900000,95090,93870.78,2016-09-12,주식,국내,실물(패시브),배당소득세(보유기간과세),코스피 200 선물지수,한국,광범위지수,일반,20260731
KR7253230007,253230,0.46,2614400000,86,87.83,2016-09-22,주식,국내,실물(패시브),배당소득세(보유기간과세),코스피 200 선물지수,한국,광범위지수,일반,20260731
KR7253240006,253240,0.46,1706780000,1399,1408.56,2016-09-12,주식,국내,실물(패시브),배당소득세(보유기간과세),코스피 200 선물지수,한국,광범위지수,일반,20260731
KR7464240001,464240,0.07,154211250000,52275,52294.38,2023-08-17,채권,국내,실물(액티브),배당소득세(보유기간과세),KIS 2609 만기형 크레딧 종합채권 지수(AA-이상)(총수익지수),한국,채권·금리,일반,20260731
KR7458210002,458210,0.03,177954225000,110325,110296.9,2023-05-23,기타,국내,합성(액티브),배당소득세(보유기간과세),FnGuide CD91일 금리투자 지수(총수익),한국,채권·금리,일반,20260731
KR7488200007,488200,0.49,4738500000,10530,10482.53,2024-07-23,주식,국내,실물(패시브),비과세,Solactive K-Battery North America Supply Chain 지수,한국,2차전지,일반,20260731
KR7488210006,488210,0.49,3864000000,19320,19187.81,2024-07-23,주식,국내,실물(패시브),비과세,Solactive K-Semiconductor North America Supply Chain 지수,한국,반도체,일반,20260731
KR7100910009,100910,0.23,59598000000,16555,16681.54,2008-01-23,주식,국내,실물(패시브),비과세,KRX 100,한국,광범위지수,일반,20260731
KR7200250009,200250,0.29,177513000000,22470,22611.05,2014-06-26,주식,해외,합성(패시브),배당소득세(보유기간과세),Nifty 50 Index,인도,광범위지수,일반,20260731
KR70194R0009,0194R0,0.25,15242500000,9100,8962.63,2026-05-27,주식,국내,실물(패시브),배당소득세(보유기간과세),KRX SK하이닉스 선물 지수,한국,개별종목,일반,20260731
KR70084E0007,0084E0,0.49,11495000000,10450,10419.07,2025-10-21,혼합자산,해외,실물(액티브),배당소득세(보유기간과세),Akros 미국대형주500 월간방어적배분 지수(TR),미국,기타,일반,20260731
KR70084D0008,0084D0,0.49,9344000000,11680,11562.18,2025-07-22,혼합자산,해외,실물(액티브),배당소득세(보유기간과세),Akros 미국테크100 월간방어적배분 지수(TR),미국,AI·테크,일반,20260731
KR7114470008,114470,0.05,51799200000,107915,107910.25,2009-07-31,채권,국내,실물(패시브),배당소득세(보유기간과세),KTB INDEX(시장가격),한국,채권·금리,일반,20260731
KR7471460006,471460,0.035,23062500000,46125,46152.79,2023-11-07,채권,국내,실물(액티브),배당소득세(보유기간과세),KIS-키움 국고채30년 지수(총수익지수),한국,채권·금리,일반,20260731
KR7473490001,473490,0.4,47569500000,30690,29870.86,2023-12-21,주식,국내&해외,실물(패시브),배당소득세(보유기간과세),Solactive Global AI Semiconductor Index (Price Return),글로벌,반도체,일반,20260731
KR7489860007,489860,0.49,12894500000,15170,15167.33,2024-08-27,주식,국내&해외,실물(패시브),배당소득세(보유기간과세),NASDAQ OMX Clean Edge Smart Grid Infrastructure Index,미국,기타,일반,20260731
KR7130730005,130730,0.05,77290560000,102780,102807.03,2010-07-29,채권,국내,실물(패시브),배당소득세(보유기간과세),MK 머니마켓 지수(총수익),한국,기타,일반,20260731
KR7419890009,419890,0.15,62210800000,107260,107289.69,2022-03-03,채권,국내,실물(액티브),배당소득세(보유기간과세),KIS ESG 9M~1.5Y,한국,광범위지수,일반,20260731
KR7411860000,411860,0.25,5206500000,17355,17277.34,2021-12-22,주식,해외,실물(패시브),배당소득세(보유기간과세),DAX Index(PR),유럽,기타,일반,20260731
KR7476450002,476450,0.05,209131750000,52625,52622.26,2024-02-29,채권,국내,실물(액티브),배당소득세(보유기간과세),KIS-키움 MMF지수(총수익지수),한국,채권·금리,일반,20260731
KR7430500009,430500,0.15,11299500000,112995,112957.12,2022-05-31,채권,국내,실물(패시브),배당소득세(보유기간과세),KIS TIPS 지수(총수익),한국,기타,일반,20260731
KR70190M0008,0190M0,0.49,21381750000,8385,7986.84,2026-05-12,주식,해외,실물(패시브),배당소득세(보유기간과세),Akros 미국AI&프론티어테크 하이베타 지수,미국,AI·테크,일반,20260731
KR70224D0009,0224D0,0.49,9630000000,9630,9402.44,2026-07-28,주식,해외,실물(패시브),배당소득세(보유기간과세),iSelect 미국CPU반도체TOP4 지수,미국,반도체,일반,20260731
KR70127V0005,0127V0,0.19,13343750000,10675,10600.97,2025-11-11,주식,해외,실물(패시브),배당소득세(보유기간과세),S&P500 TOP10 생애배당다우존스 2040 지수,미국,배당주,일반,20260731
KR70137W0002,0137W0,0.01,27985500000,10365,10384.07,2025-12-09,주식,해외,실물(패시브),배당소득세(보유기간과세),S&P500 & S&P GSCI 금현물 90/10 혼합지수,미국,광범위지수,혼합,20260731
KR70127T0009,0127T0,0.09,13356000000,11130,11119.05,2025-11-11,주식,해외,실물(패시브),배당소득세(보유기간과세),S&P500 생애배당다우존스 2040 지수,미국,배당주,일반,20260731
KR70137V0003,0137V0,0.12,93600000000,11700,11482.77,2025-12-09,주식,해외,실물(패시브),배당소득세(보유기간과세),S&P500 모멘텀 지수,미국,광범위지수,일반,20260731
KR7449770007,449770,0.021,95175000000,21150,21103.96,2022-12-20,주식,해외,실물(패시브),배당소득세(보유기간과세),S&P 500,미국,광범위지수,일반,20260731
KR7449780006,449780,0.04,32805000000,18225,18127.2,2022-12-20,주식,해외,실물(패시브),배당소득세(보유기간과세),S&P 500,미국,광범위지수,일반,20260731
KR70107F0009,0107F0,0.45,29873250000,11715,11755.54,2025-09-23,주식,해외,실물(패시브),배당소득세(보유기간과세),Akros 미국AI테크TOP10&미국고배당3070 지수,미국,AI·테크,일반,20260731
KR7453080004,453080,0.04,84284000000,22180,21909.55,2023-03-14,주식,해외,실물(패시브),배당소득세(보유기간과세),NASDAQ 100,미국,광범위지수,일반,20260731
KR7460270002,460270,0.05,10481400000,12940,12922.86,2023-06-20,기타,해외,합성(액티브),배당소득세(보유기간과세),Solactive SOFR Daily Total Return Index,미국,채권·금리,일반,20260731
KR7230480006,230480,0.64,8713350000,4335,4333.41,2015-11-16,통화,국내,실물(패시브),배당소득세(보유기간과세),미국달러선물지수,한국,기타,일반,20260731
KR7225800002,225800,0.64,8175300000,16030,16076.91,2015-08-10,통화,국내,실물(패시브),배당소득세(보유기간과세),미국달러선물지수,한국,기타,일반,20260731
KR7139660005,139660,0.49,7042650000,8095,8110.93,2011-04-01,통화,국내,실물(패시브),배당소득세(보유기간과세),미국달러선물지수,한국,기타,일반,20260731
KR7138230008,138230,0.37,24178750000,16675,16712.97,2011-02-24,통화,국내,실물(패시브),배당소득세(보유기간과세),미국달러선물지수,한국,기타,일반,20260731
KR7373790005,373790,0.4,4578000000,16350,16275.97,2020-12-24,주식,해외,실물(패시브),배당소득세(보유기간과세),Nasdaq US Low Volatility Dividend Achievers Index,미국,배당주,일반,20260731
KR7483030003,483030,0.49,5379750000,11955,11991.63,2024-05-28,주식,해외,실물(패시브),배당소득세(보유기간과세),Solactive Blockbuster Biotech Drugs Index(PR),기타,바이오·헬스케어,일반,20260731
KR7459790002,459790,0.76,22000000000,20000,19685.49,2023-06-27,주식,해외,실물(액티브),배당소득세(보유기간과세),MSCI USA Index(Price Return),미국,광범위지수,일반,20260731
KR70174R0003,0174R0,0.03,9596500000,11290,11202.78,2026-03-31,주식,해외,실물(패시브),배당소득세(보유기간과세),미국성장다우존스 지수,미국,기타,일반,20260731
KR7498270008,498270,0.49,215952750000,14445,14093.16,2024-12-17,주식,해외,실물(패시브),배당소득세(보유기간과세),Solactive U.S. Quantum Computing Index(PR),미국,AI·테크,일반,20260731
KR70207Z0004,0207Z0,0.49,15232500000,6770,6637.39,2026-06-16,주식,해외,실물(패시브),배당소득세(보유기간과세),iSelect 미국 우주데이터센터인프라 지수,미국,AI·테크,일반,20260731
KR70216K0000,0216K0,0.21,8340000000,8340,8128.03,2026-07-07,혼합자산,국내&해외,실물(패시브),배당소득세(보유기간과세),Akros 미국 우주 Top 2 채권혼합 지수,미국,방산·우주,혼합,20260731
KR7474800000,474800,0.29,35017500000,15225,15382.72,2024-01-16,주식,해외,실물(패시브),배당소득세(보유기간과세),MSCI US IMI Energy 25/50 Index(Price Return),미국,에너지·원자력,일반,20260731
KR7104520002,104520,0.4,14165000000,14165,14119.88,2008-07-29,주식,국내,실물(패시브),비과세,MKF 블루칩,한국,기타,일반,20260731
KR70183V0006,0183V0,0.07,240000000000,12000,11879.43,2026-04-21,혼합자산,국내,실물(패시브),배당소득세(보유기간과세),FnGuide 삼성전자 & SK하이닉스 채권혼합 지수,한국,개별종목,혼합,20260731
KR70194N0003,0194N0,0.25,10623625000,11485,10686.27,2026-05-27,주식,국내,실물(패시브),배당소득세(보유기간과세),KRX 삼성전자 선물 지수,한국,개별종목,일반,20260731
KR70015E0001,0015E0,0.19,5180000000,10360,10349.22,2025-02-11,혼합자산,해외,실물(액티브),배당소득세(보유기간과세),Bloomberg Blended NVIDIA and US Long Treasury Bond Index,미국,개별종목,일반,20260731
KR7483020004,483020,0.49,5481000000,9135,9106.66,2024-05-28,주식,국내,실물(패시브),비과세,FnGuide 의료AI 지수,한국,AI·테크,일반,20260731
KR7435530001,435530,0.3,7845000000,15690,15617.01,2022-06-30,혼합자산,국내&해외,실물(액티브),배당소득세(보유기간과세),Dow Jones Target 2030 Index (Total Return),미국,기타,일반,20260731
KR7435540000,435540,0.34,8792500000,17585,17501.51,2022-06-30,혼합자산,국내&해외,실물(액티브),배당소득세(보유기간과세),Dow Jones Target 2040 Index (Total Return),미국,기타,일반,20260731
KR7435550009,435550,0.38,12631500000,18045,17947.94,2022-06-30,혼합자산,국내&해외,실물(액티브),배당소득세(보유기간과세),Dow Jones Target 2050 Index (Total Return),미국,기타,일반,20260731
KR7454780008,454780,0.025,289688520000,99755,99719.25,2023-04-11,채권,국내,실물(액티브),배당소득세(보유기간과세),KIS 종합 채권시장지수(AA-이상)(총수익지수),한국,채권·금리,일반,20260731
KR7454180001,454180,0.42,3250000000,8125,8223.09,2023-04-04,주식,해외,실물(패시브),배당소득세(보유기간과세),CSI SH-HK-SZ Consumer Top Index,중국,소비재,일반,20260731
KR7104530001,104530,0.19,35618750000,17375,17261.22,2008-07-29,주식,국내,실물(패시브),비과세,MKF 웰스 고배당20,한국,배당주,일반,20260731
KR7496090002,496090,0.009,101318750000,31175,31125.24,2024-11-04,주식,국내,실물(패시브),비과세,코리아 밸류업 지수,한국,배당주,일반,20260731
KR7469790000,469790,0.39,29137500000,41625,41364.8,2023-10-31,주식,국내,실물(패시브),비과세,Solactive K-TechTOP10 Index(PR),한국,기타,일반,20260731
KR7291630002,291630,0.09,3458000000,2600,2535.3,2018-03-16,주식,국내,실물(패시브),배당소득세(보유기간과세),F-코스닥150 지수,한국,광범위지수,일반,20260731
KR7291620003,291620,0.09,2924100000,5130,5360.13,2018-03-16,주식,국내,실물(패시브),배당소득세(보유기간과세),F-코스닥150 지수,한국,광범위지수,일반,20260731
KR7316670009,316670,0.15,37382200000,6010,6022.7,2019-01-22,주식,국내,실물(패시브),비과세,코스닥 150,한국,광범위지수,일반,20260731
KR70198A0004,0198A0,0.63,33669000000,7830,7760.46,2026-06-30,주식,국내,실물(액티브),배당소득세(보유기간과세),코스닥 150 위클리 고정 30% 커버드콜 지수,한국,광범위지수,커버드콜,20260731
KR7122260003,122260,0.05,33267200000,103960,103942.98,2010-01-14,채권,국내,실물(패시브),배당소득세(보유기간과세),MK 통안채지수(총수익),한국,채권·금리,일반,20260731
KR70015F0000,0015F0,0.19,12623000000,9710,9763.71,2025-02-11,혼합자산,해외,실물(액티브),배당소득세(보유기간과세),Bloomberg Blended PALANTIR and US Long Treasury Bond Index,미국,개별종목,일반,20260731
KR70097L0003,0097L0,0.45,25522500000,12450,12407.02,2025-09-02,주식,국내&해외,실물(패시브),배당소득세(보유기간과세),Akros 미국AI테크TOP10&한국고배당3070 지수,미국,AI·테크,일반,20260731
KR70220A0006,0220A0,0.15,17774500000,9355,9357.74,2026-07-14,혼합자산,국내,실물(패시브),배당소득세(보유기간과세),FnGuide 현대차그룹TOP3 채권혼합 지수,한국,개별종목,혼합,20260731
KR7441800000,441800,0.8,769857000000,28450,28253.99,2022-09-27,주식,국내,실물(액티브),배당소득세(보유기간과세),코스피 200,한국,광범위지수,일반,20260731
KR7463050005,463050,0.8,192457500000,11490,11425.07,2023-08-17,주식,국내,실물(액티브),배당소득세(보유기간과세),KRX 헬스케어,한국,바이오·헬스케어,일반,20260731
KR7404120008,404120,0.8,15312500000,21875,21848.19,2021-10-29,주식,국내,실물(액티브),배당소득세(보유기간과세),KRX 기후변화 솔루션지수,한국,기타,일반,20260731
KR7385710009,385710,0.8,10125000000,10125,10095.83,2021-05-25,주식,국내,실물(액티브),배당소득세(보유기간과세),KRX BBIG 지수,한국,기타,일반,20260731
KR7410870000,410870,0.8,10956000000,9130,9079.07,2021-12-15,주식,국내,실물(액티브),배당소득세(보유기간과세),FnGuide K-컬처 지수,한국,기타,일반,20260731
KR7456600006,456600,0.8,2153271100000,56995,56017.47,2023-05-16,주식,해외,실물(액티브),배당소득세(보유기간과세),Solactive Global Artificial Intelligence 지수,글로벌,AI·테크,일반,20260731
KR7485810006,485810,0.8,12171500000,11065,10956.81,2024-07-02,주식,해외,실물(액티브),배당소득세(보유기간과세),KEDI 글로벌 불로장생바이오 지수(원화환산),글로벌,바이오·헬스케어,일반,20260731
KR7494180003,494180,0.8,11606750000,13655,13486.28,2024-10-29,주식,해외,실물(액티브),배당소득세(보유기간과세),Solactive 뉴에이지컨수머지수,기타,기타,일반,20260731
KR7478150006,478150,0.8,249736250000,20725,20744.68,2024-04-23,주식,해외,실물(액티브),배당소득세(보유기간과세),Solactive Aerospace and Defense USD Index PR,기타,방산·우주,일반,20260731
KR70113D0003,0113D0,0.06,75906250000,12145,12038.61,2025-10-28,주식,해외,실물(액티브),배당소득세(보유기간과세),"Bloomberg World Large, Mid & Small cap PR Index",글로벌,기타,일반,20260731
KR70185L0006,0185L0,0.8,53830000000,7690,7638.89,2026-05-19,주식,해외,실물(액티브),배당소득세(보유기간과세),Solactive Global AI Humanoid Robotics 지수(원화환산)(PR),글로벌,AI·테크,일반,20260731
KR7426020004,426020,0.8,389132800000,32320,31766.89,2022-05-11,주식,해외,실물(액티브),배당소득세(보유기간과세),S&P 500,미국,광범위지수,일반,20260731
KR7426030003,426030,0.8,2400172800000,45735,44025.69,2022-05-11,주식,해외,실물(액티브),배당소득세(보유기간과세),NASDAQ 100,미국,광범위지수,일반,20260731
KR70019K0009,0019K0,0.25,541920500000,13315,13068.6,2025-03-25,혼합자산,국내&해외,실물(액티브),배당소득세(보유기간과세),FnGuide 미국나스닥100 단기채권혼합 지수,미국,채권·금리,혼합,20260731
KR70036D0007,0036D0,0.8,64875000000,12975,12881.79,2025-04-29,주식,해외,실물(액티브),배당소득세(보유기간과세),Dow Jones U.S. Dividend 100 Price Return Index,미국,배당주,일반,20260731
KR70043Y0003,0043Y0,0.8,343995000000,19380,19135.68,2025-05-13,주식,해외,실물(액티브),배당소득세(보유기간과세),Solactive China Artificial Intelligence 지수(원화환산)(PR),중국,AI·테크,일반,20260731
KR7495060006,495060,0.8,214155750000,28365,27872.97,2024-11-04,주식,국내,실물(액티브),배당소득세(보유기간과세),코리아 밸류업 지수,한국,배당주,일반,20260731
KR70162Y0008,0162Y0,0.8,214233750000,6255,6263.46,2026-03-10,주식,국내,실물(액티브),배당소득세(보유기간과세),코스닥,한국,광범위지수,일반,20260731
KR7385720008,385720,0.8,365865500000,25585,24327.07,2021-05-25,주식,국내,실물(액티브),배당소득세(보유기간과세),코스피,한국,광범위지수,일반,20260731
KR7472720002,472720,0.785,12846600000,24705,24729.61,2023-12-14,주식,국내,실물(액티브),배당소득세(보유기간과세),코스피 200,한국,광범위지수,일반,20260731
KR7496130006,496130,0.785,13640400000,25260,24906.63,2024-11-04,주식,국내,실물(액티브),배당소득세(보유기간과세),코리아 밸류업 지수,한국,배당주,일반,20260731
KR7451060008,451060,0.01,420312000000,33760,33601.81,2023-01-31,주식,국내,실물(액티브),배당소득세(보유기간과세),코스피 200,한국,광범위지수,일반,20260731
KR70184E0006,0184E0,0.4,26912500000,10765,10829.12,2026-04-21,혼합자산,국내,실물(액티브),배당소득세(보유기간과세),코스피 200 단기국공채 혼합지수,한국,광범위지수,혼합,20260731
KR7491610002,491610,0.02,191722635000,104595,104584.5,2024-09-24,기타,국내,합성(액티브),배당소득세(보유기간과세),KIS 하나 CD금리 총수익지수,한국,채권·금리,일반,20260731
KR70182R0003,0182R0,0.2,305109000000,10020,9925.38,2026-04-14,주식,국내,실물(패시브),비과세,NICE K반도체 TOP2 MAX+ 지수,한국,반도체,일반,20260731
KR70182S0002,0182S0,0.01,230758000000,12340,12442.91,2026-04-14,혼합자산,국내,실물(패시브),배당소득세(보유기간과세),KEDI K반도체TOP2채권혼합 지수,한국,반도체,혼합,20260731
KR70103T0007,0103T0,0.49,25048000000,8080,8084.67,2025-09-30,주식,국내,실물(패시브),비과세,iSelect K소버린AI 지수,한국,AI·테크,일반,20260731
KR70198D0001,0198D0,0.09,26082000000,9450,9572.87,2026-05-27,주식,국내,실물(패시브),배당소득세(보유기간과세),KRX SK하이닉스 선물 지수,한국,개별종목,일반,20260731
KR7463290007,463290,0.08,195038400000,108960,108968.2,2023-08-03,채권,국내,실물(액티브),배당소득세(보유기간과세),MK 머니마켓 지수(총수익),한국,기타,일반,20260731
KR70131W0008,0131W0,0.01,126127440000,101880,101888.77,2025-11-25,채권,국내,실물(액티브),배당소득세(보유기간과세),KIS 단기특수은행채 지수(총수익),한국,금융,일반,20260731
KR7479080004,479080,0.05,1115624100000,53610,53605.69,2024-04-02,채권,국내,실물(액티브),배당소득세(보유기간과세),KIS-하나 MMF 지수(총수익),한국,채권·금리,일반,20260731
KR70052S0009,0052S0,0.15,317655000000,11765,11736.14,2025-06-10,혼합자산,해외,실물(액티브),배당소득세(보유기간과세),S&P 500 and Short-Term Treasury 50/50 Blend Index,미국,채권·금리,인버스,20260731
KR70026S0002,0026S0,0.005,319988500000,12955,12892.94,2025-03-18,주식,해외,실물(패시브),배당소득세(보유기간과세),S&P 500,미국,광범위지수,일반,20260731
KR70111P0001,0111P0,0.05,296474000000,10940,10861.04,2025-09-30,혼합자산,해외,실물(액티브),배당소득세(보유기간과세),Nasdaq-100 US T-Bills 0-6 Month 50/50 Index,미국,기타,일반,20260731
KR70069M0006,0069M0,0.005,182852000000,13445,13311.55,2025-06-24,주식,해외,실물(패시브),배당소득세(보유기간과세),NASDAQ 100,미국,광범위지수,일반,20260731
KR70083S0002,0083S0,0.49,27361500000,9435,9339.79,2025-07-22,주식,해외,실물(패시브),배당소득세(보유기간과세),KEDI 미국메디컬AI 지수,미국,AI·테크,일반,20260731
KR70004G0002,0004G0,0.1,13279000000,9485,9464.9,2025-01-21,주식,해외,실물(패시브),배당소득세(보유기간과세),Solactive U.S. Dividend TOP 30 Index PR,미국,배당주,일반,20260731
KR70131V0009,0131V0,0.49,351981000000,10570,10491.19,2025-11-25,주식,해외,실물(패시브),배당소득세(보유기간과세),Akros 미국우주항공테크 지수,미국,AI·테크,일반,20260731
KR70198B0003,0198B0,0.09,26321750000,11830,11295.26,2026-05-27,주식,국내,실물(패시브),배당소득세(보유기간과세),KRX 삼성전자 선물 지수,한국,개별종목,일반,20260731
KR70094X0002,0094X0,0.49,7618500000,8465,8494.43,2025-09-02,주식,해외,실물(액티브),배당소득세(보유기간과세),Solactive-KEDI Xiaomi Focus China Tech Index,중국,AI·테크,일반,20260731
KR70224X0005,0224X0,0.45,10431750000,9935,9726.19,2026-07-28,혼합자산,해외,실물(패시브),배당소득세(보유기간과세),KEDI 엔비디아알파벳미국채혼합50 지수,미국,개별종목,혼합,20260731
KR70172V0009,0172V0,0.3,51942000000,7870,7920.62,2026-03-31,원자재,해외,실물(액티브),배당소득세(보유기간과세),Bloomberg Blended Silver Spot USD index,기타,원자재·금,일반,20260731
KR70017Y0005,0017Y0,0.025,83202080000,94120,94097.57,2025-02-25,채권,국내,실물(액티브),배당소득세(보유기간과세),KIS 종합채권형 지수(AA-이상)(총수익),한국,채권·금리,일반,20260731
KR70052T0008,0052T0,0.05,107937720000,50580,50559.47,2025-05-27,채권,국내,실물(액티브),배당소득세(보유기간과세),KEDI 중단기크레딧플러스채권(AAA~A-)지수(총수익),한국,채권·금리,일반,20260731
KR7495330003,495330,0.02,133493500000,31045,30950.31,2024-11-04,주식,국내,실물(패시브),비과세,코리아 밸류업 지수,한국,배당주,일반,20260731
KR70186S0008,0186S0,0.63,32266250000,7775,7745.74,2026-04-28,혼합자산,국내,실물(액티브),배당소득세(보유기간과세),코스닥 150 단기국공채 혼합지수,한국,광범위지수,혼합,20260731
KR7492500004,492500,0.1,77979670000,51235,51206.21,2024-10-02,채권,국내,실물(패시브),배당소득세(보유기간과세),KIS 하나 현대차그룹채권(A+이상)&국고통안 총수익지수,한국,개별종목,일반,20260731
KR70206G0008,0206G0,0.1,23298750000,8175,8178.33,2026-06-09,혼합자산,국내,실물(패시브),배당소득세(보유기간과세),KEDI 현대차&기아채권혼합50지수,한국,개별종목,혼합,20260731
KR7473440006,473440,0.05,94177500000,10825,10821.49,2023-12-19,채권,국내,실물(액티브),배당소득세(보유기간과세),KIS 11월 만기자동연장회사채(AA-이상) 총수익지수,한국,채권·금리,일반,20260731
KR7332500008,332500,0.01,168245000000,73150,70709.61,2019-08-28,주식,국내,실물(패시브),배당소득세(보유기간과세),코스피 200 TR,한국,광범위지수,일반,20260731
KR7105190003,105190,0.017,1754300000000,106000,105366.61,2008-09-25,주식,국내,실물(패시브),비과세,코스피 200,한국,광범위지수,일반,20260731
KR7475260006,475260,0.05,50467650000,10715,10714.78,2024-01-23,채권,국내,실물(액티브),배당소득세(보유기간과세),KAP 2월 만기자동연장회사채(AA-이상) 총수익지수,한국,채권·금리,일반,20260731
KR7385600002,385600,0.29,16200000000,10800,10764.39,2021-05-25,주식,국내,실물(액티브),배당소득세(보유기간과세),FnGuide 친환경 자동차 밸류체인 지수,한국,자동차,일반,20260731
KR7475270005,475270,0.05,44619000000,10700,10700.8,2024-01-23,채권,국내,실물(액티브),배당소득세(보유기간과세),KIS 5월 만기자동연장회사채(AA-이상) 총수익지수,한국,채권·금리,일반,20260731
KR7475280004,475280,0.05,103137300000,10710,10708.77,2024-01-23,채권,국내,실물(액티브),배당소득세(보유기간과세),KAP 8월 만기자동연장회사채(AA-이상) 총수익지수,한국,채권·금리,일반,20260731
KR7469150007,469150,0.3,1065180750000,55915,54856.32,2023-10-17,주식,국내,실물(패시브),비과세,FnGuide AI반도체 TOP3+ 지수,한국,반도체,일반,20260731
KR70079X0001,0079X0,0.45,3690750000,10545,10527.08,2025-07-15,주식,해외,실물(액티브),배당소득세(보유기간과세),Bloomberg BYD Plus Top Supply Chain Select Price Return Index,기타,기타,일반,20260731
KR7385590005,385590,0.5,51646500000,22455,22533.54,2021-05-25,주식,국내,실물(액티브),배당소득세(보유기간과세),MSCI Korea Country ESG Leaders Custom Capped Price return Index,한국,광범위지수,일반,20260731
KR7475050001,475050,0.3,93390000000,6600,6598.42,2024-01-30,주식,국내,실물(패시브),비과세,iSelect K-POP 포커스지수(시장가격),한국,게임·엔터,일반,20260731
KR7411060007,411060,0.19,3836368000000,26080,26169.5,2021-12-15,원자재,국내,실물(패시브),배당소득세(보유기간과세),KRX 금현물지수,한국,기타,일반,20260731
KR70221Z0006,0221Z0,0.5,18150000000,9075,9045.94,2026-07-21,주식,국내,실물(액티브),배당소득세(보유기간과세),KRX K-AI 바이오테크 코스닥 지수,한국,AI·테크,일반,20260731
KR70210A0008,0210A0,0.39,291115000000,6700,6644.66,2026-06-23,주식,국내,실물(패시브),비과세,KRX K-AI 반도체TOP2+ 지수,한국,반도체,일반,20260731
KR70216Z0003,0216Z0,0.45,14901750000,8055,8026.29,2026-07-07,주식,국내,실물(패시브),비과세,KRX K-AI 방산TOP5+ 지수,한국,AI·테크,일반,20260731
KR70172Y0006,0172Y0,0.5,7388000000,9235,9153.82,2026-03-31,주식,국내,실물(액티브),배당소득세(보유기간과세),iSelect K수출핵심산업 지수 (시장가격),한국,기타,일반,20260731
KR70177X0002,0177X0,0.45,92495250000,8685,8705.38,2026-04-07,주식,국내,실물(패시브),비과세,Akros K-휴머노이드 로봇 TOP2+ 지수 (시장가격),한국,AI·테크,일반,20260731
KR7291130003,291130,0.5,16861500000,18735,19051.27,2018-03-09,주식,해외,합성(패시브),배당소득세(보유기간과세),MSCI MEXICO IMI 25/50 Price return Index,기타,광범위지수,일반,20260731
KR7256440009,256440,0.7,32543500000,5335,5404.87,2016-11-01,주식,해외,합성(패시브),배당소득세(보유기간과세),MSCI Indonesia Index,기타,광범위지수,일반,20260731
KR7261920003,261920,0.5,5340000000,13350,13248.3,2016-12-28,주식,해외,합성(패시브),배당소득세(보유기간과세),MSCI Philippines IMI Index,기타,광범위지수,일반,20260731
KR70194T0007,0194T0,0.09,69330625000,9275,9335.06,2026-05-27,주식,국내,실물(패시브),배당소득세(보유기간과세),KRX SK하이닉스 지수,한국,개별종목,일반,20260731
KR70199C0001,0199C0,0.4,117455000000,9035,8930.72,2026-06-02,주식,국내,실물(액티브),배당소득세(보유기간과세),KRX-Akros 고배당주 20 위클리 고정 30% 커버드콜 지수,한국,배당주,커버드콜,20260731
KR70139P0009,0139P0,0.15,52960000000,13240,13168.68,2025-12-16,주식,국내,실물(패시브),비과세,KRX-Akros 고배당주 20 지수,한국,배당주,일반,20260731
KR7225130004,225130,0.49,21457500000,42915,42632.37,2015-07-28,원자재,해외,합성(패시브),배당소득세(보유기간과세),S&P GSCI GOLD Index Excess Return,글로벌,원자재·금,일반,20260731
KR7483340006,483340,0.45,255588000000,22420,21627.85,2024-06-11,주식,해외,실물(액티브),배당소득세(보유기간과세),KEDI 글로벌 AI 클라우드 지수,글로벌,AI·테크,일반,20260731
KR7114460009,114460,0.15,15097500000,100650,100668.83,2009-07-31,채권,국내,실물(패시브),배당소득세(보유기간과세),KTB INDEX(시장가격),한국,채권·금리,일반,20260731
KR7365780006,365780,0.02,526538080000,82685,82625.98,2020-10-15,채권,국내,실물(패시브),배당소득세(보유기간과세),KIS 10년 국고채 지수 (총수익),한국,채권·금리,일반,20260731
KR7494340003,494340,0.45,31464000000,19665,18848.94,2024-10-22,주식,해외,실물(패시브),배당소득세(보유기간과세),Solactive AI Custom Semiconductor Index(PR),기타,반도체,일반,20260731
KR7446770000,446770,0.45,1631978250000,79415,76590.51,2022-11-15,주식,해외,실물(패시브),배당소득세(보유기간과세),Solactive Global Semiconductor TOP4 Plus Price Return Index,글로벌,반도체,일반,20260731
KR7435040001,435040,0.5,13489000000,19270,19382.94,2022-06-28,주식,해외,실물(패시브),배당소득세(보유기간과세),Bloomberg Global Select Industry Leaders TOP10 Index(PR),글로벌,기타,일반,20260731
KR7497510008,497510,0.3,9124500000,13035,13091.69,2024-11-19,주식,해외,실물(패시브),배당소득세(보유기간과세),Solactive Global Big Pharma Index (Price Return),글로벌,바이오·헬스케어,일반,20260731
KR7460960008,460960,0.24,87846250000,11335,11293.01,2023-07-11,혼합자산,해외,실물(패시브),배당소득세(보유기간과세),Solactive Global Superior Income TOP 10 Price Return Index,글로벌,배당주,일반,20260731
KR7414270009,414270,0.29,32754000000,12360,12318.96,2022-02-15,주식,해외,실물(액티브),배당소득세(보유기간과세),FactSet US-China Electric&Autonomous Vehicle Price Return Index,미국,기타,일반,20260731
KR7190620005,190620,0.07,288577180000,101755,101767.31,2013-12-23,채권,국내,실물(패시브),배당소득세(보유기간과세),KIS MSB 단기지수(총수익),한국,기타,일반,20260731
KR7440640001,440640,0.15,68773500000,112375,112370.23,2022-08-23,채권,국내,실물(액티브),배당소득세(보유기간과세),KIS 단기채권알파AA-이상 총수익지수,한국,채권·금리,일반,20260731
KR7494330004,494330,0.5,157700000000,31540,31104.14,2024-10-15,주식,국내,실물(액티브),배당소득세(보유기간과세),FnGuide 기업가치 지수(시장가격),한국,기타,일반,20260731
KR7265690008,265690,0.0,15789750000,8535,48.31,2017-03-21,주식,해외,합성(패시브),배당소득세(보유기간과세),MSCI Russia 25% Capped Price Return Index,기타,광범위지수,일반,20260731
KR7152500005,152500,0.3,46541000000,42310,42762.95,2012-01-27,주식,국내,실물(패시브),배당소득세(보유기간과세),코스피 200,한국,광범위지수,일반,20260731
KR70153P0000,0153P0,0.06,15072000000,9420,9419.04,2026-01-20,부동산,국내,실물(액티브),배당소득세(분리과세부동산ETF),FnGuide 맥쿼리인프라 배당 리츠 지수 (시장가격),한국,리츠·부동산,일반,20260731
KR7483330007,483330,0.45,18213000000,14010,13811.8,2024-06-11,주식,해외,실물(액티브),배당소득세(보유기간과세),KEDI 글로벌생성형AI 지수,글로벌,AI·테크,일반,20260731
KR7487340002,487340,0.05,677663100000,105555,105554.82,2024-07-09,채권,국내,실물(액티브),배당소득세(보유기간과세),MK-KAP 머니마켓 총수익지수,한국,기타,일반,20260731
KR70085P0003,0085P0,0.15,106680000000,10160,10127.48,2025-07-22,채권,해외,실물(액티브),배당소득세(보유기간과세),ICE U.S. Treasury 7-10 Year Bond Index (Total Return),미국,채권·금리,일반,20260731
KR70085N0005,0085N0,0.15,36149000000,9770,9754.78,2025-07-22,채권,해외,실물(액티브),배당소득세(보유기간과세),ICE U.S. Treasury 7-10 Year Bond Index (Total Return),미국,채권·금리,일반,20260731
KR7452250004,452250,0.25,43691250000,4775,4816.83,2023-02-07,채권,해외,합성(패시브),배당소득세(보유기간과세),S&P Ultra T-Bond Futures Index(ER),기타,채권·금리,일반,20260731
KR7476760004,476760,0.05,298851000000,9310,9233.57,2024-03-12,채권,해외,실물(액티브),배당소득세(보유기간과세),Bloomberg U.S Treasury 20+ Year Total Return Index,미국,채권·금리,일반,20260731
KR7453850000,453850,0.05,1534288000000,7210,7185.37,2023-03-14,채권,해외,실물(액티브),배당소득세(보유기간과세),Bloomberg U.S Treasury 20+ Year Total Return Index,미국,채권·금리,일반,20260731
KR7476750005,476750,0.15,62208000000,7680,7647.29,2024-03-12,채권,해외,실물(액티브),배당소득세(보유기간과세),Bloomberg U.S. Treasury 20+ Year Total Return Index T1530 JPY Currency Hedged,미국,채권·금리,일반,20260731
KR7480030006,480030,0.45,157016000000,10330,10270.17,2024-04-23,주식,해외,합성(패시브),배당소득세(보유기간과세),Bloomberg US 500 Large Cap Premium Decrement 15% Distribution Index,미국,기타,커버드콜,20260731
KR70118Z0002,0118Z0,0.45,50721500000,8315,8157.47,2025-10-28,주식,해외,실물(액티브),배당소득세(보유기간과세),Akros U.S. AI Innovator Price Return Index,미국,AI·테크,일반,20260731
KR7280320003,280320,0.5,16064000000,20080,20177.7,2017-10-17,주식,해외,합성(패시브),배당소득세(보유기간과세),다우존스 인터넷 종합지수,미국,AI·테크,일반,20260731
KR7438080004,438080,0.15,1211210000000,14300,14266.12,2022-08-26,혼합자산,해외,실물(액티브),배당소득세(보유기간과세),S&P 500 and Short-Term Treasury 50/50 Blend Index,미국,채권·금리,인버스,20260731
KR7360200000,360200,0.004,3937054000000,26710,26640.57,2020-08-07,주식,해외,실물(패시브),배당소득세(보유기간과세),S&P 500,미국,광범위지수,일반,20260731
KR70155M0001,0155M0,0.45,29112250000,7015,6941.22,2026-02-03,주식,해외,실물(패시브),배당소득세(보유기간과세),Solactive US SMR Nuclear TOP 10 Index (Price Return),미국,에너지·원자력,일반,20260731
KR7309230001,309230,0.4,115468800000,31040,31027.95,2018-10-25,주식,해외,실물(패시브),배당소득세(보유기간과세),MorningStar Wide Moat Focus Index,기타,기타,일반,20260731
KR7438100000,438100,0.15,914702500000,15425,15340.88,2022-08-26,혼합자산,해외,실물(액티브),배당소득세(보유기간과세),NASDAQ-100 US T-Bills 50/50 Index,미국,기타,일반,20260731
KR7367380003,367380,0.006,3394261500000,30885,30580.76,2020-10-29,주식,해외,실물(패시브),배당소득세(보유기간과세),NASDAQ 100,미국,광범위지수,일반,20260731
KR7456880004,456880,0.05,344887900000,12505,12531.8,2023-04-25,기타,해외,합성(패시브),배당소득세(보유기간과세),Solactive SOFR Daily Total Return Index,미국,채권·금리,일반,20260731
KR7440650000,440650,0.3,43002000000,11945,11927.3,2022-08-23,채권,해외,실물(액티브),배당소득세(보유기간과세),Bloomberg Short-Term Treasury Total Return Index,미국,채권·금리,인버스,20260731
KR70127M0006,0127M0,0.3,150143000000,12460,12368.7,2025-11-11,주식,해외,실물(액티브),배당소득세(보유기간과세),CRSP US Large Cap Value Index(PR),미국,기타,일반,20260731
KR70127P0003,0127P0,0.3,665916000000,10520,10421.54,2025-11-11,주식,해외,실물(액티브),배당소득세(보유기간과세),CRSP US Large Cap Growth Index(PR),미국,광범위지수,일반,20260731
KR7480040005,480040,0.45,185328000000,15840,15220.49,2024-04-23,주식,해외,합성(패시브),배당소득세(보유기간과세),Bloomberg US Listed Semiconductor Premium Decrement 15% Distribution Index,미국,반도체,커버드콜,20260731
KR7402970008,402970,0.01,940010000000,15410,15393.08,2021-10-21,주식,해외,실물(패시브),배당소득세(보유기간과세),Dow Jones U.S. Dividend 100 Price Return Index,미국,배당주,일반,20260731
KR70049M0001,0049M0,0.15,78487500000,11375,11265.41,2025-05-13,주식,해외,실물(액티브),배당소득세(보유기간과세),Bloomberg WisdomTree U.S. Quality Dividend & B500 Premium Decrement 50:50 Index,미국,배당주,커버드콜,20260731
KR70046Y0000,0046Y0,0.15,53953750000,12695,12584.84,2025-05-13,주식,해외,실물(패시브),배당소득세(보유기간과세),WisdomTree U.S. Quality Dividend Growth Index (Price Return),미국,배당주,일반,20260731
KR70049K0003,0049K0,0.15,25110000000,11160,11130.77,2025-05-13,혼합자산,국내&해외,실물(패시브),배당소득세(보유기간과세),Bloomberg WisdomTree U.S. Quality Dividend & Short Term KRW Bonds 50:50 TR Index,미국,채권·금리,인버스,20260731
KR7181480005,181480,0.3,10542000000,87850,87005.28,2013-08-01,부동산,해외,합성(패시브),배당소득세(분리과세부동산ETF),Dow Jones U.S. Real Estate Index,미국,리츠·부동산,일반,20260731
KR7480020007,480020,0.45,157252500000,10845,10718.32,2024-04-23,주식,해외,합성(패시브),배당소득세(보유기간과세),Bloomberg US Big Tech Top 7 Plus Premium Decrement 15% Distribution Index,미국,AI·테크,커버드콜,20260731
KR7465610004,465610,0.6,98196000000,40915,39909.42,2023-09-12,주식,해외,합성(패시브),배당소득세(보유기간과세),Solactive US Big Tech Top 7 Plus Price Return Index,미국,AI·테크,일반,20260731
KR7465620003,465620,0.6,1662500000,6650,6733.58,2023-09-12,주식,해외,합성(패시브),배당소득세(보유기간과세),Solactive US Big Tech Top 7 Plus Price Return Index,미국,AI·테크,일반,20260731
KR7465580009,465580,0.3,986830500000,23665,23429.88,2023-09-12,주식,해외,실물(패시브),배당소득세(보유기간과세),Solactive US Big Tech Top 7 Plus Price Return Index,미국,AI·테크,일반,20260731
KR70180V0009,0180V0,0.8,141545250000,7315,7171.69,2026-04-14,주식,해외,실물(액티브),배당소득세(보유기간과세),FnGuide 미국스페이스테크 지수(시장가격),미국,AI·테크,일반,20260731
KR7473590008,473590,0.3,40652500000,17675,17037.29,2023-12-27,주식,해외,실물(패시브),배당소득세(보유기간과세),FnGuide 미국 주식 베스트셀러 지수(시장가격지수),미국,기타,일반,20260731
KR70008E0000,0008E0,0.45,12131500000,12770,12723.36,2025-01-21,주식,해외,실물(패시브),배당소득세(보유기간과세),NYSE FactSet US Focus Manufacturing Index(Price Return),미국,기타,일반,20260731
KR7391600004,391600,0.7,5080500000,11290,11162.13,2021-08-05,주식,해외,실물(패시브),배당소득세(보유기간과세),Indxx US Green Infrastructure Price return Index,미국,기타,일반,20260731
KR7455660001,455660,0.24,62271000000,9435,9419.13,2023-04-18,채권,해외,실물(액티브),배당소득세(보유기간과세),iBoxx USD Liquid High Yield Total Return Index,기타,기타,일반,20260731
KR7245710009,245710,0.7,281358000000,28710,28743.45,2016-07-01,주식,해외,합성(패시브),배당소득세(보유기간과세),VN30 Index(PR),베트남,기타,일반,20260731
KR7131890006,131890,0.15,15400000000,38500,38610.78,2010-09-17,주식,국내,실물(패시브),비과세,MKF SAMs EW 지수,한국,기타,일반,20260731
KR7108450008,108450,0.15,81994000000,37270,37260.05,2009-02-03,주식,국내,실물(패시브),비과세,MKF SAMs SW,한국,기타,일반,20260731
KR70194M0004,0194M0,0.09,61950000000,11800,11379.18,2026-05-27,주식,국내,실물(패시브),배당소득세(보유기간과세),KRX 삼성전자 지수,한국,개별종목,일반,20260731
KR7226380004,226380,0.5,3895500000,5565,5575.19,2015-08-19,주식,국내,실물(패시브),비과세,FnGuide 성장소비주도 지수,한국,소비재,일반,20260731
KR7316300003,316300,0.4,6797500000,13595,13780.3,2019-01-29,부동산,해외,실물(패시브),배당소득세(분리과세부동산ETF),Morningstar Singapore REIT Yield Focus Index(PR),기타,리츠·부동산,일반,20260731
KR7277540001,277540,0.7,24180000000,32240,32527.23,2017-08-23,주식,국내&해외,실물(패시브),배당소득세(보유기간과세),S&P ASIA50 Price Return Index,국내+해외,기타,일반,20260731
KR7483320008,483320,0.45,284922250000,23645,22837.52,2024-06-11,주식,해외,실물(액티브),배당소득세(보유기간과세),KEDI 글로벌AI반도체 지수,글로벌,반도체,일반,20260731
KR7448540005,448540,0.07,227656000000,25870,25766.13,2022-11-29,혼합자산,국내&해외,실물(패시브),배당소득세(보유기간과세),Bloomberg Blended NVIDIA Equity and Korean Bond Index,미국,개별종목,일반,20260731
KR70099L0001,0099L0,0.095,163819905000,99345,99424.5,2025-09-09,채권,국내,실물(액티브),배당소득세(보유기간과세),KIS 1~3년 우량크레딧(AA-이상) 총수익지수,한국,채권·금리,일반,20260731
KR7433500006,433500,0.3,186345000000,45450,45538.34,2022-06-28,주식,국내,실물(패시브),비과세,DeepSearch 원자력 TOP 10지수,한국,에너지·원자력,일반,20260731
KR70102X0002,0102X0,0.35,6646500000,9495,9525.04,2025-09-23,주식,해외,실물(패시브),배당소득세(보유기간과세),NYSE FactSet Europe Defense TOP10 Index (Price Return),미국,방산·우주,일반,20260731
KR7487920001,487920,0.45,8405000000,8405,8394.2,2024-09-10,주식,해외,실물(액티브),배당소득세(보유기간과세),Indxx India Big 5 Conglomerates Index (Price Return),인도,기타,일반,20260731
KR7487910002,487910,0.45,10758000000,8965,8952.15,2024-09-10,주식,해외,실물(액티브),배당소득세(보유기간과세),Indxx India Super Consumption Index (Price Return),인도,기타,일반,20260731
KR7145670006,145670,0.15,3128000000,1360,1384.58,2011-09-08,주식,국내,실물(패시브),배당소득세(보유기간과세),코스피 200 선물지수,한국,광범위지수,일반,20260731
KR7497520007,497520,0.45,8547500000,13150,13196.47,2024-11-19,주식,해외,실물(패시브),배당소득세(보유기간과세),Solactive Eli Lilly Value Chain Index(PR),기타,기타,일반,20260731
KR7196030001,196030,0.5,43002500000,86005,86864.08,2014-06-16,주식,해외,실물(패시브),배당소득세(보유기간과세),TOPIX,일본,광범위지수,일반,20260731
KR7238720007,238720,0.3,42147000000,46830,46869.8,2016-03-03,주식,해외,실물(패시브),배당소득세(해외주식투자전용ETF),Nikkei 225,일본,기타,일반,20260731
KR7469160006,469160,0.45,22599000000,25110,24709.87,2023-10-17,주식,해외,실물(패시브),배당소득세(보유기간과세),Bloomberg Japan Semiconductor Select Top 25 Index(Price Return),일본,반도체,일반,20260731
KR7205720006,205720,0.5,4434000000,1478,1494.82,2014-09-29,주식,해외,합성(패시브),배당소득세(보유기간과세),TOPIX,일본,광범위지수,일반,20260731
KR7356540005,356540,0.02,1054166950000,101450,101409.06,2020-07-21,채권,국내,실물(액티브),배당소득세(보유기간과세),KIS 종합채권 AA-이상 총수익 지수(Total return Index),한국,채권·금리,일반,20260731
KR7447430000,447430,0.7,46816500000,15870,15890.09,2022-11-15,주식,국내,실물(액티브),배당소득세(보유기간과세),FnGuide 올라운드 가치주 지수,한국,기타,일반,20260731
KR7416090009,416090,0.5,20130000000,13420,13177.05,2022-01-13,주식,해외,실물(패시브),배당소득세(보유기간과세),STAR 50 Index(Price Return),기타,기타,일반,20260731
KR7168580009,168580,0.7,110916000000,35550,35536.39,2012-11-29,주식,해외,실물(패시브),배당소득세(해외주식투자전용ETF),CSI 300 Index,중국,광범위지수,일반,20260731
KR7219900008,219900,0.5,6349000000,4535,4531.52,2015-05-28,주식,해외,합성(패시브),배당소득세(보유기간과세),CSI 300 Index,중국,광범위지수,일반,20260731
KR7272910001,272910,0.08,76426000000,106000,106076.78,2017-06-29,채권,국내,실물(액티브),배당소득세(보유기간과세),KIS 종합채권국공채1-10Y지수,한국,채권·금리,일반,20260731
KR70087F0003,0087F0,0.45,6572500000,13145,13083.43,2025-07-29,주식,해외,실물(액티브),배당소득세(보유기간과세),Solactive China AI Big Tech TOP2+ Index (Price Return),중국,AI·테크,일반,20260731
KR7371870007,371870,0.25,11736000000,7335,7358.01,2020-12-16,주식,해외,실물(패시브),배당소득세(보유기간과세),Hang Seng TECH Index,중국,AI·테크,일반,20260731
KR70209Z0002,0209Z0,0.39,27315000000,6070,5993.75,2026-06-23,주식,국내,실물(패시브),비과세,Akros 코리아 AI전력 TOP 10 지수 (시장가격),한국,AI·테크,일반,20260731
KR7380340000,380340,0.35,29994000000,24995,25118.11,2021-04-02,주식,국내,실물(패시브),비과세,FnGuide 코리아AI테크핵심산업지수 (Price Return),한국,AI·테크,일반,20260731
KR7496120007,496120,0.09,24450000000,32600,32321.13,2024-11-04,주식,국내,실물(패시브),비과세,코리아 밸류업 지수,한국,배당주,일반,20260731
KR7354500001,354500,0.02,123422000000,12220,12184.11,2020-05-07,주식,국내,실물(패시브),비과세,코스닥 150,한국,광범위지수,일반,20260731
KR7305050007,305050,0.02,41151000000,68585,68479.11,2018-10-05,주식,국내,실물(패시브),비과세,코스피,한국,광범위지수,일반,20260731
KR7457480002,457480,0.29,720153000000,17395,17059.02,2023-05-16,주식,해외,실물(액티브),배당소득세(보유기간과세),Bloomberg EV Supporters Plus Tesla Price Return Index,미국,개별종목,일반,20260731
KR7469170005,469170,0.3,102996250000,5215,5200.06,2023-10-17,주식,국내,실물(패시브),비과세,FnGuide 포스코그룹포커스 지수(시장가격),한국,기타,일반,20260731
KR7491220000,491220,0.01,56475000000,125500,124749.2,2024-09-10,주식,국내,실물(패시브),배당소득세(보유기간과세),코스피 200 TR,한국,광범위지수,일반,20260731
KR7152100004,152100,0.017,1464828750000,109725,106706.17,2012-01-10,주식,국내,실물(패시브),비과세,코스피 200,한국,광범위지수,일반,20260731
KR7253150007,253150,0.06,47846250000,191385,189389.34,2016-09-29,주식,국내,실물(패시브),배당소득세(보유기간과세),코스피 200 선물지수,한국,광범위지수,일반,20260731
KR7253160006,253160,0.06,1735500000,195,178.67,2016-09-22,주식,국내,실물(패시브),배당소득세(보유기간과세),코스피 200 선물지수,한국,광범위지수,일반,20260731
KR70203D0004,0203D0,0.39,9878000000,8980,8888.75,2026-06-02,혼합자산,국내,실물(패시브),배당소득세(보유기간과세),코스피 200 KTB 혼합 위클리 고정 10% 커버드콜 지수,한국,채권·금리,커버드콜,20260731
KR70210E0004,0210E0,0.491,52920000000,7350,7259.75,2026-06-23,주식,국내,실물(액티브),배당소득세(보유기간과세),코스피 200 위클리 고정 30% 커버드콜 지수,한국,광범위지수,커버드콜,20260731
KR7395750003,395750,0.105,8058000000,20145,19640.41,2021-07-30,주식,국내,실물(액티브),배당소득세(보유기간과세),FnGuide 한화 ESG 가치 지수,한국,광범위지수,일반,20260731
KR7395760002,395760,0.105,12210000000,20350,20033.59,2021-07-30,주식,국내,실물(액티브),배당소득세(보유기간과세),FnGuide 한화 ESG 성장 지수,한국,광범위지수,일반,20260731
KR7453010001,453010,0.05,16877630000,109595,109593.94,2023-03-14,기타,국내,실물(패시브),배당소득세(보유기간과세),KOFR 지수,한국,채권·금리,일반,20260731
KR7227830007,227830,0.2,17180000000,68720,68185.93,2015-09-23,주식,국내,실물(패시브),비과세,코스피,한국,광범위지수,일반,20260731
KR7122090004,122090,0.33,183847800000,80635,79603.19,2010-01-07,주식,국내,실물(패시브),비과세,코스피 50,한국,광범위지수,일반,20260731
KR7429740004,429740,0.25,6622000000,6020,6032.6,2022-05-24,부동산,국내,실물(패시브),비과세(분리과세부동산ETF),FnGuide 리츠 지수,한국,리츠·부동산,일반,20260731
KR70104G0001,0104G0,0.5,13597500000,5550,5566.04,2025-09-30,주식,국내,실물(패시브),배당소득세(보유기간과세),FnGuide K-방위산업 지수,한국,방산·우주,일반,20260731
KR70090B0002,0090B0,0.45,12781750000,6235,6234.09,2025-08-26,주식,국내,실물(패시브),비과세,Akros K방산소부장 지수(PR),한국,방산·우주,일반,20260731
KR7449450006,449450,0.45,989919500000,49870,49966.08,2023-01-05,주식,국내,실물(패시브),비과세,FnGuide K-방위산업 지수,한국,방산·우주,일반,20260731
KR70166S0002,0166S0,0.63,55613250000,10395,10373.79,2026-03-24,주식,국내,실물(액티브),배당소득세(보유기간과세),Akros K제조업 50 지수,한국,기타,일반,20260731
KR7269540001,269540,0.3,88470000000,29490,29329.28,2017-05-16,주식,해외,실물(패시브),배당소득세(해외주식투자전용ETF),S&P 500,미국,광범위지수,일반,20260731
KR7269530002,269530,0.3,12666000000,21110,21176.53,2017-05-16,주식,해외,실물(패시브),배당소득세(해외주식투자전용ETF),S&P Global Infrastructure Index,글로벌,기타,일반,20260731
KR7251590006,251590,0.23,11802000000,16860,16757.66,2016-08-11,주식,국내,실물(패시브),비과세,FnGuide 고배당저변동50 지수,한국,배당주,일반,20260731
KR7161510003,161510,0.23,2311617300000,24610,24491.26,2012-08-29,주식,국내,실물(패시브),비과세,FnGuide 배당주 지수,한국,배당주,일반,20260731
KR70018C0000,0018C0,0.3,74130750000,10515,10269.93,2025-03-05,주식,국내,실물(패시브),배당소득세(보유기간과세),코스피 고배당 위클리 고정 커버드콜 지수,한국,배당주,커버드콜,20260731
KR7489030007,489030,0.3,275103000000,6210,6084.9,2024-08-13,주식,국내,실물(패시브),배당소득세(보유기간과세),코스피 고배당 위클리 콜매도 ATM 지수,한국,배당주,일반,20260731
KR7251600003,251600,0.2,590536000000,15220,15235.02,2016-08-11,혼합자산,국내,실물(패시브),배당소득세(보유기간과세),FnGuide 고배당 채권혼합 지수,한국,채권·금리,혼합,20260731
KR7461460008,461460,0.045,83435680000,51440,51449.66,2023-07-18,채권,국내,실물(액티브),배당소득세(보유기간과세),KAP 국고채 10년 동일가중 지수(총수익),한국,채권·금리,일반,20260731
KR7451600001,451600,0.05,11708705000,85465,85277.33,2023-02-07,채권,국내,실물(액티브),배당소득세(보유기간과세),KAP 국고채 30년 지수(총수익),한국,채권·금리,일반,20260731
KR7491230009,491230,0.05,114668400000,52360,52367.06,2024-09-10,채권,국내,실물(액티브),배당소득세(보유기간과세),KAP 국공채 MMF 지수(총수익),한국,채권·금리,일반,20260731
KR7289670002,289670,0.05,5839120000,52135,52087.75,2018-02-07,채권,국내,실물(패시브),배당소득세(보유기간과세),10년국채선물지수,한국,채권·금리,일반,20260731
KR7298340001,298340,0.1,55276900000,56405,56416.28,2018-06-08,채권,국내,실물(패시브),배당소득세(보유기간과세),국채선물지수,한국,채권·금리,일반,20260731
KR7489010009,489010,0.45,2913000000,19420,19320.33,2024-08-13,주식,해외,실물(패시브),배당소득세(보유기간과세),Solactive Global AI Infrastructure Index (PR),글로벌,AI·테크,일반,20260731
KR7442580007,442580,0.5,1808711100000,103770,99233.97,2022-09-22,주식,해외,실물(패시브),배당소득세(보유기간과세),iSelect 글로벌HBM반도체 지수,글로벌,반도체,일반,20260731
KR7496770009,496770,0.45,32401250000,18515,18497.43,2024-11-12,주식,해외,실물(패시브),배당소득세(보유기간과세),Solactive Global Defense Index(PR),글로벌,방산·우주,일반,20260731
KR7419650007,419650,0.5,17259000000,5230,5210.82,2022-02-15,주식,해외,실물(패시브),배당소득세(보유기간과세),BlueStar Hydrogen and NextGen Fuel Cell Index (시장가격),기타,에너지·원자력,일반,20260731
KR70007G0009,0007G0,0.39,41007250000,13445,13390.97,2025-01-14,주식,해외,실물(패시브),배당소득세(보유기간과세),Solactive Global Nuclear Energy Value Chain Index(PR),글로벌,에너지·원자력,일반,20260731
KR70166T0001,0166T0,0.45,9054000000,10060,9937.75,2026-03-31,주식,해외,실물(액티브),배당소득세(보유기간과세),iSelect 미국AI지적재산 지수(PR),미국,AI·테크,일반,20260731
KR70035T0000,0035T0,0.45,93411000000,19260,19268.47,2025-04-15,주식,국내&해외,실물(액티브),배당소득세(보유기간과세),iSelect 글로벌휴머노이드로봇 (PR),글로벌,AI·테크,일반,20260731
KR7415920008,415920,0.5,30761500000,6545,6559.79,2022-01-18,주식,해외,실물(패시브),배당소득세(보유기간과세),MVIS Global Rare Earth/Strategic Metals Index (Price Return),글로벌,기타,일반,20260731
KR70138Y0009,0138Y0,0.15,97693750000,9625,9664.9,2025-12-16,혼합자산,국내&해외,실물(패시브),배당소득세(보유기간과세),Akros 미국 금현물 ETF 채권혼합 지수,미국,채권·금리,혼합,20260731
KR7278620000,278620,0.07,63137760000,118680,118677.22,2017-09-26,채권,국내,실물(액티브),배당소득세(보유기간과세),"KAP 투자적격 크레딧 채권 1년 지수(A- 이상,총수익)",한국,채권·금리,일반,20260731
KR7477050009,477050,0.05,407243520000,53360,53361.89,2024-03-26,채권,국내,실물(액티브),배당소득세(보유기간과세),KAP 시가평가 MMF 지수(총수익),한국,채권·금리,일반,20260731
KR70050E0007,0050E0,0.45,4353250000,7915,7837.33,2025-05-20,주식,해외,실물(패시브),배당소득세(보유기간과세),Solactive US AI Agents Index(PR),미국,AI·테크,일반,20260731
KR7429760002,429760,0.07,41328000000,19680,19623.25,2022-05-31,주식,해외,실물(패시브),배당소득세(보유기간과세),S&P 500,미국,광범위지수,일반,20260731
KR70057H0007,0057H0,0.15,80648000000,11860,11836.52,2025-06-10,혼합자산,해외,실물(액티브),배당소득세(보유기간과세),S&P 500 and U.S. Treasury Bill 0-3 Month 50/50 Blend Index (USD),미국,채권·금리,일반,20260731
KR7494410004,494410,0.006,31031000000,14105,14089.98,2024-10-22,주식,해외,실물(패시브),배당소득세(보유기간과세),S&P 500 Growth Index(PR),미국,광범위지수,일반,20260731
KR70153X0000,0153X0,0.23,22680000000,11340,11313.48,2026-01-27,주식,해외,실물(액티브),배당소득세(보유기간과세),Akros 미국 고배당주 20 지수,미국,배당주,일반,20260731
KR70089B0005,0089B0,0.15,31836000000,11370,11327.47,2025-08-19,혼합자산,해외,실물(패시브),배당소득세(보유기간과세),Nasdaq-100 US T-Bills 1-3 Month 50/50 Index (USD),미국,기타,일반,20260731
KR7287180004,287180,0.5,46720250000,54965,53938.69,2017-12-13,주식,해외,실물(패시브),배당소득세(해외주식투자전용ETF),NASDAQ 100 Technology Sector Index,미국,AI·테크,일반,20260731
KR7332610005,332610,0.315,12457920000,129770,129666.39,2019-08-20,채권,해외,실물(패시브),배당소득세(보유기간과세),ICE BofaAML 1-3 Year AAA-A US Corporate Index(총수익지수),미국,채권·금리,일반,20260731
KR7456200005,456200,0.09,6787550000,61705,61581.46,2023-05-09,기타,해외,합성(액티브),배당소득세(보유기간과세),Solactive SOFR Daily Total Return Index,미국,채권·금리,일반,20260731
KR70078V0004,0078V0,0.49,5434000000,9880,9668.04,2025-07-22,주식,해외,실물(패시브),배당소득세(보유기간과세),KEDI 미국로보택시 지수(PR),미국,기타,일반,20260731
KR7494420003,494420,0.39,16320000000,9600,9563.45,2024-10-22,주식,해외,실물(패시브),배당소득세(보유기간과세),Bloomberg U.S. Dividend Growth Partial Covered Call Index,미국,배당주,커버드콜,20260731
KR70023B0004,0023B0,0.45,31070000000,15535,15169.16,2025-03-11,주식,해외,실물(패시브),배당소득세(보유기간과세),iSelect 미국양자컴퓨팅 TOP10 (PR),미국,AI·테크,일반,20260731
KR7332620004,332620,0.315,17130135000,91605,91556.59,2019-08-20,채권,해외,실물(패시브),배당소득세(보유기간과세),ICE BofaAML 15+ Year AAA-A US Corporate Index(총수익지수),미국,채권·금리,일반,20260731
KR7464470004,464470,0.15,41002240000,49760,49750.33,2023-08-22,채권,해외,실물(액티브),배당소득세(보유기간과세),ICE U.S. Treasury 20+ Year Bond Index(Total Return),미국,채권·금리,일반,20260731
KR7461900003,461900,0.01,17720000000,22150,21880.25,2023-07-18,주식,해외,실물(패시브),배당소득세(보유기간과세),iSelect 미국 Tech 10 지수,미국,AI·테크,일반,20260731
KR70193K0007,0193K0,0.09,18840000000,12560,12320.89,2026-05-27,주식,국내,실물(패시브),배당소득세(보유기간과세),KRX 삼성전자 지수,한국,개별종목,일반,20260731
KR70193L0006,0193L0,0.49,20830400000,11080,14124.56,2026-05-27,주식,국내,실물(패시브),배당소득세(보유기간과세),KRX 삼성전자 선물 지수,한국,개별종목,일반,20260731
KR7238670004,238670,0.2,3910500000,13035,13138.43,2016-02-24,혼합자산,국내,실물(패시브),배당소득세(보유기간과세),WISE-KAP 스마트베타 Quality 채권혼합지수,한국,채권·금리,혼합,20260731
KR7256450008,256450,0.5,7632500000,15265,15259.13,2016-11-08,주식,해외,합성(패시브),배당소득세(보유기간과세),SZSE ChiNext Price Index,기타,기타,일반,20260731
KR7447660002,447660,0.25,20557500000,13705,13995.79,2022-11-29,혼합자산,국내&해외,실물(패시브),배당소득세(보유기간과세),FnGuide 애플채권혼합 지수,미국,개별종목,혼합,20260731
KR7239660004,239660,0.135,21858300000,121435,121445.28,2016-03-22,채권,국내,실물(패시브),배당소득세(보유기간과세),KOBI HALF CREDIT Index(총수익),한국,채권·금리,일반,20260731
KR7421320003,421320,0.45,223344000000,23760,23631.99,2022-03-29,주식,국내,실물(패시브),비과세,iSelect 우주항공UAM 지수,한국,방산·우주,일반,20260731
KR70184N0005,0184N0,0.15,8450000000,8450,8501.51,2026-05-12,혼합자산,국내&해외,실물(패시브),배당소득세(보유기간과세),Akros 은 채권혼합 지수,국내+해외,채권·금리,혼합,20260731
KR7464920008,464920,0.5,29987500000,23990,24116.64,2023-08-31,주식,해외,실물(패시브),배당소득세(보유기간과세),Solactive Japan Semiconductor Materials and Equipment Index PR,일본,반도체,일반,20260731
KR7489000000,489000,0.19,20713000000,9415,9443.13,2024-08-13,채권,해외,합성(패시브),배당소득세(보유기간과세),KAP 일본 단기 국채 지수(총수익),일본,채권·금리,일반,20260731
KR70098N0000,0098N0,0.3,76169500000,12590,12641.57,2025-09-16,주식,국내,실물(패시브),비과세,FnGuide 고배당주 플러스 자사주 지수 (PR),한국,배당주,일반,20260731
KR7433880002,433880,0.2,65082500000,18595,18546.29,2022-06-30,혼합자산,국내&해외,실물(액티브),배당소득세(보유기간과세),Morningstar Korea Lifetime Allocation Moderate 2060 Index (Gross Return),국내+해외,기타,일반,20260731
KR7451000004,451000,0.045,453599370000,107310,107358.74,2023-01-10,채권,국내,실물(액티브),배당소득세(보유기간과세),"KAP 종합채권지수(AA-이상, 총수익)",한국,채권·금리,일반,20260731
KR7280920000,280920,0.23,11973500000,21770,21668.63,2017-10-17,주식,국내,실물(패시브),비과세,FnGuide 주도업종 지수,한국,기타,일반,20260731
KR70184L0007,0184L0,0.06,104499200000,100480,100426.55,2026-05-12,채권,국내,실물(액티브),배당소득세(보유기간과세),KIS 중기종합채권(A-이상) 지수(총수익),한국,채권·금리,일반,20260731
KR7266550003,266550,0.23,4400000000,17600,17694.04,2017-03-28,주식,국내,실물(패시브),비과세,FnGuide 중형주저변동50지수,한국,기타,일반,20260731
KR70047N0002,0047N0,0.49,7444500000,10635,10630.33,2025-05-13,주식,해외,실물(패시브),배당소득세(보유기간과세),Solactive China AI Tech Top10 Index(PR),중국,AI·테크,일반,20260731
KR70128D0006,0128D0,0.39,5183500000,7405,7456.29,2025-11-18,주식,해외,실물(패시브),배당소득세(보유기간과세),HSTECH 15% Target Premium Weekly Covered Call Index,기타,기타,커버드콜,20260731
KR7495040008,495040,0.009,87108000000,31110,30885.5,2024-11-04,주식,국내,실물(패시브),비과세,코리아 밸류업 지수,한국,배당주,일반,20260731
KR70166N0007,0166N0,0.63,24563000000,6380,6417.44,2026-03-17,주식,국내,실물(액티브),배당소득세(보유기간과세),코스닥 150,한국,광범위지수,일반,20260731
KR7301400008,301400,0.15,8624000000,12320,12191.04,2018-07-05,주식,국내,실물(패시브),비과세,코스닥 150,한국,광범위지수,일반,20260731
KR7328370002,328370,0.15,116802000000,37080,37045.75,2019-06-25,주식,국내,실물(패시브),배당소득세(보유기간과세),코스피 TR,한국,광범위지수,일반,20260731
KR7457990000,457990,0.45,108292750000,30505,30471.87,2023-06-20,주식,국내,실물(패시브),비과세,FnGuide 태양광 & ESS 지수,한국,에너지·원자력,일반,20260731
KR70132K0001,0132K0,0.39,105989000000,8060,8019.06,2025-12-09,주식,국내&해외,실물(패시브),배당소득세(보유기간과세),Akros 테슬라 위클리 커버드콜 채권혼합 지수,미국,개별종목,커버드콜,20260731
KR70000J0003,0000J0,0.19,94267250000,24485,24479.24,2024-12-24,주식,국내,실물(패시브),비과세,FnGuide 한화그룹주 지수,한국,기타,일반,20260731
KR7461910002,461910,0.5,17935000000,35870,35081.75,2023-07-18,주식,해외,합성(패시브),배당소득세(보유기간과세),iSelect 미국 Tech 10 지수,미국,AI·테크,일반,20260731
KR7213630007,213630,0.4,19310800000,20990,20977.03,2015-01-26,주식,해외,합성(패시브),배당소득세(보유기간과세),Dow Jones U.S Select Dividend Index(시장가격지수),미국,배당주,일반,20260731
KR7189400005,189400,0.4,7606500000,25355,25359.67,2013-12-10,주식,해외,합성(패시브),배당소득세(보유기간과세),MSCI ACWI Index,글로벌,광범위지수,일반,20260731
KR7195970009,195970,0.5,24060800000,16480,16379.73,2014-05-13,주식,해외,합성(패시브),배당소득세(보유기간과세),MSCI EAFE Index,기타,광범위지수,일반,20260731
KR7195980008,195980,0.5,98268800000,14980,15028.35,2014-05-13,주식,해외,합성(패시브),배당소득세(보유기간과세),MSCI EM Index,신흥국,광범위지수,일반,20260731
KR70184V0005,0184V0,0.51,5566000000,5060,5085.68,2026-05-12,주식,국내,실물(액티브),배당소득세(보유기간과세),FnGuide K-바이오 밸런스드 지수,한국,바이오·헬스케어,일반,20260731
KR7433250008,433250,0.355,5610000000,22440,22132.7,2022-07-06,주식,국내,실물(액티브),배당소득세(보유기간과세),코스피 200,한국,광범위지수,일반,20260731
KR7494220007,494220,0.5,154814750000,42415,41817.59,2024-11-07,주식,국내,실물(액티브),배당소득세(보유기간과세),FnGuide SK하이닉스밸류체인 지수,한국,개별종목,일반,20260731
KR7470310004,470310,0.5,4786500000,15955,16073.73,2023-11-21,주식,국내,실물(액티브),배당소득세(보유기간과세),iSelect AI 지수,한국,AI·테크,일반,20260731
KR7476000005,476000,0.5,2645500000,4810,4815.15,2024-02-27,주식,국내,실물(액티브),배당소득세(보유기간과세),iSelect 포스트 IPO 지수,한국,기타,일반,20260731
KR7491700001,491700,0.05,62850000000,104750,105914.44,2024-09-10,주식,국내,실물(패시브),비과세,코스피 200,한국,광범위지수,일반,20260731
KR70000Y0004,0000Y0,0.065,122917850000,101585,101604.95,2024-12-24,채권,국내,실물(액티브),배당소득세(보유기간과세),KAP 26-12 크레딧 채권 총수익지수(AA-이상),한국,채권·금리,일반,20260731
KR7215620006,215620,0.4,8353800000,15470,15668.74,2015-03-25,주식,국내,실물(패시브),비과세,S&P Korea 저변동성 지수,한국,기타,일반,20260731
KR70113P0009,0113P0,0.045,52916290000,102155,102158.53,2025-09-30,채권,국내,실물(액티브),배당소득세(보유기간과세),KAP 머니마켓 지수(총수익),한국,기타,일반,20260731
KR7391670007,391670,0.3,16200000000,27000,26862.13,2021-07-06,주식,국내,실물(액티브),배당소득세(보유기간과세),코스피 200,한국,광범위지수,일반,20260731
KR7472920008,472920,0.036,265972000000,98000,98233.84,2023-11-28,채권,국내,실물(액티브),배당소득세(보유기간과세),KAP 종합채권 AA- 이상 지수(총수익),한국,채권·금리,일반,20260731
