ISIN,KRX코드,종목명,운용사,총보수,시가총액,종가,NAV,상장일,자산분류,시장분류,운용방식,과세유형,기초지수명,투자지역,테마섹터,전략,기준일자
KR70193M0005,0193M0,BNK 27-12 특수채(AAA이상)액티브,비엔케이자산운용,0.07,106376480000,50320,50297.27,2026-06-16,채권,국내,실물(액티브),배당소득세(보유기간과세),KAP 27-12 특수채 총수익 지수(AAA이상),한국,채권·금리,일반,20260805
KR7466810009,466810,BNK 2차전지양극재,비엔케이자산운용,0.395,7467500000,5150,5150.49,2023-10-19,주식,국내,실물(패시브),비과세,iSelect 2차전지양극재 지수,한국,2차전지,일반,20260805
KR7457930006,457930,BNK 미래전략기술액티브,비엔케이자산운용,0.495,8097000000,26990,26884.24,2023-06-20,주식,국내,실물(액티브),배당소득세(보유기간과세),iSelect 미래전략기술 지수 (PR),한국,기타,일반,20260805
KR70218K0008,0218K0,BNK 스마트카,비엔케이자산운용,0.45,7860000000,10480,10458.78,2026-07-21,주식,국내,실물(패시브),비과세,FnGuide 스마트카 지수,한국,자동차,일반,20260805
KR7487750002,487750,BNK 온디바이스AI,비엔케이자산운용,0.395,11452000000,28630,28642.48,2024-07-23,주식,국내,실물(패시브),비과세,FnGuide 온디바이스AI 지수,한국,AI·테크,일반,20260805
KR7445690001,445690,BNK 주주가치액티브,비엔케이자산운용,0.495,17859000000,29765,29634.11,2022-10-27,주식,국내,실물(액티브),배당소득세(보유기간과세),FnGuide 주주가치 지수,한국,배당주,일반,20260805
KR70120J0008,0120J0,BNK 카카오그룹포커스,비엔케이자산운용,0.395,9918750000,7935,7903.45,2025-12-02,주식,국내,실물(패시브),비과세,FnGuide 카카오그룹 포커스 지수,한국,개별종목,일반,20260805
KR70112X0000,0112X0,마이티 200TR,디비자산운용,0.05,35149500000,39055,39205.18,2025-10-28,주식,국내,실물(패시브),배당소득세(보유기간과세),코스피 200 TR,한국,광범위지수,일반,20260805
KR7465780005,465780,마이티 26-09 특수채(AAA)액티브,디비자산운용,0.06,102256155000,106185,106197.51,2023-09-21,채권,국내,실물(액티브),배당소득세(보유기간과세),KAP 26-09 특수채 지수(총수익),한국,채권·금리,일반,20260805
KR70191M0007,0191M0,마이티 5월만기자동연장특수채(AAA)액티브,디비자산운용,0.06,41619420000,100530,100544.15,2026-06-02,채권,국내,실물(액티브),배당소득세(보유기간과세),KAP 5월 만기자동연장 특수채(AAA) 총수익 지수,한국,채권·금리,일반,20260805
KR70222F0009,0222F0,마이티 AI데이터센터밸류체인,디비자산운용,0.365,9916000000,12395,12347.62,2026-08-04,주식,국내,실물(패시브),비과세,KAP AI데이터센터밸류체인지수,한국,AI·테크,일반,20260805
KR7442260006,442260,마이티 다이나믹퀀트액티브,디비자산운용,0.295,48186600000,36505,36341.28,2022-10-25,주식,국내,실물(액티브),배당소득세(보유기간과세),코스피 200,한국,광범위지수,일반,20260805
KR70001P0004,0001P0,마이티 바이오시밀러&CDMO액티브,디비자산운용,0.805,10444000000,9325,9273.99,2024-12-24,주식,국내,실물(액티브),배당소득세(보유기간과세),FnGuide 바이오시밀러&CDMO 지수,한국,바이오·헬스케어,일반,20260805
KR7159800002,159800,마이티 코스피100,디비자산운용,0.375,23262400000,83080,83043.41,2012-07-05,주식,국내,실물(패시브),비과세,코스피 100,한국,광범위지수,일반,20260805
KR7472840008,472840,IBK 200,아이비케이자산운용,0.08,38975625000,103935,103844.14,2023-12-21,주식,국내,실물(패시브),비과세,코스피 200,한국,광범위지수,일반,20260805
KR70005G0001,0005G0,IBK K-AI반도체코어테크,아이비케이자산운용,0.28,163012500000,47250,47107.07,2025-01-21,주식,국내,실물(패시브),비과세,FnGuide K-AI반도체 코어테크 지수,한국,반도체,일반,20260805
KR70178H0001,0178H0,IBK 미국AI TOP10국채혼합50,아이비케이자산운용,0.25,47267250000,10165,10112.05,2026-04-28,혼합자산,국내&해외,실물(패시브),배당소득세(보유기간과세),FnGuide 미국AI TOP10국채혼합 지수,미국,AI·테크,혼합,20260805
KR70135Y0002,0135Y0,IBK 중기종합채권(AA-이상)액티브,아이비케이자산운용,0.041,114257130000,100490,100529.05,2025-12-16,채권,국내,실물(액티브),배당소득세(보유기간과세),"KIS 중기종합채권 (1~5Y, AA-이상, 총수익)",한국,채권·금리,일반,20260805
KR70221V0000,0221V0,IBK 초단기채권액티브,아이비케이자산운용,0.05,102068135000,100165,100179.46,2026-07-21,채권,국내,실물(액티브),배당소득세(보유기간과세),KIS 단기자금 총수익지수,한국,채권·금리,일반,20260805
KR70191S0001,0191S0,IBK 코스닥150,아이비케이자산운용,0.105,10108400000,13660,13656.76,2026-05-19,주식,국내,실물(패시브),비과세,코스닥 150,한국,광범위지수,일반,20260805
KR70208N0007,0208N0,IBK 코스피액티브,아이비케이자산운용,0.415,12003750000,7275,7236.99,2026-06-23,주식,국내,실물(액티브),배당소득세(보유기간과세),코스피,한국,광범위지수,일반,20260805
KR7361580004,361580,RISE 200TR,케이비자산운용,0.012,474800000000,59350,59319.28,2020-08-21,주식,국내,실물(패시브),배당소득세(보유기간과세),코스피 200 TR,한국,광범위지수,일반,20260805
KR7290080001,290080,RISE 200고배당커버드콜ATM,케이비자산운용,0.4,12468750000,7125,7141.21,2018-02-27,주식,국내,실물(패시브),배당소득세(보유기간과세),코스피 200 고배당커버드콜 ATM 지수(시장가격지수),한국,배당주,커버드콜,20260805
KR7284980000,284980,RISE 200금융,케이비자산운용,0.19,18031800000,21990,22034.71,2017-12-08,주식,국내,실물(패시브),비과세,코스피 200 금융,한국,금융,일반,20260805
KR7252400007,252400,RISE 200선물레버리지,케이비자산운용,0.022,66895500000,95565,95626.92,2016-09-12,주식,국내,실물(패시브),배당소득세(보유기간과세),코스피 200 선물지수,한국,광범위지수,일반,20260805
KR7252420005,252420,RISE 200선물인버스2X,케이비자산운용,0.022,4540900000,91,91.35,2016-09-22,주식,국내,실물(패시브),배당소득세(보유기간과세),코스피 200 선물지수,한국,광범위지수,일반,20260805
KR7252410006,252410,RISE 200선물인버스,케이비자산운용,0.022,2776000000,1388,1389.39,2016-09-12,주식,국내,실물(패시브),배당소득세(보유기간과세),코스피 200 선물지수,한국,광범위지수,일반,20260805
KR7475720009,475720,RISE 200위클리커버드콜,케이비자산운용,0.3,781348500000,12030,12016.43,2024-03-05,주식,국내,실물(패시브),배당소득세(보유기간과세),코스피 200 위클리 커버드콜 ATM 지수,한국,광범위지수,커버드콜,20260805
KR7148020001,148020,RISE 200,케이비자산운용,0.017,4442587500000,105150,105121.43,2011-10-20,주식,국내,실물(패시브),비과세,코스피 200,한국,광범위지수,일반,20260805
KR7183700004,183700,RISE 200채권혼합50,케이비자산운용,0.2,39837000000,94850,94468.87,2013-10-17,혼합자산,국내,실물(패시브),배당소득세(보유기간과세),코스피 200 KTB 혼합지수,한국,채권·금리,혼합,20260805
KR70122W0009,0122W0,RISE 26-11 회사채(AA-이상)액티브,케이비자산운용,0.05,113688260000,50890,50885.33,2025-11-18,채권,국내,실물(액티브),배당소득세(보유기간과세),KAP 26-11 회사채(AA-이상) 총수익지수,한국,채권·금리,일반,20260805
KR7465330009,465330,RISE 2차전지TOP10,케이비자산운용,0.07,59511000000,9960,9988.43,2023-09-12,주식,국내,실물(패시브),비과세,iSelect 2차전지 TOP10 지수(PR),한국,2차전지,일반,20260805
KR7465350007,465350,RISE 2차전지TOP10인버스(합성),케이비자산운용,0.49,38400000000,19200,19192.25,2023-09-12,주식,국내,합성(패시브),배당소득세(보유기간과세),iSelect 2차전지 TOP10 지수(PR),한국,2차전지,일반,20260805
KR7422420000,422420,RISE 2차전지액티브,케이비자산운용,0.35,189407700000,5945,5946.8,2022-04-08,주식,국내,실물(액티브),배당소득세(보유기간과세),iSelect 2차전지 지수 (시장가격지수),한국,2차전지,일반,20260805
KR7105780001,105780,RISE 5대그룹주,케이비자산운용,0.4,33000000000,16500,16474.61,2008-10-22,주식,국내,실물(패시브),비과세,MKF 5대그룹주,한국,광범위지수,일반,20260805
KR7469070007,469070,RISE AI&로봇,케이비자산운용,0.4,390249000000,11790,11799.47,2023-10-24,주식,국내,실물(패시브),비과세,iSelect AI&로봇 지수(시장가격),한국,AI·테크,일반,20260805
KR70093A0000,0093A0,RISE AI반도체TOP10,케이비자산운용,0.2,160461000000,29715,29699.03,2025-08-26,주식,국내,실물(패시브),비과세,FnGuide AI반도체TOP10 지수,한국,반도체,일반,20260805
KR70101N0005,0101N0,RISE AI전력인프라,케이비자산운용,0.2,595493250000,18995,18972.39,2025-09-23,주식,국내,실물(패시브),비과세,KRX-Akros AI 전력인프라 지수,한국,AI·테크,일반,20260805
KR7427120001,427120,RISE AI플랫폼,케이비자산운용,0.45,3399000000,5150,5158.94,2022-05-17,주식,국내,실물(패시브),비과세,FnGuide AI 플랫폼 지수,한국,AI·테크,일반,20260805
KR7477080006,477080,RISE CD금리액티브(합성),케이비자산운용,0.02,1670536170000,107230,107227.26,2024-03-26,기타,국내,합성(액티브),배당소득세(보유기간과세),FnGuide CD금리투자 지수(총수익),한국,채권·금리,일반,20260805
KR7290130004,290130,RISE ESG사회책임투자,케이비자산운용,0.3,650431000000,45805,45623.95,2018-02-27,주식,국내,실물(패시브),비과세,KRX ESG 사회책임경영지수(S),한국,광범위지수,일반,20260805
KR7367770005,367770,RISE 수소경제테마,케이비자산운용,0.45,118587500000,22375,22463.57,2020-10-29,주식,국내,실물(패시브),비과세,FnGuide 수소 경제 테마 지수,한국,에너지·원자력,일반,20260805
KR7326240009,326240,RISE IT플러스,케이비자산운용,0.4,106329600000,41535,41446.83,2019-06-20,주식,국내,실물(패시브),비과세,FnGuide IT플러스 지수,한국,AI·테크,일반,20260805
KR7385560008,385560,RISE KIS국고채30년Enhanced,케이비자산운용,0.05,775561130000,52495,52485.38,2021-05-26,채권,국내,실물(패시브),배당소득세(보유기간과세),KIS 국고채30년Enhanced지수(시장가격),한국,채권·금리,일반,20260805
KR7479520009,479520,RISE KOFR금리액티브(합성),케이비자산운용,0.02,1030349515000,106145,106145.5,2024-04-30,기타,국내,합성(액티브),배당소득세(보유기간과세),KOFR 지수,한국,채권·금리,일반,20260805
KR7270800006,270800,RISE KQ고배당,케이비자산운용,0.3,8514000000,15480,15413.3,2017-07-07,주식,국내,실물(패시브),비과세,FnGuide KQ고배당포커스 지수,한국,배당주,일반,20260805
KR7292050002,292050,RISE KRX300,케이비자산운용,0.05,16607500000,47450,47366.34,2018-03-26,주식,국내,실물(패시브),비과세,KRX 300,한국,광범위지수,일반,20260805
KR7388280000,388280,RISE K엔터&여행레저,케이비자산운용,0.45,23937200000,7210,7209.82,2021-06-10,주식,국내,실물(패시브),비과세,FnGuide K엔터&여행레저 지수,한국,게임·엔터,일반,20260805
KR70192L0007,0192L0,RISE SK하이닉스단일종목레버리지,케이비자산운용,0.09,49110750000,8970,8922.14,2026-05-27,주식,국내,실물(패시브),배당소득세(보유기간과세),KRX SK하이닉스 지수,한국,개별종목,일반,20260805
KR70013R0008,0013R0,RISE 테슬라미국채타겟커버드콜혼합(합성),케이비자산운용,0.25,27149000000,7985,7988.97,2025-02-18,혼합자산,해외,합성(패시브),배당소득세(보유기간과세),KEDI 테슬라미국30년국채15%타겟프리미엄 혼합지수(TR),미국,개별종목,커버드콜,20260805
KR7234310001,234310,RISE V&S셀렉트밸류,케이비자산운용,0.3,13905000000,27810,27675.98,2016-02-02,주식,국내,실물(패시브),비과세,FnGuide 셀렉트 밸류 지수,한국,광범위지수,일반,20260805
KR7241390004,241390,RISE V&S셀렉트밸류채권혼합,케이비자산운용,0.23,34089000000,15495,15613.34,2016-04-12,혼합자산,국내,실물(패시브),배당소득세(보유기간과세),FnGuide 셀렉트벨류 채권혼합지수,한국,채권·금리,혼합,20260805
KR7401170006,401170,RISE 메타버스,케이비자산운용,0.45,45302400000,11440,11386.31,2021-10-13,주식,국내,실물(패시브),비과세,iSelect 메타버스 지수(시장가격지수),한국,AI·테크,일반,20260805
KR7300640000,300640,RISE 게임테마,케이비자산운용,0.3,22407750000,6495,6506.46,2018-07-24,주식,국내,실물(패시브),비과세,WISE 게임 테마 지수 (시장가격지수),한국,게임·엔터,일반,20260805
KR7266160001,266160,RISE 고배당,케이비자산운용,0.2,203612750000,32065,31928.89,2017-04-14,주식,국내,실물(패시브),비과세,FnGuide 고배당포커스 지수,한국,배당주,일반,20260805
KR7481430007,481430,RISE 국고채10년액티브,케이비자산운용,0.012,103071640000,99490,99413.31,2024-05-21,채권,국내,실물(액티브),배당소득세(보유기간과세),KAP 국고채 10년 지수(총수익),한국,채권·금리,일반,20260805
KR7282000009,282000,RISE 국고채3년선물인버스,케이비자산운용,0.07,51320250000,114045,114113.16,2017-11-09,채권,국내,실물(패시브),배당소득세(보유기간과세),국채선물지수,한국,채권·금리,일반,20260805
KR7114100001,114100,RISE 국고채3년,케이비자산운용,0.115,99430950000,106915,106884.86,2009-07-29,채권,국내,실물(패시브),배당소득세(보유기간과세),KTB INDEX(시장가격),한국,채권·금리,일반,20260805
KR7451670004,451670,RISE 국채30년레버리지(합성),케이비자산운용,0.1,6265000000,12530,12442.83,2023-02-14,채권,국내,합성(패시브),배당소득세(보유기간과세),KAP 국채30년 TR 지수(총수익),한국,채권·금리,일반,20260805
KR7295020002,295020,RISE 국채선물10년인버스,케이비자산운용,0.07,43551800000,59660,59750.04,2018-05-11,채권,국내,실물(패시브),배당소득세(보유기간과세),10년국채선물지수,한국,채권·금리,일반,20260805
KR7295000004,295000,RISE 국채선물10년,케이비자산운용,0.07,5197500000,51975,51946.9,2018-05-11,채권,국내,실물(패시브),배당소득세(보유기간과세),10년국채선물지수,한국,채권·금리,일반,20260805
KR7432600005,432600,RISE 국채선물3년,케이비자산운용,0.07,5543000000,55430,55423.88,2022-06-14,채권,국내,실물(패시브),배당소득세(보유기간과세),국채선물지수,한국,채권·금리,일반,20260805
KR7397420001,397420,RISE 국채선물5년추종,케이비자산운용,0.07,305220000,50870,50854.09,2021-08-31,채권,국내,실물(패시브),배당소득세(보유기간과세),5년 국채선물 추종 지수,한국,채권·금리,일반,20260805
KR70114X0008,0114X0,RISE 글로벌게임테크TOP3Plus,케이비자산운용,0.4,6009500000,8585,8651.43,2025-10-21,주식,해외,실물(패시브),배당소득세(보유기간과세),Solactive-KEDI 글로벌 게임 테크 TOP3 플러스 지수,글로벌,AI·테크,일반,20260805
KR7437370000,437370,RISE 글로벌농업경제,케이비자산운용,0.4,7448000000,10640,10602.0,2022-07-29,주식,해외,실물(패시브),배당소득세(보유기간과세),MVIS Global Agribusiness Index(Price Return),글로벌,소비재,일반,20260805
KR7375270006,375270,RISE 글로벌데이터센터리츠(합성),케이비자산운용,0.4,9620000000,14800,14662.41,2021-01-14,부동산,해외,합성(패시브),배당소득세(분리과세부동산ETF),Kelly Data Center & Tech Infrastructure Net Total Return Index,기타,AI·테크,일반,20260805
KR7475380002,475380,RISE 글로벌리얼티인컴,케이비자산운용,0.01,29119500000,10785,10785.34,2024-02-20,부동산,해외,실물(패시브),배당소득세(분리과세부동산ETF),Solactive Global Realty Income Index(Price Return),글로벌,리츠·부동산,일반,20260805
KR7476310008,476310,RISE 글로벌비만산업TOP2+,케이비자산운용,0.35,5417500000,9850,9937.24,2024-02-27,주식,해외,실물(패시브),배당소득세(보유기간과세),KEDI 글로벌 비만 산업 Top2+ 지수(Price Return),글로벌,바이오·헬스케어,일반,20260805
KR7417450004,417450,RISE 글로벌수소경제,케이비자산운용,0.4,13978250000,16445,16482.88,2022-02-15,주식,해외,실물(패시브),배당소득세(보유기간과세),Indxx Hydrogen Economy Index (PR),기타,에너지·원자력,일반,20260805
KR7442320008,442320,RISE 글로벌원자력,케이비자산운용,0.4,233793600000,36760,36367.85,2022-10-13,주식,해외,실물(패시브),배당소득세(보유기간과세),iSelect 글로벌원자력 지수(시장가격),글로벌,에너지·원자력,일반,20260805
KR7461490005,461490,RISE 글로벌자산배분액티브,케이비자산운용,0.01,288735250000,14845,14831.12,2023-06-27,혼합자산,해외,실물(액티브),배당소득세(보유기간과세),Bloomberg Multi-Asset Weighted (KRW ETFs) 지수(시장가격),기타,자산배분·TDF,혼합,20260805
KR7459750006,459750,RISE 글로벌주식분산액티브,케이비자산운용,0.2,33462000000,18590,18476.3,2023-06-27,주식,해외,실물(액티브),배당소득세(보유기간과세),Bloomberg Global Equity Market Weighted Index(Price Return),글로벌,광범위지수,일반,20260805
KR7399580000,399580,RISE 글로벌클린에너지,케이비자산운용,0.4,10050000000,10050,10024.09,2021-10-21,주식,해외,실물(패시브),배당소득세(보유기간과세),S&P Global Clean Energy Transition Index (Price Return),글로벌,에너지·원자력,일반,20260805
KR7276650009,276650,RISE 글로벌테크놀로지(합성 H),케이비자산운용,0.4,35002500000,46670,46739.88,2017-08-17,주식,국내&해외,합성(패시브),배당소득세(보유기간과세),S&P Global 1200 Information Technology and Interactive Media & Services(PR),글로벌,AI·테크,일반,20260805
KR7336160007,336160,RISE 금융채액티브,케이비자산운용,0.07,47758875000,100545,100550.29,2019-10-29,채권,국내,실물(액티브),배당소득세(보유기간과세),KIS 종합채권금융채 2.5Y-3Y 지수 (총수익),한국,금융,일반,20260805
KR7326230000,326230,RISE 내수주플러스,케이비자산운용,0.4,7046400000,11010,11011.89,2019-06-20,주식,국내,실물(패시브),비과세,FnGuide 내수주플러스 지수,한국,광범위지수,일반,20260805
KR7367760006,367760,RISE 네트워크인프라,케이비자산운용,0.45,641527500000,55785,55574.32,2020-10-29,주식,국내,실물(패시브),비과세,FnGuide 네트워크 인프라 지수,한국,AI·테크,일반,20260805
KR7272560004,272560,RISE 단기국공채액티브,케이비자산운용,0.07,156767560000,114680,114694.68,2017-06-29,채권,국내,실물(액티브),배당소득세(보유기간과세),KIS 종합채권국공채3M~1.5Y지수,한국,채권·금리,일반,20260805
KR7385550009,385550,RISE 단기채권알파액티브,케이비자산운용,0.05,339431565000,113865,113862.11,2021-05-26,채권,국내,실물(액티브),배당소득세(보유기간과세),KIS 단기채권알파지수(AA-이상)(총수익지수),한국,채권·금리,일반,20260805
KR7196230007,196230,RISE 단기통안채,케이비자산운용,0.13,249441325000,116725,116735.62,2014-05-19,채권,국내,실물(패시브),배당소득세(보유기간과세),KIS 통안채 5개월 지수(총수익),한국,채권·금리,일반,20260805
KR70061Z0009,0061Z0,RISE 단기특수은행채액티브,케이비자산운용,0.01,729720960000,50880,50886.27,2025-06-24,채권,국내,실물(액티브),배당소득세(보유기간과세),KAP 단기 특수은행채 지수(시장가격),한국,금융,일반,20260805
KR7315960005,315960,RISE 대형고배당10TR,케이비자산운용,0.07,496188000000,75180,75496.96,2019-01-22,주식,국내,실물(패시브),배당소득세(보유기간과세),WISE 대형고배당10 TR 지수,한국,배당주,일반,20260805
KR70138D0004,0138D0,RISE 동학개미,케이비자산운용,0.07,7689500000,11830,11807.89,2025-12-16,주식,국내,실물(패시브),비과세,FnGuide 동학개미 지수,한국,기타,일반,20260805
KR7455890004,455890,RISE 머니마켓액티브,케이비자산운용,0.05,2962460880000,55340,55339.15,2023-05-09,채권,국내,실물(액티브),배당소득세(보유기간과세),KIS 시가평가 MMF 지수 (총수익지수),한국,채권·금리,일반,20260805
KR7481340008,481340,RISE 미국30년국채액티브,케이비자산운용,0.05,24681250000,8975,8953.07,2024-05-28,채권,해외,실물(액티브),배당소득세(보유기간과세),Bloomberg U.S Treasury 20+ Year Total Return Index,미국,채권·금리,일반,20260805
KR7472870005,472870,RISE 미국30년국채엔화노출(합성 H),케이비자산운용,0.15,176297500000,7270,7296.6,2023-12-27,채권,해외,합성(패시브),배당소득세(보유기간과세),KIS 미국채30년 엔화노출 지수(USD/JPY 헤지)(총수익지수),미국,채권·금리,일반,20260805
KR7472830009,472830,RISE 미국30년국채커버드콜(합성),케이비자산운용,0.25,46065000000,8300,8267.95,2023-12-14,채권,해외,합성(패시브),배당소득세(보유기간과세),Bloomberg U.S. Treasury 20+ Year (TLT) 2% OTM Covered Call Index(TR),미국,채권·금리,커버드콜,20260805
KR7485690002,485690,RISE 미국AI밸류체인TOP3Plus,케이비자산운용,0.01,98366250000,23145,22843.02,2024-07-23,주식,해외,실물(패시브),배당소득세(보유기간과세),KEDI 미국 AI 밸류체인 TOP3 Plus 지수(Price Return),미국,AI·테크,일반,20260805
KR7490590007,490590,RISE 미국AI밸류체인데일리고정커버드콜,케이비자산운용,0.25,819717500000,15110,14901.22,2024-10-02,주식,해외,실물(패시브),배당소득세(보유기간과세),KEDI 미국 AI밸류체인 90%참여+데일리옵션 프리미엄 지수(TR),미국,AI·테크,커버드콜,20260805
KR70176E0006,0176E0,RISE 미국AI전력인프라액티브,케이비자산운용,0.45,133812250000,10835,10705.96,2026-04-07,주식,해외,실물(액티브),배당소득세(보유기간과세),Solactive US AI Electricity Infrastructure Index PR,미국,AI·테크,일반,20260805
KR70127R0001,0127R0,RISE 미국AI클라우드인프라,케이비자산운용,0.4,21840000000,18200,17681.67,2025-11-25,주식,해외,실물(패시브),배당소득세(보유기간과세),Akros 미국 AI 클라우드 인프라 지수(Price Return),미국,AI·테크,일반,20260805
KR7495940009,495940,RISE 미국AI테크액티브,케이비자산운용,0.5,65205000000,20700,20617.69,2024-11-26,주식,해외,실물(액티브),배당소득세(보유기간과세),Solactive US AI Tech Active Index PR,미국,AI·테크,일반,20260805
KR70138T0006,0138T0,RISE 미국S&P500데일리고정커버드콜,케이비자산운용,0.25,32064000000,10020,9988.21,2025-12-23,주식,해외,실물(패시브),배당소득세(보유기간과세),S&P500 10% Daily Fixed Covered Call Index,미국,광범위지수,커버드콜,20260805
KR70005C0005,0005C0,RISE 미국S&P500엔화노출(합성 H),케이비자산운용,0.1,7657000000,11780,11785.26,2025-01-14,주식,해외,합성(패시브),배당소득세(보유기간과세),S&P500 Yen Hedged Index(PR),미국,광범위지수,일반,20260805
KR7379780000,379780,RISE 미국S&P500,케이비자산운용,0.004,1562192000000,23960,23878.42,2021-04-09,주식,해외,실물(패시브),배당소득세(보유기간과세),S&P 500,미국,광범위지수,일반,20260805
KR7453330003,453330,RISE 미국S&P500(H),케이비자산운용,0.004,84525000000,18375,18303.31,2023-03-21,주식,해외,실물(패시브),배당소득세(보유기간과세),S&P 500,미국,광범위지수,일반,20260805
KR7460660004,460660,RISE 미국S&P배당킹,케이비자산운용,0.01,18817500000,12545,12501.92,2023-06-27,주식,해외,실물(패시브),배당소득세(보유기간과세),S&P Dividend Monarchs Index(Price Return),미국,배당주,일반,20260805
KR7219390002,219390,RISE 미국S&P원유생산기업(합성 H),케이비자산운용,0.25,18215750000,7435,7642.39,2015-06-02,주식,해외,합성(패시브),배당소득세(보유기간과세),S&P Oil & Gas Exploration & Production Select Industry Index(PR),기타,에너지·원자력,일반,20260805
KR70115C0002,0115C0,RISE 미국고배당다우존스TOP10,케이비자산운용,0.01,25990000000,11300,11255.85,2025-10-21,주식,해외,실물(패시브),배당소득세(보유기간과세),Dow Jones U.S. High Dividend 10 Index,미국,배당주,일반,20260805
KR7354240004,354240,RISE 미국고정배당우선증권,케이비자산운용,0.5,12199000000,11090,11027.74,2020-05-19,혼합자산,해외,실물(패시브),배당소득세(보유기간과세),ICE BofAML Core Plus Fixed Rate Preferred Securities Index(PR),기타,채권·금리,일반,20260805
KR7368590006,368590,RISE 미국나스닥100,케이비자산운용,0.006,1575647500000,31325,31267.58,2020-11-06,주식,해외,실물(패시브),배당소득세(보유기간과세),NASDAQ 100,미국,광범위지수,일반,20260805
KR7437350002,437350,RISE 미국단기투자등급회사채액티브,케이비자산운용,0.1,27687000000,12585,12589.79,2022-07-29,채권,해외,실물(액티브),배당소득세(보유기간과세),Bloomberg US Corporate 1-5 Years Total Return Index,미국,채권·금리,일반,20260805
KR7455960005,455960,RISE 미국달러SOFR금리액티브(합성),케이비자산운용,0.05,57066800000,12460,12458.37,2023-05-16,기타,해외,합성(액티브),배당소득세(보유기간과세),KAP SOFR 지수,미국,채권·금리,일반,20260805
KR7469530000,469530,RISE 미국달러선물인버스,케이비자산운용,0.05,5817600000,9090,9113.26,2023-11-09,통화,국내,실물(패시브),배당소득세(보유기간과세),미국달러선물지수,한국,기타,일반,20260805
KR7469060008,469060,RISE 미국반도체NYSE,케이비자산운용,0.01,85698000000,37260,37051.58,2023-10-24,주식,해외,실물(패시브),배당소득세(보유기간과세),NYSE Semicondoctor Index(Price Return),미국,반도체,일반,20260805
KR7469050009,469050,RISE 미국반도체NYSE(H),케이비자산운용,0.01,39450000000,32875,32668.13,2023-10-24,주식,해외,실물(패시브),배당소득세(보유기간과세),NYSE Semicondoctor Index(Price Return),미국,반도체,일반,20260805
KR7491630000,491630,RISE 미국반도체인버스(합성 H),케이비자산운용,0.49,2481875000,5225,5238.26,2024-10-22,주식,해외,합성(패시브),배당소득세(보유기간과세),NYSE Semicondoctor Index(Price Return),미국,반도체,일반,20260805
KR7490600004,490600,RISE 미국배당100데일리고정커버드콜,케이비자산운용,0.25,159630000000,9390,9356.78,2024-09-24,주식,해외,실물(패시브),배당소득세(보유기간과세),KEDI 미국 배당100 90%참여+데일리옵션 프리미엄 지수(총수익지수),미국,배당주,커버드콜,20260805
KR70018Z0003,0018Z0,RISE 미국양자컴퓨팅,케이비자산운용,0.4,19375000000,19375,19228.13,2025-03-11,주식,해외,실물(패시브),배당소득세(보유기간과세),Solactive US Quantum Computing Technology Index PR,미국,AI·테크,일반,20260805
KR70218J0001,0218J0,RISE 미국우주&로봇TOP2미국채혼합50,케이비자산운용,0.13,25605000000,8535,8715.86,2026-07-14,혼합자산,해외,실물(패시브),배당소득세(보유기간과세),Akros 미국 우주-로봇 TOP2 채권혼합50 지수,미국,AI·테크,혼합,20260805
KR70013P0000,0013P0,RISE 미국은행TOP10,케이비자산운용,0.2,14910500000,13555,13456.53,2025-02-18,주식,해외,실물(패시브),배당소득세(보유기간과세),KEDI 미국 은행 TOP10 지수,미국,금융,일반,20260805
KR7267490001,267490,RISE 미국장기국채선물레버리지(합성 H),케이비자산운용,0.5,3549000000,5070,5126.62,2017-04-20,채권,해외,합성(패시브),배당소득세(보유기간과세),S&P U.S. Treasury Bond Futures Excess Return Index,미국,채권·금리,일반,20260805
KR7267450005,267450,RISE 미국장기국채선물인버스(H),케이비자산운용,0.4,5547500000,11095,11026.06,2017-04-20,채권,해외,실물(패시브),배당소득세(보유기간과세),S&P U.S. Treasury Bond Futures Excess Return Index,미국,채권·금리,일반,20260805
KR7267440006,267440,RISE 미국장기국채선물(H),케이비자산운용,0.4,4803000000,8005,8156.32,2017-04-20,채권,해외,실물(패시브),배당소득세(보유기간과세),S&P U.S. Treasury Bond Futures Excess Return Index,미국,채권·금리,일반,20260805
KR70036Z0001,0036Z0,RISE 미국천연가스밸류체인,케이비자산운용,0.4,6927250000,12595,12579.52,2025-04-22,주식,해외,실물(패시브),배당소득세(보유기간과세),Solactive US Natural Gas Value Chain Index PR,미국,에너지·원자력,일반,20260805
KR7491620001,491620,RISE 미국테크100데일리고정커버드콜,케이비자산운용,0.25,554356500000,11065,11044.06,2024-10-02,주식,해외,실물(패시브),배당소득세(보유기간과세),KEDI 미국 테크100 90%참여+데일리옵션 프리미엄 지수(TR),미국,AI·테크,커버드콜,20260805
KR70036R0001,0036R0,RISE 미국휴머노이드로봇,케이비자산운용,0.4,118287000000,20220,20193.42,2025-04-15,주식,해외,실물(패시브),배당소득세(보유기간과세),KEDI 미국 휴머노이드 로봇 지수(시장가격),미국,AI·테크,일반,20260805
KR70000Z0003,0000Z0,RISE 바이오TOP10액티브,케이비자산운용,0.5,50139000000,9285,9245.27,2024-12-24,주식,국내,실물(액티브),배당소득세(보유기간과세),KRX 바이오 TOP 10 지수,한국,바이오·헬스케어,일반,20260805
KR7446700007,446700,RISE 배터리 리사이클링,케이비자산운용,0.4,10303200000,9540,9537.67,2022-11-01,주식,국내,실물(패시브),비과세,iSelect 배터리 리사이클링 지수,한국,2차전지,일반,20260805
KR7475350005,475350,RISE 버크셔포트폴리오TOP10,케이비자산운용,0.01,70517250000,15165,15131.08,2024-02-27,주식,해외,실물(패시브),배당소득세(보유기간과세),Solactive Berkshire Portfolio Top10 Index(PR),미국,개별종목,일반,20260805
KR7388420002,388420,RISE 비메모리반도체액티브,케이비자산운용,0.5,235467000000,25650,25581.56,2021-06-10,주식,국내,실물(액티브),배당소득세(보유기간과세),iSelect 비메모리반도체 지수(시장가격지수),한국,반도체,일반,20260805
KR7448630004,448630,RISE 삼성그룹Top3채권혼합,케이비자산운용,0.2,316305000000,14850,14855.44,2022-11-29,혼합자산,국내,실물(패시브),배당소득세(보유기간과세),Bloomberg Blended Samsung Group Fixed Top 3 Equity and Korean Bond Index,한국,채권·금리,일반,20260805
KR70162Z0007,0162Z0,RISE 삼성전자SK하이닉스채권혼합50,케이비자산운용,0.01,3931560000000,13040,13065.27,2026-02-26,혼합자산,국내,실물(패시브),배당소득세(보유기간과세),KAP 삼성전자SK하이닉스채권혼합50 지수,한국,개별종목,혼합,20260805
KR70192M0006,0192M0,RISE 삼성전자단일종목레버리지,케이비자산운용,0.09,36298750000,10225,10240.95,2026-05-27,주식,국내,실물(패시브),배당소득세(보유기간과세),KRX 삼성전자 지수,한국,개별종목,일반,20260805
KR7140570003,140570,RISE 수출주,케이비자산운용,0.4,9980000000,24950,24854.75,2011-04-15,주식,국내,실물(패시브),비과세,MKF 수출주 지수,한국,광범위지수,일반,20260805
KR70093B0009,0093B0,RISE 엔비디아고정테크100,케이비자산운용,0.2,11785500000,13095,13073.2,2025-08-26,주식,해외,실물(패시브),배당소득세(보유기간과세),KEDI 엔비디아고정테크100 지수(PR),미국,개별종목,일반,20260805
KR7140580002,140580,RISE 우량업종대표주,케이비자산운용,0.4,11802500000,23605,23616.97,2011-04-15,주식,국내,실물(패시브),비과세,MKF 우량업종대표주 지수,한국,광범위지수,일반,20260805
KR7379790009,379790,RISE 유로스탁스50(H),케이비자산운용,0.021,15202250000,17885,17603.57,2021-04-09,주식,해외,실물(패시브),배당소득세(보유기간과세),EURO STOXX 50 Index,유럽,광범위지수,일반,20260805
KR7498610005,498610,RISE 인도디지털성장,케이비자산운용,0.3,5178000000,8630,8627.98,2025-04-01,주식,해외,실물(패시브),배당소득세(보유기간과세),MarketVector Digital India Index(INR)(Price Return),인도,AI·테크,일반,20260805
KR7488480005,488480,RISE 일본섹터TOP4Plus,케이비자산운용,0.3,7389250000,13435,13486.93,2024-08-20,주식,해외,실물(패시브),배당소득세(보유기간과세),Solactive Japan Samurai Sector TOP4 Plus Index(PR),일본,기타,일반,20260805
KR7442550000,442550,RISE TDF2030액티브 적격,케이비자산운용,0.01,23250000000,15000,14890.5,2022-09-22,기타,국내&해외,실물(액티브),배당소득세(보유기간과세),iSelect 전략적자산배분 TDF 2030 지수,국내+해외,자산배분·TDF,일반,20260805
KR7442560009,442560,RISE TDF2040액티브 적격,케이비자산운용,0.01,50550000000,16850,16676.26,2022-09-22,기타,국내&해외,실물(액티브),배당소득세(보유기간과세),iSelect 전략적자산배분 TDF 2040 지수,국내+해외,자산배분·TDF,일반,20260805
KR7442570008,442570,RISE TDF2050액티브 적격,케이비자산운용,0.01,321664000000,17920,17760.32,2022-09-22,기타,국내&해외,실물(액티브),배당소득세(보유기간과세),iSelect 전략적자산배분 TDF 2050 지수,국내+해외,자산배분·TDF,일반,20260805
KR7385540000,385540,RISE 종합채권(A-이상)액티브,케이비자산운용,0.012,1955830240000,103330,103272.9,2021-05-26,채권,국내,실물(액티브),배당소득세(보유기간과세),KIS 종합채권 지수(A-이상)(총수익지수),한국,채권·금리,일반,20260805
KR7183710003,183710,RISE 주식혼합,케이비자산운용,0.25,18104000000,90520,90291.99,2013-10-17,혼합자산,국내,실물(패시브),배당소득세(보유기간과세),주식국채혼합(주식형)지수,한국,채권·금리,혼합,20260805
KR7310080007,310080,RISE 중국MSCI China(H),케이비자산운용,0.6,11178000000,9720,9705.16,2018-11-28,주식,해외,실물(패시브),배당소득세(보유기간과세),"MSCI China Index(USD, Price Return)",중국,광범위지수,일반,20260805
KR7463300004,463300,RISE 중국본토CSI300,케이비자산운용,0.05,21984000000,13740,13843.84,2023-08-08,주식,해외,실물(패시브),배당소득세(보유기간과세),CSI 300 Index,중국,광범위지수,일반,20260805
KR7174360008,174360,RISE 중국본토대형주CSI100,케이비자산운용,0.65,34433000000,24595,24638.87,2013-06-04,주식,해외,실물(패시브),배당소득세(해외주식투자전용ETF),CSI A100,중국,광범위지수,일반,20260805
KR7136340007,136340,RISE 중기우량회사채,케이비자산운용,0.07,263066350000,104350,104448.76,2011-04-15,채권,국내,실물(패시브),배당소득세(보유기간과세),KOBI 크레딧 지수(총수익),한국,채권·금리,일반,20260805
KR7281990002,281990,RISE 중소형고배당,케이비자산운용,0.3,9611250000,17475,17404.35,2017-11-02,주식,국내,실물(패시브),비과세,FnGuide 중소형고배당포커스 지수,한국,배당주,일반,20260805
KR7272570003,272570,RISE 중장기국공채액티브,케이비자산운용,0.07,7374260000,108445,108410.42,2017-06-29,채권,국내,실물(액티브),배당소득세(보유기간과세),KIS 종합채권국공채4~5Y지수,한국,채권·금리,일반,20260805
KR70164G0008,0164G0,RISE 차이나AI반도체TOP4Plus,케이비자산운용,0.45,28381500000,13515,13649.09,2026-03-10,주식,해외,실물(패시브),배당소득세(보유기간과세),Solactive China AI Semiconductor TOP 4 Plus Index,중국,반도체,일반,20260805
KR7250730009,250730,RISE 차이나HSCEI(H),케이비자산운용,0.021,17272000000,10160,10174.59,2016-08-10,주식,해외,실물(패시브),배당소득세(해외주식투자전용ETF),Hang Seng China H,중국,기타,일반,20260805
KR7291680007,291680,RISE 차이나H선물인버스(H),케이비자산운용,0.6,3825000000,7650,7654.44,2018-03-23,주식,해외,실물(패시브),배당소득세(보유기간과세),Hang Seng China Enterprises Futures Index(Price Return),중국,기타,일반,20260805
KR70094L0006,0094L0,RISE 차이나테크TOP10위클리타겟커버드콜,케이비자산운용,0.3,12040000000,8600,8525.55,2025-09-02,주식,해외,실물(패시브),배당소득세(보유기간과세),Bloomberg China Tech Select TOP 10 + 12% Target Premium Weekly Index,중국,AI·테크,커버드콜,20260805
KR7371150004,371150,RISE 차이나항셍테크,케이비자산운용,0.14,9691500000,7455,7499.76,2020-12-16,주식,해외,실물(패시브),배당소득세(보유기간과세),Hang Seng TECH Index,중국,AI·테크,일반,20260805
KR7498860006,498860,RISE 코리아금융고배당,케이비자산운용,0.1,36828000000,16740,16756.36,2024-12-10,주식,국내,실물(패시브),비과세,iSelect 코리아 금융 고배당 지수,한국,금융,일반,20260805
KR70094M0005,0094M0,RISE 코리아밸류업위클리고정커버드콜,케이비자산운용,0.3,170897250000,17895,17826.43,2025-09-02,주식,국내,실물(패시브),배당소득세(보유기간과세),코리아 밸류업 위클리 커버드콜 30% 지수,한국,배당주,커버드콜,20260805
KR7495050007,495050,RISE 코리아밸류업,케이비자산운용,0.008,939394500000,31790,31745.33,2024-11-04,주식,국내,실물(패시브),비과세,코리아 밸류업 지수,한국,배당주,일반,20260805
KR70151P0002,0151P0,RISE 코리아전략산업액티브,케이비자산운용,0.5,145754000000,14360,14328.67,2026-01-20,주식,국내,실물(액티브),배당소득세(보유기간과세),KAP 코리아전략산업지수,한국,기타,일반,20260805
KR7278240007,278240,RISE 코스닥150선물레버리지,케이비자산운용,0.329,55088950000,7355,7400.59,2017-08-31,주식,국내,실물(패시브),배당소득세(보유기간과세),F-코스닥150 지수,한국,광범위지수,일반,20260805
KR7275750008,275750,RISE 코스닥150선물인버스,케이비자산운용,0.32,2331000000,2590,2596.1,2017-08-01,주식,국내,실물(패시브),배당소득세(보유기간과세),F-코스닥150 지수,한국,광범위지수,일반,20260805
KR7270810005,270810,RISE 코스닥150,케이비자산운용,0.02,308274000000,13450,13458.02,2017-06-16,주식,국내,실물(패시브),비과세,코스닥 150,한국,광범위지수,일반,20260805
KR70223A0003,0223A0,RISE 코스닥커버드콜액티브,케이비자산운용,0.3,20190000000,10095,10066.24,2026-07-28,주식,국내,실물(액티브),배당소득세(보유기간과세),코스닥 150 타겟 15% 위클리 커버드콜 지수,한국,광범위지수,커버드콜,20260805
KR7302450002,302450,RISE 코스피,케이비자산운용,0.02,209245250000,68605,68327.13,2018-07-24,주식,국내,실물(패시브),비과세,코스피,한국,광범위지수,일반,20260805
KR70047P0000,0047P0,RISE 테슬라고정테크100,케이비자산운용,0.2,22862500000,14750,14742.68,2025-05-13,주식,해외,실물(패시브),배당소득세(보유기간과세),KEDI 테슬라고정테크100 지수(PR),미국,개별종목,일반,20260805
KR7449580000,449580,RISE 테슬라애플아마존채권혼합,케이비자산운용,0.24,17957500000,16325,16325.17,2022-12-20,혼합자산,해외,실물(패시브),배당소득세(보유기간과세),iSelect 테슬라 애플 아마존 채권혼합지수(Price Return),미국,개별종목,혼합,20260805
KR7334700002,334700,RISE 팔라듐선물인버스(H),케이비자산운용,0.6,2041000000,3140,3161.91,2019-09-24,원자재,해외,실물(패시브),배당소득세(보유기간과세),S&P GSCI Palladium Excess Return Index,글로벌,원자재·금,일반,20260805
KR7334690005,334690,RISE 팔라듐선물(H),케이비자산운용,0.6,4075500000,6270,6336.21,2019-09-24,원자재,해외,실물(패시브),배당소득세(보유기간과세),S&P GSCI Palladium Excess Return Index,글로벌,원자재·금,일반,20260805
KR70047R0008,0047R0,RISE 팔란티어고정테크100,케이비자산운용,0.2,27028750000,15445,15519.65,2025-05-13,주식,해외,실물(패시브),배당소득세(보유기간과세),KEDI 팔란티어고정테크100 지수(PR),미국,개별종목,일반,20260805
KR7253280002,253280,RISE 헬스케어,케이비자산운용,0.4,7128000000,12960,12960.38,2016-09-23,주식,국내,실물(패시브),비과세,FnGuide 헬스케어 지수,한국,바이오·헬스케어,일반,20260805
KR7253290001,253290,RISE 헬스케어채권혼합,케이비자산운용,0.35,21060000000,11700,11770.53,2016-09-23,혼합자산,국내,실물(패시브),배당소득세(보유기간과세),FnGuide 헬스케어 채권혼합 지수,한국,바이오·헬스케어,혼합,20260805
KR70190C0000,0190C0,RISE 현대차고정피지컬AI,케이비자산운용,0.4,510410000000,8600,8625.19,2026-05-12,주식,국내,실물(패시브),비과세,KEDI 현대차고정피지컬AI 지수,한국,개별종목,일반,20260805
KR7407310002,407310,HANARO 200 TOP10,엔에이치아문디자산운용,0.15,19049750000,16565,16535.61,2021-11-24,주식,국내,실물(패시브),비과세,코스피 200 Top 10 지수,한국,광범위지수,일반,20260805
KR7332930007,332930,HANARO 200TR,엔에이치아문디자산운용,0.07,198389000000,136820,136967.24,2019-08-28,주식,국내,실물(패시브),배당소득세(보유기간과세),코스피 200 TR,한국,광범위지수,일반,20260805
KR7304780000,304780,HANARO 200선물레버리지,엔에이치아문디자산운용,0.45,52384500000,116410,116599.07,2018-08-14,주식,국내,실물(패시브),배당소득세(보유기간과세),코스피 200 선물지수,한국,광범위지수,일반,20260805
KR7306520008,306520,HANARO 200선물인버스,엔에이치아문디자산운용,0.45,1515000000,2525,2530.85,2018-09-18,주식,국내,실물(패시브),배당소득세(보유기간과세),코스피 200 선물지수,한국,광범위지수,일반,20260805
KR7293180006,293180,HANARO 200,엔에이치아문디자산운용,0.036,449930500000,104635,104599.47,2018-03-30,주식,국내,실물(패시브),비과세,코스피 200,한국,광범위지수,일반,20260805
KR70123S0004,0123S0,HANARO 26-12 은행채(AA+이상)액티브,엔에이치아문디자산운용,0.02,63116000000,10180,10169.51,2025-12-16,채권,국내,실물(액티브),배당소득세(보유기간과세),KIS 은행채2612만기형 지수,한국,금융,일반,20260805
KR70091M0008,0091M0,HANARO 27-06 회사채(AA-이상)액티브,엔에이치아문디자산운용,0.02,120564600000,10140,10139.23,2025-08-26,채권,국내,실물(액티브),배당소득세(보유기간과세),KIS 회사채(AA-이상)2706만기형지수(총수익),한국,채권·금리,일반,20260805
KR7448490003,448490,HANARO 32-10 국고채액티브,엔에이치아문디자산운용,0.05,11984000000,53500,53364.1,2022-11-22,채권,국내,실물(액티브),배당소득세(보유기간과세),KAP 32-10 국고채 10년 총수익지수,한국,채권·금리,일반,20260805
KR7454320003,454320,HANARO CAPEX설비투자iSelect,엔에이치아문디자산운용,0.45,91772750000,42685,42611.36,2023-04-18,주식,국내,실물(패시브),비과세,iSelect CAPEX 설비투자 지수(시장가격),한국,기타,일반,20260805
KR7395290000,395290,HANARO Fn K-POP&미디어,엔에이치아문디자산운용,0.45,32062500000,5130,5137.83,2021-07-30,주식,국내,실물(패시브),비과세,FnGuide K-POP & 미디어 지수,한국,게임·엔터,일반,20260805
KR7395280001,395280,HANARO Fn K-게임,엔에이치아문디자산운용,0.45,8424750000,3585,3578.77,2021-07-30,주식,국내,실물(패시브),비과세,FnGuide K-게임 지수,한국,게임·엔터,일반,20260805
KR7368190005,368190,HANARO Fn K-뉴딜디지털플러스,엔에이치아문디자산운용,0.45,24752000000,7735,7703.55,2020-11-10,주식,국내,실물(패시브),비과세,FnGuide K-뉴딜 디지털 플러스 지수,한국,AI·테크,일반,20260805
KR7402460000,402460,HANARO Fn K-메타버스MZ,엔에이치아문디자산운용,0.45,8057500000,14650,14583.28,2021-10-13,주식,국내,실물(패시브),비과세,FnGuide K-메타버스 MZ 지수(시장가격),한국,AI·테크,일반,20260805
KR7395270002,395270,HANARO Fn K-반도체,엔에이치아문디자산운용,0.45,3421845000000,54315,54223.43,2021-07-30,주식,국내,실물(패시브),비과세,FnGuide K-반도체 지수,한국,반도체,일반,20260805
KR7438900003,438900,HANARO Fn K-푸드,엔에이치아문디자산운용,0.45,14332500000,11025,10977.26,2022-08-17,주식,국내,실물(패시브),비과세,FnGuide K-푸드 지수 (시장가격),한국,기타,일반,20260805
KR7367740008,367740,HANARO Fn5G산업,엔에이치아문디자산운용,0.45,22110000000,40200,40041.17,2020-10-29,주식,국내,실물(패시브),비과세,FnGuide 5G 산업 지수,한국,기타,일반,20260805
KR7407300003,407300,HANARO Fn골프테마,엔에이치아문디자산운용,0.45,5725500000,10410,10480.71,2021-11-24,주식,국내,실물(패시브),비과세,FnGuide 골프 테마 지수,한국,기타,일반,20260805
KR7381560002,381560,HANARO Fn전기&수소차,엔에이치아문디자산운용,0.45,28033500000,16990,16924.18,2021-04-02,주식,국내,실물(패시브),비과세,FnGuide 전기&수소차 지수 (시장가격),한국,에너지·원자력,일반,20260805
KR7441540002,441540,HANARO Fn조선해운,엔에이치아문디자산운용,0.45,75384000000,27920,27879.25,2022-09-15,주식,국내,실물(패시브),비과세,FnGuide 조선해운지수,한국,조선·기계,일반,20260805
KR7381570001,381570,HANARO Fn친환경에너지,엔에이치아문디자산운용,0.45,8151500000,9590,9556.01,2021-04-02,주식,국내,실물(패시브),비과세,FnGuide 친환경에너지 지수 (시장가격),한국,에너지·원자력,일반,20260805
KR7479850000,479850,HANARO K-뷰티,엔에이치아문디자산운용,0.45,25620000000,17080,17085.61,2024-04-16,주식,국내,실물(패시브),비과세,FnGuide K-뷰티 지수,한국,기타,일반,20260805
KR7453060006,453060,HANARO KOFR금리액티브(합성),엔에이치아문디자산운용,0.05,12228700000,111170,111178.56,2023-03-14,기타,국내,합성(액티브),배당소득세(보유기간과세),KOFR 지수,한국,채권·금리,일반,20260805
KR7304760002,304760,HANARO KRX300,엔에이치아문디자산운용,0.05,18032000000,45080,45343.51,2018-08-14,주식,국내,실물(패시브),비과세,KRX 300,한국,광범위지수,일반,20260805
KR7322410002,322410,HANARO K고배당,엔에이치아문디자산운용,0.07,39480000000,22560,22512.09,2019-04-23,주식,국내,실물(패시브),비과세,FnGuide 고배당 알파 지수,한국,배당주,일반,20260805
KR70155N0000,0155N0,HANARO K휴머노이드테마TOP10,엔에이치아문디자산운용,0.45,31853250000,7865,7867.22,2026-02-26,주식,국내,실물(패시브),비과세,iSelect K휴머노이드테마TOP10 지수,한국,기타,일반,20260805
KR7332940006,332940,HANARO MSCI Korea TR,엔에이치아문디자산운용,0.12,110832000000,46180,46448.24,2019-08-28,주식,국내,실물(패시브),배당소득세(보유기간과세),MSCI Korea TR Index,한국,광범위지수,일반,20260805
KR7322400003,322400,HANARO e커머스,엔에이치아문디자산운용,0.45,35921000000,10565,10521.88,2019-04-23,주식,국내,실물(패시브),비과세,FnGuide E커머스 지수,한국,기타,일반,20260805
KR7473640001,473640,HANARO 글로벌금채굴기업,엔에이치아문디자산운용,0.15,59720000000,29860,28988.7,2024-01-18,주식,해외,실물(패시브),배당소득세(보유기간과세),NYSE Arca Gold Miners Index (Price Return),미국,원자재·금,일반,20260805
KR7354350001,354350,HANARO 글로벌럭셔리S&P(합성),엔에이치아문디자산운용,0.5,10691200000,20560,20883.22,2020-05-12,주식,해외,합성(패시브),배당소득세(보유기간과세),S&P Global Luxury Index,글로벌,기타,일반,20260805
KR7461340002,461340,HANARO 글로벌생성형AI액티브,엔에이치아문디자산운용,0.6,48455000000,44050,43862.98,2023-07-11,주식,해외,실물(액티브),배당소득세(보유기간과세),Solactive United States Technology 100 Index(Price Return),미국,AI·테크,일반,20260805
KR7401590005,401590,HANARO 글로벌탄소배출권선물ICE(합성),엔에이치아문디자산운용,0.5,5803800000,11380,11452.42,2021-09-30,기타,해외,합성(패시브),배당소득세(보유기간과세),ICE Global Carbon Futures Index(Excess Return),글로벌,기타,일반,20260805
KR70040S0004,0040S0,HANARO 글로벌피지컬AI액티브,엔에이치아문디자산운용,0.6,65312000000,25120,25036.04,2025-04-22,주식,해외,실물(액티브),배당소득세(보유기간과세),Solactive Physical AI Index,기타,AI·테크,일반,20260805
KR7314700006,314700,HANARO 농업융복합산업,엔에이치아문디자산운용,0.5,5868500000,10670,10740.91,2018-12-21,주식,국내,실물(패시브),비과세,FnGuide 농업융복합산업 지수(시장가격),한국,소비재,일반,20260805
KR7486830003,486830,HANARO 머니마켓액티브,엔에이치아문디자산운용,0.04,136102400000,53165,53160.4,2024-07-16,채권,국내,실물(액티브),배당소득세(보유기간과세),KIS-NH Amundi MMF지수,한국,채권·금리,일반,20260805
KR70215T0002,0215T0,HANARO 미국AI광통신TOP10,엔에이치아문디자산운용,0.45,8586000000,9540,9427.88,2026-07-14,주식,해외,실물(패시브),배당소득세(보유기간과세),Indxx US AI Optical Communication TOP10 Index(PR),미국,AI·테크,일반,20260805
KR70181B0002,0181B0,HANARO 미국AI메모리반도체TOP4+,엔에이치아문디자산운용,0.45,129453250000,10315,10205.95,2026-05-12,주식,해외,실물(패시브),배당소득세(보유기간과세),Solactive US AI Memory Semiconductor Top4+ Index,미국,반도체,일반,20260805
KR70219Z0000,0219Z0,HANARO 미국S&P500액티브,엔에이치아문디자산운용,0.5,8752000000,10940,10909.07,2026-08-04,주식,해외,실물(액티브),배당소득세(보유기간과세),S&P 500,미국,광범위지수,일반,20260805
KR7432840007,432840,HANARO 미국S&P500,엔에이치아문디자산운용,0.045,16500000000,20625,20531.8,2022-06-08,주식,해외,실물(패시브),배당소득세(보유기간과세),S&P 500,미국,광범위지수,일반,20260805
KR7498050004,498050,HANARO 바이오코리아액티브,엔에이치아문디자산운용,0.5,11050000000,11050,11049.86,2024-11-26,주식,국내,실물(액티브),배당소득세(보유기간과세),iSelect K-바이오헬스케어,한국,바이오·헬스케어,일반,20260805
KR7476260005,476260,HANARO 반도체핵심공정주도주,엔에이치아문디자산운용,0.45,49634000000,11960,11917.28,2024-02-27,주식,국내,실물(패시브),비과세,FnGuide 반도체 핵심공정 지수,한국,반도체,일반,20260805
KR7434730008,434730,HANARO 원자력iSelect,엔에이치아문디자산운용,0.45,691747000000,58130,58094.68,2022-06-28,주식,국내,실물(패시브),비과세,iSelect 원자력지수 (시장가격),한국,에너지·원자력,일반,20260805
KR70082F0008,0082F0,HANARO 유럽방산,엔에이치아문디자산운용,0.35,7990500000,11415,11478.41,2025-07-29,주식,해외,실물(패시브),배당소득세(보유기간과세),Stoxx 유럽 방산 지수,유럽,방산·우주,일반,20260805
KR7491820007,491820,HANARO 전력설비투자,엔에이치아문디자산운용,0.35,156762000000,43545,43433.3,2024-09-24,주식,국내,실물(패시브),비과세,iSelect 전력설비투자 지수,한국,에너지·원자력,일반,20260805
KR7461500001,461500,HANARO 종합채권(AA-이상)액티브,엔에이치아문디자산운용,0.02,96995880000,105660,105491.07,2023-10-26,채권,국내,실물(액티브),배당소득세(보유기간과세),KAP 종합채권 총수익지수(AA-이상),한국,채권·금리,일반,20260805
KR70191W0005,0191W0,HANARO 중기종합채권(A-이상)액티브,엔에이치아문디자산운용,0.05,103432750000,100910,100940.7,2026-05-19,채권,국내,실물(액티브),배당소득세(보유기간과세),KIS 중기종합채권시장 A-이상 총수익지수,한국,채권·금리,일반,20260805
KR70111J0009,0111J0,HANARO 증권고배당TOP3플러스,엔에이치아문디자산운용,0.07,60492250000,13295,13325.02,2025-10-28,주식,국내,실물(패시브),비과세,FnGuide 증권 고배당 TOP3 플러스 지수,한국,금융,일반,20260805
KR7495750002,495750,HANARO 코리아밸류업,엔에이치아문디자산운용,0.026,76758500000,31330,31462.8,2024-11-04,주식,국내,실물(패시브),비과세,코리아 밸류업 지수,한국,배당주,일반,20260805
KR7306530007,306530,HANARO 코스닥150선물레버리지,엔에이치아문디자산운용,0.45,3036000000,6600,6613.91,2018-09-18,주식,국내,실물(패시브),배당소득세(보유기간과세),F-코스닥150 지수,한국,광범위지수,일반,20260805
KR7304770001,304770,HANARO 코스닥150,엔에이치아문디자산운용,0.2,19739200000,13520,13548.84,2018-08-14,주식,국내,실물(패시브),비과세,코스닥 150,한국,광범위지수,일반,20260805
KR7375760006,375760,HANARO 탄소효율그린뉴딜,엔에이치아문디자산운용,0.2,20988000000,23320,23466.52,2021-02-05,주식,국내,실물(패시브),비과세,KRX/S&P 탄소효율 그린뉴딜지수,한국,기타,일반,20260805
KR70007N0000,0007N0,아이엠에셋 200,아이엠에셋자산운용,0.05,94455000000,104950,104810.51,2025-02-11,주식,국내,실물(패시브),비과세,코스피 200,한국,광범위지수,일반,20260805
KR7491510004,491510,파워 K-주주가치액티브,교보악사자산운용,0.405,15786000000,17540,17467.98,2024-09-24,주식,국내,실물(액티브),배당소득세(보유기간과세),FnGuide K-주주가치 지수,한국,배당주,일반,20260805
KR7140950007,140950,파워 코스피100,교보악사자산운용,0.155,45998400000,82140,82229.08,2011-05-03,주식,국내,실물(패시브),비과세,코스피 100,한국,광범위지수,일반,20260805
KR7152870002,152870,파워 200,교보악사자산운용,0.145,142121250000,105275,105302.58,2012-02-13,주식,국내,실물(패시브),비과세,코스피 200,한국,광범위지수,일반,20260805
KR7192720001,192720,파워 고배당저변동성,교보악사자산운용,0.23,29202600000,57260,57373.7,2014-02-20,주식,국내,실물(패시브),비과세,코스피 200 고배당지수,한국,배당주,일반,20260805
KR7498180009,498180,파워 종합채권(AA-이상)액티브,교보악사자산운용,0.036,114091200000,93825,93659.42,2024-11-26,채권,국내,실물(액티브),배당소득세(보유기간과세),"KIS 한국종합채권지수(AA-이상, 총수익)",한국,채권·금리,일반,20260805
KR7486240005,486240,DAISHIN343 AI반도체&인프라액티브,대신자산운용,0.36,87872000000,27460,27462.59,2024-06-18,주식,국내,실물(액티브),배당소득세(보유기간과세),FnGuide AI반도체&인프라 지수,한국,반도체,일반,20260805
KR7434960001,434960,DAISHIN343 K200,대신자산운용,0.1,73556000000,105080,105038.74,2022-06-28,주식,국내,실물(패시브),비과세,코스피 200,한국,광범위지수,일반,20260805
KR70189Z0006,0189Z0,DAISHIN343 금융&지주고배당,대신자산운용,0.24,10055000000,10055,10059.12,2026-06-09,주식,국내,실물(패시브),비과세,KRX-Akros 금융 & 지주 고배당 지수,한국,금융,일반,20260805
KR70174J0003,0174J0,DAISHIN343 오피스리츠플러스,대신자산운용,0.19,5199000000,8665,8735.25,2026-03-31,부동산,국내,실물(패시브),비과세(분리과세부동산ETF),KRX 프라임 오피스 리츠 지수,한국,리츠·부동산,일반,20260805
KR70053M0004,0053M0,더제이 중소형포커스액티브,더제이자산운용,0.685,5872500000,13050,12995.63,2025-07-22,주식,국내,실물(액티브),배당소득세(보유기간과세),코스피 200 중소형주지수,한국,광범위지수,일반,20260805
KR70220B0005,0220B0,DS 코스닥액티브,디에스자산운용,1.0,41076250000,9665,9635.91,2026-07-14,주식,국내,실물(액티브),배당소득세(보유기간과세),코스닥,한국,광범위지수,일반,20260805
KR70214M0000,0214M0,MIDAS 바이오헬스케어액티브,마이다스에셋,0.62,9460500000,11130,11098.04,2026-07-28,주식,국내,실물(액티브),배당소득세(보유기간과세),KRX 헬스케어,한국,바이오·헬스케어,일반,20260805
KR7488290008,488290,MIDAS 일본테크액티브,마이다스에셋,0.65,16619750000,47485,47478.28,2024-08-06,주식,해외,실물(액티브),배당소득세(보유기간과세),Solactive Japan Tech Top 30 지수(PR),일본,AI·테크,일반,20260805
KR7438740003,438740,MIDAS 중소형액티브,마이다스에셋,0.62,7366500000,32740,32741.65,2022-08-17,주식,국내,실물(액티브),배당소득세(보유기간과세),코스피 중형주,한국,광범위지수,일반,20260805
KR70191B0000,0191B0,MIDAS 코스닥액티브,마이다스에셋,0.62,5604000000,28020,28001.33,2026-05-19,주식,국내,실물(액티브),배당소득세(보유기간과세),코스닥,한국,광범위지수,일반,20260805
KR7403790009,403790,MIDAS 코스피액티브,마이다스에셋,0.29,163010250000,55730,55689.56,2021-10-13,주식,국내,실물(액티브),배당소득세(보유기간과세),코스피,한국,광범위지수,일반,20260805
KR70139F0001,0139F0,TIGER 12월자동연장금융채(AA-이상)액티브,미래에셋자산운용,0.1,977700270000,101865,101865.01,2025-12-09,채권,국내,실물(액티브),배당소득세(보유기간과세),KIS 12월 만기 자동연장금융채(AA-이상) 총수익지수,한국,금융,일반,20260805
KR7310960000,310960,TIGER 200TR,미래에셋자산운용,0.09,341040000000,60900,60849.85,2018-11-20,주식,국내,실물(패시브),배당소득세(보유기간과세),코스피 200 TR,한국,광범위지수,일반,20260805
KR7227550001,227550,TIGER 200 산업재,미래에셋자산운용,0.4,3793600000,11855,11921.87,2015-09-23,주식,국내,실물(패시브),비과세,코스피 200 산업재,한국,광범위지수,일반,20260805
KR7227560000,227560,TIGER 200 생활소비재,미래에셋자산운용,0.4,3024000000,12600,12580.64,2015-09-23,주식,국내,실물(패시브),비과세,코스피 200 생활소비재,한국,소비재,일반,20260805
KR7102110004,102110,TIGER 200,미래에셋자산운용,0.05,9871368750000,104625,104560.93,2008-04-03,주식,국내,실물(패시브),비과세,코스피 200,한국,광범위지수,일반,20260805
KR7243880002,243880,TIGER 200IT레버리지,미래에셋자산운용,0.63,444052000000,317180,318212.67,2016-05-13,주식,국내,실물(패시브),배당소득세(보유기간과세),코스피 200 정보기술,한국,광범위지수,일반,20260805
KR7252000005,252000,TIGER 200동일가중,미래에셋자산운용,0.21,9450000000,18900,18890.6,2016-09-20,주식,국내,실물(패시브),비과세,코스피 200 동일가중지수,한국,광범위지수,일반,20260805
KR7267770006,267770,TIGER 200선물레버리지,미래에셋자산운용,0.022,182033500000,79145,79014.76,2017-04-25,주식,국내,실물(패시브),배당소득세(보유기간과세),코스피 200 선물지수,한국,광범위지수,일반,20260805
KR7252710009,252710,TIGER 200선물인버스2X,미래에셋자산운용,0.022,30277400000,94,94.1,2016-09-22,주식,국내,실물(패시브),배당소득세(보유기간과세),코스피 200 선물지수,한국,광범위지수,일반,20260805
KR7243890001,243890,TIGER 200에너지화학레버리지,미래에셋자산운용,0.69,3950625000,7525,7510.89,2016-05-13,주식,국내,실물(패시브),배당소득세(보유기간과세),코스피 200 에너지/화학,한국,에너지·원자력,일반,20260805
KR7315270009,315270,TIGER 200커뮤니케이션서비스,미래에셋자산운용,0.4,6577600000,20555,20471.16,2019-01-15,주식,국내,실물(패시브),비과세,코스피 200 커뮤니케이션서비스,한국,광범위지수,일반,20260805
KR7166400002,166400,TIGER 200커버드콜OTM,미래에셋자산운용,0.38,11252500000,22505,22540.16,2012-10-25,주식,국내,실물(패시브),배당소득세(보유기간과세),코스피 200 커버드콜 5% OTM,한국,광범위지수,커버드콜,20260805
KR70104N0002,0104N0,TIGER 200타겟위클리커버드콜,미래에셋자산운용,0.25,209090000000,20300,20261.11,2025-09-23,주식,국내,실물(패시브),배당소득세(보유기간과세),코스피 200 타겟 7% 위클리 커버드콜 지수,한국,광범위지수,커버드콜,20260805
KR7227540002,227540,TIGER 200 헬스케어,미래에셋자산운용,0.4,32555400000,18710,18702.15,2015-09-23,주식,국내,실물(패시브),비과세,코스피 200 헬스케어,한국,바이오·헬스케어,일반,20260805
KR7480260009,480260,TIGER 27-04회사채(A+이상)액티브,미래에셋자산운용,0.1,439884900000,53710,53705.04,2024-04-23,채권,국내,실물(액티브),배당소득세(보유기간과세),KIS 회사채2704만기형 지수 (총수익 지수),한국,채권·금리,일반,20260805
KR70094K0007,0094K0,TIGER 28-04 회사채(A+이상)액티브,미래에셋자산운용,0.1,277117225000,99575,99600.63,2025-08-26,채권,국내,실물(액티브),배당소득세(보유기간과세),KIS 회사채 2804만기형 지수(총수익),한국,채권·금리,일반,20260805
KR7364980003,364980,TIGER 2차전지TOP10,미래에셋자산운용,0.4,592410000000,9100,9114.18,2020-10-07,주식,국내,실물(패시브),비과세,KRX 2차전지 TOP 10 지수,한국,2차전지,일반,20260805
KR7412570004,412570,TIGER 2차전지TOP10레버리지,미래에셋자산운용,0.29,138726900000,1002,999.14,2021-12-15,주식,국내,실물(패시브),배당소득세(보유기간과세),KRX 2차전지 TOP 10 지수,한국,2차전지,일반,20260805
KR7462010000,462010,TIGER 2차전지소재Fn,미래에셋자산운용,0.39,475079250000,4405,4407.11,2023-07-13,주식,국내,실물(패시브),비과세,FnGuide 2차전지소재 (Price Return) 지수,한국,2차전지,일반,20260805
KR7305540007,305540,TIGER 2차전지테마,미래에셋자산운용,0.44,810551250000,16525,16573.36,2018-09-12,주식,국내,실물(패시브),비과세,WISE 2차전지 테마 지수,한국,2차전지,일반,20260805
KR7471760009,471760,TIGER AI반도체핵심공정,미래에셋자산운용,0.45,113793750000,13005,13024.38,2023-11-21,주식,국내,실물(패시브),비과세,iSelect AI반도체핵심공정지수,한국,반도체,일반,20260805
KR7365040005,365040,TIGER AI코리아그로스액티브,미래에셋자산운용,0.4,73353000000,34930,34776.95,2020-09-29,주식,국내,실물(액티브),배당소득세(보유기간과세),코스피,한국,광범위지수,일반,20260805
KR7364960005,364960,TIGER BBIG,미래에셋자산운용,0.4,77561000000,6410,6436.87,2020-10-07,주식,국내,실물(패시브),비과세,KRX BBIG 지수,한국,기타,일반,20260805
KR7412560005,412560,TIGER BBIG레버리지,미래에셋자산운용,0.59,1134250000,1745,1740.51,2021-12-15,주식,국내,실물(패시브),배당소득세(보유기간과세),KRX BBIG 지수,한국,기타,일반,20260805
KR7475630000,475630,TIGER CD1년금리액티브(합성),미래에셋자산운용,0.009,1526682597000,1073390,1073388.05,2024-02-06,기타,국내,합성(액티브),배당소득세(보유기간과세),KIS CD 1Y 총수익지수,한국,기타,일반,20260805
KR7357870005,357870,TIGER CD금리투자KIS(합성),미래에셋자산운용,0.03,3552025400000,57860,57855.78,2020-07-07,기타,국내,합성(패시브),배당소득세(보유기간과세),KIS CD Index(총수익),한국,기타,일반,20260805
KR7499660009,499660,TIGER CD금리플러스액티브(합성),미래에셋자산운용,0.009,478887160000,1000600,1000599.01,2024-12-17,기타,국내,합성(액티브),배당소득세(보유기간과세),KIS CD+CPI연동금리 월분배 지수,한국,채권·금리,일반,20260805
KR7400970000,400970,TIGER Fn메타버스,미래에셋자산운용,0.45,39678000000,7780,7746.89,2021-10-13,주식,국내,실물(패시브),비과세,FnGuide 메타버스테마 지수,한국,AI·테크,일반,20260805
KR7377990007,377990,TIGER Fn신재생에너지,미래에셋자산운용,0.5,116375000000,23750,23664.62,2021-03-05,주식,국내,실물(패시브),비과세,FnGuide 신재생에너지 지수,한국,에너지·원자력,일반,20260805
KR7417630001,417630,TIGER KEDI혁신기업ESG30,미래에셋자산운용,0.5,19509000000,18580,18620.43,2022-02-08,주식,국내,실물(패시브),비과세,KEDI 혁신기업ESG30 지수(시장가격 지수),한국,광범위지수,일반,20260805
KR7292160009,292160,TIGER KRX300,미래에셋자산운용,0.07,23217500000,46435,46240.3,2018-03-26,주식,국내,실물(패시브),비과세,KRX 300,한국,광범위지수,일반,20260805
KR70072R0006,0072R0,TIGER KRX금현물,미래에셋자산운용,0.15,1177236000000,12720,12727.54,2025-06-24,원자재,국내,실물(패시브),배당소득세(보유기간과세),KRX 금현물지수,한국,기타,일반,20260805
KR7404540007,404540,TIGER KRX기후변화솔루션,미래에셋자산운용,0.09,9022000000,22555,22469.67,2021-10-29,주식,국내,실물(패시브),비과세,KRX 기후변화 솔루션지수,한국,기타,일반,20260805
KR7300610003,300610,TIGER K게임,미래에셋자산운용,0.5,13176000000,5490,5474.24,2018-07-24,주식,국내,실물(패시브),비과세,WISE K게임 테마 지수,한국,게임·엔터,일반,20260805
KR7138530001,138530,TIGER LG그룹플러스,미래에셋자산운용,0.15,79934000000,11755,11734.06,2011-03-10,주식,국내,실물(패시브),비과세,MKF LG그룹+ FW,한국,기타,일반,20260805
KR7445910003,445910,TIGER MKF배당귀족,미래에셋자산운용,0.2,19242250000,20255,20380.55,2022-10-18,주식,국내,실물(패시브),비과세,MKF 배당귀족 지수(시장가격지수),한국,배당주,일반,20260805
KR7289260002,289260,TIGER MSCI KOREA ESG리더스,미래에셋자산운용,0.4,16842000000,28070,27973.61,2018-02-07,주식,국내,실물(패시브),비과세,MSCI Korea Country ESG Leaders Capped Index,한국,광범위지수,일반,20260805
KR7289250003,289250,TIGER MSCI KOREA ESG유니버설,미래에셋자산운용,0.4,23294400000,33760,33628.69,2018-02-07,주식,국내,실물(패시브),비과세,MSCI Korea ESG Universal Index,한국,광범위지수,일반,20260805
KR7310970009,310970,TIGER MSCI Korea TR,미래에셋자산운용,0.12,4245484500000,46705,46609.57,2018-11-20,주식,국내,실물(패시브),배당소득세(보유기간과세),MSCI Korea TR Index,한국,광범위지수,일반,20260805
KR70000D0009,0000D0,TIGER 엔비디아미국채커버드콜밸런스(합성),미래에셋자산운용,0.39,64253000000,9380,9339.0,2024-12-17,혼합자산,해외,합성(패시브),배당소득세(보유기간과세),KEDI 엔비디아미국채30년타겟커버드콜혼합지수(TR),미국,개별종목,커버드콜,20260805
KR7143850006,143850,TIGER 미국S&P500선물(H),미래에셋자산운용,0.23,94110000000,78425,78438.13,2011-07-18,주식,해외,실물(패시브),배당소득세(보유기간과세),S&P 500 Futures Index(ER),미국,광범위지수,일반,20260805
KR7269370003,269370,TIGER S&P글로벌인프라(합성),미래에셋자산운용,0.4,12614000000,18020,17971.11,2017-05-16,주식,해외,합성(패시브),배당소득세(보유기간과세),S&P Global Infrastructure Index,글로벌,기타,일반,20260805
KR70195S0007,0195S0,TIGER SK하이닉스단일종목레버리지,미래에셋자산운용,0.09,1686230000000,8840,8784.73,2026-05-27,주식,국내,실물(패시브),배당소득세(보유기간과세),KRX SK하이닉스 지수,한국,개별종목,일반,20260805
KR7453950008,453950,TIGER TSMC파운드리밸류체인,미래에셋자산운용,0.49,67860000000,34800,34786.27,2023-04-04,주식,해외,실물(패시브),배당소득세(보유기간과세),FactSet TSMC 파운드리 밸류체인 지수(시장가격지수),대만,개별종목,일반,20260805
KR7364990002,364990,TIGER 게임TOP10,미래에셋자산운용,0.4,22022000000,4840,4810.93,2020-10-07,주식,국내,실물(패시브),비과세,KRX 게임 TOP 10 지수,한국,게임·엔터,일반,20260805
KR7139280002,139280,TIGER 경기방어,미래에셋자산운용,0.4,40967200000,12490,12503.16,2011-04-06,주식,국내,실물(패시브),비과세,코스피 200 경기방어소비재,한국,소비재,일반,20260805
KR7237440003,237440,TIGER 경기방어채권혼합,미래에셋자산운용,0.18,10190000000,10190,10251.78,2016-01-27,혼합자산,국내,실물(패시브),배당소득세(보유기간과세),경기방어소비재 채권혼합 지수,한국,소비재,혼합,20260805
KR7319640009,319640,TIGER 골드선물(H),미래에셋자산운용,0.39,108460000000,24650,24705.09,2019-04-09,원자재,해외,실물(패시브),배당소득세(보유기간과세),S&P GSCI Gold Index(TR),글로벌,원자재·금,일반,20260805
KR70190Y0004,0190Y0,TIGER 구글밸류체인,미래에셋자산운용,0.45,77395500000,9555,9431.24,2026-05-12,주식,해외,실물(패시브),배당소득세(보유기간과세),Akros Google Value Chain 지수 (Price Return),미국,기타,일반,20260805
KR7160580007,160580,TIGER 구리실물,미래에셋자산운용,0.83,172164500000,16715,16742.2,2012-12-17,원자재,해외,실물(패시브),배당소득세(보유기간과세),S&P GSCI Cash Copper Index,글로벌,원자재·금,일반,20260805
KR7114820004,114820,TIGER 국채3년,미래에셋자산운용,0.15,123300450000,105385,105360.17,2009-08-27,채권,국내,실물(패시브),배당소득세(보유기간과세),KTB INDEX(시장가격),한국,채권·금리,일반,20260805
KR7464310002,464310,TIGER 글로벌AI&로보틱스 INDXX,미래에셋자산운용,0.49,123794500000,14915,14918.79,2023-08-17,주식,해외,실물(패시브),배당소득세(보유기간과세),Indxx Global Robotics & Artificial Intelligence Thematic Index(PR),글로벌,AI·테크,일반,20260805
KR7418670006,418670,TIGER 글로벌AI사이버보안,미래에셋자산운용,0.49,46605000000,17925,17661.97,2022-02-22,주식,해외,실물(패시브),배당소득세(보유기간과세),Indxx Cybersecurity 지수 (PR),기타,기타,일반,20260805
KR7466950003,466950,TIGER 글로벌AI액티브,미래에셋자산운용,0.79,607095500000,32465,32534.12,2023-10-11,주식,해외,실물(액티브),배당소득세(보유기간과세),Indxx Artificial Intelligence and Big Data 지수(PR),기타,AI·테크,일반,20260805
KR7440340008,440340,TIGER 글로벌멀티에셋TIF액티브,미래에셋자산운용,0.55,26789000000,12460,12433.48,2022-08-30,혼합자산,해외,실물(액티브),배당소득세(보유기간과세),INDXX 멀티에셋인컴 지수(시장가격 지수),기타,배당주,일반,20260805
KR7476690003,476690,TIGER 글로벌비만치료제TOP2Plus,미래에셋자산운용,0.45,33808000000,10565,10495.66,2024-02-29,주식,해외,실물(패시브),배당소득세(보유기간과세),Indxx Global Obesity Treatment Top 2 Plus 지수 (시장가격),글로벌,바이오·헬스케어,일반,20260805
KR7480310002,480310,TIGER 글로벌온디바이스AI,미래에셋자산운용,0.49,55536250000,20195,20304.57,2024-04-16,주식,해외,실물(패시브),배당소득세(보유기간과세),Mirae Asset Global On-Device AI 지수 (PR),글로벌,AI·테크,일반,20260805
KR7387270002,387270,TIGER 글로벌이노베이션액티브,미래에셋자산운용,0.55,30867100000,25510,25407.23,2021-05-25,주식,해외,실물(액티브),배당소득세(보유기간과세),NASDAQ 100,미국,광범위지수,일반,20260805
KR7371450008,371450,TIGER 글로벌클라우드컴퓨팅INDXX,미래에셋자산운용,0.49,20793600000,13680,13602.72,2020-12-08,주식,해외,실물(패시브),배당소득세(보유기간과세),Indxx Global Cloud Computing Index(PR),글로벌,AI·테크,일반,20260805
KR7248270001,248270,TIGER S&P글로벌헬스케어(합성),미래에셋자산운용,0.4,30192900000,26485,26291.12,2016-07-01,주식,해외,합성(패시브),배당소득세(보유기간과세),S&P Global 1200 Health Care Index,글로벌,바이오·헬스케어,일반,20260805
KR7464930007,464930,TIGER 글로벌혁신블루칩TOP10,미래에셋자산운용,0.48,122528000000,21880,21880.66,2023-08-29,주식,해외,실물(패시브),배당소득세(보유기간과세),Mirae Asset Global Innovative Bluechip Top 10 Index(PR),글로벌,기타,일반,20260805
KR7139320006,139320,TIGER 금은선물(H),미래에셋자산운용,0.69,38434000000,17470,17138.47,2011-04-08,원자재,해외,실물(패시브),배당소득세(보유기간과세),S&P GSCI Precious Metals Index(TR),글로벌,원자재·금,일반,20260805
KR70168K0008,0168K0,TIGER 기술이전바이오액티브,미래에셋자산운용,0.5,130597950000,6405,6390.91,2026-03-17,주식,국내,실물(액티브),배당소득세(보유기간과세),KRX 기술이전 바이오 지수,한국,바이오·헬스케어,일반,20260805
KR7137610002,137610,TIGER 농산물선물Enhanced(H),미래에셋자산운용,0.69,12155500000,5285,5284.52,2011-01-11,원자재,해외,실물(패시브),배당소득세(보유기간과세),S&P GSCI Agriculture Enhanced Index(ER),글로벌,소비재,일반,20260805
KR7272580002,272580,TIGER 단기채권액티브,미래에셋자산운용,0.06,724594800000,56965,56968.78,2017-06-29,채권,국내,실물(액티브),배당소득세(보유기간과세),KIS MSB 6M PLUS 지수,한국,기타,일반,20260805
KR7157450008,157450,TIGER 단기통안채,미래에셋자산운용,0.07,1258713675000,112335,112334.31,2012-05-16,채권,국내,실물(패시브),배당소득세(보유기간과세),KIS MSB 6M(총수익),한국,기타,일반,20260805
KR7105010003,105010,TIGER 라틴35,미래에셋자산운용,0.49,9149000000,6535,6528.57,2008-08-27,주식,해외,실물(패시브),배당소득세(해외주식투자전용ETF),BNY Latin America 35 ADR,기타,기타,일반,20260805
KR7123320004,123320,TIGER 레버리지,미래에셋자산운용,0.022,249024000000,103760,103869.39,2010-04-09,주식,국내,실물(패시브),배당소득세(보유기간과세),코스피 200,한국,광범위지수,일반,20260805
KR70086B0008,0086B0,TIGER 리츠부동산인프라TOP10액티브,미래에셋자산운용,0.06,46452000000,9480,9521.42,2025-07-29,부동산,국내,실물(액티브),배당소득세(분리과세부동산ETF),KEDI 리츠부동산인프라TOP10지수 (Price Return),한국,리츠·부동산,일반,20260805
KR7341850006,341850,TIGER 리츠부동산인프라채권,미래에셋자산운용,0.22,9090000000,4545,4552.06,2020-05-22,혼합자산,국내,실물(패시브),배당소득세(분리과세부동산ETF),KIS 리츠부동산인프라채권PR 지수,한국,리츠·부동산,일반,20260805
KR7329200000,329200,TIGER 리츠부동산인프라,미래에셋자산운용,0.08,1500721250000,4025,4019.76,2019-07-19,부동산,국내,실물(패시브),비과세,FnGuide 리츠부동산인프라,한국,리츠·부동산,일반,20260805
KR70086C0007,0086C0,TIGER 리츠부동산인프라10채권혼합액티브,미래에셋자산운용,0.15,17176250000,9815,9815.96,2025-07-29,혼합자산,국내,실물(액티브),배당소득세(보유기간과세),KEDI 리츠부동산인프라TOP10채권혼합지수 (Price Return),한국,리츠·부동산,혼합,20260805
KR70043B0000,0043B0,TIGER 머니마켓액티브,미래에셋자산운용,0.04,3011201080000,103240,103240.8,2025-04-22,채권,국내,실물(액티브),배당소득세(보유기간과세),KIS-미래에셋 MMF지수,한국,채권·금리,일반,20260805
KR7147970008,147970,TIGER 모멘텀,미래에셋자산운용,0.23,38376000000,79950,79753.7,2011-10-26,주식,국내,실물(패시브),비과세,FnGuide 모멘텀 지수,한국,기타,일반,20260805
KR7458250008,458250,TIGER 미국30년국채스트립액티브(합성 H),미래에셋자산운용,0.15,398036480000,34940,34917.81,2023-05-31,채권,해외,합성(액티브),배당소득세(보유기간과세),ICE BofA Long US Treasury Principal STRIPS Index,미국,채권·금리,일반,20260805
KR70142D0008,0142D0,TIGER 미국AI데이터센터TOP4Plus,미래에셋자산운용,0.49,94648500000,11070,10939.47,2025-12-09,주식,해외,실물(패시브),배당소득세(보유기간과세),Akros U.S. AI Data Center TOP4 Plus 지수(PR),미국,AI·테크,일반,20260805
KR7491830006,491830,TIGER 미국AI반도체팹리스,미래에셋자산운용,0.49,41319000000,22955,22925.45,2024-09-24,주식,해외,실물(패시브),배당소득세(보유기간과세),Mirae Asset US AI Fabless 지수(PR),미국,AI·테크,일반,20260805
KR7490090008,490090,TIGER 미국AI빅테크10,미래에셋자산운용,0.3,219144750000,16665,16557.05,2024-08-27,주식,해외,실물(패시브),배당소득세(보유기간과세),KEDI 미국AI빅테크10 지수(PR),미국,AI·테크,일반,20260805
KR7493810006,493810,TIGER 미국AI빅테크10타겟데일리커버드콜,미래에셋자산운용,0.25,250677000000,12110,12038.84,2024-10-15,주식,해외,실물(패시브),배당소득세(보유기간과세),KEDI 미국AI빅테크10+15%데일리프리미엄 지수(TR),미국,AI·테크,일반,20260805
KR70102A0009,0102A0,TIGER 미국AI소프트웨어TOP4Plus,미래에셋자산운용,0.49,73444500000,8590,8594.65,2025-09-09,주식,해외,실물(패시브),배당소득세(보유기간과세),Akros U.S. AI Software TOP4 Plus 지수 (Price Return),미국,AI·테크,일반,20260805
KR70123G0008,0123G0,TIGER 미국AI전력SMR,미래에셋자산운용,0.49,133210000000,6920,6816.93,2025-11-04,주식,해외,실물(패시브),배당소득세(보유기간과세),Akros U.S. AI Electricity SMR Index 지수(PR),미국,AI·테크,일반,20260805
KR7488500000,488500,TIGER 미국S&P500동일가중,미래에셋자산운용,0.2,117747000000,13230,13211.43,2024-07-23,주식,해외,실물(패시브),배당소득세(보유기간과세),S&P 500 Equal Weight Index(PR),미국,광범위지수,일반,20260805
KR7429000003,429000,TIGER 미국S&P500배당귀족,미래에셋자산운용,0.25,192055500000,14070,14014.45,2022-05-17,주식,해외,실물(패시브),배당소득세(보유기간과세),S&P 500 Dividend Aristocrats 지수 (Price Return),미국,배당주,일반,20260805
KR7360750004,360750,TIGER 미국S&P500,미래에셋자산운용,0.006,20515383000000,27405,27319.55,2020-08-07,주식,해외,실물(패시브),배당소득세(보유기간과세),S&P 500,미국,광범위지수,일반,20260805
KR7448290007,448290,TIGER 미국S&P500(H),미래에셋자산운용,0.07,463242500000,17990,17919.33,2022-11-25,주식,해외,실물(패시브),배당소득세(보유기간과세),S&P 500,미국,광범위지수,일반,20260805
KR7418660007,418660,TIGER 미국나스닥100레버리지(합성),미래에셋자산운용,0.25,640405500000,43565,43367.86,2022-02-22,주식,해외,합성(패시브),배당소득세(보유기간과세),NASDAQ 100,미국,광범위지수,일반,20260805
KR7133690008,133690,TIGER 미국나스닥100,미래에셋자산운용,0.7,11492393600000,188030,187530.98,2010-10-18,주식,해외,실물(패시브),배당소득세(해외주식투자전용ETF),NASDAQ 100,미국,광범위지수,일반,20260805
KR7448300004,448300,TIGER 미국나스닥100(H),미래에셋자산운용,0.006,367482250000,23185,23132.54,2022-11-25,주식,해외,실물(패시브),배당소득세(보유기간과세),NASDAQ 100,미국,광범위지수,일반,20260805
KR7435420005,435420,TIGER 미국나스닥100채권혼합50,미래에셋자산운용,0.25,487101500000,14390,14359.72,2022-07-06,혼합자산,국내&해외,실물(패시브),배당소득세(보유기간과세),FnGuide 나스닥100채권혼합50 지수(총수익 지수),미국,채권·금리,혼합,20260805
KR7441680006,441680,TIGER 미국나스닥100커버드콜(합성),미래에셋자산운용,0.37,299064000000,10995,11027.52,2022-09-22,주식,해외,합성(패시브),배당소득세(보유기간과세),Cboe Nasdaq-100 BuyWrite V2 지수 (Total Return),미국,기타,일반,20260805
KR7429010002,429010,TIGER 미국나스닥넥스트100,미래에셋자산운용,0.49,10337500000,20675,20539.05,2022-05-17,주식,해외,실물(패시브),배당소득세(보유기간과세),Nasdaq Next Generation 100 지수 (Price Return),미국,기타,일반,20260805
KR7245340005,245340,TIGER 미국다우존스30,미래에셋자산운용,0.35,151332900000,37645,37511.86,2016-07-01,주식,해외,실물(패시브),배당소득세(해외주식투자전용ETF),Dow Jones Industrial Average,미국,기타,일반,20260805
KR7456610005,456610,TIGER 미국달러SOFR금리액티브(합성),미래에셋자산운용,0.05,700011250000,61675,61670.72,2023-05-09,기타,해외,합성(액티브),배당소득세(보유기간과세),Solactive SOFR Daily Total Return Index,미국,채권·금리,일반,20260805
KR7329750004,329750,TIGER 미국달러단기채권액티브,미래에셋자산운용,0.3,641729850000,13445,13439.97,2019-07-24,채권,해외,실물(액티브),배당소득세(보유기간과세),KIS U.S. TREASURY BOND 0-1Y 지수(총수익),미국,채권·금리,일반,20260805
KR7261110001,261110,TIGER 미국달러선물레버리지,미래에셋자산운용,0.05,8477500000,16955,16956.76,2016-12-27,통화,국내,실물(패시브),배당소득세(보유기간과세),미국달러선물지수,한국,기타,일반,20260805
KR7261120000,261120,TIGER 미국달러선물인버스2X,미래에셋자산운용,0.05,41916000000,4990,4989.63,2016-12-27,통화,국내,실물(패시브),배당소득세(보유기간과세),미국달러선물지수,한국,기타,일반,20260805
KR7494840002,494840,TIGER 미국방산TOP10,미래에셋자산운용,0.45,49913000000,14060,14066.11,2024-10-29,주식,해외,실물(패시브),배당소득세(보유기간과세),Mirae Asset US Defense Top 10 Index(PR),미국,방산·우주,일반,20260805
KR7458730009,458730,TIGER 미국배당다우존스,미래에셋자산운용,0.01,4190020000000,15320,15278.36,2023-06-20,주식,해외,실물(패시브),배당소득세(보유기간과세),Dow Jones U.S. Dividend 100 Price Return Index,미국,배당주,일반,20260805
KR70008S0004,0008S0,TIGER 미국배당다우존스타겟데일리커버드콜,미래에셋자산운용,0.25,278317000000,10270,10229.48,2025-01-21,주식,해외,실물(패시브),배당소득세(보유기간과세),Dow Jones U.S. Dividend 100 10% Daily Premium Covered Call 지수,미국,배당주,커버드콜,20260805
KR70015K0003,0015K0,TIGER 미국소비트렌드액티브,미래에셋자산운용,0.79,4957200000,7290,7294.5,2025-02-18,주식,해외,실물(액티브),배당소득세(보유기간과세),Mirae Asset US Consumer Trend 지수 (PR),미국,소비재,일반,20260805
KR70183J0002,0183J0,TIGER 미국우주테크,미래에셋자산운용,0.49,1124715000000,7730,7806.96,2026-04-14,주식,해외,실물(패시브),배당소득세(보유기간과세),Akros U.S. Space Tech 지수(PR),미국,AI·테크,일반,20260805
KR7305080004,305080,TIGER 미국채10년선물,미래에셋자산운용,0.25,228135500000,12745,12753.78,2018-08-30,채권,해외,실물(패시브),배당소득세(보유기간과세),S&P 10-Year U.S. Treasury Note Futures(ER),미국,채권·금리,일반,20260805
KR70046A0008,0046A0,TIGER 미국초단기(3개월이하)국채,미래에셋자산운용,0.09,342113750000,9845,9850.33,2025-04-29,채권,해외,실물(패시브),배당소득세(보유기간과세),ICE 0-3 Month US Treasury Securities 지수,미국,채권·금리,일반,20260805
KR7465670008,465670,TIGER 미국캐시카우100,미래에셋자산운용,0.25,13616000000,17020,16895.93,2023-09-19,주식,해외,실물(패시브),배당소득세(보유기간과세),Global X U.S. Cash Flow Kings 100 Index(PR),미국,기타,일반,20260805
KR70223R0004,0223R0,TIGER 미국테크NYSE100액티브,미래에셋자산운용,0.79,28171000000,9850,9918.96,2026-07-21,주식,해외,실물(액티브),배당소득세(보유기간과세),NYSE 100 지수(Price Return),미국,기타,일반,20260805
KR7381170000,381170,TIGER 미국테크TOP10 INDXX,미래에셋자산운용,0.49,3943482500000,32390,32243.5,2021-04-09,주식,해외,실물(패시브),배당소득세(보유기간과세),Indxx US Tech Top 10 Index,미국,AI·테크,일반,20260805
KR7472160001,472160,TIGER 미국테크TOP10 INDXX(H),미래에셋자산운용,0.49,244864000000,19130,19051.03,2023-12-05,주식,해외,실물(패시브),배당소득세(보유기간과세),Indxx US Tech Top 10 Index,미국,AI·테크,일반,20260805
KR7472170000,472170,TIGER 미국테크TOP10채권혼합,미래에셋자산운용,0.25,339269000000,14255,14265.41,2023-12-05,혼합자산,국내&해외,실물(패시브),배당소득세(보유기간과세),FnGuide 미국테크TOP10 채권혼합지수,미국,AI·테크,혼합,20260805
KR7458260007,458260,TIGER 미국투자등급회사채액티브(H),미래에셋자산운용,0.14,239503240000,46705,46681.68,2023-05-31,채권,해외,실물(액티브),배당소득세(보유기간과세),iBoxx USD Liquid Investment Grade Index(Price Return),기타,기타,일반,20260805
KR7497570002,497570,TIGER 미국필라델피아AI반도체나스닥,미래에셋자산운용,0.49,1199100000000,22840,22785.95,2024-11-26,주식,해외,실물(패시브),배당소득세(보유기간과세),PHLX US AI Semiconductor 지수 (PR),미국,반도체,일반,20260805
KR7381180009,381180,TIGER 미국필라델피아반도체나스닥,미래에셋자산운용,0.49,6185239500000,45715,45264.7,2021-04-09,주식,해외,실물(패시브),배당소득세(보유기간과세),PHLX Semiconductor Sector Index,미국,반도체,일반,20260805
KR7228810008,228810,TIGER 미디어컨텐츠,미래에셋자산운용,0.44,78130200000,3305,3295.06,2015-10-07,주식,국내,실물(패시브),비과세,WISE 미디어컨텐츠 지수,한국,게임·엔터,일반,20260805
KR7364970004,364970,TIGER 바이오TOP10,미래에셋자산운용,0.4,289147000000,7265,7263.6,2020-10-07,주식,국내,실물(패시브),비과세,KRX 바이오 TOP 10 지수,한국,바이오·헬스케어,일반,20260805
KR7091230003,091230,TIGER 반도체,미래에셋자산운용,0.46,1270000000000,125000,125397.52,2006-06-27,주식,국내,실물(패시브),비과세,KRX 반도체,한국,반도체,일반,20260805
KR7488080003,488080,TIGER 반도체TOP10레버리지,미래에셋자산운용,0.49,410881500000,31365,31244.34,2024-07-23,주식,국내,실물(패시브),배당소득세(보유기간과세),FnGuide 반도체TOP10 지수,한국,반도체,일반,20260805
KR7396500001,396500,TIGER 반도체TOP10,미래에셋자산운용,0.45,8749994250000,33895,33919.48,2021-08-10,주식,국내,실물(패시브),비과세,FnGuide 반도체TOP10 지수,한국,반도체,일반,20260805
KR70177R0000,0177R0,TIGER 반도체TOP10커버드콜액티브,미래에셋자산운용,0.45,741128500000,10915,10873.85,2026-04-21,주식,국내,실물(액티브),배당소득세(보유기간과세),FnGuide 반도체 TOP10 Capped 지수(Price Return),한국,반도체,일반,20260805
KR7138520002,138520,TIGER 삼성그룹,미래에셋자산운용,0.113,140699300000,34655,34698.41,2011-03-07,주식,국내,실물(패시브),비과세,MKF SAMs FW,한국,기타,일반,20260805
KR70195R0008,0195R0,TIGER 삼성전자단일종목레버리지,미래에셋자산운용,0.09,920605000000,10150,10090.53,2026-05-27,주식,국내,실물(패시브),배당소득세(보유기간과세),KRX 삼성전자 지수,한국,개별종목,일반,20260805
KR7157490004,157490,TIGER 소프트웨어,미래에셋자산운용,0.4,83347600000,8755,8723.82,2012-05-16,주식,국내,실물(패시브),비과세,FnGuide 소프트웨어 지수,한국,AI·테크,일반,20260805
KR7228800009,228800,TIGER 여행레저,미래에셋자산운용,0.5,67080750000,2585,2570.84,2015-10-07,주식,국내,실물(패시브),비과세,WISE 여행레저 지수,한국,기타,일반,20260805
KR7227570009,227570,TIGER 우량가치,미래에셋자산운용,0.35,7362000000,20450,20408.73,2015-09-23,주식,국내,실물(패시브),비과세,FnGuide 퀄리티밸류 지수,한국,광범위지수,일반,20260805
KR7261140008,261140,TIGER 우선주,미래에셋자산운용,0.29,32470000000,23875,24024.63,2017-01-06,주식,국내,실물(패시브),비과세,코스피 우선주 지수,한국,광범위지수,일반,20260805
KR7130680002,130680,TIGER 원유선물Enhanced(H),미래에셋자산운용,0.69,13158000000,6120,6118.8,2010-08-02,원자재,해외,실물(패시브),배당소득세(보유기간과세),S&P GSCI Crude Oil Enhanced Index ER,글로벌,에너지·원자력,일반,20260805
KR7245350004,245350,TIGER 유로스탁스배당30,미래에셋자산운용,0.35,31760000000,19850,19903.88,2016-07-01,주식,해외,실물(패시브),배당소득세(해외주식투자전용ETF),Euro STOXX Select Dividend 30,유럽,배당주,일반,20260805
KR70189B0004,0189B0,TIGER 은액티브,미래에셋자산운용,0.3,39895000000,7900,7911.79,2026-04-28,원자재,해외,실물(액티브),배당소득세(보유기간과세),ICE Silver Spot 지수 (시장가격),기타,원자재·금,일반,20260805
KR7091220004,091220,TIGER 은행,미래에셋자산운용,0.46,20044600000,16430,16451.99,2006-06-27,주식,국내,실물(패시브),비과세,KRX 은행,한국,금융,일반,20260805
KR7466940004,466940,TIGER 은행고배당플러스TOP10,미래에셋자산운용,0.3,783450000000,26115,26007.03,2023-10-17,주식,국내,실물(패시브),비과세,FnGuide 은행고배당플러스TOP10 지수(시장가격 지수),한국,금융,일반,20260805
KR7307510008,307510,TIGER 의료기기,미래에셋자산운용,0.5,6710000000,13420,13422.39,2018-11-08,주식,국내,실물(패시브),비과세,FnGuide 의료기기 지수,한국,바이오·헬스케어,일반,20260805
KR7453870008,453870,TIGER 인도니프티50,미래에셋자산운용,0.19,307545000000,12180,12219.44,2023-04-14,주식,해외,실물(패시브),배당소득세(보유기간과세),Nifty 50 Index,인도,광범위지수,일반,20260805
KR7236350005,236350,TIGER 인도니프티50레버리지(합성),미래에셋자산운용,0.58,19412200000,31310,31188.2,2016-05-13,주식,해외,합성(패시브),배당소득세(보유기간과세),Nifty 50 Index,인도,광범위지수,일반,20260805
KR7479730004,479730,TIGER 인도빌리언컨슈머,미래에셋자산운용,0.49,63690000000,10615,10703.18,2024-05-14,주식,해외,실물(패시브),배당소득세(보유기간과세),Mirae Asset India Billion Consumer 지수(PR),인도,소비재,일반,20260805
KR7123310005,123310,TIGER 인버스,미래에셋자산운용,0.022,58099100000,1193,1192.76,2010-03-29,주식,국내,실물(패시브),배당소득세(보유기간과세),코스피 200 선물지수,한국,광범위지수,일반,20260805
KR7365000009,365000,TIGER 인터넷TOP10,미래에셋자산운용,0.4,40337000000,3860,3865.73,2020-10-07,주식,국내,실물(패시브),비과세,KRX 인터넷 TOP 10 지수,한국,AI·테크,일반,20260805
KR7241180009,241180,TIGER 일본니케이225,미래에셋자산운용,0.29,407180400000,35970,36142.31,2016-03-31,주식,해외,실물(패시브),배당소득세(해외주식투자전용ETF),Nikkei 225,일본,기타,일반,20260805
KR7465660009,465660,TIGER 일본반도체FACTSET,미래에셋자산운용,0.49,40980000000,27320,27411.76,2023-09-19,주식,해외,실물(패시브),배당소득세(보유기간과세),FactSet Japan Semiconductor Index(PR),일본,반도체,일반,20260805
KR7292560000,292560,TIGER 일본엔선물,미래에셋자산운용,0.21,35905000000,8350,8356.0,2018-04-17,통화,국내,실물(패시브),배당소득세(보유기간과세),엔선물지수,한국,기타,일반,20260805
KR70025N0008,0025N0,TIGER TDF2045 적격,미래에셋자산운용,0.19,772520000000,12400,12324.86,2025-03-25,혼합자산,국내&해외,실물(패시브),배당소득세(보유기간과세),S&P Korea Target Date 2045 Global Index,글로벌,자산배분·TDF,일반,20260805
KR7494670003,494670,TIGER 조선TOP10,미래에셋자산운용,0.35,601364250000,23445,23397.33,2024-10-22,주식,국내,실물(패시브),비과세,iSelect 조선TOP10 Index(PR),한국,조선·기계,일반,20260805
KR7150460004,150460,TIGER 중국소비테마,미래에셋자산운용,0.5,55130700000,7235,7247.32,2011-12-16,주식,국내,실물(패시브),비과세,FnGuide 중국내수테마 지수,한국,기타,일반,20260805
KR70192Z0001,0192Z0,TIGER 중기종합채권(A-이상)액티브,미래에셋자산운용,0.06,163058475000,100965,100987.51,2026-05-19,채권,국내,실물(액티브),배당소득세(보유기간과세),NICE 중기종합채권(A-이상)(총수익지수),한국,채권·금리,일반,20260805
KR7302190004,302190,TIGER 중장기국채,미래에셋자산운용,0.13,194621200000,50420,50408.18,2018-07-20,채권,국내,실물(패시브),배당소득세(보유기간과세),KIS 국채 3-10년 지수(시장가격지수),한국,채권·금리,일반,20260805
KR7157500000,157500,TIGER 증권,미래에셋자산운용,0.4,241214600000,13210,13216.23,2012-05-16,주식,국내,실물(패시브),비과세,FnGuide 증권 지수,한국,금융,일반,20260805
KR7307520007,307520,TIGER 지주회사,미래에셋자산운용,0.5,272977500000,21410,21394.97,2018-11-08,주식,국내,실물(패시브),비과세,FnGuide 지주회사 지수,한국,기타,일반,20260805
KR7117690008,117690,TIGER 차이나항셍30,미래에셋자산운용,0.4,10340000000,20680,20894.47,2009-10-21,주식,해외,실물(패시브),배당소득세(해외주식투자전용ETF),Hang Seng China (Hong Kong-listed) 30 Index,중국,기타,일반,20260805
KR70067Y0004,0067Y0,TIGER 차이나AI소프트웨어,미래에셋자산운용,0.49,11790000000,11790,11918.51,2025-06-17,주식,해외,실물(패시브),배당소득세(보유기간과세),"Mirae Asset China AI Software 지수 (Price Return, HKD)",중국,AI·테크,일반,20260805
KR7245360003,245360,TIGER 차이나HSCEI,미래에셋자산운용,0.29,28380000000,12900,12920.56,2016-06-16,주식,해외,실물(패시브),배당소득세(해외주식투자전용ETF),Hang Seng China H,중국,기타,일반,20260805
KR7414780007,414780,TIGER 차이나과창판STAR50(합성),미래에셋자산운용,0.09,228490000000,14600,14746.79,2022-01-13,주식,해외,합성(패시브),배당소득세(보유기간과세),STAR 50 Index(Price Return),기타,기타,일반,20260805
KR70067V0007,0067V0,TIGER 차이나글로벌리더스TOP3+,미래에셋자산운용,0.49,25404000000,10585,10622.07,2025-06-17,주식,해외,실물(패시브),배당소득세(보유기간과세),"Solactive-KEDI 차이나글로벌리더스TOP3플러스 지수 (Price Return, CNH)",글로벌,기타,일반,20260805
KR7371470006,371470,TIGER 차이나바이오테크SOLACTIVE,미래에셋자산운용,0.49,46059400000,8405,8423.38,2020-12-08,주식,해외,실물(패시브),배당소득세(보유기간과세),Solactive China Biotech Index(PR),중국,바이오·헬스케어,일반,20260805
KR7396520009,396520,TIGER 차이나반도체FACTSET,미래에셋자산운용,0.49,581380000000,14180,14243.71,2021-08-10,주식,해외,실물(패시브),배당소득세(보유기간과세),FactSet China Semiconductor 지수(PR),중국,반도체,일반,20260805
KR7371460007,371460,TIGER 차이나전기차SOLACTIVE,미래에셋자산운용,0.49,813618000000,11115,11203.07,2020-12-08,주식,해외,실물(패시브),배당소득세(보유기간과세),Solactive China Electric Vehicle and Battery Index(PR),중국,2차전지,일반,20260805
KR7456680008,456680,TIGER 차이나전기차레버리지(합성),미래에셋자산운용,0.58,44445350000,7495,7571.61,2023-05-09,주식,해외,합성(패시브),배당소득세(보유기간과세),Solactive China Electric Vehicle and Battery Index(PR),중국,2차전지,일반,20260805
KR70133E0008,0133E0,TIGER 차이나증권,미래에셋자산운용,0.49,9607500000,9150,9213.3,2026-02-03,주식,해외,실물(패시브),배당소득세(보유기간과세),Solactive China Securities Index (Price Return),중국,기타,일반,20260805
KR7396510000,396510,TIGER 차이나클린에너지SOLACTIVE,미래에셋자산운용,0.49,14278400000,7760,7837.48,2021-08-10,주식,해외,실물(패시브),배당소득세(보유기간과세),Solactive China Clean Energy 지수(PR),중국,에너지·원자력,일반,20260805
KR70047A0007,0047A0,TIGER 차이나테크TOP10,미래에셋자산운용,0.49,216352500000,13650,13714.22,2025-05-13,주식,해외,실물(패시브),배당소득세(보유기간과세),Mirae Asset China Tech Top 10 지수 (Price Return),중국,AI·테크,일반,20260805
KR7438320004,438320,TIGER 차이나항셍테크레버리지(합성 H),미래에셋자산운용,0.58,26164400000,5960,6081.43,2022-08-23,주식,해외,합성(패시브),배당소득세(보유기간과세),Hang Seng TECH Index,중국,AI·테크,일반,20260805
KR7371160003,371160,TIGER 차이나항셍테크,미래에셋자산운용,0.09,641106250000,7655,7692.56,2020-12-16,주식,해외,실물(패시브),배당소득세(보유기간과세),Hang Seng TECH Index,중국,AI·테크,일반,20260805
KR70053L0005,0053L0,TIGER 차이나휴머노이드로봇,미래에셋자산운용,0.49,278254000000,10580,10668.09,2025-05-27,주식,해외,실물(패시브),배당소득세(보유기간과세),Mirae Asset China Humanoid Robot 지수(PR),중국,AI·테크,일반,20260805
KR70117V0007,0117V0,TIGER 코리아AI전력기기TOP3플러스,미래에셋자산운용,0.4,982183500000,18870,18901.73,2025-10-21,주식,국내,실물(패시브),비과세,KEDI 코리아AI전력기기TOP3플러스 지수,한국,AI·테크,일반,20260805
KR7292150000,292150,TIGER 코리아TOP10,미래에셋자산운용,0.15,1997697000000,36790,36821.13,2018-03-30,주식,국내,실물(패시브),비과세,FnGuide TOP10 지수,한국,기타,일반,20260805
KR70104P0000,0104P0,TIGER 코리아배당다우존스위클리커버드콜,미래에셋자산운용,0.25,19971000000,11095,11091.86,2025-09-23,주식,국내,실물(패시브),배당소득세(보유기간과세),KRX 다우존스 코리아 배당 30 타겟 7% 위클리 커버드콜 지수,한국,배당주,커버드콜,20260805
KR70052D0006,0052D0,TIGER 코리아배당다우존스,미래에셋자산운용,0.25,346209000000,15595,15533.38,2025-05-20,주식,국내,실물(패시브),비과세,Dow Jones Korea Dividend 30 지수 (Price Return),한국,배당주,일반,20260805
KR7496080003,496080,TIGER 코리아밸류업,미래에셋자산운용,0.008,509243000000,31630,31583.56,2024-11-04,주식,국내,실물(패시브),비과세,코리아 밸류업 지수,한국,배당주,일반,20260805
KR70091P0005,0091P0,TIGER 코리아원자력,미래에셋자산운용,0.5,531670000000,15800,15778.48,2025-08-19,주식,국내,실물(패시브),비과세,iSelect 코리아 원자력 지수 (Price Return),한국,에너지·원자력,일반,20260805
KR70148J0006,0148J0,TIGER 코리아휴머노이드로봇산업,미래에셋자산운용,0.5,628712500000,9490,9490.88,2026-01-06,주식,국내,실물(패시브),비과세,KEDI 코리아 휴머노이드로봇산업 지수 (PR),한국,AI·테크,일반,20260805
KR7233160001,233160,TIGER 코스닥150 레버리지,미래에셋자산운용,0.32,171706500000,7245,7264.69,2015-12-17,주식,국내,실물(패시브),배당소득세(보유기간과세),코스닥 150,한국,광범위지수,일반,20260805
KR7232080002,232080,TIGER 코스닥150,미래에셋자산운용,0.19,1272450800000,13795,13792.23,2015-11-12,주식,국내,실물(패시브),비과세,코스닥 150,한국,광범위지수,일반,20260805
KR7261060008,261060,TIGER 코스닥150IT,미래에셋자산운용,0.4,25938000000,21615,21555.19,2016-12-15,주식,국내,실물(패시브),비과세,코스닥 150 정보기술,한국,광범위지수,일반,20260805
KR7261070007,261070,TIGER 코스닥150바이오테크,미래에셋자산운용,0.4,56307500000,12625,12597.93,2016-12-15,주식,국내,실물(패시브),비과세,코스닥 150 헬스케어,한국,바이오·헬스케어,일반,20260805
KR7250780004,250780,TIGER 코스닥150선물인버스,미래에셋자산운용,0.32,5665000000,2575,2562.81,2016-08-10,주식,국내,실물(패시브),배당소득세(보유기간과세),F-코스닥150 지수,한국,광범위지수,일반,20260805
KR7461580003,461580,TIGER 코스닥글로벌,미래에셋자산운용,0.15,9694750000,14915,14932.34,2023-06-29,주식,국내,실물(패시브),비과세,코스닥 글로벌 지수,한국,광범위지수,일반,20260805
KR70204S0006,0204S0,TIGER 코스닥액티브,미래에셋자산운용,0.5,29190700000,6545,6518.23,2026-06-02,주식,국내,실물(액티브),배당소득세(보유기간과세),코스닥,한국,광범위지수,일반,20260805
KR7277640009,277640,TIGER 코스피대형주,미래에셋자산운용,0.24,63498750000,36285,36125.22,2017-08-31,주식,국내,실물(패시브),비과세,코스피 대형주,한국,광범위지수,일반,20260805
KR7277650008,277650,TIGER 코스피중형주,미래에셋자산운용,0.24,4036000000,20180,20119.74,2017-08-31,주식,국내,실물(패시브),비과세,코스피 중형주,한국,광범위지수,일반,20260805
KR7277630000,277630,TIGER 코스피,미래에셋자산운용,0.12,447622500000,68865,68785.44,2017-08-31,주식,국내,실물(패시브),비과세,코스피,한국,광범위지수,일반,20260805
KR7376410007,376410,TIGER 탄소효율그린뉴딜,미래에셋자산운용,0.09,21217500000,23575,23549.74,2021-02-05,주식,국내,실물(패시브),비과세,KRX/S&P 탄소효율 그린뉴딜지수,한국,기타,일반,20260805
KR7447770009,447770,TIGER 테슬라채권혼합Fn,미래에셋자산운용,0.25,435880000000,13600,13625.74,2022-11-29,혼합자산,국내&해외,실물(패시브),배당소득세(보유기간과세),FnGuide 테슬라채권혼합 지수,미국,개별종목,혼합,20260805
KR70060H0002,0060H0,TIGER 토탈월드스탁액티브,미래에셋자산운용,0.25,400414500000,13215,13147.64,2025-06-24,주식,해외,실물(액티브),배당소득세(보유기간과세),FTSE Global All Cap Index(PR),글로벌,기타,일반,20260805
KR7387280001,387280,TIGER 퓨처모빌리티액티브,미래에셋자산운용,0.77,14882700000,11190,11143.72,2021-05-25,주식,국내,실물(액티브),배당소득세(보유기간과세),FnGuide 퓨처모빌리티 지수,한국,자동차,일반,20260805
KR7449690007,449690,TIGER 한중반도체(합성),미래에셋자산운용,0.35,36153750000,48205,48185.2,2022-12-22,주식,국내&해외,합성(패시브),배당소득세(보유기간과세),KRX CSI 한·중 반도체지수,중국,반도체,일반,20260805
KR7449680008,449680,TIGER 한중전기차(합성),미래에셋자산운용,0.35,9337250000,10985,11004.85,2022-12-22,주식,국내&해외,합성(패시브),배당소득세(보유기간과세),KRX CSI 한·중 전기차지수,중국,자동차,일반,20260805
KR7143860005,143860,TIGER 헬스케어,미래에셋자산운용,0.4,151320000000,37830,37753.85,2011-07-18,주식,국내,실물(패시브),비과세,KRX 헬스케어,한국,바이오·헬스케어,일반,20260805
KR7138540000,138540,TIGER 현대차그룹플러스,미래에셋자산운용,0.15,672621200000,51980,52010.79,2011-03-10,주식,국내,실물(패시브),비과세,MKF 현대차그룹+ FW,한국,개별종목,일반,20260805
KR7228790002,228790,TIGER 화장품,미래에셋자산운용,0.5,243109800000,3930,3914.81,2015-10-07,주식,국내,실물(패시브),비과세,WISE 화장품 지수,한국,소비재,일반,20260805
KR7394670004,394670,TIGER 글로벌리튬&2차전지SOLACTIVE(합성),미래에셋자산운용,0.49,201565000000,11375,11493.7,2021-07-20,주식,해외,합성(패시브),배당소득세(보유기간과세),Solactive Global Lithium 지수(PR),글로벌,2차전지,일반,20260805
KR7394660005,394660,TIGER 글로벌자율주행&전기차SOLACTIVE,미래에셋자산운용,0.49,109256800000,16655,16741.03,2021-07-20,주식,해외,실물(패시브),배당소득세(보유기간과세),Solactive Autonomous & Electric Vehicles 지수(PR),기타,기타,일반,20260805
KR7276000007,276000,TIGER 글로벌자원생산기업(합성 H),미래에셋자산운용,0.4,16651500000,19590,19933.52,2017-08-01,주식,해외,합성(패시브),배당소득세(보유기간과세),MorningStar Global Upstream Resources Index(PR),글로벌,기타,일반,20260805
KR7449170000,449170,TIGER KOFR금리액티브(합성),미래에셋자산운용,0.03,2441288430000,111510,111512.18,2022-11-30,기타,국내,합성(액티브),배당소득세(보유기간과세),KOFR 지수,한국,채권·금리,일반,20260805
KR7458750007,458750,TIGER 미국배당다우존스타겟커버드콜1호,미래에셋자산운용,0.39,68136000000,13360,13303.7,2023-06-20,주식,해외,실물(패시브),배당소득세(보유기간과세),DowJones U.S. Dividend 100 3% Premium Covered Call 지수 (TR),미국,배당주,커버드콜,20260805
KR7471780007,471780,TIGER 코리아테크액티브,미래에셋자산운용,0.77,247779900000,33170,33075.73,2023-11-28,주식,국내,실물(액티브),배당소득세(보유기간과세),KRX 정보기술,한국,기타,일반,20260805
KR7139260004,139260,TIGER 200 IT,미래에셋자산운용,0.4,2587389100000,132415,131940.87,2011-04-06,주식,국내,실물(패시브),비과세,코스피 200 정보기술,한국,광범위지수,일반,20260805
KR7139220008,139220,TIGER 200 건설,미래에셋자산운용,0.4,124784400000,7410,7387.98,2011-04-06,주식,국내,실물(패시브),비과세,코스피 200 건설,한국,조선·기계,일반,20260805
KR7139290001,139290,TIGER 200 경기소비재,미래에셋자산운용,0.4,6822400000,26240,26336.57,2011-04-06,주식,국내,실물(패시브),비과세,코스피 200 경기소비재,한국,소비재,일반,20260805
KR7139270003,139270,TIGER 200 금융,미래에셋자산운용,0.4,30193800000,16590,16574.26,2011-04-06,주식,국내,실물(패시브),비과세,코스피 200 금융,한국,금융,일반,20260805
KR7139250005,139250,TIGER 200 에너지화학,미래에셋자산운용,0.34,22582800000,16605,16592.69,2011-04-06,주식,국내,실물(패시브),비과세,코스피 200 에너지/화학,한국,에너지·원자력,일반,20260805
KR7139230007,139230,TIGER 200 중공업,미래에셋자산운용,0.34,267945600000,13560,13525.69,2011-04-06,주식,국내,실물(패시브),비과세,코스피 200 중공업,한국,조선·기계,일반,20260805
KR7139240006,139240,TIGER 200 철강소재,미래에셋자산운용,0.34,6513100000,10505,10462.52,2011-04-06,주식,국내,실물(패시브),비과세,코스피 200 철강/소재,한국,광범위지수,일반,20260805
KR7289480006,289480,TIGER 200커버드콜,미래에셋자산운용,0.38,27473500000,11945,12036.95,2018-02-09,주식,국내,실물(패시브),배당소득세(보유기간과세),코스피 200 커버드콜 ATM 지수,한국,광범위지수,커버드콜,20260805
KR7228820007,228820,TIGER KTOP30,미래에셋자산운용,0.21,18095000000,18095,18040.2,2015-10-14,주식,국내,실물(패시브),비과세,KTOP 30,한국,기타,일반,20260805
KR7463250001,463250,TIGER K방산&우주,미래에셋자산운용,0.45,537750000000,35850,35880.65,2023-07-25,주식,국내,실물(패시브),비과세,iSelect K방산&우주,한국,방산·우주,일반,20260805
KR7225060003,225060,TIGER 이머징마켓MSCI레버리지(합성 H),미래에셋자산운용,0.58,16938800000,15980,16029.14,2015-07-29,주식,해외,합성(패시브),배당소득세(보유기간과세),MSCI EM Index,신흥국,광범위지수,일반,20260805
KR7182480004,182480,TIGER 미국MSCI리츠(합성 H),미래에셋자산운용,0.24,131741000000,14015,14130.27,2013-10-10,부동산,해외,합성(패시브),배당소득세(분리과세부동산ETF),MSCI US REIT Index,미국,리츠·부동산,일반,20260805
KR7225040005,225040,TIGER 미국S&P500레버리지(합성 H),미래에셋자산운용,0.27,60975200000,69290,68815.44,2015-07-29,주식,해외,합성(패시브),배당소득세(보유기간과세),S&P 500,미국,광범위지수,일반,20260805
KR7225030006,225030,TIGER 미국S&P500선물인버스(H),미래에셋자산운용,0.59,3791000000,2230,2224.39,2015-07-29,주식,해외,실물(패시브),배당소득세(보유기간과세),S&P 500 Futures Total Return Index,미국,광범위지수,일반,20260805
KR7451530000,451530,TIGER 국고채30년스트립액티브,미래에셋자산운용,0.15,147377100000,35650,35918.21,2023-02-01,채권,국내,실물(액티브),배당소득세(보유기간과세),KIS STRIP 30Y Index(총수익지수),한국,기타,일반,20260805
KR7491010005,491010,TIGER 글로벌AI전력인프라액티브,미래에셋자산운용,0.49,670157000000,26860,26658.48,2024-09-10,주식,해외,실물(액티브),배당소득세(보유기간과세),Mirae Asset AI Infrastructure 지수(PR),기타,AI·테크,일반,20260805
KR7412770000,412770,TIGER 글로벌AI플랫폼액티브,미래에셋자산운용,0.79,96631100000,13165,12968.12,2021-12-22,주식,해외,실물(액티브),배당소득세(보유기간과세),Indxx Global Metaverse Index (Price Return),글로벌,기타,일반,20260805
KR7203780002,203780,TIGER 미국나스닥바이오,미래에셋자산운용,0.3,96659400000,34035,33993.15,2014-08-27,주식,해외,실물(패시브),배당소득세(해외주식투자전용ETF),NASDAQ Biotechnology 지수(시장가격지수),미국,AI·테크,일반,20260805
KR7182490003,182490,TIGER 단기선진하이일드(합성 H),미래에셋자산운용,0.24,8343000000,13905,13860.89,2014-03-24,채권,해외,합성(패시브),배당소득세(보유기간과세),iBoxx USD Liquid High Yield 0-5 year Index,기타,기타,일반,20260805
KR7174350009,174350,TIGER 로우볼,미래에셋자산운용,0.4,7765300000,20435,20384.13,2013-06-20,주식,국내,실물(패시브),비과세,FnGuide Low Vol 지수,한국,기타,일반,20260805
KR7275980001,275980,TIGER 글로벌4차산업혁신기술(합성 H),미래에셋자산운용,0.4,59436000000,23400,23606.2,2017-08-01,주식,해외,합성(패시브),배당소득세(보유기간과세),Morningstar Exponential Technologies Equal Weighted Select PR USD,기타,기타,일반,20260805
KR7476550009,476550,TIGER 미국30년국채커버드콜액티브(H),미래에셋자산운용,0.39,800164750000,6895,6866.8,2024-02-27,채권,해외,실물(액티브),배당소득세(보유기간과세),KEDI 미국채30년 위클리 커버드콜30 지수(Total Return),미국,채권·금리,커버드콜,20260805
KR7482730009,482730,TIGER 미국S&P500타겟데일리커버드콜,미래에셋자산운용,0.25,653308750000,12385,12331.8,2024-05-21,주식,해외,실물(패시브),배당소득세(보유기간과세),S&P500 10% Daily Premium Covered Call Index(TR),미국,광범위지수,커버드콜,20260805
KR7486290000,486290,TIGER 미국나스닥100타겟데일리커버드콜,미래에셋자산운용,0.25,2349144000000,11060,11035.33,2024-06-25,주식,해외,실물(패시브),배당소득세(보유기간과세),NASDAQ 100 Daily Covered Call Target Premium 15% 지수(TR),미국,광범위지수,커버드콜,20260805
KR7458760006,458760,TIGER 미국배당다우존스타겟커버드콜2호,미래에셋자산운용,0.39,713250000000,11250,11217.57,2023-06-20,주식,해외,실물(패시브),배당소득세(보유기간과세),DowJones U.S. Dividend 100 7% Premium Covered Call 지수 (TR),미국,배당주,커버드콜,20260805
KR7474220001,474220,TIGER 미국테크TOP10타겟커버드콜,미래에셋자산운용,0.5,438760000000,15670,15602.91,2024-01-16,주식,해외,실물(패시브),배당소득세(보유기간과세),Bloomberg U.S. Tech Top10+10% Premium Covered Call Index,미국,AI·테크,커버드콜,20260805
KR7211560008,211560,TIGER 배당성장,미래에셋자산운용,0.115,73500000000,35000,34979.83,2014-12-17,주식,국내,실물(패시브),비과세,코스피 배당성장 50,한국,배당주,일반,20260805
KR7472150002,472150,TIGER 배당커버드콜액티브,미래에셋자산운용,0.5,2305823400000,19995,19962.34,2023-12-12,주식,국내,실물(액티브),배당소득세(보유기간과세),코스피 200 커버드콜 5% OTM,한국,광범위지수,커버드콜,20260805
KR7438330003,438330,TIGER 우량회사채액티브,미래에셋자산운용,0.1,539558100000,115785,115739.36,2022-08-23,채권,국내,실물(액티브),배당소득세(보유기간과세),KIS 투자등급회사채 지수(총수익),한국,채권·금리,일반,20260805
KR7217770007,217770,TIGER 원유선물인버스(H),미래에셋자산운용,0.69,23562500000,1450,1460.58,2015-04-29,원자재,해외,실물(패시브),배당소득세(보유기간과세),S&P GSCI Crude Oil Index ER,글로벌,에너지·원자력,일반,20260805
KR7225050004,225050,TIGER 유로스탁스레버리지(합성 H),미래에셋자산운용,0.58,7674750000,17055,17036.44,2015-07-29,주식,해외,합성(패시브),배당소득세(보유기간과세),EURO STOXX 50 Index,유럽,광범위지수,일반,20260805
KR7195930003,195930,TIGER 유로스탁스50(합성 H),미래에셋자산운용,0.24,38360000000,23975,23883.27,2014-04-30,주식,해외,합성(패시브),배당소득세(보유기간과세),EURO STOXX 50 Index,유럽,광범위지수,일반,20260805
KR7195920004,195920,TIGER 일본TOPIX(합성 H),미래에셋자산운용,0.24,17347500000,34695,34919.43,2014-04-30,주식,해외,합성(패시브),배당소득세(보유기간과세),TOPIX,일본,광범위지수,일반,20260805
KR7451540009,451540,TIGER 종합채권(AA-이상)액티브,미래에셋자산운용,0.03,1036091760000,53035,53008.42,2023-02-01,채권,국내,실물(액티브),배당소득세(보유기간과세),KIS 종합채권 AA-이상 총수익 지수(Total return Index),한국,채권·금리,일반,20260805
KR7204480008,204480,TIGER 차이나CSI300레버리지(합성),미래에셋자산운용,0.58,100402800000,26990,27139.34,2014-09-01,주식,해외,합성(패시브),배당소득세(보유기간과세),CSI 300 Index,중국,광범위지수,일반,20260805
KR7217780006,217780,TIGER 차이나CSI300인버스(합성),미래에셋자산운용,0.58,8114250000,5235,5288.6,2015-06-10,주식,해외,합성(패시브),배당소득세(보유기간과세),CSI 300 Index,중국,광범위지수,일반,20260805
KR7192090009,192090,TIGER 차이나CSI300,미래에셋자산운용,0.63,138351000000,12930,13021.12,2014-02-17,주식,해외,실물(패시브),배당소득세(해외주식투자전용ETF),CSI 300 Index,중국,광범위지수,일반,20260805
KR7210780003,210780,TIGER 코스피고배당,미래에셋자산운용,0.24,75141000000,22770,22760.01,2014-12-05,주식,국내,실물(패시브),비과세,코스피 고배당 50,한국,배당주,일반,20260805
KR7423920008,423920,TIGER 미국필라델피아반도체레버리지(합성),미래에셋자산운용,0.58,677670000000,96810,95130.81,2022-04-19,주식,해외,합성(패시브),배당소득세(보유기간과세),PHLX Semiconductor Sector Index,미국,반도체,일반,20260805
KR70098Z0006,0098Z0,FOCUS 200,브이아이자산운용,0.05,67226250000,89635,89169.4,2025-09-23,주식,국내,실물(패시브),비과세,코스피 200,한국,광범위지수,일반,20260805
KR70176P0003,0176P0,FOCUS AI반도체위클리고정커버드콜,브이아이자산운용,0.3,5940000000,11880,11825.46,2026-04-07,주식,국내,실물(패시브),배당소득세(보유기간과세),AI 반도체 위클리 고정 30% 커버드콜 지수,한국,반도체,커버드콜,20260805
KR7448570002,448570,FOCUS AI코리아액티브,브이아이자산운용,0.455,39514500000,29270,29253.29,2022-11-15,주식,국내,실물(액티브),배당소득세(보유기간과세),코스피,한국,광범위지수,일반,20260805
KR70073X0007,0073X0,FOCUS 알리바바미국채커버드콜혼합,브이아이자산운용,0.36,5291000000,9620,9626.22,2025-07-01,혼합자산,해외,실물(패시브),배당소득세(보유기간과세),KEDI 알리바바미국채커버드콜혼합지수(TR),미국,채권·금리,커버드콜,20260805
KR7285690004,285690,FOCUS ESG리더스,브이아이자산운용,0.1,7381500000,21090,21012.2,2017-12-13,주식,국내,실물(패시브),비과세,KRX ESG Leaders 150,한국,광범위지수,일반,20260805
KR7278530001,278530,KODEX 200TR,삼성자산운용,0.05,7564443750000,37775,37782.14,2017-11-21,주식,국내,실물(패시브),배당소득세(보유기간과세),코스피 200 TR,한국,광범위지수,일반,20260805
KR7226980001,226980,KODEX 200 중소형,삼성자산운용,0.3,19467000000,21630,21753.35,2015-09-01,주식,국내,실물(패시브),비과세,코스피 200 중소형주지수,한국,광범위지수,일반,20260805
KR7337160006,337160,KODEX 200ESG,삼성자산운용,0.09,161822500000,46235,46041.65,2019-11-14,주식,국내,실물(패시브),비과세,코스피 200 ESG 지수,한국,광범위지수,일반,20260805
KR7363580002,363580,KODEX 200IT TR,삼성자산운용,0.15,233970000000,53175,53127.41,2020-09-25,주식,국내,실물(패시브),배당소득세(보유기간과세),코스피200 정보기술 TR,한국,광범위지수,일반,20260805
KR7337150007,337150,KODEX 200exTOP,삼성자산운용,0.3,15057000000,25095,25009.03,2019-11-14,주식,국내,실물(패시브),비과세,코스피 200 초대형제외 지수,한국,광범위지수,일반,20260805
KR7223190000,223190,KODEX 200가치저변동,삼성자산운용,0.3,27270000000,27270,27209.52,2015-06-26,주식,국내,실물(패시브),비과세,코스피 200 가치저변동성,한국,광범위지수,일반,20260805
KR7237350004,237350,KODEX 코스피100,삼성자산운용,0.15,938168000000,83765,83574.03,2016-01-27,주식,국내,실물(패시브),비과세,코스피 100,한국,광범위지수,일반,20260805
KR7252650007,252650,KODEX 200동일가중,삼성자산운용,0.25,10836000000,18060,18041.23,2016-09-20,주식,국내,실물(패시브),비과세,코스피 200 동일가중지수,한국,광범위지수,일반,20260805
KR7360140008,360140,KODEX 200롱코스닥150숏선물,삼성자산운용,0.64,50215000000,22825,22764.6,2020-08-21,주식,국내,실물(패시브),배당소득세(보유기간과세),코스피200 롱 100% 코스닥150 숏 100% 선물지수,한국,광범위지수,일반,20260805
KR7284430006,284430,KODEX 200미국채혼합50,삼성자산운용,0.35,2041792000000,20920,20898.02,2017-11-30,혼합자산,국내&해외,실물(패시브),배당소득세(보유기간과세),코스피 200 미국채 혼합지수,미국,채권·금리,혼합,20260805
KR7252670005,252670,KODEX 200선물인버스2X,삼성자산운용,0.64,768740700000,87,86.04,2016-09-22,주식,국내,실물(패시브),배당소득세(보유기간과세),코스피 200 선물지수,한국,광범위지수,일반,20260805
KR7494890007,494890,KODEX 200액티브,삼성자산운용,0.15,1085707500000,30075,30088.33,2024-10-29,주식,국내,실물(액티브),배당소득세(보유기간과세),코스피 200,한국,광범위지수,일반,20260805
KR70219E0005,0219E0,KODEX 200커버드콜액티브,삼성자산운용,0.5,440016000000,8240,8205.84,2026-07-14,주식,국내,실물(액티브),배당소득세(보유기간과세),코스피 200 커버드콜 5% OTM,한국,광범위지수,커버드콜,20260805
KR7498400001,498400,KODEX 200타겟위클리커버드콜,삼성자산운용,0.39,5477569000000,20035,19988.02,2024-12-03,주식,국내,실물(패시브),배당소득세(보유기간과세),코스피 200 타겟 15% 위클리 커버드콜 지수,한국,광범위지수,커버드콜,20260805
KR70117L0009,0117L0,KODEX 26-12 금융채(AA-이상)액티브,삼성자산운용,0.09,981270700000,10135,10134.12,2025-10-28,채권,국내,실물(액티브),배당소득세(보유기간과세),KAP 26-12 금융채 총수익 지수(AA-이상),한국,금융,일반,20260805
KR7473290005,473290,KODEX 26-12 회사채(AA-이상)액티브,삼성자산운용,0.09,495216000000,10860,10855.96,2023-12-12,채권,국내,실물(액티브),배당소득세(보유기간과세),KAP 26-12 회사채 총수익 지수(AA-이상),한국,채권·금리,일반,20260805
KR70007F0000,0007F0,KODEX 27-12 회사채(AA-이상)액티브,삼성자산운용,0.09,551688500000,10175,10162.85,2025-01-14,채권,국내,실물(액티브),배당소득세(보유기간과세),KAP 27-12 회사채 총수익 지수(AA-이상),한국,채권·금리,일반,20260805
KR70119H0003,0119H0,KODEX 28-12 회사채(AA-이상)액티브,삼성자산운용,0.09,197209750000,9925,9911.36,2025-11-04,채권,국내,실물(액티브),배당소득세(보유기간과세),KAP 28-12 회사채 총수익 지수(AA- 이상),한국,채권·금리,일반,20260805
KR7462330002,462330,KODEX 2차전지산업레버리지,삼성자산운용,0.49,577150000000,850,857.2,2023-07-04,주식,국내,실물(패시브),배당소득세(보유기간과세),FnGuide 2차전지 산업 지수,한국,2차전지,일반,20260805
KR7305720005,305720,KODEX 2차전지산업,삼성자산운용,0.45,1493056000000,13120,13161.53,2018-09-12,주식,국내,실물(패시브),비과세,FnGuide 2차전지 산업 지수,한국,2차전지,일반,20260805
KR7461950008,461950,KODEX 2차전지핵심소재10,삼성자산운용,0.39,148291000000,4420,4400.87,2023-07-04,주식,국내,실물(패시브),비과세,FnGuide 2차전지핵심소재10 지수,한국,2차전지,일반,20260805
KR7457690006,457690,KODEX 33-06 국고채액티브,삼성자산운용,0.15,23805000000,10580,10577.68,2023-05-31,채권,국내,실물(액티브),배당소득세(보유기간과세),KAP 33-06 국고채 총수익 지수,한국,채권·금리,일반,20260805
KR7271060006,271060,KODEX 3대농산물선물(H),삼성자산운용,0.55,29330400000,8080,8056.19,2017-06-13,원자재,해외,실물(패시브),배당소득세(보유기간과세),S&P GSCI Grains Select Index ER,글로벌,기타,일반,20260805
KR7457700003,457700,KODEX 53-09 국고채액티브,삼성자산운용,0.15,12216600000,9255,9242.7,2023-05-31,채권,국내,실물(액티브),배당소득세(보유기간과세),KAP 53-09 국고채 총수익 지수,한국,채권·금리,일반,20260805
KR7395160005,395160,KODEX AI반도체TOP2플러스,삼성자산운용,0.45,3807752000000,38540,38453.53,2021-07-30,주식,국내,실물(패시브),비과세,FnGuide AI반도체 TOP2+ 지수,한국,반도체,일반,20260805
KR7471990002,471990,KODEX AI반도체핵심장비,삼성자산운용,0.39,339692000000,20840,20808.57,2023-11-21,주식,국내,실물(패시브),비과세,iSelect AI 반도체핵심장비 지수,한국,반도체,일반,20260805
KR7487240004,487240,KODEX AI전력핵심설비,삼성자산운용,0.39,3118836000000,36435,36287.42,2024-07-09,주식,국내,실물(패시브),비과세,iSelect AI 전력핵심설비 지수(Price Return),한국,AI·테크,일반,20260805
KR7481050003,481050,KODEX CD1년금리플러스액티브(합성),삼성자산운용,0.05,2634127675000,1021970,1021979.94,2024-04-23,기타,국내,합성(액티브),배당소득세(보유기간과세),KAP 1년은행 CD+추가금리 지수(총수익지수),한국,금융,일반,20260805
KR7459580007,459580,KODEX CD금리액티브(합성),삼성자산운용,0.02,6646246970000,1073950,1074039.11,2023-06-08,기타,국내,합성(액티브),배당소득세(보유기간과세),KAP 양도성예금증서(CD)금리지수(총수익지수),한국,채권·금리,일반,20260805
KR7439860008,439860,KODEX ESG종합채권(A-이상)액티브,삼성자산운용,0.07,352102675000,113765,113656.91,2022-08-23,채권,국내,실물(액티브),배당소득세(보유기간과세),"KAP ESG 종합채권지수(A- 이상, 총수익)",한국,채권·금리,일반,20260805
KR7266370006,266370,KODEX IT,삼성자산운용,0.45,108460000000,63800,63691.39,2017-03-28,주식,국내,실물(패시브),비과세,KRX 정보기술,한국,기타,일반,20260805
KR7101280006,101280,KODEX 일본TOPIX100,삼성자산운용,0.19,50741600000,30940,31053.85,2008-02-20,주식,해외,실물(패시브),배당소득세(해외주식투자전용ETF),TOPIX100,일본,광범위지수,일반,20260805
KR7368680005,368680,KODEX K-뉴딜디지털플러스,삼성자산운용,0.09,6993000000,7770,7758.17,2020-11-10,주식,국내,실물(패시브),비과세,FnGuide K-뉴딜 디지털 플러스 지수,한국,AI·테크,일반,20260805
KR7423160001,423160,KODEX KOFR금리액티브(합성),삼성자산운용,0.05,3590672910000,110690,110687.8,2022-04-26,기타,국내,합성(액티브),배당소득세(보유기간과세),KOFR 지수,한국,채권·금리,일반,20260805
KR7306950007,306950,KODEX KRX300레버리지,삼성자산운용,0.64,58276000000,72845,72437.1,2018-10-16,주식,국내,실물(패시브),배당소득세(보유기간과세),KRX 300,한국,광범위지수,일반,20260805
KR7292190006,292190,KODEX KRX300,삼성자산운용,0.05,64218000000,45870,46042.82,2018-03-26,주식,국내,실물(패시브),비과세,KRX 300,한국,광범위지수,일반,20260805
KR7229720008,229720,KODEX KTOP30,삼성자산운용,0.25,17947500000,35895,35743.91,2015-10-14,주식,국내,실물(패시브),비과세,KTOP 30,한국,기타,일반,20260805
KR7266360007,266360,KODEX K콘텐츠,삼성자산운용,0.45,32960000000,10300,10275.3,2017-03-28,주식,국내,실물(패시브),비과세,KRX K콘텐츠,한국,게임·엔터,일반,20260805
KR7289040008,289040,KODEX MSCI KOREA ESG유니버설,삼성자산운용,0.3,19437000000,32395,32252.92,2018-02-07,주식,국내,실물(패시브),비과세,MSCI Korea ESG Universal Capped Index,한국,광범위지수,일반,20260805
KR7156080004,156080,KODEX MSCI Korea,삼성자산운용,0.09,29940000000,49900,49687.18,2012-04-30,주식,국내,실물(패시브),비과세,MSCI Korea Index,한국,광범위지수,일반,20260805
KR7278540000,278540,KODEX MSCI Korea TR,삼성자산운용,0.09,2272309000000,37190,37106.94,2017-11-09,주식,국내,실물(패시브),배당소득세(보유기간과세),MSCI Korea TR Index,한국,광범위지수,일반,20260805
KR7251350005,251350,KODEX MSCI선진국,삼성자산운용,0.3,519808000000,40610,40518.07,2016-08-17,주식,해외,실물(패시브),배당소득세(해외주식투자전용ETF),MSCI World,글로벌,광범위지수,일반,20260805
KR7269420006,269420,KODEX S&P글로벌인프라(합성),삼성자산운용,0.26,24852940000,23380,23351.6,2017-05-16,주식,해외,합성(패시브),배당소득세(보유기간과세),S&P Global Infrastructure Index,글로벌,기타,일반,20260805
KR7291890002,291890,KODEX MSCI EM선물(H),삼성자산운용,0.45,6117500000,12235,12209.42,2018-03-23,주식,해외,실물(패시브),배당소득세(보유기간과세),iEdge Emerging Markets Futures Index(ER),신흥국,기타,일반,20260805
KR70193T0008,0193T0,KODEX SK하이닉스단일종목레버리지,삼성자산운용,0.29,3155427375000,10355,10319.37,2026-05-27,주식,국내,실물(패시브),배당소득세(보유기간과세),KRX SK하이닉스 지수,한국,개별종목,일반,20260805
KR7329650006,329650,KODEX TRF3070,삼성자산운용,0.24,236362500000,14325,14325.9,2019-07-04,혼합자산,국내&해외,실물(패시브),배당소득세(보유기간과세),FnGuide TRF 3070 지수,국내+해외,기타,일반,20260805
KR7329660005,329660,KODEX TRF5050,삼성자산운용,0.17,85540000000,18200,18218.66,2019-07-04,혼합자산,국내&해외,실물(패시브),배당소득세(보유기간과세),FnGuide TRF 5050 지수,국내+해외,기타,일반,20260805
KR7329670004,329670,KODEX TRF7030,삼성자산운용,0.1,90460000000,22615,22595.07,2019-07-04,혼합자산,국내&해외,실물(패시브),배당소득세(보유기간과세),FnGuide TRF 7030 지수,국내+해외,기타,일반,20260805
KR7395170004,395170,KODEX Top10동일가중,삼성자산운용,0.15,30980000000,15490,15489.64,2021-07-30,주식,국내,실물(패시브),비과세,FnGuide TOP10 동일가중 지수,한국,기타,일반,20260805
KR7315930008,315930,KODEX Top5PlusTR,삼성자산운용,0.15,1361896000000,79180,79057.41,2019-01-22,주식,국내,실물(패시브),배당소득세(보유기간과세),FnGuide TOP 5 Plus Total Return 지수,한국,기타,일반,20260805
KR7271050007,271050,KODEX WTI원유선물인버스(H),삼성자산운용,0.35,148314000000,2280,2290.03,2017-06-13,원자재,해외,실물(패시브),배당소득세(보유기간과세),S&P GSCI Crude Oil Index ER,글로벌,에너지·원자력,일반,20260805
KR7261220008,261220,KODEX WTI원유선물(H),삼성자산운용,0.35,47490625000,20875,20846.66,2016-12-27,원자재,해외,실물(패시브),배당소득세(보유기간과세),S&P GSCI Crude Oil Index ER,글로벌,에너지·원자력,일반,20260805
KR7468380001,468380,KODEX iShares미국하이일드액티브,삼성자산운용,0.15,97535300000,11315,11300.02,2023-10-19,채권,해외,실물(액티브),배당소득세(보유기간과세),ICE BofAML US HY Constrained Index(Total Return),미국,기타,일반,20260805
KR7275290005,275290,KODEX 가치주,삼성자산운용,0.3,29547000000,32830,32815.82,2017-07-11,주식,국내,실물(패시브),비과세,MSCI Korea IMI Enhanced Value Capped,한국,광범위지수,일반,20260805
KR7300950003,300950,KODEX 게임산업,삼성자산운용,0.45,24359500000,5665,5641.04,2018-07-24,주식,국내,실물(패시브),비과세,FnGuide 게임 산업 지수,한국,게임·엔터,일반,20260805
KR7266390004,266390,KODEX 경기소비재,삼성자산운용,0.45,12991500000,14435,14521.23,2017-03-28,주식,국내,실물(패시브),비과세,KRX 경기소비재,한국,소비재,일반,20260805
KR7279530000,279530,KODEX 고배당주,삼성자산운용,0.3,312949000000,17195,17163.69,2017-10-17,주식,국내,실물(패시브),비과세,FnGuide 고배당 Plus 지수,한국,배당주,일반,20260805
KR7280940008,280940,KODEX 골드선물인버스(H),삼성자산운용,0.45,2860000000,3575,3605.67,2017-11-09,원자재,해외,실물(패시브),배당소득세(보유기간과세),S&P GSCI GOLD Index Excess Return,글로벌,원자재·금,일반,20260805
KR7132030008,132030,KODEX 골드선물(H),삼성자산운용,0.68,333061000000,23455,23512.68,2010-10-01,원자재,해외,실물(패시브),배당소득세(보유기간과세),S&P GSCI Gold Index(TR),글로벌,원자재·금,일반,20260805
KR7138910005,138910,KODEX 구리선물(H),삼성자산운용,0.68,34663000000,10195,10203.27,2011-03-15,원자재,해외,실물(패시브),배당소득세(보유기간과세),S&P GSCI North American Copper Index(TR),글로벌,원자재·금,일반,20260805
KR7471230003,471230,KODEX 국고채10년액티브,삼성자산운용,0.015,472942210000,105145,105195.83,2023-11-14,채권,국내,실물(액티브),배당소득세(보유기간과세),KAP 국고채 10년 지수(TR),한국,채권·금리,일반,20260805
KR7439870007,439870,KODEX 국고채30년액티브,삼성자산운용,0.05,414851630000,88210,88240.02,2022-08-23,채권,국내,실물(액티브),배당소득세(보유기간과세),KAP 국고채 30년 총수익 지수,한국,채권·금리,일반,20260805
KR7114260003,114260,KODEX 국고채3년,삼성자산운용,0.15,555092880000,61980,61947.0,2009-07-29,채권,국내,실물(패시브),배당소득세(보유기간과세),MKF 국고채지수(총수익),한국,채권·금리,일반,20260805
KR7292770005,292770,KODEX 국채선물3년인버스,삼성자산운용,0.07,26197200000,57450,57419.57,2018-04-13,채권,국내,실물(패시브),배당소득세(보유기간과세),국채선물지수,한국,채권·금리,일반,20260805
KR7276990009,276990,KODEX 글로벌로봇(합성),삼성자산운용,0.3,48577650000,27445,27362.88,2017-08-17,주식,국내&해외,합성(패시브),배당소득세(보유기간과세),ROBO Global Robotics & Automation UCITS Price Return Index,글로벌,AI·테크,일반,20260805
KR7476070008,476070,KODEX 글로벌비만치료제TOP2 Plus,삼성자산운용,0.45,30566250000,11115,11072.06,2024-02-14,주식,해외,실물(패시브),배당소득세(보유기간과세),iSelect 글로벌 비만치료제TOP2 Plus 지수(PR),글로벌,바이오·헬스케어,일반,20260805
KR70064K0003,0064K0,KODEX 금액티브,삼성자산운용,0.3,148658000000,12440,12431.21,2025-06-17,원자재,해외,실물(액티브),배당소득세(보유기간과세),Bloomberg Gold Spot NY 4pm USD Index,기타,원자재·금,일반,20260805
KR70089D0003,0089D0,KODEX 금융고배당TOP10,삼성자산운용,0.3,213566500000,13265,13272.44,2025-08-12,주식,국내,실물(패시브),비과세,코스피 200 금융 고배당 TOP 10 지수,한국,금융,일반,20260805
KR7498410000,498410,KODEX 금융고배당TOP10타겟위클리커버드콜,삼성자산운용,0.39,785512000000,11620,11594.17,2024-12-17,주식,국내,실물(패시브),배당소득세(보유기간과세),코스피 200 금융 고배당 TOP 10 타겟 15%분배 위클리 커버드콜 지수,한국,금융,커버드콜,20260805
KR70162M0002,0162M0,KODEX 금융채1~2년(AA-이상)PLUS액티브,삼성자산운용,0.09,460491000000,10050,10046.66,2026-02-26,채권,국내,실물(액티브),배당소득세(보유기간과세),KAP 금융채 1-2년 총수익 지수,한국,금융,일반,20260805
KR7102960002,102960,KODEX 기계장비,삼성자산운용,0.45,14484900000,13665,13617.33,2008-05-29,주식,국내,실물(패시브),비과세,KRX 기계장비,한국,조선·기계,일반,20260805
KR7404260002,404260,KODEX 기후변화솔루션,삼성자산운용,0.09,20196000000,22440,22355.1,2021-10-29,주식,국내,실물(패시브),비과세,KRX 기후변화 솔루션지수,한국,기타,일반,20260805
KR7273140004,273140,KODEX 단기변동금리부채권액티브,삼성자산운용,0.15,278401170000,114710,114708.94,2017-06-29,채권,국내,실물(액티브),배당소득세(보유기간과세),KAP 단기변동금리부은행채권지수,한국,금융,일반,20260805
KR7487950008,487950,KODEX 대만테크고배당다우존스,삼성자산운용,0.45,18799250000,12965,13021.62,2024-07-23,주식,해외,실물(패시브),배당소득세(보유기간과세),Dow Jones Taiwan Technology Dividend 30 Index(TWD)(PR),미국,AI·테크,일반,20260805
KR7445290000,445290,KODEX 로봇액티브,삼성자산운용,0.5,1099492000000,31280,31250.76,2022-11-15,주식,국내,실물(액티브),배당소득세(보유기간과세),iSelect K-로봇테마 지수,한국,AI·테크,일반,20260805
KR7488770009,488770,KODEX 머니마켓액티브,삼성자산운용,0.05,7946986960000,105130,105139.83,2024-08-06,채권,국내,실물(액티브),배당소득세(보유기간과세),KAP MMF 지수(TR),한국,채권·금리,일반,20260805
KR7337120000,337120,KODEX 멀티팩터,삼성자산운용,0.3,20040000000,33400,33260.88,2019-11-14,주식,국내,실물(패시브),비과세,FnGuide 멀티팩터 지수,한국,기타,일반,20260805
KR7401470000,401470,KODEX 메타버스액티브,삼성자산운용,0.5,56852250000,9555,9551.57,2021-10-13,주식,국내,실물(액티브),배당소득세(보유기간과세),FnGuide K-메타버스 지수,한국,AI·테크,일반,20260805
KR7244620001,244620,KODEX 모멘텀Plus,삼성자산운용,0.3,13604500000,19435,19351.44,2016-05-13,주식,국내,실물(패시브),비과세,FnGuide 모멘텀 Plus 지수,한국,기타,일반,20260805
KR7275280006,275280,KODEX 모멘텀주,삼성자산운용,0.3,37008000000,41120,40975.77,2017-07-11,주식,국내,실물(패시브),비과세,MSCI Korea IMI Momentum Capped,한국,광범위지수,일반,20260805
KR7308620004,308620,KODEX 미국10년국채선물,삼성자산운용,0.09,98072000000,11960,11957.66,2018-10-19,채권,해외,실물(패시브),배당소득세(보유기간과세),S&P 10-Year U.S. Treasury Note Futures KRW(ER),미국,채권·금리,일반,20260805
KR70091C0000,0091C0,KODEX 미국10년국채액티브(H),삼성자산운용,0.15,191265550000,9655,9653.68,2025-08-19,채권,해외,실물(액티브),배당소득세(보유기간과세),KAP 미국 국채 10년 지수(총수익),미국,채권·금리,일반,20260805
KR7484790001,484790,KODEX 미국30년국채액티브(H),삼성자산운용,0.015,609057000000,8325,8304.76,2024-06-18,채권,해외,실물(액티브),배당소득세(보유기간과세),KEDI-KAP 미국 국채 20+ 지수(TR),미국,채권·금리,일반,20260805
KR7304670003,304670,KODEX 미국30년국채울트라선물인버스(H),삼성자산운용,0.3,7329000000,12215,12237.63,2018-09-12,채권,해외,실물(패시브),배당소득세(보유기간과세),S&P Ultra T-Bond Futures Index(ER),기타,채권·금리,일반,20260805
KR7304660004,304660,KODEX 미국30년국채울트라선물(H),삼성자산운용,0.3,139175000000,7325,7345.86,2018-09-12,채권,해외,실물(패시브),배당소득세(보유기간과세),S&P Ultra T-Bond Futures Index(ER),기타,채권·금리,일반,20260805
KR7481060002,481060,KODEX 미국30년국채타겟커버드콜(합성 H),삼성자산운용,0.25,778411500000,7510,7515.27,2024-04-30,채권,해외,합성(패시브),배당소득세(보유기간과세),Bloomberg U.S.Treasury 20+ Year(TLT)+ 12% Premium Covered Call index(TR),미국,채권·금리,커버드콜,20260805
KR70173Y0005,0173Y0,KODEX 미국AI광통신네트워크,삼성자산운용,0.55,432969250000,12145,11917.05,2026-03-31,주식,해외,실물(패시브),배당소득세(보유기간과세),Akros 미국 AI 광통신 및 네트워크 인프라 지수(PR),미국,AI·테크,일반,20260805
KR70151S0009,0151S0,KODEX 미국AI반도체TOP3플러스,삼성자산운용,0.49,225036000000,15960,15926.82,2026-01-13,주식,해외,실물(패시브),배당소득세(보유기간과세),Akros 미국 AI 반도체 Top 3 플러스 지수 (Price Return),미국,반도체,일반,20260805
KR70041D0000,0041D0,KODEX 미국AI소프트웨어TOP10,삼성자산운용,0.45,49987000000,13510,13459.18,2025-04-22,주식,해외,실물(패시브),배당소득세(보유기간과세),iSelect 미국 AI 소프트웨어 TOP10 지수(PR),미국,AI·테크,일반,20260805
KR7487230005,487230,KODEX 미국AI전력핵심인프라,삼성자산운용,0.45,1621998000000,21455,21181.84,2024-07-09,주식,해외,실물(패시브),배당소득세(보유기간과세),iSelect 미국AI전력핵심인프라 지수(Price Return),미국,AI·테크,일반,20260805
KR7485540009,485540,KODEX 미국AI테크TOP10,삼성자산운용,0.3,314123750000,15905,15843.41,2024-06-25,주식,해외,실물(패시브),배당소득세(보유기간과세),KEDI 미국AI테크 TOP10 지수(PR),미국,AI·테크,일반,20260805
KR7483280004,483280,KODEX 미국AI테크TOP10타겟커버드콜,삼성자산운용,0.39,490842000000,12395,12381.42,2024-05-28,주식,해외,실물(패시브),배당소득세(보유기간과세),KEDI 미국 AI 테크 TOP10+15%프리미엄 지수(Total Return),미국,AI·테크,일반,20260805
KR70225V0006,0225V0,KODEX 미국CPU반도체TOP10,삼성자산운용,0.55,76720000000,10960,11173.67,2026-08-04,주식,해외,실물(패시브),배당소득세(보유기간과세),Indxx US CPU Semiconductor TOP 10 Index (Price Return),미국,반도체,일반,20260805
KR7428560007,428560,KODEX 미국ETF산업Top10 Indxx,삼성자산운용,0.5,12928000000,16160,16187.76,2022-05-17,주식,해외,실물(패시브),배당소득세(보유기간과세),Indxx US ETF Industry Top10 Index(Price Return),미국,기타,일반,20260805
KR7379800006,379800,KODEX 미국S&P500,삼성자산운용,0.006,10179370000000,24925,24834.43,2021-04-09,주식,해외,실물(패시브),배당소득세(보유기간과세),S&P 500,미국,광범위지수,일반,20260805
KR7453660003,453660,KODEX 미국S&P500경기소비재,삼성자산운용,0.25,12757500000,18225,18192.82,2023-03-21,주식,해외,실물(패시브),배당소득세(보유기간과세),S&P Consumer Discretionary Select Sector Index(Price Return),기타,소비재,일반,20260805
KR7453650004,453650,KODEX 미국S&P500금융,삼성자산운용,0.25,45517500000,20230,20176.31,2023-03-21,주식,해외,실물(패시브),배당소득세(보유기간과세),S&P Financial Select Sector Index(Price Return),기타,금융,일반,20260805
KR70005A0007,0005A0,KODEX 미국S&P500데일리커버드콜OTM,삼성자산운용,0.25,196512500000,9875,9852.28,2025-01-07,주식,해외,실물(패시브),배당소득세(보유기간과세),S&P 500 Covered Call 1% OTM Daily Index(TR),미국,광범위지수,커버드콜,20260805
KR7276970001,276970,KODEX 미국S&P500배당귀족커버드콜(합성 H),삼성자산운용,0.3,36519000000,7770,7893.51,2017-08-10,주식,해외,합성(패시브),배당소득세(보유기간과세),S&P500 Dividend Aristocrats Covered Call(7.2% Premium) Index,미국,배당주,커버드콜,20260805
KR70026E0008,0026E0,KODEX 미국S&P500버퍼3월액티브,삼성자산운용,0.39,22200000000,12000,12049.39,2025-03-25,주식,해외,실물(액티브),배당소득세(보유기간과세),S&P500 10% Buffered Index March Series (USD) TR,미국,광범위지수,일반,20260805
KR70068M0007,0068M0,KODEX 미국S&P500버퍼6월액티브,삼성자산운용,0.39,10903500000,12115,12201.68,2025-06-24,주식,해외,실물(액티브),배당소득세(보유기간과세),S&P500 10% Buffered Index June Series (USD) TR,미국,광범위지수,일반,20260805
KR70089C0004,0089C0,KODEX 미국S&P500변동성확대시커버드콜,삼성자산운용,0.39,64855000000,11900,11888.45,2025-08-12,주식,해외,실물(패시브),배당소득세(보유기간과세),Cboe S&P 500 Volatility Contingent Daily Covered Call Index(Total Retrun),미국,광범위지수,커버드콜,20260805
KR7200030005,200030,KODEX 미국S&P500산업재(합성),삼성자산운용,0.25,51606000000,45750,45860.67,2014-06-12,주식,해외,합성(패시브),배당소득세(보유기간과세),S&P Select Sector Industrial Index,기타,기타,일반,20260805
KR70041E0009,0041E0,KODEX 미국S&P500액티브,삼성자산운용,0.45,142296000000,16940,16828.76,2025-04-22,주식,해외,실물(액티브),배당소득세(보유기간과세),S&P 500,미국,광범위지수,일반,20260805
KR7218420008,218420,KODEX 미국S&P500에너지(합성),삼성자산운용,0.25,47384100000,19380,19450.94,2015-04-28,주식,해외,합성(패시브),배당소득세(보유기간과세),S&P Select Sector Energy Index,기타,에너지·원자력,일반,20260805
KR7463640003,463640,KODEX 미국S&P500유틸리티,삼성자산운용,0.25,12478000000,14680,14536.17,2023-08-01,주식,해외,실물(패시브),배당소득세(보유기간과세),S&P Utilities Select Sector Index(Price Return),기타,에너지·원자력,일반,20260805
KR7449180009,449180,KODEX 미국S&P500(H),삼성자산운용,0.009,998208000000,17330,17266.35,2022-12-02,주식,해외,실물(패시브),배당소득세(보유기간과세),S&P 500,미국,광범위지수,일반,20260805
KR7463690008,463690,KODEX 미국S&P500커뮤니케이션,삼성자산운용,0.25,10208000000,18560,18472.13,2023-08-01,주식,해외,실물(패시브),배당소득세(보유기간과세),S&P Communication Services Select Sector Index(Price Return),기타,기타,일반,20260805
KR7463680009,463680,KODEX 미국S&P500테크놀로지,삼성자산운용,0.25,123357500000,23275,22990.51,2023-08-01,주식,해외,실물(패시브),배당소득세(보유기간과세),S&P Technology Select Sector Index(Price Return),기타,AI·테크,일반,20260805
KR7453630006,453630,KODEX 미국S&P500필수소비재,삼성자산운용,0.25,17374500000,12870,12833.98,2023-03-21,주식,해외,실물(패시브),배당소득세(보유기간과세),S&P Consumer Staples Select Sector Index(Price Return),기타,소비재,일반,20260805
KR7453640005,453640,KODEX 미국S&P500헬스케어,삼성자산운용,0.25,59877500000,13925,13947.35,2023-03-21,주식,해외,실물(패시브),배당소득세(보유기간과세),S&P Health Care Select Sector Index(Price Return),기타,바이오·헬스케어,일반,20260805
KR70028X0003,0028X0,KODEX 미국금융테크액티브,삼성자산운용,0.45,13903500000,12090,12124.68,2025-05-27,주식,해외,실물(액티브),배당소득세(보유기간과세),iSelect 미국 차세대 파이낸셜 테크 지수(시장가격),미국,AI·테크,일반,20260805
KR7379810005,379810,KODEX 미국나스닥100,삼성자산운용,0.006,9113800500000,28090,28037.8,2021-04-09,주식,해외,실물(패시브),배당소득세(보유기간과세),NASDAQ 100,미국,광범위지수,일반,20260805
KR7494300007,494300,KODEX 미국나스닥100데일리커버드콜OTM,삼성자산운용,0.25,960450000000,9500,9476.17,2024-10-22,주식,해외,실물(패시브),배당소득세(보유기간과세),NASDAQ-100 Daily Covered Call 101 Index(TR),미국,기타,커버드콜,20260805
KR7409820008,409820,KODEX 미국나스닥100레버리지(합성 H),삼성자산운용,0.3,262400000000,20500,20373.15,2021-12-09,주식,해외,합성(패시브),배당소득세(보유기간과세),NASDAQ 100,미국,광범위지수,일반,20260805
KR7409810009,409810,KODEX 미국나스닥100선물인버스(H),삼성자산운용,0.3,11193000000,5460,5473.41,2021-12-09,주식,해외,실물(패시브),배당소득세(보유기간과세),NASDAQ 100,미국,광범위지수,일반,20260805
KR7304940000,304940,KODEX 미국나스닥100선물(H),삼성자산운용,0.05,113263500000,32830,32732.46,2018-08-30,주식,해외,실물(패시브),배당소득세(보유기간과세),NASDAQ 100,미국,광범위지수,일반,20260805
KR7449190008,449190,KODEX 미국나스닥100(H),삼성자산운용,0.009,593538000000,22440,22382.87,2022-12-02,주식,해외,실물(패시브),배당소득세(보유기간과세),NASDAQ 100,미국,광범위지수,일반,20260805
KR7411420003,411420,KODEX 미국나스닥AI테크액티브,삼성자산운용,0.5,134442000000,27720,27627.03,2021-12-22,주식,해외,실물(액티브),배당소득세(보유기간과세),Nasdaq CB Insights Metaverse US Index (Price Return),미국,기타,일반,20260805
KR7455030007,455030,KODEX 미국달러SOFR금리액티브(합성),삼성자산운용,0.15,660348000000,12240,12222.73,2023-04-04,기타,해외,합성(액티브),배당소득세(보유기간과세),Bloomberg SOFR Daily Total Return Index,미국,채권·금리,일반,20260805
KR7261250005,261250,KODEX 미국달러선물레버리지,삼성자산운용,0.45,27893250000,16905,16914.36,2016-12-27,통화,국내,실물(패시브),배당소득세(보유기간과세),미국달러선물지수,한국,기타,일반,20260805
KR7261260004,261260,KODEX 미국달러선물인버스2X,삼성자산운용,0.45,236843600000,5020,5027.69,2016-12-27,통화,국내,실물(패시브),배당소득세(보유기간과세),미국달러선물지수,한국,기타,일반,20260805
KR7261270003,261270,KODEX 미국달러선물인버스,삼성자산운용,0.45,109673100000,7845,7852.46,2016-12-27,통화,국내,실물(패시브),배당소득세(보유기간과세),미국달러선물지수,한국,기타,일반,20260805
KR7261240006,261240,KODEX 미국달러선물,삼성자산운용,0.25,59033700000,14685,14686.66,2016-12-27,통화,국내,실물(패시브),배당소득세(보유기간과세),미국달러선물지수,한국,기타,일반,20260805
KR70144M0005,0144M0,KODEX 미국드론UAM TOP10,삼성자산운용,0.49,23256000000,8160,8146.48,2025-12-23,주식,해외,실물(패시브),배당소득세(보유기간과세),iSelect 미국드론UAM TOP10 지수(Price Return),미국,기타,일반,20260805
KR7280930009,280930,KODEX 미국러셀2000(H),삼성자산운용,0.45,24998000000,17240,17179.94,2017-11-09,주식,해외,실물(패시브),배당소득세(보유기간과세),FTSE Russell 2000 Index,미국,기타,일반,20260805
KR70048J0007,0048J0,KODEX 미국머니마켓액티브,삼성자산운용,0.05,766997775000,14225,14222.63,2025-05-13,채권,해외,실물(액티브),배당소득세(보유기간과세),KAP 미국 머니마켓 지수,미국,기타,일반,20260805
KR7390390003,390390,KODEX 미국반도체,삼성자산운용,0.09,1367847000000,56290,55820.57,2021-06-30,주식,해외,실물(패시브),배당소득세(보유기간과세),MVIS US Listed Semiconductor 25 Index,미국,반도체,일반,20260805
KR7489250001,489250,KODEX 미국배당다우존스,삼성자산운용,0.009,585646000000,13220,13176.38,2024-08-13,주식,해외,실물(패시브),배당소득세(보유기간과세),Dow Jones U.S. Dividend 100 Price Return Index,미국,배당주,일반,20260805
KR7483290003,483290,KODEX 미국배당다우존스타겟커버드콜,삼성자산운용,0.39,174075000000,10550,10516.06,2024-05-28,주식,해외,실물(패시브),배당소득세(보유기간과세),Dow Jones U.S. Dividend 100 10% Premium Covered Call Index(Total Return),미국,배당주,커버드콜,20260805
KR7441640000,441640,KODEX 미국배당커버드콜액티브,삼성자산운용,0.19,1688376250000,13175,13068.31,2022-09-27,주식,해외,실물(액티브),배당소득세(보유기간과세),S&P 500,미국,광범위지수,일반,20260805
KR7352560007,352560,KODEX 미국부동산리츠(H),삼성자산운용,0.09,37199500000,12610,12564.3,2020-05-13,부동산,해외,실물(패시브),배당소득세(분리과세부동산ETF),Dow Jones U.S. Real Estate PR Index,미국,리츠·부동산,일반,20260805
KR7314250002,314250,KODEX 미국빅테크10(H),삼성자산운용,0.45,671509500000,62350,62174.36,2019-01-10,주식,해외,실물(패시브),배당소득세(보유기간과세),NYSE U.S. Big TECH 10 INDEX,미국,AI·테크,일반,20260805
KR7473460004,473460,KODEX 미국서학개미,삼성자산운용,0.25,186280500000,23730,23618.31,2023-12-27,주식,해외,실물(패시브),배당소득세(보유기간과세),iSelect 서학개미 지수(PR),기타,기타,일반,20260805
KR70144L0006,0144L0,KODEX 미국성장커버드콜액티브,삼성자산운용,0.49,363225000000,10020,10016.74,2025-12-23,주식,해외,실물(액티브),배당소득세(보유기간과세),NASDAQ 100,미국,광범위지수,일반,20260805
KR7390400000,390400,KODEX 미국스마트모빌리티S&P,삼성자산운용,0.09,7820000000,7820,7825.1,2021-06-30,주식,해외,실물(패시브),배당소득세(보유기간과세),S&P Kensho Smart Transportation,기타,기타,일반,20260805
KR70167Z0002,0167Z0,KODEX 미국우주항공,삼성자산운용,0.55,363881000000,8015,8135.94,2026-03-17,주식,해외,실물(패시브),배당소득세(보유기간과세),iSelect 미국우주항공지수(Price Return),미국,방산·우주,일반,20260805
KR70132H0006,0132H0,KODEX 미국원자력SMR,삼성자산운용,0.45,53250000000,8875,8824.49,2025-11-25,주식,해외,실물(패시브),배당소득세(보유기간과세),iSelect 미국원자력SMR 지수(Price Return),미국,에너지·원자력,일반,20260805
KR7437080005,437080,KODEX 미국종합채권ESG액티브(H),삼성자산운용,0.18,236510250000,97530,97563.21,2022-08-09,채권,해외,실물(액티브),배당소득세(보유기간과세),Bloomberg MSCI US Aggregate 2bn ex Securitized SRI Capped Index(Total Return),미국,광범위지수,일반,20260805
KR7419420005,419420,KODEX 미국클린에너지나스닥,삼성자산운용,0.45,11880000000,9900,9812.98,2022-03-22,주식,해외,실물(패시브),배당소득세(보유기간과세),Nasdaq Clean Edge Green Energy Index (Price Return),미국,에너지·원자력,일반,20260805
KR7491090007,491090,KODEX 미국테크TOP3플러스,삼성자산운용,0.3,33561000000,18645,18553.72,2024-09-10,주식,해외,실물(패시브),배당소득세(보유기간과세),KEDI 미국테크TOP3플러스 지수(Price Return),미국,AI·테크,일반,20260805
KR70038A0008,0038A0,KODEX 미국휴머노이드로봇,삼성자산운용,0.45,308256000000,16055,15977.76,2025-04-15,주식,해외,실물(패시브),배당소득세(보유기간과세),iSelect 미국 휴머노이드 로봇 지수(Price Return),미국,AI·테크,일반,20260805
KR7244580007,244580,KODEX 바이오,삼성자산운용,0.45,224220800000,8545,8524.21,2016-05-13,주식,국내,실물(패시브),비과세,FnGuide 바이오 지수,한국,바이오·헬스케어,일반,20260805
KR7091160002,091160,KODEX 반도체,삼성자산운용,0.45,5206276000000,119410,119036.15,2006-06-27,주식,국내,실물(패시브),비과세,KRX 반도체,한국,반도체,일반,20260805
KR7494310006,494310,KODEX 반도체레버리지,삼성자산운용,0.49,865399500000,69510,69940.38,2024-10-22,주식,국내,실물(패시브),배당소득세(보유기간과세),KRX 반도체,한국,반도체,일반,20260805
KR70190G0006,0190G0,KODEX 반도체타겟위클리커버드콜,삼성자산운용,0.45,159997500000,8205,8175.82,2026-05-12,주식,국내,실물(패시브),배당소득세(보유기간과세),KRX 반도체 타겟 9% 분배 위클리 커버드콜 지수,한국,반도체,커버드콜,20260805
KR70100K0009,0100K0,KODEX 방산TOP10레버리지,삼성자산운용,0.64,40320000000,7200,7227.97,2025-09-16,주식,국내,실물(패시브),배당소득세(보유기간과세),iSelect 방산 TOP10 지수(Price Return),한국,방산·우주,일반,20260805
KR70080G0009,0080G0,KODEX 방산TOP10,삼성자산운용,0.45,372841000000,10870,10882.32,2025-07-15,주식,국내,실물(패시브),비과세,iSelect 방산 TOP10 지수(Price Return),한국,방산·우주,일반,20260805
KR7325020006,325020,KODEX 배당가치,삼성자산운용,0.3,95584500000,28965,28883.35,2019-05-31,주식,국내,실물(패시브),비과세,FnGuide SLV 배당가치 지수,한국,배당주,일반,20260805
KR7244670006,244670,KODEX 밸류Plus,삼성자산운용,0.3,6774000000,11290,11287.94,2016-05-13,주식,국내,실물(패시브),비과세,FnGuide 벨류 Plus 지수,한국,기타,일반,20260805
KR7102780004,102780,KODEX 삼성그룹,삼성자산운용,0.25,3202296000000,24940,24967.93,2008-05-21,주식,국내,실물(패시브),비과세,삼성그룹,한국,기타,일반,20260805
KR70177N0004,0177N0,KODEX 삼성전자SK하이닉스채권혼합50,삼성자산운용,0.07,1446469500000,13895,13855.9,2026-04-07,혼합자산,국내,실물(패시브),배당소득세(보유기간과세),Wise 삼성전자 SK하이닉스 채권혼합 지수,한국,개별종목,혼합,20260805
KR70193W0003,0193W0,KODEX 삼성전자단일종목레버리지,삼성자산운용,0.29,1717009250000,11090,11064.22,2026-05-27,주식,국내,실물(패시브),배당소득세(보유기간과세),KRX 삼성전자 지수,한국,개별종목,일반,20260805
KR7448330001,448330,KODEX 삼성전자채권혼합,삼성자산운용,0.07,1249132500000,16995,17095.88,2022-11-29,혼합자산,국내,실물(패시브),배당소득세(보유기간과세),Wise 삼성전자채권혼합 지수,한국,개별종목,혼합,20260805
KR7325010007,325010,KODEX 성장주,삼성자산운용,0.3,124560000000,41520,41439.8,2019-05-31,주식,국내,실물(패시브),비과세,FnGuide 성장 지수(PR),한국,기타,일반,20260805
KR7385510003,385510,KODEX 신재생에너지액티브,삼성자산운용,0.5,307650000000,36625,36553.72,2021-05-25,주식,국내,실물(액티브),배당소득세(보유기간과세),FnGuide K-신재생에너지 플러스 지수,한국,에너지·원자력,일반,20260805
KR7446690000,446690,KODEX 아시아AI반도체exChina액티브,삼성자산운용,0.5,29885000000,59770,59670.41,2023-02-01,주식,해외,실물(액티브),배당소득세(보유기간과세),iSelect 아시아반도체 제조동맹 지수(시장가격),기타,반도체,일반,20260805
KR7437070006,437070,KODEX 아시아달러채권ESG플러스액티브,삼성자산운용,0.18,38760560000,61330,61226.22,2022-08-09,채권,해외,실물(액티브),배당소득세(보유기간과세),Bloomberg MSCI EM Asia Investment Grade Credit SRI Index(Total Return),신흥국,채권·금리,일반,20260805
KR7275300002,275300,KODEX 우량주,삼성자산운용,0.3,49835500000,29315,29192.28,2017-07-11,주식,국내,실물(패시브),비과세,MSCI Korea IMI Quality Capped,한국,광범위지수,일반,20260805
KR70098F0000,0098F0,KODEX 원자력SMR,삼성자산운용,0.45,261887500000,14965,14980.91,2025-09-16,주식,국내,실물(패시브),비과세,iSelect 원자력SMR 지수(Price Return),한국,에너지·원자력,일반,20260805
KR7395150006,395150,KODEX 웹툰&드라마,삼성자산운용,0.45,9633900000,1889,1888.84,2021-07-30,주식,국내,실물(패시브),비과세,FnGuide 웹툰&드라마 지수,한국,기타,일반,20260805
KR7456250000,456250,KODEX 유럽명품TOP10 STOXX,삼성자산운용,0.45,10907750000,9485,9504.36,2023-04-25,주식,해외,실물(패시브),배당소득세(보유기간과세),STOXX Europe Luxury 10 Index(Price Return),유럽,기타,일반,20260805
KR7400570008,400570,KODEX 유럽탄소배출권선물ICE(H),삼성자산운용,0.64,12254000000,11140,11204.43,2021-09-30,기타,해외,실물(패시브),배당소득세(보유기간과세),ICE EUA Carbon Futures Index(Excess Return),기타,기타,일반,20260805
KR7144600004,144600,KODEX 은선물(H),삼성자산운용,0.68,746976000000,10040,10104.86,2011-07-18,원자재,해외,실물(패시브),배당소득세(보유기간과세),S&P GSCI Silver Index(TR),글로벌,원자재·금,일반,20260805
KR7091170001,091170,KODEX 은행,삼성자산운용,0.3,235345500000,15795,15835.08,2006-06-27,주식,국내,실물(패시브),비과세,KRX 은행,한국,금융,일반,20260805
KR7453820003,453820,KODEX 인도Nifty50레버리지(합성),삼성자산운용,0.39,16601000000,12770,12766.29,2023-04-21,주식,해외,합성(패시브),배당소득세(보유기간과세),Nifty 50 Index,인도,광범위지수,일반,20260805
KR7453810004,453810,KODEX 인도Nifty50,삼성자산운용,0.19,368305000000,12380,12418.06,2023-04-21,주식,해외,실물(패시브),배당소득세(보유기간과세),Nifty 50 Index,인도,광범위지수,일반,20260805
KR70000H0005,0000H0,KODEX 인도Nifty미드캡100,삼성자산운용,0.45,15783250000,10885,10904.33,2025-04-08,주식,해외,실물(패시브),배당소득세(보유기간과세),Nifty Midcap 100 Index(PR),인도,광범위지수,일반,20260805
KR7477730006,477730,KODEX 인도타타그룹,삼성자산운용,0.45,28488750000,8025,8035.27,2024-05-08,주식,해외,실물(패시브),배당소득세(보유기간과세),Nifty India Corporate Group Index - Tata Group 25% Cap(PR),인도,채권·금리,일반,20260805
KR7352540009,352540,KODEX 일본부동산리츠(H),삼성자산운용,0.3,38539000000,11335,11414.83,2020-05-13,부동산,해외,실물(패시브),배당소득세(분리과세부동산ETF),Tokyo Stock Exchange REIT Index,기타,리츠·부동산,일반,20260805
KR7091180000,091180,KODEX 자동차,삼성자산운용,0.45,418589500000,29170,29114.26,2006-06-27,주식,국내,실물(패시브),비과세,KRX 자동차,한국,자동차,일반,20260805
KR7385520002,385520,KODEX 자율주행액티브,삼성자산운용,0.5,32928000000,15680,15620.12,2021-05-25,주식,국내,실물(액티브),배당소득세(보유기간과세),FnGuide K-미래차 지수,한국,기타,일반,20260805
KR7363570003,363570,KODEX 장기종합채권(AA-이상)액티브,삼성자산운용,0.045,237273535000,87265,87206.17,2020-09-25,채권,국내,실물(액티브),배당소득세(보유기간과세),"KAP 한국장기종합채권지수(AA-이상, 총수익)",한국,채권·금리,일반,20260805
KR7433970001,433970,KODEX TDF2030액티브 적격,삼성자산운용,0.2,94928750000,14275,14189.66,2022-06-30,혼합자산,국내&해외,실물(액티브),배당소득세(보유기간과세),Samsung Korea Target Date 2030 Index (Price Return),국내+해외,자산배분·TDF,일반,20260805
KR7433980000,433980,KODEX TDF2040액티브 적격,삼성자산운용,0.25,188674000000,16265,16182.84,2022-06-30,혼합자산,국내&해외,실물(액티브),배당소득세(보유기간과세),Samsung Korea Target Date 2040 Index (Price Return),국내+해외,자산배분·TDF,일반,20260805
KR7434060000,434060,KODEX TDF2050액티브 적격,삼성자산운용,0.3,634873500000,17370,17254.98,2022-06-30,혼합자산,국내&해외,실물(액티브),배당소득세(보유기간과세),Samsung Korea Target Date 2050 Index (Price Return),국내+해외,자산배분·TDF,일반,20260805
KR70082V0008,0082V0,KODEX TDF2060액티브 적격,삼성자산운용,0.3,186340500000,11610,11551.5,2025-07-22,혼합자산,국내&해외,실물(액티브),배당소득세(보유기간과세),Samsung Korea Target Date 2060 Index,국내+해외,자산배분·TDF,일반,20260805
KR70209D0008,0209D0,KODEX 전고체배터리ESS TOP2플러스,삼성자산운용,0.5,92000000000,7360,7356.54,2026-06-23,주식,국내,실물(패시브),비과세,Akros 한국 전고체 배터리 ESS TOP2 플러스 지수(Price Return),한국,2차전지,일반,20260805
KR70115D0001,0115D0,KODEX 조선TOP10,삼성자산운용,0.45,212032500000,8315,8309.17,2025-10-28,주식,국내,실물(패시브),비과세,KRX 조선 TOP10,한국,조선·기계,일반,20260805
KR7273130005,273130,KODEX 종합채권(AA-이상)액티브,삼성자산운용,0.045,3446220555000,110205,110092.52,2017-06-29,채권,국내,실물(액티브),배당소득세(보유기간과세),KAP 한국종합채권지수,한국,채권·금리,일반,20260805
KR70153K0005,0153K0,KODEX 주주환원고배당주,삼성자산운용,0.33,147907500000,12025,12024.39,2026-01-20,주식,국내,실물(패시브),비과세,Akros 주주환원 고배당 지수 (Price Return),한국,배당주,일반,20260805
KR7102970001,102970,KODEX 증권,삼성자산운용,0.45,703120500000,19290,19317.82,2008-05-29,주식,국내,실물(패시브),비과세,KRX 증권,한국,금융,일반,20260805
KR7419430004,419430,KODEX 차이나2차전지MSCI(합성),삼성자산운용,0.25,28448000000,10160,10217.12,2022-03-22,주식,해외,합성(패시브),배당소득세(보유기간과세),MSCI China all shares IMI Select Batteries Index(Price Return),중국,2차전지,일반,20260805
KR70162L0003,0162L0,KODEX 차이나AI반도체TOP10,삼성자산운용,0.55,87093750000,13935,13904.05,2026-02-26,주식,해외,실물(패시브),배당소득세(보유기간과세),Indxx China AI Semiconductor Top 10 Index (Price Return),중국,반도체,일반,20260805
KR7428510002,428510,KODEX 차이나AI테크액티브,삼성자산운용,0.5,56292500000,24475,24256.99,2022-05-17,주식,해외,실물(액티브),배당소득세(보유기간과세),Bloomberg China Media & Tech Index PR,중국,AI·테크,일반,20260805
KR7283580009,283580,KODEX 차이나CSI300,삼성자산운용,0.12,263736000000,15840,15879.48,2017-12-13,주식,해외,실물(패시브),배당소득세(해외주식투자전용ETF),CSI 300 Index,중국,광범위지수,일반,20260805
KR7169950003,169950,KODEX 차이나A50,삼성자산운용,0.12,21336000000,26670,26733.86,2013-01-21,주식,해외,실물(패시브),배당소득세(해외주식투자전용ETF),FTSE China A50 Index,중국,기타,일반,20260805
KR7204450001,204450,KODEX 차이나H레버리지(H),삼성자산운용,0.64,24290500000,2405,2426.65,2014-09-12,주식,해외,실물(패시브),배당소득세(보유기간과세),Hang Seng China H,중국,기타,일반,20260805
KR7099140006,099140,KODEX 차이나H,삼성자산운용,0.12,34642500000,22350,22374.06,2007-10-10,주식,해외,실물(패시브),배당소득세(해외주식투자전용ETF),Hang Seng China H,중국,기타,일반,20260805
KR7415340009,415340,KODEX 차이나과창판STAR50(합성),삼성자산운용,0.09,30977550000,14965,15030.54,2022-01-13,주식,해외,합성(패시브),배당소득세(보유기간과세),STAR 50 Index(Price Return),기타,기타,일반,20260805
KR7256750001,256750,KODEX 차이나심천ChiNext(합성),삼성자산운용,0.47,50167600000,16400,16428.12,2016-11-08,주식,해외,합성(패시브),배당소득세(보유기간과세),SZSE ChiNext Price Index,기타,기타,일반,20260805
KR70065G0008,0065G0,KODEX 차이나테크TOP10,삼성자산운용,0.45,27398000000,9785,9846.13,2025-06-17,주식,해외,실물(패시브),배당소득세(보유기간과세),Hang Seng China Tech Top 10 Select Index (HKD) (Price Return),중국,AI·테크,일반,20260805
KR7372330001,372330,KODEX 차이나항셍테크,삼성자산운용,0.12,132431500000,7655,7669.22,2020-12-16,주식,해외,실물(패시브),배당소득세(보유기간과세),Hang Seng TECH Index,중국,AI·테크,일반,20260805
KR70048K0004,0048K0,KODEX 차이나휴머노이드로봇,삼성자산운용,0.45,160304000000,9320,9423.51,2025-05-13,주식,해외,실물(패시브),배당소득세(보유기간과세),Solactive China Humanoid Robotics Index (CNH) (Price Return),중국,AI·테크,일반,20260805
KR7279540009,279540,KODEX 최소변동성,삼성자산운용,0.3,12168000000,20280,20241.33,2017-10-17,주식,국내,실물(패시브),비과세,KRX 최소변동성지수,한국,기타,일반,20260805
KR7445150006,445150,KODEX 친환경조선해운액티브,삼성자산운용,0.5,54872000000,28880,28920.62,2022-11-15,주식,국내,실물(액티브),배당소득세(보유기간과세),FnGuide K-친환경 선박 지수,한국,기타,일반,20260805
KR7211900006,211900,KODEX 코리아배당성장,삼성자산운용,0.15,92268000000,27960,27946.28,2014-12-17,주식,국내,실물(패시브),비과세,코스피 배당성장 50,한국,배당주,일반,20260805
KR7237370002,237370,KODEX 코리아배당성장채권혼합,삼성자산운용,0.19,163592000000,15730,15752.53,2016-01-27,혼합자산,국내,실물(패시브),배당소득세(보유기간과세),배당성장채권혼합지수,한국,채권·금리,혼합,20260805
KR7495850000,495850,KODEX 코리아밸류업,삼성자산운용,0.008,632477250000,31545,31501.59,2024-11-04,주식,국내,실물(패시브),비과세,코리아 밸류업 지수,한국,배당주,일반,20260805
KR70115E0000,0115E0,KODEX 코리아소버린AI,삼성자산운용,0.45,66146250000,14225,14191.25,2025-10-21,주식,국내,실물(패시브),비과세,KRX 코리아 소버린 AI 지수,한국,AI·테크,일반,20260805
KR7373490002,373490,KODEX 코리아혁신성장액티브,삼성자산운용,0.5,11103750000,24675,24589.42,2020-12-24,주식,국내,실물(액티브),배당소득세(보유기간과세),FnGuide K-이노베이션 지수,한국,기타,일반,20260805
KR7229200001,229200,KODEX 코스닥150,삼성자산운용,0.25,4679797500000,13545,13525.1,2015-10-01,주식,국내,실물(패시브),비과세,코스닥 150,한국,광범위지수,일반,20260805
KR7233740000,233740,KODEX 코스닥150레버리지,삼성자산운용,0.64,3600270000000,6540,6578.68,2015-12-17,주식,국내,실물(패시브),배당소득세(보유기간과세),코스닥 150,한국,광범위지수,일반,20260805
KR7360150007,360150,KODEX 코스닥150롱코스피200숏선물,삼성자산운용,0.64,12956000000,3160,3161.49,2020-08-21,주식,국내,실물(패시브),배당소득세(보유기간과세),코스닥150 롱 100% 코스피200 숏 100% 선물지수,한국,광범위지수,일반,20260805
KR7251340006,251340,KODEX 코스닥150선물인버스,삼성자산운용,0.64,117094000000,2540,2554.72,2016-08-10,주식,국내,실물(패시브),배당소득세(보유기간과세),F-코스닥150 지수,한국,광범위지수,일반,20260805
KR7461450009,461450,KODEX 코스닥글로벌,삼성자산운용,0.09,22012500000,14675,14621.4,2023-06-29,주식,국내,실물(패시브),비과세,코스닥 글로벌 지수,한국,광범위지수,일반,20260805
KR7226490001,226490,KODEX 코스피,삼성자산운용,0.15,1065139000000,68060,67773.38,2015-08-24,주식,국내,실물(패시브),비과세,코스피,한국,광범위지수,일반,20260805
KR7359210002,359210,KODEX 코스피TR,삼성자산운용,0.07,89011000000,34235,34218.29,2020-07-21,주식,국내,실물(패시브),배당소득세(보유기간과세),코스피 TR,한국,광범위지수,일반,20260805
KR7337140008,337140,KODEX 코스피대형주,삼성자산운용,0.15,76956000000,34980,34942.25,2019-11-14,주식,국내,실물(패시브),비과세,코스피 대형주,한국,광범위지수,일반,20260805
KR7138920004,138920,KODEX 콩선물(H),삼성자산운용,0.68,5835000000,11670,11659.47,2011-03-15,원자재,해외,실물(패시브),배당소득세(보유기간과세),S&P GSCI Soybeans Index(TR),글로벌,기타,일반,20260805
KR7244660007,244660,KODEX 퀄리티Plus,삼성자산운용,0.3,4610000000,9220,9226.21,2016-05-13,주식,국내,실물(패시브),비과세,FnGuide 퀄리티 Plus 지수,한국,기타,일반,20260805
KR7375770005,375770,KODEX 탄소효율그린뉴딜,삼성자산운용,0.09,42741000000,23745,23784.85,2021-02-05,주식,국내,실물(패시브),비과세,KRX/S&P 탄소효율 그린뉴딜지수,한국,기타,일반,20260805
KR7459560009,459560,KODEX 테슬라밸류체인FactSet,삼성자산운용,0.18,34255000000,22100,22330.31,2023-06-08,주식,해외,실물(패시브),배당소득세(보유기간과세),FactSet TSLA Value Chain Index(PR),기타,기타,일반,20260805
KR7475080008,475080,KODEX 테슬라커버드콜채권혼합액티브,삼성자산운용,0.39,290265000000,7845,7840.33,2024-01-23,혼합자산,국내&해외,실물(액티브),배당소득세(보유기간과세),KEDI 테슬라 인컴 프리미엄 밸런스드 지수(TR),미국,개별종목,일반,20260805
KR7266410000,266410,KODEX 필수소비재,삼성자산운용,0.45,12985000000,9275,9239.06,2017-03-28,주식,국내,실물(패시브),비과세,KRX 필수소비재,한국,에너지·원자력,일반,20260805
KR7298770009,298770,KODEX 한국대만IT프리미어,삼성자산운용,0.55,86938500000,79035,78817.03,2018-06-11,주식,국내&해외,실물(패시브),배당소득세(보유기간과세),한국 대만 IT 프리미어지수,대만,AI·테크,일반,20260805
KR7476800008,476800,KODEX 한국부동산리츠인프라,삼성자산운용,0.09,482431500000,4230,4234.41,2024-03-05,부동산,국내,실물(패시브),비과세(분리과세부동산ETF),KRX 부동산리츠인프라 지수,한국,리츠·부동산,일반,20260805
KR7450190004,450190,KODEX 한중반도체(합성),삼성자산운용,0.25,29244000000,48740,48642.61,2022-12-22,주식,국내&해외,합성(패시브),배당소득세(보유기간과세),KRX CSI 한·중 반도체지수,중국,반도체,일반,20260805
KR7450180005,450180,KODEX 한중전기차(합성),삼성자산운용,0.25,7315750000,11255,11306.18,2022-12-22,주식,국내&해외,합성(패시브),배당소득세(보유기간과세),KRX CSI 한·중 전기차지수,중국,자동차,일반,20260805
KR7266420009,266420,KODEX 헬스케어,삼성자산운용,0.09,68620000000,17155,17137.43,2017-03-28,주식,국내,실물(패시브),비과세,KRX 헬스케어,한국,바이오·헬스케어,일반,20260805
KR7364690008,364690,KODEX 혁신기술테마액티브,삼성자산운용,0.3,22608000000,37680,37696.35,2020-09-29,주식,국내,실물(액티브),배당소득세(보유기간과세),코스피,한국,광범위지수,일반,20260805
KR70204D0003,0204D0,KODEX 현대차로보틱스밸류체인TOP3플러스,삼성자산운용,0.5,207397000000,6605,6618.37,2026-06-09,주식,국내&해외,실물(패시브),배당소득세(보유기간과세),Akros 현대차로보틱스 밸류체인 TOP3 플러스 지수 (PR),국내+해외,개별종목,일반,20260805
KR7069500007,069500,KODEX 200,삼성자산운용,0.15,24244535000000,104300,104323.64,2002-10-14,주식,국내,실물(패시브),비과세,코스피 200,한국,광범위지수,일반,20260805
KR7321410003,321410,KODEX 멀티에셋하이인컴(H),삼성자산운용,0.25,5327500000,10655,10690.43,2019-06-05,혼합자산,해외,실물(패시브),배당소득세(보유기간과세),Morningstar Multi-Asset High Income 10% Capped Index,기타,배당주,혼합,20260805
KR7219480001,219480,KODEX 미국S&P500선물(H),삼성자산운용,0.05,155821500000,33510,33529.83,2015-05-29,주식,해외,실물(패시브),배당소득세(보유기간과세),S&P 500 Futures Total Return Index,미국,광범위지수,일반,20260805
KR7468370002,468370,KODEX iShares미국인플레이션국채액티브,삼성자산운용,0.1,19006000000,11050,11029.93,2023-10-19,채권,해외,실물(액티브),배당소득세(보유기간과세),ICE U.S. Treasury Inflation Linked Bond Index(Total Return),미국,채권·금리,일반,20260805
KR7468630009,468630,KODEX iShares미국투자등급회사채액티브,삼성자산운용,0.1,36224850000,11285,11260.01,2023-10-19,채권,해외,실물(액티브),배당소득세(보유기간과세),iBoxx USD Liquid Investment Grade Index(Total Return),기타,기타,일반,20260805
KR7176950004,176950,KODEX 국채선물10년인버스,삼성자산운용,0.07,20331900000,59450,59554.46,2013-05-31,채권,국내,실물(패시브),배당소득세(보유기간과세),10년국채선물지수,한국,채권·금리,일반,20260805
KR7152380002,152380,KODEX 국채선물10년,삼성자산운용,0.07,20897370000,65715,65645.37,2012-01-20,채권,국내,실물(패시브),배당소득세(보유기간과세),10년국채선물지수,한국,채권·금리,일반,20260805
KR7117700005,117700,KODEX 건설,삼성자산운용,0.45,181908000000,6520,6523.88,2009-10-30,주식,국내,실물(패시브),비과세,KRX 건설,한국,조선·기계,일반,20260805
KR7214980005,214980,KODEX 단기채권PLUS,삼성자산운용,0.15,1847311830000,114690,114687.97,2015-03-03,채권,국내,실물(패시브),배당소득세(보유기간과세),KRW Cash PLUS 지수(총수익),한국,기타,일반,20260805
KR7153130000,153130,KODEX 단기채권,삼성자산운용,0.15,829422120000,113340,113330.53,2012-02-22,채권,국내,실물(패시브),배당소득세(보유기간과세),KRW Cash 지수(총수익),한국,기타,일반,20260805
KR7122630007,122630,KODEX 레버리지,삼성자산운용,0.64,5759417750000,102755,103112.76,2010-02-22,주식,국내,실물(패시브),배당소득세(보유기간과세),코스피 200,한국,광범위지수,일반,20260805
KR7185680006,185680,KODEX 미국S&P바이오(합성),삼성자산운용,0.25,24479980000,46015,46277.99,2013-10-31,주식,해외,합성(패시브),배당소득세(보유기간과세),S&P Biotechnology Select Industry Index,기타,AI·테크,일반,20260805
KR7140700006,140700,KODEX 보험,삼성자산운용,0.45,50152500000,18575,18538.88,2011-04-26,주식,국내,실물(패시브),비과세,KRX 보험,한국,금융,일반,20260805
KR7213610009,213610,KODEX 삼성그룹밸류,삼성자산운용,0.09,245266500000,21705,21698.22,2015-01-08,주식,국내,실물(패시브),비과세,WISE 삼성그룹 밸류 인덱스,한국,광범위지수,일반,20260805
KR7117460006,117460,KODEX 에너지화학,삼성자산운용,0.45,27153000000,12930,12905.99,2009-10-12,주식,국내,실물(패시브),비과세,KRX 에너지화학,한국,에너지·원자력,일반,20260805
KR7140710005,140710,KODEX 운송,삼성자산운용,0.45,10272000000,6420,6417.51,2011-04-26,주식,국내,실물(패시브),비과세,KRX 운송,한국,기타,일반,20260805
KR7114800006,114800,KODEX 인버스,삼성자산운용,0.64,814943500000,1073,1074.37,2009-09-16,주식,국내,실물(패시브),배당소득세(보유기간과세),코스피 200 선물지수,한국,광범위지수,일반,20260805
KR7117680009,117680,KODEX 철강,삼성자산운용,0.45,24307500000,11575,11527.56,2009-10-30,주식,국내,실물(패시브),비과세,KRX 철강,한국,기타,일반,20260805
KR7487130007,487130,KoAct AI인프라액티브,삼성액티브자산운용,0.5,40873500000,26370,26339.0,2024-07-09,주식,국내,실물(액티브),배당소득세(보유기간과세),Solactive AI인프라 지수,한국,AI·테크,일반,20260805
KR70074K0001,0074K0,KoAct K수출핵심기업TOP30액티브,삼성액티브자산운용,0.5,126945000000,16380,16344.02,2025-07-08,주식,국내,실물(액티브),배당소득세(보유기간과세),KEDI K수출핵심기업TOP30 지수(PR),한국,기타,일반,20260805
KR70222D0001,0222D0,KoAct 고배당액티브,삼성액티브자산운용,0.5,11198000000,10180,10187.37,2026-07-28,주식,국내,실물(액티브),배당소득세(보유기간과세),코스피 200 고배당지수,한국,배당주,일반,20260805
KR70219B0008,0219B0,KoAct 광통신&위성네트워크액티브,삼성액티브자산운용,0.5,8780000000,10975,10938.72,2026-07-14,주식,국내,실물(액티브),배당소득세(보유기간과세),FnGuide 저궤도위성 & 광통신 인프라 지수,한국,기타,일반,20260805
KR7471040006,471040,KoAct 글로벌AI&로봇액티브,삼성액티브자산운용,0.5,277840000000,30200,29998.89,2023-11-21,주식,국내&해외,실물(액티브),배당소득세(보유기간과세),iSelect 글로벌AI&로봇PR지수,글로벌,AI·테크,일반,20260805
KR70174B0001,0174B0,KoAct 글로벌AI메모리반도체액티브,삼성액티브자산운용,0.5,115791750000,14565,14445.01,2026-04-14,주식,국내&해외,실물(액티브),배당소득세(보유기간과세),Solactive 글로벌AI메모리반도체 지수 (PR),글로벌,반도체,일반,20260805
KR70132D0000,0132D0,KoAct 글로벌K컬처밸류체인액티브,삼성액티브자산운용,0.5,5060000000,9200,9219.03,2025-11-25,주식,국내&해외,실물(액티브),배당소득세(보유기간과세),KEDI 글로벌 K컬처밸류체인 지수(PR),글로벌,광범위지수,일반,20260805
KR70020H0001,0020H0,KoAct 글로벌양자컴퓨팅액티브,삼성액티브자산운용,0.5,49360500000,23505,23362.59,2025-03-11,주식,국내&해외,실물(액티브),배당소득세(보유기간과세),FactSet 글로벌양자컴퓨팅 PR 지수,글로벌,AI·테크,일반,20260805
KR7475070009,475070,KoAct 글로벌친환경전력인프라액티브,삼성액티브자산운용,0.5,38838000000,32365,32192.53,2024-01-18,주식,국내&해외,실물(액티브),배당소득세(보유기간과세),Solactive 글로벌친환경전력인프라 PR지수,글로벌,에너지·원자력,일반,20260805
KR70015B0004,0015B0,KoAct 미국나스닥성장기업액티브,삼성액티브자산운용,0.5,649620000000,20050,19950.21,2025-02-25,주식,해외,실물(액티브),배당소득세(보유기간과세),나스닥 종합주가지수,미국,기타,일반,20260805
KR70104H0000,0104H0,KoAct 미국나스닥채권혼합50액티브,삼성액티브자산운용,0.25,154375000000,12350,12203.27,2025-09-30,혼합자산,국내&해외,실물(액티브),배당소득세(보유기간과세),FnGuide 미국나스닥 금융채권혼합 지수,미국,금융,혼합,20260805
KR70186L0005,0186L0,KoAct 미국로봇피지컬AI액티브,삼성액티브자산운용,0.5,23471500000,10205,10182.48,2026-04-28,주식,해외,실물(액티브),배당소득세(보유기간과세),iSelect 미국로봇피지컬AI지수,미국,AI·테크,일반,20260805
KR70113G0000,0113G0,KoAct 미국바이오헬스케어액티브,삼성액티브자산운용,0.5,9850500000,10945,10918.16,2025-11-11,주식,해외,실물(액티브),배당소득세(보유기간과세),Solactive 미국바이오헬스케어지수 PR,미국,바이오·헬스케어,일반,20260805
KR7497780007,497780,KoAct 미국천연가스인프라액티브,삼성액티브자산운용,0.5,20453500000,10765,10790.62,2024-12-10,주식,해외,실물(액티브),배당소득세(보유기간과세),Solactive 미국천연가스인프라 PR 지수,미국,에너지·원자력,일반,20260805
KR7490330008,490330,KoAct 미국치매&뇌질환치료제액티브,삼성액티브자산운용,0.5,8151000000,14820,14838.52,2024-09-03,주식,해외,실물(액티브),배당소득세(보유기간과세),Solactive 미국뇌질환치료제 PR 지수,미국,기타,일반,20260805
KR7462900002,462900,KoAct 바이오헬스케어액티브,삼성액티브자산운용,0.5,374718750000,14275,14242.8,2023-08-03,주식,국내,실물(액티브),배당소득세(보유기간과세),iSelect 바이오헬스케어 PR 지수,한국,바이오·헬스케어,일반,20260805
KR7482030004,482030,KoAct 반도체&2차전지핵심소재액티브,삼성액티브자산운용,0.5,8893500000,8470,8524.05,2024-05-14,주식,국내,실물(액티브),배당소득세(보유기간과세),iSelect 반도체&2차전지핵심소재 지수,한국,반도체,일반,20260805
KR7476850003,476850,KoAct 배당성장액티브,삼성액티브자산운용,0.5,98700000000,21000,21049.06,2024-02-27,주식,국내,실물(액티브),배당소득세(보유기간과세),코스피,한국,광범위지수,일반,20260805
KR70051A0000,0051A0,KoAct 브로드컴밸류체인액티브,삼성액티브자산운용,0.5,16760250000,25785,25645.16,2025-05-20,주식,해외,실물(액티브),배당소득세(보유기간과세),FactSet 브로드컴밸류체인 지수,기타,광범위지수,일반,20260805
KR70150K0008,0150K0,KoAct 수소전력ESS인프라액티브,삼성액티브자산운용,0.5,28500000000,10000,10020.42,2026-01-13,주식,국내,실물(액티브),배당소득세(보유기간과세),FnGuide 수소전력ESS인프라 지수(PR),한국,에너지·원자력,일반,20260805
KR70154H0009,0154H0,KoAct 차이나바이오헬스케어액티브,삼성액티브자산운용,0.5,5037000000,8395,8466.62,2026-01-27,주식,해외,실물(액티브),배당소득세(보유기간과세),Solactive 차이나바이오헬스케어지수 PR,기타,바이오·헬스케어,일반,20260805
KR7495230005,495230,KoAct 코리아밸류업액티브,삼성액티브자산운용,0.5,247066000000,30130,30141.36,2024-11-04,주식,국내,실물(액티브),배당소득세(보유기간과세),코리아 밸류업 지수,한국,배당주,일반,20260805
KR70163Y0007,0163Y0,KoAct 코스닥액티브,삼성액티브자산운용,0.5,437248000000,8540,8519.87,2026-03-10,주식,국내,실물(액티브),배당소득세(보유기간과세),코스닥,한국,광범위지수,일반,20260805
KR70193G0003,0193G0,KoAct 코스피액티브,삼성액티브자산운용,0.5,89352000000,8160,8142.46,2026-05-19,주식,국내,실물(액티브),배당소득세(보유기간과세),코스피,한국,광범위지수,일반,20260805
KR70093D0007,0093D0,KoAct 팔란티어밸류체인액티브,삼성액티브자산운용,0.5,25767000000,18405,18484.51,2025-08-26,주식,국내&해외,실물(액티브),배당소득세(보유기간과세),KEDI 팔란티어밸류체인지수(PR),미국,개별종목,일반,20260805
KR7411540008,411540,SOL 200 Top10,신한자산운용,0.15,23688000000,16920,16890.37,2021-12-09,주식,국내,실물(패시브),비과세,코스피 200 Top 10 지수,한국,광범위지수,일반,20260805
KR7295040000,295040,SOL 200TR,신한자산운용,0.05,903325500000,39105,39127.96,2018-04-23,주식,국내,실물(패시브),배당소득세(보유기간과세),코스피 200 TR,한국,광범위지수,일반,20260805
KR70167B0000,0167B0,SOL 200타겟위클리커버드콜,신한자산운용,0.3,682209000000,11485,11474.18,2026-03-17,주식,국내,실물(패시브),배당소득세(보유기간과세),코스피 200 타겟 15% 위클리 커버드콜 지수,한국,광범위지수,커버드콜,20260805
KR7488980004,488980,SOL 26-12 회사채(AA-이상)액티브,신한자산운용,0.05,232024000000,52000,51999.76,2024-10-08,채권,국내,실물(액티브),배당소득세(보유기간과세),"KAP 26-12 크레딧 채권지수(AA-이상, 총수익)",한국,채권·금리,일반,20260805
KR70092C0009,0092C0,SOL 27-12 회사채(AA-이상)액티브,신한자산운용,0.05,224282250000,50175,50150.88,2025-08-19,채권,국내,실물(액티브),배당소득세(보유기간과세),"KAP 27-12 크레딧 채권지수(AA-이상, 총수익)",한국,채권·금리,일반,20260805
KR7455860007,455860,SOL 2차전지소부장Fn,신한자산운용,0.45,99240000000,4135,4129.03,2023-04-25,주식,국내,실물(패시브),비과세,FnGuide 2차전지 소부장 지수(PR),한국,2차전지,일반,20260805
KR70167A0001,0167A0,SOL AI반도체TOP2플러스,신한자산운용,0.45,5355397500000,16825,16794.76,2026-03-17,주식,국내,실물(패시브),비과세,FnGuide AI반도체 TOP2 플러스 지수(PR),한국,반도체,일반,20260805
KR7455850008,455850,SOL AI반도체소부장,신한자산운용,0.45,902704500000,21570,21530.9,2023-04-25,주식,국내,실물(패시브),비과세,FnGuide AI 반도체 소부장 지수,한국,반도체,일반,20260805
KR7497880005,497880,SOL CD금리&머니마켓액티브,신한자산운용,0.05,259084680000,50055,50052.54,2024-11-26,채권,국내,실물(액티브),배당소득세(보유기간과세),KAP CD&단기자금시장지수(PR),한국,채권·금리,일반,20260805
KR7363510009,363510,SOL KIS단기통안채,신한자산운용,0.07,12428115000,111965,111963.92,2020-09-09,채권,국내,실물(패시브),배당소득세(보유기간과세),KIS 단기통안채 Index(총수익),한국,채권·금리,일반,20260805
KR7292500006,292500,SOL KRX300,신한자산운용,0.05,23637500000,47275,47098.72,2018-03-26,주식,국내,실물(패시브),비과세,KRX 300,한국,광범위지수,일반,20260805
KR7404650004,404650,SOL KRX기후변화솔루션,신한자산운용,0.15,13458000000,22430,22354.61,2021-10-29,주식,국내,실물(패시브),비과세,KRX 기후변화 솔루션지수,한국,기타,일반,20260805
KR7490480001,490480,SOL K방산,신한자산운용,0.45,80892000000,29960,30054.14,2024-10-02,주식,국내,실물(패시브),비과세,KEDI K방산 지수(PR),한국,방산·우주,일반,20260805
KR70197W0009,0197W0,SOL SK하이닉스단일종목레버리지,신한자산운용,0.1,70795500000,8660,8644.69,2026-05-27,주식,국내,실물(패시브),배당소득세(보유기간과세),KRX SK하이닉스 지수,한국,개별종목,일반,20260805
KR70197X0008,0197X0,SOL SK하이닉스선물단일종목인버스2X,신한자산운용,0.1,143312000000,8320,8456.99,2026-05-27,주식,국내,실물(패시브),배당소득세(보유기간과세),KRX SK하이닉스 선물 지수,한국,개별종목,일반,20260805
KR7438570004,438570,SOL 국고채10년,신한자산운용,0.05,108085845000,99435,99436.34,2022-09-06,채권,국내,실물(패시브),배당소득세(보유기간과세),KAP 국고채10년지수(총수익지수),한국,채권·금리,일반,20260805
KR7474390002,474390,SOL 국고채30년액티브,신한자산운용,0.05,5498690000,41035,40947.31,2024-01-16,채권,국내,실물(액티브),배당소득세(보유기간과세),KAP 국고채30년 지수(TR),한국,채권·금리,일반,20260805
KR7438560005,438560,SOL 국고채3년,신한자산운용,0.05,76524400000,100690,100658.92,2022-09-06,채권,국내,실물(패시브),배당소득세(보유기간과세),KAP 국고채3년지수(총수익지수),한국,채권·금리,일반,20260805
KR70022T0005,0022T0,SOL 국제금커버드콜액티브,신한자산운용,0.45,67730000000,13025,12743.84,2025-03-11,원자재,해외,실물(액티브),배당소득세(보유기간과세),KEDI 골드인컴프리미엄 지수(NTR),기타,원자재·금,일반,20260805
KR70066W0007,0066W0,SOL 국제금,신한자산운용,0.05,81802500000,12585,12310.31,2025-06-17,원자재,해외,실물(패시브),배당소득세(보유기간과세),KEDI 국제금현물 ETF 가격지수(PR),기타,기타,일반,20260805
KR7423170000,423170,SOL 글로벌AI반도체탑픽액티브,신한자산운용,0.55,267867200000,57730,57569.01,2022-04-12,주식,국내&해외,실물(액티브),배당소득세(보유기간과세),S&P Global Semiconductor Korea Tilted Index(PR),글로벌,반도체,일반,20260805
KR7400590006,400590,SOL 글로벌탄소배출권선물ICE(합성),신한자산운용,0.55,7125000000,14250,14340.77,2021-09-30,기타,해외,합성(패시브),배당소득세(보유기간과세),ICE Global Carbon Futures Index(Excess Return),글로벌,기타,일반,20260805
KR7484880000,484880,SOL 금융지주플러스고배당,신한자산운용,0.3,365930250000,22245,22211.84,2024-06-25,주식,국내,실물(패시브),비과세,FnGuide 금융지주플러스고배당 지수(PR),한국,금융,일반,20260805
KR7484890009,484890,SOL 머니마켓액티브,신한자산운용,0.05,14574150000,52425,52425.93,2024-06-25,채권,국내,실물(액티브),배당소득세(보유기간과세),KAP 시가 MMF 지수(TR),한국,채권·금리,일반,20260805
KR7461600009,461600,SOL 미국30년국채액티브(H),신한자산운용,0.05,26570250000,8435,8431.37,2023-07-11,채권,해외,실물(액티브),배당소득세(보유기간과세),KAP 미국채 20Y+ 지수(시장가격),미국,채권·금리,일반,20260805
KR7473330009,473330,SOL 미국30년국채커버드콜(합성),신한자산운용,0.25,291764000000,8360,8345.58,2023-12-27,채권,해외,합성(패시브),배당소득세(보유기간과세),KEDI 미국 국채 20년+ 커버드콜 지수(NTR),미국,채권·금리,커버드콜,20260805
KR7494210008,494210,SOL 미국500타겟데일리커버드콜액티브,신한자산운용,0.35,7945000000,11350,11345.19,2024-10-15,주식,해외,실물(액티브),배당소득세(보유기간과세),KEDI 미국퀄리티500+월1%프리미엄 지수(NTR),미국,기타,일반,20260805
KR7479620007,479620,SOL 미국AI반도체칩메이커,신한자산운용,0.45,93432500000,26695,26824.84,2024-04-16,주식,해외,실물(패시브),배당소득세(보유기간과세),Solactive US AI Semiconductor Chip Makers Index(PR),미국,반도체,일반,20260805
KR7481180008,481180,SOL 미국AI소프트웨어,신한자산운용,0.45,141384000000,16440,16453.1,2024-05-14,주식,해외,실물(패시브),배당소득세(보유기간과세),KEDI 미국 AI 소프트웨어지수(PR),미국,AI·테크,일반,20260805
KR7486450000,486450,SOL 미국AI전력인프라,신한자산운용,0.45,250197500000,21025,20861.74,2024-07-16,주식,해외,실물(패시브),배당소득세(보유기간과세),KEDI 미국AI전력인프라 지수(PR),미국,AI·테크,일반,20260805
KR7433330008,433330,SOL 미국S&P500,신한자산운용,0.05,297635000000,22895,22832.7,2022-06-21,주식,해외,실물(패시브),배당소득세(보유기간과세),S&P 500,미국,광범위지수,일반,20260805
KR7399110006,399110,SOL 미국S&P500ESG,신한자산운용,0.15,122472000000,21870,21685.83,2021-09-14,주식,해외,실물(패시브),배당소득세(보유기간과세),S&P500 Scored&Screened(PR),미국,광범위지수,일반,20260805
KR70080X0008,0080X0,SOL 미국S&P500미국채혼합50,신한자산운용,0.15,74197500000,11415,11395.96,2025-07-15,혼합자산,해외,실물(패시브),배당소득세(보유기간과세),S&P 500 and iBoxx $ Treasuries 7-10Y 5050 Blend Index(USD) PR/TR Hybrid,미국,광범위지수,일반,20260805
KR7499150001,499150,SOL 미국S&P500엔화노출(H),신한자산운용,0.15,5705000000,11410,11386.6,2024-12-03,주식,해외,실물(패시브),배당소득세(보유기간과세),S&P500 Yen Hedged Index(PR),미국,광범위지수,일반,20260805
KR7447620006,447620,SOL 미국TOP5채권혼합50,신한자산운용,0.25,120435000000,16275,16205.33,2022-11-29,혼합자산,국내&해외,실물(패시브),배당소득세(보유기간과세),Solactive US TOP5 Balanced50 Index(PR),미국,기타,일반,20260805
KR7476030002,476030,SOL 미국나스닥100,신한자산운용,0.05,134427750000,17805,17771.79,2024-03-12,주식,해외,실물(패시브),배당소득세(보유기간과세),NASDAQ 100,미국,광범위지수,일반,20260805
KR70118S0001,0118S0,SOL 미국넥스트테크TOP10액티브,신한자산운용,0.55,52986750000,11395,11341.74,2025-10-28,주식,해외,실물(액티브),배당소득세(보유기간과세),KEDI 미국넥스트테크TOP10(PR),미국,AI·테크,일반,20260805
KR7493420004,493420,SOL 미국배당다우존스2호,신한자산운용,0.05,27331500000,13015,12968.2,2024-10-08,주식,해외,실물(패시브),배당소득세(보유기간과세),Dow Jones U.S. Dividend 100 Index(TR),미국,배당주,일반,20260805
KR7446720005,446720,SOL 미국배당다우존스,신한자산운용,0.01,1033344000000,14040,14005.67,2022-11-15,주식,해외,실물(패시브),배당소득세(보유기간과세),Dow Jones U.S. Dividend 100 Price Return Index,미국,배당주,일반,20260805
KR7490490000,490490,SOL 미국배당미국채혼합50,신한자산운용,0.15,474967500000,11445,11391.09,2024-09-24,혼합자산,해외,실물(패시브),배당소득세(보유기간과세),KRX 다우존스 미국배당국채 혼합지수,미국,채권·금리,혼합,20260805
KR70023A0005,0023A0,SOL 미국양자컴퓨팅TOP10,신한자산운용,0.45,444419500000,27265,26878.72,2025-03-11,주식,해외,실물(패시브),배당소득세(보유기간과세),KEDI 미국양자컴퓨팅 TOP10(PR),미국,AI·테크,일반,20260805
KR70181L0000,0181L0,SOL 미국우주항공TOP10,신한자산운용,0.45,58499500000,7405,7547.95,2026-04-21,주식,해외,실물(패시브),배당소득세(보유기간과세),KEDI 미국우주항공 TOP10(PR),미국,방산·우주,일반,20260805
KR70051G0004,0051G0,SOL 미국원자력SMR,신한자산운용,0.45,171120000000,13800,13595.04,2025-05-20,주식,해외,실물(패시브),배당소득세(보유기간과세),KEDI 미국원자력 SMR 지수(PR),미국,에너지·원자력,일반,20260805
KR7481190007,481190,SOL 미국테크TOP10,신한자산운용,0.05,295970250000,17565,17491.28,2024-05-21,주식,해외,실물(패시브),배당소득세(보유기간과세),Solactive US Tech TOP 10 Custom Index(PR),미국,AI·테크,일반,20260805
KR7475300000,475300,SOL 반도체전공정,신한자산운용,0.45,251526000000,19055,19027.79,2024-02-14,주식,국내,실물(패시브),비과세,FnGuide 반도체 전공정 지수(PR),한국,반도체,일반,20260805
KR7475310009,475310,SOL 반도체후공정,신한자산운용,0.45,61230000000,23550,23479.46,2024-02-14,주식,국내,실물(패시브),비과세,FnGuide 반도체 후공정 지수(PR),한국,반도체,일반,20260805
KR70152E0004,0152E0,SOL 배당성향탑픽액티브,신한자산운용,0.3,26292000000,10955,10996.25,2026-01-13,주식,국내,실물(액티브),배당소득세(보유기간과세),FnGuide 배당성향탑픽 지수(PR),한국,배당주,일반,20260805
KR70207G0007,0207G0,SOL 우주항공밸류체인,신한자산운용,0.45,16250000000,6500,6487.4,2026-06-16,주식,국내,실물(패시브),비과세,Akros 우주항공밸류체인 지수(PR),한국,방산·우주,일반,20260805
KR7400580007,400580,SOL 유럽탄소배출권선물S&P(H),신한자산운용,0.55,5705000000,11410,11539.06,2021-09-30,기타,해외,실물(패시브),배당소득세(보유기간과세),S&P GSCI Carbon Emission Allowances(EUA)(EUR)ER,글로벌,기타,일반,20260805
KR7464610005,464610,SOL 의료기기소부장Fn,신한자산운용,0.45,11925000000,7950,7913.74,2023-08-22,주식,국내,실물(패시브),비과세,FnGuide 의료기기소부장지수(PR),한국,바이오·헬스케어,일반,20260805
KR7466930005,466930,SOL 자동차TOP3플러스,신한자산운용,0.45,225292500000,26350,26298.33,2023-10-05,주식,국내,실물(패시브),비과세,FnGuide 자동차TOP3플러스지수(PR),한국,자동차,일반,20260805
KR7464600006,464600,SOL 자동차소부장Fn,신한자산운용,0.45,21845250000,22995,23047.54,2023-08-22,주식,국내,실물(패시브),비과세,FnGuide 자동차소부장지수(PR),한국,자동차,일반,20260805
KR70005D0004,0005D0,SOL 전고체배터리&실리콘음극재,신한자산운용,0.45,125546500000,13010,13017.4,2025-01-07,주식,국내,실물(패시브),비과세,FnGuide 전고체배터리&실리콘음극재 지수(PR),한국,2차전지,일반,20260805
KR70080Y0007,0080Y0,SOL 조선TOP3플러스레버리지,신한자산운용,0.5,128968500000,10155,10186.6,2025-07-15,주식,국내,실물(패시브),배당소득세(보유기간과세),FnGuide 조선TOP3플러스지수(PR),한국,조선·기계,일반,20260805
KR7466920006,466920,SOL 조선TOP3플러스,신한자산운용,0.45,1579829000000,29780,29791.98,2023-10-05,주식,국내,실물(패시브),비과세,FnGuide 조선TOP3플러스지수(PR),한국,조선·기계,일반,20260805
KR70141S0002,0141S0,SOL 조선기자재,신한자산운용,0.45,58616000000,8620,8605.37,2025-12-16,주식,국내,실물(패시브),비과세,FnGuide 조선기자재 지수(PR),한국,조선·기계,일반,20260805
KR70141T0001,0141T0,SOL 중기종합채권(AA-이상)액티브,신한자산운용,0.05,43480800000,50325,50316.28,2025-12-16,채권,국내,실물(액티브),배당소득세(보유기간과세),"KAP K-중기종합채권지수(AA-이상,총수익)",한국,채권·금리,일반,20260805
KR70016X0007,0016X0,SOL 중단기회사채(A-이상)액티브,신한자산운용,0.05,431367660000,51390,51404.48,2025-02-18,채권,국내,실물(액티브),배당소득세(보유기간과세),KIS 중단기크레딧플러스채권(AA+~A-)지수(총수익),한국,채권·금리,일반,20260805
KR7220130009,220130,SOL 차이나강소기업CSI500(합성 H),신한자산운용,0.6,5452000000,6815,6841.58,2015-06-08,주식,해외,합성(패시브),배당소득세(보유기간과세),CSI 500 지수,중국,광범위지수,일반,20260805
KR70131A0004,0131A0,SOL 차이나소비트렌드,신한자산운용,0.45,5187000000,7980,8096.12,2025-11-25,주식,해외,실물(패시브),배당소득세(보유기간과세),SOLACTIVE-KEDI CHINA CONSUMER TREND INDEX(PR),중국,소비재,일반,20260805
KR7415760008,415760,SOL 차이나육성산업액티브(합성),신한자산운용,0.55,18876800000,13880,13997.05,2022-01-13,주식,해외,합성(액티브),배당소득세(보유기간과세),STAR 50 Index(Price Return),기타,기타,일반,20260805
KR7413220005,413220,SOL 차이나태양광CSI(합성),신한자산운용,0.5,5790000000,4825,4852.99,2021-12-22,주식,해외,합성(패시브),배당소득세(보유기간과세),CSI Photovoltaic Industry Index(PR),중국,광범위지수,일반,20260805
KR7469830004,469830,SOL 초단기채권액티브,신한자산운용,0.05,1011281040000,54230,54234.15,2023-11-07,채권,국내,실물(액티브),배당소득세(보유기간과세),KAP 단기자금시장지수,한국,채권·금리,일반,20260805
KR70105E0002,0105E0,SOL 코리아고배당,신한자산운용,0.159,533232000000,12880,12888.04,2025-09-23,주식,국내,실물(패시브),비과세,FnGuide 코리아 고배당 지수(PR),한국,배당주,일반,20260805
KR7444200000,444200,SOL 코리아메가테크액티브,신한자산운용,0.55,511828250000,45095,44952.42,2022-10-18,주식,국내,실물(액티브),배당소득세(보유기간과세),KEDI 메가테크지수(PR),한국,AI·테크,일반,20260805
KR7495550006,495550,SOL 코리아밸류업TR,신한자산운용,0.05,192036250000,32275,32213.64,2024-11-04,주식,국내,실물(패시브),배당소득세(보유기간과세),코리아 밸류업 TR 지수,한국,배당주,일반,20260805
KR7450910005,450910,SOL 코스닥150,신한자산운용,0.15,33578800000,13220,13252.48,2023-01-31,주식,국내,실물(패시브),비과세,코스닥 150,한국,광범위지수,일반,20260805
KR70192T0009,0192T0,SOL 코스닥TOP10,신한자산운용,0.15,28085000000,6850,6874.83,2026-05-19,주식,국내,실물(패시브),비과세,코스닥 TOP 10 지수,한국,광범위지수,일반,20260805
KR70192S0000,0192S0,SOL 코스피200채권혼합50,신한자산운용,0.15,18570000000,9285,9297.13,2026-05-19,혼합자산,국내,실물(패시브),배당소득세(보유기간과세),코스피 200 KTB 혼합지수,한국,채권·금리,혼합,20260805
KR70040X0007,0040X0,SOL 팔란티어미국채커버드콜혼합,신한자산운용,0.35,186046000000,9590,9653.39,2025-04-22,혼합자산,해외,실물(패시브),배당소득세(보유기간과세),KEDI 팔란티어미국채커버드콜혼합지수(NTR),미국,개별종목,커버드콜,20260805
KR70040Y0006,0040Y0,SOL 팔란티어커버드콜OTM채권혼합,신한자산운용,0.35,365355500000,8110,8170.65,2025-04-22,혼합자산,국내&해외,실물(패시브),배당소득세(보유기간과세),KEDI 팔란티어커버드콜OTM 채권혼합지수(NTR),미국,개별종목,커버드콜,20260805
KR70105D0003,0105D0,SOL 한국AI소프트웨어,신한자산운용,0.45,17811000000,9895,9850.55,2025-09-23,주식,국내,실물(패시브),비과세,KEDI 한국AI소프트웨어 지수(PR),한국,AI·테크,일반,20260805
KR70092B0000,0092B0,SOL 한국원자력SMR,신한자산운용,0.45,117932500000,14650,14612.79,2025-08-19,주식,국내,실물(패시브),비과세,FnGuide 한국원자력 SMR 지수(PR),한국,에너지·원자력,일반,20260805
KR7429980006,429980,SOL 한국형글로벌전기차&2차전지액티브,신한자산운용,0.55,8737500000,17475,17489.28,2022-06-14,주식,국내&해외,실물(액티브),배당소득세(보유기간과세),FactSet Global Electric Vehicle and Rechargeable Battery Korea-Tilted Index(PR),글로벌,2차전지,일반,20260805
KR70008T0003,0008T0,SOL 화장품TOP3플러스,신한자산운용,0.45,68477500000,15050,15054.57,2025-01-21,주식,국내,실물(패시브),비과세,FnGuide 화장품TOP3 플러스 지수(PR),한국,소비재,일반,20260805
KR7452360001,452360,SOL 미국배당다우존스(H),신한자산운용,0.05,215946000000,13330,13268.15,2023-03-21,주식,해외,실물(패시브),배당소득세(보유기간과세),Dow Jones U.S. Dividend 100 Price Return Index,미국,배당주,일반,20260805
KR7436140008,436140,SOL 종합채권(AA-이상)액티브,신한자산운용,0.04,1296042800000,106600,106508.67,2022-08-09,채권,국내,실물(액티브),배당소득세(보유기간과세),"KAP K-종합채권지수(AA-이상, 총수익)",한국,채권·금리,일반,20260805
KR7462340001,462340,에셋플러스 글로벌다이나믹시니어액티브,에셋플러스자산운용,0.99,8307500000,16615,16590.57,2023-07-25,주식,해외,실물(액티브),배당소득세(보유기간과세),S&P 500,미국,광범위지수,일반,20260805
KR7433220001,433220,에셋플러스 글로벌대장장이액티브,에셋플러스자산운용,0.99,23295200000,31480,31350.46,2022-06-28,주식,해외,실물(액티브),배당소득세(보유기간과세),S&P 500,미국,광범위지수,일반,20260805
KR7451150007,451150,에셋플러스 글로벌영에이지액티브,에셋플러스자산운용,0.99,11355300000,18315,18321.68,2023-01-31,주식,해외,실물(액티브),배당소득세(보유기간과세),S&P 500,미국,광범위지수,일반,20260805
KR7477490007,477490,에셋플러스 글로벌일등기업포커스10액티브,에셋플러스자산운용,0.99,17968500000,19965,19889.31,2024-03-19,주식,해외,실물(액티브),배당소득세(보유기간과세),MSCI World,글로벌,광범위지수,일반,20260805
KR7407830009,407830,에셋플러스 글로벌플랫폼액티브,에셋플러스자산운용,0.99,34452000000,14355,14327.61,2021-11-16,주식,해외,실물(액티브),배당소득세(보유기간과세),S&P 500,미국,광범위지수,일반,20260805
KR70002C0008,0002C0,에셋플러스 인도일등기업포커스20액티브,에셋플러스자산운용,0.99,10854000000,10050,10062.04,2025-02-25,주식,해외,실물(액티브),배당소득세(보유기간과세),MSCI India IMI Index(PR),인도,광범위지수,일반,20260805
KR7474920006,474920,에셋플러스 차이나일등기업포커스10액티브,에셋플러스자산운용,0.99,18438100000,19615,19645.55,2024-01-16,주식,해외,실물(액티브),배당소득세(보유기간과세),"MSCI China Index(USD, Price Return)",중국,광범위지수,일반,20260805
KR7442090007,442090,에셋플러스 코리아대장장이액티브,에셋플러스자산운용,0.975,42150000000,28100,27979.95,2022-09-20,주식,국내,실물(액티브),배당소득세(보유기간과세),FnGuide 대장장이 지수(Price Return),한국,기타,일반,20260805
KR7407820000,407820,에셋플러스 코리아플랫폼액티브,에셋플러스자산운용,0.975,11142000000,6190,6174.76,2021-11-16,주식,국내,실물(액티브),배당소득세(보유기간과세),FnGuide 플랫폼 지수(Price Return),한국,AI·테크,일반,20260805
KR7448100008,448100,WON 200,우리자산운용,0.05,131442500000,107300,107259.79,2022-12-16,주식,국내,실물(패시브),비과세,코스피 200,한국,광범위지수,일반,20260805
KR7413930009,413930,WON AI ESG액티브,우리자산운용,0.31,14786750000,26885,27033.84,2022-01-05,주식,국내,실물(액티브),배당소득세(보유기간과세),MK-iSelect AI ESG 지수(시장가격지수),한국,AI·테크,일반,20260805
KR70088N0002,0088N0,WON K-글로벌수급상위,우리자산운용,0.69,13702500000,10150,10127.42,2025-08-12,주식,국내,실물(패시브),비과세,DeepSearch 외인수급 Top20 지수,한국,기타,일반,20260805
KR7458030004,458030,WON 국공채머니마켓액티브,우리자산운용,0.065,77869470000,54915,54923.86,2023-05-31,채권,국내,실물(액티브),배당소득세(보유기간과세),KAP 국공채 머니마켓 총수익 지수,한국,기타,일반,20260805
KR7426150009,426150,WON 대한민국국고채액티브,우리자산운용,0.07,31045140000,51570,51469.41,2022-05-11,채권,국내,실물(액티브),배당소득세(보유기간과세),KAP 한국 국고채 총수익 지수,한국,채권·금리,일반,20260805
KR70177A0009,0177A0,WON 두산그룹포커스,우리자산운용,0.33,21987500000,8795,8783.65,2026-03-31,주식,국내,실물(패시브),비과세,iSelect 두산그룹 포커스 지수,한국,기타,일반,20260805
KR7444490007,444490,WON 미국S&P500,우리자산운용,0.05,90407500000,21025,20959.2,2022-10-06,주식,해외,실물(패시브),배당소득세(보유기간과세),S&P 500,미국,광범위지수,일반,20260805
KR7489290007,489290,WON 미국빌리어네어,우리자산운용,0.49,28915500000,15630,15583.33,2024-09-03,주식,해외,실물(패시브),배당소득세(보유기간과세),Bloomberg US Billionaires Investment Select Index(PR),미국,기타,일반,20260805
KR7440910008,440910,WON 미국우주항공방산,우리자산운용,0.35,60280000000,27400,27358.03,2022-08-26,주식,해외,실물(패시브),배당소득세(보유기간과세),S&P Aerospace & Defense Select Industry Index(PR),기타,방산·우주,일반,20260805
KR7474590007,474590,WON 반도체밸류체인액티브,우리자산운용,0.31,332360000000,41545,41437.45,2024-01-16,주식,국내,실물(액티브),배당소득세(보유기간과세),FnGuide 반도체 밸류체인 (Price Return) 지수,한국,반도체,일반,20260805
KR70203S0007,0203S0,WON 삼성전자현대차채권혼합50,우리자산운용,0.18,26062250000,8545,8534.84,2026-06-02,혼합자산,국내,실물(패시브),배당소득세(보유기간과세),KAP 삼성전자현대차채권혼합지수,한국,개별종목,혼합,20260805
KR7496020009,496020,WON 전단채플러스액티브,우리자산운용,0.05,347228700000,52325,52324.71,2024-11-19,채권,국내,실물(액티브),배당소득세(보유기간과세),KIS 전단채플러스 TR 지수,한국,기타,일반,20260805
KR7488720004,488720,WON 종합채권(AA-이상)액티브,우리자산운용,0.045,130904600000,48845,48776.84,2024-08-06,채권,국내,실물(액티브),배당소득세(보유기간과세),KIS 종합채권시장 총수익지수(AA-이상),한국,채권·금리,일반,20260805
KR70203R0008,0203R0,WON 중단기종합채권(A-이상)액티브,우리자산운용,0.091,19155800000,50410,50382.74,2026-06-02,채권,국내,실물(액티브),배당소득세(보유기간과세),KAP 중단기 종합채권 총수익 지수(A-이상),한국,채권·금리,일반,20260805
KR70154F0001,0154F0,WON 초대형IB&금융지주,우리자산운용,0.29,34855500000,12230,12220.94,2026-01-20,주식,국내,실물(패시브),비과세,iSelect 초대형IB&금융지주 지수,한국,금융,일반,20260805
KR70226G0004,0226G0,WON 피지컬AI TOP2플러스액티브,우리자산운용,0.49,9800000000,12250,12231.44,2026-08-04,주식,국내,실물(액티브),배당소득세(보유기간과세),FnGuide 피지컬AI TOP2플러스 지수,한국,AI·테크,일반,20260805
KR7480460005,480460,WON 한국부동산TOP3플러스,우리자산운용,0.25,9130000000,9130,9139.8,2024-04-30,부동산,국내,실물(패시브),비과세(분리과세부동산ETF),DeepSearch 한국부동산TOP3플러스 지수,한국,리츠·부동산,일반,20260805
KR7108590001,108590,TREX 200,유리에셋,0.325,20810000000,104050,104031.29,2009-01-23,주식,국내,실물(패시브),비과세,코스피 200,한국,광범위지수,일반,20260805
KR7145850004,145850,TREX 펀더멘탈 200,유리에셋,0.34,28698750000,114795,113813.03,2011-09-23,주식,국내,실물(패시브),비과세,FnGuide-RAFI 코리아200 지수,한국,기타,일반,20260805
KR7483570008,483570,KCGI 미국S&P500 TOP10,케이씨지아이자산운용,0.36,26400000000,16500,16402.95,2024-05-28,주식,해외,실물(패시브),배당소득세(보유기간과세),S&P500 Top10 25% Capped Index(PR),미국,광범위지수,일반,20260805
KR7153270004,153270,KIWOOM 코스피100,키움투자자산운용,0.195,33982200000,80910,80871.38,2012-02-28,주식,국내,실물(패시브),비과세,코스피 100,한국,광범위지수,일반,20260805
KR7167860006,167860,KIWOOM 국고채10년레버리지,키움투자자산운용,0.3,27477500000,94750,94433.98,2012-10-30,채권,국내,실물(패시브),배당소득세(보유기간과세),KIS 10년 국고채 지수 (총수익),한국,채권·금리,일반,20260805
KR7148070006,148070,KIWOOM 국고채10년,키움투자자산운용,0.05,412029810000,105730,105695.91,2011-10-20,채권,국내,실물(패시브),배당소득세(보유기간과세),KIS 10년 국고채 지수 (총수익),한국,채권·금리,일반,20260805
KR7069660009,069660,KIWOOM 200,키움투자자산운용,0.05,745709250000,104295,104319.85,2002-10-14,주식,국내,실물(패시브),비과세,코스피 200,한국,광범위지수,일반,20260805
KR7294400007,294400,KIWOOM 200TR,키움투자자산운용,0.012,1781000000000,137000,136946.79,2018-04-23,주식,국내,실물(패시브),배당소득세(보유기간과세),코스피 200 TR,한국,광범위지수,일반,20260805
KR7253250005,253250,KIWOOM 200선물레버리지,키움투자자산운용,0.46,38535900000,93990,94239.84,2016-09-12,주식,국내,실물(패시브),배당소득세(보유기간과세),코스피 200 선물지수,한국,광범위지수,일반,20260805
KR7253230007,253230,KIWOOM 200선물인버스2X,키움투자자산운용,0.46,2470800000,87,87.22,2016-09-22,주식,국내,실물(패시브),배당소득세(보유기간과세),코스피 200 선물지수,한국,광범위지수,일반,20260805
KR7253240006,253240,KIWOOM 200선물인버스,키움투자자산운용,0.46,1687260000,1383,1395.25,2016-09-12,주식,국내,실물(패시브),배당소득세(보유기간과세),코스피 200 선물지수,한국,광범위지수,일반,20260805
KR7464240001,464240,KIWOOM 26-09회사채(AA-이상)액티브,키움투자자산운용,0.07,154314500000,52310,52306.7,2023-08-17,채권,국내,실물(액티브),배당소득세(보유기간과세),KIS 2609 만기형 크레딧 종합채권 지수(AA-이상)(총수익지수),한국,채권·금리,일반,20260805
KR7458210002,458210,KIWOOM CD금리액티브(합성),키움투자자산운용,0.03,177994550000,110350,110339.99,2023-05-23,기타,국내,합성(액티브),배당소득세(보유기간과세),FnGuide CD91일 금리투자 지수(총수익),한국,채권·금리,일반,20260805
KR7488200007,488200,KIWOOM K-2차전지북미공급망,키움투자자산운용,0.49,5168250000,11485,11440.31,2024-07-23,주식,국내,실물(패시브),비과세,Solactive K-Battery North America Supply Chain 지수,한국,2차전지,일반,20260805
KR7488210006,488210,KIWOOM K-반도체북미공급망,키움투자자산운용,0.49,4025000000,20125,20219.5,2024-07-23,주식,국내,실물(패시브),비과세,Solactive K-Semiconductor North America Supply Chain 지수,한국,반도체,일반,20260805
KR7100910009,100910,KIWOOM KRX100,키움투자자산운용,0.23,64584000000,16560,16486.2,2008-01-23,주식,국내,실물(패시브),비과세,KRX 100,한국,광범위지수,일반,20260805
KR7200250009,200250,KIWOOM 인도Nifty50(합성),키움투자자산운용,0.29,179646000000,22740,22774.31,2014-06-26,주식,해외,합성(패시브),배당소득세(보유기간과세),Nifty 50 Index,인도,광범위지수,일반,20260805
KR70194R0009,0194R0,KIWOOM SK하이닉스선물단일종목레버리지,키움투자자산운용,0.25,14679500000,8635,8597.34,2026-05-27,주식,국내,실물(패시브),배당소득세(보유기간과세),KRX SK하이닉스 선물 지수,한국,개별종목,일반,20260805
KR70084E0007,0084E0,KIWOOM 미국대형주500월간목표헤지액티브,키움투자자산운용,0.49,12316500000,10710,10646.29,2025-10-21,혼합자산,해외,실물(액티브),배당소득세(보유기간과세),Akros 미국대형주500 월간방어적배분 지수(TR),미국,기타,일반,20260805
KR70084D0008,0084D0,KIWOOM 미국테크100월간목표헤지액티브,키움투자자산운용,0.49,9476000000,11845,11852.14,2025-07-22,혼합자산,해외,실물(액티브),배당소득세(보유기간과세),Akros 미국테크100 월간방어적배분 지수(TR),미국,AI·테크,일반,20260805
KR7114470008,114470,KIWOOM 국고채3년,키움투자자산운용,0.05,53064550000,108295,108238.34,2009-07-31,채권,국내,실물(패시브),배당소득세(보유기간과세),KTB INDEX(시장가격),한국,채권·금리,일반,20260805
KR7471460006,471460,KIWOOM 국고채30년액티브,키움투자자산운용,0.035,23057500000,46115,46183.74,2023-11-07,채권,국내,실물(액티브),배당소득세(보유기간과세),KIS-키움 국고채30년 지수(총수익지수),한국,채권·금리,일반,20260805
KR7473490001,473490,KIWOOM 글로벌AI반도체,키움투자자산운용,0.4,48236000000,31120,31778.12,2023-12-21,주식,국내&해외,실물(패시브),배당소득세(보유기간과세),Solactive Global AI Semiconductor Index (Price Return),글로벌,반도체,일반,20260805
KR7489860007,489860,KIWOOM 글로벌전력GRID인프라,키움투자자산운용,0.49,13668000000,16080,16030.82,2024-08-27,주식,국내&해외,실물(패시브),배당소득세(보유기간과세),NASDAQ OMX Clean Edge Smart Grid Infrastructure Index,미국,기타,일반,20260805
KR7130730005,130730,KIWOOM 단기자금,키움투자자산운용,0.05,72087335000,102835,102839.46,2010-07-29,채권,국내,실물(패시브),배당소득세(보유기간과세),MK 머니마켓 지수(총수익),한국,기타,일반,20260805
KR7419890009,419890,KIWOOM 단기채권ESG액티브,키움투자자산운용,0.15,62297800000,107410,107421.19,2022-03-03,채권,국내,실물(액티브),배당소득세(보유기간과세),KIS ESG 9M~1.5Y,한국,광범위지수,일반,20260805
KR7411860000,411860,KIWOOM 독일DAX,키움투자자산운용,0.25,5325000000,17750,17644.86,2021-12-22,주식,해외,실물(패시브),배당소득세(보유기간과세),DAX Index(PR),유럽,기타,일반,20260805
KR7476450002,476450,KIWOOM 머니마켓액티브,키움투자자산운용,0.05,159183360000,52640,52644.12,2024-02-29,채권,국내,실물(액티브),배당소득세(보유기간과세),KIS-키움 MMF지수(총수익지수),한국,채권·금리,일반,20260805
KR7430500009,430500,KIWOOM 물가채KIS,키움투자자산운용,0.15,11361500000,113615,113536.18,2022-05-31,채권,국내,실물(패시브),배당소득세(보유기간과세),KIS TIPS 지수(총수익),한국,기타,일반,20260805
KR70190M0008,0190M0,KIWOOM 미국AI테크하이베타,키움투자자산운용,0.49,25150500000,9315,9199.12,2026-05-12,주식,해외,실물(패시브),배당소득세(보유기간과세),Akros 미국AI&프론티어테크 하이베타 지수,미국,AI·테크,일반,20260805
KR70224D0009,0224D0,KIWOOM 미국CPU반도체TOP4+,키움투자자산운용,0.49,9930000000,9930,10087.53,2026-07-28,주식,해외,실물(패시브),배당소득세(보유기간과세),iSelect 미국CPU반도체TOP4 지수,미국,반도체,일반,20260805
KR70127V0005,0127V0,KIWOOM 미국S&P500 TOP10&배당다우비중전환,키움투자자산운용,0.19,13900000000,11120,11097.5,2025-11-11,주식,해외,실물(패시브),배당소득세(보유기간과세),S&P500 TOP10 생애배당다우존스 2040 지수,미국,배당주,일반,20260805
KR70137W0002,0137W0,KIWOOM 미국S&P500&GOLD,키움투자자산운용,0.01,28957500000,10725,10720.35,2025-12-09,주식,해외,실물(패시브),배당소득세(보유기간과세),S&P500 & S&P GSCI 금현물 90/10 혼합지수,미국,광범위지수,혼합,20260805
KR70127T0009,0127T0,KIWOOM 미국S&P500&배당다우존스비중전환,키움투자자산운용,0.09,13806000000,11505,11450.13,2025-11-11,주식,해외,실물(패시브),배당소득세(보유기간과세),S&P500 생애배당다우존스 2040 지수,미국,배당주,일반,20260805
KR70137V0003,0137V0,KIWOOM 미국S&P500모멘텀,키움투자자산운용,0.12,96920000000,12115,12043.9,2025-12-09,주식,해외,실물(패시브),배당소득세(보유기간과세),S&P500 모멘텀 지수,미국,광범위지수,일반,20260805
KR7449770007,449770,KIWOOM 미국S&P500,키움투자자산운용,0.021,98752500000,21945,21876.82,2022-12-20,주식,해외,실물(패시브),배당소득세(보유기간과세),S&P 500,미국,광범위지수,일반,20260805
KR7449780006,449780,KIWOOM 미국S&P500(H),키움투자자산운용,0.04,34047000000,18915,18838.97,2022-12-20,주식,해외,실물(패시브),배당소득세(보유기간과세),S&P 500,미국,광범위지수,일반,20260805
KR70107F0009,0107F0,KIWOOM 미국고배당&AI테크,키움투자자산운용,0.45,30829500000,12090,12093.57,2025-09-23,주식,해외,실물(패시브),배당소득세(보유기간과세),Akros 미국AI테크TOP10&미국고배당3070 지수,미국,AI·테크,일반,20260805
KR7453080004,453080,KIWOOM 미국나스닥100(H),키움투자자산운용,0.04,90480000000,23200,23144.86,2023-03-14,주식,해외,실물(패시브),배당소득세(보유기간과세),NASDAQ 100,미국,광범위지수,일반,20260805
KR7460270002,460270,KIWOOM 미국달러SOFR금리액티브(합성),키움투자자산운용,0.05,10457100000,12910,12916.9,2023-06-20,기타,해외,합성(액티브),배당소득세(보유기간과세),Solactive SOFR Daily Total Return Index,미국,채권·금리,일반,20260805
KR7230480006,230480,KIWOOM 미국달러선물인버스2X,키움투자자산운용,0.64,8773650000,4365,4367.19,2015-11-16,통화,국내,실물(패시브),배당소득세(보유기간과세),미국달러선물지수,한국,기타,일반,20260805
KR7225800002,225800,KIWOOM 미국달러선물레버리지,키움투자자산운용,0.64,8147250000,15975,15964.92,2015-08-10,통화,국내,실물(패시브),배당소득세(보유기간과세),미국달러선물지수,한국,기타,일반,20260805
KR7139660005,139660,KIWOOM 미국달러선물인버스,키움투자자산운용,0.49,7073100000,8130,8143.59,2011-04-01,통화,국내,실물(패시브),배당소득세(보유기간과세),미국달러선물지수,한국,기타,일반,20260805
KR7138230008,138230,KIWOOM 미국달러선물,키움투자자산운용,0.37,24149750000,16655,16653.99,2011-02-24,통화,국내,실물(패시브),배당소득세(보유기간과세),미국달러선물지수,한국,기타,일반,20260805
KR7373790005,373790,KIWOOM 미국방어배당성장나스닥,키움투자자산운용,0.4,4512200000,16115,16143.33,2020-12-24,주식,해외,실물(패시브),배당소득세(보유기간과세),Nasdaq US Low Volatility Dividend Achievers Index,미국,배당주,일반,20260805
KR7483030003,483030,KIWOOM 미국블록버스터바이오테크의약품+,키움투자자산운용,0.49,5233500000,11630,11622.05,2024-05-28,주식,해외,실물(패시브),배당소득세(보유기간과세),Solactive Blockbuster Biotech Drugs Index(PR),기타,바이오·헬스케어,일반,20260805
KR7459790002,459790,KIWOOM 미국성장기업30액티브,키움투자자산운용,0.76,23424500000,21295,21143.72,2023-06-27,주식,해외,실물(액티브),배당소득세(보유기간과세),MSCI USA Index(Price Return),미국,광범위지수,일반,20260805
KR70174R0003,0174R0,KIWOOM 미국성장다우존스,키움투자자산운용,0.03,10038500000,11810,11729.67,2026-03-31,주식,해외,실물(패시브),배당소득세(보유기간과세),미국성장다우존스 지수,미국,기타,일반,20260805
KR7498270008,498270,KIWOOM 미국양자컴퓨팅,키움투자자산운용,0.49,237256500000,15870,15821.55,2024-12-17,주식,해외,실물(패시브),배당소득세(보유기간과세),Solactive U.S. Quantum Computing Index(PR),미국,AI·테크,일반,20260805
KR70207Z0004,0207Z0,KIWOOM 미국우주데이터센터인프라,키움투자자산운용,0.49,16269000000,7395,7459.26,2026-06-16,주식,해외,실물(패시브),배당소득세(보유기간과세),iSelect 미국 우주데이터센터인프라 지수,미국,AI·테크,일반,20260805
KR70216K0000,0216K0,KIWOOM 미국우주테크TOP2채권혼합50,키움투자자산운용,0.21,8555000000,8555,8666.14,2026-07-07,혼합자산,국내&해외,실물(패시브),배당소득세(보유기간과세),Akros 미국 우주 Top 2 채권혼합 지수,미국,방산·우주,혼합,20260805
KR7474800000,474800,KIWOOM 미국원유에너지기업,키움투자자산운용,0.29,33738750000,14995,15233.49,2024-01-16,주식,해외,실물(패시브),배당소득세(보유기간과세),MSCI US IMI Energy 25/50 Index(Price Return),미국,에너지·원자력,일반,20260805
KR7104520002,104520,KIWOOM 블루칩,키움투자자산운용,0.4,14590000000,14590,14525.45,2008-07-29,주식,국내,실물(패시브),비과세,MKF 블루칩,한국,기타,일반,20260805
KR70183V0006,0183V0,KIWOOM 삼성전자&SK하이닉스채권혼합50,키움투자자산운용,0.07,228914000000,11620,11594.01,2026-04-21,혼합자산,국내,실물(패시브),배당소득세(보유기간과세),FnGuide 삼성전자 & SK하이닉스 채권혼합 지수,한국,개별종목,혼합,20260805
KR70194N0003,0194N0,KIWOOM 삼성전자선물단일종목레버리지,키움투자자산운용,0.25,9550625000,10325,10235.82,2026-05-27,주식,국내,실물(패시브),배당소득세(보유기간과세),KRX 삼성전자 선물 지수,한국,개별종목,일반,20260805
KR70015E0001,0015E0,KIWOOM 엔비디아미국30년국채혼합액티브(H),키움투자자산운용,0.19,5300000000,10600,10558.18,2025-02-11,혼합자산,해외,실물(액티브),배당소득세(보유기간과세),Bloomberg Blended NVIDIA and US Long Treasury Bond Index,미국,개별종목,일반,20260805
KR7483020004,483020,KIWOOM 의료AI,키움투자자산운용,0.49,5799000000,9665,9668.61,2024-05-28,주식,국내,실물(패시브),비과세,FnGuide 의료AI 지수,한국,AI·테크,일반,20260805
KR7435530001,435530,KIWOOM TDF2030액티브 적격,키움투자자산운용,0.3,7932500000,15865,15796.75,2022-06-30,혼합자산,국내&해외,실물(액티브),배당소득세(보유기간과세),Dow Jones Target 2030 Index (Total Return),미국,기타,일반,20260805
KR7435540000,435540,KIWOOM TDF2040액티브 적격,키움투자자산운용,0.34,8962500000,17925,17852.63,2022-06-30,혼합자산,국내&해외,실물(액티브),배당소득세(보유기간과세),Dow Jones Target 2040 Index (Total Return),미국,기타,일반,20260805
KR7435550009,435550,KIWOOM TDF2050액티브 적격,키움투자자산운용,0.38,12932500000,18475,18391.46,2022-06-30,혼합자산,국내&해외,실물(액티브),배당소득세(보유기간과세),Dow Jones Target 2050 Index (Total Return),미국,기타,일반,20260805
KR7454780008,454780,KIWOOM 종합채권(AA-이상)액티브,키움투자자산운용,0.025,291310525000,99935,99873.18,2023-04-11,채권,국내,실물(액티브),배당소득세(보유기간과세),KIS 종합 채권시장지수(AA-이상)(총수익지수),한국,채권·금리,일반,20260805
KR7454180001,454180,KIWOOM 차이나내수소비TOP CSI,키움투자자산운용,0.42,3232000000,8080,8114.78,2023-04-04,주식,해외,실물(패시브),배당소득세(보유기간과세),CSI SH-HK-SZ Consumer Top Index,중국,소비재,일반,20260805
KR7104530001,104530,KIWOOM 코리아고배당,키움투자자산운용,0.19,35844250000,17485,17492.04,2008-07-29,주식,국내,실물(패시브),비과세,MKF 웰스 고배당20,한국,배당주,일반,20260805
KR7496090002,496090,KIWOOM 코리아밸류업,키움투자자산운용,0.009,101855000000,31340,31520.12,2024-11-04,주식,국내,실물(패시브),비과세,코리아 밸류업 지수,한국,배당주,일반,20260805
KR7469790000,469790,KIWOOM 코리아테크TOP10,키움투자자산운용,0.39,29151500000,41645,41859.75,2023-10-31,주식,국내,실물(패시브),비과세,Solactive K-TechTOP10 Index(PR),한국,기타,일반,20260805
KR7291630002,291630,KIWOOM 코스닥150선물레버리지,키움투자자산운용,0.09,4799500000,3310,3324.75,2018-03-16,주식,국내,실물(패시브),배당소득세(보유기간과세),F-코스닥150 지수,한국,광범위지수,일반,20260805
KR7291620003,291620,KIWOOM 코스닥150선물인버스,키움투자자산운용,0.09,2602050000,4565,4549.63,2018-03-16,주식,국내,실물(패시브),배당소득세(보유기간과세),F-코스닥150 지수,한국,광범위지수,일반,20260805
KR7316670009,316670,KIWOOM 코스닥150,키움투자자산운용,0.15,46000900000,6745,6751.63,2019-01-22,주식,국내,실물(패시브),비과세,코스닥 150,한국,광범위지수,일반,20260805
KR70198A0004,0198A0,KIWOOM 코스닥150커버드콜액티브,키움투자자산운용,0.63,45796000000,8560,8573.61,2026-06-30,주식,국내,실물(액티브),배당소득세(보유기간과세),코스닥 150 위클리 고정 30% 커버드콜 지수,한국,광범위지수,커버드콜,20260805
KR7122260003,122260,KIWOOM 통안채1년,키움투자자산운용,0.05,32250850000,104035,104019.09,2010-01-14,채권,국내,실물(패시브),배당소득세(보유기간과세),MK 통안채지수(총수익),한국,채권·금리,일반,20260805
KR70015F0000,0015F0,KIWOOM 팔란티어미국30년국채혼합액티브(H),키움투자자산운용,0.19,13416000000,10320,10478.33,2025-02-11,혼합자산,해외,실물(액티브),배당소득세(보유기간과세),Bloomberg Blended PALANTIR and US Long Treasury Bond Index,미국,개별종목,일반,20260805
KR70097L0003,0097L0,KIWOOM 한국고배당&미국AI테크,키움투자자산운용,0.45,26065750000,12715,12755.69,2025-09-02,주식,국내&해외,실물(패시브),배당소득세(보유기간과세),Akros 미국AI테크TOP10&한국고배당3070 지수,미국,AI·테크,일반,20260805
KR70220A0006,0220A0,KIWOOM 현대차그룹TOP3채권혼합50,키움투자자산운용,0.15,13335000000,9525,9523.48,2026-07-14,혼합자산,국내,실물(패시브),배당소득세(보유기간과세),FnGuide 현대차그룹TOP3 채권혼합 지수,한국,개별종목,혼합,20260805
KR7441800000,441800,TIME Korea플러스배당액티브,타임폴리오자산운용,0.8,767448000000,28215,28180.79,2022-09-27,주식,국내,실물(액티브),배당소득세(보유기간과세),코스피 200,한국,광범위지수,일반,20260805
KR7463050005,463050,TIME K바이오액티브,타임폴리오자산운용,0.8,218568000000,13010,12984.33,2023-08-17,주식,국내,실물(액티브),배당소득세(보유기간과세),KRX 헬스케어,한국,바이오·헬스케어,일반,20260805
KR7404120008,404120,TIME K신재생에너지액티브,타임폴리오자산운용,0.8,16691500000,23845,23770.9,2021-10-29,주식,국내,실물(액티브),배당소득세(보유기간과세),KRX 기후변화 솔루션지수,한국,기타,일반,20260805
KR7385710009,385710,TIME K이노베이션액티브,타임폴리오자산운용,0.8,10685000000,10685,10652.95,2021-05-25,주식,국내,실물(액티브),배당소득세(보유기간과세),KRX BBIG 지수,한국,기타,일반,20260805
KR7410870000,410870,TIME K컬처액티브,타임폴리오자산운용,0.8,11604000000,9670,9632.66,2021-12-15,주식,국내,실물(액티브),배당소득세(보유기간과세),FnGuide K-컬처 지수,한국,기타,일반,20260805
KR7456600006,456600,TIME 글로벌AI인공지능액티브,타임폴리오자산운용,0.8,2280043000000,60575,60369.77,2023-05-16,주식,해외,실물(액티브),배당소득세(보유기간과세),Solactive Global Artificial Intelligence 지수,글로벌,AI·테크,일반,20260805
KR7485810006,485810,TIME 글로벌바이오액티브,타임폴리오자산운용,0.8,11995500000,10905,10815.34,2024-07-02,주식,해외,실물(액티브),배당소득세(보유기간과세),KEDI 글로벌 불로장생바이오 지수(원화환산),글로벌,바이오·헬스케어,일반,20260805
KR7494180003,494180,TIME 글로벌소비트렌드액티브,타임폴리오자산운용,0.8,12411000000,13790,13801.13,2024-10-29,주식,해외,실물(액티브),배당소득세(보유기간과세),Solactive 뉴에이지컨수머지수,기타,기타,일반,20260805
KR7478150006,478150,TIME 글로벌우주테크&방산액티브,타임폴리오자산운용,0.8,263840500000,21805,21722.08,2024-04-23,주식,해외,실물(액티브),배당소득세(보유기간과세),Solactive Aerospace and Defense USD Index PR,기타,방산·우주,일반,20260805
KR70113D0003,0113D0,TIME 글로벌탑픽액티브,타임폴리오자산운용,0.06,77066000000,12430,12402.63,2025-10-28,주식,해외,실물(액티브),배당소득세(보유기간과세),"Bloomberg World Large, Mid & Small cap PR Index",글로벌,기타,일반,20260805
KR70185L0006,0185L0,TIME 글로벌휴머노이드로봇산업액티브,타임폴리오자산운용,0.8,57198500000,8230,8195.45,2026-05-19,주식,해외,실물(액티브),배당소득세(보유기간과세),Solactive Global AI Humanoid Robotics 지수(원화환산)(PR),글로벌,AI·테크,일반,20260805
KR7426020004,426020,TIME 미국S&P500액티브,타임폴리오자산운용,0.8,401417100000,33285,33204.36,2022-05-11,주식,해외,실물(액티브),배당소득세(보유기간과세),S&P 500,미국,광범위지수,일반,20260805
KR7426030003,426030,TIME 미국나스닥100액티브,타임폴리오자산운용,0.8,2560185200000,48415,47915.65,2022-05-11,주식,해외,실물(액티브),배당소득세(보유기간과세),NASDAQ 100,미국,광범위지수,일반,20260805
KR70019K0009,0019K0,TIME 미국나스닥100채권혼합50액티브,타임폴리오자산운용,0.25,560605500000,13690,13612.24,2025-03-25,혼합자산,국내&해외,실물(액티브),배당소득세(보유기간과세),FnGuide 미국나스닥100 단기채권혼합 지수,미국,채권·금리,혼합,20260805
KR70036D0007,0036D0,TIME 미국배당다우존스액티브,타임폴리오자산운용,0.8,65100000000,13020,13039.95,2025-04-29,주식,해외,실물(액티브),배당소득세(보유기간과세),Dow Jones U.S. Dividend 100 Price Return Index,미국,배당주,일반,20260805
KR70043Y0003,0043Y0,TIME 차이나AI테크액티브,타임폴리오자산운용,0.8,387020000000,20920,20914.08,2025-05-13,주식,해외,실물(액티브),배당소득세(보유기간과세),Solactive China Artificial Intelligence 지수(원화환산)(PR),중국,AI·테크,일반,20260805
KR7495060006,495060,TIME 코리아밸류업액티브,타임폴리오자산운용,0.8,207028000000,28360,28327.98,2024-11-04,주식,국내,실물(액티브),배당소득세(보유기간과세),코리아 밸류업 지수,한국,배당주,일반,20260805
KR70162Y0008,0162Y0,TIME 코스닥액티브,타임폴리오자산운용,0.8,243660250000,7135,7130.72,2026-03-10,주식,국내,실물(액티브),배당소득세(보유기간과세),코스닥,한국,광범위지수,일반,20260805
KR7385720008,385720,TIME 코스피액티브,타임폴리오자산운용,0.8,377146000000,24490,24437.76,2021-05-25,주식,국내,실물(액티브),배당소득세(보유기간과세),코스피,한국,광범위지수,일반,20260805
KR7472720002,472720,TRUSTON 주주가치액티브,트러스톤자산운용,0.785,13288600000,25555,25454.67,2023-12-14,주식,국내,실물(액티브),배당소득세(보유기간과세),코스피 200,한국,광범위지수,일반,20260805
KR7496130006,496130,TRUSTON 코리아밸류업액티브,트러스톤자산운용,0.785,13443300000,24895,24919.38,2024-11-04,주식,국내,실물(액티브),배당소득세(보유기간과세),코리아 밸류업 지수,한국,배당주,일반,20260805
KR7451060008,451060,1Q 200액티브,하나자산운용,0.01,416079000000,33420,33425.6,2023-01-31,주식,국내,실물(액티브),배당소득세(보유기간과세),코스피 200,한국,광범위지수,일반,20260805
KR70184E0006,0184E0,1Q 200채권혼합50액티브,하나자산운용,0.4,27050000000,10820,10763.31,2026-04-21,혼합자산,국내,실물(액티브),배당소득세(보유기간과세),코스피 200 단기국공채 혼합지수,한국,광범위지수,혼합,20260805
KR7491610002,491610,1Q CD금리액티브(합성),하나자산운용,0.02,191777625000,104625,104620.52,2024-09-24,기타,국내,합성(액티브),배당소득세(보유기간과세),KIS 하나 CD금리 총수익지수,한국,채권·금리,일반,20260805
KR70182R0003,0182R0,1Q K반도체TOP2+,하나자산운용,0.2,320456250000,10125,10144.4,2026-04-14,주식,국내,실물(패시브),비과세,NICE K반도체 TOP2 MAX+ 지수,한국,반도체,일반,20260805
KR70182S0002,0182S0,1Q K반도체TOP2채권혼합50,하나자산운용,0.01,223798500000,12130,12105.05,2026-04-14,혼합자산,국내,실물(패시브),배당소득세(보유기간과세),KEDI K반도체TOP2채권혼합 지수,한국,반도체,혼합,20260805
KR70103T0007,0103T0,1Q K소버린AI,하나자산운용,0.49,27466000000,8860,8880.49,2025-09-30,주식,국내,실물(패시브),비과세,iSelect K소버린AI 지수,한국,AI·테크,일반,20260805
KR70198D0001,0198D0,1Q SK하이닉스선물단일종목레버리지,하나자산운용,0.09,29827800000,9080,9129.25,2026-05-27,주식,국내,실물(패시브),배당소득세(보유기간과세),KRX SK하이닉스 선물 지수,한국,개별종목,일반,20260805
KR7463290007,463290,1Q 단기금융채액티브,하나자산운용,0.08,195345920000,109010,109011.16,2023-08-03,채권,국내,실물(액티브),배당소득세(보유기간과세),MK 머니마켓 지수(총수익),한국,기타,일반,20260805
KR70131W0008,0131W0,1Q 단기특수은행채액티브,하나자산운용,0.01,130234590000,101905,101907.38,2025-11-25,채권,국내,실물(액티브),배당소득세(보유기간과세),KIS 단기특수은행채 지수(총수익),한국,금융,일반,20260805
KR7479080004,479080,1Q 머니마켓액티브,하나자산운용,0.05,1073894250000,53625,53621.53,2024-04-02,채권,국내,실물(액티브),배당소득세(보유기간과세),KIS-하나 MMF 지수(총수익),한국,채권·금리,일반,20260805
KR70052S0009,0052S0,1Q 미국S&P500미국채혼합50액티브,하나자산운용,0.15,323595000000,11985,11966.38,2025-06-10,혼합자산,해외,실물(액티브),배당소득세(보유기간과세),S&P 500 and Short-Term Treasury 50/50 Blend Index,미국,채권·금리,인버스,20260805
KR70026S0002,0026S0,1Q 미국S&P500,하나자산운용,0.005,332692000000,13415,13365.9,2025-03-18,주식,해외,실물(패시브),배당소득세(보유기간과세),S&P 500,미국,광범위지수,일반,20260805
KR70111P0001,0111P0,1Q 미국나스닥100미국채혼합50액티브,하나자산운용,0.05,302978000000,11180,11167.01,2025-09-30,혼합자산,해외,실물(액티브),배당소득세(보유기간과세),Nasdaq-100 US T-Bills 0-6 Month 50/50 Index,미국,기타,일반,20260805
KR70069M0006,0069M0,1Q 미국나스닥100,하나자산운용,0.005,194028000000,14060,14034.25,2025-06-24,주식,해외,실물(패시브),배당소득세(보유기간과세),NASDAQ 100,미국,광범위지수,일반,20260805
KR70083S0002,0083S0,1Q 미국메디컬AI,하나자산운용,0.49,28391000000,9790,9655.63,2025-07-22,주식,해외,실물(패시브),배당소득세(보유기간과세),KEDI 미국메디컬AI 지수,미국,AI·테크,일반,20260805
KR70004G0002,0004G0,1Q 미국배당TOP30,하나자산운용,0.1,13587000000,9705,9681.91,2025-01-21,주식,해외,실물(패시브),배당소득세(보유기간과세),Solactive U.S. Dividend TOP 30 Index PR,미국,배당주,일반,20260805
KR70131V0009,0131V0,1Q 미국우주항공테크,하나자산운용,0.49,387137250000,11785,11908.38,2025-11-25,주식,해외,실물(패시브),배당소득세(보유기간과세),Akros 미국우주항공테크 지수,미국,AI·테크,일반,20260805
KR70198B0003,0198B0,1Q 삼성전자선물단일종목레버리지,하나자산운용,0.09,23094500000,10450,10464.66,2026-05-27,주식,국내,실물(패시브),배당소득세(보유기간과세),KRX 삼성전자 선물 지수,한국,개별종목,일반,20260805
KR70094X0002,0094X0,1Q 샤오미밸류체인액티브,하나자산운용,0.49,8095500000,8995,8998.39,2025-09-02,주식,해외,실물(액티브),배당소득세(보유기간과세),Solactive-KEDI Xiaomi Focus China Tech Index,중국,AI·테크,일반,20260805
KR70224X0005,0224X0,1Q 엔비디아알파벳미국채혼합50,하나자산운용,0.45,13972500000,10350,10207.52,2026-07-28,혼합자산,해외,실물(패시브),배당소득세(보유기간과세),KEDI 엔비디아알파벳미국채혼합50 지수,미국,개별종목,혼합,20260805
KR70172V0009,0172V0,1Q 은액티브,하나자산운용,0.3,54582000000,8270,7986.4,2026-03-31,원자재,해외,실물(액티브),배당소득세(보유기간과세),Bloomberg Blended Silver Spot USD index,기타,원자재·금,일반,20260805
KR70017Y0005,0017Y0,1Q 종합채권(AA-이상)액티브,하나자산운용,0.025,83568940000,94535,94255.12,2025-02-25,채권,국내,실물(액티브),배당소득세(보유기간과세),KIS 종합채권형 지수(AA-이상)(총수익),한국,채권·금리,일반,20260805
KR70052T0008,0052T0,1Q 중단기회사채(A-이상)액티브,하나자산운용,0.05,108001740000,50610,50600.26,2025-05-27,채권,국내,실물(액티브),배당소득세(보유기간과세),KEDI 중단기크레딧플러스채권(AAA~A-)지수(총수익),한국,채권·금리,일반,20260805
KR7495330003,495330,1Q 코리아밸류업,하나자산운용,0.02,134375000000,31250,31386.67,2024-11-04,주식,국내,실물(패시브),비과세,코리아 밸류업 지수,한국,배당주,일반,20260805
KR70186S0008,0186S0,1Q 코스닥150채권혼합50액티브,하나자산운용,0.63,34216750000,8245,8210.31,2026-04-28,혼합자산,국내,실물(액티브),배당소득세(보유기간과세),코스닥 150 단기국공채 혼합지수,한국,광범위지수,혼합,20260805
KR7492500004,492500,1Q 현대차그룹채권(A+이상)&국고통안,하나자산운용,0.1,78086210000,51305,51282.83,2024-10-02,채권,국내,실물(패시브),배당소득세(보유기간과세),KIS 하나 현대차그룹채권(A+이상)&국고통안 총수익지수,한국,개별종목,일반,20260805
KR70206G0008,0206G0,1Q 현대차기아채권혼합50,하나자산운용,0.1,22783750000,8285,8283.2,2026-06-09,혼합자산,국내,실물(패시브),배당소득세(보유기간과세),KEDI 현대차&기아채권혼합50지수,한국,개별종목,혼합,20260805
KR7473440006,473440,ACE 11월만기자동연장회사채AA-이상액티브,한국투자신탁운용,0.05,94134000000,10820,10826.42,2023-12-19,채권,국내,실물(액티브),배당소득세(보유기간과세),KIS 11월 만기자동연장회사채(AA-이상) 총수익지수,한국,채권·금리,일반,20260805
KR7332500008,332500,ACE 200TR,한국투자신탁운용,0.01,168516000000,70215,70182.92,2019-08-28,주식,국내,실물(패시브),배당소득세(보유기간과세),코스피 200 TR,한국,광범위지수,일반,20260805
KR7105190003,105190,ACE 200,한국투자신탁운용,0.017,1746736500000,104595,104560.29,2008-09-25,주식,국내,실물(패시브),비과세,코스피 200,한국,광범위지수,일반,20260805
KR7475260006,475260,ACE 2월만기자동연장회사채AA-이상액티브,한국투자신탁운용,0.05,50491200000,10720,10721.02,2024-01-23,채권,국내,실물(액티브),배당소득세(보유기간과세),KAP 2월 만기자동연장회사채(AA-이상) 총수익지수,한국,채권·금리,일반,20260805
KR7385600002,385600,ACE 2차전지&친환경차액티브,한국투자신탁운용,0.29,17085000000,11390,11340.92,2021-05-25,주식,국내,실물(액티브),배당소득세(보유기간과세),FnGuide 친환경 자동차 밸류체인 지수,한국,자동차,일반,20260805
KR7475270005,475270,ACE 5월만기자동연장회사채AA-이상액티브,한국투자신탁운용,0.05,44639850000,10705,10707.97,2024-01-23,채권,국내,실물(액티브),배당소득세(보유기간과세),KIS 5월 만기자동연장회사채(AA-이상) 총수익지수,한국,채권·금리,일반,20260805
KR7475280004,475280,ACE 8월만기자동연장회사채AA-이상액티브,한국투자신탁운용,0.05,103137300000,10710,10712.49,2024-01-23,채권,국내,실물(액티브),배당소득세(보유기간과세),KAP 8월 만기자동연장회사채(AA-이상) 총수익지수,한국,채권·금리,일반,20260805
KR7469150007,469150,ACE AI반도체TOP3+,한국투자신탁운용,0.3,1031700000000,54300,54212.49,2023-10-17,주식,국내,실물(패시브),비과세,FnGuide AI반도체 TOP3+ 지수,한국,반도체,일반,20260805
KR70079X0001,0079X0,ACE BYD밸류체인액티브,한국투자신탁운용,0.45,3780000000,10800,10784.33,2025-07-15,주식,해외,실물(액티브),배당소득세(보유기간과세),Bloomberg BYD Plus Top Supply Chain Select Price Return Index,기타,기타,일반,20260805
KR7385590005,385590,ACE ESG액티브,한국투자신탁운용,0.5,52486000000,22820,22902.55,2021-05-25,주식,국내,실물(액티브),배당소득세(보유기간과세),MSCI Korea Country ESG Leaders Custom Capped Price return Index,한국,광범위지수,일반,20260805
KR7475050001,475050,ACE KPOP포커스,한국투자신탁운용,0.3,102286500000,7030,7032.56,2024-01-30,주식,국내,실물(패시브),비과세,iSelect K-POP 포커스지수(시장가격),한국,게임·엔터,일반,20260805
KR7411060007,411060,ACE KRX금현물,한국투자신탁운용,0.19,3907540000000,26600,26634.61,2021-12-15,원자재,국내,실물(패시브),배당소득세(보유기간과세),KRX 금현물지수,한국,기타,일반,20260805
KR70221Z0006,0221Z0,ACE K바이오코스닥액티브,한국투자신탁운용,0.5,21560000000,10780,10753.33,2026-07-21,주식,국내,실물(액티브),배당소득세(보유기간과세),KRX K-AI 바이오테크 코스닥 지수,한국,AI·테크,일반,20260805
KR70210A0008,0210A0,ACE K반도체TOP2+,한국투자신탁운용,0.39,309497500000,6955,6946.95,2026-06-23,주식,국내,실물(패시브),비과세,KRX K-AI 반도체TOP2+ 지수,한국,반도체,일반,20260805
KR70216Z0003,0216Z0,ACE K방산TOP5+,한국투자신탁운용,0.45,16816500000,9090,9132.62,2026-07-07,주식,국내,실물(패시브),비과세,KRX K-AI 방산TOP5+ 지수,한국,AI·테크,일반,20260805
KR70172Y0006,0172Y0,ACE K수출핵심TOP10산업액티브,한국투자신탁운용,0.5,7556000000,9445,9421.88,2026-03-31,주식,국내,실물(액티브),배당소득세(보유기간과세),iSelect K수출핵심산업 지수 (시장가격),한국,기타,일반,20260805
KR70177X0002,0177X0,ACE K휴머노이드로봇산업TOP2+,한국투자신탁운용,0.45,107460000000,9950,9950.37,2026-04-07,주식,국내,실물(패시브),비과세,Akros K-휴머노이드 로봇 TOP2+ 지수 (시장가격),한국,AI·테크,일반,20260805
KR7291130003,291130,ACE MSCI멕시코(합성),한국투자신탁운용,0.5,16812000000,18680,18999.31,2018-03-09,주식,해외,합성(패시브),배당소득세(보유기간과세),MSCI MEXICO IMI 25/50 Price return Index,기타,광범위지수,일반,20260805
KR7256440009,256440,ACE MSCI인도네시아(합성),한국투자신탁운용,0.7,33550000000,5500,5497.99,2016-11-01,주식,해외,합성(패시브),배당소득세(보유기간과세),MSCI Indonesia Index,기타,광범위지수,일반,20260805
KR7261920003,261920,ACE MSCI필리핀(합성),한국투자신탁운용,0.5,5388000000,13470,13454.14,2016-12-28,주식,해외,합성(패시브),배당소득세(보유기간과세),MSCI Philippines IMI Index,기타,광범위지수,일반,20260805
KR70194T0007,0194T0,ACE SK하이닉스단일종목레버리지,한국투자신탁운용,0.09,72709000000,8840,8823.5,2026-05-27,주식,국내,실물(패시브),배당소득세(보유기간과세),KRX SK하이닉스 지수,한국,개별종목,일반,20260805
KR70199C0001,0199C0,ACE 고배당주Plus커버드콜액티브,한국투자신탁운용,0.4,123873750000,9075,9065.99,2026-06-02,주식,국내,실물(액티브),배당소득세(보유기간과세),KRX-Akros 고배당주 20 위클리 고정 30% 커버드콜 지수,한국,배당주,커버드콜,20260805
KR70139P0009,0139P0,ACE 고배당주,한국투자신탁운용,0.15,49154500000,13285,13280.21,2025-12-16,주식,국내,실물(패시브),비과세,KRX-Akros 고배당주 20 지수,한국,배당주,일반,20260805
KR7225130004,225130,ACE 골드선물 레버리지(합성 H),한국투자신탁운용,0.49,22100000000,44200,44696.5,2015-07-28,원자재,해외,합성(패시브),배당소득세(보유기간과세),S&P GSCI GOLD Index Excess Return,글로벌,원자재·금,일반,20260805
KR7483340006,483340,ACE 구글밸류체인액티브,한국투자신탁운용,0.45,271482500000,24025,23898.72,2024-06-11,주식,해외,실물(액티브),배당소득세(보유기간과세),KEDI 글로벌 AI 클라우드 지수,글로벌,AI·테크,일반,20260805
KR7114460009,114460,ACE 국고채3년,한국투자신탁운용,0.15,15147000000,100980,100973.58,2009-07-31,채권,국내,실물(패시브),배당소득세(보유기간과세),KTB INDEX(시장가격),한국,채권·금리,일반,20260805
KR7365780006,365780,ACE 국고채10년,한국투자신탁운용,0.02,537874790000,83495,83384.26,2020-10-15,채권,국내,실물(패시브),배당소득세(보유기간과세),KIS 10년 국고채 지수 (총수익),한국,채권·금리,일반,20260805
KR7494340003,494340,ACE 글로벌AI맞춤형반도체,한국투자신탁운용,0.45,32122500000,21415,21141.75,2024-10-22,주식,해외,실물(패시브),배당소득세(보유기간과세),Solactive AI Custom Semiconductor Index(PR),기타,반도체,일반,20260805
KR7446770000,446770,ACE 글로벌반도체TOP4 Plus,한국투자신탁운용,0.45,1623805000000,79210,78546.56,2022-11-15,주식,해외,실물(패시브),배당소득세(보유기간과세),Solactive Global Semiconductor TOP4 Plus Price Return Index,글로벌,반도체,일반,20260805
KR7435040001,435040,ACE 글로벌브랜드TOP10,한국투자신탁운용,0.5,13751500000,19645,19617.16,2022-06-28,주식,해외,실물(패시브),배당소득세(보유기간과세),Bloomberg Global Select Industry Leaders TOP10 Index(PR),글로벌,기타,일반,20260805
KR7497510008,497510,ACE 글로벌빅파마,한국투자신탁운용,0.3,8876000000,12680,12717.9,2024-11-19,주식,해외,실물(패시브),배당소득세(보유기간과세),Solactive Global Big Pharma Index (Price Return),글로벌,바이오·헬스케어,일반,20260805
KR7460960008,460960,ACE 글로벌인컴TOP10,한국투자신탁운용,0.24,88931250000,11475,11451.97,2023-07-11,혼합자산,해외,실물(패시브),배당소득세(보유기간과세),Solactive Global Superior Income TOP 10 Price Return Index,글로벌,배당주,일반,20260805
KR7414270009,414270,ACE 글로벌자율주행액티브,한국투자신탁운용,0.29,27577000000,12535,12543.91,2022-02-15,주식,해외,실물(액티브),배당소득세(보유기간과세),FactSet US-China Electric&Autonomous Vehicle Price Return Index,미국,기타,일반,20260805
KR7190620005,190620,ACE 단기통안채,한국투자신탁운용,0.07,288209955000,101805,101809.76,2013-12-23,채권,국내,실물(패시브),배당소득세(보유기간과세),KIS MSB 단기지수(총수익),한국,기타,일반,20260805
KR7440640001,440640,ACE 단기채권알파액티브,한국투자신탁운용,0.15,68810220000,112435,112434.72,2022-08-23,채권,국내,실물(액티브),배당소득세(보유기간과세),KIS 단기채권알파AA-이상 총수익지수,한국,채권·금리,일반,20260805
KR7494330004,494330,ACE 라이프자산주주가치액티브,한국투자신탁운용,0.5,160615250000,31805,31702.71,2024-10-15,주식,국내,실물(액티브),배당소득세(보유기간과세),FnGuide 기업가치 지수(시장가격),한국,기타,일반,20260805
KR7265690008,265690,ACE 러시아MSCI(합성),한국투자신탁운용,0.0,15789750000,8535,48.33,2017-03-21,주식,해외,합성(패시브),배당소득세(보유기간과세),MSCI Russia 25% Capped Price Return Index,기타,광범위지수,일반,20260805
KR7152500005,152500,ACE 레버리지,한국투자신탁운용,0.3,46513500000,42285,42229.45,2012-01-27,주식,국내,실물(패시브),배당소득세(보유기간과세),코스피 200,한국,광범위지수,일반,20260805
KR70153P0000,0153P0,ACE 리츠부동산인프라액티브,한국투자신탁운용,0.06,15040000000,9400,9416.09,2026-01-20,부동산,국내,실물(액티브),배당소득세(분리과세부동산ETF),FnGuide 맥쿼리인프라 배당 리츠 지수 (시장가격),한국,리츠·부동산,일반,20260805
KR7483330007,483330,ACE 마이크로소프트밸류체인액티브,한국투자신탁운용,0.45,18210000000,15175,15190.72,2024-06-11,주식,해외,실물(액티브),배당소득세(보유기간과세),KEDI 글로벌생성형AI 지수,글로벌,AI·테크,일반,20260805
KR7487340002,487340,ACE 머니마켓액티브,한국투자신탁운용,0.05,665713425000,105585,105584.29,2024-07-09,채권,국내,실물(액티브),배당소득세(보유기간과세),MK-KAP 머니마켓 총수익지수,한국,기타,일반,20260805
KR70085P0003,0085P0,ACE 미국10년국채액티브,한국투자신탁운용,0.15,106837500000,10175,10155.98,2025-07-22,채권,해외,실물(액티브),배당소득세(보유기간과세),ICE U.S. Treasury 7-10 Year Bond Index (Total Return),미국,채권·금리,일반,20260805
KR70085N0005,0085N0,ACE 미국10년국채액티브(H),한국투자신탁운용,0.15,36260000000,9800,9785.85,2025-07-22,채권,해외,실물(액티브),배당소득세(보유기간과세),ICE U.S. Treasury 7-10 Year Bond Index (Total Return),미국,채권·금리,일반,20260805
KR7452250004,452250,ACE 미국30년국채선물레버리지(합성 H),한국투자신탁운용,0.25,44331750000,4845,4866.39,2023-02-07,채권,해외,합성(패시브),배당소득세(보유기간과세),S&P Ultra T-Bond Futures Index(ER),기타,채권·금리,일반,20260805
KR7476760004,476760,ACE 미국30년국채액티브,한국투자신탁운용,0.05,298048500000,9285,9257.56,2024-03-12,채권,해외,실물(액티브),배당소득세(보유기간과세),Bloomberg U.S Treasury 20+ Year Total Return Index,미국,채권·금리,일반,20260805
KR7453850000,453850,ACE 미국30년국채액티브(H),한국투자신탁운용,0.05,1538544000000,7230,7208.82,2023-03-14,채권,해외,실물(액티브),배당소득세(보유기간과세),Bloomberg U.S Treasury 20+ Year Total Return Index,미국,채권·금리,일반,20260805
KR7476750005,476750,ACE 미국30년국채엔화노출액티브(H),한국투자신탁운용,0.15,63301500000,7815,7782.65,2024-03-12,채권,해외,실물(액티브),배당소득세(보유기간과세),Bloomberg U.S. Treasury 20+ Year Total Return Index T1530 JPY Currency Hedged,미국,채권·금리,일반,20260805
KR7480030006,480030,ACE 미국500데일리타겟커버드콜(합성),한국투자신탁운용,0.45,159828000000,10515,10483.72,2024-04-23,주식,해외,합성(패시브),배당소득세(보유기간과세),Bloomberg US 500 Large Cap Premium Decrement 15% Distribution Index,미국,기타,커버드콜,20260805
KR70118Z0002,0118Z0,ACE 미국AI테크핵심산업액티브,한국투자신탁운용,0.45,55998000000,9180,9069.74,2025-10-28,주식,해외,실물(액티브),배당소득세(보유기간과세),Akros U.S. AI Innovator Price Return Index,미국,AI·테크,일반,20260805
KR7280320003,280320,ACE 미국IT인터넷(합성 H),한국투자신탁운용,0.5,17200000000,21500,21677.51,2017-10-17,주식,해외,합성(패시브),배당소득세(보유기간과세),다우존스 인터넷 종합지수,미국,AI·테크,일반,20260805
KR7438080004,438080,ACE 미국S&P500미국채혼합50액티브,한국투자신탁운용,0.15,1239907000000,14570,14540.1,2022-08-26,혼합자산,해외,실물(액티브),배당소득세(보유기간과세),S&P 500 and Short-Term Treasury 50/50 Blend Index,미국,채권·금리,인버스,20260805
KR7360200000,360200,ACE 미국S&P500,한국투자신탁운용,0.004,4082980000000,27700,27617.54,2020-08-07,주식,해외,실물(패시브),배당소득세(보유기간과세),S&P 500,미국,광범위지수,일반,20260805
KR70155M0001,0155M0,ACE 미국SMR원자력TOP10,한국투자신탁운용,0.45,30647750000,7385,7329.95,2026-02-03,주식,해외,실물(패시브),배당소득세(보유기간과세),Solactive US SMR Nuclear TOP 10 Index (Price Return),미국,에너지·원자력,일반,20260805
KR7309230001,309230,ACE 미국WideMoat동일가중,한국투자신탁운용,0.4,119114400000,32020,31919.08,2018-10-25,주식,해외,실물(패시브),배당소득세(보유기간과세),MorningStar Wide Moat Focus Index,기타,기타,일반,20260805
KR7438100000,438100,ACE 미국나스닥100미국채혼합50액티브,한국투자신탁운용,0.15,934864500000,15765,15739.66,2022-08-26,혼합자산,해외,실물(액티브),배당소득세(보유기간과세),NASDAQ-100 US T-Bills 50/50 Index,미국,기타,일반,20260805
KR7367380003,367380,ACE 미국나스닥100,한국투자신탁운용,0.006,3549770000000,32300,32238.21,2020-10-29,주식,해외,실물(패시브),배당소득세(보유기간과세),NASDAQ 100,미국,광범위지수,일반,20260805
KR7456880004,456880,ACE 미국달러SOFR금리(합성),한국투자신탁운용,0.05,344336300000,12485,12494.31,2023-04-25,기타,해외,합성(패시브),배당소득세(보유기간과세),Solactive SOFR Daily Total Return Index,미국,채권·금리,일반,20260805
KR7440650000,440650,ACE 미국달러단기채권액티브,한국투자신탁운용,0.3,42930000000,11925,11922.52,2022-08-23,채권,해외,실물(액티브),배당소득세(보유기간과세),Bloomberg Short-Term Treasury Total Return Index,미국,채권·금리,인버스,20260805
KR70127M0006,0127M0,ACE 미국대형가치주액티브,한국투자신탁운용,0.3,155023750000,12655,12585.21,2025-11-11,주식,해외,실물(액티브),배당소득세(보유기간과세),CRSP US Large Cap Value Index(PR),미국,기타,일반,20260805
KR70127P0003,0127P0,ACE 미국대형성장주액티브,한국투자신탁운용,0.3,697717000000,11005,10997.89,2025-11-11,주식,해외,실물(액티브),배당소득세(보유기간과세),CRSP US Large Cap Growth Index(PR),미국,광범위지수,일반,20260805
KR7480040005,480040,ACE 미국반도체데일리타겟커버드콜(합성),한국투자신탁운용,0.45,187902000000,16060,15893.77,2024-04-23,주식,해외,합성(패시브),배당소득세(보유기간과세),Bloomberg US Listed Semiconductor Premium Decrement 15% Distribution Index,미국,반도체,커버드콜,20260805
KR7402970008,402970,ACE 미국배당다우존스,한국투자신탁운용,0.01,952243500000,15585,15550.38,2021-10-21,주식,해외,실물(패시브),배당소득세(보유기간과세),Dow Jones U.S. Dividend 100 Price Return Index,미국,배당주,일반,20260805
KR70049M0001,0049M0,ACE 미국배당퀄리티+커버드콜액티브,한국투자신탁운용,0.15,80212500000,11625,11627.18,2025-05-13,주식,해외,실물(액티브),배당소득세(보유기간과세),Bloomberg WisdomTree U.S. Quality Dividend & B500 Premium Decrement 50:50 Index,미국,배당주,커버드콜,20260805
KR70046Y0000,0046Y0,ACE 미국배당퀄리티,한국투자신탁운용,0.15,55526250000,13065,13004.03,2025-05-13,주식,해외,실물(패시브),배당소득세(보유기간과세),WisdomTree U.S. Quality Dividend Growth Index (Price Return),미국,배당주,일반,20260805
KR70049K0003,0049K0,ACE 미국배당퀄리티채권혼합50,한국투자신탁운용,0.15,25593750000,11375,11314.1,2025-05-13,혼합자산,국내&해외,실물(패시브),배당소득세(보유기간과세),Bloomberg WisdomTree U.S. Quality Dividend & Short Term KRW Bonds 50:50 TR Index,미국,채권·금리,인버스,20260805
KR7181480005,181480,ACE 미국부동산리츠(합성 H),한국투자신탁운용,0.3,10429200000,86910,86478.17,2013-08-01,부동산,해외,합성(패시브),배당소득세(분리과세부동산ETF),Dow Jones U.S. Real Estate Index,미국,리츠·부동산,일반,20260805
KR7480020007,480020,ACE 미국빅테크7+데일리타겟커버드콜(합성),한국투자신탁운용,0.45,164140000000,11320,11185.87,2024-04-23,주식,해외,합성(패시브),배당소득세(보유기간과세),Bloomberg US Big Tech Top 7 Plus Premium Decrement 15% Distribution Index,미국,AI·테크,커버드콜,20260805
KR7465610004,465610,ACE 미국빅테크TOP7 Plus레버리지(합성),한국투자신탁운용,0.6,110784000000,46160,45555.45,2023-09-12,주식,해외,합성(패시브),배당소득세(보유기간과세),Solactive US Big Tech Top 7 Plus Price Return Index,미국,AI·테크,일반,20260805
KR7465620003,465620,ACE 미국빅테크TOP7 Plus인버스(합성),한국투자신탁운용,0.6,1563750000,6255,6290.04,2023-09-12,주식,해외,합성(패시브),배당소득세(보유기간과세),Solactive US Big Tech Top 7 Plus Price Return Index,미국,AI·테크,일반,20260805
KR7465580009,465580,ACE 미국빅테크TOP7 Plus,한국투자신탁운용,0.3,1043901000000,25215,25090.73,2023-09-12,주식,해외,실물(패시브),배당소득세(보유기간과세),Solactive US Big Tech Top 7 Plus Price Return Index,미국,AI·테크,일반,20260805
KR70180V0009,0180V0,ACE 미국우주테크액티브,한국투자신탁운용,0.8,156560000000,8240,8344.72,2026-04-14,주식,해외,실물(액티브),배당소득세(보유기간과세),FnGuide 미국스페이스테크 지수(시장가격),미국,AI·테크,일반,20260805
KR7473590008,473590,ACE 미국주식베스트셀러,한국투자신탁운용,0.3,42052500000,18690,18796.23,2023-12-27,주식,해외,실물(패시브),배당소득세(보유기간과세),FnGuide 미국 주식 베스트셀러 지수(시장가격지수),미국,기타,일반,20260805
KR70008E0000,0008E0,ACE 미국중심중소형제조업,한국투자신탁운용,0.45,12915250000,13595,13622.7,2025-01-21,주식,해외,실물(패시브),배당소득세(보유기간과세),NYSE FactSet US Focus Manufacturing Index(Price Return),미국,기타,일반,20260805
KR7391600004,391600,ACE 미국친환경그린테마,한국투자신탁운용,0.7,5206500000,11570,11487.29,2021-08-05,주식,해외,실물(패시브),배당소득세(보유기간과세),Indxx US Green Infrastructure Price return Index,미국,기타,일반,20260805
KR7455660001,455660,ACE 미국하이일드액티브(H),한국투자신탁운용,0.24,62502000000,9470,9463.22,2023-04-18,채권,해외,실물(액티브),배당소득세(보유기간과세),iBoxx USD Liquid High Yield Total Return Index,기타,기타,일반,20260805
KR7245710009,245710,ACE 베트남VN30(합성),한국투자신탁운용,0.7,285670000000,29150,29329.86,2016-07-01,주식,해외,합성(패시브),배당소득세(보유기간과세),VN30 Index(PR),베트남,기타,일반,20260805
KR7131890006,131890,ACE 삼성그룹동일가중,한국투자신탁운용,0.15,15772000000,39430,39659.52,2010-09-17,주식,국내,실물(패시브),비과세,MKF SAMs EW 지수,한국,기타,일반,20260805
KR7108450008,108450,ACE 삼성그룹섹터가중,한국투자신탁운용,0.15,83534000000,37970,38050.61,2009-02-03,주식,국내,실물(패시브),비과세,MKF SAMs SW,한국,기타,일반,20260805
KR70194M0004,0194M0,ACE 삼성전자단일종목레버리지,한국투자신탁운용,0.09,53059875000,10155,10156.62,2026-05-27,주식,국내,실물(패시브),배당소득세(보유기간과세),KRX 삼성전자 지수,한국,개별종목,일반,20260805
KR7226380004,226380,ACE Fn성장소비주도주,한국투자신탁운용,0.5,4042500000,5775,5747.23,2015-08-19,주식,국내,실물(패시브),비과세,FnGuide 성장소비주도 지수,한국,소비재,일반,20260805
KR7316300003,316300,ACE 싱가포르리츠,한국투자신탁운용,0.4,6812500000,13625,13713.13,2019-01-29,부동산,해외,실물(패시브),배당소득세(분리과세부동산ETF),Morningstar Singapore REIT Yield Focus Index(PR),기타,리츠·부동산,일반,20260805
KR7277540001,277540,ACE 아시아TOP50,한국투자신탁운용,0.7,25976000000,32470,32388.76,2017-08-23,주식,국내&해외,실물(패시브),배당소득세(보유기간과세),S&P ASIA50 Price Return Index,국내+해외,기타,일반,20260805
KR7483320008,483320,ACE 엔비디아밸류체인액티브,한국투자신탁운용,0.45,298186000000,25270,24956.9,2024-06-11,주식,해외,실물(액티브),배당소득세(보유기간과세),KEDI 글로벌AI반도체 지수,글로벌,반도체,일반,20260805
KR7448540005,448540,ACE 엔비디아채권혼합,한국투자신탁운용,0.07,231594000000,26620,26389.37,2022-11-29,혼합자산,국내&해외,실물(패시브),배당소득세(보유기간과세),Bloomberg Blended NVIDIA Equity and Korean Bond Index,미국,개별종목,일반,20260805
KR70099L0001,0099L0,ACE 우량회사채(AA-이상)액티브,한국투자신탁운용,0.095,164265135000,99615,99695.82,2025-09-09,채권,국내,실물(액티브),배당소득세(보유기간과세),KIS 1~3년 우량크레딧(AA-이상) 총수익지수,한국,채권·금리,일반,20260805
KR7433500006,433500,ACE 원자력TOP10,한국투자신탁운용,0.3,216029000000,52690,52695.07,2022-06-28,주식,국내,실물(패시브),비과세,DeepSearch 원자력 TOP 10지수,한국,에너지·원자력,일반,20260805
KR70102X0002,0102X0,ACE 유럽방산TOP10,한국투자신탁운용,0.35,6496750000,9995,10045.91,2025-09-23,주식,해외,실물(패시브),배당소득세(보유기간과세),NYSE FactSet Europe Defense TOP10 Index (Price Return),미국,방산·우주,일반,20260805
KR7487920001,487920,ACE 인도시장대표BIG5그룹액티브,한국투자신탁운용,0.45,8530000000,8530,8526.0,2024-09-10,주식,해외,실물(액티브),배당소득세(보유기간과세),Indxx India Big 5 Conglomerates Index (Price Return),인도,기타,일반,20260805
KR7487910002,487910,ACE 인도컨슈머파워액티브,한국투자신탁운용,0.45,10794000000,8995,8993.76,2024-09-10,주식,해외,실물(액티브),배당소득세(보유기간과세),Indxx India Super Consumption Index (Price Return),인도,기타,일반,20260805
KR7145670006,145670,ACE 인버스,한국투자신탁운용,0.15,3132600000,1362,1365.37,2011-09-08,주식,국내,실물(패시브),배당소득세(보유기간과세),코스피 200 선물지수,한국,광범위지수,일반,20260805
KR7497520007,497520,ACE 일라이릴리밸류체인,한국투자신탁운용,0.45,8294000000,12760,12784.93,2024-11-19,주식,해외,실물(패시브),배당소득세(보유기간과세),Solactive Eli Lilly Value Chain Index(PR),기타,기타,일반,20260805
KR7196030001,196030,ACE 일본TOPIX레버리지(H),한국투자신탁운용,0.5,43912500000,87825,87874.27,2014-06-16,주식,해외,실물(패시브),배당소득세(보유기간과세),TOPIX,일본,광범위지수,일반,20260805
KR7238720007,238720,ACE 일본Nikkei225(H),한국투자신탁운용,0.3,43519500000,48355,48293.44,2016-03-03,주식,해외,실물(패시브),배당소득세(해외주식투자전용ETF),Nikkei 225,일본,기타,일반,20260805
KR7469160006,469160,ACE 일본반도체,한국투자신탁운용,0.45,24898500000,27665,27600.85,2023-10-17,주식,해외,실물(패시브),배당소득세(보유기간과세),Bloomberg Japan Semiconductor Select Top 25 Index(Price Return),일본,반도체,일반,20260805
KR7205720006,205720,ACE 일본TOPIX인버스(합성 H),한국투자신탁운용,0.5,4419000000,1473,1477.78,2014-09-29,주식,해외,합성(패시브),배당소득세(보유기간과세),TOPIX,일본,광범위지수,일반,20260805
KR7356540005,356540,ACE 종합채권(AA-이상)액티브,한국투자신탁운용,0.02,1020976140000,101620,101572.06,2020-07-21,채권,국내,실물(액티브),배당소득세(보유기간과세),KIS 종합채권 AA-이상 총수익 지수(Total return Index),한국,채권·금리,일반,20260805
KR7447430000,447430,ACE 주주환원가치주액티브,한국투자신탁운용,0.7,47450750000,16085,16009.93,2022-11-15,주식,국내,실물(액티브),배당소득세(보유기간과세),FnGuide 올라운드 가치주 지수,한국,기타,일반,20260805
KR7416090009,416090,ACE 중국과창판STAR50,한국투자신탁운용,0.5,20400000000,13600,13557.03,2022-01-13,주식,해외,실물(패시브),배당소득세(보유기간과세),STAR 50 Index(Price Return),기타,기타,일반,20260805
KR7168580009,168580,ACE 중국본토CSI300,한국투자신탁운용,0.7,112054800000,35915,35950.22,2012-11-29,주식,해외,실물(패시브),배당소득세(해외주식투자전용ETF),CSI 300 Index,중국,광범위지수,일반,20260805
KR7219900008,219900,ACE 중국본토CSI300레버리지(합성),한국투자신탁운용,0.5,6342000000,4530,4616.19,2015-05-28,주식,해외,합성(패시브),배당소득세(보유기간과세),CSI 300 Index,중국,광범위지수,일반,20260805
KR7272910001,272910,ACE 중장기국공채액티브,한국투자신탁운용,0.08,75192530000,106505,106433.25,2017-06-29,채권,국내,실물(액티브),배당소득세(보유기간과세),KIS 종합채권국공채1-10Y지수,한국,채권·금리,일반,20260805
KR70087F0003,0087F0,ACE 차이나AI빅테크TOP2+액티브,한국투자신탁운용,0.45,6585000000,13170,13222.86,2025-07-29,주식,해외,실물(액티브),배당소득세(보유기간과세),Solactive China AI Big Tech TOP2+ Index (Price Return),중국,AI·테크,일반,20260805
KR7371870007,371870,ACE 차이나항셍테크,한국투자신탁운용,0.25,12024000000,7515,7518.7,2020-12-16,주식,해외,실물(패시브),배당소득세(보유기간과세),Hang Seng TECH Index,중국,AI·테크,일반,20260805
KR70209Z0002,0209Z0,ACE 코리아AI전력TOP10,한국투자신탁운용,0.39,35070750000,7085,7075.09,2026-06-23,주식,국내,실물(패시브),비과세,Akros 코리아 AI전력 TOP 10 지수 (시장가격),한국,AI·테크,일반,20260805
KR7380340000,380340,ACE 코리아AI테크핵심산업,한국투자신탁운용,0.35,33678000000,28065,27928.3,2021-04-02,주식,국내,실물(패시브),비과세,FnGuide 코리아AI테크핵심산업지수 (Price Return),한국,AI·테크,일반,20260805
KR7496120007,496120,ACE 코리아밸류업,한국투자신탁운용,0.09,24622500000,32830,32767.73,2024-11-04,주식,국내,실물(패시브),비과세,코리아 밸류업 지수,한국,배당주,일반,20260805
KR7354500001,354500,ACE 코스닥150,한국투자신탁운용,0.02,141648000000,13620,13665.16,2020-05-07,주식,국내,실물(패시브),비과세,코스닥 150,한국,광범위지수,일반,20260805
KR7305050007,305050,ACE 코스피,한국투자신탁운용,0.02,41274000000,68790,68506.58,2018-10-05,주식,국내,실물(패시브),비과세,코스피,한국,광범위지수,일반,20260805
KR7457480002,457480,ACE 테슬라밸류체인액티브,한국투자신탁운용,0.29,750280500000,18255,18160.06,2023-05-16,주식,해외,실물(액티브),배당소득세(보유기간과세),Bloomberg EV Supporters Plus Tesla Price Return Index,미국,개별종목,일반,20260805
KR7469170005,469170,ACE 포스코그룹포커스,한국투자신탁운용,0.3,110191000000,5455,5446.6,2023-10-17,주식,국내,실물(패시브),비과세,FnGuide 포스코그룹포커스 지수(시장가격),한국,기타,일반,20260805
KR7491220000,491220,PLUS 200TR,한화자산운용,0.01,55820250000,124045,123918.54,2024-09-10,주식,국내,실물(패시브),배당소득세(보유기간과세),코스피 200 TR,한국,광범위지수,일반,20260805
KR7152100004,152100,PLUS 200,한화자산운용,0.017,1409733500000,105995,105920.78,2012-01-10,주식,국내,실물(패시브),비과세,코스피 200,한국,광범위지수,일반,20260805
KR7253150007,253150,PLUS 200선물레버리지,한화자산운용,0.06,47710000000,190840,191346.43,2016-09-29,주식,국내,실물(패시브),배당소득세(보유기간과세),코스피 200 선물지수,한국,광범위지수,일반,20260805
KR7253160006,253160,PLUS 200선물인버스2X,한화자산운용,0.06,1221300000,177,176.32,2016-09-22,주식,국내,실물(패시브),배당소득세(보유기간과세),코스피 200 선물지수,한국,광범위지수,일반,20260805
KR70203D0004,0203D0,PLUS 200위클리커버드콜채권혼합,한화자산운용,0.39,9718500000,8835,8838.0,2026-06-02,혼합자산,국내,실물(패시브),배당소득세(보유기간과세),코스피 200 KTB 혼합 위클리 고정 10% 커버드콜 지수,한국,채권·금리,커버드콜,20260805
KR70210E0004,0210E0,PLUS 200커버드콜액티브,한화자산운용,0.491,53502000000,7230,7203.44,2026-06-23,주식,국내,실물(액티브),배당소득세(보유기간과세),코스피 200 위클리 고정 30% 커버드콜 지수,한국,광범위지수,커버드콜,20260805
KR7395750003,395750,PLUS ESG가치주액티브,한화자산운용,0.105,7994000000,19985,19898.07,2021-07-30,주식,국내,실물(액티브),배당소득세(보유기간과세),FnGuide 한화 ESG 가치 지수,한국,광범위지수,일반,20260805
KR7395760002,395760,PLUS ESG성장주액티브,한화자산운용,0.105,12327000000,20545,20459.45,2021-07-30,주식,국내,실물(액티브),배당소득세(보유기간과세),FnGuide 한화 ESG 성장 지수,한국,광범위지수,일반,20260805
KR7453010001,453010,PLUS KOFR금리,한화자산운용,0.05,14689750000,109625,109633.8,2023-03-14,기타,국내,실물(패시브),배당소득세(보유기간과세),KOFR 지수,한국,채권·금리,일반,20260805
KR7227830007,227830,PLUS 코스피,한화자산운용,0.2,17080000000,68320,68230.58,2015-09-23,주식,국내,실물(패시브),비과세,코스피,한국,광범위지수,일반,20260805
KR7122090004,122090,PLUS 코스피50,한화자산운용,0.33,182628600000,79060,78734.65,2010-01-07,주식,국내,실물(패시브),비과세,코스피 50,한국,광범위지수,일반,20260805
KR7429740004,429740,PLUS K리츠,한화자산운용,0.25,6638500000,6035,6077.05,2022-05-24,부동산,국내,실물(패시브),비과세(분리과세부동산ETF),FnGuide 리츠 지수,한국,리츠·부동산,일반,20260805
KR70104G0001,0104G0,PLUS K방산레버리지,한화자산운용,0.5,17352750000,6805,6773.06,2025-09-30,주식,국내,실물(패시브),배당소득세(보유기간과세),FnGuide K-방위산업 지수,한국,방산·우주,일반,20260805
KR70090B0002,0090B0,PLUS K방산소부장,한화자산운용,0.45,15598000000,7090,7099.52,2025-08-26,주식,국내,실물(패시브),비과세,Akros K방산소부장 지수(PR),한국,방산·우주,일반,20260805
KR7449450006,449450,PLUS K방산,한화자산운용,0.45,1100835350000,55795,55737.04,2023-01-05,주식,국내,실물(패시브),비과세,FnGuide K-방위산업 지수,한국,방산·우주,일반,20260805
KR70166S0002,0166S0,PLUS K제조업핵심기업액티브,한화자산운용,0.63,57132000000,10580,10559.21,2026-03-24,주식,국내,실물(액티브),배당소득세(보유기간과세),Akros K제조업 50 지수,한국,기타,일반,20260805
KR7269540001,269540,PLUS 미국S&P500(H),한화자산운용,0.3,91575000000,30525,30410.33,2017-05-16,주식,해외,실물(패시브),배당소득세(해외주식투자전용ETF),S&P 500,미국,광범위지수,일반,20260805
KR7269530002,269530,PLUS S&P글로벌인프라,한화자산운용,0.3,12477000000,20795,20960.8,2017-05-16,주식,해외,실물(패시브),배당소득세(해외주식투자전용ETF),S&P Global Infrastructure Index,글로벌,기타,일반,20260805
KR70226A0000,0226A0,PLUS SK하이닉스샌디스크채권혼합50,한화자산운용,0.25,52975000000,10595,10550.99,2026-08-04,혼합자산,국내&해외,실물(패시브),배당소득세(보유기간과세),Akros SK하이닉스 샌디스크 채권혼합 50 지수,국내+해외,개별종목,혼합,20260805
KR7251590006,251590,PLUS 고배당저변동50,한화자산운용,0.23,11805500000,16865,16867.12,2016-08-11,주식,국내,실물(패시브),비과세,FnGuide 고배당저변동50 지수,한국,배당주,일반,20260805
KR7161510003,161510,PLUS 고배당주,한화자산운용,0.23,2342114250000,24745,24757.21,2012-08-29,주식,국내,실물(패시브),비과세,FnGuide 배당주 지수,한국,배당주,일반,20260805
KR70018C0000,0018C0,PLUS 고배당주위클리고정커버드콜,한화자산운용,0.3,74305000000,10615,10558.99,2025-03-05,주식,국내,실물(패시브),배당소득세(보유기간과세),코스피 고배당 위클리 고정 커버드콜 지수,한국,배당주,커버드콜,20260805
KR7489030007,489030,PLUS 고배당주위클리커버드콜,한화자산운용,0.3,282130000000,6340,6317.69,2024-08-13,주식,국내,실물(패시브),배당소득세(보유기간과세),코스피 고배당 위클리 콜매도 ATM 지수,한국,배당주,일반,20260805
KR7251600003,251600,PLUS 고배당주채권혼합,한화자산운용,0.2,591545000000,15325,15334.92,2016-08-11,혼합자산,국내,실물(패시브),배당소득세(보유기간과세),FnGuide 고배당 채권혼합 지수,한국,채권·금리,혼합,20260805
KR7461460008,461460,PLUS 국고채10년액티브,한화자산운용,0.045,84319670000,51985,52000.32,2023-07-18,채권,국내,실물(액티브),배당소득세(보유기간과세),KAP 국고채 10년 동일가중 지수(총수익),한국,채권·금리,일반,20260805
KR7451600001,451600,PLUS 국고채30년액티브,한화자산운용,0.05,11649795000,85035,85066.79,2023-02-07,채권,국내,실물(액티브),배당소득세(보유기간과세),KAP 국고채 30년 지수(총수익),한국,채권·금리,일반,20260805
KR7491230009,491230,PLUS 국공채머니마켓액티브,한화자산운용,0.05,111716800000,52400,52385.27,2024-09-10,채권,국내,실물(액티브),배당소득세(보유기간과세),KAP 국공채 MMF 지수(총수익),한국,채권·금리,일반,20260805
KR7289670002,289670,PLUS 국채선물10년,한화자산운용,0.05,5897360000,52655,52619.2,2018-02-07,채권,국내,실물(패시브),배당소득세(보유기간과세),10년국채선물지수,한국,채권·금리,일반,20260805
KR7298340001,298340,PLUS 국채선물3년,한화자산운용,0.1,55073520000,56660,56600.28,2018-06-08,채권,국내,실물(패시브),배당소득세(보유기간과세),국채선물지수,한국,채권·금리,일반,20260805
KR7489010009,489010,PLUS 글로벌AI인프라,한화자산운용,0.45,3184500000,21230,21082.19,2024-08-13,주식,해외,실물(패시브),배당소득세(보유기간과세),Solactive Global AI Infrastructure Index (PR),글로벌,AI·테크,일반,20260805
KR7442580007,442580,PLUS 글로벌HBM반도체,한화자산운용,0.5,1724754900000,99870,99220.25,2022-09-22,주식,해외,실물(패시브),배당소득세(보유기간과세),iSelect 글로벌HBM반도체 지수,글로벌,반도체,일반,20260805
KR7496770009,496770,PLUS 글로벌방산,한화자산운용,0.45,33468750000,19125,19155.78,2024-11-12,주식,해외,실물(패시브),배당소득세(보유기간과세),Solactive Global Defense Index(PR),글로벌,방산·우주,일반,20260805
KR7419650007,419650,PLUS 글로벌수소&차세대연료전지,한화자산운용,0.5,17886000000,5420,5420.48,2022-02-15,주식,해외,실물(패시브),배당소득세(보유기간과세),BlueStar Hydrogen and NextGen Fuel Cell Index (시장가격),기타,에너지·원자력,일반,20260805
KR70007G0009,0007G0,PLUS 글로벌원자력밸류체인,한화자산운용,0.39,42806750000,14035,14007.59,2025-01-14,주식,해외,실물(패시브),배당소득세(보유기간과세),Solactive Global Nuclear Energy Value Chain Index(PR),글로벌,에너지·원자력,일반,20260805
KR70166T0001,0166T0,PLUS 글로벌저작권핵심기업액티브,한화자산운용,0.45,7920000000,9900,9897.94,2026-03-31,주식,해외,실물(액티브),배당소득세(보유기간과세),iSelect 미국AI지적재산 지수(PR),미국,AI·테크,일반,20260805
KR70035T0000,0035T0,PLUS 글로벌휴머노이드로봇액티브,한화자산운용,0.45,99982750000,20615,20607.15,2025-04-15,주식,국내&해외,실물(액티브),배당소득세(보유기간과세),iSelect 글로벌휴머노이드로봇 (PR),글로벌,AI·테크,일반,20260805
KR7415920008,415920,PLUS 글로벌희토류&전략자원생산기업,한화자산운용,0.5,33605000000,7150,7095.81,2022-01-18,주식,해외,실물(패시브),배당소득세(보유기간과세),MVIS Global Rare Earth/Strategic Metals Index (Price Return),글로벌,기타,일반,20260805
KR70138Y0009,0138Y0,PLUS 금채권혼합,한화자산운용,0.15,97450000000,9745,9635.99,2025-12-16,혼합자산,국내&해외,실물(패시브),배당소득세(보유기간과세),Akros 미국 금현물 ETF 채권혼합 지수,미국,채권·금리,혼합,20260805
KR7278620000,278620,PLUS 단기채권액티브,한화자산운용,0.07,65091440000,118780,118791.03,2017-09-26,채권,국내,실물(액티브),배당소득세(보유기간과세),"KAP 투자적격 크레딧 채권 1년 지수(A- 이상,총수익)",한국,채권·금리,일반,20260805
KR7477050009,477050,PLUS 머니마켓액티브,한화자산운용,0.05,421769250000,53375,53381.28,2024-03-26,채권,국내,실물(액티브),배당소득세(보유기간과세),KAP 시가평가 MMF 지수(총수익),한국,채권·금리,일반,20260805
KR70050E0007,0050E0,PLUS 미국AI에이전트,한화자산운용,0.45,4625500000,8410,8380.38,2025-05-20,주식,해외,실물(패시브),배당소득세(보유기간과세),Solactive US AI Agents Index(PR),미국,AI·테크,일반,20260805
KR7429760002,429760,PLUS 미국S&P500,한화자산운용,0.07,42850500000,20405,20340.98,2022-05-31,주식,해외,실물(패시브),배당소득세(보유기간과세),S&P 500,미국,광범위지수,일반,20260805
KR70057H0007,0057H0,PLUS 미국S&P500미국채혼합50액티브,한화자산운용,0.15,82110000000,12075,12057.4,2025-06-10,혼합자산,해외,실물(액티브),배당소득세(보유기간과세),S&P 500 and U.S. Treasury Bill 0-3 Month 50/50 Blend Index (USD),미국,채권·금리,일반,20260805
KR7494410004,494410,PLUS 미국S&P500성장주,한화자산운용,0.006,32879000000,14945,14897.1,2024-10-22,주식,해외,실물(패시브),배당소득세(보유기간과세),S&P 500 Growth Index(PR),미국,광범위지수,일반,20260805
KR70153X0000,0153X0,PLUS 미국고배당주액티브,한화자산운용,0.23,21726500000,11435,11411.96,2026-01-27,주식,해외,실물(액티브),배당소득세(보유기간과세),Akros 미국 고배당주 20 지수,미국,배당주,일반,20260805
KR70089B0005,0089B0,PLUS 미국나스닥100미국채혼합50,한화자산운용,0.15,32522000000,11615,11606.73,2025-08-19,혼합자산,해외,실물(패시브),배당소득세(보유기간과세),Nasdaq-100 US T-Bills 1-3 Month 50/50 Index (USD),미국,기타,일반,20260805
KR7287180004,287180,PLUS 미국나스닥테크,한화자산운용,0.5,49419000000,58140,57733.07,2017-12-13,주식,해외,실물(패시브),배당소득세(해외주식투자전용ETF),NASDAQ 100 Technology Sector Index,미국,AI·테크,일반,20260805
KR7332610005,332610,PLUS 미국단기회사채(AAA~A),한화자산운용,0.315,12444960000,129635,129679.75,2019-08-20,채권,해외,실물(패시브),배당소득세(보유기간과세),ICE BofaAML 1-3 Year AAA-A US Corporate Index(총수익지수),미국,채권·금리,일반,20260805
KR7456200005,456200,PLUS 미국달러SOFR금리액티브(합성),한화자산운용,0.09,6756200000,61420,61608.96,2023-05-09,기타,해외,합성(액티브),배당소득세(보유기간과세),Solactive SOFR Daily Total Return Index,미국,채권·금리,일반,20260805
KR70078V0004,0078V0,PLUS 미국로보택시,한화자산운용,0.49,5065000000,10130,10135.43,2025-07-22,주식,해외,실물(패시브),배당소득세(보유기간과세),KEDI 미국로보택시 지수(PR),미국,기타,일반,20260805
KR7494420003,494420,PLUS 미국배당증가성장주데일리커버드콜,한화자산운용,0.39,16558000000,9740,9699.82,2024-10-22,주식,해외,실물(패시브),배당소득세(보유기간과세),Bloomberg U.S. Dividend Growth Partial Covered Call Index,미국,배당주,커버드콜,20260805
KR70023B0004,0023B0,PLUS 미국양자컴퓨팅TOP10,한화자산운용,0.45,34610000000,17305,17153.91,2025-03-11,주식,해외,실물(패시브),배당소득세(보유기간과세),iSelect 미국양자컴퓨팅 TOP10 (PR),미국,AI·테크,일반,20260805
KR7332620004,332620,PLUS 미국장기우량회사채,한화자산운용,0.315,17265710000,92330,92350.21,2019-08-20,채권,해외,실물(패시브),배당소득세(보유기간과세),ICE BofaAML 15+ Year AAA-A US Corporate Index(총수익지수),미국,채권·금리,일반,20260805
KR7464470004,464470,PLUS 미국채30년액티브,한화자산운용,0.15,41121720000,49905,49860.91,2023-08-22,채권,해외,실물(액티브),배당소득세(보유기간과세),ICE U.S. Treasury 20+ Year Bond Index(Total Return),미국,채권·금리,일반,20260805
KR7461900003,461900,PLUS 미국테크TOP10,한화자산운용,0.01,18592000000,23240,23147.8,2023-07-18,주식,해외,실물(패시브),배당소득세(보유기간과세),iSelect 미국 Tech 10 지수,미국,AI·테크,일반,20260805
KR70193K0007,0193K0,PLUS 삼성전자단일종목레버리지,한화자산운용,0.09,16747500000,11165,11106.88,2026-05-27,주식,국내,실물(패시브),배당소득세(보유기간과세),KRX 삼성전자 지수,한국,개별종목,일반,20260805
KR70193L0006,0193L0,PLUS 삼성전자선물단일종목인버스2X,한화자산운용,0.49,23610000000,11805,11873.94,2026-05-27,주식,국내,실물(패시브),배당소득세(보유기간과세),KRX 삼성전자 선물 지수,한국,개별종목,일반,20260805
KR7238670004,238670,PLUS 스마트베타Quality채권혼합,한화자산운용,0.2,4017000000,13390,13361.86,2016-02-24,혼합자산,국내,실물(패시브),배당소득세(보유기간과세),WISE-KAP 스마트베타 Quality 채권혼합지수,한국,채권·금리,혼합,20260805
KR7256450008,256450,PLUS 심천차이넥스트(합성),한화자산운용,0.5,7872500000,15745,16033.59,2016-11-08,주식,해외,합성(패시브),배당소득세(보유기간과세),SZSE ChiNext Price Index,기타,기타,일반,20260805
KR7447660002,447660,PLUS 애플채권혼합,한화자산운용,0.25,22008000000,13755,13754.08,2022-11-29,혼합자산,국내&해외,실물(패시브),배당소득세(보유기간과세),FnGuide 애플채권혼합 지수,미국,개별종목,혼합,20260805
KR7239660004,239660,PLUS 우량회사채50,한화자산운용,0.135,21881700000,121565,121580.55,2016-03-22,채권,국내,실물(패시브),배당소득세(보유기간과세),KOBI HALF CREDIT Index(총수익),한국,채권·금리,일반,20260805
KR7421320003,421320,PLUS 우주항공,한화자산운용,0.45,255623750000,27635,27537.0,2022-03-29,주식,국내,실물(패시브),비과세,iSelect 우주항공UAM 지수,한국,방산·우주,일반,20260805
KR70184N0005,0184N0,PLUS 은채권혼합,한화자산운용,0.15,8665000000,8665,8537.33,2026-05-12,혼합자산,국내&해외,실물(패시브),배당소득세(보유기간과세),Akros 은 채권혼합 지수,국내+해외,채권·금리,혼합,20260805
KR7464920008,464920,PLUS 일본반도체소부장,한화자산운용,0.5,33572500000,25825,25920.78,2023-08-31,주식,해외,실물(패시브),배당소득세(보유기간과세),Solactive Japan Semiconductor Materials and Equipment Index PR,일본,반도체,일반,20260805
KR7489000000,489000,PLUS 일본엔화초단기국채(합성),한화자산운용,0.19,21010000000,9550,9562.47,2024-08-13,채권,해외,합성(패시브),배당소득세(보유기간과세),KAP 일본 단기 국채 지수(총수익),일본,채권·금리,일반,20260805
KR70098N0000,0098N0,PLUS 자사주매입고배당주,한화자산운용,0.3,76895500000,12710,12704.2,2025-09-16,주식,국내,실물(패시브),비과세,FnGuide 고배당주 플러스 자사주 지수 (PR),한국,배당주,일반,20260805
KR7433880002,433880,PLUS TDF2060액티브 적격,한화자산운용,0.2,67060000000,19160,19110.16,2022-06-30,혼합자산,국내&해외,실물(액티브),배당소득세(보유기간과세),Morningstar Korea Lifetime Allocation Moderate 2060 Index (Gross Return),국내+해외,기타,일반,20260805
KR7451000004,451000,PLUS 종합채권(AA-이상)액티브,한화자산운용,0.045,412331640000,107490,107534.9,2023-01-10,채권,국내,실물(액티브),배당소득세(보유기간과세),"KAP 종합채권지수(AA-이상, 총수익)",한국,채권·금리,일반,20260805
KR7280920000,280920,PLUS 주도업종,한화자산운용,0.23,12419000000,22580,22715.81,2017-10-17,주식,국내,실물(패시브),비과세,FnGuide 주도업종 지수,한국,기타,일반,20260805
KR70184L0007,0184L0,PLUS 중기종합채권(A-이상)액티브,한화자산운용,0.06,104644800000,100620,100613.82,2026-05-12,채권,국내,실물(액티브),배당소득세(보유기간과세),KIS 중기종합채권(A-이상) 지수(총수익),한국,채권·금리,일반,20260805
KR7266550003,266550,PLUS 중형주저변동50,한화자산운용,0.23,4543750000,18175,18109.73,2017-03-28,주식,국내,실물(패시브),비과세,FnGuide 중형주저변동50지수,한국,기타,일반,20260805
KR70047N0002,0047N0,PLUS 차이나AI테크TOP10,한화자산운용,0.49,7626500000,10895,10920.03,2025-05-13,주식,해외,실물(패시브),배당소득세(보유기간과세),Solactive China AI Tech Top10 Index(PR),중국,AI·테크,일반,20260805
KR70128D0006,0128D0,PLUS 차이나항셍테크위클리타겟커버드콜,한화자산운용,0.39,5337500000,7625,7629.66,2025-11-18,주식,해외,실물(패시브),배당소득세(보유기간과세),HSTECH 15% Target Premium Weekly Covered Call Index,기타,기타,커버드콜,20260805
KR7495040008,495040,PLUS 코리아밸류업,한화자산운용,0.009,87808000000,31360,31298.12,2024-11-04,주식,국내,실물(패시브),비과세,코리아 밸류업 지수,한국,배당주,일반,20260805
KR70166N0007,0166N0,PLUS 코스닥150액티브,한화자산운용,0.63,26906250000,7175,7144.21,2026-03-17,주식,국내,실물(액티브),배당소득세(보유기간과세),코스닥 150,한국,광범위지수,일반,20260805
KR7301400008,301400,PLUS 코스닥150,한화자산운용,0.15,9527000000,13610,13669.93,2018-07-05,주식,국내,실물(패시브),비과세,코스닥 150,한국,광범위지수,일반,20260805
KR7328370002,328370,PLUS 코스피TR,한화자산운용,0.15,115180500000,37155,37092.44,2019-06-25,주식,국내,실물(패시브),배당소득세(보유기간과세),코스피 TR,한국,광범위지수,일반,20260805
KR7457990000,457990,PLUS 태양광&ESS,한화자산운용,0.45,126859250000,35735,35589.15,2023-06-20,주식,국내,실물(패시브),비과세,FnGuide 태양광 & ESS 지수,한국,에너지·원자력,일반,20260805
KR70132K0001,0132K0,PLUS 테슬라위클리커버드콜채권혼합,한화자산운용,0.39,104599000000,8140,8130.51,2025-12-09,주식,국내&해외,실물(패시브),배당소득세(보유기간과세),Akros 테슬라 위클리 커버드콜 채권혼합 지수,미국,개별종목,커버드콜,20260805
KR70000J0003,0000J0,PLUS 한화그룹주,한화자산운용,0.19,104585250000,27165,27130.53,2024-12-24,주식,국내,실물(패시브),비과세,FnGuide 한화그룹주 지수,한국,기타,일반,20260805
KR7461910002,461910,PLUS 미국테크TOP10레버리지(합성),한화자산운용,0.5,19840000000,39680,39317.39,2023-07-18,주식,해외,합성(패시브),배당소득세(보유기간과세),iSelect 미국 Tech 10 지수,미국,AI·테크,일반,20260805
KR7213630007,213630,PLUS 미국다우존스고배당주(합성 H),한화자산운용,0.4,19435000000,21125,21137.64,2015-01-26,주식,해외,합성(패시브),배당소득세(보유기간과세),Dow Jones U.S Select Dividend Index(시장가격지수),미국,배당주,일반,20260805
KR7189400005,189400,PLUS 글로벌MSCI(합성 H),한화자산운용,0.4,7809000000,26030,26092.32,2013-12-10,주식,해외,합성(패시브),배당소득세(보유기간과세),MSCI ACWI Index,글로벌,광범위지수,일반,20260805
KR7195970009,195970,PLUS 선진국MSCI(합성 H),한화자산운용,0.5,24338200000,16670,16635.96,2014-05-13,주식,해외,합성(패시브),배당소득세(보유기간과세),MSCI EAFE Index,기타,광범위지수,일반,20260805
KR7195980008,195980,PLUS 신흥국MSCI(합성 H),한화자산운용,0.5,98760800000,15055,15172.39,2014-05-13,주식,해외,합성(패시브),배당소득세(보유기간과세),MSCI EM Index,신흥국,광범위지수,일반,20260805
KR70184V0005,0184V0,UNICORN K바이오액티브,현대자산운용,0.51,6787000000,6170,6151.4,2026-05-12,주식,국내,실물(액티브),배당소득세(보유기간과세),FnGuide K-바이오 밸런스드 지수,한국,바이오·헬스케어,일반,20260805
KR7433250008,433250,UNICORN R&D 액티브,현대자산운용,0.355,5723750000,22895,22803.92,2022-07-06,주식,국내,실물(액티브),배당소득세(보유기간과세),코스피 200,한국,광범위지수,일반,20260805
KR7494220007,494220,UNICORN SK하이닉스밸류체인액티브,현대자산운용,0.5,166204000000,44920,44779.12,2024-11-07,주식,국내,실물(액티브),배당소득세(보유기간과세),FnGuide SK하이닉스밸류체인 지수,한국,개별종목,일반,20260805
KR7470310004,470310,UNICORN 생성형AI강소기업액티브,현대자산운용,0.5,5422500000,18075,18187.72,2023-11-21,주식,국내,실물(액티브),배당소득세(보유기간과세),iSelect AI 지수,한국,AI·테크,일반,20260805
KR7476000005,476000,UNICORN 포스트IPO액티브,현대자산운용,0.5,3195500000,5810,5798.78,2024-02-27,주식,국내,실물(액티브),배당소득세(보유기간과세),iSelect 포스트 IPO 지수,한국,기타,일반,20260805
KR7491700001,491700,HK 200,흥국자산운용,0.05,63615000000,106025,105188.11,2024-09-10,주식,국내,실물(패시브),비과세,코스피 200,한국,광범위지수,일반,20260805
KR70000Y0004,0000Y0,HK 26-12 회사채(AA-이상)액티브,흥국자산운용,0.065,122960200000,101620,101635.73,2024-12-24,채권,국내,실물(액티브),배당소득세(보유기간과세),KAP 26-12 크레딧 채권 총수익지수(AA-이상),한국,채권·금리,일반,20260805
KR7215620006,215620,HK S&P코리아로우볼,흥국자산운용,0.4,8556300000,15845,15813.75,2015-03-25,주식,국내,실물(패시브),비과세,S&P Korea 저변동성 지수,한국,기타,일반,20260805
KR70113P0009,0113P0,HK 머니마켓액티브,흥국자산운용,0.045,52934420000,102190,102189.02,2025-09-30,채권,국내,실물(액티브),배당소득세(보유기간과세),KAP 머니마켓 지수(총수익),한국,기타,일반,20260805
KR7391670007,391670,HK 베스트일레븐액티브,흥국자산운용,0.3,16140000000,26900,26881.23,2021-07-06,주식,국내,실물(액티브),배당소득세(보유기간과세),코스피 200,한국,광범위지수,일반,20260805
KR7472920008,472920,HK 종합채권(AA-이상)액티브,흥국자산운용,0.036,253863865000,98435,98368.42,2023-11-28,채권,국내,실물(액티브),배당소득세(보유기간과세),KAP 종합채권 AA- 이상 지수(총수익),한국,채권·금리,일반,20260805
