KRX코드,ISIN,종목명,운용사,총보수,시가총액,종가,NAV,상장일,자산분류,시장분류,운용방식,과세유형,기초지수명,투자지역,테마섹터,전략,기준일자
0193M0,KR70193M0005,BNK 27-12 특수채(AAA이상)액티브,비엔케이자산운용,0.07,106450470000,50355,50330.9,2026-06-16,채권,국내,실물(액티브),배당소득세(보유기간과세),KAP 27-12 특수채 총수익 지수(AAA이상),한국,채권·금리,일반,20260807
466810,KR7466810009,BNK 2차전지양극재,비엔케이자산운용,0.395,7982250000,5505,5487.82,2023-10-19,주식,국내,실물(패시브),비과세,iSelect 2차전지양극재 지수,한국,2차전지,일반,20260807
457930,KR7457930006,BNK 미래전략기술액티브,비엔케이자산운용,0.495,7858500000,26195,26358.33,2023-06-20,주식,국내,실물(액티브),배당소득세(보유기간과세),iSelect 미래전략기술 지수 (PR),한국,기타,일반,20260807
0218K0,KR70218K0008,BNK 스마트카,비엔케이자산운용,0.45,7751250000,10335,10320.05,2026-07-21,주식,국내,실물(패시브),비과세,FnGuide 스마트카 지수,한국,자동차,일반,20260807
487750,KR7487750002,BNK 온디바이스AI,비엔케이자산운용,0.395,10742000000,26855,26760.84,2024-07-23,주식,국내,실물(패시브),비과세,FnGuide 온디바이스AI 지수,한국,AI·테크,일반,20260807
445690,KR7445690001,BNK 주주가치액티브,비엔케이자산운용,0.495,17430000000,29050,28924.1,2022-10-27,주식,국내,실물(액티브),배당소득세(보유기간과세),FnGuide 주주가치 지수,한국,배당주,일반,20260807
0120J0,KR70120J0008,BNK 카카오그룹포커스,비엔케이자산운용,0.395,10137500000,8110,8086.81,2025-12-02,주식,국내,실물(패시브),비과세,FnGuide 카카오그룹 포커스 지수,한국,개별종목,일반,20260807
0112X0,KR70112X0000,마이티 200TR,디비자산운용,0.05,33255000000,36950,36806.78,2025-10-28,주식,국내,실물(패시브),배당소득세(보유기간과세),코스피 200 TR,한국,광범위지수,일반,20260807
465780,KR7465780005,마이티 26-09 특수채(AAA)액티브,디비자산운용,0.06,102289860000,106220,106223.14,2023-09-21,채권,국내,실물(액티브),배당소득세(보유기간과세),KAP 26-09 특수채 지수(총수익),한국,채권·금리,일반,20260807
0191M0,KR70191M0007,마이티 5월만기자동연장특수채(AAA)액티브,디비자산운용,0.06,41642190000,100585,100580.2,2026-06-02,채권,국내,실물(액티브),배당소득세(보유기간과세),KAP 5월 만기자동연장 특수채(AAA) 총수익 지수,한국,채권·금리,일반,20260807
0222F0,KR70222F0009,마이티 AI데이터센터밸류체인,디비자산운용,0.365,9592000000,11990,11944.27,2026-08-04,주식,국내,실물(패시브),비과세,KAP AI데이터센터밸류체인지수,한국,AI·테크,일반,20260807
442260,KR7442260006,마이티 다이나믹퀀트액티브,디비자산운용,0.295,42209600000,34040,33907.21,2022-10-25,주식,국내,실물(액티브),배당소득세(보유기간과세),코스피 200,한국,광범위지수,일반,20260807
0001P0,KR70001P0004,마이티 바이오시밀러&CDMO액티브,디비자산운용,0.805,10628800000,9490,9569.88,2024-12-24,주식,국내,실물(액티브),배당소득세(보유기간과세),FnGuide 바이오시밀러&CDMO 지수,한국,바이오·헬스케어,일반,20260807
159800,KR7159800002,마이티 코스피100,디비자산운용,0.375,21753200000,77690,77645.84,2012-07-05,주식,국내,실물(패시브),비과세,코스피 100,한국,광범위지수,일반,20260807
472840,KR7472840008,IBK 200,아이비케이자산운용,0.08,36367500000,96980,97482.37,2023-12-21,주식,국내,실물(패시브),비과세,코스피 200,한국,광범위지수,일반,20260807
0005G0,KR70005G0001,IBK K-AI반도체코어테크,아이비케이자산운용,0.28,151265250000,43845,43808.13,2025-01-21,주식,국내,실물(패시브),비과세,FnGuide K-AI반도체 코어테크 지수,한국,반도체,일반,20260807
0178H0,KR70178H0001,IBK 미국AI TOP10국채혼합50,아이비케이자산운용,0.25,47569500000,10230,10035.86,2026-04-28,혼합자산,국내&해외,실물(패시브),배당소득세(보유기간과세),FnGuide 미국AI TOP10국채혼합 지수,미국,AI·테크,혼합,20260807
0135Y0,KR70135Y0002,IBK 중기종합채권(AA-이상)액티브,아이비케이자산운용,0.041,113269135000,100505,100450.49,2025-12-16,채권,국내,실물(액티브),배당소득세(보유기간과세),"KIS 중기종합채권 (1~5Y, AA-이상, 총수익)",한국,채권·금리,일반,20260807
0221V0,KR70221V0000,IBK 초단기채권액티브,아이비케이자산운용,0.05,102108895000,100205,100211.63,2026-07-21,채권,국내,실물(액티브),배당소득세(보유기간과세),KIS 단기자금 총수익지수,한국,채권·금리,일반,20260807
0191S0,KR70191S0001,IBK 코스닥150,아이비케이자산운용,0.105,10115800000,13670,13720.51,2026-05-19,주식,국내,실물(패시브),비과세,코스닥 150,한국,광범위지수,일반,20260807
0208N0,KR70208N0007,IBK 코스피액티브,아이비케이자산운용,0.415,11170500000,6770,6799.63,2026-06-23,주식,국내,실물(액티브),배당소득세(보유기간과세),코스피,한국,광범위지수,일반,20260807
361580,KR7361580004,RISE 200TR,케이비자산운용,0.012,446880000000,55860,55708.19,2020-08-21,주식,국내,실물(패시브),배당소득세(보유기간과세),코스피 200 TR,한국,광범위지수,일반,20260807
290080,KR7290080001,RISE 200고배당커버드콜ATM,케이비자산운용,0.4,12941250000,7395,7439.6,2018-02-27,주식,국내,실물(패시브),배당소득세(보유기간과세),코스피 200 고배당커버드콜 ATM 지수(시장가격지수),한국,배당주,커버드콜,20260807
284980,KR7284980000,RISE 200금융,케이비자산운용,0.19,18433600000,22480,22519.48,2017-12-08,주식,국내,실물(패시브),비과세,코스피 200 금융,한국,금융,일반,20260807
252400,KR7252400007,RISE 200선물레버리지,케이비자산운용,0.022,58887500000,84125,84077.14,2016-09-12,주식,국내,실물(패시브),배당소득세(보유기간과세),코스피 200 선물지수,한국,광범위지수,일반,20260807
252420,KR7252420005,RISE 200선물인버스2X,케이비자산운용,0.022,5139700000,103,102.8,2016-09-22,주식,국내,실물(패시브),배당소득세(보유기간과세),코스피 200 선물지수,한국,광범위지수,일반,20260807
252410,KR7252410006,RISE 200선물인버스,케이비자산운용,0.022,2950000000,1475,1475.92,2016-09-12,주식,국내,실물(패시브),배당소득세(보유기간과세),코스피 200 선물지수,한국,광범위지수,일반,20260807
475720,KR7475720009,RISE 200위클리커버드콜,케이비자산운용,0.3,765345000000,11820,11811.39,2024-03-05,주식,국내,실물(패시브),배당소득세(보유기간과세),코스피 200 위클리 커버드콜 ATM 지수,한국,광범위지수,커버드콜,20260807
148020,KR7148020001,RISE 200,케이비자산운용,0.017,4200912500000,98845,98680.88,2011-10-20,주식,국내,실물(패시브),비과세,코스피 200,한국,광범위지수,일반,20260807
183700,KR7183700004,RISE 200채권혼합50,케이비자산운용,0.2,38732400000,92220,91956.18,2013-10-17,혼합자산,국내,실물(패시브),배당소득세(보유기간과세),코스피 200 KTB 혼합지수,한국,채권·금리,혼합,20260807
0122W0,KR70122W0009,RISE 26-11 회사채(AA-이상)액티브,케이비자산운용,0.05,113732940000,50910,50897.84,2025-11-18,채권,국내,실물(액티브),배당소득세(보유기간과세),KAP 26-11 회사채(AA-이상) 총수익지수,한국,채권·금리,일반,20260807
465330,KR7465330009,RISE 2차전지TOP10,케이비자산운용,0.07,60382000000,10640,10631.03,2023-09-12,주식,국내,실물(패시브),비과세,iSelect 2차전지 TOP10 지수(PR),한국,2차전지,일반,20260807
465350,KR7465350007,RISE 2차전지TOP10인버스(합성),케이비자산운용,0.49,35750000000,17875,17945.0,2023-09-12,주식,국내,합성(패시브),배당소득세(보유기간과세),iSelect 2차전지 TOP10 지수(PR),한국,2차전지,일반,20260807
422420,KR7422420000,RISE 2차전지액티브,케이비자산운용,0.35,200229400000,6265,6240.44,2022-04-08,주식,국내,실물(액티브),배당소득세(보유기간과세),iSelect 2차전지 지수 (시장가격지수),한국,2차전지,일반,20260807
105780,KR7105780001,RISE 5대그룹주,케이비자산운용,0.4,31520000000,15760,15767.82,2008-10-22,주식,국내,실물(패시브),비과세,MKF 5대그룹주,한국,광범위지수,일반,20260807
469070,KR7469070007,RISE AI&로봇,케이비자산운용,0.4,379715000000,11420,11421.13,2023-10-24,주식,국내,실물(패시브),비과세,iSelect AI&로봇 지수(시장가격),한국,AI·테크,일반,20260807
0093A0,KR70093A0000,RISE AI반도체TOP10,케이비자산운용,0.2,149988750000,27025,26971.16,2025-08-26,주식,국내,실물(패시브),비과세,FnGuide AI반도체TOP10 지수,한국,반도체,일반,20260807
0101N0,KR70101N0005,RISE AI전력인프라,케이비자산운용,0.2,571323000000,18195,18261.92,2025-09-23,주식,국내,실물(패시브),비과세,KRX-Akros AI 전력인프라 지수,한국,AI·테크,일반,20260807
427120,KR7427120001,RISE AI플랫폼,케이비자산운용,0.45,3362700000,5095,5100.17,2022-05-17,주식,국내,실물(패시브),비과세,FnGuide AI 플랫폼 지수,한국,AI·테크,일반,20260807
477080,KR7477080006,RISE CD금리액티브(합성),케이비자산운용,0.02,1671003540000,107260,107251.48,2024-03-26,기타,국내,합성(액티브),배당소득세(보유기간과세),FnGuide CD금리투자 지수(총수익),한국,채권·금리,일반,20260807
290130,KR7290130004,RISE ESG사회책임투자,케이비자산운용,0.3,597696000000,42240,42305.26,2018-02-27,주식,국내,실물(패시브),비과세,KRX ESG 사회책임경영지수(S),한국,광범위지수,일반,20260807
367770,KR7367770005,RISE 수소경제테마,케이비자산운용,0.45,118014000000,22695,22659.07,2020-10-29,주식,국내,실물(패시브),비과세,FnGuide 수소 경제 테마 지수,한국,에너지·원자력,일반,20260807
326240,KR7326240009,RISE IT플러스,케이비자산운용,0.4,99929600000,39035,39017.17,2019-06-20,주식,국내,실물(패시브),비과세,FnGuide IT플러스 지수,한국,AI·테크,일반,20260807
385560,KR7385560008,RISE KIS국고채30년Enhanced,케이비자산운용,0.05,767376380000,52420,52360.89,2021-05-26,채권,국내,실물(패시브),배당소득세(보유기간과세),KIS 국고채30년Enhanced지수(시장가격),한국,채권·금리,일반,20260807
479520,KR7479520009,RISE KOFR금리액티브(합성),케이비자산운용,0.02,1030592190000,106170,106155.73,2024-04-30,기타,국내,합성(액티브),배당소득세(보유기간과세),KOFR 지수,한국,채권·금리,일반,20260807
270800,KR7270800006,RISE KQ고배당,케이비자산운용,0.3,8508500000,15470,15419.52,2017-07-07,주식,국내,실물(패시브),비과세,FnGuide KQ고배당포커스 지수,한국,배당주,일반,20260807
292050,KR7292050002,RISE KRX300,케이비자산운용,0.05,15575000000,44500,44588.47,2018-03-26,주식,국내,실물(패시브),비과세,KRX 300,한국,광범위지수,일반,20260807
388280,KR7388280000,RISE K엔터&여행레저,케이비자산운용,0.45,24551400000,7395,7379.26,2021-06-10,주식,국내,실물(패시브),비과세,FnGuide K엔터&여행레저 지수,한국,게임·엔터,일반,20260807
0192L0,KR70192L0007,RISE SK하이닉스단일종목레버리지,케이비자산운용,0.09,33757500000,6430,6460.35,2026-05-27,주식,국내,실물(패시브),배당소득세(보유기간과세),KRX SK하이닉스 지수,한국,개별종목,일반,20260807
0013R0,KR70013R0008,RISE 테슬라미국채타겟커버드콜혼합(합성),케이비자산운용,0.25,26792000000,7880,7866.42,2025-02-18,혼합자산,해외,합성(패시브),배당소득세(보유기간과세),KEDI 테슬라미국30년국채15%타겟프리미엄 혼합지수(TR),미국,개별종목,커버드콜,20260807
234310,KR7234310001,RISE V&S셀렉트밸류,케이비자산운용,0.3,13502500000,27005,27118.72,2016-02-02,주식,국내,실물(패시브),비과세,FnGuide 셀렉트 밸류 지수,한국,광범위지수,일반,20260807
241390,KR7241390004,RISE V&S셀렉트밸류채권혼합,케이비자산운용,0.23,33759000000,15345,15457.43,2016-04-12,혼합자산,국내,실물(패시브),배당소득세(보유기간과세),FnGuide 셀렉트벨류 채권혼합지수,한국,채권·금리,혼합,20260807
401170,KR7401170006,RISE 메타버스,케이비자산운용,0.45,45540000000,11500,11460.32,2021-10-13,주식,국내,실물(패시브),비과세,iSelect 메타버스 지수(시장가격지수),한국,AI·테크,일반,20260807
300640,KR7300640000,RISE 게임테마,케이비자산운용,0.3,23270250000,6745,6761.18,2018-07-24,주식,국내,실물(패시브),비과세,WISE 게임 테마 지수 (시장가격지수),한국,게임·엔터,일반,20260807
266160,KR7266160001,RISE 고배당,케이비자산운용,0.2,195744000000,30585,30651.73,2017-04-14,주식,국내,실물(패시브),비과세,FnGuide 고배당포커스 지수,한국,배당주,일반,20260807
481430,KR7481430007,RISE 국고채10년액티브,케이비자산운용,0.012,105563645000,98935,98833.69,2024-05-21,채권,국내,실물(액티브),배당소득세(보유기간과세),KAP 국고채 10년 지수(총수익),한국,채권·금리,일반,20260807
282000,KR7282000009,RISE 국고채3년선물인버스,케이비자산운용,0.07,61447670000,114215,114304.4,2017-11-09,채권,국내,실물(패시브),배당소득세(보유기간과세),국채선물지수,한국,채권·금리,일반,20260807
114100,KR7114100001,RISE 국고채3년,케이비자산운용,0.115,98233000000,106775,106734.87,2009-07-29,채권,국내,실물(패시브),배당소득세(보유기간과세),KTB INDEX(시장가격),한국,채권·금리,일반,20260807
451670,KR7451670004,RISE 국채30년레버리지(합성),케이비자산운용,0.1,6192500000,12385,12386.13,2023-02-14,채권,국내,합성(패시브),배당소득세(보유기간과세),KAP 국채30년 TR 지수(총수익),한국,채권·금리,일반,20260807
295020,KR7295020002,RISE 국채선물10년인버스,케이비자산운용,0.07,43781750000,59975,60065.08,2018-05-11,채권,국내,실물(패시브),배당소득세(보유기간과세),10년국채선물지수,한국,채권·금리,일반,20260807
295000,KR7295000004,RISE 국채선물10년,케이비자산운용,0.07,5173500000,51735,51705.87,2018-05-11,채권,국내,실물(패시브),배당소득세(보유기간과세),10년국채선물지수,한국,채권·금리,일반,20260807
432600,KR7432600005,RISE 국채선물3년,케이비자산운용,0.07,5535500000,55355,55366.0,2022-06-14,채권,국내,실물(패시브),배당소득세(보유기간과세),국채선물지수,한국,채권·금리,일반,20260807
397420,KR7397420001,RISE 국채선물5년추종,케이비자산운용,0.07,304620000,50770,50728.09,2021-08-31,채권,국내,실물(패시브),배당소득세(보유기간과세),5년 국채선물 추종 지수,한국,채권·금리,일반,20260807
0114X0,KR70114X0008,RISE 글로벌게임테크TOP3Plus,케이비자산운용,0.4,6058500000,8655,8548.01,2025-10-21,주식,해외,실물(패시브),배당소득세(보유기간과세),Solactive-KEDI 글로벌 게임 테크 TOP3 플러스 지수,글로벌,AI·테크,일반,20260807
437370,KR7437370000,RISE 글로벌농업경제,케이비자산운용,0.4,7395500000,10565,10523.63,2022-07-29,주식,해외,실물(패시브),배당소득세(보유기간과세),MVIS Global Agribusiness Index(Price Return),글로벌,소비재,일반,20260807
375270,KR7375270006,RISE 글로벌데이터센터리츠(합성),케이비자산운용,0.4,9392500000,14450,14286.49,2021-01-14,부동산,해외,합성(패시브),배당소득세(분리과세부동산ETF),Kelly Data Center & Tech Infrastructure Net Total Return Index,기타,AI·테크,일반,20260807
475380,KR7475380002,RISE 글로벌리얼티인컴,케이비자산운용,0.01,28863000000,10690,10638.98,2024-02-20,부동산,해외,실물(패시브),배당소득세(분리과세부동산ETF),Solactive Global Realty Income Index(Price Return),글로벌,리츠·부동산,일반,20260807
476310,KR7476310008,RISE 글로벌비만산업TOP2+,케이비자산운용,0.35,5546750000,10085,10215.67,2024-02-27,주식,해외,실물(패시브),배당소득세(보유기간과세),KEDI 글로벌 비만 산업 Top2+ 지수(Price Return),글로벌,바이오·헬스케어,일반,20260807
417450,KR7417450004,RISE 글로벌수소경제,케이비자산운용,0.4,13693500000,16110,16031.56,2022-02-15,주식,해외,실물(패시브),배당소득세(보유기간과세),Indxx Hydrogen Economy Index (PR),기타,에너지·원자력,일반,20260807
442320,KR7442320008,RISE 글로벌원자력,케이비자산운용,0.4,224395750000,35675,35647.96,2022-10-13,주식,해외,실물(패시브),배당소득세(보유기간과세),iSelect 글로벌원자력 지수(시장가격),글로벌,에너지·원자력,일반,20260807
461490,KR7461490005,RISE 글로벌자산배분액티브,케이비자산운용,0.01,288443500000,14830,14816.28,2023-06-27,혼합자산,해외,실물(액티브),배당소득세(보유기간과세),Bloomberg Multi-Asset Weighted (KRW ETFs) 지수(시장가격),기타,자산배분·TDF,혼합,20260807
459750,KR7459750006,RISE 글로벌주식분산액티브,케이비자산운용,0.2,32895000000,18275,18303.95,2023-06-27,주식,해외,실물(액티브),배당소득세(보유기간과세),Bloomberg Global Equity Market Weighted Index(Price Return),글로벌,광범위지수,일반,20260807
399580,KR7399580000,RISE 글로벌클린에너지,케이비자산운용,0.4,9825000000,9825,9799.19,2021-10-21,주식,해외,실물(패시브),배당소득세(보유기간과세),S&P Global Clean Energy Transition Index (Price Return),글로벌,에너지·원자력,일반,20260807
276650,KR7276650009,RISE 글로벌테크놀로지(합성 H),케이비자산운용,0.4,34890000000,46520,46207.96,2017-08-17,주식,국내&해외,합성(패시브),배당소득세(보유기간과세),S&P Global 1200 Information Technology and Interactive Media & Services(PR),글로벌,AI·테크,일반,20260807
336160,KR7336160007,RISE 금융채액티브,케이비자산운용,0.07,47785640000,100390,100416.8,2019-10-29,채권,국내,실물(액티브),배당소득세(보유기간과세),KIS 종합채권금융채 2.5Y-3Y 지수 (총수익),한국,금융,일반,20260807
326230,KR7326230000,RISE 내수주플러스,케이비자산운용,0.4,7257600000,11340,11382.9,2019-06-20,주식,국내,실물(패시브),비과세,FnGuide 내수주플러스 지수,한국,광범위지수,일반,20260807
367760,KR7367760006,RISE 네트워크인프라,케이비자산운용,0.45,595196000000,51310,51502.0,2020-10-29,주식,국내,실물(패시브),비과세,FnGuide 네트워크 인프라 지수,한국,AI·테크,일반,20260807
272560,KR7272560004,RISE 단기국공채액티브,케이비자산운용,0.07,156822240000,114720,114710.38,2017-06-29,채권,국내,실물(액티브),배당소득세(보유기간과세),KIS 종합채권국공채3M~1.5Y지수,한국,채권·금리,일반,20260807
385550,KR7385550009,RISE 단기채권알파액티브,케이비자산운용,0.05,339520995000,113895,113904.09,2021-05-26,채권,국내,실물(액티브),배당소득세(보유기간과세),KIS 단기채권알파지수(AA-이상)(총수익지수),한국,채권·금리,일반,20260807
196230,KR7196230007,RISE 단기통안채,케이비자산운용,0.13,249547360000,116720,116757.89,2014-05-19,채권,국내,실물(패시브),배당소득세(보유기간과세),KIS 통안채 5개월 지수(총수익),한국,채권·금리,일반,20260807
0061Z0,KR70061Z0009,RISE 단기특수은행채액티브,케이비자산운용,0.01,730660320000,50910,50899.64,2025-06-24,채권,국내,실물(액티브),배당소득세(보유기간과세),KAP 단기 특수은행채 지수(시장가격),한국,금융,일반,20260807
315960,KR7315960005,RISE 대형고배당10TR,케이비자산운용,0.07,474771000000,71935,71809.8,2019-01-22,주식,국내,실물(패시브),배당소득세(보유기간과세),WISE 대형고배당10 TR 지수,한국,배당주,일반,20260807
0138D0,KR70138D0004,RISE 동학개미,케이비자산운용,0.07,7224750000,11115,11118.49,2025-12-16,주식,국내,실물(패시브),비과세,FnGuide 동학개미 지수,한국,기타,일반,20260807
455890,KR7455890004,RISE 머니마켓액티브,케이비자산운용,0.05,2977592960000,55360,55357.15,2023-05-09,채권,국내,실물(액티브),배당소득세(보유기간과세),KIS 시가평가 MMF 지수 (총수익지수),한국,채권·금리,일반,20260807
481340,KR7481340008,RISE 미국30년국채액티브,케이비자산운용,0.05,24282500000,8830,8835.57,2024-05-28,채권,해외,실물(액티브),배당소득세(보유기간과세),Bloomberg U.S Treasury 20+ Year Total Return Index,미국,채권·금리,일반,20260807
472870,KR7472870005,RISE 미국30년국채엔화노출(합성 H),케이비자산운용,0.15,172902500000,7130,7197.33,2023-12-27,채권,해외,합성(패시브),배당소득세(보유기간과세),KIS 미국채30년 엔화노출 지수(USD/JPY 헤지)(총수익지수),미국,채권·금리,일반,20260807
472830,KR7472830009,RISE 미국30년국채커버드콜(합성),케이비자산운용,0.25,45399000000,8180,8173.43,2023-12-14,채권,해외,합성(패시브),배당소득세(보유기간과세),Bloomberg U.S. Treasury 20+ Year (TLT) 2% OTM Covered Call Index(TR),미국,채권·금리,커버드콜,20260807
485690,KR7485690002,RISE 미국AI밸류체인TOP3Plus,케이비자산운용,0.01,94458000000,22490,22347.37,2024-07-23,주식,해외,실물(패시브),배당소득세(보유기간과세),KEDI 미국 AI 밸류체인 TOP3 Plus 지수(Price Return),미국,AI·테크,일반,20260807
490590,KR7490590007,RISE 미국AI밸류체인데일리고정커버드콜,케이비자산운용,0.25,774252500000,14650,14577.78,2024-10-02,주식,해외,실물(패시브),배당소득세(보유기간과세),KEDI 미국 AI밸류체인 90%참여+데일리옵션 프리미엄 지수(TR),미국,AI·테크,커버드콜,20260807
0176E0,KR70176E0006,RISE 미국AI전력인프라액티브,케이비자산운용,0.45,130230750000,10545,10417.38,2026-04-07,주식,해외,실물(액티브),배당소득세(보유기간과세),Solactive US AI Electricity Infrastructure Index PR,미국,AI·테크,일반,20260807
0127R0,KR70127R0001,RISE 미국AI클라우드인프라,케이비자산운용,0.4,20040000000,16700,16410.79,2025-11-25,주식,해외,실물(패시브),배당소득세(보유기간과세),Akros 미국 AI 클라우드 인프라 지수(Price Return),미국,AI·테크,일반,20260807
495940,KR7495940009,RISE 미국AI테크액티브,케이비자산운용,0.5,62635500000,20205,19966.89,2024-11-26,주식,해외,실물(액티브),배당소득세(보유기간과세),Solactive US AI Tech Active Index PR,미국,AI·테크,일반,20260807
0138T0,KR70138T0006,RISE 미국S&P500데일리고정커버드콜,케이비자산운용,0.25,31712000000,9910,9894.02,2025-12-23,주식,해외,실물(패시브),배당소득세(보유기간과세),S&P500 10% Daily Fixed Covered Call Index,미국,광범위지수,커버드콜,20260807
0005C0,KR70005C0005,RISE 미국S&P500엔화노출(합성 H),케이비자산운용,0.1,7575750000,11655,11615.93,2025-01-14,주식,해외,합성(패시브),배당소득세(보유기간과세),S&P500 Yen Hedged Index(PR),미국,광범위지수,일반,20260807
379780,KR7379780000,RISE 미국S&P500,케이비자산운용,0.004,1552424000000,23665,23645.5,2021-04-09,주식,해외,실물(패시브),배당소득세(보유기간과세),S&P 500,미국,광범위지수,일반,20260807
453330,KR7453330003,RISE 미국S&P500(H),케이비자산운용,0.004,82147500000,18255,18241.59,2023-03-21,주식,해외,실물(패시브),배당소득세(보유기간과세),S&P 500,미국,광범위지수,일반,20260807
460660,KR7460660004,RISE 미국S&P배당킹,케이비자산운용,0.01,17416000000,12440,12360.05,2023-06-27,주식,해외,실물(패시브),배당소득세(보유기간과세),S&P Dividend Monarchs Index(Price Return),미국,배당주,일반,20260807
219390,KR7219390002,RISE 미국S&P원유생산기업(합성 H),케이비자산운용,0.25,17738000000,7240,7425.41,2015-06-02,주식,해외,합성(패시브),배당소득세(보유기간과세),S&P Oil & Gas Exploration & Production Select Industry Index(PR),기타,에너지·원자력,일반,20260807
0115C0,KR70115C0002,RISE 미국고배당다우존스TOP10,케이비자산운용,0.01,26988000000,11245,11220.43,2025-10-21,주식,해외,실물(패시브),배당소득세(보유기간과세),Dow Jones U.S. High Dividend 10 Index,미국,배당주,일반,20260807
354240,KR7354240004,RISE 미국고정배당우선증권,케이비자산운용,0.5,12056000000,10960,10880.71,2020-05-19,혼합자산,해외,실물(패시브),배당소득세(보유기간과세),ICE BofAML Core Plus Fixed Rate Preferred Securities Index(PR),기타,채권·금리,일반,20260807
368590,KR7368590006,RISE 미국나스닥100,케이비자산운용,0.006,1551564000000,30785,30695.9,2020-11-06,주식,해외,실물(패시브),배당소득세(보유기간과세),NASDAQ 100,미국,광범위지수,일반,20260807
437350,KR7437350002,RISE 미국단기투자등급회사채액티브,케이비자산운용,0.1,27533000000,12515,12498.76,2022-07-29,채권,해외,실물(액티브),배당소득세(보유기간과세),Bloomberg US Corporate 1-5 Years Total Return Index,미국,채권·금리,일반,20260807
455960,KR7455960005,RISE 미국달러SOFR금리액티브(합성),케이비자산운용,0.05,56746200000,12390,12388.28,2023-05-16,기타,해외,합성(액티브),배당소득세(보유기간과세),KAP SOFR 지수,미국,채권·금리,일반,20260807
469530,KR7469530000,RISE 미국달러선물인버스,케이비자산운용,0.05,5852800000,9145,9159.25,2023-11-09,통화,국내,실물(패시브),배당소득세(보유기간과세),미국달러선물지수,한국,기타,일반,20260807
469060,KR7469060008,RISE 미국반도체NYSE,케이비자산운용,0.01,78399750000,36465,36165.06,2023-10-24,주식,해외,실물(패시브),배당소득세(보유기간과세),NYSE Semicondoctor Index(Price Return),미국,반도체,일반,20260807
469050,KR7469050009,RISE 미국반도체NYSE(H),케이비자산운용,0.01,35513500000,32285,32043.58,2023-10-24,주식,해외,실물(패시브),배당소득세(보유기간과세),NYSE Semicondoctor Index(Price Return),미국,반도체,일반,20260807
491630,KR7491630000,RISE 미국반도체인버스(합성 H),케이비자산운용,0.49,2534125000,5335,5335.59,2024-10-22,주식,해외,합성(패시브),배당소득세(보유기간과세),NYSE Semicondoctor Index(Price Return),미국,반도체,일반,20260807
490600,KR7490600004,RISE 미국배당100데일리고정커버드콜,케이비자산운용,0.25,160218000000,9315,9282.17,2024-09-24,주식,해외,실물(패시브),배당소득세(보유기간과세),KEDI 미국 배당100 90%참여+데일리옵션 프리미엄 지수(총수익지수),미국,배당주,커버드콜,20260807
0018Z0,KR70018Z0003,RISE 미국양자컴퓨팅,케이비자산운용,0.4,18730000000,18730,18498.38,2025-03-11,주식,해외,실물(패시브),배당소득세(보유기간과세),Solactive US Quantum Computing Technology Index PR,미국,AI·테크,일반,20260807
0218J0,KR70218J0001,RISE 미국우주&로봇TOP2미국채혼합50,케이비자산운용,0.13,25440000000,8480,8469.99,2026-07-14,혼합자산,해외,실물(패시브),배당소득세(보유기간과세),Akros 미국 우주-로봇 TOP2 채권혼합50 지수,미국,AI·테크,혼합,20260807
0013P0,KR70013P0000,RISE 미국은행TOP10,케이비자산운용,0.2,14575000000,13250,13282.87,2025-02-18,주식,해외,실물(패시브),배당소득세(보유기간과세),KEDI 미국 은행 TOP10 지수,미국,금융,일반,20260807
267490,KR7267490001,RISE 미국장기국채선물레버리지(합성 H),케이비자산운용,0.5,3468500000,4955,5030.92,2017-04-20,채권,해외,합성(패시브),배당소득세(보유기간과세),S&P U.S. Treasury Bond Futures Excess Return Index,미국,채권·금리,일반,20260807
267450,KR7267450005,RISE 미국장기국채선물인버스(H),케이비자산운용,0.4,5540000000,11080,11127.28,2017-04-20,채권,해외,실물(패시브),배당소득세(보유기간과세),S&P U.S. Treasury Bond Futures Excess Return Index,미국,채권·금리,일반,20260807
267440,KR7267440006,RISE 미국장기국채선물(H),케이비자산운용,0.4,4761000000,7935,8085.63,2017-04-20,채권,해외,실물(패시브),배당소득세(보유기간과세),S&P U.S. Treasury Bond Futures Excess Return Index,미국,채권·금리,일반,20260807
0036Z0,KR70036Z0001,RISE 미국천연가스밸류체인,케이비자산운용,0.4,6875000000,12500,12449.64,2025-04-22,주식,해외,실물(패시브),배당소득세(보유기간과세),Solactive US Natural Gas Value Chain Index PR,미국,에너지·원자력,일반,20260807
491620,KR7491620001,RISE 미국테크100데일리고정커버드콜,케이비자산운용,0.25,541918000000,10970,10918.2,2024-10-02,주식,해외,실물(패시브),배당소득세(보유기간과세),KEDI 미국 테크100 90%참여+데일리옵션 프리미엄 지수(TR),미국,AI·테크,커버드콜,20260807
0036R0,KR70036R0001,RISE 미국휴머노이드로봇,케이비자산운용,0.4,111132000000,19845,19707.41,2025-04-15,주식,해외,실물(패시브),배당소득세(보유기간과세),KEDI 미국 휴머노이드 로봇 지수(시장가격),미국,AI·테크,일반,20260807
0000Z0,KR70000Z0003,RISE 바이오TOP10액티브,케이비자산운용,0.5,55200000000,9600,9611.38,2024-12-24,주식,국내,실물(액티브),배당소득세(보유기간과세),KRX 바이오 TOP 10 지수,한국,바이오·헬스케어,일반,20260807
446700,KR7446700007,RISE 배터리 리사이클링,케이비자산운용,0.4,10767600000,9970,9997.66,2022-11-01,주식,국내,실물(패시브),비과세,iSelect 배터리 리사이클링 지수,한국,2차전지,일반,20260807
475350,KR7475350005,RISE 버크셔포트폴리오TOP10,케이비자산운용,0.01,70191750000,15095,15037.58,2024-02-27,주식,해외,실물(패시브),배당소득세(보유기간과세),Solactive Berkshire Portfolio Top10 Index(PR),미국,개별종목,일반,20260807
388420,KR7388420002,RISE 비메모리반도체액티브,케이비자산운용,0.5,214128100000,23845,23852.38,2021-06-10,주식,국내,실물(액티브),배당소득세(보유기간과세),iSelect 비메모리반도체 지수(시장가격지수),한국,반도체,일반,20260807
448630,KR7448630004,RISE 삼성그룹Top3채권혼합,케이비자산운용,0.2,315559500000,14815,14816.58,2022-11-29,혼합자산,국내,실물(패시브),배당소득세(보유기간과세),Bloomberg Blended Samsung Group Fixed Top 3 Equity and Korean Bond Index,한국,채권·금리,일반,20260807
0162Z0,KR70162Z0007,RISE 삼성전자SK하이닉스채권혼합50,케이비자산운용,0.01,3786094500000,12385,12362.96,2026-02-26,혼합자산,국내,실물(패시브),배당소득세(보유기간과세),KAP 삼성전자SK하이닉스채권혼합50 지수,한국,개별종목,혼합,20260807
0192M0,KR70192M0006,RISE 삼성전자단일종목레버리지,케이비자산운용,0.09,29832000000,9040,9005.89,2026-05-27,주식,국내,실물(패시브),배당소득세(보유기간과세),KRX 삼성전자 지수,한국,개별종목,일반,20260807
140570,KR7140570003,RISE 수출주,케이비자산운용,0.4,9950000000,24875,24933.72,2011-04-15,주식,국내,실물(패시브),비과세,MKF 수출주 지수,한국,광범위지수,일반,20260807
0093B0,KR70093B0009,RISE 엔비디아고정테크100,케이비자산운용,0.2,11745000000,13050,12998.51,2025-08-26,주식,해외,실물(패시브),배당소득세(보유기간과세),KEDI 엔비디아고정테크100 지수(PR),미국,개별종목,일반,20260807
140580,KR7140580002,RISE 우량업종대표주,케이비자산운용,0.4,11815000000,23630,23767.19,2011-04-15,주식,국내,실물(패시브),비과세,MKF 우량업종대표주 지수,한국,광범위지수,일반,20260807
379790,KR7379790009,RISE 유로스탁스50(H),케이비자산운용,0.021,15274500000,17970,17665.88,2021-04-09,주식,해외,실물(패시브),배당소득세(보유기간과세),EURO STOXX 50 Index,유럽,광범위지수,일반,20260807
498610,KR7498610005,RISE 인도디지털성장,케이비자산운용,0.3,5133000000,8555,8512.06,2025-04-01,주식,해외,실물(패시브),배당소득세(보유기간과세),MarketVector Digital India Index(INR)(Price Return),인도,AI·테크,일반,20260807
488480,KR7488480005,RISE 일본섹터TOP4Plus,케이비자산운용,0.3,7403000000,13460,13282.47,2024-08-20,주식,해외,실물(패시브),배당소득세(보유기간과세),Solactive Japan Samurai Sector TOP4 Plus Index(PR),일본,기타,일반,20260807
442550,KR7442550000,RISE TDF2030액티브 적격,케이비자산운용,0.01,23040750000,14865,14761.83,2022-09-22,기타,국내&해외,실물(액티브),배당소득세(보유기간과세),iSelect 전략적자산배분 TDF 2030 지수,국내+해외,자산배분·TDF,일반,20260807
442560,KR7442560009,RISE TDF2040액티브 적격,케이비자산운용,0.01,50919750000,16695,16485.2,2022-09-22,기타,국내&해외,실물(액티브),배당소득세(보유기간과세),iSelect 전략적자산배분 TDF 2040 지수,국내+해외,자산배분·TDF,일반,20260807
442570,KR7442570008,RISE TDF2050액티브 적격,케이비자산운용,0.01,318943500000,17670,17530.75,2022-09-22,기타,국내&해외,실물(액티브),배당소득세(보유기간과세),iSelect 전략적자산배분 TDF 2050 지수,국내+해외,자산배분·TDF,일반,20260807
385540,KR7385540000,RISE 종합채권(A-이상)액티브,케이비자산운용,0.012,1933958495000,103205,103158.74,2021-05-26,채권,국내,실물(액티브),배당소득세(보유기간과세),KIS 종합채권 지수(A-이상)(총수익지수),한국,채권·금리,일반,20260807
183710,KR7183710003,RISE 주식혼합,케이비자산운용,0.25,17291000000,86455,86424.87,2013-10-17,혼합자산,국내,실물(패시브),배당소득세(보유기간과세),주식국채혼합(주식형)지수,한국,채권·금리,혼합,20260807
310080,KR7310080007,RISE 중국MSCI China(H),케이비자산운용,0.6,10965250000,9535,9562.35,2018-11-28,주식,해외,실물(패시브),배당소득세(보유기간과세),"MSCI China Index(USD, Price Return)",중국,광범위지수,일반,20260807
463300,KR7463300004,RISE 중국본토CSI300,케이비자산운용,0.05,22176000000,13860,13738.91,2023-08-08,주식,해외,실물(패시브),배당소득세(보유기간과세),CSI 300 Index,중국,광범위지수,일반,20260807
174360,KR7174360008,RISE 중국본토대형주CSI100,케이비자산운용,0.65,34300000000,24500,24371.83,2013-06-04,주식,해외,실물(패시브),배당소득세(해외주식투자전용ETF),CSI A100,중국,광범위지수,일반,20260807
136340,KR7136340007,RISE 중기우량회사채,케이비자산운용,0.07,276318800000,104350,104331.65,2011-04-15,채권,국내,실물(패시브),배당소득세(보유기간과세),KOBI 크레딧 지수(총수익),한국,채권·금리,일반,20260807
281990,KR7281990002,RISE 중소형고배당,케이비자산운용,0.3,9836750000,17885,17983.83,2017-11-02,주식,국내,실물(패시브),비과세,FnGuide 중소형고배당포커스 지수,한국,배당주,일반,20260807
272570,KR7272570003,RISE 중장기국공채액티브,케이비자산운용,0.07,6277050000,108225,108168.13,2017-06-29,채권,국내,실물(액티브),배당소득세(보유기간과세),KIS 종합채권국공채4~5Y지수,한국,채권·금리,일반,20260807
0164G0,KR70164G0008,RISE 차이나AI반도체TOP4Plus,케이비자산운용,0.45,28570500000,13605,13571.1,2026-03-10,주식,해외,실물(패시브),배당소득세(보유기간과세),Solactive China AI Semiconductor TOP 4 Plus Index,중국,반도체,일반,20260807
250730,KR7250730009,RISE 차이나HSCEI(H),케이비자산운용,0.021,17085000000,10050,10064.08,2016-08-10,주식,해외,실물(패시브),배당소득세(해외주식투자전용ETF),Hang Seng China H,중국,기타,일반,20260807
291680,KR7291680007,RISE 차이나H선물인버스(H),케이비자산운용,0.6,3825000000,7650,7741.78,2018-03-23,주식,해외,실물(패시브),배당소득세(보유기간과세),Hang Seng China Enterprises Futures Index(Price Return),중국,기타,일반,20260807
0094L0,KR70094L0006,RISE 차이나테크TOP10위클리타겟커버드콜,케이비자산운용,0.3,11809000000,8435,8312.2,2025-09-02,주식,해외,실물(패시브),배당소득세(보유기간과세),Bloomberg China Tech Select TOP 10 + 12% Target Premium Weekly Index,중국,AI·테크,커버드콜,20260807
371150,KR7371150004,RISE 차이나항셍테크,케이비자산운용,0.14,9470500000,7285,7283.66,2020-12-16,주식,해외,실물(패시브),배당소득세(보유기간과세),Hang Seng TECH Index,중국,AI·테크,일반,20260807
498860,KR7498860006,RISE 코리아금융고배당,케이비자산운용,0.1,37642500000,16730,16705.38,2024-12-10,주식,국내,실물(패시브),비과세,iSelect 코리아 금융 고배당 지수,한국,금융,일반,20260807
0094M0,KR70094M0005,RISE 코리아밸류업위클리고정커버드콜,케이비자산운용,0.3,172178000000,17480,17421.56,2025-09-02,주식,국내,실물(패시브),배당소득세(보유기간과세),코리아 밸류업 위클리 커버드콜 30% 지수,한국,배당주,커버드콜,20260807
495050,KR7495050007,RISE 코리아밸류업,케이비자산운용,0.008,899544000000,30390,30338.37,2024-11-04,주식,국내,실물(패시브),비과세,코리아 밸류업 지수,한국,배당주,일반,20260807
0151P0,KR70151P0002,RISE 코리아전략산업액티브,케이비자산운용,0.5,134335250000,13235,13231.87,2026-01-20,주식,국내,실물(액티브),배당소득세(보유기간과세),KAP 코리아전략산업지수,한국,기타,일반,20260807
278240,KR7278240007,RISE 코스닥150선물레버리지,케이비자산운용,0.329,56100100000,7490,7500.99,2017-08-31,주식,국내,실물(패시브),배당소득세(보유기간과세),F-코스닥150 지수,한국,광범위지수,일반,20260807
275750,KR7275750008,RISE 코스닥150선물인버스,케이비자산운용,0.32,2326500000,2585,2579.37,2017-08-01,주식,국내,실물(패시브),배당소득세(보유기간과세),F-코스닥150 지수,한국,광범위지수,일반,20260807
270810,KR7270810005,RISE 코스닥150,케이비자산운용,0.02,308598000000,13535,13524.25,2017-06-16,주식,국내,실물(패시브),비과세,코스닥 150,한국,광범위지수,일반,20260807
0223A0,KR70223A0003,RISE 코스닥커버드콜액티브,케이비자산운용,0.3,19670000000,9835,9891.46,2026-07-28,주식,국내,실물(액티브),배당소득세(보유기간과세),코스닥 150 타겟 15% 위클리 커버드콜 지수,한국,광범위지수,커버드콜,20260807
302450,KR7302450002,RISE 코스피,케이비자산운용,0.02,197335000000,64700,64815.66,2018-07-24,주식,국내,실물(패시브),비과세,코스피,한국,광범위지수,일반,20260807
0047P0,KR70047P0000,RISE 테슬라고정테크100,케이비자산운용,0.2,22599000000,14580,14499.73,2025-05-13,주식,해외,실물(패시브),배당소득세(보유기간과세),KEDI 테슬라고정테크100 지수(PR),미국,개별종목,일반,20260807
449580,KR7449580000,RISE 테슬라애플아마존채권혼합,케이비자산운용,0.24,17842000000,16220,16209.76,2022-12-20,혼합자산,해외,실물(패시브),배당소득세(보유기간과세),iSelect 테슬라 애플 아마존 채권혼합지수(Price Return),미국,개별종목,혼합,20260807
334700,KR7334700002,RISE 팔라듐선물인버스(H),케이비자산운용,0.6,2067000000,3180,3218.53,2019-09-24,원자재,해외,실물(패시브),배당소득세(보유기간과세),S&P GSCI Palladium Excess Return Index,글로벌,원자재·금,일반,20260807
334690,KR7334690005,RISE 팔라듐선물(H),케이비자산운용,0.6,4052750000,6235,6248.26,2019-09-24,원자재,해외,실물(패시브),배당소득세(보유기간과세),S&P GSCI Palladium Excess Return Index,글로벌,원자재·금,일반,20260807
0047R0,KR70047R0008,RISE 팔란티어고정테크100,케이비자산운용,0.2,26635000000,15220,15164.38,2025-05-13,주식,해외,실물(패시브),배당소득세(보유기간과세),KEDI 팔란티어고정테크100 지수(PR),미국,개별종목,일반,20260807
253280,KR7253280002,RISE 헬스케어,케이비자산운용,0.4,7477250000,13595,13580.39,2016-09-23,주식,국내,실물(패시브),비과세,FnGuide 헬스케어 지수,한국,바이오·헬스케어,일반,20260807
253290,KR7253290001,RISE 헬스케어채권혼합,케이비자산운용,0.35,21375000000,11875,11912.47,2016-09-23,혼합자산,국내,실물(패시브),배당소득세(보유기간과세),FnGuide 헬스케어 채권혼합 지수,한국,바이오·헬스케어,혼합,20260807
0190C0,KR70190C0000,RISE 현대차고정피지컬AI,케이비자산운용,0.4,505855500000,8445,8431.88,2026-05-12,주식,국내,실물(패시브),비과세,KEDI 현대차고정피지컬AI 지수,한국,개별종목,일반,20260807
407310,KR7407310002,HANARO 200 TOP10,엔에이치아문디자산운용,0.15,18785250000,16335,16312.71,2021-11-24,주식,국내,실물(패시브),비과세,코스피 200 Top 10 지수,한국,광범위지수,일반,20260807
332930,KR7332930007,HANARO 200TR,엔에이치아문디자산운용,0.07,186760000000,128800,128628.03,2019-08-28,주식,국내,실물(패시브),배당소득세(보유기간과세),코스피 200 TR,한국,광범위지수,일반,20260807
304780,KR7304780000,HANARO 200선물레버리지,엔에이치아문디자산운용,0.45,46190250000,102645,102557.15,2018-08-14,주식,국내,실물(패시브),배당소득세(보유기간과세),코스피 200 선물지수,한국,광범위지수,일반,20260807
306520,KR7306520008,HANARO 200선물인버스,엔에이치아문디자산운용,0.45,1608000000,2680,2689.5,2018-09-18,주식,국내,실물(패시브),배당소득세(보유기간과세),코스피 200 선물지수,한국,광범위지수,일반,20260807
293180,KR7293180006,HANARO 200,엔에이치아문디자산운용,0.036,423313500000,98445,98218.0,2018-03-30,주식,국내,실물(패시브),비과세,코스피 200,한국,광범위지수,일반,20260807
0123S0,KR70123S0004,HANARO 26-12 은행채(AA+이상)액티브,엔에이치아문디자산운용,0.02,63531250000,10165,10171.89,2025-12-16,채권,국내,실물(액티브),배당소득세(보유기간과세),KIS 은행채2612만기형 지수,한국,금융,일반,20260807
0091M0,KR70091M0008,HANARO 27-06 회사채(AA-이상)액티브,엔에이치아문디자산운용,0.02,105812350000,10145,10142.89,2025-08-26,채권,국내,실물(액티브),배당소득세(보유기간과세),KIS 회사채(AA-이상)2706만기형지수(총수익),한국,채권·금리,일반,20260807
448490,KR7448490003,HANARO 32-10 국고채액티브,엔에이치아문디자산운용,0.05,11915680000,53195,53123.53,2022-11-22,채권,국내,실물(액티브),배당소득세(보유기간과세),KAP 32-10 국고채 10년 총수익지수,한국,채권·금리,일반,20260807
454320,KR7454320003,HANARO CAPEX설비투자iSelect,엔에이치아문디자산운용,0.45,89375500000,41570,41479.85,2023-04-18,주식,국내,실물(패시브),비과세,iSelect CAPEX 설비투자 지수(시장가격),한국,기타,일반,20260807
395290,KR7395290000,HANARO Fn K-POP&미디어,엔에이치아문디자산운용,0.45,33062500000,5290,5313.47,2021-07-30,주식,국내,실물(패시브),비과세,FnGuide K-POP & 미디어 지수,한국,게임·엔터,일반,20260807
395280,KR7395280001,HANARO Fn K-게임,엔에이치아문디자산운용,0.45,8718500000,3710,3736.5,2021-07-30,주식,국내,실물(패시브),비과세,FnGuide K-게임 지수,한국,게임·엔터,일반,20260807
368190,KR7368190005,HANARO Fn K-뉴딜디지털플러스,엔에이치아문디자산운용,0.45,25776000000,8055,8036.89,2020-11-10,주식,국내,실물(패시브),비과세,FnGuide K-뉴딜 디지털 플러스 지수,한국,AI·테크,일반,20260807
402460,KR7402460000,HANARO Fn K-메타버스MZ,엔에이치아문디자산운용,0.45,7220000000,14440,14477.31,2021-10-13,주식,국내,실물(패시브),비과세,FnGuide K-메타버스 MZ 지수(시장가격),한국,AI·테크,일반,20260807
395270,KR7395270002,HANARO Fn K-반도체,엔에이치아문디자산운용,0.45,3085875000000,48750,48539.76,2021-07-30,주식,국내,실물(패시브),비과세,FnGuide K-반도체 지수,한국,반도체,일반,20260807
438900,KR7438900003,HANARO Fn K-푸드,엔에이치아문디자산운용,0.45,15073500000,11595,11583.73,2022-08-17,주식,국내,실물(패시브),비과세,FnGuide K-푸드 지수 (시장가격),한국,기타,일반,20260807
367740,KR7367740008,HANARO Fn5G산업,엔에이치아문디자산운용,0.45,21067750000,38305,38511.77,2020-10-29,주식,국내,실물(패시브),비과세,FnGuide 5G 산업 지수,한국,기타,일반,20260807
407300,KR7407300003,HANARO Fn골프테마,엔에이치아문디자산운용,0.45,5838250000,10615,10667.85,2021-11-24,주식,국내,실물(패시브),비과세,FnGuide 골프 테마 지수,한국,기타,일반,20260807
381560,KR7381560002,HANARO Fn전기&수소차,엔에이치아문디자산운용,0.45,34400000000,17200,17144.41,2021-04-02,주식,국내,실물(패시브),비과세,FnGuide 전기&수소차 지수 (시장가격),한국,에너지·원자력,일반,20260807
441540,KR7441540002,HANARO Fn조선해운,엔에이치아문디자산운용,0.45,75154500000,27835,27783.57,2022-09-15,주식,국내,실물(패시브),비과세,FnGuide 조선해운지수,한국,조선·기계,일반,20260807
381570,KR7381570001,HANARO Fn친환경에너지,엔에이치아문디자산운용,0.45,8376750000,9855,9903.12,2021-04-02,주식,국내,실물(패시브),비과세,FnGuide 친환경에너지 지수 (시장가격),한국,에너지·원자력,일반,20260807
479850,KR7479850000,HANARO K-뷰티,엔에이치아문디자산운용,0.45,27225000000,18150,18192.23,2024-04-16,주식,국내,실물(패시브),비과세,FnGuide K-뷰티 지수,한국,기타,일반,20260807
453060,KR7453060006,HANARO KOFR금리액티브(합성),엔에이치아문디자산운용,0.05,12232550000,111205,111195.7,2023-03-14,기타,국내,합성(액티브),배당소득세(보유기간과세),KOFR 지수,한국,채권·금리,일반,20260807
304760,KR7304760002,HANARO KRX300,엔에이치아문디자산운용,0.05,16984000000,42460,42701.49,2018-08-14,주식,국내,실물(패시브),비과세,KRX 300,한국,광범위지수,일반,20260807
322410,KR7322410002,HANARO K고배당,엔에이치아문디자산운용,0.07,40407500000,23090,23188.19,2019-04-23,주식,국내,실물(패시브),비과세,FnGuide 고배당 알파 지수,한국,배당주,일반,20260807
0155N0,KR70155N0000,HANARO K휴머노이드테마TOP10,엔에이치아문디자산운용,0.45,31180500000,7605,7633.58,2026-02-26,주식,국내,실물(패시브),비과세,iSelect K휴머노이드테마TOP10 지수,한국,기타,일반,20260807
332940,KR7332940006,HANARO MSCI Korea TR,엔에이치아문디자산운용,0.12,103668000000,43195,43415.61,2019-08-28,주식,국내,실물(패시브),배당소득세(보유기간과세),MSCI Korea TR Index,한국,광범위지수,일반,20260807
322400,KR7322400003,HANARO e커머스,엔에이치아문디자산운용,0.45,34940500000,10430,10463.14,2019-04-23,주식,국내,실물(패시브),비과세,FnGuide E커머스 지수,한국,기타,일반,20260807
473640,KR7473640001,HANARO 글로벌금채굴기업,엔에이치아문디자산운용,0.15,63480000000,31740,31074.97,2024-01-18,주식,해외,실물(패시브),배당소득세(보유기간과세),NYSE Arca Gold Miners Index (Price Return),미국,원자재·금,일반,20260807
354350,KR7354350001,HANARO 글로벌럭셔리S&P(합성),엔에이치아문디자산운용,0.5,10717200000,20610,20885.15,2020-05-12,주식,해외,합성(패시브),배당소득세(보유기간과세),S&P Global Luxury Index,글로벌,기타,일반,20260807
461340,KR7461340002,HANARO 글로벌생성형AI액티브,엔에이치아문디자산운용,0.6,47839000000,43490,43177.28,2023-07-11,주식,해외,실물(액티브),배당소득세(보유기간과세),Solactive United States Technology 100 Index(Price Return),미국,AI·테크,일반,20260807
401590,KR7401590005,HANARO 글로벌탄소배출권선물ICE(합성),엔에이치아문디자산운용,0.5,5852250000,11475,11464.16,2021-09-30,기타,해외,합성(패시브),배당소득세(보유기간과세),ICE Global Carbon Futures Index(Excess Return),글로벌,기타,일반,20260807
0040S0,KR70040S0004,HANARO 글로벌피지컬AI액티브,엔에이치아문디자산운용,0.6,62946000000,24210,23970.58,2025-04-22,주식,해외,실물(액티브),배당소득세(보유기간과세),Solactive Physical AI Index,기타,AI·테크,일반,20260807
314700,KR7314700006,HANARO 농업융복합산업,엔에이치아문디자산운용,0.5,6135250000,11155,11231.55,2018-12-21,주식,국내,실물(패시브),비과세,FnGuide 농업융복합산업 지수(시장가격),한국,소비재,일반,20260807
486830,KR7486830003,HANARO 머니마켓액티브,엔에이치아문디자산운용,0.04,146749200000,53170,53179.4,2024-07-16,채권,국내,실물(액티브),배당소득세(보유기간과세),KIS-NH Amundi MMF지수,한국,채권·금리,일반,20260807
0215T0,KR70215T0002,HANARO 미국AI광통신TOP10,엔에이치아문디자산운용,0.45,8577000000,9530,9259.94,2026-07-14,주식,해외,실물(패시브),배당소득세(보유기간과세),Indxx US AI Optical Communication TOP10 Index(PR),미국,AI·테크,일반,20260807
0181B0,KR70181B0002,HANARO 미국AI메모리반도체TOP4+,엔에이치아문디자산운용,0.45,121014000000,9720,9571.45,2026-05-12,주식,해외,실물(패시브),배당소득세(보유기간과세),Solactive US AI Memory Semiconductor Top4+ Index,미국,반도체,일반,20260807
0219Z0,KR70219Z0000,HANARO 미국S&P500액티브,엔에이치아문디자산운용,0.5,8484000000,10605,10602.13,2026-08-04,주식,해외,실물(액티브),배당소득세(보유기간과세),S&P 500,미국,광범위지수,일반,20260807
432840,KR7432840007,HANARO 미국S&P500,엔에이치아문디자산운용,0.045,16300000000,20375,20328.44,2022-06-08,주식,해외,실물(패시브),배당소득세(보유기간과세),S&P 500,미국,광범위지수,일반,20260807
498050,KR7498050004,HANARO 바이오코리아액티브,엔에이치아문디자산운용,0.5,11340000000,11340,11404.68,2024-11-26,주식,국내,실물(액티브),배당소득세(보유기간과세),iSelect K-바이오헬스케어,한국,바이오·헬스케어,일반,20260807
476260,KR7476260005,HANARO 반도체핵심공정주도주,엔에이치아문디자산운용,0.45,47794500000,11115,11108.21,2024-02-27,주식,국내,실물(패시브),비과세,FnGuide 반도체 핵심공정 지수,한국,반도체,일반,20260807
434730,KR7434730008,HANARO 원자력iSelect,엔에이치아문디자산운용,0.45,673791000000,56860,56957.38,2022-06-28,주식,국내,실물(패시브),비과세,iSelect 원자력지수 (시장가격),한국,에너지·원자력,일반,20260807
0082F0,KR70082F0008,HANARO 유럽방산,엔에이치아문디자산운용,0.35,8050000000,11500,11460.65,2025-07-29,주식,해외,실물(패시브),배당소득세(보유기간과세),Stoxx 유럽 방산 지수,유럽,방산·우주,일반,20260807
491820,KR7491820007,HANARO 전력설비투자,엔에이치아문디자산운용,0.35,150084000000,41690,41559.43,2024-09-24,주식,국내,실물(패시브),비과세,iSelect 전력설비투자 지수,한국,에너지·원자력,일반,20260807
461500,KR7461500001,HANARO 종합채권(AA-이상)액티브,엔에이치아문디자산운용,0.02,95507980000,105185,105267.08,2023-10-26,채권,국내,실물(액티브),배당소득세(보유기간과세),KAP 종합채권 총수익지수(AA-이상),한국,채권·금리,일반,20260807
0191W0,KR70191W0005,HANARO 중기종합채권(A-이상)액티브,엔에이치아문디자산운용,0.05,103437875000,100915,100893.24,2026-05-19,채권,국내,실물(액티브),배당소득세(보유기간과세),KIS 중기종합채권시장 A-이상 총수익지수,한국,채권·금리,일반,20260807
0111J0,KR70111J0009,HANARO 증권고배당TOP3플러스,엔에이치아문디자산운용,0.07,57694000000,12680,12650.8,2025-10-28,주식,국내,실물(패시브),비과세,FnGuide 증권 고배당 TOP3 플러스 지수,한국,금융,일반,20260807
495750,KR7495750002,HANARO 코리아밸류업,엔에이치아문디자산운용,0.026,73414250000,29965,30078.83,2024-11-04,주식,국내,실물(패시브),비과세,코리아 밸류업 지수,한국,배당주,일반,20260807
306530,KR7306530007,HANARO 코스닥150선물레버리지,엔에이치아문디자산운용,0.45,3082000000,6700,6702.41,2018-09-18,주식,국내,실물(패시브),배당소득세(보유기간과세),F-코스닥150 지수,한국,광범위지수,일반,20260807
304770,KR7304770001,HANARO 코스닥150,엔에이치아문디자산운용,0.2,19899800000,13630,13614.71,2018-08-14,주식,국내,실물(패시브),비과세,코스닥 150,한국,광범위지수,일반,20260807
375760,KR7375760006,HANARO 탄소효율그린뉴딜,엔에이치아문디자산운용,0.2,19998000000,22220,22361.47,2021-02-05,주식,국내,실물(패시브),비과세,KRX/S&P 탄소효율 그린뉴딜지수,한국,기타,일반,20260807
0007N0,KR70007N0000,아이엠에셋 200,아이엠에셋자산운용,0.05,88893000000,98770,98411.49,2025-02-11,주식,국내,실물(패시브),비과세,코스피 200,한국,광범위지수,일반,20260807
491510,KR7491510004,파워 K-주주가치액티브,교보악사자산운용,0.405,15844500000,17605,17723.45,2024-09-24,주식,국내,실물(액티브),배당소득세(보유기간과세),FnGuide K-주주가치 지수,한국,배당주,일반,20260807
140950,KR7140950007,파워 코스피100,교보악사자산운용,0.155,43187200000,77120,76919.39,2011-05-03,주식,국내,실물(패시브),비과세,코스피 100,한국,광범위지수,일반,20260807
152870,KR7152870002,파워 200,교보악사자산운용,0.145,138565000000,98975,98869.25,2012-02-13,주식,국내,실물(패시브),비과세,코스피 200,한국,광범위지수,일반,20260807
192720,KR7192720001,파워 고배당저변동성,교보악사자산운용,0.23,30319500000,59450,59509.65,2014-02-20,주식,국내,실물(패시브),비과세,코스피 200 고배당지수,한국,배당주,일반,20260807
498180,KR7498180009,파워 종합채권(AA-이상)액티브,교보악사자산운용,0.036,113805440000,93590,93539.27,2024-11-26,채권,국내,실물(액티브),배당소득세(보유기간과세),"KIS 한국종합채권지수(AA-이상, 총수익)",한국,채권·금리,일반,20260807
486240,KR7486240005,DAISHIN343 AI반도체&인프라액티브,대신자산운용,0.36,82912000000,25910,26091.23,2024-06-18,주식,국내,실물(액티브),배당소득세(보유기간과세),FnGuide AI반도체&인프라 지수,한국,반도체,일반,20260807
434960,KR7434960001,DAISHIN343 K200,대신자산운용,0.1,69121500000,98745,98554.65,2022-06-28,주식,국내,실물(패시브),비과세,코스피 200,한국,광범위지수,일반,20260807
0189Z0,KR70189Z0006,DAISHIN343 금융&지주고배당,대신자산운용,0.24,10310000000,10310,10362.45,2026-06-09,주식,국내,실물(패시브),비과세,KRX-Akros 금융 & 지주 고배당 지수,한국,금융,일반,20260807
0174J0,KR70174J0003,DAISHIN343 오피스리츠플러스,대신자산운용,0.19,5295000000,8825,8847.7,2026-03-31,부동산,국내,실물(패시브),비과세(분리과세부동산ETF),KRX 프라임 오피스 리츠 지수,한국,리츠·부동산,일반,20260807
0053M0,KR70053M0004,더제이 중소형포커스액티브,더제이자산운용,0.685,5856750000,13015,13018.35,2025-07-22,주식,국내,실물(액티브),배당소득세(보유기간과세),코스피 200 중소형주지수,한국,광범위지수,일반,20260807
0220B0,KR70220B0005,DS 코스닥액티브,디에스자산운용,1.0,40942000000,9305,9292.89,2026-07-14,주식,국내,실물(액티브),배당소득세(보유기간과세),코스닥,한국,광범위지수,일반,20260807
0214M0,KR70214M0000,MIDAS 바이오헬스케어액티브,마이다스에셋,0.62,9775000000,11500,11505.07,2026-07-28,주식,국내,실물(액티브),배당소득세(보유기간과세),KRX 헬스케어,한국,바이오·헬스케어,일반,20260807
488290,KR7488290008,MIDAS 일본테크액티브,마이다스에셋,0.65,15806000000,45160,45233.18,2024-08-06,주식,해외,실물(액티브),배당소득세(보유기간과세),Solactive Japan Tech Top 30 지수(PR),일본,AI·테크,일반,20260807
438740,KR7438740003,MIDAS 중소형액티브,마이다스에셋,0.62,7311375000,32495,32651.52,2022-08-17,주식,국내,실물(액티브),배당소득세(보유기간과세),코스피 중형주,한국,광범위지수,일반,20260807
0191B0,KR70191B0000,MIDAS 코스닥액티브,마이다스에셋,0.62,5464000000,27320,27382.89,2026-05-19,주식,국내,실물(액티브),배당소득세(보유기간과세),코스닥,한국,광범위지수,일반,20260807
403790,KR7403790009,MIDAS 코스피액티브,마이다스에셋,0.29,154337625000,52765,52788.99,2021-10-13,주식,국내,실물(액티브),배당소득세(보유기간과세),코스피,한국,광범위지수,일반,20260807
0139F0,KR70139F0001,TIGER 12월자동연장금융채(AA-이상)액티브,미래에셋자산운용,0.1,1028068080000,101910,101901.95,2025-12-09,채권,국내,실물(액티브),배당소득세(보유기간과세),KIS 12월 만기 자동연장금융채(AA-이상) 총수익지수,한국,금융,일반,20260807
310960,KR7310960000,TIGER 200TR,미래에셋자산운용,0.09,321020000000,57325,57241.02,2018-11-20,주식,국내,실물(패시브),배당소득세(보유기간과세),코스피 200 TR,한국,광범위지수,일반,20260807
227550,KR7227550001,TIGER 200 산업재,미래에셋자산운용,0.4,4127600000,12140,12191.87,2015-09-23,주식,국내,실물(패시브),비과세,코스피 200 산업재,한국,광범위지수,일반,20260807
227560,KR7227560000,TIGER 200 생활소비재,미래에셋자산운용,0.4,3201600000,13340,13351.63,2015-09-23,주식,국내,실물(패시브),비과세,코스피 200 생활소비재,한국,소비재,일반,20260807
102110,KR7102110004,TIGER 200,미래에셋자산운용,0.05,9282546000000,98280,98105.65,2008-04-03,주식,국내,실물(패시브),비과세,코스피 200,한국,광범위지수,일반,20260807
243880,KR7243880002,TIGER 200IT레버리지,미래에셋자산운용,0.63,372780000000,261600,260433.26,2016-05-13,주식,국내,실물(패시브),배당소득세(보유기간과세),코스피 200 정보기술,한국,광범위지수,일반,20260807
252000,KR7252000005,TIGER 200동일가중,미래에셋자산운용,0.21,9672500000,19345,19375.25,2016-09-20,주식,국내,실물(패시브),비과세,코스피 200 동일가중지수,한국,광범위지수,일반,20260807
267770,KR7267770006,TIGER 200선물레버리지,미래에셋자산운용,0.022,167004000000,69585,69464.37,2017-04-25,주식,국내,실물(패시브),배당소득세(보유기간과세),코스피 200 선물지수,한국,광범위지수,일반,20260807
252710,KR7252710009,TIGER 200선물인버스2X,미래에셋자산운용,0.022,29161600000,104,105.68,2016-09-22,주식,국내,실물(패시브),배당소득세(보유기간과세),코스피 200 선물지수,한국,광범위지수,일반,20260807
243890,KR7243890001,TIGER 200에너지화학레버리지,미래에셋자산운용,0.69,4121250000,7850,7853.52,2016-05-13,주식,국내,실물(패시브),배당소득세(보유기간과세),코스피 200 에너지/화학,한국,에너지·원자력,일반,20260807
315270,KR7315270009,TIGER 200커뮤니케이션서비스,미래에셋자산운용,0.4,6489600000,20280,20296.47,2019-01-15,주식,국내,실물(패시브),비과세,코스피 200 커뮤니케이션서비스,한국,광범위지수,일반,20260807
166400,KR7166400002,TIGER 200커버드콜OTM,미래에셋자산운용,0.38,10592500000,21185,21350.75,2012-10-25,주식,국내,실물(패시브),배당소득세(보유기간과세),코스피 200 커버드콜 5% OTM,한국,광범위지수,커버드콜,20260807
0104N0,KR70104N0002,TIGER 200타겟위클리커버드콜,미래에셋자산운용,0.25,198224000000,19060,19032.43,2025-09-23,주식,국내,실물(패시브),배당소득세(보유기간과세),코스피 200 타겟 7% 위클리 커버드콜 지수,한국,광범위지수,커버드콜,20260807
227540,KR7227540002,TIGER 200 헬스케어,미래에셋자산운용,0.4,34043100000,19565,19633.68,2015-09-23,주식,국내,실물(패시브),비과세,코스피 200 헬스케어,한국,바이오·헬스케어,일반,20260807
480260,KR7480260009,TIGER 27-04회사채(A+이상)액티브,미래에셋자산운용,0.1,439966800000,53720,53717.79,2024-04-23,채권,국내,실물(액티브),배당소득세(보유기간과세),KIS 회사채2704만기형 지수 (총수익 지수),한국,채권·금리,일반,20260807
0094K0,KR70094K0007,TIGER 28-04 회사채(A+이상)액티브,미래에셋자산운용,0.1,275125725000,99575,99582.9,2025-08-26,채권,국내,실물(액티브),배당소득세(보유기간과세),KIS 회사채 2804만기형 지수(총수익),한국,채권·금리,일반,20260807
364980,KR7364980003,TIGER 2차전지TOP10,미래에셋자산운용,0.4,631955000000,9700,9702.55,2020-10-07,주식,국내,실물(패시브),비과세,KRX 2차전지 TOP 10 지수,한국,2차전지,일반,20260807
412570,KR7412570004,TIGER 2차전지TOP10레버리지,미래에셋자산운용,0.29,159236850000,1137,1134.41,2021-12-15,주식,국내,실물(패시브),배당소득세(보유기간과세),KRX 2차전지 TOP 10 지수,한국,2차전지,일반,20260807
462010,KR7462010000,TIGER 2차전지소재Fn,미래에셋자산운용,0.39,501120000000,4640,4647.74,2023-07-13,주식,국내,실물(패시브),비과세,FnGuide 2차전지소재 (Price Return) 지수,한국,2차전지,일반,20260807
305540,KR7305540007,TIGER 2차전지테마,미래에셋자산운용,0.44,867694500000,17690,17644.65,2018-09-12,주식,국내,실물(패시브),비과세,WISE 2차전지 테마 지수,한국,2차전지,일반,20260807
471760,KR7471760009,TIGER AI반도체핵심공정,미래에셋자산운용,0.45,110925000000,12325,12322.01,2023-11-21,주식,국내,실물(패시브),비과세,iSelect AI반도체핵심공정지수,한국,반도체,일반,20260807
365040,KR7365040005,TIGER AI코리아그로스액티브,미래에셋자산운용,0.4,69153000000,32930,32924.47,2020-09-29,주식,국내,실물(액티브),배당소득세(보유기간과세),코스피,한국,광범위지수,일반,20260807
364960,KR7364960005,TIGER BBIG,미래에셋자산운용,0.4,80828000000,6680,6700.31,2020-10-07,주식,국내,실물(패시브),비과세,KRX BBIG 지수,한국,기타,일반,20260807
412560,KR7412560005,TIGER BBIG레버리지,미래에셋자산운용,0.59,1209000000,1860,1871.75,2021-12-15,주식,국내,실물(패시브),배당소득세(보유기간과세),KRX BBIG 지수,한국,기타,일반,20260807
475630,KR7475630000,TIGER CD1년금리액티브(합성),미래에셋자산운용,0.009,1462871797500,1073825,1073665.53,2024-02-06,기타,국내,합성(액티브),배당소득세(보유기간과세),KIS CD 1Y 총수익지수,한국,기타,일반,20260807
357870,KR7357870005,TIGER CD금리투자KIS(합성),미래에셋자산운용,0.03,3550978500000,57875,57871.37,2020-07-07,기타,국내,합성(패시브),배당소득세(보유기간과세),KIS CD Index(총수익),한국,기타,일반,20260807
499660,KR7499660009,TIGER CD금리플러스액티브(합성),미래에셋자산운용,0.009,479054670000,1000950,1000848.84,2024-12-17,기타,국내,합성(액티브),배당소득세(보유기간과세),KIS CD+CPI연동금리 월분배 지수,한국,채권·금리,일반,20260807
400970,KR7400970000,TIGER Fn메타버스,미래에셋자산운용,0.45,39678000000,7780,7821.71,2021-10-13,주식,국내,실물(패시브),비과세,FnGuide 메타버스테마 지수,한국,AI·테크,일반,20260807
377990,KR7377990007,TIGER Fn신재생에너지,미래에셋자산운용,0.5,114508500000,23610,23523.91,2021-03-05,주식,국내,실물(패시브),비과세,FnGuide 신재생에너지 지수,한국,에너지·원자력,일반,20260807
417630,KR7417630001,TIGER KEDI혁신기업ESG30,미래에셋자산운용,0.5,19451250000,18525,18581.14,2022-02-08,주식,국내,실물(패시브),비과세,KEDI 혁신기업ESG30 지수(시장가격 지수),한국,광범위지수,일반,20260807
292160,KR7292160009,TIGER KRX300,미래에셋자산운용,0.07,21737500000,43475,43544.14,2018-03-26,주식,국내,실물(패시브),비과세,KRX 300,한국,광범위지수,일반,20260807
0072R0,KR70072R0006,TIGER KRX금현물,미래에셋자산운용,0.15,1206852000000,13040,13043.23,2025-06-24,원자재,국내,실물(패시브),배당소득세(보유기간과세),KRX 금현물지수,한국,기타,일반,20260807
404540,KR7404540007,TIGER KRX기후변화솔루션,미래에셋자산운용,0.09,8898000000,22245,22371.99,2021-10-29,주식,국내,실물(패시브),비과세,KRX 기후변화 솔루션지수,한국,기타,일반,20260807
300610,KR7300610003,TIGER K게임,미래에셋자산운용,0.5,13776000000,5740,5721.03,2018-07-24,주식,국내,실물(패시브),비과세,WISE K게임 테마 지수,한국,게임·엔터,일반,20260807
138530,KR7138530001,TIGER LG그룹플러스,미래에셋자산운용,0.15,81221400000,12015,12079.82,2011-03-10,주식,국내,실물(패시브),비과세,MKF LG그룹+ FW,한국,기타,일반,20260807
445910,KR7445910003,TIGER MKF배당귀족,미래에셋자산운용,0.2,19802750000,20845,20978.21,2022-10-18,주식,국내,실물(패시브),비과세,MKF 배당귀족 지수(시장가격지수),한국,배당주,일반,20260807
289260,KR7289260002,TIGER MSCI KOREA ESG리더스,미래에셋자산운용,0.4,15975000000,26625,26618.88,2018-02-07,주식,국내,실물(패시브),비과세,MSCI Korea Country ESG Leaders Capped Index,한국,광범위지수,일반,20260807
289250,KR7289250003,TIGER MSCI KOREA ESG유니버설,미래에셋자산운용,0.4,21862650000,31685,31856.69,2018-02-07,주식,국내,실물(패시브),비과세,MSCI Korea ESG Universal Index,한국,광범위지수,일반,20260807
310970,KR7310970009,TIGER MSCI Korea TR,미래에셋자산운용,0.12,3941174000000,43405,43566.98,2018-11-20,주식,국내,실물(패시브),배당소득세(보유기간과세),MSCI Korea TR Index,한국,광범위지수,일반,20260807
0000D0,KR70000D0009,TIGER 엔비디아미국채커버드콜밸런스(합성),미래에셋자산운용,0.39,64253000000,9380,9346.83,2024-12-17,혼합자산,해외,합성(패시브),배당소득세(보유기간과세),KEDI 엔비디아미국채30년타겟커버드콜혼합지수(TR),미국,개별종목,커버드콜,20260807
143850,KR7143850006,TIGER 미국S&P500선물(H),미래에셋자산운용,0.23,91462000000,77840,77779.95,2011-07-18,주식,해외,실물(패시브),배당소득세(보유기간과세),S&P 500 Futures Index(ER),미국,광범위지수,일반,20260807
269370,KR7269370003,TIGER S&P글로벌인프라(합성),미래에셋자산운용,0.4,12439000000,17770,17761.62,2017-05-16,주식,해외,합성(패시브),배당소득세(보유기간과세),S&P Global Infrastructure Index,글로벌,기타,일반,20260807
0195S0,KR70195S0007,TIGER SK하이닉스단일종목레버리지,미래에셋자산운용,0.09,1116632250000,6290,6305.99,2026-05-27,주식,국내,실물(패시브),배당소득세(보유기간과세),KRX SK하이닉스 지수,한국,개별종목,일반,20260807
453950,KR7453950008,TIGER TSMC파운드리밸류체인,미래에셋자산운용,0.49,65568750000,33625,33884.35,2023-04-04,주식,해외,실물(패시브),배당소득세(보유기간과세),FactSet TSMC 파운드리 밸류체인 지수(시장가격지수),대만,개별종목,일반,20260807
364990,KR7364990002,TIGER 게임TOP10,미래에셋자산운용,0.4,22886500000,5030,5063.85,2020-10-07,주식,국내,실물(패시브),비과세,KRX 게임 TOP 10 지수,한국,게임·엔터,일반,20260807
139280,KR7139280002,TIGER 경기방어,미래에셋자산운용,0.4,42656400000,13005,13027.78,2011-04-06,주식,국내,실물(패시브),비과세,코스피 200 경기방어소비재,한국,소비재,일반,20260807
237440,KR7237440003,TIGER 경기방어채권혼합,미래에셋자산운용,0.18,10390000000,10390,10379.22,2016-01-27,혼합자산,국내,실물(패시브),배당소득세(보유기간과세),경기방어소비재 채권혼합 지수,한국,소비재,혼합,20260807
319640,KR7319640009,TIGER 골드선물(H),미래에셋자산운용,0.39,111320000000,25300,25048.58,2019-04-09,원자재,해외,실물(패시브),배당소득세(보유기간과세),S&P GSCI Gold Index(TR),글로벌,원자재·금,일반,20260807
0190Y0,KR70190Y0004,TIGER 구글밸류체인,미래에셋자산운용,0.45,71877000000,9215,9150.8,2026-05-12,주식,해외,실물(패시브),배당소득세(보유기간과세),Akros Google Value Chain 지수 (Price Return),미국,기타,일반,20260807
160580,KR7160580007,TIGER 구리실물,미래에셋자산운용,0.83,173349000000,16830,16933.52,2012-12-17,원자재,해외,실물(패시브),배당소득세(보유기간과세),S&P GSCI Cash Copper Index,글로벌,원자재·금,일반,20260807
114820,KR7114820004,TIGER 국채3년,미래에셋자산운용,0.15,123113250000,105225,105211.77,2009-08-27,채권,국내,실물(패시브),배당소득세(보유기간과세),KTB INDEX(시장가격),한국,채권·금리,일반,20260807
464310,KR7464310002,TIGER 글로벌AI&로보틱스 INDXX,미래에셋자산운용,0.49,121636500000,14655,14625.85,2023-08-17,주식,해외,실물(패시브),배당소득세(보유기간과세),Indxx Global Robotics & Artificial Intelligence Thematic Index(PR),글로벌,AI·테크,일반,20260807
418670,KR7418670006,TIGER 글로벌AI사이버보안,미래에셋자산운용,0.49,45916000000,17660,17448.62,2022-02-22,주식,해외,실물(패시브),배당소득세(보유기간과세),Indxx Cybersecurity 지수 (PR),기타,기타,일반,20260807
466950,KR7466950003,TIGER 글로벌AI액티브,미래에셋자산운용,0.79,585778250000,31175,30877.13,2023-10-11,주식,해외,실물(액티브),배당소득세(보유기간과세),Indxx Artificial Intelligence and Big Data 지수(PR),기타,AI·테크,일반,20260807
440340,KR7440340008,TIGER 글로벌멀티에셋TIF액티브,미래에셋자산운용,0.55,26402000000,12280,12285.29,2022-08-30,혼합자산,해외,실물(액티브),배당소득세(보유기간과세),INDXX 멀티에셋인컴 지수(시장가격 지수),기타,배당주,일반,20260807
476690,KR7476690003,TIGER 글로벌비만치료제TOP2Plus,미래에셋자산운용,0.45,34448000000,10765,10756.74,2024-02-29,주식,해외,실물(패시브),배당소득세(보유기간과세),Indxx Global Obesity Treatment Top 2 Plus 지수 (시장가격),글로벌,바이오·헬스케어,일반,20260807
480310,KR7480310002,TIGER 글로벌온디바이스AI,미래에셋자산운용,0.49,54243000000,20090,19978.21,2024-04-16,주식,해외,실물(패시브),배당소득세(보유기간과세),Mirae Asset Global On-Device AI 지수 (PR),글로벌,AI·테크,일반,20260807
387270,KR7387270002,TIGER 글로벌이노베이션액티브,미래에셋자산운용,0.55,29711550000,24555,24532.23,2021-05-25,주식,해외,실물(액티브),배당소득세(보유기간과세),NASDAQ 100,미국,광범위지수,일반,20260807
371450,KR7371450008,TIGER 글로벌클라우드컴퓨팅INDXX,미래에셋자산운용,0.49,20672000000,13600,13282.51,2020-12-08,주식,해외,실물(패시브),배당소득세(보유기간과세),Indxx Global Cloud Computing Index(PR),글로벌,AI·테크,일반,20260807
248270,KR7248270001,TIGER S&P글로벌헬스케어(합성),미래에셋자산운용,0.4,30483600000,26740,26450.58,2016-07-01,주식,해외,합성(패시브),배당소득세(보유기간과세),S&P Global 1200 Health Care Index,글로벌,바이오·헬스케어,일반,20260807
464930,KR7464930007,TIGER 글로벌혁신블루칩TOP10,미래에셋자산운용,0.48,122752000000,21920,21837.03,2023-08-29,주식,해외,실물(패시브),배당소득세(보유기간과세),Mirae Asset Global Innovative Bluechip Top 10 Index(PR),글로벌,기타,일반,20260807
139320,KR7139320006,TIGER 금은선물(H),미래에셋자산운용,0.69,39468000000,17940,17710.56,2011-04-08,원자재,해외,실물(패시브),배당소득세(보유기간과세),S&P GSCI Precious Metals Index(TR),글로벌,원자재·금,일반,20260807
0168K0,KR70168K0008,TIGER 기술이전바이오액티브,미래에셋자산운용,0.5,137365000000,6620,6608.73,2026-03-17,주식,국내,실물(액티브),배당소득세(보유기간과세),KRX 기술이전 바이오 지수,한국,바이오·헬스케어,일반,20260807
137610,KR7137610002,TIGER 농산물선물Enhanced(H),미래에셋자산운용,0.69,12167000000,5290,5284.5,2011-01-11,원자재,해외,실물(패시브),배당소득세(보유기간과세),S&P GSCI Agriculture Enhanced Index(ER),글로벌,소비재,일반,20260807
272580,KR7272580002,TIGER 단기채권액티브,미래에셋자산운용,0.06,730433730000,56985,56985.77,2017-06-29,채권,국내,실물(액티브),배당소득세(보유기간과세),KIS MSB 6M PLUS 지수,한국,기타,일반,20260807
157450,KR7157450008,TIGER 단기통안채,미래에셋자산운용,0.07,1254948840000,112360,112356.77,2012-05-16,채권,국내,실물(패시브),배당소득세(보유기간과세),KIS MSB 6M(총수익),한국,기타,일반,20260807
105010,KR7105010003,TIGER 라틴35,미래에셋자산운용,0.49,9051000000,6465,6450.46,2008-08-27,주식,해외,실물(패시브),배당소득세(해외주식투자전용ETF),BNY Latin America 35 ADR,기타,기타,일반,20260807
123320,KR7123320004,TIGER 레버리지,미래에셋자산운용,0.022,219492000000,91455,91224.91,2010-04-09,주식,국내,실물(패시브),배당소득세(보유기간과세),코스피 200,한국,광범위지수,일반,20260807
0086B0,KR70086B0008,TIGER 리츠부동산인프라TOP10액티브,미래에셋자산운용,0.06,46917500000,9575,9627.29,2025-07-29,부동산,국내,실물(액티브),배당소득세(분리과세부동산ETF),KEDI 리츠부동산인프라TOP10지수 (Price Return),한국,리츠·부동산,일반,20260807
341850,KR7341850006,TIGER 리츠부동산인프라채권,미래에셋자산운용,0.22,9100000000,4550,4582.61,2020-05-22,혼합자산,국내,실물(패시브),배당소득세(분리과세부동산ETF),KIS 리츠부동산인프라채권PR 지수,한국,리츠·부동산,일반,20260807
329200,KR7329200000,TIGER 리츠부동산인프라,미래에셋자산운용,0.08,1514542500000,4055,4060.09,2019-07-19,부동산,국내,실물(패시브),비과세,FnGuide 리츠부동산인프라,한국,리츠·부동산,일반,20260807
0086C0,KR70086C0007,TIGER 리츠부동산인프라10채권혼합액티브,미래에셋자산운용,0.15,17228750000,9845,9870.37,2025-07-29,혼합자산,국내,실물(액티브),배당소득세(보유기간과세),KEDI 리츠부동산인프라TOP10채권혼합지수 (Price Return),한국,리츠·부동산,혼합,20260807
0043B0,KR70043B0000,TIGER 머니마켓액티브,미래에셋자산운용,0.04,3018400840000,103285,103277.58,2025-04-22,채권,국내,실물(액티브),배당소득세(보유기간과세),KIS-미래에셋 MMF지수,한국,채권·금리,일반,20260807
147970,KR7147970008,TIGER 모멘텀,미래에셋자산운용,0.23,37488000000,78100,78461.56,2011-10-26,주식,국내,실물(패시브),비과세,FnGuide 모멘텀 지수,한국,기타,일반,20260807
458250,KR7458250008,TIGER 미국30년국채스트립액티브(합성 H),미래에셋자산운용,0.15,393335910000,34485,34645.37,2023-05-31,채권,해외,합성(액티브),배당소득세(보유기간과세),ICE BofA Long US Treasury Principal STRIPS Index,미국,채권·금리,일반,20260807
0142D0,KR70142D0008,TIGER 미국AI데이터센터TOP4Plus,미래에셋자산운용,0.49,90579750000,10235,10075.05,2025-12-09,주식,해외,실물(패시브),배당소득세(보유기간과세),Akros U.S. AI Data Center TOP4 Plus 지수(PR),미국,AI·테크,일반,20260807
491830,KR7491830006,TIGER 미국AI반도체팹리스,미래에셋자산운용,0.49,38819500000,22835,22668.81,2024-09-24,주식,해외,실물(패시브),배당소득세(보유기간과세),Mirae Asset US AI Fabless 지수(PR),미국,AI·테크,일반,20260807
490090,KR7490090008,TIGER 미국AI빅테크10,미래에셋자산운용,0.3,218360000000,16480,16451.61,2024-08-27,주식,해외,실물(패시브),배당소득세(보유기간과세),KEDI 미국AI빅테크10 지수(PR),미국,AI·테크,일반,20260807
493810,KR7493810006,TIGER 미국AI빅테크10타겟데일리커버드콜,미래에셋자산운용,0.25,250200000000,12000,11970.76,2024-10-15,주식,해외,실물(패시브),배당소득세(보유기간과세),KEDI 미국AI빅테크10+15%데일리프리미엄 지수(TR),미국,AI·테크,일반,20260807
0102A0,KR70102A0009,TIGER 미국AI소프트웨어TOP4Plus,미래에셋자산운용,0.49,68909750000,8155,8064.27,2025-09-09,주식,해외,실물(패시브),배당소득세(보유기간과세),Akros U.S. AI Software TOP4 Plus 지수 (Price Return),미국,AI·테크,일반,20260807
0123G0,KR70123G0008,TIGER 미국AI전력SMR,미래에셋자산운용,0.49,130803750000,6795,6705.77,2025-11-04,주식,해외,실물(패시브),배당소득세(보유기간과세),Akros U.S. AI Electricity SMR Index 지수(PR),미국,AI·테크,일반,20260807
488500,KR7488500000,TIGER 미국S&P500동일가중,미래에셋자산운용,0.2,116278500000,13065,13029.46,2024-07-23,주식,해외,실물(패시브),배당소득세(보유기간과세),S&P 500 Equal Weight Index(PR),미국,광범위지수,일반,20260807
429000,KR7429000003,TIGER 미국S&P500배당귀족,미래에셋자산운용,0.25,190349250000,13945,13912.3,2022-05-17,주식,해외,실물(패시브),배당소득세(보유기간과세),S&P 500 Dividend Aristocrats 지수 (Price Return),미국,배당주,일반,20260807
360750,KR7360750004,TIGER 미국S&P500,미래에셋자산운용,0.006,20344155000000,27075,27050.27,2020-08-07,주식,해외,실물(패시브),배당소득세(보유기간과세),S&P 500,미국,광범위지수,일반,20260807
448290,KR7448290007,TIGER 미국S&P500(H),미래에셋자산운용,0.07,455557500000,17865,17850.58,2022-11-25,주식,해외,실물(패시브),배당소득세(보유기간과세),S&P 500,미국,광범위지수,일반,20260807
418660,KR7418660007,TIGER 미국나스닥100레버리지(합성),미래에셋자산운용,0.25,637890750000,42105,41831.42,2022-02-22,주식,해외,합성(패시브),배당소득세(보유기간과세),NASDAQ 100,미국,광범위지수,일반,20260807
133690,KR7133690008,TIGER 미국나스닥100,미래에셋자산운용,0.7,11384289000000,184660,184068.82,2010-10-18,주식,해외,실물(패시브),배당소득세(해외주식투자전용ETF),NASDAQ 100,미국,광범위지수,일반,20260807
448300,KR7448300004,TIGER 미국나스닥100(H),미래에셋자산운용,0.006,350370000000,22900,22842.09,2022-11-25,주식,해외,실물(패시브),배당소득세(보유기간과세),NASDAQ 100,미국,광범위지수,일반,20260807
435420,KR7435420005,TIGER 미국나스닥100채권혼합50,미래에셋자산운용,0.25,484296750000,14265,14208.13,2022-07-06,혼합자산,국내&해외,실물(패시브),배당소득세(보유기간과세),FnGuide 나스닥100채권혼합50 지수(총수익 지수),미국,채권·금리,혼합,20260807
441680,KR7441680006,TIGER 미국나스닥100커버드콜(합성),미래에셋자산운용,0.37,297704000000,10945,10949.51,2022-09-22,주식,해외,합성(패시브),배당소득세(보유기간과세),Cboe Nasdaq-100 BuyWrite V2 지수 (Total Return),미국,기타,일반,20260807
429010,KR7429010002,TIGER 미국나스닥넥스트100,미래에셋자산운용,0.49,10132500000,20265,20113.97,2022-05-17,주식,해외,실물(패시브),배당소득세(보유기간과세),Nasdaq Next Generation 100 지수 (Price Return),미국,기타,일반,20260807
245340,KR7245340005,TIGER 미국다우존스30,미래에셋자산운용,0.35,147173400000,37165,37130.34,2016-07-01,주식,해외,실물(패시브),배당소득세(해외주식투자전용ETF),Dow Jones Industrial Average,미국,기타,일반,20260807
456610,KR7456610005,TIGER 미국달러SOFR금리액티브(합성),미래에셋자산운용,0.05,696322500000,61350,61327.6,2023-05-09,기타,해외,합성(액티브),배당소득세(보유기간과세),Solactive SOFR Daily Total Return Index,미국,채권·금리,일반,20260807
329750,KR7329750004,TIGER 미국달러단기채권액티브,미래에셋자산운용,0.3,630930300000,13370,13367.38,2019-07-24,채권,해외,실물(액티브),배당소득세(보유기간과세),KIS U.S. TREASURY BOND 0-1Y 지수(총수익),미국,채권·금리,일반,20260807
261110,KR7261110001,TIGER 미국달러선물레버리지,미래에셋자산운용,0.05,8395000000,16790,16791.46,2016-12-27,통화,국내,실물(패시브),배당소득세(보유기간과세),미국달러선물지수,한국,기타,일반,20260807
261120,KR7261120000,TIGER 미국달러선물인버스2X,미래에셋자산운용,0.05,42294000000,5035,5038.29,2016-12-27,통화,국내,실물(패시브),배당소득세(보유기간과세),미국달러선물지수,한국,기타,일반,20260807
494840,KR7494840002,TIGER 미국방산TOP10,미래에셋자산운용,0.45,48524250000,14065,14058.87,2024-10-29,주식,해외,실물(패시브),배당소득세(보유기간과세),Mirae Asset US Defense Top 10 Index(PR),미국,방산·우주,일반,20260807
458730,KR7458730009,TIGER 미국배당다우존스,미래에셋자산운용,0.01,4172310000000,15150,15104.82,2023-06-20,주식,해외,실물(패시브),배당소득세(보유기간과세),Dow Jones U.S. Dividend 100 Price Return Index,미국,배당주,일반,20260807
0008S0,KR70008S0004,TIGER 미국배당다우존스타겟데일리커버드콜,미래에셋자산운용,0.25,278658000000,10170,10123.96,2025-01-21,주식,해외,실물(패시브),배당소득세(보유기간과세),Dow Jones U.S. Dividend 100 10% Daily Premium Covered Call 지수,미국,배당주,커버드콜,20260807
0015K0,KR70015K0003,TIGER 미국소비트렌드액티브,미래에셋자산운용,0.79,4987800000,7335,7281.5,2025-02-18,주식,해외,실물(액티브),배당소득세(보유기간과세),Mirae Asset US Consumer Trend 지수 (PR),미국,소비재,일반,20260807
0183J0,KR70183J0002,TIGER 미국우주테크,미래에셋자산운용,0.49,1140236000000,7880,7828.07,2026-04-14,주식,해외,실물(패시브),배당소득세(보유기간과세),Akros U.S. Space Tech 지수(PR),미국,AI·테크,일반,20260807
305080,KR7305080004,TIGER 미국채10년선물,미래에셋자산운용,0.25,225987500000,12625,12614.82,2018-08-30,채권,해외,실물(패시브),배당소득세(보유기간과세),S&P 10-Year U.S. Treasury Note Futures(ER),미국,채권·금리,일반,20260807
0046A0,KR70046A0008,TIGER 미국초단기(3개월이하)국채,미래에셋자산운용,0.09,337069700000,9790,9789.4,2025-04-29,채권,해외,실물(패시브),배당소득세(보유기간과세),ICE 0-3 Month US Treasury Securities 지수,미국,채권·금리,일반,20260807
465670,KR7465670008,TIGER 미국캐시카우100,미래에셋자산운용,0.25,13240000000,16550,16587.34,2023-09-19,주식,해외,실물(패시브),배당소득세(보유기간과세),Global X U.S. Cash Flow Kings 100 Index(PR),미국,기타,일반,20260807
0223R0,KR70223R0004,TIGER 미국테크NYSE100액티브,미래에셋자산운용,0.79,27671750000,9575,9500.07,2026-07-21,주식,해외,실물(액티브),배당소득세(보유기간과세),NYSE 100 지수(Price Return),미국,기타,일반,20260807
381170,KR7381170000,TIGER 미국테크TOP10 INDXX,미래에셋자산운용,0.49,3917923500000,31970,31913.13,2021-04-09,주식,해외,실물(패시브),배당소득세(보유기간과세),Indxx US Tech Top 10 Index,미국,AI·테크,일반,20260807
472160,KR7472160001,TIGER 미국테크TOP10 INDXX(H),미래에셋자산운용,0.49,246805000000,18985,18966.29,2023-12-05,주식,해외,실물(패시브),배당소득세(보유기간과세),Indxx US Tech Top 10 Index,미국,AI·테크,일반,20260807
472170,KR7472170000,TIGER 미국테크TOP10채권혼합,미래에셋자산운용,0.25,339970250000,14195,14170.46,2023-12-05,혼합자산,국내&해외,실물(패시브),배당소득세(보유기간과세),FnGuide 미국테크TOP10 채권혼합지수,미국,AI·테크,혼합,20260807
458260,KR7458260007,TIGER 미국투자등급회사채액티브(H),미래에셋자산운용,0.14,233802000000,46500,46494.3,2023-05-31,채권,해외,실물(액티브),배당소득세(보유기간과세),iBoxx USD Liquid Investment Grade Index(Price Return),기타,기타,일반,20260807
497570,KR7497570002,TIGER 미국필라델피아AI반도체나스닥,미래에셋자산운용,0.49,1155150000000,22650,22531.28,2024-11-26,주식,해외,실물(패시브),배당소득세(보유기간과세),PHLX US AI Semiconductor 지수 (PR),미국,반도체,일반,20260807
381180,KR7381180009,TIGER 미국필라델피아반도체나스닥,미래에셋자산운용,0.49,5968746000000,44760,44466.64,2021-04-09,주식,해외,실물(패시브),배당소득세(보유기간과세),PHLX Semiconductor Sector Index,미국,반도체,일반,20260807
228810,KR7228810008,TIGER 미디어컨텐츠,미래에셋자산운용,0.44,80423250000,3415,3412.68,2015-10-07,주식,국내,실물(패시브),비과세,WISE 미디어컨텐츠 지수,한국,게임·엔터,일반,20260807
364970,KR7364970004,TIGER 바이오TOP10,미래에셋자산운용,0.4,304159500000,7710,7726.74,2020-10-07,주식,국내,실물(패시브),비과세,KRX 바이오 TOP 10 지수,한국,바이오·헬스케어,일반,20260807
091230,KR7091230003,TIGER 반도체,미래에셋자산운용,0.46,1165080000000,114000,113963.1,2006-06-27,주식,국내,실물(패시브),비과세,KRX 반도체,한국,반도체,일반,20260807
488080,KR7488080003,TIGER 반도체TOP10레버리지,미래에셋자산운용,0.49,351261000000,25180,24894.2,2024-07-23,주식,국내,실물(패시브),배당소득세(보유기간과세),FnGuide 반도체TOP10 지수,한국,반도체,일반,20260807
396500,KR7396500001,TIGER 반도체TOP10,미래에셋자산운용,0.45,7939821000000,30270,30308.85,2021-08-10,주식,국내,실물(패시브),비과세,FnGuide 반도체TOP10 지수,한국,반도체,일반,20260807
0177R0,KR70177R0000,TIGER 반도체TOP10커버드콜액티브,미래에셋자산운용,0.45,677814000000,9795,9761.31,2026-04-21,주식,국내,실물(액티브),배당소득세(보유기간과세),FnGuide 반도체 TOP10 Capped 지수(Price Return),한국,반도체,일반,20260807
138520,KR7138520002,TIGER 삼성그룹,미래에셋자산운용,0.113,136157400000,33870,33937.45,2011-03-07,주식,국내,실물(패시브),비과세,MKF SAMs FW,한국,기타,일반,20260807
0195R0,KR70195R0008,TIGER 삼성전자단일종목레버리지,미래에셋자산운용,0.09,796552250000,8905,8842.08,2026-05-27,주식,국내,실물(패시브),배당소득세(보유기간과세),KRX 삼성전자 지수,한국,개별종목,일반,20260807
157490,KR7157490004,TIGER 소프트웨어,미래에셋자산운용,0.4,81308700000,8595,8641.46,2012-05-16,주식,국내,실물(패시브),비과세,FnGuide 소프트웨어 지수,한국,AI·테크,일반,20260807
228800,KR7228800009,TIGER 여행레저,미래에셋자산운용,0.5,67729500000,2610,2624.03,2015-10-07,주식,국내,실물(패시브),비과세,WISE 여행레저 지수,한국,기타,일반,20260807
227570,KR7227570009,TIGER 우량가치,미래에셋자산운용,0.35,7511400000,20865,20997.47,2015-09-23,주식,국내,실물(패시브),비과세,FnGuide 퀄리티밸류 지수,한국,광범위지수,일반,20260807
261140,KR7261140008,TIGER 우선주,미래에셋자산운용,0.29,31960000000,23500,23420.86,2017-01-06,주식,국내,실물(패시브),비과세,코스피 우선주 지수,한국,광범위지수,일반,20260807
130680,KR7130680002,TIGER 원유선물Enhanced(H),미래에셋자산운용,0.69,13240500000,6305,6311.62,2010-08-02,원자재,해외,실물(패시브),배당소득세(보유기간과세),S&P GSCI Crude Oil Enhanced Index ER,글로벌,에너지·원자력,일반,20260807
245350,KR7245350004,TIGER 유로스탁스배당30,미래에셋자산운용,0.35,31952000000,19970,19820.36,2016-07-01,주식,해외,실물(패시브),배당소득세(해외주식투자전용ETF),Euro STOXX Select Dividend 30,유럽,배당주,일반,20260807
0189B0,KR70189B0004,TIGER 은액티브,미래에셋자산운용,0.3,40293000000,8140,7917.64,2026-04-28,원자재,해외,실물(액티브),배당소득세(보유기간과세),ICE Silver Spot 지수 (시장가격),기타,원자재·금,일반,20260807
091220,KR7091220004,TIGER 은행,미래에셋자산운용,0.46,22470500000,17285,17228.22,2006-06-27,주식,국내,실물(패시브),비과세,KRX 은행,한국,금융,일반,20260807
466940,KR7466940004,TIGER 은행고배당플러스TOP10,미래에셋자산운용,0.3,804160500000,26895,26956.71,2023-10-17,주식,국내,실물(패시브),비과세,FnGuide 은행고배당플러스TOP10 지수(시장가격 지수),한국,금융,일반,20260807
307510,KR7307510008,TIGER 의료기기,미래에셋자산운용,0.5,6722500000,13445,13451.93,2018-11-08,주식,국내,실물(패시브),비과세,FnGuide 의료기기 지수,한국,바이오·헬스케어,일반,20260807
453870,KR7453870008,TIGER 인도니프티50,미래에셋자산운용,0.19,303230250000,12105,12145.81,2023-04-14,주식,해외,실물(패시브),배당소득세(보유기간과세),Nifty 50 Index,인도,광범위지수,일반,20260807
236350,KR7236350005,TIGER 인도니프티50레버리지(합성),미래에셋자산운용,0.58,19127000000,30850,30848.48,2016-05-13,주식,해외,합성(패시브),배당소득세(보유기간과세),Nifty 50 Index,인도,광범위지수,일반,20260807
479730,KR7479730004,TIGER 인도빌리언컨슈머,미래에셋자산운용,0.49,61920500000,10495,10521.21,2024-05-14,주식,해외,실물(패시브),배당소득세(보유기간과세),Mirae Asset India Billion Consumer 지수(PR),인도,소비재,일반,20260807
123310,KR7123310005,TIGER 인버스,미래에셋자산운용,0.022,57937000000,1265,1265.93,2010-03-29,주식,국내,실물(패시브),배당소득세(보유기간과세),코스피 200 선물지수,한국,광범위지수,일반,20260807
365000,KR7365000009,TIGER 인터넷TOP10,미래에셋자산운용,0.4,39135250000,3745,3757.13,2020-10-07,주식,국내,실물(패시브),비과세,KRX 인터넷 TOP 10 지수,한국,AI·테크,일반,20260807
241180,KR7241180009,TIGER 일본니케이225,미래에셋자산운용,0.29,401124200000,35435,35410.5,2016-03-31,주식,해외,실물(패시브),배당소득세(해외주식투자전용ETF),Nikkei 225,일본,기타,일반,20260807
465660,KR7465660009,TIGER 일본반도체FACTSET,미래에셋자산운용,0.49,33810750000,25045,25924.86,2023-09-19,주식,해외,실물(패시브),배당소득세(보유기간과세),FactSet Japan Semiconductor Index(PR),일본,반도체,일반,20260807
292560,KR7292560000,TIGER 일본엔선물,미래에셋자산운용,0.21,35690000000,8300,8278.3,2018-04-17,통화,국내,실물(패시브),배당소득세(보유기간과세),엔선물지수,한국,기타,일반,20260807
0025N0,KR70025N0008,TIGER TDF2045 적격,미래에셋자산운용,0.19,772112250000,12285,12248.77,2025-03-25,혼합자산,국내&해외,실물(패시브),배당소득세(보유기간과세),S&P Korea Target Date 2045 Global Index,글로벌,자산배분·TDF,일반,20260807
494670,KR7494670003,TIGER 조선TOP10,미래에셋자산운용,0.35,593797500000,23150,23151.85,2024-10-22,주식,국내,실물(패시브),비과세,iSelect 조선TOP10 Index(PR),한국,조선·기계,일반,20260807
150460,KR7150460004,TIGER 중국소비테마,미래에셋자산운용,0.5,57912000000,7600,7616.47,2011-12-16,주식,국내,실물(패시브),비과세,FnGuide 중국내수테마 지수,한국,기타,일반,20260807
0192Z0,KR70192Z0001,TIGER 중기종합채권(A-이상)액티브,미래에셋자산운용,0.06,162977725000,100915,100912.3,2026-05-19,채권,국내,실물(액티브),배당소득세(보유기간과세),NICE 중기종합채권(A-이상)(총수익지수),한국,채권·금리,일반,20260807
302190,KR7302190004,TIGER 중장기국채,미래에셋자산운용,0.13,194003600000,50260,50259.7,2018-07-20,채권,국내,실물(패시브),배당소득세(보유기간과세),KIS 국채 3-10년 지수(시장가격지수),한국,채권·금리,일반,20260807
157500,KR7157500000,TIGER 증권,미래에셋자산운용,0.4,226590000000,12450,12469.37,2012-05-16,주식,국내,실물(패시브),비과세,FnGuide 증권 지수,한국,금융,일반,20260807
307520,KR7307520007,TIGER 지주회사,미래에셋자산운용,0.5,271383750000,21285,21266.48,2018-11-08,주식,국내,실물(패시브),비과세,FnGuide 지주회사 지수,한국,기타,일반,20260807
117690,KR7117690008,TIGER 차이나항셍30,미래에셋자산운용,0.4,10157500000,20315,20481.77,2009-10-21,주식,해외,실물(패시브),배당소득세(해외주식투자전용ETF),Hang Seng China (Hong Kong-listed) 30 Index,중국,기타,일반,20260807
0067Y0,KR70067Y0004,TIGER 차이나AI소프트웨어,미래에셋자산운용,0.49,11825000000,11825,11646.84,2025-06-17,주식,해외,실물(패시브),배당소득세(보유기간과세),"Mirae Asset China AI Software 지수 (Price Return, HKD)",중국,AI·테크,일반,20260807
245360,KR7245360003,TIGER 차이나HSCEI,미래에셋자산운용,0.29,27219000000,12660,12688.82,2016-06-16,주식,해외,실물(패시브),배당소득세(해외주식투자전용ETF),Hang Seng China H,중국,기타,일반,20260807
414780,KR7414780007,TIGER 차이나과창판STAR50(합성),미래에셋자산운용,0.09,233185000000,14900,14730.35,2022-01-13,주식,해외,합성(패시브),배당소득세(보유기간과세),STAR 50 Index(Price Return),기타,기타,일반,20260807
0067V0,KR70067V0007,TIGER 차이나글로벌리더스TOP3+,미래에셋자산운용,0.49,25080000000,10450,10322.3,2025-06-17,주식,해외,실물(패시브),배당소득세(보유기간과세),"Solactive-KEDI 차이나글로벌리더스TOP3플러스 지수 (Price Return, CNH)",글로벌,기타,일반,20260807
371470,KR7371470006,TIGER 차이나바이오테크SOLACTIVE,미래에셋자산운용,0.49,48134400000,8720,8341.88,2020-12-08,주식,해외,실물(패시브),배당소득세(보유기간과세),Solactive China Biotech Index(PR),중국,바이오·헬스케어,일반,20260807
396520,KR7396520009,TIGER 차이나반도체FACTSET,미래에셋자산운용,0.49,598018000000,14515,14213.4,2021-08-10,주식,해외,실물(패시브),배당소득세(보유기간과세),FactSet China Semiconductor 지수(PR),중국,반도체,일반,20260807
371460,KR7371460007,TIGER 차이나전기차SOLACTIVE,미래에셋자산운용,0.49,796723200000,10920,10879.03,2020-12-08,주식,해외,실물(패시브),배당소득세(보유기간과세),Solactive China Electric Vehicle and Battery Index(PR),중국,2차전지,일반,20260807
456680,KR7456680008,TIGER 차이나전기차레버리지(합성),미래에셋자산운용,0.58,42607050000,7185,7140.31,2023-05-09,주식,해외,합성(패시브),배당소득세(보유기간과세),Solactive China Electric Vehicle and Battery Index(PR),중국,2차전지,일반,20260807
0133E0,KR70133E0008,TIGER 차이나증권,미래에셋자산운용,0.49,9434250000,8985,9037.59,2026-02-03,주식,해외,실물(패시브),배당소득세(보유기간과세),Solactive China Securities Index (Price Return),중국,기타,일반,20260807
396510,KR7396510000,TIGER 차이나클린에너지SOLACTIVE,미래에셋자산운용,0.49,14158800000,7695,7675.03,2021-08-10,주식,해외,실물(패시브),배당소득세(보유기간과세),Solactive China Clean Energy 지수(PR),중국,에너지·원자력,일반,20260807
0047A0,KR70047A0007,TIGER 차이나테크TOP10,미래에셋자산운용,0.49,212310750000,13395,13322.97,2025-05-13,주식,해외,실물(패시브),배당소득세(보유기간과세),Mirae Asset China Tech Top 10 지수 (Price Return),중국,AI·테크,일반,20260807
438320,KR7438320004,TIGER 차이나항셍테크레버리지(합성 H),미래에셋자산운용,0.58,25286400000,5760,5801.99,2022-08-23,주식,해외,합성(패시브),배당소득세(보유기간과세),Hang Seng TECH Index,중국,AI·테크,일반,20260807
371160,KR7371160003,TIGER 차이나항셍테크,미래에셋자산운용,0.09,622915000000,7505,7469.61,2020-12-16,주식,해외,실물(패시브),배당소득세(보유기간과세),Hang Seng TECH Index,중국,AI·테크,일반,20260807
0053L0,KR70053L0005,TIGER 차이나휴머노이드로봇,미래에셋자산운용,0.49,277728000000,10560,10426.83,2025-05-27,주식,해외,실물(패시브),배당소득세(보유기간과세),Mirae Asset China Humanoid Robot 지수(PR),중국,AI·테크,일반,20260807
0117V0,KR70117V0007,TIGER 코리아AI전력기기TOP3플러스,미래에셋자산운용,0.4,951322000000,18155,18094.97,2025-10-21,주식,국내,실물(패시브),비과세,KEDI 코리아AI전력기기TOP3플러스 지수,한국,AI·테크,일반,20260807
292150,KR7292150000,TIGER 코리아TOP10,미래에셋자산운용,0.15,1868982500000,34675,34650.3,2018-03-30,주식,국내,실물(패시브),비과세,FnGuide TOP10 지수,한국,기타,일반,20260807
0104P0,KR70104P0000,TIGER 코리아배당다우존스위클리커버드콜,미래에셋자산운용,0.25,20421000000,11345,11420.62,2025-09-23,주식,국내,실물(패시브),배당소득세(보유기간과세),KRX 다우존스 코리아 배당 30 타겟 7% 위클리 커버드콜 지수,한국,배당주,커버드콜,20260807
0052D0,KR70052D0006,TIGER 코리아배당다우존스,미래에셋자산운용,0.25,353535000000,15925,15968.5,2025-05-20,주식,국내,실물(패시브),비과세,Dow Jones Korea Dividend 30 지수 (Price Return),한국,배당주,일반,20260807
496080,KR7496080003,TIGER 코리아밸류업,미래에셋자산운용,0.008,488430000000,30150,30193.53,2024-11-04,주식,국내,실물(패시브),비과세,코리아 밸류업 지수,한국,배당주,일반,20260807
0091P0,KR70091P0005,TIGER 코리아원자력,미래에셋자산운용,0.5,533250000000,15800,15743.95,2025-08-19,주식,국내,실물(패시브),비과세,iSelect 코리아 원자력 지수 (Price Return),한국,에너지·원자력,일반,20260807
0148J0,KR70148J0006,TIGER 코리아휴머노이드로봇산업,미래에셋자산운용,0.5,615512750000,9235,9192.74,2026-01-06,주식,국내,실물(패시브),비과세,KEDI 코리아 휴머노이드로봇산업 지수 (PR),한국,AI·테크,일반,20260807
233160,KR7233160001,TIGER 코스닥150 레버리지,미래에셋자산운용,0.32,167833250000,7345,7350.19,2015-12-17,주식,국내,실물(패시브),배당소득세(보유기간과세),코스닥 150,한국,광범위지수,일반,20260807
232080,KR7232080002,TIGER 코스닥150,미래에셋자산운용,0.19,1291492200000,13890,13861.19,2015-11-12,주식,국내,실물(패시브),비과세,코스닥 150,한국,광범위지수,일반,20260807
261060,KR7261060008,TIGER 코스닥150IT,미래에셋자산운용,0.4,23942400000,20640,20572.97,2016-12-15,주식,국내,실물(패시브),비과세,코스닥 150 정보기술,한국,광범위지수,일반,20260807
261070,KR7261070007,TIGER 코스닥150바이오테크,미래에셋자산운용,0.4,59074200000,13305,13282.64,2016-12-15,주식,국내,실물(패시브),비과세,코스닥 150 헬스케어,한국,바이오·헬스케어,일반,20260807
250780,KR7250780004,TIGER 코스닥150선물인버스,미래에셋자산운용,0.32,5621000000,2555,2546.81,2016-08-10,주식,국내,실물(패시브),배당소득세(보유기간과세),F-코스닥150 지수,한국,광범위지수,일반,20260807
461580,KR7461580003,TIGER 코스닥글로벌,미래에셋자산운용,0.15,9870250000,15185,15259.7,2023-06-29,주식,국내,실물(패시브),비과세,코스닥 글로벌 지수,한국,광범위지수,일반,20260807
0204S0,KR70204S0006,TIGER 코스닥액티브,미래에셋자산운용,0.5,29189100000,6530,6532.2,2026-06-02,주식,국내,실물(액티브),배당소득세(보유기간과세),코스닥,한국,광범위지수,일반,20260807
277640,KR7277640009,TIGER 코스피대형주,미래에셋자산운용,0.24,61506000000,34170,34058.7,2017-08-31,주식,국내,실물(패시브),비과세,코스피 대형주,한국,광범위지수,일반,20260807
277650,KR7277650008,TIGER 코스피중형주,미래에셋자산운용,0.24,4084000000,20420,20528.08,2017-08-31,주식,국내,실물(패시브),비과세,코스피 중형주,한국,광범위지수,일반,20260807
277630,KR7277630000,TIGER 코스피,미래에셋자산운용,0.12,427191000000,65220,65268.57,2017-08-31,주식,국내,실물(패시브),비과세,코스피,한국,광범위지수,일반,20260807
376410,KR7376410007,TIGER 탄소효율그린뉴딜,미래에셋자산운용,0.09,20313000000,22570,22484.39,2021-02-05,주식,국내,실물(패시브),비과세,KRX/S&P 탄소효율 그린뉴딜지수,한국,기타,일반,20260807
447770,KR7447770009,TIGER 테슬라채권혼합Fn,미래에셋자산운용,0.25,432514750000,13495,13476.42,2022-11-29,혼합자산,국내&해외,실물(패시브),배당소득세(보유기간과세),FnGuide 테슬라채권혼합 지수,미국,개별종목,혼합,20260807
0060H0,KR70060H0002,TIGER 토탈월드스탁액티브,미래에셋자산운용,0.25,389896000000,13040,13014.2,2025-06-24,주식,해외,실물(액티브),배당소득세(보유기간과세),FTSE Global All Cap Index(PR),글로벌,기타,일반,20260807
387280,KR7387280001,TIGER 퓨처모빌리티액티브,미래에셋자산운용,0.77,14937750000,11065,11029.8,2021-05-25,주식,국내,실물(액티브),배당소득세(보유기간과세),FnGuide 퓨처모빌리티 지수,한국,자동차,일반,20260807
449690,KR7449690007,TIGER 한중반도체(합성),미래에셋자산운용,0.35,35576250000,47435,47082.5,2022-12-22,주식,국내&해외,합성(패시브),배당소득세(보유기간과세),KRX CSI 한·중 반도체지수,중국,반도체,일반,20260807
449680,KR7449680008,TIGER 한중전기차(합성),미래에셋자산운용,0.35,9192750000,10815,10867.14,2022-12-22,주식,국내&해외,합성(패시브),배당소득세(보유기간과세),KRX CSI 한·중 전기차지수,중국,자동차,일반,20260807
143860,KR7143860005,TIGER 헬스케어,미래에셋자산운용,0.4,158000000000,39500,39584.58,2011-07-18,주식,국내,실물(패시브),비과세,KRX 헬스케어,한국,바이오·헬스케어,일반,20260807
138540,KR7138540000,TIGER 현대차그룹플러스,미래에셋자산운용,0.15,672297700000,51955,52034.05,2011-03-10,주식,국내,실물(패시브),비과세,MKF 현대차그룹+ FW,한국,개별종목,일반,20260807
228790,KR7228790002,TIGER 화장품,미래에셋자산운용,0.5,256897200000,4165,4170.09,2015-10-07,주식,국내,실물(패시브),비과세,WISE 화장품 지수,한국,소비재,일반,20260807
394670,KR7394670004,TIGER 글로벌리튬&2차전지SOLACTIVE(합성),미래에셋자산운용,0.49,202273800000,11415,11367.5,2021-07-20,주식,해외,합성(패시브),배당소득세(보유기간과세),Solactive Global Lithium 지수(PR),글로벌,2차전지,일반,20260807
394660,KR7394660005,TIGER 글로벌자율주행&전기차SOLACTIVE,미래에셋자산운용,0.49,107059200000,16320,16492.67,2021-07-20,주식,해외,실물(패시브),배당소득세(보유기간과세),Solactive Autonomous & Electric Vehicles 지수(PR),기타,기타,일반,20260807
276000,KR7276000007,TIGER 글로벌자원생산기업(합성 H),미래에셋자산운용,0.4,17029750000,20035,20043.69,2017-08-01,주식,해외,합성(패시브),배당소득세(보유기간과세),MorningStar Global Upstream Resources Index(PR),글로벌,기타,일반,20260807
449170,KR7449170000,TIGER KOFR금리액티브(합성),미래에셋자산운용,0.03,2434918200000,111540,111521.38,2022-11-30,기타,국내,합성(액티브),배당소득세(보유기간과세),KOFR 지수,한국,채권·금리,일반,20260807
458750,KR7458750007,TIGER 미국배당다우존스타겟커버드콜1호,미래에셋자산운용,0.39,67243500000,13185,13138.62,2023-06-20,주식,해외,실물(패시브),배당소득세(보유기간과세),DowJones U.S. Dividend 100 3% Premium Covered Call 지수 (TR),미국,배당주,커버드콜,20260807
471780,KR7471780007,TIGER 코리아테크액티브,미래에셋자산운용,0.77,230654550000,30795,30733.52,2023-11-28,주식,국내,실물(액티브),배당소득세(보유기간과세),KRX 정보기술,한국,기타,일반,20260807
139260,KR7139260004,TIGER 200 IT,미래에셋자산운용,0.4,2379391000000,120050,119821.24,2011-04-06,주식,국내,실물(패시브),비과세,코스피 200 정보기술,한국,광범위지수,일반,20260807
139220,KR7139220008,TIGER 200 건설,미래에셋자산운용,0.4,123723200000,7295,7319.29,2011-04-06,주식,국내,실물(패시브),비과세,코스피 200 건설,한국,조선·기계,일반,20260807
139290,KR7139290001,TIGER 200 경기소비재,미래에셋자산운용,0.4,6796400000,26140,26376.5,2011-04-06,주식,국내,실물(패시브),비과세,코스피 200 경기소비재,한국,소비재,일반,20260807
139270,KR7139270003,TIGER 200 금융,미래에셋자산운용,0.4,30739800000,16890,16938.56,2011-04-06,주식,국내,실물(패시브),비과세,코스피 200 금융,한국,금융,일반,20260807
139250,KR7139250005,TIGER 200 에너지화학,미래에셋자산운용,0.34,23215200000,17070,17042.13,2011-04-06,주식,국내,실물(패시브),비과세,코스피 200 에너지/화학,한국,에너지·원자력,일반,20260807
139230,KR7139230007,TIGER 200 중공업,미래에셋자산운용,0.34,261911500000,13295,13322.11,2011-04-06,주식,국내,실물(패시브),비과세,코스피 200 중공업,한국,조선·기계,일반,20260807
139240,KR7139240006,TIGER 200 철강소재,미래에셋자산운용,0.34,6655700000,10735,10772.96,2011-04-06,주식,국내,실물(패시브),비과세,코스피 200 철강/소재,한국,광범위지수,일반,20260807
289480,KR7289480006,TIGER 200커버드콜,미래에셋자산운용,0.38,26220000000,11400,11468.6,2018-02-09,주식,국내,실물(패시브),배당소득세(보유기간과세),코스피 200 커버드콜 ATM 지수,한국,광범위지수,커버드콜,20260807
228820,KR7228820007,TIGER KTOP30,미래에셋자산운용,0.21,17465000000,17465,17465.58,2015-10-14,주식,국내,실물(패시브),비과세,KTOP 30,한국,기타,일반,20260807
463250,KR7463250001,TIGER K방산&우주,미래에셋자산운용,0.45,542161750000,36265,36211.49,2023-07-25,주식,국내,실물(패시브),비과세,iSelect K방산&우주,한국,방산·우주,일반,20260807
225060,KR7225060003,TIGER 이머징마켓MSCI레버리지(합성 H),미래에셋자산운용,0.58,16366400000,15440,15537.75,2015-07-29,주식,해외,합성(패시브),배당소득세(보유기간과세),MSCI EM Index,신흥국,광범위지수,일반,20260807
182480,KR7182480004,TIGER 미국MSCI리츠(합성 H),미래에셋자산운용,0.24,132023000000,14045,14037.23,2013-10-10,부동산,해외,합성(패시브),배당소득세(분리과세부동산ETF),MSCI US REIT Index,미국,리츠·부동산,일반,20260807
225040,KR7225040005,TIGER 미국S&P500레버리지(합성 H),미래에셋자산운용,0.27,56174100000,68505,68327.09,2015-07-29,주식,해외,합성(패시브),배당소득세(보유기간과세),S&P 500,미국,광범위지수,일반,20260807
225030,KR7225030006,TIGER 미국S&P500선물인버스(H),미래에셋자산운용,0.59,3825000000,2250,2243.63,2015-07-29,주식,해외,실물(패시브),배당소득세(보유기간과세),S&P 500 Futures Total Return Index,미국,광범위지수,일반,20260807
451530,KR7451530000,TIGER 국고채30년스트립액티브,미래에셋자산운용,0.15,147294420000,35630,35570.33,2023-02-01,채권,국내,실물(액티브),배당소득세(보유기간과세),KIS STRIP 30Y Index(총수익지수),한국,기타,일반,20260807
491010,KR7491010005,TIGER 글로벌AI전력인프라액티브,미래에셋자산운용,0.49,649027900000,25930,25718.94,2024-09-10,주식,해외,실물(액티브),배당소득세(보유기간과세),Mirae Asset AI Infrastructure 지수(PR),기타,AI·테크,일반,20260807
412770,KR7412770000,TIGER 글로벌AI플랫폼액티브,미래에셋자산운용,0.79,79125200000,12845,12690.94,2021-12-22,주식,해외,실물(액티브),배당소득세(보유기간과세),Indxx Global Metaverse Index (Price Return),글로벌,기타,일반,20260807
203780,KR7203780002,TIGER 미국나스닥바이오,미래에셋자산운용,0.3,96986000000,34150,34181.94,2014-08-27,주식,해외,실물(패시브),배당소득세(해외주식투자전용ETF),NASDAQ Biotechnology 지수(시장가격지수),미국,AI·테크,일반,20260807
182490,KR7182490003,TIGER 단기선진하이일드(합성 H),미래에셋자산운용,0.24,8337000000,13895,13848.73,2014-03-24,채권,해외,합성(패시브),배당소득세(보유기간과세),iBoxx USD Liquid High Yield 0-5 year Index,기타,기타,일반,20260807
174350,KR7174350009,TIGER 로우볼,미래에셋자산운용,0.4,8468000000,21170,21280.13,2013-06-20,주식,국내,실물(패시브),비과세,FnGuide Low Vol 지수,한국,기타,일반,20260807
275980,KR7275980001,TIGER 글로벌4차산업혁신기술(합성 H),미래에셋자산운용,0.4,59270900000,23335,23258.28,2017-08-01,주식,해외,합성(패시브),배당소득세(보유기간과세),Morningstar Exponential Technologies Equal Weighted Select PR USD,기타,기타,일반,20260807
476550,KR7476550009,TIGER 미국30년국채커버드콜액티브(H),미래에셋자산운용,0.39,785574000000,6840,6846.36,2024-02-27,채권,해외,실물(액티브),배당소득세(보유기간과세),KEDI 미국채30년 위클리 커버드콜30 지수(Total Return),미국,채권·금리,커버드콜,20260807
482730,KR7482730009,TIGER 미국S&P500타겟데일리커버드콜,미래에셋자산운용,0.25,644263000000,12260,12217.67,2024-05-21,주식,해외,실물(패시브),배당소득세(보유기간과세),S&P500 10% Daily Premium Covered Call Index(TR),미국,광범위지수,커버드콜,20260807
486290,KR7486290000,TIGER 미국나스닥100타겟데일리커버드콜,미래에셋자산운용,0.25,2319593500000,10885,10845.67,2024-06-25,주식,해외,실물(패시브),배당소득세(보유기간과세),NASDAQ 100 Daily Covered Call Target Premium 15% 지수(TR),미국,광범위지수,커버드콜,20260807
458760,KR7458760006,TIGER 미국배당다우존스타겟커버드콜2호,미래에셋자산운용,0.39,702228000000,11120,11064.57,2023-06-20,주식,해외,실물(패시브),배당소득세(보유기간과세),DowJones U.S. Dividend 100 7% Premium Covered Call 지수 (TR),미국,배당주,커버드콜,20260807
474220,KR7474220001,TIGER 미국테크TOP10타겟커버드콜,미래에셋자산운용,0.5,434980000000,15535,15519.82,2024-01-16,주식,해외,실물(패시브),배당소득세(보유기간과세),Bloomberg U.S. Tech Top10+10% Premium Covered Call Index,미국,AI·테크,커버드콜,20260807
211560,KR7211560008,TIGER 배당성장,미래에셋자산운용,0.115,74592000000,35520,35669.7,2014-12-17,주식,국내,실물(패시브),비과세,코스피 배당성장 50,한국,배당주,일반,20260807
472150,KR7472150002,TIGER 배당커버드콜액티브,미래에셋자산운용,0.5,2141203750000,18725,18677.56,2023-12-12,주식,국내,실물(액티브),배당소득세(보유기간과세),코스피 200 커버드콜 5% OTM,한국,광범위지수,커버드콜,20260807
438330,KR7438330003,TIGER 우량회사채액티브,미래에셋자산운용,0.1,537470250000,115585,115609.55,2022-08-23,채권,국내,실물(액티브),배당소득세(보유기간과세),KIS 투자등급회사채 지수(총수익),한국,채권·금리,일반,20260807
217770,KR7217770007,TIGER 원유선물인버스(H),미래에셋자산운용,0.69,22647600000,1398,1406.97,2015-04-29,원자재,해외,실물(패시브),배당소득세(보유기간과세),S&P GSCI Crude Oil Index ER,글로벌,에너지·원자력,일반,20260807
225050,KR7225050004,TIGER 유로스탁스레버리지(합성 H),미래에셋자산운용,0.58,7656750000,17015,17116.66,2015-07-29,주식,해외,합성(패시브),배당소득세(보유기간과세),EURO STOXX 50 Index,유럽,광범위지수,일반,20260807
195930,KR7195930003,TIGER 유로스탁스50(합성 H),미래에셋자산운용,0.24,38448000000,24030,23935.2,2014-04-30,주식,해외,합성(패시브),배당소득세(보유기간과세),EURO STOXX 50 Index,유럽,광범위지수,일반,20260807
195920,KR7195920004,TIGER 일본TOPIX(합성 H),미래에셋자산운용,0.24,17487500000,34975,34997.95,2014-04-30,주식,해외,합성(패시브),배당소득세(보유기간과세),TOPIX,일본,광범위지수,일반,20260807
451540,KR7451540009,TIGER 종합채권(AA-이상)액티브,미래에셋자산운용,0.03,1006356820000,52955,52947.1,2023-02-01,채권,국내,실물(액티브),배당소득세(보유기간과세),KIS 종합채권 AA-이상 총수익 지수(Total return Index),한국,채권·금리,일반,20260807
204480,KR7204480008,TIGER 차이나CSI300레버리지(합성),미래에셋자산운용,0.58,100030800000,26890,26671.35,2014-09-01,주식,해외,합성(패시브),배당소득세(보유기간과세),CSI 300 Index,중국,광범위지수,일반,20260807
217780,KR7217780006,TIGER 차이나CSI300인버스(합성),미래에셋자산운용,0.58,8098750000,5225,5325.18,2015-06-10,주식,해외,합성(패시브),배당소득세(보유기간과세),CSI 300 Index,중국,광범위지수,일반,20260807
192090,KR7192090009,TIGER 차이나CSI300,미래에셋자산운용,0.63,138939500000,12985,12909.37,2014-02-17,주식,해외,실물(패시브),배당소득세(해외주식투자전용ETF),CSI 300 Index,중국,광범위지수,일반,20260807
210780,KR7210780003,TIGER 코스피고배당,미래에셋자산운용,0.24,76972500000,23325,23331.69,2014-12-05,주식,국내,실물(패시브),비과세,코스피 고배당 50,한국,배당주,일반,20260807
423920,KR7423920008,TIGER 미국필라델피아반도체레버리지(합성),미래에셋자산운용,0.58,674711800000,93580,91774.69,2022-04-19,주식,해외,합성(패시브),배당소득세(보유기간과세),PHLX Semiconductor Sector Index,미국,반도체,일반,20260807
0098Z0,KR70098Z0006,FOCUS 200,브이아이자산운용,0.05,62988750000,83985,83780.97,2025-09-23,주식,국내,실물(패시브),비과세,코스피 200,한국,광범위지수,일반,20260807
0176P0,KR70176P0003,FOCUS AI반도체위클리고정커버드콜,브이아이자산운용,0.3,5545000000,11090,11047.2,2026-04-07,주식,국내,실물(패시브),배당소득세(보유기간과세),AI 반도체 위클리 고정 30% 커버드콜 지수,한국,반도체,커버드콜,20260807
448570,KR7448570002,FOCUS AI코리아액티브,브이아이자산운용,0.455,38448000000,28480,28508.68,2022-11-15,주식,국내,실물(액티브),배당소득세(보유기간과세),코스피,한국,광범위지수,일반,20260807
0073X0,KR70073X0007,FOCUS 알리바바미국채커버드콜혼합,브이아이자산운용,0.36,5247000000,9540,9507.51,2025-07-01,혼합자산,해외,실물(패시브),배당소득세(보유기간과세),KEDI 알리바바미국채커버드콜혼합지수(TR),미국,채권·금리,커버드콜,20260807
285690,KR7285690004,FOCUS ESG리더스,브이아이자산운용,0.1,7357000000,21020,20948.14,2017-12-13,주식,국내,실물(패시브),비과세,KRX ESG Leaders 150,한국,광범위지수,일반,20260807
278530,KR7278530001,KODEX 200TR,삼성자산운용,0.05,7108552500000,35525,35474.87,2017-11-21,주식,국내,실물(패시브),배당소득세(보유기간과세),코스피 200 TR,한국,광범위지수,일반,20260807
226980,KR7226980001,KODEX 200 중소형,삼성자산운용,0.3,20043000000,22270,22181.6,2015-09-01,주식,국내,실물(패시브),비과세,코스피 200 중소형주지수,한국,광범위지수,일반,20260807
337160,KR7337160006,KODEX 200ESG,삼성자산운용,0.09,150797500000,43085,43318.09,2019-11-14,주식,국내,실물(패시브),비과세,코스피 200 ESG 지수,한국,광범위지수,일반,20260807
363580,KR7363580002,KODEX 200IT TR,삼성자산운용,0.15,218250000000,48500,48493.08,2020-09-25,주식,국내,실물(패시브),배당소득세(보유기간과세),코스피200 정보기술 TR,한국,광범위지수,일반,20260807
337150,KR7337150007,KODEX 200exTOP,삼성자산운용,0.3,14940000000,24900,24911.79,2019-11-14,주식,국내,실물(패시브),비과세,코스피 200 초대형제외 지수,한국,광범위지수,일반,20260807
223190,KR7223190000,KODEX 200가치저변동,삼성자산운용,0.3,27255000000,27255,27205.79,2015-06-26,주식,국내,실물(패시브),비과세,코스피 200 가치저변동성,한국,광범위지수,일반,20260807
237350,KR7237350004,KODEX 코스피100,삼성자산운용,0.15,885298500000,78345,78143.48,2016-01-27,주식,국내,실물(패시브),비과세,코스피 100,한국,광범위지수,일반,20260807
252650,KR7252650007,KODEX 200동일가중,삼성자산운용,0.25,11079000000,18465,18507.81,2016-09-20,주식,국내,실물(패시브),비과세,코스피 200 동일가중지수,한국,광범위지수,일반,20260807
360140,KR7360140008,KODEX 200롱코스닥150숏선물,삼성자산운용,0.64,46849000000,21295,21246.61,2020-08-21,주식,국내,실물(패시브),배당소득세(보유기간과세),코스피200 롱 100% 코스닥150 숏 100% 선물지수,한국,광범위지수,일반,20260807
284430,KR7284430006,KODEX 200미국채혼합50,삼성자산운용,0.35,1964200000000,20125,20170.18,2017-11-30,혼합자산,국내&해외,실물(패시브),배당소득세(보유기간과세),코스피 200 미국채 혼합지수,미국,채권·금리,혼합,20260807
252670,KR7252670005,KODEX 200선물인버스2X,삼성자산운용,0.64,762817700000,97,96.96,2016-09-22,주식,국내,실물(패시브),배당소득세(보유기간과세),코스피 200 선물지수,한국,광범위지수,일반,20260807
494890,KR7494890007,KODEX 200액티브,삼성자산운용,0.15,1005878000000,28255,28219.34,2024-10-29,주식,국내,실물(액티브),배당소득세(보유기간과세),코스피 200,한국,광범위지수,일반,20260807
0219E0,KR70219E0005,KODEX 200커버드콜액티브,삼성자산운용,0.5,441012000000,7710,7689.09,2026-07-14,주식,국내,실물(액티브),배당소득세(보유기간과세),코스피 200 커버드콜 5% OTM,한국,광범위지수,커버드콜,20260807
498400,KR7498400001,KODEX 200타겟위클리커버드콜,삼성자산운용,0.39,5232025500000,18895,18839.77,2024-12-03,주식,국내,실물(패시브),배당소득세(보유기간과세),코스피 200 타겟 15% 위클리 커버드콜 지수,한국,광범위지수,커버드콜,20260807
0117L0,KR70117L0009,KODEX 26-12 금융채(AA-이상)액티브,삼성자산운용,0.09,981754800000,10140,10136.76,2025-10-28,채권,국내,실물(액티브),배당소득세(보유기간과세),KAP 26-12 금융채 총수익 지수(AA-이상),한국,금융,일반,20260807
473290,KR7473290005,KODEX 26-12 회사채(AA-이상)액티브,삼성자산운용,0.09,495444000000,10865,10860.66,2023-12-12,채권,국내,실물(액티브),배당소득세(보유기간과세),KAP 26-12 회사채 총수익 지수(AA-이상),한국,채권·금리,일반,20260807
0007F0,KR70007F0000,KODEX 27-12 회사채(AA-이상)액티브,삼성자산운용,0.09,552942900000,10170,10171.46,2025-01-14,채권,국내,실물(액티브),배당소득세(보유기간과세),KAP 27-12 회사채 총수익 지수(AA-이상),한국,채권·금리,일반,20260807
0119H0,KR70119H0003,KODEX 28-12 회사채(AA-이상)액티브,삼성자산운용,0.09,229283700000,9930,9922.46,2025-11-04,채권,국내,실물(액티브),배당소득세(보유기간과세),KAP 28-12 회사채 총수익 지수(AA- 이상),한국,채권·금리,일반,20260807
462330,KR7462330002,KODEX 2차전지산업레버리지,삼성자산운용,0.49,667104500000,965,964.23,2023-07-04,주식,국내,실물(패시브),배당소득세(보유기간과세),FnGuide 2차전지 산업 지수,한국,2차전지,일반,20260807
305720,KR7305720005,KODEX 2차전지산업,삼성자산운용,0.45,1600200000000,14000,13993.09,2018-09-12,주식,국내,실물(패시브),비과세,FnGuide 2차전지 산업 지수,한국,2차전지,일반,20260807
461950,KR7461950008,KODEX 2차전지핵심소재10,삼성자산운용,0.39,157313750000,4675,4670.07,2023-07-04,주식,국내,실물(패시브),비과세,FnGuide 2차전지핵심소재10 지수,한국,2차전지,일반,20260807
457690,KR7457690006,KODEX 33-06 국고채액티브,삼성자산운용,0.15,23703750000,10535,10540.68,2023-05-31,채권,국내,실물(액티브),배당소득세(보유기간과세),KAP 33-06 국고채 총수익 지수,한국,채권·금리,일반,20260807
271060,KR7271060006,KODEX 3대농산물선물(H),삼성자산운용,0.55,29294100000,8070,8034.85,2017-06-13,원자재,해외,실물(패시브),배당소득세(보유기간과세),S&P GSCI Grains Select Index ER,글로벌,기타,일반,20260807
457700,KR7457700003,KODEX 53-09 국고채액티브,삼성자산운용,0.15,12163800000,9215,9205.65,2023-05-31,채권,국내,실물(액티브),배당소득세(보유기간과세),KAP 53-09 국고채 총수익 지수,한국,채권·금리,일반,20260807
395160,KR7395160005,KODEX AI반도체TOP2플러스,삼성자산운용,0.45,3464235000000,34470,34389.55,2021-07-30,주식,국내,실물(패시브),비과세,FnGuide AI반도체 TOP2+ 지수,한국,반도체,일반,20260807
471990,KR7471990002,KODEX AI반도체핵심장비,삼성자산운용,0.39,320739000000,19860,19886.0,2023-11-21,주식,국내,실물(패시브),비과세,iSelect AI 반도체핵심장비 지수,한국,반도체,일반,20260807
487240,KR7487240004,KODEX AI전력핵심설비,삼성자산운용,0.39,2992326500000,34835,34702.51,2024-07-09,주식,국내,실물(패시브),비과세,iSelect AI 전력핵심설비 지수(Price Return),한국,AI·테크,일반,20260807
481050,KR7481050003,KODEX CD1년금리플러스액티브(합성),삼성자산운용,0.05,2614570612500,1022315,1022221.75,2024-04-23,기타,국내,합성(액티브),배당소득세(보유기간과세),KAP 1년은행 CD+추가금리 지수(총수익지수),한국,금융,일반,20260807
459580,KR7459580007,KODEX CD금리액티브(합성),삼성자산운용,0.02,6625437880500,1074285,1074303.7,2023-06-08,기타,국내,합성(액티브),배당소득세(보유기간과세),KAP 양도성예금증서(CD)금리지수(총수익지수),한국,채권·금리,일반,20260807
439860,KR7439860008,KODEX ESG종합채권(A-이상)액티브,삼성자산운용,0.07,352836675000,113635,113668.64,2022-08-23,채권,국내,실물(액티브),배당소득세(보유기간과세),"KAP ESG 종합채권지수(A- 이상, 총수익)",한국,채권·금리,일반,20260807
266370,KR7266370006,KODEX IT,삼성자산운용,0.45,99450000000,58500,58510.78,2017-03-28,주식,국내,실물(패시브),비과세,KRX 정보기술,한국,기타,일반,20260807
101280,KR7101280006,KODEX 일본TOPIX100,삼성자산운용,0.19,52810500000,31065,30825.94,2008-02-20,주식,해외,실물(패시브),배당소득세(해외주식투자전용ETF),TOPIX100,일본,광범위지수,일반,20260807
368680,KR7368680005,KODEX K-뉴딜디지털플러스,삼성자산운용,0.09,7258500000,8065,8095.16,2020-11-10,주식,국내,실물(패시브),비과세,FnGuide K-뉴딜 디지털 플러스 지수,한국,AI·테크,일반,20260807
423160,KR7423160001,KODEX KOFR금리액티브(합성),삼성자산운용,0.05,3612012600000,110730,110708.3,2022-04-26,기타,국내,합성(액티브),배당소득세(보유기간과세),KOFR 지수,한국,채권·금리,일반,20260807
306950,KR7306950007,KODEX KRX300레버리지,삼성자산운용,0.64,51464000000,64330,63987.35,2018-10-16,주식,국내,실물(패시브),배당소득세(보유기간과세),KRX 300,한국,광범위지수,일반,20260807
292190,KR7292190006,KODEX KRX300,삼성자산운용,0.05,64890000000,43260,43349.04,2018-03-26,주식,국내,실물(패시브),비과세,KRX 300,한국,광범위지수,일반,20260807
229720,KR7229720008,KODEX KTOP30,삼성자산운용,0.25,17165000000,34330,34603.85,2015-10-14,주식,국내,실물(패시브),비과세,KTOP 30,한국,기타,일반,20260807
266360,KR7266360007,KODEX K콘텐츠,삼성자산운용,0.45,33184000000,10370,10364.81,2017-03-28,주식,국내,실물(패시브),비과세,KRX K콘텐츠,한국,게임·엔터,일반,20260807
289040,KR7289040008,KODEX MSCI KOREA ESG유니버설,삼성자산운용,0.3,18294000000,30490,30644.49,2018-02-07,주식,국내,실물(패시브),비과세,MSCI Korea ESG Universal Capped Index,한국,광범위지수,일반,20260807
156080,KR7156080004,KODEX MSCI Korea,삼성자산운용,0.09,27723000000,46205,46451.41,2012-04-30,주식,국내,실물(패시브),비과세,MSCI Korea Index,한국,광범위지수,일반,20260807
278540,KR7278540000,KODEX MSCI Korea TR,삼성자산운용,0.09,2121086500000,34715,34682.95,2017-11-09,주식,국내,실물(패시브),배당소득세(보유기간과세),MSCI Korea TR Index,한국,광범위지수,일반,20260807
251350,KR7251350005,KODEX MSCI선진국,삼성자산운용,0.3,515776000000,40295,40202.97,2016-08-17,주식,해외,실물(패시브),배당소득세(해외주식투자전용ETF),MSCI World,글로벌,광범위지수,일반,20260807
269420,KR7269420006,KODEX S&P글로벌인프라(합성),삼성자산운용,0.26,24427740000,22980,23078.92,2017-05-16,주식,해외,합성(패시브),배당소득세(보유기간과세),S&P Global Infrastructure Index,글로벌,기타,일반,20260807
291890,KR7291890002,KODEX MSCI EM선물(H),삼성자산운용,0.45,5992500000,11985,12009.91,2018-03-23,주식,해외,실물(패시브),배당소득세(보유기간과세),iEdge Emerging Markets Futures Index(ER),신흥국,기타,일반,20260807
0193T0,KR70193T0008,KODEX SK하이닉스단일종목레버리지,삼성자산운용,0.29,2027339250000,7395,7431.83,2026-05-27,주식,국내,실물(패시브),배당소득세(보유기간과세),KRX SK하이닉스 지수,한국,개별종목,일반,20260807
329650,KR7329650006,KODEX TRF3070,삼성자산운용,0.24,235537500000,14275,14277.13,2019-07-04,혼합자산,국내&해외,실물(패시브),배당소득세(보유기간과세),FnGuide TRF 3070 지수,국내+해외,기타,일반,20260807
329660,KR7329660005,KODEX TRF5050,삼성자산운용,0.17,85328500000,18155,18146.23,2019-07-04,혼합자산,국내&해외,실물(패시브),배당소득세(보유기간과세),FnGuide TRF 5050 지수,국내+해외,기타,일반,20260807
329670,KR7329670004,KODEX TRF7030,삼성자산운용,0.1,89980000000,22495,22474.47,2019-07-04,혼합자산,국내&해외,실물(패시브),배당소득세(보유기간과세),FnGuide TRF 7030 지수,국내+해외,기타,일반,20260807
395170,KR7395170004,KODEX Top10동일가중,삼성자산운용,0.15,29590000000,14795,14730.95,2021-07-30,주식,국내,실물(패시브),비과세,FnGuide TOP10 동일가중 지수,한국,기타,일반,20260807
315930,KR7315930008,KODEX Top5PlusTR,삼성자산운용,0.15,1298944000000,75520,75626.38,2019-01-22,주식,국내,실물(패시브),배당소득세(보유기간과세),FnGuide TOP 5 Plus Total Return 지수,한국,기타,일반,20260807
271050,KR7271050007,KODEX WTI원유선물인버스(H),삼성자산운용,0.35,142835000000,2200,2214.42,2017-06-13,원자재,해외,실물(패시브),배당소득세(보유기간과세),S&P GSCI Crude Oil Index ER,글로벌,에너지·원자력,일반,20260807
261220,KR7261220008,KODEX WTI원유선물(H),삼성자산운용,0.35,48622500000,21610,21496.87,2016-12-27,원자재,해외,실물(패시브),배당소득세(보유기간과세),S&P GSCI Crude Oil Index ER,글로벌,에너지·원자력,일반,20260807
468380,KR7468380001,KODEX iShares미국하이일드액티브,삼성자산운용,0.15,96888800000,11240,11231.48,2023-10-19,채권,해외,실물(액티브),배당소득세(보유기간과세),ICE BofAML US HY Constrained Index(Total Return),미국,기타,일반,20260807
275290,KR7275290005,KODEX 가치주,삼성자산운용,0.3,27526500000,30585,30740.35,2017-07-11,주식,국내,실물(패시브),비과세,MSCI Korea IMI Enhanced Value Capped,한국,광범위지수,일반,20260807
300950,KR7300950003,KODEX 게임산업,삼성자산운용,0.45,25348500000,5895,5906.11,2018-07-24,주식,국내,실물(패시브),비과세,FnGuide 게임 산업 지수,한국,게임·엔터,일반,20260807
266390,KR7266390004,KODEX 경기소비재,삼성자산운용,0.45,13275000000,14750,14700.76,2017-03-28,주식,국내,실물(패시브),비과세,KRX 경기소비재,한국,소비재,일반,20260807
279530,KR7279530000,KODEX 고배당주,삼성자산운용,0.3,338715000000,17550,17546.57,2017-10-17,주식,국내,실물(패시브),비과세,FnGuide 고배당 Plus 지수,한국,배당주,일반,20260807
280940,KR7280940008,KODEX 골드선물인버스(H),삼성자산운용,0.45,2780000000,3475,3551.77,2017-11-09,원자재,해외,실물(패시브),배당소득세(보유기간과세),S&P GSCI GOLD Index Excess Return,글로벌,원자재·금,일반,20260807
132030,KR7132030008,KODEX 골드선물(H),삼성자산운용,0.68,341936000000,24080,23849.85,2010-10-01,원자재,해외,실물(패시브),배당소득세(보유기간과세),S&P GSCI Gold Index(TR),글로벌,원자재·금,일반,20260807
138910,KR7138910005,KODEX 구리선물(H),삼성자산운용,0.68,35054000000,10310,10262.52,2011-03-15,원자재,해외,실물(패시브),배당소득세(보유기간과세),S&P GSCI North American Copper Index(TR),글로벌,원자재·금,일반,20260807
471230,KR7471230003,KODEX 국고채10년액티브,삼성자산운용,0.015,469003865000,104665,104554.55,2023-11-14,채권,국내,실물(액티브),배당소득세(보유기간과세),KAP 국고채 10년 지수(TR),한국,채권·금리,일반,20260807
439870,KR7439870007,KODEX 국고채30년액티브,삼성자산운용,0.05,414081630000,88065,87962.03,2022-08-23,채권,국내,실물(액티브),배당소득세(보유기간과세),KAP 국고채 30년 총수익 지수,한국,채권·금리,일반,20260807
114260,KR7114260003,KODEX 국고채3년,삼성자산운용,0.15,536468730000,61905,61865.94,2009-07-29,채권,국내,실물(패시브),배당소득세(보유기간과세),MKF 국고채지수(총수익),한국,채권·금리,일반,20260807
292770,KR7292770005,KODEX 국채선물3년인버스,삼성자산운용,0.07,26204040000,57465,57516.63,2018-04-13,채권,국내,실물(패시브),배당소득세(보유기간과세),국채선물지수,한국,채권·금리,일반,20260807
276990,KR7276990009,KODEX 글로벌로봇(합성),삼성자산운용,0.3,47931600000,27080,26998.49,2017-08-17,주식,국내&해외,합성(패시브),배당소득세(보유기간과세),ROBO Global Robotics & Automation UCITS Price Return Index,글로벌,AI·테크,일반,20260807
476070,KR7476070008,KODEX 글로벌비만치료제TOP2 Plus,삼성자산운용,0.45,30780000000,11400,11442.46,2024-02-14,주식,해외,실물(패시브),배당소득세(보유기간과세),iSelect 글로벌 비만치료제TOP2 Plus 지수(PR),글로벌,바이오·헬스케어,일반,20260807
0064K0,KR70064K0003,KODEX 금액티브,삼성자산운용,0.3,151824750000,12705,12613.97,2025-06-17,원자재,해외,실물(액티브),배당소득세(보유기간과세),Bloomberg Gold Spot NY 4pm USD Index,기타,원자재·금,일반,20260807
0089D0,KR70089D0003,KODEX 금융고배당TOP10,삼성자산운용,0.3,217994000000,13540,13561.48,2025-08-12,주식,국내,실물(패시브),비과세,코스피 200 금융 고배당 TOP 10 지수,한국,금융,일반,20260807
498410,KR7498410000,KODEX 금융고배당TOP10타겟위클리커버드콜,삼성자산운용,0.39,816800500000,12065,12087.58,2024-12-17,주식,국내,실물(패시브),배당소득세(보유기간과세),코스피 200 금융 고배당 TOP 10 타겟 15%분배 위클리 커버드콜 지수,한국,금융,커버드콜,20260807
0162M0,KR70162M0002,KODEX 금융채1~2년(AA-이상)PLUS액티브,삼성자산운용,0.09,461077650000,10065,10058.15,2026-02-26,채권,국내,실물(액티브),배당소득세(보유기간과세),KAP 금융채 1-2년 총수익 지수,한국,금융,일반,20260807
102960,KR7102960002,KODEX 기계장비,삼성자산운용,0.45,14405400000,13590,13564.86,2008-05-29,주식,국내,실물(패시브),비과세,KRX 기계장비,한국,조선·기계,일반,20260807
404260,KR7404260002,KODEX 기후변화솔루션,삼성자산운용,0.09,20110500000,22345,22255.24,2021-10-29,주식,국내,실물(패시브),비과세,KRX 기후변화 솔루션지수,한국,기타,일반,20260807
273140,KR7273140004,KODEX 단기변동금리부채권액티브,삼성자산운용,0.15,278486115000,114745,114751.33,2017-06-29,채권,국내,실물(액티브),배당소득세(보유기간과세),KAP 단기변동금리부은행채권지수,한국,금융,일반,20260807
487950,KR7487950008,KODEX 대만테크고배당다우존스,삼성자산운용,0.45,18436750000,12715,12868.95,2024-07-23,주식,해외,실물(패시브),배당소득세(보유기간과세),Dow Jones Taiwan Technology Dividend 30 Index(TWD)(PR),미국,AI·테크,일반,20260807
445290,KR7445290000,KODEX 로봇액티브,삼성자산운용,0.5,1059421000000,30140,30089.45,2022-11-15,주식,국내,실물(액티브),배당소득세(보유기간과세),iSelect K-로봇테마 지수,한국,AI·테크,일반,20260807
488770,KR7488770009,KODEX 머니마켓액티브,삼성자산운용,0.05,8069762225000,105175,105169.85,2024-08-06,채권,국내,실물(액티브),배당소득세(보유기간과세),KAP MMF 지수(TR),한국,채권·금리,일반,20260807
337120,KR7337120000,KODEX 멀티팩터,삼성자산운용,0.3,18840000000,31400,31456.99,2019-11-14,주식,국내,실물(패시브),비과세,FnGuide 멀티팩터 지수,한국,기타,일반,20260807
401470,KR7401470000,KODEX 메타버스액티브,삼성자산운용,0.5,57239000000,9620,9667.15,2021-10-13,주식,국내,실물(액티브),배당소득세(보유기간과세),FnGuide K-메타버스 지수,한국,AI·테크,일반,20260807
244620,KR7244620001,KODEX 모멘텀Plus,삼성자산운용,0.3,13023500000,18605,18717.61,2016-05-13,주식,국내,실물(패시브),비과세,FnGuide 모멘텀 Plus 지수,한국,기타,일반,20260807
275280,KR7275280006,KODEX 모멘텀주,삼성자산운용,0.3,34227000000,38030,38202.56,2017-07-11,주식,국내,실물(패시브),비과세,MSCI Korea IMI Momentum Capped,한국,광범위지수,일반,20260807
308620,KR7308620004,KODEX 미국10년국채선물,삼성자산운용,0.09,95904000000,11840,11843.94,2018-10-19,채권,해외,실물(패시브),배당소득세(보유기간과세),S&P 10-Year U.S. Treasury Note Futures KRW(ER),미국,채권·금리,일반,20260807
0091C0,KR70091C0000,KODEX 미국10년국채액티브(H),삼성자산운용,0.15,191534200000,9620,9621.94,2025-08-19,채권,해외,실물(액티브),배당소득세(보유기간과세),KAP 미국 국채 10년 지수(총수익),미국,채권·금리,일반,20260807
484790,KR7484790001,KODEX 미국30년국채액티브(H),삼성자산운용,0.015,593398400000,8260,8266.88,2024-06-18,채권,해외,실물(액티브),배당소득세(보유기간과세),KEDI-KAP 미국 국채 20+ 지수(TR),미국,채권·금리,일반,20260807
304670,KR7304670003,KODEX 미국30년국채울트라선물인버스(H),삼성자산운용,0.3,7410000000,12350,12340.09,2018-09-12,채권,해외,실물(패시브),배당소득세(보유기간과세),S&P Ultra T-Bond Futures Index(ER),기타,채권·금리,일반,20260807
304660,KR7304660004,KODEX 미국30년국채울트라선물(H),삼성자산운용,0.3,135036000000,7260,7281.51,2018-09-12,채권,해외,실물(패시브),배당소득세(보유기간과세),S&P Ultra T-Bond Futures Index(ER),기타,채권·금리,일반,20260807
481060,KR7481060002,KODEX 미국30년국채타겟커버드콜(합성 H),삼성자산운용,0.25,773747250000,7465,7507.22,2024-04-30,채권,해외,합성(패시브),배당소득세(보유기간과세),Bloomberg U.S.Treasury 20+ Year(TLT)+ 12% Premium Covered Call index(TR),미국,채권·금리,커버드콜,20260807
0173Y0,KR70173Y0005,KODEX 미국AI광통신네트워크,삼성자산운용,0.55,416845000000,12100,11753.85,2026-03-31,주식,해외,실물(패시브),배당소득세(보유기간과세),Akros 미국 AI 광통신 및 네트워크 인프라 지수(PR),미국,AI·테크,일반,20260807
0151S0,KR70151S0009,KODEX 미국AI반도체TOP3플러스,삼성자산운용,0.49,215260500000,15770,15692.5,2026-01-13,주식,해외,실물(패시브),배당소득세(보유기간과세),Akros 미국 AI 반도체 Top 3 플러스 지수 (Price Return),미국,반도체,일반,20260807
0041D0,KR70041D0000,KODEX 미국AI소프트웨어TOP10,삼성자산운용,0.45,47048500000,12890,12593.13,2025-04-22,주식,해외,실물(패시브),배당소득세(보유기간과세),iSelect 미국 AI 소프트웨어 TOP10 지수(PR),미국,AI·테크,일반,20260807
487230,KR7487230005,KODEX 미국AI전력핵심인프라,삼성자산운용,0.45,1557795000000,20910,20729.73,2024-07-09,주식,해외,실물(패시브),배당소득세(보유기간과세),iSelect 미국AI전력핵심인프라 지수(Price Return),미국,AI·테크,일반,20260807
485540,KR7485540009,KODEX 미국AI테크TOP10,삼성자산운용,0.3,310563000000,15685,15654.86,2024-06-25,주식,해외,실물(패시브),배당소득세(보유기간과세),KEDI 미국AI테크 TOP10 지수(PR),미국,AI·테크,일반,20260807
483280,KR7483280004,KODEX 미국AI테크TOP10타겟커버드콜,삼성자산운용,0.39,485211000000,12315,12284.71,2024-05-28,주식,해외,실물(패시브),배당소득세(보유기간과세),KEDI 미국 AI 테크 TOP10+15%프리미엄 지수(Total Return),미국,AI·테크,일반,20260807
0225V0,KR70225V0006,KODEX 미국CPU반도체TOP10,삼성자산운용,0.55,83410000000,10975,10896.51,2026-08-04,주식,해외,실물(패시브),배당소득세(보유기간과세),Indxx US CPU Semiconductor TOP 10 Index (Price Return),미국,반도체,일반,20260807
428560,KR7428560007,KODEX 미국ETF산업Top10 Indxx,삼성자산운용,0.5,12848000000,16060,16038.22,2022-05-17,주식,해외,실물(패시브),배당소득세(보유기간과세),Indxx US ETF Industry Top10 Index(Price Return),미국,기타,일반,20260807
379800,KR7379800006,KODEX 미국S&P500,삼성자산운용,0.006,10038381250000,24625,24589.36,2021-04-09,주식,해외,실물(패시브),배당소득세(보유기간과세),S&P 500,미국,광범위지수,일반,20260807
453660,KR7453660003,KODEX 미국S&P500경기소비재,삼성자산운용,0.25,12624500000,18035,18058.3,2023-03-21,주식,해외,실물(패시브),배당소득세(보유기간과세),S&P Consumer Discretionary Select Sector Index(Price Return),기타,소비재,일반,20260807
453650,KR7453650004,KODEX 미국S&P500금융,삼성자산운용,0.25,45033750000,20015,20027.25,2023-03-21,주식,해외,실물(패시브),배당소득세(보유기간과세),S&P Financial Select Sector Index(Price Return),기타,금융,일반,20260807
0005A0,KR70005A0007,KODEX 미국S&P500데일리커버드콜OTM,삼성자산운용,0.25,192764500000,9785,9764.52,2025-01-07,주식,해외,실물(패시브),배당소득세(보유기간과세),S&P 500 Covered Call 1% OTM Daily Index(TR),미국,광범위지수,커버드콜,20260807
276970,KR7276970001,KODEX 미국S&P500배당귀족커버드콜(합성 H),삼성자산운용,0.3,36613000000,7790,7920.47,2017-08-10,주식,해외,합성(패시브),배당소득세(보유기간과세),S&P500 Dividend Aristocrats Covered Call(7.2% Premium) Index,미국,배당주,커버드콜,20260807
0026E0,KR70026E0008,KODEX 미국S&P500버퍼3월액티브,삼성자산운용,0.39,22163000000,11980,11993.54,2025-03-25,주식,해외,실물(액티브),배당소득세(보유기간과세),S&P500 10% Buffered Index March Series (USD) TR,미국,광범위지수,일반,20260807
0068M0,KR70068M0007,KODEX 미국S&P500버퍼6월액티브,삼성자산운용,0.39,10723500000,11915,12115.38,2025-06-24,주식,해외,실물(액티브),배당소득세(보유기간과세),S&P500 10% Buffered Index June Series (USD) TR,미국,광범위지수,일반,20260807
0089C0,KR70089C0004,KODEX 미국S&P500변동성확대시커버드콜,삼성자산운용,0.39,58800000000,11760,11772.75,2025-08-12,주식,해외,실물(패시브),배당소득세(보유기간과세),Cboe S&P 500 Volatility Contingent Daily Covered Call Index(Total Retrun),미국,광범위지수,커버드콜,20260807
200030,KR7200030005,KODEX 미국S&P500산업재(합성),삼성자산운용,0.25,50568240000,44830,45171.74,2014-06-12,주식,해외,합성(패시브),배당소득세(보유기간과세),S&P Select Sector Industrial Index,기타,기타,일반,20260807
0041E0,KR70041E0009,KODEX 미국S&P500액티브,삼성자산운용,0.45,139902000000,16655,16578.89,2025-04-22,주식,해외,실물(액티브),배당소득세(보유기간과세),S&P 500,미국,광범위지수,일반,20260807
218420,KR7218420008,KODEX 미국S&P500에너지(합성),삼성자산운용,0.25,46711725000,19105,19206.41,2015-04-28,주식,해외,합성(패시브),배당소득세(보유기간과세),S&P Select Sector Energy Index,기타,에너지·원자력,일반,20260807
463640,KR7463640003,KODEX 미국S&P500유틸리티,삼성자산운용,0.25,11396000000,14245,14209.65,2023-08-01,주식,해외,실물(패시브),배당소득세(보유기간과세),S&P Utilities Select Sector Index(Price Return),기타,에너지·원자력,일반,20260807
449180,KR7449180009,KODEX 미국S&P500(H),삼성자산운용,0.009,992733000000,17220,17206.17,2022-12-02,주식,해외,실물(패시브),배당소득세(보유기간과세),S&P 500,미국,광범위지수,일반,20260807
463690,KR7463690008,KODEX 미국S&P500커뮤니케이션,삼성자산운용,0.25,10007250000,18195,18208.57,2023-08-01,주식,해외,실물(패시브),배당소득세(보유기간과세),S&P Communication Services Select Sector Index(Price Return),기타,기타,일반,20260807
463680,KR7463680009,KODEX 미국S&P500테크놀로지,삼성자산운용,0.25,127067250000,22895,22666.75,2023-08-01,주식,해외,실물(패시브),배당소득세(보유기간과세),S&P Technology Select Sector Index(Price Return),기타,AI·테크,일반,20260807
453630,KR7453630006,KODEX 미국S&P500필수소비재,삼성자산운용,0.25,16562000000,12740,12724.54,2023-03-21,주식,해외,실물(패시브),배당소득세(보유기간과세),S&P Consumer Staples Select Sector Index(Price Return),기타,소비재,일반,20260807
453640,KR7453640005,KODEX 미국S&P500헬스케어,삼성자산운용,0.25,60501000000,14070,14061.61,2023-03-21,주식,해외,실물(패시브),배당소득세(보유기간과세),S&P Health Care Select Sector Index(Price Return),기타,바이오·헬스케어,일반,20260807
0028X0,KR70028X0003,KODEX 미국금융테크액티브,삼성자산운용,0.45,13926500000,12110,12196.61,2025-05-27,주식,해외,실물(액티브),배당소득세(보유기간과세),iSelect 미국 차세대 파이낸셜 테크 지수(시장가격),미국,AI·테크,일반,20260807
379810,KR7379810005,KODEX 미국나스닥100,삼성자산운용,0.006,9075143750000,27605,27519.8,2021-04-09,주식,해외,실물(패시브),배당소득세(보유기간과세),NASDAQ 100,미국,광범위지수,일반,20260807
494300,KR7494300007,KODEX 미국나스닥100데일리커버드콜OTM,삼성자산운용,0.25,951403500000,9355,9324.64,2024-10-22,주식,해외,실물(패시브),배당소득세(보유기간과세),NASDAQ-100 Daily Covered Call 101 Index(TR),미국,기타,커버드콜,20260807
409820,KR7409820008,KODEX 미국나스닥100레버리지(합성 H),삼성자산운용,0.3,255936000000,19995,19886.28,2021-12-09,주식,해외,합성(패시브),배당소득세(보유기간과세),NASDAQ 100,미국,광범위지수,일반,20260807
409810,KR7409810009,KODEX 미국나스닥100선물인버스(H),삼성자산운용,0.3,11326250000,5525,5540.64,2021-12-09,주식,해외,실물(패시브),배당소득세(보유기간과세),NASDAQ 100,미국,광범위지수,일반,20260807
304940,KR7304940000,KODEX 미국나스닥100선물(H),삼성자산운용,0.05,111883500000,32430,32336.49,2018-08-30,주식,해외,실물(패시브),배당소득세(보유기간과세),NASDAQ 100,미국,광범위지수,일반,20260807
449190,KR7449190008,KODEX 미국나스닥100(H),삼성자산운용,0.009,562136250000,22175,22112.49,2022-12-02,주식,해외,실물(패시브),배당소득세(보유기간과세),NASDAQ 100,미국,광범위지수,일반,20260807
411420,KR7411420003,KODEX 미국나스닥AI테크액티브,삼성자산운용,0.5,129841250000,27335,27231.0,2021-12-22,주식,해외,실물(액티브),배당소득세(보유기간과세),Nasdaq CB Insights Metaverse US Index (Price Return),미국,기타,일반,20260807
455030,KR7455030007,KODEX 미국달러SOFR금리액티브(합성),삼성자산운용,0.15,657111000000,12180,12154.37,2023-04-04,기타,해외,합성(액티브),배당소득세(보유기간과세),Bloomberg SOFR Daily Total Return Index,미국,채권·금리,일반,20260807
261250,KR7261250005,KODEX 미국달러선물레버리지,삼성자산운용,0.45,27746900000,16715,16749.82,2016-12-27,통화,국내,실물(패시브),배당소득세(보유기간과세),미국달러선물지수,한국,기타,일반,20260807
261260,KR7261260004,KODEX 미국달러선물인버스2X,삼성자산운용,0.45,238880250000,5075,5077.1,2016-12-27,통화,국내,실물(패시브),배당소득세(보유기간과세),미국달러선물지수,한국,기타,일반,20260807
261270,KR7261270003,KODEX 미국달러선물인버스,삼성자산운용,0.45,109068750000,7875,7892.19,2016-12-27,통화,국내,실물(패시브),배당소득세(보유기간과세),미국달러선물지수,한국,기타,일반,20260807
261240,KR7261240006,KODEX 미국달러선물,삼성자산운용,0.25,59024400000,14610,14620.93,2016-12-27,통화,국내,실물(패시브),배당소득세(보유기간과세),미국달러선물지수,한국,기타,일반,20260807
0144M0,KR70144M0005,KODEX 미국드론UAM TOP10,삼성자산운용,0.49,23469750000,8235,8222.44,2025-12-23,주식,해외,실물(패시브),배당소득세(보유기간과세),iSelect 미국드론UAM TOP10 지수(Price Return),미국,기타,일반,20260807
280930,KR7280930009,KODEX 미국러셀2000(H),삼성자산운용,0.45,24621000000,16980,16975.63,2017-11-09,주식,해외,실물(패시브),배당소득세(보유기간과세),FTSE Russell 2000 Index,미국,기타,일반,20260807
0048J0,KR70048J0007,KODEX 미국머니마켓액티브,삼성자산운용,0.05,752165040000,14160,14149.86,2025-05-13,채권,해외,실물(액티브),배당소득세(보유기간과세),KAP 미국 머니마켓 지수,미국,기타,일반,20260807
390390,KR7390390003,KODEX 미국반도체,삼성자산운용,0.09,1325255000000,55450,55102.43,2021-06-30,주식,해외,실물(패시브),배당소득세(보유기간과세),MVIS US Listed Semiconductor 25 Index,미국,반도체,일반,20260807
489250,KR7489250001,KODEX 미국배당다우존스,삼성자산운용,0.009,582253000000,13055,13026.97,2024-08-13,주식,해외,실물(패시브),배당소득세(보유기간과세),Dow Jones U.S. Dividend 100 Price Return Index,미국,배당주,일반,20260807
483290,KR7483290003,KODEX 미국배당다우존스타겟커버드콜,삼성자산운용,0.39,171847500000,10415,10376.66,2024-05-28,주식,해외,실물(패시브),배당소득세(보유기간과세),Dow Jones U.S. Dividend 100 10% Premium Covered Call Index(Total Return),미국,배당주,커버드콜,20260807
441640,KR7441640000,KODEX 미국배당커버드콜액티브,삼성자산운용,0.19,1677534500000,13070,13023.36,2022-09-27,주식,해외,실물(액티브),배당소득세(보유기간과세),S&P 500,미국,광범위지수,일반,20260807
352560,KR7352560007,KODEX 미국부동산리츠(H),삼성자산운용,0.09,36786500000,12470,12463.02,2020-05-13,부동산,해외,실물(패시브),배당소득세(분리과세부동산ETF),Dow Jones U.S. Real Estate PR Index,미국,리츠·부동산,일반,20260807
314250,KR7314250002,KODEX 미국빅테크10(H),삼성자산운용,0.45,665936400000,61890,61802.76,2019-01-10,주식,해외,실물(패시브),배당소득세(보유기간과세),NYSE U.S. Big TECH 10 INDEX,미국,AI·테크,일반,20260807
473460,KR7473460004,KODEX 미국서학개미,삼성자산운용,0.25,177633000000,23220,23085.22,2023-12-27,주식,해외,실물(패시브),배당소득세(보유기간과세),iSelect 서학개미 지수(PR),기타,기타,일반,20260807
0144L0,KR70144L0006,KODEX 미국성장커버드콜액티브,삼성자산운용,0.49,356128000000,9920,9909.33,2025-12-23,주식,해외,실물(액티브),배당소득세(보유기간과세),NASDAQ 100,미국,광범위지수,일반,20260807
390400,KR7390400000,KODEX 미국스마트모빌리티S&P,삼성자산운용,0.09,7620000000,7620,7604.55,2021-06-30,주식,해외,실물(패시브),배당소득세(보유기간과세),S&P Kensho Smart Transportation,기타,기타,일반,20260807
0167Z0,KR70167Z0002,KODEX 미국우주항공,삼성자산운용,0.55,368322500000,8095,8038.05,2026-03-17,주식,해외,실물(패시브),배당소득세(보유기간과세),iSelect 미국우주항공지수(Price Return),미국,방산·우주,일반,20260807
0132H0,KR70132H0006,KODEX 미국원자력SMR,삼성자산운용,0.45,52300500000,8790,8770.34,2025-11-25,주식,해외,실물(패시브),배당소득세(보유기간과세),iSelect 미국원자력SMR 지수(Price Return),미국,에너지·원자력,일반,20260807
437080,KR7437080005,KODEX 미국종합채권ESG액티브(H),삼성자산운용,0.18,231547725000,97085,97138.52,2022-08-09,채권,해외,실물(액티브),배당소득세(보유기간과세),Bloomberg MSCI US Aggregate 2bn ex Securitized SRI Capped Index(Total Return),미국,광범위지수,일반,20260807
419420,KR7419420005,KODEX 미국클린에너지나스닥,삼성자산운용,0.45,11640000000,9700,9599.44,2022-03-22,주식,해외,실물(패시브),배당소득세(보유기간과세),Nasdaq Clean Edge Green Energy Index (Price Return),미국,에너지·원자력,일반,20260807
491090,KR7491090007,KODEX 미국테크TOP3플러스,삼성자산운용,0.3,32287500000,18450,18405.14,2024-09-10,주식,해외,실물(패시브),배당소득세(보유기간과세),KEDI 미국테크TOP3플러스 지수(Price Return),미국,AI·테크,일반,20260807
0038A0,KR70038A0008,KODEX 미국휴머노이드로봇,삼성자산운용,0.45,299965500000,15705,15651.29,2025-04-15,주식,해외,실물(패시브),배당소득세(보유기간과세),iSelect 미국 휴머노이드 로봇 지수(Price Return),미국,AI·테크,일반,20260807
244580,KR7244580007,KODEX 바이오,삼성자산운용,0.45,229075200000,8730,8727.02,2016-05-13,주식,국내,실물(패시브),비과세,FnGuide 바이오 지수,한국,바이오·헬스케어,일반,20260807
091160,KR7091160002,KODEX 반도체,삼성자산운용,0.45,4762550000000,107750,107577.15,2006-06-27,주식,국내,실물(패시브),비과세,KRX 반도체,한국,반도체,일반,20260807
494310,KR7494310006,KODEX 반도체레버리지,삼성자산운용,0.49,747224000000,57040,56655.33,2024-10-22,주식,국내,실물(패시브),배당소득세(보유기간과세),KRX 반도체,한국,반도체,일반,20260807
0190G0,KR70190G0006,KODEX 반도체타겟위클리커버드콜,삼성자산운용,0.45,149391000000,7545,7551.42,2026-05-12,주식,국내,실물(패시브),배당소득세(보유기간과세),KRX 반도체 타겟 9% 분배 위클리 커버드콜 지수,한국,반도체,커버드콜,20260807
0100K0,KR70100K0009,KODEX 방산TOP10레버리지,삼성자산운용,0.64,41440000000,7400,7401.55,2025-09-16,주식,국내,실물(패시브),배당소득세(보유기간과세),iSelect 방산 TOP10 지수(Price Return),한국,방산·우주,일반,20260807
0080G0,KR70080G0009,KODEX 방산TOP10,삼성자산운용,0.45,376720000000,11080,11028.28,2025-07-15,주식,국내,실물(패시브),비과세,iSelect 방산 TOP10 지수(Price Return),한국,방산·우주,일반,20260807
325020,KR7325020006,KODEX 배당가치,삼성자산운용,0.3,90132500000,29075,29150.35,2019-05-31,주식,국내,실물(패시브),비과세,FnGuide SLV 배당가치 지수,한국,배당주,일반,20260807
244670,KR7244670006,KODEX 밸류Plus,삼성자산운용,0.3,6942000000,11570,11648.55,2016-05-13,주식,국내,실물(패시브),비과세,FnGuide 벨류 Plus 지수,한국,기타,일반,20260807
102780,KR7102780004,KODEX 삼성그룹,삼성자산운용,0.25,3129340500000,24315,24229.41,2008-05-21,주식,국내,실물(패시브),비과세,삼성그룹,한국,기타,일반,20260807
0177N0,KR70177N0004,KODEX 삼성전자SK하이닉스채권혼합50,삼성자산운용,0.07,1390996500000,13135,13094.96,2026-04-07,혼합자산,국내,실물(패시브),배당소득세(보유기간과세),Wise 삼성전자 SK하이닉스 채권혼합 지수,한국,개별종목,혼합,20260807
0193W0,KR70193W0003,KODEX 삼성전자단일종목레버리지,삼성자산운용,0.29,1440576000000,9760,9706.55,2026-05-27,주식,국내,실물(패시브),배당소득세(보유기간과세),KRX 삼성전자 지수,한국,개별종목,일반,20260807
448330,KR7448330001,KODEX 삼성전자채권혼합,삼성자산운용,0.07,1219830000000,16710,16746.88,2022-11-29,혼합자산,국내,실물(패시브),배당소득세(보유기간과세),Wise 삼성전자채권혼합 지수,한국,개별종목,혼합,20260807
325010,KR7325010007,KODEX 성장주,삼성자산운용,0.3,117270000000,39090,39022.26,2019-05-31,주식,국내,실물(패시브),비과세,FnGuide 성장 지수(PR),한국,기타,일반,20260807
385510,KR7385510003,KODEX 신재생에너지액티브,삼성자산운용,0.5,307071250000,36775,36650.92,2021-05-25,주식,국내,실물(액티브),배당소득세(보유기간과세),FnGuide K-신재생에너지 플러스 지수,한국,에너지·원자력,일반,20260807
446690,KR7446690000,KODEX 아시아AI반도체exChina액티브,삼성자산운용,0.5,28030000000,56060,56385.38,2023-02-01,주식,해외,실물(액티브),배당소득세(보유기간과세),iSelect 아시아반도체 제조동맹 지수(시장가격),기타,반도체,일반,20260807
437070,KR7437070006,KODEX 아시아달러채권ESG플러스액티브,삼성자산운용,0.18,38479320000,60885,60851.19,2022-08-09,채권,해외,실물(액티브),배당소득세(보유기간과세),Bloomberg MSCI EM Asia Investment Grade Credit SRI Index(Total Return),신흥국,채권·금리,일반,20260807
275300,KR7275300002,KODEX 우량주,삼성자산운용,0.3,46291000000,27230,27304.62,2017-07-11,주식,국내,실물(패시브),비과세,MSCI Korea IMI Quality Capped,한국,광범위지수,일반,20260807
0098F0,KR70098F0000,KODEX 원자력SMR,삼성자산운용,0.45,260750000000,14900,14926.98,2025-09-16,주식,국내,실물(패시브),비과세,iSelect 원자력SMR 지수(Price Return),한국,에너지·원자력,일반,20260807
395150,KR7395150006,KODEX 웹툰&드라마,삼성자산운용,0.45,9919500000,1945,1947.96,2021-07-30,주식,국내,실물(패시브),비과세,FnGuide 웹툰&드라마 지수,한국,기타,일반,20260807
456250,KR7456250000,KODEX 유럽명품TOP10 STOXX,삼성자산운용,0.45,10999750000,9565,9552.29,2023-04-25,주식,해외,실물(패시브),배당소득세(보유기간과세),STOXX Europe Luxury 10 Index(Price Return),유럽,기타,일반,20260807
400570,KR7400570008,KODEX 유럽탄소배출권선물ICE(H),삼성자산운용,0.64,12485000000,11350,11282.05,2021-09-30,기타,해외,실물(패시브),배당소득세(보유기간과세),ICE EUA Carbon Futures Index(Excess Return),기타,기타,일반,20260807
144600,KR7144600004,KODEX 은선물(H),삼성자산운용,0.68,769668000000,10345,10021.59,2011-07-18,원자재,해외,실물(패시브),배당소득세(보유기간과세),S&P GSCI Silver Index(TR),글로벌,원자재·금,일반,20260807
091170,KR7091170001,KODEX 은행,삼성자산운용,0.3,290500000000,16600,16581.5,2006-06-27,주식,국내,실물(패시브),비과세,KRX 은행,한국,금융,일반,20260807
453820,KR7453820003,KODEX 인도Nifty50레버리지(합성),삼성자산운용,0.39,16464500000,12665,12665.42,2023-04-21,주식,해외,합성(패시브),배당소득세(보유기간과세),Nifty 50 Index,인도,광범위지수,일반,20260807
453810,KR7453810004,KODEX 인도Nifty50,삼성자산운용,0.19,366222500000,12310,12356.14,2023-04-21,주식,해외,실물(패시브),배당소득세(보유기간과세),Nifty 50 Index,인도,광범위지수,일반,20260807
0000H0,KR70000H0005,KODEX 인도Nifty미드캡100,삼성자산운용,0.45,12454500000,10830,10777.69,2025-04-08,주식,해외,실물(패시브),배당소득세(보유기간과세),Nifty Midcap 100 Index(PR),인도,광범위지수,일반,20260807
477730,KR7477730006,KODEX 인도타타그룹,삼성자산운용,0.45,23805000000,7935,7944.2,2024-05-08,주식,해외,실물(패시브),배당소득세(보유기간과세),Nifty India Corporate Group Index - Tata Group 25% Cap(PR),인도,채권·금리,일반,20260807
352540,KR7352540009,KODEX 일본부동산리츠(H),삼성자산운용,0.3,38573000000,11345,11426.99,2020-05-13,부동산,해외,실물(패시브),배당소득세(분리과세부동산ETF),Tokyo Stock Exchange REIT Index,기타,리츠·부동산,일반,20260807
091180,KR7091180000,KODEX 자동차,삼성자산운용,0.45,416100000000,29200,29171.24,2006-06-27,주식,국내,실물(패시브),비과세,KRX 자동차,한국,자동차,일반,20260807
385520,KR7385520002,KODEX 자율주행액티브,삼성자산운용,0.5,33153000000,15420,15448.05,2021-05-25,주식,국내,실물(액티브),배당소득세(보유기간과세),FnGuide K-미래차 지수,한국,기타,일반,20260807
363570,KR7363570003,KODEX 장기종합채권(AA-이상)액티브,삼성자산운용,0.045,237150100000,86900,86905.88,2020-09-25,채권,국내,실물(액티브),배당소득세(보유기간과세),"KAP 한국장기종합채권지수(AA-이상, 총수익)",한국,채권·금리,일반,20260807
433970,KR7433970001,KODEX TDF2030액티브 적격,삼성자산운용,0.2,92879000000,14180,14101.13,2022-06-30,혼합자산,국내&해외,실물(액티브),배당소득세(보유기간과세),Samsung Korea Target Date 2030 Index (Price Return),국내+해외,자산배분·TDF,일반,20260807
433980,KR7433980000,KODEX TDF2040액티브 적격,삼성자산운용,0.25,186128250000,16115,16052.72,2022-06-30,혼합자산,국내&해외,실물(액티브),배당소득세(보유기간과세),Samsung Korea Target Date 2040 Index (Price Return),국내+해외,자산배분·TDF,일반,20260807
434060,KR7434060000,KODEX TDF2050액티브 적격,삼성자산운용,0.3,626958000000,17130,17041.45,2022-06-30,혼합자산,국내&해외,실물(액티브),배당소득세(보유기간과세),Samsung Korea Target Date 2050 Index (Price Return),국내+해외,자산배분·TDF,일반,20260807
0082V0,KR70082V0008,KODEX TDF2060액티브 적격,삼성자산운용,0.3,183360000000,11460,11415.11,2025-07-22,혼합자산,국내&해외,실물(액티브),배당소득세(보유기간과세),Samsung Korea Target Date 2060 Index,국내+해외,자산배분·TDF,일반,20260807
0209D0,KR70209D0008,KODEX 전고체배터리ESS TOP2플러스,삼성자산운용,0.5,97155000000,7620,7614.73,2026-06-23,주식,국내,실물(패시브),비과세,Akros 한국 전고체 배터리 ESS TOP2 플러스 지수(Price Return),한국,2차전지,일반,20260807
0115D0,KR70115D0001,KODEX 조선TOP10,삼성자산운용,0.45,207870000000,8200,8192.04,2025-10-28,주식,국내,실물(패시브),비과세,KRX 조선 TOP10,한국,조선·기계,일반,20260807
273130,KR7273130005,KODEX 종합채권(AA-이상)액티브,삼성자산운용,0.045,3415747125000,110125,110125.31,2017-06-29,채권,국내,실물(액티브),배당소득세(보유기간과세),KAP 한국종합채권지수,한국,채권·금리,일반,20260807
0153K0,KR70153K0005,KODEX 주주환원고배당주,삼성자산운용,0.33,153750000000,12500,12524.68,2026-01-20,주식,국내,실물(패시브),비과세,Akros 주주환원 고배당 지수 (Price Return),한국,배당주,일반,20260807
102970,KR7102970001,KODEX 증권,삼성자산운용,0.45,666120000000,18300,18324.76,2008-05-29,주식,국내,실물(패시브),비과세,KRX 증권,한국,금융,일반,20260807
419430,KR7419430004,KODEX 차이나2차전지MSCI(합성),삼성자산운용,0.25,28322000000,10115,9963.44,2022-03-22,주식,해외,합성(패시브),배당소득세(보유기간과세),MSCI China all shares IMI Select Batteries Index(Price Return),중국,2차전지,일반,20260807
0162L0,KR70162L0003,KODEX 차이나AI반도체TOP10,삼성자산운용,0.55,83597500000,14050,13820.48,2026-02-26,주식,해외,실물(패시브),배당소득세(보유기간과세),Indxx China AI Semiconductor Top 10 Index (Price Return),중국,반도체,일반,20260807
428510,KR7428510002,KODEX 차이나AI테크액티브,삼성자산운용,0.5,54472000000,24760,24276.59,2022-05-17,주식,해외,실물(액티브),배당소득세(보유기간과세),Bloomberg China Media & Tech Index PR,중국,AI·테크,일반,20260807
283580,KR7283580009,KODEX 차이나CSI300,삼성자산운용,0.12,263153250000,15805,15762.62,2017-12-13,주식,해외,실물(패시브),배당소득세(해외주식투자전용ETF),CSI 300 Index,중국,광범위지수,일반,20260807
169950,KR7169950003,KODEX 차이나A50,삼성자산운용,0.12,21184000000,26480,26524.16,2013-01-21,주식,해외,실물(패시브),배당소득세(해외주식투자전용ETF),FTSE China A50 Index,중국,기타,일반,20260807
204450,KR7204450001,KODEX 차이나H레버리지(H),삼성자산운용,0.64,23836000000,2360,2369.72,2014-09-12,주식,해외,실물(패시브),배당소득세(보유기간과세),Hang Seng China H,중국,기타,일반,20260807
099140,KR7099140006,KODEX 차이나H,삼성자산운용,0.12,34084500000,21990,21970.45,2007-10-10,주식,해외,실물(패시브),배당소득세(해외주식투자전용ETF),Hang Seng China H,중국,기타,일반,20260807
415340,KR7415340009,KODEX 차이나과창판STAR50(합성),삼성자산운용,0.09,31536450000,15235,15012.57,2022-01-13,주식,해외,합성(패시브),배당소득세(보유기간과세),STAR 50 Index(Price Return),기타,기타,일반,20260807
256750,KR7256750001,KODEX 차이나심천ChiNext(합성),삼성자산운용,0.47,49876995000,16305,16234.16,2016-11-08,주식,해외,합성(패시브),배당소득세(보유기간과세),SZSE ChiNext Price Index,기타,기타,일반,20260807
0065G0,KR70065G0008,KODEX 차이나테크TOP10,삼성자산운용,0.45,26782000000,9565,9586.51,2025-06-17,주식,해외,실물(패시브),배당소득세(보유기간과세),Hang Seng China Tech Top 10 Select Index (HKD) (Price Return),중국,AI·테크,일반,20260807
372330,KR7372330001,KODEX 차이나항셍테크,삼성자산운용,0.12,122344000000,7460,7450.68,2020-12-16,주식,해외,실물(패시브),배당소득세(보유기간과세),Hang Seng TECH Index,중국,AI·테크,일반,20260807
0048K0,KR70048K0004,KODEX 차이나휴머노이드로봇,삼성자산운용,0.45,158950000000,9350,9258.79,2025-05-13,주식,해외,실물(패시브),배당소득세(보유기간과세),Solactive China Humanoid Robotics Index (CNH) (Price Return),중국,AI·테크,일반,20260807
279540,KR7279540009,KODEX 최소변동성,삼성자산운용,0.3,12003000000,20005,20027.44,2017-10-17,주식,국내,실물(패시브),비과세,KRX 최소변동성지수,한국,기타,일반,20260807
445150,KR7445150006,KODEX 친환경조선해운액티브,삼성자산운용,0.5,54520500000,28695,28838.22,2022-11-15,주식,국내,실물(액티브),배당소득세(보유기간과세),FnGuide K-친환경 선박 지수,한국,기타,일반,20260807
211900,KR7211900006,KODEX 코리아배당성장,삼성자산운용,0.15,93522000000,28340,28499.01,2014-12-17,주식,국내,실물(패시브),비과세,코스피 배당성장 50,한국,배당주,일반,20260807
237370,KR7237370002,KODEX 코리아배당성장채권혼합,삼성자산운용,0.19,164424000000,15810,15814.67,2016-01-27,혼합자산,국내,실물(패시브),배당소득세(보유기간과세),배당성장채권혼합지수,한국,채권·금리,혼합,20260807
495850,KR7495850000,KODEX 코리아밸류업,삼성자산운용,0.008,605507500000,30050,30113.74,2024-11-04,주식,국내,실물(패시브),비과세,코리아 밸류업 지수,한국,배당주,일반,20260807
0115E0,KR70115E0000,KODEX 코리아소버린AI,삼성자산운용,0.45,62445000000,13575,13592.25,2025-10-21,주식,국내,실물(패시브),비과세,KRX 코리아 소버린 AI 지수,한국,AI·테크,일반,20260807
373490,KR7373490002,KODEX 코리아혁신성장액티브,삼성자산운용,0.5,10777500000,23950,24121.22,2020-12-24,주식,국내,실물(액티브),배당소득세(보유기간과세),FnGuide K-이노베이션 지수,한국,기타,일반,20260807
229200,KR7229200001,KODEX 코스닥150,삼성자산운용,0.25,4864467750000,13605,13592.93,2015-10-01,주식,국내,실물(패시브),비과세,코스닥 150,한국,광범위지수,일반,20260807
233740,KR7233740000,KODEX 코스닥150레버리지,삼성자산운용,0.64,3569055000000,6650,6651.86,2015-12-17,주식,국내,실물(패시브),배당소득세(보유기간과세),코스닥 150,한국,광범위지수,일반,20260807
360150,KR7360150007,KODEX 코스닥150롱코스피200숏선물,삼성자산운용,0.64,13755500000,3355,3373.91,2020-08-21,주식,국내,실물(패시브),배당소득세(보유기간과세),코스닥150 롱 100% 코스피200 숏 100% 선물지수,한국,광범위지수,일반,20260807
251340,KR7251340006,KODEX 코스닥150선물인버스,삼성자산운용,0.64,128268000000,2520,2538.57,2016-08-10,주식,국내,실물(패시브),배당소득세(보유기간과세),F-코스닥150 지수,한국,광범위지수,일반,20260807
461450,KR7461450009,KODEX 코스닥글로벌,삼성자산운용,0.09,22492500000,14995,14944.65,2023-06-29,주식,국내,실물(패시브),비과세,코스닥 글로벌 지수,한국,광범위지수,일반,20260807
226490,KR7226490001,KODEX 코스피,삼성자산운용,0.15,1009274500000,64285,64295.06,2015-08-24,주식,국내,실물(패시브),비과세,코스피,한국,광범위지수,일반,20260807
359210,KR7359210002,KODEX 코스피TR,삼성자산운용,0.07,84721000000,32585,32464.08,2020-07-21,주식,국내,실물(패시브),배당소득세(보유기간과세),코스피 TR,한국,광범위지수,일반,20260807
337140,KR7337140008,KODEX 코스피대형주,삼성자산운용,0.15,72589000000,32995,32937.4,2019-11-14,주식,국내,실물(패시브),비과세,코스피 대형주,한국,광범위지수,일반,20260807
138920,KR7138920004,KODEX 콩선물(H),삼성자산운용,0.68,5850000000,11700,11675.13,2011-03-15,원자재,해외,실물(패시브),배당소득세(보유기간과세),S&P GSCI Soybeans Index(TR),글로벌,기타,일반,20260807
244660,KR7244660007,KODEX 퀄리티Plus,삼성자산운용,0.3,4757500000,9515,9581.96,2016-05-13,주식,국내,실물(패시브),비과세,FnGuide 퀄리티 Plus 지수,한국,기타,일반,20260807
375770,KR7375770005,KODEX 탄소효율그린뉴딜,삼성자산운용,0.09,40707000000,22615,22698.99,2021-02-05,주식,국내,실물(패시브),비과세,KRX/S&P 탄소효율 그린뉴딜지수,한국,기타,일반,20260807
459560,KR7459560009,KODEX 테슬라밸류체인FactSet,삼성자산운용,0.18,33180000000,22120,22072.23,2023-06-08,주식,해외,실물(패시브),배당소득세(보유기간과세),FactSet TSLA Value Chain Index(PR),기타,기타,일반,20260807
475080,KR7475080008,KODEX 테슬라커버드콜채권혼합액티브,삼성자산운용,0.39,285065000000,7810,7781.36,2024-01-23,혼합자산,국내&해외,실물(액티브),배당소득세(보유기간과세),KEDI 테슬라 인컴 프리미엄 밸런스드 지수(TR),미국,개별종목,일반,20260807
266410,KR7266410000,KODEX 필수소비재,삼성자산운용,0.45,13923000000,9945,9912.91,2017-03-28,주식,국내,실물(패시브),비과세,KRX 필수소비재,한국,에너지·원자력,일반,20260807
298770,KR7298770009,KODEX 한국대만IT프리미어,삼성자산운용,0.55,83077500000,75525,76154.35,2018-06-11,주식,국내&해외,실물(패시브),배당소득세(보유기간과세),한국 대만 IT 프리미어지수,대만,AI·테크,일반,20260807
476800,KR7476800008,KODEX 한국부동산리츠인프라,삼성자산운용,0.09,485282750000,4255,4274.7,2024-03-05,부동산,국내,실물(패시브),비과세(분리과세부동산ETF),KRX 부동산리츠인프라 지수,한국,리츠·부동산,일반,20260807
450190,KR7450190004,KODEX 한중반도체(합성),삼성자산운용,0.25,28620000000,47700,47506.03,2022-12-22,주식,국내&해외,합성(패시브),배당소득세(보유기간과세),KRX CSI 한·중 반도체지수,중국,반도체,일반,20260807
450180,KR7450180005,KODEX 한중전기차(합성),삼성자산운용,0.25,7354750000,11315,11162.25,2022-12-22,주식,국내&해외,합성(패시브),배당소득세(보유기간과세),KRX CSI 한·중 전기차지수,중국,자동차,일반,20260807
266420,KR7266420009,KODEX 헬스케어,삼성자산운용,0.09,71880000000,17970,17971.81,2017-03-28,주식,국내,실물(패시브),비과세,KRX 헬스케어,한국,바이오·헬스케어,일반,20260807
364690,KR7364690008,KODEX 혁신기술테마액티브,삼성자산운용,0.3,21432000000,35720,35748.72,2020-09-29,주식,국내,실물(액티브),배당소득세(보유기간과세),코스피,한국,광범위지수,일반,20260807
0204D0,KR70204D0003,KODEX 현대차로보틱스밸류체인TOP3플러스,삼성자산운용,0.5,206455000000,6575,6578.32,2026-06-09,주식,국내&해외,실물(패시브),배당소득세(보유기간과세),Akros 현대차로보틱스 밸류체인 TOP3 플러스 지수 (PR),국내+해외,개별종목,일반,20260807
069500,KR7069500007,KODEX 200,삼성자산운용,0.15,22550891000000,98090,97949.38,2002-10-14,주식,국내,실물(패시브),비과세,코스피 200,한국,광범위지수,일반,20260807
321410,KR7321410003,KODEX 멀티에셋하이인컴(H),삼성자산운용,0.25,5297500000,10595,10675.98,2019-06-05,혼합자산,해외,실물(패시브),배당소득세(보유기간과세),Morningstar Multi-Asset High Income 10% Capped Index,기타,배당주,혼합,20260807
219480,KR7219480001,KODEX 미국S&P500선물(H),삼성자산운용,0.05,154728750000,33275,33251.1,2015-05-29,주식,해외,실물(패시브),배당소득세(보유기간과세),S&P 500 Futures Total Return Index,미국,광범위지수,일반,20260807
468370,KR7468370002,KODEX iShares미국인플레이션국채액티브,삼성자산운용,0.1,18842600000,10955,10961.3,2023-10-19,채권,해외,실물(액티브),배당소득세(보유기간과세),ICE U.S. Treasury Inflation Linked Bond Index(Total Return),미국,채권·금리,일반,20260807
468630,KR7468630009,KODEX iShares미국투자등급회사채액티브,삼성자산운용,0.1,33606650000,11165,11161.71,2023-10-19,채권,해외,실물(액티브),배당소득세(보유기간과세),iBoxx USD Liquid Investment Grade Index(Total Return),기타,기타,일반,20260807
176950,KR7176950004,KODEX 국채선물10년인버스,삼성자산운용,0.07,12560100000,59810,59869.73,2013-05-31,채권,국내,실물(패시브),배당소득세(보유기간과세),10년국채선물지수,한국,채권·금리,일반,20260807
152380,KR7152380002,KODEX 국채선물10년,삼성자산운용,0.07,20774940000,65330,65340.87,2012-01-20,채권,국내,실물(패시브),배당소득세(보유기간과세),10년국채선물지수,한국,채권·금리,일반,20260807
117700,KR7117700005,KODEX 건설,삼성자산운용,0.45,179400000000,6500,6513.79,2009-10-30,주식,국내,실물(패시브),비과세,KRX 건설,한국,조선·기계,일반,20260807
214980,KR7214980005,KODEX 단기채권PLUS,삼성자산운용,0.15,1856351930000,114710,114733.42,2015-03-03,채권,국내,실물(패시브),배당소득세(보유기간과세),KRW Cash PLUS 지수(총수익),한국,기타,일반,20260807
153130,KR7153130000,KODEX 단기채권,삼성자산운용,0.15,829531890000,113355,113360.96,2012-02-22,채권,국내,실물(패시브),배당소득세(보유기간과세),KRW Cash 지수(총수익),한국,기타,일반,20260807
122630,KR7122630007,KODEX 레버리지,삼성자산운용,0.64,5300830500000,90690,90635.17,2010-02-22,주식,국내,실물(패시브),배당소득세(보유기간과세),코스피 200,한국,광범위지수,일반,20260807
185680,KR7185680006,KODEX 미국S&P바이오(합성),삼성자산운용,0.25,24841740000,46695,46778.9,2013-10-31,주식,해외,합성(패시브),배당소득세(보유기간과세),S&P Biotechnology Select Industry Index,기타,AI·테크,일반,20260807
140700,KR7140700006,KODEX 보험,삼성자산운용,0.45,47525000000,19010,18987.92,2011-04-26,주식,국내,실물(패시브),비과세,KRX 보험,한국,금융,일반,20260807
213610,KR7213610009,KODEX 삼성그룹밸류,삼성자산운용,0.09,252815500000,21245,21282.34,2015-01-08,주식,국내,실물(패시브),비과세,WISE 삼성그룹 밸류 인덱스,한국,광범위지수,일반,20260807
117460,KR7117460006,KODEX 에너지화학,삼성자산운용,0.45,29729000000,13700,13728.92,2009-10-12,주식,국내,실물(패시브),비과세,KRX 에너지화학,한국,에너지·원자력,일반,20260807
140710,KR7140710005,KODEX 운송,삼성자산운용,0.45,11067000000,6510,6528.47,2011-04-26,주식,국내,실물(패시브),비과세,KRX 운송,한국,기타,일반,20260807
114800,KR7114800006,KODEX 인버스,삼성자산운용,0.64,823642800000,1137,1140.47,2009-09-16,주식,국내,실물(패시브),배당소득세(보유기간과세),코스피 200 선물지수,한국,광범위지수,일반,20260807
117680,KR7117680009,KODEX 철강,삼성자산운용,0.45,25168500000,11985,11944.12,2009-10-30,주식,국내,실물(패시브),비과세,KRX 철강,한국,기타,일반,20260807
487130,KR7487130007,KoAct AI인프라액티브,삼성액티브자산운용,0.5,38610500000,24910,24855.92,2024-07-09,주식,국내,실물(액티브),배당소득세(보유기간과세),Solactive AI인프라 지수,한국,AI·테크,일반,20260807
0074K0,KR70074K0001,KoAct K수출핵심기업TOP30액티브,삼성액티브자산운용,0.5,122973750000,16075,16048.81,2025-07-08,주식,국내,실물(액티브),배당소득세(보유기간과세),KEDI K수출핵심기업TOP30 지수(PR),한국,기타,일반,20260807
0222D0,KR70222D0001,KoAct 고배당액티브,삼성액티브자산운용,0.5,11610500000,10555,10533.49,2026-07-28,주식,국내,실물(액티브),배당소득세(보유기간과세),코스피 200 고배당지수,한국,배당주,일반,20260807
0219B0,KR70219B0008,KoAct 광통신&위성네트워크액티브,삼성액티브자산운용,0.5,8724000000,10905,10880.72,2026-07-14,주식,국내,실물(액티브),배당소득세(보유기간과세),FnGuide 저궤도위성 & 광통신 인프라 지수,한국,기타,일반,20260807
471040,KR7471040006,KoAct 글로벌AI&로봇액티브,삼성액티브자산운용,0.5,257608250000,28465,28247.86,2023-11-21,주식,국내&해외,실물(액티브),배당소득세(보유기간과세),iSelect 글로벌AI&로봇PR지수,글로벌,AI·테크,일반,20260807
0174B0,KR70174B0001,KoAct 글로벌AI메모리반도체액티브,삼성액티브자산운용,0.5,106334000000,13460,13455.43,2026-04-14,주식,국내&해외,실물(액티브),배당소득세(보유기간과세),Solactive 글로벌AI메모리반도체 지수 (PR),글로벌,반도체,일반,20260807
0132D0,KR70132D0000,KoAct 글로벌K컬처밸류체인액티브,삼성액티브자산운용,0.5,5211250000,9475,9541.17,2025-11-25,주식,국내&해외,실물(액티브),배당소득세(보유기간과세),KEDI 글로벌 K컬처밸류체인 지수(PR),글로벌,광범위지수,일반,20260807
0020H0,KR70020H0001,KoAct 글로벌양자컴퓨팅액티브,삼성액티브자산운용,0.5,48084750000,22365,22232.91,2025-03-11,주식,국내&해외,실물(액티브),배당소득세(보유기간과세),FactSet 글로벌양자컴퓨팅 PR 지수,글로벌,AI·테크,일반,20260807
475070,KR7475070009,KoAct 글로벌친환경전력인프라액티브,삼성액티브자산운용,0.5,37794000000,31495,31497.35,2024-01-18,주식,국내&해외,실물(액티브),배당소득세(보유기간과세),Solactive 글로벌친환경전력인프라 PR지수,글로벌,에너지·원자력,일반,20260807
0015B0,KR70015B0004,KoAct 미국나스닥성장기업액티브,삼성액티브자산운용,0.5,623222750000,19265,19044.05,2025-02-25,주식,해외,실물(액티브),배당소득세(보유기간과세),나스닥 종합주가지수,미국,기타,일반,20260807
0104H0,KR70104H0000,KoAct 미국나스닥채권혼합50액티브,삼성액티브자산운용,0.25,150250000000,12020,11949.41,2025-09-30,혼합자산,국내&해외,실물(액티브),배당소득세(보유기간과세),FnGuide 미국나스닥 금융채권혼합 지수,미국,금융,혼합,20260807
0186L0,KR70186L0005,KoAct 미국로봇피지컬AI액티브,삼성액티브자산운용,0.5,22390500000,9735,9670.56,2026-04-28,주식,해외,실물(액티브),배당소득세(보유기간과세),iSelect 미국로봇피지컬AI지수,미국,AI·테크,일반,20260807
0113G0,KR70113G0000,KoAct 미국바이오헬스케어액티브,삼성액티브자산운용,0.5,9832500000,10925,10873.66,2025-11-11,주식,해외,실물(액티브),배당소득세(보유기간과세),Solactive 미국바이오헬스케어지수 PR,미국,바이오·헬스케어,일반,20260807
497780,KR7497780007,KoAct 미국천연가스인프라액티브,삼성액티브자산운용,0.5,19785750000,10695,10687.08,2024-12-10,주식,해외,실물(액티브),배당소득세(보유기간과세),Solactive 미국천연가스인프라 PR 지수,미국,에너지·원자력,일반,20260807
490330,KR7490330008,KoAct 미국치매&뇌질환치료제액티브,삼성액티브자산운용,0.5,5302500000,15150,15149.35,2024-09-03,주식,해외,실물(액티브),배당소득세(보유기간과세),Solactive 미국뇌질환치료제 PR 지수,미국,기타,일반,20260807
462900,KR7462900002,KoAct 바이오헬스케어액티브,삼성액티브자산운용,0.5,389400000000,14750,14759.93,2023-08-03,주식,국내,실물(액티브),배당소득세(보유기간과세),iSelect 바이오헬스케어 PR 지수,한국,바이오·헬스케어,일반,20260807
482030,KR7482030004,KoAct 반도체&2차전지핵심소재액티브,삼성액티브자산운용,0.5,9056250000,8625,8622.46,2024-05-14,주식,국내,실물(액티브),배당소득세(보유기간과세),iSelect 반도체&2차전지핵심소재 지수,한국,반도체,일반,20260807
476850,KR7476850003,KoAct 배당성장액티브,삼성액티브자산운용,0.5,94000000000,20000,19936.98,2024-02-27,주식,국내,실물(액티브),배당소득세(보유기간과세),코스피,한국,광범위지수,일반,20260807
0051A0,KR70051A0000,KoAct 브로드컴밸류체인액티브,삼성액티브자산운용,0.5,16516500000,25410,25191.49,2025-05-20,주식,해외,실물(액티브),배당소득세(보유기간과세),FactSet 브로드컴밸류체인 지수,기타,광범위지수,일반,20260807
0150K0,KR70150K0008,KoAct 수소전력ESS인프라액티브,삼성액티브자산운용,0.5,28428750000,9975,10018.7,2026-01-13,주식,국내,실물(액티브),배당소득세(보유기간과세),FnGuide 수소전력ESS인프라 지수(PR),한국,에너지·원자력,일반,20260807
0154H0,KR70154H0009,KoAct 차이나바이오헬스케어액티브,삼성액티브자산운용,0.5,4820750000,8765,8428.02,2026-01-27,주식,해외,실물(액티브),배당소득세(보유기간과세),Solactive 차이나바이오헬스케어지수 PR,기타,바이오·헬스케어,일반,20260807
495230,KR7495230005,KoAct 코리아밸류업액티브,삼성액티브자산운용,0.5,232880000000,28400,28505.84,2024-11-04,주식,국내,실물(액티브),배당소득세(보유기간과세),코리아 밸류업 지수,한국,배당주,일반,20260807
0163Y0,KR70163Y0007,KoAct 코스닥액티브,삼성액티브자산운용,0.5,433115000000,8410,8383.77,2026-03-10,주식,국내,실물(액티브),배당소득세(보유기간과세),코스닥,한국,광범위지수,일반,20260807
0193G0,KR70193G0003,KoAct 코스피액티브,삼성액티브자산운용,0.5,92928000000,7680,7662.78,2026-05-19,주식,국내,실물(액티브),배당소득세(보유기간과세),코스피,한국,광범위지수,일반,20260807
0093D0,KR70093D0007,KoAct 팔란티어밸류체인액티브,삼성액티브자산운용,0.5,24766000000,17690,17550.71,2025-08-26,주식,국내&해외,실물(액티브),배당소득세(보유기간과세),KEDI 팔란티어밸류체인지수(PR),미국,개별종목,일반,20260807
411540,KR7411540008,SOL 200 Top10,신한자산운용,0.15,23359000000,16685,16663.55,2021-12-09,주식,국내,실물(패시브),비과세,코스피 200 Top 10 지수,한국,광범위지수,일반,20260807
295040,KR7295040000,SOL 200TR,신한자산운용,0.05,894483000000,36810,36730.73,2018-04-23,주식,국내,실물(패시브),배당소득세(보유기간과세),코스피 200 TR,한국,광범위지수,일반,20260807
0167B0,KR70167B0000,SOL 200타겟위클리커버드콜,신한자산운용,0.3,638770500000,10845,10803.54,2026-03-17,주식,국내,실물(패시브),배당소득세(보유기간과세),코스피 200 타겟 15% 위클리 커버드콜 지수,한국,광범위지수,커버드콜,20260807
488980,KR7488980004,SOL 26-12 회사채(AA-이상)액티브,신한자산운용,0.05,230136480000,52020,52018.21,2024-10-08,채권,국내,실물(액티브),배당소득세(보유기간과세),"KAP 26-12 크레딧 채권지수(AA-이상, 총수익)",한국,채권·금리,일반,20260807
0092C0,KR70092C0009,SOL 27-12 회사채(AA-이상)액티브,신한자산운용,0.05,225553860000,50190,50184.14,2025-08-19,채권,국내,실물(액티브),배당소득세(보유기간과세),"KAP 27-12 크레딧 채권지수(AA-이상, 총수익)",한국,채권·금리,일반,20260807
455860,KR7455860007,SOL 2차전지소부장Fn,신한자산운용,0.45,102896000000,4360,4357.68,2023-04-25,주식,국내,실물(패시브),비과세,FnGuide 2차전지 소부장 지수(PR),한국,2차전지,일반,20260807
0167A0,KR70167A0001,SOL AI반도체TOP2플러스,신한자산운용,0.45,4915872000000,15210,15200.74,2026-03-17,주식,국내,실물(패시브),비과세,FnGuide AI반도체 TOP2 플러스 지수(PR),한국,반도체,일반,20260807
455850,KR7455850008,SOL AI반도체소부장,신한자산운용,0.45,851884000000,20380,20396.91,2023-04-25,주식,국내,실물(패시브),비과세,FnGuide AI 반도체 소부장 지수,한국,반도체,일반,20260807
497880,KR7497880005,SOL CD금리&머니마켓액티브,신한자산운용,0.05,259188200000,50075,50070.52,2024-11-26,채권,국내,실물(액티브),배당소득세(보유기간과세),KAP CD&단기자금시장지수(PR),한국,채권·금리,일반,20260807
363510,KR7363510009,SOL KIS단기통안채,신한자산운용,0.07,12429780000,111980,111990.0,2020-09-09,채권,국내,실물(패시브),배당소득세(보유기간과세),KIS 단기통안채 Index(총수익),한국,채권·금리,일반,20260807
292500,KR7292500006,SOL KRX300,신한자산운용,0.05,22110000000,44220,44340.52,2018-03-26,주식,국내,실물(패시브),비과세,KRX 300,한국,광범위지수,일반,20260807
404650,KR7404650004,SOL KRX기후변화솔루션,신한자산운용,0.15,13392000000,22320,22250.25,2021-10-29,주식,국내,실물(패시브),비과세,KRX 기후변화 솔루션지수,한국,기타,일반,20260807
490480,KR7490480001,SOL K방산,신한자산운용,0.45,82012500000,30375,30503.09,2024-10-02,주식,국내,실물(패시브),비과세,KEDI K방산 지수(PR),한국,방산·우주,일반,20260807
0197W0,KR70197W0009,SOL SK하이닉스단일종목레버리지,신한자산운용,0.1,45378375000,6195,6206.78,2026-05-27,주식,국내,실물(패시브),배당소득세(보유기간과세),KRX SK하이닉스 지수,한국,개별종목,일반,20260807
0197X0,KR70197X0008,SOL SK하이닉스선물단일종목인버스2X,신한자산운용,0.1,133617500000,11020,10983.82,2026-05-27,주식,국내,실물(패시브),배당소득세(보유기간과세),KRX SK하이닉스 선물 지수,한국,개별종목,일반,20260807
438570,KR7438570004,SOL 국고채10년,신한자산운용,0.05,107460820000,98860,98868.07,2022-09-06,채권,국내,실물(패시브),배당소득세(보유기간과세),KAP 국고채10년지수(총수익지수),한국,채권·금리,일반,20260807
474390,KR7474390002,SOL 국고채30년액티브,신한자산운용,0.05,5473230000,40845,40807.16,2024-01-16,채권,국내,실물(액티브),배당소득세(보유기간과세),KAP 국고채30년 지수(TR),한국,채권·금리,일반,20260807
438560,KR7438560005,SOL 국고채3년,신한자산운용,0.05,76070930000,100490,100513.47,2022-09-06,채권,국내,실물(패시브),배당소득세(보유기간과세),KAP 국고채3년지수(총수익지수),한국,채권·금리,일반,20260807
0022T0,KR70022T0005,SOL 국제금커버드콜액티브,신한자산운용,0.45,69004000000,13270,13154.84,2025-03-11,원자재,해외,실물(액티브),배당소득세(보유기간과세),KEDI 골드인컴프리미엄 지수(NTR),기타,원자재·금,일반,20260807
0066W0,KR70066W0007,SOL 국제금,신한자산운용,0.05,83492500000,12845,12740.67,2025-06-17,원자재,해외,실물(패시브),배당소득세(보유기간과세),KEDI 국제금현물 ETF 가격지수(PR),기타,기타,일반,20260807
423170,KR7423170000,SOL 글로벌AI반도체탑픽액티브,신한자산운용,0.55,244697600000,54620,54443.47,2022-04-12,주식,국내&해외,실물(액티브),배당소득세(보유기간과세),S&P Global Semiconductor Korea Tilted Index(PR),글로벌,반도체,일반,20260807
400590,KR7400590006,SOL 글로벌탄소배출권선물ICE(합성),신한자산운용,0.55,7107500000,14215,14360.02,2021-09-30,기타,해외,합성(패시브),배당소득세(보유기간과세),ICE Global Carbon Futures Index(Excess Return),글로벌,기타,일반,20260807
484880,KR7484880000,SOL 금융지주플러스고배당,신한자산운용,0.3,380153500000,22970,23030.21,2024-06-25,주식,국내,실물(패시브),비과세,FnGuide 금융지주플러스고배당 지수(PR),한국,금융,일반,20260807
484890,KR7484890009,SOL 머니마켓액티브,신한자산운용,0.05,14160150000,52445,52439.23,2024-06-25,채권,국내,실물(액티브),배당소득세(보유기간과세),KAP 시가 MMF 지수(TR),한국,채권·금리,일반,20260807
461600,KR7461600009,SOL 미국30년국채액티브(H),신한자산운용,0.05,26286750000,8345,8335.11,2023-07-11,채권,해외,실물(액티브),배당소득세(보유기간과세),KAP 미국채 20Y+ 지수(시장가격),미국,채권·금리,일반,20260807
473330,KR7473330009,SOL 미국30년국채커버드콜(합성),신한자산운용,0.25,287401500000,8235,8258.46,2023-12-27,채권,해외,합성(패시브),배당소득세(보유기간과세),KEDI 미국 국채 20년+ 커버드콜 지수(NTR),미국,채권·금리,커버드콜,20260807
494210,KR7494210008,SOL 미국500타겟데일리커버드콜액티브,신한자산운용,0.35,7878500000,11255,11236.23,2024-10-15,주식,해외,실물(액티브),배당소득세(보유기간과세),KEDI 미국퀄리티500+월1%프리미엄 지수(NTR),미국,기타,일반,20260807
479620,KR7479620007,SOL 미국AI반도체칩메이커,신한자산운용,0.45,93205000000,26630,26426.26,2024-04-16,주식,해외,실물(패시브),배당소득세(보유기간과세),Solactive US AI Semiconductor Chip Makers Index(PR),미국,반도체,일반,20260807
481180,KR7481180008,SOL 미국AI소프트웨어,신한자산운용,0.45,137013750000,16025,15740.53,2024-05-14,주식,해외,실물(패시브),배당소득세(보유기간과세),KEDI 미국 AI 소프트웨어지수(PR),미국,AI·테크,일반,20260807
486450,KR7486450000,SOL 미국AI전력인프라,신한자산운용,0.45,242990000000,20680,20509.69,2024-07-16,주식,해외,실물(패시브),배당소득세(보유기간과세),KEDI 미국AI전력인프라 지수(PR),미국,AI·테크,일반,20260807
433330,KR7433330008,SOL 미국S&P500,신한자산운용,0.05,296322000000,22620,22605.7,2022-06-21,주식,해외,실물(패시브),배당소득세(보유기간과세),S&P 500,미국,광범위지수,일반,20260807
399110,KR7399110006,SOL 미국S&P500ESG,신한자산운용,0.15,121352000000,21670,21527.86,2021-09-14,주식,해외,실물(패시브),배당소득세(보유기간과세),S&P500 Scored&Screened(PR),미국,광범위지수,일반,20260807
0080X0,KR70080X0008,SOL 미국S&P500미국채혼합50,신한자산운용,0.15,73807500000,11355,11294.64,2025-07-15,혼합자산,해외,실물(패시브),배당소득세(보유기간과세),S&P 500 and iBoxx $ Treasuries 7-10Y 5050 Blend Index(USD) PR/TR Hybrid,미국,광범위지수,일반,20260807
499150,KR7499150001,SOL 미국S&P500엔화노출(H),신한자산운용,0.15,5620000000,11240,11215.58,2024-12-03,주식,해외,실물(패시브),배당소득세(보유기간과세),S&P500 Yen Hedged Index(PR),미국,광범위지수,일반,20260807
447620,KR7447620006,SOL 미국TOP5채권혼합50,신한자산운용,0.25,119510000000,16150,16137.92,2022-11-29,혼합자산,국내&해외,실물(패시브),배당소득세(보유기간과세),Solactive US TOP5 Balanced50 Index(PR),미국,기타,일반,20260807
476030,KR7476030002,SOL 미국나스닥100,신한자산운용,0.05,132125000000,17500,17445.92,2024-03-12,주식,해외,실물(패시브),배당소득세(보유기간과세),NASDAQ 100,미국,광범위지수,일반,20260807
0118S0,KR70118S0001,SOL 미국넥스트테크TOP10액티브,신한자산운용,0.55,50761000000,11035,10870.95,2025-10-28,주식,해외,실물(액티브),배당소득세(보유기간과세),KEDI 미국넥스트테크TOP10(PR),미국,AI·테크,일반,20260807
493420,KR7493420004,SOL 미국배당다우존스2호,신한자산운용,0.05,26995500000,12855,12821.09,2024-10-08,주식,해외,실물(패시브),배당소득세(보유기간과세),Dow Jones U.S. Dividend 100 Index(TR),미국,배당주,일반,20260807
446720,KR7446720005,SOL 미국배당다우존스,신한자산운용,0.01,1025732000000,13880,13847.7,2022-11-15,주식,해외,실물(패시브),배당소득세(보유기간과세),Dow Jones U.S. Dividend 100 Price Return Index,미국,배당주,일반,20260807
490490,KR7490490000,SOL 미국배당미국채혼합50,신한자산운용,0.15,471835500000,11315,11278.19,2024-09-24,혼합자산,해외,실물(패시브),배당소득세(보유기간과세),KRX 다우존스 미국배당국채 혼합지수,미국,채권·금리,혼합,20260807
0023A0,KR70023A0005,SOL 미국양자컴퓨팅TOP10,신한자산운용,0.45,425643750000,25875,25755.26,2025-03-11,주식,해외,실물(패시브),배당소득세(보유기간과세),KEDI 미국양자컴퓨팅 TOP10(PR),미국,AI·테크,일반,20260807
0181L0,KR70181L0000,SOL 미국우주항공TOP10,신한자산운용,0.45,60294500000,7490,7418.24,2026-04-21,주식,해외,실물(패시브),배당소득세(보유기간과세),KEDI 미국우주항공 TOP10(PR),미국,방산·우주,일반,20260807
0051G0,KR70051G0004,SOL 미국원자력SMR,신한자산운용,0.45,167702500000,13690,13559.01,2025-05-20,주식,해외,실물(패시브),배당소득세(보유기간과세),KEDI 미국원자력 SMR 지수(PR),미국,에너지·원자력,일반,20260807
481190,KR7481190007,SOL 미국테크TOP10,신한자산운용,0.05,293913000000,17340,17315.71,2024-05-21,주식,해외,실물(패시브),배당소득세(보유기간과세),Solactive US Tech TOP 10 Custom Index(PR),미국,AI·테크,일반,20260807
475300,KR7475300000,SOL 반도체전공정,신한자산운용,0.45,236787250000,17605,17596.83,2024-02-14,주식,국내,실물(패시브),비과세,FnGuide 반도체 전공정 지수(PR),한국,반도체,일반,20260807
475310,KR7475310009,SOL 반도체후공정,신한자산운용,0.45,58916000000,22660,22574.51,2024-02-14,주식,국내,실물(패시브),비과세,FnGuide 반도체 후공정 지수(PR),한국,반도체,일반,20260807
0152E0,KR70152E0004,SOL 배당성향탑픽액티브,신한자산운용,0.3,26796000000,11165,11222.14,2026-01-13,주식,국내,실물(액티브),배당소득세(보유기간과세),FnGuide 배당성향탑픽 지수(PR),한국,배당주,일반,20260807
0207G0,KR70207G0007,SOL 우주항공밸류체인,신한자산운용,0.45,19408500000,6810,6786.84,2026-06-16,주식,국내,실물(패시브),비과세,Akros 우주항공밸류체인 지수(PR),한국,방산·우주,일반,20260807
400580,KR7400580007,SOL 유럽탄소배출권선물S&P(H),신한자산운용,0.55,5762500000,11525,11618.43,2021-09-30,기타,해외,실물(패시브),배당소득세(보유기간과세),S&P GSCI Carbon Emission Allowances(EUA)(EUR)ER,글로벌,기타,일반,20260807
464610,KR7464610005,SOL 의료기기소부장Fn,신한자산운용,0.45,11708750000,8075,8096.5,2023-08-22,주식,국내,실물(패시브),비과세,FnGuide 의료기기소부장지수(PR),한국,바이오·헬스케어,일반,20260807
466930,KR7466930005,SOL 자동차TOP3플러스,신한자산운용,0.45,216891250000,25975,25967.24,2023-10-05,주식,국내,실물(패시브),비과세,FnGuide 자동차TOP3플러스지수(PR),한국,자동차,일반,20260807
464600,KR7464600006,SOL 자동차소부장Fn,신한자산운용,0.45,21531750000,22665,22590.5,2023-08-22,주식,국내,실물(패시브),비과세,FnGuide 자동차소부장지수(PR),한국,자동차,일반,20260807
0005D0,KR70005D0004,SOL 전고체배터리&실리콘음극재,신한자산운용,0.45,131143500000,13590,13584.71,2025-01-07,주식,국내,실물(패시브),비과세,FnGuide 전고체배터리&실리콘음극재 지수(PR),한국,2차전지,일반,20260807
0080Y0,KR70080Y0007,SOL 조선TOP3플러스레버리지,신한자산운용,0.5,126111000000,9930,9884.72,2025-07-15,주식,국내,실물(패시브),배당소득세(보유기간과세),FnGuide 조선TOP3플러스지수(PR),한국,조선·기계,일반,20260807
466920,KR7466920006,SOL 조선TOP3플러스,신한자산운용,0.45,1560550000000,29500,29439.79,2023-10-05,주식,국내,실물(패시브),비과세,FnGuide 조선TOP3플러스지수(PR),한국,조선·기계,일반,20260807
0141S0,KR70141S0002,SOL 조선기자재,신한자산운용,0.45,57120000000,8400,8370.0,2025-12-16,주식,국내,실물(패시브),비과세,FnGuide 조선기자재 지수(PR),한국,조선·기계,일반,20260807
0141T0,KR70141T0001,SOL 중기종합채권(AA-이상)액티브,신한자산운용,0.05,43349980000,50290,50296.12,2025-12-16,채권,국내,실물(액티브),배당소득세(보유기간과세),"KAP K-중기종합채권지수(AA-이상,총수익)",한국,채권·금리,일반,20260807
0016X0,KR70016X0007,SOL 중단기회사채(A-이상)액티브,신한자산운용,0.05,431432720000,51410,51402.56,2025-02-18,채권,국내,실물(액티브),배당소득세(보유기간과세),KIS 중단기크레딧플러스채권(AA+~A-)지수(총수익),한국,채권·금리,일반,20260807
220130,KR7220130009,SOL 차이나강소기업CSI500(합성 H),신한자산운용,0.6,5548000000,6935,6846.11,2015-06-08,주식,해외,합성(패시브),배당소득세(보유기간과세),CSI 500 지수,중국,광범위지수,일반,20260807
0131A0,KR70131A0004,SOL 차이나소비트렌드,신한자산운용,0.45,4779000000,7965,8034.37,2025-11-25,주식,해외,실물(패시브),배당소득세(보유기간과세),SOLACTIVE-KEDI CHINA CONSUMER TREND INDEX(PR),중국,소비재,일반,20260807
415760,KR7415760008,SOL 차이나육성산업액티브(합성),신한자산운용,0.55,19155600000,14085,13971.38,2022-01-13,주식,해외,합성(액티브),배당소득세(보유기간과세),STAR 50 Index(Price Return),기타,기타,일반,20260807
413220,KR7413220005,SOL 차이나태양광CSI(합성),신한자산운용,0.5,5802000000,4835,4767.16,2021-12-22,주식,해외,합성(패시브),배당소득세(보유기간과세),CSI Photovoltaic Industry Index(PR),중국,광범위지수,일반,20260807
469830,KR7469830004,SOL 초단기채권액티브,신한자산운용,0.05,1009127480000,54260,54251.63,2023-11-07,채권,국내,실물(액티브),배당소득세(보유기간과세),KAP 단기자금시장지수,한국,채권·금리,일반,20260807
0105E0,KR70105E0002,SOL 코리아고배당,신한자산운용,0.159,548044500000,13190,13247.16,2025-09-23,주식,국내,실물(패시브),비과세,FnGuide 코리아 고배당 지수(PR),한국,배당주,일반,20260807
444200,KR7444200000,SOL 코리아메가테크액티브,신한자산운용,0.55,492407250000,43005,42880.81,2022-10-18,주식,국내,실물(액티브),배당소득세(보유기간과세),KEDI 메가테크지수(PR),한국,AI·테크,일반,20260807
495550,KR7495550006,SOL 코리아밸류업TR,신한자산운용,0.05,180121500000,30790,30784.79,2024-11-04,주식,국내,실물(패시브),배당소득세(보유기간과세),코리아 밸류업 TR 지수,한국,배당주,일반,20260807
450910,KR7450910005,SOL 코스닥150,신한자산운용,0.15,34048000000,13300,13314.83,2023-01-31,주식,국내,실물(패시브),비과세,코스닥 150,한국,광범위지수,일반,20260807
0192T0,KR70192T0009,SOL 코스닥TOP10,신한자산운용,0.15,29548000000,7120,7144.96,2026-05-19,주식,국내,실물(패시브),비과세,코스닥 TOP 10 지수,한국,광범위지수,일반,20260807
0192S0,KR70192S0000,SOL 코스피200채권혼합50,신한자산운용,0.15,18020000000,9010,8995.28,2026-05-19,혼합자산,국내,실물(패시브),배당소득세(보유기간과세),코스피 200 KTB 혼합지수,한국,채권·금리,혼합,20260807
0040X0,KR70040X0007,SOL 팔란티어미국채커버드콜혼합,신한자산운용,0.35,177375000000,9460,9444.25,2025-04-22,혼합자산,해외,실물(패시브),배당소득세(보유기간과세),KEDI 팔란티어미국채커버드콜혼합지수(NTR),미국,개별종목,커버드콜,20260807
0040Y0,KR70040Y0006,SOL 팔란티어커버드콜OTM채권혼합,신한자산운용,0.35,363104000000,8105,8120.21,2025-04-22,혼합자산,국내&해외,실물(패시브),배당소득세(보유기간과세),KEDI 팔란티어커버드콜OTM 채권혼합지수(NTR),미국,개별종목,커버드콜,20260807
0105D0,KR70105D0003,SOL 한국AI소프트웨어,신한자산운용,0.45,17289000000,9605,9635.16,2025-09-23,주식,국내,실물(패시브),비과세,KEDI 한국AI소프트웨어 지수(PR),한국,AI·테크,일반,20260807
0092B0,KR70092B0000,SOL 한국원자력SMR,신한자산운용,0.45,116507250000,14655,14603.06,2025-08-19,주식,국내,실물(패시브),비과세,FnGuide 한국원자력 SMR 지수(PR),한국,에너지·원자력,일반,20260807
429980,KR7429980006,SOL 한국형글로벌전기차&2차전지액티브,신한자산운용,0.55,8672500000,17345,17236.69,2022-06-14,주식,국내&해외,실물(액티브),배당소득세(보유기간과세),FactSet Global Electric Vehicle and Rechargeable Battery Korea-Tilted Index(PR),글로벌,2차전지,일반,20260807
0008T0,KR70008T0003,SOL 화장품TOP3플러스,신한자산운용,0.45,74198000000,16130,16127.03,2025-01-21,주식,국내,실물(패시브),비과세,FnGuide 화장품TOP3 플러스 지수(PR),한국,소비재,일반,20260807
452360,KR7452360001,SOL 미국배당다우존스(H),신한자산운용,0.05,215567500000,13225,13201.18,2023-03-21,주식,해외,실물(패시브),배당소득세(보유기간과세),Dow Jones U.S. Dividend 100 Price Return Index,미국,배당주,일반,20260807
436140,KR7436140008,SOL 종합채권(AA-이상)액티브,신한자산운용,0.04,1298751000000,106455,106438.99,2022-08-09,채권,국내,실물(액티브),배당소득세(보유기간과세),"KAP K-종합채권지수(AA-이상, 총수익)",한국,채권·금리,일반,20260807
462340,KR7462340001,에셋플러스 글로벌다이나믹시니어액티브,에셋플러스자산운용,0.99,8417500000,16835,16742.78,2023-07-25,주식,해외,실물(액티브),배당소득세(보유기간과세),S&P 500,미국,광범위지수,일반,20260807
433220,KR7433220001,에셋플러스 글로벌대장장이액티브,에셋플러스자산운용,0.99,22803100000,30815,30586.51,2022-06-28,주식,해외,실물(액티브),배당소득세(보유기간과세),S&P 500,미국,광범위지수,일반,20260807
451150,KR7451150007,에셋플러스 글로벌영에이지액티브,에셋플러스자산운용,0.99,11361500000,18325,18314.58,2023-01-31,주식,해외,실물(액티브),배당소득세(보유기간과세),S&P 500,미국,광범위지수,일반,20260807
477490,KR7477490007,에셋플러스 글로벌일등기업포커스10액티브,에셋플러스자산운용,0.99,17635500000,19595,19528.41,2024-03-19,주식,해외,실물(액티브),배당소득세(보유기간과세),MSCI World,글로벌,광범위지수,일반,20260807
407830,KR7407830009,에셋플러스 글로벌플랫폼액티브,에셋플러스자산운용,0.99,33348000000,13895,13855.79,2021-11-16,주식,해외,실물(액티브),배당소득세(보유기간과세),S&P 500,미국,광범위지수,일반,20260807
0002C0,KR70002C0008,에셋플러스 인도일등기업포커스20액티브,에셋플러스자산운용,0.99,10821600000,10020,10002.03,2025-02-25,주식,해외,실물(액티브),배당소득세(보유기간과세),MSCI India IMI Index(PR),인도,광범위지수,일반,20260807
474920,KR7474920006,에셋플러스 차이나일등기업포커스10액티브,에셋플러스자산운용,0.99,18325300000,19495,19278.16,2024-01-16,주식,해외,실물(액티브),배당소득세(보유기간과세),"MSCI China Index(USD, Price Return)",중국,광범위지수,일반,20260807
442090,KR7442090007,에셋플러스 코리아대장장이액티브,에셋플러스자산운용,0.975,41722500000,27815,27707.02,2022-09-20,주식,국내,실물(액티브),배당소득세(보유기간과세),FnGuide 대장장이 지수(Price Return),한국,기타,일반,20260807
407820,KR7407820000,에셋플러스 코리아플랫폼액티브,에셋플러스자산운용,0.975,10899000000,6055,6089.13,2021-11-16,주식,국내,실물(액티브),배당소득세(보유기간과세),FnGuide 플랫폼 지수(Price Return),한국,AI·테크,일반,20260807
448100,KR7448100008,WON 200,우리자산운용,0.05,126287500000,101030,100694.12,2022-12-16,주식,국내,실물(패시브),비과세,코스피 200,한국,광범위지수,일반,20260807
413930,KR7413930009,WON AI ESG액티브,우리자산운용,0.31,14115750000,25665,25665.79,2022-01-05,주식,국내,실물(액티브),배당소득세(보유기간과세),MK-iSelect AI ESG 지수(시장가격지수),한국,AI·테크,일반,20260807
0088N0,KR70088N0002,WON K-글로벌수급상위,우리자산운용,0.69,13662000000,10120,10162.34,2025-08-12,주식,국내,실물(패시브),비과세,DeepSearch 외인수급 Top20 지수,한국,기타,일반,20260807
458030,KR7458030004,WON 국공채머니마켓액티브,우리자산운용,0.065,77897830000,54935,54937.18,2023-05-31,채권,국내,실물(액티브),배당소득세(보유기간과세),KAP 국공채 머니마켓 총수익 지수,한국,기타,일반,20260807
426150,KR7426150009,WON 대한민국국고채액티브,우리자산운용,0.07,30954840000,51420,51374.48,2022-05-11,채권,국내,실물(액티브),배당소득세(보유기간과세),KAP 한국 국고채 총수익 지수,한국,채권·금리,일반,20260807
0177A0,KR70177A0009,WON 두산그룹포커스,우리자산운용,0.33,21777000000,8540,8524.17,2026-03-31,주식,국내,실물(패시브),비과세,iSelect 두산그룹 포커스 지수,한국,기타,일반,20260807
444490,KR7444490007,WON 미국S&P500,우리자산운용,0.05,89354000000,20780,20757.19,2022-10-06,주식,해외,실물(패시브),배당소득세(보유기간과세),S&P 500,미국,광범위지수,일반,20260807
489290,KR7489290007,WON 미국빌리어네어,우리자산운용,0.49,28582500000,15450,15398.1,2024-09-03,주식,해외,실물(패시브),배당소득세(보유기간과세),Bloomberg US Billionaires Investment Select Index(PR),미국,기타,일반,20260807
440910,KR7440910008,WON 미국우주항공방산,우리자산운용,0.35,60324000000,27420,27329.16,2022-08-26,주식,해외,실물(패시브),배당소득세(보유기간과세),S&P Aerospace & Defense Select Industry Index(PR),기타,방산·우주,일반,20260807
474590,KR7474590007,WON 반도체밸류체인액티브,우리자산운용,0.31,308960000000,38620,38549.3,2024-01-16,주식,국내,실물(액티브),배당소득세(보유기간과세),FnGuide 반도체 밸류체인 (Price Return) 지수,한국,반도체,일반,20260807
0203S0,KR70203S0007,WON 삼성전자현대차채권혼합50,우리자산운용,0.18,25947000000,8370,8357.18,2026-06-02,혼합자산,국내,실물(패시브),배당소득세(보유기간과세),KAP 삼성전자현대차채권혼합지수,한국,개별종목,혼합,20260807
496020,KR7496020009,WON 전단채플러스액티브,우리자산운용,0.05,351063180000,52335,52343.56,2024-11-19,채권,국내,실물(액티브),배당소득세(보유기간과세),KIS 전단채플러스 TR 지수,한국,기타,일반,20260807
488720,KR7488720004,WON 종합채권(AA-이상)액티브,우리자산운용,0.045,130609800000,48735,48748.77,2024-08-06,채권,국내,실물(액티브),배당소득세(보유기간과세),KIS 종합채권시장 총수익지수(AA-이상),한국,채권·금리,일반,20260807
0203R0,KR70203R0008,WON 중단기종합채권(A-이상)액티브,우리자산운용,0.091,19161500000,50425,50429.67,2026-06-02,채권,국내,실물(액티브),배당소득세(보유기간과세),KAP 중단기 종합채권 총수익 지수(A-이상),한국,채권·금리,일반,20260807
0154F0,KR70154F0001,WON 초대형IB&금융지주,우리자산운용,0.29,36535750000,12385,12365.71,2026-01-20,주식,국내,실물(패시브),비과세,iSelect 초대형IB&금융지주 지수,한국,금융,일반,20260807
0226G0,KR70226G0004,WON 피지컬AI TOP2플러스액티브,우리자산운용,0.49,9328000000,11660,11712.02,2026-08-04,주식,국내,실물(액티브),배당소득세(보유기간과세),FnGuide 피지컬AI TOP2플러스 지수,한국,AI·테크,일반,20260807
480460,KR7480460005,WON 한국부동산TOP3플러스,우리자산운용,0.25,9265000000,9265,9304.39,2024-04-30,부동산,국내,실물(패시브),비과세(분리과세부동산ETF),DeepSearch 한국부동산TOP3플러스 지수,한국,리츠·부동산,일반,20260807
108590,KR7108590001,TREX 200,유리에셋,0.325,19571000000,97855,97605.42,2009-01-23,주식,국내,실물(패시브),비과세,코스피 200,한국,광범위지수,일반,20260807
145850,KR7145850004,TREX 펀더멘탈 200,유리에셋,0.34,28518750000,114075,113160.32,2011-09-23,주식,국내,실물(패시브),비과세,FnGuide-RAFI 코리아200 지수,한국,기타,일반,20260807
483570,KR7483570008,KCGI 미국S&P500 TOP10,케이씨지아이자산운용,0.36,26232000000,16395,16305.31,2024-05-28,주식,해외,실물(패시브),배당소득세(보유기간과세),S&P500 Top10 25% Capped Index(PR),미국,광범위지수,일반,20260807
153270,KR7153270004,KIWOOM 코스피100,키움투자자산운용,0.195,31680600000,75430,75748.23,2012-02-28,주식,국내,실물(패시브),비과세,코스피 100,한국,광범위지수,일반,20260807
167860,KR7167860006,KIWOOM 국고채10년레버리지,키움투자자산운용,0.3,27148350000,93615,93421.42,2012-10-30,채권,국내,실물(패시브),배당소득세(보유기간과세),KIS 10년 국고채 지수 (총수익),한국,채권·금리,일반,20260807
148070,KR7148070006,KIWOOM 국고채10년,키움투자자산운용,0.05,410548950000,105350,105200.3,2011-10-20,채권,국내,실물(패시브),배당소득세(보유기간과세),KIS 10년 국고채 지수 (총수익),한국,채권·금리,일반,20260807
069660,KR7069660009,KIWOOM 200,키움투자자산운용,0.05,696403500000,98085,97914.21,2002-10-14,주식,국내,실물(패시브),비과세,코스피 200,한국,광범위지수,일반,20260807
294400,KR7294400007,KIWOOM 200TR,키움투자자산운용,0.012,1681623000000,128860,128610.89,2018-04-23,주식,국내,실물(패시브),배당소득세(보유기간과세),코스피 200 TR,한국,광범위지수,일반,20260807
253250,KR7253250005,KIWOOM 200선물레버리지,키움투자자산운용,0.46,28191100000,82915,82867.71,2016-09-12,주식,국내,실물(패시브),배당소득세(보유기간과세),코스피 200 선물지수,한국,광범위지수,일반,20260807
253230,KR7253230007,KIWOOM 200선물인버스2X,키움투자자산운용,0.46,2754800000,97,97.9,2016-09-22,주식,국내,실물(패시브),배당소득세(보유기간과세),코스피 200 선물지수,한국,광범위지수,일반,20260807
253240,KR7253240006,KIWOOM 200선물인버스,키움투자자산운용,0.46,1800720000,1476,1478.47,2016-09-12,주식,국내,실물(패시브),배당소득세(보유기간과세),코스피 200 선물지수,한국,광범위지수,일반,20260807
464240,KR7464240001,KIWOOM 26-09회사채(AA-이상)액티브,키움투자자산운용,0.07,154358750000,52325,52318.81,2023-08-17,채권,국내,실물(액티브),배당소득세(보유기간과세),KIS 2609 만기형 크레딧 종합채권 지수(AA-이상)(총수익지수),한국,채권·금리,일반,20260807
458210,KR7458210002,KIWOOM CD금리액티브(합성),키움투자자산운용,0.03,178075200000,110400,110366.18,2023-05-23,기타,국내,합성(액티브),배당소득세(보유기간과세),FnGuide CD91일 금리투자 지수(총수익),한국,채권·금리,일반,20260807
488200,KR7488200007,KIWOOM K-2차전지북미공급망,키움투자자산운용,0.49,5325750000,11835,11839.55,2024-07-23,주식,국내,실물(패시브),비과세,Solactive K-Battery North America Supply Chain 지수,한국,2차전지,일반,20260807
488210,KR7488210006,KIWOOM K-반도체북미공급망,키움투자자산운용,0.49,3686000000,18430,18454.77,2024-07-23,주식,국내,실물(패시브),비과세,Solactive K-Semiconductor North America Supply Chain 지수,한국,반도체,일반,20260807
100910,KR7100910009,KIWOOM KRX100,키움투자자산운용,0.23,60489000000,15510,15464.14,2008-01-23,주식,국내,실물(패시브),비과세,KRX 100,한국,광범위지수,일반,20260807
200250,KR7200250009,KIWOOM 인도Nifty50(합성),키움투자자산운용,0.29,178382000000,22580,22663.35,2014-06-26,주식,해외,합성(패시브),배당소득세(보유기간과세),Nifty 50 Index,인도,광범위지수,일반,20260807
0194R0,KR70194R0009,KIWOOM SK하이닉스선물단일종목레버리지,키움투자자산운용,0.25,10489000000,6170,6232.04,2026-05-27,주식,국내,실물(패시브),배당소득세(보유기간과세),KRX SK하이닉스 선물 지수,한국,개별종목,일반,20260807
0084E0,KR70084E0007,KIWOOM 미국대형주500월간목표헤지액티브,키움투자자산운용,0.49,12098000000,10520,10528.24,2025-10-21,혼합자산,해외,실물(액티브),배당소득세(보유기간과세),Akros 미국대형주500 월간방어적배분 지수(TR),미국,기타,일반,20260807
0084D0,KR70084D0008,KIWOOM 미국테크100월간목표헤지액티브,키움투자자산운용,0.49,9368000000,11710,11644.24,2025-07-22,혼합자산,해외,실물(액티브),배당소득세(보유기간과세),Akros 미국테크100 월간방어적배분 지수(TR),미국,AI·테크,일반,20260807
114470,KR7114470008,KIWOOM 국고채3년,키움투자자산운용,0.05,52973900000,108110,108108.49,2009-07-31,채권,국내,실물(패시브),배당소득세(보유기간과세),KTB INDEX(시장가격),한국,채권·금리,일반,20260807
471460,KR7471460006,KIWOOM 국고채30년액티브,키움투자자산운용,0.035,23052500000,46105,46036.8,2023-11-07,채권,국내,실물(액티브),배당소득세(보유기간과세),KIS-키움 국고채30년 지수(총수익지수),한국,채권·금리,일반,20260807
473490,KR7473490001,KIWOOM 글로벌AI반도체,키움투자자산운용,0.4,46425000000,30950,30899.88,2023-12-21,주식,국내&해외,실물(패시브),배당소득세(보유기간과세),Solactive Global AI Semiconductor Index (Price Return),글로벌,반도체,일반,20260807
489860,KR7489860007,KIWOOM 글로벌전력GRID인프라,키움투자자산운용,0.49,13570250000,15965,15895.03,2024-08-27,주식,국내&해외,실물(패시브),배당소득세(보유기간과세),NASDAQ OMX Clean Edge Smart Grid Infrastructure Index,미국,기타,일반,20260807
130730,KR7130730005,KIWOOM 단기자금,키움투자자산운용,0.05,72108365000,102865,102864.55,2010-07-29,채권,국내,실물(패시브),배당소득세(보유기간과세),MK 머니마켓 지수(총수익),한국,기타,일반,20260807
419890,KR7419890009,KIWOOM 단기채권ESG액티브,키움투자자산운용,0.15,62335500000,107475,107431.62,2022-03-03,채권,국내,실물(액티브),배당소득세(보유기간과세),KIS ESG 9M~1.5Y,한국,광범위지수,일반,20260807
411860,KR7411860000,KIWOOM 독일DAX,키움투자자산운용,0.25,5253000000,17510,17463.73,2021-12-22,주식,해외,실물(패시브),배당소득세(보유기간과세),DAX Index(PR),유럽,기타,일반,20260807
476450,KR7476450002,KIWOOM 머니마켓액티브,키움투자자산운용,0.05,159258960000,52665,52657.71,2024-02-29,채권,국내,실물(액티브),배당소득세(보유기간과세),KIS-키움 MMF지수(총수익지수),한국,채권·금리,일반,20260807
430500,KR7430500009,KIWOOM 물가채KIS,키움투자자산운용,0.15,11321500000,113215,112895.38,2022-05-31,채권,국내,실물(패시브),배당소득세(보유기간과세),KIS TIPS 지수(총수익),한국,기타,일반,20260807
0190M0,KR70190M0008,KIWOOM 미국AI테크하이베타,키움투자자산운용,0.49,23908500000,8855,8716.19,2026-05-12,주식,해외,실물(패시브),배당소득세(보유기간과세),Akros 미국AI&프론티어테크 하이베타 지수,미국,AI·테크,일반,20260807
0224D0,KR70224D0009,KIWOOM 미국CPU반도체TOP4+,키움투자자산운용,0.49,9925000000,9925,9881.72,2026-07-28,주식,해외,실물(패시브),배당소득세(보유기간과세),iSelect 미국CPU반도체TOP4 지수,미국,반도체,일반,20260807
0127V0,KR70127V0005,KIWOOM 미국S&P500 TOP10&배당다우비중전환,키움투자자산운용,0.19,13812500000,11050,11013.02,2025-11-11,주식,해외,실물(패시브),배당소득세(보유기간과세),S&P500 TOP10 생애배당다우존스 2040 지수,미국,배당주,일반,20260807
0137W0,KR70137W0002,KIWOOM 미국S&P500&GOLD,키움투자자산운용,0.01,28822500000,10675,10663.02,2025-12-09,주식,해외,실물(패시브),배당소득세(보유기간과세),S&P500 & S&P GSCI 금현물 90/10 혼합지수,미국,광범위지수,혼합,20260807
0127T0,KR70127T0009,KIWOOM 미국S&P500&배당다우존스비중전환,키움투자자산운용,0.09,13614000000,11345,11333.09,2025-11-11,주식,해외,실물(패시브),배당소득세(보유기간과세),S&P500 생애배당다우존스 2040 지수,미국,배당주,일반,20260807
0137V0,KR70137V0003,KIWOOM 미국S&P500모멘텀,키움투자자산운용,0.12,94880000000,11860,11806.35,2025-12-09,주식,해외,실물(패시브),배당소득세(보유기간과세),S&P500 모멘텀 지수,미국,광범위지수,일반,20260807
449770,KR7449770007,KIWOOM 미국S&P500,키움투자자산운용,0.021,104040000000,21675,21659.54,2022-12-20,주식,해외,실물(패시브),배당소득세(보유기간과세),S&P 500,미국,광범위지수,일반,20260807
449780,KR7449780006,KIWOOM 미국S&P500(H),키움투자자산운용,0.04,33786000000,18770,18742.2,2022-12-20,주식,해외,실물(패시브),배당소득세(보유기간과세),S&P 500,미국,광범위지수,일반,20260807
0107F0,KR70107F0009,KIWOOM 미국고배당&AI테크,키움투자자산운용,0.45,30179250000,11835,11835.55,2025-09-23,주식,해외,실물(패시브),배당소득세(보유기간과세),Akros 미국AI테크TOP10&미국고배당3070 지수,미국,AI·테크,일반,20260807
453080,KR7453080004,KIWOOM 미국나스닥100(H),키움투자자산운용,0.04,89212500000,22875,22824.35,2023-03-14,주식,해외,실물(패시브),배당소득세(보유기간과세),NASDAQ 100,미국,광범위지수,일반,20260807
460270,KR7460270002,KIWOOM 미국달러SOFR금리액티브(합성),키움투자자산운용,0.05,10420650000,12865,12850.03,2023-06-20,기타,해외,합성(액티브),배당소득세(보유기간과세),Solactive SOFR Daily Total Return Index,미국,채권·금리,일반,20260807
230480,KR7230480006,KIWOOM 미국달러선물인버스2X,키움투자자산운용,0.64,8844000000,4400,4408.05,2015-11-16,통화,국내,실물(패시브),배당소득세(보유기간과세),미국달러선물지수,한국,기타,일반,20260807
225800,KR7225800002,KIWOOM 미국달러선물레버리지,키움투자자산운용,0.64,8055450000,15795,15808.14,2015-08-10,통화,국내,실물(패시브),배당소득세(보유기간과세),미국달러선물지수,한국,기타,일반,20260807
139660,KR7139660005,KIWOOM 미국달러선물인버스,키움투자자산운용,0.49,7094850000,8155,8184.47,2011-04-01,통화,국내,실물(패시브),배당소득세(보유기간과세),미국달러선물지수,한국,기타,일반,20260807
138230,KR7138230008,KIWOOM 미국달러선물,키움투자자산운용,0.37,24012000000,16560,16576.91,2011-02-24,통화,국내,실물(패시브),배당소득세(보유기간과세),미국달러선물지수,한국,기타,일반,20260807
373790,KR7373790005,KIWOOM 미국방어배당성장나스닥,키움투자자산운용,0.4,4537400000,16205,16118.79,2020-12-24,주식,해외,실물(패시브),배당소득세(보유기간과세),Nasdaq US Low Volatility Dividend Achievers Index,미국,배당주,일반,20260807
483030,KR7483030003,KIWOOM 미국블록버스터바이오테크의약품+,키움투자자산운용,0.49,5294250000,11765,11739.13,2024-05-28,주식,해외,실물(패시브),배당소득세(보유기간과세),Solactive Blockbuster Biotech Drugs Index(PR),기타,바이오·헬스케어,일반,20260807
459790,KR7459790002,KIWOOM 미국성장기업30액티브,키움투자자산운용,0.76,28269000000,20940,20739.91,2023-06-27,주식,해외,실물(액티브),배당소득세(보유기간과세),MSCI USA Index(Price Return),미국,광범위지수,일반,20260807
0174R0,KR70174R0003,KIWOOM 미국성장다우존스,키움투자자산운용,0.03,9936500000,11690,11626.88,2026-03-31,주식,해외,실물(패시브),배당소득세(보유기간과세),미국성장다우존스 지수,미국,기타,일반,20260807
498270,KR7498270008,KIWOOM 미국양자컴퓨팅,키움투자자산운용,0.49,230230000000,15400,15014.28,2024-12-17,주식,해외,실물(패시브),배당소득세(보유기간과세),Solactive U.S. Quantum Computing Index(PR),미국,AI·테크,일반,20260807
0207Z0,KR70207Z0004,KIWOOM 미국우주데이터센터인프라,키움투자자산운용,0.49,15193500000,7235,7137.86,2026-06-16,주식,해외,실물(패시브),배당소득세(보유기간과세),iSelect 미국 우주데이터센터인프라 지수,미국,AI·테크,일반,20260807
0216K0,KR70216K0000,KIWOOM 미국우주테크TOP2채권혼합50,키움투자자산운용,0.21,8475000000,8475,8498.88,2026-07-07,혼합자산,국내&해외,실물(패시브),배당소득세(보유기간과세),Akros 미국 우주 Top 2 채권혼합 지수,미국,방산·우주,혼합,20260807
474800,KR7474800000,KIWOOM 미국원유에너지기업,키움투자자산운용,0.29,32551000000,15140,15041.42,2024-01-16,주식,해외,실물(패시브),배당소득세(보유기간과세),MSCI US IMI Energy 25/50 Index(Price Return),미국,에너지·원자력,일반,20260807
104520,KR7104520002,KIWOOM 블루칩,키움투자자산운용,0.4,14830000000,14830,14847.96,2008-07-29,주식,국내,실물(패시브),비과세,MKF 블루칩,한국,기타,일반,20260807
0183V0,KR70183V0006,KIWOOM 삼성전자&SK하이닉스채권혼합50,키움투자자산운용,0.07,221200500000,11005,10977.96,2026-04-21,혼합자산,국내,실물(패시브),배당소득세(보유기간과세),FnGuide 삼성전자 & SK하이닉스 채권혼합 지수,한국,개별종목,혼합,20260807
0194N0,KR70194N0003,KIWOOM 삼성전자선물단일종목레버리지,키움투자자산운용,0.25,8329625000,9005,8985.97,2026-05-27,주식,국내,실물(패시브),배당소득세(보유기간과세),KRX 삼성전자 선물 지수,한국,개별종목,일반,20260807
0015E0,KR70015E0001,KIWOOM 엔비디아미국30년국채혼합액티브(H),키움투자자산운용,0.19,5295000000,10590,10572.31,2025-02-11,혼합자산,해외,실물(액티브),배당소득세(보유기간과세),Bloomberg Blended NVIDIA and US Long Treasury Bond Index,미국,개별종목,일반,20260807
483020,KR7483020004,KIWOOM 의료AI,키움투자자산운용,0.49,5916000000,9860,9869.0,2024-05-28,주식,국내,실물(패시브),비과세,FnGuide 의료AI 지수,한국,AI·테크,일반,20260807
435530,KR7435530001,KIWOOM TDF2030액티브 적격,키움투자자산운용,0.3,7857500000,15715,15679.11,2022-06-30,혼합자산,국내&해외,실물(액티브),배당소득세(보유기간과세),Dow Jones Target 2030 Index (Total Return),미국,기타,일반,20260807
435540,KR7435540000,KIWOOM TDF2040액티브 적격,키움투자자산운용,0.34,8875000000,17750,17686.31,2022-06-30,혼합자산,국내&해외,실물(액티브),배당소득세(보유기간과세),Dow Jones Target 2040 Index (Total Return),미국,기타,일반,20260807
435550,KR7435550009,KIWOOM TDF2050액티브 적격,키움투자자산운용,0.38,12768000000,18240,18206.18,2022-06-30,혼합자산,국내&해외,실물(액티브),배당소득세(보유기간과세),Dow Jones Target 2050 Index (Total Return),미국,기타,일반,20260807
454780,KR7454780008,KIWOOM 종합채권(AA-이상)액티브,키움투자자산운용,0.025,292821960000,99735,99773.0,2023-04-11,채권,국내,실물(액티브),배당소득세(보유기간과세),KIS 종합 채권시장지수(AA-이상)(총수익지수),한국,채권·금리,일반,20260807
454180,KR7454180001,KIWOOM 차이나내수소비TOP CSI,키움투자자산운용,0.42,3134000000,7835,8005.09,2023-04-04,주식,해외,실물(패시브),배당소득세(보유기간과세),CSI SH-HK-SZ Consumer Top Index,중국,소비재,일반,20260807
104530,KR7104530001,KIWOOM 코리아고배당,키움투자자산운용,0.19,36551500000,17830,17859.21,2008-07-29,주식,국내,실물(패시브),비과세,MKF 웰스 고배당20,한국,배당주,일반,20260807
496090,KR7496090002,KIWOOM 코리아밸류업,키움투자자산운용,0.009,97906250000,30125,30125.98,2024-11-04,주식,국내,실물(패시브),비과세,코리아 밸류업 지수,한국,배당주,일반,20260807
469790,KR7469790000,KIWOOM 코리아테크TOP10,키움투자자산운용,0.39,27226500000,38895,39089.35,2023-10-31,주식,국내,실물(패시브),비과세,Solactive K-TechTOP10 Index(PR),한국,기타,일반,20260807
291630,KR7291630002,KIWOOM 코스닥150선물레버리지,키움투자자산운용,0.09,4843000000,3340,3366.84,2018-03-16,주식,국내,실물(패시브),배당소득세(보유기간과세),F-코스닥150 지수,한국,광범위지수,일반,20260807
291620,KR7291620003,KIWOOM 코스닥150선물인버스,키움투자자산운용,0.09,2570700000,4510,4520.16,2018-03-16,주식,국내,실물(패시브),배당소득세(보유기간과세),F-코스닥150 지수,한국,광범위지수,일반,20260807
316670,KR7316670009,KIWOOM 코스닥150,키움투자자산운용,0.15,44173000000,6775,6783.43,2019-01-22,주식,국내,실물(패시브),비과세,코스닥 150,한국,광범위지수,일반,20260807
0198A0,KR70198A0004,KIWOOM 코스닥150커버드콜액티브,키움투자자산운용,0.63,47740000000,8680,8645.44,2026-06-30,주식,국내,실물(액티브),배당소득세(보유기간과세),코스닥 150 위클리 고정 30% 커버드콜 지수,한국,광범위지수,커버드콜,20260807
122260,KR7122260003,KIWOOM 통안채1년,키움투자자산운용,0.05,32255500000,104050,104047.74,2010-01-14,채권,국내,실물(패시브),배당소득세(보유기간과세),MK 통안채지수(총수익),한국,채권·금리,일반,20260807
0015F0,KR70015F0000,KIWOOM 팔란티어미국30년국채혼합액티브(H),키움투자자산운용,0.19,13351000000,10270,10309.9,2025-02-11,혼합자산,해외,실물(액티브),배당소득세(보유기간과세),Bloomberg Blended PALANTIR and US Long Treasury Bond Index,미국,개별종목,일반,20260807
0097L0,KR70097L0003,KIWOOM 한국고배당&미국AI테크,키움투자자산운용,0.45,26383500000,12870,12905.26,2025-09-02,주식,국내&해외,실물(패시브),배당소득세(보유기간과세),Akros 미국AI테크TOP10&한국고배당3070 지수,미국,AI·테크,일반,20260807
0220A0,KR70220A0006,KIWOOM 현대차그룹TOP3채권혼합50,키움투자자산운용,0.15,13265000000,9475,9480.05,2026-07-14,혼합자산,국내,실물(패시브),배당소득세(보유기간과세),FnGuide 현대차그룹TOP3 채권혼합 지수,한국,개별종목,혼합,20260807
441800,KR7441800000,TIME Korea플러스배당액티브,타임폴리오자산운용,0.8,745133200000,27155,27257.86,2022-09-27,주식,국내,실물(액티브),배당소득세(보유기간과세),코스피 200,한국,광범위지수,일반,20260807
463050,KR7463050005,TIME K바이오액티브,타임폴리오자산운용,0.8,225876000000,13445,13538.81,2023-08-17,주식,국내,실물(액티브),배당소득세(보유기간과세),KRX 헬스케어,한국,바이오·헬스케어,일반,20260807
404120,KR7404120008,TIME K신재생에너지액티브,타임폴리오자산운용,0.8,16586500000,23695,23582.07,2021-10-29,주식,국내,실물(액티브),배당소득세(보유기간과세),KRX 기후변화 솔루션지수,한국,기타,일반,20260807
385710,KR7385710009,TIME K이노베이션액티브,타임폴리오자산운용,0.8,10810000000,10810,10764.53,2021-05-25,주식,국내,실물(액티브),배당소득세(보유기간과세),KRX BBIG 지수,한국,기타,일반,20260807
410870,KR7410870000,TIME K컬처액티브,타임폴리오자산운용,0.8,12060000000,10050,10092.7,2021-12-15,주식,국내,실물(액티브),배당소득세(보유기간과세),FnGuide K-컬처 지수,한국,기타,일반,20260807
456600,KR7456600006,TIME 글로벌AI인공지능액티브,타임폴리오자산운용,0.8,2154952800000,58305,57927.61,2023-05-16,주식,해외,실물(액티브),배당소득세(보유기간과세),Solactive Global Artificial Intelligence 지수,글로벌,AI·테크,일반,20260807
485810,KR7485810006,TIME 글로벌바이오액티브,타임폴리오자산운용,0.8,11924000000,10840,10827.44,2024-07-02,주식,해외,실물(액티브),배당소득세(보유기간과세),KEDI 글로벌 불로장생바이오 지수(원화환산),글로벌,바이오·헬스케어,일반,20260807
494180,KR7494180003,TIME 글로벌소비트렌드액티브,타임폴리오자산운용,0.8,10972000000,13715,13674.45,2024-10-29,주식,해외,실물(액티브),배당소득세(보유기간과세),Solactive 뉴에이지컨수머지수,기타,기타,일반,20260807
478150,KR7478150006,TIME 글로벌우주테크&방산액티브,타임폴리오자산운용,0.8,254243500000,21365,21354.26,2024-04-23,주식,해외,실물(액티브),배당소득세(보유기간과세),Solactive Aerospace and Defense USD Index PR,기타,방산·우주,일반,20260807
0113D0,KR70113D0003,TIME 글로벌탑픽액티브,타임폴리오자산운용,0.06,76353000000,12315,12290.5,2025-10-28,주식,해외,실물(액티브),배당소득세(보유기간과세),"Bloomberg World Large, Mid & Small cap PR Index",글로벌,기타,일반,20260807
0185L0,KR70185L0006,TIME 글로벌휴머노이드로봇산업액티브,타임폴리오자산운용,0.8,55947500000,8050,7980.26,2026-05-19,주식,해외,실물(액티브),배당소득세(보유기간과세),Solactive Global AI Humanoid Robotics 지수(원화환산)(PR),글로벌,AI·테크,일반,20260807
426020,KR7426020004,TIME 미국S&P500액티브,타임폴리오자산운용,0.8,397130000000,32875,32723.89,2022-05-11,주식,해외,실물(액티브),배당소득세(보유기간과세),S&P 500,미국,광범위지수,일반,20260807
426030,KR7426030003,TIME 미국나스닥100액티브,타임폴리오자산운용,0.8,2440204800000,46640,46167.7,2022-05-11,주식,해외,실물(액티브),배당소득세(보유기간과세),NASDAQ 100,미국,광범위지수,일반,20260807
0019K0,KR70019K0009,TIME 미국나스닥100채권혼합50액티브,타임폴리오자산운용,0.25,548964000000,13455,13366.86,2025-03-25,혼합자산,국내&해외,실물(액티브),배당소득세(보유기간과세),FnGuide 미국나스닥100 단기채권혼합 지수,미국,채권·금리,혼합,20260807
0036D0,KR70036D0007,TIME 미국배당다우존스액티브,타임폴리오자산운용,0.8,64750000000,12950,12904.41,2025-04-29,주식,해외,실물(액티브),배당소득세(보유기간과세),Dow Jones U.S. Dividend 100 Price Return Index,미국,배당주,일반,20260807
0043Y0,KR70043Y0003,TIME 차이나AI테크액티브,타임폴리오자산운용,0.8,369133500000,20855,20813.15,2025-05-13,주식,해외,실물(액티브),배당소득세(보유기간과세),Solactive China Artificial Intelligence 지수(원화환산)(PR),중국,AI·테크,일반,20260807
495060,KR7495060006,TIME 코리아밸류업액티브,타임폴리오자산운용,0.8,198098000000,26770,26891.03,2024-11-04,주식,국내,실물(액티브),배당소득세(보유기간과세),코리아 밸류업 지수,한국,배당주,일반,20260807
0162Y0,KR70162Y0008,TIME 코스닥액티브,타임폴리오자산운용,0.8,244644000000,7030,7005.11,2026-03-10,주식,국내,실물(액티브),배당소득세(보유기간과세),코스닥,한국,광범위지수,일반,20260807
385720,KR7385720008,TIME 코스피액티브,타임폴리오자산운용,0.8,362777500000,23405,23355.22,2021-05-25,주식,국내,실물(액티브),배당소득세(보유기간과세),코스피,한국,광범위지수,일반,20260807
472720,KR7472720002,TRUSTON 주주가치액티브,트러스톤자산운용,0.785,12942800000,24890,24934.9,2023-12-14,주식,국내,실물(액티브),배당소득세(보유기간과세),코스피 200,한국,광범위지수,일반,20260807
496130,KR7496130006,TRUSTON 코리아밸류업액티브,트러스톤자산운용,0.785,12935700000,23955,24021.47,2024-11-04,주식,국내,실물(액티브),배당소득세(보유기간과세),코리아 밸류업 지수,한국,배당주,일반,20260807
451060,KR7451060008,1Q 200액티브,하나자산운용,0.01,390867750000,31395,31321.11,2023-01-31,주식,국내,실물(액티브),배당소득세(보유기간과세),코스피 200,한국,광범위지수,일반,20260807
0184E0,KR70184E0006,1Q 200채권혼합50액티브,하나자산운용,0.4,26275000000,10510,10431.53,2026-04-21,혼합자산,국내,실물(액티브),배당소득세(보유기간과세),코스피 200 단기국공채 혼합지수,한국,광범위지수,혼합,20260807
491610,KR7491610002,1Q CD금리액티브(합성),하나자산운용,0.02,191841780000,104660,104655.06,2024-09-24,기타,국내,합성(액티브),배당소득세(보유기간과세),KIS 하나 CD금리 총수익지수,한국,채권·금리,일반,20260807
0182R0,KR70182R0003,1Q K반도체TOP2+,하나자산운용,0.2,290290000000,9100,9078.89,2026-04-14,주식,국내,실물(패시브),비과세,NICE K반도체 TOP2 MAX+ 지수,한국,반도체,일반,20260807
0182S0,KR70182S0002,1Q K반도체TOP2채권혼합50,하나자산운용,0.01,216093750000,11525,11452.4,2026-04-14,혼합자산,국내,실물(패시브),배당소득세(보유기간과세),KEDI K반도체TOP2채권혼합 지수,한국,반도체,혼합,20260807
0103T0,KR70103T0007,1Q K소버린AI,하나자산운용,0.49,26753000000,8630,8637.15,2025-09-30,주식,국내,실물(패시브),비과세,iSelect K소버린AI 지수,한국,AI·테크,일반,20260807
0198D0,KR70198D0001,1Q SK하이닉스선물단일종목레버리지,하나자산운용,0.09,21383350000,6610,6581.09,2026-05-27,주식,국내,실물(패시브),배당소득세(보유기간과세),KRX SK하이닉스 선물 지수,한국,개별종목,일반,20260807
463290,KR7463290007,1Q 단기금융채액티브,하나자산운용,0.08,192146100000,109050,109052.54,2023-08-03,채권,국내,실물(액티브),배당소득세(보유기간과세),MK 머니마켓 지수(총수익),한국,기타,일반,20260807
0131W0,KR70131W0008,1Q 단기특수은행채액티브,하나자산운용,0.01,130272930000,101935,101933.26,2025-11-25,채권,국내,실물(액티브),배당소득세(보유기간과세),KIS 단기특수은행채 지수(총수익),한국,금융,일반,20260807
479080,KR7479080004,1Q 머니마켓액티브,하나자산운용,0.05,1079129520000,53640,53639.56,2024-04-02,채권,국내,실물(액티브),배당소득세(보유기간과세),KIS-하나 MMF 지수(총수익),한국,채권·금리,일반,20260807
0052S0,KR70052S0009,1Q 미국S&P500미국채혼합50액티브,하나자산운용,0.15,323136000000,11880,11873.81,2025-06-10,혼합자산,해외,실물(액티브),배당소득세(보유기간과세),S&P 500 and Short-Term Treasury 50/50 Blend Index,미국,채권·금리,인버스,20260807
0026S0,KR70026S0002,1Q 미국S&P500,하나자산운용,0.005,331250000000,13250,13232.84,2025-03-18,주식,해외,실물(패시브),배당소득세(보유기간과세),S&P 500,미국,광범위지수,일반,20260807
0111P0,KR70111P0001,1Q 미국나스닥100미국채혼합50액티브,하나자산운용,0.05,304012500000,11055,11034.87,2025-09-30,혼합자산,해외,실물(액티브),배당소득세(보유기간과세),Nasdaq-100 US T-Bills 0-6 Month 50/50 Index,미국,기타,일반,20260807
0069M0,KR70069M0006,1Q 미국나스닥100,하나자산운용,0.005,192098000000,13820,13774.39,2025-06-24,주식,해외,실물(패시브),배당소득세(보유기간과세),NASDAQ 100,미국,광범위지수,일반,20260807
0083S0,KR70083S0002,1Q 미국메디컬AI,하나자산운용,0.49,27230000000,9725,9652.1,2025-07-22,주식,해외,실물(패시브),배당소득세(보유기간과세),KEDI 미국메디컬AI 지수,미국,AI·테크,일반,20260807
0004G0,KR70004G0002,1Q 미국배당TOP30,하나자산운용,0.1,13321000000,9515,9476.94,2025-01-21,주식,해외,실물(패시브),배당소득세(보유기간과세),Solactive U.S. Dividend TOP 30 Index PR,미국,배당주,일반,20260807
0131V0,KR70131V0009,1Q 미국우주항공테크,하나자산운용,0.49,382045500000,11630,11590.46,2025-11-25,주식,해외,실물(패시브),배당소득세(보유기간과세),Akros 미국우주항공테크 지수,미국,AI·테크,일반,20260807
0198B0,KR70198B0003,1Q 삼성전자선물단일종목레버리지,하나자산운용,0.09,20409350000,9235,9192.78,2026-05-27,주식,국내,실물(패시브),배당소득세(보유기간과세),KRX 삼성전자 선물 지수,한국,개별종목,일반,20260807
0094X0,KR70094X0002,1Q 샤오미밸류체인액티브,하나자산운용,0.49,7812000000,8680,8608.58,2025-09-02,주식,해외,실물(액티브),배당소득세(보유기간과세),Solactive-KEDI Xiaomi Focus China Tech Index,중국,AI·테크,일반,20260807
0224X0,KR70224X0005,1Q 엔비디아알파벳미국채혼합50,하나자산운용,0.45,16755750000,10155,10094.06,2026-07-28,혼합자산,해외,실물(패시브),배당소득세(보유기간과세),KEDI 엔비디아알파벳미국채혼합50 지수,미국,개별종목,혼합,20260807
0172V0,KR70172V0009,1Q 은액티브,하나자산운용,0.3,55968000000,8480,8238.36,2026-03-31,원자재,해외,실물(액티브),배당소득세(보유기간과세),Bloomberg Blended Silver Spot USD index,기타,원자재·금,일반,20260807
0017Y0,KR70017Y0005,1Q 종합채권(AA-이상)액티브,하나자산운용,0.025,83149040000,94060,94154.45,2025-02-25,채권,국내,실물(액티브),배당소득세(보유기간과세),KIS 종합채권형 지수(AA-이상)(총수익),한국,채권·금리,일반,20260807
0052T0,KR70052T0008,1Q 중단기회사채(A-이상)액티브,하나자산운용,0.05,108033750000,50625,50627.98,2025-05-27,채권,국내,실물(액티브),배당소득세(보유기간과세),KEDI 중단기크레딧플러스채권(AAA~A-)지수(총수익),한국,채권·금리,일반,20260807
495330,KR7495330003,1Q 코리아밸류업,하나자산운용,0.02,128462500000,29875,29983.72,2024-11-04,주식,국내,실물(패시브),비과세,코리아 밸류업 지수,한국,배당주,일반,20260807
0186S0,KR70186S0008,1Q 코스닥150채권혼합50액티브,하나자산운용,0.63,36623500000,8230,8232.25,2026-04-28,혼합자산,국내,실물(액티브),배당소득세(보유기간과세),코스닥 150 단기국공채 혼합지수,한국,광범위지수,혼합,20260807
492500,KR7492500004,1Q 현대차그룹채권(A+이상)&국고통안,하나자산운용,0.1,78048160000,51280,51287.22,2024-10-02,채권,국내,실물(패시브),배당소득세(보유기간과세),KIS 하나 현대차그룹채권(A+이상)&국고통안 총수익지수,한국,개별종목,일반,20260807
0206G0,KR70206G0008,1Q 현대차기아채권혼합50,하나자산운용,0.1,22715000000,8260,8264.27,2026-06-09,혼합자산,국내,실물(패시브),배당소득세(보유기간과세),KEDI 현대차&기아채권혼합50지수,한국,개별종목,혼합,20260807
473440,KR7473440006,ACE 11월만기자동연장회사채AA-이상액티브,한국투자신탁운용,0.05,94221000000,10830,10830.51,2023-12-19,채권,국내,실물(액티브),배당소득세(보유기간과세),KIS 11월 만기자동연장회사채(AA-이상) 총수익지수,한국,채권·금리,일반,20260807
332500,KR7332500008,ACE 200TR,한국투자신탁운용,0.01,152225500000,66185,65875.14,2019-08-28,주식,국내,실물(패시브),배당소득세(보유기간과세),코스피 200 TR,한국,광범위지수,일반,20260807
105190,KR7105190003,ACE 200,한국투자신탁운용,0.017,1716731000000,98380,98155.78,2008-09-25,주식,국내,실물(패시브),비과세,코스피 200,한국,광범위지수,일반,20260807
475260,KR7475260006,ACE 2월만기자동연장회사채AA-이상액티브,한국투자신탁운용,0.05,50538300000,10730,10727.43,2024-01-23,채권,국내,실물(액티브),배당소득세(보유기간과세),KAP 2월 만기자동연장회사채(AA-이상) 총수익지수,한국,채권·금리,일반,20260807
385600,KR7385600002,ACE 2차전지&친환경차액티브,한국투자신탁운용,0.29,17370000000,11580,11621.08,2021-05-25,주식,국내,실물(액티브),배당소득세(보유기간과세),FnGuide 친환경 자동차 밸류체인 지수,한국,자동차,일반,20260807
475270,KR7475270005,ACE 5월만기자동연장회사채AA-이상액티브,한국투자신탁운용,0.05,44681550000,10715,10711.9,2024-01-23,채권,국내,실물(액티브),배당소득세(보유기간과세),KIS 5월 만기자동연장회사채(AA-이상) 총수익지수,한국,채권·금리,일반,20260807
475280,KR7475280004,ACE 8월만기자동연장회사채AA-이상액티브,한국투자신탁운용,0.05,103137300000,10710,10715.83,2024-01-23,채권,국내,실물(액티브),배당소득세(보유기간과세),KAP 8월 만기자동연장회사채(AA-이상) 총수익지수,한국,채권·금리,일반,20260807
469150,KR7469150007,ACE AI반도체TOP3+,한국투자신탁운용,0.3,958245000000,49650,49446.92,2023-10-17,주식,국내,실물(패시브),비과세,FnGuide AI반도체 TOP3+ 지수,한국,반도체,일반,20260807
0079X0,KR70079X0001,ACE BYD밸류체인액티브,한국투자신탁운용,0.45,3711750000,10605,10606.06,2025-07-15,주식,해외,실물(액티브),배당소득세(보유기간과세),Bloomberg BYD Plus Top Supply Chain Select Price Return Index,기타,기타,일반,20260807
385590,KR7385590005,ACE ESG액티브,한국투자신탁운용,0.5,50163000000,21810,21885.05,2021-05-25,주식,국내,실물(액티브),배당소득세(보유기간과세),MSCI Korea Country ESG Leaders Custom Capped Price return Index,한국,광범위지수,일반,20260807
475050,KR7475050001,ACE KPOP포커스,한국투자신탁운용,0.3,103320000000,7200,7203.41,2024-01-30,주식,국내,실물(패시브),비과세,iSelect K-POP 포커스지수(시장가격),한국,게임·엔터,일반,20260807
411060,KR7411060007,ACE KRX금현물,한국투자신탁운용,0.19,4014777000000,27330,27294.46,2021-12-15,원자재,국내,실물(패시브),배당소득세(보유기간과세),KRX 금현물지수,한국,기타,일반,20260807
0221Z0,KR70221Z0006,ACE K바이오코스닥액티브,한국투자신탁운용,0.5,22000000000,11000,11073.03,2026-07-21,주식,국내,실물(액티브),배당소득세(보유기간과세),KRX K-AI 바이오테크 코스닥 지수,한국,AI·테크,일반,20260807
0210A0,KR70210A0008,ACE K반도체TOP2+,한국투자신탁운용,0.39,281518250000,6305,6293.15,2026-06-23,주식,국내,실물(패시브),비과세,KRX K-AI 반도체TOP2+ 지수,한국,반도체,일반,20260807
0216Z0,KR70216Z0003,ACE K방산TOP5+,한국투자신탁운용,0.45,17020000000,9200,9182.0,2026-07-07,주식,국내,실물(패시브),비과세,KRX K-AI 방산TOP5+ 지수,한국,AI·테크,일반,20260807
0172Y0,KR70172Y0006,ACE K수출핵심TOP10산업액티브,한국투자신탁운용,0.5,7573500000,8910,8945.02,2026-03-31,주식,국내,실물(액티브),배당소득세(보유기간과세),iSelect K수출핵심산업 지수 (시장가격),한국,기타,일반,20260807
0177X0,KR70177X0002,ACE K휴머노이드로봇산업TOP2+,한국투자신탁운용,0.45,106005000000,9550,9538.86,2026-04-07,주식,국내,실물(패시브),비과세,Akros K-휴머노이드 로봇 TOP2+ 지수 (시장가격),한국,AI·테크,일반,20260807
291130,KR7291130003,ACE MSCI멕시코(합성),한국투자신탁운용,0.5,16794000000,18660,18755.97,2018-03-09,주식,해외,합성(패시브),배당소득세(보유기간과세),MSCI MEXICO IMI 25/50 Price return Index,기타,광범위지수,일반,20260807
256440,KR7256440009,ACE MSCI인도네시아(합성),한국투자신탁운용,0.7,33458500000,5485,5433.94,2016-11-01,주식,해외,합성(패시브),배당소득세(보유기간과세),MSCI Indonesia Index,기타,광범위지수,일반,20260807
261920,KR7261920003,ACE MSCI필리핀(합성),한국투자신탁운용,0.5,5322000000,13305,13298.29,2016-12-28,주식,해외,합성(패시브),배당소득세(보유기간과세),MSCI Philippines IMI Index,기타,광범위지수,일반,20260807
0194T0,KR70194T0007,ACE SK하이닉스단일종목레버리지,한국투자신탁운용,0.09,46536250000,6310,6329.81,2026-05-27,주식,국내,실물(패시브),배당소득세(보유기간과세),KRX SK하이닉스 지수,한국,개별종목,일반,20260807
0199C0,KR70199C0001,ACE 고배당주Plus커버드콜액티브,한국투자신탁운용,0.4,126262500000,9250,9236.26,2026-06-02,주식,국내,실물(액티브),배당소득세(보유기간과세),KRX-Akros 고배당주 20 위클리 고정 30% 커버드콜 지수,한국,배당주,커버드콜,20260807
0139P0,KR70139P0009,ACE 고배당주,한국투자신탁운용,0.15,49913000000,13490,13548.15,2025-12-16,주식,국내,실물(패시브),비과세,KRX-Akros 고배당주 20 지수,한국,배당주,일반,20260807
225130,KR7225130004,ACE 골드선물 레버리지(합성 H),한국투자신탁운용,0.49,23500000000,47000,45980.97,2015-07-28,원자재,해외,합성(패시브),배당소득세(보유기간과세),S&P GSCI GOLD Index Excess Return,글로벌,원자재·금,일반,20260807
483340,KR7483340006,ACE 구글밸류체인액티브,한국투자신탁운용,0.45,262185000000,23100,22916.04,2024-06-11,주식,해외,실물(액티브),배당소득세(보유기간과세),KEDI 글로벌 AI 클라우드 지수,글로벌,AI·테크,일반,20260807
114460,KR7114460009,ACE 국고채3년,한국투자신탁운용,0.15,15118500000,100790,100835.36,2009-07-31,채권,국내,실물(패시브),배당소득세(보유기간과세),KTB INDEX(시장가격),한국,채권·금리,일반,20260807
365780,KR7365780006,ACE 국고채10년,한국투자신탁운용,0.02,533794485000,83055,82998.18,2020-10-15,채권,국내,실물(패시브),배당소득세(보유기간과세),KIS 10년 국고채 지수 (총수익),한국,채권·금리,일반,20260807
494340,KR7494340003,ACE 글로벌AI맞춤형반도체,한국투자신탁운용,0.45,31245000000,20830,20645.54,2024-10-22,주식,해외,실물(패시브),배당소득세(보유기간과세),Solactive AI Custom Semiconductor Index(PR),기타,반도체,일반,20260807
446770,KR7446770000,ACE 글로벌반도체TOP4 Plus,한국투자신탁운용,0.45,1537042000000,76280,75968.95,2022-11-15,주식,해외,실물(패시브),배당소득세(보유기간과세),Solactive Global Semiconductor TOP4 Plus Price Return Index,글로벌,반도체,일반,20260807
435040,KR7435040001,ACE 글로벌브랜드TOP10,한국투자신탁운용,0.5,13786500000,19695,19674.44,2022-06-28,주식,해외,실물(패시브),배당소득세(보유기간과세),Bloomberg Global Select Industry Leaders TOP10 Index(PR),글로벌,기타,일반,20260807
497510,KR7497510008,ACE 글로벌빅파마,한국투자신탁운용,0.3,9044000000,12920,12930.66,2024-11-19,주식,해외,실물(패시브),배당소득세(보유기간과세),Solactive Global Big Pharma Index (Price Return),글로벌,바이오·헬스케어,일반,20260807
460960,KR7460960008,ACE 글로벌인컴TOP10,한국투자신탁운용,0.24,87210000000,11400,11358.67,2023-07-11,혼합자산,해외,실물(패시브),배당소득세(보유기간과세),Solactive Global Superior Income TOP 10 Price Return Index,글로벌,배당주,일반,20260807
414270,KR7414270009,ACE 글로벌자율주행액티브,한국투자신탁운용,0.29,28811000000,12260,12233.73,2022-02-15,주식,해외,실물(액티브),배당소득세(보유기간과세),FactSet US-China Electric&Autonomous Vehicle Price Return Index,미국,기타,일반,20260807
190620,KR7190620005,ACE 단기통안채,한국투자신탁운용,0.07,288294885000,101835,101835.56,2013-12-23,채권,국내,실물(패시브),배당소득세(보유기간과세),KIS MSB 단기지수(총수익),한국,기타,일반,20260807
440640,KR7440640001,ACE 단기채권알파액티브,한국투자신탁운용,0.15,68937980000,112460,112463.52,2022-08-23,채권,국내,실물(액티브),배당소득세(보유기간과세),KIS 단기채권알파AA-이상 총수익지수,한국,채권·금리,일반,20260807
494330,KR7494330004,ACE 라이프자산주주가치액티브,한국투자신탁운용,0.5,159094500000,31195,31134.77,2024-10-15,주식,국내,실물(액티브),배당소득세(보유기간과세),FnGuide 기업가치 지수(시장가격),한국,기타,일반,20260807
265690,KR7265690008,ACE 러시아MSCI(합성),한국투자신탁운용,0.0,15789750000,8535,48.34,2017-03-21,주식,해외,합성(패시브),배당소득세(보유기간과세),MSCI Russia 25% Capped Price Return Index,기타,광범위지수,일반,20260807
152500,KR7152500005,ACE 레버리지,한국투자신탁운용,0.3,40920000000,37200,37117.43,2012-01-27,주식,국내,실물(패시브),배당소득세(보유기간과세),코스피 200,한국,광범위지수,일반,20260807
0153P0,KR70153P0000,ACE 리츠부동산인프라액티브,한국투자신탁운용,0.06,15088000000,9430,9490.98,2026-01-20,부동산,국내,실물(액티브),배당소득세(분리과세부동산ETF),FnGuide 맥쿼리인프라 배당 리츠 지수 (시장가격),한국,리츠·부동산,일반,20260807
483330,KR7483330007,ACE 마이크로소프트밸류체인액티브,한국투자신탁운용,0.45,19513000000,15010,14892.99,2024-06-11,주식,해외,실물(액티브),배당소득세(보유기간과세),KEDI 글로벌생성형AI 지수,글로벌,AI·테크,일반,20260807
487340,KR7487340002,ACE 머니마켓액티브,한국투자신탁운용,0.05,683109210000,105630,105610.87,2024-07-09,채권,국내,실물(액티브),배당소득세(보유기간과세),MK-KAP 머니마켓 총수익지수,한국,기타,일반,20260807
0085P0,KR70085P0003,ACE 미국10년국채액티브,한국투자신탁운용,0.15,105840000000,10080,10075.43,2025-07-22,채권,해외,실물(액티브),배당소득세(보유기간과세),ICE U.S. Treasury 7-10 Year Bond Index (Total Return),미국,채권·금리,일반,20260807
0085N0,KR70085N0005,ACE 미국10년국채액티브(H),한국투자신탁운용,0.15,36112000000,9760,9759.35,2025-07-22,채권,해외,실물(액티브),배당소득세(보유기간과세),ICE U.S. Treasury 7-10 Year Bond Index (Total Return),미국,채권·금리,일반,20260807
452250,KR7452250004,ACE 미국30년국채선물레버리지(합성 H),한국투자신탁운용,0.25,36812500000,4750,4780.01,2023-02-07,채권,해외,합성(패시브),배당소득세(보유기간과세),S&P Ultra T-Bond Futures Index(ER),기타,채권·금리,일반,20260807
476760,KR7476760004,ACE 미국30년국채액티브,한국투자신탁운용,0.05,353045000000,9170,9168.47,2024-03-12,채권,해외,실물(액티브),배당소득세(보유기간과세),Bloomberg U.S Treasury 20+ Year Total Return Index,미국,채권·금리,일반,20260807
453850,KR7453850000,ACE 미국30년국채액티브(H),한국투자신탁운용,0.05,1509665500000,7165,7177.53,2023-03-14,채권,해외,실물(액티브),배당소득세(보유기간과세),Bloomberg U.S Treasury 20+ Year Total Return Index,미국,채권·금리,일반,20260807
476750,KR7476750005,ACE 미국30년국채엔화노출액티브(H),한국투자신탁운용,0.15,62127000000,7670,7686.99,2024-03-12,채권,해외,실물(액티브),배당소득세(보유기간과세),Bloomberg U.S. Treasury 20+ Year Total Return Index T1530 JPY Currency Hedged,미국,채권·금리,일반,20260807
480030,KR7480030006,ACE 미국500데일리타겟커버드콜(합성),한국투자신탁운용,0.45,159144000000,10470,10390.53,2024-04-23,주식,해외,합성(패시브),배당소득세(보유기간과세),Bloomberg US 500 Large Cap Premium Decrement 15% Distribution Index,미국,기타,커버드콜,20260807
0118Z0,KR70118Z0002,ACE 미국AI테크핵심산업액티브,한국투자신탁운용,0.45,53875250000,8905,8853.21,2025-10-28,주식,해외,실물(액티브),배당소득세(보유기간과세),Akros U.S. AI Innovator Price Return Index,미국,AI·테크,일반,20260807
280320,KR7280320003,ACE 미국IT인터넷(합성 H),한국투자신탁운용,0.5,17044000000,21305,21319.52,2017-10-17,주식,해외,합성(패시브),배당소득세(보유기간과세),다우존스 인터넷 종합지수,미국,AI·테크,일반,20260807
438080,KR7438080004,ACE 미국S&P500미국채혼합50액티브,한국투자신탁운용,0.15,1237508000000,14440,14420.05,2022-08-26,혼합자산,해외,실물(액티브),배당소득세(보유기간과세),S&P 500 and Short-Term Treasury 50/50 Blend Index,미국,채권·금리,인버스,20260807
360200,KR7360200000,ACE 미국S&P500,한국투자신탁운용,0.004,4028128000000,27365,27345.73,2020-08-07,주식,해외,실물(패시브),배당소득세(보유기간과세),S&P 500,미국,광범위지수,일반,20260807
0155M0,KR70155M0001,ACE 미국SMR원자력TOP10,한국투자신탁운용,0.45,30108250000,7255,7152.72,2026-02-03,주식,해외,실물(패시브),배당소득세(보유기간과세),Solactive US SMR Nuclear TOP 10 Index (Price Return),미국,에너지·원자력,일반,20260807
309230,KR7309230001,ACE 미국WideMoat동일가중,한국투자신탁운용,0.4,116827500000,31575,31555.75,2018-10-25,주식,해외,실물(패시브),배당소득세(보유기간과세),MorningStar Wide Moat Focus Index,기타,기타,일반,20260807
438100,KR7438100000,ACE 미국나스닥100미국채혼합50액티브,한국투자신탁운용,0.15,931618500000,15605,15553.75,2022-08-26,혼합자산,해외,실물(액티브),배당소득세(보유기간과세),NASDAQ-100 US T-Bills 50/50 Index,미국,기타,일반,20260807
367380,KR7367380003,ACE 미국나스닥100,한국투자신탁운용,0.006,3494574000000,31740,31641.76,2020-10-29,주식,해외,실물(패시브),배당소득세(보유기간과세),NASDAQ 100,미국,광범위지수,일반,20260807
456880,KR7456880004,ACE 미국달러SOFR금리(합성),한국투자신탁운용,0.05,342543600000,12420,12416.31,2023-04-25,기타,해외,합성(패시브),배당소득세(보유기간과세),Solactive SOFR Daily Total Return Index,미국,채권·금리,일반,20260807
440650,KR7440650000,ACE 미국달러단기채권액티브,한국투자신탁운용,0.3,42750000000,11875,11858.72,2022-08-23,채권,해외,실물(액티브),배당소득세(보유기간과세),Bloomberg Short-Term Treasury Total Return Index,미국,채권·금리,인버스,20260807
0127M0,KR70127M0006,ACE 미국대형가치주액티브,한국투자신탁운용,0.3,153873000000,12510,12473.92,2025-11-11,주식,해외,실물(액티브),배당소득세(보유기간과세),CRSP US Large Cap Value Index(PR),미국,기타,일반,20260807
0127P0,KR70127P0003,ACE 미국대형성장주액티브,한국투자신탁운용,0.3,689337000000,10890,10854.24,2025-11-11,주식,해외,실물(액티브),배당소득세(보유기간과세),CRSP US Large Cap Growth Index(PR),미국,광범위지수,일반,20260807
480040,KR7480040005,ACE 미국반도체데일리타겟커버드콜(합성),한국투자신탁운용,0.45,188880000000,15740,15616.46,2024-04-23,주식,해외,합성(패시브),배당소득세(보유기간과세),Bloomberg US Listed Semiconductor Premium Decrement 15% Distribution Index,미국,반도체,커버드콜,20260807
402970,KR7402970008,ACE 미국배당다우존스,한국투자신탁운용,0.01,947715000000,15410,15376.61,2021-10-21,주식,해외,실물(패시브),배당소득세(보유기간과세),Dow Jones U.S. Dividend 100 Price Return Index,미국,배당주,일반,20260807
0049M0,KR70049M0001,ACE 미국배당퀄리티+커버드콜액티브,한국투자신탁운용,0.15,79494250000,11605,11570.06,2025-05-13,주식,해외,실물(액티브),배당소득세(보유기간과세),Bloomberg WisdomTree U.S. Quality Dividend & B500 Premium Decrement 50:50 Index,미국,배당주,커버드콜,20260807
0046Y0,KR70046Y0000,ACE 미국배당퀄리티,한국투자신탁운용,0.15,55207500000,12990,12957.88,2025-05-13,주식,해외,실물(패시브),배당소득세(보유기간과세),WisdomTree U.S. Quality Dividend Growth Index (Price Return),미국,배당주,일반,20260807
0049K0,KR70049K0003,ACE 미국배당퀄리티채권혼합50,한국투자신탁운용,0.15,25503750000,11335,11291.06,2025-05-13,혼합자산,국내&해외,실물(패시브),배당소득세(보유기간과세),Bloomberg WisdomTree U.S. Quality Dividend & Short Term KRW Bonds 50:50 TR Index,미국,채권·금리,인버스,20260807
181480,KR7181480005,ACE 미국부동산리츠(합성 H),한국투자신탁운용,0.3,10217400000,85145,85795.2,2013-08-01,부동산,해외,합성(패시브),배당소득세(분리과세부동산ETF),Dow Jones U.S. Real Estate Index,미국,리츠·부동산,일반,20260807
480020,KR7480020007,ACE 미국빅테크7+데일리타겟커버드콜(합성),한국투자신탁운용,0.45,162400000000,11200,11097.61,2024-04-23,주식,해외,합성(패시브),배당소득세(보유기간과세),Bloomberg US Big Tech Top 7 Plus Premium Decrement 15% Distribution Index,미국,AI·테크,커버드콜,20260807
465610,KR7465610004,ACE 미국빅테크TOP7 Plus레버리지(합성),한국투자신탁운용,0.6,109200000000,45500,45204.2,2023-09-12,주식,해외,합성(패시브),배당소득세(보유기간과세),Solactive US Big Tech Top 7 Plus Price Return Index,미국,AI·테크,일반,20260807
465620,KR7465620003,ACE 미국빅테크TOP7 Plus인버스(합성),한국투자신탁운용,0.6,1567500000,6270,6312.39,2023-09-12,주식,해외,합성(패시브),배당소득세(보유기간과세),Solactive US Big Tech Top 7 Plus Price Return Index,미국,AI·테크,일반,20260807
465580,KR7465580009,ACE 미국빅테크TOP7 Plus,한국투자신탁운용,0.3,1065664750000,25045,24996.79,2023-09-12,주식,해외,실물(패시브),배당소득세(보유기간과세),Solactive US Big Tech Top 7 Plus Price Return Index,미국,AI·테크,일반,20260807
0180V0,KR70180V0009,ACE 미국우주테크액티브,한국투자신탁운용,0.8,155476000000,8270,8210.48,2026-04-14,주식,해외,실물(액티브),배당소득세(보유기간과세),FnGuide 미국스페이스테크 지수(시장가격),미국,AI·테크,일반,20260807
473590,KR7473590008,ACE 미국주식베스트셀러,한국투자신탁운용,0.3,40117000000,18235,18066.61,2023-12-27,주식,해외,실물(패시브),배당소득세(보유기간과세),FnGuide 미국 주식 베스트셀러 지수(시장가격지수),미국,기타,일반,20260807
0008E0,KR70008E0000,ACE 미국중심중소형제조업,한국투자신탁운용,0.45,12658750000,13325,13342.35,2025-01-21,주식,해외,실물(패시브),배당소득세(보유기간과세),NYSE FactSet US Focus Manufacturing Index(Price Return),미국,기타,일반,20260807
391600,KR7391600004,ACE 미국친환경그린테마,한국투자신탁운용,0.7,4990500000,11090,11036.39,2021-08-05,주식,해외,실물(패시브),배당소득세(보유기간과세),Indxx US Green Infrastructure Price return Index,미국,기타,일반,20260807
455660,KR7455660001,ACE 미국하이일드액티브(H),한국투자신탁운용,0.24,62502000000,9470,9451.98,2023-04-18,채권,해외,실물(액티브),배당소득세(보유기간과세),iBoxx USD Liquid High Yield Total Return Index,기타,기타,일반,20260807
245710,KR7245710009,ACE 베트남VN30(합성),한국투자신탁운용,0.7,281603000000,28735,28939.09,2016-07-01,주식,해외,합성(패시브),배당소득세(보유기간과세),VN30 Index(PR),베트남,기타,일반,20260807
131890,KR7131890006,ACE 삼성그룹동일가중,한국투자신탁운용,0.15,15674000000,39185,39416.65,2010-09-17,주식,국내,실물(패시브),비과세,MKF SAMs EW 지수,한국,기타,일반,20260807
108450,KR7108450008,ACE 삼성그룹섹터가중,한국투자신탁운용,0.15,81895000000,37225,37291.89,2009-02-03,주식,국내,실물(패시브),비과세,MKF SAMs SW,한국,기타,일반,20260807
0194M0,KR70194M0004,ACE 삼성전자단일종목레버리지,한국투자신탁운용,0.09,45472000000,8960,8918.89,2026-05-27,주식,국내,실물(패시브),배당소득세(보유기간과세),KRX 삼성전자 지수,한국,개별종목,일반,20260807
226380,KR7226380004,ACE Fn성장소비주도주,한국투자신탁운용,0.5,4196500000,5995,5982.32,2015-08-19,주식,국내,실물(패시브),비과세,FnGuide 성장소비주도 지수,한국,소비재,일반,20260807
316300,KR7316300003,ACE 싱가포르리츠,한국투자신탁운용,0.4,6720000000,13440,13626.88,2019-01-29,부동산,해외,실물(패시브),배당소득세(분리과세부동산ETF),Morningstar Singapore REIT Yield Focus Index(PR),기타,리츠·부동산,일반,20260807
277540,KR7277540001,ACE 아시아TOP50,한국투자신탁운용,0.7,25068000000,31335,31102.12,2017-08-23,주식,국내&해외,실물(패시브),배당소득세(보유기간과세),S&P ASIA50 Price Return Index,국내+해외,기타,일반,20260807
483320,KR7483320008,ACE 엔비디아밸류체인액티브,한국투자신탁운용,0.45,285948000000,24440,24254.2,2024-06-11,주식,해외,실물(액티브),배당소득세(보유기간과세),KEDI 글로벌AI반도체 지수,글로벌,반도체,일반,20260807
448540,KR7448540005,ACE 엔비디아채권혼합,한국투자신탁운용,0.07,231768000000,26640,26614.34,2022-11-29,혼합자산,국내&해외,실물(패시브),배당소득세(보유기간과세),Bloomberg Blended NVIDIA Equity and Korean Bond Index,미국,개별종목,일반,20260807
0099L0,KR70099L0001,ACE 우량회사채(AA-이상)액티브,한국투자신탁운용,0.095,166282470000,99630,99603.74,2025-09-09,채권,국내,실물(액티브),배당소득세(보유기간과세),KIS 1~3년 우량크레딧(AA-이상) 총수익지수,한국,채권·금리,일반,20260807
433500,KR7433500006,ACE 원자력TOP10,한국투자신탁운용,0.3,213097500000,51975,52182.35,2022-06-28,주식,국내,실물(패시브),비과세,DeepSearch 원자력 TOP 10지수,한국,에너지·원자력,일반,20260807
0102X0,KR70102X0002,ACE 유럽방산TOP10,한국투자신탁운용,0.35,6464250000,9945,10000.34,2025-09-23,주식,해외,실물(패시브),배당소득세(보유기간과세),NYSE FactSet Europe Defense TOP10 Index (Price Return),미국,방산·우주,일반,20260807
487920,KR7487920001,ACE 인도시장대표BIG5그룹액티브,한국투자신탁운용,0.45,8400000000,8400,8445.94,2024-09-10,주식,해외,실물(액티브),배당소득세(보유기간과세),Indxx India Big 5 Conglomerates Index (Price Return),인도,기타,일반,20260807
487910,KR7487910002,ACE 인도컨슈머파워액티브,한국투자신탁운용,0.45,10632000000,8860,8884.56,2024-09-10,주식,해외,실물(액티브),배당소득세(보유기간과세),Indxx India Super Consumption Index (Price Return),인도,기타,일반,20260807
145670,KR7145670006,ACE 인버스,한국투자신탁운용,0.15,3295900000,1433,1448.62,2011-09-08,주식,국내,실물(패시브),배당소득세(보유기간과세),코스피 200 선물지수,한국,광범위지수,일반,20260807
497520,KR7497520007,ACE 일라이릴리밸류체인,한국투자신탁운용,0.45,8583250000,13205,13231.27,2024-11-19,주식,해외,실물(패시브),배당소득세(보유기간과세),Solactive Eli Lilly Value Chain Index(PR),기타,기타,일반,20260807
196030,KR7196030001,ACE 일본TOPIX레버리지(H),한국투자신탁운용,0.5,44500000000,89000,88557.57,2014-06-16,주식,해외,실물(패시브),배당소득세(보유기간과세),TOPIX,일본,광범위지수,일반,20260807
238720,KR7238720007,ACE 일본Nikkei225(H),한국투자신탁운용,0.3,42741000000,47490,47791.25,2016-03-03,주식,해외,실물(패시브),배당소득세(해외주식투자전용ETF),Nikkei 225,일본,기타,일반,20260807
469160,KR7469160006,ACE 일본반도체,한국투자신탁운용,0.45,23233500000,25815,26176.23,2023-10-17,주식,해외,실물(패시브),배당소득세(보유기간과세),Bloomberg Japan Semiconductor Select Top 25 Index(Price Return),일본,반도체,일반,20260807
205720,KR7205720006,ACE 일본TOPIX인버스(합성 H),한국투자신탁운용,0.5,4392000000,1464,1474.1,2014-09-29,주식,해외,합성(패시브),배당소득세(보유기간과세),TOPIX,일본,광범위지수,일반,20260807
356540,KR7356540005,ACE 종합채권(AA-이상)액티브,한국투자신탁운용,0.02,1001829390000,101410,101409.86,2020-07-21,채권,국내,실물(액티브),배당소득세(보유기간과세),KIS 종합채권 AA-이상 총수익 지수(Total return Index),한국,채권·금리,일반,20260807
447430,KR7447430000,ACE 주주환원가치주액티브,한국투자신탁운용,0.7,48586500000,16470,16393.88,2022-11-15,주식,국내,실물(액티브),배당소득세(보유기간과세),FnGuide 올라운드 가치주 지수,한국,기타,일반,20260807
416090,KR7416090009,ACE 중국과창판STAR50,한국투자신탁운용,0.5,20760000000,13840,13545.79,2022-01-13,주식,해외,실물(패시브),배당소득세(보유기간과세),STAR 50 Index(Price Return),기타,기타,일반,20260807
168580,KR7168580009,ACE 중국본토CSI300,한국투자신탁운용,0.7,111758400000,35820,35671.66,2012-11-29,주식,해외,실물(패시브),배당소득세(해외주식투자전용ETF),CSI 300 Index,중국,광범위지수,일반,20260807
219900,KR7219900008,ACE 중국본토CSI300레버리지(합성),한국투자신탁운용,0.5,6405000000,4575,4545.0,2015-05-28,주식,해외,합성(패시브),배당소득세(보유기간과세),CSI 300 Index,중국,광범위지수,일반,20260807
272910,KR7272910001,ACE 중장기국공채액티브,한국투자신탁운용,0.08,73031535000,106305,106263.13,2017-06-29,채권,국내,실물(액티브),배당소득세(보유기간과세),KIS 종합채권국공채1-10Y지수,한국,채권·금리,일반,20260807
0087F0,KR70087F0003,ACE 차이나AI빅테크TOP2+액티브,한국투자신탁운용,0.45,6527500000,13055,12924.89,2025-07-29,주식,해외,실물(액티브),배당소득세(보유기간과세),Solactive China AI Big Tech TOP2+ Index (Price Return),중국,AI·테크,일반,20260807
371870,KR7371870007,ACE 차이나항셍테크,한국투자신탁운용,0.25,11760000000,7350,7303.17,2020-12-16,주식,해외,실물(패시브),배당소득세(보유기간과세),Hang Seng TECH Index,중국,AI·테크,일반,20260807
0209Z0,KR70209Z0002,ACE 코리아AI전력TOP10,한국투자신탁운용,0.39,34441000000,6820,6807.04,2026-06-23,주식,국내,실물(패시브),비과세,Akros 코리아 AI전력 TOP 10 지수 (시장가격),한국,AI·테크,일반,20260807
380340,KR7380340000,ACE 코리아AI테크핵심산업,한국투자신탁운용,0.35,31206000000,26005,26133.78,2021-04-02,주식,국내,실물(패시브),비과세,FnGuide 코리아AI테크핵심산업지수 (Price Return),한국,AI·테크,일반,20260807
496120,KR7496120007,ACE 코리아밸류업,한국투자신탁운용,0.09,23497500000,31330,31307.61,2024-11-04,주식,국내,실물(패시브),비과세,코리아 밸류업 지수,한국,배당주,일반,20260807
354500,KR7354500001,ACE 코스닥150,한국투자신탁운용,0.02,145485000000,13725,13730.92,2020-05-07,주식,국내,실물(패시브),비과세,코스닥 150,한국,광범위지수,일반,20260807
305050,KR7305050007,ACE 코스피,한국투자신탁운용,0.02,38898000000,64830,64995.5,2018-10-05,주식,국내,실물(패시브),비과세,코스피,한국,광범위지수,일반,20260807
457480,KR7457480002,ACE 테슬라밸류체인액티브,한국투자신탁운용,0.29,737052750000,17955,17798.67,2023-05-16,주식,해외,실물(액티브),배당소득세(보유기간과세),Bloomberg EV Supporters Plus Tesla Price Return Index,미국,개별종목,일반,20260807
469170,KR7469170005,ACE 포스코그룹포커스,한국투자신탁운용,0.3,114168000000,5680,5693.7,2023-10-17,주식,국내,실물(패시브),비과세,FnGuide 포스코그룹포커스 지수(시장가격),한국,기타,일반,20260807
491220,KR7491220000,PLUS 200TR,한화자산운용,0.01,52605000000,116900,116349.8,2024-09-10,주식,국내,실물(패시브),배당소득세(보유기간과세),코스피 200 TR,한국,광범위지수,일반,20260807
152100,KR7152100004,PLUS 200,한화자산운용,0.017,1382368500000,99810,99429.75,2012-01-10,주식,국내,실물(패시브),비과세,코스피 200,한국,광범위지수,일반,20260807
253150,KR7253150007,PLUS 200선물레버리지,한화자산운용,0.06,42112500000,168450,168268.47,2016-09-29,주식,국내,실물(패시브),배당소득세(보유기간과세),코스피 200 선물지수,한국,광범위지수,일반,20260807
253160,KR7253160006,PLUS 200선물인버스2X,한화자산운용,0.06,1359300000,197,197.8,2016-09-22,주식,국내,실물(패시브),배당소득세(보유기간과세),코스피 200 선물지수,한국,광범위지수,일반,20260807
0203D0,KR70203D0004,PLUS 200위클리커버드콜채권혼합,한화자산운용,0.39,9476500000,8615,8611.96,2026-06-02,혼합자산,국내,실물(패시브),배당소득세(보유기간과세),코스피 200 KTB 혼합 위클리 고정 10% 커버드콜 지수,한국,채권·금리,커버드콜,20260807
0210E0,KR70210E0004,PLUS 200커버드콜액티브,한화자산운용,0.491,51000000000,6800,6788.29,2026-06-23,주식,국내,실물(액티브),배당소득세(보유기간과세),코스피 200 위클리 고정 30% 커버드콜 지수,한국,광범위지수,커버드콜,20260807
395750,KR7395750003,PLUS ESG가치주액티브,한화자산운용,0.105,7572000000,18930,19012.7,2021-07-30,주식,국내,실물(액티브),배당소득세(보유기간과세),FnGuide 한화 ESG 가치 지수,한국,광범위지수,일반,20260807
395760,KR7395760002,PLUS ESG성장주액티브,한화자산운용,0.105,11628000000,19380,19492.68,2021-07-30,주식,국내,실물(액티브),배당소득세(보유기간과세),FnGuide 한화 ESG 성장 지수,한국,광범위지수,일반,20260807
453010,KR7453010001,PLUS KOFR금리,한화자산운용,0.05,14693100000,109650,109673.66,2023-03-14,기타,국내,실물(패시브),배당소득세(보유기간과세),KOFR 지수,한국,채권·금리,일반,20260807
227830,KR7227830007,PLUS 코스피,한화자산운용,0.2,16202500000,64810,64767.85,2015-09-23,주식,국내,실물(패시브),비과세,코스피,한국,광범위지수,일반,20260807
122090,KR7122090004,PLUS 코스피50,한화자산운용,0.33,169600200000,73420,73129.58,2010-01-07,주식,국내,실물(패시브),비과세,코스피 50,한국,광범위지수,일반,20260807
429740,KR7429740004,PLUS K리츠,한화자산운용,0.25,6754000000,6140,6161.62,2022-05-24,부동산,국내,실물(패시브),비과세(분리과세부동산ETF),FnGuide 리츠 지수,한국,리츠·부동산,일반,20260807
0104G0,KR70104G0001,PLUS K방산레버리지,한화자산운용,0.5,17569500000,6890,6893.86,2025-09-30,주식,국내,실물(패시브),배당소득세(보유기간과세),FnGuide K-방위산업 지수,한국,방산·우주,일반,20260807
0090B0,KR70090B0002,PLUS K방산소부장,한화자산운용,0.45,15246000000,6930,6899.63,2025-08-26,주식,국내,실물(패시브),비과세,Akros K방산소부장 지수(PR),한국,방산·우주,일반,20260807
449450,KR7449450006,PLUS K방산,한화자산운용,0.45,1105607250000,56265,56196.63,2023-01-05,주식,국내,실물(패시브),비과세,FnGuide K-방위산업 지수,한국,방산·우주,일반,20260807
0166S0,KR70166S0002,PLUS K제조업핵심기업액티브,한화자산운용,0.63,52682000000,9940,9921.55,2026-03-24,주식,국내,실물(액티브),배당소득세(보유기간과세),Akros K제조업 50 지수,한국,기타,일반,20260807
269540,KR7269540001,PLUS 미국S&P500(H),한화자산운용,0.3,90750000000,30250,30190.85,2017-05-16,주식,해외,실물(패시브),배당소득세(해외주식투자전용ETF),S&P 500,미국,광범위지수,일반,20260807
269530,KR7269530002,PLUS S&P글로벌인프라,한화자산운용,0.3,12486000000,20810,20723.0,2017-05-16,주식,해외,실물(패시브),배당소득세(해외주식투자전용ETF),S&P Global Infrastructure Index,글로벌,기타,일반,20260807
0226A0,KR70226A0000,PLUS SK하이닉스샌디스크채권혼합50,한화자산운용,0.25,49200000000,9840,9817.61,2026-08-04,혼합자산,국내&해외,실물(패시브),배당소득세(보유기간과세),Akros SK하이닉스 샌디스크 채권혼합 50 지수,국내+해외,개별종목,혼합,20260807
251590,KR7251590006,PLUS 고배당저변동50,한화자산운용,0.23,12124000000,17320,17368.24,2016-08-11,주식,국내,실물(패시브),비과세,FnGuide 고배당저변동50 지수,한국,배당주,일반,20260807
161510,KR7161510003,PLUS 고배당주,한화자산운용,0.23,2389863000000,25130,25196.98,2012-08-29,주식,국내,실물(패시브),비과세,FnGuide 배당주 지수,한국,배당주,일반,20260807
0018C0,KR70018C0000,PLUS 고배당주위클리고정커버드콜,한화자산운용,0.3,76492500000,10850,10877.73,2025-03-05,주식,국내,실물(패시브),배당소득세(보유기간과세),코스피 고배당 위클리 고정 커버드콜 지수,한국,배당주,커버드콜,20260807
489030,KR7489030007,PLUS 고배당주위클리커버드콜,한화자산운용,0.3,297366750000,6705,6719.19,2024-08-13,주식,국내,실물(패시브),배당소득세(보유기간과세),코스피 고배당 위클리 콜매도 ATM 지수,한국,배당주,일반,20260807
251600,KR7251600003,PLUS 고배당주채권혼합,한화자산운용,0.2,596370000000,15450,15458.45,2016-08-11,혼합자산,국내,실물(패시브),배당소득세(보유기간과세),FnGuide 고배당 채권혼합 지수,한국,채권·금리,혼합,20260807
461460,KR7461460008,PLUS 국고채10년액티브,한화자산운용,0.045,83954720000,51760,51697.02,2023-07-18,채권,국내,실물(액티브),배당소득세(보유기간과세),KAP 국고채 10년 동일가중 지수(총수익),한국,채권·금리,일반,20260807
451600,KR7451600001,PLUS 국고채30년액티브,한화자산운용,0.05,11634040000,84920,84841.94,2023-02-07,채권,국내,실물(액티브),배당소득세(보유기간과세),KAP 국고채 30년 지수(총수익),한국,채권·금리,일반,20260807
491230,KR7491230009,PLUS 국공채머니마켓액티브,한화자산운용,0.05,112797080000,52415,52402.78,2024-09-10,채권,국내,실물(액티브),배당소득세(보유기간과세),KAP 국공채 MMF 지수(총수익),한국,채권·금리,일반,20260807
289670,KR7289670002,PLUS 국채선물10년,한화자산운용,0.05,5867680000,52390,52376.07,2018-02-07,채권,국내,실물(패시브),배당소득세(보유기간과세),10년국채선물지수,한국,채권·금리,일반,20260807
298340,KR7298340001,PLUS 국채선물3년,한화자산운용,0.1,56112480000,56565,56542.81,2018-06-08,채권,국내,실물(패시브),배당소득세(보유기간과세),국채선물지수,한국,채권·금리,일반,20260807
489010,KR7489010009,PLUS 글로벌AI인프라,한화자산운용,0.45,3183750000,21225,21009.73,2024-08-13,주식,해외,실물(패시브),배당소득세(보유기간과세),Solactive Global AI Infrastructure Index (PR),글로벌,AI·테크,일반,20260807
442580,KR7442580007,PLUS 글로벌HBM반도체,한화자산운용,0.5,1583030750000,92305,91783.26,2022-09-22,주식,해외,실물(패시브),배당소득세(보유기간과세),iSelect 글로벌HBM반도체 지수,글로벌,반도체,일반,20260807
496770,KR7496770009,PLUS 글로벌방산,한화자산운용,0.45,33600000000,19200,19188.26,2024-11-12,주식,해외,실물(패시브),배당소득세(보유기간과세),Solactive Global Defense Index(PR),글로벌,방산·우주,일반,20260807
419650,KR7419650007,PLUS 글로벌수소&차세대연료전지,한화자산운용,0.5,17473500000,5295,5291.21,2022-02-15,주식,해외,실물(패시브),배당소득세(보유기간과세),BlueStar Hydrogen and NextGen Fuel Cell Index (시장가격),기타,에너지·원자력,일반,20260807
0007G0,KR70007G0009,PLUS 글로벌원자력밸류체인,한화자산운용,0.39,41025000000,13675,13723.51,2025-01-14,주식,해외,실물(패시브),배당소득세(보유기간과세),Solactive Global Nuclear Energy Value Chain Index(PR),글로벌,에너지·원자력,일반,20260807
0166T0,KR70166T0001,PLUS 글로벌저작권핵심기업액티브,한화자산운용,0.45,7840000000,9800,9780.98,2026-03-31,주식,해외,실물(액티브),배당소득세(보유기간과세),iSelect 미국AI지적재산 지수(PR),미국,AI·테크,일반,20260807
0035T0,KR70035T0000,PLUS 글로벌휴머노이드로봇액티브,한화자산운용,0.45,96096000000,20020,20058.09,2025-04-15,주식,국내&해외,실물(액티브),배당소득세(보유기간과세),iSelect 글로벌휴머노이드로봇 (PR),글로벌,AI·테크,일반,20260807
415920,KR7415920008,PLUS 글로벌희토류&전략자원생산기업,한화자산운용,0.5,34404000000,7320,7135.62,2022-01-18,주식,해외,실물(패시브),배당소득세(보유기간과세),MVIS Global Rare Earth/Strategic Metals Index (Price Return),글로벌,기타,일반,20260807
0138Y0,KR70138Y0009,PLUS 금채권혼합,한화자산운용,0.15,97416000000,9840,9797.11,2025-12-16,혼합자산,국내&해외,실물(패시브),배당소득세(보유기간과세),Akros 미국 금현물 ETF 채권혼합 지수,미국,채권·금리,혼합,20260807
278620,KR7278620000,PLUS 단기채권액티브,한화자산운용,0.07,65135280000,118860,118859.01,2017-09-26,채권,국내,실물(액티브),배당소득세(보유기간과세),"KAP 투자적격 크레딧 채권 1년 지수(A- 이상,총수익)",한국,채권·금리,일반,20260807
477050,KR7477050009,PLUS 머니마켓액티브,한화자산운용,0.05,424530000000,53400,53397.09,2024-03-26,채권,국내,실물(액티브),배당소득세(보유기간과세),KAP 시가평가 MMF 지수(총수익),한국,채권·금리,일반,20260807
0050E0,KR70050E0007,PLUS 미국AI에이전트,한화자산운용,0.45,4455000000,8100,8091.08,2025-05-20,주식,해외,실물(패시브),배당소득세(보유기간과세),Solactive US AI Agents Index(PR),미국,AI·테크,일반,20260807
429760,KR7429760002,PLUS 미국S&P500,한화자산운용,0.07,42346500000,20165,20141.37,2022-05-31,주식,해외,실물(패시브),배당소득세(보유기간과세),S&P 500,미국,광범위지수,일반,20260807
0057H0,KR70057H0007,PLUS 미국S&P500미국채혼합50액티브,한화자산운용,0.15,81396000000,11970,11964.22,2025-06-10,혼합자산,해외,실물(액티브),배당소득세(보유기간과세),S&P 500 and U.S. Treasury Bill 0-3 Month 50/50 Blend Index (USD),미국,채권·금리,일반,20260807
494410,KR7494410004,PLUS 미국S&P500성장주,한화자산운용,0.006,32439000000,14745,14761.46,2024-10-22,주식,해외,실물(패시브),배당소득세(보유기간과세),S&P 500 Growth Index(PR),미국,광범위지수,일반,20260807
0153X0,KR70153X0000,PLUS 미국고배당주액티브,한화자산운용,0.23,22015500000,11290,11271.52,2026-01-27,주식,해외,실물(액티브),배당소득세(보유기간과세),Akros 미국 고배당주 20 지수,미국,배당주,일반,20260807
0089B0,KR70089B0005,PLUS 미국나스닥100미국채혼합50,한화자산운용,0.15,32158000000,11485,11463.54,2025-08-19,혼합자산,해외,실물(패시브),배당소득세(보유기간과세),Nasdaq-100 US T-Bills 1-3 Month 50/50 Index (USD),미국,기타,일반,20260807
287180,KR7287180004,PLUS 미국나스닥테크,한화자산운용,0.5,50481000000,56090,55790.04,2017-12-13,주식,해외,실물(패시브),배당소득세(해외주식투자전용ETF),NASDAQ 100 Technology Sector Index,미국,AI·테크,일반,20260807
332610,KR7332610005,PLUS 미국단기회사채(AAA~A),한화자산운용,0.315,12384480000,129005,128874.68,2019-08-20,채권,해외,실물(패시브),배당소득세(보유기간과세),ICE BofaAML 1-3 Year AAA-A US Corporate Index(총수익지수),미국,채권·금리,일반,20260807
456200,KR7456200005,PLUS 미국달러SOFR금리액티브(합성),한화자산운용,0.09,6750150000,61365,61269.17,2023-05-09,기타,해외,합성(액티브),배당소득세(보유기간과세),Solactive SOFR Daily Total Return Index,미국,채권·금리,일반,20260807
0078V0,KR70078V0004,PLUS 미국로보택시,한화자산운용,0.49,4915000000,9830,9862.48,2025-07-22,주식,해외,실물(패시브),배당소득세(보유기간과세),KEDI 미국로보택시 지수(PR),미국,기타,일반,20260807
494420,KR7494420003,PLUS 미국배당증가성장주데일리커버드콜,한화자산운용,0.39,16541000000,9730,9698.19,2024-10-22,주식,해외,실물(패시브),배당소득세(보유기간과세),Bloomberg U.S. Dividend Growth Partial Covered Call Index,미국,배당주,커버드콜,20260807
0023B0,KR70023B0004,PLUS 미국양자컴퓨팅TOP10,한화자산운용,0.45,33010000000,16505,16431.02,2025-03-11,주식,해외,실물(패시브),배당소득세(보유기간과세),iSelect 미국양자컴퓨팅 TOP10 (PR),미국,AI·테크,일반,20260807
332620,KR7332620004,PLUS 미국장기우량회사채,한화자산운용,0.315,17037570000,91110,90962.15,2019-08-20,채권,해외,실물(패시브),배당소득세(보유기간과세),ICE BofaAML 15+ Year AAA-A US Corporate Index(총수익지수),미국,채권·금리,일반,20260807
464470,KR7464470004,PLUS 미국채30년액티브,한화자산운용,0.15,40561400000,49225,49215.21,2023-08-22,채권,해외,실물(액티브),배당소득세(보유기간과세),ICE U.S. Treasury 20+ Year Bond Index(Total Return),미국,채권·금리,일반,20260807
461900,KR7461900003,PLUS 미국테크TOP10,한화자산운용,0.01,18472000000,23090,23001.18,2023-07-18,주식,해외,실물(패시브),배당소득세(보유기간과세),iSelect 미국 Tech 10 지수,미국,AI·테크,일반,20260807
0193K0,KR70193K0007,PLUS 삼성전자단일종목레버리지,한화자산운용,0.09,14797500000,9865,9788.27,2026-05-27,주식,국내,실물(패시브),배당소득세(보유기간과세),KRX 삼성전자 지수,한국,개별종목,일반,20260807
0193L0,KR70193L0006,PLUS 삼성전자선물단일종목인버스2X,한화자산운용,0.49,26300000000,13150,13289.71,2026-05-27,주식,국내,실물(패시브),배당소득세(보유기간과세),KRX 삼성전자 선물 지수,한국,개별종목,일반,20260807
238670,KR7238670004,PLUS 스마트베타Quality채권혼합,한화자산운용,0.2,4014000000,13380,13512.48,2016-02-24,혼합자산,국내,실물(패시브),배당소득세(보유기간과세),WISE-KAP 스마트베타 Quality 채권혼합지수,한국,채권·금리,혼합,20260807
256450,KR7256450008,PLUS 심천차이넥스트(합성),한화자산운용,0.5,7980000000,15960,15863.77,2016-11-08,주식,해외,합성(패시브),배당소득세(보유기간과세),SZSE ChiNext Price Index,기타,기타,일반,20260807
447660,KR7447660002,PLUS 애플채권혼합,한화자산운용,0.25,22687500000,13750,13755.72,2022-11-29,혼합자산,국내&해외,실물(패시브),배당소득세(보유기간과세),FnGuide 애플채권혼합 지수,미국,개별종목,혼합,20260807
239660,KR7239660004,PLUS 우량회사채50,한화자산운용,0.135,21879900000,121555,121573.91,2016-03-22,채권,국내,실물(패시브),배당소득세(보유기간과세),KOBI HALF CREDIT Index(총수익),한국,채권·금리,일반,20260807
421320,KR7421320003,PLUS 우주항공,한화자산운용,0.45,262006250000,28325,28407.69,2022-03-29,주식,국내,실물(패시브),비과세,iSelect 우주항공UAM 지수,한국,방산·우주,일반,20260807
0184N0,KR70184N0005,PLUS 은채권혼합,한화자산운용,0.15,8785000000,8785,8676.47,2026-05-12,혼합자산,국내&해외,실물(패시브),배당소득세(보유기간과세),Akros 은 채권혼합 지수,국내+해외,채권·금리,혼합,20260807
464920,KR7464920008,PLUS 일본반도체소부장,한화자산운용,0.5,31980000000,24600,24881.99,2023-08-31,주식,해외,실물(패시브),배당소득세(보유기간과세),Solactive Japan Semiconductor Materials and Equipment Index PR,일본,반도체,일반,20260807
489000,KR7489000000,PLUS 일본엔화초단기국채(합성),한화자산운용,0.19,20834000000,9470,9460.09,2024-08-13,채권,해외,합성(패시브),배당소득세(보유기간과세),KAP 일본 단기 국채 지수(총수익),일본,채권·금리,일반,20260807
0098N0,KR70098N0000,PLUS 자사주매입고배당주,한화자산운용,0.3,79345750000,13115,13140.59,2025-09-16,주식,국내,실물(패시브),비과세,FnGuide 고배당주 플러스 자사주 지수 (PR),한국,배당주,일반,20260807
433880,KR7433880002,PLUS TDF2060액티브 적격,한화자산운용,0.2,66080000000,18880,18892.89,2022-06-30,혼합자산,국내&해외,실물(액티브),배당소득세(보유기간과세),Morningstar Korea Lifetime Allocation Moderate 2060 Index (Gross Return),국내+해외,기타,일반,20260807
451000,KR7451000004,PLUS 종합채권(AA-이상)액티브,한화자산운용,0.045,402325845000,107545,107458.24,2023-01-10,채권,국내,실물(액티브),배당소득세(보유기간과세),"KAP 종합채권지수(AA-이상, 총수익)",한국,채권·금리,일반,20260807
280920,KR7280920000,PLUS 주도업종,한화자산운용,0.23,12221000000,22220,22220.35,2017-10-17,주식,국내,실물(패시브),비과세,FnGuide 주도업종 지수,한국,기타,일반,20260807
0184L0,KR70184L0007,PLUS 중기종합채권(A-이상)액티브,한화자산운용,0.06,104618800000,100595,100574.87,2026-05-12,채권,국내,실물(액티브),배당소득세(보유기간과세),KIS 중기종합채권(A-이상) 지수(총수익),한국,채권·금리,일반,20260807
266550,KR7266550003,PLUS 중형주저변동50,한화자산운용,0.23,4651250000,18605,18850.95,2017-03-28,주식,국내,실물(패시브),비과세,FnGuide 중형주저변동50지수,한국,기타,일반,20260807
0047N0,KR70047N0002,PLUS 차이나AI테크TOP10,한화자산운용,0.49,7549500000,10785,10591.75,2025-05-13,주식,해외,실물(패시브),배당소득세(보유기간과세),Solactive China AI Tech Top10 Index(PR),중국,AI·테크,일반,20260807
0128D0,KR70128D0006,PLUS 차이나항셍테크위클리타겟커버드콜,한화자산운용,0.39,5194000000,7420,7428.32,2025-11-18,주식,해외,실물(패시브),배당소득세(보유기간과세),HSTECH 15% Target Premium Weekly Covered Call Index,기타,기타,커버드콜,20260807
495040,KR7495040008,PLUS 코리아밸류업,한화자산운용,0.009,81991250000,29815,29928.54,2024-11-04,주식,국내,실물(패시브),비과세,코리아 밸류업 지수,한국,배당주,일반,20260807
0166N0,KR70166N0007,PLUS 코스닥150액티브,한화자산운용,0.63,26524000000,6980,6946.91,2026-03-17,주식,국내,실물(액티브),배당소득세(보유기간과세),코스닥 150,한국,광범위지수,일반,20260807
301400,KR7301400008,PLUS 코스닥150,한화자산운용,0.15,9590000000,13700,13737.34,2018-07-05,주식,국내,실물(패시브),비과세,코스닥 150,한국,광범위지수,일반,20260807
328370,KR7328370002,PLUS 코스피TR,한화자산운용,0.15,109042500000,35175,35199.32,2019-06-25,주식,국내,실물(패시브),배당소득세(보유기간과세),코스피 TR,한국,광범위지수,일반,20260807
457990,KR7457990000,PLUS 태양광&ESS,한화자산운용,0.45,131243500000,36970,37154.03,2023-06-20,주식,국내,실물(패시브),비과세,FnGuide 태양광 & ESS 지수,한국,에너지·원자력,일반,20260807
0132K0,KR70132K0001,PLUS 테슬라위클리커버드콜채권혼합,한화자산운용,0.39,104020750000,8095,8077.77,2025-12-09,주식,국내&해외,실물(패시브),배당소득세(보유기간과세),Akros 테슬라 위클리 커버드콜 채권혼합 지수,미국,개별종목,커버드콜,20260807
0000J0,KR70000J0003,PLUS 한화그룹주,한화자산운용,0.19,107796000000,27640,27758.88,2024-12-24,주식,국내,실물(패시브),비과세,FnGuide 한화그룹주 지수,한국,기타,일반,20260807
461910,KR7461910002,PLUS 미국테크TOP10레버리지(합성),한화자산운용,0.5,19627500000,39255,38783.26,2023-07-18,주식,해외,합성(패시브),배당소득세(보유기간과세),iSelect 미국 Tech 10 지수,미국,AI·테크,일반,20260807
213630,KR7213630007,PLUS 미국다우존스고배당주(합성 H),한화자산운용,0.4,19159000000,20825,20849.16,2015-01-26,주식,해외,합성(패시브),배당소득세(보유기간과세),Dow Jones U.S Select Dividend Index(시장가격지수),미국,배당주,일반,20260807
189400,KR7189400005,PLUS 글로벌MSCI(합성 H),한화자산운용,0.4,7797000000,25990,25958.9,2013-12-10,주식,해외,합성(패시브),배당소득세(보유기간과세),MSCI ACWI Index,글로벌,광범위지수,일반,20260807
195970,KR7195970009,PLUS 선진국MSCI(합성 H),한화자산운용,0.5,24111900000,16515,16606.25,2014-05-13,주식,해외,합성(패시브),배당소득세(보유기간과세),MSCI EAFE Index,기타,광범위지수,일반,20260807
195980,KR7195980008,PLUS 신흥국MSCI(합성 H),한화자산운용,0.5,94496000000,14765,14917.77,2014-05-13,주식,해외,합성(패시브),배당소득세(보유기간과세),MSCI EM Index,신흥국,광범위지수,일반,20260807
0184V0,KR70184V0005,UNICORN K바이오액티브,현대자산운용,0.51,6952000000,6320,6335.67,2026-05-12,주식,국내,실물(액티브),배당소득세(보유기간과세),FnGuide K-바이오 밸런스드 지수,한국,바이오·헬스케어,일반,20260807
433250,KR7433250008,UNICORN R&D 액티브,현대자산운용,0.355,5508750000,22035,21962.32,2022-07-06,주식,국내,실물(액티브),배당소득세(보유기간과세),코스피 200,한국,광범위지수,일반,20260807
494220,KR7494220007,UNICORN SK하이닉스밸류체인액티브,현대자산운용,0.5,150423500000,40655,40665.73,2024-11-07,주식,국내,실물(액티브),배당소득세(보유기간과세),FnGuide SK하이닉스밸류체인 지수,한국,개별종목,일반,20260807
470310,KR7470310004,UNICORN 생성형AI강소기업액티브,현대자산운용,0.5,5377500000,17925,17856.46,2023-11-21,주식,국내,실물(액티브),배당소득세(보유기간과세),iSelect AI 지수,한국,AI·테크,일반,20260807
476000,KR7476000005,UNICORN 포스트IPO액티브,현대자산운용,0.5,3058000000,5560,5517.89,2024-02-27,주식,국내,실물(액티브),배당소득세(보유기간과세),iSelect 포스트 IPO 지수,한국,기타,일반,20260807
491700,KR7491700001,HK 200,흥국자산운용,0.05,59145000000,98575,98779.56,2024-09-10,주식,국내,실물(패시브),비과세,코스피 200,한국,광범위지수,일반,20260807
0000Y0,KR70000Y0004,HK 26-12 회사채(AA-이상)액티브,흥국자산운용,0.065,123002550000,101655,101669.24,2024-12-24,채권,국내,실물(액티브),배당소득세(보유기간과세),KAP 26-12 크레딧 채권 총수익지수(AA-이상),한국,채권·금리,일반,20260807
215620,KR7215620006,HK S&P코리아로우볼,흥국자산운용,0.4,8748000000,16200,16357.07,2015-03-25,주식,국내,실물(패시브),비과세,S&P Korea 저변동성 지수,한국,기타,일반,20260807
0113P0,KR70113P0009,HK 머니마켓액티브,흥국자산운용,0.045,52949960000,102220,102216.54,2025-09-30,채권,국내,실물(액티브),배당소득세(보유기간과세),KAP 머니마켓 지수(총수익),한국,기타,일반,20260807
391670,KR7391670007,HK 베스트일레븐액티브,흥국자산운용,0.3,15471000000,25785,25701.74,2021-07-06,주식,국내,실물(액티브),배당소득세(보유기간과세),코스피 200,한국,광범위지수,일반,20260807
472920,KR7472920008,HK 종합채권(AA-이상)액티브,흥국자산운용,0.036,253683335000,98365,98296.04,2023-11-28,채권,국내,실물(액티브),배당소득세(보유기간과세),KAP 종합채권 AA- 이상 지수(총수익),한국,채권·금리,일반,20260807
