KRX코드,ISIN,종목명,운용사,총보수,시가총액,종가,NAV,상장일,자산분류,시장분류,운용방식,과세유형,기초지수명,투자지역,테마섹터,전략,기준일자
0193M0,KR70193M0005,BNK 27-12 특수채(AAA이상)액티브,비엔케이자산운용,0.07,106471610000,50365,50329.81,2026-06-16,채권,국내,실물(액티브),배당소득세(보유기간과세),KAP 27-12 특수채 총수익 지수(AAA이상),한국,채권·금리,일반,20260810
466810,KR7466810009,BNK 2차전지양극재,비엔케이자산운용,0.395,8402750000,5795,5776.65,2023-10-19,주식,국내,실물(패시브),비과세,iSelect 2차전지양극재 지수,한국,2차전지,일반,20260810
457930,KR7457930006,BNK 미래전략기술액티브,비엔케이자산운용,0.495,8158500000,27195,27098.99,2023-06-20,주식,국내,실물(액티브),배당소득세(보유기간과세),iSelect 미래전략기술 지수 (PR),한국,기타,일반,20260810
0218K0,KR70218K0008,BNK 스마트카,비엔케이자산운용,0.45,7976250000,10635,10615.51,2026-07-21,주식,국내,실물(패시브),비과세,FnGuide 스마트카 지수,한국,자동차,일반,20260810
487750,KR7487750002,BNK 온디바이스AI,비엔케이자산운용,0.395,11060000000,27650,27714.36,2024-07-23,주식,국내,실물(패시브),비과세,FnGuide 온디바이스AI 지수,한국,AI·테크,일반,20260810
445690,KR7445690001,BNK 주주가치액티브,비엔케이자산운용,0.495,17514000000,29190,29075.42,2022-10-27,주식,국내,실물(액티브),배당소득세(보유기간과세),FnGuide 주주가치 지수,한국,배당주,일반,20260810
0120J0,KR70120J0008,BNK 카카오그룹포커스,비엔케이자산운용,0.395,10212500000,8170,8161.37,2025-12-02,주식,국내,실물(패시브),비과세,FnGuide 카카오그룹 포커스 지수,한국,개별종목,일반,20260810
0112X0,KR70112X0000,마이티 200TR,디비자산운용,0.05,33183000000,36870,36922.14,2025-10-28,주식,국내,실물(패시브),배당소득세(보유기간과세),코스피 200 TR,한국,광범위지수,일반,20260810
465780,KR7465780005,마이티 26-09 특수채(AAA)액티브,디비자산운용,0.06,102313935000,106245,106232.57,2023-09-21,채권,국내,실물(액티브),배당소득세(보유기간과세),KAP 26-09 특수채 지수(총수익),한국,채권·금리,일반,20260810
0191M0,KR70191M0007,마이티 5월만기자동연장특수채(AAA)액티브,디비자산운용,0.06,41644260000,100590,100584.36,2026-06-02,채권,국내,실물(액티브),배당소득세(보유기간과세),KAP 5월 만기자동연장 특수채(AAA) 총수익 지수,한국,채권·금리,일반,20260810
0222F0,KR70222F0009,마이티 AI데이터센터밸류체인,디비자산운용,0.365,9796000000,12245,12213.67,2026-08-04,주식,국내,실물(패시브),비과세,KAP AI데이터센터밸류체인지수,한국,AI·테크,일반,20260810
442260,KR7442260006,마이티 다이나믹퀀트액티브,디비자산운용,0.295,42383200000,34180,34057.2,2022-10-25,주식,국내,실물(액티브),배당소득세(보유기간과세),코스피 200,한국,광범위지수,일반,20260810
0001P0,KR70001P0004,마이티 바이오시밀러&CDMO액티브,디비자산운용,0.805,11412800000,10190,10153.53,2024-12-24,주식,국내,실물(액티브),배당소득세(보유기간과세),FnGuide 바이오시밀러&CDMO 지수,한국,바이오·헬스케어,일반,20260810
159800,KR7159800002,마이티 코스피100,디비자산운용,0.375,21792400000,77830,77852.2,2012-07-05,주식,국내,실물(패시브),비과세,코스피 100,한국,광범위지수,일반,20260810
472840,KR7472840008,IBK 200,아이비케이자산운용,0.08,36495000000,97320,97786.9,2023-12-21,주식,국내,실물(패시브),비과세,코스피 200,한국,광범위지수,일반,20260810
0005G0,KR70005G0001,IBK K-AI반도체코어테크,아이비케이자산운용,0.28,155681250000,45125,45051.41,2025-01-21,주식,국내,실물(패시브),비과세,FnGuide K-AI반도체 코어테크 지수,한국,반도체,일반,20260810
0178H0,KR70178H0001,IBK 미국AI TOP10국채혼합50,아이비케이자산운용,0.25,46779000000,10060,10091.5,2026-04-28,혼합자산,국내&해외,실물(패시브),배당소득세(보유기간과세),FnGuide 미국AI TOP10국채혼합 지수,미국,AI·테크,혼합,20260810
0135Y0,KR70135Y0002,IBK 중기종합채권(AA-이상)액티브,아이비케이자산운용,0.041,113218420000,100460,100418.84,2025-12-16,채권,국내,실물(액티브),배당소득세(보유기간과세),"KIS 중기종합채권 (1~5Y, AA-이상, 총수익)",한국,채권·금리,일반,20260810
0221V0,KR70221V0000,IBK 초단기채권액티브,아이비케이자산운용,0.05,107129835000,100215,100222.38,2026-07-21,채권,국내,실물(액티브),배당소득세(보유기간과세),KIS 단기자금 총수익지수,한국,채권·금리,일반,20260810
0191S0,KR70191S0001,IBK 코스닥150,아이비케이자산운용,0.105,11029700000,14905,14878.87,2026-05-19,주식,국내,실물(패시브),비과세,코스닥 150,한국,광범위지수,일반,20260810
0208N0,KR70208N0007,IBK 코스피액티브,아이비케이자산운용,0.415,11261250000,6825,6825.94,2026-06-23,주식,국내,실물(액티브),배당소득세(보유기간과세),코스피,한국,광범위지수,일반,20260810
361580,KR7361580004,RISE 200TR,케이비자산운용,0.012,446760000000,55845,55868.81,2020-08-21,주식,국내,실물(패시브),배당소득세(보유기간과세),코스피 200 TR,한국,광범위지수,일반,20260810
290080,KR7290080001,RISE 200고배당커버드콜ATM,케이비자산운용,0.4,12617500000,7210,7367.94,2018-02-27,주식,국내,실물(패시브),배당소득세(보유기간과세),코스피 200 고배당커버드콜 ATM 지수(시장가격지수),한국,배당주,커버드콜,20260810
284980,KR7284980000,RISE 200금융,케이비자산운용,0.19,18236800000,22240,22208.75,2017-12-08,주식,국내,실물(패시브),비과세,코스피 200 금융,한국,금융,일반,20260810
252400,KR7252400007,RISE 200선물레버리지,케이비자산운용,0.022,58978500000,84255,84127.32,2016-09-12,주식,국내,실물(패시브),배당소득세(보유기간과세),코스피 200 선물지수,한국,광범위지수,일반,20260810
252420,KR7252420005,RISE 200선물인버스2X,케이비자산운용,0.022,5089800000,102,102.86,2016-09-22,주식,국내,실물(패시브),배당소득세(보유기간과세),코스피 200 선물지수,한국,광범위지수,일반,20260810
252410,KR7252410006,RISE 200선물인버스,케이비자산운용,0.022,2952000000,1476,1475.67,2016-09-12,주식,국내,실물(패시브),배당소득세(보유기간과세),코스피 200 선물지수,한국,광범위지수,일반,20260810
475720,KR7475720009,RISE 200위클리커버드콜,케이비자산운용,0.3,774410000000,11960,11940.11,2024-03-05,주식,국내,실물(패시브),배당소득세(보유기간과세),코스피 200 위클리 커버드콜 ATM 지수,한국,광범위지수,커버드콜,20260810
148020,KR7148020001,RISE 200,케이비자산운용,0.017,4200427500000,98950,98993.46,2011-10-20,주식,국내,실물(패시브),비과세,코스피 200,한국,광범위지수,일반,20260810
183700,KR7183700004,RISE 200채권혼합50,케이비자산운용,0.2,38797500000,92375,92040.45,2013-10-17,혼합자산,국내,실물(패시브),배당소득세(보유기간과세),코스피 200 KTB 혼합지수,한국,채권·금리,혼합,20260810
0122W0,KR70122W0009,RISE 26-11 회사채(AA-이상)액티브,케이비자산운용,0.05,113744110000,50915,50902.64,2025-11-18,채권,국내,실물(액티브),배당소득세(보유기간과세),KAP 26-11 회사채(AA-이상) 총수익지수,한국,채권·금리,일반,20260810
465330,KR7465330009,RISE 2차전지TOP10,케이비자산운용,0.07,63191125000,11135,11130.57,2023-09-12,주식,국내,실물(패시브),비과세,iSelect 2차전지 TOP10 지수(PR),한국,2차전지,일반,20260810
465350,KR7465350007,RISE 2차전지TOP10인버스(합성),케이비자산운용,0.49,34000000000,17000,17080.93,2023-09-12,주식,국내,합성(패시브),배당소득세(보유기간과세),iSelect 2차전지 TOP10 지수(PR),한국,2차전지,일반,20260810
422420,KR7422420000,RISE 2차전지액티브,케이비자산운용,0.35,212214400000,6640,6629.8,2022-04-08,주식,국내,실물(액티브),배당소득세(보유기간과세),iSelect 2차전지 지수 (시장가격지수),한국,2차전지,일반,20260810
105780,KR7105780001,RISE 5대그룹주,케이비자산운용,0.4,31800000000,15900,15916.38,2008-10-22,주식,국내,실물(패시브),비과세,MKF 5대그룹주,한국,광범위지수,일반,20260810
469070,KR7469070007,RISE AI&로봇,케이비자산운용,0.4,396270000000,11900,11890.47,2023-10-24,주식,국내,실물(패시브),비과세,iSelect AI&로봇 지수(시장가격),한국,AI·테크,일반,20260810
0093A0,KR70093A0000,RISE AI반도체TOP10,케이비자산운용,0.2,160062000000,28840,28791.12,2025-08-26,주식,국내,실물(패시브),비과세,FnGuide AI반도체TOP10 지수,한국,반도체,일반,20260810
0101N0,KR70101N0005,RISE AI전력인프라,케이비자산운용,0.2,606491000000,19315,19257.27,2025-09-23,주식,국내,실물(패시브),비과세,KRX-Akros AI 전력인프라 지수,한국,AI·테크,일반,20260810
427120,KR7427120001,RISE AI플랫폼,케이비자산운용,0.45,3445200000,5220,5248.0,2022-05-17,주식,국내,실물(패시브),비과세,FnGuide AI 플랫폼 지수,한국,AI·테크,일반,20260810
477080,KR7477080006,RISE CD금리액티브(합성),케이비자산운용,0.02,1671159330000,107270,107259.19,2024-03-26,기타,국내,합성(액티브),배당소득세(보유기간과세),FnGuide CD금리투자 지수(총수익),한국,채권·금리,일반,20260810
290130,KR7290130004,RISE ESG사회책임투자,케이비자산운용,0.3,599818500000,42390,42362.43,2018-02-27,주식,국내,실물(패시브),비과세,KRX ESG 사회책임경영지수(S),한국,광범위지수,일반,20260810
367770,KR7367770005,RISE 수소경제테마,케이비자산운용,0.45,121992000000,23460,23424.38,2020-10-29,주식,국내,실물(패시브),비과세,FnGuide 수소 경제 테마 지수,한국,에너지·원자력,일반,20260810
326240,KR7326240009,RISE IT플러스,케이비자산운용,0.4,102131200000,39895,39914.79,2019-06-20,주식,국내,실물(패시브),비과세,FnGuide IT플러스 지수,한국,AI·테크,일반,20260810
385560,KR7385560008,RISE KIS국고채30년Enhanced,케이비자산운용,0.05,742365450000,51650,51662.34,2021-05-26,채권,국내,실물(패시브),배당소득세(보유기간과세),KIS 국고채30년Enhanced지수(시장가격),한국,채권·금리,일반,20260810
479520,KR7479520009,RISE KOFR금리액티브(합성),케이비자산운용,0.02,1030592190000,106170,106177.18,2024-04-30,기타,국내,합성(액티브),배당소득세(보유기간과세),KOFR 지수,한국,채권·금리,일반,20260810
270800,KR7270800006,RISE KQ고배당,케이비자산운용,0.3,8750500000,15910,15950.09,2017-07-07,주식,국내,실물(패시브),비과세,FnGuide KQ고배당포커스 지수,한국,배당주,일반,20260810
292050,KR7292050002,RISE KRX300,케이비자산운용,0.05,15758750000,45025,44912.69,2018-03-26,주식,국내,실물(패시브),비과세,KRX 300,한국,광범위지수,일반,20260810
388280,KR7388280000,RISE K엔터&여행레저,케이비자산운용,0.45,24634400000,7420,7421.47,2021-06-10,주식,국내,실물(패시브),비과세,FnGuide K엔터&여행레저 지수,한국,게임·엔터,일반,20260810
0192L0,KR70192L0007,RISE SK하이닉스단일종목레버리지,케이비자산운용,0.09,32353125000,6375,6418.82,2026-05-27,주식,국내,실물(패시브),배당소득세(보유기간과세),KRX SK하이닉스 지수,한국,개별종목,일반,20260810
0013R0,KR70013R0008,RISE 테슬라미국채타겟커버드콜혼합(합성),케이비자산운용,0.25,27081000000,7965,7952.3,2025-02-18,혼합자산,해외,합성(패시브),배당소득세(보유기간과세),KEDI 테슬라미국30년국채15%타겟프리미엄 혼합지수(TR),미국,개별종목,커버드콜,20260810
234310,KR7234310001,RISE V&S셀렉트밸류,케이비자산운용,0.3,13710000000,27420,27406.27,2016-02-02,주식,국내,실물(패시브),비과세,FnGuide 셀렉트 밸류 지수,한국,광범위지수,일반,20260810
241390,KR7241390004,RISE V&S셀렉트밸류채권혼합,케이비자산운용,0.23,34199000000,15545,15520.46,2016-04-12,혼합자산,국내,실물(패시브),배당소득세(보유기간과세),FnGuide 셀렉트벨류 채권혼합지수,한국,채권·금리,혼합,20260810
401170,KR7401170006,RISE 메타버스,케이비자산운용,0.45,45639000000,11525,11488.64,2021-10-13,주식,국내,실물(패시브),비과세,iSelect 메타버스 지수(시장가격지수),한국,AI·테크,일반,20260810
300640,KR7300640000,RISE 게임테마,케이비자산운용,0.3,23270250000,6745,6741.72,2018-07-24,주식,국내,실물(패시브),비과세,WISE 게임 테마 지수 (시장가격지수),한국,게임·엔터,일반,20260810
266160,KR7266160001,RISE 고배당,케이비자산운용,0.2,194272000000,30355,30456.39,2017-04-14,주식,국내,실물(패시브),비과세,FnGuide 고배당포커스 지수,한국,배당주,일반,20260810
481430,KR7481430007,RISE 국고채10년액티브,케이비자산운용,0.012,86577440000,98720,98689.76,2024-05-21,채권,국내,실물(액티브),배당소득세(보유기간과세),KAP 국고채 10년 지수(총수익),한국,채권·금리,일반,20260810
282000,KR7282000009,RISE 국고채3년선물인버스,케이비자산운용,0.07,61528370000,114365,114367.1,2017-11-09,채권,국내,실물(패시브),배당소득세(보유기간과세),국채선물지수,한국,채권·금리,일반,20260810
114100,KR7114100001,RISE 국고채3년,케이비자산운용,0.115,100312100000,106715,106684.79,2009-07-29,채권,국내,실물(패시브),배당소득세(보유기간과세),KTB INDEX(시장가격),한국,채권·금리,일반,20260810
451670,KR7451670004,RISE 국채30년레버리지(합성),케이비자산운용,0.1,6062500000,12125,12120.88,2023-02-14,채권,국내,합성(패시브),배당소득세(보유기간과세),KAP 국채30년 TR 지수(총수익),한국,채권·금리,일반,20260810
295020,KR7295020002,RISE 국채선물10년인버스,케이비자산운용,0.07,43916800000,60160,60119.89,2018-05-11,채권,국내,실물(패시브),배당소득세(보유기간과세),10년국채선물지수,한국,채권·금리,일반,20260810
295000,KR7295000004,RISE 국채선물10년,케이비자산운용,0.07,5166500000,51665,51665.34,2018-05-11,채권,국내,실물(패시브),배당소득세(보유기간과세),10년국채선물지수,한국,채권·금리,일반,20260810
432600,KR7432600005,RISE 국채선물3년,케이비자산운용,0.07,5536000000,55360,55342.77,2022-06-14,채권,국내,실물(패시브),배당소득세(보유기간과세),국채선물지수,한국,채권·금리,일반,20260810
397420,KR7397420001,RISE 국채선물5년추종,케이비자산운용,0.07,304200000,50700,50698.22,2021-08-31,채권,국내,실물(패시브),배당소득세(보유기간과세),5년 국채선물 추종 지수,한국,채권·금리,일반,20260810
0114X0,KR70114X0008,RISE 글로벌게임테크TOP3Plus,케이비자산운용,0.4,6174000000,8820,8777.86,2025-10-21,주식,해외,실물(패시브),배당소득세(보유기간과세),Solactive-KEDI 글로벌 게임 테크 TOP3 플러스 지수,글로벌,AI·테크,일반,20260810
437370,KR7437370000,RISE 글로벌농업경제,케이비자산운용,0.4,7308000000,10440,10483.95,2022-07-29,주식,해외,실물(패시브),배당소득세(보유기간과세),MVIS Global Agribusiness Index(Price Return),글로벌,소비재,일반,20260810
375270,KR7375270006,RISE 글로벌데이터센터리츠(합성),케이비자산운용,0.4,9402250000,14465,14374.75,2021-01-14,부동산,해외,합성(패시브),배당소득세(분리과세부동산ETF),Kelly Data Center & Tech Infrastructure Net Total Return Index,기타,AI·테크,일반,20260810
475380,KR7475380002,RISE 글로벌리얼티인컴,케이비자산운용,0.01,28849500000,10685,10693.27,2024-02-20,부동산,해외,실물(패시브),배당소득세(분리과세부동산ETF),Solactive Global Realty Income Index(Price Return),글로벌,리츠·부동산,일반,20260810
476310,KR7476310008,RISE 글로벌비만산업TOP2+,케이비자산운용,0.35,5604500000,10190,10350.41,2024-02-27,주식,해외,실물(패시브),배당소득세(보유기간과세),KEDI 글로벌 비만 산업 Top2+ 지수(Price Return),글로벌,바이오·헬스케어,일반,20260810
417450,KR7417450004,RISE 글로벌수소경제,케이비자산운용,0.4,13723250000,16145,16263.96,2022-02-15,주식,해외,실물(패시브),배당소득세(보유기간과세),Indxx Hydrogen Economy Index (PR),기타,에너지·원자력,일반,20260810
442320,KR7442320008,RISE 글로벌원자력,케이비자산운용,0.4,232328600000,36995,36641.02,2022-10-13,주식,해외,실물(패시브),배당소득세(보유기간과세),iSelect 글로벌원자력 지수(시장가격),글로벌,에너지·원자력,일반,20260810
461490,KR7461490005,RISE 글로벌자산배분액티브,케이비자산운용,0.01,288638000000,14840,14861.62,2023-06-27,혼합자산,해외,실물(액티브),배당소득세(보유기간과세),Bloomberg Multi-Asset Weighted (KRW ETFs) 지수(시장가격),기타,자산배분·TDF,혼합,20260810
459750,KR7459750006,RISE 글로벌주식분산액티브,케이비자산운용,0.2,33210000000,18450,18478.85,2023-06-27,주식,해외,실물(액티브),배당소득세(보유기간과세),Bloomberg Global Equity Market Weighted Index(Price Return),글로벌,광범위지수,일반,20260810
399580,KR7399580000,RISE 글로벌클린에너지,케이비자산운용,0.4,9840000000,9840,9878.55,2021-10-21,주식,해외,실물(패시브),배당소득세(보유기간과세),S&P Global Clean Energy Transition Index (Price Return),글로벌,에너지·원자력,일반,20260810
276650,KR7276650009,RISE 글로벌테크놀로지(합성 H),케이비자산운용,0.4,35047500000,46730,46554.94,2017-08-17,주식,국내&해외,합성(패시브),배당소득세(보유기간과세),S&P Global 1200 Information Technology and Interactive Media & Services(PR),글로벌,AI·테크,일반,20260810
336160,KR7336160007,RISE 금융채액티브,케이비자산운용,0.07,47773740000,100365,100376.4,2019-10-29,채권,국내,실물(액티브),배당소득세(보유기간과세),KIS 종합채권금융채 2.5Y-3Y 지수 (총수익),한국,금융,일반,20260810
326230,KR7326230000,RISE 내수주플러스,케이비자산운용,0.4,7283200000,11380,11427.03,2019-06-20,주식,국내,실물(패시브),비과세,FnGuide 내수주플러스 지수,한국,광범위지수,일반,20260810
367760,KR7367760006,RISE 네트워크인프라,케이비자산운용,0.45,615935500000,52870,52903.63,2020-10-29,주식,국내,실물(패시브),비과세,FnGuide 네트워크 인프라 지수,한국,AI·테크,일반,20260810
272560,KR7272560004,RISE 단기국공채액티브,케이비자산운용,0.07,156822240000,114720,114715.72,2017-06-29,채권,국내,실물(액티브),배당소득세(보유기간과세),KIS 종합채권국공채3M~1.5Y지수,한국,채권·금리,일반,20260810
385550,KR7385550009,RISE 단기채권알파액티브,케이비자산운용,0.05,341403255000,113915,113915.65,2021-05-26,채권,국내,실물(액티브),배당소득세(보유기간과세),KIS 단기채권알파지수(AA-이상)(총수익지수),한국,채권·금리,일반,20260810
196230,KR7196230007,RISE 단기통안채,케이비자산운용,0.13,249484065000,116745,116765.69,2014-05-19,채권,국내,실물(패시브),배당소득세(보유기간과세),KIS 통안채 5개월 지수(총수익),한국,채권·금리,일반,20260810
0061Z0,KR70061Z0009,RISE 단기특수은행채액티브,케이비자산운용,0.01,730965780000,50910,50905.17,2025-06-24,채권,국내,실물(액티브),배당소득세(보유기간과세),KAP 단기 특수은행채 지수(시장가격),한국,금융,일반,20260810
315960,KR7315960005,RISE 대형고배당10TR,케이비자산운용,0.07,473154000000,71690,71583.81,2019-01-22,주식,국내,실물(패시브),배당소득세(보유기간과세),WISE 대형고배당10 TR 지수,한국,배당주,일반,20260810
0138D0,KR70138D0004,RISE 동학개미,케이비자산운용,0.07,7510750000,11555,11538.63,2025-12-16,주식,국내,실물(패시브),비과세,FnGuide 동학개미 지수,한국,기타,일반,20260810
455890,KR7455890004,RISE 머니마켓액티브,케이비자산운용,0.05,2973875610000,55365,55362.73,2023-05-09,채권,국내,실물(액티브),배당소득세(보유기간과세),KIS 시가평가 MMF 지수 (총수익지수),한국,채권·금리,일반,20260810
481340,KR7481340008,RISE 미국30년국채액티브,케이비자산운용,0.05,24378750000,8865,8878.36,2024-05-28,채권,해외,실물(액티브),배당소득세(보유기간과세),Bloomberg U.S Treasury 20+ Year Total Return Index,미국,채권·금리,일반,20260810
472870,KR7472870005,RISE 미국30년국채엔화노출(합성 H),케이비자산운용,0.15,173630000000,7160,7154.46,2023-12-27,채권,해외,합성(패시브),배당소득세(보유기간과세),KIS 미국채30년 엔화노출 지수(USD/JPY 헤지)(총수익지수),미국,채권·금리,일반,20260810
472830,KR7472830009,RISE 미국30년국채커버드콜(합성),케이비자산운용,0.25,45565500000,8210,8208.93,2023-12-14,채권,해외,합성(패시브),배당소득세(보유기간과세),Bloomberg U.S. Treasury 20+ Year (TLT) 2% OTM Covered Call Index(TR),미국,채권·금리,커버드콜,20260810
485690,KR7485690002,RISE 미국AI밸류체인TOP3Plus,케이비자산운용,0.01,95886000000,22830,22674.29,2024-07-23,주식,해외,실물(패시브),배당소득세(보유기간과세),KEDI 미국 AI 밸류체인 TOP3 Plus 지수(Price Return),미국,AI·테크,일반,20260810
490590,KR7490590007,RISE 미국AI밸류체인데일리고정커버드콜,케이비자산운용,0.25,792414000000,14895,14782.78,2024-10-02,주식,해외,실물(패시브),배당소득세(보유기간과세),KEDI 미국 AI밸류체인 90%참여+데일리옵션 프리미엄 지수(TR),미국,AI·테크,커버드콜,20260810
0176E0,KR70176E0006,RISE 미국AI전력인프라액티브,케이비자산운용,0.45,131774500000,10670,10565.96,2026-04-07,주식,해외,실물(액티브),배당소득세(보유기간과세),Solactive US AI Electricity Infrastructure Index PR,미국,AI·테크,일반,20260810
0127R0,KR70127R0001,RISE 미국AI클라우드인프라,케이비자산운용,0.4,21537500000,17230,16949.6,2025-11-25,주식,해외,실물(패시브),배당소득세(보유기간과세),Akros 미국 AI 클라우드 인프라 지수(Price Return),미국,AI·테크,일반,20260810
495940,KR7495940009,RISE 미국AI테크액티브,케이비자산운용,0.5,64433250000,20455,20293.77,2024-11-26,주식,해외,실물(액티브),배당소득세(보유기간과세),Solactive US AI Tech Active Index PR,미국,AI·테크,일반,20260810
0138T0,KR70138T0006,RISE 미국S&P500데일리고정커버드콜,케이비자산운용,0.25,32128000000,10040,9969.14,2025-12-23,주식,해외,실물(패시브),배당소득세(보유기간과세),S&P500 10% Daily Fixed Covered Call Index,미국,광범위지수,커버드콜,20260810
0005C0,KR70005C0005,RISE 미국S&P500엔화노출(합성 H),케이비자산운용,0.1,7637500000,11750,11700.82,2025-01-14,주식,해외,합성(패시브),배당소득세(보유기간과세),S&P500 Yen Hedged Index(PR),미국,광범위지수,일반,20260810
379780,KR7379780000,RISE 미국S&P500,케이비자산운용,0.004,1566616500000,23845,23830.63,2021-04-09,주식,해외,실물(패시브),배당소득세(보유기간과세),S&P 500,미국,광범위지수,일반,20260810
453330,KR7453330003,RISE 미국S&P500(H),케이비자산운용,0.004,82710000000,18380,18355.41,2023-03-21,주식,해외,실물(패시브),배당소득세(보유기간과세),S&P 500,미국,광범위지수,일반,20260810
460660,KR7460660004,RISE 미국S&P배당킹,케이비자산운용,0.01,17416000000,12440,12480.08,2023-06-27,주식,해외,실물(패시브),배당소득세(보유기간과세),S&P Dividend Monarchs Index(Price Return),미국,배당주,일반,20260810
219390,KR7219390002,RISE 미국S&P원유생산기업(합성 H),케이비자산운용,0.25,14610000000,7305,7404.17,2015-06-02,주식,해외,합성(패시브),배당소득세(보유기간과세),S&P Oil & Gas Exploration & Production Select Industry Index(PR),기타,에너지·원자력,일반,20260810
0115C0,KR70115C0002,RISE 미국고배당다우존스TOP10,케이비자산운용,0.01,27072000000,11280,11276.9,2025-10-21,주식,해외,실물(패시브),배당소득세(보유기간과세),Dow Jones U.S. High Dividend 10 Index,미국,배당주,일반,20260810
354240,KR7354240004,RISE 미국고정배당우선증권,케이비자산운용,0.5,11990000000,10900,10913.47,2020-05-19,혼합자산,해외,실물(패시브),배당소득세(보유기간과세),ICE BofAML Core Plus Fixed Rate Preferred Securities Index(PR),기타,채권·금리,일반,20260810
368590,KR7368590006,RISE 미국나스닥100,케이비자산운용,0.006,1574842500000,31185,31110.63,2020-11-06,주식,해외,실물(패시브),배당소득세(보유기간과세),NASDAQ 100,미국,광범위지수,일반,20260810
437350,KR7437350002,RISE 미국단기투자등급회사채액티브,케이비자산운용,0.1,27566000000,12530,12533.27,2022-07-29,채권,해외,실물(액티브),배당소득세(보유기간과세),Bloomberg US Corporate 1-5 Years Total Return Index,미국,채권·금리,일반,20260810
455960,KR7455960005,RISE 미국달러SOFR금리액티브(합성),케이비자산운용,0.05,56746200000,12390,12409.51,2023-05-16,기타,해외,합성(액티브),배당소득세(보유기간과세),KAP SOFR 지수,미국,채권·금리,일반,20260810
469530,KR7469530000,RISE 미국달러선물인버스,케이비자산운용,0.05,5875200000,9180,9160.02,2023-11-09,통화,국내,실물(패시브),배당소득세(보유기간과세),미국달러선물지수,한국,기타,일반,20260810
469060,KR7469060008,RISE 미국반도체NYSE,케이비자산운용,0.01,80334750000,37365,36983.64,2023-10-24,주식,해외,실물(패시브),배당소득세(보유기간과세),NYSE Semicondoctor Index(Price Return),미국,반도체,일반,20260810
469050,KR7469050009,RISE 미국반도체NYSE(H),케이비자산운용,0.01,36344000000,33040,32692.58,2023-10-24,주식,해외,실물(패시브),배당소득세(보유기간과세),NYSE Semicondoctor Index(Price Return),미국,반도체,일반,20260810
491630,KR7491630000,RISE 미국반도체인버스(합성 H),케이비자산운용,0.49,2524625000,5315,5225.93,2024-10-22,주식,해외,합성(패시브),배당소득세(보유기간과세),NYSE Semicondoctor Index(Price Return),미국,반도체,일반,20260810
490600,KR7490600004,RISE 미국배당100데일리고정커버드콜,케이비자산운용,0.25,162690000000,9350,9330.73,2024-09-24,주식,해외,실물(패시브),배당소득세(보유기간과세),KEDI 미국 배당100 90%참여+데일리옵션 프리미엄 지수(총수익지수),미국,배당주,커버드콜,20260810
0018Z0,KR70018Z0003,RISE 미국양자컴퓨팅,케이비자산운용,0.4,19345000000,19345,19190.83,2025-03-11,주식,해외,실물(패시브),배당소득세(보유기간과세),Solactive US Quantum Computing Technology Index PR,미국,AI·테크,일반,20260810
0218J0,KR70218J0001,RISE 미국우주&로봇TOP2미국채혼합50,케이비자산운용,0.13,27776000000,8960,8893.56,2026-07-14,혼합자산,해외,실물(패시브),배당소득세(보유기간과세),Akros 미국 우주-로봇 TOP2 채권혼합50 지수,미국,AI·테크,혼합,20260810
0013P0,KR70013P0000,RISE 미국은행TOP10,케이비자산운용,0.2,14630000000,13300,13355.77,2025-02-18,주식,해외,실물(패시브),배당소득세(보유기간과세),KEDI 미국 은행 TOP10 지수,미국,금융,일반,20260810
267490,KR7267490001,RISE 미국장기국채선물레버리지(합성 H),케이비자산운용,0.5,3538500000,5055,5035.61,2017-04-20,채권,해외,합성(패시브),배당소득세(보유기간과세),S&P U.S. Treasury Bond Futures Excess Return Index,미국,채권·금리,일반,20260810
267450,KR7267450005,RISE 미국장기국채선물인버스(H),케이비자산운용,0.4,5540000000,11080,11120.94,2017-04-20,채권,해외,실물(패시브),배당소득세(보유기간과세),S&P U.S. Treasury Bond Futures Excess Return Index,미국,채권·금리,일반,20260810
267440,KR7267440006,RISE 미국장기국채선물(H),케이비자산운용,0.4,4773000000,7955,8089.5,2017-04-20,채권,해외,실물(패시브),배당소득세(보유기간과세),S&P U.S. Treasury Bond Futures Excess Return Index,미국,채권·금리,일반,20260810
0036Z0,KR70036Z0001,RISE 미국천연가스밸류체인,케이비자산운용,0.4,6765000000,12300,12300.62,2025-04-22,주식,해외,실물(패시브),배당소득세(보유기간과세),Solactive US Natural Gas Value Chain Index PR,미국,에너지·원자력,일반,20260810
491620,KR7491620001,RISE 미국테크100데일리고정커버드콜,케이비자산운용,0.25,553527000000,11115,11075.58,2024-10-02,주식,해외,실물(패시브),배당소득세(보유기간과세),KEDI 미국 테크100 90%참여+데일리옵션 프리미엄 지수(TR),미국,AI·테크,커버드콜,20260810
0036R0,KR70036R0001,RISE 미국휴머노이드로봇,케이비자산운용,0.4,112924000000,20165,20111.06,2025-04-15,주식,해외,실물(패시브),배당소득세(보유기간과세),KEDI 미국 휴머노이드 로봇 지수(시장가격),미국,AI·테크,일반,20260810
0000Z0,KR70000Z0003,RISE 바이오TOP10액티브,케이비자산운용,0.5,60668000000,10460,10439.47,2024-12-24,주식,국내,실물(액티브),배당소득세(보유기간과세),KRX 바이오 TOP 10 지수,한국,바이오·헬스케어,일반,20260810
446700,KR7446700007,RISE 배터리 리사이클링,케이비자산운용,0.4,11340000000,10500,10512.12,2022-11-01,주식,국내,실물(패시브),비과세,iSelect 배터리 리사이클링 지수,한국,2차전지,일반,20260810
475350,KR7475350005,RISE 버크셔포트폴리오TOP10,케이비자산운용,0.01,70122000000,15080,15030.01,2024-02-27,주식,해외,실물(패시브),배당소득세(보유기간과세),Solactive Berkshire Portfolio Top10 Index(PR),미국,개별종목,일반,20260810
388420,KR7388420002,RISE 비메모리반도체액티브,케이비자산운용,0.5,224320400000,24980,24949.15,2021-06-10,주식,국내,실물(액티브),배당소득세(보유기간과세),iSelect 비메모리반도체 지수(시장가격지수),한국,반도체,일반,20260810
448630,KR7448630004,RISE 삼성그룹Top3채권혼합,케이비자산운용,0.2,316518000000,14860,14877.4,2022-11-29,혼합자산,국내,실물(패시브),배당소득세(보유기간과세),Bloomberg Blended Samsung Group Fixed Top 3 Equity and Korean Bond Index,한국,채권·금리,일반,20260810
0162Z0,KR70162Z0007,RISE 삼성전자SK하이닉스채권혼합50,케이비자산운용,0.01,3778804500000,12345,12345.23,2026-02-26,혼합자산,국내,실물(패시브),배당소득세(보유기간과세),KAP 삼성전자SK하이닉스채권혼합50 지수,한국,개별종목,혼합,20260810
0192M0,KR70192M0006,RISE 삼성전자단일종목레버리지,케이비자산운용,0.09,28815375000,8935,8954.69,2026-05-27,주식,국내,실물(패시브),배당소득세(보유기간과세),KRX 삼성전자 지수,한국,개별종목,일반,20260810
140570,KR7140570003,RISE 수출주,케이비자산운용,0.4,10178000000,25445,25557.19,2011-04-15,주식,국내,실물(패시브),비과세,MKF 수출주 지수,한국,광범위지수,일반,20260810
0093B0,KR70093B0009,RISE 엔비디아고정테크100,케이비자산운용,0.2,11952000000,13280,13216.94,2025-08-26,주식,해외,실물(패시브),배당소득세(보유기간과세),KEDI 엔비디아고정테크100 지수(PR),미국,개별종목,일반,20260810
140580,KR7140580002,RISE 우량업종대표주,케이비자산운용,0.4,12132500000,24265,24198.33,2011-04-15,주식,국내,실물(패시브),비과세,MKF 우량업종대표주 지수,한국,광범위지수,일반,20260810
379790,KR7379790009,RISE 유로스탁스50(H),케이비자산운용,0.021,15117250000,17785,17723.67,2021-04-09,주식,해외,실물(패시브),배당소득세(보유기간과세),EURO STOXX 50 Index,유럽,광범위지수,일반,20260810
498610,KR7498610005,RISE 인도디지털성장,케이비자산운용,0.3,5148000000,8580,8562.89,2025-04-01,주식,해외,실물(패시브),배당소득세(보유기간과세),MarketVector Digital India Index(INR)(Price Return),인도,AI·테크,일반,20260810
488480,KR7488480005,RISE 일본섹터TOP4Plus,케이비자산운용,0.3,7416750000,13485,13439.39,2024-08-20,주식,해외,실물(패시브),배당소득세(보유기간과세),Solactive Japan Samurai Sector TOP4 Plus Index(PR),일본,기타,일반,20260810
442550,KR7442550000,RISE TDF2030액티브 적격,케이비자산운용,0.01,23126000000,14920,14816.94,2022-09-22,기타,국내&해외,실물(액티브),배당소득세(보유기간과세),iSelect 전략적자산배분 TDF 2030 지수,국내+해외,자산배분·TDF,일반,20260810
442560,KR7442560009,RISE TDF2040액티브 적격,케이비자산운용,0.01,50965500000,16710,16585.76,2022-09-22,기타,국내&해외,실물(액티브),배당소득세(보유기간과세),iSelect 전략적자산배분 TDF 2040 지수,국내+해외,자산배분·TDF,일반,20260810
442570,KR7442570008,RISE TDF2050액티브 적격,케이비자산운용,0.01,324667500000,17790,17658.61,2022-09-22,기타,국내&해외,실물(액티브),배당소득세(보유기간과세),iSelect 전략적자산배분 TDF 2050 지수,국내+해외,자산배분·TDF,일반,20260810
385540,KR7385540000,RISE 종합채권(A-이상)액티브,케이비자산운용,0.012,1928318355000,102915,102932.08,2021-05-26,채권,국내,실물(액티브),배당소득세(보유기간과세),KIS 종합채권 지수(A-이상)(총수익지수),한국,채권·금리,일반,20260810
183710,KR7183710003,RISE 주식혼합,케이비자산운용,0.25,17349000000,86745,86596.41,2013-10-17,혼합자산,국내,실물(패시브),배당소득세(보유기간과세),주식국채혼합(주식형)지수,한국,채권·금리,혼합,20260810
310080,KR7310080007,RISE 중국MSCI China(H),케이비자산운용,0.6,11086000000,9640,9630.42,2018-11-28,주식,해외,실물(패시브),배당소득세(보유기간과세),"MSCI China Index(USD, Price Return)",중국,광범위지수,일반,20260810
463300,KR7463300004,RISE 중국본토CSI300,케이비자산운용,0.05,22000000000,13750,13893.41,2023-08-08,주식,해외,실물(패시브),배당소득세(보유기간과세),CSI 300 Index,중국,광범위지수,일반,20260810
174360,KR7174360008,RISE 중국본토대형주CSI100,케이비자산운용,0.65,34321000000,24515,24641.97,2013-06-04,주식,해외,실물(패시브),배당소득세(해외주식투자전용ETF),CSI A100,중국,광범위지수,일반,20260810
136340,KR7136340007,RISE 중기우량회사채,케이비자산운용,0.07,276265840000,104330,104288.28,2011-04-15,채권,국내,실물(패시브),배당소득세(보유기간과세),KOBI 크레딧 지수(총수익),한국,채권·금리,일반,20260810
281990,KR7281990002,RISE 중소형고배당,케이비자산운용,0.3,9861500000,17930,17989.1,2017-11-02,주식,국내,실물(패시브),비과세,FnGuide 중소형고배당포커스 지수,한국,배당주,일반,20260810
272570,KR7272570003,RISE 중장기국공채액티브,케이비자산운용,0.07,6267190000,108055,108090.78,2017-06-29,채권,국내,실물(액티브),배당소득세(보유기간과세),KIS 종합채권국공채4~5Y지수,한국,채권·금리,일반,20260810
0164G0,KR70164G0008,RISE 차이나AI반도체TOP4Plus,케이비자산운용,0.45,28087500000,13375,13793.78,2026-03-10,주식,해외,실물(패시브),배당소득세(보유기간과세),Solactive China AI Semiconductor TOP 4 Plus Index,중국,반도체,일반,20260810
250730,KR7250730009,RISE 차이나HSCEI(H),케이비자산운용,0.021,17212500000,10125,10105.17,2016-08-10,주식,해외,실물(패시브),배당소득세(해외주식투자전용ETF),Hang Seng China H,중국,기타,일반,20260810
291680,KR7291680007,RISE 차이나H선물인버스(H),케이비자산운용,0.6,3825000000,7650,7725.0,2018-03-23,주식,해외,실물(패시브),배당소득세(보유기간과세),Hang Seng China Enterprises Futures Index(Price Return),중국,기타,일반,20260810
0094L0,KR70094L0006,RISE 차이나테크TOP10위클리타겟커버드콜,케이비자산운용,0.3,11781000000,8415,8344.73,2025-09-02,주식,해외,실물(패시브),배당소득세(보유기간과세),Bloomberg China Tech Select TOP 10 + 12% Target Premium Weekly Index,중국,AI·테크,커버드콜,20260810
371150,KR7371150004,RISE 차이나항셍테크,케이비자산운용,0.14,9581000000,7370,7351.71,2020-12-16,주식,해외,실물(패시브),배당소득세(보유기간과세),Hang Seng TECH Index,중국,AI·테크,일반,20260810
498860,KR7498860006,RISE 코리아금융고배당,케이비자산운용,0.1,36938000000,16790,16757.11,2024-12-10,주식,국내,실물(패시브),비과세,iSelect 코리아 금융 고배당 지수,한국,금융,일반,20260810
0094M0,KR70094M0005,RISE 코리아밸류업위클리고정커버드콜,케이비자산운용,0.3,175020500000,17590,17541.72,2025-09-02,주식,국내,실물(패시브),배당소득세(보유기간과세),코리아 밸류업 위클리 커버드콜 30% 지수,한국,배당주,커버드콜,20260810
495050,KR7495050007,RISE 코리아밸류업,케이비자산운용,0.008,903096000000,30510,30467.54,2024-11-04,주식,국내,실물(패시브),비과세,코리아 밸류업 지수,한국,배당주,일반,20260810
0151P0,KR70151P0002,RISE 코리아전략산업액티브,케이비자산운용,0.5,138598250000,13655,13618.53,2026-01-20,주식,국내,실물(액티브),배당소득세(보유기간과세),KAP 코리아전략산업지수,한국,기타,일반,20260810
278240,KR7278240007,RISE 코스닥150선물레버리지,케이비자산운용,0.329,65125550000,8695,8754.89,2017-08-31,주식,국내,실물(패시브),배당소득세(보유기간과세),F-코스닥150 지수,한국,광범위지수,일반,20260810
275750,KR7275750008,RISE 코스닥150선물인버스,케이비자산운용,0.32,2133000000,2370,2365.93,2017-08-01,주식,국내,실물(패시브),배당소득세(보유기간과세),F-코스닥150 지수,한국,광범위지수,일반,20260810
270810,KR7270810005,RISE 코스닥150,케이비자산운용,0.02,335225800000,14690,14678.06,2017-06-16,주식,국내,실물(패시브),비과세,코스닥 150,한국,광범위지수,일반,20260810
0223A0,KR70223A0003,RISE 코스닥커버드콜액티브,케이비자산운용,0.3,20472500000,10775,10733.37,2026-07-28,주식,국내,실물(액티브),배당소득세(보유기간과세),코스닥 150 타겟 15% 위클리 커버드콜 지수,한국,광범위지수,커버드콜,20260810
302450,KR7302450002,RISE 코스피,케이비자산운용,0.02,198692250000,65145,65246.25,2018-07-24,주식,국내,실물(패시브),비과세,코스피,한국,광범위지수,일반,20260810
0047P0,KR70047P0000,RISE 테슬라고정테크100,케이비자산운용,0.2,22986500000,14830,14766.67,2025-05-13,주식,해외,실물(패시브),배당소득세(보유기간과세),KEDI 테슬라고정테크100 지수(PR),미국,개별종목,일반,20260810
449580,KR7449580000,RISE 테슬라애플아마존채권혼합,케이비자산운용,0.24,17919000000,16290,16287.63,2022-12-20,혼합자산,해외,실물(패시브),배당소득세(보유기간과세),iSelect 테슬라 애플 아마존 채권혼합지수(Price Return),미국,개별종목,혼합,20260810
334700,KR7334700002,RISE 팔라듐선물인버스(H),케이비자산운용,0.6,2089750000,3215,3218.27,2019-09-24,원자재,해외,실물(패시브),배당소득세(보유기간과세),S&P GSCI Palladium Excess Return Index,글로벌,원자재·금,일반,20260810
334690,KR7334690005,RISE 팔라듐선물(H),케이비자산운용,0.6,4059250000,6245,6265.54,2019-09-24,원자재,해외,실물(패시브),배당소득세(보유기간과세),S&P GSCI Palladium Excess Return Index,글로벌,원자재·금,일반,20260810
0047R0,KR70047R0008,RISE 팔란티어고정테크100,케이비자산운용,0.2,28422000000,15790,15771.26,2025-05-13,주식,해외,실물(패시브),배당소득세(보유기간과세),KEDI 팔란티어고정테크100 지수(PR),미국,개별종목,일반,20260810
253280,KR7253280002,RISE 헬스케어,케이비자산운용,0.4,7862250000,14295,14288.75,2016-09-23,주식,국내,실물(패시브),비과세,FnGuide 헬스케어 지수,한국,바이오·헬스케어,일반,20260810
253290,KR7253290001,RISE 헬스케어채권혼합,케이비자산운용,0.35,21699000000,12055,12084.89,2016-09-23,혼합자산,국내,실물(패시브),배당소득세(보유기간과세),FnGuide 헬스케어 채권혼합 지수,한국,바이오·헬스케어,혼합,20260810
0190C0,KR70190C0000,RISE 현대차고정피지컬AI,케이비자산운용,0.4,513648000000,8640,8669.08,2026-05-12,주식,국내,실물(패시브),비과세,KEDI 현대차고정피지컬AI 지수,한국,개별종목,일반,20260810
407310,KR7407310002,HANARO 200 TOP10,엔에이치아문디자산운용,0.15,19095750000,16605,16660.38,2021-11-24,주식,국내,실물(패시브),비과세,코스피 200 Top 10 지수,한국,광범위지수,일반,20260810
332930,KR7332930007,HANARO 200TR,엔에이치아문디자산운용,0.07,187042750000,128995,129020.82,2019-08-28,주식,국내,실물(패시브),배당소득세(보유기간과세),코스피 200 TR,한국,광범위지수,일반,20260810
304780,KR7304780000,HANARO 200선물레버리지,엔에이치아문디자산운용,0.45,46242000000,102760,102632.38,2018-08-14,주식,국내,실물(패시브),배당소득세(보유기간과세),코스피 200 선물지수,한국,광범위지수,일반,20260810
306520,KR7306520008,HANARO 200선물인버스,엔에이치아문디자산운용,0.45,1605000000,2675,2688.86,2018-09-18,주식,국내,실물(패시브),배당소득세(보유기간과세),코스피 200 선물지수,한국,광범위지수,일반,20260810
293180,KR7293180006,HANARO 200,엔에이치아문디자산운용,0.036,423464000000,98480,98524.77,2018-03-30,주식,국내,실물(패시브),비과세,코스피 200,한국,광범위지수,일반,20260810
0123S0,KR70123S0004,HANARO 26-12 은행채(AA+이상)액티브,엔에이치아문디자산운용,0.02,63531250000,10165,10173.01,2025-12-16,채권,국내,실물(액티브),배당소득세(보유기간과세),KIS 은행채2612만기형 지수,한국,금융,일반,20260810
0091M0,KR70091M0008,HANARO 27-06 회사채(AA-이상)액티브,엔에이치아문디자산운용,0.02,105812350000,10145,10143.12,2025-08-26,채권,국내,실물(액티브),배당소득세(보유기간과세),KIS 회사채(AA-이상)2706만기형지수(총수익),한국,채권·금리,일반,20260810
448490,KR7448490003,HANARO 32-10 국고채액티브,엔에이치아문디자산운용,0.05,11887680000,53070,53051.19,2022-11-22,채권,국내,실물(액티브),배당소득세(보유기간과세),KAP 32-10 국고채 10년 총수익지수,한국,채권·금리,일반,20260810
454320,KR7454320003,HANARO CAPEX설비투자iSelect,엔에이치아문디자산운용,0.45,92557500000,43050,42997.39,2023-04-18,주식,국내,실물(패시브),비과세,iSelect CAPEX 설비투자 지수(시장가격),한국,기타,일반,20260810
395290,KR7395290000,HANARO Fn K-POP&미디어,엔에이치아문디자산운용,0.45,33562500000,5370,5376.63,2021-07-30,주식,국내,실물(패시브),비과세,FnGuide K-POP & 미디어 지수,한국,게임·엔터,일반,20260810
395280,KR7395280001,HANARO Fn K-게임,엔에이치아문디자산운용,0.45,8765500000,3730,3716.14,2021-07-30,주식,국내,실물(패시브),비과세,FnGuide K-게임 지수,한국,게임·엔터,일반,20260810
368190,KR7368190005,HANARO Fn K-뉴딜디지털플러스,엔에이치아문디자산운용,0.45,26544000000,8295,8270.36,2020-11-10,주식,국내,실물(패시브),비과세,FnGuide K-뉴딜 디지털 플러스 지수,한국,AI·테크,일반,20260810
402460,KR7402460000,HANARO Fn K-메타버스MZ,엔에이치아문디자산운용,0.45,7212500000,14425,14502.85,2021-10-13,주식,국내,실물(패시브),비과세,FnGuide K-메타버스 MZ 지수(시장가격),한국,AI·테크,일반,20260810
395270,KR7395270002,HANARO Fn K-반도체,엔에이치아문디자산운용,0.45,3098454750000,49065,49042.73,2021-07-30,주식,국내,실물(패시브),비과세,FnGuide K-반도체 지수,한국,반도체,일반,20260810
438900,KR7438900003,HANARO Fn K-푸드,엔에이치아문디자산운용,0.45,15028000000,11560,11572.16,2022-08-17,주식,국내,실물(패시브),비과세,FnGuide K-푸드 지수 (시장가격),한국,기타,일반,20260810
367740,KR7367740008,HANARO Fn5G산업,엔에이치아문디자산운용,0.45,21840500000,39710,39573.16,2020-10-29,주식,국내,실물(패시브),비과세,FnGuide 5G 산업 지수,한국,기타,일반,20260810
407300,KR7407300003,HANARO Fn골프테마,엔에이치아문디자산운용,0.45,5885000000,10700,10771.95,2021-11-24,주식,국내,실물(패시브),비과세,FnGuide 골프 테마 지수,한국,기타,일반,20260810
381560,KR7381560002,HANARO Fn전기&수소차,엔에이치아문디자산운용,0.45,35300000000,17650,17602.74,2021-04-02,주식,국내,실물(패시브),비과세,FnGuide 전기&수소차 지수 (시장가격),한국,에너지·원자력,일반,20260810
441540,KR7441540002,HANARO Fn조선해운,엔에이치아문디자산운용,0.45,77220000000,28600,28564.4,2022-09-15,주식,국내,실물(패시브),비과세,FnGuide 조선해운지수,한국,조선·기계,일반,20260810
381570,KR7381570001,HANARO Fn친환경에너지,엔에이치아문디자산운용,0.45,8712500000,10250,10220.7,2021-04-02,주식,국내,실물(패시브),비과세,FnGuide 친환경에너지 지수 (시장가격),한국,에너지·원자력,일반,20260810
479850,KR7479850000,HANARO K-뷰티,엔에이치아문디자산운용,0.45,27240000000,18160,18111.6,2024-04-16,주식,국내,실물(패시브),비과세,FnGuide K-뷰티 지수,한국,기타,일반,20260810
453060,KR7453060006,HANARO KOFR금리액티브(합성),엔에이치아문디자산운용,0.05,12234200000,111220,111220.7,2023-03-14,기타,국내,합성(액티브),배당소득세(보유기간과세),KOFR 지수,한국,채권·금리,일반,20260810
304760,KR7304760002,HANARO KRX300,엔에이치아문디자산운용,0.05,17184000000,42960,43006.56,2018-08-14,주식,국내,실물(패시브),비과세,KRX 300,한국,광범위지수,일반,20260810
322410,KR7322410002,HANARO K고배당,엔에이치아문디자산운용,0.07,40110000000,22920,22942.99,2019-04-23,주식,국내,실물(패시브),비과세,FnGuide 고배당 알파 지수,한국,배당주,일반,20260810
0155N0,KR70155N0000,HANARO K휴머노이드테마TOP10,엔에이치아문디자산운용,0.45,32759000000,7990,7998.23,2026-02-26,주식,국내,실물(패시브),비과세,iSelect K휴머노이드테마TOP10 지수,한국,기타,일반,20260810
332940,KR7332940006,HANARO MSCI Korea TR,엔에이치아문디자산운용,0.12,104772000000,43655,43550.48,2019-08-28,주식,국내,실물(패시브),배당소득세(보유기간과세),MSCI Korea TR Index,한국,광범위지수,일반,20260810
322400,KR7322400003,HANARO e커머스,엔에이치아문디자산운용,0.45,35208500000,10510,10565.95,2019-04-23,주식,국내,실물(패시브),비과세,FnGuide E커머스 지수,한국,기타,일반,20260810
473640,KR7473640001,HANARO 글로벌금채굴기업,엔에이치아문디자산운용,0.15,65100750000,33385,33163.36,2024-01-18,주식,해외,실물(패시브),배당소득세(보유기간과세),NYSE Arca Gold Miners Index (Price Return),미국,원자재·금,일반,20260810
354350,KR7354350001,HANARO 글로벌럭셔리S&P(합성),엔에이치아문디자산운용,0.5,10907000000,20975,21012.86,2020-05-12,주식,해외,합성(패시브),배당소득세(보유기간과세),S&P Global Luxury Index,글로벌,기타,일반,20260810
461340,KR7461340002,HANARO 글로벌생성형AI액티브,엔에이치아문디자산운용,0.6,48174500000,43795,43503.82,2023-07-11,주식,해외,실물(액티브),배당소득세(보유기간과세),Solactive United States Technology 100 Index(Price Return),미국,AI·테크,일반,20260810
401590,KR7401590005,HANARO 글로벌탄소배출권선물ICE(합성),엔에이치아문디자산운용,0.5,5908350000,11585,11624.77,2021-09-30,기타,해외,합성(패시브),배당소득세(보유기간과세),ICE Global Carbon Futures Index(Excess Return),글로벌,기타,일반,20260810
0040S0,KR70040S0004,HANARO 글로벌피지컬AI액티브,엔에이치아문디자산운용,0.6,64441000000,24785,24525.45,2025-04-22,주식,해외,실물(액티브),배당소득세(보유기간과세),Solactive Physical AI Index,기타,AI·테크,일반,20260810
314700,KR7314700006,HANARO 농업융복합산업,엔에이치아문디자산운용,0.5,6190250000,11255,11280.98,2018-12-21,주식,국내,실물(패시브),비과세,FnGuide 농업융복합산업 지수(시장가격),한국,소비재,일반,20260810
486830,KR7486830003,HANARO 머니마켓액티브,엔에이치아문디자산운용,0.04,146776800000,53180,53185.53,2024-07-16,채권,국내,실물(액티브),배당소득세(보유기간과세),KIS-NH Amundi MMF지수,한국,채권·금리,일반,20260810
0215T0,KR70215T0002,HANARO 미국AI광통신TOP10,엔에이치아문디자산운용,0.45,9162000000,10180,9917.25,2026-07-14,주식,해외,실물(패시브),배당소득세(보유기간과세),Indxx US AI Optical Communication TOP10 Index(PR),미국,AI·테크,일반,20260810
0181B0,KR70181B0002,HANARO 미국AI메모리반도체TOP4+,엔에이치아문디자산운용,0.45,120793750000,9625,9543.63,2026-05-12,주식,해외,실물(패시브),배당소득세(보유기간과세),Solactive US AI Memory Semiconductor Top4+ Index,미국,반도체,일반,20260810
0219Z0,KR70219Z0000,HANARO 미국S&P500액티브,엔에이치아문디자산운용,0.5,8644000000,10805,10823.98,2026-08-04,주식,해외,실물(액티브),배당소득세(보유기간과세),S&P 500,미국,광범위지수,일반,20260810
432840,KR7432840007,HANARO 미국S&P500,엔에이치아문디자산운용,0.045,16800000000,21000,20486.76,2022-06-08,주식,해외,실물(패시브),배당소득세(보유기간과세),S&P 500,미국,광범위지수,일반,20260810
498050,KR7498050004,HANARO 바이오코리아액티브,엔에이치아문디자산운용,0.5,12130000000,12130,12116.96,2024-11-26,주식,국내,실물(액티브),배당소득세(보유기간과세),iSelect K-바이오헬스케어,한국,바이오·헬스케어,일반,20260810
476260,KR7476260005,HANARO 반도체핵심공정주도주,엔에이치아문디자산운용,0.45,53105000000,12350,12319.37,2024-02-27,주식,국내,실물(패시브),비과세,FnGuide 반도체 핵심공정 지수,한국,반도체,일반,20260810
434730,KR7434730008,HANARO 원자력iSelect,엔에이치아문디자산운용,0.45,693106500000,58490,58593.49,2022-06-28,주식,국내,실물(패시브),비과세,iSelect 원자력지수 (시장가격),한국,에너지·원자력,일반,20260810
0082F0,KR70082F0008,HANARO 유럽방산,엔에이치아문디자산운용,0.35,8039500000,11485,11512.3,2025-07-29,주식,해외,실물(패시브),배당소득세(보유기간과세),Stoxx 유럽 방산 지수,유럽,방산·우주,일반,20260810
491820,KR7491820007,HANARO 전력설비투자,엔에이치아문디자산운용,0.35,156492000000,43470,43369.73,2024-09-24,주식,국내,실물(패시브),비과세,iSelect 전력설비투자 지수,한국,에너지·원자력,일반,20260810
461500,KR7461500001,HANARO 종합채권(AA-이상)액티브,엔에이치아문디자산운용,0.02,95603320000,105290,105024.15,2023-10-26,채권,국내,실물(액티브),배당소득세(보유기간과세),KAP 종합채권 총수익지수(AA-이상),한국,채권·금리,일반,20260810
0191W0,KR70191W0005,HANARO 중기종합채권(A-이상)액티브,엔에이치아문디자산운용,0.05,121080000000,100900,100873.5,2026-05-19,채권,국내,실물(액티브),배당소득세(보유기간과세),KIS 중기종합채권시장 A-이상 총수익지수,한국,채권·금리,일반,20260810
0111J0,KR70111J0009,HANARO 증권고배당TOP3플러스,엔에이치아문디자산운용,0.07,59832500000,13150,13156.72,2025-10-28,주식,국내,실물(패시브),비과세,FnGuide 증권 고배당 TOP3 플러스 지수,한국,금융,일반,20260810
495750,KR7495750002,HANARO 코리아밸류업,엔에이치아문디자산운용,0.026,74112500000,30250,30208.0,2024-11-04,주식,국내,실물(패시브),비과세,코리아 밸류업 지수,한국,배당주,일반,20260810
306530,KR7306530007,HANARO 코스닥150선물레버리지,엔에이치아문디자산운용,0.45,3594900000,7815,7811.15,2018-09-18,주식,국내,실물(패시브),배당소득세(보유기간과세),F-코스닥150 지수,한국,광범위지수,일반,20260810
304770,KR7304770001,HANARO 코스닥150,엔에이치아문디자산운용,0.2,21571500000,14775,14773.45,2018-08-14,주식,국내,실물(패시브),비과세,코스닥 150,한국,광범위지수,일반,20260810
375760,KR7375760006,HANARO 탄소효율그린뉴딜,엔에이치아문디자산운용,0.2,20389500000,22655,22600.37,2021-02-05,주식,국내,실물(패시브),비과세,KRX/S&P 탄소효율 그린뉴딜지수,한국,기타,일반,20260810
0007N0,KR70007N0000,아이엠에셋 200,아이엠에셋자산운용,0.05,88947000000,98830,98717.96,2025-02-11,주식,국내,실물(패시브),비과세,코스피 200,한국,광범위지수,일반,20260810
491510,KR7491510004,파워 K-주주가치액티브,교보악사자산운용,0.405,15858000000,17620,17741.42,2024-09-24,주식,국내,실물(액티브),배당소득세(보유기간과세),FnGuide K-주주가치 지수,한국,배당주,일반,20260810
140950,KR7140950007,파워 코스피100,교보악사자산운용,0.155,43128400000,77015,77119.93,2011-05-03,주식,국내,실물(패시브),비과세,코스피 100,한국,광범위지수,일반,20260810
152870,KR7152870002,파워 200,교보악사자산운용,0.145,138803000000,99145,99178.98,2012-02-13,주식,국내,실물(패시브),비과세,코스피 200,한국,광범위지수,일반,20260810
192720,KR7192720001,파워 고배당저변동성,교보악사자산운용,0.23,30033900000,58890,58864.31,2014-02-20,주식,국내,실물(패시브),비과세,코스피 200 고배당지수,한국,배당주,일반,20260810
498180,KR7498180009,파워 종합채권(AA-이상)액티브,교보악사자산운용,0.036,113714240000,93515,93336.86,2024-11-26,채권,국내,실물(액티브),배당소득세(보유기간과세),"KIS 한국종합채권지수(AA-이상, 총수익)",한국,채권·금리,일반,20260810
486240,KR7486240005,DAISHIN343 AI반도체&인프라액티브,대신자산운용,0.36,87328000000,27290,27200.62,2024-06-18,주식,국내,실물(액티브),배당소득세(보유기간과세),FnGuide AI반도체&인프라 지수,한국,반도체,일반,20260810
434960,KR7434960001,DAISHIN343 K200,대신자산운용,0.1,69184500000,98835,98878.3,2022-06-28,주식,국내,실물(패시브),비과세,코스피 200,한국,광범위지수,일반,20260810
0189Z0,KR70189Z0006,DAISHIN343 금융&지주고배당,대신자산운용,0.24,10210000000,10210,10222.58,2026-06-09,주식,국내,실물(패시브),비과세,KRX-Akros 금융 & 지주 고배당 지수,한국,금융,일반,20260810
0174J0,KR70174J0003,DAISHIN343 오피스리츠플러스,대신자산운용,0.19,5325000000,8875,8917.65,2026-03-31,부동산,국내,실물(패시브),비과세(분리과세부동산ETF),KRX 프라임 오피스 리츠 지수,한국,리츠·부동산,일반,20260810
0053M0,KR70053M0004,더제이 중소형포커스액티브,더제이자산운용,0.685,6005250000,13345,13417.25,2025-07-22,주식,국내,실물(액티브),배당소득세(보유기간과세),코스피 200 중소형주지수,한국,광범위지수,일반,20260810
0220B0,KR70220B0005,DS 코스닥액티브,디에스자산운용,1.0,46759000000,10165,10173.65,2026-07-14,주식,국내,실물(액티브),배당소득세(보유기간과세),코스닥,한국,광범위지수,일반,20260810
0214M0,KR70214M0000,MIDAS 바이오헬스케어액티브,마이다스에셋,0.62,10472000000,12320,12274.29,2026-07-28,주식,국내,실물(액티브),배당소득세(보유기간과세),KRX 헬스케어,한국,바이오·헬스케어,일반,20260810
488290,KR7488290008,MIDAS 일본테크액티브,마이다스에셋,0.65,16100000000,46000,45107.85,2024-08-06,주식,해외,실물(액티브),배당소득세(보유기간과세),Solactive Japan Tech Top 30 지수(PR),일본,AI·테크,일반,20260810
438740,KR7438740003,MIDAS 중소형액티브,마이다스에셋,0.62,7564500000,33620,33826.55,2022-08-17,주식,국내,실물(액티브),배당소득세(보유기간과세),코스피 중형주,한국,광범위지수,일반,20260810
0191B0,KR70191B0000,MIDAS 코스닥액티브,마이다스에셋,0.62,6008000000,30040,29924.45,2026-05-19,주식,국내,실물(액티브),배당소득세(보유기간과세),코스닥,한국,광범위지수,일반,20260810
403790,KR7403790009,MIDAS 코스피액티브,마이다스에셋,0.29,155112750000,53030,52973.44,2021-10-13,주식,국내,실물(액티브),배당소득세(보유기간과세),코스피,한국,광범위지수,일반,20260810
0139F0,KR70139F0001,TIGER 12월자동연장금융채(AA-이상)액티브,미래에셋자산운용,0.1,1077951090000,101905,101915.86,2025-12-09,채권,국내,실물(액티브),배당소득세(보유기간과세),KIS 12월 만기 자동연장금융채(AA-이상) 총수익지수,한국,금융,일반,20260810
310960,KR7310960000,TIGER 200TR,미래에셋자산운용,0.09,321300000000,57375,57421.19,2018-11-20,주식,국내,실물(패시브),배당소득세(보유기간과세),코스피 200 TR,한국,광범위지수,일반,20260810
227550,KR7227550001,TIGER 200 산업재,미래에셋자산운용,0.4,4267000000,12550,12610.14,2015-09-23,주식,국내,실물(패시브),비과세,코스피 200 산업재,한국,광범위지수,일반,20260810
227560,KR7227560000,TIGER 200 생활소비재,미래에셋자산운용,0.4,3174000000,13225,13238.27,2015-09-23,주식,국내,실물(패시브),비과세,코스피 200 생활소비재,한국,소비재,일반,20260810
102110,KR7102110004,TIGER 200,미래에셋자산운용,0.05,9308167000000,98395,98415.71,2008-04-03,주식,국내,실물(패시브),비과세,코스피 200,한국,광범위지수,일반,20260810
243880,KR7243880002,TIGER 200IT레버리지,미래에셋자산운용,0.63,371910000000,265650,264563.11,2016-05-13,주식,국내,실물(패시브),배당소득세(보유기간과세),코스피 200 정보기술,한국,광범위지수,일반,20260810
252000,KR7252000005,TIGER 200동일가중,미래에셋자산운용,0.21,9772500000,19545,19614.63,2016-09-20,주식,국내,실물(패시브),비과세,코스피 200 동일가중지수,한국,광범위지수,일반,20260810
267770,KR7267770006,TIGER 200선물레버리지,미래에셋자산운용,0.022,167172000000,69655,69518.93,2017-04-25,주식,국내,실물(패시브),배당소득세(보유기간과세),코스피 200 선물지수,한국,광범위지수,일반,20260810
252710,KR7252710009,TIGER 200선물인버스2X,미래에셋자산운용,0.022,30093000000,105,105.55,2016-09-22,주식,국내,실물(패시브),배당소득세(보유기간과세),코스피 200 선물지수,한국,광범위지수,일반,20260810
243890,KR7243890001,TIGER 200에너지화학레버리지,미래에셋자산운용,0.69,4278750000,8150,8118.56,2016-05-13,주식,국내,실물(패시브),배당소득세(보유기간과세),코스피 200 에너지/화학,한국,에너지·원자력,일반,20260810
315270,KR7315270009,TIGER 200커뮤니케이션서비스,미래에셋자산운용,0.4,6427200000,20085,20086.19,2019-01-15,주식,국내,실물(패시브),비과세,코스피 200 커뮤니케이션서비스,한국,광범위지수,일반,20260810
166400,KR7166400002,TIGER 200커버드콜OTM,미래에셋자산운용,0.38,10695000000,21390,21404.49,2012-10-25,주식,국내,실물(패시브),배당소득세(보유기간과세),코스피 200 커버드콜 5% OTM,한국,광범위지수,커버드콜,20260810
0104N0,KR70104N0002,TIGER 200타겟위클리커버드콜,미래에셋자산운용,0.25,198536000000,19090,19096.33,2025-09-23,주식,국내,실물(패시브),배당소득세(보유기간과세),코스피 200 타겟 7% 위클리 커버드콜 지수,한국,광범위지수,커버드콜,20260810
227540,KR7227540002,TIGER 200 헬스케어,미래에셋자산운용,0.4,34782600000,19990,20007.66,2015-09-23,주식,국내,실물(패시브),비과세,코스피 200 헬스케어,한국,바이오·헬스케어,일반,20260810
480260,KR7480260009,TIGER 27-04회사채(A+이상)액티브,미래에셋자산운용,0.1,439925850000,53715,53721.62,2024-04-23,채권,국내,실물(액티브),배당소득세(보유기간과세),KIS 회사채2704만기형 지수 (총수익 지수),한국,채권·금리,일반,20260810
0094K0,KR70094K0007,TIGER 28-04 회사채(A+이상)액티브,미래에셋자산운용,0.1,277615100000,99575,99570.56,2025-08-26,채권,국내,실물(액티브),배당소득세(보유기간과세),KIS 회사채 2804만기형 지수(총수익),한국,채권·금리,일반,20260810
364980,KR7364980003,TIGER 2차전지TOP10,미래에셋자산운용,0.4,659126000000,10040,10031.94,2020-10-07,주식,국내,실물(패시브),비과세,KRX 2차전지 TOP 10 지수,한국,2차전지,일반,20260810
412570,KR7412570004,TIGER 2차전지TOP10레버리지,미래에셋자산운용,0.29,172935700000,1217,1209.6,2021-12-15,주식,국내,실물(패시브),배당소득세(보유기간과세),KRX 2차전지 TOP 10 지수,한국,2차전지,일반,20260810
462010,KR7462010000,TIGER 2차전지소재Fn,미래에셋자산운용,0.39,529740000000,4905,4908.65,2023-07-13,주식,국내,실물(패시브),비과세,FnGuide 2차전지소재 (Price Return) 지수,한국,2차전지,일반,20260810
305540,KR7305540007,TIGER 2차전지테마,미래에셋자산운용,0.44,902765250000,18405,18357.74,2018-09-12,주식,국내,실물(패시브),비과세,WISE 2차전지 테마 지수,한국,2차전지,일반,20260810
471760,KR7471760009,TIGER AI반도체핵심공정,미래에셋자산운용,0.45,116350000000,13000,12983.97,2023-11-21,주식,국내,실물(패시브),비과세,iSelect AI반도체핵심공정지수,한국,반도체,일반,20260810
365040,KR7365040005,TIGER AI코리아그로스액티브,미래에셋자산운용,0.4,69898500000,33285,33233.84,2020-09-29,주식,국내,실물(액티브),배당소득세(보유기간과세),코스피,한국,광범위지수,일반,20260810
364960,KR7364960005,TIGER BBIG,미래에셋자산운용,0.4,83127000000,6870,6864.12,2020-10-07,주식,국내,실물(패시브),비과세,KRX BBIG 지수,한국,기타,일반,20260810
412560,KR7412560005,TIGER BBIG레버리지,미래에셋자산운용,0.59,1376900000,1967,1966.99,2021-12-15,주식,국내,실물(패시브),배당소득세(보유기간과세),KRX BBIG 지수,한국,기타,일반,20260810
475630,KR7475630000,TIGER CD1년금리액티브(합성),미래에셋자산운용,0.009,1462912666500,1073855,1073771.71,2024-02-06,기타,국내,합성(액티브),배당소득세(보유기간과세),KIS CD 1Y 총수익지수,한국,기타,일반,20260810
357870,KR7357870005,TIGER CD금리투자KIS(합성),미래에셋자산운용,0.03,3551285280000,57880,57876.11,2020-07-07,기타,국내,합성(패시브),배당소득세(보유기간과세),KIS CD Index(총수익),한국,기타,일반,20260810
499660,KR7499660009,TIGER CD금리플러스액티브(합성),미래에셋자산운용,0.009,479088172000,1001020,1000935.88,2024-12-17,기타,국내,합성(액티브),배당소득세(보유기간과세),KIS CD+CPI연동금리 월분배 지수,한국,채권·금리,일반,20260810
400970,KR7400970000,TIGER Fn메타버스,미래에셋자산운용,0.45,40188000000,7880,7897.75,2021-10-13,주식,국내,실물(패시브),비과세,FnGuide 메타버스테마 지수,한국,AI·테크,일반,20260810
377990,KR7377990007,TIGER Fn신재생에너지,미래에셋자산운용,0.5,121030000000,24700,24693.79,2021-03-05,주식,국내,실물(패시브),비과세,FnGuide 신재생에너지 지수,한국,에너지·원자력,일반,20260810
417630,KR7417630001,TIGER KEDI혁신기업ESG30,미래에셋자산운용,0.5,19892250000,18945,18890.02,2022-02-08,주식,국내,실물(패시브),비과세,KEDI 혁신기업ESG30 지수(시장가격 지수),한국,광범위지수,일반,20260810
292160,KR7292160009,TIGER KRX300,미래에셋자산운용,0.07,21907500000,43815,43859.74,2018-03-26,주식,국내,실물(패시브),비과세,KRX 300,한국,광범위지수,일반,20260810
0072R0,KR70072R0006,TIGER KRX금현물,미래에셋자산운용,0.15,1223511000000,13220,13225.89,2025-06-24,원자재,국내,실물(패시브),배당소득세(보유기간과세),KRX 금현물지수,한국,기타,일반,20260810
404540,KR7404540007,TIGER KRX기후변화솔루션,미래에셋자산운용,0.09,9122000000,22805,22938.01,2021-10-29,주식,국내,실물(패시브),비과세,KRX 기후변화 솔루션지수,한국,기타,일반,20260810
300610,KR7300610003,TIGER K게임,미래에셋자산운용,0.5,13740000000,5725,5706.94,2018-07-24,주식,국내,실물(패시브),비과세,WISE K게임 테마 지수,한국,게임·엔터,일반,20260810
138530,KR7138530001,TIGER LG그룹플러스,미래에셋자산운용,0.15,82118400000,12220,12229.84,2011-03-10,주식,국내,실물(패시브),비과세,MKF LG그룹+ FW,한국,기타,일반,20260810
445910,KR7445910003,TIGER MKF배당귀족,미래에셋자산운용,0.2,19812250000,20855,20981.53,2022-10-18,주식,국내,실물(패시브),비과세,MKF 배당귀족 지수(시장가격지수),한국,배당주,일반,20260810
289260,KR7289260002,TIGER MSCI KOREA ESG리더스,미래에셋자산운용,0.4,15963000000,26605,26656.3,2018-02-07,주식,국내,실물(패시브),비과세,MSCI Korea Country ESG Leaders Capped Index,한국,광범위지수,일반,20260810
289250,KR7289250003,TIGER MSCI KOREA ESG유니버설,미래에셋자산운용,0.4,21907500000,31750,31888.61,2018-02-07,주식,국내,실물(패시브),비과세,MSCI Korea ESG Universal Index,한국,광범위지수,일반,20260810
310970,KR7310970009,TIGER MSCI Korea TR,미래에셋자산운용,0.12,3972954000000,43755,43701.08,2018-11-20,주식,국내,실물(패시브),배당소득세(보유기간과세),MSCI Korea TR Index,한국,광범위지수,일반,20260810
0000D0,KR70000D0009,TIGER 엔비디아미국채커버드콜밸런스(합성),미래에셋자산운용,0.39,64835250000,9465,9446.84,2024-12-17,혼합자산,해외,합성(패시브),배당소득세(보유기간과세),KEDI 엔비디아미국채30년타겟커버드콜혼합지수(TR),미국,개별종목,커버드콜,20260810
143850,KR7143850006,TIGER 미국S&P500선물(H),미래에셋자산운용,0.23,91979000000,78280,78243.05,2011-07-18,주식,해외,실물(패시브),배당소득세(보유기간과세),S&P 500 Futures Index(ER),미국,광범위지수,일반,20260810
269370,KR7269370003,TIGER S&P글로벌인프라(합성),미래에셋자산운용,0.4,12407500000,17725,17736.82,2017-05-16,주식,해외,합성(패시브),배당소득세(보유기간과세),S&P Global Infrastructure Index,글로벌,기타,일반,20260810
0195S0,KR70195S0007,TIGER SK하이닉스단일종목레버리지,미래에셋자산운용,0.09,1072108250000,6235,6259.05,2026-05-27,주식,국내,실물(패시브),배당소득세(보유기간과세),KRX SK하이닉스 지수,한국,개별종목,일반,20260810
453950,KR7453950008,TIGER TSMC파운드리밸류체인,미래에셋자산운용,0.49,67411500000,34570,34082.99,2023-04-04,주식,해외,실물(패시브),배당소득세(보유기간과세),FactSet TSMC 파운드리 밸류체인 지수(시장가격지수),대만,개별종목,일반,20260810
364990,KR7364990002,TIGER 게임TOP10,미래에셋자산운용,0.4,22863750000,5025,5027.14,2020-10-07,주식,국내,실물(패시브),비과세,KRX 게임 TOP 10 지수,한국,게임·엔터,일반,20260810
139280,KR7139280002,TIGER 경기방어,미래에셋자산운용,0.4,42541600000,12970,12996.64,2011-04-06,주식,국내,실물(패시브),비과세,코스피 200 경기방어소비재,한국,소비재,일반,20260810
237440,KR7237440003,TIGER 경기방어채권혼합,미래에셋자산운용,0.18,10295000000,10295,10367.88,2016-01-27,혼합자산,국내,실물(패시브),배당소득세(보유기간과세),경기방어소비재 채권혼합 지수,한국,소비재,혼합,20260810
319640,KR7319640009,TIGER 골드선물(H),미래에셋자산운용,0.39,112904000000,25660,25630.35,2019-04-09,원자재,해외,실물(패시브),배당소득세(보유기간과세),S&P GSCI Gold Index(TR),글로벌,원자재·금,일반,20260810
0190Y0,KR70190Y0004,TIGER 구글밸류체인,미래에셋자산운용,0.45,72306000000,9270,9207.61,2026-05-12,주식,해외,실물(패시브),배당소득세(보유기간과세),Akros Google Value Chain 지수 (Price Return),미국,기타,일반,20260810
160580,KR7160580007,TIGER 구리실물,미래에셋자산운용,0.83,171340500000,16635,16707.04,2012-12-17,원자재,해외,실물(패시브),배당소득세(보유기간과세),S&P GSCI Cash Copper Index,글로벌,원자재·금,일반,20260810
114820,KR7114820004,TIGER 국채3년,미래에셋자산운용,0.15,123054750000,105175,105162.23,2009-08-27,채권,국내,실물(패시브),배당소득세(보유기간과세),KTB INDEX(시장가격),한국,채권·금리,일반,20260810
464310,KR7464310002,TIGER 글로벌AI&로보틱스 INDXX,미래에셋자산운용,0.49,122677500000,14870,14851.95,2023-08-17,주식,해외,실물(패시브),배당소득세(보유기간과세),Indxx Global Robotics & Artificial Intelligence Thematic Index(PR),글로벌,AI·테크,일반,20260810
418670,KR7418670006,TIGER 글로벌AI사이버보안,미래에셋자산운용,0.49,47972000000,17900,17872.78,2022-02-22,주식,해외,실물(패시브),배당소득세(보유기간과세),Indxx Cybersecurity 지수 (PR),기타,기타,일반,20260810
466950,KR7466950003,TIGER 글로벌AI액티브,미래에셋자산운용,0.79,590475750000,31425,31165.07,2023-10-11,주식,해외,실물(액티브),배당소득세(보유기간과세),Indxx Artificial Intelligence and Big Data 지수(PR),기타,AI·테크,일반,20260810
440340,KR7440340008,TIGER 글로벌멀티에셋TIF액티브,미래에셋자산운용,0.55,26509500000,12330,12353.54,2022-08-30,혼합자산,해외,실물(액티브),배당소득세(보유기간과세),INDXX 멀티에셋인컴 지수(시장가격 지수),기타,배당주,일반,20260810
476690,KR7476690003,TIGER 글로벌비만치료제TOP2Plus,미래에셋자산운용,0.45,34240500000,10870,10899.09,2024-02-29,주식,해외,실물(패시브),배당소득세(보유기간과세),Indxx Global Obesity Treatment Top 2 Plus 지수 (시장가격),글로벌,바이오·헬스케어,일반,20260810
480310,KR7480310002,TIGER 글로벌온디바이스AI,미래에셋자산운용,0.49,54499500000,20185,20076.71,2024-04-16,주식,해외,실물(패시브),배당소득세(보유기간과세),Mirae Asset Global On-Device AI 지수 (PR),글로벌,AI·테크,일반,20260810
387270,KR7387270002,TIGER 글로벌이노베이션액티브,미래에셋자산운용,0.55,30316550000,25055,24920.81,2021-05-25,주식,해외,실물(액티브),배당소득세(보유기간과세),NASDAQ 100,미국,광범위지수,일반,20260810
371450,KR7371450008,TIGER 글로벌클라우드컴퓨팅INDXX,미래에셋자산운용,0.49,21582600000,13835,13806.8,2020-12-08,주식,해외,실물(패시브),배당소득세(보유기간과세),Indxx Global Cloud Computing Index(PR),글로벌,AI·테크,일반,20260810
248270,KR7248270001,TIGER S&P글로벌헬스케어(합성),미래에셋자산운용,0.4,30677400000,26910,26763.31,2016-07-01,주식,해외,합성(패시브),배당소득세(보유기간과세),S&P Global 1200 Health Care Index,글로벌,바이오·헬스케어,일반,20260810
464930,KR7464930007,TIGER 글로벌혁신블루칩TOP10,미래에셋자산운용,0.48,122266500000,22030,21974.66,2023-08-29,주식,해외,실물(패시브),배당소득세(보유기간과세),Mirae Asset Global Innovative Bluechip Top 10 Index(PR),글로벌,기타,일반,20260810
139320,KR7139320006,TIGER 금은선물(H),미래에셋자산운용,0.69,40029000000,18195,18134.17,2011-04-08,원자재,해외,실물(패시브),배당소득세(보유기간과세),S&P GSCI Precious Metals Index(TR),글로벌,원자재·금,일반,20260810
0168K0,KR70168K0008,TIGER 기술이전바이오액티브,미래에셋자산운용,0.5,150613800000,7255,7232.05,2026-03-17,주식,국내,실물(액티브),배당소득세(보유기간과세),KRX 기술이전 바이오 지수,한국,바이오·헬스케어,일반,20260810
137610,KR7137610002,TIGER 농산물선물Enhanced(H),미래에셋자산운용,0.69,12305000000,5350,5330.25,2011-01-11,원자재,해외,실물(패시브),배당소득세(보유기간과세),S&P GSCI Agriculture Enhanced Index(ER),글로벌,소비재,일반,20260810
272580,KR7272580002,TIGER 단기채권액티브,미래에셋자산운용,0.06,730497820000,56990,56992.24,2017-06-29,채권,국내,실물(액티브),배당소득세(보유기간과세),KIS MSB 6M PLUS 지수,한국,기타,일반,20260810
157450,KR7157450008,TIGER 단기통안채,미래에셋자산운용,0.07,1255230060000,112355,112364.67,2012-05-16,채권,국내,실물(패시브),배당소득세(보유기간과세),KIS MSB 6M(총수익),한국,기타,일반,20260810
105010,KR7105010003,TIGER 라틴35,미래에셋자산운용,0.49,8918000000,6370,6393.29,2008-08-27,주식,해외,실물(패시브),배당소득세(해외주식투자전용ETF),BNY Latin America 35 ADR,기타,기타,일반,20260810
123320,KR7123320004,TIGER 레버리지,미래에셋자산운용,0.022,219744000000,91560,91480.03,2010-04-09,주식,국내,실물(패시브),배당소득세(보유기간과세),코스피 200,한국,광범위지수,일반,20260810
0086B0,KR70086B0008,TIGER 리츠부동산인프라TOP10액티브,미래에셋자산운용,0.06,47456500000,9685,9683.57,2025-07-29,부동산,국내,실물(액티브),배당소득세(분리과세부동산ETF),KEDI 리츠부동산인프라TOP10지수 (Price Return),한국,리츠·부동산,일반,20260810
341850,KR7341850006,TIGER 리츠부동산인프라채권,미래에셋자산운용,0.22,9200000000,4600,4598.21,2020-05-22,혼합자산,국내,실물(패시브),배당소득세(분리과세부동산ETF),KIS 리츠부동산인프라채권PR 지수,한국,리츠·부동산,일반,20260810
329200,KR7329200000,TIGER 리츠부동산인프라,미래에셋자산운용,0.08,1529251000000,4090,4079.49,2019-07-19,부동산,국내,실물(패시브),비과세,FnGuide 리츠부동산인프라,한국,리츠·부동산,일반,20260810
0086C0,KR70086C0007,TIGER 리츠부동산인프라10채권혼합액티브,미래에셋자산운용,0.15,17377500000,9930,9898.54,2025-07-29,혼합자산,국내,실물(액티브),배당소득세(보유기간과세),KEDI 리츠부동산인프라TOP10채권혼합지수 (Price Return),한국,리츠·부동산,혼합,20260810
0043B0,KR70043B0000,TIGER 머니마켓액티브,미래에셋자산운용,0.04,3008156990000,103295,103287.94,2025-04-22,채권,국내,실물(액티브),배당소득세(보유기간과세),KIS-미래에셋 MMF지수,한국,채권·금리,일반,20260810
147970,KR7147970008,TIGER 모멘텀,미래에셋자산운용,0.23,38529600000,80270,80408.74,2011-10-26,주식,국내,실물(패시브),비과세,FnGuide 모멘텀 지수,한국,기타,일반,20260810
458250,KR7458250008,TIGER 미국30년국채스트립액티브(합성 H),미래에셋자산운용,0.15,393874110000,34605,34754.51,2023-05-31,채권,해외,합성(액티브),배당소득세(보유기간과세),ICE BofA Long US Treasury Principal STRIPS Index,미국,채권·금리,일반,20260810
0142D0,KR70142D0008,TIGER 미국AI데이터센터TOP4Plus,미래에셋자산운용,0.49,93810000000,10600,10384.92,2025-12-09,주식,해외,실물(패시브),배당소득세(보유기간과세),Akros U.S. AI Data Center TOP4 Plus 지수(PR),미국,AI·테크,일반,20260810
491830,KR7491830006,TIGER 미국AI반도체팹리스,미래에셋자산운용,0.49,39431500000,23195,23025.01,2024-09-24,주식,해외,실물(패시브),배당소득세(보유기간과세),Mirae Asset US AI Fabless 지수(PR),미국,AI·테크,일반,20260810
490090,KR7490090008,TIGER 미국AI빅테크10,미래에셋자산운용,0.3,219846000000,16655,16606.23,2024-08-27,주식,해외,실물(패시브),배당소득세(보유기간과세),KEDI 미국AI빅테크10 지수(PR),미국,AI·테크,일반,20260810
493810,KR7493810006,TIGER 미국AI빅테크10타겟데일리커버드콜,미래에셋자산운용,0.25,252096000000,12120,12079.43,2024-10-15,주식,해외,실물(패시브),배당소득세(보유기간과세),KEDI 미국AI빅테크10+15%데일리프리미엄 지수(TR),미국,AI·테크,일반,20260810
0102A0,KR70102A0009,TIGER 미국AI소프트웨어TOP4Plus,미래에셋자산운용,0.49,72377500000,8515,8493.62,2025-09-09,주식,해외,실물(패시브),배당소득세(보유기간과세),Akros U.S. AI Software TOP4 Plus 지수 (Price Return),미국,AI·테크,일반,20260810
0123G0,KR70123G0008,TIGER 미국AI전력SMR,미래에셋자산운용,0.49,136482500000,7090,7010.99,2025-11-04,주식,해외,실물(패시브),배당소득세(보유기간과세),Akros U.S. AI Electricity SMR Index 지수(PR),미국,AI·테크,일반,20260810
488500,KR7488500000,TIGER 미국S&P500동일가중,미래에셋자산운용,0.2,117603000000,13140,13142.71,2024-07-23,주식,해외,실물(패시브),배당소득세(보유기간과세),S&P 500 Equal Weight Index(PR),미국,광범위지수,일반,20260810
429000,KR7429000003,TIGER 미국S&P500배당귀족,미래에셋자산운용,0.25,191304750000,14015,14003.54,2022-05-17,주식,해외,실물(패시브),배당소득세(보유기간과세),S&P 500 Dividend Aristocrats 지수 (Price Return),미국,배당주,일반,20260810
360750,KR7360750004,TIGER 미국S&P500,미래에셋자산운용,0.006,20580351250000,27275,27262.32,2020-08-07,주식,해외,실물(패시브),배당소득세(보유기간과세),S&P 500,미국,광범위지수,일반,20260810
448290,KR7448290007,TIGER 미국S&P500(H),미래에셋자산운용,0.07,458490000000,17980,17961.9,2022-11-25,주식,해외,실물(패시브),배당소득세(보유기간과세),S&P 500,미국,광범위지수,일반,20260810
418660,KR7418660007,TIGER 미국나스닥100레버리지(합성),미래에셋자산운용,0.25,658647500000,43190,42950.69,2022-02-22,주식,해외,합성(패시브),배당소득세(보유기간과세),NASDAQ 100,미국,광범위지수,일반,20260810
133690,KR7133690008,TIGER 미국나스닥100,미래에셋자산운용,0.7,11617061200000,187010,186557.05,2010-10-18,주식,해외,실물(패시브),배당소득세(해외주식투자전용ETF),NASDAQ 100,미국,광범위지수,일반,20260810
448300,KR7448300004,TIGER 미국나스닥100(H),미래에셋자산운용,0.006,356895000000,23175,23112.48,2022-11-25,주식,해외,실물(패시브),배당소득세(보유기간과세),NASDAQ 100,미국,광범위지수,일반,20260810
435420,KR7435420005,TIGER 미국나스닥100채권혼합50,미래에셋자산운용,0.25,490631250000,14325,14298.05,2022-07-06,혼합자산,국내&해외,실물(패시브),배당소득세(보유기간과세),FnGuide 나스닥100채권혼합50 지수(총수익 지수),미국,채권·금리,혼합,20260810
441680,KR7441680006,TIGER 미국나스닥100커버드콜(합성),미래에셋자산운용,0.37,299200000000,11000,11008.84,2022-09-22,주식,해외,합성(패시브),배당소득세(보유기간과세),Cboe Nasdaq-100 BuyWrite V2 지수 (Total Return),미국,기타,일반,20260810
429010,KR7429010002,TIGER 미국나스닥넥스트100,미래에셋자산운용,0.49,10357500000,20715,20629.11,2022-05-17,주식,해외,실물(패시브),배당소득세(보유기간과세),Nasdaq Next Generation 100 지수 (Price Return),미국,기타,일반,20260810
245340,KR7245340005,TIGER 미국다우존스30,미래에셋자산운용,0.35,147549600000,37260,37293.4,2016-07-01,주식,해외,실물(패시브),배당소득세(해외주식투자전용ETF),Dow Jones Industrial Average,미국,기타,일반,20260810
456610,KR7456610005,TIGER 미국달러SOFR금리액티브(합성),미래에셋자산운용,0.05,697060250000,61415,61431.58,2023-05-09,기타,해외,합성(액티브),배당소득세(보유기간과세),Solactive SOFR Daily Total Return Index,미국,채권·금리,일반,20260810
329750,KR7329750004,TIGER 미국달러단기채권액티브,미래에셋자산운용,0.3,633512050000,13385,13391.66,2019-07-24,채권,해외,실물(액티브),배당소득세(보유기간과세),KIS U.S. TREASURY BOND 0-1Y 지수(총수익),미국,채권·금리,일반,20260810
261110,KR7261110001,TIGER 미국달러선물레버리지,미래에셋자산운용,0.05,8385000000,16770,16796.35,2016-12-27,통화,국내,실물(패시브),배당소득세(보유기간과세),미국달러선물지수,한국,기타,일반,20260810
261120,KR7261120000,TIGER 미국달러선물인버스2X,미래에셋자산운용,0.05,42378000000,5045,5037.63,2016-12-27,통화,국내,실물(패시브),배당소득세(보유기간과세),미국달러선물지수,한국,기타,일반,20260810
494840,KR7494840002,TIGER 미국방산TOP10,미래에셋자산운용,0.45,48280000000,14200,14170.34,2024-10-29,주식,해외,실물(패시브),배당소득세(보유기간과세),Mirae Asset US Defense Top 10 Index(PR),미국,방산·우주,일반,20260810
458730,KR7458730009,TIGER 미국배당다우존스,미래에셋자산운용,0.01,4200520000000,15200,15224.53,2023-06-20,주식,해외,실물(패시브),배당소득세(보유기간과세),Dow Jones U.S. Dividend 100 Price Return Index,미국,배당주,일반,20260810
0008S0,KR70008S0004,TIGER 미국배당다우존스타겟데일리커버드콜,미래에셋자산운용,0.25,283509500000,10235,10202.78,2025-01-21,주식,해외,실물(패시브),배당소득세(보유기간과세),Dow Jones U.S. Dividend 100 10% Daily Premium Covered Call 지수,미국,배당주,커버드콜,20260810
0015K0,KR70015K0003,TIGER 미국소비트렌드액티브,미래에셋자산운용,0.79,4999360000,7352,7340.63,2025-02-18,주식,해외,실물(액티브),배당소득세(보유기간과세),Mirae Asset US Consumer Trend 지수 (PR),미국,소비재,일반,20260810
0183J0,KR70183J0002,TIGER 미국우주테크,미래에셋자산운용,0.49,1277822000000,8840,8686.14,2026-04-14,주식,해외,실물(패시브),배당소득세(보유기간과세),Akros U.S. Space Tech 지수(PR),미국,AI·테크,일반,20260810
305080,KR7305080004,TIGER 미국채10년선물,미래에셋자산운용,0.25,226435000000,12650,12649.17,2018-08-30,채권,해외,실물(패시브),배당소득세(보유기간과세),S&P 10-Year U.S. Treasury Note Futures(ER),미국,채권·금리,일반,20260810
0046A0,KR70046A0008,TIGER 미국초단기(3개월이하)국채,미래에셋자산운용,0.09,342216000000,9800,9807.2,2025-04-29,채권,해외,실물(패시브),배당소득세(보유기간과세),ICE 0-3 Month US Treasury Securities 지수,미국,채권·금리,일반,20260810
465670,KR7465670008,TIGER 미국캐시카우100,미래에셋자산운용,0.25,14403250000,16945,16923.02,2023-09-19,주식,해외,실물(패시브),배당소득세(보유기간과세),Global X U.S. Cash Flow Kings 100 Index(PR),미국,기타,일반,20260810
0223R0,KR70223R0004,TIGER 미국테크NYSE100액티브,미래에셋자산운용,0.79,28061900000,9710,9615.81,2026-07-21,주식,해외,실물(액티브),배당소득세(보유기간과세),NYSE 100 지수(Price Return),미국,기타,일반,20260810
381170,KR7381170000,TIGER 미국테크TOP10 INDXX,미래에셋자산운용,0.49,3954236000000,32240,32160.01,2021-04-09,주식,해외,실물(패시브),배당소득세(보유기간과세),Indxx US Tech Top 10 Index,미국,AI·테크,일반,20260810
472160,KR7472160001,TIGER 미국테크TOP10 INDXX(H),미래에셋자산운용,0.49,247604000000,19120,19082.17,2023-12-05,주식,해외,실물(패시브),배당소득세(보유기간과세),Indxx US Tech Top 10 Index,미국,AI·테크,일반,20260810
472170,KR7472170000,TIGER 미국테크TOP10채권혼합,미래에셋자산운용,0.25,341167750000,14245,14219.95,2023-12-05,혼합자산,국내&해외,실물(패시브),배당소득세(보유기간과세),FnGuide 미국테크TOP10 채권혼합지수,미국,AI·테크,혼합,20260810
458260,KR7458260007,TIGER 미국투자등급회사채액티브(H),미래에셋자산운용,0.14,234304800000,46600,46586.48,2023-05-31,채권,해외,실물(액티브),배당소득세(보유기간과세),iBoxx USD Liquid Investment Grade Index(Price Return),기타,기타,일반,20260810
497570,KR7497570002,TIGER 미국필라델피아AI반도체나스닥,미래에셋자산운용,0.49,1178496000000,23040,22874.13,2024-11-26,주식,해외,실물(패시브),배당소득세(보유기간과세),PHLX US AI Semiconductor 지수 (PR),미국,반도체,일반,20260810
381180,KR7381180009,TIGER 미국필라델피아반도체나스닥,미래에셋자산운용,0.49,6164907000000,46110,45677.29,2021-04-09,주식,해외,실물(패시브),배당소득세(보유기간과세),PHLX Semiconductor Sector Index,미국,반도체,일반,20260810
228810,KR7228810008,TIGER 미디어컨텐츠,미래에셋자산운용,0.44,80761500000,3425,3423.38,2015-10-07,주식,국내,실물(패시브),비과세,WISE 미디어컨텐츠 지수,한국,게임·엔터,일반,20260810
364970,KR7364970004,TIGER 바이오TOP10,미래에셋자산운용,0.4,319928000000,8120,8138.07,2020-10-07,주식,국내,실물(패시브),비과세,KRX 바이오 TOP 10 지수,한국,바이오·헬스케어,일반,20260810
091230,KR7091230003,TIGER 반도체,미래에셋자산운용,0.46,1207084200000,118110,118018.35,2006-06-27,주식,국내,실물(패시브),비과세,KRX 반도체,한국,반도체,일반,20260810
488080,KR7488080003,TIGER 반도체TOP10레버리지,미래에셋자산운용,0.49,362164500000,26055,26034.86,2024-07-23,주식,국내,실물(패시브),배당소득세(보유기간과세),FnGuide 반도체TOP10 지수,한국,반도체,일반,20260810
396500,KR7396500001,TIGER 반도체TOP10,미래에셋자산운용,0.45,8188026000000,31080,31040.97,2021-08-10,주식,국내,실물(패시브),비과세,FnGuide 반도체TOP10 지수,한국,반도체,일반,20260810
0177R0,KR70177R0000,TIGER 반도체TOP10커버드콜액티브,미래에셋자산운용,0.45,691824000000,9940,9920.31,2026-04-21,주식,국내,실물(액티브),배당소득세(보유기간과세),FnGuide 반도체 TOP10 Capped 지수(Price Return),한국,반도체,일반,20260810
138520,KR7138520002,TIGER 삼성그룹,미래에셋자산운용,0.113,137644800000,34240,34176.94,2011-03-07,주식,국내,실물(패시브),비과세,MKF SAMs FW,한국,기타,일반,20260810
0195R0,KR70195R0008,TIGER 삼성전자단일종목레버리지,미래에셋자산운용,0.09,778131375000,8785,8799.42,2026-05-27,주식,국내,실물(패시브),배당소득세(보유기간과세),KRX 삼성전자 지수,한국,개별종목,일반,20260810
157490,KR7157490004,TIGER 소프트웨어,미래에셋자산운용,0.4,81939200000,8680,8691.04,2012-05-16,주식,국내,실물(패시브),비과세,FnGuide 소프트웨어 지수,한국,AI·테크,일반,20260810
228800,KR7228800009,TIGER 여행레저,미래에셋자산운용,0.5,67803750000,2625,2619.75,2015-10-07,주식,국내,실물(패시브),비과세,WISE 여행레저 지수,한국,기타,일반,20260810
227570,KR7227570009,TIGER 우량가치,미래에셋자산운용,0.35,7592400000,21090,21031.2,2015-09-23,주식,국내,실물(패시브),비과세,FnGuide 퀄리티밸류 지수,한국,광범위지수,일반,20260810
261140,KR7261140008,TIGER 우선주,미래에셋자산운용,0.29,32096000000,23600,23615.21,2017-01-06,주식,국내,실물(패시브),비과세,코스피 우선주 지수,한국,광범위지수,일반,20260810
130680,KR7130680002,TIGER 원유선물Enhanced(H),미래에셋자산운용,0.69,13663250000,6355,6384.72,2010-08-02,원자재,해외,실물(패시브),배당소득세(보유기간과세),S&P GSCI Crude Oil Enhanced Index ER,글로벌,에너지·원자력,일반,20260810
245350,KR7245350004,TIGER 유로스탁스배당30,미래에셋자산운용,0.35,31920000000,19950,19932.57,2016-07-01,주식,해외,실물(패시브),배당소득세(해외주식투자전용ETF),Euro STOXX Select Dividend 30,유럽,배당주,일반,20260810
0189B0,KR70189B0004,TIGER 은액티브,미래에셋자산운용,0.3,40812750000,8245,8157.89,2026-04-28,원자재,해외,실물(액티브),배당소득세(보유기간과세),ICE Silver Spot 지수 (시장가격),기타,원자재·금,일반,20260810
091220,KR7091220004,TIGER 은행,미래에셋자산운용,0.46,21794500000,16765,16745.24,2006-06-27,주식,국내,실물(패시브),비과세,KRX 은행,한국,금융,일반,20260810
466940,KR7466940004,TIGER 은행고배당플러스TOP10,미래에셋자산운용,0.3,788612500000,26375,26263.52,2023-10-17,주식,국내,실물(패시브),비과세,FnGuide 은행고배당플러스TOP10 지수(시장가격 지수),한국,금융,일반,20260810
307510,KR7307510008,TIGER 의료기기,미래에셋자산운용,0.5,7085000000,14170,14126.22,2018-11-08,주식,국내,실물(패시브),비과세,FnGuide 의료기기 지수,한국,바이오·헬스케어,일반,20260810
453870,KR7453870008,TIGER 인도니프티50,미래에셋자산운용,0.19,302103000000,12060,12133.69,2023-04-14,주식,해외,실물(패시브),배당소득세(보유기간과세),Nifty 50 Index,인도,광범위지수,일반,20260810
236350,KR7236350005,TIGER 인도니프티50레버리지(합성),미래에셋자산운용,0.58,19198300000,30965,30754.4,2016-05-13,주식,해외,합성(패시브),배당소득세(보유기간과세),Nifty 50 Index,인도,광범위지수,일반,20260810
479730,KR7479730004,TIGER 인도빌리언컨슈머,미래에셋자산운용,0.49,62245000000,10550,10586.56,2024-05-14,주식,해외,실물(패시브),배당소득세(보유기간과세),Mirae Asset India Billion Consumer 지수(PR),인도,소비재,일반,20260810
123310,KR7123310005,TIGER 인버스,미래에셋자산운용,0.022,57799600000,1262,1265.64,2010-03-29,주식,국내,실물(패시브),배당소득세(보유기간과세),코스피 200 선물지수,한국,광범위지수,일반,20260810
365000,KR7365000009,TIGER 인터넷TOP10,미래에셋자산운용,0.4,40389250000,3865,3861.81,2020-10-07,주식,국내,실물(패시브),비과세,KRX 인터넷 TOP 10 지수,한국,AI·테크,일반,20260810
241180,KR7241180009,TIGER 일본니케이225,미래에셋자산운용,0.29,408369000000,36075,35413.51,2016-03-31,주식,해외,실물(패시브),배당소득세(해외주식투자전용ETF),Nikkei 225,일본,기타,일반,20260810
465660,KR7465660009,TIGER 일본반도체FACTSET,미래에셋자산운용,0.49,34519500000,25570,25003.7,2023-09-19,주식,해외,실물(패시브),배당소득세(보유기간과세),FactSet Japan Semiconductor Index(PR),일본,반도체,일반,20260810
292560,KR7292560000,TIGER 일본엔선물,미래에셋자산운용,0.21,35647000000,8290,8274.85,2018-04-17,통화,국내,실물(패시브),배당소득세(보유기간과세),엔선물지수,한국,기타,일반,20260810
0025N0,KR70025N0008,TIGER TDF2045 적격,미래에셋자산운용,0.19,779872500000,12330,12325.38,2025-03-25,혼합자산,국내&해외,실물(패시브),배당소득세(보유기간과세),S&P Korea Target Date 2045 Global Index,글로벌,자산배분·TDF,일반,20260810
494670,KR7494670003,TIGER 조선TOP10,미래에셋자산운용,0.35,618599000000,24070,24078.79,2024-10-22,주식,국내,실물(패시브),비과세,iSelect 조선TOP10 Index(PR),한국,조선·기계,일반,20260810
150460,KR7150460004,TIGER 중국소비테마,미래에셋자산운용,0.5,57988200000,7610,7645.94,2011-12-16,주식,국내,실물(패시브),비과세,FnGuide 중국내수테마 지수,한국,기타,일반,20260810
0192Z0,KR70192Z0001,TIGER 중기종합채권(A-이상)액티브,미래에셋자산운용,0.06,192690350000,100885,100890.39,2026-05-19,채권,국내,실물(액티브),배당소득세(보유기간과세),NICE 중기종합채권(A-이상)(총수익지수),한국,채권·금리,일반,20260810
302190,KR7302190004,TIGER 중장기국채,미래에셋자산운용,0.13,193868500000,50225,50214.74,2018-07-20,채권,국내,실물(패시브),배당소득세(보유기간과세),KIS 국채 3-10년 지수(시장가격지수),한국,채권·금리,일반,20260810
157500,KR7157500000,TIGER 증권,미래에셋자산운용,0.4,235781000000,12955,12991.81,2012-05-16,주식,국내,실물(패시브),비과세,FnGuide 증권 지수,한국,금융,일반,20260810
307520,KR7307520007,TIGER 지주회사,미래에셋자산운용,0.5,273742500000,21470,21476.43,2018-11-08,주식,국내,실물(패시브),비과세,FnGuide 지주회사 지수,한국,기타,일반,20260810
117690,KR7117690008,TIGER 차이나항셍30,미래에셋자산운용,0.4,10232500000,20465,20536.36,2009-10-21,주식,해외,실물(패시브),배당소득세(해외주식투자전용ETF),Hang Seng China (Hong Kong-listed) 30 Index,중국,기타,일반,20260810
0067Y0,KR70067Y0004,TIGER 차이나AI소프트웨어,미래에셋자산운용,0.49,11252750000,11845,11836.24,2025-06-17,주식,해외,실물(패시브),배당소득세(보유기간과세),"Mirae Asset China AI Software 지수 (Price Return, HKD)",중국,AI·테크,일반,20260810
245360,KR7245360003,TIGER 차이나HSCEI,미래에셋자산운용,0.29,27638250000,12855,12756.68,2016-06-16,주식,해외,실물(패시브),배당소득세(해외주식투자전용ETF),Hang Seng China H,중국,기타,일반,20260810
414780,KR7414780007,TIGER 차이나과창판STAR50(합성),미래에셋자산운용,0.09,231385250000,14785,15140.06,2022-01-13,주식,해외,합성(패시브),배당소득세(보유기간과세),STAR 50 Index(Price Return),기타,기타,일반,20260810
0067V0,KR70067V0007,TIGER 차이나글로벌리더스TOP3+,미래에셋자산운용,0.49,25308000000,10545,10501.51,2025-06-17,주식,해외,실물(패시브),배당소득세(보유기간과세),"Solactive-KEDI 차이나글로벌리더스TOP3플러스 지수 (Price Return, CNH)",글로벌,기타,일반,20260810
371470,KR7371470006,TIGER 차이나바이오테크SOLACTIVE,미래에셋자산운용,0.49,48963800000,8935,8879.29,2020-12-08,주식,해외,실물(패시브),배당소득세(보유기간과세),Solactive China Biotech Index(PR),중국,바이오·헬스케어,일반,20260810
396520,KR7396520009,TIGER 차이나반도체FACTSET,미래에셋자산운용,0.49,596370000000,14475,14676.28,2021-08-10,주식,해외,실물(패시브),배당소득세(보유기간과세),FactSet China Semiconductor 지수(PR),중국,반도체,일반,20260810
371460,KR7371460007,TIGER 차이나전기차SOLACTIVE,미래에셋자산운용,0.49,804460000000,11020,10967.74,2020-12-08,주식,해외,실물(패시브),배당소득세(보유기간과세),Solactive China Electric Vehicle and Battery Index(PR),중국,2차전지,일반,20260810
456680,KR7456680008,TIGER 차이나전기차레버리지(합성),미래에셋자산운용,0.58,43644800000,7360,7257.91,2023-05-09,주식,해외,합성(패시브),배당소득세(보유기간과세),Solactive China Electric Vehicle and Battery Index(PR),중국,2차전지,일반,20260810
0133E0,KR70133E0008,TIGER 차이나증권,미래에셋자산운용,0.49,9460500000,9010,9099.86,2026-02-03,주식,해외,실물(패시브),배당소득세(보유기간과세),Solactive China Securities Index (Price Return),중국,기타,일반,20260810
396510,KR7396510000,TIGER 차이나클린에너지SOLACTIVE,미래에셋자산운용,0.49,14186400000,7710,7811.55,2021-08-10,주식,해외,실물(패시브),배당소득세(보유기간과세),Solactive China Clean Energy 지수(PR),중국,에너지·원자력,일반,20260810
0047A0,KR70047A0007,TIGER 차이나테크TOP10,미래에셋자산운용,0.49,211404000000,13380,13498.2,2025-05-13,주식,해외,실물(패시브),배당소득세(보유기간과세),Mirae Asset China Tech Top 10 지수 (Price Return),중국,AI·테크,일반,20260810
438320,KR7438320004,TIGER 차이나항셍테크레버리지(합성 H),미래에셋자산운용,0.58,25901000000,5900,5886.45,2022-08-23,주식,해외,합성(패시브),배당소득세(보유기간과세),Hang Seng TECH Index,중국,AI·테크,일반,20260810
371160,KR7371160003,TIGER 차이나항셍테크,미래에셋자산운용,0.09,623043750000,7575,7538.04,2020-12-16,주식,해외,실물(패시브),배당소득세(보유기간과세),Hang Seng TECH Index,중국,AI·테크,일반,20260810
0053L0,KR70053L0005,TIGER 차이나휴머노이드로봇,미래에셋자산운용,0.49,277728000000,10560,10620.81,2025-05-27,주식,해외,실물(패시브),배당소득세(보유기간과세),Mirae Asset China Humanoid Robot 지수(PR),중국,AI·테크,일반,20260810
0117V0,KR70117V0007,TIGER 코리아AI전력기기TOP3플러스,미래에셋자산운용,0.4,988465500000,18810,18782.86,2025-10-21,주식,국내,실물(패시브),비과세,KEDI 코리아AI전력기기TOP3플러스 지수,한국,AI·테크,일반,20260810
292150,KR7292150000,TIGER 코리아TOP10,미래에셋자산운용,0.15,1865479000000,34610,34728.16,2018-03-30,주식,국내,실물(패시브),비과세,FnGuide TOP10 지수,한국,기타,일반,20260810
0104P0,KR70104P0000,TIGER 코리아배당다우존스위클리커버드콜,미래에셋자산운용,0.25,20358000000,11310,11311.75,2025-09-23,주식,국내,실물(패시브),배당소득세(보유기간과세),KRX 다우존스 코리아 배당 30 타겟 7% 위클리 커버드콜 지수,한국,배당주,커버드콜,20260810
0052D0,KR70052D0006,TIGER 코리아배당다우존스,미래에셋자산운용,0.25,351426000000,15830,15811.01,2025-05-20,주식,국내,실물(패시브),비과세,Dow Jones Korea Dividend 30 지수 (Price Return),한국,배당주,일반,20260810
496080,KR7496080003,TIGER 코리아밸류업,미래에셋자산운용,0.008,489159000000,30195,30323.47,2024-11-04,주식,국내,실물(패시브),비과세,코리아 밸류업 지수,한국,배당주,일반,20260810
0091P0,KR70091P0005,TIGER 코리아원자력,미래에셋자산운용,0.5,549893250000,16245,16197.4,2025-08-19,주식,국내,실물(패시브),비과세,iSelect 코리아 원자력 지수 (Price Return),한국,에너지·원자력,일반,20260810
0148J0,KR70148J0006,TIGER 코리아휴머노이드로봇산업,미래에셋자산운용,0.5,645771000000,9660,9659.57,2026-01-06,주식,국내,실물(패시브),비과세,KEDI 코리아 휴머노이드로봇산업 지수 (PR),한국,AI·테크,일반,20260810
233160,KR7233160001,TIGER 코스닥150 레버리지,미래에셋자산운용,0.32,196624250000,8605,8579.61,2015-12-17,주식,국내,실물(패시브),배당소득세(보유기간과세),코스닥 150,한국,광범위지수,일반,20260810
232080,KR7232080002,TIGER 코스닥150,미래에셋자산운용,0.19,1400278800000,15060,15044.06,2015-11-12,주식,국내,실물(패시브),비과세,코스닥 150,한국,광범위지수,일반,20260810
261060,KR7261060008,TIGER 코스닥150IT,미래에셋자산운용,0.4,26274000000,22650,22598.74,2016-12-15,주식,국내,실물(패시브),비과세,코스닥 150 정보기술,한국,광범위지수,일반,20260810
261070,KR7261070007,TIGER 코스닥150바이오테크,미래에셋자산운용,0.4,64690800000,14570,14546.84,2016-12-15,주식,국내,실물(패시브),비과세,코스닥 150 헬스케어,한국,바이오·헬스케어,일반,20260810
250780,KR7250780004,TIGER 코스닥150선물인버스,미래에셋자산운용,0.32,5148000000,2340,2335.38,2016-08-10,주식,국내,실물(패시브),배당소득세(보유기간과세),F-코스닥150 지수,한국,광범위지수,일반,20260810
461580,KR7461580003,TIGER 코스닥글로벌,미래에셋자산운용,0.15,10835500000,16670,16626.86,2023-06-29,주식,국내,실물(패시브),비과세,코스닥 글로벌 지수,한국,광범위지수,일반,20260810
0204S0,KR70204S0006,TIGER 코스닥액티브,미래에셋자산운용,0.5,31572750000,7095,7082.1,2026-06-02,주식,국내,실물(액티브),배당소득세(보유기간과세),코스닥,한국,광범위지수,일반,20260810
277640,KR7277640009,TIGER 코스피대형주,미래에셋자산운용,0.24,61542000000,34190,34241.73,2017-08-31,주식,국내,실물(패시브),비과세,코스피 대형주,한국,광범위지수,일반,20260810
277650,KR7277650008,TIGER 코스피중형주,미래에셋자산운용,0.24,4171000000,20855,20918.72,2017-08-31,주식,국내,실물(패시브),비과세,코스피 중형주,한국,광범위지수,일반,20260810
277630,KR7277630000,TIGER 코스피,미래에셋자산운용,0.12,429614500000,65590,65689.87,2017-08-31,주식,국내,실물(패시브),비과세,코스피,한국,광범위지수,일반,20260810
376410,KR7376410007,TIGER 탄소효율그린뉴딜,미래에셋자산운용,0.09,20340000000,22600,22741.96,2021-02-05,주식,국내,실물(패시브),비과세,KRX/S&P 탄소효율 그린뉴딜지수,한국,기타,일반,20260810
447770,KR7447770009,TIGER 테슬라채권혼합Fn,미래에셋자산운용,0.25,434880000000,13590,13586.38,2022-11-29,혼합자산,국내&해외,실물(패시브),배당소득세(보유기간과세),FnGuide 테슬라채권혼합 지수,미국,개별종목,혼합,20260810
0060H0,KR70060H0002,TIGER 토탈월드스탁액티브,미래에셋자산운용,0.25,397839000000,13130,13125.37,2025-06-24,주식,해외,실물(액티브),배당소득세(보유기간과세),FTSE Global All Cap Index(PR),글로벌,기타,일반,20260810
387280,KR7387280001,TIGER 퓨처모빌리티액티브,미래에셋자산운용,0.77,15444000000,11440,11407.26,2021-05-25,주식,국내,실물(액티브),배당소득세(보유기간과세),FnGuide 퓨처모빌리티 지수,한국,자동차,일반,20260810
449690,KR7449690007,TIGER 한중반도체(합성),미래에셋자산운용,0.35,35238750000,46985,47272.01,2022-12-22,주식,국내&해외,합성(패시브),배당소득세(보유기간과세),KRX CSI 한·중 반도체지수,중국,반도체,일반,20260810
449680,KR7449680008,TIGER 한중전기차(합성),미래에셋자산운용,0.35,9507250000,11185,11046.96,2022-12-22,주식,국내&해외,합성(패시브),배당소득세(보유기간과세),KRX CSI 한·중 전기차지수,중국,자동차,일반,20260810
143860,KR7143860005,TIGER 헬스케어,미래에셋자산운용,0.4,167071200000,41560,41603.51,2011-07-18,주식,국내,실물(패시브),비과세,KRX 헬스케어,한국,바이오·헬스케어,일반,20260810
138540,KR7138540000,TIGER 현대차그룹플러스,미래에셋자산운용,0.15,680644000000,52600,52783.75,2011-03-10,주식,국내,실물(패시브),비과세,MKF 현대차그룹+ FW,한국,개별종목,일반,20260810
228790,KR7228790002,TIGER 화장품,미래에셋자산운용,0.5,251753400000,4140,4153.93,2015-10-07,주식,국내,실물(패시브),비과세,WISE 화장품 지수,한국,소비재,일반,20260810
394670,KR7394670004,TIGER 글로벌리튬&2차전지SOLACTIVE(합성),미래에셋자산운용,0.49,206615200000,11660,11599.63,2021-07-20,주식,해외,합성(패시브),배당소득세(보유기간과세),Solactive Global Lithium 지수(PR),글로벌,2차전지,일반,20260810
394660,KR7394660005,TIGER 글로벌자율주행&전기차SOLACTIVE,미래에셋자산운용,0.49,110732800000,16880,16911.79,2021-07-20,주식,해외,실물(패시브),배당소득세(보유기간과세),Solactive Autonomous & Electric Vehicles 지수(PR),기타,기타,일반,20260810
276000,KR7276000007,TIGER 글로벌자원생산기업(합성 H),미래에셋자산운용,0.4,17225250000,20265,20160.42,2017-08-01,주식,해외,합성(패시브),배당소득세(보유기간과세),MorningStar Global Upstream Resources Index(PR),글로벌,기타,일반,20260810
449170,KR7449170000,TIGER KOFR금리액티브(합성),미래에셋자산운용,0.03,2435354800000,111560,111546.78,2022-11-30,기타,국내,합성(액티브),배당소득세(보유기간과세),KOFR 지수,한국,채권·금리,일반,20260810
458750,KR7458750007,TIGER 미국배당다우존스타겟커버드콜1호,미래에셋자산운용,0.39,67473000000,13230,13241.54,2023-06-20,주식,해외,실물(패시브),배당소득세(보유기간과세),DowJones U.S. Dividend 100 3% Premium Covered Call 지수 (TR),미국,배당주,커버드콜,20260810
471780,KR7471780007,TIGER 코리아테크액티브,미래에셋자산운용,0.77,239696600000,31790,31704.39,2023-11-28,주식,국내,실물(액티브),배당소득세(보유기간과세),KRX 정보기술,한국,기타,일반,20260810
139260,KR7139260004,TIGER 200 IT,미래에셋자산운용,0.4,2391265800000,120285,120794.32,2011-04-06,주식,국내,실물(패시브),비과세,코스피 200 정보기술,한국,광범위지수,일반,20260810
139220,KR7139220008,TIGER 200 건설,미래에셋자산운용,0.4,126477400000,7405,7375.64,2011-04-06,주식,국내,실물(패시브),비과세,코스피 200 건설,한국,조선·기계,일반,20260810
139290,KR7139290001,TIGER 200 경기소비재,미래에셋자산운용,0.4,6942000000,26700,26633.91,2011-04-06,주식,국내,실물(패시브),비과세,코스피 200 경기소비재,한국,소비재,일반,20260810
139270,KR7139270003,TIGER 200 금융,미래에셋자산운용,0.4,30448600000,16730,16707.34,2011-04-06,주식,국내,실물(패시브),비과세,코스피 200 금융,한국,금융,일반,20260810
139250,KR7139250005,TIGER 200 에너지화학,미래에셋자산운용,0.34,23439600000,17235,17296.55,2011-04-06,주식,국내,실물(패시브),비과세,코스피 200 에너지/화학,한국,에너지·원자력,일반,20260810
139230,KR7139230007,TIGER 200 중공업,미래에셋자산운용,0.34,270030100000,13735,13773.48,2011-04-06,주식,국내,실물(패시브),비과세,코스피 200 중공업,한국,조선·기계,일반,20260810
139240,KR7139240006,TIGER 200 철강소재,미래에셋자산운용,0.34,8700900000,11155,11217.64,2011-04-06,주식,국내,실물(패시브),비과세,코스피 200 철강/소재,한국,광범위지수,일반,20260810
289480,KR7289480006,TIGER 200커버드콜,미래에셋자산운용,0.38,26438500000,11495,11501.03,2018-02-09,주식,국내,실물(패시브),배당소득세(보유기간과세),코스피 200 커버드콜 ATM 지수,한국,광범위지수,커버드콜,20260810
228820,KR7228820007,TIGER KTOP30,미래에셋자산운용,0.21,17500000000,17500,17549.32,2015-10-14,주식,국내,실물(패시브),비과세,KTOP 30,한국,기타,일반,20260810
463250,KR7463250001,TIGER K방산&우주,미래에셋자산운용,0.45,570716250000,38175,38179.21,2023-07-25,주식,국내,실물(패시브),비과세,iSelect K방산&우주,한국,방산·우주,일반,20260810
225060,KR7225060003,TIGER 이머징마켓MSCI레버리지(합성 H),미래에셋자산운용,0.58,16615500000,15675,15568.84,2015-07-29,주식,해외,합성(패시브),배당소득세(보유기간과세),MSCI EM Index,신흥국,광범위지수,일반,20260810
182480,KR7182480004,TIGER 미국MSCI리츠(합성 H),미래에셋자산운용,0.24,132493000000,14095,14091.98,2013-10-10,부동산,해외,합성(패시브),배당소득세(분리과세부동산ETF),MSCI US REIT Index,미국,리츠·부동산,일반,20260810
225040,KR7225040005,TIGER 미국S&P500레버리지(합성 H),미래에셋자산운용,0.27,56891600000,69380,69166.02,2015-07-29,주식,해외,합성(패시브),배당소득세(보유기간과세),S&P 500,미국,광범위지수,일반,20260810
225030,KR7225030006,TIGER 미국S&P500선물인버스(H),미래에셋자산운용,0.59,3782500000,2225,2230.78,2015-07-29,주식,해외,실물(패시브),배당소득세(보유기간과세),S&P 500 Futures Total Return Index,미국,광범위지수,일반,20260810
451530,KR7451530000,TIGER 국고채30년스트립액티브,미래에셋자산운용,0.15,142962480000,34920,34933.32,2023-02-01,채권,국내,실물(액티브),배당소득세(보유기간과세),KIS STRIP 30Y Index(총수익지수),한국,기타,일반,20260810
491010,KR7491010005,TIGER 글로벌AI전력인프라액티브,미래에셋자산운용,0.49,654681750000,26135,25904.25,2024-09-10,주식,해외,실물(액티브),배당소득세(보유기간과세),Mirae Asset AI Infrastructure 지수(PR),기타,AI·테크,일반,20260810
412770,KR7412770000,TIGER 글로벌AI플랫폼액티브,미래에셋자산운용,0.79,79150500000,12870,12947.36,2021-12-22,주식,해외,실물(액티브),배당소득세(보유기간과세),Indxx Global Metaverse Index (Price Return),글로벌,기타,일반,20260810
203780,KR7203780002,TIGER 미국나스닥바이오,미래에셋자산운용,0.3,99101800000,34895,34865.49,2014-08-27,주식,해외,실물(패시브),배당소득세(해외주식투자전용ETF),NASDAQ Biotechnology 지수(시장가격지수),미국,AI·테크,일반,20260810
182490,KR7182490003,TIGER 단기선진하이일드(합성 H),미래에셋자산운용,0.24,8346000000,13910,13870.41,2014-03-24,채권,해외,합성(패시브),배당소득세(보유기간과세),iBoxx USD Liquid High Yield 0-5 year Index,기타,기타,일반,20260810
174350,KR7174350009,TIGER 로우볼,미래에셋자산운용,0.4,8392000000,20980,21105.04,2013-06-20,주식,국내,실물(패시브),비과세,FnGuide Low Vol 지수,한국,기타,일반,20260810
275980,KR7275980001,TIGER 글로벌4차산업혁신기술(합성 H),미래에셋자산운용,0.4,59639200000,23480,23530.99,2017-08-01,주식,해외,합성(패시브),배당소득세(보유기간과세),Morningstar Exponential Technologies Equal Weighted Select PR USD,기타,기타,일반,20260810
476550,KR7476550009,TIGER 미국30년국채커버드콜액티브(H),미래에셋자산운용,0.39,786380000000,6850,6867.14,2024-02-27,채권,해외,실물(액티브),배당소득세(보유기간과세),KEDI 미국채30년 위클리 커버드콜30 지수(Total Return),미국,채권·금리,커버드콜,20260810
482730,KR7482730009,TIGER 미국S&P500타겟데일리커버드콜,미래에셋자산운용,0.25,653225000000,12325,12311.27,2024-05-21,주식,해외,실물(패시브),배당소득세(보유기간과세),S&P500 10% Daily Premium Covered Call Index(TR),미국,광범위지수,커버드콜,20260810
486290,KR7486290000,TIGER 미국나스닥100타겟데일리커버드콜,미래에셋자산운용,0.25,2358765500000,11030,10987.66,2024-06-25,주식,해외,실물(패시브),배당소득세(보유기간과세),NASDAQ 100 Daily Covered Call Target Premium 15% 지수(TR),미국,광범위지수,커버드콜,20260810
458760,KR7458760006,TIGER 미국배당다우존스타겟커버드콜2호,미래에셋자산운용,0.39,703175250000,11135,11152.79,2023-06-20,주식,해외,실물(패시브),배당소득세(보유기간과세),DowJones U.S. Dividend 100 7% Premium Covered Call 지수 (TR),미국,배당주,커버드콜,20260810
474220,KR7474220001,TIGER 미국테크TOP10타겟커버드콜,미래에셋자산운용,0.5,442612000000,15640,15628.89,2024-01-16,주식,해외,실물(패시브),배당소득세(보유기간과세),Bloomberg U.S. Tech Top10+10% Premium Covered Call Index,미국,AI·테크,커버드콜,20260810
211560,KR7211560008,TIGER 배당성장,미래에셋자산운용,0.115,75012000000,35720,35623.99,2014-12-17,주식,국내,실물(패시브),비과세,코스피 배당성장 50,한국,배당주,일반,20260810
472150,KR7472150002,TIGER 배당커버드콜액티브,미래에셋자산운용,0.5,2139578000000,18760,18734.5,2023-12-12,주식,국내,실물(액티브),배당소득세(보유기간과세),코스피 200 커버드콜 5% OTM,한국,광범위지수,커버드콜,20260810
438330,KR7438330003,TIGER 우량회사채액티브,미래에셋자산운용,0.1,537261000000,115540,115553.83,2022-08-23,채권,국내,실물(액티브),배당소득세(보유기간과세),KIS 투자등급회사채 지수(총수익),한국,채권·금리,일반,20260810
217770,KR7217770007,TIGER 원유선물인버스(H),미래에셋자산운용,0.69,21892500000,1390,1390.79,2015-04-29,원자재,해외,실물(패시브),배당소득세(보유기간과세),S&P GSCI Crude Oil Index ER,글로벌,에너지·원자력,일반,20260810
225050,KR7225050004,TIGER 유로스탁스레버리지(합성 H),미래에셋자산운용,0.58,7683750000,17075,17218.61,2015-07-29,주식,해외,합성(패시브),배당소득세(보유기간과세),EURO STOXX 50 Index,유럽,광범위지수,일반,20260810
195930,KR7195930003,TIGER 유로스탁스50(합성 H),미래에셋자산운용,0.24,38280000000,23925,24019.11,2014-04-30,주식,해외,합성(패시브),배당소득세(보유기간과세),EURO STOXX 50 Index,유럽,광범위지수,일반,20260810
195920,KR7195920004,TIGER 일본TOPIX(합성 H),미래에셋자산운용,0.24,17547500000,35095,35159.03,2014-04-30,주식,해외,합성(패시브),배당소득세(보유기간과세),TOPIX,일본,광범위지수,일반,20260810
451540,KR7451540009,TIGER 종합채권(AA-이상)액티브,미래에셋자산운용,0.03,1002841080000,52770,52825.2,2023-02-01,채권,국내,실물(액티브),배당소득세(보유기간과세),KIS 종합채권 AA-이상 총수익 지수(Total return Index),한국,채권·금리,일반,20260810
204480,KR7204480008,TIGER 차이나CSI300레버리지(합성),미래에셋자산운용,0.58,101016600000,27155,27279.25,2014-09-01,주식,해외,합성(패시브),배당소득세(보유기간과세),CSI 300 Index,중국,광범위지수,일반,20260810
217780,KR7217780006,TIGER 차이나CSI300인버스(합성),미래에셋자산운용,0.58,8106500000,5230,5260.94,2015-06-10,주식,해외,합성(패시브),배당소득세(보유기간과세),CSI 300 Index,중국,광범위지수,일반,20260810
192090,KR7192090009,TIGER 차이나CSI300,미래에셋자산운용,0.63,138065000000,13025,13059.65,2014-02-17,주식,해외,실물(패시브),배당소득세(해외주식투자전용ETF),CSI 300 Index,중국,광범위지수,일반,20260810
210780,KR7210780003,TIGER 코스피고배당,미래에셋자산운용,0.24,76890000000,23300,23272.27,2014-12-05,주식,국내,실물(패시브),비과세,코스피 고배당 50,한국,배당주,일반,20260810
423920,KR7423920008,TIGER 미국필라델피아반도체레버리지(합성),미래에셋자산운용,0.58,710148950000,98495,96720.95,2022-04-19,주식,해외,합성(패시브),배당소득세(보유기간과세),PHLX Semiconductor Sector Index,미국,반도체,일반,20260810
0098Z0,KR70098Z0006,FOCUS 200,브이아이자산운용,0.05,63228750000,84305,83982.63,2025-09-23,주식,국내,실물(패시브),비과세,코스피 200,한국,광범위지수,일반,20260810
0176P0,KR70176P0003,FOCUS AI반도체위클리고정커버드콜,브이아이자산운용,0.3,5740000000,11480,11547.29,2026-04-07,주식,국내,실물(패시브),배당소득세(보유기간과세),AI 반도체 위클리 고정 30% 커버드콜 지수,한국,반도체,커버드콜,20260810
448570,KR7448570002,FOCUS AI코리아액티브,브이아이자산운용,0.455,38360250000,28415,28675.74,2022-11-15,주식,국내,실물(액티브),배당소득세(보유기간과세),코스피,한국,광범위지수,일반,20260810
0073X0,KR70073X0007,FOCUS 알리바바미국채커버드콜혼합,브이아이자산운용,0.36,5241500000,9530,9571.45,2025-07-01,혼합자산,해외,실물(패시브),배당소득세(보유기간과세),KEDI 알리바바미국채커버드콜혼합지수(TR),미국,채권·금리,커버드콜,20260810
285690,KR7285690004,FOCUS ESG리더스,브이아이자산운용,0.1,7318500000,20910,21071.33,2017-12-13,주식,국내,실물(패시브),비과세,KRX ESG Leaders 150,한국,광범위지수,일반,20260810
278530,KR7278530001,KODEX 200TR,삼성자산운용,0.05,7099554000000,35560,35583.78,2017-11-21,주식,국내,실물(패시브),배당소득세(보유기간과세),코스피 200 TR,한국,광범위지수,일반,20260810
226980,KR7226980001,KODEX 200 중소형,삼성자산운용,0.3,20524500000,22805,22742.93,2015-09-01,주식,국내,실물(패시브),비과세,코스피 200 중소형주지수,한국,광범위지수,일반,20260810
337160,KR7337160006,KODEX 200ESG,삼성자산운용,0.09,152092500000,43455,43333.83,2019-11-14,주식,국내,실물(패시브),비과세,코스피 200 ESG 지수,한국,광범위지수,일반,20260810
363580,KR7363580002,KODEX 200IT TR,삼성자산운용,0.15,220455000000,48990,48943.58,2020-09-25,주식,국내,실물(패시브),배당소득세(보유기간과세),코스피200 정보기술 TR,한국,광범위지수,일반,20260810
337150,KR7337150007,KODEX 200exTOP,삼성자산운용,0.3,15036000000,25060,25197.86,2019-11-14,주식,국내,실물(패시브),비과세,코스피 200 초대형제외 지수,한국,광범위지수,일반,20260810
223190,KR7223190000,KODEX 200가치저변동,삼성자산운용,0.3,27260000000,27260,27260.68,2015-06-26,주식,국내,실물(패시브),비과세,코스피 200 가치저변동성,한국,광범위지수,일반,20260810
237350,KR7237350004,KODEX 코스피100,삼성자산운용,0.15,885920000000,78400,78341.86,2016-01-27,주식,국내,실물(패시브),비과세,코스피 100,한국,광범위지수,일반,20260810
252650,KR7252650007,KODEX 200동일가중,삼성자산운용,0.25,11244000000,18740,18736.34,2016-09-20,주식,국내,실물(패시브),비과세,코스피 200 동일가중지수,한국,광범위지수,일반,20260810
360140,KR7360140008,KODEX 200롱코스닥150숏선물,삼성자산운용,0.64,42922000000,19510,19522.52,2020-08-21,주식,국내,실물(패시브),배당소득세(보유기간과세),코스피200 롱 100% 코스닥150 숏 100% 선물지수,한국,광범위지수,일반,20260810
284430,KR7284430006,KODEX 200미국채혼합50,삼성자산운용,0.35,1971520000000,20200,20225.12,2017-11-30,혼합자산,국내&해외,실물(패시브),배당소득세(보유기간과세),코스피 200 미국채 혼합지수,미국,채권·금리,혼합,20260810
252670,KR7252670005,KODEX 200선물인버스2X,삼성자산운용,0.64,773280000000,96,96.92,2016-09-22,주식,국내,실물(패시브),배당소득세(보유기간과세),코스피 200 선물지수,한국,광범위지수,일반,20260810
494890,KR7494890007,KODEX 200액티브,삼성자산운용,0.15,1006946000000,28285,28309.23,2024-10-29,주식,국내,실물(액티브),배당소득세(보유기간과세),코스피 200,한국,광범위지수,일반,20260810
0219E0,KR70219E0005,KODEX 200커버드콜액티브,삼성자산운용,0.5,451620000000,7720,7721.82,2026-07-14,주식,국내,실물(액티브),배당소득세(보유기간과세),코스피 200 커버드콜 5% OTM,한국,광범위지수,커버드콜,20260810
498400,KR7498400001,KODEX 200타겟위클리커버드콜,삼성자산운용,0.39,5244117500000,18925,18911.01,2024-12-03,주식,국내,실물(패시브),배당소득세(보유기간과세),코스피 200 타겟 15% 위클리 커버드콜 지수,한국,광범위지수,커버드콜,20260810
0117L0,KR70117L0009,KODEX 26-12 금융채(AA-이상)액티브,삼성자산운용,0.09,971614800000,10140,10137.69,2025-10-28,채권,국내,실물(액티브),배당소득세(보유기간과세),KAP 26-12 금융채 총수익 지수(AA-이상),한국,금융,일반,20260810
473290,KR7473290005,KODEX 26-12 회사채(AA-이상)액티브,삼성자산운용,0.09,495444000000,10865,10861.82,2023-12-12,채권,국내,실물(액티브),배당소득세(보유기간과세),KAP 26-12 회사채 총수익 지수(AA-이상),한국,채권·금리,일반,20260810
0007F0,KR70007F0000,KODEX 27-12 회사채(AA-이상)액티브,삼성자산운용,0.09,553214750000,10175,10171.63,2025-01-14,채권,국내,실물(액티브),배당소득세(보유기간과세),KAP 27-12 회사채 총수익 지수(AA-이상),한국,채권·금리,일반,20260810
0119H0,KR70119H0003,KODEX 28-12 회사채(AA-이상)액티브,삼성자산운용,0.09,229168250000,9925,9921.16,2025-11-04,채권,국내,실물(액티브),배당소득세(보유기간과세),KAP 28-12 회사채 총수익 지수(AA- 이상),한국,채권·금리,일반,20260810
462330,KR7462330002,KODEX 2차전지산업레버리지,삼성자산운용,0.49,725648000000,1045,1045.03,2023-07-04,주식,국내,실물(패시브),배당소득세(보유기간과세),FnGuide 2차전지 산업 지수,한국,2차전지,일반,20260810
305720,KR7305720005,KODEX 2차전지산업,삼성자산운용,0.45,1673473000000,14590,14580.42,2018-09-12,주식,국내,실물(패시브),비과세,FnGuide 2차전지 산업 지수,한국,2차전지,일반,20260810
461950,KR7461950008,KODEX 2차전지핵심소재10,삼성자산운용,0.39,165894500000,4930,4932.85,2023-07-04,주식,국내,실물(패시브),비과세,FnGuide 2차전지핵심소재10 지수,한국,2차전지,일반,20260810
457690,KR7457690006,KODEX 33-06 국고채액티브,삼성자산운용,0.15,23681250000,10525,10528.66,2023-05-31,채권,국내,실물(액티브),배당소득세(보유기간과세),KAP 33-06 국고채 총수익 지수,한국,채권·금리,일반,20260810
271060,KR7271060006,KODEX 3대농산물선물(H),삼성자산운용,0.55,29403000000,8100,8060.18,2017-06-13,원자재,해외,실물(패시브),배당소득세(보유기간과세),S&P GSCI Grains Select Index ER,글로벌,기타,일반,20260810
457700,KR7457700003,KODEX 53-09 국고채액티브,삼성자산운용,0.15,12038400000,9120,9119.85,2023-05-31,채권,국내,실물(액티브),배당소득세(보유기간과세),KAP 53-09 국고채 총수익 지수,한국,채권·금리,일반,20260810
395160,KR7395160005,KODEX AI반도체TOP2플러스,삼성자산운용,0.45,3484382000000,34705,34631.42,2021-07-30,주식,국내,실물(패시브),비과세,FnGuide AI반도체 TOP2+ 지수,한국,반도체,일반,20260810
471990,KR7471990002,KODEX AI반도체핵심장비,삼성자산운용,0.39,353356250000,21745,21667.21,2023-11-21,주식,국내,실물(패시브),비과세,iSelect AI 반도체핵심장비 지수,한국,반도체,일반,20260810
487240,KR7487240004,KODEX AI전력핵심설비,삼성자산운용,0.39,3132432000000,36255,36231.8,2024-07-09,주식,국내,실물(패시브),비과세,iSelect AI 전력핵심설비 지수(Price Return),한국,AI·테크,일반,20260810
481050,KR7481050003,KODEX CD1년금리플러스액티브(합성),삼성자산운용,0.05,2620091666500,1022395,1022309.54,2024-04-23,기타,국내,합성(액티브),배당소득세(보유기간과세),KAP 1년은행 CD+추가금리 지수(총수익지수),한국,금융,일반,20260810
459580,KR7459580007,KODEX CD금리액티브(합성),삼성자산운용,0.02,6626253574000,1074365,1074396.15,2023-06-08,기타,국내,합성(액티브),배당소득세(보유기간과세),KAP 양도성예금증서(CD)금리지수(총수익지수),한국,채권·금리,일반,20260810
439860,KR7439860008,KODEX ESG종합채권(A-이상)액티브,삼성자산운용,0.07,352485285000,113595,113591.02,2022-08-23,채권,국내,실물(액티브),배당소득세(보유기간과세),"KAP ESG 종합채권지수(A- 이상, 총수익)",한국,채권·금리,일반,20260810
266370,KR7266370006,KODEX IT,삼성자산운용,0.45,101107500000,59475,59380.86,2017-03-28,주식,국내,실물(패시브),비과세,KRX 정보기술,한국,기타,일반,20260810
101280,KR7101280006,KODEX 일본TOPIX100,삼성자산운용,0.19,53278000000,31340,31054.93,2008-02-20,주식,해외,실물(패시브),배당소득세(해외주식투자전용ETF),TOPIX100,일본,광범위지수,일반,20260810
368680,KR7368680005,KODEX K-뉴딜디지털플러스,삼성자산운용,0.09,7488000000,8320,8331.15,2020-11-10,주식,국내,실물(패시브),비과세,FnGuide K-뉴딜 디지털 플러스 지수,한국,AI·테크,일반,20260810
423160,KR7423160001,KODEX KOFR금리액티브(합성),삼성자산운용,0.05,3641738580000,110745,110727.05,2022-04-26,기타,국내,합성(액티브),배당소득세(보유기간과세),KOFR 지수,한국,채권·금리,일반,20260810
306950,KR7306950007,KODEX KRX300레버리지,삼성자산운용,0.64,51856000000,64820,64873.25,2018-10-16,주식,국내,실물(패시브),배당소득세(보유기간과세),KRX 300,한국,광범위지수,일반,20260810
292190,KR7292190006,KODEX KRX300,삼성자산운용,0.05,65647500000,43765,43666.76,2018-03-26,주식,국내,실물(패시브),비과세,KRX 300,한국,광범위지수,일반,20260810
229720,KR7229720008,KODEX KTOP30,삼성자산운용,0.25,17422500000,34845,34765.99,2015-10-14,주식,국내,실물(패시브),비과세,KTOP 30,한국,기타,일반,20260810
266360,KR7266360007,KODEX K콘텐츠,삼성자산운용,0.45,33136000000,10355,10360.64,2017-03-28,주식,국내,실물(패시브),비과세,KRX K콘텐츠,한국,게임·엔터,일반,20260810
289040,KR7289040008,KODEX MSCI KOREA ESG유니버설,삼성자산운용,0.3,18324000000,30540,30675.12,2018-02-07,주식,국내,실물(패시브),비과세,MSCI Korea ESG Universal Capped Index,한국,광범위지수,일반,20260810
156080,KR7156080004,KODEX MSCI Korea,삼성자산운용,0.09,28029000000,46715,46592.34,2012-04-30,주식,국내,실물(패시브),비과세,MSCI Korea Index,한국,광범위지수,일반,20260810
278540,KR7278540000,KODEX MSCI Korea TR,삼성자산운용,0.09,2126891000000,34810,34790.8,2017-11-09,주식,국내,실물(패시브),배당소득세(보유기간과세),MSCI Korea TR Index,한국,광범위지수,일반,20260810
251350,KR7251350005,KODEX MSCI선진국,삼성자산운용,0.3,520064000000,40630,40537.29,2016-08-17,주식,해외,실물(패시브),배당소득세(해외주식투자전용ETF),MSCI World,글로벌,광범위지수,일반,20260810
269420,KR7269420006,KODEX S&P글로벌인프라(합성),삼성자산운용,0.26,24401165000,22955,23047.38,2017-05-16,주식,해외,합성(패시브),배당소득세(보유기간과세),S&P Global Infrastructure Index,글로벌,기타,일반,20260810
291890,KR7291890002,KODEX MSCI EM선물(H),삼성자산운용,0.45,6047500000,12095,12128.85,2018-03-23,주식,해외,실물(패시브),배당소득세(보유기간과세),iEdge Emerging Markets Futures Index(ER),신흥국,기타,일반,20260810
0193T0,KR70193T0008,KODEX SK하이닉스단일종목레버리지,삼성자산운용,0.29,1955732625000,7385,7378.4,2026-05-27,주식,국내,실물(패시브),배당소득세(보유기간과세),KRX SK하이닉스 지수,한국,개별종목,일반,20260810
329650,KR7329650006,KODEX TRF3070,삼성자산운용,0.24,235537500000,14275,14301.54,2019-07-04,혼합자산,국내&해외,실물(패시브),배당소득세(보유기간과세),FnGuide TRF 3070 지수,국내+해외,기타,일반,20260810
329660,KR7329660005,KODEX TRF5050,삼성자산운용,0.17,85375500000,18165,18226.46,2019-07-04,혼합자산,국내&해외,실물(패시브),배당소득세(보유기간과세),FnGuide TRF 5050 지수,국내+해외,기타,일반,20260810
329670,KR7329670004,KODEX TRF7030,삼성자산운용,0.1,91060000000,22765,22624.72,2019-07-04,혼합자산,국내&해외,실물(패시브),배당소득세(보유기간과세),FnGuide TRF 7030 지수,국내+해외,기타,일반,20260810
395170,KR7395170004,KODEX Top10동일가중,삼성자산운용,0.15,29880000000,14940,14940.37,2021-07-30,주식,국내,실물(패시브),비과세,FnGuide TOP10 동일가중 지수,한국,기타,일반,20260810
315930,KR7315930008,KODEX Top5PlusTR,삼성자산운용,0.15,1296450000000,75375,75406.03,2019-01-22,주식,국내,실물(패시브),배당소득세(보유기간과세),FnGuide TOP 5 Plus Total Return 지수,한국,기타,일반,20260810
271050,KR7271050007,KODEX WTI원유선물인버스(H),삼성자산운용,0.35,140714000000,2185,2193.67,2017-06-13,원자재,해외,실물(패시브),배당소득세(보유기간과세),S&P GSCI Crude Oil Index ER,글로벌,에너지·원자력,일반,20260810
261220,KR7261220008,KODEX WTI원유선물(H),삼성자산운용,0.35,48768750000,21675,21721.93,2016-12-27,원자재,해외,실물(패시브),배당소득세(보유기간과세),S&P GSCI Crude Oil Index ER,글로벌,에너지·원자력,일반,20260810
468380,KR7468380001,KODEX iShares미국하이일드액티브,삼성자산운용,0.15,95807400000,11245,11267.78,2023-10-19,채권,해외,실물(액티브),배당소득세(보유기간과세),ICE BofAML US HY Constrained Index(Total Return),미국,기타,일반,20260810
275290,KR7275290005,KODEX 가치주,삼성자산운용,0.3,27697500000,30775,30804.45,2017-07-11,주식,국내,실물(패시브),비과세,MSCI Korea IMI Enhanced Value Capped,한국,광범위지수,일반,20260810
300950,KR7300950003,KODEX 게임산업,삼성자산운용,0.45,24108000000,5880,5879.19,2018-07-24,주식,국내,실물(패시브),비과세,FnGuide 게임 산업 지수,한국,게임·엔터,일반,20260810
266390,KR7266390004,KODEX 경기소비재,삼성자산운용,0.45,13221000000,14690,14728.18,2017-03-28,주식,국내,실물(패시브),비과세,KRX 경기소비재,한국,소비재,일반,20260810
279530,KR7279530000,KODEX 고배당주,삼성자산운용,0.3,337851000000,17415,17413.38,2017-10-17,주식,국내,실물(패시브),비과세,FnGuide 고배당 Plus 지수,한국,배당주,일반,20260810
280940,KR7280940008,KODEX 골드선물인버스(H),삼성자산운용,0.45,2768000000,3460,3472.34,2017-11-09,원자재,해외,실물(패시브),배당소득세(보유기간과세),S&P GSCI GOLD Index Excess Return,글로벌,원자재·금,일반,20260810
132030,KR7132030008,KODEX 골드선물(H),삼성자산운용,0.68,347332000000,24460,24408.81,2010-10-01,원자재,해외,실물(패시브),배당소득세(보유기간과세),S&P GSCI Gold Index(TR),글로벌,원자재·금,일반,20260810
138910,KR7138910005,KODEX 구리선물(H),삼성자산운용,0.68,33478500000,10145,10096.16,2011-03-15,원자재,해외,실물(패시브),배당소득세(보유기간과세),S&P GSCI North American Copper Index(TR),글로벌,원자재·금,일반,20260810
471230,KR7471230003,KODEX 국고채10년액티브,삼성자산운용,0.015,466436225000,104465,104405.47,2023-11-14,채권,국내,실물(액티브),배당소득세(보유기간과세),KAP 국고채 10년 지수(TR),한국,채권·금리,일반,20260810
439870,KR7439870007,KODEX 국고채30년액티브,삼성자산운용,0.05,409097510000,87005,86972.21,2022-08-23,채권,국내,실물(액티브),배당소득세(보유기간과세),KAP 국고채 30년 총수익 지수,한국,채권·금리,일반,20260810
114260,KR7114260003,KODEX 국고채3년,삼성자산운용,0.15,506716160000,61855,61836.98,2009-07-29,채권,국내,실물(패시브),배당소득세(보유기간과세),MKF 국고채지수(총수익),한국,채권·금리,일반,20260810
292770,KR7292770005,KODEX 국채선물3년인버스,삼성자산운용,0.07,36231300000,57510,57548.68,2018-04-13,채권,국내,실물(패시브),배당소득세(보유기간과세),국채선물지수,한국,채권·금리,일반,20260810
276990,KR7276990009,KODEX 글로벌로봇(합성),삼성자산운용,0.3,48427200000,27360,27336.49,2017-08-17,주식,국내&해외,합성(패시브),배당소득세(보유기간과세),ROBO Global Robotics & Automation UCITS Price Return Index,글로벌,AI·테크,일반,20260810
476070,KR7476070008,KODEX 글로벌비만치료제TOP2 Plus,삼성자산운용,0.45,31306500000,11595,11632.94,2024-02-14,주식,해외,실물(패시브),배당소득세(보유기간과세),iSelect 글로벌 비만치료제TOP2 Plus 지수(PR),글로벌,바이오·헬스케어,일반,20260810
0064K0,KR70064K0003,KODEX 금액티브,삼성자산운용,0.3,153161250000,12925,12908.52,2025-06-17,원자재,해외,실물(액티브),배당소득세(보유기간과세),Bloomberg Gold Spot NY 4pm USD Index,기타,원자재·금,일반,20260810
0089D0,KR70089D0003,KODEX 금융고배당TOP10,삼성자산운용,0.3,214774000000,13340,13322.64,2025-08-12,주식,국내,실물(패시브),비과세,코스피 200 금융 고배당 TOP 10 지수,한국,금융,일반,20260810
498410,KR7498410000,KODEX 금융고배당TOP10타겟위클리커버드콜,삼성자산운용,0.39,808854000000,11930,11916.24,2024-12-17,주식,국내,실물(패시브),배당소득세(보유기간과세),코스피 200 금융 고배당 TOP 10 타겟 15%분배 위클리 커버드콜 지수,한국,금융,커버드콜,20260810
0162M0,KR70162M0002,KODEX 금융채1~2년(AA-이상)PLUS액티브,삼성자산운용,0.09,460619550000,10055,10057.55,2026-02-26,채권,국내,실물(액티브),배당소득세(보유기간과세),KAP 금융채 1-2년 총수익 지수,한국,금융,일반,20260810
102960,KR7102960002,KODEX 기계장비,삼성자산운용,0.45,14993700000,14145,14108.1,2008-05-29,주식,국내,실물(패시브),비과세,KRX 기계장비,한국,조선·기계,일반,20260810
404260,KR7404260002,KODEX 기후변화솔루션,삼성자산운용,0.09,20430000000,22700,22815.87,2021-10-29,주식,국내,실물(패시브),비과세,KRX 기후변화 솔루션지수,한국,기타,일반,20260810
273140,KR7273140004,KODEX 단기변동금리부채권액티브,삼성자산운용,0.15,278534655000,114765,114764.13,2017-06-29,채권,국내,실물(액티브),배당소득세(보유기간과세),KAP 단기변동금리부은행채권지수,한국,금융,일반,20260810
487950,KR7487950008,KODEX 대만테크고배당다우존스,삼성자산운용,0.45,18929750000,13055,12800.84,2024-07-23,주식,해외,실물(패시브),배당소득세(보유기간과세),Dow Jones Taiwan Technology Dividend 30 Index(TWD)(PR),미국,AI·테크,일반,20260810
445290,KR7445290000,KODEX 로봇액티브,삼성자산운용,0.5,1092286250000,31075,31048.06,2022-11-15,주식,국내,실물(액티브),배당소득세(보유기간과세),iSelect K-로봇테마 지수,한국,AI·테크,일반,20260810
488770,KR7488770009,KODEX 머니마켓액티브,삼성자산운용,0.05,8046270000000,105180,105180.56,2024-08-06,채권,국내,실물(액티브),배당소득세(보유기간과세),KAP MMF 지수(TR),한국,채권·금리,일반,20260810
337120,KR7337120000,KODEX 멀티팩터,삼성자산운용,0.3,18966000000,31610,31617.5,2019-11-14,주식,국내,실물(패시브),비과세,FnGuide 멀티팩터 지수,한국,기타,일반,20260810
401470,KR7401470000,KODEX 메타버스액티브,삼성자산운용,0.5,57387750000,9645,9694.24,2021-10-13,주식,국내,실물(액티브),배당소득세(보유기간과세),FnGuide K-메타버스 지수,한국,AI·테크,일반,20260810
244620,KR7244620001,KODEX 모멘텀Plus,삼성자산운용,0.3,13713000000,19590,19694.04,2016-05-13,주식,국내,실물(패시브),비과세,FnGuide 모멘텀 Plus 지수,한국,기타,일반,20260810
275280,KR7275280006,KODEX 모멘텀주,삼성자산운용,0.3,34668000000,38520,38569.72,2017-07-11,주식,국내,실물(패시브),비과세,MSCI Korea IMI Momentum Capped,한국,광범위지수,일반,20260810
308620,KR7308620004,KODEX 미국10년국채선물,삼성자산운용,0.09,96228000000,11880,11871.42,2018-10-19,채권,해외,실물(패시브),배당소득세(보유기간과세),S&P 10-Year U.S. Treasury Note Futures KRW(ER),미국,채권·금리,일반,20260810
0091C0,KR70091C0000,KODEX 미국10년국채액티브(H),삼성자산운용,0.15,191932400000,9640,9640.96,2025-08-19,채권,해외,실물(액티브),배당소득세(보유기간과세),KAP 미국 국채 10년 지수(총수익),미국,채권·금리,일반,20260810
484790,KR7484790001,KODEX 미국30년국채액티브(H),삼성자산운용,0.015,596602850000,8285,8289.88,2024-06-18,채권,해외,실물(액티브),배당소득세(보유기간과세),KEDI-KAP 미국 국채 20+ 지수(TR),미국,채권·금리,일반,20260810
304670,KR7304670003,KODEX 미국30년국채울트라선물인버스(H),삼성자산운용,0.3,7389000000,12315,12344.62,2018-09-12,채권,해외,실물(패시브),배당소득세(보유기간과세),S&P Ultra T-Bond Futures Index(ER),기타,채권·금리,일반,20260810
304660,KR7304660004,KODEX 미국30년국채울트라선물(H),삼성자산운용,0.3,135408000000,7280,7286.94,2018-09-12,채권,해외,실물(패시브),배당소득세(보유기간과세),S&P Ultra T-Bond Futures Index(ER),기타,채권·금리,일반,20260810
481060,KR7481060002,KODEX 미국30년국채타겟커버드콜(합성 H),삼성자산운용,0.25,774554000000,7480,7526.4,2024-04-30,채권,해외,합성(패시브),배당소득세(보유기간과세),Bloomberg U.S.Treasury 20+ Year(TLT)+ 12% Premium Covered Call index(TR),미국,채권·금리,커버드콜,20260810
0173Y0,KR70173Y0005,KODEX 미국AI광통신네트워크,삼성자산운용,0.55,443156000000,12920,12552.98,2026-03-31,주식,해외,실물(패시브),배당소득세(보유기간과세),Akros 미국 AI 광통신 및 네트워크 인프라 지수(PR),미국,AI·테크,일반,20260810
0151S0,KR70151S0009,KODEX 미국AI반도체TOP3플러스,삼성자산운용,0.49,223758000000,16040,15950.38,2026-01-13,주식,해외,실물(패시브),배당소득세(보유기간과세),Akros 미국 AI 반도체 Top 3 플러스 지수 (Price Return),미국,반도체,일반,20260810
0041D0,KR70041D0000,KODEX 미국AI소프트웨어TOP10,삼성자산운용,0.45,50137500000,13370,13296.0,2025-04-22,주식,해외,실물(패시브),배당소득세(보유기간과세),iSelect 미국 AI 소프트웨어 TOP10 지수(PR),미국,AI·테크,일반,20260810
487230,KR7487230005,KODEX 미국AI전력핵심인프라,삼성자산운용,0.45,1562124000000,20940,20789.33,2024-07-09,주식,해외,실물(패시브),배당소득세(보유기간과세),iSelect 미국AI전력핵심인프라 지수(Price Return),미국,AI·테크,일반,20260810
485540,KR7485540009,KODEX 미국AI테크TOP10,삼성자산운용,0.3,315216000000,15840,15787.92,2024-06-25,주식,해외,실물(패시브),배당소득세(보유기간과세),KEDI 미국AI테크 TOP10 지수(PR),미국,AI·테크,일반,20260810
483280,KR7483280004,KODEX 미국AI테크TOP10타겟커버드콜,삼성자산운용,0.39,487772000000,12380,12321.29,2024-05-28,주식,해외,실물(패시브),배당소득세(보유기간과세),KEDI 미국 AI 테크 TOP10+15%프리미엄 지수(Total Return),미국,AI·테크,일반,20260810
0225V0,KR70225V0006,KODEX 미국CPU반도체TOP10,삼성자산운용,0.55,84246000000,11085,10997.88,2026-08-04,주식,해외,실물(패시브),배당소득세(보유기간과세),Indxx US CPU Semiconductor TOP 10 Index (Price Return),미국,반도체,일반,20260810
428560,KR7428560007,KODEX 미국ETF산업Top10 Indxx,삼성자산운용,0.5,12824000000,16030,16145.99,2022-05-17,주식,해외,실물(패시브),배당소득세(보유기간과세),Indxx US ETF Industry Top10 Index(Price Return),미국,기타,일반,20260810
379800,KR7379800006,KODEX 미국S&P500,삼성자산운용,0.006,10141960000000,24800,24782.48,2021-04-09,주식,해외,실물(패시브),배당소득세(보유기간과세),S&P 500,미국,광범위지수,일반,20260810
453660,KR7453660003,KODEX 미국S&P500경기소비재,삼성자산운용,0.25,12810000000,18300,18347.93,2023-03-21,주식,해외,실물(패시브),배당소득세(보유기간과세),S&P Consumer Discretionary Select Sector Index(Price Return),기타,소비재,일반,20260810
453650,KR7453650004,KODEX 미국S&P500금융,삼성자산운용,0.25,44921250000,19965,19998.15,2023-03-21,주식,해외,실물(패시브),배당소득세(보유기간과세),S&P Financial Select Sector Index(Price Return),기타,금융,일반,20260810
0005A0,KR70005A0007,KODEX 미국S&P500데일리커버드콜OTM,삼성자산운용,0.25,193550000000,9875,9839.55,2025-01-07,주식,해외,실물(패시브),배당소득세(보유기간과세),S&P 500 Covered Call 1% OTM Daily Index(TR),미국,광범위지수,커버드콜,20260810
276970,KR7276970001,KODEX 미국S&P500배당귀족커버드콜(합성 H),삼성자산운용,0.3,36707000000,7810,7940.85,2017-08-10,주식,해외,합성(패시브),배당소득세(보유기간과세),S&P500 Dividend Aristocrats Covered Call(7.2% Premium) Index,미국,배당주,커버드콜,20260810
0026E0,KR70026E0008,KODEX 미국S&P500버퍼3월액티브,삼성자산운용,0.39,22070500000,11930,12037.95,2025-03-25,주식,해외,실물(액티브),배당소득세(보유기간과세),S&P500 10% Buffered Index March Series (USD) TR,미국,광범위지수,일반,20260810
0068M0,KR70068M0007,KODEX 미국S&P500버퍼6월액티브,삼성자산운용,0.39,10935000000,12150,12182.88,2025-06-24,주식,해외,실물(액티브),배당소득세(보유기간과세),S&P500 10% Buffered Index June Series (USD) TR,미국,광범위지수,일반,20260810
0089C0,KR70089C0004,KODEX 미국S&P500변동성확대시커버드콜,삼성자산운용,0.39,59075000000,11815,11862.37,2025-08-12,주식,해외,실물(패시브),배당소득세(보유기간과세),Cboe S&P 500 Volatility Contingent Daily Covered Call Index(Total Retrun),미국,광범위지수,커버드콜,20260810
200030,KR7200030005,KODEX 미국S&P500산업재(합성),삼성자산운용,0.25,50737440000,44980,45336.9,2014-06-12,주식,해외,합성(패시브),배당소득세(보유기간과세),S&P Select Sector Industrial Index,기타,기타,일반,20260810
0041E0,KR70041E0009,KODEX 미국S&P500액티브,삼성자산운용,0.45,140868000000,16770,16741.57,2025-04-22,주식,해외,실물(액티브),배당소득세(보유기간과세),S&P 500,미국,광범위지수,일반,20260810
218420,KR7218420008,KODEX 미국S&P500에너지(합성),삼성자산운용,0.25,46516125000,19025,19012.91,2015-04-28,주식,해외,합성(패시브),배당소득세(보유기간과세),S&P Select Sector Energy Index,기타,에너지·원자력,일반,20260810
463640,KR7463640003,KODEX 미국S&P500유틸리티,삼성자산운용,0.25,11508000000,14385,14304.61,2023-08-01,주식,해외,실물(패시브),배당소득세(보유기간과세),S&P Utilities Select Sector Index(Price Return),기타,에너지·원자력,일반,20260810
449180,KR7449180009,KODEX 미국S&P500(H),삼성자산운용,0.009,1001963000000,17335,17312.62,2022-12-02,주식,해외,실물(패시브),배당소득세(보유기간과세),S&P 500,미국,광범위지수,일반,20260810
463690,KR7463690008,KODEX 미국S&P500커뮤니케이션,삼성자산운용,0.25,10089750000,18345,18255.93,2023-08-01,주식,해외,실물(패시브),배당소득세(보유기간과세),S&P Communication Services Select Sector Index(Price Return),기타,기타,일반,20260810
463680,KR7463680009,KODEX 미국S&P500테크놀로지,삼성자산운용,0.25,130480000000,23300,23026.27,2023-08-01,주식,해외,실물(패시브),배당소득세(보유기간과세),S&P Technology Select Sector Index(Price Return),기타,AI·테크,일반,20260810
453630,KR7453630006,KODEX 미국S&P500필수소비재,삼성자산운용,0.25,16568500000,12745,12746.03,2023-03-21,주식,해외,실물(패시브),배당소득세(보유기간과세),S&P Consumer Staples Select Sector Index(Price Return),기타,소비재,일반,20260810
453640,KR7453640005,KODEX 미국S&P500헬스케어,삼성자산운용,0.25,60909500000,14165,14194.61,2023-03-21,주식,해외,실물(패시브),배당소득세(보유기간과세),S&P Health Care Select Sector Index(Price Return),기타,바이오·헬스케어,일반,20260810
0028X0,KR70028X0003,KODEX 미국금융테크액티브,삼성자산운용,0.45,13903500000,12090,12154.21,2025-05-27,주식,해외,실물(액티브),배당소득세(보유기간과세),iSelect 미국 차세대 파이낸셜 테크 지수(시장가격),미국,AI·테크,일반,20260810
379810,KR7379810005,KODEX 미국나스닥100,삼성자산운용,0.006,9327456000000,27960,27891.55,2021-04-09,주식,해외,실물(패시브),배당소득세(보유기간과세),NASDAQ 100,미국,광범위지수,일반,20260810
494300,KR7494300007,KODEX 미국나스닥100데일리커버드콜OTM,삼성자산운용,0.25,992354000000,9460,9456.75,2024-10-22,주식,해외,실물(패시브),배당소득세(보유기간과세),NASDAQ-100 Daily Covered Call 101 Index(TR),미국,기타,커버드콜,20260810
409820,KR7409820008,KODEX 미국나스닥100레버리지(합성 H),삼성자산운용,0.3,264192000000,20480,20365.8,2021-12-09,주식,해외,합성(패시브),배당소득세(보유기간과세),NASDAQ 100,미국,광범위지수,일반,20260810
409810,KR7409810009,KODEX 미국나스닥100선물인버스(H),삼성자산운용,0.3,11182750000,5455,5480.13,2021-12-09,주식,해외,실물(패시브),배당소득세(보유기간과세),NASDAQ 100,미국,광범위지수,일반,20260810
304940,KR7304940000,KODEX 미국나스닥100선물(H),삼성자산운용,0.05,113246250000,32825,32732.77,2018-08-30,주식,해외,실물(패시브),배당소득세(보유기간과세),NASDAQ 100,미국,광범위지수,일반,20260810
449190,KR7449190008,KODEX 미국나스닥100(H),삼성자산운용,0.009,572220000000,22440,22374.17,2022-12-02,주식,해외,실물(패시브),배당소득세(보유기간과세),NASDAQ 100,미국,광범위지수,일반,20260810
411420,KR7411420003,KODEX 미국나스닥AI테크액티브,삼성자산운용,0.5,130190000000,27700,27572.44,2021-12-22,주식,해외,실물(액티브),배당소득세(보유기간과세),Nasdaq CB Insights Metaverse US Index (Price Return),미국,기타,일반,20260810
455030,KR7455030007,KODEX 미국달러SOFR금리액티브(합성),삼성자산운용,0.15,649999700000,12170,12175.25,2023-04-04,기타,해외,합성(액티브),배당소득세(보유기간과세),Bloomberg SOFR Daily Total Return Index,미국,채권·금리,일반,20260810
261250,KR7261250005,KODEX 미국달러선물레버리지,삼성자산운용,0.45,27461800000,16745,16757.25,2016-12-27,통화,국내,실물(패시브),배당소득세(보유기간과세),미국달러선물지수,한국,기타,일반,20260810
261260,KR7261260004,KODEX 미국달러선물인버스2X,삼성자산운용,0.45,237916000000,5075,5078.3,2016-12-27,통화,국내,실물(패시브),배당소득세(보유기간과세),미국달러선물지수,한국,기타,일반,20260810
261270,KR7261270003,KODEX 미국달러선물인버스,삼성자산운용,0.45,108517500000,7875,7892.94,2016-12-27,통화,국내,실물(패시브),배당소득세(보유기간과세),미국달러선물지수,한국,기타,일반,20260810
261240,KR7261240006,KODEX 미국달러선물,삼성자산운용,0.25,58812600000,14630,14621.89,2016-12-27,통화,국내,실물(패시브),배당소득세(보유기간과세),미국달러선물지수,한국,기타,일반,20260810
0144M0,KR70144M0005,KODEX 미국드론UAM TOP10,삼성자산운용,0.49,24225000000,8500,8477.06,2025-12-23,주식,해외,실물(패시브),배당소득세(보유기간과세),iSelect 미국드론UAM TOP10 지수(Price Return),미국,기타,일반,20260810
280930,KR7280930009,KODEX 미국러셀2000(H),삼성자산운용,0.45,24017000000,17155,17172.17,2017-11-09,주식,해외,실물(패시브),배당소득세(보유기간과세),FTSE Russell 2000 Index,미국,기타,일반,20260810
0048J0,KR70048J0007,KODEX 미국머니마켓액티브,삼성자산운용,0.05,772534230000,14170,14169.67,2025-05-13,채권,해외,실물(액티브),배당소득세(보유기간과세),KAP 미국 머니마켓 지수,미국,기타,일반,20260810
390390,KR7390390003,KODEX 미국반도체,삼성자산운용,0.09,1355010500000,56695,56263.9,2021-06-30,주식,해외,실물(패시브),배당소득세(보유기간과세),MVIS US Listed Semiconductor 25 Index,미국,반도체,일반,20260810
489250,KR7489250001,KODEX 미국배당다우존스,삼성자산운용,0.009,583416000000,13140,13130.28,2024-08-13,주식,해외,실물(패시브),배당소득세(보유기간과세),Dow Jones U.S. Dividend 100 Price Return Index,미국,배당주,일반,20260810
483290,KR7483290003,KODEX 미국배당다우존스타겟커버드콜,삼성자산운용,0.39,173387000000,10445,10454.9,2024-05-28,주식,해외,실물(패시브),배당소득세(보유기간과세),Dow Jones U.S. Dividend 100 10% Premium Covered Call Index(Total Return),미국,배당주,커버드콜,20260810
441640,KR7441640000,KODEX 미국배당커버드콜액티브,삼성자산운용,0.19,1685970000000,13100,13082.96,2022-09-27,주식,해외,실물(액티브),배당소득세(보유기간과세),S&P 500,미국,광범위지수,일반,20260810
352560,KR7352560007,KODEX 미국부동산리츠(H),삼성자산운용,0.09,35511000000,12460,12521.48,2020-05-13,부동산,해외,실물(패시브),배당소득세(분리과세부동산ETF),Dow Jones U.S. Real Estate PR Index,미국,리츠·부동산,일반,20260810
314250,KR7314250002,KODEX 미국빅테크10(H),삼성자산운용,0.45,674556000000,62925,62825.1,2019-01-10,주식,해외,실물(패시브),배당소득세(보유기간과세),NYSE U.S. Big TECH 10 INDEX,미국,AI·테크,일반,20260810
473460,KR7473460004,KODEX 미국서학개미,삼성자산운용,0.25,181840500000,23770,23664.49,2023-12-27,주식,해외,실물(패시브),배당소득세(보유기간과세),iSelect 서학개미 지수(PR),기타,기타,일반,20260810
0144L0,KR70144L0006,KODEX 미국성장커버드콜액티브,삼성자산운용,0.49,358820500000,9995,9994.37,2025-12-23,주식,해외,실물(액티브),배당소득세(보유기간과세),NASDAQ 100,미국,광범위지수,일반,20260810
390400,KR7390400000,KODEX 미국스마트모빌리티S&P,삼성자산운용,0.09,7825000000,7825,7854.32,2021-06-30,주식,해외,실물(패시브),배당소득세(보유기간과세),S&P Kensho Smart Transportation,기타,기타,일반,20260810
0167Z0,KR70167Z0002,KODEX 미국우주항공,삼성자산운용,0.55,407907500000,8965,8805.14,2026-03-17,주식,해외,실물(패시브),배당소득세(보유기간과세),iSelect 미국우주항공지수(Price Return),미국,방산·우주,일반,20260810
0132H0,KR70132H0006,KODEX 미국원자력SMR,삼성자산운용,0.45,53043750000,9225,9198.77,2025-11-25,주식,해외,실물(패시브),배당소득세(보유기간과세),iSelect 미국원자력SMR 지수(Price Return),미국,에너지·원자력,일반,20260810
437080,KR7437080005,KODEX 미국종합채권ESG액티브(H),삼성자산운용,0.18,232108200000,97320,97304.73,2022-08-09,채권,해외,실물(액티브),배당소득세(보유기간과세),Bloomberg MSCI US Aggregate 2bn ex Securitized SRI Capped Index(Total Return),미국,광범위지수,일반,20260810
419420,KR7419420005,KODEX 미국클린에너지나스닥,삼성자산운용,0.45,11856000000,9880,9860.13,2022-03-22,주식,해외,실물(패시브),배당소득세(보유기간과세),Nasdaq Clean Edge Green Energy Index (Price Return),미국,에너지·원자력,일반,20260810
491090,KR7491090007,KODEX 미국테크TOP3플러스,삼성자산운용,0.3,32585000000,18620,18580.45,2024-09-10,주식,해외,실물(패시브),배당소득세(보유기간과세),KEDI 미국테크TOP3플러스 지수(Price Return),미국,AI·테크,일반,20260810
0038A0,KR70038A0008,KODEX 미국휴머노이드로봇,삼성자산운용,0.45,305027000000,15970,15894.35,2025-04-15,주식,해외,실물(패시브),배당소득세(보유기간과세),iSelect 미국 휴머노이드 로봇 지수(Price Return),미국,AI·테크,일반,20260810
244580,KR7244580007,KODEX 바이오,삼성자산운용,0.45,244425600000,9315,9310.13,2016-05-13,주식,국내,실물(패시브),비과세,FnGuide 바이오 지수,한국,바이오·헬스케어,일반,20260810
091160,KR7091160002,KODEX 반도체,삼성자산운용,0.45,4938300000000,111600,111418.64,2006-06-27,주식,국내,실물(패시브),비과세,KRX 반도체,한국,반도체,일반,20260810
494310,KR7494310006,KODEX 반도체레버리지,삼성자산운용,0.49,796021500000,60765,60781.11,2024-10-22,주식,국내,실물(패시브),배당소득세(보유기간과세),KRX 반도체,한국,반도체,일반,20260810
0190G0,KR70190G0006,KODEX 반도체타겟위클리커버드콜,삼성자산운용,0.45,154940500000,7865,7851.12,2026-05-12,주식,국내,실물(패시브),배당소득세(보유기간과세),KRX 반도체 타겟 9% 분배 위클리 커버드콜 지수,한국,반도체,커버드콜,20260810
0100K0,KR70100K0009,KODEX 방산TOP10레버리지,삼성자산운용,0.64,45724000000,8165,8136.8,2025-09-16,주식,국내,실물(패시브),배당소득세(보유기간과세),iSelect 방산 TOP10 지수(Price Return),한국,방산·우주,일반,20260810
0080G0,KR70080G0009,KODEX 방산TOP10,삼성자산운용,0.45,397708500000,11595,11596.66,2025-07-15,주식,국내,실물(패시브),비과세,iSelect 방산 TOP10 지수(Price Return),한국,방산·우주,일반,20260810
325020,KR7325020006,KODEX 배당가치,삼성자산운용,0.3,90070500000,29055,29011.39,2019-05-31,주식,국내,실물(패시브),비과세,FnGuide SLV 배당가치 지수,한국,배당주,일반,20260810
244670,KR7244670006,KODEX 밸류Plus,삼성자산운용,0.3,7140000000,11900,11824.1,2016-05-13,주식,국내,실물(패시브),비과세,FnGuide 벨류 Plus 지수,한국,기타,일반,20260810
102780,KR7102780004,KODEX 삼성그룹,삼성자산운용,0.25,3132558000000,24340,24361.57,2008-05-21,주식,국내,실물(패시브),비과세,삼성그룹,한국,기타,일반,20260810
0177N0,KR70177N0004,KODEX 삼성전자SK하이닉스채권혼합50,삼성자산운용,0.07,1390689000000,13095,13073.31,2026-04-07,혼합자산,국내,실물(패시브),배당소득세(보유기간과세),Wise 삼성전자 SK하이닉스 채권혼합 지수,한국,개별종목,혼합,20260810
0193W0,KR70193W0003,KODEX 삼성전자단일종목레버리지,삼성자산운용,0.29,1404082875000,9665,9666.01,2026-05-27,주식,국내,실물(패시브),배당소득세(보유기간과세),KRX 삼성전자 지수,한국,개별종목,일반,20260810
448330,KR7448330001,KODEX 삼성전자채권혼합,삼성자산운용,0.07,1218370000000,16690,16720.51,2022-11-29,혼합자산,국내,실물(패시브),배당소득세(보유기간과세),Wise 삼성전자채권혼합 지수,한국,개별종목,혼합,20260810
325010,KR7325010007,KODEX 성장주,삼성자산운용,0.3,118740000000,39580,39713.59,2019-05-31,주식,국내,실물(패시브),비과세,FnGuide 성장 지수(PR),한국,기타,일반,20260810
385510,KR7385510003,KODEX 신재생에너지액티브,삼성자산운용,0.5,320514750000,38385,38360.36,2021-05-25,주식,국내,실물(액티브),배당소득세(보유기간과세),FnGuide K-신재생에너지 플러스 지수,한국,에너지·원자력,일반,20260810
446690,KR7446690000,KODEX 아시아AI반도체exChina액티브,삼성자산운용,0.5,29012500000,58025,57054.49,2023-02-01,주식,해외,실물(액티브),배당소득세(보유기간과세),iSelect 아시아반도체 제조동맹 지수(시장가격),기타,반도체,일반,20260810
437070,KR7437070006,KODEX 아시아달러채권ESG플러스액티브,삼성자산운용,0.18,38520400000,60950,61013.16,2022-08-09,채권,해외,실물(액티브),배당소득세(보유기간과세),Bloomberg MSCI EM Asia Investment Grade Credit SRI Index(Total Return),신흥국,채권·금리,일반,20260810
275300,KR7275300002,KODEX 우량주,삼성자산운용,0.3,46809500000,27535,27481.83,2017-07-11,주식,국내,실물(패시브),비과세,MSCI Korea IMI Quality Capped,한국,광범위지수,일반,20260810
0098F0,KR70098F0000,KODEX 원자력SMR,삼성자산운용,0.45,266655000000,15325,15310.04,2025-09-16,주식,국내,실물(패시브),비과세,iSelect 원자력SMR 지수(Price Return),한국,에너지·원자력,일반,20260810
395150,KR7395150006,KODEX 웹툰&드라마,삼성자산운용,0.45,9408000000,1960,1957.67,2021-07-30,주식,국내,실물(패시브),비과세,FnGuide 웹툰&드라마 지수,한국,기타,일반,20260810
456250,KR7456250000,KODEX 유럽명품TOP10 STOXX,삼성자산운용,0.45,10982500000,9550,9582.44,2023-04-25,주식,해외,실물(패시브),배당소득세(보유기간과세),STOXX Europe Luxury 10 Index(Price Return),유럽,기타,일반,20260810
400570,KR7400570008,KODEX 유럽탄소배출권선물ICE(H),삼성자산운용,0.64,12512500000,11375,11467.37,2021-09-30,기타,해외,실물(패시브),배당소득세(보유기간과세),ICE EUA Carbon Futures Index(Excess Return),기타,기타,일반,20260810
144600,KR7144600004,KODEX 은선물(H),삼성자산운용,0.68,777616000000,10480,10331.81,2011-07-18,원자재,해외,실물(패시브),배당소득세(보유기간과세),S&P GSCI Silver Index(TR),글로벌,원자재·금,일반,20260810
091170,KR7091170001,KODEX 은행,삼성자산운용,0.3,283169250000,16135,16117.19,2006-06-27,주식,국내,실물(패시브),비과세,KRX 은행,한국,금융,일반,20260810
453820,KR7453820003,KODEX 인도Nifty50레버리지(합성),삼성자산운용,0.39,16438500000,12645,12632.8,2023-04-21,주식,해외,합성(패시브),배당소득세(보유기간과세),Nifty 50 Index,인도,광범위지수,일반,20260810
453810,KR7453810004,KODEX 인도Nifty50,삼성자산운용,0.19,363488000000,12280,12342.31,2023-04-21,주식,해외,실물(패시브),배당소득세(보유기간과세),Nifty 50 Index,인도,광범위지수,일반,20260810
0000H0,KR70000H0005,KODEX 인도Nifty미드캡100,삼성자산운용,0.45,12517750000,10885,10816.73,2025-04-08,주식,해외,실물(패시브),배당소득세(보유기간과세),Nifty Midcap 100 Index(PR),인도,광범위지수,일반,20260810
477730,KR7477730006,KODEX 인도타타그룹,삼성자산운용,0.45,24045000000,8015,7949.96,2024-05-08,주식,해외,실물(패시브),배당소득세(보유기간과세),Nifty India Corporate Group Index - Tata Group 25% Cap(PR),인도,채권·금리,일반,20260810
352540,KR7352540009,KODEX 일본부동산리츠(H),삼성자산운용,0.3,38607000000,11355,11401.78,2020-05-13,부동산,해외,실물(패시브),배당소득세(분리과세부동산ETF),Tokyo Stock Exchange REIT Index,기타,리츠·부동산,일반,20260810
091180,KR7091180000,KODEX 자동차,삼성자산운용,0.45,421087500000,29550,29674.65,2006-06-27,주식,국내,실물(패시브),비과세,KRX 자동차,한국,자동차,일반,20260810
385520,KR7385520002,KODEX 자율주행액티브,삼성자산운용,0.5,34357000000,15980,15937.81,2021-05-25,주식,국내,실물(액티브),배당소득세(보유기간과세),FnGuide K-미래차 지수,한국,기타,일반,20260810
363570,KR7363570003,KODEX 장기종합채권(AA-이상)액티브,삼성자산운용,0.045,234612950000,86350,86449.81,2020-09-25,채권,국내,실물(액티브),배당소득세(보유기간과세),"KAP 한국장기종합채권지수(AA-이상, 총수익)",한국,채권·금리,일반,20260810
433970,KR7433970001,KODEX TDF2030액티브 적격,삼성자산운용,0.2,93239250000,14235,14170.05,2022-06-30,혼합자산,국내&해외,실물(액티브),배당소득세(보유기간과세),Samsung Korea Target Date 2030 Index (Price Return),국내+해외,자산배분·TDF,일반,20260810
433980,KR7433980000,KODEX TDF2040액티브 적격,삼성자산운용,0.25,187225500000,16210,16160.39,2022-06-30,혼합자산,국내&해외,실물(액티브),배당소득세(보유기간과세),Samsung Korea Target Date 2040 Index (Price Return),국내+해외,자산배분·TDF,일반,20260810
434060,KR7434060000,KODEX TDF2050액티브 적격,삼성자산운용,0.3,633809000000,17270,17194.19,2022-06-30,혼합자산,국내&해외,실물(액티브),배당소득세(보유기간과세),Samsung Korea Target Date 2050 Index (Price Return),국내+해외,자산배분·TDF,일반,20260810
0082V0,KR70082V0008,KODEX TDF2060액티브 적격,삼성자산운용,0.3,184720000000,11545,11516.72,2025-07-22,혼합자산,국내&해외,실물(액티브),배당소득세(보유기간과세),Samsung Korea Target Date 2060 Index,국내+해외,자산배분·TDF,일반,20260810
0209D0,KR70209D0008,KODEX 전고체배터리ESS TOP2플러스,삼성자산운용,0.5,102336000000,7995,8000.79,2026-06-23,주식,국내,실물(패시브),비과세,Akros 한국 전고체 배터리 ESS TOP2 플러스 지수(Price Return),한국,2차전지,일반,20260810
0115D0,KR70115D0001,KODEX 조선TOP10,삼성자산운용,0.45,216154000000,8510,8509.4,2025-10-28,주식,국내,실물(패시브),비과세,KRX 조선 TOP10,한국,조선·기계,일반,20260810
273130,KR7273130005,KODEX 종합채권(AA-이상)액티브,삼성자산운용,0.045,3394385520000,109840,109880.65,2017-06-29,채권,국내,실물(액티브),배당소득세(보유기간과세),KAP 한국종합채권지수,한국,채권·금리,일반,20260810
0153K0,KR70153K0005,KODEX 주주환원고배당주,삼성자산운용,0.33,151474500000,12315,12294.15,2026-01-20,주식,국내,실물(패시브),비과세,Akros 주주환원 고배당 지수 (Price Return),한국,배당주,일반,20260810
102970,KR7102970001,KODEX 증권,삼성자산운용,0.45,694008000000,19040,19105.22,2008-05-29,주식,국내,실물(패시브),비과세,KRX 증권,한국,금융,일반,20260810
419430,KR7419430004,KODEX 차이나2차전지MSCI(합성),삼성자산운용,0.25,28826000000,10295,10149.7,2022-03-22,주식,해외,합성(패시브),배당소득세(보유기간과세),MSCI China all shares IMI Select Batteries Index(Price Return),중국,2차전지,일반,20260810
0162L0,KR70162L0003,KODEX 차이나AI반도체TOP10,삼성자산운용,0.55,87601500000,13905,14195.2,2026-02-26,주식,해외,실물(패시브),배당소득세(보유기간과세),Indxx China AI Semiconductor Top 10 Index (Price Return),중국,반도체,일반,20260810
428510,KR7428510002,KODEX 차이나AI테크액티브,삼성자산운용,0.5,55473000000,25215,24952.98,2022-05-17,주식,해외,실물(액티브),배당소득세(보유기간과세),Bloomberg China Media & Tech Index PR,중국,AI·테크,일반,20260810
283580,KR7283580009,KODEX 차이나CSI300,삼성자산운용,0.12,265234500000,15930,15944.35,2017-12-13,주식,해외,실물(패시브),배당소득세(해외주식투자전용ETF),CSI 300 Index,중국,광범위지수,일반,20260810
169950,KR7169950003,KODEX 차이나A50,삼성자산운용,0.12,21332000000,26665,26767.18,2013-01-21,주식,해외,실물(패시브),배당소득세(해외주식투자전용ETF),FTSE China A50 Index,중국,기타,일반,20260810
204450,KR7204450001,KODEX 차이나H레버리지(H),삼성자산운용,0.64,24341000000,2410,2385.83,2014-09-12,주식,해외,실물(패시브),배당소득세(보유기간과세),Hang Seng China H,중국,기타,일반,20260810
099140,KR7099140006,KODEX 차이나H,삼성자산운용,0.12,34479750000,22245,22088.65,2007-10-10,주식,해외,실물(패시브),배당소득세(해외주식투자전용ETF),Hang Seng China H,중국,기타,일반,20260810
415340,KR7415340009,KODEX 차이나과창판STAR50(합성),삼성자산운용,0.09,31350150000,15145,15422.93,2022-01-13,주식,해외,합성(패시브),배당소득세(보유기간과세),STAR 50 Index(Price Return),기타,기타,일반,20260810
256750,KR7256750001,KODEX 차이나심천ChiNext(합성),삼성자산운용,0.47,49922880000,16320,16487.38,2016-11-08,주식,해외,합성(패시브),배당소득세(보유기간과세),SZSE ChiNext Price Index,기타,기타,일반,20260810
0065G0,KR70065G0008,KODEX 차이나테크TOP10,삼성자산운용,0.45,26950000000,9625,9646.96,2025-06-17,주식,해외,실물(패시브),배당소득세(보유기간과세),Hang Seng China Tech Top 10 Select Index (HKD) (Price Return),중국,AI·테크,일반,20260810
372330,KR7372330001,KODEX 차이나항셍테크,삼성자산운용,0.12,123769500000,7570,7517.46,2020-12-16,주식,해외,실물(패시브),배당소득세(보유기간과세),Hang Seng TECH Index,중국,AI·테크,일반,20260810
0048K0,KR70048K0004,KODEX 차이나휴머노이드로봇,삼성자산운용,0.45,156570000000,9210,9389.19,2025-05-13,주식,해외,실물(패시브),배당소득세(보유기간과세),Solactive China Humanoid Robotics Index (CNH) (Price Return),중국,AI·테크,일반,20260810
279540,KR7279540009,KODEX 최소변동성,삼성자산운용,0.3,12144000000,20240,20330.85,2017-10-17,주식,국내,실물(패시브),비과세,KRX 최소변동성지수,한국,기타,일반,20260810
445150,KR7445150006,KODEX 친환경조선해운액티브,삼성자산운용,0.5,55241000000,29860,29836.84,2022-11-15,주식,국내,실물(액티브),배당소득세(보유기간과세),FnGuide K-친환경 선박 지수,한국,기타,일반,20260810
211900,KR7211900006,KODEX 코리아배당성장,삼성자산운용,0.15,94050000000,28500,28461.61,2014-12-17,주식,국내,실물(패시브),비과세,코스피 배당성장 50,한국,배당주,일반,20260810
237370,KR7237370002,KODEX 코리아배당성장채권혼합,삼성자산운용,0.19,164320000000,15800,15820.51,2016-01-27,혼합자산,국내,실물(패시브),배당소득세(보유기간과세),배당성장채권혼합지수,한국,채권·금리,혼합,20260810
495850,KR7495850000,KODEX 코리아밸류업,삼성자산운용,0.008,606817250000,30115,30244.11,2024-11-04,주식,국내,실물(패시브),비과세,코리아 밸류업 지수,한국,배당주,일반,20260810
0115E0,KR70115E0000,KODEX 코리아소버린AI,삼성자산운용,0.45,63342000000,13770,13727.89,2025-10-21,주식,국내,실물(패시브),비과세,KRX 코리아 소버린 AI 지수,한국,AI·테크,일반,20260810
373490,KR7373490002,KODEX 코리아혁신성장액티브,삼성자산운용,0.5,13601500000,24730,24886.79,2020-12-24,주식,국내,실물(액티브),배당소득세(보유기간과세),FnGuide K-이노베이션 지수,한국,기타,일반,20260810
229200,KR7229200001,KODEX 코스닥150,삼성자산운용,0.25,5229164000000,14780,14752.22,2015-10-01,주식,국내,실물(패시브),비과세,코스닥 150,한국,광범위지수,일반,20260810
233740,KR7233740000,KODEX 코스닥150레버리지,삼성자산운용,0.64,4090450000000,7750,7769.12,2015-12-17,주식,국내,실물(패시브),배당소득세(보유기간과세),코스닥 150,한국,광범위지수,일반,20260810
360150,KR7360150007,KODEX 코스닥150롱코스피200숏선물,삼성자산운용,0.64,14924000000,3640,3654.3,2020-08-21,주식,국내,실물(패시브),배당소득세(보유기간과세),코스닥150 롱 100% 코스피200 숏 100% 선물지수,한국,광범위지수,일반,20260810
251340,KR7251340006,KODEX 코스닥150선물인버스,삼성자산운용,0.64,123123000000,2310,2328.58,2016-08-10,주식,국내,실물(패시브),배당소득세(보유기간과세),F-코스닥150 지수,한국,광범위지수,일반,20260810
461450,KR7461450009,KODEX 코스닥글로벌,삼성자산운용,0.09,24502500000,16335,16292.51,2023-06-29,주식,국내,실물(패시브),비과세,코스닥 글로벌 지수,한국,광범위지수,일반,20260810
226490,KR7226490001,KODEX 코스피,삼성자산운용,0.15,1014691000000,64630,64699.92,2015-08-24,주식,국내,실물(패시브),비과세,코스피,한국,광범위지수,일반,20260810
359210,KR7359210002,KODEX 코스피TR,삼성자산운용,0.07,81562500000,32625,32677.54,2020-07-21,주식,국내,실물(패시브),배당소득세(보유기간과세),코스피 TR,한국,광범위지수,일반,20260810
337140,KR7337140008,KODEX 코스피대형주,삼성자산운용,0.15,72908000000,33140,33113.52,2019-11-14,주식,국내,실물(패시브),비과세,코스피 대형주,한국,광범위지수,일반,20260810
138920,KR7138920004,KODEX 콩선물(H),삼성자산운용,0.68,5842500000,11685,11671.19,2011-03-15,원자재,해외,실물(패시브),배당소득세(보유기간과세),S&P GSCI Soybeans Index(TR),글로벌,기타,일반,20260810
244660,KR7244660007,KODEX 퀄리티Plus,삼성자산운용,0.3,4777500000,9555,9610.87,2016-05-13,주식,국내,실물(패시브),비과세,FnGuide 퀄리티 Plus 지수,한국,기타,일반,20260810
375770,KR7375770005,KODEX 탄소효율그린뉴딜,삼성자산운용,0.09,41247000000,22915,22957.5,2021-02-05,주식,국내,실물(패시브),비과세,KRX/S&P 탄소효율 그린뉴딜지수,한국,기타,일반,20260810
459560,KR7459560009,KODEX 테슬라밸류체인FactSet,삼성자산운용,0.18,34952500000,22550,22449.37,2023-06-08,주식,해외,실물(패시브),배당소득세(보유기간과세),FactSet TSLA Value Chain Index(PR),기타,기타,일반,20260810
475080,KR7475080008,KODEX 테슬라커버드콜채권혼합액티브,삼성자산운용,0.39,286525000000,7850,7834.98,2024-01-23,혼합자산,국내&해외,실물(액티브),배당소득세(보유기간과세),KEDI 테슬라 인컴 프리미엄 밸런스드 지수(TR),미국,개별종목,일반,20260810
266410,KR7266410000,KODEX 필수소비재,삼성자산운용,0.45,13797000000,9855,9830.55,2017-03-28,주식,국내,실물(패시브),비과세,KRX 필수소비재,한국,에너지·원자력,일반,20260810
298770,KR7298770009,KODEX 한국대만IT프리미어,삼성자산운용,0.55,84392000000,76720,75753.64,2018-06-11,주식,국내&해외,실물(패시브),배당소득세(보유기간과세),한국 대만 IT 프리미어지수,대만,AI·테크,일반,20260810
476800,KR7476800008,KODEX 한국부동산리츠인프라,삼성자산운용,0.09,491133250000,4295,4299.9,2024-03-05,부동산,국내,실물(패시브),비과세(분리과세부동산ETF),KRX 부동산리츠인프라 지수,한국,리츠·부동산,일반,20260810
450190,KR7450190004,KODEX 한중반도체(합성),삼성자산운용,0.25,28701000000,47835,47695.65,2022-12-22,주식,국내&해외,합성(패시브),배당소득세(보유기간과세),KRX CSI 한·중 반도체지수,중국,반도체,일반,20260810
450180,KR7450180005,KODEX 한중전기차(합성),삼성자산운용,0.25,7393750000,11375,11344.37,2022-12-22,주식,국내&해외,합성(패시브),배당소득세(보유기간과세),KRX CSI 한·중 전기차지수,중국,자동차,일반,20260810
266420,KR7266420009,KODEX 헬스케어,삼성자산운용,0.09,75400000000,18850,18878.68,2017-03-28,주식,국내,실물(패시브),비과세,KRX 헬스케어,한국,바이오·헬스케어,일반,20260810
364690,KR7364690008,KODEX 혁신기술테마액티브,삼성자산운용,0.3,21639000000,36065,35974.84,2020-09-29,주식,국내,실물(액티브),배당소득세(보유기간과세),코스피,한국,광범위지수,일반,20260810
0204D0,KR70204D0003,KODEX 현대차로보틱스밸류체인TOP3플러스,삼성자산운용,0.5,209457000000,6660,6680.39,2026-06-09,주식,국내&해외,실물(패시브),배당소득세(보유기간과세),Akros 현대차로보틱스 밸류체인 TOP3 플러스 지수 (PR),국내+해외,개별종목,일반,20260810
069500,KR7069500007,KODEX 200,삼성자산운용,0.15,22522338000000,98265,98250.4,2002-10-14,주식,국내,실물(패시브),비과세,코스피 200,한국,광범위지수,일반,20260810
321410,KR7321410003,KODEX 멀티에셋하이인컴(H),삼성자산운용,0.25,5325000000,10650,10718.35,2019-06-05,혼합자산,해외,실물(패시브),배당소득세(보유기간과세),Morningstar Multi-Asset High Income 10% Capped Index,기타,배당주,혼합,20260810
219480,KR7219480001,KODEX 미국S&P500선물(H),삼성자산운용,0.05,150660000000,33480,33466.46,2015-05-29,주식,해외,실물(패시브),배당소득세(보유기간과세),S&P 500 Futures Total Return Index,미국,광범위지수,일반,20260810
468370,KR7468370002,KODEX iShares미국인플레이션국채액티브,삼성자산운용,0.1,18902800000,10990,11000.11,2023-10-19,채권,해외,실물(액티브),배당소득세(보유기간과세),ICE U.S. Treasury Inflation Linked Bond Index(Total Return),미국,채권·금리,일반,20260810
468630,KR7468630009,KODEX iShares미국투자등급회사채액티브,삼성자산운용,0.1,33666850000,11185,11199.35,2023-10-19,채권,해외,실물(액티브),배당소득세(보유기간과세),iBoxx USD Liquid Investment Grade Index(Total Return),기타,기타,일반,20260810
176950,KR7176950004,KODEX 국채선물10년인버스,삼성자산운용,0.07,12579000000,59900,59924.84,2013-05-31,채권,국내,실물(패시브),배당소득세(보유기간과세),10년국채선물지수,한국,채권·금리,일반,20260810
152380,KR7152380002,KODEX 국채선물10년,삼성자산운용,0.07,20751090000,65255,65289.84,2012-01-20,채권,국내,실물(패시브),배당소득세(보유기간과세),10년국채선물지수,한국,채권·금리,일반,20260810
117700,KR7117700005,KODEX 건설,삼성자산운용,0.45,185451500000,6695,6668.64,2009-10-30,주식,국내,실물(패시브),비과세,KRX 건설,한국,조선·기계,일반,20260810
214980,KR7214980005,KODEX 단기채권PLUS,삼성자산운용,0.15,1850297240000,114740,114743.64,2015-03-03,채권,국내,실물(패시브),배당소득세(보유기간과세),KRW Cash PLUS 지수(총수익),한국,기타,일반,20260810
153130,KR7153130000,KODEX 단기채권,삼성자산운용,0.15,818015940000,113330,113368.41,2012-02-22,채권,국내,실물(패시브),배당소득세(보유기간과세),KRW Cash 지수(총수익),한국,기타,일반,20260810
122630,KR7122630007,KODEX 레버리지,삼성자산운용,0.64,5046812000000,90770,90890.53,2010-02-22,주식,국내,실물(패시브),배당소득세(보유기간과세),코스피 200,한국,광범위지수,일반,20260810
185680,KR7185680006,KODEX 미국S&P바이오(합성),삼성자산운용,0.25,25389700000,47725,47711.25,2013-10-31,주식,해외,합성(패시브),배당소득세(보유기간과세),S&P Biotechnology Select Industry Index,기타,AI·테크,일반,20260810
140700,KR7140700006,KODEX 보험,삼성자산운용,0.45,47387500000,18955,19017.07,2011-04-26,주식,국내,실물(패시브),비과세,KRX 보험,한국,금융,일반,20260810
213610,KR7213610009,KODEX 삼성그룹밸류,삼성자산운용,0.09,255136000000,21440,21411.83,2015-01-08,주식,국내,실물(패시브),비과세,WISE 삼성그룹 밸류 인덱스,한국,광범위지수,일반,20260810
117460,KR7117460006,KODEX 에너지화학,삼성자산운용,0.45,30445100000,14030,14037.0,2009-10-12,주식,국내,실물(패시브),비과세,KRX 에너지화학,한국,에너지·원자력,일반,20260810
140710,KR7140710005,KODEX 운송,삼성자산운용,0.45,10948000000,6440,6444.56,2011-04-26,주식,국내,실물(패시브),비과세,KRX 운송,한국,기타,일반,20260810
114800,KR7114800006,KODEX 인버스,삼성자산운용,0.64,810339900000,1137,1140.28,2009-09-16,주식,국내,실물(패시브),배당소득세(보유기간과세),코스피 200 선물지수,한국,광범위지수,일반,20260810
117680,KR7117680009,KODEX 철강,삼성자산운용,0.45,26197500000,12475,12485.71,2009-10-30,주식,국내,실물(패시브),비과세,KRX 철강,한국,기타,일반,20260810
487130,KR7487130007,KoAct AI인프라액티브,삼성액티브자산운용,0.5,40625500000,26210,26168.98,2024-07-09,주식,국내,실물(액티브),배당소득세(보유기간과세),Solactive AI인프라 지수,한국,AI·테크,일반,20260810
0074K0,KR70074K0001,KoAct K수출핵심기업TOP30액티브,삼성액티브자산운용,0.5,128252250000,16765,16832.46,2025-07-08,주식,국내,실물(액티브),배당소득세(보유기간과세),KEDI K수출핵심기업TOP30 지수(PR),한국,기타,일반,20260810
0222D0,KR70222D0001,KoAct 고배당액티브,삼성액티브자산운용,0.5,11517000000,10470,10458.48,2026-07-28,주식,국내,실물(액티브),배당소득세(보유기간과세),코스피 200 고배당지수,한국,배당주,일반,20260810
0219B0,KR70219B0008,KoAct 광통신&위성네트워크액티브,삼성액티브자산운용,0.5,9544000000,11930,11909.81,2026-07-14,주식,국내,실물(액티브),배당소득세(보유기간과세),FnGuide 저궤도위성 & 광통신 인프라 지수,한국,기타,일반,20260810
471040,KR7471040006,KoAct 글로벌AI&로봇액티브,삼성액티브자산운용,0.5,264531500000,29230,28891.72,2023-11-21,주식,국내&해외,실물(액티브),배당소득세(보유기간과세),iSelect 글로벌AI&로봇PR지수,글로벌,AI·테크,일반,20260810
0174B0,KR70174B0001,KoAct 글로벌AI메모리반도체액티브,삼성액티브자산운용,0.5,107558500000,13615,13475.5,2026-04-14,주식,국내&해외,실물(액티브),배당소득세(보유기간과세),Solactive 글로벌AI메모리반도체 지수 (PR),글로벌,반도체,일반,20260810
0132D0,KR70132D0000,KoAct 글로벌K컬처밸류체인액티브,삼성액티브자산운용,0.5,5269000000,9580,9622.23,2025-11-25,주식,국내&해외,실물(액티브),배당소득세(보유기간과세),KEDI 글로벌 K컬처밸류체인 지수(PR),글로벌,광범위지수,일반,20260810
0020H0,KR70020H0001,KoAct 글로벌양자컴퓨팅액티브,삼성액티브자산운용,0.5,49772500000,23150,23009.91,2025-03-11,주식,국내&해외,실물(액티브),배당소득세(보유기간과세),FactSet 글로벌양자컴퓨팅 PR 지수,글로벌,AI·테크,일반,20260810
475070,KR7475070009,KoAct 글로벌친환경전력인프라액티브,삼성액티브자산운용,0.5,38550000000,32125,31956.4,2024-01-18,주식,국내&해외,실물(액티브),배당소득세(보유기간과세),Solactive 글로벌친환경전력인프라 PR지수,글로벌,에너지·원자력,일반,20260810
0015B0,KR70015B0004,KoAct 미국나스닥성장기업액티브,삼성액티브자산운용,0.5,634237500000,19515,19324.22,2025-02-25,주식,해외,실물(액티브),배당소득세(보유기간과세),나스닥 종합주가지수,미국,기타,일반,20260810
0104H0,KR70104H0000,KoAct 미국나스닥채권혼합50액티브,삼성액티브자산운용,0.25,150600000000,12000,11977.92,2025-09-30,혼합자산,국내&해외,실물(액티브),배당소득세(보유기간과세),FnGuide 미국나스닥 금융채권혼합 지수,미국,금융,혼합,20260810
0186L0,KR70186L0005,KoAct 미국로봇피지컬AI액티브,삼성액티브자산운용,0.5,22540000000,9800,9769.25,2026-04-28,주식,해외,실물(액티브),배당소득세(보유기간과세),iSelect 미국로봇피지컬AI지수,미국,AI·테크,일반,20260810
0113G0,KR70113G0000,KoAct 미국바이오헬스케어액티브,삼성액티브자산운용,0.5,10120500000,11245,11220.02,2025-11-11,주식,해외,실물(액티브),배당소득세(보유기간과세),Solactive 미국바이오헬스케어지수 PR,미국,바이오·헬스케어,일반,20260810
497780,KR7497780007,KoAct 미국천연가스인프라액티브,삼성액티브자산운용,0.5,19545250000,10565,10614.49,2024-12-10,주식,해외,실물(액티브),배당소득세(보유기간과세),Solactive 미국천연가스인프라 PR 지수,미국,에너지·원자력,일반,20260810
490330,KR7490330008,KoAct 미국치매&뇌질환치료제액티브,삼성액티브자산운용,0.5,5337500000,15250,15300.87,2024-09-03,주식,해외,실물(액티브),배당소득세(보유기간과세),Solactive 미국뇌질환치료제 PR 지수,미국,기타,일반,20260810
462900,KR7462900002,KoAct 바이오헬스케어액티브,삼성액티브자산운용,0.5,424512000000,16080,16084.38,2023-08-03,주식,국내,실물(액티브),배당소득세(보유기간과세),iSelect 바이오헬스케어 PR 지수,한국,바이오·헬스케어,일반,20260810
482030,KR7482030004,KoAct 반도체&2차전지핵심소재액티브,삼성액티브자산운용,0.5,9675750000,9215,9191.85,2024-05-14,주식,국내,실물(액티브),배당소득세(보유기간과세),iSelect 반도체&2차전지핵심소재 지수,한국,반도체,일반,20260810
476850,KR7476850003,KoAct 배당성장액티브,삼성액티브자산운용,0.5,95151500000,20245,20187.07,2024-02-27,주식,국내,실물(액티브),배당소득세(보유기간과세),코스피,한국,광범위지수,일반,20260810
0051A0,KR70051A0000,KoAct 브로드컴밸류체인액티브,삼성액티브자산운용,0.5,16893500000,25990,25703.22,2025-05-20,주식,해외,실물(액티브),배당소득세(보유기간과세),FactSet 브로드컴밸류체인 지수,기타,광범위지수,일반,20260810
0150K0,KR70150K0008,KoAct 수소전력ESS인프라액티브,삼성액티브자산운용,0.5,29939250000,10505,10541.17,2026-01-13,주식,국내,실물(액티브),배당소득세(보유기간과세),FnGuide 수소전력ESS인프라 지수(PR),한국,에너지·원자력,일반,20260810
0154H0,KR70154H0009,KoAct 차이나바이오헬스케어액티브,삼성액티브자산운용,0.5,4980250000,9055,8947.63,2026-01-27,주식,해외,실물(액티브),배당소득세(보유기간과세),Solactive 차이나바이오헬스케어지수 PR,기타,바이오·헬스케어,일반,20260810
495230,KR7495230005,KoAct 코리아밸류업액티브,삼성액티브자산운용,0.5,236857000000,28885,28842.23,2024-11-04,주식,국내,실물(액티브),배당소득세(보유기간과세),코리아 밸류업 지수,한국,배당주,일반,20260810
0163Y0,KR70163Y0007,KoAct 코스닥액티브,삼성액티브자산운용,0.5,474462000000,9195,9164.32,2026-03-10,주식,국내,실물(액티브),배당소득세(보유기간과세),코스닥,한국,광범위지수,일반,20260810
0193G0,KR70193G0003,KoAct 코스피액티브,삼성액티브자산운용,0.5,108852000000,7720,7720.45,2026-05-19,주식,국내,실물(액티브),배당소득세(보유기간과세),코스피,한국,광범위지수,일반,20260810
0093D0,KR70093D0007,KoAct 팔란티어밸류체인액티브,삼성액티브자산운용,0.5,26556750000,18315,18162.16,2025-08-26,주식,국내&해외,실물(액티브),배당소득세(보유기간과세),KEDI 팔란티어밸류체인지수(PR),미국,개별종목,일반,20260810
411540,KR7411540008,SOL 200 Top10,신한자산운용,0.15,23863000000,17045,17019.57,2021-12-09,주식,국내,실물(패시브),비과세,코스피 200 Top 10 지수,한국,광범위지수,일반,20260810
295040,KR7295040000,SOL 200TR,신한자산운용,0.05,894847500000,36825,36842.12,2018-04-23,주식,국내,실물(패시브),배당소득세(보유기간과세),코스피 200 TR,한국,광범위지수,일반,20260810
0167B0,KR70167B0000,SOL 200타겟위클리커버드콜,신한자산운용,0.3,631972000000,10840,10841.59,2026-03-17,주식,국내,실물(패시브),배당소득세(보유기간과세),코스피 200 타겟 15% 위클리 커버드콜 지수,한국,광범위지수,커버드콜,20260810
488980,KR7488980004,SOL 26-12 회사채(AA-이상)액티브,신한자산운용,0.05,230180720000,52030,52024.12,2024-10-08,채권,국내,실물(액티브),배당소득세(보유기간과세),"KAP 26-12 크레딧 채권지수(AA-이상, 총수익)",한국,채권·금리,일반,20260810
0092C0,KR70092C0009,SOL 27-12 회사채(AA-이상)액티브,신한자산운용,0.05,225553860000,50190,50185.66,2025-08-19,채권,국내,실물(액티브),배당소득세(보유기간과세),"KAP 27-12 크레딧 채권지수(AA-이상, 총수익)",한국,채권·금리,일반,20260810
455860,KR7455860007,SOL 2차전지소부장Fn,신한자산운용,0.45,108206000000,4585,4572.63,2023-04-25,주식,국내,실물(패시브),비과세,FnGuide 2차전지 소부장 지수(PR),한국,2차전지,일반,20260810
0167A0,KR70167A0001,SOL AI반도체TOP2플러스,신한자산운용,0.45,5030548000000,15560,15547.24,2026-03-17,주식,국내,실물(패시브),비과세,FnGuide AI반도체 TOP2 플러스 지수(PR),한국,반도체,일반,20260810
455850,KR7455850008,SOL AI반도체소부장,신한자산운용,0.45,937356500000,22265,22223.25,2023-04-25,주식,국내,실물(패시브),비과세,FnGuide AI 반도체 소부장 지수,한국,반도체,일반,20260810
497880,KR7497880005,SOL CD금리&머니마켓액티브,신한자산운용,0.05,259188200000,50075,50075.95,2024-11-26,채권,국내,실물(액티브),배당소득세(보유기간과세),KAP CD&단기자금시장지수(PR),한국,채권·금리,일반,20260810
363510,KR7363510009,SOL KIS단기통안채,신한자산운용,0.07,12429780000,111980,111996.91,2020-09-09,채권,국내,실물(패시브),배당소득세(보유기간과세),KIS 단기통안채 Index(총수익),한국,채권·금리,일반,20260810
292500,KR7292500006,SOL KRX300,신한자산운용,0.05,22110000000,44220,44655.65,2018-03-26,주식,국내,실물(패시브),비과세,KRX 300,한국,광범위지수,일반,20260810
404650,KR7404650004,SOL KRX기후변화솔루션,신한자산운용,0.15,13650000000,22750,22812.11,2021-10-29,주식,국내,실물(패시브),비과세,KRX 기후변화 솔루션지수,한국,기타,일반,20260810
490480,KR7490480001,SOL K방산,신한자산운용,0.45,86940000000,32200,32170.47,2024-10-02,주식,국내,실물(패시브),비과세,KEDI K방산 지수(PR),한국,방산·우주,일반,20260810
0197W0,KR70197W0009,SOL SK하이닉스단일종목레버리지,신한자산운용,0.1,42554125000,6145,6168.64,2026-05-27,주식,국내,실물(패시브),배당소득세(보유기간과세),KRX SK하이닉스 지수,한국,개별종목,일반,20260810
0197X0,KR70197X0008,SOL SK하이닉스선물단일종목인버스2X,신한자산운용,0.1,124096000000,11080,11088.46,2026-05-27,주식,국내,실물(패시브),배당소득세(보유기간과세),KRX SK하이닉스 선물 지수,한국,개별종목,일반,20260810
438570,KR7438570004,SOL 국고채10년,신한자산운용,0.05,107330380000,98740,98728.08,2022-09-06,채권,국내,실물(패시브),배당소득세(보유기간과세),KAP 국고채10년지수(총수익지수),한국,채권·금리,일반,20260810
474390,KR7474390002,SOL 국고채30년액티브,신한자산운용,0.05,5398190000,40285,40373.07,2024-01-16,채권,국내,실물(액티브),배당소득세(보유기간과세),KAP 국고채30년 지수(TR),한국,채권·금리,일반,20260810
438560,KR7438560005,SOL 국고채3년,신한자산운용,0.05,75761920000,100480,100465.92,2022-09-06,채권,국내,실물(패시브),배당소득세(보유기간과세),KAP 국고채3년지수(총수익지수),한국,채권·금리,일반,20260810
0022T0,KR70022T0005,SOL 국제금커버드콜액티브,신한자산운용,0.45,70174000000,13495,13439.91,2025-03-11,원자재,해외,실물(액티브),배당소득세(보유기간과세),KEDI 골드인컴프리미엄 지수(NTR),기타,원자재·금,일반,20260810
0066W0,KR70066W0007,SOL 국제금,신한자산운용,0.05,84922500000,13065,13050.66,2025-06-17,원자재,해외,실물(패시브),배당소득세(보유기간과세),KEDI 국제금현물 ETF 가격지수(PR),기타,기타,일반,20260810
423170,KR7423170000,SOL 글로벌AI반도체탑픽액티브,신한자산운용,0.55,246086400000,54930,54622.13,2022-04-12,주식,국내&해외,실물(액티브),배당소득세(보유기간과세),S&P Global Semiconductor Korea Tilted Index(PR),글로벌,반도체,일반,20260810
400590,KR7400590006,SOL 글로벌탄소배출권선물ICE(합성),신한자산운용,0.55,7200000000,14400,14558.32,2021-09-30,기타,해외,합성(패시브),배당소득세(보유기간과세),ICE Global Carbon Futures Index(Excess Return),글로벌,기타,일반,20260810
484880,KR7484880000,SOL 금융지주플러스고배당,신한자산운용,0.3,375583000000,22490,22460.38,2024-06-25,주식,국내,실물(패시브),비과세,FnGuide 금융지주플러스고배당 지수(PR),한국,금융,일반,20260810
484890,KR7484890009,SOL 머니마켓액티브,신한자산운용,0.05,14158800000,52440,52443.66,2024-06-25,채권,국내,실물(액티브),배당소득세(보유기간과세),KAP 시가 MMF 지수(TR),한국,채권·금리,일반,20260810
461600,KR7461600009,SOL 미국30년국채액티브(H),신한자산운용,0.05,26365500000,8370,8358.65,2023-07-11,채권,해외,실물(액티브),배당소득세(보유기간과세),KAP 미국채 20Y+ 지수(시장가격),미국,채권·금리,일반,20260810
473330,KR7473330009,SOL 미국30년국채커버드콜(합성),신한자산운용,0.25,288448500000,8265,8296.22,2023-12-27,채권,해외,합성(패시브),배당소득세(보유기간과세),KEDI 미국 국채 20년+ 커버드콜 지수(NTR),미국,채권·금리,커버드콜,20260810
494210,KR7494210008,SOL 미국500타겟데일리커버드콜액티브,신한자산운용,0.35,7934500000,11335,11325.33,2024-10-15,주식,해외,실물(액티브),배당소득세(보유기간과세),KEDI 미국퀄리티500+월1%프리미엄 지수(NTR),미국,기타,일반,20260810
479620,KR7479620007,SOL 미국AI반도체칩메이커,신한자산운용,0.45,94465000000,26990,26839.84,2024-04-16,주식,해외,실물(패시브),배당소득세(보유기간과세),Solactive US AI Semiconductor Chip Makers Index(PR),미국,반도체,일반,20260810
481180,KR7481180008,SOL 미국AI소프트웨어,신한자산운용,0.45,140954000000,16390,16297.03,2024-05-14,주식,해외,실물(패시브),배당소득세(보유기간과세),KEDI 미국 AI 소프트웨어지수(PR),미국,AI·테크,일반,20260810
486450,KR7486450000,SOL 미국AI전력인프라,신한자산운용,0.45,248806250000,21175,21016.54,2024-07-16,주식,해외,실물(패시브),배당소득세(보유기간과세),KEDI 미국AI전력인프라 지수(PR),미국,AI·테크,일반,20260810
433330,KR7433330008,SOL 미국S&P500,신한자산운용,0.05,298483500000,22785,22781.86,2022-06-21,주식,해외,실물(패시브),배당소득세(보유기간과세),S&P 500,미국,광범위지수,일반,20260810
399110,KR7399110006,SOL 미국S&P500ESG,신한자산운용,0.15,122108000000,21805,21674.5,2021-09-14,주식,해외,실물(패시브),배당소득세(보유기간과세),S&P500 Scored&Screened(PR),미국,광범위지수,일반,20260810
0080X0,KR70080X0008,SOL 미국S&P500미국채혼합50,신한자산운용,0.15,73872500000,11365,11358.36,2025-07-15,혼합자산,해외,실물(패시브),배당소득세(보유기간과세),S&P 500 and iBoxx $ Treasuries 7-10Y 5050 Blend Index(USD) PR/TR Hybrid,미국,광범위지수,일반,20260810
499150,KR7499150001,SOL 미국S&P500엔화노출(H),신한자산운용,0.15,5657500000,11315,11296.98,2024-12-03,주식,해외,실물(패시브),배당소득세(보유기간과세),S&P500 Yen Hedged Index(PR),미국,광범위지수,일반,20260810
447620,KR7447620006,SOL 미국TOP5채권혼합50,신한자산운용,0.25,124740000000,16200,16191.89,2022-11-29,혼합자산,국내&해외,실물(패시브),배당소득세(보유기간과세),Solactive US TOP5 Balanced50 Index(PR),미국,기타,일반,20260810
476030,KR7476030002,SOL 미국나스닥100,신한자산운용,0.05,133937000000,17740,17680.93,2024-03-12,주식,해외,실물(패시브),배당소득세(보유기간과세),NASDAQ 100,미국,광범위지수,일반,20260810
0118S0,KR70118S0001,SOL 미국넥스트테크TOP10액티브,신한자산운용,0.55,52049000000,11315,11214.19,2025-10-28,주식,해외,실물(액티브),배당소득세(보유기간과세),KEDI 미국넥스트테크TOP10(PR),미국,AI·테크,일반,20260810
493420,KR7493420004,SOL 미국배당다우존스2호,신한자산운용,0.05,27226500000,12965,12922.28,2024-10-08,주식,해외,실물(패시브),배당소득세(보유기간과세),Dow Jones U.S. Dividend 100 Index(TR),미국,배당주,일반,20260810
446720,KR7446720005,SOL 미국배당다우존스,신한자산운용,0.01,1033040000000,13960,13956.99,2022-11-15,주식,해외,실물(패시브),배당소득세(보유기간과세),Dow Jones U.S. Dividend 100 Price Return Index,미국,배당주,일반,20260810
490490,KR7490490000,SOL 미국배당미국채혼합50,신한자산운용,0.15,475266000000,11370,11341.09,2024-09-24,혼합자산,해외,실물(패시브),배당소득세(보유기간과세),KRX 다우존스 미국배당국채 혼합지수,미국,채권·금리,혼합,20260810
0023A0,KR70023A0005,SOL 미국양자컴퓨팅TOP10,신한자산운용,0.45,449415250000,27155,26976.64,2025-03-11,주식,해외,실물(패시브),배당소득세(보유기간과세),KEDI 미국양자컴퓨팅 TOP10(PR),미국,AI·테크,일반,20260810
0181L0,KR70181L0000,SOL 미국우주항공TOP10,신한자산운용,0.45,67685750000,8305,8123.86,2026-04-21,주식,해외,실물(패시브),배당소득세(보유기간과세),KEDI 미국우주항공 TOP10(PR),미국,방산·우주,일반,20260810
0051G0,KR70051G0004,SOL 미국원자력SMR,신한자산운용,0.45,174378750000,14235,14141.77,2025-05-20,주식,해외,실물(패시브),배당소득세(보유기간과세),KEDI 미국원자력 SMR 지수(PR),미국,에너지·원자력,일반,20260810
481190,KR7481190007,SOL 미국테크TOP10,신한자산운용,0.05,297500000000,17500,17449.29,2024-05-21,주식,해외,실물(패시브),배당소득세(보유기간과세),Solactive US Tech TOP 10 Custom Index(PR),미국,AI·테크,일반,20260810
475300,KR7475300000,SOL 반도체전공정,신한자산운용,0.45,266016000000,19560,19502.43,2024-02-14,주식,국내,실물(패시브),비과세,FnGuide 반도체 전공정 지수(PR),한국,반도체,일반,20260810
475310,KR7475310009,SOL 반도체후공정,신한자산운용,0.45,66352500000,24575,24509.65,2024-02-14,주식,국내,실물(패시브),비과세,FnGuide 반도체 후공정 지수(PR),한국,반도체,일반,20260810
0152E0,KR70152E0004,SOL 배당성향탑픽액티브,신한자산운용,0.3,26808000000,11170,11163.26,2026-01-13,주식,국내,실물(액티브),배당소득세(보유기간과세),FnGuide 배당성향탑픽 지수(PR),한국,배당주,일반,20260810
0207G0,KR70207G0007,SOL 우주항공밸류체인,신한자산운용,0.45,38573500000,7490,7475.21,2026-06-16,주식,국내,실물(패시브),비과세,Akros 우주항공밸류체인 지수(PR),한국,방산·우주,일반,20260810
400580,KR7400580007,SOL 유럽탄소배출권선물S&P(H),신한자산운용,0.55,5850000000,11700,11797.03,2021-09-30,기타,해외,실물(패시브),배당소득세(보유기간과세),S&P GSCI Carbon Emission Allowances(EUA)(EUR)ER,글로벌,기타,일반,20260810
464610,KR7464610005,SOL 의료기기소부장Fn,신한자산운용,0.45,12085750000,8335,8378.88,2023-08-22,주식,국내,실물(패시브),비과세,FnGuide 의료기기소부장지수(PR),한국,바이오·헬스케어,일반,20260810
466930,KR7466930005,SOL 자동차TOP3플러스,신한자산운용,0.45,220189500000,26370,26352.77,2023-10-05,주식,국내,실물(패시브),비과세,FnGuide 자동차TOP3플러스지수(PR),한국,자동차,일반,20260810
464600,KR7464600006,SOL 자동차소부장Fn,신한자산운용,0.45,22239500000,23410,23468.34,2023-08-22,주식,국내,실물(패시브),비과세,FnGuide 자동차소부장지수(PR),한국,자동차,일반,20260810
0005D0,KR70005D0004,SOL 전고체배터리&실리콘음극재,신한자산운용,0.45,140166250000,14525,14531.91,2025-01-07,주식,국내,실물(패시브),비과세,FnGuide 전고체배터리&실리콘음극재 지수(PR),한국,2차전지,일반,20260810
0080Y0,KR70080Y0007,SOL 조선TOP3플러스레버리지,신한자산운용,0.5,136017000000,10710,10702.73,2025-07-15,주식,국내,실물(패시브),배당소득세(보유기간과세),FnGuide 조선TOP3플러스지수(PR),한국,조선·기계,일반,20260810
466920,KR7466920006,SOL 조선TOP3플러스,신한자산운용,0.45,1632112500000,30650,30617.31,2023-10-05,주식,국내,실물(패시브),비과세,FnGuide 조선TOP3플러스지수(PR),한국,조선·기계,일반,20260810
0141S0,KR70141S0002,SOL 조선기자재,신한자산운용,0.45,61204750000,8935,8896.88,2025-12-16,주식,국내,실물(패시브),비과세,FnGuide 조선기자재 지수(PR),한국,조선·기계,일반,20260810
0141T0,KR70141T0001,SOL 중기종합채권(AA-이상)액티브,신한자산운용,0.05,43354290000,50295,50277.09,2025-12-16,채권,국내,실물(액티브),배당소득세(보유기간과세),"KAP K-중기종합채권지수(AA-이상,총수익)",한국,채권·금리,일반,20260810
0016X0,KR70016X0007,SOL 중단기회사채(A-이상)액티브,신한자산운용,0.05,420060550000,51415,51401.59,2025-02-18,채권,국내,실물(액티브),배당소득세(보유기간과세),KIS 중단기크레딧플러스채권(AA+~A-)지수(총수익),한국,채권·금리,일반,20260810
220130,KR7220130009,SOL 차이나강소기업CSI500(합성 H),신한자산운용,0.6,5548000000,6935,6971.51,2015-06-08,주식,해외,합성(패시브),배당소득세(보유기간과세),CSI 500 지수,중국,광범위지수,일반,20260810
0131A0,KR70131A0004,SOL 차이나소비트렌드,신한자산운용,0.45,4917000000,8195,8065.33,2025-11-25,주식,해외,실물(패시브),배당소득세(보유기간과세),SOLACTIVE-KEDI CHINA CONSUMER TREND INDEX(PR),중국,소비재,일반,20260810
415760,KR7415760008,SOL 차이나육성산업액티브(합성),신한자산운용,0.55,19074000000,14025,14352.23,2022-01-13,주식,해외,합성(액티브),배당소득세(보유기간과세),STAR 50 Index(Price Return),기타,기타,일반,20260810
413220,KR7413220005,SOL 차이나태양광CSI(합성),신한자산운용,0.5,5832000000,4860,4886.77,2021-12-22,주식,해외,합성(패시브),배당소득세(보유기간과세),CSI Photovoltaic Industry Index(PR),중국,광범위지수,일반,20260810
469830,KR7469830004,SOL 초단기채권액티브,신한자산운용,0.05,986537700000,54265,54257.25,2023-11-07,채권,국내,실물(액티브),배당소득세(보유기간과세),KAP 단기자금시장지수,한국,채권·금리,일반,20260810
0105E0,KR70105E0002,SOL 코리아고배당,신한자산운용,0.159,547213500000,13170,13161.09,2025-09-23,주식,국내,실물(패시브),비과세,FnGuide 코리아 고배당 지수(PR),한국,배당주,일반,20260810
444200,KR7444200000,SOL 코리아메가테크액티브,신한자산운용,0.55,498533000000,43540,43448.66,2022-10-18,주식,국내,실물(액티브),배당소득세(보유기간과세),KEDI 메가테크지수(PR),한국,AI·테크,일반,20260810
495550,KR7495550006,SOL 코리아밸류업TR,신한자산운용,0.05,181145250000,30965,30917.38,2024-11-04,주식,국내,실물(패시브),배당소득세(보유기간과세),코리아 밸류업 TR 지수,한국,배당주,일반,20260810
450910,KR7450910005,SOL 코스닥150,신한자산운용,0.15,37017600000,14460,14449.74,2023-01-31,주식,국내,실물(패시브),비과세,코스닥 150,한국,광범위지수,일반,20260810
0192T0,KR70192T0009,SOL 코스닥TOP10,신한자산운용,0.15,33096000000,7880,7859.35,2026-05-19,주식,국내,실물(패시브),비과세,코스닥 TOP 10 지수,한국,광범위지수,일반,20260810
0192S0,KR70192S0000,SOL 코스피200채권혼합50,신한자산운용,0.15,18040000000,9020,9005.66,2026-05-19,혼합자산,국내,실물(패시브),배당소득세(보유기간과세),코스피 200 KTB 혼합지수,한국,채권·금리,혼합,20260810
0040X0,KR70040X0007,SOL 팔란티어미국채커버드콜혼합,신한자산운용,0.35,181951000000,9730,9764.23,2025-04-22,혼합자산,해외,실물(패시브),배당소득세(보유기간과세),KEDI 팔란티어미국채커버드콜혼합지수(NTR),미국,개별종목,커버드콜,20260810
0040Y0,KR70040Y0006,SOL 팔란티어커버드콜OTM채권혼합,신한자산운용,0.35,362558000000,8120,8156.13,2025-04-22,혼합자산,국내&해외,실물(패시브),배당소득세(보유기간과세),KEDI 팔란티어커버드콜OTM 채권혼합지수(NTR),미국,개별종목,커버드콜,20260810
0105D0,KR70105D0003,SOL 한국AI소프트웨어,신한자산운용,0.45,18572500000,9775,9777.31,2025-09-23,주식,국내,실물(패시브),비과세,KEDI 한국AI소프트웨어 지수(PR),한국,AI·테크,일반,20260810
0092B0,KR70092B0000,SOL 한국원자력SMR,신한자산운용,0.45,121112250000,15045,15009.79,2025-08-19,주식,국내,실물(패시브),비과세,FnGuide 한국원자력 SMR 지수(PR),한국,에너지·원자력,일반,20260810
429980,KR7429980006,SOL 한국형글로벌전기차&2차전지액티브,신한자산운용,0.55,8802500000,17605,17647.94,2022-06-14,주식,국내&해외,실물(액티브),배당소득세(보유기간과세),FactSet Global Electric Vehicle and Rechargeable Battery Korea-Tilted Index(PR),글로벌,2차전지,일반,20260810
0008T0,KR70008T0003,SOL 화장품TOP3플러스,신한자산운용,0.45,74589000000,15870,15910.14,2025-01-21,주식,국내,실물(패시브),비과세,FnGuide 화장품TOP3 플러스 지수(PR),한국,소비재,일반,20260810
452360,KR7452360001,SOL 미국배당다우존스(H),신한자산운용,0.05,216627000000,13290,13282.64,2023-03-21,주식,해외,실물(패시브),배당소득세(보유기간과세),Dow Jones U.S. Dividend 100 Price Return Index,미국,배당주,일반,20260810
436140,KR7436140008,SOL 종합채권(AA-이상)액티브,신한자산운용,0.04,1297023115000,106235,106212.08,2022-08-09,채권,국내,실물(액티브),배당소득세(보유기간과세),"KAP K-종합채권지수(AA-이상, 총수익)",한국,채권·금리,일반,20260810
462340,KR7462340001,에셋플러스 글로벌다이나믹시니어액티브,에셋플러스자산운용,0.99,8567500000,17135,17117.6,2023-07-25,주식,해외,실물(액티브),배당소득세(보유기간과세),S&P 500,미국,광범위지수,일반,20260810
433220,KR7433220001,에셋플러스 글로벌대장장이액티브,에셋플러스자산운용,0.99,23028800000,31120,31051.54,2022-06-28,주식,해외,실물(액티브),배당소득세(보유기간과세),S&P 500,미국,광범위지수,일반,20260810
451150,KR7451150007,에셋플러스 글로벌영에이지액티브,에셋플러스자산운용,0.99,11420400000,18420,18439.79,2023-01-31,주식,해외,실물(액티브),배당소득세(보유기간과세),S&P 500,미국,광범위지수,일반,20260810
477490,KR7477490007,에셋플러스 글로벌일등기업포커스10액티브,에셋플러스자산운용,0.99,17802000000,19780,19702.92,2024-03-19,주식,해외,실물(액티브),배당소득세(보유기간과세),MSCI World,글로벌,광범위지수,일반,20260810
407830,KR7407830009,에셋플러스 글로벌플랫폼액티브,에셋플러스자산운용,0.99,34152000000,14230,14215.91,2021-11-16,주식,해외,실물(액티브),배당소득세(보유기간과세),S&P 500,미국,광범위지수,일반,20260810
0002C0,KR70002C0008,에셋플러스 인도일등기업포커스20액티브,에셋플러스자산운용,0.99,10881000000,10075,10105.89,2025-02-25,주식,해외,실물(액티브),배당소득세(보유기간과세),MSCI India IMI Index(PR),인도,광범위지수,일반,20260810
474920,KR7474920006,에셋플러스 차이나일등기업포커스10액티브,에셋플러스자산운용,0.99,18207800000,19370,19421.42,2024-01-16,주식,해외,실물(액티브),배당소득세(보유기간과세),"MSCI China Index(USD, Price Return)",중국,광범위지수,일반,20260810
442090,KR7442090007,에셋플러스 코리아대장장이액티브,에셋플러스자산운용,0.975,43162500000,28775,28957.56,2022-09-20,주식,국내,실물(액티브),배당소득세(보유기간과세),FnGuide 대장장이 지수(Price Return),한국,기타,일반,20260810
407820,KR7407820000,에셋플러스 코리아플랫폼액티브,에셋플러스자산운용,0.975,11151000000,6195,6219.27,2021-11-16,주식,국내,실물(액티브),배당소득세(보유기간과세),FnGuide 플랫폼 지수(Price Return),한국,AI·테크,일반,20260810
448100,KR7448100008,WON 200,우리자산운용,0.05,113647500000,101020,101026.37,2022-12-16,주식,국내,실물(패시브),비과세,코스피 200,한국,광범위지수,일반,20260810
413930,KR7413930009,WON AI ESG액티브,우리자산운용,0.31,14077250000,25595,25747.78,2022-01-05,주식,국내,실물(액티브),배당소득세(보유기간과세),MK-iSelect AI ESG 지수(시장가격지수),한국,AI·테크,일반,20260810
0088N0,KR70088N0002,WON K-글로벌수급상위,우리자산운용,0.69,13864500000,10665,10610.94,2025-08-12,주식,국내,실물(패시브),비과세,DeepSearch 외인수급 Top20 지수,한국,기타,일반,20260810
458030,KR7458030004,WON 국공채머니마켓액티브,우리자산운용,0.065,77926190000,54955,54942.57,2023-05-31,채권,국내,실물(액티브),배당소득세(보유기간과세),KAP 국공채 머니마켓 총수익 지수,한국,기타,일반,20260810
426150,KR7426150009,WON 대한민국국고채액티브,우리자산운용,0.07,30876580000,51290,51171.22,2022-05-11,채권,국내,실물(액티브),배당소득세(보유기간과세),KAP 한국 국고채 총수익 지수,한국,채권·금리,일반,20260810
0177A0,KR70177A0009,WON 두산그룹포커스,우리자산운용,0.33,22516500000,8830,8868.85,2026-03-31,주식,국내,실물(패시브),비과세,iSelect 두산그룹 포커스 지수,한국,기타,일반,20260810
444490,KR7444490007,WON 미국S&P500,우리자산운용,0.05,89999000000,20930,20919.98,2022-10-06,주식,해외,실물(패시브),배당소득세(보유기간과세),S&P 500,미국,광범위지수,일반,20260810
489290,KR7489290007,WON 미국빌리어네어,우리자산운용,0.49,28943250000,15645,15587.03,2024-09-03,주식,해외,실물(패시브),배당소득세(보유기간과세),Bloomberg US Billionaires Investment Select Index(PR),미국,기타,일반,20260810
440910,KR7440910008,WON 미국우주항공방산,우리자산운용,0.35,61127000000,27785,27794.97,2022-08-26,주식,해외,실물(패시브),배당소득세(보유기간과세),S&P Aerospace & Defense Select Industry Index(PR),기타,방산·우주,일반,20260810
474590,KR7474590007,WON 반도체밸류체인액티브,우리자산운용,0.31,320480000000,40060,39983.3,2024-01-16,주식,국내,실물(액티브),배당소득세(보유기간과세),FnGuide 반도체 밸류체인 (Price Return) 지수,한국,반도체,일반,20260810
0203S0,KR70203S0007,WON 삼성전자현대차채권혼합50,우리자산운용,0.18,26133000000,8430,8415.78,2026-06-02,혼합자산,국내,실물(패시브),배당소득세(보유기간과세),KAP 삼성전자현대차채권혼합지수,한국,개별종목,혼합,20260810
496020,KR7496020009,WON 전단채플러스액티브,우리자산운용,0.05,351059100000,52350,52348.89,2024-11-19,채권,국내,실물(액티브),배당소득세(보유기간과세),KIS 전단채플러스 TR 지수,한국,기타,일반,20260810
488720,KR7488720004,WON 종합채권(AA-이상)액티브,우리자산운용,0.045,130288200000,48615,48645.14,2024-08-06,채권,국내,실물(액티브),배당소득세(보유기간과세),KIS 종합채권시장 총수익지수(AA-이상),한국,채권·금리,일반,20260810
0203R0,KR70203R0008,WON 중단기종합채권(A-이상)액티브,우리자산운용,0.091,19161500000,50425,50423.05,2026-06-02,채권,국내,실물(액티브),배당소득세(보유기간과세),KAP 중단기 종합채권 총수익 지수(A-이상),한국,채권·금리,일반,20260810
0154F0,KR70154F0001,WON 초대형IB&금융지주,우리자산운용,0.29,36373500000,12330,12315.29,2026-01-20,주식,국내,실물(패시브),비과세,iSelect 초대형IB&금융지주 지수,한국,금융,일반,20260810
0226G0,KR70226G0004,WON 피지컬AI TOP2플러스액티브,우리자산운용,0.49,9576000000,11970,11989.91,2026-08-04,주식,국내,실물(액티브),배당소득세(보유기간과세),FnGuide 피지컬AI TOP2플러스 지수,한국,AI·테크,일반,20260810
480460,KR7480460005,WON 한국부동산TOP3플러스,우리자산운용,0.25,9420000000,9420,9389.31,2024-04-30,부동산,국내,실물(패시브),비과세(분리과세부동산ETF),DeepSearch 한국부동산TOP3플러스 지수,한국,리츠·부동산,일반,20260810
108590,KR7108590001,TREX 200,유리에셋,0.325,19584000000,97920,97905.16,2009-01-23,주식,국내,실물(패시브),비과세,코스피 200,한국,광범위지수,일반,20260810
145850,KR7145850004,TREX 펀더멘탈 200,유리에셋,0.34,28125000000,112500,113099.05,2011-09-23,주식,국내,실물(패시브),비과세,FnGuide-RAFI 코리아200 지수,한국,기타,일반,20260810
483570,KR7483570008,KCGI 미국S&P500 TOP10,케이씨지아이자산운용,0.36,26440000000,16525,16443.15,2024-05-28,주식,해외,실물(패시브),배당소득세(보유기간과세),S&P500 Top10 25% Capped Index(PR),미국,광범위지수,일반,20260810
153270,KR7153270004,KIWOOM 코스피100,키움투자자산운용,0.195,31957800000,76090,75960.9,2012-02-28,주식,국내,실물(패시브),비과세,코스피 100,한국,광범위지수,일반,20260810
167860,KR7167860006,KIWOOM 국고채10년레버리지,키움투자자산운용,0.3,27059900000,93310,93224.83,2012-10-30,채권,국내,실물(패시브),배당소득세(보유기간과세),KIS 10년 국고채 지수 (총수익),한국,채권·금리,일반,20260810
148070,KR7148070006,KIWOOM 국고채10년,키움투자자산운용,0.05,409516245000,105085,105055.23,2011-10-20,채권,국내,실물(패시브),배당소득세(보유기간과세),KIS 10년 국고채 지수 (총수익),한국,채권·금리,일반,20260810
069660,KR7069660009,KIWOOM 200,키움투자자산운용,0.05,701200500000,98070,98235.61,2002-10-14,주식,국내,실물(패시브),비과세,코스피 200,한국,광범위지수,일반,20260810
294400,KR7294400007,KIWOOM 200TR,키움투자자산운용,0.012,1662036000000,128840,128992.62,2018-04-23,주식,국내,실물(패시브),배당소득세(보유기간과세),코스피 200 TR,한국,광범위지수,일반,20260810
253250,KR7253250005,KIWOOM 200선물레버리지,키움투자자산운용,0.46,28233600000,83040,82903.17,2016-09-12,주식,국내,실물(패시브),배당소득세(보유기간과세),코스피 200 선물지수,한국,광범위지수,일반,20260810
253230,KR7253230007,KIWOOM 200선물인버스2X,키움투자자산운용,0.46,2698000000,95,97.74,2016-09-22,주식,국내,실물(패시브),배당소득세(보유기간과세),코스피 200 선물지수,한국,광범위지수,일반,20260810
253240,KR7253240006,KIWOOM 200선물인버스,키움투자자산운용,0.46,1800720000,1476,1478.13,2016-09-12,주식,국내,실물(패시브),배당소득세(보유기간과세),코스피 200 선물지수,한국,광범위지수,일반,20260810
464240,KR7464240001,KIWOOM 26-09회사채(AA-이상)액티브,키움투자자산운용,0.07,154358750000,52325,52323.21,2023-08-17,채권,국내,실물(액티브),배당소득세(보유기간과세),KIS 2609 만기형 크레딧 종합채권 지수(AA-이상)(총수익지수),한국,채권·금리,일반,20260810
458210,KR7458210002,KIWOOM CD금리액티브(합성),키움투자자산운용,0.03,148240340000,110380,110391.79,2023-05-23,기타,국내,합성(액티브),배당소득세(보유기간과세),FnGuide CD91일 금리투자 지수(총수익),한국,채권·금리,일반,20260810
488200,KR7488200007,KIWOOM K-2차전지북미공급망,키움투자자산운용,0.49,5528250000,12285,12274.01,2024-07-23,주식,국내,실물(패시브),비과세,Solactive K-Battery North America Supply Chain 지수,한국,2차전지,일반,20260810
488210,KR7488210006,KIWOOM K-반도체북미공급망,키움투자자산운용,0.49,3951000000,19755,19683.66,2024-07-23,주식,국내,실물(패시브),비과세,Solactive K-Semiconductor North America Supply Chain 지수,한국,반도체,일반,20260810
100910,KR7100910009,KIWOOM KRX100,키움투자자산운용,0.23,60684000000,15560,15520.09,2008-01-23,주식,국내,실물(패시브),비과세,KRX 100,한국,광범위지수,일반,20260810
200250,KR7200250009,KIWOOM 인도Nifty50(합성),키움투자자산운용,0.29,178184500000,22555,22636.66,2014-06-26,주식,해외,합성(패시브),배당소득세(보유기간과세),Nifty 50 Index,인도,광범위지수,일반,20260810
0194R0,KR70194R0009,KIWOOM SK하이닉스선물단일종목레버리지,키움투자자산운용,0.25,9993750000,6150,6175.08,2026-05-27,주식,국내,실물(패시브),배당소득세(보유기간과세),KRX SK하이닉스 선물 지수,한국,개별종목,일반,20260810
0084E0,KR70084E0007,KIWOOM 미국대형주500월간목표헤지액티브,키움투자자산운용,0.49,12190000000,10600,10598.98,2025-10-21,혼합자산,해외,실물(액티브),배당소득세(보유기간과세),Akros 미국대형주500 월간방어적배분 지수(TR),미국,기타,일반,20260810
0084D0,KR70084D0008,KIWOOM 미국테크100월간목표헤지액티브,키움투자자산운용,0.49,9440000000,11800,11771.72,2025-07-22,혼합자산,해외,실물(액티브),배당소득세(보유기간과세),Akros 미국테크100 월간방어적배분 지수(TR),미국,AI·테크,일반,20260810
114470,KR7114470008,KIWOOM 국고채3년,키움투자자산운용,0.05,52961650000,108085,108057.65,2009-07-31,채권,국내,실물(패시브),배당소득세(보유기간과세),KTB INDEX(시장가격),한국,채권·금리,일반,20260810
471460,KR7471460006,KIWOOM 국고채30년액티브,키움투자자산운용,0.035,22770000000,45540,45587.92,2023-11-07,채권,국내,실물(액티브),배당소득세(보유기간과세),KIS-키움 국고채30년 지수(총수익지수),한국,채권·금리,일반,20260810
473490,KR7473490001,KIWOOM 글로벌AI반도체,키움투자자산운용,0.4,46897500000,31265,31045.51,2023-12-21,주식,국내&해외,실물(패시브),배당소득세(보유기간과세),Solactive Global AI Semiconductor Index (Price Return),글로벌,반도체,일반,20260810
489860,KR7489860007,KIWOOM 글로벌전력GRID인프라,키움투자자산운용,0.49,13591500000,15990,16035.29,2024-08-27,주식,국내&해외,실물(패시브),배당소득세(보유기간과세),NASDAQ OMX Clean Edge Smart Grid Infrastructure Index,미국,기타,일반,20260810
130730,KR7130730005,KIWOOM 단기자금,키움투자자산운용,0.05,72108365000,102865,102875.44,2010-07-29,채권,국내,실물(패시브),배당소득세(보유기간과세),MK 머니마켓 지수(총수익),한국,기타,일반,20260810
419890,KR7419890009,KIWOOM 단기채권ESG액티브,키움투자자산운용,0.15,62329700000,107465,107435.6,2022-03-03,채권,국내,실물(액티브),배당소득세(보유기간과세),KIS ESG 9M~1.5Y,한국,광범위지수,일반,20260810
411860,KR7411860000,KIWOOM 독일DAX,키움투자자산운용,0.25,5293500000,17645,17660.29,2021-12-22,주식,해외,실물(패시브),배당소득세(보유기간과세),DAX Index(PR),유럽,기타,일반,20260810
476450,KR7476450002,KIWOOM 머니마켓액티브,키움투자자산운용,0.05,159274080000,52670,52664.49,2024-02-29,채권,국내,실물(액티브),배당소득세(보유기간과세),KIS-키움 MMF지수(총수익지수),한국,채권·금리,일반,20260810
430500,KR7430500009,KIWOOM 물가채KIS,키움투자자산운용,0.15,11279500000,112795,112815.81,2022-05-31,채권,국내,실물(패시브),배당소득세(보유기간과세),KIS TIPS 지수(총수익),한국,기타,일반,20260810
0190M0,KR70190M0008,KIWOOM 미국AI테크하이베타,키움투자자산운용,0.49,24512500000,9250,9093.4,2026-05-12,주식,해외,실물(패시브),배당소득세(보유기간과세),Akros 미국AI&프론티어테크 하이베타 지수,미국,AI·테크,일반,20260810
0224D0,KR70224D0009,KIWOOM 미국CPU반도체TOP4+,키움투자자산운용,0.49,12048000000,10040,9983.9,2026-07-28,주식,해외,실물(패시브),배당소득세(보유기간과세),iSelect 미국CPU반도체TOP4 지수,미국,반도체,일반,20260810
0127V0,KR70127V0005,KIWOOM 미국S&P500 TOP10&배당다우비중전환,키움투자자산운용,0.19,14423500000,11095,11103.13,2025-11-11,주식,해외,실물(패시브),배당소득세(보유기간과세),S&P500 TOP10 생애배당다우존스 2040 지수,미국,배당주,일반,20260810
0137W0,KR70137W0002,KIWOOM 미국S&P500&GOLD,키움투자자산운용,0.01,28984500000,10735,10764.7,2025-12-09,주식,해외,실물(패시브),배당소득세(보유기간과세),S&P500 & S&P GSCI 금현물 90/10 혼합지수,미국,광범위지수,혼합,20260810
0127T0,KR70127T0009,KIWOOM 미국S&P500&배당다우존스비중전환,키움투자자산운용,0.09,14268750000,11415,11421.44,2025-11-11,주식,해외,실물(패시브),배당소득세(보유기간과세),S&P500 생애배당다우존스 2040 지수,미국,배당주,일반,20260810
0137V0,KR70137V0003,KIWOOM 미국S&P500모멘텀,키움투자자산운용,0.12,95915750000,11915,11874.02,2025-12-09,주식,해외,실물(패시브),배당소득세(보유기간과세),S&P500 모멘텀 지수,미국,광범위지수,일반,20260810
449770,KR7449770007,KIWOOM 미국S&P500,키움투자자산운용,0.021,106893500000,21815,21828.72,2022-12-20,주식,해외,실물(패시브),배당소득세(보유기간과세),S&P 500,미국,광범위지수,일반,20260810
449780,KR7449780006,KIWOOM 미국S&P500(H),키움투자자산운용,0.04,33966000000,18870,18885.27,2022-12-20,주식,해외,실물(패시브),배당소득세(보유기간과세),S&P 500,미국,광범위지수,일반,20260810
0107F0,KR70107F0009,KIWOOM 미국고배당&AI테크,키움투자자산운용,0.45,30217500000,11850,11892.16,2025-09-23,주식,해외,실물(패시브),배당소득세(보유기간과세),Akros 미국AI테크TOP10&미국고배당3070 지수,미국,AI·테크,일반,20260810
453080,KR7453080004,KIWOOM 미국나스닥100(H),키움투자자산운용,0.04,90324000000,23160,23125.06,2023-03-14,주식,해외,실물(패시브),배당소득세(보유기간과세),NASDAQ 100,미국,광범위지수,일반,20260810
460270,KR7460270002,KIWOOM 미국달러SOFR금리액티브(합성),키움투자자산운용,0.05,10424700000,12870,12871.32,2023-06-20,기타,해외,합성(액티브),배당소득세(보유기간과세),Solactive SOFR Daily Total Return Index,미국,채권·금리,일반,20260810
230480,KR7230480006,KIWOOM 미국달러선물인버스2X,키움투자자산운용,0.64,8803800000,4380,4408.53,2015-11-16,통화,국내,실물(패시브),배당소득세(보유기간과세),미국달러선물지수,한국,기타,일반,20260810
225800,KR7225800002,KIWOOM 미국달러선물레버리지,키움투자자산운용,0.64,8068200000,15820,15812.2,2015-08-10,통화,국내,실물(패시브),배당소득세(보유기간과세),미국달러선물지수,한국,기타,일반,20260810
139660,KR7139660005,KIWOOM 미국달러선물인버스,키움투자자산운용,0.49,7099200000,8160,8184.58,2011-04-01,통화,국내,실물(패시브),배당소득세(보유기간과세),미국달러선물지수,한국,기타,일반,20260810
138230,KR7138230008,KIWOOM 미국달러선물,키움투자자산운용,0.37,24012000000,16560,16582.38,2011-02-24,통화,국내,실물(패시브),배당소득세(보유기간과세),미국달러선물지수,한국,기타,일반,20260810
373790,KR7373790005,KIWOOM 미국방어배당성장나스닥,키움투자자산운용,0.4,4506600000,16095,16136.63,2020-12-24,주식,해외,실물(패시브),배당소득세(보유기간과세),Nasdaq US Low Volatility Dividend Achievers Index,미국,배당주,일반,20260810
483030,KR7483030003,KIWOOM 미국블록버스터바이오테크의약품+,키움투자자산운용,0.49,5357250000,11905,11889.65,2024-05-28,주식,해외,실물(패시브),배당소득세(보유기간과세),Solactive Blockbuster Biotech Drugs Index(PR),기타,바이오·헬스케어,일반,20260810
459790,KR7459790002,KIWOOM 미국성장기업30액티브,키움투자자산운용,0.76,28606500000,21190,21069.03,2023-06-27,주식,해외,실물(액티브),배당소득세(보유기간과세),MSCI USA Index(Price Return),미국,광범위지수,일반,20260810
0174R0,KR70174R0003,KIWOOM 미국성장다우존스,키움투자자산운용,0.03,10021500000,11790,11760.62,2026-03-31,주식,해외,실물(패시브),배당소득세(보유기간과세),미국성장다우존스 지수,미국,기타,일반,20260810
498270,KR7498270008,KIWOOM 미국양자컴퓨팅,키움투자자산운용,0.49,235246000000,15895,15799.51,2024-12-17,주식,해외,실물(패시브),배당소득세(보유기간과세),Solactive U.S. Quantum Computing Index(PR),미국,AI·테크,일반,20260810
0207Z0,KR70207Z0004,KIWOOM 미국우주데이터센터인프라,키움투자자산운용,0.49,16401000000,7810,7676.68,2026-06-16,주식,해외,실물(패시브),배당소득세(보유기간과세),iSelect 미국 우주데이터센터인프라 지수,미국,AI·테크,일반,20260810
0216K0,KR70216K0000,KIWOOM 미국우주테크TOP2채권혼합50,키움투자자산운용,0.21,9180000000,9180,9037.51,2026-07-07,혼합자산,국내&해외,실물(패시브),배당소득세(보유기간과세),Akros 미국 우주 Top 2 채권혼합 지수,미국,방산·우주,혼합,20260810
474800,KR7474800000,KIWOOM 미국원유에너지기업,키움투자자산운용,0.29,31992000000,14880,14907.94,2024-01-16,주식,해외,실물(패시브),배당소득세(보유기간과세),MSCI US IMI Energy 25/50 Index(Price Return),미국,에너지·원자력,일반,20260810
104520,KR7104520002,KIWOOM 블루칩,키움투자자산운용,0.4,14835000000,14835,14935.52,2008-07-29,주식,국내,실물(패시브),비과세,MKF 블루칩,한국,기타,일반,20260810
0183V0,KR70183V0006,KIWOOM 삼성전자&SK하이닉스채권혼합50,키움투자자산운용,0.07,220798500000,10985,10962.58,2026-04-21,혼합자산,국내,실물(패시브),배당소득세(보유기간과세),FnGuide 삼성전자 & SK하이닉스 채권혼합 지수,한국,개별종목,혼합,20260810
0194N0,KR70194N0003,KIWOOM 삼성전자선물단일종목레버리지,키움투자자산운용,0.25,7835625000,8955,8967.62,2026-05-27,주식,국내,실물(패시브),배당소득세(보유기간과세),KRX 삼성전자 선물 지수,한국,개별종목,일반,20260810
0015E0,KR70015E0001,KIWOOM 엔비디아미국30년국채혼합액티브(H),키움투자자산운용,0.19,5302500000,10605,10652.53,2025-02-11,혼합자산,해외,실물(액티브),배당소득세(보유기간과세),Bloomberg Blended NVIDIA and US Long Treasury Bond Index,미국,개별종목,일반,20260810
483020,KR7483020004,KIWOOM 의료AI,키움투자자산운용,0.49,6102000000,10170,10167.16,2024-05-28,주식,국내,실물(패시브),비과세,FnGuide 의료AI 지수,한국,AI·테크,일반,20260810
435530,KR7435530001,KIWOOM TDF2030액티브 적격,키움투자자산운용,0.3,7872500000,15745,15755.52,2022-06-30,혼합자산,국내&해외,실물(액티브),배당소득세(보유기간과세),Dow Jones Target 2030 Index (Total Return),미국,기타,일반,20260810
435540,KR7435540000,KIWOOM TDF2040액티브 적격,키움투자자산운용,0.34,8907500000,17815,17806.94,2022-06-30,혼합자산,국내&해외,실물(액티브),배당소득세(보유기간과세),Dow Jones Target 2040 Index (Total Return),미국,기타,일반,20260810
435550,KR7435550009,KIWOOM TDF2050액티브 적격,키움투자자산운용,0.38,12862500000,18375,18353.82,2022-06-30,혼합자산,국내&해외,실물(액티브),배당소득세(보유기간과세),Dow Jones Target 2050 Index (Total Return),미국,기타,일반,20260810
454780,KR7454780008,KIWOOM 종합채권(AA-이상)액티브,키움투자자산운용,0.025,292176040000,99515,99550.65,2023-04-11,채권,국내,실물(액티브),배당소득세(보유기간과세),KIS 종합 채권시장지수(AA-이상)(총수익지수),한국,채권·금리,일반,20260810
454180,KR7454180001,KIWOOM 차이나내수소비TOP CSI,키움투자자산운용,0.42,3210000000,8025,7970.58,2023-04-04,주식,해외,실물(패시브),배당소득세(보유기간과세),CSI SH-HK-SZ Consumer Top Index,중국,소비재,일반,20260810
104530,KR7104530001,KIWOOM 코리아고배당,키움투자자산운용,0.19,36674500000,17890,17838.96,2008-07-29,주식,국내,실물(패시브),비과세,MKF 웰스 고배당20,한국,배당주,일반,20260810
496090,KR7496090002,KIWOOM 코리아밸류업,키움투자자산운용,0.009,98491250000,30305,30263.64,2024-11-04,주식,국내,실물(패시브),비과세,코리아 밸류업 지수,한국,배당주,일반,20260810
469790,KR7469790000,KIWOOM 코리아테크TOP10,키움투자자산운용,0.39,27555500000,39365,39211.32,2023-10-31,주식,국내,실물(패시브),비과세,Solactive K-TechTOP10 Index(PR),한국,기타,일반,20260810
291630,KR7291630002,KIWOOM 코스닥150선물레버리지,키움투자자산운용,0.09,5691250000,3925,3921.61,2018-03-16,주식,국내,실물(패시브),배당소득세(보유기간과세),F-코스닥150 지수,한국,광범위지수,일반,20260810
291620,KR7291620003,KIWOOM 코스닥150선물인버스,키움투자자산운용,0.09,2359800000,4140,4137.68,2018-03-16,주식,국내,실물(패시브),배당소득세(보유기간과세),F-코스닥150 지수,한국,광범위지수,일반,20260810
316670,KR7316670009,KIWOOM 코스닥150,키움투자자산운용,0.15,48461700000,7365,7363.2,2019-01-22,주식,국내,실물(패시브),비과세,코스닥 150,한국,광범위지수,일반,20260810
0198A0,KR70198A0004,KIWOOM 코스닥150커버드콜액티브,키움투자자산운용,0.63,52884000000,9360,9256.21,2026-06-30,주식,국내,실물(액티브),배당소득세(보유기간과세),코스닥 150 위클리 고정 30% 커버드콜 지수,한국,광범위지수,커버드콜,20260810
122260,KR7122260003,KIWOOM 통안채1년,키움투자자산운용,0.05,32261700000,104070,104034.74,2010-01-14,채권,국내,실물(패시브),배당소득세(보유기간과세),MK 통안채지수(총수익),한국,채권·금리,일반,20260810
0015F0,KR70015F0000,KIWOOM 팔란티어미국30년국채혼합액티브(H),키움투자자산운용,0.19,13676000000,10520,10569.61,2025-02-11,혼합자산,해외,실물(액티브),배당소득세(보유기간과세),Bloomberg Blended PALANTIR and US Long Treasury Bond Index,미국,개별종목,일반,20260810
0097L0,KR70097L0003,KIWOOM 한국고배당&미국AI테크,키움투자자산운용,0.45,26383500000,12870,12886.97,2025-09-02,주식,국내&해외,실물(패시브),배당소득세(보유기간과세),Akros 미국AI테크TOP10&한국고배당3070 지수,미국,AI·테크,일반,20260810
0220A0,KR70220A0006,KIWOOM 현대차그룹TOP3채권혼합50,키움투자자산운용,0.15,13356000000,9540,9573.57,2026-07-14,혼합자산,국내,실물(패시브),배당소득세(보유기간과세),FnGuide 현대차그룹TOP3 채권혼합 지수,한국,개별종목,혼합,20260810
441800,KR7441800000,TIME Korea플러스배당액티브,타임폴리오자산운용,0.8,744303300000,27105,27146.16,2022-09-27,주식,국내,실물(액티브),배당소득세(보유기간과세),코스피 200,한국,광범위지수,일반,20260810
463050,KR7463050005,TIME K바이오액티브,타임폴리오자산운용,0.8,246768250000,14645,14574.13,2023-08-17,주식,국내,실물(액티브),배당소득세(보유기간과세),KRX 헬스케어,한국,바이오·헬스케어,일반,20260810
404120,KR7404120008,TIME K신재생에너지액티브,타임폴리오자산운용,0.8,17094000000,24420,24301.86,2021-10-29,주식,국내,실물(액티브),배당소득세(보유기간과세),KRX 기후변화 솔루션지수,한국,기타,일반,20260810
385710,KR7385710009,TIME K이노베이션액티브,타임폴리오자산운용,0.8,11105000000,11105,11086.93,2021-05-25,주식,국내,실물(액티브),배당소득세(보유기간과세),KRX BBIG 지수,한국,기타,일반,20260810
410870,KR7410870000,TIME K컬처액티브,타임폴리오자산운용,0.8,12336000000,10280,10240.35,2021-12-15,주식,국내,실물(액티브),배당소득세(보유기간과세),FnGuide K-컬처 지수,한국,기타,일반,20260810
456600,KR7456600006,TIME 글로벌AI인공지능액티브,타임폴리오자산운용,0.8,2173444200000,58710,58453.54,2023-05-16,주식,해외,실물(액티브),배당소득세(보유기간과세),Solactive Global Artificial Intelligence 지수,글로벌,AI·테크,일반,20260810
485810,KR7485810006,TIME 글로벌바이오액티브,타임폴리오자산운용,0.8,12160500000,11055,11051.3,2024-07-02,주식,해외,실물(액티브),배당소득세(보유기간과세),KEDI 글로벌 불로장생바이오 지수(원화환산),글로벌,바이오·헬스케어,일반,20260810
494180,KR7494180003,TIME 글로벌소비트렌드액티브,타임폴리오자산운용,0.8,11064000000,13830,13834.62,2024-10-29,주식,해외,실물(액티브),배당소득세(보유기간과세),Solactive 뉴에이지컨수머지수,기타,기타,일반,20260810
478150,KR7478150006,TIME 글로벌우주테크&방산액티브,타임폴리오자산운용,0.8,257456500000,21635,21461.32,2024-04-23,주식,해외,실물(액티브),배당소득세(보유기간과세),Solactive Aerospace and Defense USD Index PR,기타,방산·우주,일반,20260810
0113D0,KR70113D0003,TIME 글로벌탑픽액티브,타임폴리오자산운용,0.06,76880000000,12400,12414.85,2025-10-28,주식,해외,실물(액티브),배당소득세(보유기간과세),"Bloomberg World Large, Mid & Small cap PR Index",글로벌,기타,일반,20260810
0185L0,KR70185L0006,TIME 글로벌휴머노이드로봇산업액티브,타임폴리오자산운용,0.8,55510500000,8045,8151.73,2026-05-19,주식,해외,실물(액티브),배당소득세(보유기간과세),Solactive Global AI Humanoid Robotics 지수(원화환산)(PR),글로벌,AI·테크,일반,20260810
426020,KR7426020004,TIME 미국S&P500액티브,타임폴리오자산운용,0.8,401955400000,33110,32950.53,2022-05-11,주식,해외,실물(액티브),배당소득세(보유기간과세),S&P 500,미국,광범위지수,일반,20260810
426030,KR7426030003,TIME 미국나스닥100액티브,타임폴리오자산운용,0.8,2499505000000,47375,46957.38,2022-05-11,주식,해외,실물(액티브),배당소득세(보유기간과세),NASDAQ 100,미국,광범위지수,일반,20260810
0019K0,KR70019K0009,TIME 미국나스닥100채권혼합50액티브,타임폴리오자산운용,0.25,554115000000,13515,13457.71,2025-03-25,혼합자산,국내&해외,실물(액티브),배당소득세(보유기간과세),FnGuide 미국나스닥100 단기채권혼합 지수,미국,채권·금리,혼합,20260810
0036D0,KR70036D0007,TIME 미국배당다우존스액티브,타임폴리오자산운용,0.8,64700000000,12940,13006.68,2025-04-29,주식,해외,실물(액티브),배당소득세(보유기간과세),Dow Jones U.S. Dividend 100 Price Return Index,미국,배당주,일반,20260810
0043Y0,KR70043Y0003,TIME 차이나AI테크액티브,타임폴리오자산운용,0.8,375063000000,21190,20974.88,2025-05-13,주식,해외,실물(액티브),배당소득세(보유기간과세),Solactive China Artificial Intelligence 지수(원화환산)(PR),중국,AI·테크,일반,20260810
495060,KR7495060006,TIME 코리아밸류업액티브,타임폴리오자산운용,0.8,198801000000,26865,27035.36,2024-11-04,주식,국내,실물(액티브),배당소득세(보유기간과세),코리아 밸류업 지수,한국,배당주,일반,20260810
0162Y0,KR70162Y0008,TIME 코스닥액티브,타임폴리오자산운용,0.8,268576000000,7630,7623.92,2026-03-10,주식,국내,실물(액티브),배당소득세(보유기간과세),코스닥,한국,광범위지수,일반,20260810
385720,KR7385720008,TIME 코스피액티브,타임폴리오자산운용,0.8,361460000000,23320,23346.5,2021-05-25,주식,국내,실물(액티브),배당소득세(보유기간과세),코스피,한국,광범위지수,일반,20260810
472720,KR7472720002,TRUSTON 주주가치액티브,트러스톤자산운용,0.785,13130000000,25250,25158.72,2023-12-14,주식,국내,실물(액티브),배당소득세(보유기간과세),코스피 200,한국,광범위지수,일반,20260810
496130,KR7496130006,TRUSTON 코리아밸류업액티브,트러스톤자산운용,0.785,12897900000,23885,24026.45,2024-11-04,주식,국내,실물(액티브),배당소득세(보유기간과세),코리아 밸류업 지수,한국,배당주,일반,20260810
451060,KR7451060008,1Q 200액티브,하나자산운용,0.01,395640000000,31400,31401.51,2023-01-31,주식,국내,실물(액티브),배당소득세(보유기간과세),코스피 200,한국,광범위지수,일반,20260810
0184E0,KR70184E0006,1Q 200채권혼합50액티브,하나자산운용,0.4,26250000000,10500,10446.14,2026-04-21,혼합자산,국내,실물(액티브),배당소득세(보유기간과세),코스피 200 단기국공채 혼합지수,한국,광범위지수,혼합,20260810
491610,KR7491610002,1Q CD금리액티브(합성),하나자산운용,0.02,191854611000,104667,104661.71,2024-09-24,기타,국내,합성(액티브),배당소득세(보유기간과세),KIS 하나 CD금리 총수익지수,한국,채권·금리,일반,20260810
0182R0,KR70182R0003,1Q K반도체TOP2+,하나자산운용,0.2,290036250000,9135,9135.09,2026-04-14,주식,국내,실물(패시브),비과세,NICE K반도체 TOP2 MAX+ 지수,한국,반도체,일반,20260810
0182S0,KR70182S0002,1Q K반도체TOP2채권혼합50,하나자산운용,0.01,214781250000,11455,11436.83,2026-04-14,혼합자산,국내,실물(패시브),배당소득세(보유기간과세),KEDI K반도체TOP2채권혼합 지수,한국,반도체,혼합,20260810
0103T0,KR70103T0007,1Q K소버린AI,하나자산운용,0.49,27032000000,8720,8768.82,2025-09-30,주식,국내,실물(패시브),비과세,iSelect K소버린AI 지수,한국,AI·테크,일반,20260810
0198D0,KR70198D0001,1Q SK하이닉스선물단일종목레버리지,하나자산운용,0.09,20366200000,6445,6526.91,2026-05-27,주식,국내,실물(패시브),배당소득세(보유기간과세),KRX SK하이닉스 선물 지수,한국,개별종목,일반,20260810
463290,KR7463290007,1Q 단기금융채액티브,하나자산운용,0.08,192154910000,109055,109064.26,2023-08-03,채권,국내,실물(액티브),배당소득세(보유기간과세),MK 머니마켓 지수(총수익),한국,기타,일반,20260810
0131W0,KR70131W0008,1Q 단기특수은행채액티브,하나자산운용,0.01,130292100000,101950,101943.86,2025-11-25,채권,국내,실물(액티브),배당소득세(보유기간과세),KIS 단기특수은행채 지수(총수익),한국,금융,일반,20260810
479080,KR7479080004,1Q 머니마켓액티브,하나자산운용,0.05,1079330700000,53650,53644.84,2024-04-02,채권,국내,실물(액티브),배당소득세(보유기간과세),KIS-하나 MMF 지수(총수익),한국,채권·금리,일반,20260810
0052S0,KR70052S0009,1Q 미국S&P500미국채혼합50액티브,하나자산운용,0.15,324632000000,11935,11931.94,2025-06-10,혼합자산,해외,실물(액티브),배당소득세(보유기간과세),S&P 500 and Short-Term Treasury 50/50 Blend Index,미국,채권·금리,인버스,20260810
0026S0,KR70026S0002,1Q 미국S&P500,하나자산운용,0.005,349377000000,13335,13336.38,2025-03-18,주식,해외,실물(패시브),배당소득세(보유기간과세),S&P 500,미국,광범위지수,일반,20260810
0111P0,KR70111P0001,1Q 미국나스닥100미국채혼합50액티브,하나자산운용,0.05,306212500000,11135,11121.06,2025-09-30,혼합자산,해외,실물(액티브),배당소득세(보유기간과세),Nasdaq-100 US T-Bills 0-6 Month 50/50 Index,미국,기타,일반,20260810
0069M0,KR70069M0006,1Q 미국나스닥100,하나자산운용,0.005,196000000000,14000,13960.06,2025-06-24,주식,해외,실물(패시브),배당소득세(보유기간과세),NASDAQ 100,미국,광범위지수,일반,20260810
0083S0,KR70083S0002,1Q 미국메디컬AI,하나자산운용,0.49,28686000000,10245,10244.02,2025-07-22,주식,해외,실물(패시브),배당소득세(보유기간과세),KEDI 미국메디컬AI 지수,미국,AI·테크,일반,20260810
0004G0,KR70004G0002,1Q 미국배당TOP30,하나자산운용,0.1,13398000000,9570,9549.43,2025-01-21,주식,해외,실물(패시브),배당소득세(보유기간과세),Solactive U.S. Dividend TOP 30 Index PR,미국,배당주,일반,20260810
0131V0,KR70131V0009,1Q 미국우주항공테크,하나자산운용,0.49,405936250000,12395,12325.06,2025-11-25,주식,해외,실물(패시브),배당소득세(보유기간과세),Akros 미국우주항공테크 지수,미국,AI·테크,일반,20260810
0198B0,KR70198B0003,1Q 삼성전자선물단일종목레버리지,하나자산운용,0.09,20115150000,9185,9156.58,2026-05-27,주식,국내,실물(패시브),배당소득세(보유기간과세),KRX 삼성전자 선물 지수,한국,개별종목,일반,20260810
0094X0,KR70094X0002,1Q 샤오미밸류체인액티브,하나자산운용,0.49,7825500000,8695,8752.84,2025-09-02,주식,해외,실물(액티브),배당소득세(보유기간과세),Solactive-KEDI Xiaomi Focus China Tech Index,중국,AI·테크,일반,20260810
0224X0,KR70224X0005,1Q 엔비디아알파벳미국채혼합50,하나자산운용,0.45,16797000000,10180,10149.3,2026-07-28,혼합자산,해외,실물(패시브),배당소득세(보유기간과세),KEDI 엔비디아알파벳미국채혼합50 지수,미국,개별종목,혼합,20260810
0172V0,KR70172V0009,1Q 은액티브,하나자산운용,0.3,56694000000,8590,8515.5,2026-03-31,원자재,해외,실물(액티브),배당소득세(보유기간과세),Bloomberg Blended Silver Spot USD index,기타,원자재·금,일반,20260810
0017Y0,KR70017Y0005,1Q 종합채권(AA-이상)액티브,하나자산운용,0.025,83149040000,94060,93944.48,2025-02-25,채권,국내,실물(액티브),배당소득세(보유기간과세),KIS 종합채권형 지수(AA-이상)(총수익),한국,채권·금리,일반,20260810
0052T0,KR70052T0008,1Q 중단기회사채(A-이상)액티브,하나자산운용,0.05,108065760000,50640,50630.7,2025-05-27,채권,국내,실물(액티브),배당소득세(보유기간과세),KEDI 중단기크레딧플러스채권(AAA~A-)지수(총수익),한국,채권·금리,일반,20260810
495330,KR7495330003,1Q 코리아밸류업,하나자산운용,0.02,129666500000,30155,30112.79,2024-11-04,주식,국내,실물(패시브),비과세,코리아 밸류업 지수,한국,배당주,일반,20260810
0186S0,KR70186S0008,1Q 코스닥150채권혼합50액티브,하나자산운용,0.63,38336750000,8615,8596.57,2026-04-28,혼합자산,국내,실물(액티브),배당소득세(보유기간과세),코스닥 150 단기국공채 혼합지수,한국,광범위지수,혼합,20260810
492500,KR7492500004,1Q 현대차그룹채권(A+이상)&국고통안,하나자산운용,0.1,78048160000,51280,51285.9,2024-10-02,채권,국내,실물(패시브),배당소득세(보유기간과세),KIS 하나 현대차그룹채권(A+이상)&국고통안 총수익지수,한국,개별종목,일반,20260810
0206G0,KR70206G0008,1Q 현대차기아채권혼합50,하나자산운용,0.1,23380000000,8350,8339.81,2026-06-09,혼합자산,국내,실물(패시브),배당소득세(보유기간과세),KEDI 현대차&기아채권혼합50지수,한국,개별종목,혼합,20260810
473440,KR7473440006,ACE 11월만기자동연장회사채AA-이상액티브,한국투자신탁운용,0.05,94177500000,10825,10831.81,2023-12-19,채권,국내,실물(액티브),배당소득세(보유기간과세),KIS 11월 만기자동연장회사채(AA-이상) 총수익지수,한국,채권·금리,일반,20260810
332500,KR7332500008,ACE 200TR,한국투자신탁운용,0.01,145387000000,66085,66092.53,2019-08-28,주식,국내,실물(패시브),배당소득세(보유기간과세),코스피 200 TR,한국,광범위지수,일반,20260810
105190,KR7105190003,ACE 200,한국투자신탁운용,0.017,1711812000000,98380,98467.4,2008-09-25,주식,국내,실물(패시브),비과세,코스피 200,한국,광범위지수,일반,20260810
475260,KR7475260006,ACE 2월만기자동연장회사채AA-이상액티브,한국투자신탁운용,0.05,50538300000,10730,10729.02,2024-01-23,채권,국내,실물(액티브),배당소득세(보유기간과세),KAP 2월 만기자동연장회사채(AA-이상) 총수익지수,한국,채권·금리,일반,20260810
385600,KR7385600002,ACE 2차전지&친환경차액티브,한국투자신탁운용,0.29,17850000000,11900,11922.81,2021-05-25,주식,국내,실물(액티브),배당소득세(보유기간과세),FnGuide 친환경 자동차 밸류체인 지수,한국,자동차,일반,20260810
475270,KR7475270005,ACE 5월만기자동연장회사채AA-이상액티브,한국투자신탁운용,0.05,44681550000,10715,10712.59,2024-01-23,채권,국내,실물(액티브),배당소득세(보유기간과세),KIS 5월 만기자동연장회사채(AA-이상) 총수익지수,한국,채권·금리,일반,20260810
475280,KR7475280004,ACE 8월만기자동연장회사채AA-이상액티브,한국투자신탁운용,0.05,103137300000,10710,10716.72,2024-01-23,채권,국내,실물(액티브),배당소득세(보유기간과세),KAP 8월 만기자동연장회사채(AA-이상) 총수익지수,한국,채권·금리,일반,20260810
469150,KR7469150007,ACE AI반도체TOP3+,한국투자신탁운용,0.3,988739000000,51230,51183.58,2023-10-17,주식,국내,실물(패시브),비과세,FnGuide AI반도체 TOP3+ 지수,한국,반도체,일반,20260810
0079X0,KR70079X0001,ACE BYD밸류체인액티브,한국투자신탁운용,0.45,3757250000,10735,10633.07,2025-07-15,주식,해외,실물(액티브),배당소득세(보유기간과세),Bloomberg BYD Plus Top Supply Chain Select Price Return Index,기타,기타,일반,20260810
385590,KR7385590005,ACE ESG액티브,한국투자신탁운용,0.5,50266500000,21855,21853.19,2021-05-25,주식,국내,실물(액티브),배당소득세(보유기간과세),MSCI Korea Country ESG Leaders Custom Capped Price return Index,한국,광범위지수,일반,20260810
475050,KR7475050001,ACE KPOP포커스,한국투자신탁운용,0.3,105472500000,7350,7341.77,2024-01-30,주식,국내,실물(패시브),비과세,iSelect K-POP 포커스지수(시장가격),한국,게임·엔터,일반,20260810
411060,KR7411060007,ACE KRX금현물,한국투자신탁운용,0.19,4083820000000,27800,27676.53,2021-12-15,원자재,국내,실물(패시브),배당소득세(보유기간과세),KRX 금현물지수,한국,기타,일반,20260810
0221Z0,KR70221Z0006,ACE K바이오코스닥액티브,한국투자신탁운용,0.5,24340000000,12170,12152.38,2026-07-21,주식,국내,실물(액티브),배당소득세(보유기간과세),KRX K-AI 바이오테크 코스닥 지수,한국,AI·테크,일반,20260810
0210A0,KR70210A0008,ACE K반도체TOP2+,한국투자신탁운용,0.39,281969500000,6365,6357.46,2026-06-23,주식,국내,실물(패시브),비과세,KRX K-AI 반도체TOP2+ 지수,한국,반도체,일반,20260810
0216Z0,KR70216Z0003,ACE K방산TOP5+,한국투자신탁운용,0.45,18185500000,9830,9822.46,2026-07-07,주식,국내,실물(패시브),비과세,KRX K-AI 방산TOP5+ 지수,한국,AI·테크,일반,20260810
0172Y0,KR70172Y0006,ACE K수출핵심TOP10산업액티브,한국투자신탁운용,0.5,7739250000,9105,9127.05,2026-03-31,주식,국내,실물(액티브),배당소득세(보유기간과세),iSelect K수출핵심산업 지수 (시장가격),한국,기타,일반,20260810
0177X0,KR70177X0002,ACE K휴머노이드로봇산업TOP2+,한국투자신탁운용,0.45,111333000000,10030,10020.77,2026-04-07,주식,국내,실물(패시브),비과세,Akros K-휴머노이드 로봇 TOP2+ 지수 (시장가격),한국,AI·테크,일반,20260810
291130,KR7291130003,ACE MSCI멕시코(합성),한국투자신탁운용,0.5,16942500000,18825,18981.55,2018-03-09,주식,해외,합성(패시브),배당소득세(보유기간과세),MSCI MEXICO IMI 25/50 Price return Index,기타,광범위지수,일반,20260810
256440,KR7256440009,ACE MSCI인도네시아(합성),한국투자신탁운용,0.7,33458500000,5485,5544.03,2016-11-01,주식,해외,합성(패시브),배당소득세(보유기간과세),MSCI Indonesia Index,기타,광범위지수,일반,20260810
261920,KR7261920003,ACE MSCI필리핀(합성),한국투자신탁운용,0.5,5326000000,13315,13384.37,2016-12-28,주식,해외,합성(패시브),배당소득세(보유기간과세),MSCI Philippines IMI Index,기타,광범위지수,일반,20260810
0194T0,KR70194T0007,ACE SK하이닉스단일종목레버리지,한국투자신탁운용,0.09,45856250000,6325,6289.89,2026-05-27,주식,국내,실물(패시브),배당소득세(보유기간과세),KRX SK하이닉스 지수,한국,개별종목,일반,20260810
0199C0,KR70199C0001,ACE 고배당주Plus커버드콜액티브,한국투자신탁운용,0.4,124200000000,9200,9213.88,2026-06-02,주식,국내,실물(액티브),배당소득세(보유기간과세),KRX-Akros 고배당주 20 위클리 고정 30% 커버드콜 지수,한국,배당주,커버드콜,20260810
0139P0,KR70139P0009,ACE 고배당주,한국투자신탁운용,0.15,50024000000,13520,13558.87,2025-12-16,주식,국내,실물(패시브),비과세,KRX-Akros 고배당주 20 지수,한국,배당주,일반,20260810
225130,KR7225130004,ACE 골드선물 레버리지(합성 H),한국투자신탁운용,0.49,23912500000,47825,48125.66,2015-07-28,원자재,해외,합성(패시브),배당소득세(보유기간과세),S&P GSCI GOLD Index Excess Return,글로벌,원자재·금,일반,20260810
483340,KR7483340006,ACE 구글밸류체인액티브,한국투자신탁운용,0.45,267444000000,23460,23280.0,2024-06-11,주식,해외,실물(액티브),배당소득세(보유기간과세),KEDI 글로벌 AI 클라우드 지수,글로벌,AI·테크,일반,20260810
114460,KR7114460009,ACE 국고채3년,한국투자신탁운용,0.15,15120750000,100805,100787.31,2009-07-31,채권,국내,실물(패시브),배당소득세(보유기간과세),KTB INDEX(시장가격),한국,채권·금리,일반,20260810
365780,KR7365780006,ACE 국고채10년,한국투자신탁운용,0.02,533572440000,82840,82883.74,2020-10-15,채권,국내,실물(패시브),배당소득세(보유기간과세),KIS 10년 국고채 지수 (총수익),한국,채권·금리,일반,20260810
494340,KR7494340003,ACE 글로벌AI맞춤형반도체,한국투자신탁운용,0.45,31837500000,21225,21003.29,2024-10-22,주식,해외,실물(패시브),배당소득세(보유기간과세),Solactive AI Custom Semiconductor Index(PR),기타,반도체,일반,20260810
446770,KR7446770000,ACE 글로벌반도체TOP4 Plus,한국투자신탁운용,0.45,1558098750000,77325,76941.59,2022-11-15,주식,해외,실물(패시브),배당소득세(보유기간과세),Solactive Global Semiconductor TOP4 Plus Price Return Index,글로벌,반도체,일반,20260810
435040,KR7435040001,ACE 글로벌브랜드TOP10,한국투자신탁운용,0.5,13860000000,19800,19790.6,2022-06-28,주식,해외,실물(패시브),배당소득세(보유기간과세),Bloomberg Global Select Industry Leaders TOP10 Index(PR),글로벌,기타,일반,20260810
497510,KR7497510008,ACE 글로벌빅파마,한국투자신탁운용,0.3,9093000000,12990,13062.07,2024-11-19,주식,해외,실물(패시브),배당소득세(보유기간과세),Solactive Global Big Pharma Index (Price Return),글로벌,바이오·헬스케어,일반,20260810
460960,KR7460960008,ACE 글로벌인컴TOP10,한국투자신탁운용,0.24,87822000000,11480,11447.13,2023-07-11,혼합자산,해외,실물(패시브),배당소득세(보유기간과세),Solactive Global Superior Income TOP 10 Price Return Index,글로벌,배당주,일반,20260810
414270,KR7414270009,ACE 글로벌자율주행액티브,한국투자신탁운용,0.29,29445500000,12530,12448.14,2022-02-15,주식,해외,실물(액티브),배당소득세(보유기간과세),FactSet US-China Electric&Autonomous Vehicle Price Return Index,미국,기타,일반,20260810
190620,KR7190620005,ACE 단기통안채,한국투자신탁운용,0.07,291364240000,101840,101839.68,2013-12-23,채권,국내,실물(패시브),배당소득세(보유기간과세),KIS MSB 단기지수(총수익),한국,기타,일반,20260810
440640,KR7440640001,ACE 단기채권알파액티브,한국투자신탁운용,0.15,68941045000,112465,112476.4,2022-08-23,채권,국내,실물(액티브),배당소득세(보유기간과세),KIS 단기채권알파AA-이상 총수익지수,한국,채권·금리,일반,20260810
494330,KR7494330004,ACE 라이프자산주주가치액티브,한국투자신탁운용,0.5,160654250000,31195,31236.55,2024-10-15,주식,국내,실물(액티브),배당소득세(보유기간과세),FnGuide 기업가치 지수(시장가격),한국,기타,일반,20260810
265690,KR7265690008,ACE 러시아MSCI(합성),한국투자신탁운용,0.0,15789750000,8535,48.34,2017-03-21,주식,해외,합성(패시브),배당소득세(보유기간과세),MSCI Russia 25% Capped Price Return Index,기타,광범위지수,일반,20260810
152500,KR7152500005,ACE 레버리지,한국투자신탁운용,0.3,40969500000,37245,37215.53,2012-01-27,주식,국내,실물(패시브),배당소득세(보유기간과세),코스피 200,한국,광범위지수,일반,20260810
0153P0,KR70153P0000,ACE 리츠부동산인프라액티브,한국투자신탁운용,0.06,15192000000,9495,9536.97,2026-01-20,부동산,국내,실물(액티브),배당소득세(분리과세부동산ETF),FnGuide 맥쿼리인프라 배당 리츠 지수 (시장가격),한국,리츠·부동산,일반,20260810
483330,KR7483330007,ACE 마이크로소프트밸류체인액티브,한국투자신탁운용,0.45,20641500000,15290,15209.76,2024-06-11,주식,해외,실물(액티브),배당소득세(보유기간과세),KEDI 글로벌생성형AI 지수,글로벌,AI·테크,일반,20260810
487340,KR7487340002,ACE 머니마켓액티브,한국투자신탁운용,0.05,678493605000,105635,105622.88,2024-07-09,채권,국내,실물(액티브),배당소득세(보유기간과세),MK-KAP 머니마켓 총수익지수,한국,기타,일반,20260810
0085P0,KR70085P0003,ACE 미국10년국채액티브,한국투자신탁운용,0.15,106155000000,10110,10108.12,2025-07-22,채권,해외,실물(액티브),배당소득세(보유기간과세),ICE U.S. Treasury 7-10 Year Bond Index (Total Return),미국,채권·금리,일반,20260810
0085N0,KR70085N0005,ACE 미국10년국채액티브(H),한국투자신탁운용,0.15,36149000000,9770,9775.29,2025-07-22,채권,해외,실물(액티브),배당소득세(보유기간과세),ICE U.S. Treasury 7-10 Year Bond Index (Total Return),미국,채권·금리,일반,20260810
452250,KR7452250004,ACE 미국30년국채선물레버리지(합성 H),한국투자신탁운용,0.25,36890000000,4760,4782.47,2023-02-07,채권,해외,합성(패시브),배당소득세(보유기간과세),S&P Ultra T-Bond Futures Index(ER),기타,채권·금리,일반,20260810
476760,KR7476760004,ACE 미국30년국채액티브,한국투자신탁운용,0.05,354200000000,9200,9207.81,2024-03-12,채권,해외,실물(액티브),배당소득세(보유기간과세),Bloomberg U.S Treasury 20+ Year Total Return Index,미국,채권·금리,일반,20260810
453850,KR7453850000,ACE 미국30년국채액티브(H),한국투자신탁운용,0.05,1509511000000,7195,7196.29,2023-03-14,채권,해외,실물(액티브),배당소득세(보유기간과세),Bloomberg U.S Treasury 20+ Year Total Return Index,미국,채권·금리,일반,20260810
476750,KR7476750005,ACE 미국30년국채엔화노출액티브(H),한국투자신탁운용,0.15,62451000000,7710,7701.94,2024-03-12,채권,해외,실물(액티브),배당소득세(보유기간과세),Bloomberg U.S. Treasury 20+ Year Total Return Index T1530 JPY Currency Hedged,미국,채권·금리,일반,20260810
480030,KR7480030006,ACE 미국500데일리타겟커버드콜(합성),한국투자신탁운용,0.45,160056000000,10530,10486.66,2024-04-23,주식,해외,합성(패시브),배당소득세(보유기간과세),Bloomberg US 500 Large Cap Premium Decrement 15% Distribution Index,미국,기타,커버드콜,20260810
0118Z0,KR70118Z0002,ACE 미국AI테크핵심산업액티브,한국투자신탁운용,0.45,56355750000,9315,9249.38,2025-10-28,주식,해외,실물(액티브),배당소득세(보유기간과세),Akros U.S. AI Innovator Price Return Index,미국,AI·테크,일반,20260810
280320,KR7280320003,ACE 미국IT인터넷(합성 H),한국투자신탁운용,0.5,17252000000,21565,21757.7,2017-10-17,주식,해외,합성(패시브),배당소득세(보유기간과세),다우존스 인터넷 종합지수,미국,AI·테크,일반,20260810
438080,KR7438080004,ACE 미국S&P500미국채혼합50액티브,한국투자신탁운용,0.15,1242813000000,14485,14488.66,2022-08-26,혼합자산,해외,실물(액티브),배당소득세(보유기간과세),S&P 500 and Short-Term Treasury 50/50 Blend Index,미국,채권·금리,인버스,20260810
360200,KR7360200000,ACE 미국S&P500,한국투자신탁운용,0.004,4057568000000,27565,27560.16,2020-08-07,주식,해외,실물(패시브),배당소득세(보유기간과세),S&P 500,미국,광범위지수,일반,20260810
0155M0,KR70155M0001,ACE 미국SMR원자력TOP10,한국투자신탁운용,0.45,31643750000,7625,7579.04,2026-02-03,주식,해외,실물(패시브),배당소득세(보유기간과세),Solactive US SMR Nuclear TOP 10 Index (Price Return),미국,에너지·원자력,일반,20260810
309230,KR7309230001,ACE 미국WideMoat동일가중,한국투자신탁운용,0.4,118400000000,32000,32065.42,2018-10-25,주식,해외,실물(패시브),배당소득세(보유기간과세),MorningStar Wide Moat Focus Index,기타,기타,일반,20260810
438100,KR7438100000,ACE 미국나스닥100미국채혼합50액티브,한국투자신탁운용,0.15,941400000000,15690,15670.52,2022-08-26,혼합자산,해외,실물(액티브),배당소득세(보유기간과세),NASDAQ-100 US T-Bills 50/50 Index,미국,기타,일반,20260810
367380,KR7367380003,ACE 미국나스닥100,한국투자신탁운용,0.006,3539164500000,32145,32069.38,2020-10-29,주식,해외,실물(패시브),배당소득세(보유기간과세),NASDAQ 100,미국,광범위지수,일반,20260810
456880,KR7456880004,ACE 미국달러SOFR금리(합성),한국투자신탁운용,0.05,342681500000,12425,12437.75,2023-04-25,기타,해외,합성(패시브),배당소득세(보유기간과세),Solactive SOFR Daily Total Return Index,미국,채권·금리,일반,20260810
440650,KR7440650000,ACE 미국달러단기채권액티브,한국투자신탁운용,0.3,42768000000,11880,11882.26,2022-08-23,채권,해외,실물(액티브),배당소득세(보유기간과세),Bloomberg Short-Term Treasury Total Return Index,미국,채권·금리,인버스,20260810
0127M0,KR70127M0006,ACE 미국대형가치주액티브,한국투자신탁운용,0.3,149614000000,12520,12539.54,2025-11-11,주식,해외,실물(액티브),배당소득세(보유기간과세),CRSP US Large Cap Value Index(PR),미국,기타,일반,20260810
0127P0,KR70127P0003,ACE 미국대형성장주액티브,한국투자신탁운용,0.3,693135000000,10950,10914.84,2025-11-11,주식,해외,실물(액티브),배당소득세(보유기간과세),CRSP US Large Cap Growth Index(PR),미국,광범위지수,일반,20260810
480040,KR7480040005,ACE 미국반도체데일리타겟커버드콜(합성),한국투자신탁운용,0.45,201812500000,16145,16020.57,2024-04-23,주식,해외,합성(패시브),배당소득세(보유기간과세),Bloomberg US Listed Semiconductor Premium Decrement 15% Distribution Index,미국,반도체,커버드콜,20260810
402970,KR7402970008,ACE 미국배당다우존스,한국투자신탁운용,0.01,955108000000,15505,15496.88,2021-10-21,주식,해외,실물(패시브),배당소득세(보유기간과세),Dow Jones U.S. Dividend 100 Price Return Index,미국,배당주,일반,20260810
0049M0,KR70049M0001,ACE 미국배당퀄리티+커버드콜액티브,한국투자신탁운용,0.15,79460000000,11600,11642.39,2025-05-13,주식,해외,실물(액티브),배당소득세(보유기간과세),Bloomberg WisdomTree U.S. Quality Dividend & B500 Premium Decrement 50:50 Index,미국,배당주,커버드콜,20260810
0046Y0,KR70046Y0000,ACE 미국배당퀄리티,한국투자신탁운용,0.15,55568750000,13075,13052.69,2025-05-13,주식,해외,실물(패시브),배당소득세(보유기간과세),WisdomTree U.S. Quality Dividend Growth Index (Price Return),미국,배당주,일반,20260810
0049K0,KR70049K0003,ACE 미국배당퀄리티채권혼합50,한국투자신탁운용,0.15,25593750000,11375,11333.02,2025-05-13,혼합자산,국내&해외,실물(패시브),배당소득세(보유기간과세),Bloomberg WisdomTree U.S. Quality Dividend & Short Term KRW Bonds 50:50 TR Index,미국,채권·금리,인버스,20260810
181480,KR7181480005,ACE 미국부동산리츠(합성 H),한국투자신탁운용,0.3,10356600000,86305,86179.45,2013-08-01,부동산,해외,합성(패시브),배당소득세(분리과세부동산ETF),Dow Jones U.S. Real Estate Index,미국,리츠·부동산,일반,20260810
480020,KR7480020007,ACE 미국빅테크7+데일리타겟커버드콜(합성),한국투자신탁운용,0.45,167166000000,11295,11197.36,2024-04-23,주식,해외,합성(패시브),배당소득세(보유기간과세),Bloomberg US Big Tech Top 7 Plus Premium Decrement 15% Distribution Index,미국,AI·테크,커버드콜,20260810
465610,KR7465610004,ACE 미국빅테크TOP7 Plus레버리지(합성),한국투자신탁운용,0.6,113208000000,47170,46912.13,2023-09-12,주식,해외,합성(패시브),배당소득세(보유기간과세),Solactive US Big Tech Top 7 Plus Price Return Index,미국,AI·테크,일반,20260810
465620,KR7465620003,ACE 미국빅테크TOP7 Plus인버스(합성),한국투자신탁운용,0.6,1546250000,6185,6194.3,2023-09-12,주식,해외,합성(패시브),배당소득세(보유기간과세),Solactive US Big Tech Top 7 Plus Price Return Index,미국,AI·테크,일반,20260810
465580,KR7465580009,ACE 미국빅테크TOP7 Plus,한국투자신탁운용,0.3,1123581750000,25565,25477.38,2023-09-12,주식,해외,실물(패시브),배당소득세(보유기간과세),Solactive US Big Tech Top 7 Plus Price Return Index,미국,AI·테크,일반,20260810
0180V0,KR70180V0009,ACE 미국우주테크액티브,한국투자신탁운용,0.8,173755000000,9145,8998.08,2026-04-14,주식,해외,실물(액티브),배당소득세(보유기간과세),FnGuide 미국스페이스테크 지수(시장가격),미국,AI·테크,일반,20260810
473590,KR7473590008,ACE 미국주식베스트셀러,한국투자신탁운용,0.3,41833000000,19015,18814.16,2023-12-27,주식,해외,실물(패시브),배당소득세(보유기간과세),FnGuide 미국 주식 베스트셀러 지수(시장가격지수),미국,기타,일반,20260810
0008E0,KR70008E0000,ACE 미국중심중소형제조업,한국투자신탁운용,0.45,12924750000,13605,13618.32,2025-01-21,주식,해외,실물(패시브),배당소득세(보유기간과세),NYSE FactSet US Focus Manufacturing Index(Price Return),미국,기타,일반,20260810
391600,KR7391600004,ACE 미국친환경그린테마,한국투자신탁운용,0.7,5006250000,11125,11156.73,2021-08-05,주식,해외,실물(패시브),배당소득세(보유기간과세),Indxx US Green Infrastructure Price return Index,미국,기타,일반,20260810
455660,KR7455660001,ACE 미국하이일드액티브(H),한국투자신탁운용,0.24,62535000000,9475,9469.87,2023-04-18,채권,해외,실물(액티브),배당소득세(보유기간과세),iBoxx USD Liquid High Yield Total Return Index,기타,기타,일반,20260810
245710,KR7245710009,ACE 베트남VN30(합성),한국투자신탁운용,0.7,283661000000,28945,29227.17,2016-07-01,주식,해외,합성(패시브),배당소득세(보유기간과세),VN30 Index(PR),베트남,기타,일반,20260810
131890,KR7131890006,ACE 삼성그룹동일가중,한국투자신탁운용,0.15,15886800000,39717,39786.86,2010-09-17,주식,국내,실물(패시브),비과세,MKF SAMs EW 지수,한국,기타,일반,20260810
108450,KR7108450008,ACE 삼성그룹섹터가중,한국투자신탁운용,0.15,82643000000,37565,37526.46,2009-02-03,주식,국내,실물(패시브),비과세,MKF SAMs SW,한국,기타,일반,20260810
0194M0,KR70194M0004,ACE 삼성전자단일종목레버리지,한국투자신탁운용,0.09,44863000000,8840,8854.99,2026-05-27,주식,국내,실물(패시브),배당소득세(보유기간과세),KRX 삼성전자 지수,한국,개별종목,일반,20260810
226380,KR7226380004,ACE Fn성장소비주도주,한국투자신탁운용,0.5,4189500000,5985,5996.38,2015-08-19,주식,국내,실물(패시브),비과세,FnGuide 성장소비주도 지수,한국,소비재,일반,20260810
316300,KR7316300003,ACE 싱가포르리츠,한국투자신탁운용,0.4,6792500000,13585,13575.0,2019-01-29,부동산,해외,실물(패시브),배당소득세(분리과세부동산ETF),Morningstar Singapore REIT Yield Focus Index(PR),기타,리츠·부동산,일반,20260810
277540,KR7277540001,ACE 아시아TOP50,한국투자신탁운용,0.7,25024000000,31280,31163.38,2017-08-23,주식,국내&해외,실물(패시브),배당소득세(보유기간과세),S&P ASIA50 Price Return Index,국내+해외,기타,일반,20260810
483320,KR7483320008,ACE 엔비디아밸류체인액티브,한국투자신탁운용,0.45,296488500000,24915,24770.96,2024-06-11,주식,해외,실물(액티브),배당소득세(보유기간과세),KEDI 글로벌AI반도체 지수,글로벌,반도체,일반,20260810
448540,KR7448540005,ACE 엔비디아채권혼합,한국투자신탁운용,0.07,239098500000,26865,26815.82,2022-11-29,혼합자산,국내&해외,실물(패시브),배당소득세(보유기간과세),Bloomberg Blended NVIDIA Equity and Korean Bond Index,미국,개별종목,일반,20260810
0099L0,KR70099L0001,ACE 우량회사채(AA-이상)액티브,한국투자신탁운용,0.095,166199020000,99580,99582.23,2025-09-09,채권,국내,실물(액티브),배당소득세(보유기간과세),KIS 1~3년 우량크레딧(AA-이상) 총수익지수,한국,채권·금리,일반,20260810
433500,KR7433500006,ACE 원자력TOP10,한국투자신탁운용,0.3,214960000000,53740,53874.06,2022-06-28,주식,국내,실물(패시브),비과세,DeepSearch 원자력 TOP 10지수,한국,에너지·원자력,일반,20260810
0102X0,KR70102X0002,ACE 유럽방산TOP10,한국투자신탁운용,0.35,6461000000,9940,10006.4,2025-09-23,주식,해외,실물(패시브),배당소득세(보유기간과세),NYSE FactSet Europe Defense TOP10 Index (Price Return),미국,방산·우주,일반,20260810
487920,KR7487920001,ACE 인도시장대표BIG5그룹액티브,한국투자신탁운용,0.45,8425000000,8425,8431.15,2024-09-10,주식,해외,실물(액티브),배당소득세(보유기간과세),Indxx India Big 5 Conglomerates Index (Price Return),인도,기타,일반,20260810
487910,KR7487910002,ACE 인도컨슈머파워액티브,한국투자신탁운용,0.45,10620000000,8850,8888.01,2024-09-10,주식,해외,실물(액티브),배당소득세(보유기간과세),Indxx India Super Consumption Index (Price Return),인도,기타,일반,20260810
145670,KR7145670006,ACE 인버스,한국투자신탁운용,0.15,3298200000,1434,1448.36,2011-09-08,주식,국내,실물(패시브),배당소득세(보유기간과세),코스피 200 선물지수,한국,광범위지수,일반,20260810
497520,KR7497520007,ACE 일라이릴리밸류체인,한국투자신탁운용,0.45,8706750000,13395,13389.25,2024-11-19,주식,해외,실물(패시브),배당소득세(보유기간과세),Solactive Eli Lilly Value Chain Index(PR),기타,기타,일반,20260810
196030,KR7196030001,ACE 일본TOPIX레버리지(H),한국투자신탁운용,0.5,44832500000,89665,89229.89,2014-06-16,주식,해외,실물(패시브),배당소득세(보유기간과세),TOPIX,일본,광범위지수,일반,20260810
238720,KR7238720007,ACE 일본Nikkei225(H),한국투자신탁운용,0.3,44037000000,48930,47751.76,2016-03-03,주식,해외,실물(패시브),배당소득세(해외주식투자전용ETF),Nikkei 225,일본,기타,일반,20260810
469160,KR7469160006,ACE 일본반도체,한국투자신탁운용,0.45,23440500000,26045,25692.78,2023-10-17,주식,해외,실물(패시브),배당소득세(보유기간과세),Bloomberg Japan Semiconductor Select Top 25 Index(Price Return),일본,반도체,일반,20260810
205720,KR7205720006,ACE 일본TOPIX인버스(합성 H),한국투자신탁운용,0.5,4356000000,1452,1467.13,2014-09-29,주식,해외,합성(패시브),배당소득세(보유기간과세),TOPIX,일본,광범위지수,일반,20260810
356540,KR7356540005,ACE 종합채권(AA-이상)액티브,한국투자신탁운용,0.02,997945900000,101150,101186.28,2020-07-21,채권,국내,실물(액티브),배당소득세(보유기간과세),KIS 종합채권 AA-이상 총수익 지수(Total return Index),한국,채권·금리,일반,20260810
447430,KR7447430000,ACE 주주환원가치주액티브,한국투자신탁운용,0.7,48483250000,16435,16409.78,2022-11-15,주식,국내,실물(액티브),배당소득세(보유기간과세),FnGuide 올라운드 가치주 지수,한국,기타,일반,20260810
416090,KR7416090009,ACE 중국과창판STAR50,한국투자신탁운용,0.5,20640000000,13760,13921.68,2022-01-13,주식,해외,실물(패시브),배당소득세(보유기간과세),STAR 50 Index(Price Return),기타,기타,일반,20260810
168580,KR7168580009,ACE 중국본토CSI300,한국투자신탁운용,0.7,112600800000,36090,36073.49,2012-11-29,주식,해외,실물(패시브),배당소득세(해외주식투자전용ETF),CSI 300 Index,중국,광범위지수,일반,20260810
219900,KR7219900008,ACE 중국본토CSI300레버리지(합성),한국투자신탁운용,0.5,6405000000,4575,4647.06,2015-05-28,주식,해외,합성(패시브),배당소득세(보유기간과세),CSI 300 Index,중국,광범위지수,일반,20260810
272910,KR7272910001,ACE 중장기국공채액티브,한국투자신탁운용,0.08,72952530000,106190,106206.33,2017-06-29,채권,국내,실물(액티브),배당소득세(보유기간과세),KIS 종합채권국공채1-10Y지수,한국,채권·금리,일반,20260810
0087F0,KR70087F0003,ACE 차이나AI빅테크TOP2+액티브,한국투자신탁운용,0.45,6577500000,13155,13079.58,2025-07-29,주식,해외,실물(액티브),배당소득세(보유기간과세),Solactive China AI Big Tech TOP2+ Index (Price Return),중국,AI·테크,일반,20260810
371870,KR7371870007,ACE 차이나항셍테크,한국투자신탁운용,0.25,11912000000,7445,7370.33,2020-12-16,주식,해외,실물(패시브),배당소득세(보유기간과세),Hang Seng TECH Index,중국,AI·테크,일반,20260810
0209Z0,KR70209Z0002,ACE 코리아AI전력TOP10,한국투자신탁운용,0.39,35703500000,7070,7059.64,2026-06-23,주식,국내,실물(패시브),비과세,Akros 코리아 AI전력 TOP 10 지수 (시장가격),한국,AI·테크,일반,20260810
380340,KR7380340000,ACE 코리아AI테크핵심산업,한국투자신탁운용,0.35,31896000000,26580,26470.12,2021-04-02,주식,국내,실물(패시브),비과세,FnGuide 코리아AI테크핵심산업지수 (Price Return),한국,AI·테크,일반,20260810
496120,KR7496120007,ACE 코리아밸류업,한국투자신탁운용,0.09,23565000000,31420,31436.79,2024-11-04,주식,국내,실물(패시브),비과세,코리아 밸류업 지수,한국,배당주,일반,20260810
354500,KR7354500001,ACE 코스닥150,한국투자신탁운용,0.02,158099000000,14915,14902.98,2020-05-07,주식,국내,실물(패시브),비과세,코스닥 150,한국,광범위지수,일반,20260810
305050,KR7305050007,ACE 코스피,한국투자신탁운용,0.02,39240000000,65400,65417.88,2018-10-05,주식,국내,실물(패시브),비과세,코스피,한국,광범위지수,일반,20260810
457480,KR7457480002,ACE 테슬라밸류체인액티브,한국투자신탁운용,0.29,762298500000,18570,18368.04,2023-05-16,주식,해외,실물(액티브),배당소득세(보유기간과세),Bloomberg EV Supporters Plus Tesla Price Return Index,미국,개별종목,일반,20260810
469170,KR7469170005,ACE 포스코그룹포커스,한국투자신탁운용,0.3,115809750000,5805,5805.53,2023-10-17,주식,국내,실물(패시브),비과세,FnGuide 포스코그룹포커스 지수(시장가격),한국,기타,일반,20260810
491220,KR7491220000,PLUS 200TR,한화자산운용,0.01,52553250000,116785,116728.79,2024-09-10,주식,국내,실물(패시브),배당소득세(보유기간과세),코스피 200 TR,한국,광범위지수,일반,20260810
152100,KR7152100004,PLUS 200,한화자산운용,0.017,1381052750000,99715,99742.8,2012-01-10,주식,국내,실물(패시브),비과세,코스피 200,한국,광범위지수,일반,20260810
253150,KR7253150007,PLUS 200선물레버리지,한화자산운용,0.06,42117500000,168470,168349.21,2016-09-29,주식,국내,실물(패시브),배당소득세(보유기간과세),코스피 200 선물지수,한국,광범위지수,일반,20260810
253160,KR7253160006,PLUS 200선물인버스2X,한화자산운용,0.06,1366200000,198,197.56,2016-09-22,주식,국내,실물(패시브),배당소득세(보유기간과세),코스피 200 선물지수,한국,광범위지수,일반,20260810
0203D0,KR70203D0004,PLUS 200위클리커버드콜채권혼합,한화자산운용,0.39,9476500000,8615,8629.8,2026-06-02,혼합자산,국내,실물(패시브),배당소득세(보유기간과세),코스피 200 KTB 혼합 위클리 고정 10% 커버드콜 지수,한국,채권·금리,커버드콜,20260810
0210E0,KR70210E0004,PLUS 200커버드콜액티브,한화자산운용,0.491,51870000000,6825,6812.37,2026-06-23,주식,국내,실물(액티브),배당소득세(보유기간과세),코스피 200 위클리 고정 30% 커버드콜 지수,한국,광범위지수,커버드콜,20260810
395750,KR7395750003,PLUS ESG가치주액티브,한화자산운용,0.105,7614000000,19035,19176.45,2021-07-30,주식,국내,실물(액티브),배당소득세(보유기간과세),FnGuide 한화 ESG 가치 지수,한국,광범위지수,일반,20260810
395760,KR7395760002,PLUS ESG성장주액티브,한화자산운용,0.105,11826000000,19710,19856.52,2021-07-30,주식,국내,실물(액티브),배당소득세(보유기간과세),FnGuide 한화 ESG 성장 지수,한국,광범위지수,일반,20260810
453010,KR7453010001,PLUS KOFR금리,한화자산운용,0.05,14695110000,109665,109681.94,2023-03-14,기타,국내,실물(패시브),배당소득세(보유기간과세),KOFR 지수,한국,채권·금리,일반,20260810
227830,KR7227830007,PLUS 코스피,한화자산운용,0.2,16341250000,65365,65194.63,2015-09-23,주식,국내,실물(패시브),비과세,코스피,한국,광범위지수,일반,20260810
122090,KR7122090004,PLUS 코스피50,한화자산운용,0.33,169276800000,73280,73228.92,2010-01-07,주식,국내,실물(패시브),비과세,코스피 50,한국,광범위지수,일반,20260810
429740,KR7429740004,PLUS K리츠,한화자산운용,0.25,6820000000,6200,6208.95,2022-05-24,부동산,국내,실물(패시브),비과세(분리과세부동산ETF),FnGuide 리츠 지수,한국,리츠·부동산,일반,20260810
0104G0,KR70104G0001,PLUS K방산레버리지,한화자산운용,0.5,19367250000,7595,7563.63,2025-09-30,주식,국내,실물(패시브),배당소득세(보유기간과세),FnGuide K-방위산업 지수,한국,방산·우주,일반,20260810
0090B0,KR70090B0002,PLUS K방산소부장,한화자산운용,0.45,16390000000,7450,7441.18,2025-08-26,주식,국내,실물(패시브),비과세,Akros K방산소부장 지수(PR),한국,방산·우주,일반,20260810
449450,KR7449450006,PLUS K방산,한화자산운용,0.45,1163673000000,59220,59038.86,2023-01-05,주식,국내,실물(패시브),비과세,FnGuide K-방위산업 지수,한국,방산·우주,일반,20260810
0166S0,KR70166S0002,PLUS K제조업핵심기업액티브,한화자산운용,0.63,53636000000,10120,10102.87,2026-03-24,주식,국내,실물(액티브),배당소득세(보유기간과세),Akros K제조업 50 지수,한국,기타,일반,20260810
269540,KR7269540001,PLUS 미국S&P500(H),한화자산운용,0.3,91245000000,30415,30403.95,2017-05-16,주식,해외,실물(패시브),배당소득세(해외주식투자전용ETF),S&P 500,미국,광범위지수,일반,20260810
269530,KR7269530002,PLUS S&P글로벌인프라,한화자산운용,0.3,12330000000,20550,20711.16,2017-05-16,주식,해외,실물(패시브),배당소득세(해외주식투자전용ETF),S&P Global Infrastructure Index,글로벌,기타,일반,20260810
0226A0,KR70226A0000,PLUS SK하이닉스샌디스크채권혼합50,한화자산운용,0.25,48700000000,9740,9722.43,2026-08-04,혼합자산,국내&해외,실물(패시브),배당소득세(보유기간과세),Akros SK하이닉스 샌디스크 채권혼합 50 지수,국내+해외,개별종목,혼합,20260810
251590,KR7251590006,PLUS 고배당저변동50,한화자산운용,0.23,12208000000,17440,17387.55,2016-08-11,주식,국내,실물(패시브),비과세,FnGuide 고배당저변동50 지수,한국,배당주,일반,20260810
161510,KR7161510003,PLUS 고배당주,한화자산운용,0.23,2378651400000,25020,25031.67,2012-08-29,주식,국내,실물(패시브),비과세,FnGuide 배당주 지수,한국,배당주,일반,20260810
0018C0,KR70018C0000,PLUS 고배당주위클리고정커버드콜,한화자산운용,0.3,76457250000,10845,10834.76,2025-03-05,주식,국내,실물(패시브),배당소득세(보유기간과세),코스피 고배당 위클리 고정 커버드콜 지수,한국,배당주,커버드콜,20260810
489030,KR7489030007,PLUS 고배당주위클리커버드콜,한화자산운용,0.3,302049000000,6780,6739.7,2024-08-13,주식,국내,실물(패시브),배당소득세(보유기간과세),코스피 고배당 위클리 콜매도 ATM 지수,한국,배당주,일반,20260810
251600,KR7251600003,PLUS 고배당주채권혼합,한화자산운용,0.2,595212000000,15420,15406.96,2016-08-11,혼합자산,국내,실물(패시브),배당소득세(보유기간과세),FnGuide 고배당 채권혼합 지수,한국,채권·금리,혼합,20260810
461460,KR7461460008,PLUS 국고채10년액티브,한화자산운용,0.045,83751970000,51635,51622.1,2023-07-18,채권,국내,실물(액티브),배당소득세(보유기간과세),KAP 국고채 10년 동일가중 지수(총수익),한국,채권·금리,일반,20260810
451600,KR7451600001,PLUS 국고채30년액티브,한화자산운용,0.05,11559375000,84375,84008.63,2023-02-07,채권,국내,실물(액티브),배당소득세(보유기간과세),KAP 국고채 30년 지수(총수익),한국,채권·금리,일반,20260810
491230,KR7491230009,PLUS 국공채머니마켓액티브,한화자산운용,0.05,112775560000,52405,52407.97,2024-09-10,채권,국내,실물(액티브),배당소득세(보유기간과세),KAP 국공채 MMF 지수(총수익),한국,채권·금리,일반,20260810
289670,KR7289670002,PLUS 국채선물10년,한화자산운용,0.05,5862640000,52345,52335.2,2018-02-07,채권,국내,실물(패시브),배당소득세(보유기간과세),10년국채선물지수,한국,채권·금리,일반,20260810
298340,KR7298340001,PLUS 국채선물3년,한화자산운용,0.1,56092640000,56545,56519.51,2018-06-08,채권,국내,실물(패시브),배당소득세(보유기간과세),국채선물지수,한국,채권·금리,일반,20260810
489010,KR7489010009,PLUS 글로벌AI인프라,한화자산운용,0.45,3204750000,21365,21342.09,2024-08-13,주식,해외,실물(패시브),배당소득세(보유기간과세),Solactive Global AI Infrastructure Index (PR),글로벌,AI·테크,일반,20260810
442580,KR7442580007,PLUS 글로벌HBM반도체,한화자산운용,0.5,1596760950000,92245,91921.31,2022-09-22,주식,해외,실물(패시브),배당소득세(보유기간과세),iSelect 글로벌HBM반도체 지수,글로벌,반도체,일반,20260810
496770,KR7496770009,PLUS 글로벌방산,한화자산운용,0.45,33582500000,19190,19261.23,2024-11-12,주식,해외,실물(패시브),배당소득세(보유기간과세),Solactive Global Defense Index(PR),글로벌,방산·우주,일반,20260810
419650,KR7419650007,PLUS 글로벌수소&차세대연료전지,한화자산운용,0.5,17655000000,5350,5352.37,2022-02-15,주식,해외,실물(패시브),배당소득세(보유기간과세),BlueStar Hydrogen and NextGen Fuel Cell Index (시장가격),기타,에너지·원자력,일반,20260810
0007G0,KR70007G0009,PLUS 글로벌원자력밸류체인,한화자산운용,0.39,43800000000,14600,14496.36,2025-01-14,주식,해외,실물(패시브),배당소득세(보유기간과세),Solactive Global Nuclear Energy Value Chain Index(PR),글로벌,에너지·원자력,일반,20260810
0166T0,KR70166T0001,PLUS 글로벌저작권핵심기업액티브,한화자산운용,0.45,7976000000,9970,10028.55,2026-03-31,주식,해외,실물(액티브),배당소득세(보유기간과세),iSelect 미국AI지적재산 지수(PR),미국,AI·테크,일반,20260810
0035T0,KR70035T0000,PLUS 글로벌휴머노이드로봇액티브,한화자산운용,0.45,96912000000,20190,20252.72,2025-04-15,주식,국내&해외,실물(액티브),배당소득세(보유기간과세),iSelect 글로벌휴머노이드로봇 (PR),글로벌,AI·테크,일반,20260810
415920,KR7415920008,PLUS 글로벌희토류&전략자원생산기업,한화자산운용,0.5,35837500000,7625,7465.61,2022-01-18,주식,해외,실물(패시브),배당소득세(보유기간과세),MVIS Global Rare Earth/Strategic Metals Index (Price Return),글로벌,기타,일반,20260810
0138Y0,KR70138Y0009,PLUS 금채권혼합,한화자산운용,0.15,98208000000,9920,9912.54,2025-12-16,혼합자산,국내&해외,실물(패시브),배당소득세(보유기간과세),Akros 미국 금현물 ETF 채권혼합 지수,미국,채권·금리,혼합,20260810
278620,KR7278620000,PLUS 단기채권액티브,한화자산운용,0.07,65146240000,118880,118863.64,2017-09-26,채권,국내,실물(액티브),배당소득세(보유기간과세),"KAP 투자적격 크레딧 채권 1년 지수(A- 이상,총수익)",한국,채권·금리,일반,20260810
477050,KR7477050009,PLUS 머니마켓액티브,한화자산운용,0.05,424609500000,53410,53405.13,2024-03-26,채권,국내,실물(액티브),배당소득세(보유기간과세),KAP 시가평가 MMF 지수(총수익),한국,채권·금리,일반,20260810
0050E0,KR70050E0007,PLUS 미국AI에이전트,한화자산운용,0.45,4562250000,8295,8328.3,2025-05-20,주식,해외,실물(패시브),배당소득세(보유기간과세),Solactive US AI Agents Index(PR),미국,AI·테크,일반,20260810
429760,KR7429760002,PLUS 미국S&P500,한화자산운용,0.07,42640500000,20305,20299.79,2022-05-31,주식,해외,실물(패시브),배당소득세(보유기간과세),S&P 500,미국,광범위지수,일반,20260810
0057H0,KR70057H0007,PLUS 미국S&P500미국채혼합50액티브,한화자산운용,0.15,81736000000,12020,12019.76,2025-06-10,혼합자산,해외,실물(액티브),배당소득세(보유기간과세),S&P 500 and U.S. Treasury Bill 0-3 Month 50/50 Blend Index (USD),미국,채권·금리,일반,20260810
494410,KR7494410004,PLUS 미국S&P500성장주,한화자산운용,0.006,32681000000,14855,14888.51,2024-10-22,주식,해외,실물(패시브),배당소득세(보유기간과세),S&P 500 Growth Index(PR),미국,광범위지수,일반,20260810
0153X0,KR70153X0000,PLUS 미국고배당주액티브,한화자산운용,0.23,22239750000,11405,11402.35,2026-01-27,주식,해외,실물(액티브),배당소득세(보유기간과세),Akros 미국 고배당주 20 지수,미국,배당주,일반,20260810
0089B0,KR70089B0005,PLUS 미국나스닥100미국채혼합50,한화자산운용,0.15,32382000000,11565,11551.18,2025-08-19,혼합자산,해외,실물(패시브),배당소득세(보유기간과세),Nasdaq-100 US T-Bills 1-3 Month 50/50 Index (USD),미국,기타,일반,20260810
287180,KR7287180004,PLUS 미국나스닥테크,한화자산운용,0.5,51417000000,57130,56869.19,2017-12-13,주식,해외,실물(패시브),배당소득세(해외주식투자전용ETF),NASDAQ 100 Technology Sector Index,미국,AI·테크,일반,20260810
332610,KR7332610005,PLUS 미국단기회사채(AAA~A),한화자산운용,0.315,12376800000,128925,129150.13,2019-08-20,채권,해외,실물(패시브),배당소득세(보유기간과세),ICE BofaAML 1-3 Year AAA-A US Corporate Index(총수익지수),미국,채권·금리,일반,20260810
456200,KR7456200005,PLUS 미국달러SOFR금리액티브(합성),한화자산운용,0.09,6749050000,61355,61372.62,2023-05-09,기타,해외,합성(액티브),배당소득세(보유기간과세),Solactive SOFR Daily Total Return Index,미국,채권·금리,일반,20260810
0078V0,KR70078V0004,PLUS 미국로보택시,한화자산운용,0.49,5112500000,10225,10244.53,2025-07-22,주식,해외,실물(패시브),배당소득세(보유기간과세),KEDI 미국로보택시 지수(PR),미국,기타,일반,20260810
494420,KR7494420003,PLUS 미국배당증가성장주데일리커버드콜,한화자산운용,0.39,16600500000,9765,9753.02,2024-10-22,주식,해외,실물(패시브),배당소득세(보유기간과세),Bloomberg U.S. Dividend Growth Partial Covered Call Index,미국,배당주,커버드콜,20260810
0023B0,KR70023B0004,PLUS 미국양자컴퓨팅TOP10,한화자산운용,0.45,34650000000,17325,17255.96,2025-03-11,주식,해외,실물(패시브),배당소득세(보유기간과세),iSelect 미국양자컴퓨팅 TOP10 (PR),미국,AI·테크,일반,20260810
332620,KR7332620004,PLUS 미국장기우량회사채,한화자산운용,0.315,17070295000,91285,91365.87,2019-08-20,채권,해외,실물(패시브),배당소득세(보유기간과세),ICE BofaAML 15+ Year AAA-A US Corporate Index(총수익지수),미국,채권·금리,일반,20260810
464470,KR7464470004,PLUS 미국채30년액티브,한화자산운용,0.15,40705600000,49400,49428.06,2023-08-22,채권,해외,실물(액티브),배당소득세(보유기간과세),ICE U.S. Treasury 20+ Year Bond Index(Total Return),미국,채권·금리,일반,20260810
461900,KR7461900003,PLUS 미국테크TOP10,한화자산운용,0.01,18600000000,23250,23202.56,2023-07-18,주식,해외,실물(패시브),배당소득세(보유기간과세),iSelect 미국 Tech 10 지수,미국,AI·테크,일반,20260810
0193K0,KR70193K0007,PLUS 삼성전자단일종목레버리지,한화자산운용,0.09,14625000000,9750,9733.32,2026-05-27,주식,국내,실물(패시브),배당소득세(보유기간과세),KRX 삼성전자 지수,한국,개별종목,일반,20260810
0193L0,KR70193L0006,PLUS 삼성전자선물단일종목인버스2X,한화자산운용,0.49,25298500000,13315,13292.91,2026-05-27,주식,국내,실물(패시브),배당소득세(보유기간과세),KRX 삼성전자 선물 지수,한국,개별종목,일반,20260810
238670,KR7238670004,PLUS 스마트베타Quality채권혼합,한화자산운용,0.2,4027500000,13425,13536.72,2016-02-24,혼합자산,국내,실물(패시브),배당소득세(보유기간과세),WISE-KAP 스마트베타 Quality 채권혼합지수,한국,채권·금리,혼합,20260810
256450,KR7256450008,PLUS 심천차이넥스트(합성),한화자산운용,0.5,7852500000,15705,16083.81,2016-11-08,주식,해외,합성(패시브),배당소득세(보유기간과세),SZSE ChiNext Price Index,기타,기타,일반,20260810
447660,KR7447660002,PLUS 애플채권혼합,한화자산운용,0.25,22745250000,13785,13770.3,2022-11-29,혼합자산,국내&해외,실물(패시브),배당소득세(보유기간과세),FnGuide 애플채권혼합 지수,미국,개별종목,혼합,20260810
239660,KR7239660004,PLUS 우량회사채50,한화자산운용,0.135,21881700000,121565,121569.97,2016-03-22,채권,국내,실물(패시브),배당소득세(보유기간과세),KOBI HALF CREDIT Index(총수익),한국,채권·금리,일반,20260810
421320,KR7421320003,PLUS 우주항공,한화자산운용,0.45,284345000000,30740,30655.8,2022-03-29,주식,국내,실물(패시브),비과세,iSelect 우주항공UAM 지수,한국,방산·우주,일반,20260810
0184N0,KR70184N0005,PLUS 은채권혼합,한화자산운용,0.15,8840000000,8840,8819.55,2026-05-12,혼합자산,국내&해외,실물(패시브),배당소득세(보유기간과세),Akros 은 채권혼합 지수,국내+해외,채권·금리,혼합,20260810
464920,KR7464920008,PLUS 일본반도체소부장,한화자산운용,0.5,31656250000,25325,24603.57,2023-08-31,주식,해외,실물(패시브),배당소득세(보유기간과세),Solactive Japan Semiconductor Materials and Equipment Index PR,일본,반도체,일반,20260810
489000,KR7489000000,PLUS 일본엔화초단기국채(합성),한화자산운용,0.19,20845000000,9475,9472.29,2024-08-13,채권,해외,합성(패시브),배당소득세(보유기간과세),KAP 일본 단기 국채 지수(총수익),일본,채권·금리,일반,20260810
0098N0,KR70098N0000,PLUS 자사주매입고배당주,한화자산운용,0.3,78287000000,12940,12963.52,2025-09-16,주식,국내,실물(패시브),비과세,FnGuide 고배당주 플러스 자사주 지수 (PR),한국,배당주,일반,20260810
433880,KR7433880002,PLUS TDF2060액티브 적격,한화자산운용,0.2,66832500000,19095,19040.09,2022-06-30,혼합자산,국내&해외,실물(액티브),배당소득세(보유기간과세),Morningstar Korea Lifetime Allocation Moderate 2060 Index (Gross Return),국내+해외,기타,일반,20260810
451000,KR7451000004,PLUS 종합채권(AA-이상)액티브,한화자산운용,0.045,401783400000,107400,107227.11,2023-01-10,채권,국내,실물(액티브),배당소득세(보유기간과세),"KAP 종합채권지수(AA-이상, 총수익)",한국,채권·금리,일반,20260810
280920,KR7280920000,PLUS 주도업종,한화자산운용,0.23,12328250000,22415,22519.12,2017-10-17,주식,국내,실물(패시브),비과세,FnGuide 주도업종 지수,한국,기타,일반,20260810
0184L0,KR70184L0007,PLUS 중기종합채권(A-이상)액티브,한화자산운용,0.06,134220900000,100540,100552.59,2026-05-12,채권,국내,실물(액티브),배당소득세(보유기간과세),KIS 중기종합채권(A-이상) 지수(총수익),한국,채권·금리,일반,20260810
266550,KR7266550003,PLUS 중형주저변동50,한화자산운용,0.23,4688750000,18755,18867.66,2017-03-28,주식,국내,실물(패시브),비과세,FnGuide 중형주저변동50지수,한국,기타,일반,20260810
0047N0,KR70047N0002,PLUS 차이나AI테크TOP10,한화자산운용,0.49,7535500000,10765,10845.03,2025-05-13,주식,해외,실물(패시브),배당소득세(보유기간과세),Solactive China AI Tech Top10 Index(PR),중국,AI·테크,일반,20260810
0128D0,KR70128D0006,PLUS 차이나항셍테크위클리타겟커버드콜,한화자산운용,0.39,5253500000,7505,7505.08,2025-11-18,주식,해외,실물(패시브),배당소득세(보유기간과세),HSTECH 15% Target Premium Weekly Covered Call Index,기타,기타,커버드콜,20260810
495040,KR7495040008,PLUS 코리아밸류업,한화자산운용,0.009,82527500000,30010,30054.73,2024-11-04,주식,국내,실물(패시브),비과세,코리아 밸류업 지수,한국,배당주,일반,20260810
0166N0,KR70166N0007,PLUS 코스닥150액티브,한화자산운용,0.63,28633000000,7535,7556.59,2026-03-17,주식,국내,실물(액티브),배당소득세(보유기간과세),코스닥 150,한국,광범위지수,일반,20260810
301400,KR7301400008,PLUS 코스닥150,한화자산운용,0.15,10430000000,14900,14912.79,2018-07-05,주식,국내,실물(패시브),비과세,코스닥 150,한국,광범위지수,일반,20260810
328370,KR7328370002,PLUS 코스피TR,한화자산운용,0.15,109662500000,35375,35427.7,2019-06-25,주식,국내,실물(패시브),배당소득세(보유기간과세),코스피 TR,한국,광범위지수,일반,20260810
457990,KR7457990000,PLUS 태양광&ESS,한화자산운용,0.45,137628000000,38230,38229.81,2023-06-20,주식,국내,실물(패시브),비과세,FnGuide 태양광 & ESS 지수,한국,에너지·원자력,일반,20260810
0132K0,KR70132K0001,PLUS 테슬라위클리커버드콜채권혼합,한화자산운용,0.39,106292250000,8145,8111.54,2025-12-09,주식,국내&해외,실물(패시브),배당소득세(보유기간과세),Akros 테슬라 위클리 커버드콜 채권혼합 지수,미국,개별종목,커버드콜,20260810
0000J0,KR70000J0003,PLUS 한화그룹주,한화자산운용,0.19,114114000000,29260,29216.51,2024-12-24,주식,국내,실물(패시브),비과세,FnGuide 한화그룹주 지수,한국,기타,일반,20260810
461910,KR7461910002,PLUS 미국테크TOP10레버리지(합성),한화자산운용,0.5,19866000000,39732,39452.33,2023-07-18,주식,해외,합성(패시브),배당소득세(보유기간과세),iSelect 미국 Tech 10 지수,미국,AI·테크,일반,20260810
213630,KR7213630007,PLUS 미국다우존스고배당주(합성 H),한화자산운용,0.4,19191200000,20860,20958.08,2015-01-26,주식,해외,합성(패시브),배당소득세(보유기간과세),Dow Jones U.S Select Dividend Index(시장가격지수),미국,배당주,일반,20260810
189400,KR7189400005,PLUS 글로벌MSCI(합성 H),한화자산운용,0.4,7813500000,26045,26106.14,2013-12-10,주식,해외,합성(패시브),배당소득세(보유기간과세),MSCI ACWI Index,글로벌,광범위지수,일반,20260810
195970,KR7195970009,PLUS 선진국MSCI(합성 H),한화자산운용,0.5,24330900000,16665,16691.7,2014-05-13,주식,해외,합성(패시브),배당소득세(보유기간과세),MSCI EAFE Index,기타,광범위지수,일반,20260810
195980,KR7195980008,PLUS 신흥국MSCI(합성 H),한화자산운용,0.5,95424000000,14910,14912.07,2014-05-13,주식,해외,합성(패시브),배당소득세(보유기간과세),MSCI EM Index,신흥국,광범위지수,일반,20260810
0184V0,KR70184V0005,UNICORN K바이오액티브,현대자산운용,0.51,7766000000,7060,7027.85,2026-05-12,주식,국내,실물(액티브),배당소득세(보유기간과세),FnGuide K-바이오 밸런스드 지수,한국,바이오·헬스케어,일반,20260810
433250,KR7433250008,UNICORN R&D 액티브,현대자산운용,0.355,5585000000,22340,22286.88,2022-07-06,주식,국내,실물(액티브),배당소득세(보유기간과세),코스피 200,한국,광범위지수,일반,20260810
494220,KR7494220007,UNICORN SK하이닉스밸류체인액티브,현대자산운용,0.5,158674500000,42885,42785.82,2024-11-07,주식,국내,실물(액티브),배당소득세(보유기간과세),FnGuide SK하이닉스밸류체인 지수,한국,개별종목,일반,20260810
470310,KR7470310004,UNICORN 생성형AI강소기업액티브,현대자산운용,0.5,5448000000,18160,18280.21,2023-11-21,주식,국내,실물(액티브),배당소득세(보유기간과세),iSelect AI 지수,한국,AI·테크,일반,20260810
476000,KR7476000005,UNICORN 포스트IPO액티브,현대자산운용,0.5,3220250000,5855,5836.96,2024-02-27,주식,국내,실물(액티브),배당소득세(보유기간과세),iSelect 포스트 IPO 지수,한국,기타,일반,20260810
491700,KR7491700001,HK 200,흥국자산운용,0.05,59574000000,99290,99089.7,2024-09-10,주식,국내,실물(패시브),비과세,코스피 200,한국,광범위지수,일반,20260810
0000Y0,KR70000Y0004,HK 26-12 회사채(AA-이상)액티브,흥국자산운용,0.065,123014650000,101665,101680.84,2024-12-24,채권,국내,실물(액티브),배당소득세(보유기간과세),KAP 26-12 크레딧 채권 총수익지수(AA-이상),한국,채권·금리,일반,20260810
215620,KR7215620006,HK S&P코리아로우볼,흥국자산운용,0.4,8777700000,16255,16445.05,2015-03-25,주식,국내,실물(패시브),비과세,S&P Korea 저변동성 지수,한국,기타,일반,20260810
0113P0,KR70113P0009,HK 머니마켓액티브,흥국자산운용,0.045,52955140000,102230,102227.31,2025-09-30,채권,국내,실물(액티브),배당소득세(보유기간과세),KAP 머니마켓 지수(총수익),한국,기타,일반,20260810
391670,KR7391670007,HK 베스트일레븐액티브,흥국자산운용,0.3,15489000000,25815,25693.27,2021-07-06,주식,국내,실물(액티브),배당소득세(보유기간과세),코스피 200,한국,광범위지수,일반,20260810
472920,KR7472920008,HK 종합채권(AA-이상)액티브,흥국자산운용,0.036,253580175000,98325,98067.0,2023-11-28,채권,국내,실물(액티브),배당소득세(보유기간과세),KAP 종합채권 AA- 이상 지수(총수익),한국,채권·금리,일반,20260810
