KRX코드,ISIN,종목명,운용사,총보수,시가총액,종가,NAV,상장일,자산분류,시장분류,운용방식,과세유형,기초지수명,투자지역,테마섹터,전략,기준일자
0193M0,KR70193M0005,BNK 27-12 특수채(AAA이상)액티브,비엔케이자산운용,0.07,106503320000,50380,50330.47,2026-06-16,채권,국내,실물(액티브),배당소득세(보유기간과세),KAP 27-12 특수채 총수익 지수(AAA이상),한국,채권·금리,일반,20260813
466810,KR7466810009,BNK 2차전지양극재,비엔케이자산운용,0.395,8366500000,5770,5754.13,2023-10-19,주식,국내,실물(패시브),비과세,iSelect 2차전지양극재 지수,한국,2차전지,일반,20260813
457930,KR7457930006,BNK 미래전략기술액티브,비엔케이자산운용,0.495,8511000000,28370,28330.44,2023-06-20,주식,국내,실물(액티브),배당소득세(보유기간과세),iSelect 미래전략기술 지수 (PR),한국,기타,일반,20260813
0218K0,KR70218K0008,BNK 스마트카,비엔케이자산운용,0.45,8460000000,11280,11226.99,2026-07-21,주식,국내,실물(패시브),비과세,FnGuide 스마트카 지수,한국,자동차,일반,20260813
487750,KR7487750002,BNK 온디바이스AI,비엔케이자산운용,0.395,12108000000,30270,30373.16,2024-07-23,주식,국내,실물(패시브),비과세,FnGuide 온디바이스AI 지수,한국,AI·테크,일반,20260813
445690,KR7445690001,BNK 주주가치액티브,비엔케이자산운용,0.495,18258000000,30430,30299.98,2022-10-27,주식,국내,실물(액티브),배당소득세(보유기간과세),FnGuide 주주가치 지수,한국,배당주,일반,20260813
0120J0,KR70120J0008,BNK 카카오그룹포커스,비엔케이자산운용,0.395,10137500000,8110,8160.18,2025-12-02,주식,국내,실물(패시브),비과세,FnGuide 카카오그룹 포커스 지수,한국,개별종목,일반,20260813
0112X0,KR70112X0000,마이티 200TR,디비자산운용,0.05,36288000000,40320,40457.76,2025-10-28,주식,국내,실물(패시브),배당소득세(보유기간과세),코스피 200 TR,한국,광범위지수,일반,20260813
465780,KR7465780005,마이티 26-09 특수채(AAA)액티브,디비자산운용,0.06,102342825000,106275,106252.53,2023-09-21,채권,국내,실물(액티브),배당소득세(보유기간과세),KAP 26-09 특수채 지수(총수익),한국,채권·금리,일반,20260813
0191M0,KR70191M0007,마이티 5월만기자동연장특수채(AAA)액티브,디비자산운용,0.06,41658750000,100625,100589.04,2026-06-02,채권,국내,실물(액티브),배당소득세(보유기간과세),KAP 5월 만기자동연장 특수채(AAA) 총수익 지수,한국,채권·금리,일반,20260813
0222F0,KR70222F0009,마이티 AI데이터센터밸류체인,디비자산운용,0.365,13020000000,13020,12923.37,2026-08-04,주식,국내,실물(패시브),비과세,KAP AI데이터센터밸류체인지수,한국,AI·테크,일반,20260813
442260,KR7442260006,마이티 다이나믹퀀트액티브,디비자산운용,0.295,46599200000,37580,37430.19,2022-10-25,주식,국내,실물(액티브),배당소득세(보유기간과세),코스피 200,한국,광범위지수,일반,20260813
0001P0,KR70001P0004,마이티 바이오시밀러&CDMO액티브,디비자산운용,0.805,11256000000,10050,9996.1,2024-12-24,주식,국내,실물(액티브),배당소득세(보유기간과세),FnGuide 바이오시밀러&CDMO 지수,한국,바이오·헬스케어,일반,20260813
159800,KR7159800002,마이티 코스피100,디비자산운용,0.375,23892400000,85330,85281.59,2012-07-05,주식,국내,실물(패시브),비과세,코스피 100,한국,광범위지수,일반,20260813
472840,KR7472840008,IBK 200,아이비케이자산운용,0.08,40196250000,107190,107137.63,2023-12-21,주식,국내,실물(패시브),비과세,코스피 200,한국,광범위지수,일반,20260813
0005G0,KR70005G0001,IBK K-AI반도체코어테크,아이비케이자산운용,0.28,172155000000,49900,50134.59,2025-01-21,주식,국내,실물(패시브),비과세,FnGuide K-AI반도체 코어테크 지수,한국,반도체,일반,20260813
0178H0,KR70178H0001,IBK 미국AI TOP10국채혼합50,아이비케이자산운용,0.25,47376000000,10080,10048.63,2026-04-28,혼합자산,국내&해외,실물(패시브),배당소득세(보유기간과세),FnGuide 미국AI TOP10국채혼합 지수,미국,AI·테크,혼합,20260813
0135Y0,KR70135Y0002,IBK 중기종합채권(AA-이상)액티브,아이비케이자산운용,0.041,113207150000,100450,100406.22,2025-12-16,채권,국내,실물(액티브),배당소득세(보유기간과세),"KIS 중기종합채권 (1~5Y, AA-이상, 총수익)",한국,채권·금리,일반,20260813
0221V0,KR70221V0000,IBK 초단기채권액티브,아이비케이자산운용,0.05,107204665000,100285,100248.08,2026-07-21,채권,국내,실물(액티브),배당소득세(보유기간과세),KIS 단기자금 총수익지수,한국,채권·금리,일반,20260813
0191S0,KR70191S0001,IBK 코스닥150,아이비케이자산운용,0.105,11003800000,14870,14949.54,2026-05-19,주식,국내,실물(패시브),비과세,코스닥 150,한국,광범위지수,일반,20260813
0208N0,KR70208N0007,IBK 코스피액티브,아이비케이자산운용,0.415,12408000000,7520,7470.78,2026-06-23,주식,국내,실물(액티브),배당소득세(보유기간과세),코스피,한국,광범위지수,일반,20260813
361580,KR7361580004,RISE 200TR,케이비자산운용,0.012,487720000000,60965,61181.25,2020-08-21,주식,국내,실물(패시브),배당소득세(보유기간과세),코스피 200 TR,한국,광범위지수,일반,20260813
290080,KR7290080001,RISE 200고배당커버드콜ATM,케이비자산운용,0.4,12670000000,7240,7296.37,2018-02-27,주식,국내,실물(패시브),배당소득세(보유기간과세),코스피 200 고배당커버드콜 ATM 지수(시장가격지수),한국,배당주,커버드콜,20260813
284980,KR7284980000,RISE 200금융,케이비자산운용,0.19,19152200000,22270,22228.95,2017-12-08,주식,국내,실물(패시브),비과세,코스피 200 금융,한국,금융,일반,20260813
252400,KR7252400007,RISE 200선물레버리지,케이비자산운용,0.022,60243000000,100405,100765.96,2016-09-12,주식,국내,실물(패시브),배당소득세(보유기간과세),코스피 200 선물지수,한국,광범위지수,일반,20260813
252420,KR7252420005,RISE 200선물인버스2X,케이비자산운용,0.022,4241500000,85,84.51,2016-09-22,주식,국내,실물(패시브),배당소득세(보유기간과세),코스피 200 선물지수,한국,광범위지수,일반,20260813
252410,KR7252410006,RISE 200선물인버스,케이비자산운용,0.022,2694000000,1347,1339.78,2016-09-12,주식,국내,실물(패시브),배당소득세(보유기간과세),코스피 200 선물지수,한국,광범위지수,일반,20260813
475720,KR7475720009,RISE 200위클리커버드콜,케이비자산운용,0.3,804544500000,12435,12469.14,2024-03-05,주식,국내,실물(패시브),배당소득세(보유기간과세),코스피 200 위클리 커버드콜 ATM 지수,한국,광범위지수,커버드콜,20260813
148020,KR7148020001,RISE 200,케이비자산운용,0.017,4597102000000,108040,108468.47,2011-10-20,주식,국내,실물(패시브),비과세,코스피 200,한국,광범위지수,일반,20260813
183700,KR7183700004,RISE 200채권혼합50,케이비자산운용,0.2,40091100000,95455,95689.91,2013-10-17,혼합자산,국내,실물(패시브),배당소득세(보유기간과세),코스피 200 KTB 혼합지수,한국,채권·금리,혼합,20260813
0122W0,KR70122W0009,RISE 26-11 회사채(AA-이상)액티브,케이비자산운용,0.05,113766450000,50925,50913.26,2025-11-18,채권,국내,실물(액티브),배당소득세(보유기간과세),KAP 26-11 회사채(AA-이상) 총수익지수,한국,채권·금리,일반,20260813
465330,KR7465330009,RISE 2차전지TOP10,케이비자산운용,0.07,62785500000,11015,11050.3,2023-09-12,주식,국내,실물(패시브),비과세,iSelect 2차전지 TOP10 지수(PR),한국,2차전지,일반,20260813
465350,KR7465350007,RISE 2차전지TOP10인버스(합성),케이비자산운용,0.49,34060000000,17030,17182.23,2023-09-12,주식,국내,합성(패시브),배당소득세(보유기간과세),iSelect 2차전지 TOP10 지수(PR),한국,2차전지,일반,20260813
422420,KR7422420000,RISE 2차전지액티브,케이비자산운용,0.35,210720000000,6585,6607.96,2022-04-08,주식,국내,실물(액티브),배당소득세(보유기간과세),iSelect 2차전지 지수 (시장가격지수),한국,2차전지,일반,20260813
105780,KR7105780001,RISE 5대그룹주,케이비자산운용,0.4,34200000000,17100,17034.24,2008-10-22,주식,국내,실물(패시브),비과세,MKF 5대그룹주,한국,광범위지수,일반,20260813
469070,KR7469070007,RISE AI&로봇,케이비자산운용,0.4,403263000000,12110,12131.35,2023-10-24,주식,국내,실물(패시브),비과세,iSelect AI&로봇 지수(시장가격),한국,AI·테크,일반,20260813
0093A0,KR70093A0000,RISE AI반도체TOP10,케이비자산운용,0.2,175824000000,31680,31850.46,2025-08-26,주식,국내,실물(패시브),비과세,FnGuide AI반도체TOP10 지수,한국,반도체,일반,20260813
0101N0,KR70101N0005,RISE AI전력인프라,케이비자산운용,0.2,630198000000,20070,19990.65,2025-09-23,주식,국내,실물(패시브),비과세,KRX-Akros AI 전력인프라 지수,한국,AI·테크,일반,20260813
427120,KR7427120001,RISE AI플랫폼,케이비자산운용,0.45,3603600000,5460,5460.51,2022-05-17,주식,국내,실물(패시브),비과세,FnGuide AI 플랫폼 지수,한국,AI·테크,일반,20260813
477080,KR7477080006,RISE CD금리액티브(합성),케이비자산운용,0.02,1671704595000,107305,107291.84,2024-03-26,기타,국내,합성(액티브),배당소득세(보유기간과세),FnGuide CD금리투자 지수(총수익),한국,채권·금리,일반,20260813
290130,KR7290130004,RISE ESG사회책임투자,케이비자산운용,0.3,661720000000,46600,46683.37,2018-02-27,주식,국내,실물(패시브),비과세,KRX ESG 사회책임경영지수(S),한국,광범위지수,일반,20260813
367770,KR7367770005,RISE 수소경제테마,케이비자산운용,0.45,124372500000,23690,23815.68,2020-10-29,주식,국내,실물(패시브),비과세,FnGuide 수소 경제 테마 지수,한국,에너지·원자력,일반,20260813
326240,KR7326240009,RISE IT플러스,케이비자산운용,0.4,112512000000,43950,44044.17,2019-06-20,주식,국내,실물(패시브),비과세,FnGuide IT플러스 지수,한국,AI·테크,일반,20260813
385560,KR7385560008,RISE KIS국고채30년Enhanced,케이비자산운용,0.05,714311680000,50560,50625.75,2021-05-26,채권,국내,실물(패시브),배당소득세(보유기간과세),KIS 국고채30년Enhanced지수(시장가격),한국,채권·금리,일반,20260813
479520,KR7479520009,RISE KOFR금리액티브(합성),케이비자산운용,0.02,1031223145000,106235,106201.84,2024-04-30,기타,국내,합성(액티브),배당소득세(보유기간과세),KOFR 지수,한국,채권·금리,일반,20260813
270800,KR7270800006,RISE KQ고배당,케이비자산운용,0.3,8690000000,15800,15819.89,2017-07-07,주식,국내,실물(패시브),비과세,FnGuide KQ고배당포커스 지수,한국,배당주,일반,20260813
292050,KR7292050002,RISE KRX300,케이비자산운용,0.05,17220000000,49200,48997.57,2018-03-26,주식,국내,실물(패시브),비과세,KRX 300,한국,광범위지수,일반,20260813
388280,KR7388280000,RISE K엔터&여행레저,케이비자산운용,0.45,23721400000,7145,7112.62,2021-06-10,주식,국내,실물(패시브),비과세,FnGuide K엔터&여행레저 지수,한국,게임·엔터,일반,20260813
0192L0,KR70192L0007,RISE SK하이닉스단일종목레버리지,케이비자산운용,0.09,38979500000,7955,8032.06,2026-05-27,주식,국내,실물(패시브),배당소득세(보유기간과세),KRX SK하이닉스 지수,한국,개별종목,일반,20260813
0013R0,KR70013R0008,RISE 테슬라미국채타겟커버드콜혼합(합성),케이비자산운용,0.25,26962000000,7930,7914.82,2025-02-18,혼합자산,해외,합성(패시브),배당소득세(보유기간과세),KEDI 테슬라미국30년국채15%타겟프리미엄 혼합지수(TR),미국,개별종목,커버드콜,20260813
234310,KR7234310001,RISE V&S셀렉트밸류,케이비자산운용,0.3,14245000000,28490,28730.89,2016-02-02,주식,국내,실물(패시브),비과세,FnGuide 셀렉트 밸류 지수,한국,광범위지수,일반,20260813
241390,KR7241390004,RISE V&S셀렉트밸류채권혼합,케이비자산운용,0.23,34463000000,15665,15824.64,2016-04-12,혼합자산,국내,실물(패시브),배당소득세(보유기간과세),FnGuide 셀렉트벨류 채권혼합지수,한국,채권·금리,혼합,20260813
401170,KR7401170006,RISE 메타버스,케이비자산운용,0.45,45777600000,11560,11520.02,2021-10-13,주식,국내,실물(패시브),비과세,iSelect 메타버스 지수(시장가격지수),한국,AI·테크,일반,20260813
300640,KR7300640000,RISE 게임테마,케이비자산운용,0.3,22797000000,6705,6676.9,2018-07-24,주식,국내,실물(패시브),비과세,WISE 게임 테마 지수 (시장가격지수),한국,게임·엔터,일반,20260813
266160,KR7266160001,RISE 고배당,케이비자산운용,0.2,207584000000,32435,32531.06,2017-04-14,주식,국내,실물(패시브),비과세,FnGuide 고배당포커스 지수,한국,배당주,일반,20260813
481430,KR7481430007,RISE 국고채10년액티브,케이비자산운용,0.012,82061430000,98395,98242.03,2024-05-21,채권,국내,실물(액티브),배당소득세(보유기간과세),KAP 국고채 10년 지수(총수익),한국,채권·금리,일반,20260813
282000,KR7282000009,RISE 국고채3년선물인버스,케이비자산운용,0.07,61541820000,114390,114444.36,2017-11-09,채권,국내,실물(패시브),배당소득세(보유기간과세),국채선물지수,한국,채권·금리,일반,20260813
114100,KR7114100001,RISE 국고채3년,케이비자산운용,0.115,100367060000,106660,106661.15,2009-07-29,채권,국내,실물(패시브),배당소득세(보유기간과세),KTB INDEX(시장가격),한국,채권·금리,일반,20260813
451670,KR7451670004,RISE 국채30년레버리지(합성),케이비자산운용,0.1,5932500000,11865,11731.73,2023-02-14,채권,국내,합성(패시브),배당소득세(보유기간과세),KAP 국채30년 TR 지수(총수익),한국,채권·금리,일반,20260813
295020,KR7295020002,RISE 국채선물10년인버스,케이비자산운용,0.07,33956040000,60420,60481.41,2018-05-11,채권,국내,실물(패시브),배당소득세(보유기간과세),10년국채선물지수,한국,채권·금리,일반,20260813
295000,KR7295000004,RISE 국채선물10년,케이비자산운용,0.07,5135000000,51350,51375.72,2018-05-11,채권,국내,실물(패시브),배당소득세(보유기간과세),10년국채선물지수,한국,채권·금리,일반,20260813
432600,KR7432600005,RISE 국채선물3년,케이비자산운용,0.07,5532500000,55325,55326.05,2022-06-14,채권,국내,실물(패시브),배당소득세(보유기간과세),국채선물지수,한국,채권·금리,일반,20260813
397420,KR7397420001,RISE 국채선물5년추종,케이비자산운용,0.07,303510000,50585,50583.59,2021-08-31,채권,국내,실물(패시브),배당소득세(보유기간과세),5년 국채선물 추종 지수,한국,채권·금리,일반,20260813
0114X0,KR70114X0008,RISE 글로벌게임테크TOP3Plus,케이비자산운용,0.4,6188000000,8840,8894.74,2025-10-21,주식,해외,실물(패시브),배당소득세(보유기간과세),Solactive-KEDI 글로벌 게임 테크 TOP3 플러스 지수,글로벌,AI·테크,일반,20260813
437370,KR7437370000,RISE 글로벌농업경제,케이비자산운용,0.4,7350000000,10500,10510.21,2022-07-29,주식,해외,실물(패시브),배당소득세(보유기간과세),MVIS Global Agribusiness Index(Price Return),글로벌,소비재,일반,20260813
375270,KR7375270006,RISE 글로벌데이터센터리츠(합성),케이비자산운용,0.4,9454250000,14545,14461.43,2021-01-14,부동산,해외,합성(패시브),배당소득세(분리과세부동산ETF),Kelly Data Center & Tech Infrastructure Net Total Return Index,기타,AI·테크,일반,20260813
475380,KR7475380002,RISE 글로벌리얼티인컴,케이비자산운용,0.01,28674000000,10620,10630.45,2024-02-20,부동산,해외,실물(패시브),배당소득세(분리과세부동산ETF),Solactive Global Realty Income Index(Price Return),글로벌,리츠·부동산,일반,20260813
476310,KR7476310008,RISE 글로벌비만산업TOP2+,케이비자산운용,0.35,5621000000,10220,10375.54,2024-02-27,주식,해외,실물(패시브),배당소득세(보유기간과세),KEDI 글로벌 비만 산업 Top2+ 지수(Price Return),글로벌,바이오·헬스케어,일반,20260813
417450,KR7417450004,RISE 글로벌수소경제,케이비자산운용,0.4,14339500000,16870,16857.01,2022-02-15,주식,해외,실물(패시브),배당소득세(보유기간과세),Indxx Hydrogen Economy Index (PR),기타,에너지·원자력,일반,20260813
442320,KR7442320008,RISE 글로벌원자력,케이비자산운용,0.4,237133000000,37700,37626.39,2022-10-13,주식,해외,실물(패시브),배당소득세(보유기간과세),iSelect 글로벌원자력 지수(시장가격),글로벌,에너지·원자력,일반,20260813
461490,KR7461490005,RISE 글로벌자산배분액티브,케이비자산운용,0.01,287154000000,14840,14864.25,2023-06-27,혼합자산,해외,실물(액티브),배당소득세(보유기간과세),Bloomberg Multi-Asset Weighted (KRW ETFs) 지수(시장가격),기타,자산배분·TDF,혼합,20260813
459750,KR7459750006,RISE 글로벌주식분산액티브,케이비자산운용,0.2,33525000000,18625,18516.02,2023-06-27,주식,해외,실물(액티브),배당소득세(보유기간과세),Bloomberg Global Equity Market Weighted Index(Price Return),글로벌,광범위지수,일반,20260813
399580,KR7399580000,RISE 글로벌클린에너지,케이비자산운용,0.4,9845000000,9845,9978.61,2021-10-21,주식,해외,실물(패시브),배당소득세(보유기간과세),S&P Global Clean Energy Transition Index (Price Return),글로벌,에너지·원자력,일반,20260813
276650,KR7276650009,RISE 글로벌테크놀로지(합성 H),케이비자산운용,0.4,35002500000,46670,46542.4,2017-08-17,주식,국내&해외,합성(패시브),배당소득세(보유기간과세),S&P Global 1200 Information Technology and Interactive Media & Services(PR),글로벌,AI·테크,일반,20260813
336160,KR7336160007,RISE 금융채액티브,케이비자산운용,0.07,50807460000,100410,100395.66,2019-10-29,채권,국내,실물(액티브),배당소득세(보유기간과세),KIS 종합채권금융채 2.5Y-3Y 지수 (총수익),한국,금융,일반,20260813
326230,KR7326230000,RISE 내수주플러스,케이비자산운용,0.4,7270400000,11360,11383.82,2019-06-20,주식,국내,실물(패시브),비과세,FnGuide 내수주플러스 지수,한국,광범위지수,일반,20260813
367760,KR7367760006,RISE 네트워크인프라,케이비자산운용,0.45,685035000000,58550,58880.24,2020-10-29,주식,국내,실물(패시브),비과세,FnGuide 네트워크 인프라 지수,한국,AI·테크,일반,20260813
272560,KR7272560004,RISE 단기국공채액티브,케이비자산운용,0.07,160347660000,114780,114731.11,2017-06-29,채권,국내,실물(액티브),배당소득세(보유기간과세),KIS 종합채권국공채3M~1.5Y지수,한국,채권·금리,일반,20260813
385550,KR7385550009,RISE 단기채권알파액티브,케이비자산운용,0.05,345032595000,113985,113942.08,2021-05-26,채권,국내,실물(액티브),배당소득세(보유기간과세),KIS 단기채권알파지수(AA-이상)(총수익지수),한국,채권·금리,일반,20260813
196230,KR7196230007,RISE 단기통안채,케이비자산운용,0.13,262092525000,116745,116785.17,2014-05-19,채권,국내,실물(패시브),배당소득세(보유기간과세),KIS 통안채 5개월 지수(총수익),한국,채권·금리,일반,20260813
0061Z0,KR70061Z0009,RISE 단기특수은행채액티브,케이비자산운용,0.01,734452920000,50940,50916.55,2025-06-24,채권,국내,실물(액티브),배당소득세(보유기간과세),KAP 단기 특수은행채 지수(시장가격),한국,금융,일반,20260813
315960,KR7315960005,RISE 대형고배당10TR,케이비자산운용,0.07,505032000000,76520,76949.77,2019-01-22,주식,국내,실물(패시브),배당소득세(보유기간과세),WISE 대형고배당10 TR 지수,한국,배당주,일반,20260813
0138D0,KR70138D0004,RISE 동학개미,케이비자산운용,0.07,8186750000,12595,12679.56,2025-12-16,주식,국내,실물(패시브),비과세,FnGuide 동학개미 지수,한국,기타,일반,20260813
455890,KR7455890004,RISE 머니마켓액티브,케이비자산운용,0.05,2982482250000,55385,55378.09,2023-05-09,채권,국내,실물(액티브),배당소득세(보유기간과세),KIS 시가평가 MMF 지수 (총수익지수),한국,채권·금리,일반,20260813
481340,KR7481340008,RISE 미국30년국채액티브,케이비자산운용,0.05,24241250000,8815,8812.38,2024-05-28,채권,해외,실물(액티브),배당소득세(보유기간과세),Bloomberg U.S Treasury 20+ Year Total Return Index,미국,채권·금리,일반,20260813
472870,KR7472870005,RISE 미국30년국채엔화노출(합성 H),케이비자산운용,0.15,171568750000,7075,7103.75,2023-12-27,채권,해외,합성(패시브),배당소득세(보유기간과세),KIS 미국채30년 엔화노출 지수(USD/JPY 헤지)(총수익지수),미국,채권·금리,일반,20260813
472830,KR7472830009,RISE 미국30년국채커버드콜(합성),케이비자산운용,0.25,45315750000,8165,8153.2,2023-12-14,채권,해외,합성(패시브),배당소득세(보유기간과세),Bloomberg U.S. Treasury 20+ Year (TLT) 2% OTM Covered Call Index(TR),미국,채권·금리,커버드콜,20260813
485690,KR7485690002,RISE 미국AI밸류체인TOP3Plus,케이비자산운용,0.01,95634000000,22770,22696.61,2024-07-23,주식,해외,실물(패시브),배당소득세(보유기간과세),KEDI 미국 AI 밸류체인 TOP3 Plus 지수(Price Return),미국,AI·테크,일반,20260813
490590,KR7490590007,RISE 미국AI밸류체인데일리고정커버드콜,케이비자산운용,0.25,793465250000,14845,14802.04,2024-10-02,주식,해외,실물(패시브),배당소득세(보유기간과세),KEDI 미국 AI밸류체인 90%참여+데일리옵션 프리미엄 지수(TR),미국,AI·테크,커버드콜,20260813
0176E0,KR70176E0006,RISE 미국AI전력인프라액티브,케이비자산운용,0.45,136772000000,11030,10938.23,2026-04-07,주식,해외,실물(액티브),배당소득세(보유기간과세),Solactive US AI Electricity Infrastructure Index PR,미국,AI·테크,일반,20260813
0127R0,KR70127R0001,RISE 미국AI클라우드인프라,케이비자산운용,0.4,23437500000,18750,18894.88,2025-11-25,주식,해외,실물(패시브),배당소득세(보유기간과세),Akros 미국 AI 클라우드 인프라 지수(Price Return),미국,AI·테크,일반,20260813
495940,KR7495940009,RISE 미국AI테크액티브,케이비자산운용,0.5,63630000000,20200,20073.89,2024-11-26,주식,해외,실물(액티브),배당소득세(보유기간과세),Solactive US AI Tech Active Index PR,미국,AI·테크,일반,20260813
0138T0,KR70138T0006,RISE 미국S&P500데일리고정커버드콜,케이비자산운용,0.25,32406000000,9820,9849.11,2025-12-23,주식,해외,실물(패시브),배당소득세(보유기간과세),S&P500 10% Daily Fixed Covered Call Index,미국,광범위지수,커버드콜,20260813
0005C0,KR70005C0005,RISE 미국S&P500엔화노출(합성 H),케이비자산운용,0.1,7523750000,11575,11621.9,2025-01-14,주식,해외,합성(패시브),배당소득세(보유기간과세),S&P500 Yen Hedged Index(PR),미국,광범위지수,일반,20260813
379780,KR7379780000,RISE 미국S&P500,케이비자산운용,0.004,1567930500000,23865,23823.54,2021-04-09,주식,해외,실물(패시브),배당소득세(보유기간과세),S&P 500,미국,광범위지수,일반,20260813
453330,KR7453330003,RISE 미국S&P500(H),케이비자산운용,0.004,82620000000,18360,18335.27,2023-03-21,주식,해외,실물(패시브),배당소득세(보유기간과세),S&P 500,미국,광범위지수,일반,20260813
460660,KR7460660004,RISE 미국S&P배당킹,케이비자산운용,0.01,17451000000,12465,12479.77,2023-06-27,주식,해외,실물(패시브),배당소득세(보유기간과세),S&P Dividend Monarchs Index(Price Return),미국,배당주,일반,20260813
219390,KR7219390002,RISE 미국S&P원유생산기업(합성 H),케이비자산운용,0.25,15540000000,7770,7917.85,2015-06-02,주식,해외,합성(패시브),배당소득세(보유기간과세),S&P Oil & Gas Exploration & Production Select Industry Index(PR),기타,에너지·원자력,일반,20260813
0115C0,KR70115C0002,RISE 미국고배당다우존스TOP10,케이비자산운용,0.01,27096000000,11290,11277.68,2025-10-21,주식,해외,실물(패시브),배당소득세(보유기간과세),Dow Jones U.S. High Dividend 10 Index,미국,배당주,일반,20260813
354240,KR7354240004,RISE 미국고정배당우선증권,케이비자산운용,0.5,11940500000,10855,10881.02,2020-05-19,혼합자산,해외,실물(패시브),배당소득세(보유기간과세),ICE BofAML Core Plus Fixed Rate Preferred Securities Index(PR),기타,채권·금리,일반,20260813
368590,KR7368590006,RISE 미국나스닥100,케이비자산운용,0.006,1578720000000,31200,31157.02,2020-11-06,주식,해외,실물(패시브),배당소득세(보유기간과세),NASDAQ 100,미국,광범위지수,일반,20260813
437350,KR7437350002,RISE 미국단기투자등급회사채액티브,케이비자산운용,0.1,27588000000,12540,12544.92,2022-07-29,채권,해외,실물(액티브),배당소득세(보유기간과세),Bloomberg US Corporate 1-5 Years Total Return Index,미국,채권·금리,일반,20260813
455960,KR7455960005,RISE 미국달러SOFR금리액티브(합성),케이비자산운용,0.05,56929400000,12430,12424.36,2023-05-16,기타,해외,합성(액티브),배당소득세(보유기간과세),KAP SOFR 지수,미국,채권·금리,일반,20260813
469530,KR7469530000,RISE 미국달러선물인버스,케이비자산운용,0.05,5856000000,9150,9147.42,2023-11-09,통화,국내,실물(패시브),배당소득세(보유기간과세),미국달러선물지수,한국,기타,일반,20260813
469060,KR7469060008,RISE 미국반도체NYSE,케이비자산운용,0.01,85928000000,37360,37247.91,2023-10-24,주식,해외,실물(패시브),배당소득세(보유기간과세),NYSE Semicondoctor Index(Price Return),미국,반도체,일반,20260813
469050,KR7469050009,RISE 미국반도체NYSE(H),케이비자산운용,0.01,36393500000,33085,32893.23,2023-10-24,주식,해외,실물(패시브),배당소득세(보유기간과세),NYSE Semicondoctor Index(Price Return),미국,반도체,일반,20260813
491630,KR7491630000,RISE 미국반도체인버스(합성 H),케이비자산운용,0.49,2498500000,5260,5185.58,2024-10-22,주식,해외,합성(패시브),배당소득세(보유기간과세),NYSE Semicondoctor Index(Price Return),미국,반도체,일반,20260813
490600,KR7490600004,RISE 미국배당100데일리고정커버드콜,케이비자산운용,0.25,171304000000,9310,9318.16,2024-09-24,주식,해외,실물(패시브),배당소득세(보유기간과세),KEDI 미국 배당100 90%참여+데일리옵션 프리미엄 지수(총수익지수),미국,배당주,커버드콜,20260813
0018Z0,KR70018Z0003,RISE 미국양자컴퓨팅,케이비자산운용,0.4,19330000000,19330,19315.92,2025-03-11,주식,해외,실물(패시브),배당소득세(보유기간과세),Solactive US Quantum Computing Technology Index PR,미국,AI·테크,일반,20260813
0218J0,KR70218J0001,RISE 미국우주&로봇TOP2미국채혼합50,케이비자산운용,0.13,27510000000,9170,9145.2,2026-07-14,혼합자산,해외,실물(패시브),배당소득세(보유기간과세),Akros 미국 우주-로봇 TOP2 채권혼합50 지수,미국,AI·테크,혼합,20260813
0013P0,KR70013P0000,RISE 미국은행TOP10,케이비자산운용,0.2,14965500000,13605,13587.63,2025-02-18,주식,해외,실물(패시브),배당소득세(보유기간과세),KEDI 미국 은행 TOP10 지수,미국,금융,일반,20260813
267490,KR7267490001,RISE 미국장기국채선물레버리지(합성 H),케이비자산운용,0.5,3500000000,5000,5006.06,2017-04-20,채권,해외,합성(패시브),배당소득세(보유기간과세),S&P U.S. Treasury Bond Futures Excess Return Index,미국,채권·금리,일반,20260813
267450,KR7267450005,RISE 미국장기국채선물인버스(H),케이비자산운용,0.4,5600000000,11200,11160.07,2017-04-20,채권,해외,실물(패시브),배당소득세(보유기간과세),S&P U.S. Treasury Bond Futures Excess Return Index,미국,채권·금리,일반,20260813
267440,KR7267440006,RISE 미국장기국채선물(H),케이비자산운용,0.4,4812000000,8020,8063.5,2017-04-20,채권,해외,실물(패시브),배당소득세(보유기간과세),S&P U.S. Treasury Bond Futures Excess Return Index,미국,채권·금리,일반,20260813
0036Z0,KR70036Z0001,RISE 미국천연가스밸류체인,케이비자산운용,0.4,6990500000,12710,12739.3,2025-04-22,주식,해외,실물(패시브),배당소득세(보유기간과세),Solactive US Natural Gas Value Chain Index PR,미국,에너지·원자력,일반,20260813
491620,KR7491620001,RISE 미국테크100데일리고정커버드콜,케이비자산운용,0.25,549045000000,11025,11028.55,2024-10-02,주식,해외,실물(패시브),배당소득세(보유기간과세),KEDI 미국 테크100 90%참여+데일리옵션 프리미엄 지수(TR),미국,AI·테크,커버드콜,20260813
0036R0,KR70036R0001,RISE 미국휴머노이드로봇,케이비자산운용,0.4,113400000000,20250,20246.87,2025-04-15,주식,해외,실물(패시브),배당소득세(보유기간과세),KEDI 미국 휴머노이드 로봇 지수(시장가격),미국,AI·테크,일반,20260813
0000Z0,KR70000Z0003,RISE 바이오TOP10액티브,케이비자산운용,0.5,60197500000,9950,9950.55,2024-12-24,주식,국내,실물(액티브),배당소득세(보유기간과세),KRX 바이오 TOP 10 지수,한국,바이오·헬스케어,일반,20260813
446700,KR7446700007,RISE 배터리 리사이클링,케이비자산운용,0.4,11242800000,10410,10385.11,2022-11-01,주식,국내,실물(패시브),비과세,iSelect 배터리 리사이클링 지수,한국,2차전지,일반,20260813
475350,KR7475350005,RISE 버크셔포트폴리오TOP10,케이비자산운용,0.01,70100500000,14915,14925.9,2024-02-27,주식,해외,실물(패시브),배당소득세(보유기간과세),Solactive Berkshire Portfolio Top10 Index(PR),미국,개별종목,일반,20260813
388420,KR7388420002,RISE 비메모리반도체액티브,케이비자산운용,0.5,243855000000,27095,26985.92,2021-06-10,주식,국내,실물(액티브),배당소득세(보유기간과세),iSelect 비메모리반도체 지수(시장가격지수),한국,반도체,일반,20260813
448630,KR7448630004,RISE 삼성그룹Top3채권혼합,케이비자산운용,0.2,323121000000,15170,15281.66,2022-11-29,혼합자산,국내,실물(패시브),배당소득세(보유기간과세),Bloomberg Blended Samsung Group Fixed Top 3 Equity and Korean Bond Index,한국,채권·금리,일반,20260813
0162Z0,KR70162Z0007,RISE 삼성전자SK하이닉스채권혼합50,케이비자산운용,0.01,4048458000000,13170,13216.23,2026-02-26,혼합자산,국내,실물(패시브),배당소득세(보유기간과세),KAP 삼성전자SK하이닉스채권혼합50 지수,한국,개별종목,혼합,20260813
0192M0,KR70192M0006,RISE 삼성전자단일종목레버리지,케이비자산운용,0.09,36828000000,11880,11911.22,2026-05-27,주식,국내,실물(패시브),배당소득세(보유기간과세),KRX 삼성전자 지수,한국,개별종목,일반,20260813
140570,KR7140570003,RISE 수출주,케이비자산운용,0.4,10354000000,25885,26077.98,2011-04-15,주식,국내,실물(패시브),비과세,MKF 수출주 지수,한국,광범위지수,일반,20260813
0093B0,KR70093B0009,RISE 엔비디아고정테크100,케이비자산운용,0.2,11776500000,13085,13155.47,2025-08-26,주식,해외,실물(패시브),배당소득세(보유기간과세),KEDI 엔비디아고정테크100 지수(PR),미국,개별종목,일반,20260813
140580,KR7140580002,RISE 우량업종대표주,케이비자산운용,0.4,12290000000,24580,24745.73,2011-04-15,주식,국내,실물(패시브),비과세,MKF 우량업종대표주 지수,한국,광범위지수,일반,20260813
379790,KR7379790009,RISE 유로스탁스50(H),케이비자산운용,0.021,18669000000,17780,17764.59,2021-04-09,주식,해외,실물(패시브),배당소득세(보유기간과세),EURO STOXX 50 Index,유럽,광범위지수,일반,20260813
498610,KR7498610005,RISE 인도디지털성장,케이비자산운용,0.3,5166000000,8610,8600.9,2025-04-01,주식,해외,실물(패시브),배당소득세(보유기간과세),MarketVector Digital India Index(INR)(Price Return),인도,AI·테크,일반,20260813
488480,KR7488480005,RISE 일본섹터TOP4Plus,케이비자산운용,0.3,7557000000,13740,13615.63,2024-08-20,주식,해외,실물(패시브),배당소득세(보유기간과세),Solactive Japan Samurai Sector TOP4 Plus Index(PR),일본,기타,일반,20260813
442550,KR7442550000,RISE TDF2030액티브 적격,케이비자산운용,0.01,23118250000,14915,14858.78,2022-09-22,기타,국내&해외,실물(액티브),배당소득세(보유기간과세),iSelect 전략적자산배분 TDF 2030 지수,국내+해외,자산배분·TDF,일반,20260813
442560,KR7442560009,RISE TDF2040액티브 적격,케이비자산운용,0.01,51971500000,16765,16669.87,2022-09-22,기타,국내&해외,실물(액티브),배당소득세(보유기간과세),iSelect 전략적자산배분 TDF 2040 지수,국내+해외,자산배분·TDF,일반,20260813
442570,KR7442570008,RISE TDF2050액티브 적격,케이비자산운용,0.01,329015500000,17930,17770.3,2022-09-22,기타,국내&해외,실물(액티브),배당소득세(보유기간과세),iSelect 전략적자산배분 TDF 2050 지수,국내+해외,자산배분·TDF,일반,20260813
385540,KR7385540000,RISE 종합채권(A-이상)액티브,케이비자산운용,0.012,1910287655000,102665,102632.02,2021-05-26,채권,국내,실물(액티브),배당소득세(보유기간과세),KIS 종합채권 지수(A-이상)(총수익지수),한국,채권·금리,일반,20260813
183710,KR7183710003,RISE 주식혼합,케이비자산운용,0.25,18354000000,91770,92377.67,2013-10-17,혼합자산,국내,실물(패시브),배당소득세(보유기간과세),주식국채혼합(주식형)지수,한국,채권·금리,혼합,20260813
310080,KR7310080007,RISE 중국MSCI China(H),케이비자산운용,0.6,10861750000,9445,9468.61,2018-11-28,주식,해외,실물(패시브),배당소득세(보유기간과세),"MSCI China Index(USD, Price Return)",중국,광범위지수,일반,20260813
463300,KR7463300004,RISE 중국본토CSI300,케이비자산운용,0.05,22056000000,13785,13890.7,2023-08-08,주식,해외,실물(패시브),배당소득세(보유기간과세),CSI 300 Index,중국,광범위지수,일반,20260813
174360,KR7174360008,RISE 중국본토대형주CSI100,케이비자산운용,0.65,34482000000,24630,24648.38,2013-06-04,주식,해외,실물(패시브),배당소득세(해외주식투자전용ETF),CSI A100,중국,광범위지수,일반,20260813
136340,KR7136340007,RISE 중기우량회사채,케이비자산운용,0.07,276707900000,104300,104289.49,2011-04-15,채권,국내,실물(패시브),배당소득세(보유기간과세),KOBI 크레딧 지수(총수익),한국,채권·금리,일반,20260813
281990,KR7281990002,RISE 중소형고배당,케이비자산운용,0.3,9757000000,17740,17823.18,2017-11-02,주식,국내,실물(패시브),비과세,FnGuide 중소형고배당포커스 지수,한국,배당주,일반,20260813
272570,KR7272570003,RISE 중장기국공채액티브,케이비자산운용,0.07,11675880000,108110,108030.99,2017-06-29,채권,국내,실물(액티브),배당소득세(보유기간과세),KIS 종합채권국공채4~5Y지수,한국,채권·금리,일반,20260813
0164G0,KR70164G0008,RISE 차이나AI반도체TOP4Plus,케이비자산운용,0.45,28896000000,13760,13691.62,2026-03-10,주식,해외,실물(패시브),배당소득세(보유기간과세),Solactive China AI Semiconductor TOP 4 Plus Index,중국,반도체,일반,20260813
250730,KR7250730009,RISE 차이나HSCEI(H),케이비자산운용,0.021,16643000000,9790,9995.61,2016-08-10,주식,해외,실물(패시브),배당소득세(해외주식투자전용ETF),Hang Seng China H,중국,기타,일반,20260813
291680,KR7291680007,RISE 차이나H선물인버스(H),케이비자산운용,0.6,3855000000,7710,7804.21,2018-03-23,주식,해외,실물(패시브),배당소득세(보유기간과세),Hang Seng China Enterprises Futures Index(Price Return),중국,기타,일반,20260813
0094L0,KR70094L0006,RISE 차이나테크TOP10위클리타겟커버드콜,케이비자산운용,0.3,11578000000,8270,8237.09,2025-09-02,주식,해외,실물(패시브),배당소득세(보유기간과세),Bloomberg China Tech Select TOP 10 + 12% Target Premium Weekly Index,중국,AI·테크,커버드콜,20260813
371150,KR7371150004,RISE 차이나항셍테크,케이비자산운용,0.14,9483500000,7295,7235.44,2020-12-16,주식,해외,실물(패시브),배당소득세(보유기간과세),Hang Seng TECH Index,중국,AI·테크,일반,20260813
498860,KR7498860006,RISE 코리아금융고배당,케이비자산운용,0.1,36982000000,16810,16876.95,2024-12-10,주식,국내,실물(패시브),비과세,iSelect 코리아 금융 고배당 지수,한국,금융,일반,20260813
0094M0,KR70094M0005,RISE 코리아밸류업위클리고정커버드콜,케이비자산운용,0.3,221823000000,17605,17657.99,2025-09-02,주식,국내,실물(패시브),배당소득세(보유기간과세),코리아 밸류업 위클리 커버드콜 30% 지수,한국,배당주,커버드콜,20260813
495050,KR7495050007,RISE 코리아밸류업,케이비자산운용,0.008,959586250000,32255,32356.63,2024-11-04,주식,국내,실물(패시브),비과세,코리아 밸류업 지수,한국,배당주,일반,20260813
0151P0,KR70151P0002,RISE 코리아전략산업액티브,케이비자산운용,0.5,152007500000,14830,14869.63,2026-01-20,주식,국내,실물(액티브),배당소득세(보유기간과세),KAP 코리아전략산업지수,한국,기타,일반,20260813
278240,KR7278240007,RISE 코스닥150선물레버리지,케이비자산운용,0.329,65874550000,8795,8863.8,2017-08-31,주식,국내,실물(패시브),배당소득세(보유기간과세),F-코스닥150 지수,한국,광범위지수,일반,20260813
275750,KR7275750008,RISE 코스닥150선물인버스,케이비자산운용,0.32,2124000000,2360,2348.41,2017-08-01,주식,국내,실물(패시브),배당소득세(보유기간과세),F-코스닥150 지수,한국,광범위지수,일반,20260813
270810,KR7270810005,RISE 코스닥150,케이비자산운용,0.02,337840800000,14740,14748.73,2017-06-16,주식,국내,실물(패시브),비과세,코스닥 150,한국,광범위지수,일반,20260813
0223A0,KR70223A0003,RISE 코스닥커버드콜액티브,케이비자산운용,0.3,20976000000,11040,11013.67,2026-07-28,주식,국내,실물(액티브),배당소득세(보유기간과세),코스닥 150 타겟 15% 위클리 커버드콜 지수,한국,광범위지수,커버드콜,20260813
302450,KR7302450002,RISE 코스피,케이비자산운용,0.02,213881250000,70125,70577.16,2018-07-24,주식,국내,실물(패시브),비과세,코스피,한국,광범위지수,일반,20260813
0047P0,KR70047P0000,RISE 테슬라고정테크100,케이비자산운용,0.2,22668750000,14625,14698.95,2025-05-13,주식,해외,실물(패시브),배당소득세(보유기간과세),KEDI 테슬라고정테크100 지수(PR),미국,개별종목,일반,20260813
449580,KR7449580000,RISE 테슬라애플아마존채권혼합,케이비자산운용,0.24,19356000000,16130,16147.36,2022-12-20,혼합자산,해외,실물(패시브),배당소득세(보유기간과세),iSelect 테슬라 애플 아마존 채권혼합지수(Price Return),미국,개별종목,혼합,20260813
334700,KR7334700002,RISE 팔라듐선물인버스(H),케이비자산운용,0.6,2122250000,3265,3226.69,2019-09-24,원자재,해외,실물(패시브),배당소득세(보유기간과세),S&P GSCI Palladium Excess Return Index,글로벌,원자재·금,일반,20260813
334690,KR7334690005,RISE 팔라듐선물(H),케이비자산운용,0.6,4007250000,6165,6236.31,2019-09-24,원자재,해외,실물(패시브),배당소득세(보유기간과세),S&P GSCI Palladium Excess Return Index,글로벌,원자재·금,일반,20260813
0047R0,KR70047R0008,RISE 팔란티어고정테크100,케이비자산운용,0.2,27387500000,15650,15692.33,2025-05-13,주식,해외,실물(패시브),배당소득세(보유기간과세),KEDI 팔란티어고정테크100 지수(PR),미국,개별종목,일반,20260813
253280,KR7253280002,RISE 헬스케어,케이비자산운용,0.4,7661500000,13930,13983.77,2016-09-23,주식,국내,실물(패시브),비과세,FnGuide 헬스케어 지수,한국,바이오·헬스케어,일반,20260813
253290,KR7253290001,RISE 헬스케어채권혼합,케이비자산운용,0.35,21465000000,11925,11999.17,2016-09-23,혼합자산,국내,실물(패시브),배당소득세(보유기간과세),FnGuide 헬스케어 채권혼합 지수,한국,바이오·헬스케어,혼합,20260813
0190C0,KR70190C0000,RISE 현대차고정피지컬AI,케이비자산운용,0.4,536105000000,8950,8971.76,2026-05-12,주식,국내,실물(패시브),비과세,KEDI 현대차고정피지컬AI 지수,한국,개별종목,일반,20260813
407310,KR7407310002,HANARO 200 TOP10,엔에이치아문디자산운용,0.15,19837500000,17250,17348.65,2021-11-24,주식,국내,실물(패시브),비과세,코스피 200 Top 10 지수,한국,광범위지수,일반,20260813
332930,KR7332930007,HANARO 200TR,엔에이치아문디자산운용,0.07,204073000000,140740,141337.43,2019-08-28,주식,국내,실물(패시브),배당소득세(보유기간과세),코스피 200 TR,한국,광범위지수,일반,20260813
304780,KR7304780000,HANARO 200선물레버리지,엔에이치아문디자산운용,0.45,55017000000,122260,122741.98,2018-08-14,주식,국내,실물(패시브),배당소득세(보유기간과세),코스피 200 선물지수,한국,광범위지수,일반,20260813
306520,KR7306520008,HANARO 200선물인버스,엔에이치아문디자산운용,0.45,1476000000,2460,2447.83,2018-09-18,주식,국내,실물(패시브),배당소득세(보유기간과세),코스피 200 선물지수,한국,광범위지수,일반,20260813
293180,KR7293180006,HANARO 200,엔에이치아문디자산운용,0.036,451584000000,107520,107945.24,2018-03-30,주식,국내,실물(패시브),비과세,코스피 200,한국,광범위지수,일반,20260813
0123S0,KR70123S0004,HANARO 26-12 은행채(AA+이상)액티브,엔에이치아문디자산운용,0.02,63687500000,10190,10174.75,2025-12-16,채권,국내,실물(액티브),배당소득세(보유기간과세),KIS 은행채2612만기형 지수,한국,금융,일반,20260813
0091M0,KR70091M0008,HANARO 27-06 회사채(AA-이상)액티브,엔에이치아문디자산운용,0.02,105812350000,10145,10145.21,2025-08-26,채권,국내,실물(액티브),배당소득세(보유기간과세),KIS 회사채(AA-이상)2706만기형지수(총수익),한국,채권·금리,일반,20260813
448490,KR7448490003,HANARO 32-10 국고채액티브,엔에이치아문디자산운용,0.05,11857440000,52935,52861.04,2022-11-22,채권,국내,실물(액티브),배당소득세(보유기간과세),KAP 32-10 국고채 10년 총수익지수,한국,채권·금리,일반,20260813
454320,KR7454320003,HANARO CAPEX설비투자iSelect,엔에이치아문디자산운용,0.45,92966000000,43240,43564.46,2023-04-18,주식,국내,실물(패시브),비과세,iSelect CAPEX 설비투자 지수(시장가격),한국,기타,일반,20260813
395290,KR7395290000,HANARO Fn K-POP&미디어,엔에이치아문디자산운용,0.45,30721000000,4955,4982.48,2021-07-30,주식,국내,실물(패시브),비과세,FnGuide K-POP & 미디어 지수,한국,게임·엔터,일반,20260813
395280,KR7395280001,HANARO Fn K-게임,엔에이치아문디자산운용,0.45,8612750000,3665,3705.21,2021-07-30,주식,국내,실물(패시브),비과세,FnGuide K-게임 지수,한국,게임·엔터,일반,20260813
368190,KR7368190005,HANARO Fn K-뉴딜디지털플러스,엔에이치아문디자산운용,0.45,26064000000,8145,8199.5,2020-11-10,주식,국내,실물(패시브),비과세,FnGuide K-뉴딜 디지털 플러스 지수,한국,AI·테크,일반,20260813
402460,KR7402460000,HANARO Fn K-메타버스MZ,엔에이치아문디자산운용,0.45,7415000000,14830,14918.59,2021-10-13,주식,국내,실물(패시브),비과세,FnGuide K-메타버스 MZ 지수(시장가격),한국,AI·테크,일반,20260813
395270,KR7395270002,HANARO Fn K-반도체,엔에이치아문디자산운용,0.45,3579136000000,56320,56450.52,2021-07-30,주식,국내,실물(패시브),비과세,FnGuide K-반도체 지수,한국,반도체,일반,20260813
438900,KR7438900003,HANARO Fn K-푸드,엔에이치아문디자산운용,0.45,13781250000,11025,11049.45,2022-08-17,주식,국내,실물(패시브),비과세,FnGuide K-푸드 지수 (시장가격),한국,기타,일반,20260813
367740,KR7367740008,HANARO Fn5G산업,엔에이치아문디자산운용,0.45,23210000000,42200,42540.05,2020-10-29,주식,국내,실물(패시브),비과세,FnGuide 5G 산업 지수,한국,기타,일반,20260813
407300,KR7407300003,HANARO Fn골프테마,엔에이치아문디자산운용,0.45,5967500000,10850,10878.64,2021-11-24,주식,국내,실물(패시브),비과세,FnGuide 골프 테마 지수,한국,기타,일반,20260813
381560,KR7381560002,HANARO Fn전기&수소차,엔에이치아문디자산운용,0.45,36000000000,18000,18078.82,2021-04-02,주식,국내,실물(패시브),비과세,FnGuide 전기&수소차 지수 (시장가격),한국,에너지·원자력,일반,20260813
441540,KR7441540002,HANARO Fn조선해운,엔에이치아문디자산운용,0.45,74844000000,27720,27661.92,2022-09-15,주식,국내,실물(패시브),비과세,FnGuide 조선해운지수,한국,조선·기계,일반,20260813
381570,KR7381570001,HANARO Fn친환경에너지,엔에이치아문디자산운용,0.45,8780500000,10330,10327.87,2021-04-02,주식,국내,실물(패시브),비과세,FnGuide 친환경에너지 지수 (시장가격),한국,에너지·원자력,일반,20260813
479850,KR7479850000,HANARO K-뷰티,엔에이치아문디자산운용,0.45,26236000000,18740,18851.6,2024-04-16,주식,국내,실물(패시브),비과세,FnGuide K-뷰티 지수,한국,기타,일반,20260813
453060,KR7453060006,HANARO KOFR금리액티브(합성),엔에이치아문디자산운용,0.05,12239700000,111270,111246.35,2023-03-14,기타,국내,합성(액티브),배당소득세(보유기간과세),KOFR 지수,한국,채권·금리,일반,20260813
304760,KR7304760002,HANARO KRX300,엔에이치아문디자산운용,0.05,18636000000,46590,46906.91,2018-08-14,주식,국내,실물(패시브),비과세,KRX 300,한국,광범위지수,일반,20260813
322410,KR7322410002,HANARO K고배당,엔에이치아문디자산운용,0.07,38836500000,22845,22928.42,2019-04-23,주식,국내,실물(패시브),비과세,FnGuide 고배당 알파 지수,한국,배당주,일반,20260813
0155N0,KR70155N0000,HANARO K휴머노이드테마TOP10,엔에이치아문디자산운용,0.45,33615000000,8300,8297.69,2026-02-26,주식,국내,실물(패시브),비과세,iSelect K휴머노이드테마TOP10 지수,한국,기타,일반,20260813
332940,KR7332940006,HANARO MSCI Korea TR,엔에이치아문디자산운용,0.12,114276000000,47615,47923.52,2019-08-28,주식,국내,실물(패시브),배당소득세(보유기간과세),MSCI Korea TR Index,한국,광범위지수,일반,20260813
322400,KR7322400003,HANARO e커머스,엔에이치아문디자산운용,0.45,35610500000,10630,10679.77,2019-04-23,주식,국내,실물(패시브),비과세,FnGuide E커머스 지수,한국,기타,일반,20260813
473640,KR7473640001,HANARO 글로벌금채굴기업,엔에이치아문디자산운용,0.15,65266500000,33470,33685.6,2024-01-18,주식,해외,실물(패시브),배당소득세(보유기간과세),NYSE Arca Gold Miners Index (Price Return),미국,원자재·금,일반,20260813
354350,KR7354350001,HANARO 글로벌럭셔리S&P(합성),엔에이치아문디자산운용,0.5,10673000000,20525,20613.26,2020-05-12,주식,해외,합성(패시브),배당소득세(보유기간과세),S&P Global Luxury Index,글로벌,기타,일반,20260813
461340,KR7461340002,HANARO 글로벌생성형AI액티브,엔에이치아문디자산운용,0.6,48169000000,43790,43574.68,2023-07-11,주식,해외,실물(액티브),배당소득세(보유기간과세),Solactive United States Technology 100 Index(Price Return),미국,AI·테크,일반,20260813
401590,KR7401590005,HANARO 글로벌탄소배출권선물ICE(합성),엔에이치아문디자산운용,0.5,5798700000,11370,11434.04,2021-09-30,기타,해외,합성(패시브),배당소득세(보유기간과세),ICE Global Carbon Futures Index(Excess Return),글로벌,기타,일반,20260813
0040S0,KR70040S0004,HANARO 글로벌피지컬AI액티브,엔에이치아문디자산운용,0.6,65182000000,25070,24998.66,2025-04-22,주식,해외,실물(액티브),배당소득세(보유기간과세),Solactive Physical AI Index,기타,AI·테크,일반,20260813
314700,KR7314700006,HANARO 농업융복합산업,엔에이치아문디자산운용,0.5,5934500000,10790,10858.97,2018-12-21,주식,국내,실물(패시브),비과세,FnGuide 농업융복합산업 지수(시장가격),한국,소비재,일반,20260813
486830,KR7486830003,HANARO 머니마켓액티브,엔에이치아문디자산운용,0.04,146845800000,53205,53198.97,2024-07-16,채권,국내,실물(액티브),배당소득세(보유기간과세),KIS-NH Amundi MMF지수,한국,채권·금리,일반,20260813
0215T0,KR70215T0002,HANARO 미국AI광통신TOP10,엔에이치아문디자산운용,0.45,9004500000,10005,10029.97,2026-07-14,주식,해외,실물(패시브),배당소득세(보유기간과세),Indxx US AI Optical Communication TOP10 Index(PR),미국,AI·테크,일반,20260813
0181B0,KR70181B0002,HANARO 미국AI메모리반도체TOP4+,엔에이치아문디자산운용,0.45,126500000000,10120,10050.54,2026-05-12,주식,해외,실물(패시브),배당소득세(보유기간과세),Solactive US AI Memory Semiconductor Top4+ Index,미국,반도체,일반,20260813
0219Z0,KR70219Z0000,HANARO 미국S&P500액티브,엔에이치아문디자산운용,0.5,8840000000,11050,11113.64,2026-08-04,주식,해외,실물(액티브),배당소득세(보유기간과세),S&P 500,미국,광범위지수,일반,20260813
432840,KR7432840007,HANARO 미국S&P500,엔에이치아문디자산운용,0.045,16372000000,20465,20480.53,2022-06-08,주식,해외,실물(패시브),배당소득세(보유기간과세),S&P 500,미국,광범위지수,일반,20260813
498050,KR7498050004,HANARO 바이오코리아액티브,엔에이치아문디자산운용,0.5,11590000000,11590,11664.1,2024-11-26,주식,국내,실물(액티브),배당소득세(보유기간과세),iSelect K-바이오헬스케어,한국,바이오·헬스케어,일반,20260813
476260,KR7476260005,HANARO 반도체핵심공정주도주,엔에이치아문디자산운용,0.45,47896500000,12945,12954.24,2024-02-27,주식,국내,실물(패시브),비과세,FnGuide 반도체 핵심공정 지수,한국,반도체,일반,20260813
434730,KR7434730008,HANARO 원자력iSelect,엔에이치아문디자산운용,0.45,696200000000,59000,59432.01,2022-06-28,주식,국내,실물(패시브),비과세,iSelect 원자력지수 (시장가격),한국,에너지·원자력,일반,20260813
0082F0,KR70082F0008,HANARO 유럽방산,엔에이치아문디자산운용,0.35,8172500000,11675,11724.24,2025-07-29,주식,해외,실물(패시브),배당소득세(보유기간과세),Stoxx 유럽 방산 지수,유럽,방산·우주,일반,20260813
491820,KR7491820007,HANARO 전력설비투자,엔에이치아문디자산운용,0.35,160002000000,44445,44602.07,2024-09-24,주식,국내,실물(패시브),비과세,iSelect 전력설비투자 지수,한국,에너지·원자력,일반,20260813
461500,KR7461500001,HANARO 종합채권(AA-이상)액티브,엔에이치아문디자산운용,0.02,96027390000,104605,104704.19,2023-10-26,채권,국내,실물(액티브),배당소득세(보유기간과세),KAP 종합채권 총수익지수(AA-이상),한국,채권·금리,일반,20260813
0191W0,KR70191W0005,HANARO 중기종합채권(A-이상)액티브,엔에이치아문디자산운용,0.05,121092000000,100910,100875.49,2026-05-19,채권,국내,실물(액티브),배당소득세(보유기간과세),KIS 중기종합채권시장 A-이상 총수익지수,한국,채권·금리,일반,20260813
0111J0,KR70111J0009,HANARO 증권고배당TOP3플러스,엔에이치아문디자산운용,0.07,60879000000,13380,13377.11,2025-10-28,주식,국내,실물(패시브),비과세,FnGuide 증권 고배당 TOP3 플러스 지수,한국,금융,일반,20260813
495750,KR7495750002,HANARO 코리아밸류업,엔에이치아문디자산운용,0.026,77971250000,31825,32101.97,2024-11-04,주식,국내,실물(패시브),비과세,코리아 밸류업 지수,한국,배당주,일반,20260813
306530,KR7306530007,HANARO 코스닥150선물레버리지,엔에이치아문디자산운용,0.45,3458400000,7860,7916.27,2018-09-18,주식,국내,실물(패시브),배당소득세(보유기간과세),F-코스닥150 지수,한국,광범위지수,일반,20260813
304770,KR7304770001,HANARO 코스닥150,엔에이치아문디자산운용,0.2,21600700000,14795,14844.4,2018-08-14,주식,국내,실물(패시브),비과세,코스닥 150,한국,광범위지수,일반,20260813
375760,KR7375760006,HANARO 탄소효율그린뉴딜,엔에이치아문디자산운용,0.2,21753000000,24170,24347.77,2021-02-05,주식,국내,실물(패시브),비과세,KRX/S&P 탄소효율 그린뉴딜지수,한국,기타,일반,20260813
0007N0,KR70007N0000,아이엠에셋 200,아이엠에셋자산운용,0.05,97101000000,107890,108156.21,2025-02-11,주식,국내,실물(패시브),비과세,코스피 200,한국,광범위지수,일반,20260813
491510,KR7491510004,파워 K-주주가치액티브,교보악사자산운용,0.405,14985500000,17630,17790.99,2024-09-24,주식,국내,실물(액티브),배당소득세(보유기간과세),FnGuide K-주주가치 지수,한국,배당주,일반,20260813
140950,KR7140950007,파워 코스피100,교보악사자산운용,0.155,47090400000,84090,84482.48,2011-05-03,주식,국내,실물(패시브),비과세,코스피 100,한국,광범위지수,일반,20260813
152870,KR7152870002,파워 200,교보악사자산운용,0.145,151536000000,108240,108657.03,2012-02-13,주식,국내,실물(패시브),비과세,코스피 200,한국,광범위지수,일반,20260813
192720,KR7192720001,파워 고배당저변동성,교보악사자산운용,0.23,29651400000,58140,58290.09,2014-02-20,주식,국내,실물(패시브),비과세,코스피 200 고배당지수,한국,배당주,일반,20260813
498180,KR7498180009,파워 종합채권(AA-이상)액티브,교보악사자산운용,0.036,112629055000,93005,93068.35,2024-11-26,채권,국내,실물(액티브),배당소득세(보유기간과세),"KIS 한국종합채권지수(AA-이상, 총수익)",한국,채권·금리,일반,20260813
486240,KR7486240005,DAISHIN343 AI반도체&인프라액티브,대신자산운용,0.36,93584000000,29245,29476.66,2024-06-18,주식,국내,실물(액티브),배당소득세(보유기간과세),FnGuide AI반도체&인프라 지수,한국,반도체,일반,20260813
434960,KR7434960001,DAISHIN343 K200,대신자산운용,0.1,75663000000,108090,108390.62,2022-06-28,주식,국내,실물(패시브),비과세,코스피 200,한국,광범위지수,일반,20260813
0189Z0,KR70189Z0006,DAISHIN343 금융&지주고배당,대신자산운용,0.24,10135000000,10135,10200.87,2026-06-09,주식,국내,실물(패시브),비과세,KRX-Akros 금융 & 지주 고배당 지수,한국,금융,일반,20260813
0174J0,KR70174J0003,DAISHIN343 오피스리츠플러스,대신자산운용,0.19,5304000000,8840,8916.82,2026-03-31,부동산,국내,실물(패시브),비과세(분리과세부동산ETF),KRX 프라임 오피스 리츠 지수,한국,리츠·부동산,일반,20260813
0053M0,KR70053M0004,더제이 중소형포커스액티브,더제이자산운용,0.685,6007500000,13350,13426.46,2025-07-22,주식,국내,실물(액티브),배당소득세(보유기간과세),코스피 200 중소형주지수,한국,광범위지수,일반,20260813
0220B0,KR70220B0005,DS 코스닥액티브,디에스자산운용,1.0,46710000000,10380,10383.04,2026-07-14,주식,국내,실물(액티브),배당소득세(보유기간과세),코스닥,한국,광범위지수,일반,20260813
0214M0,KR70214M0000,MIDAS 바이오헬스케어액티브,마이다스에셋,0.62,10051250000,11825,11868.96,2026-07-28,주식,국내,실물(액티브),배당소득세(보유기간과세),KRX 헬스케어,한국,바이오·헬스케어,일반,20260813
488290,KR7488290008,MIDAS 일본테크액티브,마이다스에셋,0.65,16849000000,48140,47007.03,2024-08-06,주식,해외,실물(액티브),배당소득세(보유기간과세),Solactive Japan Tech Top 30 지수(PR),일본,AI·테크,일반,20260813
438740,KR7438740003,MIDAS 중소형액티브,마이다스에셋,0.62,7675875000,34115,34321.05,2022-08-17,주식,국내,실물(액티브),배당소득세(보유기간과세),코스피 중형주,한국,광범위지수,일반,20260813
0191B0,KR70191B0000,MIDAS 코스닥액티브,마이다스에셋,0.62,6018000000,30090,30226.3,2026-05-19,주식,국내,실물(액티브),배당소득세(보유기간과세),코스닥,한국,광범위지수,일반,20260813
403790,KR7403790009,MIDAS 코스피액티브,마이다스에셋,0.29,167821875000,57375,57269.39,2021-10-13,주식,국내,실물(액티브),배당소득세(보유기간과세),코스피,한국,광범위지수,일반,20260813
0139F0,KR70139F0001,TIGER 12월자동연장금융채(AA-이상)액티브,미래에셋자산운용,0.1,1079061780000,102010,101949.77,2025-12-09,채권,국내,실물(액티브),배당소득세(보유기간과세),KIS 12월 만기 자동연장금융채(AA-이상) 총수익지수,한국,금융,일반,20260813
310960,KR7310960000,TIGER 200TR,미래에셋자산운용,0.09,350392000000,62570,62900.92,2018-11-20,주식,국내,실물(패시브),배당소득세(보유기간과세),코스피 200 TR,한국,광범위지수,일반,20260813
227550,KR7227550001,TIGER 200 산업재,미래에셋자산운용,0.4,4301000000,12650,12694.19,2015-09-23,주식,국내,실물(패시브),비과세,코스피 200 산업재,한국,광범위지수,일반,20260813
227560,KR7227560000,TIGER 200 생활소비재,미래에셋자산운용,0.4,3079200000,12830,12893.62,2015-09-23,주식,국내,실물(패시브),비과세,코스피 200 생활소비재,한국,소비재,일반,20260813
102110,KR7102110004,TIGER 200,미래에셋자산운용,0.05,10339009500000,107530,107908.92,2008-04-03,주식,국내,실물(패시브),비과세,코스피 200,한국,광범위지수,일반,20260813
243880,KR7243880002,TIGER 200IT레버리지,미래에셋자산운용,0.63,491550000000,339000,339906.37,2016-05-13,주식,국내,실물(패시브),배당소득세(보유기간과세),코스피 200 정보기술,한국,광범위지수,일반,20260813
252000,KR7252000005,TIGER 200동일가중,미래에셋자산운용,0.21,9820000000,19640,19682.01,2016-09-20,주식,국내,실물(패시브),비과세,코스피 200 동일가중지수,한국,광범위지수,일반,20260813
267770,KR7267770006,TIGER 200선물레버리지,미래에셋자산운용,0.022,206750000000,82700,83188.66,2017-04-25,주식,국내,실물(패시브),배당소득세(보유기간과세),코스피 200 선물지수,한국,광범위지수,일반,20260813
252710,KR7252710009,TIGER 200선물인버스2X,미래에셋자산운용,0.022,24534400000,88,86.92,2016-09-22,주식,국내,실물(패시브),배당소득세(보유기간과세),코스피 200 선물지수,한국,광범위지수,일반,20260813
243890,KR7243890001,TIGER 200에너지화학레버리지,미래에셋자산운용,0.69,4467750000,8510,8398.41,2016-05-13,주식,국내,실물(패시브),배당소득세(보유기간과세),코스피 200 에너지/화학,한국,에너지·원자력,일반,20260813
315270,KR7315270009,TIGER 200커뮤니케이션서비스,미래에셋자산운용,0.4,6596800000,20615,20572.97,2019-01-15,주식,국내,실물(패시브),비과세,코스피 200 커뮤니케이션서비스,한국,광범위지수,일반,20260813
166400,KR7166400002,TIGER 200커버드콜OTM,미래에셋자산운용,0.38,11592500000,23185,23321.19,2012-10-25,주식,국내,실물(패시브),배당소득세(보유기간과세),코스피 200 커버드콜 5% OTM,한국,광범위지수,커버드콜,20260813
0104N0,KR70104N0002,TIGER 200타겟위클리커버드콜,미래에셋자산운용,0.25,218400000000,20800,20773.61,2025-09-23,주식,국내,실물(패시브),배당소득세(보유기간과세),코스피 200 타겟 7% 위클리 커버드콜 지수,한국,광범위지수,커버드콜,20260813
227540,KR7227540002,TIGER 200 헬스케어,미래에셋자산운용,0.4,34539000000,19850,19915.4,2015-09-23,주식,국내,실물(패시브),비과세,코스피 200 헬스케어,한국,바이오·헬스케어,일반,20260813
480260,KR7480260009,TIGER 27-04회사채(A+이상)액티브,미래에셋자산운용,0.1,440376300000,53770,53735.37,2024-04-23,채권,국내,실물(액티브),배당소득세(보유기간과세),KIS 회사채2704만기형 지수 (총수익 지수),한국,채권·금리,일반,20260813
0094K0,KR70094K0007,TIGER 28-04 회사채(A+이상)액티브,미래에셋자산운용,0.1,275963890000,99590,99576.49,2025-08-26,채권,국내,실물(액티브),배당소득세(보유기간과세),KIS 회사채 2804만기형 지수(총수익),한국,채권·금리,일반,20260813
364980,KR7364980003,TIGER 2차전지TOP10,미래에셋자산운용,0.4,665967500000,9925,9963.05,2020-10-07,주식,국내,실물(패시브),비과세,KRX 2차전지 TOP 10 지수,한국,2차전지,일반,20260813
412570,KR7412570004,TIGER 2차전지TOP10레버리지,미래에셋자산운용,0.29,168268000000,1180,1181.66,2021-12-15,주식,국내,실물(패시브),배당소득세(보유기간과세),KRX 2차전지 TOP 10 지수,한국,2차전지,일반,20260813
462010,KR7462010000,TIGER 2차전지소재Fn,미래에셋자산운용,0.39,527609250000,4865,4868.36,2023-07-13,주식,국내,실물(패시브),비과세,FnGuide 2차전지소재 (Price Return) 지수,한국,2차전지,일반,20260813
305540,KR7305540007,TIGER 2차전지테마,미래에셋자산운용,0.44,892638000000,18180,18259.81,2018-09-12,주식,국내,실물(패시브),비과세,WISE 2차전지 테마 지수,한국,2차전지,일반,20260813
471760,KR7471760009,TIGER AI반도체핵심공정,미래에셋자산운용,0.45,129007750000,14255,14346.37,2023-11-21,주식,국내,실물(패시브),비과세,iSelect AI반도체핵심공정지수,한국,반도체,일반,20260813
365040,KR7365040005,TIGER AI코리아그로스액티브,미래에셋자산운용,0.4,75600000000,36000,36017.74,2020-09-29,주식,국내,실물(액티브),배당소득세(보유기간과세),코스피,한국,광범위지수,일반,20260813
364960,KR7364960005,TIGER BBIG,미래에셋자산운용,0.4,81977500000,6775,6793.42,2020-10-07,주식,국내,실물(패시브),비과세,KRX BBIG 지수,한국,기타,일반,20260813
412560,KR7412560005,TIGER BBIG레버리지,미래에셋자산운용,0.59,1348900000,1927,1924.85,2021-12-15,주식,국내,실물(패시브),배당소득세(보유기간과세),KRX BBIG 지수,한국,기타,일반,20260813
475630,KR7475630000,TIGER CD1년금리액티브(합성),미래에셋자산운용,0.009,1452938166000,1074420,1074111.97,2024-02-06,기타,국내,합성(액티브),배당소득세(보유기간과세),KIS CD 1Y 총수익지수,한국,기타,일반,20260813
357870,KR7357870005,TIGER CD금리투자KIS(합성),미래에셋자산운용,0.03,3552819180000,57905,57892.17,2020-07-07,기타,국내,합성(패시브),배당소득세(보유기간과세),KIS CD Index(총수익),한국,기타,일반,20260813
499660,KR7499660009,TIGER CD금리플러스액티브(합성),미래에셋자산운용,0.009,479320293000,1001505,1001193.04,2024-12-17,기타,국내,합성(액티브),배당소득세(보유기간과세),KIS CD+CPI연동금리 월분배 지수,한국,채권·금리,일반,20260813
400970,KR7400970000,TIGER Fn메타버스,미래에셋자산운용,0.45,39346500000,7715,7753.04,2021-10-13,주식,국내,실물(패시브),비과세,FnGuide 메타버스테마 지수,한국,AI·테크,일반,20260813
377990,KR7377990007,TIGER Fn신재생에너지,미래에셋자산운용,0.5,125680500000,25390,25419.92,2021-03-05,주식,국내,실물(패시브),비과세,FnGuide 신재생에너지 지수,한국,에너지·원자력,일반,20260813
417630,KR7417630001,TIGER KEDI혁신기업ESG30,미래에셋자산운용,0.5,20679750000,19695,19770.24,2022-02-08,주식,국내,실물(패시브),비과세,KEDI 혁신기업ESG30 지수(시장가격 지수),한국,광범위지수,일반,20260813
292160,KR7292160009,TIGER KRX300,미래에셋자산운용,0.07,23925000000,47850,47832.22,2018-03-26,주식,국내,실물(패시브),비과세,KRX 300,한국,광범위지수,일반,20260813
0072R0,KR70072R0006,TIGER KRX금현물,미래에셋자산운용,0.15,1233691500000,13330,13378.34,2025-06-24,원자재,국내,실물(패시브),배당소득세(보유기간과세),KRX 금현물지수,한국,기타,일반,20260813
404540,KR7404540007,TIGER KRX기후변화솔루션,미래에셋자산운용,0.09,9548000000,23870,23991.09,2021-10-29,주식,국내,실물(패시브),비과세,KRX 기후변화 솔루션지수,한국,기타,일반,20260813
300610,KR7300610003,TIGER K게임,미래에셋자산운용,0.5,13404000000,5585,5618.97,2018-07-24,주식,국내,실물(패시브),비과세,WISE K게임 테마 지수,한국,게임·엔터,일반,20260813
138530,KR7138530001,TIGER LG그룹플러스,미래에셋자산운용,0.15,84067200000,12510,12535.53,2011-03-10,주식,국내,실물(패시브),비과세,MKF LG그룹+ FW,한국,기타,일반,20260813
445910,KR7445910003,TIGER MKF배당귀족,미래에셋자산운용,0.2,19703000000,20740,20843.44,2022-10-18,주식,국내,실물(패시브),비과세,MKF 배당귀족 지수(시장가격지수),한국,배당주,일반,20260813
289260,KR7289260002,TIGER MSCI KOREA ESG리더스,미래에셋자산운용,0.4,17025000000,28375,28565.4,2018-02-07,주식,국내,실물(패시브),비과세,MSCI Korea Country ESG Leaders Capped Index,한국,광범위지수,일반,20260813
289250,KR7289250003,TIGER MSCI KOREA ESG유니버설,미래에셋자산운용,0.4,23642850000,34265,34495.93,2018-02-07,주식,국내,실물(패시브),비과세,MSCI Korea ESG Universal Index,한국,광범위지수,일반,20260813
310970,KR7310970009,TIGER MSCI Korea TR,미래에셋자산운용,0.12,4348611500000,47945,48093.73,2018-11-20,주식,국내,실물(패시브),배당소득세(보유기간과세),MSCI Korea TR Index,한국,광범위지수,일반,20260813
0000D0,KR70000D0009,TIGER 엔비디아미국채커버드콜밸런스(합성),미래에셋자산운용,0.39,64218750000,9375,9409.75,2024-12-17,혼합자산,해외,합성(패시브),배당소득세(보유기간과세),KEDI 엔비디아미국채30년타겟커버드콜혼합지수(TR),미국,개별종목,커버드콜,20260813
143850,KR7143850006,TIGER 미국S&P500선물(H),미래에셋자산운용,0.23,91979000000,78280,78150.37,2011-07-18,주식,해외,실물(패시브),배당소득세(보유기간과세),S&P 500 Futures Index(ER),미국,광범위지수,일반,20260813
269370,KR7269370003,TIGER S&P글로벌인프라(합성),미래에셋자산운용,0.4,12271000000,17530,17794.37,2017-05-16,주식,해외,합성(패시브),배당소득세(보유기간과세),S&P Global Infrastructure Index,글로벌,기타,일반,20260813
0195S0,KR70195S0007,TIGER SK하이닉스단일종목레버리지,미래에셋자산운용,0.09,1389541250000,7790,7855.47,2026-05-27,주식,국내,실물(패시브),배당소득세(보유기간과세),KRX SK하이닉스 지수,한국,개별종목,일반,20260813
453950,KR7453950008,TIGER TSMC파운드리밸류체인,미래에셋자산운용,0.49,69137250000,35455,35245.23,2023-04-04,주식,해외,실물(패시브),배당소득세(보유기간과세),FactSet TSMC 파운드리 밸류체인 지수(시장가격지수),대만,개별종목,일반,20260813
364990,KR7364990002,TIGER 게임TOP10,미래에셋자산운용,0.4,22365000000,4970,4995.32,2020-10-07,주식,국내,실물(패시브),비과세,KRX 게임 TOP 10 지수,한국,게임·엔터,일반,20260813
139280,KR7139280002,TIGER 경기방어,미래에셋자산운용,0.4,42164400000,12855,12910.05,2011-04-06,주식,국내,실물(패시브),비과세,코스피 200 경기방어소비재,한국,소비재,일반,20260813
237440,KR7237440003,TIGER 경기방어채권혼합,미래에셋자산운용,0.18,10380000000,10380,10341.81,2016-01-27,혼합자산,국내,실물(패시브),배당소득세(보유기간과세),경기방어소비재 채권혼합 지수,한국,소비재,혼합,20260813
319640,KR7319640009,TIGER 골드선물(H),미래에셋자산운용,0.39,113542000000,25805,26025.55,2019-04-09,원자재,해외,실물(패시브),배당소득세(보유기간과세),S&P GSCI Gold Index(TR),글로벌,원자재·금,일반,20260813
0190Y0,KR70190Y0004,TIGER 구글밸류체인,미래에셋자산운용,0.45,72579000000,9305,9288.9,2026-05-12,주식,해외,실물(패시브),배당소득세(보유기간과세),Akros Google Value Chain 지수 (Price Return),미국,기타,일반,20260813
160580,KR7160580007,TIGER 구리실물,미래에셋자산운용,0.83,167841000000,16455,16874.08,2012-12-17,원자재,해외,실물(패시브),배당소득세(보유기간과세),S&P GSCI Cash Copper Index,글로벌,원자재·금,일반,20260813
114820,KR7114820004,TIGER 국채3년,미래에셋자산운용,0.15,125116600000,105140,105138.22,2009-08-27,채권,국내,실물(패시브),배당소득세(보유기간과세),KTB INDEX(시장가격),한국,채권·금리,일반,20260813
464310,KR7464310002,TIGER 글로벌AI&로보틱스 INDXX,미래에셋자산운용,0.49,123753000000,14910,15003.33,2023-08-17,주식,해외,실물(패시브),배당소득세(보유기간과세),Indxx Global Robotics & Artificial Intelligence Thematic Index(PR),글로벌,AI·테크,일반,20260813
418670,KR7418670006,TIGER 글로벌AI사이버보안,미래에셋자산운용,0.49,49912000000,18350,18345.05,2022-02-22,주식,해외,실물(패시브),배당소득세(보유기간과세),Indxx Cybersecurity 지수 (PR),기타,기타,일반,20260813
466950,KR7466950003,TIGER 글로벌AI액티브,미래에셋자산운용,0.79,596117600000,32240,31918.37,2023-10-11,주식,해외,실물(액티브),배당소득세(보유기간과세),Indxx Artificial Intelligence and Big Data 지수(PR),기타,AI·테크,일반,20260813
440340,KR7440340008,TIGER 글로벌멀티에셋TIF액티브,미래에셋자산운용,0.55,27357000000,12435,12413.73,2022-08-30,혼합자산,해외,실물(액티브),배당소득세(보유기간과세),INDXX 멀티에셋인컴 지수(시장가격 지수),기타,배당주,일반,20260813
476690,KR7476690003,TIGER 글로벌비만치료제TOP2Plus,미래에셋자산운용,0.45,34303500000,10890,10935.92,2024-02-29,주식,해외,실물(패시브),배당소득세(보유기간과세),Indxx Global Obesity Treatment Top 2 Plus 지수 (시장가격),글로벌,바이오·헬스케어,일반,20260813
480310,KR7480310002,TIGER 글로벌온디바이스AI,미래에셋자산운용,0.49,54337500000,20125,19906.74,2024-04-16,주식,해외,실물(패시브),배당소득세(보유기간과세),Mirae Asset Global On-Device AI 지수 (PR),글로벌,AI·테크,일반,20260813
387270,KR7387270002,TIGER 글로벌이노베이션액티브,미래에셋자산운용,0.55,31060700000,25670,25676.83,2021-05-25,주식,해외,실물(액티브),배당소득세(보유기간과세),NASDAQ 100,미국,광범위지수,일반,20260813
371450,KR7371450008,TIGER 글로벌클라우드컴퓨팅INDXX,미래에셋자산운용,0.49,21957000000,14075,14062.47,2020-12-08,주식,해외,실물(패시브),배당소득세(보유기간과세),Indxx Global Cloud Computing Index(PR),글로벌,AI·테크,일반,20260813
248270,KR7248270001,TIGER S&P글로벌헬스케어(합성),미래에셋자산운용,0.4,30557700000,26805,27011.04,2016-07-01,주식,해외,합성(패시브),배당소득세(보유기간과세),S&P Global 1200 Health Care Index,글로벌,바이오·헬스케어,일반,20260813
464930,KR7464930007,TIGER 글로벌혁신블루칩TOP10,미래에셋자산운용,0.48,121545000000,21900,21925.91,2023-08-29,주식,해외,실물(패시브),배당소득세(보유기간과세),Mirae Asset Global Innovative Bluechip Top 10 Index(PR),글로벌,기타,일반,20260813
139320,KR7139320006,TIGER 금은선물(H),미래에셋자산운용,0.69,40304000000,18320,18445.58,2011-04-08,원자재,해외,실물(패시브),배당소득세(보유기간과세),S&P GSCI Precious Metals Index(TR),글로벌,원자재·금,일반,20260813
0168K0,KR70168K0008,TIGER 기술이전바이오액티브,미래에셋자산운용,0.5,142721100000,6855,6878.41,2026-03-17,주식,국내,실물(액티브),배당소득세(보유기간과세),KRX 기술이전 바이오 지수,한국,바이오·헬스케어,일반,20260813
137610,KR7137610002,TIGER 농산물선물Enhanced(H),미래에셋자산운용,0.69,12408500000,5395,5430.28,2011-01-11,원자재,해외,실물(패시브),배당소득세(보유기간과세),S&P GSCI Agriculture Enhanced Index(ER),글로벌,소비재,일반,20260813
272580,KR7272580002,TIGER 단기채권액티브,미래에셋자산운용,0.06,731858850000,57025,57005.8,2017-06-29,채권,국내,실물(액티브),배당소득세(보유기간과세),KIS MSB 6M PLUS 지수,한국,기타,일반,20260813
157450,KR7157450008,TIGER 단기통안채,미래에셋자산운용,0.07,1294571140000,112415,112384.56,2012-05-16,채권,국내,실물(패시브),배당소득세(보유기간과세),KIS MSB 6M(총수익),한국,기타,일반,20260813
105010,KR7105010003,TIGER 라틴35,미래에셋자산운용,0.49,8694000000,6210,6231.51,2008-08-27,주식,해외,실물(패시브),배당소득세(해외주식투자전용ETF),BNY Latin America 35 ADR,기타,기타,일반,20260813
123320,KR7123320004,TIGER 레버리지,미래에셋자산운용,0.022,272212500000,108885,109449.71,2010-04-09,주식,국내,실물(패시브),배당소득세(보유기간과세),코스피 200,한국,광범위지수,일반,20260813
0086B0,KR70086B0008,TIGER 리츠부동산인프라TOP10액티브,미래에셋자산운용,0.06,46746000000,9540,9551.59,2025-07-29,부동산,국내,실물(액티브),배당소득세(분리과세부동산ETF),KEDI 리츠부동산인프라TOP10지수 (Price Return),한국,리츠·부동산,일반,20260813
341850,KR7341850006,TIGER 리츠부동산인프라채권,미래에셋자산운용,0.22,9200000000,4600,4606.24,2020-05-22,혼합자산,국내,실물(패시브),배당소득세(분리과세부동산ETF),KIS 리츠부동산인프라채권PR 지수,한국,리츠·부동산,일반,20260813
329200,KR7329200000,TIGER 리츠부동산인프라,미래에셋자산운용,0.08,1527106250000,4075,4089.25,2019-07-19,부동산,국내,실물(패시브),비과세,FnGuide 리츠부동산인프라,한국,리츠·부동산,일반,20260813
0086C0,KR70086C0007,TIGER 리츠부동산인프라10채권혼합액티브,미래에셋자산운용,0.15,17220000000,9840,9833.68,2025-07-29,혼합자산,국내,실물(액티브),배당소득세(보유기간과세),KEDI 리츠부동산인프라TOP10채권혼합지수 (Price Return),한국,리츠·부동산,혼합,20260813
0043B0,KR70043B0000,TIGER 머니마켓액티브,미래에셋자산운용,0.04,2938343850000,103350,103322.05,2025-04-22,채권,국내,실물(액티브),배당소득세(보유기간과세),KIS-미래에셋 MMF지수,한국,채권·금리,일반,20260813
147970,KR7147970008,TIGER 모멘텀,미래에셋자산운용,0.23,39504000000,82300,82397.46,2011-10-26,주식,국내,실물(패시브),비과세,FnGuide 모멘텀 지수,한국,기타,일반,20260813
458250,KR7458250008,TIGER 미국30년국채스트립액티브(합성 H),미래에셋자산운용,0.15,384677700000,34285,34260.1,2023-05-31,채권,해외,합성(액티브),배당소득세(보유기간과세),ICE BofA Long US Treasury Principal STRIPS Index,미국,채권·금리,일반,20260813
0142D0,KR70142D0008,TIGER 미국AI데이터센터TOP4Plus,미래에셋자산운용,0.49,105420500000,11845,11881.67,2025-12-09,주식,해외,실물(패시브),배당소득세(보유기간과세),Akros U.S. AI Data Center TOP4 Plus 지수(PR),미국,AI·테크,일반,20260813
491830,KR7491830006,TIGER 미국AI반도체팹리스,미래에셋자산운용,0.49,38760000000,22800,22753.69,2024-09-24,주식,해외,실물(패시브),배당소득세(보유기간과세),Mirae Asset US AI Fabless 지수(PR),미국,AI·테크,일반,20260813
490090,KR7490090008,TIGER 미국AI빅테크10,미래에셋자산운용,0.3,216018000000,16365,16354.51,2024-08-27,주식,해외,실물(패시브),배당소득세(보유기간과세),KEDI 미국AI빅테크10 지수(PR),미국,AI·테크,일반,20260813
493810,KR7493810006,TIGER 미국AI빅테크10타겟데일리커버드콜,미래에셋자산운용,0.25,249900000000,11760,11750.96,2024-10-15,주식,해외,실물(패시브),배당소득세(보유기간과세),KEDI 미국AI빅테크10+15%데일리프리미엄 지수(TR),미국,AI·테크,일반,20260813
0102A0,KR70102A0009,TIGER 미국AI소프트웨어TOP4Plus,미래에셋자산운용,0.49,72163000000,8540,8553.31,2025-09-09,주식,해외,실물(패시브),배당소득세(보유기간과세),Akros U.S. AI Software TOP4 Plus 지수 (Price Return),미국,AI·테크,일반,20260813
0123G0,KR70123G0008,TIGER 미국AI전력SMR,미래에셋자산운용,0.49,135808750000,7055,6989.44,2025-11-04,주식,해외,실물(패시브),배당소득세(보유기간과세),Akros U.S. AI Electricity SMR Index 지수(PR),미국,AI·테크,일반,20260813
488500,KR7488500000,TIGER 미국S&P500동일가중,미래에셋자산운용,0.2,118890000000,13210,13207.48,2024-07-23,주식,해외,실물(패시브),배당소득세(보유기간과세),S&P 500 Equal Weight Index(PR),미국,광범위지수,일반,20260813
429000,KR7429000003,TIGER 미국S&P500배당귀족,미래에셋자산운용,0.25,192293750000,13985,13983.56,2022-05-17,주식,해외,실물(패시브),배당소득세(보유기간과세),S&P 500 Dividend Aristocrats 지수 (Price Return),미국,배당주,일반,20260813
360750,KR7360750004,TIGER 미국S&P500,미래에셋자산운용,0.006,20773720000000,27280,27253.15,2020-08-07,주식,해외,실물(패시브),배당소득세(보유기간과세),S&P 500,미국,광범위지수,일반,20260813
448290,KR7448290007,TIGER 미국S&P500(H),미래에셋자산운용,0.07,460802250000,17965,17940.6,2022-11-25,주식,해외,실물(패시브),배당소득세(보유기간과세),S&P 500,미국,광범위지수,일반,20260813
418660,KR7418660007,TIGER 미국나스닥100레버리지(합성),미래에셋자산운용,0.25,658800000000,43200,43056.23,2022-02-22,주식,해외,합성(패시브),배당소득세(보유기간과세),NASDAQ 100,미국,광범위지수,일반,20260813
133690,KR7133690008,TIGER 미국나스닥100,미래에셋자산운용,0.7,11653830500000,187150,186830.22,2010-10-18,주식,해외,실물(패시브),배당소득세(해외주식투자전용ETF),NASDAQ 100,미국,광범위지수,일반,20260813
448300,KR7448300004,TIGER 미국나스닥100(H),미래에셋자산운용,0.006,354271500000,23155,23126.42,2022-11-25,주식,해외,실물(패시브),배당소득세(보유기간과세),NASDAQ 100,미국,광범위지수,일반,20260813
435420,KR7435420005,TIGER 미국나스닥100채권혼합50,미래에셋자산운용,0.25,495126000000,14310,14295.44,2022-07-06,혼합자산,국내&해외,실물(패시브),배당소득세(보유기간과세),FnGuide 나스닥100채권혼합50 지수(총수익 지수),미국,채권·금리,혼합,20260813
441680,KR7441680006,TIGER 미국나스닥100커버드콜(합성),미래에셋자산운용,0.37,298656000000,10980,11036.97,2022-09-22,주식,해외,합성(패시브),배당소득세(보유기간과세),Cboe Nasdaq-100 BuyWrite V2 지수 (Total Return),미국,기타,일반,20260813
429010,KR7429010002,TIGER 미국나스닥넥스트100,미래에셋자산운용,0.49,10372500000,20745,20771.8,2022-05-17,주식,해외,실물(패시브),배당소득세(보유기간과세),Nasdaq Next Generation 100 지수 (Price Return),미국,기타,일반,20260813
245340,KR7245340005,TIGER 미국다우존스30,미래에셋자산운용,0.35,148540000000,37135,37143.53,2016-07-01,주식,해외,실물(패시브),배당소득세(해외주식투자전용ETF),Dow Jones Industrial Average,미국,기타,일반,20260813
456610,KR7456610005,TIGER 미국달러SOFR금리액티브(합성),미래에셋자산운용,0.05,698308750000,61525,61501.97,2023-05-09,기타,해외,합성(액티브),배당소득세(보유기간과세),Solactive SOFR Daily Total Return Index,미국,채권·금리,일반,20260813
329750,KR7329750004,TIGER 미국달러단기채권액티브,미래에셋자산운용,0.3,633552000000,13400,13405.26,2019-07-24,채권,해외,실물(액티브),배당소득세(보유기간과세),KIS U.S. TREASURY BOND 0-1Y 지수(총수익),미국,채권·금리,일반,20260813
261110,KR7261110001,TIGER 미국달러선물레버리지,미래에셋자산운용,0.05,8405000000,16810,16844.7,2016-12-27,통화,국내,실물(패시브),배당소득세(보유기간과세),미국달러선물지수,한국,기타,일반,20260813
261120,KR7261120000,TIGER 미국달러선물인버스2X,미래에셋자산운용,0.05,42126000000,5015,5024.63,2016-12-27,통화,국내,실물(패시브),배당소득세(보유기간과세),미국달러선물지수,한국,기타,일반,20260813
494840,KR7494840002,TIGER 미국방산TOP10,미래에셋자산운용,0.45,48518000000,14270,14257.61,2024-10-29,주식,해외,실물(패시브),배당소득세(보유기간과세),Mirae Asset US Defense Top 10 Index(PR),미국,방산·우주,일반,20260813
458730,KR7458730009,TIGER 미국배당다우존스,미래에셋자산운용,0.01,4283762000000,15365,15397.45,2023-06-20,주식,해외,실물(패시브),배당소득세(보유기간과세),Dow Jones U.S. Dividend 100 Price Return Index,미국,배당주,일반,20260813
0008S0,KR70008S0004,TIGER 미국배당다우존스타겟데일리커버드콜,미래에셋자산운용,0.25,303598750000,10205,10215.61,2025-01-21,주식,해외,실물(패시브),배당소득세(보유기간과세),Dow Jones U.S. Dividend 100 10% Daily Premium Covered Call 지수,미국,배당주,커버드콜,20260813
0015K0,KR70015K0003,TIGER 미국소비트렌드액티브,미래에셋자산운용,0.79,4947000000,7275,7293.71,2025-02-18,주식,해외,실물(액티브),배당소득세(보유기간과세),Mirae Asset US Consumer Trend 지수 (PR),미국,소비재,일반,20260813
0183J0,KR70183J0002,TIGER 미국우주테크,미래에셋자산운용,0.49,1311131250000,8965,8951.28,2026-04-14,주식,해외,실물(패시브),배당소득세(보유기간과세),Akros U.S. Space Tech 지수(PR),미국,AI·테크,일반,20260813
305080,KR7305080004,TIGER 미국채10년선물,미래에셋자산운용,0.25,223728000000,12640,12648.39,2018-08-30,채권,해외,실물(패시브),배당소득세(보유기간과세),S&P 10-Year U.S. Treasury Note Futures(ER),미국,채권·금리,일반,20260813
0046A0,KR70046A0008,TIGER 미국초단기(3개월이하)국채,미래에셋자산운용,0.09,342739800000,9815,9817.77,2025-04-29,채권,해외,실물(패시브),배당소득세(보유기간과세),ICE 0-3 Month US Treasury Securities 지수,미국,채권·금리,일반,20260813
465670,KR7465670008,TIGER 미국캐시카우100,미래에셋자산운용,0.25,16245000000,17100,16984.59,2023-09-19,주식,해외,실물(패시브),배당소득세(보유기간과세),Global X U.S. Cash Flow Kings 100 Index(PR),미국,기타,일반,20260813
0223R0,KR70223R0004,TIGER 미국테크NYSE100액티브,미래에셋자산운용,0.79,28212100000,9830,9784.87,2026-07-21,주식,해외,실물(액티브),배당소득세(보유기간과세),NYSE 100 지수(Price Return),미국,기타,일반,20260813
381170,KR7381170000,TIGER 미국테크TOP10 INDXX,미래에셋자산운용,0.49,3897697500000,31650,31618.52,2021-04-09,주식,해외,실물(패시브),배당소득세(보유기간과세),Indxx US Tech Top 10 Index,미국,AI·테크,일반,20260813
472160,KR7472160001,TIGER 미국테크TOP10 INDXX(H),미래에셋자산운용,0.49,241194500000,18770,18747.91,2023-12-05,주식,해외,실물(패시브),배당소득세(보유기간과세),Indxx US Tech Top 10 Index,미국,AI·테크,일반,20260813
472170,KR7472170000,TIGER 미국테크TOP10채권혼합,미래에셋자산운용,0.25,339448500000,14085,14086.45,2023-12-05,혼합자산,국내&해외,실물(패시브),배당소득세(보유기간과세),FnGuide 미국테크TOP10 채권혼합지수,미국,AI·테크,혼합,20260813
458260,KR7458260007,TIGER 미국투자등급회사채액티브(H),미래에셋자산운용,0.14,226676000000,46450,46427.15,2023-05-31,채권,해외,실물(액티브),배당소득세(보유기간과세),iBoxx USD Liquid Investment Grade Index(Price Return),기타,기타,일반,20260813
497570,KR7497570002,TIGER 미국필라델피아AI반도체나스닥,미래에셋자산운용,0.49,1188625000000,23125,23026.81,2024-11-26,주식,해외,실물(패시브),배당소득세(보유기간과세),PHLX US AI Semiconductor 지수 (PR),미국,반도체,일반,20260813
381180,KR7381180009,TIGER 미국필라델피아반도체나스닥,미래에셋자산운용,0.49,6205345250000,46085,45847.58,2021-04-09,주식,해외,실물(패시브),배당소득세(보유기간과세),PHLX Semiconductor Sector Index,미국,반도체,일반,20260813
228810,KR7228810008,TIGER 미디어컨텐츠,미래에셋자산운용,0.44,75744000000,3200,3213.27,2015-10-07,주식,국내,실물(패시브),비과세,WISE 미디어컨텐츠 지수,한국,게임·엔터,일반,20260813
364970,KR7364970004,TIGER 바이오TOP10,미래에셋자산운용,0.4,297811500000,7910,7921.1,2020-10-07,주식,국내,실물(패시브),비과세,KRX 바이오 TOP 10 지수,한국,바이오·헬스케어,일반,20260813
091230,KR7091230003,TIGER 반도체,미래에셋자산운용,0.46,1347291900000,131315,131782.1,2006-06-27,주식,국내,실물(패시브),비과세,KRX 반도체,한국,반도체,일반,20260813
488080,KR7488080003,TIGER 반도체TOP10레버리지,미래에셋자산운용,0.49,524560000000,33200,33696.93,2024-07-23,주식,국내,실물(패시브),배당소득세(보유기간과세),FnGuide 반도체TOP10 지수,한국,반도체,일반,20260813
396500,KR7396500001,TIGER 반도체TOP10,미래에셋자산운용,0.45,9376500000000,35250,35502.21,2021-08-10,주식,국내,실물(패시브),비과세,FnGuide 반도체TOP10 지수,한국,반도체,일반,20260813
0177R0,KR70177R0000,TIGER 반도체TOP10커버드콜액티브,미래에셋자산운용,0.45,865020000000,11090,11181.89,2026-04-21,주식,국내,실물(액티브),배당소득세(보유기간과세),FnGuide 반도체 TOP10 Capped 지수(Price Return),한국,반도체,일반,20260813
138520,KR7138520002,TIGER 삼성그룹,미래에셋자산운용,0.113,147252600000,36630,36508.48,2011-03-07,주식,국내,실물(패시브),비과세,MKF SAMs FW,한국,기타,일반,20260813
0195R0,KR70195R0008,TIGER 삼성전자단일종목레버리지,미래에셋자산운용,0.09,1055420000000,11675,11754.65,2026-05-27,주식,국내,실물(패시브),배당소득세(보유기간과세),KRX 삼성전자 지수,한국,개별종목,일반,20260813
157490,KR7157490004,TIGER 소프트웨어,미래에셋자산운용,0.4,83435100000,8895,8933.99,2012-05-16,주식,국내,실물(패시브),비과세,FnGuide 소프트웨어 지수,한국,AI·테크,일반,20260813
228800,KR7228800009,TIGER 여행레저,미래에셋자산운용,0.5,66383100000,2570,2578.36,2015-10-07,주식,국내,실물(패시브),비과세,WISE 여행레저 지수,한국,기타,일반,20260813
227570,KR7227570009,TIGER 우량가치,미래에셋자산운용,0.35,7524000000,20900,20820.14,2015-09-23,주식,국내,실물(패시브),비과세,FnGuide 퀄리티밸류 지수,한국,광범위지수,일반,20260813
261140,KR7261140008,TIGER 우선주,미래에셋자산운용,0.29,33031000000,24650,24548.48,2017-01-06,주식,국내,실물(패시브),비과세,코스피 우선주 지수,한국,광범위지수,일반,20260813
130680,KR7130680002,TIGER 원유선물Enhanced(H),미래에셋자산운용,0.69,14577000000,6780,6804.04,2010-08-02,원자재,해외,실물(패시브),배당소득세(보유기간과세),S&P GSCI Crude Oil Enhanced Index ER,글로벌,에너지·원자력,일반,20260813
245350,KR7245350004,TIGER 유로스탁스배당30,미래에셋자산운용,0.35,31712000000,19820,19872.99,2016-07-01,주식,해외,실물(패시브),배당소득세(해외주식투자전용ETF),Euro STOXX Select Dividend 30,유럽,배당주,일반,20260813
0189B0,KR70189B0004,TIGER 은액티브,미래에셋자산운용,0.3,41481000000,8380,8390.77,2026-04-28,원자재,해외,실물(액티브),배당소득세(보유기간과세),ICE Silver Spot 지수 (시장가격),기타,원자재·금,일반,20260813
091220,KR7091220004,TIGER 은행,미래에셋자산운용,0.46,21560500000,16585,16692.88,2006-06-27,주식,국내,실물(패시브),비과세,KRX 은행,한국,금융,일반,20260813
466940,KR7466940004,TIGER 은행고배당플러스TOP10,미래에셋자산운용,0.3,783081000000,26190,26177.8,2023-10-17,주식,국내,실물(패시브),비과세,FnGuide 은행고배당플러스TOP10 지수(시장가격 지수),한국,금융,일반,20260813
307510,KR7307510008,TIGER 의료기기,미래에셋자산운용,0.5,6850000000,13700,13648.22,2018-11-08,주식,국내,실물(패시브),비과세,FnGuide 의료기기 지수,한국,바이오·헬스케어,일반,20260813
453870,KR7453870008,TIGER 인도니프티50,미래에셋자산운용,0.19,299472750000,11955,12058.97,2023-04-14,주식,해외,실물(패시브),배당소득세(보유기간과세),Nifty 50 Index,인도,광범위지수,일반,20260813
236350,KR7236350005,TIGER 인도니프티50레버리지(합성),미래에셋자산운용,0.58,18748800000,30240,30333.05,2016-05-13,주식,해외,합성(패시브),배당소득세(보유기간과세),Nifty 50 Index,인도,광범위지수,일반,20260813
479730,KR7479730004,TIGER 인도빌리언컨슈머,미래에셋자산운용,0.49,61743500000,10465,10517.39,2024-05-14,주식,해외,실물(패시브),배당소득세(보유기간과세),Mirae Asset India Billion Consumer 지수(PR),인도,소비재,일반,20260813
123310,KR7123310005,TIGER 인버스,미래에셋자산운용,0.022,50358000000,1155,1150.87,2010-03-29,주식,국내,실물(패시브),배당소득세(보유기간과세),코스피 200 선물지수,한국,광범위지수,일반,20260813
365000,KR7365000009,TIGER 인터넷TOP10,미래에셋자산운용,0.4,40530500000,3935,3933.31,2020-10-07,주식,국내,실물(패시브),비과세,KRX 인터넷 TOP 10 지수,한국,AI·테크,일반,20260813
241180,KR7241180009,TIGER 일본니케이225,미래에셋자산운용,0.29,402362100000,36645,36244.96,2016-03-31,주식,해외,실물(패시브),배당소득세(해외주식투자전용ETF),Nikkei 225,일본,기타,일반,20260813
465660,KR7465660009,TIGER 일본반도체FACTSET,미래에셋자산운용,0.49,35775000000,26500,25983.93,2023-09-19,주식,해외,실물(패시브),배당소득세(보유기간과세),FactSet Japan Semiconductor Index(PR),일본,반도체,일반,20260813
292560,KR7292560000,TIGER 일본엔선물,미래에셋자산운용,0.21,37147500000,8255,8232.36,2018-04-17,통화,국내,실물(패시브),배당소득세(보유기간과세),엔선물지수,한국,기타,일반,20260813
0025N0,KR70025N0008,TIGER TDF2045 적격,미래에셋자산운용,0.19,785160250000,12355,12337.72,2025-03-25,혼합자산,국내&해외,실물(패시브),배당소득세(보유기간과세),S&P Korea Target Date 2045 Global Index,글로벌,자산배분·TDF,일반,20260813
494670,KR7494670003,TIGER 조선TOP10,미래에셋자산운용,0.35,594937750000,23015,23097.17,2024-10-22,주식,국내,실물(패시브),비과세,iSelect 조선TOP10 Index(PR),한국,조선·기계,일반,20260813
150460,KR7150460004,TIGER 중국소비테마,미래에셋자산운용,0.5,57835800000,7590,7621.49,2011-12-16,주식,국내,실물(패시브),비과세,FnGuide 중국내수테마 지수,한국,기타,일반,20260813
0192Z0,KR70192Z0001,TIGER 중기종합채권(A-이상)액티브,미래에셋자산운용,0.06,192824050000,100955,100892.86,2026-05-19,채권,국내,실물(액티브),배당소득세(보유기간과세),NICE 중기종합채권(A-이상)(총수익지수),한국,채권·금리,일반,20260813
302190,KR7302190004,TIGER 중장기국채,미래에셋자산운용,0.13,192576000000,50150,50100.07,2018-07-20,채권,국내,실물(패시브),배당소득세(보유기간과세),KIS 국채 3-10년 지수(시장가격지수),한국,채권·금리,일반,20260813
157500,KR7157500000,TIGER 증권,미래에셋자산운용,0.4,238985600000,13160,13236.38,2012-05-16,주식,국내,실물(패시브),비과세,FnGuide 증권 지수,한국,금융,일반,20260813
307520,KR7307520007,TIGER 지주회사,미래에셋자산운용,0.5,278892000000,21960,22029.28,2018-11-08,주식,국내,실물(패시브),비과세,FnGuide 지주회사 지수,한국,기타,일반,20260813
117690,KR7117690008,TIGER 차이나항셍30,미래에셋자산운용,0.4,10062500000,20125,20321.91,2009-10-21,주식,해외,실물(패시브),배당소득세(해외주식투자전용ETF),Hang Seng China (Hong Kong-listed) 30 Index,중국,기타,일반,20260813
0067Y0,KR70067Y0004,TIGER 차이나AI소프트웨어,미래에셋자산운용,0.49,10516500000,11685,11666.31,2025-06-17,주식,해외,실물(패시브),배당소득세(보유기간과세),"Mirae Asset China AI Software 지수 (Price Return, HKD)",중국,AI·테크,일반,20260813
245360,KR7245360003,TIGER 차이나HSCEI,미래에셋자산운용,0.29,27047000000,12580,12636.95,2016-06-16,주식,해외,실물(패시브),배당소득세(해외주식투자전용ETF),Hang Seng China H,중국,기타,일반,20260813
414780,KR7414780007,TIGER 차이나과창판STAR50(합성),미래에셋자산운용,0.09,234906500000,15010,15087.34,2022-01-13,주식,해외,합성(패시브),배당소득세(보유기간과세),STAR 50 Index(Price Return),기타,기타,일반,20260813
0067V0,KR70067V0007,TIGER 차이나글로벌리더스TOP3+,미래에셋자산운용,0.49,22968000000,10440,10545.45,2025-06-17,주식,해외,실물(패시브),배당소득세(보유기간과세),"Solactive-KEDI 차이나글로벌리더스TOP3플러스 지수 (Price Return, CNH)",글로벌,기타,일반,20260813
371470,KR7371470006,TIGER 차이나바이오테크SOLACTIVE,미래에셋자산운용,0.49,49648800000,9060,8972.75,2020-12-08,주식,해외,실물(패시브),배당소득세(보유기간과세),Solactive China Biotech Index(PR),중국,바이오·헬스케어,일반,20260813
396520,KR7396520009,TIGER 차이나반도체FACTSET,미래에셋자산운용,0.49,605463600000,14710,14678.73,2021-08-10,주식,해외,실물(패시브),배당소득세(보유기간과세),FactSet China Semiconductor 지수(PR),중국,반도체,일반,20260813
371460,KR7371460007,TIGER 차이나전기차SOLACTIVE,미래에셋자산운용,0.49,801164000000,11005,11073.76,2020-12-08,주식,해외,실물(패시브),배당소득세(보유기간과세),Solactive China Electric Vehicle and Battery Index(PR),중국,2차전지,일반,20260813
456680,KR7456680008,TIGER 차이나전기차레버리지(합성),미래에셋자산운용,0.58,37969800000,7260,7401.05,2023-05-09,주식,해외,합성(패시브),배당소득세(보유기간과세),Solactive China Electric Vehicle and Battery Index(PR),중국,2차전지,일반,20260813
0133E0,KR70133E0008,TIGER 차이나증권,미래에셋자산운용,0.49,9423750000,8975,9002.62,2026-02-03,주식,해외,실물(패시브),배당소득세(보유기간과세),Solactive China Securities Index (Price Return),중국,기타,일반,20260813
396510,KR7396510000,TIGER 차이나클린에너지SOLACTIVE,미래에셋자산운용,0.49,14508400000,7885,7930.23,2021-08-10,주식,해외,실물(패시브),배당소득세(보유기간과세),Solactive China Clean Energy 지수(PR),중국,에너지·원자력,일반,20260813
0047A0,KR70047A0007,TIGER 차이나테크TOP10,미래에셋자산운용,0.49,208998000000,13660,13384.97,2025-05-13,주식,해외,실물(패시브),배당소득세(보유기간과세),Mirae Asset China Tech Top 10 지수 (Price Return),중국,AI·테크,일반,20260813
438320,KR7438320004,TIGER 차이나항셍테크레버리지(합성 H),미래에셋자산운용,0.58,24825450000,5655,5685.32,2022-08-23,주식,해외,합성(패시브),배당소득세(보유기간과세),Hang Seng TECH Index,중국,AI·테크,일반,20260813
371160,KR7371160003,TIGER 차이나항셍테크,미래에셋자산운용,0.09,609373250000,7445,7415.54,2020-12-16,주식,해외,실물(패시브),배당소득세(보유기간과세),Hang Seng TECH Index,중국,AI·테크,일반,20260813
0053L0,KR70053L0005,TIGER 차이나휴머노이드로봇,미래에셋자산운용,0.49,275600000000,10600,10576.23,2025-05-27,주식,해외,실물(패시브),배당소득세(보유기간과세),Mirae Asset China Humanoid Robot 지수(PR),중국,AI·테크,일반,20260813
0117V0,KR70117V0007,TIGER 코리아AI전력기기TOP3플러스,미래에셋자산운용,0.4,1017169500000,19210,19368.54,2025-10-21,주식,국내,실물(패시브),비과세,KEDI 코리아AI전력기기TOP3플러스 지수,한국,AI·테크,일반,20260813
292150,KR7292150000,TIGER 코리아TOP10,미래에셋자산운용,0.15,2030940000000,37610,37760.85,2018-03-30,주식,국내,실물(패시브),비과세,FnGuide TOP10 지수,한국,기타,일반,20260813
0104P0,KR70104P0000,TIGER 코리아배당다우존스위클리커버드콜,미래에셋자산운용,0.25,20070000000,11150,11248.29,2025-09-23,주식,국내,실물(패시브),배당소득세(보유기간과세),KRX 다우존스 코리아 배당 30 타겟 7% 위클리 커버드콜 지수,한국,배당주,커버드콜,20260813
0052D0,KR70052D0006,TIGER 코리아배당다우존스,미래에셋자산운용,0.25,346647500000,15650,15689.35,2025-05-20,주식,국내,실물(패시브),비과세,Dow Jones Korea Dividend 30 지수 (Price Return),한국,배당주,일반,20260813
496080,KR7496080003,TIGER 코리아밸류업,미래에셋자산운용,0.008,522031250000,32125,32224.44,2024-11-04,주식,국내,실물(패시브),비과세,코리아 밸류업 지수,한국,배당주,일반,20260813
0091P0,KR70091P0005,TIGER 코리아원자력,미래에셋자산운용,0.5,561340000000,16510,16494.99,2025-08-19,주식,국내,실물(패시브),비과세,iSelect 코리아 원자력 지수 (Price Return),한국,에너지·원자력,일반,20260813
0148J0,KR70148J0006,TIGER 코리아휴머노이드로봇산업,미래에셋자산운용,0.5,669795750000,9945,9986.71,2026-01-06,주식,국내,실물(패시브),비과세,KEDI 코리아 휴머노이드로봇산업 지수 (PR),한국,AI·테크,일반,20260813
233160,KR7233160001,TIGER 코스닥150 레버리지,미래에셋자산운용,0.32,195264000000,8640,8679.89,2015-12-17,주식,국내,실물(패시브),배당소득세(보유기간과세),코스닥 150,한국,광범위지수,일반,20260813
232080,KR7232080002,TIGER 코스닥150,미래에셋자산운용,0.19,1410065200000,15110,15115.2,2015-11-12,주식,국내,실물(패시브),비과세,코스닥 150,한국,광범위지수,일반,20260813
261060,KR7261060008,TIGER 코스닥150IT,미래에셋자산운용,0.4,27735600000,23910,23824.44,2016-12-15,주식,국내,실물(패시브),비과세,코스닥 150 정보기술,한국,광범위지수,일반,20260813
261070,KR7261070007,TIGER 코스닥150바이오테크,미래에셋자산운용,0.4,64565600000,13915,13929.53,2016-12-15,주식,국내,실물(패시브),비과세,코스닥 150 헬스케어,한국,바이오·헬스케어,일반,20260813
250780,KR7250780004,TIGER 코스닥150선물인버스,미래에셋자산운용,0.32,5126000000,2330,2318.32,2016-08-10,주식,국내,실물(패시브),배당소득세(보유기간과세),F-코스닥150 지수,한국,광범위지수,일반,20260813
461580,KR7461580003,TIGER 코스닥글로벌,미래에셋자산운용,0.15,11546500000,16495,16530.98,2023-06-29,주식,국내,실물(패시브),비과세,코스닥 글로벌 지수,한국,광범위지수,일반,20260813
0204S0,KR70204S0006,TIGER 코스닥액티브,미래에셋자산운용,0.5,32223500000,7225,7188.62,2026-06-02,주식,국내,실물(액티브),배당소득세(보유기간과세),코스닥,한국,광범위지수,일반,20260813
277640,KR7277640009,TIGER 코스피대형주,미래에셋자산운용,0.24,66780000000,37100,37267.35,2017-08-31,주식,국내,실물(패시브),비과세,코스피 대형주,한국,광범위지수,일반,20260813
277650,KR7277650008,TIGER 코스피중형주,미래에셋자산운용,0.24,4217000000,21085,21139.66,2017-08-31,주식,국내,실물(패시브),비과세,코스피 중형주,한국,광범위지수,일반,20260813
277630,KR7277630000,TIGER 코스피,미래에셋자산운용,0.12,464198500000,70870,71045.45,2017-08-31,주식,국내,실물(패시브),비과세,코스피,한국,광범위지수,일반,20260813
376410,KR7376410007,TIGER 탄소효율그린뉴딜,미래에셋자산운용,0.09,21919500000,24355,24452.07,2021-02-05,주식,국내,실물(패시브),비과세,KRX/S&P 탄소효율 그린뉴딜지수,한국,기타,일반,20260813
447770,KR7447770009,TIGER 테슬라채권혼합Fn,미래에셋자산운용,0.25,433280000000,13540,13555.48,2022-11-29,혼합자산,국내&해외,실물(패시브),배당소득세(보유기간과세),FnGuide 테슬라채권혼합 지수,미국,개별종목,혼합,20260813
0060H0,KR70060H0002,TIGER 토탈월드스탁액티브,미래에셋자산운용,0.25,400824000000,13185,13163.39,2025-06-24,주식,해외,실물(액티브),배당소득세(보유기간과세),FTSE Global All Cap Index(PR),글로벌,기타,일반,20260813
387280,KR7387280001,TIGER 퓨처모빌리티액티브,미래에셋자산운용,0.77,15889500000,11770,11846.74,2021-05-25,주식,국내,실물(액티브),배당소득세(보유기간과세),FnGuide 퓨처모빌리티 지수,한국,자동차,일반,20260813
449690,KR7449690007,TIGER 한중반도체(합성),미래에셋자산운용,0.35,37552500000,50070,49128.79,2022-12-22,주식,국내&해외,합성(패시브),배당소득세(보유기간과세),KRX CSI 한·중 반도체지수,중국,반도체,일반,20260813
449680,KR7449680008,TIGER 한중전기차(합성),미래에셋자산운용,0.35,9588000000,11280,11221.91,2022-12-22,주식,국내&해외,합성(패시브),배당소득세(보유기간과세),KRX CSI 한·중 전기차지수,중국,자동차,일반,20260813
143860,KR7143860005,TIGER 헬스케어,미래에셋자산운용,0.4,163413000000,40650,40749.3,2011-07-18,주식,국내,실물(패시브),비과세,KRX 헬스케어,한국,바이오·헬스케어,일반,20260813
138540,KR7138540000,TIGER 현대차그룹플러스,미래에셋자산운용,0.15,686208200000,53030,53274.01,2011-03-10,주식,국내,실물(패시브),비과세,MKF 현대차그룹+ FW,한국,개별종목,일반,20260813
228790,KR7228790002,TIGER 화장품,미래에셋자산운용,0.5,260288100000,4470,4473.71,2015-10-07,주식,국내,실물(패시브),비과세,WISE 화장품 지수,한국,소비재,일반,20260813
394670,KR7394670004,TIGER 글로벌리튬&2차전지SOLACTIVE(합성),미래에셋자산운용,0.49,207944200000,11735,11796.29,2021-07-20,주식,해외,합성(패시브),배당소득세(보유기간과세),Solactive Global Lithium 지수(PR),글로벌,2차전지,일반,20260813
394660,KR7394660005,TIGER 글로벌자율주행&전기차SOLACTIVE,미래에셋자산운용,0.49,110175200000,16795,16964.85,2021-07-20,주식,해외,실물(패시브),배당소득세(보유기간과세),Solactive Autonomous & Electric Vehicles 지수(PR),기타,기타,일반,20260813
276000,KR7276000007,TIGER 글로벌자원생산기업(합성 H),미래에셋자산운용,0.4,17437750000,20515,20481.98,2017-08-01,주식,해외,합성(패시브),배당소득세(보유기간과세),MorningStar Global Upstream Resources Index(PR),글로벌,기타,일반,20260813
449170,KR7449170000,TIGER KOFR금리액티브(합성),미래에셋자산운용,0.03,2436009700000,111590,111568.86,2022-11-30,기타,국내,합성(액티브),배당소득세(보유기간과세),KOFR 지수,한국,채권·금리,일반,20260813
458750,KR7458750007,TIGER 미국배당다우존스타겟커버드콜1호,미래에셋자산운용,0.39,69212000000,13310,13339.04,2023-06-20,주식,해외,실물(패시브),배당소득세(보유기간과세),DowJones U.S. Dividend 100 3% Premium Covered Call 지수 (TR),미국,배당주,커버드콜,20260813
471780,KR7471780007,TIGER 코리아테크액티브,미래에셋자산운용,0.77,267820200000,35055,34904.04,2023-11-28,주식,국내,실물(액티브),배당소득세(보유기간과세),KRX 정보기술,한국,기타,일반,20260813
139260,KR7139260004,TIGER 200 IT,미래에셋자산운용,0.4,2762503100000,137165,137461.94,2011-04-06,주식,국내,실물(패시브),비과세,코스피 200 정보기술,한국,광범위지수,일반,20260813
139220,KR7139220008,TIGER 200 건설,미래에셋자산운용,0.4,130785900000,7595,7641.09,2011-04-06,주식,국내,실물(패시브),비과세,코스피 200 건설,한국,조선·기계,일반,20260813
139290,KR7139290001,TIGER 200 경기소비재,미래에셋자산운용,0.4,6942000000,26700,26905.03,2011-04-06,주식,국내,실물(패시브),비과세,코스피 200 경기소비재,한국,소비재,일반,20260813
139270,KR7139270003,TIGER 200 금융,미래에셋자산운용,0.4,30978300000,16655,16719.07,2011-04-06,주식,국내,실물(패시브),비과세,코스피 200 금융,한국,금융,일반,20260813
139250,KR7139250005,TIGER 200 에너지화학,미래에셋자산운용,0.34,24274200000,17590,17677.76,2011-04-06,주식,국내,실물(패시브),비과세,코스피 200 에너지/화학,한국,에너지·원자력,일반,20260813
139230,KR7139230007,TIGER 200 중공업,미래에셋자산운용,0.34,265410000000,13500,13637.11,2011-04-06,주식,국내,실물(패시브),비과세,코스피 200 중공업,한국,조선·기계,일반,20260813
139240,KR7139240006,TIGER 200 철강소재,미래에셋자산운용,0.34,8772000000,10965,11015.03,2011-04-06,주식,국내,실물(패시브),비과세,코스피 200 철강/소재,한국,광범위지수,일반,20260813
289480,KR7289480006,TIGER 200커버드콜,미래에셋자산운용,0.38,28531500000,12405,12478.02,2018-02-09,주식,국내,실물(패시브),배당소득세(보유기간과세),코스피 200 커버드콜 ATM 지수,한국,광범위지수,커버드콜,20260813
228820,KR7228820007,TIGER KTOP30,미래에셋자산운용,0.21,19892250000,18945,19099.17,2015-10-14,주식,국내,실물(패시브),비과세,KTOP 30,한국,기타,일반,20260813
463250,KR7463250001,TIGER K방산&우주,미래에셋자산운용,0.45,573075000000,38205,38433.85,2023-07-25,주식,국내,실물(패시브),비과세,iSelect K방산&우주,한국,방산·우주,일반,20260813
225060,KR7225060003,TIGER 이머징마켓MSCI레버리지(합성 H),미래에셋자산운용,0.58,17119000000,16150,16016.12,2015-07-29,주식,해외,합성(패시브),배당소득세(보유기간과세),MSCI EM Index,신흥국,광범위지수,일반,20260813
182480,KR7182480004,TIGER 미국MSCI리츠(합성 H),미래에셋자산운용,0.24,129015000000,13725,13922.08,2013-10-10,부동산,해외,합성(패시브),배당소득세(분리과세부동산ETF),MSCI US REIT Index,미국,리츠·부동산,일반,20260813
225040,KR7225040005,TIGER 미국S&P500레버리지(합성 H),미래에셋자산운용,0.27,56723500000,69175,68987.12,2015-07-29,주식,해외,합성(패시브),배당소득세(보유기간과세),S&P 500,미국,광범위지수,일반,20260813
225030,KR7225030006,TIGER 미국S&P500선물인버스(H),미래에셋자산운용,0.59,3799500000,2235,2233.4,2015-07-29,주식,해외,실물(패시브),배당소득세(보유기간과세),S&P 500 Futures Total Return Index,미국,광범위지수,일반,20260813
451530,KR7451530000,TIGER 국고채30년스트립액티브,미래에셋자산운용,0.15,138827540000,33910,33955.57,2023-02-01,채권,국내,실물(액티브),배당소득세(보유기간과세),KIS STRIP 30Y Index(총수익지수),한국,기타,일반,20260813
491010,KR7491010005,TIGER 글로벌AI전력인프라액티브,미래에셋자산운용,0.49,676658400000,26980,26774.04,2024-09-10,주식,해외,실물(액티브),배당소득세(보유기간과세),Mirae Asset AI Infrastructure 지수(PR),기타,AI·테크,일반,20260813
412770,KR7412770000,TIGER 글로벌AI플랫폼액티브,미래에셋자산운용,0.79,79718100000,13090,13245.9,2021-12-22,주식,해외,실물(액티브),배당소득세(보유기간과세),Indxx Global Metaverse Index (Price Return),글로벌,기타,일반,20260813
203780,KR7203780002,TIGER 미국나스닥바이오,미래에셋자산운용,0.3,100692200000,35455,35386.31,2014-08-27,주식,해외,실물(패시브),배당소득세(해외주식투자전용ETF),NASDAQ Biotechnology 지수(시장가격지수),미국,AI·테크,일반,20260813
182490,KR7182490003,TIGER 단기선진하이일드(합성 H),미래에셋자산운용,0.24,8349000000,13915,13872.07,2014-03-24,채권,해외,합성(패시브),배당소득세(보유기간과세),iBoxx USD Liquid High Yield 0-5 year Index,기타,기타,일반,20260813
174350,KR7174350009,TIGER 로우볼,미래에셋자산운용,0.4,8694000000,20700,20822.03,2013-06-20,주식,국내,실물(패시브),비과세,FnGuide Low Vol 지수,한국,기타,일반,20260813
275980,KR7275980001,TIGER 글로벌4차산업혁신기술(합성 H),미래에셋자산운용,0.4,59690000000,23500,23859.1,2017-08-01,주식,해외,합성(패시브),배당소득세(보유기간과세),Morningstar Exponential Technologies Equal Weighted Select PR USD,기타,기타,일반,20260813
476550,KR7476550009,TIGER 미국30년국채커버드콜액티브(H),미래에셋자산운용,0.39,781812000000,6840,6822.24,2024-02-27,채권,해외,실물(액티브),배당소득세(보유기간과세),KEDI 미국채30년 위클리 커버드콜30 지수(Total Return),미국,채권·금리,커버드콜,20260813
482730,KR7482730009,TIGER 미국S&P500타겟데일리커버드콜,미래에셋자산운용,0.25,655956000000,12330,12311.5,2024-05-21,주식,해외,실물(패시브),배당소득세(보유기간과세),S&P500 10% Daily Premium Covered Call Index(TR),미국,광범위지수,커버드콜,20260813
486290,KR7486290000,TIGER 미국나스닥100타겟데일리커버드콜,미래에셋자산운용,0.25,2379697750000,11035,11007.77,2024-06-25,주식,해외,실물(패시브),배당소득세(보유기간과세),NASDAQ 100 Daily Covered Call Target Premium 15% 지수(TR),미국,광범위지수,커버드콜,20260813
458760,KR7458760006,TIGER 미국배당다우존스타겟커버드콜2호,미래에셋자산운용,0.39,711834500000,11290,11295.63,2023-06-20,주식,해외,실물(패시브),배당소득세(보유기간과세),DowJones U.S. Dividend 100 7% Premium Covered Call 지수 (TR),미국,배당주,커버드콜,20260813
474220,KR7474220001,TIGER 미국테크TOP10타겟커버드콜,미래에셋자산운용,0.5,431292000000,15240,15247.27,2024-01-16,주식,해외,실물(패시브),배당소득세(보유기간과세),Bloomberg U.S. Tech Top10+10% Premium Covered Call Index,미국,AI·테크,커버드콜,20260813
211560,KR7211560008,TIGER 배당성장,미래에셋자산운용,0.115,74277000000,35370,35571.08,2014-12-17,주식,국내,실물(패시브),비과세,코스피 배당성장 50,한국,배당주,일반,20260813
472150,KR7472150002,TIGER 배당커버드콜액티브,미래에셋자산운용,0.5,2341600500000,20415,20461.99,2023-12-12,주식,국내,실물(액티브),배당소득세(보유기간과세),코스피 200 커버드콜 5% OTM,한국,광범위지수,커버드콜,20260813
438330,KR7438330003,TIGER 우량회사채액티브,미래에셋자산운용,0.1,540015450000,115635,115582.52,2022-08-23,채권,국내,실물(액티브),배당소득세(보유기간과세),KIS 투자등급회사채 지수(총수익),한국,채권·금리,일반,20260813
217770,KR7217770007,TIGER 원유선물인버스(H),미래에셋자산운용,0.69,20632500000,1310,1302.5,2015-04-29,원자재,해외,실물(패시브),배당소득세(보유기간과세),S&P GSCI Crude Oil Index ER,글로벌,에너지·원자력,일반,20260813
225050,KR7225050004,TIGER 유로스탁스레버리지(합성 H),미래에셋자산운용,0.58,7751250000,17225,17266.24,2015-07-29,주식,해외,합성(패시브),배당소득세(보유기간과세),EURO STOXX 50 Index,유럽,광범위지수,일반,20260813
195930,KR7195930003,TIGER 유로스탁스50(합성 H),미래에셋자산운용,0.24,38680000000,24175,24055.16,2014-04-30,주식,해외,합성(패시브),배당소득세(보유기간과세),EURO STOXX 50 Index,유럽,광범위지수,일반,20260813
195920,KR7195920004,TIGER 일본TOPIX(합성 H),미래에셋자산운용,0.24,17900000000,35800,35708.11,2014-04-30,주식,해외,합성(패시브),배당소득세(보유기간과세),TOPIX,일본,광범위지수,일반,20260813
451540,KR7451540009,TIGER 종합채권(AA-이상)액티브,미래에셋자산운용,0.03,1000845660000,52665,52666.39,2023-02-01,채권,국내,실물(액티브),배당소득세(보유기간과세),KIS 종합채권 AA-이상 총수익 지수(Total return Index),한국,채권·금리,일반,20260813
204480,KR7204480008,TIGER 차이나CSI300레버리지(합성),미래에셋자산운용,0.58,100440000000,27000,27260.97,2014-09-01,주식,해외,합성(패시브),배당소득세(보유기간과세),CSI 300 Index,중국,광범위지수,일반,20260813
217780,KR7217780006,TIGER 차이나CSI300인버스(합성),미래에셋자산운용,0.58,8060000000,5200,5261.43,2015-06-10,주식,해외,합성(패시브),배당소득세(보유기간과세),CSI 300 Index,중국,광범위지수,일반,20260813
192090,KR7192090009,TIGER 차이나CSI300,미래에셋자산운용,0.63,138383000000,13055,13055.99,2014-02-17,주식,해외,실물(패시브),배당소득세(해외주식투자전용ETF),CSI 300 Index,중국,광범위지수,일반,20260813
210780,KR7210780003,TIGER 코스피고배당,미래에셋자산운용,0.24,76362000000,23140,23202.8,2014-12-05,주식,국내,실물(패시브),비과세,코스피 고배당 50,한국,배당주,일반,20260813
423920,KR7423920008,TIGER 미국필라델피아반도체레버리지(합성),미래에셋자산운용,0.58,674029300000,98255,97393.06,2022-04-19,주식,해외,합성(패시브),배당소득세(보유기간과세),PHLX Semiconductor Sector Index,미국,반도체,일반,20260813
0098Z0,KR70098Z0006,FOCUS 200,브이아이자산운용,0.05,68722500000,91630,91947.59,2025-09-23,주식,국내,실물(패시브),비과세,코스피 200,한국,광범위지수,일반,20260813
0176P0,KR70176P0003,FOCUS AI반도체위클리고정커버드콜,브이아이자산운용,0.3,6302500000,12605,12615.17,2026-04-07,주식,국내,실물(패시브),배당소득세(보유기간과세),AI 반도체 위클리 고정 30% 커버드콜 지수,한국,반도체,커버드콜,20260813
448570,KR7448570002,FOCUS AI코리아액티브,브이아이자산운용,0.455,41202000000,30520,30654.96,2022-11-15,주식,국내,실물(액티브),배당소득세(보유기간과세),코스피,한국,광범위지수,일반,20260813
0073X0,KR70073X0007,FOCUS 알리바바미국채커버드콜혼합,브이아이자산운용,0.36,5192000000,9440,9472.41,2025-07-01,혼합자산,해외,실물(패시브),배당소득세(보유기간과세),KEDI 알리바바미국채커버드콜혼합지수(TR),미국,채권·금리,커버드콜,20260813
285690,KR7285690004,FOCUS ESG리더스,브이아이자산운용,0.1,7672000000,21920,21774.0,2017-12-13,주식,국내,실물(패시브),비과세,KRX ESG Leaders 150,한국,광범위지수,일반,20260813
278530,KR7278530001,KODEX 200TR,삼성자산운용,0.05,7753407750000,38835,38986.09,2017-11-21,주식,국내,실물(패시브),배당소득세(보유기간과세),코스피 200 TR,한국,광범위지수,일반,20260813
226980,KR7226980001,KODEX 200 중소형,삼성자산운용,0.3,20497500000,22775,22934.07,2015-09-01,주식,국내,실물(패시브),비과세,코스피 200 중소형주지수,한국,광범위지수,일반,20260813
337160,KR7337160006,KODEX 200ESG,삼성자산운용,0.09,166547500000,47585,47360.6,2019-11-14,주식,국내,실물(패시브),비과세,코스피 200 ESG 지수,한국,광범위지수,일반,20260813
363580,KR7363580002,KODEX 200IT TR,삼성자산운용,0.15,249277500000,55395,55529.31,2020-09-25,주식,국내,실물(패시브),배당소득세(보유기간과세),코스피200 정보기술 TR,한국,광범위지수,일반,20260813
337150,KR7337150007,KODEX 200exTOP,삼성자산운용,0.3,15423000000,25705,25924.32,2019-11-14,주식,국내,실물(패시브),비과세,코스피 200 초대형제외 지수,한국,광범위지수,일반,20260813
223190,KR7223190000,KODEX 200가치저변동,삼성자산운용,0.3,28170000000,28170,28364.75,2015-06-26,주식,국내,실물(패시브),비과세,코스피 200 가치저변동성,한국,광범위지수,일반,20260813
237350,KR7237350004,KODEX 코스피100,삼성자산운용,0.15,971622000000,85230,85828.44,2016-01-27,주식,국내,실물(패시브),비과세,코스피 100,한국,광범위지수,일반,20260813
252650,KR7252650007,KODEX 200동일가중,삼성자산운용,0.25,13184500000,18835,18801.17,2016-09-20,주식,국내,실물(패시브),비과세,코스피 200 동일가중지수,한국,광범위지수,일반,20260813
360140,KR7360140008,KODEX 200롱코스닥150숏선물,삼성자산운용,0.64,46761000000,21255,21234.48,2020-08-21,주식,국내,실물(패시브),배당소득세(보유기간과세),코스피200 롱 100% 코스닥150 숏 100% 선물지수,한국,광범위지수,일반,20260813
284430,KR7284430006,KODEX 200미국채혼합50,삼성자산운용,0.35,2066820000000,21090,21134.65,2017-11-30,혼합자산,국내&해외,실물(패시브),배당소득세(보유기간과세),코스피 200 미국채 혼합지수,미국,채권·금리,혼합,20260813
252670,KR7252670005,KODEX 200선물인버스2X,삼성자산운용,0.64,627766200000,81,79.71,2016-09-22,주식,국내,실물(패시브),배당소득세(보유기간과세),코스피 200 선물지수,한국,광범위지수,일반,20260813
494890,KR7494890007,KODEX 200액티브,삼성자산운용,0.15,1081325000000,30895,31022.93,2024-10-29,주식,국내,실물(액티브),배당소득세(보유기간과세),코스피 200,한국,광범위지수,일반,20260813
0219E0,KR70219E0005,KODEX 200커버드콜액티브,삼성자산운용,0.5,555720000000,8420,8432.73,2026-07-14,주식,국내,실물(액티브),배당소득세(보유기간과세),코스피 200 커버드콜 5% OTM,한국,광범위지수,커버드콜,20260813
498400,KR7498400001,KODEX 200타겟위클리커버드콜,삼성자산운용,0.39,5890320000000,20200,20334.24,2024-12-03,주식,국내,실물(패시브),배당소득세(보유기간과세),코스피 200 타겟 15% 위클리 커버드콜 지수,한국,광범위지수,커버드콜,20260813
0117L0,KR70117L0009,KODEX 26-12 금융채(AA-이상)액티브,삼성자산운용,0.09,941658900000,10145,10140.2,2025-10-28,채권,국내,실물(액티브),배당소득세(보유기간과세),KAP 26-12 금융채 총수익 지수(AA-이상),한국,금융,일반,20260813
473290,KR7473290005,KODEX 26-12 회사채(AA-이상)액티브,삼성자산운용,0.09,496215500000,10870,10864.3,2023-12-12,채권,국내,실물(액티브),배당소득세(보유기간과세),KAP 26-12 회사채 총수익 지수(AA-이상),한국,채권·금리,일반,20260813
0007F0,KR70007F0000,KODEX 27-12 회사채(AA-이상)액티브,삼성자산운용,0.09,554267700000,10185,10174.32,2025-01-14,채권,국내,실물(액티브),배당소득세(보유기간과세),KAP 27-12 회사채 총수익 지수(AA-이상),한국,채권·금리,일반,20260813
0119H0,KR70119H0003,KODEX 28-12 회사채(AA-이상)액티브,삼성자산운용,0.09,249593400000,9940,9921.61,2025-11-04,채권,국내,실물(액티브),배당소득세(보유기간과세),KAP 28-12 회사채 총수익 지수(AA- 이상),한국,채권·금리,일반,20260813
462330,KR7462330002,KODEX 2차전지산업레버리지,삼성자산운용,0.49,707865000000,1025,1027.51,2023-07-04,주식,국내,실물(패시브),배당소득세(보유기간과세),FnGuide 2차전지 산업 지수,한국,2차전지,일반,20260813
305720,KR7305720005,KODEX 2차전지산업,삼성자산운용,0.45,1668108000000,14430,14479.58,2018-09-12,주식,국내,실물(패시브),비과세,FnGuide 2차전지 산업 지수,한국,2차전지,일반,20260813
461950,KR7461950008,KODEX 2차전지핵심소재10,삼성자산운용,0.39,167284500000,4870,4891.84,2023-07-04,주식,국내,실물(패시브),비과세,FnGuide 2차전지핵심소재10 지수,한국,2차전지,일반,20260813
457690,KR7457690006,KODEX 33-06 국고채액티브,삼성자산운용,0.15,23647500000,10510,10501.99,2023-05-31,채권,국내,실물(액티브),배당소득세(보유기간과세),KAP 33-06 국고채 총수익 지수,한국,채권·금리,일반,20260813
271060,KR7271060006,KODEX 3대농산물선물(H),삼성자산운용,0.55,30020100000,8270,8248.12,2017-06-13,원자재,해외,실물(패시브),배당소득세(보유기간과세),S&P GSCI Grains Select Index ER,글로벌,기타,일반,20260813
457700,KR7457700003,KODEX 53-09 국고채액티브,삼성자산운용,0.15,11946000000,9050,9004.47,2023-05-31,채권,국내,실물(액티브),배당소득세(보유기간과세),KAP 53-09 국고채 총수익 지수,한국,채권·금리,일반,20260813
395160,KR7395160005,KODEX AI반도체TOP2플러스,삼성자산운용,0.45,4030143000000,39745,39898.45,2021-07-30,주식,국내,실물(패시브),비과세,FnGuide AI반도체 TOP2+ 지수,한국,반도체,일반,20260813
471990,KR7471990002,KODEX AI반도체핵심장비,삼성자산운용,0.39,378078500000,23195,23299.4,2023-11-21,주식,국내,실물(패시브),비과세,iSelect AI 반도체핵심장비 지수,한국,반도체,일반,20260813
487240,KR7487240004,KODEX AI전력핵심설비,삼성자산운용,0.39,3231306500000,36845,37272.94,2024-07-09,주식,국내,실물(패시브),비과세,iSelect AI 전력핵심설비 지수(Price Return),한국,AI·테크,일반,20260813
481050,KR7481050003,KODEX CD1년금리플러스액티브(합성),삼성자산운용,0.05,2565176484000,1022920,1022611.97,2024-04-23,기타,국내,합성(액티브),배당소득세(보유기간과세),KAP 1년은행 CD+추가금리 지수(총수익지수),한국,금융,일반,20260813
459580,KR7459580007,KODEX CD금리액티브(합성),삼성자산운용,0.02,6632884428500,1074865,1074743.37,2023-06-08,기타,국내,합성(액티브),배당소득세(보유기간과세),KAP 양도성예금증서(CD)금리지수(총수익지수),한국,채권·금리,일반,20260813
439860,KR7439860008,KODEX ESG종합채권(A-이상)액티브,삼성자산운용,0.07,350569600000,113600,113594.77,2022-08-23,채권,국내,실물(액티브),배당소득세(보유기간과세),"KAP ESG 종합채권지수(A- 이상, 총수익)",한국,채권·금리,일반,20260813
266370,KR7266370006,KODEX IT,삼성자산운용,0.45,112608000000,66240,66659.95,2017-03-28,주식,국내,실물(패시브),비과세,KRX 정보기술,한국,기타,일반,20260813
101280,KR7101280006,KODEX 일본TOPIX100,삼성자산운용,0.19,53949500000,31735,31427.32,2008-02-20,주식,해외,실물(패시브),배당소득세(해외주식투자전용ETF),TOPIX100,일본,광범위지수,일반,20260813
368680,KR7368680005,KODEX K-뉴딜디지털플러스,삼성자산운용,0.09,7429500000,8255,8259.56,2020-11-10,주식,국내,실물(패시브),비과세,FnGuide K-뉴딜 디지털 플러스 지수,한국,AI·테크,일반,20260813
423160,KR7423160001,KODEX KOFR금리액티브(합성),삼성자산운용,0.05,3639073310000,110765,110758.13,2022-04-26,기타,국내,합성(액티브),배당소득세(보유기간과세),KOFR 지수,한국,채권·금리,일반,20260813
306950,KR7306950007,KODEX KRX300레버리지,삼성자산운용,0.64,61104000000,76380,76372.08,2018-10-16,주식,국내,실물(패시브),배당소득세(보유기간과세),KRX 300,한국,광범위지수,일반,20260813
292190,KR7292190006,KODEX KRX300,삼성자산운용,0.05,71077500000,47385,47625.84,2018-03-26,주식,국내,실물(패시브),비과세,KRX 300,한국,광범위지수,일반,20260813
229720,KR7229720008,KODEX KTOP30,삼성자산운용,0.25,18850000000,37700,37852.89,2015-10-14,주식,국내,실물(패시브),비과세,KTOP 30,한국,기타,일반,20260813
266360,KR7266360007,KODEX K콘텐츠,삼성자산운용,0.45,33328000000,10415,10414.96,2017-03-28,주식,국내,실물(패시브),비과세,KRX K콘텐츠,한국,게임·엔터,일반,20260813
289040,KR7289040008,KODEX MSCI KOREA ESG유니버설,삼성자산운용,0.3,19992000000,33320,33154.03,2018-02-07,주식,국내,실물(패시브),비과세,MSCI Korea ESG Universal Capped Index,한국,광범위지수,일반,20260813
156080,KR7156080004,KODEX MSCI Korea,삼성자산운용,0.09,30561000000,50935,51260.46,2012-04-30,주식,국내,실물(패시브),비과세,MSCI Korea Index,한국,광범위지수,일반,20260813
278540,KR7278540000,KODEX MSCI Korea TR,삼성자산운용,0.09,2346240000000,38400,38288.84,2017-11-09,주식,국내,실물(패시브),배당소득세(보유기간과세),MSCI Korea TR Index,한국,광범위지수,일반,20260813
251350,KR7251350005,KODEX MSCI선진국,삼성자산운용,0.3,517331250000,40575,40549.35,2016-08-17,주식,해외,실물(패시브),배당소득세(해외주식투자전용ETF),MSCI World,글로벌,광범위지수,일반,20260813
269420,KR7269420006,KODEX S&P글로벌인프라(합성),삼성자산운용,0.26,24480890000,23030,23121.4,2017-05-16,주식,해외,합성(패시브),배당소득세(보유기간과세),S&P Global Infrastructure Index,글로벌,기타,일반,20260813
291890,KR7291890002,KODEX MSCI EM선물(H),삼성자산운용,0.45,6122500000,12245,12269.12,2018-03-23,주식,해외,실물(패시브),배당소득세(보유기간과세),iEdge Emerging Markets Futures Index(ER),신흥국,기타,일반,20260813
0193T0,KR70193T0008,KODEX SK하이닉스단일종목레버리지,삼성자산운용,0.29,2380413000000,9205,9259.55,2026-05-27,주식,국내,실물(패시브),배당소득세(보유기간과세),KRX SK하이닉스 지수,한국,개별종목,일반,20260813
329650,KR7329650006,KODEX TRF3070,삼성자산운용,0.24,234465000000,14210,14253.01,2019-07-04,혼합자산,국내&해외,실물(패시브),배당소득세(보유기간과세),FnGuide TRF 3070 지수,국내+해외,기타,일반,20260813
329660,KR7329660005,KODEX TRF5050,삼성자산운용,0.17,85281500000,18145,18194.05,2019-07-04,혼합자산,국내&해외,실물(패시브),배당소득세(보유기간과세),FnGuide TRF 5050 지수,국내+해외,기타,일반,20260813
329670,KR7329670004,KODEX TRF7030,삼성자산운용,0.1,90340000000,22585,22606.75,2019-07-04,혼합자산,국내&해외,실물(패시브),배당소득세(보유기간과세),FnGuide TRF 7030 지수,국내+해외,기타,일반,20260813
395170,KR7395170004,KODEX Top10동일가중,삼성자산운용,0.15,32000000000,16000,15978.25,2021-07-30,주식,국내,실물(패시브),비과세,FnGuide TOP10 동일가중 지수,한국,기타,일반,20260813
315930,KR7315930008,KODEX Top5PlusTR,삼성자산운용,0.15,981063000000,80415,80658.93,2019-01-22,주식,국내,실물(패시브),배당소득세(보유기간과세),FnGuide TOP 5 Plus Total Return 지수,한국,기타,일반,20260813
271050,KR7271050007,KODEX WTI원유선물인버스(H),삼성자산운용,0.35,132263250000,2065,2055.38,2017-06-13,원자재,해외,실물(패시브),배당소득세(보유기간과세),S&P GSCI Crude Oil Index ER,글로벌,에너지·원자력,일반,20260813
261220,KR7261220008,KODEX WTI원유선물(H),삼성자산운용,0.35,51397500000,23100,23151.09,2016-12-27,원자재,해외,실물(패시브),배당소득세(보유기간과세),S&P GSCI Crude Oil Index ER,글로벌,에너지·원자력,일반,20260813
468380,KR7468380001,KODEX iShares미국하이일드액티브,삼성자산운용,0.15,96233400000,11295,11275.75,2023-10-19,채권,해외,실물(액티브),배당소득세(보유기간과세),ICE BofAML US HY Constrained Index(Total Return),미국,기타,일반,20260813
275290,KR7275290005,KODEX 가치주,삼성자산운용,0.3,30010500000,33345,33537.15,2017-07-11,주식,국내,실물(패시브),비과세,MSCI Korea IMI Enhanced Value Capped,한국,광범위지수,일반,20260813
300950,KR7300950003,KODEX 게임산업,삼성자산운용,0.45,23390500000,5705,5712.2,2018-07-24,주식,국내,실물(패시브),비과세,FnGuide 게임 산업 지수,한국,게임·엔터,일반,20260813
266390,KR7266390004,KODEX 경기소비재,삼성자산운용,0.45,13333500000,14815,14900.44,2017-03-28,주식,국내,실물(패시브),비과세,KRX 경기소비재,한국,소비재,일반,20260813
279530,KR7279530000,KODEX 고배당주,삼성자산운용,0.3,337754000000,17410,17486.93,2017-10-17,주식,국내,실물(패시브),비과세,FnGuide 고배당 Plus 지수,한국,배당주,일반,20260813
280940,KR7280940008,KODEX 골드선물인버스(H),삼성자산운용,0.45,2748000000,3435,3419.56,2017-11-09,원자재,해외,실물(패시브),배당소득세(보유기간과세),S&P GSCI GOLD Index Excess Return,글로벌,원자재·금,일반,20260813
132030,KR7132030008,KODEX 골드선물(H),삼성자산운용,0.68,346860000000,24600,24784.66,2010-10-01,원자재,해외,실물(패시브),배당소득세(보유기간과세),S&P GSCI Gold Index(TR),글로벌,원자재·금,일반,20260813
138910,KR7138910005,KODEX 구리선물(H),삼성자산운용,0.68,33049500000,10015,10126.55,2011-03-15,원자재,해외,실물(패시브),배당소득세(보유기간과세),S&P GSCI North American Copper Index(TR),글로벌,원자재·금,일반,20260813
471230,KR7471230003,KODEX 국고채10년액티브,삼성자산운용,0.015,463587300000,104060,103935.37,2023-11-14,채권,국내,실물(액티브),배당소득세(보유기간과세),KAP 국고채 10년 지수(TR),한국,채권·금리,일반,20260813
439870,KR7439870007,KODEX 국고채30년액티브,삼성자산운용,0.05,397536660000,85455,85773.92,2022-08-23,채권,국내,실물(액티브),배당소득세(보유기간과세),KAP 국고채 30년 총수익 지수,한국,채권·금리,일반,20260813
114260,KR7114260003,KODEX 국고채3년,삼성자산운용,0.15,512323380000,61830,61822.96,2009-07-29,채권,국내,실물(패시브),배당소득세(보유기간과세),MKF 국고채지수(총수익),한국,채권·금리,일반,20260813
292770,KR7292770005,KODEX 국채선물3년인버스,삼성자산운용,0.07,36259650000,57555,57588.64,2018-04-13,채권,국내,실물(패시브),배당소득세(보유기간과세),국채선물지수,한국,채권·금리,일반,20260813
276990,KR7276990009,KODEX 글로벌로봇(합성),삼성자산운용,0.3,48427200000,27360,27481.35,2017-08-17,주식,국내&해외,합성(패시브),배당소득세(보유기간과세),ROBO Global Robotics & Automation UCITS Price Return Index,글로벌,AI·테크,일반,20260813
476070,KR7476070008,KODEX 글로벌비만치료제TOP2 Plus,삼성자산운용,0.45,31347000000,11610,11663.55,2024-02-14,주식,해외,실물(패시브),배당소득세(보유기간과세),iSelect 글로벌 비만치료제TOP2 Plus 지수(PR),글로벌,바이오·헬스케어,일반,20260813
0064K0,KR70064K0003,KODEX 금액티브,삼성자산운용,0.3,157532700000,13030,13121.49,2025-06-17,원자재,해외,실물(액티브),배당소득세(보유기간과세),Bloomberg Gold Spot NY 4pm USD Index,기타,원자재·금,일반,20260813
0089D0,KR70089D0003,KODEX 금융고배당TOP10,삼성자산운용,0.3,212949000000,13145,13187.18,2025-08-12,주식,국내,실물(패시브),비과세,코스피 200 금융 고배당 TOP 10 지수,한국,금융,일반,20260813
498410,KR7498410000,KODEX 금융고배당TOP10타겟위클리커버드콜,삼성자산운용,0.39,786335500000,11615,11599.94,2024-12-17,주식,국내,실물(패시브),배당소득세(보유기간과세),코스피 200 금융 고배당 TOP 10 타겟 15%분배 위클리 커버드콜 지수,한국,금융,커버드콜,20260813
0162M0,KR70162M0002,KODEX 금융채1~2년(AA-이상)PLUS액티브,삼성자산운용,0.09,457505750000,10075,10057.96,2026-02-26,채권,국내,실물(액티브),배당소득세(보유기간과세),KAP 금융채 1-2년 총수익 지수,한국,금융,일반,20260813
102960,KR7102960002,KODEX 기계장비,삼성자산운용,0.45,15025500000,14175,14052.7,2008-05-29,주식,국내,실물(패시브),비과세,KRX 기계장비,한국,조선·기계,일반,20260813
404260,KR7404260002,KODEX 기후변화솔루션,삼성자산운용,0.09,21343500000,23715,23859.17,2021-10-29,주식,국내,실물(패시브),비과세,KRX 기후변화 솔루션지수,한국,기타,일반,20260813
273140,KR7273140004,KODEX 단기변동금리부채권액티브,삼성자산운용,0.15,280242675000,114525,114522.65,2017-06-29,채권,국내,실물(액티브),배당소득세(보유기간과세),KAP 단기변동금리부은행채권지수,한국,금융,일반,20260813
487950,KR7487950008,KODEX 대만테크고배당다우존스,삼성자산운용,0.45,19459000000,13420,13286.61,2024-07-23,주식,해외,실물(패시브),배당소득세(보유기간과세),Dow Jones Taiwan Technology Dividend 30 Index(TWD)(PR),미국,AI·테크,일반,20260813
445290,KR7445290000,KODEX 로봇액티브,삼성자산운용,0.5,1131231000000,32460,32584.51,2022-11-15,주식,국내,실물(액티브),배당소득세(보유기간과세),iSelect K-로봇테마 지수,한국,AI·테크,일반,20260813
488770,KR7488770009,KODEX 머니마켓액티브,삼성자산운용,0.05,8039057290000,105215,105209.74,2024-08-06,채권,국내,실물(액티브),배당소득세(보유기간과세),KAP MMF 지수(TR),한국,채권·금리,일반,20260813
337120,KR7337120000,KODEX 멀티팩터,삼성자산운용,0.3,20640000000,34400,34225.46,2019-11-14,주식,국내,실물(패시브),비과세,FnGuide 멀티팩터 지수,한국,기타,일반,20260813
401470,KR7401470000,KODEX 메타버스액티브,삼성자산운용,0.5,58310000000,9800,9878.28,2021-10-13,주식,국내,실물(액티브),배당소득세(보유기간과세),FnGuide K-메타버스 지수,한국,AI·테크,일반,20260813
244620,KR7244620001,KODEX 모멘텀Plus,삼성자산운용,0.3,14441000000,20630,20608.9,2016-05-13,주식,국내,실물(패시브),비과세,FnGuide 모멘텀 Plus 지수,한국,기타,일반,20260813
275280,KR7275280006,KODEX 모멘텀주,삼성자산운용,0.3,38268000000,42520,42305.46,2017-07-11,주식,국내,실물(패시브),비과세,MSCI Korea IMI Momentum Capped,한국,광범위지수,일반,20260813
308620,KR7308620004,KODEX 미국10년국채선물,삼성자산운용,0.09,96228000000,11880,11882.14,2018-10-19,채권,해외,실물(패시브),배당소득세(보유기간과세),S&P 10-Year U.S. Treasury Note Futures KRW(ER),미국,채권·금리,일반,20260813
0091C0,KR70091C0000,KODEX 미국10년국채액티브(H),삼성자산운용,0.15,190638250000,9575,9587.5,2025-08-19,채권,해외,실물(액티브),배당소득세(보유기간과세),KAP 미국 국채 10년 지수(총수익),미국,채권·금리,일반,20260813
484790,KR7484790001,KODEX 미국30년국채액티브(H),삼성자산운용,0.015,591772500000,8250,8232.6,2024-06-18,채권,해외,실물(액티브),배당소득세(보유기간과세),KEDI-KAP 미국 국채 20+ 지수(TR),미국,채권·금리,일반,20260813
304670,KR7304670003,KODEX 미국30년국채울트라선물인버스(H),삼성자산운용,0.3,7428000000,12380,12418.04,2018-09-12,채권,해외,실물(패시브),배당소득세(보유기간과세),S&P Ultra T-Bond Futures Index(ER),기타,채권·금리,일반,20260813
304660,KR7304660004,KODEX 미국30년국채울트라선물(H),삼성자산운용,0.3,134757000000,7245,7249.48,2018-09-12,채권,해외,실물(패시브),배당소득세(보유기간과세),S&P Ultra T-Bond Futures Index(ER),기타,채권·금리,일반,20260813
481060,KR7481060002,KODEX 미국30년국채타겟커버드콜(합성 H),삼성자산운용,0.25,764199000000,7380,7409.07,2024-04-30,채권,해외,합성(패시브),배당소득세(보유기간과세),Bloomberg U.S.Treasury 20+ Year(TLT)+ 12% Premium Covered Call index(TR),미국,채권·금리,커버드콜,20260813
0173Y0,KR70173Y0005,KODEX 미국AI광통신네트워크,삼성자산운용,0.55,440803750000,12685,12727.91,2026-03-31,주식,해외,실물(패시브),배당소득세(보유기간과세),Akros 미국 AI 광통신 및 네트워크 인프라 지수(PR),미국,AI·테크,일반,20260813
0151S0,KR70151S0009,KODEX 미국AI반도체TOP3플러스,삼성자산운용,0.49,221184500000,15970,16107.32,2026-01-13,주식,해외,실물(패시브),배당소득세(보유기간과세),Akros 미국 AI 반도체 Top 3 플러스 지수 (Price Return),미국,반도체,일반,20260813
0041D0,KR70041D0000,KODEX 미국AI소프트웨어TOP10,삼성자산운용,0.45,50306250000,13415,13427.49,2025-04-22,주식,해외,실물(패시브),배당소득세(보유기간과세),iSelect 미국 AI 소프트웨어 TOP10 지수(PR),미국,AI·테크,일반,20260813
487230,KR7487230005,KODEX 미국AI전력핵심인프라,삼성자산운용,0.45,1622786000000,21695,21519.51,2024-07-09,주식,해외,실물(패시브),배당소득세(보유기간과세),iSelect 미국AI전력핵심인프라 지수(Price Return),미국,AI·테크,일반,20260813
485540,KR7485540009,KODEX 미국AI테크TOP10,삼성자산운용,0.3,308495000000,15620,15610.64,2024-06-25,주식,해외,실물(패시브),배당소득세(보유기간과세),KEDI 미국AI테크 TOP10 지수(PR),미국,AI·테크,일반,20260813
483280,KR7483280004,KODEX 미국AI테크TOP10타겟커버드콜,삼성자산운용,0.39,480286000000,12190,12200.43,2024-05-28,주식,해외,실물(패시브),배당소득세(보유기간과세),KEDI 미국 AI 테크 TOP10+15%프리미엄 지수(Total Return),미국,AI·테크,일반,20260813
0225V0,KR70225V0006,KODEX 미국CPU반도체TOP10,삼성자산운용,0.55,76300000000,10900,10849.79,2026-08-04,주식,해외,실물(패시브),배당소득세(보유기간과세),Indxx US CPU Semiconductor TOP 10 Index (Price Return),미국,반도체,일반,20260813
428560,KR7428560007,KODEX 미국ETF산업Top10 Indxx,삼성자산운용,0.5,12860000000,16075,16206.97,2022-05-17,주식,해외,실물(패시브),배당소득세(보유기간과세),Indxx US ETF Industry Top10 Index(Price Return),미국,기타,일반,20260813
379800,KR7379800006,KODEX 미국S&P500,삼성자산운용,0.006,10199000000000,24800,24773.84,2021-04-09,주식,해외,실물(패시브),배당소득세(보유기간과세),S&P 500,미국,광범위지수,일반,20260813
453660,KR7453660003,KODEX 미국S&P500경기소비재,삼성자산운용,0.25,12565000000,17950,18060.28,2023-03-21,주식,해외,실물(패시브),배당소득세(보유기간과세),S&P Consumer Discretionary Select Sector Index(Price Return),기타,소비재,일반,20260813
453650,KR7453650004,KODEX 미국S&P500금융,삼성자산운용,0.25,45247500000,20110,20105.42,2023-03-21,주식,해외,실물(패시브),배당소득세(보유기간과세),S&P Financial Select Sector Index(Price Return),기타,금융,일반,20260813
0005A0,KR70005A0007,KODEX 미국S&P500데일리커버드콜OTM,삼성자산운용,0.25,195816000000,9840,9838.73,2025-01-07,주식,해외,실물(패시브),배당소득세(보유기간과세),S&P 500 Covered Call 1% OTM Daily Index(TR),미국,광범위지수,커버드콜,20260813
276970,KR7276970001,KODEX 미국S&P500배당귀족커버드콜(합성 H),삼성자산운용,0.3,36824500000,7835,7940.68,2017-08-10,주식,해외,합성(패시브),배당소득세(보유기간과세),S&P500 Dividend Aristocrats Covered Call(7.2% Premium) Index,미국,배당주,커버드콜,20260813
0026E0,KR70026E0008,KODEX 미국S&P500버퍼3월액티브,삼성자산운용,0.39,22116750000,11955,12050.95,2025-03-25,주식,해외,실물(액티브),배당소득세(보유기간과세),S&P500 10% Buffered Index March Series (USD) TR,미국,광범위지수,일반,20260813
0068M0,KR70068M0007,KODEX 미국S&P500버퍼6월액티브,삼성자산운용,0.39,10840500000,12045,12191.05,2025-06-24,주식,해외,실물(액티브),배당소득세(보유기간과세),S&P500 10% Buffered Index June Series (USD) TR,미국,광범위지수,일반,20260813
0089C0,KR70089C0004,KODEX 미국S&P500변동성확대시커버드콜,삼성자산운용,0.39,58900000000,11780,11856.12,2025-08-12,주식,해외,실물(패시브),배당소득세(보유기간과세),Cboe S&P 500 Volatility Contingent Daily Covered Call Index(Total Retrun),미국,광범위지수,커버드콜,20260813
200030,KR7200030005,KODEX 미국S&P500산업재(합성),삼성자산운용,0.25,51042000000,45250,45536.87,2014-06-12,주식,해외,합성(패시브),배당소득세(보유기간과세),S&P Select Sector Industrial Index,기타,기타,일반,20260813
0041E0,KR70041E0009,KODEX 미국S&P500액티브,삼성자산운용,0.45,143225000000,16850,16811.43,2025-04-22,주식,해외,실물(액티브),배당소득세(보유기간과세),S&P 500,미국,광범위지수,일반,20260813
218420,KR7218420008,KODEX 미국S&P500에너지(합성),삼성자산운용,0.25,49541900000,20180,20190.23,2015-04-28,주식,해외,합성(패시브),배당소득세(보유기간과세),S&P Select Sector Energy Index,기타,에너지·원자력,일반,20260813
463640,KR7463640003,KODEX 미국S&P500유틸리티,삼성자산운용,0.25,11504000000,14380,14393.21,2023-08-01,주식,해외,실물(패시브),배당소득세(보유기간과세),S&P Utilities Select Sector Index(Price Return),기타,에너지·원자력,일반,20260813
449180,KR7449180009,KODEX 미국S&P500(H),삼성자산운용,0.009,1012061750000,17315,17291.97,2022-12-02,주식,해외,실물(패시브),배당소득세(보유기간과세),S&P 500,미국,광범위지수,일반,20260813
463690,KR7463690008,KODEX 미국S&P500커뮤니케이션,삼성자산운용,0.25,9944000000,18080,18108.88,2023-08-01,주식,해외,실물(패시브),배당소득세(보유기간과세),S&P Communication Services Select Sector Index(Price Return),기타,기타,일반,20260813
463680,KR7463680009,KODEX 미국S&P500테크놀로지,삼성자산운용,0.25,132153500000,23390,23144.32,2023-08-01,주식,해외,실물(패시브),배당소득세(보유기간과세),S&P Technology Select Sector Index(Price Return),기타,AI·테크,일반,20260813
453630,KR7453630006,KODEX 미국S&P500필수소비재,삼성자산운용,0.25,16425500000,12635,12742.07,2023-03-21,주식,해외,실물(패시브),배당소득세(보유기간과세),S&P Consumer Staples Select Sector Index(Price Return),기타,소비재,일반,20260813
453640,KR7453640005,KODEX 미국S&P500헬스케어,삼성자산운용,0.25,61920000000,14400,14437.96,2023-03-21,주식,해외,실물(패시브),배당소득세(보유기간과세),S&P Health Care Select Sector Index(Price Return),기타,바이오·헬스케어,일반,20260813
0028X0,KR70028X0003,KODEX 미국금융테크액티브,삼성자산운용,0.45,13943750000,12125,12176.12,2025-05-27,주식,해외,실물(액티브),배당소득세(보유기간과세),iSelect 미국 차세대 파이낸셜 테크 지수(시장가격),미국,AI·테크,일반,20260813
379810,KR7379810005,KODEX 미국나스닥100,삼성자산운용,0.006,9358487250000,27965,27930.53,2021-04-09,주식,해외,실물(패시브),배당소득세(보유기간과세),NASDAQ 100,미국,광범위지수,일반,20260813
494300,KR7494300007,KODEX 미국나스닥100데일리커버드콜OTM,삼성자산운용,0.25,998025000000,9505,9495.34,2024-10-22,주식,해외,실물(패시브),배당소득세(보유기간과세),NASDAQ-100 Daily Covered Call 101 Index(TR),미국,기타,커버드콜,20260813
409820,KR7409820008,KODEX 미국나스닥100레버리지(합성 H),삼성자산운용,0.3,263934000000,20460,20383.29,2021-12-09,주식,해외,합성(패시브),배당소득세(보유기간과세),NASDAQ 100,미국,광범위지수,일반,20260813
409810,KR7409810009,KODEX 미국나스닥100선물인버스(H),삼성자산운용,0.3,11466000000,5460,5476.35,2021-12-09,주식,해외,실물(패시브),배당소득세(보유기간과세),NASDAQ 100,미국,광범위지수,일반,20260813
304940,KR7304940000,KODEX 미국나스닥100선물(H),삼성자산운용,0.05,114817500000,32805,32754.99,2018-08-30,주식,해외,실물(패시브),배당소득세(보유기간과세),NASDAQ 100,미국,광범위지수,일반,20260813
449190,KR7449190008,KODEX 미국나스닥100(H),삼성자산운용,0.009,567099500000,22415,22387.58,2022-12-02,주식,해외,실물(패시브),배당소득세(보유기간과세),NASDAQ 100,미국,광범위지수,일반,20260813
411420,KR7411420003,KODEX 미국나스닥AI테크액티브,삼성자산운용,0.5,130049000000,27670,27607.8,2021-12-22,주식,해외,실물(액티브),배당소득세(보유기간과세),Nasdaq CB Insights Metaverse US Index (Price Return),미국,기타,일반,20260813
455030,KR7455030007,KODEX 미국달러SOFR금리액티브(합성),삼성자산운용,0.15,649999700000,12170,12189.86,2023-04-04,기타,해외,합성(액티브),배당소득세(보유기간과세),Bloomberg SOFR Daily Total Return Index,미국,채권·금리,일반,20260813
261250,KR7261250005,KODEX 미국달러선물레버리지,삼성자산운용,0.45,27687000000,16780,16792.66,2016-12-27,통화,국내,실물(패시브),배당소득세(보유기간과세),미국달러선물지수,한국,기타,일반,20260813
261260,KR7261260004,KODEX 미국달러선물인버스2X,삼성자산운용,0.45,235310250000,5055,5063.19,2016-12-27,통화,국내,실물(패시브),배당소득세(보유기간과세),미국달러선물지수,한국,기타,일반,20260813
261270,KR7261270003,KODEX 미국달러선물인버스,삼성자산운용,0.45,106785000000,7875,7881.59,2016-12-27,통화,국내,실물(패시브),배당소득세(보유기간과세),미국달러선물지수,한국,기타,일반,20260813
261240,KR7261240006,KODEX 미국달러선물,삼성자산운용,0.25,59397800000,14630,14645.42,2016-12-27,통화,국내,실물(패시브),배당소득세(보유기간과세),미국달러선물지수,한국,기타,일반,20260813
0144M0,KR70144M0005,KODEX 미국드론UAM TOP10,삼성자산운용,0.49,24068250000,8445,8442.2,2025-12-23,주식,해외,실물(패시브),배당소득세(보유기간과세),iSelect 미국드론UAM TOP10 지수(Price Return),미국,기타,일반,20260813
280930,KR7280930009,KODEX 미국러셀2000(H),삼성자산운용,0.45,24150000000,17250,17230.98,2017-11-09,주식,해외,실물(패시브),배당소득세(보유기간과세),FTSE Russell 2000 Index,미국,기타,일반,20260813
0048J0,KR70048J0007,KODEX 미국머니마켓액티브,삼성자산운용,0.05,776878155000,14195,14182.09,2025-05-13,채권,해외,실물(액티브),배당소득세(보유기간과세),KAP 미국 머니마켓 지수,미국,기타,일반,20260813
390390,KR7390390003,KODEX 미국반도체,삼성자산운용,0.09,1348050000000,56760,56478.95,2021-06-30,주식,해외,실물(패시브),배당소득세(보유기간과세),MVIS US Listed Semiconductor 25 Index,미국,반도체,일반,20260813
489250,KR7489250001,KODEX 미국배당다우존스,삼성자산운용,0.009,595800000000,13240,13242.01,2024-08-13,주식,해외,실물(패시브),배당소득세(보유기간과세),Dow Jones U.S. Dividend 100 Price Return Index,미국,배당주,일반,20260813
483290,KR7483290003,KODEX 미국배당다우존스타겟커버드콜,삼성자산운용,0.39,176435500000,10565,10591.27,2024-05-28,주식,해외,실물(패시브),배당소득세(보유기간과세),Dow Jones U.S. Dividend 100 10% Premium Covered Call Index(Total Return),미국,배당주,커버드콜,20260813
441640,KR7441640000,KODEX 미국배당커버드콜액티브,삼성자산운용,0.19,1710182500000,13025,13030.67,2022-09-27,주식,해외,실물(액티브),배당소득세(보유기간과세),S&P 500,미국,광범위지수,일반,20260813
352560,KR7352560007,KODEX 미국부동산리츠(H),삼성자산운용,0.09,35325750000,12395,12386.91,2020-05-13,부동산,해외,실물(패시브),배당소득세(분리과세부동산ETF),Dow Jones U.S. Real Estate PR Index,미국,리츠·부동산,일반,20260813
314250,KR7314250002,KODEX 미국빅테크10(H),삼성자산운용,0.45,658472000000,62120,61967.35,2019-01-10,주식,해외,실물(패시브),배당소득세(보유기간과세),NYSE U.S. Big TECH 10 INDEX,미국,AI·테크,일반,20260813
473460,KR7473460004,KODEX 미국서학개미,삼성자산운용,0.25,183636250000,23695,23661.98,2023-12-27,주식,해외,실물(패시브),배당소득세(보유기간과세),iSelect 서학개미 지수(PR),기타,기타,일반,20260813
0144L0,KR70144L0006,KODEX 미국성장커버드콜액티브,삼성자산운용,0.49,357025500000,9945,9967.54,2025-12-23,주식,해외,실물(액티브),배당소득세(보유기간과세),NASDAQ 100,미국,광범위지수,일반,20260813
390400,KR7390400000,KODEX 미국스마트모빌리티S&P,삼성자산운용,0.09,7750000000,7750,7788.06,2021-06-30,주식,해외,실물(패시브),배당소득세(보유기간과세),S&P Kensho Smart Transportation,기타,기타,일반,20260813
0167Z0,KR70167Z0002,KODEX 미국우주항공,삼성자산운용,0.55,411778000000,9080,9076.01,2026-03-17,주식,해외,실물(패시브),배당소득세(보유기간과세),iSelect 미국우주항공지수(Price Return),미국,방산·우주,일반,20260813
0132H0,KR70132H0006,KODEX 미국원자력SMR,삼성자산운용,0.45,52411250000,9115,9085.41,2025-11-25,주식,해외,실물(패시브),배당소득세(보유기간과세),iSelect 미국원자력SMR 지수(Price Return),미국,에너지·원자력,일반,20260813
437080,KR7437080005,KODEX 미국종합채권ESG액티브(H),삼성자산운용,0.18,230897500000,97220,97167.49,2022-08-09,채권,해외,실물(액티브),배당소득세(보유기간과세),Bloomberg MSCI US Aggregate 2bn ex Securitized SRI Capped Index(Total Return),미국,광범위지수,일반,20260813
419420,KR7419420005,KODEX 미국클린에너지나스닥,삼성자산운용,0.45,12000000000,10000,9917.83,2022-03-22,주식,해외,실물(패시브),배당소득세(보유기간과세),Nasdaq Clean Edge Green Energy Index (Price Return),미국,에너지·원자력,일반,20260813
491090,KR7491090007,KODEX 미국테크TOP3플러스,삼성자산운용,0.3,31110000000,18300,18313.09,2024-09-10,주식,해외,실물(패시브),배당소득세(보유기간과세),KEDI 미국테크TOP3플러스 지수(Price Return),미국,AI·테크,일반,20260813
0038A0,KR70038A0008,KODEX 미국휴머노이드로봇,삼성자산운용,0.45,303499000000,15890,15878.26,2025-04-15,주식,해외,실물(패시브),배당소득세(보유기간과세),iSelect 미국 휴머노이드 로봇 지수(Price Return),미국,AI·테크,일반,20260813
244580,KR7244580007,KODEX 바이오,삼성자산운용,0.45,235632800000,9035,9053.27,2016-05-13,주식,국내,실물(패시브),비과세,FnGuide 바이오 지수,한국,바이오·헬스케어,일반,20260813
091160,KR7091160002,KODEX 반도체,삼성자산운용,0.45,5499087500000,123575,124059.11,2006-06-27,주식,국내,실물(패시브),비과세,KRX 반도체,한국,반도체,일반,20260813
494310,KR7494310006,KODEX 반도체레버리지,삼성자산운용,0.49,1009417500000,73950,74580.72,2024-10-22,주식,국내,실물(패시브),배당소득세(보유기간과세),KRX 반도체,한국,반도체,일반,20260813
0190G0,KR70190G0006,KODEX 반도체타겟위클리커버드콜,삼성자산운용,0.45,168829000000,8570,8562.63,2026-05-12,주식,국내,실물(패시브),배당소득세(보유기간과세),KRX 반도체 타겟 9% 분배 위클리 커버드콜 지수,한국,반도체,커버드콜,20260813
0100K0,KR70100K0009,KODEX 방산TOP10레버리지,삼성자산운용,0.64,45024000000,8040,8061.87,2025-09-16,주식,국내,실물(패시브),배당소득세(보유기간과세),iSelect 방산 TOP10 지수(Price Return),한국,방산·우주,일반,20260813
0080G0,KR70080G0009,KODEX 방산TOP10,삼성자산운용,0.45,389760000000,11600,11658.16,2025-07-15,주식,국내,실물(패시브),비과세,iSelect 방산 TOP10 지수(Price Return),한국,방산·우주,일반,20260813
325020,KR7325020006,KODEX 배당가치,삼성자산운용,0.3,91372500000,29475,29574.73,2019-05-31,주식,국내,실물(패시브),비과세,FnGuide SLV 배당가치 지수,한국,배당주,일반,20260813
244670,KR7244670006,KODEX 밸류Plus,삼성자산운용,0.3,6918000000,11530,11617.89,2016-05-13,주식,국내,실물(패시브),비과세,FnGuide 벨류 Plus 지수,한국,기타,일반,20260813
102780,KR7102780004,KODEX 삼성그룹,삼성자산운용,0.25,3391888500000,26355,26497.06,2008-05-21,주식,국내,실물(패시브),비과세,삼성그룹,한국,기타,일반,20260813
0177N0,KR70177N0004,KODEX 삼성전자SK하이닉스채권혼합50,삼성자산운용,0.07,1506400000000,14000,13965.46,2026-04-07,혼합자산,국내,실물(패시브),배당소득세(보유기간과세),Wise 삼성전자 SK하이닉스 채권혼합 지수,한국,개별종목,혼합,20260813
0193W0,KR70193W0003,KODEX 삼성전자단일종목레버리지,삼성자산운용,0.29,1797978875000,12845,12930.0,2026-05-27,주식,국내,실물(패시브),배당소득세(보유기간과세),KRX 삼성전자 지수,한국,개별종목,일반,20260813
448330,KR7448330001,KODEX 삼성전자채권혼합,삼성자산운용,0.07,1275786500000,17405,17474.18,2022-11-29,혼합자산,국내,실물(패시브),배당소득세(보유기간과세),Wise 삼성전자채권혼합 지수,한국,개별종목,혼합,20260813
325010,KR7325010007,KODEX 성장주,삼성자산운용,0.3,129600000000,43200,43078.27,2019-05-31,주식,국내,실물(패시브),비과세,FnGuide 성장 지수(PR),한국,기타,일반,20260813
385510,KR7385510003,KODEX 신재생에너지액티브,삼성자산운용,0.5,330078000000,39295,39448.74,2021-05-25,주식,국내,실물(액티브),배당소득세(보유기간과세),FnGuide K-신재생에너지 플러스 지수,한국,에너지·원자력,일반,20260813
446690,KR7446690000,KODEX 아시아AI반도체exChina액티브,삼성자산운용,0.5,34006500000,61830,61132.75,2023-02-01,주식,해외,실물(액티브),배당소득세(보유기간과세),iSelect 아시아반도체 제조동맹 지수(시장가격),기타,반도체,일반,20260813
437070,KR7437070006,KODEX 아시아달러채권ESG플러스액티브,삼성자산운용,0.18,38479320000,60885,61001.15,2022-08-09,채권,해외,실물(액티브),배당소득세(보유기간과세),Bloomberg MSCI EM Asia Investment Grade Credit SRI Index(Total Return),신흥국,채권·금리,일반,20260813
275300,KR7275300002,KODEX 우량주,삼성자산운용,0.3,50668500000,29805,30005.22,2017-07-11,주식,국내,실물(패시브),비과세,MSCI Korea IMI Quality Capped,한국,광범위지수,일반,20260813
0098F0,KR70098F0000,KODEX 원자력SMR,삼성자산운용,0.45,269340750000,15435,15517.39,2025-09-16,주식,국내,실물(패시브),비과세,iSelect 원자력SMR 지수(Price Return),한국,에너지·원자력,일반,20260813
395150,KR7395150006,KODEX 웹툰&드라마,삼성자산운용,0.45,9168000000,1910,1922.39,2021-07-30,주식,국내,실물(패시브),비과세,FnGuide 웹툰&드라마 지수,한국,기타,일반,20260813
456250,KR7456250000,KODEX 유럽명품TOP10 STOXX,삼성자산운용,0.45,10718000000,9320,9328.5,2023-04-25,주식,해외,실물(패시브),배당소득세(보유기간과세),STOXX Europe Luxury 10 Index(Price Return),유럽,기타,일반,20260813
400570,KR7400570008,KODEX 유럽탄소배출권선물ICE(H),삼성자산운용,0.64,12397000000,11270,11294.85,2021-09-30,기타,해외,실물(패시브),배당소득세(보유기간과세),ICE EUA Carbon Futures Index(Excess Return),기타,기타,일반,20260813
144600,KR7144600004,KODEX 은선물(H),삼성자산운용,0.68,783660000000,10590,10685.05,2011-07-18,원자재,해외,실물(패시브),배당소득세(보유기간과세),S&P GSCI Silver Index(TR),글로벌,원자재·금,일반,20260813
091170,KR7091170001,KODEX 은행,삼성자산운용,0.3,284000000000,16000,16066.78,2006-06-27,주식,국내,실물(패시브),비과세,KRX 은행,한국,금융,일반,20260813
453820,KR7453820003,KODEX 인도Nifty50레버리지(합성),삼성자산운용,0.39,16185000000,12450,12482.05,2023-04-21,주식,해외,합성(패시브),배당소득세(보유기간과세),Nifty 50 Index,인도,광범위지수,일반,20260813
453810,KR7453810004,KODEX 인도Nifty50,삼성자산운용,0.19,360084000000,12165,12265.33,2023-04-21,주식,해외,실물(패시브),배당소득세(보유기간과세),Nifty 50 Index,인도,광범위지수,일반,20260813
0000H0,KR70000H0005,KODEX 인도Nifty미드캡100,삼성자산운용,0.45,12477500000,10850,10904.21,2025-04-08,주식,해외,실물(패시브),배당소득세(보유기간과세),Nifty Midcap 100 Index(PR),인도,광범위지수,일반,20260813
477730,KR7477730006,KODEX 인도타타그룹,삼성자산운용,0.45,23640000000,7880,7890.78,2024-05-08,주식,해외,실물(패시브),배당소득세(보유기간과세),Nifty India Corporate Group Index - Tata Group 25% Cap(PR),인도,채권·금리,일반,20260813
352540,KR7352540009,KODEX 일본부동산리츠(H),삼성자산운용,0.3,38658000000,11370,11464.19,2020-05-13,부동산,해외,실물(패시브),배당소득세(분리과세부동산ETF),Tokyo Stock Exchange REIT Index,기타,리츠·부동산,일반,20260813
091180,KR7091180000,KODEX 자동차,삼성자산운용,0.45,428840000000,30200,30254.59,2006-06-27,주식,국내,실물(패시브),비과세,KRX 자동차,한국,자동차,일반,20260813
385520,KR7385520002,KODEX 자율주행액티브,삼성자산운용,0.5,35410500000,16470,16580.3,2021-05-25,주식,국내,실물(액티브),배당소득세(보유기간과세),FnGuide K-미래차 지수,한국,기타,일반,20260813
363570,KR7363570003,KODEX 장기종합채권(AA-이상)액티브,삼성자산운용,0.045,233490000000,86000,85929.2,2020-09-25,채권,국내,실물(액티브),배당소득세(보유기간과세),"KAP 한국장기종합채권지수(AA-이상, 총수익)",한국,채권·금리,일반,20260813
433970,KR7433970001,KODEX TDF2030액티브 적격,삼성자산운용,0.2,94050000000,14250,14197.01,2022-06-30,혼합자산,국내&해외,실물(액티브),배당소득세(보유기간과세),Samsung Korea Target Date 2030 Index (Price Return),국내+해외,자산배분·TDF,일반,20260813
433980,KR7433980000,KODEX TDF2040액티브 적격,삼성자산운용,0.25,189603750000,16275,16204.12,2022-06-30,혼합자산,국내&해외,실물(액티브),배당소득세(보유기간과세),Samsung Korea Target Date 2040 Index (Price Return),국내+해외,자산배분·TDF,일반,20260813
434060,KR7434060000,KODEX TDF2050액티브 적격,삼성자산운용,0.3,640399500000,17355,17288.71,2022-06-30,혼합자산,국내&해외,실물(액티브),배당소득세(보유기간과세),Samsung Korea Target Date 2050 Index (Price Return),국내+해외,자산배분·TDF,일반,20260813
0082V0,KR70082V0008,KODEX TDF2060액티브 적격,삼성자산운용,0.3,188209000000,11690,11573.41,2025-07-22,혼합자산,국내&해외,실물(액티브),배당소득세(보유기간과세),Samsung Korea Target Date 2060 Index,국내+해외,자산배분·TDF,일반,20260813
0209D0,KR70209D0008,KODEX 전고체배터리ESS TOP2플러스,삼성자산운용,0.5,109004000000,8015,8053.71,2026-06-23,주식,국내,실물(패시브),비과세,Akros 한국 전고체 배터리 ESS TOP2 플러스 지수(Price Return),한국,2차전지,일반,20260813
0115D0,KR70115D0001,KODEX 조선TOP10,삼성자산운용,0.45,206827500000,8175,8179.87,2025-10-28,주식,국내,실물(패시브),비과세,KRX 조선 TOP10,한국,조선·기계,일반,20260813
273130,KR7273130005,KODEX 종합채권(AA-이상)액티브,삼성자산운용,0.045,3367483155000,109665,109629.19,2017-06-29,채권,국내,실물(액티브),배당소득세(보유기간과세),KAP 한국종합채권지수,한국,채권·금리,일반,20260813
0153K0,KR70153K0005,KODEX 주주환원고배당주,삼성자산운용,0.33,150040000000,12100,12133.54,2026-01-20,주식,국내,실물(패시브),비과세,Akros 주주환원 고배당 지수 (Price Return),한국,배당주,일반,20260813
102970,KR7102970001,KODEX 증권,삼성자산운용,0.45,751362500000,19390,19457.4,2008-05-29,주식,국내,실물(패시브),비과세,KRX 증권,한국,금융,일반,20260813
419430,KR7419430004,KODEX 차이나2차전지MSCI(합성),삼성자산운용,0.25,28042000000,10015,10117.12,2022-03-22,주식,해외,합성(패시브),배당소득세(보유기간과세),MSCI China all shares IMI Select Batteries Index(Price Return),중국,2차전지,일반,20260813
0162L0,KR70162L0003,KODEX 차이나AI반도체TOP10,삼성자산운용,0.55,93272000000,14240,14160.02,2026-02-26,주식,해외,실물(패시브),배당소득세(보유기간과세),Indxx China AI Semiconductor Top 10 Index (Price Return),중국,반도체,일반,20260813
428510,KR7428510002,KODEX 차이나AI테크액티브,삼성자산운용,0.5,56782000000,25810,25491.83,2022-05-17,주식,해외,실물(액티브),배당소득세(보유기간과세),Bloomberg China Media & Tech Index PR,중국,AI·테크,일반,20260813
283580,KR7283580009,KODEX 차이나CSI300,삼성자산운용,0.12,265734000000,15960,15944.97,2017-12-13,주식,해외,실물(패시브),배당소득세(해외주식투자전용ETF),CSI 300 Index,중국,광범위지수,일반,20260813
169950,KR7169950003,KODEX 차이나A50,삼성자산운용,0.12,21164000000,26455,26714.93,2013-01-21,주식,해외,실물(패시브),배당소득세(해외주식투자전용ETF),FTSE China A50 Index,중국,기타,일반,20260813
204450,KR7204450001,KODEX 차이나H레버리지(H),삼성자산운용,0.64,23200000000,2320,2336.3,2014-09-12,주식,해외,실물(패시브),배당소득세(보유기간과세),Hang Seng China H,중국,기타,일반,20260813
099140,KR7099140006,KODEX 차이나H,삼성자산운용,0.12,33782250000,21795,21880.53,2007-10-10,주식,해외,실물(패시브),배당소득세(해외주식투자전용ETF),Hang Seng China H,중국,기타,일반,20260813
415340,KR7415340009,KODEX 차이나과창판STAR50(합성),삼성자산운용,0.09,31909050000,15415,15364.32,2022-01-13,주식,해외,합성(패시브),배당소득세(보유기간과세),STAR 50 Index(Price Return),기타,기타,일반,20260813
256750,KR7256750001,KODEX 차이나심천ChiNext(합성),삼성자산운용,0.47,51406495000,16805,16675.08,2016-11-08,주식,해외,합성(패시브),배당소득세(보유기간과세),SZSE ChiNext Price Index,기타,기타,일반,20260813
0065G0,KR70065G0008,KODEX 차이나테크TOP10,삼성자산운용,0.45,23868000000,9360,9440.59,2025-06-17,주식,해외,실물(패시브),배당소득세(보유기간과세),Hang Seng China Tech Top 10 Select Index (HKD) (Price Return),중국,AI·테크,일반,20260813
372330,KR7372330001,KODEX 차이나항셍테크,삼성자산운용,0.12,122677500000,7435,7397.21,2020-12-16,주식,해외,실물(패시브),배당소득세(보유기간과세),Hang Seng TECH Index,중국,AI·테크,일반,20260813
0048K0,KR70048K0004,KODEX 차이나휴머노이드로봇,삼성자산운용,0.45,159885000000,9405,9383.69,2025-05-13,주식,해외,실물(패시브),배당소득세(보유기간과세),Solactive China Humanoid Robotics Index (CNH) (Price Return),중국,AI·테크,일반,20260813
279540,KR7279540009,KODEX 최소변동성,삼성자산운용,0.3,12672000000,21120,21192.32,2017-10-17,주식,국내,실물(패시브),비과세,KRX 최소변동성지수,한국,기타,일반,20260813
445150,KR7445150006,KODEX 친환경조선해운액티브,삼성자산운용,0.5,53798000000,29080,29194.33,2022-11-15,주식,국내,실물(액티브),배당소득세(보유기간과세),FnGuide K-친환경 선박 지수,한국,기타,일반,20260813
211900,KR7211900006,KODEX 코리아배당성장,삼성자산운용,0.15,93109500000,28215,28418.84,2014-12-17,주식,국내,실물(패시브),비과세,코스피 배당성장 50,한국,배당주,일반,20260813
237370,KR7237370002,KODEX 코리아배당성장채권혼합,삼성자산운용,0.19,163800000000,15750,15748.64,2016-01-27,혼합자산,국내,실물(패시브),배당소득세(보유기간과세),배당성장채권혼합지수,한국,채권·금리,혼합,20260813
495850,KR7495850000,KODEX 코리아밸류업,삼성자산운용,0.008,674442000000,32040,32140.2,2024-11-04,주식,국내,실물(패시브),비과세,코리아 밸류업 지수,한국,배당주,일반,20260813
0115E0,KR70115E0000,KODEX 코리아소버린AI,삼성자산운용,0.45,68356000000,14860,14922.79,2025-10-21,주식,국내,실물(패시브),비과세,KRX 코리아 소버린 AI 지수,한국,AI·테크,일반,20260813
373490,KR7373490002,KODEX 코리아혁신성장액티브,삼성자산운용,0.5,14355000000,26100,25933.64,2020-12-24,주식,국내,실물(액티브),배당소득세(보유기간과세),FnGuide K-이노베이션 지수,한국,기타,일반,20260813
229200,KR7229200001,KODEX 코스닥150,삼성자산운용,0.25,5340580000000,14800,14822.76,2015-10-01,주식,국내,실물(패시브),비과세,코스닥 150,한국,광범위지수,일반,20260813
233740,KR7233740000,KODEX 코스닥150레버리지,삼성자산운용,0.64,4065105000000,7810,7852.97,2015-12-17,주식,국내,실물(패시브),배당소득세(보유기간과세),코스닥 150,한국,광범위지수,일반,20260813
360150,KR7360150007,KODEX 코스닥150롱코스피200숏선물,삼성자산운용,0.64,13714500000,3345,3341.99,2020-08-21,주식,국내,실물(패시브),배당소득세(보유기간과세),코스닥150 롱 100% 코스피200 숏 100% 선물지수,한국,광범위지수,일반,20260813
251340,KR7251340006,KODEX 코스닥150선물인버스,삼성자산운용,0.64,124509000000,2310,2311.52,2016-08-10,주식,국내,실물(패시브),배당소득세(보유기간과세),F-코스닥150 지수,한국,광범위지수,일반,20260813
461450,KR7461450009,KODEX 코스닥글로벌,삼성자산운용,0.09,24217500000,16145,16196.16,2023-06-29,주식,국내,실물(패시브),비과세,코스닥 글로벌 지수,한국,광범위지수,일반,20260813
226490,KR7226490001,KODEX 코스피,삼성자산운용,0.15,1103314000000,69830,70009.64,2015-08-24,주식,국내,실물(패시브),비과세,코스피,한국,광범위지수,일반,20260813
359210,KR7359210002,KODEX 코스피TR,삼성자산운용,0.07,88250000000,35300,35348.96,2020-07-21,주식,국내,실물(패시브),배당소득세(보유기간과세),코스피 TR,한국,광범위지수,일반,20260813
337140,KR7337140008,KODEX 코스피대형주,삼성자산운용,0.15,78804000000,35820,36048.37,2019-11-14,주식,국내,실물(패시브),비과세,코스피 대형주,한국,광범위지수,일반,20260813
138920,KR7138920004,KODEX 콩선물(H),삼성자산운용,0.68,5862500000,11725,11728.0,2011-03-15,원자재,해외,실물(패시브),배당소득세(보유기간과세),S&P GSCI Soybeans Index(TR),글로벌,기타,일반,20260813
244660,KR7244660007,KODEX 퀄리티Plus,삼성자산운용,0.3,4705000000,9410,9428.17,2016-05-13,주식,국내,실물(패시브),비과세,FnGuide 퀄리티 Plus 지수,한국,기타,일반,20260813
375770,KR7375770005,KODEX 탄소효율그린뉴딜,삼성자산운용,0.09,44091000000,24495,24695.66,2021-02-05,주식,국내,실물(패시브),비과세,KRX/S&P 탄소효율 그린뉴딜지수,한국,기타,일반,20260813
459560,KR7459560009,KODEX 테슬라밸류체인FactSet,삼성자산운용,0.18,33855000000,22570,22563.87,2023-06-08,주식,해외,실물(패시브),배당소득세(보유기간과세),FactSet TSLA Value Chain Index(PR),기타,기타,일반,20260813
475080,KR7475080008,KODEX 테슬라커버드콜채권혼합액티브,삼성자산운용,0.39,284620500000,7830,7835.32,2024-01-23,혼합자산,국내&해외,실물(액티브),배당소득세(보유기간과세),KEDI 테슬라 인컴 프리미엄 밸런스드 지수(TR),미국,개별종목,일반,20260813
266410,KR7266410000,KODEX 필수소비재,삼성자산운용,0.45,15520000000,9700,9738.04,2017-03-28,주식,국내,실물(패시브),비과세,KRX 필수소비재,한국,에너지·원자력,일반,20260813
298770,KR7298770009,KODEX 한국대만IT프리미어,삼성자산운용,0.55,90288000000,82080,81491.92,2018-06-11,주식,국내&해외,실물(패시브),배당소득세(보유기간과세),한국 대만 IT 프리미어지수,대만,AI·테크,일반,20260813
476800,KR7476800008,KODEX 한국부동산리츠인프라,삼성자산운용,0.09,485415750000,4245,4244.44,2024-03-05,부동산,국내,실물(패시브),비과세(분리과세부동산ETF),KRX 부동산리츠인프라 지수,한국,리츠·부동산,일반,20260813
450190,KR7450190004,KODEX 한중반도체(합성),삼성자산운용,0.25,30492000000,50820,49555.24,2022-12-22,주식,국내&해외,합성(패시브),배당소득세(보유기간과세),KRX CSI 한·중 반도체지수,중국,반도체,일반,20260813
450180,KR7450180005,KODEX 한중전기차(합성),삼성자산운용,0.25,7488000000,11520,11521.55,2022-12-22,주식,국내&해외,합성(패시브),배당소득세(보유기간과세),KRX CSI 한·중 전기차지수,중국,자동차,일반,20260813
266420,KR7266420009,KODEX 헬스케어,삼성자산운용,0.09,74500000000,18625,18501.22,2017-03-28,주식,국내,실물(패시브),비과세,KRX 헬스케어,한국,바이오·헬스케어,일반,20260813
364690,KR7364690008,KODEX 혁신기술테마액티브,삼성자산운용,0.3,23652000000,39420,39235.24,2020-09-29,주식,국내,실물(액티브),배당소득세(보유기간과세),코스피,한국,광범위지수,일반,20260813
0204D0,KR70204D0003,KODEX 현대차로보틱스밸류체인TOP3플러스,삼성자산운용,0.5,213278000000,6760,6794.89,2026-06-09,주식,국내&해외,실물(패시브),배당소득세(보유기간과세),Akros 현대차로보틱스 밸류체인 TOP3 플러스 지수 (PR),국내+해외,개별종목,일반,20260813
069500,KR7069500007,KODEX 200,삼성자산운용,0.15,25256721500000,107270,107650.84,2002-10-14,주식,국내,실물(패시브),비과세,코스피 200,한국,광범위지수,일반,20260813
321410,KR7321410003,KODEX 멀티에셋하이인컴(H),삼성자산운용,0.25,5312500000,10625,10698.14,2019-06-05,혼합자산,해외,실물(패시브),배당소득세(보유기간과세),Morningstar Multi-Asset High Income 10% Capped Index,기타,배당주,혼합,20260813
219480,KR7219480001,KODEX 미국S&P500선물(H),삼성자산운용,0.05,150412500000,33425,33425.21,2015-05-29,주식,해외,실물(패시브),배당소득세(보유기간과세),S&P 500 Futures Total Return Index,미국,광범위지수,일반,20260813
468370,KR7468370002,KODEX iShares미국인플레이션국채액티브,삼성자산운용,0.1,18928600000,11005,10991.92,2023-10-19,채권,해외,실물(액티브),배당소득세(보유기간과세),ICE U.S. Treasury Inflation Linked Bond Index(Total Return),미국,채권·금리,일반,20260813
468630,KR7468630009,KODEX iShares미국투자등급회사채액티브,삼성자산운용,0.1,33651800000,11180,11162.42,2023-10-19,채권,해외,실물(액티브),배당소득세(보유기간과세),iBoxx USD Liquid Investment Grade Index(Total Return),기타,기타,일반,20260813
176950,KR7176950004,KODEX 국채선물10년인버스,삼성자산운용,0.07,12643050000,60205,60288.58,2013-05-31,채권,국내,실물(패시브),배당소득세(보유기간과세),10년국채선물지수,한국,채권·금리,일반,20260813
152380,KR7152380002,KODEX 국채선물10년,삼성자산운용,0.07,20690670000,65065,64925.12,2012-01-20,채권,국내,실물(패시브),배당소득세(보유기간과세),10년국채선물지수,한국,채권·금리,일반,20260813
117700,KR7117700005,KODEX 건설,삼성자산운용,0.45,192764000000,6740,6769.76,2009-10-30,주식,국내,실물(패시브),비과세,KRX 건설,한국,조선·기계,일반,20260813
214980,KR7214980005,KODEX 단기채권PLUS,삼성자산운용,0.15,1839510830000,114490,114479.33,2015-03-03,채권,국내,실물(패시브),배당소득세(보유기간과세),KRW Cash PLUS 지수(총수익),한국,기타,일반,20260813
153130,KR7153130000,KODEX 단기채권,삼성자산운용,0.15,810523540000,113170,113144.91,2012-02-22,채권,국내,실물(패시브),배당소득세(보유기간과세),KRW Cash 지수(총수익),한국,기타,일반,20260813
122630,KR7122630007,KODEX 레버리지,삼성자산운용,0.64,6095188750000,107975,108681.67,2010-02-22,주식,국내,실물(패시브),배당소득세(보유기간과세),코스피 200,한국,광범위지수,일반,20260813
185680,KR7185680006,KODEX 미국S&P바이오(합성),삼성자산운용,0.25,25575900000,48075,48334.94,2013-10-31,주식,해외,합성(패시브),배당소득세(보유기간과세),S&P Biotechnology Select Industry Index,기타,AI·테크,일반,20260813
140700,KR7140700006,KODEX 보험,삼성자산운용,0.45,48375000000,19350,19410.93,2011-04-26,주식,국내,실물(패시브),비과세,KRX 보험,한국,금융,일반,20260813
213610,KR7213610009,KODEX 삼성그룹밸류,삼성자산운용,0.09,267036000000,22440,22578.93,2015-01-08,주식,국내,실물(패시브),비과세,WISE 삼성그룹 밸류 인덱스,한국,광범위지수,일반,20260813
117460,KR7117460006,KODEX 에너지화학,삼성자산운용,0.45,30510200000,14060,14029.78,2009-10-12,주식,국내,실물(패시브),비과세,KRX 에너지화학,한국,에너지·원자력,일반,20260813
140710,KR7140710005,KODEX 운송,삼성자산운용,0.45,10727000000,6310,6329.94,2011-04-26,주식,국내,실물(패시브),비과세,KRX 운송,한국,기타,일반,20260813
114800,KR7114800006,KODEX 인버스,삼성자산운용,0.64,688545300000,1039,1035.61,2009-09-16,주식,국내,실물(패시브),배당소득세(보유기간과세),코스피 200 선물지수,한국,광범위지수,일반,20260813
117680,KR7117680009,KODEX 철강,삼성자산운용,0.45,27552000000,12300,12310.8,2009-10-30,주식,국내,실물(패시브),비과세,KRX 철강,한국,기타,일반,20260813
487130,KR7487130007,KoAct AI인프라액티브,삼성액티브자산운용,0.5,43338000000,27960,28090.38,2024-07-09,주식,국내,실물(액티브),배당소득세(보유기간과세),Solactive AI인프라 지수,한국,AI·테크,일반,20260813
0074K0,KR70074K0001,KoAct K수출핵심기업TOP30액티브,삼성액티브자산운용,0.5,136675000000,17750,17810.25,2025-07-08,주식,국내,실물(액티브),배당소득세(보유기간과세),KEDI K수출핵심기업TOP30 지수(PR),한국,기타,일반,20260813
0222D0,KR70222D0001,KoAct 고배당액티브,삼성액티브자산운용,0.5,11451000000,10410,10445.18,2026-07-28,주식,국내,실물(액티브),배당소득세(보유기간과세),코스피 200 고배당지수,한국,배당주,일반,20260813
0219B0,KR70219B0008,KoAct 광통신&위성네트워크액티브,삼성액티브자산운용,0.5,9396000000,11745,11787.21,2026-07-14,주식,국내,실물(액티브),배당소득세(보유기간과세),FnGuide 저궤도위성 & 광통신 인프라 지수,한국,기타,일반,20260813
471040,KR7471040006,KoAct 글로벌AI&로봇액티브,삼성액티브자산운용,0.5,272767000000,30140,29976.02,2023-11-21,주식,국내&해외,실물(액티브),배당소득세(보유기간과세),iSelect 글로벌AI&로봇PR지수,글로벌,AI·테크,일반,20260813
0174B0,KR70174B0001,KoAct 글로벌AI메모리반도체액티브,삼성액티브자산운용,0.5,115002500000,14650,14505.73,2026-04-14,주식,국내&해외,실물(액티브),배당소득세(보유기간과세),Solactive 글로벌AI메모리반도체 지수 (PR),글로벌,반도체,일반,20260813
0132D0,KR70132D0000,KoAct 글로벌K컬처밸류체인액티브,삼성액티브자산운용,0.5,5192000000,9440,9550.24,2025-11-25,주식,국내&해외,실물(액티브),배당소득세(보유기간과세),KEDI 글로벌 K컬처밸류체인 지수(PR),글로벌,광범위지수,일반,20260813
0020H0,KR70020H0001,KoAct 글로벌양자컴퓨팅액티브,삼성액티브자산운용,0.5,50116500000,23865,23768.99,2025-03-11,주식,국내&해외,실물(액티브),배당소득세(보유기간과세),FactSet 글로벌양자컴퓨팅 PR 지수,글로벌,AI·테크,일반,20260813
475070,KR7475070009,KoAct 글로벌친환경전력인프라액티브,삼성액티브자산운용,0.5,39054000000,32545,32711.54,2024-01-18,주식,국내&해외,실물(액티브),배당소득세(보유기간과세),Solactive 글로벌친환경전력인프라 PR지수,글로벌,에너지·원자력,일반,20260813
0015B0,KR70015B0004,KoAct 미국나스닥성장기업액티브,삼성액티브자산운용,0.5,640746750000,19685,19645.58,2025-02-25,주식,해외,실물(액티브),배당소득세(보유기간과세),나스닥 종합주가지수,미국,기타,일반,20260813
0104H0,KR70104H0000,KoAct 미국나스닥채권혼합50액티브,삼성액티브자산운용,0.25,153191500000,12110,12096.61,2025-09-30,혼합자산,국내&해외,실물(액티브),배당소득세(보유기간과세),FnGuide 미국나스닥 금융채권혼합 지수,미국,금융,혼합,20260813
0186L0,KR70186L0005,KoAct 미국로봇피지컬AI액티브,삼성액티브자산운용,0.5,22770000000,9900,9863.93,2026-04-28,주식,해외,실물(액티브),배당소득세(보유기간과세),iSelect 미국로봇피지컬AI지수,미국,AI·테크,일반,20260813
0113G0,KR70113G0000,KoAct 미국바이오헬스케어액티브,삼성액티브자산운용,0.5,9664500000,11370,11395.46,2025-11-11,주식,해외,실물(액티브),배당소득세(보유기간과세),Solactive 미국바이오헬스케어지수 PR,미국,바이오·헬스케어,일반,20260813
497780,KR7497780007,KoAct 미국천연가스인프라액티브,삼성액티브자산운용,0.5,20072500000,10850,10930.85,2024-12-10,주식,해외,실물(액티브),배당소득세(보유기간과세),Solactive 미국천연가스인프라 PR 지수,미국,에너지·원자력,일반,20260813
490330,KR7490330008,KoAct 미국치매&뇌질환치료제액티브,삼성액티브자산운용,0.5,5425000000,15500,15530.17,2024-09-03,주식,해외,실물(액티브),배당소득세(보유기간과세),Solactive 미국뇌질환치료제 PR 지수,미국,기타,일반,20260813
462900,KR7462900002,KoAct 바이오헬스케어액티브,삼성액티브자산운용,0.5,407011500000,15330,15346.59,2023-08-03,주식,국내,실물(액티브),배당소득세(보유기간과세),iSelect 바이오헬스케어 PR 지수,한국,바이오·헬스케어,일반,20260813
482030,KR7482030004,KoAct 반도체&2차전지핵심소재액티브,삼성액티브자산운용,0.5,9754500000,9290,9336.12,2024-05-14,주식,국내,실물(액티브),배당소득세(보유기간과세),iSelect 반도체&2차전지핵심소재 지수,한국,반도체,일반,20260813
476850,KR7476850003,KoAct 배당성장액티브,삼성액티브자산운용,0.5,99781000000,21230,21250.87,2024-02-27,주식,국내,실물(액티브),배당소득세(보유기간과세),코스피,한국,광범위지수,일반,20260813
0051A0,KR70051A0000,KoAct 브로드컴밸류체인액티브,삼성액티브자산운용,0.5,15447000000,25745,25693.49,2025-05-20,주식,해외,실물(액티브),배당소득세(보유기간과세),FactSet 브로드컴밸류체인 지수,기타,광범위지수,일반,20260813
0150K0,KR70150K0008,KoAct 수소전력ESS인프라액티브,삼성액티브자산운용,0.5,30623250000,10745,10794.72,2026-01-13,주식,국내,실물(액티브),배당소득세(보유기간과세),FnGuide 수소전력ESS인프라 지수(PR),한국,에너지·원자력,일반,20260813
0154H0,KR70154H0009,KoAct 차이나바이오헬스케어액티브,삼성액티브자산운용,0.5,5478000000,9130,9084.46,2026-01-27,주식,해외,실물(액티브),배당소득세(보유기간과세),Solactive 차이나바이오헬스케어지수 PR,기타,바이오·헬스케어,일반,20260813
495230,KR7495230005,KoAct 코리아밸류업액티브,삼성액티브자산운용,0.5,248953500000,30735,30960.55,2024-11-04,주식,국내,실물(액티브),배당소득세(보유기간과세),코리아 밸류업 지수,한국,배당주,일반,20260813
0163Y0,KR70163Y0007,KoAct 코스닥액티브,삼성액티브자산운용,0.5,476121750000,9165,9207.88,2026-03-10,주식,국내,실물(액티브),배당소득세(보유기간과세),코스닥,한국,광범위지수,일반,20260813
0193G0,KR70193G0003,KoAct 코스피액티브,삼성액티브자산운용,0.5,126375000000,8425,8376.31,2026-05-19,주식,국내,실물(액티브),배당소득세(보유기간과세),코스피,한국,광범위지수,일반,20260813
0093D0,KR70093D0007,KoAct 팔란티어밸류체인액티브,삼성액티브자산운용,0.5,25056000000,18560,18525.91,2025-08-26,주식,국내&해외,실물(액티브),배당소득세(보유기간과세),KEDI 팔란티어밸류체인지수(PR),미국,개별종목,일반,20260813
411540,KR7411540008,SOL 200 Top10,신한자산운용,0.15,24647000000,17605,17725.92,2021-12-09,주식,국내,실물(패시브),비과세,코스피 200 Top 10 지수,한국,광범위지수,일반,20260813
295040,KR7295040000,SOL 200TR,신한자산운용,0.05,989412000000,40220,40372.04,2018-04-23,주식,국내,실물(패시브),배당소득세(보유기간과세),코스피 200 TR,한국,광범위지수,일반,20260813
0167B0,KR70167B0000,SOL 200타겟위클리커버드콜,신한자산운용,0.3,673561500000,11755,11827.17,2026-03-17,주식,국내,실물(패시브),배당소득세(보유기간과세),코스피 200 타겟 15% 위클리 커버드콜 지수,한국,광범위지수,커버드콜,20260813
488980,KR7488980004,SOL 26-12 회사채(AA-이상)액티브,신한자산운용,0.05,230373300000,52050,52036.02,2024-10-08,채권,국내,실물(액티브),배당소득세(보유기간과세),"KAP 26-12 크레딧 채권지수(AA-이상, 총수익)",한국,채권·금리,일반,20260813
0092C0,KR70092C0009,SOL 27-12 회사채(AA-이상)액티브,신한자산운용,0.05,226961730000,50235,50199.49,2025-08-19,채권,국내,실물(액티브),배당소득세(보유기간과세),"KAP 27-12 크레딧 채권지수(AA-이상, 총수익)",한국,채권·금리,일반,20260813
455860,KR7455860007,SOL 2차전지소부장Fn,신한자산운용,0.45,106898000000,4520,4534.23,2023-04-25,주식,국내,실물(패시브),비과세,FnGuide 2차전지 소부장 지수(PR),한국,2차전지,일반,20260813
0167A0,KR70167A0001,SOL AI반도체TOP2플러스,신한자산운용,0.45,5676582000000,17580,17663.21,2026-03-17,주식,국내,실물(패시브),비과세,FnGuide AI반도체 TOP2 플러스 지수(PR),한국,반도체,일반,20260813
455850,KR7455850008,SOL AI반도체소부장,신한자산운용,0.45,1007506500000,23790,23964.52,2023-04-25,주식,국내,실물(패시브),비과세,FnGuide AI 반도체 소부장 지수,한국,반도체,일반,20260813
497880,KR7497880005,SOL CD금리&머니마켓액티브,신한자산운용,0.05,264353980000,50105,50090.5,2024-11-26,채권,국내,실물(액티브),배당소득세(보유기간과세),KAP CD&단기자금시장지수(PR),한국,채권·금리,일반,20260813
363510,KR7363510009,SOL KIS단기통안채,신한자산운용,0.07,12438660000,112060,112010.38,2020-09-09,채권,국내,실물(패시브),배당소득세(보유기간과세),KIS 단기통안채 Index(총수익),한국,채권·금리,일반,20260813
292500,KR7292500006,SOL KRX300,신한자산운용,0.05,24505000000,49010,48736.18,2018-03-26,주식,국내,실물(패시브),비과세,KRX 300,한국,광범위지수,일반,20260813
404650,KR7404650004,SOL KRX기후변화솔루션,신한자산운용,0.15,14241000000,23735,23857.52,2021-10-29,주식,국내,실물(패시브),비과세,KRX 기후변화 솔루션지수,한국,기타,일반,20260813
490480,KR7490480001,SOL K방산,신한자산운용,0.45,88192500000,32070,32040.54,2024-10-02,주식,국내,실물(패시브),비과세,KEDI K방산 지수(PR),한국,방산·우주,일반,20260813
0197W0,KR70197W0009,SOL SK하이닉스단일종목레버리지,신한자산운용,0.1,53584500000,7710,7737.7,2026-05-27,주식,국내,실물(패시브),배당소득세(보유기간과세),KRX SK하이닉스 지수,한국,개별종목,일반,20260813
0197X0,KR70197X0008,SOL SK하이닉스선물단일종목인버스2X,신한자산운용,0.1,66185000000,8540,8570.0,2026-05-27,주식,국내,실물(패시브),배당소득세(보유기간과세),KRX SK하이닉스 선물 지수,한국,개별종목,일반,20260813
438570,KR7438570004,SOL 국고채10년,신한자산운용,0.05,106611400000,98350,98300.19,2022-09-06,채권,국내,실물(패시브),배당소득세(보유기간과세),KAP 국고채10년지수(총수익지수),한국,채권·금리,일반,20260813
474390,KR7474390002,SOL 국고채30년액티브,신한자산운용,0.05,5341910000,39865,39757.63,2024-01-16,채권,국내,실물(액티브),배당소득세(보유기간과세),KAP 국고채30년 지수(TR),한국,채권·금리,일반,20260813
438560,KR7438560005,SOL 국고채3년,신한자산운용,0.05,75784540000,100510,100444.25,2022-09-06,채권,국내,실물(패시브),배당소득세(보유기간과세),KAP 국고채3년지수(총수익지수),한국,채권·금리,일반,20260813
0022T0,KR70022T0005,SOL 국제금커버드콜액티브,신한자산운용,0.45,70356000000,13530,13657.42,2025-03-11,원자재,해외,실물(액티브),배당소득세(보유기간과세),KEDI 골드인컴프리미엄 지수(NTR),기타,원자재·금,일반,20260813
0066W0,KR70066W0007,SOL 국제금,신한자산운용,0.05,86034250000,13135,13270.83,2025-06-17,원자재,해외,실물(패시브),배당소득세(보유기간과세),KEDI 국제금현물 ETF 가격지수(PR),기타,기타,일반,20260813
423170,KR7423170000,SOL 글로벌AI반도체탑픽액티브,신한자산운용,0.55,260646400000,58180,58157.16,2022-04-12,주식,국내&해외,실물(액티브),배당소득세(보유기간과세),S&P Global Semiconductor Korea Tilted Index(PR),글로벌,반도체,일반,20260813
400590,KR7400590006,SOL 글로벌탄소배출권선물ICE(합성),신한자산운용,0.55,7103500000,14207,14324.51,2021-09-30,기타,해외,합성(패시브),배당소득세(보유기간과세),ICE Global Carbon Futures Index(Excess Return),글로벌,기타,일반,20260813
484880,KR7484880000,SOL 금융지주플러스고배당,신한자산운용,0.3,371825500000,22265,22417.28,2024-06-25,주식,국내,실물(패시브),비과세,FnGuide 금융지주플러스고배당 지수(PR),한국,금융,일반,20260813
484890,KR7484890009,SOL 머니마켓액티브,신한자산운용,0.05,13120000000,52480,52454.89,2024-06-25,채권,국내,실물(액티브),배당소득세(보유기간과세),KAP 시가 MMF 지수(TR),한국,채권·금리,일반,20260813
461600,KR7461600009,SOL 미국30년국채액티브(H),신한자산운용,0.05,26239500000,8330,8319.56,2023-07-11,채권,해외,실물(액티브),배당소득세(보유기간과세),KAP 미국채 20Y+ 지수(시장가격),미국,채권·금리,일반,20260813
473330,KR7473330009,SOL 미국30년국채커버드콜(합성),신한자산운용,0.25,287227000000,8230,8239.09,2023-12-27,채권,해외,합성(패시브),배당소득세(보유기간과세),KEDI 미국 국채 20년+ 커버드콜 지수(NTR),미국,채권·금리,커버드콜,20260813
494210,KR7494210008,SOL 미국500타겟데일리커버드콜액티브,신한자산운용,0.35,7931000000,11330,11307.31,2024-10-15,주식,해외,실물(액티브),배당소득세(보유기간과세),KEDI 미국퀄리티500+월1%프리미엄 지수(NTR),미국,기타,일반,20260813
479620,KR7479620007,SOL 미국AI반도체칩메이커,신한자산운용,0.45,94447750000,26605,26482.94,2024-04-16,주식,해외,실물(패시브),배당소득세(보유기간과세),Solactive US AI Semiconductor Chip Makers Index(PR),미국,반도체,일반,20260813
481180,KR7481180008,SOL 미국AI소프트웨어,신한자산운용,0.45,144550000000,16520,16590.11,2024-05-14,주식,해외,실물(패시브),배당소득세(보유기간과세),KEDI 미국 AI 소프트웨어지수(PR),미국,AI·테크,일반,20260813
486450,KR7486450000,SOL 미국AI전력인프라,신한자산운용,0.45,254093750000,21625,21351.63,2024-07-16,주식,해외,실물(패시브),배당소득세(보유기간과세),KEDI 미국AI전력인프라 지수(PR),미국,AI·테크,일반,20260813
433330,KR7433330008,SOL 미국S&P500,신한자산운용,0.05,298745500000,22805,22772.23,2022-06-21,주식,해외,실물(패시브),배당소득세(보유기간과세),S&P 500,미국,광범위지수,일반,20260813
399110,KR7399110006,SOL 미국S&P500ESG,신한자산운용,0.15,122472000000,21870,21758.1,2021-09-14,주식,해외,실물(패시브),배당소득세(보유기간과세),S&P500 Scored&Screened(PR),미국,광범위지수,일반,20260813
0080X0,KR70080X0008,SOL 미국S&P500미국채혼합50,신한자산운용,0.15,78004500000,11305,11332.52,2025-07-15,혼합자산,해외,실물(패시브),배당소득세(보유기간과세),S&P 500 and iBoxx $ Treasuries 7-10Y 5050 Blend Index(USD) PR/TR Hybrid,미국,광범위지수,일반,20260813
499150,KR7499150001,SOL 미국S&P500엔화노출(H),신한자산운용,0.15,5615000000,11230,11219.82,2024-12-03,주식,해외,실물(패시브),배당소득세(보유기간과세),S&P500 Yen Hedged Index(PR),미국,광범위지수,일반,20260813
447620,KR7447620006,SOL 미국TOP5채권혼합50,신한자산운용,0.25,124839000000,16005,16027.48,2022-11-29,혼합자산,국내&해외,실물(패시브),배당소득세(보유기간과세),Solactive US TOP5 Balanced50 Index(PR),미국,기타,일반,20260813
476030,KR7476030002,SOL 미국나스닥100,신한자산운용,0.05,134824000000,17740,17707.04,2024-03-12,주식,해외,실물(패시브),배당소득세(보유기간과세),NASDAQ 100,미국,광범위지수,일반,20260813
0118S0,KR70118S0001,SOL 미국넥스트테크TOP10액티브,신한자산운용,0.55,53636000000,11660,11642.42,2025-10-28,주식,해외,실물(액티브),배당소득세(보유기간과세),KEDI 미국넥스트테크TOP10(PR),미국,AI·테크,일반,20260813
493420,KR7493420004,SOL 미국배당다우존스2호,신한자산운용,0.05,27342000000,13020,13046.92,2024-10-08,주식,해외,실물(패시브),배당소득세(보유기간과세),Dow Jones U.S. Dividend 100 Index(TR),미국,배당주,일반,20260813
446720,KR7446720005,SOL 미국배당다우존스,신한자산운용,0.01,1047924000000,14085,14114.08,2022-11-15,주식,해외,실물(패시브),배당소득세(보유기간과세),Dow Jones U.S. Dividend 100 Price Return Index,미국,배당주,일반,20260813
490490,KR7490490000,SOL 미국배당미국채혼합50,신한자산운용,0.15,482512000000,11380,11381.44,2024-09-24,혼합자산,해외,실물(패시브),배당소득세(보유기간과세),KRX 다우존스 미국배당국채 혼합지수,미국,채권·금리,혼합,20260813
0023A0,KR70023A0005,SOL 미국양자컴퓨팅TOP10,신한자산운용,0.45,456959250000,27445,27516.17,2025-03-11,주식,해외,실물(패시브),배당소득세(보유기간과세),KEDI 미국양자컴퓨팅 TOP10(PR),미국,AI·테크,일반,20260813
0181L0,KR70181L0000,SOL 미국우주항공TOP10,신한자산운용,0.45,68704500000,8430,8424.64,2026-04-21,주식,해외,실물(패시브),배당소득세(보유기간과세),KEDI 미국우주항공 TOP10(PR),미국,방산·우주,일반,20260813
0051G0,KR70051G0004,SOL 미국원자력SMR,신한자산운용,0.45,174807500000,14270,14215.83,2025-05-20,주식,해외,실물(패시브),배당소득세(보유기간과세),KEDI 미국원자력 SMR 지수(PR),미국,에너지·원자력,일반,20260813
481190,KR7481190007,SOL 미국테크TOP10,신한자산운용,0.05,290173000000,17170,17156.18,2024-05-21,주식,해외,실물(패시브),배당소득세(보유기간과세),Solactive US Tech TOP 10 Custom Index(PR),미국,AI·테크,일반,20260813
475300,KR7475300000,SOL 반도체전공정,신한자산운용,0.45,301934500000,21490,21622.08,2024-02-14,주식,국내,실물(패시브),비과세,FnGuide 반도체 전공정 지수(PR),한국,반도체,일반,20260813
475310,KR7475310009,SOL 반도체후공정,신한자산운용,0.45,70950000000,25800,25921.15,2024-02-14,주식,국내,실물(패시브),비과세,FnGuide 반도체 후공정 지수(PR),한국,반도체,일반,20260813
0152E0,KR70152E0004,SOL 배당성향탑픽액티브,신한자산운용,0.3,26520000000,11050,11094.57,2026-01-13,주식,국내,실물(액티브),배당소득세(보유기간과세),FnGuide 배당성향탑픽 지수(PR),한국,배당주,일반,20260813
0207G0,KR70207G0007,SOL 우주항공밸류체인,신한자산운용,0.45,43384000000,7480,7490.1,2026-06-16,주식,국내,실물(패시브),비과세,Akros 우주항공밸류체인 지수(PR),한국,방산·우주,일반,20260813
400580,KR7400580007,SOL 유럽탄소배출권선물S&P(H),신한자산운용,0.55,5780000000,11560,11627.99,2021-09-30,기타,해외,실물(패시브),배당소득세(보유기간과세),S&P GSCI Carbon Emission Allowances(EUA)(EUR)ER,글로벌,기타,일반,20260813
464610,KR7464610005,SOL 의료기기소부장Fn,신한자산운용,0.45,12037500000,8025,8018.67,2023-08-22,주식,국내,실물(패시브),비과세,FnGuide 의료기기소부장지수(PR),한국,바이오·헬스케어,일반,20260813
466930,KR7466930005,SOL 자동차TOP3플러스,신한자산운용,0.45,225472500000,27330,27509.16,2023-10-05,주식,국내,실물(패시브),비과세,FnGuide 자동차TOP3플러스지수(PR),한국,자동차,일반,20260813
464600,KR7464600006,SOL 자동차소부장Fn,신한자산운용,0.45,23773750000,25025,24942.5,2023-08-22,주식,국내,실물(패시브),비과세,FnGuide 자동차소부장지수(PR),한국,자동차,일반,20260813
0005D0,KR70005D0004,SOL 전고체배터리&실리콘음극재,신한자산운용,0.45,143550000000,14500,14542.88,2025-01-07,주식,국내,실물(패시브),비과세,FnGuide 전고체배터리&실리콘음극재 지수(PR),한국,2차전지,일반,20260813
0080Y0,KR70080Y0007,SOL 조선TOP3플러스레버리지,신한자산운용,0.5,124777500000,9825,9845.92,2025-07-15,주식,국내,실물(패시브),배당소득세(보유기간과세),FnGuide 조선TOP3플러스지수(PR),한국,조선·기계,일반,20260813
466920,KR7466920006,SOL 조선TOP3플러스,신한자산운용,0.45,1566747500000,29285,29369.99,2023-10-05,주식,국내,실물(패시브),비과세,FnGuide 조선TOP3플러스지수(PR),한국,조선·기계,일반,20260813
0141S0,KR70141S0002,SOL 조선기자재,신한자산운용,0.45,57541750000,8785,8820.3,2025-12-16,주식,국내,실물(패시브),비과세,FnGuide 조선기자재 지수(PR),한국,조선·기계,일반,20260813
0141T0,KR70141T0001,SOL 중기종합채권(AA-이상)액티브,신한자산운용,0.05,41459560000,50315,50281.64,2025-12-16,채권,국내,실물(액티브),배당소득세(보유기간과세),"KAP K-중기종합채권지수(AA-이상,총수익)",한국,채권·금리,일반,20260813
0016X0,KR70016X0007,SOL 중단기회사채(A-이상)액티브,신한자산운용,0.05,420059040000,51440,51409.98,2025-02-18,채권,국내,실물(액티브),배당소득세(보유기간과세),KIS 중단기크레딧플러스채권(AA+~A-)지수(총수익),한국,채권·금리,일반,20260813
220130,KR7220130009,SOL 차이나강소기업CSI500(합성 H),신한자산운용,0.6,5620000000,7025,7025.36,2015-06-08,주식,해외,합성(패시브),배당소득세(보유기간과세),CSI 500 지수,중국,광범위지수,일반,20260813
0131A0,KR70131A0004,SOL 차이나소비트렌드,신한자산운용,0.45,4710000000,7850,7969.8,2025-11-25,주식,해외,실물(패시브),배당소득세(보유기간과세),SOLACTIVE-KEDI CHINA CONSUMER TREND INDEX(PR),중국,소비재,일반,20260813
415760,KR7415760008,SOL 차이나육성산업액티브(합성),신한자산운용,0.55,19223600000,14135,14302.49,2022-01-13,주식,해외,합성(액티브),배당소득세(보유기간과세),STAR 50 Index(Price Return),기타,기타,일반,20260813
413220,KR7413220005,SOL 차이나태양광CSI(합성),신한자산운용,0.5,5916000000,4930,4977.99,2021-12-22,주식,해외,합성(패시브),배당소득세(보유기간과세),CSI Photovoltaic Industry Index(PR),중국,광범위지수,일반,20260813
469830,KR7469830004,SOL 초단기채권액티브,신한자산운용,0.05,1005418800000,54300,54272.93,2023-11-07,채권,국내,실물(액티브),배당소득세(보유기간과세),KAP 단기자금시장지수,한국,채권·금리,일반,20260813
0105E0,KR70105E0002,SOL 코리아고배당,신한자산운용,0.159,539707500000,13005,13003.4,2025-09-23,주식,국내,실물(패시브),비과세,FnGuide 코리아 고배당 지수(PR),한국,배당주,일반,20260813
444200,KR7444200000,SOL 코리아메가테크액티브,신한자산운용,0.55,532768500000,46530,46844.05,2022-10-18,주식,국내,실물(액티브),배당소득세(보유기간과세),KEDI 메가테크지수(PR),한국,AI·테크,일반,20260813
495550,KR7495550006,SOL 코리아밸류업TR,신한자산운용,0.05,192669750000,32935,32867.05,2024-11-04,주식,국내,실물(패시브),배당소득세(보유기간과세),코리아 밸류업 TR 지수,한국,배당주,일반,20260813
450910,KR7450910005,SOL 코스닥150,신한자산운용,0.15,37145600000,14510,14522.62,2023-01-31,주식,국내,실물(패시브),비과세,코스닥 150,한국,광범위지수,일반,20260813
0192T0,KR70192T0009,SOL 코스닥TOP10,신한자산운용,0.15,34100000000,7750,7749.91,2026-05-19,주식,국내,실물(패시브),비과세,코스닥 TOP 10 지수,한국,광범위지수,일반,20260813
0192S0,KR70192S0000,SOL 코스피200채권혼합50,신한자산운용,0.15,19771500000,9415,9429.79,2026-05-19,혼합자산,국내,실물(패시브),배당소득세(보유기간과세),코스피 200 KTB 혼합지수,한국,채권·금리,혼합,20260813
0040X0,KR70040X0007,SOL 팔란티어미국채커버드콜혼합,신한자산운용,0.35,179357500000,9695,9722.09,2025-04-22,혼합자산,해외,실물(패시브),배당소득세(보유기간과세),KEDI 팔란티어미국채커버드콜혼합지수(NTR),미국,개별종목,커버드콜,20260813
0040Y0,KR70040Y0006,SOL 팔란티어커버드콜OTM채권혼합,신한자산운용,0.35,357656250000,8175,8184.24,2025-04-22,혼합자산,국내&해외,실물(패시브),배당소득세(보유기간과세),KEDI 팔란티어커버드콜OTM 채권혼합지수(NTR),미국,개별종목,커버드콜,20260813
0105D0,KR70105D0003,SOL 한국AI소프트웨어,신한자산운용,0.45,19446500000,10235,10275.43,2025-09-23,주식,국내,실물(패시브),비과세,KEDI 한국AI소프트웨어 지수(PR),한국,AI·테크,일반,20260813
0092B0,KR70092B0000,SOL 한국원자력SMR,신한자산운용,0.45,122715000000,15150,15210.97,2025-08-19,주식,국내,실물(패시브),비과세,FnGuide 한국원자력 SMR 지수(PR),한국,에너지·원자력,일반,20260813
429980,KR7429980006,SOL 한국형글로벌전기차&2차전지액티브,신한자산운용,0.55,8912500000,17825,17889.32,2022-06-14,주식,국내&해외,실물(액티브),배당소득세(보유기간과세),FactSet Global Electric Vehicle and Rechargeable Battery Korea-Tilted Index(PR),글로벌,2차전지,일반,20260813
0008T0,KR70008T0003,SOL 화장품TOP3플러스,신한자산운용,0.45,91000000000,17500,17595.05,2025-01-21,주식,국내,실물(패시브),비과세,FnGuide 화장품TOP3 플러스 지수(PR),한국,소비재,일반,20260813
452360,KR7452360001,SOL 미국배당다우존스(H),신한자산운용,0.05,221842500000,13445,13418.91,2023-03-21,주식,해외,실물(패시브),배당소득세(보유기간과세),Dow Jones U.S. Dividend 100 Price Return Index,미국,배당주,일반,20260813
436140,KR7436140008,SOL 종합채권(AA-이상)액티브,신한자산운용,0.04,1304056485000,105995,105923.3,2022-08-09,채권,국내,실물(액티브),배당소득세(보유기간과세),"KAP K-종합채권지수(AA-이상, 총수익)",한국,채권·금리,일반,20260813
462340,KR7462340001,에셋플러스 글로벌다이나믹시니어액티브,에셋플러스자산운용,0.99,8597500000,17195,17114.42,2023-07-25,주식,해외,실물(액티브),배당소득세(보유기간과세),S&P 500,미국,광범위지수,일반,20260813
433220,KR7433220001,에셋플러스 글로벌대장장이액티브,에셋플러스자산운용,0.99,23354400000,31560,31494.43,2022-06-28,주식,해외,실물(액티브),배당소득세(보유기간과세),S&P 500,미국,광범위지수,일반,20260813
451150,KR7451150007,에셋플러스 글로벌영에이지액티브,에셋플러스자산운용,0.99,11389400000,18370,18371.6,2023-01-31,주식,해외,실물(액티브),배당소득세(보유기간과세),S&P 500,미국,광범위지수,일반,20260813
477490,KR7477490007,에셋플러스 글로벌일등기업포커스10액티브,에셋플러스자산운용,0.99,17865000000,19850,19882.65,2024-03-19,주식,해외,실물(액티브),배당소득세(보유기간과세),MSCI World,글로벌,광범위지수,일반,20260813
407830,KR7407830009,에셋플러스 글로벌플랫폼액티브,에셋플러스자산운용,0.99,34140000000,14225,14248.45,2021-11-16,주식,해외,실물(액티브),배당소득세(보유기간과세),S&P 500,미국,광범위지수,일반,20260813
0002C0,KR70002C0008,에셋플러스 인도일등기업포커스20액티브,에셋플러스자산운용,0.99,11005200000,10190,10154.68,2025-02-25,주식,해외,실물(액티브),배당소득세(보유기간과세),MSCI India IMI Index(PR),인도,광범위지수,일반,20260813
474920,KR7474920006,에셋플러스 차이나일등기업포커스10액티브,에셋플러스자산운용,0.99,18165500000,19325,19291.62,2024-01-16,주식,해외,실물(액티브),배당소득세(보유기간과세),"MSCI China Index(USD, Price Return)",중국,광범위지수,일반,20260813
442090,KR7442090007,에셋플러스 코리아대장장이액티브,에셋플러스자산운용,0.975,45165000000,30110,29932.8,2022-09-20,주식,국내,실물(액티브),배당소득세(보유기간과세),FnGuide 대장장이 지수(Price Return),한국,기타,일반,20260813
407820,KR7407820000,에셋플러스 코리아플랫폼액티브,에셋플러스자산운용,0.975,11619000000,6455,6418.19,2021-11-16,주식,국내,실물(액티브),배당소득세(보유기간과세),FnGuide 플랫폼 지수(Price Return),한국,AI·테크,일반,20260813
448100,KR7448100008,WON 200,우리자산운용,0.05,124200000000,110400,110806.64,2022-12-16,주식,국내,실물(패시브),비과세,코스피 200,한국,광범위지수,일반,20260813
413930,KR7413930009,WON AI ESG액티브,우리자산운용,0.31,15309250000,27835,27709.39,2022-01-05,주식,국내,실물(액티브),배당소득세(보유기간과세),MK-iSelect AI ESG 지수(시장가격지수),한국,AI·테크,일반,20260813
0088N0,KR70088N0002,WON K-글로벌수급상위,우리자산운용,0.69,13737500000,10990,10968.67,2025-08-12,주식,국내,실물(패시브),비과세,DeepSearch 외인수급 Top20 지수,한국,기타,일반,20260813
458030,KR7458030004,WON 국공채머니마켓액티브,우리자산운용,0.065,77961640000,54980,54954.49,2023-05-31,채권,국내,실물(액티브),배당소득세(보유기간과세),KAP 국공채 머니마켓 총수익 지수,한국,기타,일반,20260813
426150,KR7426150009,WON 대한민국국고채액티브,우리자산운용,0.07,30650830000,50915,50919.79,2022-05-11,채권,국내,실물(액티브),배당소득세(보유기간과세),KAP 한국 국고채 총수익 지수,한국,채권·금리,일반,20260813
0177A0,KR70177A0009,WON 두산그룹포커스,우리자산운용,0.33,22368500000,9130,9154.4,2026-03-31,주식,국내,실물(패시브),비과세,iSelect 두산그룹 포커스 지수,한국,기타,일반,20260813
444490,KR7444490007,WON 미국S&P500,우리자산운용,0.05,90042000000,20940,20912.2,2022-10-06,주식,해외,실물(패시브),배당소득세(보유기간과세),S&P 500,미국,광범위지수,일반,20260813
489290,KR7489290007,WON 미국빌리어네어,우리자산운용,0.49,27990000000,15550,15510.35,2024-09-03,주식,해외,실물(패시브),배당소득세(보유기간과세),Bloomberg US Billionaires Investment Select Index(PR),미국,기타,일반,20260813
440910,KR7440910008,WON 미국우주항공방산,우리자산운용,0.35,62282000000,28310,28343.25,2022-08-26,주식,해외,실물(패시브),배당소득세(보유기간과세),S&P Aerospace & Defense Select Industry Index(PR),기타,방산·우주,일반,20260813
474590,KR7474590007,WON 반도체밸류체인액티브,우리자산운용,0.31,348444250000,43285,43378.1,2024-01-16,주식,국내,실물(액티브),배당소득세(보유기간과세),FnGuide 반도체 밸류체인 (Price Return) 지수,한국,반도체,일반,20260813
0203S0,KR70203S0007,WON 삼성전자현대차채권혼합50,우리자산운용,0.18,29480000000,8800,8806.1,2026-06-02,혼합자산,국내,실물(패시브),배당소득세(보유기간과세),KAP 삼성전자현대차채권혼합지수,한국,개별종목,혼합,20260813
496020,KR7496020009,WON 전단채플러스액티브,우리자산운용,0.05,341275500000,52375,52363.68,2024-11-19,채권,국내,실물(액티브),배당소득세(보유기간과세),KIS 전단채플러스 TR 지수,한국,기타,일반,20260813
488720,KR7488720004,WON 종합채권(AA-이상)액티브,우리자산운용,0.045,129732480000,48480,48500.52,2024-08-06,채권,국내,실물(액티브),배당소득세(보유기간과세),KIS 종합채권시장 총수익지수(AA-이상),한국,채권·금리,일반,20260813
0203R0,KR70203R0008,WON 중단기종합채권(A-이상)액티브,우리자산운용,0.091,19164160000,50432,50428.97,2026-06-02,채권,국내,실물(액티브),배당소득세(보유기간과세),KAP 중단기 종합채권 총수익 지수(A-이상),한국,채권·금리,일반,20260813
0154F0,KR70154F0001,WON 초대형IB&금융지주,우리자산운용,0.29,36137500000,12250,12312.26,2026-01-20,주식,국내,실물(패시브),비과세,iSelect 초대형IB&금융지주 지수,한국,금융,일반,20260813
0226G0,KR70226G0004,WON 피지컬AI TOP2플러스액티브,우리자산운용,0.49,10148000000,12685,12791.94,2026-08-04,주식,국내,실물(액티브),배당소득세(보유기간과세),FnGuide 피지컬AI TOP2플러스 지수,한국,AI·테크,일반,20260813
480460,KR7480460005,WON 한국부동산TOP3플러스,우리자산운용,0.25,9330000000,9330,9354.39,2024-04-30,부동산,국내,실물(패시브),비과세(분리과세부동산ETF),DeepSearch 한국부동산TOP3플러스 지수,한국,리츠·부동산,일반,20260813
108590,KR7108590001,TREX 200,유리에셋,0.325,21373000000,106865,107245.67,2009-01-23,주식,국내,실물(패시브),비과세,코스피 200,한국,광범위지수,일반,20260813
145850,KR7145850004,TREX 펀더멘탈 200,유리에셋,0.34,29595000000,118380,117734.97,2011-09-23,주식,국내,실물(패시브),비과세,FnGuide-RAFI 코리아200 지수,한국,기타,일반,20260813
483570,KR7483570008,KCGI 미국S&P500 TOP10,케이씨지아이자산운용,0.36,25912000000,16195,16159.7,2024-05-28,주식,해외,실물(패시브),배당소득세(보유기간과세),S&P500 Top10 25% Capped Index(PR),미국,광범위지수,일반,20260813
153270,KR7153270004,KIWOOM 코스피100,키움투자자산운용,0.195,34803300000,82865,83015.17,2012-02-28,주식,국내,실물(패시브),비과세,코스피 100,한국,광범위지수,일반,20260813
167860,KR7167860006,KIWOOM 국고채10년레버리지,키움투자자산운용,0.3,26813400000,92460,92253.31,2012-10-30,채권,국내,실물(패시브),배당소득세(보유기간과세),KIS 10년 국고채 지수 (총수익),한국,채권·금리,일반,20260813
148070,KR7148070006,KIWOOM 국고채10년,키움투자자산운용,0.05,412347980000,104710,104595.19,2011-10-20,채권,국내,실물(패시브),배당소득세(보유기간과세),KIS 10년 국고채 지수 (총수익),한국,채권·금리,일반,20260813
069660,KR7069660009,KIWOOM 200,키움투자자산운용,0.05,750575000000,107225,107601.3,2002-10-14,주식,국내,실물(패시브),비과세,코스피 200,한국,광범위지수,일반,20260813
294400,KR7294400007,KIWOOM 200TR,키움투자자산운용,0.012,1816449000000,140810,141288.53,2018-04-23,주식,국내,실물(패시브),배당소득세(보유기간과세),코스피 200 TR,한국,광범위지수,일반,20260813
253250,KR7253250005,KIWOOM 200선물레버리지,키움투자자산운용,0.46,28657800000,98820,99303.09,2016-09-12,주식,국내,실물(패시브),배당소득세(보유기간과세),코스피 200 선물지수,한국,광범위지수,일반,20260813
253230,KR7253230007,KIWOOM 200선물인버스2X,키움투자자산운용,0.46,2300400000,81,80.54,2016-09-22,주식,국내,실물(패시브),배당소득세(보유기간과세),코스피 200 선물지수,한국,광범위지수,일반,20260813
253240,KR7253240006,KIWOOM 200선물인버스,키움투자자산운용,0.46,1643340000,1347,1342.6,2016-09-12,주식,국내,실물(패시브),배당소득세(보유기간과세),코스피 200 선물지수,한국,광범위지수,일반,20260813
464240,KR7464240001,KIWOOM 26-09회사채(AA-이상)액티브,키움투자자산운용,0.07,154506250000,52375,52335.22,2023-08-17,채권,국내,실물(액티브),배당소득세(보유기간과세),KIS 2609 만기형 크레딧 종합채권 지수(AA-이상)(총수익지수),한국,채권·금리,일반,20260813
458210,KR7458210002,KIWOOM CD금리액티브(합성),키움투자자산운용,0.03,148347780000,110460,110418.51,2023-05-23,기타,국내,합성(액티브),배당소득세(보유기간과세),FnGuide CD91일 금리투자 지수(총수익),한국,채권·금리,일반,20260813
488200,KR7488200007,KIWOOM K-2차전지북미공급망,키움투자자산운용,0.49,5629500000,12510,12548.94,2024-07-23,주식,국내,실물(패시브),비과세,Solactive K-Battery North America Supply Chain 지수,한국,2차전지,일반,20260813
488210,KR7488210006,KIWOOM K-반도체북미공급망,키움투자자산운용,0.49,4274000000,21370,21492.27,2024-07-23,주식,국내,실물(패시브),비과세,Solactive K-Semiconductor North America Supply Chain 지수,한국,반도체,일반,20260813
100910,KR7100910009,KIWOOM KRX100,키움투자자산운용,0.23,66690000000,17100,16998.7,2008-01-23,주식,국내,실물(패시브),비과세,KRX 100,한국,광범위지수,일반,20260813
200250,KR7200250009,KIWOOM 인도Nifty50(합성),키움투자자산운용,0.29,176604500000,22355,22493.51,2014-06-26,주식,해외,합성(패시브),배당소득세(보유기간과세),Nifty 50 Index,인도,광범위지수,일반,20260813
0194R0,KR70194R0009,KIWOOM SK하이닉스선물단일종목레버리지,키움투자자산운용,0.25,12406875000,7635,7749.45,2026-05-27,주식,국내,실물(패시브),배당소득세(보유기간과세),KRX SK하이닉스 선물 지수,한국,개별종목,일반,20260813
0084E0,KR70084E0007,KIWOOM 미국대형주500월간목표헤지액티브,키움투자자산운용,0.49,12190000000,10600,10599.24,2025-10-21,혼합자산,해외,실물(액티브),배당소득세(보유기간과세),Akros 미국대형주500 월간방어적배분 지수(TR),미국,기타,일반,20260813
0084D0,KR70084D0008,KIWOOM 미국테크100월간목표헤지액티브,키움투자자산운용,0.49,9428000000,11785,11792.53,2025-07-22,혼합자산,해외,실물(액티브),배당소득세(보유기간과세),Akros 미국테크100 월간방어적배분 지수(TR),미국,AI·테크,일반,20260813
114470,KR7114470008,KIWOOM 국고채3년,키움투자자산운용,0.05,52969000000,108100,108034.38,2009-07-31,채권,국내,실물(패시브),배당소득세(보유기간과세),KTB INDEX(시장가격),한국,채권·금리,일반,20260813
471460,KR7471460006,KIWOOM 국고채30년액티브,키움투자자산운용,0.035,22430000000,44860,44889.24,2023-11-07,채권,국내,실물(액티브),배당소득세(보유기간과세),KIS-키움 국고채30년 지수(총수익지수),한국,채권·금리,일반,20260813
473490,KR7473490001,KIWOOM 글로벌AI반도체,키움투자자산운용,0.4,46867500000,31245,31154.68,2023-12-21,주식,국내&해외,실물(패시브),배당소득세(보유기간과세),Solactive Global AI Semiconductor Index (Price Return),글로벌,반도체,일반,20260813
489860,KR7489860007,KIWOOM 글로벌전력GRID인프라,키움투자자산운용,0.49,13761500000,16190,16210.52,2024-08-27,주식,국내&해외,실물(패시브),배당소득세(보유기간과세),NASDAQ OMX Clean Edge Smart Grid Infrastructure Index,미국,기타,일반,20260813
130730,KR7130730005,KIWOOM 단기자금,키움투자자산운용,0.05,72153930000,102930,102887.86,2010-07-29,채권,국내,실물(패시브),배당소득세(보유기간과세),MK 머니마켓 지수(총수익),한국,기타,일반,20260813
419890,KR7419890009,KIWOOM 단기채권ESG액티브,키움투자자산운용,0.15,62344200000,107490,107440.82,2022-03-03,채권,국내,실물(액티브),배당소득세(보유기간과세),KIS ESG 9M~1.5Y,한국,광범위지수,일반,20260813
411860,KR7411860000,KIWOOM 독일DAX,키움투자자산운용,0.25,5292000000,17640,17622.09,2021-12-22,주식,해외,실물(패시브),배당소득세(보유기간과세),DAX Index(PR),유럽,기타,일반,20260813
476450,KR7476450002,KIWOOM 머니마켓액티브,키움투자자산운용,0.05,159364800000,52700,52678.83,2024-02-29,채권,국내,실물(액티브),배당소득세(보유기간과세),KIS-키움 MMF지수(총수익지수),한국,채권·금리,일반,20260813
430500,KR7430500009,KIWOOM 물가채KIS,키움투자자산운용,0.15,11278000000,112780,112605.5,2022-05-31,채권,국내,실물(패시브),배당소득세(보유기간과세),KIS TIPS 지수(총수익),한국,기타,일반,20260813
0190M0,KR70190M0008,KIWOOM 미국AI테크하이베타,키움투자자산운용,0.49,22195750000,9445,9416.19,2026-05-12,주식,해외,실물(패시브),배당소득세(보유기간과세),Akros 미국AI&프론티어테크 하이베타 지수,미국,AI·테크,일반,20260813
0224D0,KR70224D0009,KIWOOM 미국CPU반도체TOP4+,키움투자자산운용,0.49,9905000000,9905,9852.15,2026-07-28,주식,해외,실물(패시브),배당소득세(보유기간과세),iSelect 미국CPU반도체TOP4 지수,미국,반도체,일반,20260813
0127V0,KR70127V0005,KIWOOM 미국S&P500 TOP10&배당다우비중전환,키움투자자산운용,0.19,13737500000,10990,10990.54,2025-11-11,주식,해외,실물(패시브),배당소득세(보유기간과세),S&P500 TOP10 생애배당다우존스 2040 지수,미국,배당주,일반,20260813
0137W0,KR70137W0002,KIWOOM 미국S&P500&GOLD,키움투자자산운용,0.01,28984500000,10735,10779.75,2025-12-09,주식,해외,실물(패시브),배당소득세(보유기간과세),S&P500 & S&P GSCI 금현물 90/10 혼합지수,미국,광범위지수,혼합,20260813
0127T0,KR70127T0009,KIWOOM 미국S&P500&배당다우존스비중전환,키움투자자산운용,0.09,13704000000,11420,11449.36,2025-11-11,주식,해외,실물(패시브),배당소득세(보유기간과세),S&P500 생애배당다우존스 2040 지수,미국,배당주,일반,20260813
0137V0,KR70137V0003,KIWOOM 미국S&P500모멘텀,키움투자자산운용,0.12,96761000000,12020,11996.48,2025-12-09,주식,해외,실물(패시브),배당소득세(보유기간과세),S&P500 모멘텀 지수,미국,광범위지수,일반,20260813
449770,KR7449770007,KIWOOM 미국S&P500,키움투자자산운용,0.021,106795500000,21795,21820.15,2022-12-20,주식,해외,실물(패시브),배당소득세(보유기간과세),S&P 500,미국,광범위지수,일반,20260813
449780,KR7449780006,KIWOOM 미국S&P500(H),키움투자자산운용,0.04,33957000000,18865,18854.32,2022-12-20,주식,해외,실물(패시브),배당소득세(보유기간과세),S&P 500,미국,광범위지수,일반,20260813
0107F0,KR70107F0009,KIWOOM 미국고배당&AI테크,키움투자자산운용,0.45,30115500000,11810,11890.18,2025-09-23,주식,해외,실물(패시브),배당소득세(보유기간과세),Akros 미국AI테크TOP10&미국고배당3070 지수,미국,AI·테크,일반,20260813
453080,KR7453080004,KIWOOM 미국나스닥100(H),키움투자자산운용,0.04,90285000000,23150,23125.9,2023-03-14,주식,해외,실물(패시브),배당소득세(보유기간과세),NASDAQ 100,미국,광범위지수,일반,20260813
460270,KR7460270002,KIWOOM 미국달러SOFR금리액티브(합성),키움투자자산운용,0.05,10416600000,12860,12886.38,2023-06-20,기타,해외,합성(액티브),배당소득세(보유기간과세),Solactive SOFR Daily Total Return Index,미국,채권·금리,일반,20260813
230480,KR7230480006,KIWOOM 미국달러선물인버스2X,키움투자자산운용,0.64,8833950000,4395,4400.05,2015-11-16,통화,국내,실물(패시브),배당소득세(보유기간과세),미국달러선물지수,한국,기타,일반,20260813
225800,KR7225800002,KIWOOM 미국달러선물레버리지,키움투자자산운용,0.64,8096250000,15875,15861.22,2015-08-10,통화,국내,실물(패시브),배당소득세(보유기간과세),미국달러선물지수,한국,기타,일반,20260813
139660,KR7139660005,KIWOOM 미국달러선물인버스,키움투자자산운용,0.49,7138350000,8205,8172.55,2011-04-01,통화,국내,실물(패시브),배당소득세(보유기간과세),미국달러선물지수,한국,기타,일반,20260813
138230,KR7138230008,KIWOOM 미국달러선물,키움투자자산운용,0.37,24084500000,16610,16600.74,2011-02-24,통화,국내,실물(패시브),배당소득세(보유기간과세),미국달러선물지수,한국,기타,일반,20260813
373790,KR7373790005,KIWOOM 미국방어배당성장나스닥,키움투자자산운용,0.4,4536000000,16200,16188.66,2020-12-24,주식,해외,실물(패시브),배당소득세(보유기간과세),Nasdaq US Low Volatility Dividend Achievers Index,미국,배당주,일반,20260813
483030,KR7483030003,KIWOOM 미국블록버스터바이오테크의약품+,키움투자자산운용,0.49,5346000000,11880,11963.73,2024-05-28,주식,해외,실물(패시브),배당소득세(보유기간과세),Solactive Blockbuster Biotech Drugs Index(PR),기타,바이오·헬스케어,일반,20260813
459790,KR7459790002,KIWOOM 미국성장기업30액티브,키움투자자산운용,0.76,28464750000,21085,21056.37,2023-06-27,주식,해외,실물(액티브),배당소득세(보유기간과세),MSCI USA Index(Price Return),미국,광범위지수,일반,20260813
0174R0,KR70174R0003,KIWOOM 미국성장다우존스,키움투자자산운용,0.03,9949250000,11705,11713.58,2026-03-31,주식,해외,실물(패시브),배당소득세(보유기간과세),미국성장다우존스 지수,미국,기타,일반,20260813
498270,KR7498270008,KIWOOM 미국양자컴퓨팅,키움투자자산운용,0.49,234950000000,15875,15906.15,2024-12-17,주식,해외,실물(패시브),배당소득세(보유기간과세),Solactive U.S. Quantum Computing Index(PR),미국,AI·테크,일반,20260813
0207Z0,KR70207Z0004,KIWOOM 미국우주데이터센터인프라,키움투자자산운용,0.49,16587250000,7715,7741.85,2026-06-16,주식,해외,실물(패시브),배당소득세(보유기간과세),iSelect 미국 우주데이터센터인프라 지수,미국,AI·테크,일반,20260813
0216K0,KR70216K0000,KIWOOM 미국우주테크TOP2채권혼합50,키움투자자산운용,0.21,9225000000,9225,9214.24,2026-07-07,혼합자산,국내&해외,실물(패시브),배당소득세(보유기간과세),Akros 미국 우주 Top 2 채권혼합 지수,미국,방산·우주,혼합,20260813
474800,KR7474800000,KIWOOM 미국원유에너지기업,키움투자자산운용,0.29,35370000000,15720,15815.0,2024-01-16,주식,해외,실물(패시브),배당소득세(보유기간과세),MSCI US IMI Energy 25/50 Index(Price Return),미국,에너지·원자력,일반,20260813
104520,KR7104520002,KIWOOM 블루칩,키움투자자산운용,0.4,14975000000,14975,15021.56,2008-07-29,주식,국내,실물(패시브),비과세,MKF 블루칩,한국,기타,일반,20260813
0183V0,KR70183V0006,KIWOOM 삼성전자&SK하이닉스채권혼합50,키움투자자산운용,0.07,236980000000,11560,11594.17,2026-04-21,혼합자산,국내,실물(패시브),배당소득세(보유기간과세),FnGuide 삼성전자 & SK하이닉스 채권혼합 지수,한국,개별종목,혼합,20260813
0194N0,KR70194N0003,KIWOOM 삼성전자선물단일종목레버리지,키움투자자산운용,0.25,10342500000,11820,11910.66,2026-05-27,주식,국내,실물(패시브),배당소득세(보유기간과세),KRX 삼성전자 선물 지수,한국,개별종목,일반,20260813
0015E0,KR70015E0001,KIWOOM 엔비디아미국30년국채혼합액티브(H),키움투자자산운용,0.19,5275000000,10550,10605.26,2025-02-11,혼합자산,해외,실물(액티브),배당소득세(보유기간과세),Bloomberg Blended NVIDIA and US Long Treasury Bond Index,미국,개별종목,일반,20260813
483020,KR7483020004,KIWOOM 의료AI,키움투자자산운용,0.49,6009000000,10015,10051.18,2024-05-28,주식,국내,실물(패시브),비과세,FnGuide 의료AI 지수,한국,AI·테크,일반,20260813
435530,KR7435530001,KIWOOM TDF2030액티브 적격,키움투자자산운용,0.3,7880000000,15760,15762.97,2022-06-30,혼합자산,국내&해외,실물(액티브),배당소득세(보유기간과세),Dow Jones Target 2030 Index (Total Return),미국,기타,일반,20260813
435540,KR7435540000,KIWOOM TDF2040액티브 적격,키움투자자산운용,0.34,8912500000,17825,17833.88,2022-06-30,혼합자산,국내&해외,실물(액티브),배당소득세(보유기간과세),Dow Jones Target 2040 Index (Total Return),미국,기타,일반,20260813
435550,KR7435550009,KIWOOM TDF2050액티브 적격,키움투자자산운용,0.38,12869500000,18385,18398.88,2022-06-30,혼합자산,국내&해외,실물(액티브),배당소득세(보유기간과세),Dow Jones Target 2050 Index (Total Return),미국,기타,일반,20260813
454780,KR7454780008,KIWOOM 종합채권(AA-이상)액티브,키움투자자산운용,0.025,288383715000,99135,99278.34,2023-04-11,채권,국내,실물(액티브),배당소득세(보유기간과세),KIS 종합 채권시장지수(AA-이상)(총수익지수),한국,채권·금리,일반,20260813
454180,KR7454180001,KIWOOM 차이나내수소비TOP CSI,키움투자자산운용,0.42,3180000000,7950,7977.9,2023-04-04,주식,해외,실물(패시브),배당소득세(보유기간과세),CSI SH-HK-SZ Consumer Top Index,중국,소비재,일반,20260813
104530,KR7104530001,KIWOOM 코리아고배당,키움투자자산운용,0.19,35998000000,17560,17625.95,2008-07-29,주식,국내,실물(패시브),비과세,MKF 웰스 고배당20,한국,배당주,일반,20260813
496090,KR7496090002,KIWOOM 코리아밸류업,키움투자자산운용,0.009,104633750000,32195,32106.09,2024-11-04,주식,국내,실물(패시브),비과세,코리아 밸류업 지수,한국,배당주,일반,20260813
469790,KR7469790000,KIWOOM 코리아테크TOP10,키움투자자산운용,0.39,30404500000,43435,43662.04,2023-10-31,주식,국내,실물(패시브),비과세,Solactive K-TechTOP10 Index(PR),한국,기타,일반,20260813
291630,KR7291630002,KIWOOM 코스닥150선물레버리지,키움투자자산운용,0.09,5705750000,3935,3977.21,2018-03-16,주식,국내,실물(패시브),배당소득세(보유기간과세),F-코스닥150 지수,한국,광범위지수,일반,20260813
291620,KR7291620003,KIWOOM 코스닥150선물인버스,키움투자자산운용,0.09,2345550000,4115,4108.8,2018-03-16,주식,국내,실물(패시브),배당소득세(보유기간과세),F-코스닥150 지수,한국,광범위지수,일반,20260813
316670,KR7316670009,KIWOOM 코스닥150,키움투자자산운용,0.15,48511200000,7395,7401.12,2019-01-22,주식,국내,실물(패시브),비과세,코스닥 150,한국,광범위지수,일반,20260813
0198A0,KR70198A0004,KIWOOM 코스닥150커버드콜액티브,키움투자자산운용,0.63,56220000000,9370,9357.85,2026-06-30,주식,국내,실물(액티브),배당소득세(보유기간과세),코스닥 150 위클리 고정 30% 커버드콜 지수,한국,광범위지수,커버드콜,20260813
122260,KR7122260003,KIWOOM 통안채1년,키움투자자산운용,0.05,33312000000,104100,104047.48,2010-01-14,채권,국내,실물(패시브),배당소득세(보유기간과세),MK 통안채지수(총수익),한국,채권·금리,일반,20260813
0015F0,KR70015F0000,KIWOOM 팔란티어미국30년국채혼합액티브(H),키움투자자산운용,0.19,13617500000,10475,10504.17,2025-02-11,혼합자산,해외,실물(액티브),배당소득세(보유기간과세),Bloomberg Blended PALANTIR and US Long Treasury Bond Index,미국,개별종목,일반,20260813
0097L0,KR70097L0003,KIWOOM 한국고배당&미국AI테크,키움투자자산운용,0.45,26219500000,12790,12842.86,2025-09-02,주식,국내&해외,실물(패시브),배당소득세(보유기간과세),Akros 미국AI테크TOP10&한국고배당3070 지수,미국,AI·테크,일반,20260813
0220A0,KR70220A0006,KIWOOM 현대차그룹TOP3채권혼합50,키움투자자산운용,0.15,15408000000,9630,9672.28,2026-07-14,혼합자산,국내,실물(패시브),배당소득세(보유기간과세),FnGuide 현대차그룹TOP3 채권혼합 지수,한국,개별종목,혼합,20260813
441800,KR7441800000,TIME Korea플러스배당액티브,타임폴리오자산운용,0.8,776526000000,28135,28413.11,2022-09-27,주식,국내,실물(액티브),배당소득세(보유기간과세),코스피 200,한국,광범위지수,일반,20260813
463050,KR7463050005,TIME K바이오액티브,타임폴리오자산운용,0.8,234430000000,13790,13882.87,2023-08-17,주식,국내,실물(액티브),배당소득세(보유기간과세),KRX 헬스케어,한국,바이오·헬스케어,일반,20260813
404120,KR7404120008,TIME K신재생에너지액티브,타임폴리오자산운용,0.8,17654000000,25220,25347.28,2021-10-29,주식,국내,실물(액티브),배당소득세(보유기간과세),KRX 기후변화 솔루션지수,한국,기타,일반,20260813
385710,KR7385710009,TIME K이노베이션액티브,타임폴리오자산운용,0.8,11205000000,11205,11176.19,2021-05-25,주식,국내,실물(액티브),배당소득세(보유기간과세),KRX BBIG 지수,한국,기타,일반,20260813
410870,KR7410870000,TIME K컬처액티브,타임폴리오자산운용,0.8,11814000000,9845,9820.56,2021-12-15,주식,국내,실물(액티브),배당소득세(보유기간과세),FnGuide K-컬처 지수,한국,기타,일반,20260813
456600,KR7456600006,TIME 글로벌AI인공지능액티브,타임폴리오자산운용,0.8,2226382800000,60140,59653.66,2023-05-16,주식,해외,실물(액티브),배당소득세(보유기간과세),Solactive Global Artificial Intelligence 지수,글로벌,AI·테크,일반,20260813
485810,KR7485810006,TIME 글로벌바이오액티브,타임폴리오자산운용,0.8,12237500000,11125,11159.71,2024-07-02,주식,해외,실물(액티브),배당소득세(보유기간과세),KEDI 글로벌 불로장생바이오 지수(원화환산),글로벌,바이오·헬스케어,일반,20260813
494180,KR7494180003,TIME 글로벌소비트렌드액티브,타임폴리오자산운용,0.8,10908000000,13635,13681.96,2024-10-29,주식,해외,실물(액티브),배당소득세(보유기간과세),Solactive 뉴에이지컨수머지수,기타,기타,일반,20260813
478150,KR7478150006,TIME 글로벌우주테크&방산액티브,타임폴리오자산운용,0.8,277632000000,21690,21619.61,2024-04-23,주식,해외,실물(액티브),배당소득세(보유기간과세),Solactive Aerospace and Defense USD Index PR,기타,방산·우주,일반,20260813
0113D0,KR70113D0003,TIME 글로벌탑픽액티브,타임폴리오자산운용,0.06,76383000000,12420,12437.78,2025-10-28,주식,해외,실물(액티브),배당소득세(보유기간과세),"Bloomberg World Large, Mid & Small cap PR Index",글로벌,기타,일반,20260813
0185L0,KR70185L0006,TIME 글로벌휴머노이드로봇산업액티브,타임폴리오자산운용,0.8,56033000000,8180,8180.53,2026-05-19,주식,해외,실물(액티브),배당소득세(보유기간과세),Solactive Global AI Humanoid Robotics 지수(원화환산)(PR),글로벌,AI·테크,일반,20260813
426020,KR7426020004,TIME 미국S&P500액티브,타임폴리오자산운용,0.8,404430000000,33150,33113.82,2022-05-11,주식,해외,실물(액티브),배당소득세(보유기간과세),S&P 500,미국,광범위지수,일반,20260813
426030,KR7426030003,TIME 미국나스닥100액티브,타임폴리오자산운용,0.8,2576665200000,48470,48266.88,2022-05-11,주식,해외,실물(액티브),배당소득세(보유기간과세),NASDAQ 100,미국,광범위지수,일반,20260813
0019K0,KR70019K0009,TIME 미국나스닥100채권혼합50액티브,타임폴리오자산운용,0.25,570887500000,13625,13619.16,2025-03-25,혼합자산,국내&해외,실물(액티브),배당소득세(보유기간과세),FnGuide 미국나스닥100 단기채권혼합 지수,미국,채권·금리,혼합,20260813
0036D0,KR70036D0007,TIME 미국배당다우존스액티브,타임폴리오자산운용,0.8,65100000000,13020,13152.54,2025-04-29,주식,해외,실물(액티브),배당소득세(보유기간과세),Dow Jones U.S. Dividend 100 Price Return Index,미국,배당주,일반,20260813
0043Y0,KR70043Y0003,TIME 차이나AI테크액티브,타임폴리오자산운용,0.8,386171000000,21695,21436.88,2025-05-13,주식,해외,실물(액티브),배당소득세(보유기간과세),Solactive China Artificial Intelligence 지수(원화환산)(PR),중국,AI·테크,일반,20260813
495060,KR7495060006,TIME 코리아밸류업액티브,타임폴리오자산운용,0.8,215100000000,28680,28726.9,2024-11-04,주식,국내,실물(액티브),배당소득세(보유기간과세),코리아 밸류업 지수,한국,배당주,일반,20260813
0162Y0,KR70162Y0008,TIME 코스닥액티브,타임폴리오자산운용,0.8,278460000000,7800,7781.47,2026-03-10,주식,국내,실물(액티브),배당소득세(보유기간과세),코스닥,한국,광범위지수,일반,20260813
385720,KR7385720008,TIME 코스피액티브,타임폴리오자산운용,0.8,386463000000,25095,25198.12,2021-05-25,주식,국내,실물(액티브),배당소득세(보유기간과세),코스피,한국,광범위지수,일반,20260813
472720,KR7472720002,TRUSTON 주주가치액티브,트러스톤자산운용,0.785,13533000000,26025,25760.96,2023-12-14,주식,국내,실물(액티브),배당소득세(보유기간과세),코스피 200,한국,광범위지수,일반,20260813
496130,KR7496130006,TRUSTON 코리아밸류업액티브,트러스톤자산운용,0.785,13632300000,25245,25440.46,2024-11-04,주식,국내,실물(액티브),배당소득세(보유기간과세),코리아 밸류업 지수,한국,배당주,일반,20260813
451060,KR7451060008,1Q 200액티브,하나자산운용,0.01,432558000000,34330,34472.14,2023-01-31,주식,국내,실물(액티브),배당소득세(보유기간과세),코스피 200,한국,광범위지수,일반,20260813
0184E0,KR70184E0006,1Q 200채권혼합50액티브,하나자산운용,0.4,27250000000,10900,10951.87,2026-04-21,혼합자산,국내,실물(액티브),배당소득세(보유기간과세),코스피 200 단기국공채 혼합지수,한국,광범위지수,혼합,20260813
491610,KR7491610002,1Q CD금리액티브(합성),하나자산운용,0.02,155277515000,104705,104690.53,2024-09-24,기타,국내,합성(액티브),배당소득세(보유기간과세),KIS 하나 CD금리 총수익지수,한국,채권·금리,일반,20260813
0182R0,KR70182R0003,1Q K반도체TOP2+,하나자산운용,0.2,341449500000,10490,10545.41,2026-04-14,주식,국내,실물(패시브),비과세,NICE K반도체 TOP2 MAX+ 지수,한국,반도체,일반,20260813
0182S0,KR70182S0002,1Q K반도체TOP2채권혼합50,하나자산운용,0.01,233151250000,12175,12241.52,2026-04-14,혼합자산,국내,실물(패시브),배당소득세(보유기간과세),KEDI K반도체TOP2채권혼합 지수,한국,반도체,혼합,20260813
0103T0,KR70103T0007,1Q K소버린AI,하나자산운용,0.49,27630000000,9210,9228.36,2025-09-30,주식,국내,실물(패시브),비과세,iSelect K소버린AI 지수,한국,AI·테크,일반,20260813
0198D0,KR70198D0001,1Q SK하이닉스선물단일종목레버리지,하나자산운용,0.09,25675000000,8125,8210.68,2026-05-27,주식,국내,실물(패시브),배당소득세(보유기간과세),KRX SK하이닉스 선물 지수,한국,개별종목,일반,20260813
463290,KR7463290007,1Q 단기금융채액티브,하나자산운용,0.08,180257980000,109115,109095.52,2023-08-03,채권,국내,실물(액티브),배당소득세(보유기간과세),MK 머니마켓 지수(총수익),한국,기타,일반,20260813
0131W0,KR70131W0008,1Q 단기특수은행채액티브,하나자산운용,0.01,134436000000,102000,101964.08,2025-11-25,채권,국내,실물(액티브),배당소득세(보유기간과세),KIS 단기특수은행채 지수(총수익),한국,금융,일반,20260813
479080,KR7479080004,1Q 머니마켓액티브,하나자산운용,0.05,996730240000,53680,53661.66,2024-04-02,채권,국내,실물(액티브),배당소득세(보유기간과세),KIS-하나 MMF 지수(총수익),한국,채권·금리,일반,20260813
0052S0,KR70052S0009,1Q 미국S&P500미국채혼합50액티브,하나자산운용,0.15,329406000000,11935,11935.78,2025-06-10,혼합자산,해외,실물(액티브),배당소득세(보유기간과세),S&P 500 and Short-Term Treasury 50/50 Blend Index,미국,채권·금리,인버스,20260813
0026S0,KR70026S0002,1Q 미국S&P500,하나자산운용,0.005,350710500000,13335,13331.77,2025-03-18,주식,해외,실물(패시브),배당소득세(보유기간과세),S&P 500,미국,광범위지수,일반,20260813
0111P0,KR70111P0001,1Q 미국나스닥100미국채혼합50액티브,하나자산운용,0.05,309553000000,11135,11134.55,2025-09-30,혼합자산,해외,실물(액티브),배당소득세(보유기간과세),Nasdaq-100 US T-Bills 0-6 Month 50/50 Index,미국,기타,일반,20260813
0069M0,KR70069M0006,1Q 미국나스닥100,하나자산운용,0.005,194600000000,14000,13979.81,2025-06-24,주식,해외,실물(패시브),배당소득세(보유기간과세),NASDAQ 100,미국,광범위지수,일반,20260813
0083S0,KR70083S0002,1Q 미국메디컬AI,하나자산운용,0.49,30261500000,10435,10428.63,2025-07-22,주식,해외,실물(패시브),배당소득세(보유기간과세),KEDI 미국메디컬AI 지수,미국,AI·테크,일반,20260813
0004G0,KR70004G0002,1Q 미국배당TOP30,하나자산운용,0.1,14220000000,9480,9505.63,2025-01-21,주식,해외,실물(패시브),배당소득세(보유기간과세),Solactive U.S. Dividend TOP 30 Index PR,미국,배당주,일반,20260813
0131V0,KR70131V0009,1Q 미국우주항공테크,하나자산운용,0.49,407082500000,12430,12499.25,2025-11-25,주식,해외,실물(패시브),배당소득세(보유기간과세),Akros 미국우주항공테크 지수,미국,AI·테크,일반,20260813
0198B0,KR70198B0003,1Q 삼성전자선물단일종목레버리지,하나자산운용,0.09,26586600000,12140,12228.04,2026-05-27,주식,국내,실물(패시브),배당소득세(보유기간과세),KRX 삼성전자 선물 지수,한국,개별종목,일반,20260813
0094X0,KR70094X0002,1Q 샤오미밸류체인액티브,하나자산운용,0.49,7897500000,8775,8724.09,2025-09-02,주식,해외,실물(액티브),배당소득세(보유기간과세),Solactive-KEDI Xiaomi Focus China Tech Index,중국,AI·테크,일반,20260813
0224X0,KR70224X0005,1Q 엔비디아알파벳미국채혼합50,하나자산운용,0.45,18592500000,10050,10074.03,2026-07-28,혼합자산,해외,실물(패시브),배당소득세(보유기간과세),KEDI 엔비디아알파벳미국채혼합50 지수,미국,개별종목,혼합,20260813
0172V0,KR70172V0009,1Q 은액티브,하나자산운용,0.3,57519000000,8715,8763.26,2026-03-31,원자재,해외,실물(액티브),배당소득세(보유기간과세),Bloomberg Blended Silver Spot USD index,기타,원자재·금,일반,20260813
0017Y0,KR70017Y0005,1Q 종합채권(AA-이상)액티브,하나자산운용,0.025,82764500000,93625,93644.43,2025-02-25,채권,국내,실물(액티브),배당소득세(보유기간과세),KIS 종합채권형 지수(AA-이상)(총수익),한국,채권·금리,일반,20260813
0052T0,KR70052T0008,1Q 중단기회사채(A-이상)액티브,하나자산운용,0.05,108108440000,50660,50644.19,2025-05-27,채권,국내,실물(액티브),배당소득세(보유기간과세),KEDI 중단기크레딧플러스채권(AAA~A-)지수(총수익),한국,채권·금리,일반,20260813
495330,KR7495330003,1Q 코리아밸류업,하나자산운용,0.02,133558000000,31060,32005.36,2024-11-04,주식,국내,실물(패시브),비과세,코리아 밸류업 지수,한국,배당주,일반,20260813
0186S0,KR70186S0008,1Q 코스닥150채권혼합50액티브,하나자산운용,0.63,42495750000,8585,8612.76,2026-04-28,혼합자산,국내,실물(액티브),배당소득세(보유기간과세),코스닥 150 단기국공채 혼합지수,한국,광범위지수,혼합,20260813
492500,KR7492500004,1Q 현대차그룹채권(A+이상)&국고통안,하나자산운용,0.1,78048160000,51280,51293.15,2024-10-02,채권,국내,실물(패시브),배당소득세(보유기간과세),KIS 하나 현대차그룹채권(A+이상)&국고통안 총수익지수,한국,개별종목,일반,20260813
0206G0,KR70206G0008,1Q 현대차기아채권혼합50,하나자산운용,0.1,25170000000,8390,8425.2,2026-06-09,혼합자산,국내,실물(패시브),배당소득세(보유기간과세),KEDI 현대차&기아채권혼합50지수,한국,개별종목,혼합,20260813
473440,KR7473440006,ACE 11월만기자동연장회사채AA-이상액티브,한국투자신탁운용,0.05,94221000000,10830,10834.14,2023-12-19,채권,국내,실물(액티브),배당소득세(보유기간과세),KIS 11월 만기자동연장회사채(AA-이상) 총수익지수,한국,채권·금리,일반,20260813
332500,KR7332500008,ACE 200TR,한국투자신탁운용,0.01,158785000000,72175,72414.91,2019-08-28,주식,국내,실물(패시브),배당소득세(보유기간과세),코스피 200 TR,한국,광범위지수,일반,20260813
105190,KR7105190003,ACE 200,한국투자신탁운용,0.017,1892968000000,107555,107887.24,2008-09-25,주식,국내,실물(패시브),비과세,코스피 200,한국,광범위지수,일반,20260813
475260,KR7475260006,ACE 2월만기자동연장회사채AA-이상액티브,한국투자신탁운용,0.05,50561850000,10735,10730.74,2024-01-23,채권,국내,실물(액티브),배당소득세(보유기간과세),KAP 2월 만기자동연장회사채(AA-이상) 총수익지수,한국,채권·금리,일반,20260813
385600,KR7385600002,ACE 2차전지&친환경차액티브,한국투자신탁운용,0.29,18165000000,12110,12190.7,2021-05-25,주식,국내,실물(액티브),배당소득세(보유기간과세),FnGuide 친환경 자동차 밸류체인 지수,한국,자동차,일반,20260813
475270,KR7475270005,ACE 5월만기자동연장회사채AA-이상액티브,한국투자신탁운용,0.05,44660700000,10710,10713.93,2024-01-23,채권,국내,실물(액티브),배당소득세(보유기간과세),KIS 5월 만기자동연장회사채(AA-이상) 총수익지수,한국,채권·금리,일반,20260813
475280,KR7475280004,ACE 8월만기자동연장회사채AA-이상액티브,한국투자신탁운용,0.05,103233600000,10720,10719.23,2024-01-23,채권,국내,실물(액티브),배당소득세(보유기간과세),KAP 8월 만기자동연장회사채(AA-이상) 총수익지수,한국,채권·금리,일반,20260813
469150,KR7469150007,ACE AI반도체TOP3+,한국투자신탁운용,0.3,1118748750000,57225,57393.63,2023-10-17,주식,국내,실물(패시브),비과세,FnGuide AI반도체 TOP3+ 지수,한국,반도체,일반,20260813
0079X0,KR70079X0001,ACE BYD밸류체인액티브,한국투자신탁운용,0.45,3710000000,10600,10656.29,2025-07-15,주식,해외,실물(액티브),배당소득세(보유기간과세),Bloomberg BYD Plus Top Supply Chain Select Price Return Index,기타,기타,일반,20260813
385590,KR7385590005,ACE ESG액티브,한국투자신탁운용,0.5,54188000000,23560,23717.33,2021-05-25,주식,국내,실물(액티브),배당소득세(보유기간과세),MSCI Korea Country ESG Leaders Custom Capped Price return Index,한국,광범위지수,일반,20260813
475050,KR7475050001,ACE KPOP포커스,한국투자신탁운용,0.3,97006000000,6760,6743.94,2024-01-30,주식,국내,실물(패시브),비과세,iSelect K-POP 포커스지수(시장가격),한국,게임·엔터,일반,20260813
411060,KR7411060007,ACE KRX금현물,한국투자신탁운용,0.19,4118341500000,28035,27995.23,2021-12-15,원자재,국내,실물(패시브),배당소득세(보유기간과세),KRX 금현물지수,한국,기타,일반,20260813
0221Z0,KR70221Z0006,ACE K바이오코스닥액티브,한국투자신탁운용,0.5,23220000000,11610,11666.44,2026-07-21,주식,국내,실물(액티브),배당소득세(보유기간과세),KRX K-AI 바이오테크 코스닥 지수,한국,AI·테크,일반,20260813
0210A0,KR70210A0008,ACE K반도체TOP2+,한국투자신탁운용,0.39,314185250000,7165,7190.5,2026-06-23,주식,국내,실물(패시브),비과세,KRX K-AI 반도체TOP2+ 지수,한국,반도체,일반,20260813
0216Z0,KR70216Z0003,ACE K방산TOP5+,한국투자신탁운용,0.45,18867000000,9930,9915.62,2026-07-07,주식,국내,실물(패시브),비과세,KRX K-AI 방산TOP5+ 지수,한국,AI·테크,일반,20260813
0172Y0,KR70172Y0006,ACE K수출핵심TOP10산업액티브,한국투자신탁운용,0.5,8347000000,9820,9781.76,2026-03-31,주식,국내,실물(액티브),배당소득세(보유기간과세),iSelect K수출핵심산업 지수 (시장가격),한국,기타,일반,20260813
0177X0,KR70177X0002,ACE K휴머노이드로봇산업TOP2+,한국투자신탁운용,0.45,114367500000,10350,10344.66,2026-04-07,주식,국내,실물(패시브),비과세,Akros K-휴머노이드 로봇 TOP2+ 지수 (시장가격),한국,AI·테크,일반,20260813
291130,KR7291130003,ACE MSCI멕시코(합성),한국투자신탁운용,0.5,16641000000,18490,18760.99,2018-03-09,주식,해외,합성(패시브),배당소득세(보유기간과세),MSCI MEXICO IMI 25/50 Price return Index,기타,광범위지수,일반,20260813
256440,KR7256440009,ACE MSCI인도네시아(합성),한국투자신탁운용,0.7,32421500000,5315,5436.82,2016-11-01,주식,해외,합성(패시브),배당소득세(보유기간과세),MSCI Indonesia Index,기타,광범위지수,일반,20260813
261920,KR7261920003,ACE MSCI필리핀(합성),한국투자신탁운용,0.5,5290000000,13225,13369.31,2016-12-28,주식,해외,합성(패시브),배당소득세(보유기간과세),MSCI Philippines IMI Index,기타,광범위지수,일반,20260813
0194T0,KR70194T0007,ACE SK하이닉스단일종목레버리지,한국투자신탁운용,0.09,56252000000,7840,7883.02,2026-05-27,주식,국내,실물(패시브),배당소득세(보유기간과세),KRX SK하이닉스 지수,한국,개별종목,일반,20260813
0199C0,KR70199C0001,ACE 고배당주Plus커버드콜액티브,한국투자신탁운용,0.4,125077500000,9265,9278.45,2026-06-02,주식,국내,실물(액티브),배당소득세(보유기간과세),KRX-Akros 고배당주 20 위클리 고정 30% 커버드콜 지수,한국,배당주,커버드콜,20260813
0139P0,KR70139P0009,ACE 고배당주,한국투자신탁운용,0.15,49876000000,13480,13554.26,2025-12-16,주식,국내,실물(패시브),비과세,KRX-Akros 고배당주 20 지수,한국,배당주,일반,20260813
225130,KR7225130004,ACE 골드선물 레버리지(합성 H),한국투자신탁운용,0.49,24520000000,49040,49607.16,2015-07-28,원자재,해외,합성(패시브),배당소득세(보유기간과세),S&P GSCI GOLD Index Excess Return,글로벌,원자재·금,일반,20260813
483340,KR7483340006,ACE 구글밸류체인액티브,한국투자신탁운용,0.45,271594000000,23720,23695.73,2024-06-11,주식,해외,실물(액티브),배당소득세(보유기간과세),KEDI 글로벌 AI 클라우드 지수,글로벌,AI·테크,일반,20260813
114460,KR7114460009,ACE 국고채3년,한국투자신탁운용,0.15,15116250000,100775,100764.83,2009-07-31,채권,국내,실물(패시브),배당소득세(보유기간과세),KTB INDEX(시장가격),한국,채권·금리,일반,20260813
365780,KR7365780006,ACE 국고채10년,한국투자신탁운용,0.02,531883730000,82565,82523.2,2020-10-15,채권,국내,실물(패시브),배당소득세(보유기간과세),KIS 10년 국고채 지수 (총수익),한국,채권·금리,일반,20260813
494340,KR7494340003,ACE 글로벌AI맞춤형반도체,한국투자신탁운용,0.45,31275000000,20850,20663.71,2024-10-22,주식,해외,실물(패시브),배당소득세(보유기간과세),Solactive AI Custom Semiconductor Index(PR),기타,반도체,일반,20260813
446770,KR7446770000,ACE 글로벌반도체TOP4 Plus,한국투자신탁운용,0.45,1617919000000,80095,79867.58,2022-11-15,주식,해외,실물(패시브),배당소득세(보유기간과세),Solactive Global Semiconductor TOP4 Plus Price Return Index,글로벌,반도체,일반,20260813
435040,KR7435040001,ACE 글로벌브랜드TOP10,한국투자신탁운용,0.5,12785500000,19670,19717.42,2022-06-28,주식,해외,실물(패시브),배당소득세(보유기간과세),Bloomberg Global Select Industry Leaders TOP10 Index(PR),글로벌,기타,일반,20260813
497510,KR7497510008,ACE 글로벌빅파마,한국투자신탁운용,0.3,9215500000,13165,13167.66,2024-11-19,주식,해외,실물(패시브),배당소득세(보유기간과세),Solactive Global Big Pharma Index (Price Return),글로벌,바이오·헬스케어,일반,20260813
460960,KR7460960008,ACE 글로벌인컴TOP10,한국투자신탁운용,0.24,87516000000,11440,11449.06,2023-07-11,혼합자산,해외,실물(패시브),배당소득세(보유기간과세),Solactive Global Superior Income TOP 10 Price Return Index,글로벌,배당주,일반,20260813
414270,KR7414270009,ACE 글로벌자율주행액티브,한국투자신탁운용,0.29,30257500000,12350,12419.81,2022-02-15,주식,해외,실물(액티브),배당소득세(보유기간과세),FactSet US-China Electric&Autonomous Vehicle Price Return Index,미국,기타,일반,20260813
190620,KR7190620005,ACE 단기통안채,한국투자신탁운용,0.07,293821920000,101880,101859.08,2013-12-23,채권,국내,실물(패시브),배당소득세(보유기간과세),KIS MSB 단기지수(총수익),한국,기타,일반,20260813
440640,KR7440640001,ACE 단기채권알파액티브,한국투자신탁운용,0.15,67968120000,112530,112503.86,2022-08-23,채권,국내,실물(액티브),배당소득세(보유기간과세),KIS 단기채권알파AA-이상 총수익지수,한국,채권·금리,일반,20260813
494330,KR7494330004,ACE 라이프자산주주가치액티브,한국투자신탁운용,0.5,171228750000,32615,32502.24,2024-10-15,주식,국내,실물(액티브),배당소득세(보유기간과세),FnGuide 기업가치 지수(시장가격),한국,기타,일반,20260813
265690,KR7265690008,ACE 러시아MSCI(합성),한국투자신탁운용,0.0,15789750000,8535,48.35,2017-03-21,주식,해외,합성(패시브),배당소득세(보유기간과세),MSCI Russia 25% Capped Price Return Index,기타,광범위지수,일반,20260813
152500,KR7152500005,ACE 레버리지,한국투자신탁운용,0.3,48708000000,44280,44522.39,2012-01-27,주식,국내,실물(패시브),배당소득세(보유기간과세),코스피 200,한국,광범위지수,일반,20260813
0153P0,KR70153P0000,ACE 리츠부동산인프라액티브,한국투자신탁운용,0.06,15256000000,9535,9524.27,2026-01-20,부동산,국내,실물(액티브),배당소득세(분리과세부동산ETF),FnGuide 맥쿼리인프라 배당 리츠 지수 (시장가격),한국,리츠·부동산,일반,20260813
483330,KR7483330007,ACE 마이크로소프트밸류체인액티브,한국투자신탁운용,0.45,20702250000,15335,15322.27,2024-06-11,주식,해외,실물(액티브),배당소득세(보유기간과세),KEDI 글로벌생성형AI 지수,글로벌,AI·테크,일반,20260813
487340,KR7487340002,ACE 머니마켓액티브,한국투자신탁운용,0.05,765123200000,105680,105653.11,2024-07-09,채권,국내,실물(액티브),배당소득세(보유기간과세),MK-KAP 머니마켓 총수익지수,한국,기타,일반,20260813
0085P0,KR70085P0003,ACE 미국10년국채액티브,한국투자신탁운용,0.15,106155000000,10110,10095.14,2025-07-22,채권,해외,실물(액티브),배당소득세(보유기간과세),ICE U.S. Treasury 7-10 Year Bond Index (Total Return),미국,채권·금리,일반,20260813
0085N0,KR70085N0005,ACE 미국10년국채액티브(H),한국투자신탁운용,0.15,36130500000,9765,9754.82,2025-07-22,채권,해외,실물(액티브),배당소득세(보유기간과세),ICE U.S. Treasury 7-10 Year Bond Index (Total Return),미국,채권·금리,일반,20260813
452250,KR7452250004,ACE 미국30년국채선물레버리지(합성 H),한국투자신탁운용,0.25,36541250000,4715,4730.6,2023-02-07,채권,해외,합성(패시브),배당소득세(보유기간과세),S&P Ultra T-Bond Futures Index(ER),기타,채권·금리,일반,20260813
476760,KR7476760004,ACE 미국30년국채액티브,한국투자신탁운용,0.05,351744000000,9160,9147.49,2024-03-12,채권,해외,실물(액티브),배당소득세(보유기간과세),Bloomberg U.S Treasury 20+ Year Total Return Index,미국,채권·금리,일반,20260813
453850,KR7453850000,ACE 미국30년국채액티브(H),한국투자신탁운용,0.05,1500403500000,7155,7144.35,2023-03-14,채권,해외,실물(액티브),배당소득세(보유기간과세),Bloomberg U.S Treasury 20+ Year Total Return Index,미국,채권·금리,일반,20260813
476750,KR7476750005,ACE 미국30년국채엔화노출액티브(H),한국투자신탁운용,0.15,61641000000,7610,7590.63,2024-03-12,채권,해외,실물(액티브),배당소득세(보유기간과세),Bloomberg U.S. Treasury 20+ Year Total Return Index T1530 JPY Currency Hedged,미국,채권·금리,일반,20260813
480030,KR7480030006,ACE 미국500데일리타겟커버드콜(합성),한국투자신탁운용,0.45,165040000000,10315,10292.49,2024-04-23,주식,해외,합성(패시브),배당소득세(보유기간과세),Bloomberg US 500 Large Cap Premium Decrement 15% Distribution Index,미국,기타,커버드콜,20260813
0118Z0,KR70118Z0002,ACE 미국AI테크핵심산업액티브,한국투자신탁운용,0.45,56688500000,9370,9332.98,2025-10-28,주식,해외,실물(액티브),배당소득세(보유기간과세),Akros U.S. AI Innovator Price Return Index,미국,AI·테크,일반,20260813
280320,KR7280320003,ACE 미국IT인터넷(합성 H),한국투자신탁운용,0.5,17348000000,21685,21890.2,2017-10-17,주식,해외,합성(패시브),배당소득세(보유기간과세),다우존스 인터넷 종합지수,미국,AI·테크,일반,20260813
438080,KR7438080004,ACE 미국S&P500미국채혼합50액티브,한국투자신탁운용,0.15,1252800000000,14500,14500.79,2022-08-26,혼합자산,해외,실물(액티브),배당소득세(보유기간과세),S&P 500 and Short-Term Treasury 50/50 Blend Index,미국,채권·금리,인버스,20260813
360200,KR7360200000,ACE 미국S&P500,한국투자신탁운용,0.004,4061984000000,27595,27550.62,2020-08-07,주식,해외,실물(패시브),배당소득세(보유기간과세),S&P 500,미국,광범위지수,일반,20260813
0155M0,KR70155M0001,ACE 미국SMR원자력TOP10,한국투자신탁운용,0.45,31228750000,7525,7480.07,2026-02-03,주식,해외,실물(패시브),배당소득세(보유기간과세),Solactive US SMR Nuclear TOP 10 Index (Price Return),미국,에너지·원자력,일반,20260813
309230,KR7309230001,ACE 미국WideMoat동일가중,한국투자신탁운용,0.4,118936500000,32145,32243.91,2018-10-25,주식,해외,실물(패시브),배당소득세(보유기간과세),MorningStar Wide Moat Focus Index,기타,기타,일반,20260813
438100,KR7438100000,ACE 미국나스닥100미국채혼합50액티브,한국투자신탁운용,0.15,949245000000,15690,15687.23,2022-08-26,혼합자산,해외,실물(액티브),배당소득세(보유기간과세),NASDAQ-100 US T-Bills 50/50 Index,미국,기타,일반,20260813
367380,KR7367380003,ACE 미국나스닥100,한국투자신탁운용,0.006,3547799500000,32165,32115.61,2020-10-29,주식,해외,실물(패시브),배당소득세(보유기간과세),NASDAQ 100,미국,광범위지수,일반,20260813
456880,KR7456880004,ACE 미국달러SOFR금리(합성),한국투자신탁운용,0.05,343233100000,12445,12452.58,2023-04-25,기타,해외,합성(패시브),배당소득세(보유기간과세),Solactive SOFR Daily Total Return Index,미국,채권·금리,일반,20260813
440650,KR7440650000,ACE 미국달러단기채권액티브,한국투자신탁운용,0.3,42858000000,11905,11894.69,2022-08-23,채권,해외,실물(액티브),배당소득세(보유기간과세),Bloomberg Short-Term Treasury Total Return Index,미국,채권·금리,인버스,20260813
0127M0,KR70127M0006,ACE 미국대형가치주액티브,한국투자신탁운용,0.3,151705250000,12695,12742.84,2025-11-11,주식,해외,실물(액티브),배당소득세(보유기간과세),CRSP US Large Cap Value Index(PR),미국,기타,일반,20260813
0127P0,KR70127P0003,ACE 미국대형성장주액티브,한국투자신탁운용,0.3,699195250000,10985,10962.21,2025-11-11,주식,해외,실물(액티브),배당소득세(보유기간과세),CRSP US Large Cap Growth Index(PR),미국,광범위지수,일반,20260813
480040,KR7480040005,ACE 미국반도체데일리타겟커버드콜(합성),한국투자신탁운용,0.45,200960000000,15700,15643.44,2024-04-23,주식,해외,합성(패시브),배당소득세(보유기간과세),Bloomberg US Listed Semiconductor Premium Decrement 15% Distribution Index,미국,반도체,커버드콜,20260813
402970,KR7402970008,ACE 미국배당다우존스,한국투자신탁운용,0.01,973107000000,15670,15646.28,2021-10-21,주식,해외,실물(패시브),배당소득세(보유기간과세),Dow Jones U.S. Dividend 100 Price Return Index,미국,배당주,일반,20260813
0049M0,KR70049M0001,ACE 미국배당퀄리티+커버드콜액티브,한국투자신탁운용,0.15,80281500000,11635,11665.89,2025-05-13,주식,해외,실물(액티브),배당소득세(보유기간과세),Bloomberg WisdomTree U.S. Quality Dividend & B500 Premium Decrement 50:50 Index,미국,배당주,커버드콜,20260813
0046Y0,KR70046Y0000,ACE 미국배당퀄리티,한국투자신탁운용,0.15,55420000000,13040,13058.92,2025-05-13,주식,해외,실물(패시브),배당소득세(보유기간과세),WisdomTree U.S. Quality Dividend Growth Index (Price Return),미국,배당주,일반,20260813
0049K0,KR70049K0003,ACE 미국배당퀄리티채권혼합50,한국투자신탁운용,0.15,25515000000,11340,11337.14,2025-05-13,혼합자산,국내&해외,실물(패시브),배당소득세(보유기간과세),Bloomberg WisdomTree U.S. Quality Dividend & Short Term KRW Bonds 50:50 TR Index,미국,채권·금리,인버스,20260813
181480,KR7181480005,ACE 미국부동산리츠(합성 H),한국투자신탁운용,0.3,10168200000,84735,85245.05,2013-08-01,부동산,해외,합성(패시브),배당소득세(분리과세부동산ETF),Dow Jones U.S. Real Estate Index,미국,리츠·부동산,일반,20260813
480020,KR7480020007,ACE 미국빅테크7+데일리타겟커버드콜(합성),한국투자신탁운용,0.45,167466000000,10735,10679.91,2024-04-23,주식,해외,합성(패시브),배당소득세(보유기간과세),Bloomberg US Big Tech Top 7 Plus Premium Decrement 15% Distribution Index,미국,AI·테크,커버드콜,20260813
465610,KR7465610004,ACE 미국빅테크TOP7 Plus레버리지(합성),한국투자신탁운용,0.6,110124000000,45885,45992.52,2023-09-12,주식,해외,합성(패시브),배당소득세(보유기간과세),Solactive US Big Tech Top 7 Plus Price Return Index,미국,AI·테크,일반,20260813
465620,KR7465620003,ACE 미국빅테크TOP7 Plus인버스(합성),한국투자신탁운용,0.6,1561250000,6245,6249.72,2023-09-12,주식,해외,합성(패시브),배당소득세(보유기간과세),Solactive US Big Tech Top 7 Plus Price Return Index,미국,AI·테크,일반,20260813
465580,KR7465580009,ACE 미국빅테크TOP7 Plus,한국투자신탁운용,0.3,1118132000000,25240,25234.92,2023-09-12,주식,해외,실물(패시브),배당소득세(보유기간과세),Solactive US Big Tech Top 7 Plus Price Return Index,미국,AI·테크,일반,20260813
0180V0,KR70180V0009,ACE 미국우주테크액티브,한국투자신탁운용,0.8,175593000000,9390,9341.36,2026-04-14,주식,해외,실물(액티브),배당소득세(보유기간과세),FnGuide 미국스페이스테크 지수(시장가격),미국,AI·테크,일반,20260813
473590,KR7473590008,ACE 미국주식베스트셀러,한국투자신탁운용,0.3,42570000000,19350,19188.62,2023-12-27,주식,해외,실물(패시브),배당소득세(보유기간과세),FnGuide 미국 주식 베스트셀러 지수(시장가격지수),미국,기타,일반,20260813
0008E0,KR70008E0000,ACE 미국중심중소형제조업,한국투자신탁운용,0.45,12882000000,13560,13606.92,2025-01-21,주식,해외,실물(패시브),배당소득세(보유기간과세),NYSE FactSet US Focus Manufacturing Index(Price Return),미국,기타,일반,20260813
391600,KR7391600004,ACE 미국친환경그린테마,한국투자신탁운용,0.7,4981500000,11070,11144.01,2021-08-05,주식,해외,실물(패시브),배당소득세(보유기간과세),Indxx US Green Infrastructure Price return Index,미국,기타,일반,20260813
455660,KR7455660001,ACE 미국하이일드액티브(H),한국투자신탁운용,0.24,62535000000,9475,9470.55,2023-04-18,채권,해외,실물(액티브),배당소득세(보유기간과세),iBoxx USD Liquid High Yield Total Return Index,기타,기타,일반,20260813
245710,KR7245710009,ACE 베트남VN30(합성),한국투자신탁운용,0.7,246540000000,29350,29729.24,2016-07-01,주식,해외,합성(패시브),배당소득세(보유기간과세),VN30 Index(PR),베트남,기타,일반,20260813
131890,KR7131890006,ACE 삼성그룹동일가중,한국투자신탁운용,0.15,16310000000,40775,40974.87,2010-09-17,주식,국내,실물(패시브),비과세,MKF SAMs EW 지수,한국,기타,일반,20260813
108450,KR7108450008,ACE 삼성그룹섹터가중,한국투자신탁운용,0.15,87879000000,39945,40161.43,2009-02-03,주식,국내,실물(패시브),비과세,MKF SAMs SW,한국,기타,일반,20260813
0194M0,KR70194M0004,ACE 삼성전자단일종목레버리지,한국투자신탁운용,0.09,58331875000,11725,11842.7,2026-05-27,주식,국내,실물(패시브),배당소득세(보유기간과세),KRX 삼성전자 지수,한국,개별종목,일반,20260813
226380,KR7226380004,ACE Fn성장소비주도주,한국투자신탁운용,0.5,4161500000,5945,5966.46,2015-08-19,주식,국내,실물(패시브),비과세,FnGuide 성장소비주도 지수,한국,소비재,일반,20260813
316300,KR7316300003,ACE 싱가포르리츠,한국투자신탁운용,0.4,6702500000,13405,13550.65,2019-01-29,부동산,해외,실물(패시브),배당소득세(분리과세부동산ETF),Morningstar Singapore REIT Yield Focus Index(PR),기타,리츠·부동산,일반,20260813
277540,KR7277540001,ACE 아시아TOP50,한국투자신탁운용,0.7,26028000000,32535,32448.42,2017-08-23,주식,국내&해외,실물(패시브),배당소득세(보유기간과세),S&P ASIA50 Price Return Index,국내+해외,기타,일반,20260813
483320,KR7483320008,ACE 엔비디아밸류체인액티브,한국투자신탁운용,0.45,316872000000,26080,25969.63,2024-06-11,주식,해외,실물(액티브),배당소득세(보유기간과세),KEDI 글로벌AI반도체 지수,글로벌,반도체,일반,20260813
448540,KR7448540005,ACE 엔비디아채권혼합,한국투자신탁운용,0.07,239143000000,26870,26831.64,2022-11-29,혼합자산,국내&해외,실물(패시브),배당소득세(보유기간과세),Bloomberg Blended NVIDIA Equity and Korean Bond Index,미국,개별종목,일반,20260813
0099L0,KR70099L0001,ACE 우량회사채(AA-이상)액티브,한국투자신탁운용,0.095,171220995000,99605,99597.53,2025-09-09,채권,국내,실물(액티브),배당소득세(보유기간과세),KIS 1~3년 우량크레딧(AA-이상) 총수익지수,한국,채권·금리,일반,20260813
433500,KR7433500006,ACE 원자력TOP10,한국투자신탁운용,0.3,213115500000,54645,54781.11,2022-06-28,주식,국내,실물(패시브),비과세,DeepSearch 원자력 TOP 10지수,한국,에너지·원자력,일반,20260813
0102X0,KR70102X0002,ACE 유럽방산TOP10,한국투자신탁운용,0.35,6656000000,10240,10296.13,2025-09-23,주식,해외,실물(패시브),배당소득세(보유기간과세),NYSE FactSet Europe Defense TOP10 Index (Price Return),미국,방산·우주,일반,20260813
487920,KR7487920001,ACE 인도시장대표BIG5그룹액티브,한국투자신탁운용,0.45,8325000000,8325,8377.2,2024-09-10,주식,해외,실물(액티브),배당소득세(보유기간과세),Indxx India Big 5 Conglomerates Index (Price Return),인도,기타,일반,20260813
487910,KR7487910002,ACE 인도컨슈머파워액티브,한국투자신탁운용,0.45,10506000000,8755,8761.09,2024-09-10,주식,해외,실물(액티브),배당소득세(보유기간과세),Indxx India Super Consumption Index (Price Return),인도,기타,일반,20260813
145670,KR7145670006,ACE 인버스,한국투자신탁운용,0.15,3033700000,1319,1316.6,2011-09-08,주식,국내,실물(패시브),배당소득세(보유기간과세),코스피 200 선물지수,한국,광범위지수,일반,20260813
497520,KR7497520007,ACE 일라이릴리밸류체인,한국투자신탁운용,0.45,8719750000,13415,13463.8,2024-11-19,주식,해외,실물(패시브),배당소득세(보유기간과세),Solactive Eli Lilly Value Chain Index(PR),기타,기타,일반,20260813
196030,KR7196030001,ACE 일본TOPIX레버리지(H),한국투자신탁운용,0.5,47227500000,94455,92189.86,2014-06-16,주식,해외,실물(패시브),배당소득세(보유기간과세),TOPIX,일본,광범위지수,일반,20260813
238720,KR7238720007,ACE 일본Nikkei225(H),한국투자신탁운용,0.3,44595000000,49550,49128.23,2016-03-03,주식,해외,실물(패시브),배당소득세(해외주식투자전용ETF),Nikkei 225,일본,기타,일반,20260813
469160,KR7469160006,ACE 일본반도체,한국투자신탁운용,0.45,24291000000,26990,26282.21,2023-10-17,주식,해외,실물(패시브),배당소득세(보유기간과세),Bloomberg Japan Semiconductor Select Top 25 Index(Price Return),일본,반도체,일반,20260813
205720,KR7205720006,ACE 일본TOPIX인버스(합성 H),한국투자신탁운용,0.5,4293000000,1431,1444.14,2014-09-29,주식,해외,합성(패시브),배당소득세(보유기간과세),TOPIX,일본,광범위지수,일반,20260813
356540,KR7356540005,ACE 종합채권(AA-이상)액티브,한국투자신탁운용,0.02,995662800000,100980,100942.86,2020-07-21,채권,국내,실물(액티브),배당소득세(보유기간과세),KIS 종합채권 AA-이상 총수익 지수(Total return Index),한국,채권·금리,일반,20260813
447430,KR7447430000,ACE 주주환원가치주액티브,한국투자신탁운용,0.7,47731000000,16180,16208.85,2022-11-15,주식,국내,실물(액티브),배당소득세(보유기간과세),FnGuide 올라운드 가치주 지수,한국,기타,일반,20260813
416090,KR7416090009,ACE 중국과창판STAR50,한국투자신탁운용,0.5,21135000000,14090,13866.77,2022-01-13,주식,해외,실물(패시브),배당소득세(보유기간과세),STAR 50 Index(Price Return),기타,기타,일반,20260813
168580,KR7168580009,ACE 중국본토CSI300,한국투자신탁운용,0.7,111930000000,35875,36042.26,2012-11-29,주식,해외,실물(패시브),배당소득세(해외주식투자전용ETF),CSI 300 Index,중국,광범위지수,일반,20260813
219900,KR7219900008,ACE 중국본토CSI300레버리지(합성),한국투자신탁운용,0.5,6440000000,4600,4640.64,2015-05-28,주식,해외,합성(패시브),배당소득세(보유기간과세),CSI 300 Index,중국,광범위지수,일반,20260813
272910,KR7272910001,ACE 중장기국공채액티브,한국투자신탁운용,0.08,73034640000,106155,106127.19,2017-06-29,채권,국내,실물(액티브),배당소득세(보유기간과세),KIS 종합채권국공채1-10Y지수,한국,채권·금리,일반,20260813
0087F0,KR70087F0003,ACE 차이나AI빅테크TOP2+액티브,한국투자신탁운용,0.45,6400000000,12800,12885.38,2025-07-29,주식,해외,실물(액티브),배당소득세(보유기간과세),Solactive China AI Big Tech TOP2+ Index (Price Return),중국,AI·테크,일반,20260813
371870,KR7371870007,ACE 차이나항셍테크,한국투자신탁운용,0.25,11680000000,7300,7251.59,2020-12-16,주식,해외,실물(패시브),배당소득세(보유기간과세),Hang Seng TECH Index,중국,AI·테크,일반,20260813
0209Z0,KR70209Z0002,ACE 코리아AI전력TOP10,한국투자신탁운용,0.39,38787500000,7250,7300.05,2026-06-23,주식,국내,실물(패시브),비과세,Akros 코리아 AI전력 TOP 10 지수 (시장가격),한국,AI·테크,일반,20260813
380340,KR7380340000,ACE 코리아AI테크핵심산업,한국투자신탁운용,0.35,34896000000,29080,29155.45,2021-04-02,주식,국내,실물(패시브),비과세,FnGuide 코리아AI테크핵심산업지수 (Price Return),한국,AI·테크,일반,20260813
496120,KR7496120007,ACE 코리아밸류업,한국투자신탁운용,0.09,25113750000,33485,33417.09,2024-11-04,주식,국내,실물(패시브),비과세,코리아 밸류업 지수,한국,배당주,일반,20260813
354500,KR7354500001,ACE 코스닥150,한국투자신탁운용,0.02,158470000000,14950,14977.02,2020-05-07,주식,국내,실물(패시브),비과세,코스닥 150,한국,광범위지수,일반,20260813
305050,KR7305050007,ACE 코스피,한국투자신탁운용,0.02,42525000000,70875,70754.72,2018-10-05,주식,국내,실물(패시브),비과세,코스피,한국,광범위지수,일반,20260813
457480,KR7457480002,ACE 테슬라밸류체인액티브,한국투자신탁운용,0.29,756346250000,18425,18426.13,2023-05-16,주식,해외,실물(액티브),배당소득세(보유기간과세),Bloomberg EV Supporters Plus Tesla Price Return Index,미국,개별종목,일반,20260813
469170,KR7469170005,ACE 포스코그룹포커스,한국투자신탁운용,0.3,114100000000,5705,5710.33,2023-10-17,주식,국내,실물(패시브),비과세,FnGuide 포스코그룹포커스 지수(시장가격),한국,기타,일반,20260813
491220,KR7491220000,PLUS 200TR,한화자산운용,0.01,57386250000,127525,127884.56,2024-09-10,주식,국내,실물(패시브),배당소득세(보유기간과세),코스피 200 TR,한국,광범위지수,일반,20260813
152100,KR7152100004,PLUS 200,한화자산운용,0.017,1530958250000,108965,109276.46,2012-01-10,주식,국내,실물(패시브),비과세,코스피 200,한국,광범위지수,일반,20260813
253150,KR7253150007,PLUS 200선물레버리지,한화자산운용,0.06,50136250000,200545,201535.05,2016-09-29,주식,국내,실물(패시브),배당소득세(보유기간과세),코스피 200 선물지수,한국,광범위지수,일반,20260813
253160,KR7253160006,PLUS 200선물인버스2X,한화자산운용,0.06,1138500000,165,163.51,2016-09-22,주식,국내,실물(패시브),배당소득세(보유기간과세),코스피 200 선물지수,한국,광범위지수,일반,20260813
0203D0,KR70203D0004,PLUS 200위클리커버드콜채권혼합,한화자산운용,0.39,9867000000,8970,8983.51,2026-06-02,혼합자산,국내,실물(패시브),배당소득세(보유기간과세),코스피 200 KTB 혼합 위클리 고정 10% 커버드콜 지수,한국,채권·금리,커버드콜,20260813
0210E0,KR70210E0004,PLUS 200커버드콜액티브,한화자산운용,0.491,58302000000,7380,7426.31,2026-06-23,주식,국내,실물(액티브),배당소득세(보유기간과세),코스피 200 위클리 고정 30% 커버드콜 지수,한국,광범위지수,커버드콜,20260813
395750,KR7395750003,PLUS ESG가치주액티브,한화자산운용,0.105,8252000000,20630,20511.8,2021-07-30,주식,국내,실물(액티브),배당소득세(보유기간과세),FnGuide 한화 ESG 가치 지수,한국,광범위지수,일반,20260813
395760,KR7395760002,PLUS ESG성장주액티브,한화자산운용,0.105,12759000000,21265,21430.65,2021-07-30,주식,국내,실물(액티브),배당소득세(보유기간과세),FnGuide 한화 ESG 성장 지수,한국,광범위지수,일반,20260813
453010,KR7453010001,PLUS KOFR금리,한화자산운용,0.05,14699800000,109700,109707.55,2023-03-14,기타,국내,실물(패시브),배당소득세(보유기간과세),KOFR 지수,한국,채권·금리,일반,20260813
227830,KR7227830007,PLUS 코스피,한화자산운용,0.2,17726250000,70905,70506.13,2015-09-23,주식,국내,실물(패시브),비과세,코스피,한국,광범위지수,일반,20260813
122090,KR7122090004,PLUS 코스피50,한화자산운용,0.33,185042550000,80105,80578.13,2010-01-07,주식,국내,실물(패시브),비과세,코스피 50,한국,광범위지수,일반,20260813
429740,KR7429740004,PLUS K리츠,한화자산운용,0.25,6803500000,6185,6201.31,2022-05-24,부동산,국내,실물(패시브),비과세(분리과세부동산ETF),FnGuide 리츠 지수,한국,리츠·부동산,일반,20260813
0104G0,KR70104G0001,PLUS K방산레버리지,한화자산운용,0.5,18252500000,7450,7457.07,2025-09-30,주식,국내,실물(패시브),배당소득세(보유기간과세),FnGuide K-방위산업 지수,한국,방산·우주,일반,20260813
0090B0,KR70090B0002,PLUS K방산소부장,한화자산운용,0.45,16346000000,7430,7428.46,2025-08-26,주식,국내,실물(패시브),비과세,Akros K방산소부장 지수(PR),한국,방산·우주,일반,20260813
449450,KR7449450006,PLUS K방산,한화자산운용,0.45,1147092450000,58555,58916.06,2023-01-05,주식,국내,실물(패시브),비과세,FnGuide K-방위산업 지수,한국,방산·우주,일반,20260813
0166S0,KR70166S0002,PLUS K제조업핵심기업액티브,한화자산운용,0.63,57967250000,10835,10896.97,2026-03-24,주식,국내,실물(액티브),배당소득세(보유기간과세),Akros K제조업 50 지수,한국,기타,일반,20260813
269540,KR7269540001,PLUS 미국S&P500(H),한화자산운용,0.3,91155000000,30385,30364.38,2017-05-16,주식,해외,실물(패시브),배당소득세(해외주식투자전용ETF),S&P 500,미국,광범위지수,일반,20260813
269530,KR7269530002,PLUS S&P글로벌인프라,한화자산운용,0.3,12342000000,20570,20746.73,2017-05-16,주식,해외,실물(패시브),배당소득세(해외주식투자전용ETF),S&P Global Infrastructure Index,글로벌,기타,일반,20260813
0226A0,KR70226A0000,PLUS SK하이닉스샌디스크채권혼합50,한화자산운용,0.25,51375000000,10275,10275.41,2026-08-04,혼합자산,국내&해외,실물(패시브),배당소득세(보유기간과세),Akros SK하이닉스 샌디스크 채권혼합 50 지수,국내+해외,개별종목,혼합,20260813
251590,KR7251590006,PLUS 고배당저변동50,한화자산운용,0.23,11914000000,17020,17084.48,2016-08-11,주식,국내,실물(패시브),비과세,FnGuide 고배당저변동50 지수,한국,배당주,일반,20260813
161510,KR7161510003,PLUS 고배당주,한화자산운용,0.23,2373550200000,24990,25064.12,2012-08-29,주식,국내,실물(패시브),비과세,FnGuide 배당주 지수,한국,배당주,일반,20260813
0018C0,KR70018C0000,PLUS 고배당주위클리고정커버드콜,한화자산운용,0.3,79954500000,10590,10563.86,2025-03-05,주식,국내,실물(패시브),배당소득세(보유기간과세),코스피 고배당 위클리 고정 커버드콜 지수,한국,배당주,커버드콜,20260813
489030,KR7489030007,PLUS 고배당주위클리커버드콜,한화자산운용,0.3,289693500000,6395,6350.52,2024-08-13,주식,국내,실물(패시브),배당소득세(보유기간과세),코스피 고배당 위클리 콜매도 ATM 지수,한국,배당주,일반,20260813
251600,KR7251600003,PLUS 고배당주채권혼합,한화자산운용,0.2,594633000000,15405,15412.23,2016-08-11,혼합자산,국내,실물(패시브),배당소득세(보유기간과세),FnGuide 고배당 채권혼합 지수,한국,채권·금리,혼합,20260813
461460,KR7461460008,PLUS 국고채10년액티브,한화자산운용,0.045,83435680000,51440,51390.89,2023-07-18,채권,국내,실물(액티브),배당소득세(보유기간과세),KAP 국고채 10년 동일가중 지수(총수익),한국,채권·금리,일반,20260813
451600,KR7451600001,PLUS 국고채30년액티브,한화자산운용,0.05,11334010000,82730,82780.62,2023-02-07,채권,국내,실물(액티브),배당소득세(보유기간과세),KAP 국고채 30년 지수(총수익),한국,채권·금리,일반,20260813
491230,KR7491230009,PLUS 국공채머니마켓액티브,한화자산운용,0.05,112861640000,52445,52418.77,2024-09-10,채권,국내,실물(액티브),배당소득세(보유기간과세),KAP 국공채 MMF 지수(총수익),한국,채권·금리,일반,20260813
289670,KR7289670002,PLUS 국채선물10년,한화자산운용,0.05,5846960000,52205,52040.6,2018-02-07,채권,국내,실물(패시브),배당소득세(보유기간과세),10년국채선물지수,한국,채권·금리,일반,20260813
298340,KR7298340001,PLUS 국채선물3년,한화자산운용,0.1,57213420000,56535,56504.11,2018-06-08,채권,국내,실물(패시브),배당소득세(보유기간과세),국채선물지수,한국,채권·금리,일반,20260813
489010,KR7489010009,PLUS 글로벌AI인프라,한화자산운용,0.45,3311250000,22075,22223.49,2024-08-13,주식,해외,실물(패시브),배당소득세(보유기간과세),Solactive Global AI Infrastructure Index (PR),글로벌,AI·테크,일반,20260813
442580,KR7442580007,PLUS 글로벌HBM반도체,한화자산운용,0.5,1761765000000,100500,100395.69,2022-09-22,주식,해외,실물(패시브),배당소득세(보유기간과세),iSelect 글로벌HBM반도체 지수,글로벌,반도체,일반,20260813
496770,KR7496770009,PLUS 글로벌방산,한화자산운용,0.45,34308750000,19605,19631.05,2024-11-12,주식,해외,실물(패시브),배당소득세(보유기간과세),Solactive Global Defense Index(PR),글로벌,방산·우주,일반,20260813
419650,KR7419650007,PLUS 글로벌수소&차세대연료전지,한화자산운용,0.5,17988750000,5535,5552.51,2022-02-15,주식,해외,실물(패시브),배당소득세(보유기간과세),BlueStar Hydrogen and NextGen Fuel Cell Index (시장가격),기타,에너지·원자력,일반,20260813
0007G0,KR70007G0009,PLUS 글로벌원자력밸류체인,한화자산운용,0.39,42795000000,14265,14271.08,2025-01-14,주식,해외,실물(패시브),배당소득세(보유기간과세),Solactive Global Nuclear Energy Value Chain Index(PR),글로벌,에너지·원자력,일반,20260813
0166T0,KR70166T0001,PLUS 글로벌저작권핵심기업액티브,한화자산운용,0.45,7840000000,9800,9924.55,2026-03-31,주식,해외,실물(액티브),배당소득세(보유기간과세),iSelect 미국AI지적재산 지수(PR),미국,AI·테크,일반,20260813
0035T0,KR70035T0000,PLUS 글로벌휴머노이드로봇액티브,한화자산운용,0.45,99960000000,20825,20782.53,2025-04-15,주식,국내&해외,실물(액티브),배당소득세(보유기간과세),iSelect 글로벌휴머노이드로봇 (PR),글로벌,AI·테크,일반,20260813
415920,KR7415920008,PLUS 글로벌희토류&전략자원생산기업,한화자산운용,0.5,34224000000,7440,7494.57,2022-01-18,주식,해외,실물(패시브),배당소득세(보유기간과세),MVIS Global Rare Earth/Strategic Metals Index (Price Return),글로벌,기타,일반,20260813
0138Y0,KR70138Y0009,PLUS 금채권혼합,한화자산운용,0.15,100840250000,9935,9995.36,2025-12-16,혼합자산,국내&해외,실물(패시브),배당소득세(보유기간과세),Akros 미국 금현물 ETF 채권혼합 지수,미국,채권·금리,혼합,20260813
278620,KR7278620000,PLUS 단기채권액티브,한화자산운용,0.07,65176380000,118935,118892.37,2017-09-26,채권,국내,실물(액티브),배당소득세(보유기간과세),"KAP 투자적격 크레딧 채권 1년 지수(A- 이상,총수익)",한국,채권·금리,일반,20260813
477050,KR7477050009,PLUS 머니마켓액티브,한화자산운용,0.05,425675800000,53450,53419.88,2024-03-26,채권,국내,실물(액티브),배당소득세(보유기간과세),KAP 시가평가 MMF 지수(총수익),한국,채권·금리,일반,20260813
0050E0,KR70050E0007,PLUS 미국AI에이전트,한화자산운용,0.45,4122500000,8245,8263.15,2025-05-20,주식,해외,실물(패시브),배당소득세(보유기간과세),Solactive US AI Agents Index(PR),미국,AI·테크,일반,20260813
429760,KR7429760002,PLUS 미국S&P500,한화자산운용,0.07,42619500000,20295,20294.39,2022-05-31,주식,해외,실물(패시브),배당소득세(보유기간과세),S&P 500,미국,광범위지수,일반,20260813
0057H0,KR70057H0007,PLUS 미국S&P500미국채혼합50액티브,한화자산운용,0.15,81770000000,12025,12024.59,2025-06-10,혼합자산,해외,실물(액티브),배당소득세(보유기간과세),S&P 500 and U.S. Treasury Bill 0-3 Month 50/50 Blend Index (USD),미국,채권·금리,일반,20260813
494410,KR7494410004,PLUS 미국S&P500성장주,한화자산운용,0.006,32560000000,14800,14832.66,2024-10-22,주식,해외,실물(패시브),배당소득세(보유기간과세),S&P 500 Growth Index(PR),미국,광범위지수,일반,20260813
0153X0,KR70153X0000,PLUS 미국고배당주액티브,한화자산운용,0.23,22561500000,11570,11604.65,2026-01-27,주식,해외,실물(액티브),배당소득세(보유기간과세),Akros 미국 고배당주 20 지수,미국,배당주,일반,20260813
0089B0,KR70089B0005,PLUS 미국나스닥100미국채혼합50,한화자산운용,0.15,32368000000,11560,11565.49,2025-08-19,혼합자산,해외,실물(패시브),배당소득세(보유기간과세),Nasdaq-100 US T-Bills 1-3 Month 50/50 Index (USD),미국,기타,일반,20260813
287180,KR7287180004,PLUS 미국나스닥테크,한화자산운용,0.5,48858000000,57480,57498.16,2017-12-13,주식,해외,실물(패시브),배당소득세(해외주식투자전용ETF),NASDAQ 100 Technology Sector Index,미국,AI·테크,일반,20260813
332610,KR7332610005,PLUS 미국단기회사채(AAA~A),한화자산운용,0.315,12418560000,129360,129287.77,2019-08-20,채권,해외,실물(패시브),배당소득세(보유기간과세),ICE BofaAML 1-3 Year AAA-A US Corporate Index(총수익지수),미국,채권·금리,일반,20260813
456200,KR7456200005,PLUS 미국달러SOFR금리액티브(합성),한화자산운용,0.09,6735850000,61235,61445.06,2023-05-09,기타,해외,합성(액티브),배당소득세(보유기간과세),Solactive SOFR Daily Total Return Index,미국,채권·금리,일반,20260813
0078V0,KR70078V0004,PLUS 미국로보택시,한화자산운용,0.49,4990000000,9980,9988.76,2025-07-22,주식,해외,실물(패시브),배당소득세(보유기간과세),KEDI 미국로보택시 지수(PR),미국,기타,일반,20260813
494420,KR7494420003,PLUS 미국배당증가성장주데일리커버드콜,한화자산운용,0.39,17505000000,9725,9671.82,2024-10-22,주식,해외,실물(패시브),배당소득세(보유기간과세),Bloomberg U.S. Dividend Growth Partial Covered Call Index,미국,배당주,커버드콜,20260813
0023B0,KR70023B0004,PLUS 미국양자컴퓨팅TOP10,한화자산운용,0.45,35444500000,17290,17339.16,2025-03-11,주식,해외,실물(패시브),배당소득세(보유기간과세),iSelect 미국양자컴퓨팅 TOP10 (PR),미국,AI·테크,일반,20260813
332620,KR7332620004,PLUS 미국장기우량회사채,한화자산운용,0.315,16959030000,90690,90811.43,2019-08-20,채권,해외,실물(패시브),배당소득세(보유기간과세),ICE BofaAML 15+ Year AAA-A US Corporate Index(총수익지수),미국,채권·금리,일반,20260813
464470,KR7464470004,PLUS 미국채30년액티브,한화자산운용,0.15,40561400000,49225,49130.02,2023-08-22,채권,해외,실물(액티브),배당소득세(보유기간과세),ICE U.S. Treasury 20+ Year Bond Index(Total Return),미국,채권·금리,일반,20260813
461900,KR7461900003,PLUS 미국테크TOP10,한화자산운용,0.01,18296000000,22870,22831.59,2023-07-18,주식,해외,실물(패시브),배당소득세(보유기간과세),iSelect 미국 Tech 10 지수,미국,AI·테크,일반,20260813
0193K0,KR70193K0007,PLUS 삼성전자단일종목레버리지,한화자산운용,0.09,19207500000,12805,12965.86,2026-05-27,주식,국내,실물(패시브),배당소득세(보유기간과세),KRX 삼성전자 지수,한국,개별종목,일반,20260813
0193L0,KR70193L0006,PLUS 삼성전자선물단일종목인버스2X,한화자산운용,0.49,14542500000,9695,9653.34,2026-05-27,주식,국내,실물(패시브),배당소득세(보유기간과세),KRX 삼성전자 선물 지수,한국,개별종목,일반,20260813
238670,KR7238670004,PLUS 스마트베타Quality채권혼합,한화자산운용,0.2,4101000000,13670,13566.33,2016-02-24,혼합자산,국내,실물(패시브),배당소득세(보유기간과세),WISE-KAP 스마트베타 Quality 채권혼합지수,한국,채권·금리,혼합,20260813
256450,KR7256450008,PLUS 심천차이넥스트(합성),한화자산운용,0.5,8120000000,16240,16272.2,2016-11-08,주식,해외,합성(패시브),배당소득세(보유기간과세),SZSE ChiNext Price Index,기타,기타,일반,20260813
447660,KR7447660002,PLUS 애플채권혼합,한화자산운용,0.25,22514250000,13645,13626.92,2022-11-29,혼합자산,국내&해외,실물(패시브),배당소득세(보유기간과세),FnGuide 애플채권혼합 지수,미국,개별종목,혼합,20260813
239660,KR7239660004,PLUS 우량회사채50,한화자산운용,0.135,21897000000,121650,121592.61,2016-03-22,채권,국내,실물(패시브),배당소득세(보유기간과세),KOBI HALF CREDIT Index(총수익),한국,채권·금리,일반,20260813
421320,KR7421320003,PLUS 우주항공,한화자산운용,0.45,285825000000,30900,31020.95,2022-03-29,주식,국내,실물(패시브),비과세,iSelect 우주항공UAM 지수,한국,방산·우주,일반,20260813
0184N0,KR70184N0005,PLUS 은채권혼합,한화자산운용,0.15,8019000000,8910,8940.48,2026-05-12,혼합자산,국내&해외,실물(패시브),배당소득세(보유기간과세),Akros 은 채권혼합 지수,국내+해외,채권·금리,혼합,20260813
464920,KR7464920008,PLUS 일본반도체소부장,한화자산운용,0.5,32806250000,26245,25842.67,2023-08-31,주식,해외,실물(패시브),배당소득세(보유기간과세),Solactive Japan Semiconductor Materials and Equipment Index PR,일본,반도체,일반,20260813
489000,KR7489000000,PLUS 일본엔화초단기국채(합성),한화자산운용,0.19,20724000000,9420,9421.13,2024-08-13,채권,해외,합성(패시브),배당소득세(보유기간과세),KAP 일본 단기 국채 지수(총수익),일본,채권·금리,일반,20260813
0098N0,KR70098N0000,PLUS 자사주매입고배당주,한화자산운용,0.3,77775000000,12750,12802.76,2025-09-16,주식,국내,실물(패시브),비과세,FnGuide 고배당주 플러스 자사주 지수 (PR),한국,배당주,일반,20260813
433880,KR7433880002,PLUS TDF2060액티브 적격,한화자산운용,0.2,67025000000,19150,19078.72,2022-06-30,혼합자산,국내&해외,실물(액티브),배당소득세(보유기간과세),Morningstar Korea Lifetime Allocation Moderate 2060 Index (Gross Return),국내+해외,기타,일반,20260813
451000,KR7451000004,PLUS 종합채권(AA-이상)액티브,한화자산운용,0.045,400174770000,106970,106949.29,2023-01-10,채권,국내,실물(액티브),배당소득세(보유기간과세),"KAP 종합채권지수(AA-이상, 총수익)",한국,채권·금리,일반,20260813
280920,KR7280920000,PLUS 주도업종,한화자산운용,0.23,13134000000,23880,24119.52,2017-10-17,주식,국내,실물(패시브),비과세,FnGuide 주도업종 지수,한국,기타,일반,20260813
0184L0,KR70184L0007,PLUS 중기종합채권(A-이상)액티브,한화자산운용,0.06,134321025000,100615,100548.95,2026-05-12,채권,국내,실물(액티브),배당소득세(보유기간과세),KIS 중기종합채권(A-이상) 지수(총수익),한국,채권·금리,일반,20260813
266550,KR7266550003,PLUS 중형주저변동50,한화자산운용,0.23,4638750000,18555,18664.86,2017-03-28,주식,국내,실물(패시브),비과세,FnGuide 중형주저변동50지수,한국,기타,일반,20260813
0047N0,KR70047N0002,PLUS 차이나AI테크TOP10,한화자산운용,0.49,6883500000,10590,10668.87,2025-05-13,주식,해외,실물(패시브),배당소득세(보유기간과세),Solactive China AI Tech Top10 Index(PR),중국,AI·테크,일반,20260813
0128D0,KR70128D0006,PLUS 차이나항셍테크위클리타겟커버드콜,한화자산운용,0.39,5180000000,7400,7403.68,2025-11-18,주식,해외,실물(패시브),배당소득세(보유기간과세),HSTECH 15% Target Premium Weekly Covered Call Index,기타,기타,커버드콜,20260813
495040,KR7495040008,PLUS 코리아밸류업,한화자산운용,0.009,87078750000,31665,31898.4,2024-11-04,주식,국내,실물(패시브),비과세,코리아 밸류업 지수,한국,배당주,일반,20260813
0166N0,KR70166N0007,PLUS 코스닥150액티브,한화자산운용,0.63,29279000000,7705,7756.31,2026-03-17,주식,국내,실물(액티브),배당소득세(보유기간과세),코스닥 150,한국,광범위지수,일반,20260813
301400,KR7301400008,PLUS 코스닥150,한화자산운용,0.15,10440500000,14915,14984.31,2018-07-05,주식,국내,실물(패시브),비과세,코스닥 150,한국,광범위지수,일반,20260813
328370,KR7328370002,PLUS 코스피TR,한화자산운용,0.15,118699000000,38290,38300.63,2019-06-25,주식,국내,실물(패시브),배당소득세(보유기간과세),코스피 TR,한국,광범위지수,일반,20260813
457990,KR7457990000,PLUS 태양광&ESS,한화자산운용,0.45,149110500000,38730,38861.01,2023-06-20,주식,국내,실물(패시브),비과세,FnGuide 태양광 & ESS 지수,한국,에너지·원자력,일반,20260813
0132K0,KR70132K0001,PLUS 테슬라위클리커버드콜채권혼합,한화자산운용,0.39,107129250000,7965,7956.62,2025-12-09,주식,국내&해외,실물(패시브),배당소득세(보유기간과세),Akros 테슬라 위클리 커버드콜 채권혼합 지수,미국,개별종목,커버드콜,20260813
0000J0,KR70000J0003,PLUS 한화그룹주,한화자산운용,0.19,115869000000,29710,29838.21,2024-12-24,주식,국내,실물(패시브),비과세,FnGuide 한화그룹주 지수,한국,기타,일반,20260813
461910,KR7461910002,PLUS 미국테크TOP10레버리지(합성),한화자산운용,0.5,19100000000,38200,38171.23,2023-07-18,주식,해외,합성(패시브),배당소득세(보유기간과세),iSelect 미국 Tech 10 지수,미국,AI·테크,일반,20260813
213630,KR7213630007,PLUS 미국다우존스고배당주(합성 H),한화자산운용,0.4,19306200000,20985,21091.83,2015-01-26,주식,해외,합성(패시브),배당소득세(보유기간과세),Dow Jones U.S Select Dividend Index(시장가격지수),미국,배당주,일반,20260813
189400,KR7189400005,PLUS 글로벌MSCI(합성 H),한화자산운용,0.4,7818000000,26060,26149.72,2013-12-10,주식,해외,합성(패시브),배당소득세(보유기간과세),MSCI ACWI Index,글로벌,광범위지수,일반,20260813
195970,KR7195970009,PLUS 선진국MSCI(합성 H),한화자산운용,0.5,24396600000,16710,16706.16,2014-05-13,주식,해외,합성(패시브),배당소득세(보유기간과세),MSCI EAFE Index,기타,광범위지수,일반,20260813
195980,KR7195980008,PLUS 신흥국MSCI(합성 H),한화자산운용,0.5,95047800000,15135,15114.11,2014-05-13,주식,해외,합성(패시브),배당소득세(보유기간과세),MSCI EM Index,신흥국,광범위지수,일반,20260813
0184V0,KR70184V0005,UNICORN K바이오액티브,현대자산운용,0.51,8004000000,6670,6714.34,2026-05-12,주식,국내,실물(액티브),배당소득세(보유기간과세),FnGuide K-바이오 밸런스드 지수,한국,바이오·헬스케어,일반,20260813
433250,KR7433250008,UNICORN R&D 액티브,현대자산운용,0.355,5977500000,23910,23822.86,2022-07-06,주식,국내,실물(액티브),배당소득세(보유기간과세),코스피 200,한국,광범위지수,일반,20260813
494220,KR7494220007,UNICORN SK하이닉스밸류체인액티브,현대자산운용,0.5,163672750000,46105,46417.82,2024-11-07,주식,국내,실물(액티브),배당소득세(보유기간과세),FnGuide SK하이닉스밸류체인 지수,한국,개별종목,일반,20260813
470310,KR7470310004,UNICORN 생성형AI강소기업액티브,현대자산운용,0.5,5836500000,19455,19383.8,2023-11-21,주식,국내,실물(액티브),배당소득세(보유기간과세),iSelect AI 지수,한국,AI·테크,일반,20260813
476000,KR7476000005,UNICORN 포스트IPO액티브,현대자산운용,0.5,3176250000,5775,5756.24,2024-02-27,주식,국내,실물(액티브),배당소득세(보유기간과세),iSelect 포스트 IPO 지수,한국,기타,일반,20260813
491700,KR7491700001,HK 200,흥국자산운용,0.05,64926000000,108210,108579.14,2024-09-10,주식,국내,실물(패시브),비과세,코스피 200,한국,광범위지수,일반,20260813
0000Y0,KR70000Y0004,HK 26-12 회사채(AA-이상)액티브,흥국자산운용,0.065,123111450000,101745,101703.44,2024-12-24,채권,국내,실물(액티브),배당소득세(보유기간과세),KAP 26-12 크레딧 채권 총수익지수(AA-이상),한국,채권·금리,일반,20260813
215620,KR7215620006,HK S&P코리아로우볼,흥국자산운용,0.4,8775000000,16250,16135.4,2015-03-25,주식,국내,실물(패시브),비과세,S&P Korea 저변동성 지수,한국,기타,일반,20260813
0113P0,KR70113P0009,HK 머니마켓액티브,흥국자산운용,0.045,52986220000,102290,102249.85,2025-09-30,채권,국내,실물(액티브),배당소득세(보유기간과세),KAP 머니마켓 지수(총수익),한국,기타,일반,20260813
391670,KR7391670007,HK 베스트일레븐액티브,흥국자산운용,0.3,16755000000,27925,28140.37,2021-07-06,주식,국내,실물(액티브),배당소득세(보유기간과세),코스피 200,한국,광범위지수,일반,20260813
472920,KR7472920008,HK 종합채권(AA-이상)액티브,흥국자산운용,0.036,252097250000,97750,97765.55,2023-11-28,채권,국내,실물(액티브),배당소득세(보유기간과세),KAP 종합채권 AA- 이상 지수(총수익),한국,채권·금리,일반,20260813
0226D0,,FOCUS 금융반도체지주채권혼합50액티브,,,8052000000,10065,10096.44,,,,,,KAP 금융반도체지주채권혼합50지수,,,,20260813
0227K0,,RISE 미국우주위성통신,,,10480000000,10480,10467.22,,,,,,Indxx US Space Satellite Communications Index PR,,,,20260813
0228G0,,ACE 반도체Plus전략산업,,,205900000000,10295,10337.27,,,,,,iSelect 반도체 TOP2+전략산업 지수 (시장가격),,,,20260813
