KRX코드,ISIN,종목명,운용사,총보수,시가총액,종가,NAV,상장일,자산분류,시장분류,운용방식,과세유형,기초지수명,투자지역,테마섹터,전략,기준일자
0193M0,KR70193M0005,BNK 27-12 특수채(AAA이상)액티브,비엔케이자산운용,0.07,106450470000,50355,50329.39,2026-06-16,채권,국내,실물(액티브),배당소득세(보유기간과세),KAP 27-12 특수채 총수익 지수(AAA이상),한국,채권·금리,일반,20260812
466810,KR7466810009,BNK 2차전지양극재,비엔케이자산운용,0.395,8272250000,5705,5688.18,2023-10-19,주식,국내,실물(패시브),비과세,iSelect 2차전지양극재 지수,한국,2차전지,일반,20260812
457930,KR7457930006,BNK 미래전략기술액티브,비엔케이자산운용,0.495,8314500000,27715,27619.44,2023-06-20,주식,국내,실물(액티브),배당소득세(보유기간과세),iSelect 미래전략기술 지수 (PR),한국,기타,일반,20260812
0218K0,KR70218K0008,BNK 스마트카,비엔케이자산운용,0.45,8088750000,10785,10766.98,2026-07-21,주식,국내,실물(패시브),비과세,FnGuide 스마트카 지수,한국,자동차,일반,20260812
487750,KR7487750002,BNK 온디바이스AI,비엔케이자산운용,0.395,11582000000,28955,29121.87,2024-07-23,주식,국내,실물(패시브),비과세,FnGuide 온디바이스AI 지수,한국,AI·테크,일반,20260812
445690,KR7445690001,BNK 주주가치액티브,비엔케이자산운용,0.495,17910000000,29850,29726.37,2022-10-27,주식,국내,실물(액티브),배당소득세(보유기간과세),FnGuide 주주가치 지수,한국,배당주,일반,20260812
0120J0,KR70120J0008,BNK 카카오그룹포커스,비엔케이자산운용,0.395,10081250000,8065,8108.38,2025-12-02,주식,국내,실물(패시브),비과세,FnGuide 카카오그룹 포커스 지수,한국,개별종목,일반,20260812
0112X0,KR70112X0000,마이티 200TR,디비자산운용,0.05,35100000000,39000,38881.55,2025-10-28,주식,국내,실물(패시브),배당소득세(보유기간과세),코스피 200 TR,한국,광범위지수,일반,20260812
465780,KR7465780005,마이티 26-09 특수채(AAA)액티브,디비자산운용,0.06,102313935000,106245,106245.36,2023-09-21,채권,국내,실물(액티브),배당소득세(보유기간과세),KAP 26-09 특수채 지수(총수익),한국,채권·금리,일반,20260812
0191M0,KR70191M0007,마이티 5월만기자동연장특수채(AAA)액티브,디비자산운용,0.06,41644260000,100590,100587.54,2026-06-02,채권,국내,실물(액티브),배당소득세(보유기간과세),KAP 5월 만기자동연장 특수채(AAA) 총수익 지수,한국,채권·금리,일반,20260812
0222F0,KR70222F0009,마이티 AI데이터센터밸류체인,디비자산운용,0.365,12615000000,12615,12577.49,2026-08-04,주식,국내,실물(패시브),비과세,KAP AI데이터센터밸류체인지수,한국,AI·테크,일반,20260812
442260,KR7442260006,마이티 다이나믹퀀트액티브,디비자산운용,0.295,44714400000,36060,35958.33,2022-10-25,주식,국내,실물(액티브),배당소득세(보유기간과세),코스피 200,한국,광범위지수,일반,20260812
0001P0,KR70001P0004,마이티 바이오시밀러&CDMO액티브,디비자산운용,0.805,11205600000,10005,9949.43,2024-12-24,주식,국내,실물(액티브),배당소득세(보유기간과세),FnGuide 바이오시밀러&CDMO 지수,한국,바이오·헬스케어,일반,20260812
159800,KR7159800002,마이티 코스피100,디비자산운용,0.375,22940400000,81930,81923.04,2012-07-05,주식,국내,실물(패시브),비과세,코스피 100,한국,광범위지수,일반,20260812
472840,KR7472840008,IBK 200,아이비케이자산운용,0.08,38548125000,102795,102966.78,2023-12-21,주식,국내,실물(패시브),비과세,코스피 200,한국,광범위지수,일반,20260812
0005G0,KR70005G0001,IBK K-AI반도체코어테크,아이비케이자산운용,0.28,162926250000,47225,47294.11,2025-01-21,주식,국내,실물(패시브),비과세,FnGuide K-AI반도체 코어테크 지수,한국,반도체,일반,20260812
0178H0,KR70178H0001,IBK 미국AI TOP10국채혼합50,아이비케이자산운용,0.25,47376000000,10080,10031.01,2026-04-28,혼합자산,국내&해외,실물(패시브),배당소득세(보유기간과세),FnGuide 미국AI TOP10국채혼합 지수,미국,AI·테크,혼합,20260812
0135Y0,KR70135Y0002,IBK 중기종합채권(AA-이상)액티브,아이비케이자산운용,0.041,113094450000,100350,100399.2,2025-12-16,채권,국내,실물(액티브),배당소득세(보유기간과세),"KIS 중기종합채권 (1~5Y, AA-이상, 총수익)",한국,채권·금리,일반,20260812
0221V0,KR70221V0000,IBK 초단기채권액티브,아이비케이자산운용,0.05,107172595000,100255,100238.57,2026-07-21,채권,국내,실물(액티브),배당소득세(보유기간과세),KIS 단기자금 총수익지수,한국,채권·금리,일반,20260812
0191S0,KR70191S0001,IBK 코스닥150,아이비케이자산운용,0.105,10974200000,14830,14851.5,2026-05-19,주식,국내,실물(패시브),비과세,코스닥 150,한국,광범위지수,일반,20260812
0208N0,KR70208N0007,IBK 코스피액티브,아이비케이자산운용,0.415,11838750000,7175,7164.4,2026-06-23,주식,국내,실물(액티브),배당소득세(보유기간과세),코스피,한국,광범위지수,일반,20260812
361580,KR7361580004,RISE 200TR,케이비자산운용,0.012,469640000000,58705,58826.29,2020-08-21,주식,국내,실물(패시브),배당소득세(보유기간과세),코스피 200 TR,한국,광범위지수,일반,20260812
290080,KR7290080001,RISE 200고배당커버드콜ATM,케이비자산운용,0.4,12670000000,7240,7262.92,2018-02-27,주식,국내,실물(패시브),배당소득세(보유기간과세),코스피 200 고배당커버드콜 ATM 지수(시장가격지수),한국,배당주,커버드콜,20260812
284980,KR7284980000,RISE 200금융,케이비자산운용,0.19,18872700000,21945,22028.07,2017-12-08,주식,국내,실물(패시브),비과세,코스피 200 금융,한국,금융,일반,20260812
252400,KR7252400007,RISE 200선물레버리지,케이비자산운용,0.022,55878000000,93130,93690.09,2016-09-12,주식,국내,실물(패시브),배당소득세(보유기간과세),코스피 200 선물지수,한국,광범위지수,일반,20260812
252420,KR7252420005,RISE 200선물인버스2X,케이비자산운용,0.022,4590800000,92,91.31,2016-09-22,주식,국내,실물(패시브),배당소득세(보유기간과세),코스피 200 선물지수,한국,광범위지수,일반,20260812
252410,KR7252410006,RISE 200선물인버스,케이비자산운용,0.022,2802000000,1401,1391.81,2016-09-12,주식,국내,실물(패시브),배당소득세(보유기간과세),코스피 200 선물지수,한국,광범위지수,일반,20260812
475720,KR7475720009,RISE 200위클리커버드콜,케이비자산운용,0.3,795810000000,12300,12309.43,2024-03-05,주식,국내,실물(패시브),배당소득세(보유기간과세),코스피 200 위클리 커버드콜 ATM 지수,한국,광범위지수,커버드콜,20260812
148020,KR7148020001,RISE 200,케이비자산운용,0.017,4436666250000,104025,104238.27,2011-10-20,주식,국내,실물(패시브),비과세,코스피 200,한국,광범위지수,일반,20260812
183700,KR7183700004,RISE 200채권혼합50,케이비자산운용,0.2,39505200000,94060,94075.24,2013-10-17,혼합자산,국내,실물(패시브),배당소득세(보유기간과세),코스피 200 KTB 혼합지수,한국,채권·금리,혼합,20260812
0122W0,KR70122W0009,RISE 26-11 회사채(AA-이상)액티브,케이비자산운용,0.05,113732940000,50910,50909.59,2025-11-18,채권,국내,실물(액티브),배당소득세(보유기간과세),KAP 26-11 회사채(AA-이상) 총수익지수,한국,채권·금리,일반,20260812
465330,KR7465330009,RISE 2차전지TOP10,케이비자산운용,0.07,62141250000,10950,10941.62,2023-09-12,주식,국내,실물(패시브),비과세,iSelect 2차전지 TOP10 지수(PR),한국,2차전지,일반,20260812
465350,KR7465350007,RISE 2차전지TOP10인버스(합성),케이비자산운용,0.49,34460000000,17230,17360.42,2023-09-12,주식,국내,합성(패시브),배당소득세(보유기간과세),iSelect 2차전지 TOP10 지수(PR),한국,2차전지,일반,20260812
422420,KR7422420000,RISE 2차전지액티브,케이비자산운용,0.35,209600000000,6550,6556.64,2022-04-08,주식,국내,실물(액티브),배당소득세(보유기간과세),iSelect 2차전지 지수 (시장가격지수),한국,2차전지,일반,20260812
105780,KR7105780001,RISE 5대그룹주,케이비자산운용,0.4,33020000000,16510,16457.35,2008-10-22,주식,국내,실물(패시브),비과세,MKF 5대그룹주,한국,광범위지수,일반,20260812
469070,KR7469070007,RISE AI&로봇,케이비자산운용,0.4,399267000000,11990,11972.6,2023-10-24,주식,국내,실물(패시브),비과세,iSelect AI&로봇 지수(시장가격),한국,AI·테크,일반,20260812
0093A0,KR70093A0000,RISE AI반도체TOP10,케이비자산운용,0.2,169608000000,30560,30635.36,2025-08-26,주식,국내,실물(패시브),비과세,FnGuide AI반도체TOP10 지수,한국,반도체,일반,20260812
0101N0,KR70101N0005,RISE AI전력인프라,케이비자산운용,0.2,616382000000,19630,19602.95,2025-09-23,주식,국내,실물(패시브),비과세,KRX-Akros AI 전력인프라 지수,한국,AI·테크,일반,20260812
427120,KR7427120001,RISE AI플랫폼,케이비자산운용,0.45,3603600000,5460,5452.75,2022-05-17,주식,국내,실물(패시브),비과세,FnGuide AI 플랫폼 지수,한국,AI·테크,일반,20260812
477080,KR7477080006,RISE CD금리액티브(합성),케이비자산운용,0.02,1671393015000,107285,107277.04,2024-03-26,기타,국내,합성(액티브),배당소득세(보유기간과세),FnGuide CD금리투자 지수(총수익),한국,채권·금리,일반,20260812
290130,KR7290130004,RISE ESG사회책임투자,케이비자산운용,0.3,632823000000,44565,44666.15,2018-02-27,주식,국내,실물(패시브),비과세,KRX ESG 사회책임경영지수(S),한국,광범위지수,일반,20260812
367770,KR7367770005,RISE 수소경제테마,케이비자산운용,0.45,122088750000,23255,23339.75,2020-10-29,주식,국내,실물(패시브),비과세,FnGuide 수소 경제 테마 지수,한국,에너지·원자력,일반,20260812
326240,KR7326240009,RISE IT플러스,케이비자산운용,0.4,107635200000,42045,42083.53,2019-06-20,주식,국내,실물(패시브),비과세,FnGuide IT플러스 지수,한국,AI·테크,일반,20260812
385560,KR7385560008,RISE KIS국고채30년Enhanced,케이비자산운용,0.05,717728120000,50530,50495.23,2021-05-26,채권,국내,실물(패시브),배당소득세(보유기간과세),KIS 국고채30년Enhanced지수(시장가격),한국,채권·금리,일반,20260812
479520,KR7479520009,RISE KOFR금리액티브(합성),케이비자산운용,0.02,1030834865000,106195,106193.15,2024-04-30,기타,국내,합성(액티브),배당소득세(보유기간과세),KOFR 지수,한국,채권·금리,일반,20260812
270800,KR7270800006,RISE KQ고배당,케이비자산운용,0.3,8816500000,16030,16081.66,2017-07-07,주식,국내,실물(패시브),비과세,FnGuide KQ고배당포커스 지수,한국,배당주,일반,20260812
292050,KR7292050002,RISE KRX300,케이비자산운용,0.05,16502500000,47150,47162.36,2018-03-26,주식,국내,실물(패시브),비과세,KRX 300,한국,광범위지수,일반,20260812
388280,KR7388280000,RISE K엔터&여행레저,케이비자산운용,0.45,24053400000,7245,7217.4,2021-06-10,주식,국내,실물(패시브),비과세,FnGuide K엔터&여행레저 지수,한국,게임·엔터,일반,20260812
0192L0,KR70192L0007,RISE SK하이닉스단일종목레버리지,케이비자산운용,0.09,35041375000,7115,7170.15,2026-05-27,주식,국내,실물(패시브),배당소득세(보유기간과세),KRX SK하이닉스 지수,한국,개별종목,일반,20260812
0013R0,KR70013R0008,RISE 테슬라미국채타겟커버드콜혼합(합성),케이비자산운용,0.25,27081000000,7965,7929.16,2025-02-18,혼합자산,해외,합성(패시브),배당소득세(보유기간과세),KEDI 테슬라미국30년국채15%타겟프리미엄 혼합지수(TR),미국,개별종목,커버드콜,20260812
234310,KR7234310001,RISE V&S셀렉트밸류,케이비자산운용,0.3,14122500000,28245,28196.34,2016-02-02,주식,국내,실물(패시브),비과세,FnGuide 셀렉트 밸류 지수,한국,광범위지수,일반,20260812
241390,KR7241390004,RISE V&S셀렉트밸류채권혼합,케이비자산운용,0.23,34320000000,15600,15701.92,2016-04-12,혼합자산,국내,실물(패시브),배당소득세(보유기간과세),FnGuide 셀렉트벨류 채권혼합지수,한국,채권·금리,혼합,20260812
401170,KR7401170006,RISE 메타버스,케이비자산운용,0.45,45540000000,11500,11476.0,2021-10-13,주식,국내,실물(패시브),비과세,iSelect 메타버스 지수(시장가격지수),한국,AI·테크,일반,20260812
300640,KR7300640000,RISE 게임테마,케이비자산운용,0.3,23253000000,6740,6736.0,2018-07-24,주식,국내,실물(패시브),비과세,WISE 게임 테마 지수 (시장가격지수),한국,게임·엔터,일반,20260812
266160,KR7266160001,RISE 고배당,케이비자산운용,0.2,202272000000,31605,31555.06,2017-04-14,주식,국내,실물(패시브),비과세,FnGuide 고배당포커스 지수,한국,배당주,일반,20260812
481430,KR7481430007,RISE 국고채10년액티브,케이비자산운용,0.012,86477600000,98270,98342.74,2024-05-21,채권,국내,실물(액티브),배당소득세(보유기간과세),KAP 국고채 10년 지수(총수익),한국,채권·금리,일반,20260812
282000,KR7282000009,RISE 국고채3년선물인버스,케이비자산운용,0.07,61584860000,114470,114414.71,2017-11-09,채권,국내,실물(패시브),배당소득세(보유기간과세),국채선물지수,한국,채권·금리,일반,20260812
114100,KR7114100001,RISE 국고채3년,케이비자산운용,0.115,100329420000,106620,106654.68,2009-07-29,채권,국내,실물(패시브),배당소득세(보유기간과세),KTB INDEX(시장가격),한국,채권·금리,일반,20260812
451670,KR7451670004,RISE 국채30년레버리지(합성),케이비자산운용,0.1,5837500000,11675,11685.75,2023-02-14,채권,국내,합성(패시브),배당소득세(보유기간과세),KAP 국채30년 TR 지수(총수익),한국,채권·금리,일반,20260812
295020,KR7295020002,RISE 국채선물10년인버스,케이비자산운용,0.07,44124850000,60445,60391.81,2018-05-11,채권,국내,실물(패시브),배당소득세(보유기간과세),10년국채선물지수,한국,채권·금리,일반,20260812
295000,KR7295000004,RISE 국채선물10년,케이비자산운용,0.07,5143500000,51435,51445.06,2018-05-11,채권,국내,실물(패시브),배당소득세(보유기간과세),10년국채선물지수,한국,채권·금리,일반,20260812
432600,KR7432600005,RISE 국채선물3년,케이비자산운용,0.07,5532500000,55325,55333.39,2022-06-14,채권,국내,실물(패시브),배당소득세(보유기간과세),국채선물지수,한국,채권·금리,일반,20260812
397420,KR7397420001,RISE 국채선물5년추종,케이비자산운용,0.07,303480000,50580,50613.47,2021-08-31,채권,국내,실물(패시브),배당소득세(보유기간과세),5년 국채선물 추종 지수,한국,채권·금리,일반,20260812
0114X0,KR70114X0008,RISE 글로벌게임테크TOP3Plus,케이비자산운용,0.4,6125000000,8750,8725.79,2025-10-21,주식,해외,실물(패시브),배당소득세(보유기간과세),Solactive-KEDI 글로벌 게임 테크 TOP3 플러스 지수,글로벌,AI·테크,일반,20260812
437370,KR7437370000,RISE 글로벌농업경제,케이비자산운용,0.4,7378000000,10540,10533.9,2022-07-29,주식,해외,실물(패시브),배당소득세(보유기간과세),MVIS Global Agribusiness Index(Price Return),글로벌,소비재,일반,20260812
375270,KR7375270006,RISE 글로벌데이터센터리츠(합성),케이비자산운용,0.4,9236500000,14210,14128.63,2021-01-14,부동산,해외,합성(패시브),배당소득세(분리과세부동산ETF),Kelly Data Center & Tech Infrastructure Net Total Return Index,기타,AI·테크,일반,20260812
475380,KR7475380002,RISE 글로벌리얼티인컴,케이비자산운용,0.01,28512000000,10560,10551.08,2024-02-20,부동산,해외,실물(패시브),배당소득세(분리과세부동산ETF),Solactive Global Realty Income Index(Price Return),글로벌,리츠·부동산,일반,20260812
476310,KR7476310008,RISE 글로벌비만산업TOP2+,케이비자산운용,0.35,5656750000,10285,10387.13,2024-02-27,주식,해외,실물(패시브),배당소득세(보유기간과세),KEDI 글로벌 비만 산업 Top2+ 지수(Price Return),글로벌,바이오·헬스케어,일반,20260812
417450,KR7417450004,RISE 글로벌수소경제,케이비자산운용,0.4,13982500000,16450,16261.24,2022-02-15,주식,해외,실물(패시브),배당소득세(보유기간과세),Indxx Hydrogen Economy Index (PR),기타,에너지·원자력,일반,20260812
442320,KR7442320008,RISE 글로벌원자력,케이비자산운용,0.4,233390450000,37105,37143.58,2022-10-13,주식,해외,실물(패시브),배당소득세(보유기간과세),iSelect 글로벌원자력 지수(시장가격),글로벌,에너지·원자력,일반,20260812
461490,KR7461490005,RISE 글로벌자산배분액티브,케이비자산운용,0.01,288151750000,14815,14835.52,2023-06-27,혼합자산,해외,실물(액티브),배당소득세(보유기간과세),Bloomberg Multi-Asset Weighted (KRW ETFs) 지수(시장가격),기타,자산배분·TDF,혼합,20260812
459750,KR7459750006,RISE 글로벌주식분산액티브,케이비자산운용,0.2,33012000000,18340,18375.31,2023-06-27,주식,해외,실물(액티브),배당소득세(보유기간과세),Bloomberg Global Equity Market Weighted Index(Price Return),글로벌,광범위지수,일반,20260812
399580,KR7399580000,RISE 글로벌클린에너지,케이비자산운용,0.4,9770000000,9770,9802.66,2021-10-21,주식,해외,실물(패시브),배당소득세(보유기간과세),S&P Global Clean Energy Transition Index (Price Return),글로벌,에너지·원자력,일반,20260812
276650,KR7276650009,RISE 글로벌테크놀로지(합성 H),케이비자산운용,0.4,34642500000,46190,46139.76,2017-08-17,주식,국내&해외,합성(패시브),배당소득세(보유기간과세),S&P Global 1200 Information Technology and Interactive Media & Services(PR),글로벌,AI·테크,일반,20260812
336160,KR7336160007,RISE 금융채액티브,케이비자산운용,0.07,50792280000,100380,100377.86,2019-10-29,채권,국내,실물(액티브),배당소득세(보유기간과세),KIS 종합채권금융채 2.5Y-3Y 지수 (총수익),한국,금융,일반,20260812
326230,KR7326230000,RISE 내수주플러스,케이비자산운용,0.4,7324800000,11445,11451.57,2019-06-20,주식,국내,실물(패시브),비과세,FnGuide 내수주플러스 지수,한국,광범위지수,일반,20260812
367760,KR7367760006,RISE 네트워크인프라,케이비자산운용,0.45,653737500000,55875,55743.68,2020-10-29,주식,국내,실물(패시브),비과세,FnGuide 네트워크 인프라 지수,한국,AI·테크,일반,20260812
272560,KR7272560004,RISE 단기국공채액티브,케이비자산운용,0.07,160291780000,114740,114722.99,2017-06-29,채권,국내,실물(액티브),배당소득세(보유기간과세),KIS 종합채권국공채3M~1.5Y지수,한국,채권·금리,일반,20260812
385550,KR7385550009,RISE 단기채권알파액티브,케이비자산운용,0.05,344926650000,113950,113933.39,2021-05-26,채권,국내,실물(액티브),배당소득세(보유기간과세),KIS 단기채권알파지수(AA-이상)(총수익지수),한국,채권·금리,일반,20260812
196230,KR7196230007,RISE 단기통안채,케이비자산운용,0.13,252785400000,116760,116778.18,2014-05-19,채권,국내,실물(패시브),배당소득세(보유기간과세),KIS 통안채 5개월 지수(총수익),한국,채권·금리,일반,20260812
0061Z0,KR70061Z0009,RISE 단기특수은행채액티브,케이비자산운용,0.01,734164560000,50920,50912.44,2025-06-24,채권,국내,실물(액티브),배당소득세(보유기간과세),KAP 단기 특수은행채 지수(시장가격),한국,금융,일반,20260812
315960,KR7315960005,RISE 대형고배당10TR,케이비자산운용,0.07,489621000000,74185,74571.62,2019-01-22,주식,국내,실물(패시브),배당소득세(보유기간과세),WISE 대형고배당10 TR 지수,한국,배당주,일반,20260812
0138D0,KR70138D0004,RISE 동학개미,케이비자산운용,0.07,7956000000,12240,12230.33,2025-12-16,주식,국내,실물(패시브),비과세,FnGuide 동학개미 지수,한국,기타,일반,20260812
455890,KR7455890004,RISE 머니마켓액티브,케이비자산운용,0.05,2976295500000,55375,55372.49,2023-05-09,채권,국내,실물(액티브),배당소득세(보유기간과세),KIS 시가평가 MMF 지수 (총수익지수),한국,채권·금리,일반,20260812
481340,KR7481340008,RISE 미국30년국채액티브,케이비자산운용,0.05,24255000000,8820,8803.11,2024-05-28,채권,해외,실물(액티브),배당소득세(보유기간과세),Bloomberg U.S Treasury 20+ Year Total Return Index,미국,채권·금리,일반,20260812
472870,KR7472870005,RISE 미국30년국채엔화노출(합성 H),케이비자산운용,0.15,171326250000,7065,7049.87,2023-12-27,채권,해외,합성(패시브),배당소득세(보유기간과세),KIS 미국채30년 엔화노출 지수(USD/JPY 헤지)(총수익지수),미국,채권·금리,일반,20260812
472830,KR7472830009,RISE 미국30년국채커버드콜(합성),케이비자산운용,0.25,45315750000,8165,8139.6,2023-12-14,채권,해외,합성(패시브),배당소득세(보유기간과세),Bloomberg U.S. Treasury 20+ Year (TLT) 2% OTM Covered Call Index(TR),미국,채권·금리,커버드콜,20260812
485690,KR7485690002,RISE 미국AI밸류체인TOP3Plus,케이비자산운용,0.01,94395000000,22475,22353.1,2024-07-23,주식,해외,실물(패시브),배당소득세(보유기간과세),KEDI 미국 AI 밸류체인 TOP3 Plus 지수(Price Return),미국,AI·테크,일반,20260812
490590,KR7490590007,RISE 미국AI밸류체인데일리고정커버드콜,케이비자산운용,0.25,779912000000,14660,14584.9,2024-10-02,주식,해외,실물(패시브),배당소득세(보유기간과세),KEDI 미국 AI밸류체인 90%참여+데일리옵션 프리미엄 지수(TR),미국,AI·테크,커버드콜,20260812
0176E0,KR70176E0006,RISE 미국AI전력인프라액티브,케이비자산운용,0.45,131898000000,10680,10529.54,2026-04-07,주식,해외,실물(액티브),배당소득세(보유기간과세),Solactive US AI Electricity Infrastructure Index PR,미국,AI·테크,일반,20260812
0127R0,KR70127R0001,RISE 미국AI클라우드인프라,케이비자산운용,0.4,22181250000,17745,16585.47,2025-11-25,주식,해외,실물(패시브),배당소득세(보유기간과세),Akros 미국 AI 클라우드 인프라 지수(Price Return),미국,AI·테크,일반,20260812
495940,KR7495940009,RISE 미국AI테크액티브,케이비자산운용,0.5,62732250000,19915,19869.96,2024-11-26,주식,해외,실물(액티브),배당소득세(보유기간과세),Solactive US AI Tech Active Index PR,미국,AI·테크,일반,20260812
0138T0,KR70138T0006,RISE 미국S&P500데일리고정커버드콜,케이비자산운용,0.25,31856000000,9955,9796.08,2025-12-23,주식,해외,실물(패시브),배당소득세(보유기간과세),S&P500 10% Daily Fixed Covered Call Index,미국,광범위지수,커버드콜,20260812
0005C0,KR70005C0005,RISE 미국S&P500엔화노출(합성 H),케이비자산운용,0.1,7523750000,11575,11563.45,2025-01-14,주식,해외,합성(패시브),배당소득세(보유기간과세),S&P500 Yen Hedged Index(PR),미국,광범위지수,일반,20260812
379780,KR7379780000,RISE 미국S&P500,케이비자산운용,0.004,1560776000000,23720,23698.49,2021-04-09,주식,해외,실물(패시브),배당소득세(보유기간과세),S&P 500,미국,광범위지수,일반,20260812
453330,KR7453330003,RISE 미국S&P500(H),케이비자산운용,0.004,82305000000,18290,18285.93,2023-03-21,주식,해외,실물(패시브),배당소득세(보유기간과세),S&P 500,미국,광범위지수,일반,20260812
460660,KR7460660004,RISE 미국S&P배당킹,케이비자산운용,0.01,17360000000,12400,12449.01,2023-06-27,주식,해외,실물(패시브),배당소득세(보유기간과세),S&P Dividend Monarchs Index(Price Return),미국,배당주,일반,20260812
219390,KR7219390002,RISE 미국S&P원유생산기업(합성 H),케이비자산운용,0.25,15520000000,7760,7914.35,2015-06-02,주식,해외,합성(패시브),배당소득세(보유기간과세),S&P Oil & Gas Exploration & Production Select Industry Index(PR),기타,에너지·원자력,일반,20260812
0115C0,KR70115C0002,RISE 미국고배당다우존스TOP10,케이비자산운용,0.01,27168000000,11320,11283.44,2025-10-21,주식,해외,실물(패시브),배당소득세(보유기간과세),Dow Jones U.S. High Dividend 10 Index,미국,배당주,일반,20260812
354240,KR7354240004,RISE 미국고정배당우선증권,케이비자산운용,0.5,11946000000,10860,10846.8,2020-05-19,혼합자산,해외,실물(패시브),배당소득세(보유기간과세),ICE BofAML Core Plus Fixed Rate Preferred Securities Index(PR),기타,채권·금리,일반,20260812
368590,KR7368590006,RISE 미국나스닥100,케이비자산운용,0.006,1565058000000,30930,30848.34,2020-11-06,주식,해외,실물(패시브),배당소득세(보유기간과세),NASDAQ 100,미국,광범위지수,일반,20260812
437350,KR7437350002,RISE 미국단기투자등급회사채액티브,케이비자산운용,0.1,27522000000,12510,12502.56,2022-07-29,채권,해외,실물(액티브),배당소득세(보유기간과세),Bloomberg US Corporate 1-5 Years Total Return Index,미국,채권·금리,일반,20260812
455960,KR7455960005,RISE 미국달러SOFR금리액티브(합성),케이비자산운용,0.05,56769100000,12395,12390.96,2023-05-16,기타,해외,합성(액티브),배당소득세(보유기간과세),KAP SOFR 지수,미국,채권·금리,일반,20260812
469530,KR7469530000,RISE 미국달러선물인버스,케이비자산운용,0.05,5868800000,9170,9163.71,2023-11-09,통화,국내,실물(패시브),배당소득세(보유기간과세),미국달러선물지수,한국,기타,일반,20260812
469060,KR7469060008,RISE 미국반도체NYSE,케이비자산운용,0.01,82350000000,36600,36302.41,2023-10-24,주식,해외,실물(패시브),배당소득세(보유기간과세),NYSE Semicondoctor Index(Price Return),미국,반도체,일반,20260812
469050,KR7469050009,RISE 미국반도체NYSE(H),케이비자산운용,0.01,35695000000,32450,32168.85,2023-10-24,주식,해외,실물(패시브),배당소득세(보유기간과세),NYSE Semicondoctor Index(Price Return),미국,반도체,일반,20260812
491630,KR7491630000,RISE 미국반도체인버스(합성 H),케이비자산운용,0.49,2517500000,5300,5305.35,2024-10-22,주식,해외,합성(패시브),배당소득세(보유기간과세),NYSE Semicondoctor Index(Price Return),미국,반도체,일반,20260812
490600,KR7490600004,RISE 미국배당100데일리고정커버드콜,케이비자산운용,0.25,166969000000,9460,9296.52,2024-09-24,주식,해외,실물(패시브),배당소득세(보유기간과세),KEDI 미국 배당100 90%참여+데일리옵션 프리미엄 지수(총수익지수),미국,배당주,커버드콜,20260812
0018Z0,KR70018Z0003,RISE 미국양자컴퓨팅,케이비자산운용,0.4,19180000000,19180,19037.37,2025-03-11,주식,해외,실물(패시브),배당소득세(보유기간과세),Solactive US Quantum Computing Technology Index PR,미국,AI·테크,일반,20260812
0218J0,KR70218J0001,RISE 미국우주&로봇TOP2미국채혼합50,케이비자산운용,0.13,27206000000,8920,8908.25,2026-07-14,혼합자산,해외,실물(패시브),배당소득세(보유기간과세),Akros 미국 우주-로봇 TOP2 채권혼합50 지수,미국,AI·테크,혼합,20260812
0013P0,KR70013P0000,RISE 미국은행TOP10,케이비자산운용,0.2,14773000000,13430,13404.22,2025-02-18,주식,해외,실물(패시브),배당소득세(보유기간과세),KEDI 미국 은행 TOP10 지수,미국,금융,일반,20260812
267490,KR7267490001,RISE 미국장기국채선물레버리지(합성 H),케이비자산운용,0.5,3503500000,5005,5011.11,2017-04-20,채권,해외,합성(패시브),배당소득세(보유기간과세),S&P U.S. Treasury Bond Futures Excess Return Index,미국,채권·금리,일반,20260812
267450,KR7267450005,RISE 미국장기국채선물인버스(H),케이비자산운용,0.4,5602500000,11205,11152.41,2017-04-20,채권,해외,실물(패시브),배당소득세(보유기간과세),S&P U.S. Treasury Bond Futures Excess Return Index,미국,채권·금리,일반,20260812
267440,KR7267440006,RISE 미국장기국채선물(H),케이비자산운용,0.4,4821000000,8035,8067.5,2017-04-20,채권,해외,실물(패시브),배당소득세(보유기간과세),S&P U.S. Treasury Bond Futures Excess Return Index,미국,채권·금리,일반,20260812
0036Z0,KR70036Z0001,RISE 미국천연가스밸류체인,케이비자산운용,0.4,6930000000,12600,12660.61,2025-04-22,주식,해외,실물(패시브),배당소득세(보유기간과세),Solactive US Natural Gas Value Chain Index PR,미국,에너지·원자력,일반,20260812
491620,KR7491620001,RISE 미국테크100데일리고정커버드콜,케이비자산운용,0.25,550599000000,10990,10978.79,2024-10-02,주식,해외,실물(패시브),배당소득세(보유기간과세),KEDI 미국 테크100 90%참여+데일리옵션 프리미엄 지수(TR),미국,AI·테크,커버드콜,20260812
0036R0,KR70036R0001,RISE 미국휴머노이드로봇,케이비자산운용,0.4,112756000000,20135,20044.97,2025-04-15,주식,해외,실물(패시브),배당소득세(보유기간과세),KEDI 미국 휴머노이드 로봇 지수(시장가격),미국,AI·테크,일반,20260812
0000Z0,KR70000Z0003,RISE 바이오TOP10액티브,케이비자산운용,0.5,59370000000,9895,9856.06,2024-12-24,주식,국내,실물(액티브),배당소득세(보유기간과세),KRX 바이오 TOP 10 지수,한국,바이오·헬스케어,일반,20260812
446700,KR7446700007,RISE 배터리 리사이클링,케이비자산운용,0.4,11199600000,10370,10357.03,2022-11-01,주식,국내,실물(패시브),비과세,iSelect 배터리 리사이클링 지수,한국,2차전지,일반,20260812
475350,KR7475350005,RISE 버크셔포트폴리오TOP10,케이비자산운용,0.01,69424500000,14930,14929.55,2024-02-27,주식,해외,실물(패시브),배당소득세(보유기간과세),Solactive Berkshire Portfolio Top10 Index(PR),미국,개별종목,일반,20260812
388420,KR7388420002,RISE 비메모리반도체액티브,케이비자산운용,0.5,234990000000,26110,26095.18,2021-06-10,주식,국내,실물(액티브),배당소득세(보유기간과세),iSelect 비메모리반도체 지수(시장가격지수),한국,반도체,일반,20260812
448630,KR7448630004,RISE 삼성그룹Top3채권혼합,케이비자산운용,0.2,321417000000,15090,15134.9,2022-11-29,혼합자산,국내,실물(패시브),배당소득세(보유기간과세),Bloomberg Blended Samsung Group Fixed Top 3 Equity and Korean Bond Index,한국,채권·금리,일반,20260812
0162Z0,KR70162Z0007,RISE 삼성전자SK하이닉스채권혼합50,케이비자산운용,0.01,3950090000000,12850,12866.86,2026-02-26,혼합자산,국내,실물(패시브),배당소득세(보유기간과세),KAP 삼성전자SK하이닉스채권혼합50 지수,한국,개별종목,혼합,20260812
0192M0,KR70192M0006,RISE 삼성전자단일종목레버리지,케이비자산운용,0.09,34109375000,10915,10945.44,2026-05-27,주식,국내,실물(패시브),배당소득세(보유기간과세),KRX 삼성전자 지수,한국,개별종목,일반,20260812
140570,KR7140570003,RISE 수출주,케이비자산운용,0.4,10274000000,25685,25684.46,2011-04-15,주식,국내,실물(패시브),비과세,MKF 수출주 지수,한국,광범위지수,일반,20260812
0093B0,KR70093B0009,RISE 엔비디아고정테크100,케이비자산운용,0.2,11695500000,12995,13039.14,2025-08-26,주식,해외,실물(패시브),배당소득세(보유기간과세),KEDI 엔비디아고정테크100 지수(PR),미국,개별종목,일반,20260812
140580,KR7140580002,RISE 우량업종대표주,케이비자산운용,0.4,12160000000,24320,24327.14,2011-04-15,주식,국내,실물(패시브),비과세,MKF 우량업종대표주 지수,한국,광범위지수,일반,20260812
379790,KR7379790009,RISE 유로스탁스50(H),케이비자산운용,0.021,17725000000,17725,17806.93,2021-04-09,주식,해외,실물(패시브),배당소득세(보유기간과세),EURO STOXX 50 Index,유럽,광범위지수,일반,20260812
498610,KR7498610005,RISE 인도디지털성장,케이비자산운용,0.3,5091000000,8485,8604.69,2025-04-01,주식,해외,실물(패시브),배당소득세(보유기간과세),MarketVector Digital India Index(INR)(Price Return),인도,AI·테크,일반,20260812
488480,KR7488480005,RISE 일본섹터TOP4Plus,케이비자산운용,0.3,7449750000,13545,13433.95,2024-08-20,주식,해외,실물(패시브),배당소득세(보유기간과세),Solactive Japan Samurai Sector TOP4 Plus Index(PR),일본,기타,일반,20260812
442550,KR7442550000,RISE TDF2030액티브 적격,케이비자산운용,0.01,22955500000,14810,14771.84,2022-09-22,기타,국내&해외,실물(액티브),배당소득세(보유기간과세),iSelect 전략적자산배분 TDF 2030 지수,국내+해외,자산배분·TDF,일반,20260812
442560,KR7442560009,RISE TDF2040액티브 적격,케이비자산운용,0.01,51661500000,16665,16542.4,2022-09-22,기타,국내&해외,실물(액티브),배당소득세(보유기간과세),iSelect 전략적자산배분 TDF 2040 지수,국내+해외,자산배분·TDF,일반,20260812
442570,KR7442570008,RISE TDF2050액티브 적격,케이비자산운용,0.01,325465500000,17785,17616.38,2022-09-22,기타,국내&해외,실물(액티브),배당소득세(보유기간과세),iSelect 전략적자산배분 TDF 2050 지수,국내+해외,자산배분·TDF,일반,20260812
385540,KR7385540000,RISE 종합채권(A-이상)액티브,케이비자산운용,0.012,1912734685000,102565,102566.34,2021-05-26,채권,국내,실물(액티브),배당소득세(보유기간과세),KIS 종합채권 지수(A-이상)(총수익지수),한국,채권·금리,일반,20260812
183710,KR7183710003,RISE 주식혼합,케이비자산운용,0.25,18021000000,90105,89826.49,2013-10-17,혼합자산,국내,실물(패시브),배당소득세(보유기간과세),주식국채혼합(주식형)지수,한국,채권·금리,혼합,20260812
310080,KR7310080007,RISE 중국MSCI China(H),케이비자산운용,0.6,10867500000,9450,9559.33,2018-11-28,주식,해외,실물(패시브),배당소득세(보유기간과세),"MSCI China Index(USD, Price Return)",중국,광범위지수,일반,20260812
463300,KR7463300004,RISE 중국본토CSI300,케이비자산운용,0.05,21904000000,13690,13776.89,2023-08-08,주식,해외,실물(패시브),배당소득세(보유기간과세),CSI 300 Index,중국,광범위지수,일반,20260812
174360,KR7174360008,RISE 중국본토대형주CSI100,케이비자산운용,0.65,34349000000,24535,24417.21,2013-06-04,주식,해외,실물(패시브),배당소득세(해외주식투자전용ETF),CSI A100,중국,광범위지수,일반,20260812
136340,KR7136340007,RISE 중기우량회사채,케이비자산운용,0.07,276340240000,104240,104275.23,2011-04-15,채권,국내,실물(패시브),배당소득세(보유기간과세),KOBI 크레딧 지수(총수익),한국,채권·금리,일반,20260812
281990,KR7281990002,RISE 중소형고배당,케이비자산운용,0.3,9850500000,17910,17841.78,2017-11-02,주식,국내,실물(패시브),비과세,FnGuide 중소형고배당포커스 지수,한국,배당주,일반,20260812
272570,KR7272570003,RISE 중장기국공채액티브,케이비자산운용,0.07,6263710000,107995,108027.89,2017-06-29,채권,국내,실물(액티브),배당소득세(보유기간과세),KIS 종합채권국공채4~5Y지수,한국,채권·금리,일반,20260812
0164G0,KR70164G0008,RISE 차이나AI반도체TOP4Plus,케이비자산운용,0.45,28633500000,13635,13316.23,2026-03-10,주식,해외,실물(패시브),배당소득세(보유기간과세),Solactive China AI Semiconductor TOP 4 Plus Index,중국,반도체,일반,20260812
250730,KR7250730009,RISE 차이나HSCEI(H),케이비자산운용,0.021,16770500000,9865,10095.93,2016-08-10,주식,해외,실물(패시브),배당소득세(해외주식투자전용ETF),Hang Seng China H,중국,기타,일반,20260812
291680,KR7291680007,RISE 차이나H선물인버스(H),케이비자산운용,0.6,3850000000,7700,7725.97,2018-03-23,주식,해외,실물(패시브),배당소득세(보유기간과세),Hang Seng China Enterprises Futures Index(Price Return),중국,기타,일반,20260812
0094L0,KR70094L0006,RISE 차이나테크TOP10위클리타겟커버드콜,케이비자산운용,0.3,11585000000,8275,8347.41,2025-09-02,주식,해외,실물(패시브),배당소득세(보유기간과세),Bloomberg China Tech Select TOP 10 + 12% Target Premium Weekly Index,중국,AI·테크,커버드콜,20260812
371150,KR7371150004,RISE 차이나항셍테크,케이비자산운용,0.14,9353500000,7195,7285.27,2020-12-16,주식,해외,실물(패시브),배당소득세(보유기간과세),Hang Seng TECH Index,중국,AI·테크,일반,20260812
498860,KR7498860006,RISE 코리아금융고배당,케이비자산운용,0.1,37180000000,16900,16826.74,2024-12-10,주식,국내,실물(패시브),비과세,iSelect 코리아 금융 고배당 지수,한국,금융,일반,20260812
0094M0,KR70094M0005,RISE 코리아밸류업위클리고정커버드콜,케이비자산운용,0.3,192820500000,18630,17284.38,2025-09-02,주식,국내,실물(패시브),배당소득세(보유기간과세),코리아 밸류업 위클리 커버드콜 30% 지수,한국,배당주,커버드콜,20260812
495050,KR7495050007,RISE 코리아밸류업,케이비자산운용,0.008,928045000000,31300,31312.06,2024-11-04,주식,국내,실물(패시브),비과세,코리아 밸류업 지수,한국,배당주,일반,20260812
0151P0,KR70151P0002,RISE 코리아전략산업액티브,케이비자산운용,0.5,146062500000,14250,14279.38,2026-01-20,주식,국내,실물(액티브),배당소득세(보유기간과세),KAP 코리아전략산업지수,한국,기타,일반,20260812
278240,KR7278240007,RISE 코스닥150선물레버리지,케이비자산운용,0.329,64825950000,8655,8642.73,2017-08-31,주식,국내,실물(패시브),배당소득세(보유기간과세),F-코스닥150 지수,한국,광범위지수,일반,20260812
275750,KR7275750008,RISE 코스닥150선물인버스,케이비자산운용,0.32,2142000000,2380,2383.07,2017-08-01,주식,국내,실물(패시브),배당소득세(보유기간과세),F-코스닥150 지수,한국,광범위지수,일반,20260812
270810,KR7270810005,RISE 코스닥150,케이비자산운용,0.02,334327500000,14625,14651.13,2017-06-16,주식,국내,실물(패시브),비과세,코스닥 150,한국,광범위지수,일반,20260812
0223A0,KR70223A0003,RISE 코스닥커버드콜액티브,케이비자산운용,0.3,20776500000,10935,10918.31,2026-07-28,주식,국내,실물(액티브),배당소득세(보유기간과세),코스닥 150 타겟 15% 위클리 커버드콜 지수,한국,광범위지수,커버드콜,20260812
302450,KR7302450002,RISE 코스피,케이비자산운용,0.02,207872750000,68155,68157.15,2018-07-24,주식,국내,실물(패시브),비과세,코스피,한국,광범위지수,일반,20260812
0047P0,KR70047P0000,RISE 테슬라고정테크100,케이비자산운용,0.2,22754000000,14680,14696.98,2025-05-13,주식,해외,실물(패시브),배당소득세(보유기간과세),KEDI 테슬라고정테크100 지수(PR),미국,개별종목,일반,20260812
449580,KR7449580000,RISE 테슬라애플아마존채권혼합,케이비자산운용,0.24,17792500000,16175,16219.0,2022-12-20,혼합자산,해외,실물(패시브),배당소득세(보유기간과세),iSelect 테슬라 애플 아마존 채권혼합지수(Price Return),미국,개별종목,혼합,20260812
334700,KR7334700002,RISE 팔라듐선물인버스(H),케이비자산운용,0.6,2102750000,3235,3234.62,2019-09-24,원자재,해외,실물(패시브),배당소득세(보유기간과세),S&P GSCI Palladium Excess Return Index,글로벌,원자재·금,일반,20260812
334690,KR7334690005,RISE 팔라듐선물(H),케이비자산운용,0.6,4046250000,6225,6214.54,2019-09-24,원자재,해외,실물(패시브),배당소득세(보유기간과세),S&P GSCI Palladium Excess Return Index,글로벌,원자재·금,일반,20260812
0047R0,KR70047R0008,RISE 팔란티어고정테크100,케이비자산운용,0.2,27475000000,15700,15738.21,2025-05-13,주식,해외,실물(패시브),배당소득세(보유기간과세),KEDI 팔란티어고정테크100 지수(PR),미국,개별종목,일반,20260812
253280,KR7253280002,RISE 헬스케어,케이비자산운용,0.4,7697250000,13995,13945.0,2016-09-23,주식,국내,실물(패시브),비과세,FnGuide 헬스케어 지수,한국,바이오·헬스케어,일반,20260812
253290,KR7253290001,RISE 헬스케어채권혼합,케이비자산운용,0.35,21537000000,11965,11997.69,2016-09-23,혼합자산,국내,실물(패시브),배당소득세(보유기간과세),FnGuide 헬스케어 채권혼합 지수,한국,바이오·헬스케어,혼합,20260812
0190C0,KR70190C0000,RISE 현대차고정피지컬AI,케이비자산운용,0.4,525183750000,8775,8781.89,2026-05-12,주식,국내,실물(패시브),비과세,KEDI 현대차고정피지컬AI 지수,한국,개별종목,일반,20260812
407310,KR7407310002,HANARO 200 TOP10,엔에이치아문디자산운용,0.15,19325750000,16805,16873.4,2021-11-24,주식,국내,실물(패시브),비과세,코스피 200 Top 10 지수,한국,광범위지수,일반,20260812
332930,KR7332930007,HANARO 200TR,엔에이치아문디자산운용,0.07,196736000000,135680,135858.14,2019-08-28,주식,국내,실물(패시브),배당소득세(보유기간과세),코스피 200 TR,한국,광범위지수,일반,20260812
304780,KR7304780000,HANARO 200선물레버리지,엔에이치아문디자산운용,0.45,51072750000,113495,114261.58,2018-08-14,주식,국내,실물(패시브),배당소득세(보유기간과세),코스피 200 선물지수,한국,광범위지수,일반,20260812
306520,KR7306520008,HANARO 200선물인버스,엔에이치아문디자산운용,0.45,1524000000,2540,2543.77,2018-09-18,주식,국내,실물(패시브),배당소득세(보유기간과세),코스피 200 선물지수,한국,광범위지수,일반,20260812
293180,KR7293180006,HANARO 200,엔에이치아문디자산운용,0.036,440236250000,103585,103745.92,2018-03-30,주식,국내,실물(패시브),비과세,코스피 200,한국,광범위지수,일반,20260812
0123S0,KR70123S0004,HANARO 26-12 은행채(AA+이상)액티브,엔에이치아문디자산운용,0.02,63718750000,10195,10174.08,2025-12-16,채권,국내,실물(액티브),배당소득세(보유기간과세),KIS 은행채2612만기형 지수,한국,금융,일반,20260812
0091M0,KR70091M0008,HANARO 27-06 회사채(AA-이상)액티브,엔에이치아문디자산운용,0.02,105708050000,10135,10144.37,2025-08-26,채권,국내,실물(액티브),배당소득세(보유기간과세),KIS 회사채(AA-이상)2706만기형지수(총수익),한국,채권·금리,일반,20260812
448490,KR7448490003,HANARO 32-10 국고채액티브,엔에이치아문디자산운용,0.05,11830560000,52815,52888.96,2022-11-22,채권,국내,실물(액티브),배당소득세(보유기간과세),KAP 32-10 국고채 10년 총수익지수,한국,채권·금리,일반,20260812
454320,KR7454320003,HANARO CAPEX설비투자iSelect,엔에이치아문디자산운용,0.45,92428500000,42990,42933.7,2023-04-18,주식,국내,실물(패시브),비과세,iSelect CAPEX 설비투자 지수(시장가격),한국,기타,일반,20260812
395290,KR7395290000,HANARO Fn K-POP&미디어,엔에이치아문디자산운용,0.45,32705000000,5275,5257.33,2021-07-30,주식,국내,실물(패시브),비과세,FnGuide K-POP & 미디어 지수,한국,게임·엔터,일반,20260812
395280,KR7395280001,HANARO Fn K-게임,엔에이치아문디자산운용,0.45,8742000000,3720,3718.19,2021-07-30,주식,국내,실물(패시브),비과세,FnGuide K-게임 지수,한국,게임·엔터,일반,20260812
368190,KR7368190005,HANARO Fn K-뉴딜디지털플러스,엔에이치아문디자산운용,0.45,26096000000,8155,8126.04,2020-11-10,주식,국내,실물(패시브),비과세,FnGuide K-뉴딜 디지털 플러스 지수,한국,AI·테크,일반,20260812
402460,KR7402460000,HANARO Fn K-메타버스MZ,엔에이치아문디자산운용,0.45,7302500000,14605,14677.47,2021-10-13,주식,국내,실물(패시브),비과세,FnGuide K-메타버스 MZ 지수(시장가격),한국,AI·테크,일반,20260812
395270,KR7395270002,HANARO Fn K-반도체,엔에이치아문디자산운용,0.45,3351084000000,52690,52705.11,2021-07-30,주식,국내,실물(패시브),비과세,FnGuide K-반도체 지수,한국,반도체,일반,20260812
438900,KR7438900003,HANARO Fn K-푸드,엔에이치아문디자산운용,0.45,13931250000,11145,11108.16,2022-08-17,주식,국내,실물(패시브),비과세,FnGuide K-푸드 지수 (시장가격),한국,기타,일반,20260812
367740,KR7367740008,HANARO Fn5G산업,엔에이치아문디자산운용,0.45,22638000000,41160,41236.13,2020-10-29,주식,국내,실물(패시브),비과세,FnGuide 5G 산업 지수,한국,기타,일반,20260812
407300,KR7407300003,HANARO Fn골프테마,엔에이치아문디자산운용,0.45,5926250000,10775,10730.0,2021-11-24,주식,국내,실물(패시브),비과세,FnGuide 골프 테마 지수,한국,기타,일반,20260812
381560,KR7381560002,HANARO Fn전기&수소차,엔에이치아문디자산운용,0.45,35370000000,17685,17699.1,2021-04-02,주식,국내,실물(패시브),비과세,FnGuide 전기&수소차 지수 (시장가격),한국,에너지·원자력,일반,20260812
441540,KR7441540002,HANARO Fn조선해운,엔에이치아문디자산운용,0.45,74857500000,27725,27680.71,2022-09-15,주식,국내,실물(패시브),비과세,FnGuide 조선해운지수,한국,조선·기계,일반,20260812
381570,KR7381570001,HANARO Fn친환경에너지,엔에이치아문디자산운용,0.45,8631750000,10155,10115.52,2021-04-02,주식,국내,실물(패시브),비과세,FnGuide 친환경에너지 지수 (시장가격),한국,에너지·원자력,일반,20260812
479850,KR7479850000,HANARO K-뷰티,엔에이치아문디자산운용,0.45,26796000000,19140,19174.75,2024-04-16,주식,국내,실물(패시브),비과세,FnGuide K-뷰티 지수,한국,기타,일반,20260812
453060,KR7453060006,HANARO KOFR금리액티브(합성),엔에이치아문디자산운용,0.05,12235850000,111235,111237.81,2023-03-14,기타,국내,합성(액티브),배당소득세(보유기간과세),KOFR 지수,한국,채권·금리,일반,20260812
304760,KR7304760002,HANARO KRX300,엔에이치아문디자산운용,0.05,18114000000,45285,45152.09,2018-08-14,주식,국내,실물(패시브),비과세,KRX 300,한국,광범위지수,일반,20260812
322410,KR7322410002,HANARO K고배당,엔에이치아문디자산운용,0.07,38666500000,22745,22763.04,2019-04-23,주식,국내,실물(패시브),비과세,FnGuide 고배당 알파 지수,한국,배당주,일반,20260812
0155N0,KR70155N0000,HANARO K휴머노이드테마TOP10,엔에이치아문디자산운용,0.45,32805000000,8100,8127.2,2026-02-26,주식,국내,실물(패시브),비과세,iSelect K휴머노이드테마TOP10 지수,한국,기타,일반,20260812
332940,KR7332940006,HANARO MSCI Korea TR,엔에이치아문디자산운용,0.12,110808000000,46170,46038.79,2019-08-28,주식,국내,실물(패시브),배당소득세(보유기간과세),MSCI Korea TR Index,한국,광범위지수,일반,20260812
322400,KR7322400003,HANARO e커머스,엔에이치아문디자산운용,0.45,35526750000,10605,10660.92,2019-04-23,주식,국내,실물(패시브),비과세,FnGuide E커머스 지수,한국,기타,일반,20260812
473640,KR7473640001,HANARO 글로벌금채굴기업,엔에이치아문디자산운용,0.15,65598000000,33640,33331.68,2024-01-18,주식,해외,실물(패시브),배당소득세(보유기간과세),NYSE Arca Gold Miners Index (Price Return),미국,원자재·금,일반,20260812
354350,KR7354350001,HANARO 글로벌럭셔리S&P(합성),엔에이치아문디자산운용,0.5,10829000000,20825,20842.0,2020-05-12,주식,해외,합성(패시브),배당소득세(보유기간과세),S&P Global Luxury Index,글로벌,기타,일반,20260812
461340,KR7461340002,HANARO 글로벌생성형AI액티브,엔에이치아문디자산운용,0.6,47333000000,43030,42765.93,2023-07-11,주식,해외,실물(액티브),배당소득세(보유기간과세),Solactive United States Technology 100 Index(Price Return),미국,AI·테크,일반,20260812
401590,KR7401590005,HANARO 글로벌탄소배출권선물ICE(합성),엔에이치아문디자산운용,0.5,5849700000,11470,11469.5,2021-09-30,기타,해외,합성(패시브),배당소득세(보유기간과세),ICE Global Carbon Futures Index(Excess Return),글로벌,기타,일반,20260812
0040S0,KR70040S0004,HANARO 글로벌피지컬AI액티브,엔에이치아문디자산운용,0.6,64311000000,24735,24576.43,2025-04-22,주식,해외,실물(액티브),배당소득세(보유기간과세),Solactive Physical AI Index,기타,AI·테크,일반,20260812
314700,KR7314700006,HANARO 농업융복합산업,엔에이치아문디자산운용,0.5,5992250000,10895,10961.23,2018-12-21,주식,국내,실물(패시브),비과세,FnGuide 농업융복합산업 지수(시장가격),한국,소비재,일반,20260812
486830,KR7486830003,HANARO 머니마켓액티브,엔에이치아문디자산운용,0.04,146790600000,53185,53194.88,2024-07-16,채권,국내,실물(액티브),배당소득세(보유기간과세),KIS-NH Amundi MMF지수,한국,채권·금리,일반,20260812
0215T0,KR70215T0002,HANARO 미국AI광통신TOP10,엔에이치아문디자산운용,0.45,8653500000,9615,9333.98,2026-07-14,주식,해외,실물(패시브),배당소득세(보유기간과세),Indxx US AI Optical Communication TOP10 Index(PR),미국,AI·테크,일반,20260812
0181B0,KR70181B0002,HANARO 미국AI메모리반도체TOP4+,엔에이치아문디자산운용,0.45,123021250000,9725,9569.87,2026-05-12,주식,해외,실물(패시브),배당소득세(보유기간과세),Solactive US AI Memory Semiconductor Top4+ Index,미국,반도체,일반,20260812
0219Z0,KR70219Z0000,HANARO 미국S&P500액티브,엔에이치아문디자산운용,0.5,8572000000,10715,10668.87,2026-08-04,주식,해외,실물(액티브),배당소득세(보유기간과세),S&P 500,미국,광범위지수,일반,20260812
432840,KR7432840007,HANARO 미국S&P500,엔에이치아문디자산운용,0.045,16340000000,20425,20374.19,2022-06-08,주식,해외,실물(패시브),배당소득세(보유기간과세),S&P 500,미국,광범위지수,일반,20260812
498050,KR7498050004,HANARO 바이오코리아액티브,엔에이치아문디자산운용,0.5,11665000000,11665,11624.34,2024-11-26,주식,국내,실물(액티브),배당소득세(보유기간과세),iSelect K-바이오헬스케어,한국,바이오·헬스케어,일반,20260812
476260,KR7476260005,HANARO 반도체핵심공정주도주,엔에이치아문디자산운용,0.45,49241500000,12790,12778.13,2024-02-27,주식,국내,실물(패시브),비과세,FnGuide 반도체 핵심공정 지수,한국,반도체,일반,20260812
434730,KR7434730008,HANARO 원자력iSelect,엔에이치아문디자산운용,0.45,696200000000,59000,59016.78,2022-06-28,주식,국내,실물(패시브),비과세,iSelect 원자력지수 (시장가격),한국,에너지·원자력,일반,20260812
0082F0,KR70082F0008,HANARO 유럽방산,엔에이치아문디자산운용,0.35,8067500000,11525,11568.6,2025-07-29,주식,해외,실물(패시브),배당소득세(보유기간과세),Stoxx 유럽 방산 지수,유럽,방산·우주,일반,20260812
491820,KR7491820007,HANARO 전력설비투자,엔에이치아문디자산운용,0.35,156484000000,44080,44080.52,2024-09-24,주식,국내,실물(패시브),비과세,iSelect 전력설비투자 지수,한국,에너지·원자력,일반,20260812
461500,KR7461500001,HANARO 종합채권(AA-이상)액티브,엔에이치아문디자산운용,0.02,95044900000,104675,104612.16,2023-10-26,채권,국내,실물(액티브),배당소득세(보유기간과세),KAP 종합채권 총수익지수(AA-이상),한국,채권·금리,일반,20260812
0191W0,KR70191W0005,HANARO 중기종합채권(A-이상)액티브,엔에이치아문디자산운용,0.05,121008000000,100840,100864.73,2026-05-19,채권,국내,실물(액티브),배당소득세(보유기간과세),KIS 중기종합채권시장 A-이상 총수익지수,한국,채권·금리,일반,20260812
0111J0,KR70111J0009,HANARO 증권고배당TOP3플러스,엔에이치아문디자산운용,0.07,60856250000,13375,13353.48,2025-10-28,주식,국내,실물(패시브),비과세,FnGuide 증권 고배당 TOP3 플러스 지수,한국,금융,일반,20260812
495750,KR7495750002,HANARO 코리아밸류업,엔에이치아문디자산운용,0.026,76231750000,31115,31071.11,2024-11-04,주식,국내,실물(패시브),비과세,코리아 밸류업 지수,한국,배당주,일반,20260812
306530,KR7306530007,HANARO 코스닥150선물레버리지,엔에이치아문디자산운용,0.45,3558100000,7735,7702.64,2018-09-18,주식,국내,실물(패시브),배당소득세(보유기간과세),F-코스닥150 지수,한국,광범위지수,일반,20260812
304770,KR7304770001,HANARO 코스닥150,엔에이치아문디자산운용,0.2,21454700000,14695,14746.4,2018-08-14,주식,국내,실물(패시브),비과세,코스닥 150,한국,광범위지수,일반,20260812
375760,KR7375760006,HANARO 탄소효율그린뉴딜,엔에이치아문디자산운용,0.2,21235500000,23595,23533.71,2021-02-05,주식,국내,실물(패시브),비과세,KRX/S&P 탄소효율 그린뉴딜지수,한국,기타,일반,20260812
0007N0,KR70007N0000,아이엠에셋 200,아이엠에셋자산운용,0.05,93532500000,103925,103946.95,2025-02-11,주식,국내,실물(패시브),비과세,코스피 200,한국,광범위지수,일반,20260812
491510,KR7491510004,파워 K-주주가치액티브,교보악사자산운용,0.405,14985500000,17630,17751.51,2024-09-24,주식,국내,실물(액티브),배당소득세(보유기간과세),FnGuide K-주주가치 지수,한국,배당주,일반,20260812
140950,KR7140950007,파워 코스피100,교보악사자산운용,0.155,45385200000,81045,81155.4,2011-05-03,주식,국내,실물(패시브),비과세,코스피 100,한국,광범위지수,일반,20260812
152870,KR7152870002,파워 200,교보악사자산운용,0.145,146034000000,104310,104432.07,2012-02-13,주식,국내,실물(패시브),비과세,코스피 200,한국,광범위지수,일반,20260812
192720,KR7192720001,파워 고배당저변동성,교보악사자산운용,0.23,29590200000,58020,57966.87,2014-02-20,주식,국내,실물(패시브),비과세,코스피 200 고배당지수,한국,배당주,일반,20260812
498180,KR7498180009,파워 종합채권(AA-이상)액티브,교보악사자산운용,0.036,113167040000,93065,93006.33,2024-11-26,채권,국내,실물(액티브),배당소득세(보유기간과세),"KIS 한국종합채권지수(AA-이상, 총수익)",한국,채권·금리,일반,20260812
486240,KR7486240005,DAISHIN343 AI반도체&인프라액티브,대신자산운용,0.36,91856000000,28705,28581.95,2024-06-18,주식,국내,실물(액티브),배당소득세(보유기간과세),FnGuide AI반도체&인프라 지수,한국,반도체,일반,20260812
434960,KR7434960001,DAISHIN343 K200,대신자산운용,0.1,72765000000,103950,104167.04,2022-06-28,주식,국내,실물(패시브),비과세,코스피 200,한국,광범위지수,일반,20260812
0189Z0,KR70189Z0006,DAISHIN343 금융&지주고배당,대신자산운용,0.24,10090000000,10090,10136.73,2026-06-09,주식,국내,실물(패시브),비과세,KRX-Akros 금융 & 지주 고배당 지수,한국,금융,일반,20260812
0174J0,KR70174J0003,DAISHIN343 오피스리츠플러스,대신자산운용,0.19,5331000000,8885,8939.46,2026-03-31,부동산,국내,실물(패시브),비과세(분리과세부동산ETF),KRX 프라임 오피스 리츠 지수,한국,리츠·부동산,일반,20260812
0053M0,KR70053M0004,더제이 중소형포커스액티브,더제이자산운용,0.685,6014250000,13365,13439.0,2025-07-22,주식,국내,실물(액티브),배당소득세(보유기간과세),코스피 200 중소형주지수,한국,광범위지수,일반,20260812
0220B0,KR70220B0005,DS 코스닥액티브,디에스자산운용,1.0,47002500000,10445,10436.87,2026-07-14,주식,국내,실물(액티브),배당소득세(보유기간과세),코스닥,한국,광범위지수,일반,20260812
0214M0,KR70214M0000,MIDAS 바이오헬스케어액티브,마이다스에셋,0.62,10013000000,11780,11766.25,2026-07-28,주식,국내,실물(액티브),배당소득세(보유기간과세),KRX 헬스케어,한국,바이오·헬스케어,일반,20260812
488290,KR7488290008,MIDAS 일본테크액티브,마이다스에셋,0.65,16290750000,46545,45895.88,2024-08-06,주식,해외,실물(액티브),배당소득세(보유기간과세),Solactive Japan Tech Top 30 지수(PR),일본,AI·테크,일반,20260812
438740,KR7438740003,MIDAS 중소형액티브,마이다스에셋,0.62,7618500000,33860,33927.75,2022-08-17,주식,국내,실물(액티브),배당소득세(보유기간과세),코스피 중형주,한국,광범위지수,일반,20260812
0191B0,KR70191B0000,MIDAS 코스닥액티브,마이다스에셋,0.62,6014000000,30070,30319.43,2026-05-19,주식,국내,실물(액티브),배당소득세(보유기간과세),코스닥,한국,광범위지수,일반,20260812
403790,KR7403790009,MIDAS 코스피액티브,마이다스에셋,0.29,161825625000,55325,55393.49,2021-10-13,주식,국내,실물(액티브),배당소득세(보유기간과세),코스피,한국,광범위지수,일반,20260812
0139F0,KR70139F0001,TIGER 12월자동연장금융채(AA-이상)액티브,미래에셋자산운용,0.1,1078532880000,101960,101941.73,2025-12-09,채권,국내,실물(액티브),배당소득세(보유기간과세),KIS 12월 만기 자동연장금융채(AA-이상) 총수익지수,한국,금융,일반,20260812
310960,KR7310960000,TIGER 200TR,미래에셋자산운용,0.09,337036000000,60185,60470.8,2018-11-20,주식,국내,실물(패시브),배당소득세(보유기간과세),코스피 200 TR,한국,광범위지수,일반,20260812
227550,KR7227550001,TIGER 200 산업재,미래에셋자산운용,0.4,4202400000,12360,12425.58,2015-09-23,주식,국내,실물(패시브),비과세,코스피 200 산업재,한국,광범위지수,일반,20260812
227560,KR7227560000,TIGER 200 생활소비재,미래에셋자산운용,0.4,3147600000,13115,13158.04,2015-09-23,주식,국내,실물(패시브),비과세,코스피 200 생활소비재,한국,소비재,일반,20260812
102110,KR7102110004,TIGER 200,미래에셋자산운용,0.05,9963198000000,103460,103670.05,2008-04-03,주식,국내,실물(패시브),비과세,코스피 200,한국,광범위지수,일반,20260812
243880,KR7243880002,TIGER 200IT레버리지,미래에셋자산운용,0.63,433296250000,298825,299586.85,2016-05-13,주식,국내,실물(패시브),배당소득세(보유기간과세),코스피 200 정보기술,한국,광범위지수,일반,20260812
252000,KR7252000005,TIGER 200동일가중,미래에셋자산운용,0.21,9750000000,19500,19477.78,2016-09-20,주식,국내,실물(패시브),비과세,코스피 200 동일가중지수,한국,광범위지수,일반,20260812
267770,KR7267770006,TIGER 200선물레버리지,미래에셋자산운용,0.022,192237500000,76895,77408.96,2017-04-25,주식,국내,실물(패시브),배당소득세(보유기간과세),코스피 200 선물지수,한국,광범위지수,일반,20260812
252710,KR7252710009,TIGER 200선물인버스2X,미래에셋자산운용,0.022,26790000000,94,94.01,2016-09-22,주식,국내,실물(패시브),배당소득세(보유기간과세),코스피 200 선물지수,한국,광범위지수,일반,20260812
243890,KR7243890001,TIGER 200에너지화학레버리지,미래에셋자산운용,0.69,4383750000,8350,8278.57,2016-05-13,주식,국내,실물(패시브),배당소득세(보유기간과세),코스피 200 에너지/화학,한국,에너지·원자력,일반,20260812
315270,KR7315270009,TIGER 200커뮤니케이션서비스,미래에셋자산운용,0.4,6505600000,20330,20237.67,2019-01-15,주식,국내,실물(패시브),비과세,코스피 200 커뮤니케이션서비스,한국,광범위지수,일반,20260812
166400,KR7166400002,TIGER 200커버드콜OTM,미래에셋자산운용,0.38,11150000000,22300,22460.02,2012-10-25,주식,국내,실물(패시브),배당소득세(보유기간과세),코스피 200 커버드콜 5% OTM,한국,광범위지수,커버드콜,20260812
0104N0,KR70104N0002,TIGER 200타겟위클리커버드콜,미래에셋자산운용,0.25,208104000000,20010,19981.88,2025-09-23,주식,국내,실물(패시브),배당소득세(보유기간과세),코스피 200 타겟 7% 위클리 커버드콜 지수,한국,광범위지수,커버드콜,20260812
227540,KR7227540002,TIGER 200 헬스케어,미래에셋자산운용,0.4,34486800000,19820,19809.86,2015-09-23,주식,국내,실물(패시브),비과세,코스피 200 헬스케어,한국,바이오·헬스케어,일반,20260812
480260,KR7480260009,TIGER 27-04회사채(A+이상)액티브,미래에셋자산운용,0.1,440007750000,53725,53726.86,2024-04-23,채권,국내,실물(액티브),배당소득세(보유기간과세),KIS 회사채2704만기형 지수 (총수익 지수),한국,채권·금리,일반,20260812
0094K0,KR70094K0007,TIGER 28-04 회사채(A+이상)액티브,미래에셋자산운용,0.1,275341470000,99545,99573.28,2025-08-26,채권,국내,실물(액티브),배당소득세(보유기간과세),KIS 회사채 2804만기형 지수(총수익),한국,채권·금리,일반,20260812
364980,KR7364980003,TIGER 2차전지TOP10,미래에셋자산운용,0.4,663442000000,9880,9886.17,2020-10-07,주식,국내,실물(패시브),비과세,KRX 2차전지 TOP 10 지수,한국,2차전지,일반,20260812
412570,KR7412570004,TIGER 2차전지TOP10레버리지,미래에셋자산운용,0.29,165138750000,1165,1167.63,2021-12-15,주식,국내,실물(패시브),배당소득세(보유기간과세),KRX 2차전지 TOP 10 지수,한국,2차전지,일반,20260812
462010,KR7462010000,TIGER 2차전지소재Fn,미래에셋자산운용,0.39,517976250000,4785,4808.88,2023-07-13,주식,국내,실물(패시브),비과세,FnGuide 2차전지소재 (Price Return) 지수,한국,2차전지,일반,20260812
305540,KR7305540007,TIGER 2차전지테마,미래에셋자산운용,0.44,886746000000,18060,18091.63,2018-09-12,주식,국내,실물(패시브),비과세,WISE 2차전지 테마 지수,한국,2차전지,일반,20260812
471760,KR7471760009,TIGER AI반도체핵심공정,미래에셋자산운용,0.45,122175000000,13500,13498.66,2023-11-21,주식,국내,실물(패시브),비과세,iSelect AI반도체핵심공정지수,한국,반도체,일반,20260812
365040,KR7365040005,TIGER AI코리아그로스액티브,미래에셋자산운용,0.4,73174500000,34845,34738.9,2020-09-29,주식,국내,실물(액티브),배당소득세(보유기간과세),코스피,한국,광범위지수,일반,20260812
364960,KR7364960005,TIGER BBIG,미래에셋자산운용,0.4,81796000000,6760,6760.49,2020-10-07,주식,국내,실물(패시브),비과세,KRX BBIG 지수,한국,기타,일반,20260812
412560,KR7412560005,TIGER BBIG레버리지,미래에셋자산운용,0.59,1334900000,1907,1909.22,2021-12-15,주식,국내,실물(패시브),배당소득세(보유기간과세),KRX BBIG 지수,한국,기타,일반,20260812
475630,KR7475630000,TIGER CD1년금리액티브(합성),미래에셋자산운용,0.009,1452458099500,1074065,1073951.61,2024-02-06,기타,국내,합성(액티브),배당소득세(보유기간과세),KIS CD 1Y 총수익지수,한국,기타,일반,20260812
357870,KR7357870005,TIGER CD금리투자KIS(합성),미래에셋자산운용,0.03,3551898840000,57890,57885.09,2020-07-07,기타,국내,합성(패시브),배당소득세(보유기간과세),KIS CD Index(총수익),한국,기타,일반,20260812
499660,KR7499660009,TIGER CD금리플러스액티브(합성),미래에셋자산운용,0.009,479164748000,1001180,1001098.29,2024-12-17,기타,국내,합성(액티브),배당소득세(보유기간과세),KIS CD+CPI연동금리 월분배 지수,한국,채권·금리,일반,20260812
400970,KR7400970000,TIGER Fn메타버스,미래에셋자산운용,0.45,40060500000,7855,7829.92,2021-10-13,주식,국내,실물(패시브),비과세,FnGuide 메타버스테마 지수,한국,AI·테크,일반,20260812
377990,KR7377990007,TIGER Fn신재생에너지,미래에셋자산운용,0.5,122339250000,24715,24629.89,2021-03-05,주식,국내,실물(패시브),비과세,FnGuide 신재생에너지 지수,한국,에너지·원자력,일반,20260812
417630,KR7417630001,TIGER KEDI혁신기업ESG30,미래에셋자산운용,0.5,20312250000,19345,19285.68,2022-02-08,주식,국내,실물(패시브),비과세,KEDI 혁신기업ESG30 지수(시장가격 지수),한국,광범위지수,일반,20260812
292160,KR7292160009,TIGER KRX300,미래에셋자산운용,0.07,22947500000,45895,46045.92,2018-03-26,주식,국내,실물(패시브),비과세,KRX 300,한국,광범위지수,일반,20260812
0072R0,KR70072R0006,TIGER KRX금현물,미래에셋자산운용,0.15,1236930750000,13365,13371.77,2025-06-24,원자재,국내,실물(패시브),배당소득세(보유기간과세),KRX 금현물지수,한국,기타,일반,20260812
404540,KR7404540007,TIGER KRX기후변화솔루션,미래에셋자산운용,0.09,9320000000,23300,23264.18,2021-10-29,주식,국내,실물(패시브),비과세,KRX 기후변화 솔루션지수,한국,기타,일반,20260812
300610,KR7300610003,TIGER K게임,미래에셋자산운용,0.5,13644000000,5685,5659.05,2018-07-24,주식,국내,실물(패시브),비과세,WISE K게임 테마 지수,한국,게임·엔터,일반,20260812
138530,KR7138530001,TIGER LG그룹플러스,미래에셋자산운용,0.15,83932800000,12490,12461.31,2011-03-10,주식,국내,실물(패시브),비과세,MKF LG그룹+ FW,한국,기타,일반,20260812
445910,KR7445910003,TIGER MKF배당귀족,미래에셋자산운용,0.2,19812250000,20855,20812.83,2022-10-18,주식,국내,실물(패시브),비과세,MKF 배당귀족 지수(시장가격지수),한국,배당주,일반,20260812
289260,KR7289260002,TIGER MSCI KOREA ESG리더스,미래에셋자산운용,0.4,16440000000,27400,27386.57,2018-02-07,주식,국내,실물(패시브),비과세,MSCI Korea Country ESG Leaders Capped Index,한국,광범위지수,일반,20260812
289250,KR7289250003,TIGER MSCI KOREA ESG유니버설,미래에셋자산운용,0.4,22814850000,33065,33227.41,2018-02-07,주식,국내,실물(패시브),비과세,MSCI Korea ESG Universal Index,한국,광범위지수,일반,20260812
310970,KR7310970009,TIGER MSCI Korea TR,미래에셋자산운용,0.12,4193968000000,46240,46199.98,2018-11-20,주식,국내,실물(패시브),배당소득세(보유기간과세),MSCI Korea TR Index,한국,광범위지수,일반,20260812
0000D0,KR70000D0009,TIGER 엔비디아미국채커버드콜밸런스(합성),미래에셋자산운용,0.39,63773500000,9310,9301.52,2024-12-17,혼합자산,해외,합성(패시브),배당소득세(보유기간과세),KEDI 엔비디아미국채30년타겟커버드콜혼합지수(TR),미국,개별종목,커버드콜,20260812
143850,KR7143850006,TIGER 미국S&P500선물(H),미래에셋자산운용,0.23,91685250000,78030,77919.31,2011-07-18,주식,해외,실물(패시브),배당소득세(보유기간과세),S&P 500 Futures Index(ER),미국,광범위지수,일반,20260812
269370,KR7269370003,TIGER S&P글로벌인프라(합성),미래에셋자산운용,0.4,12418000000,17740,17709.14,2017-05-16,주식,해외,합성(패시브),배당소득세(보유기간과세),S&P Global Infrastructure Index,글로벌,기타,일반,20260812
0195S0,KR70195S0007,TIGER SK하이닉스단일종목레버리지,미래에셋자산운용,0.09,1216416750000,6945,7014.28,2026-05-27,주식,국내,실물(패시브),배당소득세(보유기간과세),KRX SK하이닉스 지수,한국,개별종목,일반,20260812
453950,KR7453950008,TIGER TSMC파운드리밸류체인,미래에셋자산운용,0.49,67694250000,34715,34465.27,2023-04-04,주식,해외,실물(패시브),배당소득세(보유기간과세),FactSet TSMC 파운드리 밸류체인 지수(시장가격지수),대만,개별종목,일반,20260812
364990,KR7364990002,TIGER 게임TOP10,미래에셋자산운용,0.4,22863750000,5025,5020.84,2020-10-07,주식,국내,실물(패시브),비과세,KRX 게임 TOP 10 지수,한국,게임·엔터,일반,20260812
139280,KR7139280002,TIGER 경기방어,미래에셋자산운용,0.4,42459600000,12945,12972.68,2011-04-06,주식,국내,실물(패시브),비과세,코스피 200 경기방어소비재,한국,소비재,일반,20260812
237440,KR7237440003,TIGER 경기방어채권혼합,미래에셋자산운용,0.18,10395000000,10395,10358.78,2016-01-27,혼합자산,국내,실물(패시브),배당소득세(보유기간과세),경기방어소비재 채권혼합 지수,한국,소비재,혼합,20260812
319640,KR7319640009,TIGER 골드선물(H),미래에셋자산운용,0.39,114004000000,25910,25859.91,2019-04-09,원자재,해외,실물(패시브),배당소득세(보유기간과세),S&P GSCI Gold Index(TR),글로벌,원자재·금,일반,20260812
0190Y0,KR70190Y0004,TIGER 구글밸류체인,미래에셋자산운용,0.45,71331000000,9145,9038.71,2026-05-12,주식,해외,실물(패시브),배당소득세(보유기간과세),Akros Google Value Chain 지수 (Price Return),미국,기타,일반,20260812
160580,KR7160580007,TIGER 구리실물,미래에셋자산운용,0.83,171564000000,16820,16887.18,2012-12-17,원자재,해외,실물(패시브),배당소득세(보유기간과세),S&P GSCI Cash Copper Index,글로벌,원자재·금,일반,20260812
114820,KR7114820004,TIGER 국채3년,미래에셋자산운용,0.15,122955300000,105090,105128.87,2009-08-27,채권,국내,실물(패시브),배당소득세(보유기간과세),KTB INDEX(시장가격),한국,채권·금리,일반,20260812
464310,KR7464310002,TIGER 글로벌AI&로보틱스 INDXX,미래에셋자산운용,0.49,123545500000,14885,14847.08,2023-08-17,주식,해외,실물(패시브),배당소득세(보유기간과세),Indxx Global Robotics & Artificial Intelligence Thematic Index(PR),글로벌,AI·테크,일반,20260812
418670,KR7418670006,TIGER 글로벌AI사이버보안,미래에셋자산운용,0.49,49405800000,18435,18360.04,2022-02-22,주식,해외,실물(패시브),배당소득세(보유기간과세),Indxx Cybersecurity 지수 (PR),기타,기타,일반,20260812
466950,KR7466950003,TIGER 글로벌AI액티브,미래에셋자산운용,0.79,592420500000,31345,31059.22,2023-10-11,주식,해외,실물(액티브),배당소득세(보유기간과세),Indxx Artificial Intelligence and Big Data 지수(PR),기타,AI·테크,일반,20260812
440340,KR7440340008,TIGER 글로벌멀티에셋TIF액티브,미래에셋자산운용,0.55,27247000000,12385,12325.57,2022-08-30,혼합자산,해외,실물(액티브),배당소득세(보유기간과세),INDXX 멀티에셋인컴 지수(시장가격 지수),기타,배당주,일반,20260812
476690,KR7476690003,TIGER 글로벌비만치료제TOP2Plus,미래에셋자산운용,0.45,34555500000,10970,10954.53,2024-02-29,주식,해외,실물(패시브),배당소득세(보유기간과세),Indxx Global Obesity Treatment Top 2 Plus 지수 (시장가격),글로벌,바이오·헬스케어,일반,20260812
480310,KR7480310002,TIGER 글로벌온디바이스AI,미래에셋자산운용,0.49,53676000000,19880,19746.63,2024-04-16,주식,해외,실물(패시브),배당소득세(보유기간과세),Mirae Asset Global On-Device AI 지수 (PR),글로벌,AI·테크,일반,20260812
387270,KR7387270002,TIGER 글로벌이노베이션액티브,미래에셋자산운용,0.55,30395200000,25120,24997.66,2021-05-25,주식,해외,실물(액티브),배당소득세(보유기간과세),NASDAQ 100,미국,광범위지수,일반,20260812
371450,KR7371450008,TIGER 글로벌클라우드컴퓨팅INDXX,미래에셋자산운용,0.49,21508000000,14150,14112.99,2020-12-08,주식,해외,실물(패시브),배당소득세(보유기간과세),Indxx Global Cloud Computing Index(PR),글로벌,AI·테크,일반,20260812
248270,KR7248270001,TIGER S&P글로벌헬스케어(합성),미래에셋자산운용,0.4,30546300000,26795,26978.58,2016-07-01,주식,해외,합성(패시브),배당소득세(보유기간과세),S&P Global 1200 Health Care Index,글로벌,바이오·헬스케어,일반,20260812
464930,KR7464930007,TIGER 글로벌혁신블루칩TOP10,미래에셋자산운용,0.48,121489500000,21890,21840.2,2023-08-29,주식,해외,실물(패시브),배당소득세(보유기간과세),Mirae Asset Global Innovative Bluechip Top 10 Index(PR),글로벌,기타,일반,20260812
139320,KR7139320006,TIGER 금은선물(H),미래에셋자산운용,0.69,40491000000,18405,18320.79,2011-04-08,원자재,해외,실물(패시브),배당소득세(보유기간과세),S&P GSCI Precious Metals Index(TR),글로벌,원자재·금,일반,20260812
0168K0,KR70168K0008,TIGER 기술이전바이오액티브,미래에셋자산운용,0.5,142200600000,6830,6821.1,2026-03-17,주식,국내,실물(액티브),배당소득세(보유기간과세),KRX 기술이전 바이오 지수,한국,바이오·헬스케어,일반,20260812
137610,KR7137610002,TIGER 농산물선물Enhanced(H),미래에셋자산운용,0.69,12339500000,5365,5310.42,2011-01-11,원자재,해외,실물(패시브),배당소득세(보유기간과세),S&P GSCI Agriculture Enhanced Index(ER),글로벌,소비재,일반,20260812
272580,KR7272580002,TIGER 단기채권액티브,미래에셋자산운용,0.06,721632580000,57010,56998.11,2017-06-29,채권,국내,실물(액티브),배당소득세(보유기간과세),KIS MSB 6M PLUS 지수,한국,기타,일반,20260812
157450,KR7157450008,TIGER 단기통안채,미래에셋자산운용,0.07,1255453500000,112375,112376.97,2012-05-16,채권,국내,실물(패시브),배당소득세(보유기간과세),KIS MSB 6M(총수익),한국,기타,일반,20260812
105010,KR7105010003,TIGER 라틴35,미래에셋자산운용,0.49,8708000000,6220,6231.3,2008-08-27,주식,해외,실물(패시브),배당소득세(해외주식투자전용ETF),BNY Latin America 35 ADR,기타,기타,일반,20260812
123320,KR7123320004,TIGER 레버리지,미래에셋자산운용,0.022,263068000000,101180,101621.44,2010-04-09,주식,국내,실물(패시브),배당소득세(보유기간과세),코스피 200,한국,광범위지수,일반,20260812
0086B0,KR70086B0008,TIGER 리츠부동산인프라TOP10액티브,미래에셋자산운용,0.06,47530000000,9700,9643.15,2025-07-29,부동산,국내,실물(액티브),배당소득세(분리과세부동산ETF),KEDI 리츠부동산인프라TOP10지수 (Price Return),한국,리츠·부동산,일반,20260812
341850,KR7341850006,TIGER 리츠부동산인프라채권,미래에셋자산운용,0.22,9220000000,4610,4613.47,2020-05-22,혼합자산,국내,실물(패시브),배당소득세(분리과세부동산ETF),KIS 리츠부동산인프라채권PR 지수,한국,리츠·부동산,일반,20260812
329200,KR7329200000,TIGER 리츠부동산인프라,미래에셋자산운용,0.08,1541704000000,4120,4100.7,2019-07-19,부동산,국내,실물(패시브),비과세,FnGuide 리츠부동산인프라,한국,리츠·부동산,일반,20260812
0086C0,KR70086C0007,TIGER 리츠부동산인프라10채권혼합액티브,미래에셋자산운용,0.15,17438750000,9965,9878.21,2025-07-29,혼합자산,국내,실물(액티브),배당소득세(보유기간과세),KEDI 리츠부동산인프라TOP10채권혼합지수 (Price Return),한국,리츠·부동산,혼합,20260812
0043B0,KR70043B0000,TIGER 머니마켓액티브,미래에셋자산운용,0.04,3057917370000,103315,103308.64,2025-04-22,채권,국내,실물(액티브),배당소득세(보유기간과세),KIS-미래에셋 MMF지수,한국,채권·금리,일반,20260812
147970,KR7147970008,TIGER 모멘텀,미래에셋자산운용,0.23,38659200000,80540,80537.36,2011-10-26,주식,국내,실물(패시브),비과세,FnGuide 모멘텀 지수,한국,기타,일반,20260812
458250,KR7458250008,TIGER 미국30년국채스트립액티브(합성 H),미래에셋자산운용,0.15,386192400000,34420,34403.53,2023-05-31,채권,해외,합성(액티브),배당소득세(보유기간과세),ICE BofA Long US Treasury Principal STRIPS Index,미국,채권·금리,일반,20260812
0142D0,KR70142D0008,TIGER 미국AI데이터센터TOP4Plus,미래에셋자산운용,0.49,95876000000,10895,10325.42,2025-12-09,주식,해외,실물(패시브),배당소득세(보유기간과세),Akros U.S. AI Data Center TOP4 Plus 지수(PR),미국,AI·테크,일반,20260812
491830,KR7491830006,TIGER 미국AI반도체팹리스,미래에셋자산운용,0.49,38190500000,22465,22307.42,2024-09-24,주식,해외,실물(패시브),배당소득세(보유기간과세),Mirae Asset US AI Fabless 지수(PR),미국,AI·테크,일반,20260812
490090,KR7490090008,TIGER 미국AI빅테크10,미래에셋자산운용,0.3,216150000000,16375,16340.41,2024-08-27,주식,해외,실물(패시브),배당소득세(보유기간과세),KEDI 미국AI빅테크10 지수(PR),미국,AI·테크,일반,20260812
493810,KR7493810006,TIGER 미국AI빅테크10타겟데일리커버드콜,미래에셋자산운용,0.25,249546000000,11940,11742.15,2024-10-15,주식,해외,실물(패시브),배당소득세(보유기간과세),KEDI 미국AI빅테크10+15%데일리프리미엄 지수(TR),미국,AI·테크,일반,20260812
0102A0,KR70102A0009,TIGER 미국AI소프트웨어TOP4Plus,미래에셋자산운용,0.49,72796750000,8615,8645.67,2025-09-09,주식,해외,실물(패시브),배당소득세(보유기간과세),Akros U.S. AI Software TOP4 Plus 지수 (Price Return),미국,AI·테크,일반,20260812
0123G0,KR70123G0008,TIGER 미국AI전력SMR,미래에셋자산운용,0.49,134461250000,6985,6952.09,2025-11-04,주식,해외,실물(패시브),배당소득세(보유기간과세),Akros U.S. AI Electricity SMR Index 지수(PR),미국,AI·테크,일반,20260812
488500,KR7488500000,TIGER 미국S&P500동일가중,미래에셋자산운용,0.2,117692500000,13150,13150.81,2024-07-23,주식,해외,실물(패시브),배당소득세(보유기간과세),S&P 500 Equal Weight Index(PR),미국,광범위지수,일반,20260812
429000,KR7429000003,TIGER 미국S&P500배당귀족,미래에셋자산운용,0.25,192637500000,14010,13981.13,2022-05-17,주식,해외,실물(패시브),배당소득세(보유기간과세),S&P 500 Dividend Aristocrats 지수 (Price Return),미국,배당주,일반,20260812
360750,KR7360750004,TIGER 미국S&P500,미래에셋자산운용,0.006,20607675750000,27135,27110.11,2020-08-07,주식,해외,실물(패시브),배당소득세(보유기간과세),S&P 500,미국,광범위지수,일반,20260812
448290,KR7448290007,TIGER 미국S&P500(H),미래에셋자산운용,0.07,458496000000,17910,17894.67,2022-11-25,주식,해외,실물(패시브),배당소득세(보유기간과세),S&P 500,미국,광범위지수,일반,20260812
418660,KR7418660007,TIGER 미국나스닥100레버리지(합성),미래에셋자산운용,0.25,648277500000,42510,42212.59,2022-02-22,주식,해외,합성(패시브),배당소득세(보유기간과세),NASDAQ 100,미국,광범위지수,일반,20260812
133690,KR7133690008,TIGER 미국나스닥100,미래에셋자산운용,0.7,11530659200000,185440,184981.38,2010-10-18,주식,해외,실물(패시브),배당소득세(해외주식투자전용ETF),NASDAQ 100,미국,광범위지수,일반,20260812
448300,KR7448300004,TIGER 미국나스닥100(H),미래에셋자산운용,0.006,354431000000,23015,22960.39,2022-11-25,주식,해외,실물(패시브),배당소득세(보유기간과세),NASDAQ 100,미국,광범위지수,일반,20260812
435420,KR7435420005,TIGER 미국나스닥100채권혼합50,미래에셋자산운용,0.25,490740250000,14245,14225.57,2022-07-06,혼합자산,국내&해외,실물(패시브),배당소득세(보유기간과세),FnGuide 나스닥100채권혼합50 지수(총수익 지수),미국,채권·금리,혼합,20260812
441680,KR7441680006,TIGER 미국나스닥100커버드콜(합성),미래에셋자산운용,0.37,299200000000,11000,10987.54,2022-09-22,주식,해외,합성(패시브),배당소득세(보유기간과세),Cboe Nasdaq-100 BuyWrite V2 지수 (Total Return),미국,기타,일반,20260812
429010,KR7429010002,TIGER 미국나스닥넥스트100,미래에셋자산운용,0.49,10325000000,20650,20576.23,2022-05-17,주식,해외,실물(패시브),배당소득세(보유기간과세),Nasdaq Next Generation 100 지수 (Price Return),미국,기타,일반,20260812
245340,KR7245340005,TIGER 미국다우존스30,미래에셋자산운용,0.35,148380000000,37095,37062.45,2016-07-01,주식,해외,실물(패시브),배당소득세(해외주식투자전용ETF),Dow Jones Industrial Average,미국,기타,일반,20260812
456610,KR7456610005,TIGER 미국달러SOFR금리액티브(합성),미래에셋자산운용,0.05,696379250000,61355,61338.12,2023-05-09,기타,해외,합성(액티브),배당소득세(보유기간과세),Solactive SOFR Daily Total Return Index,미국,채권·금리,일반,20260812
329750,KR7329750004,TIGER 미국달러단기채권액티브,미래에셋자산운용,0.3,631897200000,13365,13369.8,2019-07-24,채권,해외,실물(액티브),배당소득세(보유기간과세),KIS U.S. TREASURY BOND 0-1Y 지수(총수익),미국,채권·금리,일반,20260812
261110,KR7261110001,TIGER 미국달러선물레버리지,미래에셋자산운용,0.05,8377500000,16755,16783.4,2016-12-27,통화,국내,실물(패시브),배당소득세(보유기간과세),미국달러선물지수,한국,기타,일반,20260812
261120,KR7261120000,TIGER 미국달러선물인버스2X,미래에셋자산운용,0.05,42420000000,5050,5041.76,2016-12-27,통화,국내,실물(패시브),배당소득세(보유기간과세),미국달러선물지수,한국,기타,일반,20260812
494840,KR7494840002,TIGER 미국방산TOP10,미래에셋자산운용,0.45,48144000000,14160,14174.05,2024-10-29,주식,해외,실물(패시브),배당소득세(보유기간과세),Mirae Asset US Defense Top 10 Index(PR),미국,방산·우주,일반,20260812
458730,KR7458730009,TIGER 미국배당다우존스,미래에셋자산운용,0.01,4269746250000,15345,15361.91,2023-06-20,주식,해외,실물(패시브),배당소득세(보유기간과세),Dow Jones U.S. Dividend 100 Price Return Index,미국,배당주,일반,20260812
0008S0,KR70008S0004,TIGER 미국배당다우존스타겟데일리커버드콜,미래에셋자산운용,0.25,291116250000,10305,10190.51,2025-01-21,주식,해외,실물(패시브),배당소득세(보유기간과세),Dow Jones U.S. Dividend 100 10% Daily Premium Covered Call 지수,미국,배당주,커버드콜,20260812
0015K0,KR70015K0003,TIGER 미국소비트렌드액티브,미래에셋자산운용,0.79,4957200000,7290,7284.91,2025-02-18,주식,해외,실물(액티브),배당소득세(보유기간과세),Mirae Asset US Consumer Trend 지수 (PR),미국,소비재,일반,20260812
0183J0,KR70183J0002,TIGER 미국우주테크,미래에셋자산운용,0.49,1256118500000,8645,8606.63,2026-04-14,주식,해외,실물(패시브),배당소득세(보유기간과세),Akros U.S. Space Tech 지수(PR),미국,AI·테크,일반,20260812
305080,KR7305080004,TIGER 미국채10년선물,미래에셋자산운용,0.25,225629500000,12605,12608.65,2018-08-30,채권,해외,실물(패시브),배당소득세(보유기간과세),S&P 10-Year U.S. Treasury Note Futures(ER),미국,채권·금리,일반,20260812
0046A0,KR70046A0008,TIGER 미국초단기(3개월이하)국채,미래에셋자산운용,0.09,342041400000,9795,9790.89,2025-04-29,채권,해외,실물(패시브),배당소득세(보유기간과세),ICE 0-3 Month US Treasury Securities 지수,미국,채권·금리,일반,20260812
465670,KR7465670008,TIGER 미국캐시카우100,미래에셋자산운용,0.25,14637000000,17220,17040.06,2023-09-19,주식,해외,실물(패시브),배당소득세(보유기간과세),Global X U.S. Cash Flow Kings 100 Index(PR),미국,기타,일반,20260812
0223R0,KR70223R0004,TIGER 미국테크NYSE100액티브,미래에셋자산운용,0.79,27681150000,9645,9573.37,2026-07-21,주식,해외,실물(액티브),배당소득세(보유기간과세),NYSE 100 지수(Price Return),미국,기타,일반,20260812
381170,KR7381170000,TIGER 미국테크TOP10 INDXX,미래에셋자산운용,0.49,3904376000000,31640,31567.24,2021-04-09,주식,해외,실물(패시브),배당소득세(보유기간과세),Indxx US Tech Top 10 Index,미국,AI·테크,일반,20260812
472160,KR7472160001,TIGER 미국테크TOP10 INDXX(H),미래에셋자산운용,0.49,241580000000,18800,18768.77,2023-12-05,주식,해외,실물(패시브),배당소득세(보유기간과세),Indxx US Tech Top 10 Index,미국,AI·테크,일반,20260812
472170,KR7472170000,TIGER 미국테크TOP10채권혼합,미래에셋자산운용,0.25,339569000000,14090,14075.06,2023-12-05,혼합자산,국내&해외,실물(패시브),배당소득세(보유기간과세),FnGuide 미국테크TOP10 채권혼합지수,미국,AI·테크,혼합,20260812
458260,KR7458260007,TIGER 미국투자등급회사채액티브(H),미래에셋자산운용,0.14,228386400000,46420,46394.06,2023-05-31,채권,해외,실물(액티브),배당소득세(보유기간과세),iBoxx USD Liquid Investment Grade Index(Price Return),기타,기타,일반,20260812
497570,KR7497570002,TIGER 미국필라델피아AI반도체나스닥,미래에셋자산운용,0.49,1164724000000,22660,22522.04,2024-11-26,주식,해외,실물(패시브),배당소득세(보유기간과세),PHLX US AI Semiconductor 지수 (PR),미국,반도체,일반,20260812
381180,KR7381180009,TIGER 미국필라델피아반도체나스닥,미래에셋자산운용,0.49,6039433000000,45020,44628.41,2021-04-09,주식,해외,실물(패시브),배당소득세(보유기간과세),PHLX Semiconductor Sector Index,미국,반도체,일반,20260812
228810,KR7228810008,TIGER 미디어컨텐츠,미래에셋자산운용,0.44,79531200000,3360,3344.08,2015-10-07,주식,국내,실물(패시브),비과세,WISE 미디어컨텐츠 지수,한국,게임·엔터,일반,20260812
364970,KR7364970004,TIGER 바이오TOP10,미래에셋자산운용,0.4,308112000000,7860,7886.87,2020-10-07,주식,국내,실물(패시브),비과세,KRX 바이오 TOP 10 지수,한국,바이오·헬스케어,일반,20260812
091230,KR7091230003,TIGER 반도체,미래에셋자산운용,0.46,1295171100000,126235,126561.02,2006-06-27,주식,국내,실물(패시브),비과세,KRX 반도체,한국,반도체,일반,20260812
488080,KR7488080003,TIGER 반도체TOP10레버리지,미래에셋자산운용,0.49,488320000000,30520,30403.68,2024-07-23,주식,국내,실물(패시브),배당소득세(보유기간과세),FnGuide 반도체TOP10 지수,한국,반도체,일반,20260812
396500,KR7396500001,TIGER 반도체TOP10,미래에셋자산운용,0.45,8951604000000,33640,33584.36,2021-08-10,주식,국내,실물(패시브),비과세,FnGuide 반도체TOP10 지수,한국,반도체,일반,20260812
0177R0,KR70177R0000,TIGER 반도체TOP10커버드콜액티브,미래에셋자산운용,0.45,763266500000,10705,10523.78,2026-04-21,주식,국내,실물(액티브),배당소득세(보유기간과세),FnGuide 반도체 TOP10 Capped 지수(Price Return),한국,반도체,일반,20260812
138520,KR7138520002,TIGER 삼성그룹,미래에셋자산운용,0.113,144217500000,35875,35772.67,2011-03-07,주식,국내,실물(패시브),비과세,MKF SAMs FW,한국,기타,일반,20260812
0195R0,KR70195R0008,TIGER 삼성전자단일종목레버리지,미래에셋자산운용,0.09,944387500000,10750,10782.34,2026-05-27,주식,국내,실물(패시브),배당소득세(보유기간과세),KRX 삼성전자 지수,한국,개별종목,일반,20260812
157490,KR7157490004,TIGER 소프트웨어,미래에셋자산운용,0.4,82075000000,8750,8785.77,2012-05-16,주식,국내,실물(패시브),비과세,FnGuide 소프트웨어 지수,한국,AI·테크,일반,20260812
228800,KR7228800009,TIGER 여행레저,미래에셋자산운용,0.5,68062050000,2635,2633.06,2015-10-07,주식,국내,실물(패시브),비과세,WISE 여행레저 지수,한국,기타,일반,20260812
227570,KR7227570009,TIGER 우량가치,미래에셋자산운용,0.35,7477200000,20770,20892.74,2015-09-23,주식,국내,실물(패시브),비과세,FnGuide 퀄리티밸류 지수,한국,광범위지수,일반,20260812
261140,KR7261140008,TIGER 우선주,미래에셋자산운용,0.29,32555300000,24295,24283.24,2017-01-06,주식,국내,실물(패시브),비과세,코스피 우선주 지수,한국,광범위지수,일반,20260812
130680,KR7130680002,TIGER 원유선물Enhanced(H),미래에셋자산운용,0.69,14781250000,6875,6789.13,2010-08-02,원자재,해외,실물(패시브),배당소득세(보유기간과세),S&P GSCI Crude Oil Enhanced Index ER,글로벌,에너지·원자력,일반,20260812
245350,KR7245350004,TIGER 유로스탁스배당30,미래에셋자산운용,0.35,31752000000,19845,19813.03,2016-07-01,주식,해외,실물(패시브),배당소득세(해외주식투자전용ETF),Euro STOXX Select Dividend 30,유럽,배당주,일반,20260812
0189B0,KR70189B0004,TIGER 은액티브,미래에셋자산운용,0.3,41406750000,8365,8307.9,2026-04-28,원자재,해외,실물(액티브),배당소득세(보유기간과세),ICE Silver Spot 지수 (시장가격),기타,원자재·금,일반,20260812
091220,KR7091220004,TIGER 은행,미래에셋자산운용,0.46,21352500000,16425,16391.55,2006-06-27,주식,국내,실물(패시브),비과세,KRX 은행,한국,금융,일반,20260812
466940,KR7466940004,TIGER 은행고배당플러스TOP10,미래에셋자산운용,0.3,774410000000,25900,25846.25,2023-10-17,주식,국내,실물(패시브),비과세,FnGuide 은행고배당플러스TOP10 지수(시장가격 지수),한국,금융,일반,20260812
307510,KR7307510008,TIGER 의료기기,미래에셋자산운용,0.5,6927500000,13855,13799.81,2018-11-08,주식,국내,실물(패시브),비과세,FnGuide 의료기기 지수,한국,바이오·헬스케어,일반,20260812
453870,KR7453870008,TIGER 인도니프티50,미래에셋자산운용,0.19,298721250000,11925,12040.43,2023-04-14,주식,해외,실물(패시브),배당소득세(보유기간과세),Nifty 50 Index,인도,광범위지수,일반,20260812
236350,KR7236350005,TIGER 인도니프티50레버리지(합성),미래에셋자산운용,0.58,18575200000,29960,30254.55,2016-05-13,주식,해외,합성(패시브),배당소득세(보유기간과세),Nifty 50 Index,인도,광범위지수,일반,20260812
479730,KR7479730004,TIGER 인도빌리언컨슈머,미래에셋자산운용,0.49,61714000000,10460,10552.32,2024-05-14,주식,해외,실물(패시브),배당소득세(보유기간과세),Mirae Asset India Billion Consumer 지수(PR),인도,소비재,일반,20260812
123310,KR7123310005,TIGER 인버스,미래에셋자산운용,0.022,53520000000,1200,1195.45,2010-03-29,주식,국내,실물(패시브),배당소득세(보유기간과세),코스피 200 선물지수,한국,광범위지수,일반,20260812
365000,KR7365000009,TIGER 인터넷TOP10,미래에셋자산운용,0.4,40337000000,3860,3868.31,2020-10-07,주식,국내,실물(패시브),비과세,KRX 인터넷 TOP 10 지수,한국,AI·테크,일반,20260812
241180,KR7241180009,TIGER 일본니케이225,미래에셋자산운용,0.29,396770000000,36070,35859.04,2016-03-31,주식,해외,실물(패시브),배당소득세(해외주식투자전용ETF),Nikkei 225,일본,기타,일반,20260812
465660,KR7465660009,TIGER 일본반도체FACTSET,미래에셋자산운용,0.49,34870500000,25830,25533.2,2023-09-19,주식,해외,실물(패시브),배당소득세(보유기간과세),FactSet Japan Semiconductor Index(PR),일본,반도체,일반,20260812
292560,KR7292560000,TIGER 일본엔선물,미래에셋자산운용,0.21,37192500000,8265,8214.34,2018-04-17,통화,국내,실물(패시브),배당소득세(보유기간과세),엔선물지수,한국,기타,일반,20260812
0025N0,KR70025N0008,TIGER TDF2045 적격,미래에셋자산운용,0.19,782300500000,12310,12276.75,2025-03-25,혼합자산,국내&해외,실물(패시브),배당소득세(보유기간과세),S&P Korea Target Date 2045 Global Index,글로벌,자산배분·TDF,일반,20260812
494670,KR7494670003,TIGER 조선TOP10,미래에셋자산운용,0.35,596618000000,23080,23086.68,2024-10-22,주식,국내,실물(패시브),비과세,iSelect 조선TOP10 Index(PR),한국,조선·기계,일반,20260812
150460,KR7150460004,TIGER 중국소비테마,미래에셋자산운용,0.5,58216800000,7640,7660.48,2011-12-16,주식,국내,실물(패시브),비과세,FnGuide 중국내수테마 지수,한국,기타,일반,20260812
0192Z0,KR70192Z0001,TIGER 중기종합채권(A-이상)액티브,미래에셋자산운용,0.06,192642600000,100860,100883.48,2026-05-19,채권,국내,실물(액티브),배당소득세(보유기간과세),NICE 중기종합채권(A-이상)(총수익지수),한국,채권·금리,일반,20260812
302190,KR7302190004,TIGER 중장기국채,미래에셋자산운용,0.13,191362900000,50095,50122.78,2018-07-20,채권,국내,실물(패시브),배당소득세(보유기간과세),KIS 국채 3-10년 지수(시장가격지수),한국,채권·금리,일반,20260812
157500,KR7157500000,TIGER 증권,미래에셋자산운용,0.4,238359600000,13140,13177.86,2012-05-16,주식,국내,실물(패시브),비과세,FnGuide 증권 지수,한국,금융,일반,20260812
307520,KR7307520007,TIGER 지주회사,미래에셋자산운용,0.5,276292500000,21670,21709.24,2018-11-08,주식,국내,실물(패시브),비과세,FnGuide 지주회사 지수,한국,기타,일반,20260812
117690,KR7117690008,TIGER 차이나항셍30,미래에셋자산운용,0.4,10125000000,20250,20487.83,2009-10-21,주식,해외,실물(패시브),배당소득세(해외주식투자전용ETF),Hang Seng China (Hong Kong-listed) 30 Index,중국,기타,일반,20260812
0067Y0,KR70067Y0004,TIGER 차이나AI소프트웨어,미래에셋자산운용,0.49,10404000000,11560,11617.81,2025-06-17,주식,해외,실물(패시브),배당소득세(보유기간과세),"Mirae Asset China AI Software 지수 (Price Return, HKD)",중국,AI·테크,일반,20260812
245360,KR7245360003,TIGER 차이나HSCEI,미래에셋자산운용,0.29,27068500000,12590,12724.15,2016-06-16,주식,해외,실물(패시브),배당소득세(해외주식투자전용ETF),Hang Seng China H,중국,기타,일반,20260812
414780,KR7414780007,TIGER 차이나과창판STAR50(합성),미래에셋자산운용,0.09,232089500000,14830,14803.6,2022-01-13,주식,해외,합성(패시브),배당소득세(보유기간과세),STAR 50 Index(Price Return),기타,기타,일반,20260812
0067V0,KR70067V0007,TIGER 차이나글로벌리더스TOP3+,미래에셋자산운용,0.49,25032000000,10430,10500.87,2025-06-17,주식,해외,실물(패시브),배당소득세(보유기간과세),"Solactive-KEDI 차이나글로벌리더스TOP3플러스 지수 (Price Return, CNH)",글로벌,기타,일반,20260812
371470,KR7371470006,TIGER 차이나바이오테크SOLACTIVE,미래에셋자산운용,0.49,49018600000,8945,9002.45,2020-12-08,주식,해외,실물(패시브),배당소득세(보유기간과세),Solactive China Biotech Index(PR),중국,바이오·헬스케어,일반,20260812
396520,KR7396520009,TIGER 차이나반도체FACTSET,미래에셋자산운용,0.49,595503600000,14610,14293.91,2021-08-10,주식,해외,실물(패시브),배당소득세(보유기간과세),FactSet China Semiconductor 지수(PR),중국,반도체,일반,20260812
371460,KR7371460007,TIGER 차이나전기차SOLACTIVE,미래에셋자산운용,0.49,798616000000,10970,11002.57,2020-12-08,주식,해외,실물(패시브),배당소득세(보유기간과세),Solactive China Electric Vehicle and Battery Index(PR),중국,2차전지,일반,20260812
456680,KR7456680008,TIGER 차이나전기차레버리지(합성),미래에셋자산운용,0.58,38205150000,7305,7291.91,2023-05-09,주식,해외,합성(패시브),배당소득세(보유기간과세),Solactive China Electric Vehicle and Battery Index(PR),중국,2차전지,일반,20260812
0133E0,KR70133E0008,TIGER 차이나증권,미래에셋자산운용,0.49,9308250000,8865,8962.21,2026-02-03,주식,해외,실물(패시브),배당소득세(보유기간과세),Solactive China Securities Index (Price Return),중국,기타,일반,20260812
396510,KR7396510000,TIGER 차이나클린에너지SOLACTIVE,미래에셋자산운용,0.49,14364880000,7807,7835.32,2021-08-10,주식,해외,실물(패시브),배당소득세(보유기간과세),Solactive China Clean Energy 지수(PR),중국,에너지·원자력,일반,20260812
0047A0,KR70047A0007,TIGER 차이나테크TOP10,미래에셋자산운용,0.49,204435000000,13275,13230.86,2025-05-13,주식,해외,실물(패시브),배당소득세(보유기간과세),Mirae Asset China Tech Top 10 지수 (Price Return),중국,AI·테크,일반,20260812
438320,KR7438320004,TIGER 차이나항셍테크레버리지(합성 H),미래에셋자산운용,0.58,24715700000,5630,5803.35,2022-08-23,주식,해외,합성(패시브),배당소득세(보유기간과세),Hang Seng TECH Index,중국,AI·테크,일반,20260812
371160,KR7371160003,TIGER 차이나항셍테크,미래에셋자산운용,0.09,604462250000,7385,7470.53,2020-12-16,주식,해외,실물(패시브),배당소득세(보유기간과세),Hang Seng TECH Index,중국,AI·테크,일반,20260812
0053L0,KR70053L0005,TIGER 차이나휴머노이드로봇,미래에셋자산운용,0.49,275355000000,10550,10589.34,2025-05-27,주식,해외,실물(패시브),배당소득세(보유기간과세),Mirae Asset China Humanoid Robot 지수(PR),중국,AI·테크,일반,20260812
0117V0,KR70117V0007,TIGER 코리아AI전력기기TOP3플러스,미래에셋자산운용,0.4,1004942750000,19015,19023.1,2025-10-21,주식,국내,실물(패시브),비과세,KEDI 코리아AI전력기기TOP3플러스 지수,한국,AI·테크,일반,20260812
292150,KR7292150000,TIGER 코리아TOP10,미래에셋자산운용,0.15,1958310000000,36265,36312.12,2018-03-30,주식,국내,실물(패시브),비과세,FnGuide TOP10 지수,한국,기타,일반,20260812
0104P0,KR70104P0000,TIGER 코리아배당다우존스위클리커버드콜,미래에셋자산운용,0.25,20160000000,11200,11158.32,2025-09-23,주식,국내,실물(패시브),배당소득세(보유기간과세),KRX 다우존스 코리아 배당 30 타겟 7% 위클리 커버드콜 지수,한국,배당주,커버드콜,20260812
0052D0,KR70052D0006,TIGER 코리아배당다우존스,미래에셋자산운용,0.25,345318500000,15590,15546.93,2025-05-20,주식,국내,실물(패시브),비과세,Dow Jones Korea Dividend 30 지수 (Price Return),한국,배당주,일반,20260812
496080,KR7496080003,TIGER 코리아밸류업,미래에셋자산운용,0.008,505537500000,31110,31190.22,2024-11-04,주식,국내,실물(패시브),비과세,코리아 밸류업 지수,한국,배당주,일반,20260812
0091P0,KR70091P0005,TIGER 코리아원자력,미래에셋자산운용,0.5,556717500000,16350,16356.07,2025-08-19,주식,국내,실물(패시브),비과세,iSelect 코리아 원자력 지수 (Price Return),한국,에너지·원자력,일반,20260812
0148J0,KR70148J0006,TIGER 코리아휴머노이드로봇산업,미래에셋자산운용,0.5,654225000000,9750,9754.49,2026-01-06,주식,국내,실물(패시브),비과세,KEDI 코리아 휴머노이드로봇산업 지수 (PR),한국,AI·테크,일반,20260812
233160,KR7233160001,TIGER 코스닥150 레버리지,미래에셋자산운용,0.32,194682000000,8520,8491.09,2015-12-17,주식,국내,실물(패시브),배당소득세(보유기간과세),코스닥 150,한국,광범위지수,일반,20260812
232080,KR7232080002,TIGER 코스닥150,미래에셋자산운용,0.19,1394870400000,14960,15015.72,2015-11-12,주식,국내,실물(패시브),비과세,코스닥 150,한국,광범위지수,일반,20260812
261060,KR7261060008,TIGER 코스닥150IT,미래에셋자산운용,0.4,27265800000,23505,23432.16,2016-12-15,주식,국내,실물(패시브),비과세,코스닥 150 정보기술,한국,광범위지수,일반,20260812
261070,KR7261070007,TIGER 코스닥150바이오테크,미래에셋자산운용,0.4,64079400000,13870,13845.64,2016-12-15,주식,국내,실물(패시브),비과세,코스닥 150 헬스케어,한국,바이오·헬스케어,일반,20260812
250780,KR7250780004,TIGER 코스닥150선물인버스,미래에셋자산운용,0.32,5148000000,2340,2352.43,2016-08-10,주식,국내,실물(패시브),배당소득세(보유기간과세),F-코스닥150 지수,한국,광범위지수,일반,20260812
461580,KR7461580003,TIGER 코스닥글로벌,미래에셋자산운용,0.15,10676250000,16425,16481.12,2023-06-29,주식,국내,실물(패시브),비과세,코스닥 글로벌 지수,한국,광범위지수,일반,20260812
0204S0,KR70204S0006,TIGER 코스닥액티브,미래에셋자산운용,0.5,31812600000,7165,7167.46,2026-06-02,주식,국내,실물(액티브),배당소득세(보유기간과세),코스닥,한국,광범위지수,일반,20260812
277640,KR7277640009,TIGER 코스피대형주,미래에셋자산운용,0.24,64737000000,35965,35902.13,2017-08-31,주식,국내,실물(패시브),비과세,코스피 대형주,한국,광범위지수,일반,20260812
277650,KR7277650008,TIGER 코스피중형주,미래에셋자산운용,0.24,4202000000,21010,20937.58,2017-08-31,주식,국내,실물(패시브),비과세,코스피 중형주,한국,광범위지수,일반,20260812
277630,KR7277630000,TIGER 코스피,미래에셋자산운용,0.12,448609500000,68490,68609.29,2017-08-31,주식,국내,실물(패시브),비과세,코스피,한국,광범위지수,일반,20260812
376410,KR7376410007,TIGER 탄소효율그린뉴딜,미래에셋자산운용,0.09,21285000000,23650,23657.66,2021-02-05,주식,국내,실물(패시브),비과세,KRX/S&P 탄소효율 그린뉴딜지수,한국,기타,일반,20260812
447770,KR7447770009,TIGER 테슬라채권혼합Fn,미래에셋자산운용,0.25,434880000000,13590,13611.52,2022-11-29,혼합자산,국내&해외,실물(패시브),배당소득세(보유기간과세),FnGuide 테슬라채권혼합 지수,미국,개별종목,혼합,20260812
0060H0,KR70060H0002,TIGER 토탈월드스탁액티브,미래에셋자산운용,0.25,398240000000,13100,13085.55,2025-06-24,주식,해외,실물(액티브),배당소득세(보유기간과세),FTSE Global All Cap Index(PR),글로벌,기타,일반,20260812
387280,KR7387280001,TIGER 퓨처모빌리티액티브,미래에셋자산운용,0.77,15552000000,11520,11482.48,2021-05-25,주식,국내,실물(액티브),배당소득세(보유기간과세),FnGuide 퓨처모빌리티 지수,한국,자동차,일반,20260812
449690,KR7449690007,TIGER 한중반도체(합성),미래에셋자산운용,0.35,36888750000,49185,47642.08,2022-12-22,주식,국내&해외,합성(패시브),배당소득세(보유기간과세),KRX CSI 한·중 반도체지수,중국,반도체,일반,20260812
449680,KR7449680008,TIGER 한중전기차(합성),미래에셋자산운용,0.35,9579500000,11270,11114.9,2022-12-22,주식,국내&해외,합성(패시브),배당소득세(보유기간과세),KRX CSI 한·중 전기차지수,중국,자동차,일반,20260812
143860,KR7143860005,TIGER 헬스케어,미래에셋자산운용,0.4,163413000000,40650,40585.69,2011-07-18,주식,국내,실물(패시브),비과세,KRX 헬스케어,한국,바이오·헬스케어,일반,20260812
138540,KR7138540000,TIGER 현대차그룹플러스,미래에셋자산운용,0.15,680902800000,52620,52563.83,2011-03-10,주식,국내,실물(패시브),비과세,MKF 현대차그룹+ FW,한국,개별종목,일반,20260812
228790,KR7228790002,TIGER 화장품,미래에셋자산운용,0.5,268107300000,4555,4592.22,2015-10-07,주식,국내,실물(패시브),비과세,WISE 화장품 지수,한국,소비재,일반,20260812
394670,KR7394670004,TIGER 글로벌리튬&2차전지SOLACTIVE(합성),미래에셋자산운용,0.49,207146800000,11690,11630.0,2021-07-20,주식,해외,합성(패시브),배당소득세(보유기간과세),Solactive Global Lithium 지수(PR),글로벌,2차전지,일반,20260812
394660,KR7394660005,TIGER 글로벌자율주행&전기차SOLACTIVE,미래에셋자산운용,0.49,109289600000,16660,16749.01,2021-07-20,주식,해외,실물(패시브),배당소득세(보유기간과세),Solactive Autonomous & Electric Vehicles 지수(PR),기타,기타,일반,20260812
276000,KR7276000007,TIGER 글로벌자원생산기업(합성 H),미래에셋자산운용,0.4,17556750000,20655,20481.65,2017-08-01,주식,해외,합성(패시브),배당소득세(보유기간과세),MorningStar Global Upstream Resources Index(PR),글로벌,기타,일반,20260812
449170,KR7449170000,TIGER KOFR금리액티브(합성),미래에셋자산운용,0.03,2435682250000,111575,111563.72,2022-11-30,기타,국내,합성(액티브),배당소득세(보유기간과세),KOFR 지수,한국,채권·금리,일반,20260812
458750,KR7458750007,TIGER 미국배당다우존스타겟커버드콜1호,미래에셋자산운용,0.39,68238000000,13380,13308.35,2023-06-20,주식,해외,실물(패시브),배당소득세(보유기간과세),DowJones U.S. Dividend 100 3% Premium Covered Call 지수 (TR),미국,배당주,커버드콜,20260812
471780,KR7471780007,TIGER 코리아테크액티브,미래에셋자산운용,0.77,254412000000,33300,33355.41,2023-11-28,주식,국내,실물(액티브),배당소득세(보유기간과세),KRX 정보기술,한국,기타,일반,20260812
139260,KR7139260004,TIGER 200 IT,미래에셋자산운용,0.4,2594032000000,128800,128825.86,2011-04-06,주식,국내,실물(패시브),비과세,코스피 200 정보기술,한국,광범위지수,일반,20260812
139220,KR7139220008,TIGER 200 건설,미래에셋자산운용,0.4,130699800000,7590,7580.68,2011-04-06,주식,국내,실물(패시브),비과세,코스피 200 건설,한국,조선·기계,일반,20260812
139290,KR7139290001,TIGER 200 경기소비재,미래에셋자산운용,0.4,6860100000,26385,26430.11,2011-04-06,주식,국내,실물(패시브),비과세,코스피 200 경기소비재,한국,소비재,일반,20260812
139270,KR7139270003,TIGER 200 금융,미래에셋자산운용,0.4,30764400000,16540,16566.98,2011-04-06,주식,국내,실물(패시브),비과세,코스피 200 금융,한국,금융,일반,20260812
139250,KR7139250005,TIGER 200 에너지화학,미래에셋자산운용,0.34,23854400000,17540,17481.73,2011-04-06,주식,국내,실물(패시브),비과세,코스피 200 에너지/화학,한국,에너지·원자력,일반,20260812
139230,KR7139230007,TIGER 200 중공업,미래에셋자산운용,0.34,265016800000,13480,13530.35,2011-04-06,주식,국내,실물(패시브),비과세,코스피 200 중공업,한국,조선·기계,일반,20260812
139240,KR7139240006,TIGER 200 철강소재,미래에셋자산운용,0.34,8704000000,10880,10881.38,2011-04-06,주식,국내,실물(패시브),비과세,코스피 200 철강/소재,한국,광범위지수,일반,20260812
289480,KR7289480006,TIGER 200커버드콜,미래에셋자산운용,0.38,27462000000,11940,12054.27,2018-02-09,주식,국내,실물(패시브),배당소득세(보유기간과세),코스피 200 커버드콜 ATM 지수,한국,광범위지수,커버드콜,20260812
228820,KR7228820007,TIGER KTOP30,미래에셋자산운용,0.21,19346250000,18425,18420.12,2015-10-14,주식,국내,실물(패시브),비과세,KTOP 30,한국,기타,일반,20260812
463250,KR7463250001,TIGER K방산&우주,미래에셋자산운용,0.45,555000000000,37000,37049.68,2023-07-25,주식,국내,실물(패시브),비과세,iSelect K방산&우주,한국,방산·우주,일반,20260812
225060,KR7225060003,TIGER 이머징마켓MSCI레버리지(합성 H),미래에셋자산운용,0.58,16785100000,15835,15674.52,2015-07-29,주식,해외,합성(패시브),배당소득세(보유기간과세),MSCI EM Index,신흥국,광범위지수,일반,20260812
182480,KR7182480004,TIGER 미국MSCI리츠(합성 H),미래에셋자산운용,0.24,129156000000,13740,13757.3,2013-10-10,부동산,해외,합성(패시브),배당소득세(분리과세부동산ETF),MSCI US REIT Index,미국,리츠·부동산,일반,20260812
225040,KR7225040005,TIGER 미국S&P500레버리지(합성 H),미래에셋자산운용,0.27,56452900000,68845,68616.54,2015-07-29,주식,해외,합성(패시브),배당소득세(보유기간과세),S&P 500,미국,광범위지수,일반,20260812
225030,KR7225030006,TIGER 미국S&P500선물인버스(H),미래에셋자산운용,0.59,3808000000,2240,2239.9,2015-07-29,주식,해외,실물(패시브),배당소득세(보유기간과세),S&P 500 Futures Total Return Index,미국,광범위지수,일반,20260812
451530,KR7451530000,TIGER 국고채30년스트립액티브,미래에셋자산운용,0.15,138725190000,33885,33884.74,2023-02-01,채권,국내,실물(액티브),배당소득세(보유기간과세),KIS STRIP 30Y Index(총수익지수),한국,기타,일반,20260812
491010,KR7491010005,TIGER 글로벌AI전력인프라액티브,미래에셋자산운용,0.49,656114000000,26140,25831.91,2024-09-10,주식,해외,실물(액티브),배당소득세(보유기간과세),Mirae Asset AI Infrastructure 지수(PR),기타,AI·테크,일반,20260812
412770,KR7412770000,TIGER 글로벌AI플랫폼액티브,미래에셋자산운용,0.79,78835050000,12945,12941.43,2021-12-22,주식,해외,실물(액티브),배당소득세(보유기간과세),Indxx Global Metaverse Index (Price Return),글로벌,기타,일반,20260812
203780,KR7203780002,TIGER 미국나스닥바이오,미래에셋자산운용,0.3,100237800000,35295,35146.5,2014-08-27,주식,해외,실물(패시브),배당소득세(해외주식투자전용ETF),NASDAQ Biotechnology 지수(시장가격지수),미국,AI·테크,일반,20260812
182490,KR7182490003,TIGER 단기선진하이일드(합성 H),미래에셋자산운용,0.24,8331000000,13885,13860.06,2014-03-24,채권,해외,합성(패시브),배당소득세(보유기간과세),iBoxx USD Liquid High Yield 0-5 year Index,기타,기타,일반,20260812
174350,KR7174350009,TIGER 로우볼,미래에셋자산운용,0.4,8675100000,20655,20787.12,2013-06-20,주식,국내,실물(패시브),비과세,FnGuide Low Vol 지수,한국,기타,일반,20260812
275980,KR7275980001,TIGER 글로벌4차산업혁신기술(합성 H),미래에셋자산운용,0.4,59575700000,23455,23625.75,2017-08-01,주식,해외,합성(패시브),배당소득세(보유기간과세),Morningstar Exponential Technologies Equal Weighted Select PR USD,기타,기타,일반,20260812
476550,KR7476550009,TIGER 미국30년국채커버드콜액티브(H),미래에셋자산운용,0.39,780669000000,6830,6827.8,2024-02-27,채권,해외,실물(액티브),배당소득세(보유기간과세),KEDI 미국채30년 위클리 커버드콜30 지수(Total Return),미국,채권·금리,커버드콜,20260812
482730,KR7482730009,TIGER 미국S&P500타겟데일리커버드콜,미래에셋자산운용,0.25,652498000000,12265,12245.33,2024-05-21,주식,해외,실물(패시브),배당소득세(보유기간과세),S&P500 10% Daily Premium Covered Call Index(TR),미국,광범위지수,커버드콜,20260812
486290,KR7486290000,TIGER 미국나스닥100타겟데일리커버드콜,미래에셋자산운용,0.25,2355399000000,10935,10901.05,2024-06-25,주식,해외,실물(패시브),배당소득세(보유기간과세),NASDAQ 100 Daily Covered Call Target Premium 15% 지수(TR),미국,광범위지수,커버드콜,20260812
458760,KR7458760006,TIGER 미국배당다우존스타겟커버드콜2호,미래에셋자산운용,0.39,711700500000,11270,11269.65,2023-06-20,주식,해외,실물(패시브),배당소득세(보유기간과세),DowJones U.S. Dividend 100 7% Premium Covered Call 지수 (TR),미국,배당주,커버드콜,20260812
474220,KR7474220001,TIGER 미국테크TOP10타겟커버드콜,미래에셋자산운용,0.5,433791500000,15410,15250.96,2024-01-16,주식,해외,실물(패시브),배당소득세(보유기간과세),Bloomberg U.S. Tech Top10+10% Premium Covered Call Index,미국,AI·테크,커버드콜,20260812
211560,KR7211560008,TIGER 배당성장,미래에셋자산운용,0.115,74287500000,35375,35451.91,2014-12-17,주식,국내,실물(패시브),비과세,코스피 배당성장 50,한국,배당주,일반,20260812
472150,KR7472150002,TIGER 배당커버드콜액티브,미래에셋자산운용,0.5,2260822250000,19685,19732.2,2023-12-12,주식,국내,실물(액티브),배당소득세(보유기간과세),코스피 200 커버드콜 5% OTM,한국,광범위지수,커버드콜,20260812
438330,KR7438330003,TIGER 우량회사채액티브,미래에셋자산운용,0.1,535943200000,115505,115558.24,2022-08-23,채권,국내,실물(액티브),배당소득세(보유기간과세),KIS 투자등급회사채 지수(총수익),한국,채권·금리,일반,20260812
217770,KR7217770007,TIGER 원유선물인버스(H),미래에셋자산운용,0.69,20522250000,1303,1305.62,2015-04-29,원자재,해외,실물(패시브),배당소득세(보유기간과세),S&P GSCI Crude Oil Index ER,글로벌,에너지·원자력,일반,20260812
225050,KR7225050004,TIGER 유로스탁스레버리지(합성 H),미래에셋자산운용,0.58,7740000000,17200,17356.82,2015-07-29,주식,해외,합성(패시브),배당소득세(보유기간과세),EURO STOXX 50 Index,유럽,광범위지수,일반,20260812
195930,KR7195930003,TIGER 유로스탁스50(합성 H),미래에셋자산운용,0.24,38632000000,24145,24110.99,2014-04-30,주식,해외,합성(패시브),배당소득세(보유기간과세),EURO STOXX 50 Index,유럽,광범위지수,일반,20260812
195920,KR7195920004,TIGER 일본TOPIX(합성 H),미래에셋자산운용,0.24,17792500000,35585,35385.43,2014-04-30,주식,해외,합성(패시브),배당소득세(보유기간과세),TOPIX,일본,광범위지수,일반,20260812
451540,KR7451540009,TIGER 종합채권(AA-이상)액티브,미래에셋자산운용,0.03,999325340000,52585,52628.79,2023-02-01,채권,국내,실물(액티브),배당소득세(보유기간과세),KIS 종합채권 AA-이상 총수익 지수(Total return Index),한국,채권·금리,일반,20260812
204480,KR7204480008,TIGER 차이나CSI300레버리지(합성),미래에셋자산운용,0.58,99324000000,26700,26788.14,2014-09-01,주식,해외,합성(패시브),배당소득세(보유기간과세),CSI 300 Index,중국,광범위지수,일반,20260812
217780,KR7217780006,TIGER 차이나CSI300인버스(합성),미래에셋자산운용,0.58,8145250000,5255,5309.09,2015-06-10,주식,해외,합성(패시브),배당소득세(보유기간과세),CSI 300 Index,중국,광범위지수,일반,20260812
192090,KR7192090009,TIGER 차이나CSI300,미래에셋자산운용,0.63,137641000000,12985,12951.95,2014-02-17,주식,해외,실물(패시브),배당소득세(해외주식투자전용ETF),CSI 300 Index,중국,광범위지수,일반,20260812
210780,KR7210780003,TIGER 코스피고배당,미래에셋자산운용,0.24,76329000000,23130,23164.65,2014-12-05,주식,국내,실물(패시브),비과세,코스피 고배당 50,한국,배당주,일반,20260812
423920,KR7423920008,TIGER 미국필라델피아반도체레버리지(합성),미래에셋자산운용,0.58,644016800000,93880,92289.94,2022-04-19,주식,해외,합성(패시브),배당소득세(보유기간과세),PHLX Semiconductor Sector Index,미국,반도체,일반,20260812
0098Z0,KR70098Z0006,FOCUS 200,브이아이자산운용,0.05,65782500000,87710,88387.32,2025-09-23,주식,국내,실물(패시브),비과세,코스피 200,한국,광범위지수,일반,20260812
0176P0,KR70176P0003,FOCUS AI반도체위클리고정커버드콜,브이아이자산운용,0.3,6107500000,12215,12167.46,2026-04-07,주식,국내,실물(패시브),배당소득세(보유기간과세),AI 반도체 위클리 고정 30% 커버드콜 지수,한국,반도체,커버드콜,20260812
448570,KR7448570002,FOCUS AI코리아액티브,브이아이자산운용,0.455,40081500000,29690,29697.94,2022-11-15,주식,국내,실물(액티브),배당소득세(보유기간과세),코스피,한국,광범위지수,일반,20260812
0073X0,KR70073X0007,FOCUS 알리바바미국채커버드콜혼합,브이아이자산운용,0.36,5194750000,9445,9503.65,2025-07-01,혼합자산,해외,실물(패시브),배당소득세(보유기간과세),KEDI 알리바바미국채커버드콜혼합지수(TR),미국,채권·금리,커버드콜,20260812
285690,KR7285690004,FOCUS ESG리더스,브이아이자산운용,0.1,7491750000,21405,21346.68,2017-12-13,주식,국내,실물(패시브),비과세,KRX ESG Leaders 150,한국,광범위지수,일반,20260812
278530,KR7278530001,KODEX 200TR,삼성자산운용,0.05,7465911750000,37395,37470.77,2017-11-21,주식,국내,실물(패시브),배당소득세(보유기간과세),코스피 200 TR,한국,광범위지수,일반,20260812
226980,KR7226980001,KODEX 200 중소형,삼성자산운용,0.3,20403000000,22670,22583.44,2015-09-01,주식,국내,실물(패시브),비과세,코스피 200 중소형주지수,한국,광범위지수,일반,20260812
337160,KR7337160006,KODEX 200ESG,삼성자산운용,0.09,159582500000,45595,45523.7,2019-11-14,주식,국내,실물(패시브),비과세,코스피 200 ESG 지수,한국,광범위지수,일반,20260812
363580,KR7363580002,KODEX 200IT TR,삼성자산운용,0.15,234630000000,52140,52144.37,2020-09-25,주식,국내,실물(패시브),배당소득세(보유기간과세),코스피200 정보기술 TR,한국,광범위지수,일반,20260812
337150,KR7337150007,KODEX 200exTOP,삼성자산운용,0.3,15237000000,25395,25350.85,2019-11-14,주식,국내,실물(패시브),비과세,코스피 200 초대형제외 지수,한국,광범위지수,일반,20260812
223190,KR7223190000,KODEX 200가치저변동,삼성자산운용,0.3,27800000000,27800,27814.38,2015-06-26,주식,국내,실물(패시브),비과세,코스피 200 가치저변동성,한국,광범위지수,일반,20260812
237350,KR7237350004,KODEX 코스피100,삼성자산운용,0.15,934445500000,82330,82449.0,2016-01-27,주식,국내,실물(패시브),비과세,코스피 100,한국,광범위지수,일반,20260812
252650,KR7252650007,KODEX 200동일가중,삼성자산운용,0.25,11154000000,18590,18606.05,2016-09-20,주식,국내,실물(패시브),비과세,코스피 200 동일가중지수,한국,광범위지수,일반,20260812
360140,KR7360140008,KODEX 200롱코스닥150숏선물,삼성자산운용,0.64,45485000000,20675,20716.81,2020-08-21,주식,국내,실물(패시브),배당소득세(보유기간과세),코스피200 롱 100% 코스닥150 숏 100% 선물지수,한국,광범위지수,일반,20260812
284430,KR7284430006,KODEX 200미국채혼합50,삼성자산운용,0.35,2019344000000,20690,20690.58,2017-11-30,혼합자산,국내&해외,실물(패시브),배당소득세(보유기간과세),코스피 200 미국채 혼합지수,미국,채권·금리,혼합,20260812
252670,KR7252670005,KODEX 200선물인버스2X,삼성자산운용,0.64,672910200000,87,86.15,2016-09-22,주식,국내,실물(패시브),배당소득세(보유기간과세),코스피 200 선물지수,한국,광범위지수,일반,20260812
494890,KR7494890007,KODEX 200액티브,삼성자산운용,0.15,1041600000000,29760,29811.34,2024-10-29,주식,국내,실물(액티브),배당소득세(보유기간과세),코스피 200,한국,광범위지수,일반,20260812
0219E0,KR70219E0005,KODEX 200커버드콜액티브,삼성자산운용,0.5,502628000000,8120,8127.45,2026-07-14,주식,국내,실물(액티브),배당소득세(보유기간과세),코스피 200 커버드콜 5% OTM,한국,광범위지수,커버드콜,20260812
498400,KR7498400001,KODEX 200타겟위클리커버드콜,삼성자산운용,0.39,5610969000000,19890,19590.16,2024-12-03,주식,국내,실물(패시브),배당소득세(보유기간과세),코스피 200 타겟 15% 위클리 커버드콜 지수,한국,광범위지수,커버드콜,20260812
0117L0,KR70117L0009,KODEX 26-12 금융채(AA-이상)액티브,삼성자산운용,0.09,951803900000,10145,10139.18,2025-10-28,채권,국내,실물(액티브),배당소득세(보유기간과세),KAP 26-12 금융채 총수익 지수(AA-이상),한국,금융,일반,20260812
473290,KR7473290005,KODEX 26-12 회사채(AA-이상)액티브,삼성자산운용,0.09,495987250000,10865,10863.61,2023-12-12,채권,국내,실물(액티브),배당소득세(보유기간과세),KAP 26-12 회사채 총수익 지수(AA-이상),한국,채권·금리,일반,20260812
0007F0,KR70007F0000,KODEX 27-12 회사채(AA-이상)액티브,삼성자산운용,0.09,553758450000,10185,10173.33,2025-01-14,채권,국내,실물(액티브),배당소득세(보유기간과세),KAP 27-12 회사채 총수익 지수(AA-이상),한국,채권·금리,일반,20260812
0119H0,KR70119H0003,KODEX 28-12 회사채(AA-이상)액티브,삼성자산운용,0.09,229283700000,9930,9921.39,2025-11-04,채권,국내,실물(액티브),배당소득세(보유기간과세),KAP 28-12 회사채 총수익 지수(AA- 이상),한국,채권·금리,일반,20260812
462330,KR7462330002,KODEX 2차전지산업레버리지,삼성자산운용,0.49,697506000000,1010,1010.15,2023-07-04,주식,국내,실물(패시브),배당소득세(보유기간과세),FnGuide 2차전지 산업 지수,한국,2차전지,일반,20260812
305720,KR7305720005,KODEX 2차전지산업,삼성자산운용,0.45,1644500000000,14300,14344.42,2018-09-12,주식,국내,실물(패시브),비과세,FnGuide 2차전지 산업 지수,한국,2차전지,일반,20260812
461950,KR7461950008,KODEX 2차전지핵심소재10,삼성자산운용,0.39,163423000000,4835,4832.81,2023-07-04,주식,국내,실물(패시브),비과세,FnGuide 2차전지핵심소재10 지수,한국,2차전지,일반,20260812
457690,KR7457690006,KODEX 33-06 국고채액티브,삼성자산운용,0.15,23625000000,10500,10506.1,2023-05-31,채권,국내,실물(액티브),배당소득세(보유기간과세),KAP 33-06 국고채 총수익 지수,한국,채권·금리,일반,20260812
271060,KR7271060006,KODEX 3대농산물선물(H),삼성자산운용,0.55,29384850000,8095,7995.61,2017-06-13,원자재,해외,실물(패시브),배당소득세(보유기간과세),S&P GSCI Grains Select Index ER,글로벌,기타,일반,20260812
457700,KR7457700003,KODEX 53-09 국고채액티브,삼성자산운용,0.15,11847000000,8975,8975.55,2023-05-31,채권,국내,실물(액티브),배당소득세(보유기간과세),KAP 53-09 국고채 총수익 지수,한국,채권·금리,일반,20260812
395160,KR7395160005,KODEX AI반도체TOP2플러스,삼성자산운용,0.45,3778663500000,37155,37138.17,2021-07-30,주식,국내,실물(패시브),비과세,FnGuide AI반도체 TOP2+ 지수,한국,반도체,일반,20260812
471990,KR7471990002,KODEX AI반도체핵심장비,삼성자산운용,0.39,365038500000,22395,22444.77,2023-11-21,주식,국내,실물(패시브),비과세,iSelect AI 반도체핵심장비 지수,한국,반도체,일반,20260812
487240,KR7487240004,KODEX AI전력핵심설비,삼성자산운용,0.39,3220875000000,36810,36847.71,2024-07-09,주식,국내,실물(패시브),비과세,iSelect AI 전력핵심설비 지수(Price Return),한국,AI·테크,일반,20260812
481050,KR7481050003,KODEX CD1년금리플러스액티브(합성),삼성자산운용,0.05,2584737550500,1022565,1022482.71,2024-04-23,기타,국내,합성(액티브),배당소득세(보유기간과세),KAP 1년은행 CD+추가금리 지수(총수익지수),한국,금융,일반,20260812
459580,KR7459580007,KODEX CD금리액티브(합성),삼성자산운용,0.02,6631860847500,1074525,1074563.79,2023-06-08,기타,국내,합성(액티브),배당소득세(보유기간과세),KAP 양도성예금증서(CD)금리지수(총수익지수),한국,채권·금리,일반,20260812
439860,KR7439860008,KODEX ESG종합채권(A-이상)액티브,삼성자산운용,0.07,352159470000,113490,113557.02,2022-08-23,채권,국내,실물(액티브),배당소득세(보유기간과세),"KAP ESG 종합채권지수(A- 이상, 총수익)",한국,채권·금리,일반,20260812
266370,KR7266370006,KODEX IT,삼성자산운용,0.45,106964000000,62920,63058.74,2017-03-28,주식,국내,실물(패시브),비과세,KRX 정보기술,한국,기타,일반,20260812
101280,KR7101280006,KODEX 일본TOPIX100,삼성자산운용,0.19,53592500000,31525,31055.82,2008-02-20,주식,해외,실물(패시브),배당소득세(해외주식투자전용ETF),TOPIX100,일본,광범위지수,일반,20260812
368680,KR7368680005,KODEX K-뉴딜디지털플러스,삼성자산운용,0.09,7389000000,8210,8185.39,2020-11-10,주식,국내,실물(패시브),비과세,FnGuide K-뉴딜 디지털 플러스 지수,한국,AI·테크,일반,20260812
423160,KR7423160001,KODEX KOFR금리액티브(합성),삼성자산운용,0.05,3640516850000,110755,110743.84,2022-04-26,기타,국내,합성(액티브),배당소득세(보유기간과세),KOFR 지수,한국,채권·금리,일반,20260812
306950,KR7306950007,KODEX KRX300레버리지,삼성자산운용,0.64,57040000000,71300,71477.23,2018-10-16,주식,국내,실물(패시브),배당소득세(보유기간과세),KRX 300,한국,광범위지수,일반,20260812
292190,KR7292190006,KODEX KRX300,삼성자산운용,0.05,68857500000,45905,45849.51,2018-03-26,주식,국내,실물(패시브),비과세,KRX 300,한국,광범위지수,일반,20260812
229720,KR7229720008,KODEX KTOP30,삼성자산운용,0.25,18295000000,36590,36503.67,2015-10-14,주식,국내,실물(패시브),비과세,KTOP 30,한국,기타,일반,20260812
266360,KR7266360007,KODEX K콘텐츠,삼성자산운용,0.45,33120000000,10350,10348.01,2017-03-28,주식,국내,실물(패시브),비과세,KRX K콘텐츠,한국,게임·엔터,일반,20260812
289040,KR7289040008,KODEX MSCI KOREA ESG유니버설,삼성자산운용,0.3,19167000000,31945,31952.95,2018-02-07,주식,국내,실물(패시브),비과세,MSCI Korea ESG Universal Capped Index,한국,광범위지수,일반,20260812
156080,KR7156080004,KODEX MSCI Korea,삼성자산운용,0.09,29550000000,49250,49248.3,2012-04-30,주식,국내,실물(패시브),비과세,MSCI Korea Index,한국,광범위지수,일반,20260812
278540,KR7278540000,KODEX MSCI Korea TR,삼성자산운용,0.09,2250313000000,36830,36780.16,2017-11-09,주식,국내,실물(패시브),배당소득세(보유기간과세),MSCI Korea TR Index,한국,광범위지수,일반,20260812
251350,KR7251350005,KODEX MSCI선진국,삼성자산운용,0.3,516375000000,40500,40370.38,2016-08-17,주식,해외,실물(패시브),배당소득세(해외주식투자전용ETF),MSCI World,글로벌,광범위지수,일반,20260812
269420,KR7269420006,KODEX S&P글로벌인프라(합성),삼성자산운용,0.26,24236400000,22800,23011.34,2017-05-16,주식,해외,합성(패시브),배당소득세(보유기간과세),S&P Global Infrastructure Index,글로벌,기타,일반,20260812
291890,KR7291890002,KODEX MSCI EM선물(H),삼성자산운용,0.45,6070000000,12140,12083.84,2018-03-23,주식,해외,실물(패시브),배당소득세(보유기간과세),iEdge Emerging Markets Futures Index(ER),신흥국,기타,일반,20260812
0193T0,KR70193T0008,KODEX SK하이닉스단일종목레버리지,삼성자산운용,0.29,2136032500000,8225,8266.03,2026-05-27,주식,국내,실물(패시브),배당소득세(보유기간과세),KRX SK하이닉스 지수,한국,개별종목,일반,20260812
329650,KR7329650006,KODEX TRF3070,삼성자산운용,0.24,234795000000,14230,14221.4,2019-07-04,혼합자산,국내&해외,실물(패시브),배당소득세(보유기간과세),FnGuide TRF 3070 지수,국내+해외,기타,일반,20260812
329660,KR7329660005,KODEX TRF5050,삼성자산운용,0.17,85258000000,18140,18134.69,2019-07-04,혼합자산,국내&해외,실물(패시브),배당소득세(보유기간과세),FnGuide TRF 5050 지수,국내+해외,기타,일반,20260812
329670,KR7329670004,KODEX TRF7030,삼성자산운용,0.1,90060000000,22515,22502.47,2019-07-04,혼합자산,국내&해외,실물(패시브),배당소득세(보유기간과세),FnGuide TRF 7030 지수,국내+해외,기타,일반,20260812
395170,KR7395170004,KODEX Top10동일가중,삼성자산운용,0.15,30930000000,15465,15422.0,2021-07-30,주식,국내,실물(패시브),비과세,FnGuide TOP10 동일가중 지수,한국,기타,일반,20260812
315930,KR7315930008,KODEX Top5PlusTR,삼성자산운용,0.15,947818000000,77690,77788.77,2019-01-22,주식,국내,실물(패시브),배당소득세(보유기간과세),FnGuide TOP 5 Plus Total Return 지수,한국,기타,일반,20260812
271050,KR7271050007,KODEX WTI원유선물인버스(H),삼성자산운용,0.35,131622750000,2055,2058.02,2017-06-13,원자재,해외,실물(패시브),배당소득세(보유기간과세),S&P GSCI Crude Oil Index ER,글로벌,에너지·원자력,일반,20260812
261220,KR7261220008,KODEX WTI원유선물(H),삼성자산운용,0.35,52492500000,23330,23108.17,2016-12-27,원자재,해외,실물(패시브),배당소득세(보유기간과세),S&P GSCI Crude Oil Index ER,글로벌,에너지·원자력,일반,20260812
468380,KR7468380001,KODEX iShares미국하이일드액티브,삼성자산운용,0.15,95722200000,11235,11228.19,2023-10-19,채권,해외,실물(액티브),배당소득세(보유기간과세),ICE BofAML US HY Constrained Index(Total Return),미국,기타,일반,20260812
275290,KR7275290005,KODEX 가치주,삼성자산운용,0.3,28939500000,32155,32327.68,2017-07-11,주식,국내,실물(패시브),비과세,MSCI Korea IMI Enhanced Value Capped,한국,광범위지수,일반,20260812
300950,KR7300950003,KODEX 게임산업,삼성자산운용,0.45,23636500000,5765,5759.38,2018-07-24,주식,국내,실물(패시브),비과세,FnGuide 게임 산업 지수,한국,게임·엔터,일반,20260812
266390,KR7266390004,KODEX 경기소비재,삼성자산운용,0.45,13347000000,14830,14869.28,2017-03-28,주식,국내,실물(패시브),비과세,KRX 경기소비재,한국,소비재,일반,20260812
279530,KR7279530000,KODEX 고배당주,삼성자산운용,0.3,335620000000,17300,17326.7,2017-10-17,주식,국내,실물(패시브),비과세,FnGuide 고배당 Plus 지수,한국,배당주,일반,20260812
280940,KR7280940008,KODEX 골드선물인버스(H),삼성자산운용,0.45,2744000000,3430,3439.83,2017-11-09,원자재,해외,실물(패시브),배당소득세(보유기간과세),S&P GSCI GOLD Index Excess Return,글로벌,원자재·금,일반,20260812
132030,KR7132030008,KODEX 골드선물(H),삼성자산운용,0.68,347988000000,24680,24628.72,2010-10-01,원자재,해외,실물(패시브),배당소득세(보유기간과세),S&P GSCI Gold Index(TR),글로벌,원자재·금,일반,20260812
138910,KR7138910005,KODEX 구리선물(H),삼성자산운용,0.68,33544500000,10165,10149.2,2011-03-15,원자재,해외,실물(패시브),배당소득세(보유기간과세),S&P GSCI North American Copper Index(TR),글로벌,원자재·금,일반,20260812
471230,KR7471230003,KODEX 국고채10년액티브,삼성자산운용,0.015,462622000000,103960,104035.91,2023-11-14,채권,국내,실물(액티브),배당소득세(보유기간과세),KAP 국고채 10년 지수(TR),한국,채권·금리,일반,20260812
439870,KR7439870007,KODEX 국고채30년액티브,삼성자산운용,0.05,401644840000,85420,85362.33,2022-08-23,채권,국내,실물(액티브),배당소득세(보유기간과세),KAP 국고채 30년 총수익 지수,한국,채권·금리,일반,20260812
114260,KR7114260003,KODEX 국고채3년,삼성자산운용,0.15,509108400000,61800,61819.54,2009-07-29,채권,국내,실물(패시브),배당소득세(보유기간과세),MKF 국고채지수(총수익),한국,채권·금리,일반,20260812
292770,KR7292770005,KODEX 국채선물3년인버스,삼성자산운용,0.07,36281700000,57590,57573.27,2018-04-13,채권,국내,실물(패시브),배당소득세(보유기간과세),국채선물지수,한국,채권·금리,일반,20260812
276990,KR7276990009,KODEX 글로벌로봇(합성),삼성자산운용,0.3,48303300000,27290,27281.33,2017-08-17,주식,국내&해외,합성(패시브),배당소득세(보유기간과세),ROBO Global Robotics & Automation UCITS Price Return Index,글로벌,AI·테크,일반,20260812
476070,KR7476070008,KODEX 글로벌비만치료제TOP2 Plus,삼성자산운용,0.45,31279500000,11585,11654.83,2024-02-14,주식,해외,실물(패시브),배당소득세(보유기간과세),iSelect 글로벌 비만치료제TOP2 Plus 지수(PR),글로벌,바이오·헬스케어,일반,20260812
0064K0,KR70064K0003,KODEX 금액티브,삼성자산운용,0.3,157011500000,13030,12976.97,2025-06-17,원자재,해외,실물(액티브),배당소득세(보유기간과세),Bloomberg Gold Spot NY 4pm USD Index,기타,원자재·금,일반,20260812
0089D0,KR70089D0003,KODEX 금융고배당TOP10,삼성자산운용,0.3,213354000000,13170,13103.24,2025-08-12,주식,국내,실물(패시브),비과세,코스피 200 금융 고배당 TOP 10 지수,한국,금융,일반,20260812
498410,KR7498410000,KODEX 금융고배당TOP10타겟위클리커버드콜,삼성자산운용,0.39,793105500000,11715,11668.85,2024-12-17,주식,국내,실물(패시브),배당소득세(보유기간과세),코스피 200 금융 고배당 TOP 10 타겟 15%분배 위클리 커버드콜 지수,한국,금융,커버드콜,20260812
0162M0,KR70162M0002,KODEX 금융채1~2년(AA-이상)PLUS액티브,삼성자산운용,0.09,461077650000,10065,10057.79,2026-02-26,채권,국내,실물(액티브),배당소득세(보유기간과세),KAP 금융채 1-2년 총수익 지수,한국,금융,일반,20260812
102960,KR7102960002,KODEX 기계장비,삼성자산운용,0.45,14781700000,13945,13908.19,2008-05-29,주식,국내,실물(패시브),비과세,KRX 기계장비,한국,조선·기계,일반,20260812
404260,KR7404260002,KODEX 기후변화솔루션,삼성자산운용,0.09,20704500000,23005,23139.05,2021-10-29,주식,국내,실물(패시브),비과세,KRX 기후변화 솔루션지수,한국,기타,일반,20260812
273140,KR7273140004,KODEX 단기변동금리부채권액티브,삼성자산운용,0.15,278546790000,114770,114511.86,2017-06-29,채권,국내,실물(액티브),배당소득세(보유기간과세),KAP 단기변동금리부은행채권지수,한국,금융,일반,20260812
487950,KR7487950008,KODEX 대만테크고배당다우존스,삼성자산운용,0.45,19089250000,13165,13123.65,2024-07-23,주식,해외,실물(패시브),배당소득세(보유기간과세),Dow Jones Taiwan Technology Dividend 30 Index(TWD)(PR),미국,AI·테크,일반,20260812
445290,KR7445290000,KODEX 로봇액티브,삼성자산운용,0.5,1121655000000,31820,31798.05,2022-11-15,주식,국내,실물(액티브),배당소득세(보유기간과세),iSelect K-로봇테마 지수,한국,AI·테크,일반,20260812
488770,KR7488770009,KODEX 머니마켓액티브,삼성자산운용,0.05,8085004250000,105205,105199.69,2024-08-06,채권,국내,실물(액티브),배당소득세(보유기간과세),KAP MMF 지수(TR),한국,채권·금리,일반,20260812
337120,KR7337120000,KODEX 멀티팩터,삼성자산운용,0.3,19830000000,33050,33060.79,2019-11-14,주식,국내,실물(패시브),비과세,FnGuide 멀티팩터 지수,한국,기타,일반,20260812
401470,KR7401470000,KODEX 메타버스액티브,삼성자산운용,0.5,58667000000,9860,9899.37,2021-10-13,주식,국내,실물(액티브),배당소득세(보유기간과세),FnGuide K-메타버스 지수,한국,AI·테크,일반,20260812
244620,KR7244620001,KODEX 모멘텀Plus,삼성자산운용,0.3,14052500000,20075,20191.77,2016-05-13,주식,국내,실물(패시브),비과세,FnGuide 모멘텀 Plus 지수,한국,기타,일반,20260812
275280,KR7275280006,KODEX 모멘텀주,삼성자산운용,0.3,36261000000,40290,40489.28,2017-07-11,주식,국내,실물(패시브),비과세,MSCI Korea IMI Momentum Capped,한국,광범위지수,일반,20260812
308620,KR7308620004,KODEX 미국10년국채선물,삼성자산운용,0.09,96025500000,11855,11850.22,2018-10-19,채권,해외,실물(패시브),배당소득세(보유기간과세),S&P 10-Year U.S. Treasury Note Futures KRW(ER),미국,채권·금리,일반,20260812
0091C0,KR70091C0000,KODEX 미국10년국채액티브(H),삼성자산운용,0.15,191534200000,9620,9581.51,2025-08-19,채권,해외,실물(액티브),배당소득세(보유기간과세),KAP 미국 국채 10년 지수(총수익),미국,채권·금리,일반,20260812
484790,KR7484790001,KODEX 미국30년국채액티브(H),삼성자산운용,0.015,595732500000,8250,8238.93,2024-06-18,채권,해외,실물(액티브),배당소득세(보유기간과세),KEDI-KAP 미국 국채 20+ 지수(TR),미국,채권·금리,일반,20260812
304670,KR7304670003,KODEX 미국30년국채울트라선물인버스(H),삼성자산운용,0.3,7428000000,12380,12385.38,2018-09-12,채권,해외,실물(패시브),배당소득세(보유기간과세),S&P Ultra T-Bond Futures Index(ER),기타,채권·금리,일반,20260812
304660,KR7304660004,KODEX 미국30년국채울트라선물(H),삼성자산운용,0.3,135036000000,7260,7261.93,2018-09-12,채권,해외,실물(패시브),배당소득세(보유기간과세),S&P Ultra T-Bond Futures Index(ER),기타,채권·금리,일반,20260812
481060,KR7481060002,KODEX 미국30년국채타겟커버드콜(합성 H),삼성자산운용,0.25,774036250000,7475,7415.14,2024-04-30,채권,해외,합성(패시브),배당소득세(보유기간과세),Bloomberg U.S.Treasury 20+ Year(TLT)+ 12% Premium Covered Call index(TR),미국,채권·금리,커버드콜,20260812
0173Y0,KR70173Y0005,KODEX 미국AI광통신네트워크,삼성자산운용,0.55,417267500000,12025,11655.69,2026-03-31,주식,해외,실물(패시브),배당소득세(보유기간과세),Akros 미국 AI 광통신 및 네트워크 인프라 지수(PR),미국,AI·테크,일반,20260812
0151S0,KR70151S0009,KODEX 미국AI반도체TOP3플러스,삼성자산운용,0.49,216798000000,15710,15607.82,2026-01-13,주식,해외,실물(패시브),배당소득세(보유기간과세),Akros 미국 AI 반도체 Top 3 플러스 지수 (Price Return),미국,반도체,일반,20260812
0041D0,KR70041D0000,KODEX 미국AI소프트웨어TOP10,삼성자산운용,0.45,50362500000,13430,13442.0,2025-04-22,주식,해외,실물(패시브),배당소득세(보유기간과세),iSelect 미국 AI 소프트웨어 TOP10 지수(PR),미국,AI·테크,일반,20260812
487230,KR7487230005,KODEX 미국AI전력핵심인프라,삼성자산운용,0.45,1569750000000,21000,20815.66,2024-07-09,주식,해외,실물(패시브),배당소득세(보유기간과세),iSelect 미국AI전력핵심인프라 지수(Price Return),미국,AI·테크,일반,20260812
485540,KR7485540009,KODEX 미국AI테크TOP10,삼성자산운용,0.3,310539500000,15605,15568.23,2024-06-25,주식,해외,실물(패시브),배당소득세(보유기간과세),KEDI 미국AI테크 TOP10 지수(PR),미국,AI·테크,일반,20260812
483280,KR7483280004,KODEX 미국AI테크TOP10타겟커버드콜,삼성자산운용,0.39,479498000000,12170,12167.39,2024-05-28,주식,해외,실물(패시브),배당소득세(보유기간과세),KEDI 미국 AI 테크 TOP10+15%프리미엄 지수(Total Return),미국,AI·테크,일반,20260812
0225V0,KR70225V0006,KODEX 미국CPU반도체TOP10,삼성자산운용,0.55,74935000000,10705,10619.34,2026-08-04,주식,해외,실물(패시브),배당소득세(보유기간과세),Indxx US CPU Semiconductor TOP 10 Index (Price Return),미국,반도체,일반,20260812
428560,KR7428560007,KODEX 미국ETF산업Top10 Indxx,삼성자산운용,0.5,12800000000,16000,16106.65,2022-05-17,주식,해외,실물(패시브),배당소득세(보유기간과세),Indxx US ETF Industry Top10 Index(Price Return),미국,기타,일반,20260812
379800,KR7379800006,KODEX 미국S&P500,삼성자산운용,0.006,10125787000000,24685,24643.96,2021-04-09,주식,해외,실물(패시브),배당소득세(보유기간과세),S&P 500,미국,광범위지수,일반,20260812
453660,KR7453660003,KODEX 미국S&P500경기소비재,삼성자산운용,0.25,12736500000,18195,18226.41,2023-03-21,주식,해외,실물(패시브),배당소득세(보유기간과세),S&P Consumer Discretionary Select Sector Index(Price Return),기타,소비재,일반,20260812
453650,KR7453650004,KODEX 미국S&P500금융,삼성자산운용,0.25,45112500000,20050,20021.95,2023-03-21,주식,해외,실물(패시브),배당소득세(보유기간과세),S&P Financial Select Sector Index(Price Return),기타,금융,일반,20260812
0005A0,KR70005A0007,KODEX 미국S&P500데일리커버드콜OTM,삼성자산운용,0.25,194821000000,9790,9788.36,2025-01-07,주식,해외,실물(패시브),배당소득세(보유기간과세),S&P 500 Covered Call 1% OTM Daily Index(TR),미국,광범위지수,커버드콜,20260812
276970,KR7276970001,KODEX 미국S&P500배당귀족커버드콜(합성 H),삼성자산운용,0.3,36871500000,7845,7966.18,2017-08-10,주식,해외,합성(패시브),배당소득세(보유기간과세),S&P500 Dividend Aristocrats Covered Call(7.2% Premium) Index,미국,배당주,커버드콜,20260812
0026E0,KR70026E0008,KODEX 미국S&P500버퍼3월액티브,삼성자산운용,0.39,22144500000,11970,12002.32,2025-03-25,주식,해외,실물(액티브),배당소득세(보유기간과세),S&P500 10% Buffered Index March Series (USD) TR,미국,광범위지수,일반,20260812
0068M0,KR70068M0007,KODEX 미국S&P500버퍼6월액티브,삼성자산운용,0.39,10890000000,12100,12133.72,2025-06-24,주식,해외,실물(액티브),배당소득세(보유기간과세),S&P500 10% Buffered Index June Series (USD) TR,미국,광범위지수,일반,20260812
0089C0,KR70089C0004,KODEX 미국S&P500변동성확대시커버드콜,삼성자산운용,0.39,58900000000,11780,11794.69,2025-08-12,주식,해외,실물(패시브),배당소득세(보유기간과세),Cboe S&P 500 Volatility Contingent Daily Covered Call Index(Total Retrun),미국,광범위지수,커버드콜,20260812
200030,KR7200030005,KODEX 미국S&P500산업재(합성),삼성자산운용,0.25,51075840000,45280,45383.32,2014-06-12,주식,해외,합성(패시브),배당소득세(보유기간과세),S&P Select Sector Industrial Index,기타,기타,일반,20260812
0041E0,KR70041E0009,KODEX 미국S&P500액티브,삼성자산운용,0.45,141780000000,16680,16626.43,2025-04-22,주식,해외,실물(액티브),배당소득세(보유기간과세),S&P 500,미국,광범위지수,일반,20260812
218420,KR7218420008,KODEX 미국S&P500에너지(합성),삼성자산운용,0.25,49247300000,20060,20102.87,2015-04-28,주식,해외,합성(패시브),배당소득세(보유기간과세),S&P Select Sector Energy Index,기타,에너지·원자력,일반,20260812
463640,KR7463640003,KODEX 미국S&P500유틸리티,삼성자산운용,0.25,11460000000,14325,14281.14,2023-08-01,주식,해외,실물(패시브),배당소득세(보유기간과세),S&P Utilities Select Sector Index(Price Return),기타,에너지·원자력,일반,20260812
449180,KR7449180009,KODEX 미국S&P500(H),삼성자산운용,0.009,1003096500000,17265,17248.12,2022-12-02,주식,해외,실물(패시브),배당소득세(보유기간과세),S&P 500,미국,광범위지수,일반,20260812
463690,KR7463690008,KODEX 미국S&P500커뮤니케이션,삼성자산운용,0.25,10010000000,18200,18216.44,2023-08-01,주식,해외,실물(패시브),배당소득세(보유기간과세),S&P Communication Services Select Sector Index(Price Return),기타,기타,일반,20260812
463680,KR7463680009,KODEX 미국S&P500테크놀로지,삼성자산운용,0.25,130260750000,23055,22756.98,2023-08-01,주식,해외,실물(패시브),배당소득세(보유기간과세),S&P Technology Select Sector Index(Price Return),기타,AI·테크,일반,20260812
453630,KR7453630006,KODEX 미국S&P500필수소비재,삼성자산운용,0.25,16471000000,12670,12655.52,2023-03-21,주식,해외,실물(패시브),배당소득세(보유기간과세),S&P Consumer Staples Select Sector Index(Price Return),기타,소비재,일반,20260812
453640,KR7453640005,KODEX 미국S&P500헬스케어,삼성자산운용,0.25,61898500000,14395,14367.37,2023-03-21,주식,해외,실물(패시브),배당소득세(보유기간과세),S&P Health Care Select Sector Index(Price Return),기타,바이오·헬스케어,일반,20260812
0028X0,KR70028X0003,KODEX 미국금융테크액티브,삼성자산운용,0.45,13961000000,12140,12155.08,2025-05-27,주식,해외,실물(액티브),배당소득세(보유기간과세),iSelect 미국 차세대 파이낸셜 테크 지수(시장가격),미국,AI·테크,일반,20260812
379810,KR7379810005,KODEX 미국나스닥100,삼성자산운용,0.006,9264308750000,27725,27656.04,2021-04-09,주식,해외,실물(패시브),배당소득세(보유기간과세),NASDAQ 100,미국,광범위지수,일반,20260812
494300,KR7494300007,KODEX 미국나스닥100데일리커버드콜OTM,삼성자산운용,0.25,990984000000,9420,9393.34,2024-10-22,주식,해외,실물(패시브),배당소득세(보유기간과세),NASDAQ-100 Daily Covered Call 101 Index(TR),미국,기타,커버드콜,20260812
409820,KR7409820008,KODEX 미국나스닥100레버리지(합성 H),삼성자산운용,0.3,260515500000,20195,20083.79,2021-12-09,주식,해외,합성(패시브),배당소득세(보유기간과세),NASDAQ 100,미국,광범위지수,일반,20260812
409810,KR7409810009,KODEX 미국나스닥100선물인버스(H),삼성자산운용,0.3,11550000000,5500,5516.04,2021-12-09,주식,해외,실물(패시브),배당소득세(보유기간과세),NASDAQ 100,미국,광범위지수,일반,20260812
304940,KR7304940000,KODEX 미국나스닥100선물(H),삼성자산운용,0.05,114065000000,32590,32494.7,2018-08-30,주식,해외,실물(패시브),배당소득세(보유기간과세),NASDAQ 100,미국,광범위지수,일반,20260812
449190,KR7449190008,KODEX 미국나스닥100(H),삼성자산운용,0.009,569381750000,22285,22226.88,2022-12-02,주식,해외,실물(패시브),배당소득세(보유기간과세),NASDAQ 100,미국,광범위지수,일반,20260812
411420,KR7411420003,KODEX 미국나스닥AI테크액티브,삼성자산운용,0.5,129983750000,27365,27264.98,2021-12-22,주식,해외,실물(액티브),배당소득세(보유기간과세),Nasdaq CB Insights Metaverse US Index (Price Return),미국,기타,일반,20260812
455030,KR7455030007,KODEX 미국달러SOFR금리액티브(합성),삼성자산운용,0.15,649732650000,12165,12156.89,2023-04-04,기타,해외,합성(액티브),배당소득세(보유기간과세),Bloomberg SOFR Daily Total Return Index,미국,채권·금리,일반,20260812
261250,KR7261250005,KODEX 미국달러선물레버리지,삼성자산운용,0.45,27905700000,16710,16741.34,2016-12-27,통화,국내,실물(패시브),배당소득세(보유기간과세),미국달러선물지수,한국,기타,일반,20260812
261260,KR7261260004,KODEX 미국달러선물인버스2X,삼성자산운용,0.45,236982000000,5080,5082.2,2016-12-27,통화,국내,실물(패시브),배당소득세(보유기간과세),미국달러선물지수,한국,기타,일반,20260812
261270,KR7261270003,KODEX 미국달러선물인버스,삼성자산운용,0.45,107472550000,7885,7895.16,2016-12-27,통화,국내,실물(패시브),배당소득세(보유기간과세),미국달러선물지수,한국,기타,일반,20260812
261240,KR7261240006,KODEX 미국달러선물,삼성자산운용,0.25,59462700000,14610,14618.2,2016-12-27,통화,국내,실물(패시브),배당소득세(보유기간과세),미국달러선물지수,한국,기타,일반,20260812
0144M0,KR70144M0005,KODEX 미국드론UAM TOP10,삼성자산운용,0.49,24780750000,8695,8703.64,2025-12-23,주식,해외,실물(패시브),배당소득세(보유기간과세),iSelect 미국드론UAM TOP10 지수(Price Return),미국,기타,일반,20260812
280930,KR7280930009,KODEX 미국러셀2000(H),삼성자산운용,0.45,23996000000,17140,17126.04,2017-11-09,주식,해외,실물(패시브),배당소득세(보유기간과세),FTSE Russell 2000 Index,미국,기타,일반,20260812
0048J0,KR70048J0007,KODEX 미국머니마켓액티브,삼성자산운용,0.05,772969885000,14165,14147.62,2025-05-13,채권,해외,실물(액티브),배당소득세(보유기간과세),KAP 미국 머니마켓 지수,미국,기타,일반,20260812
390390,KR7390390003,KODEX 미국반도체,삼성자산운용,0.09,1331500250000,55595,55226.2,2021-06-30,주식,해외,실물(패시브),배당소득세(보유기간과세),MVIS US Listed Semiconductor 25 Index,미국,반도체,일반,20260812
489250,KR7489250001,KODEX 미국배당다우존스,삼성자산운용,0.009,590950000000,13250,13212.06,2024-08-13,주식,해외,실물(패시브),배당소득세(보유기간과세),Dow Jones U.S. Dividend 100 Price Return Index,미국,배당주,일반,20260812
483290,KR7483290003,KODEX 미국배당다우존스타겟커버드콜,삼성자산운용,0.39,176769500000,10585,10568.3,2024-05-28,주식,해외,실물(패시브),배당소득세(보유기간과세),Dow Jones U.S. Dividend 100 10% Premium Covered Call Index(Total Return),미국,배당주,커버드콜,20260812
441640,KR7441640000,KODEX 미국배당커버드콜액티브,삼성자산운용,0.19,1697072000000,13120,12969.84,2022-09-27,주식,해외,실물(액티브),배당소득세(보유기간과세),S&P 500,미국,광범위지수,일반,20260812
352560,KR7352560007,KODEX 미국부동산리츠(H),삼성자산운용,0.09,34969500000,12270,12269.1,2020-05-13,부동산,해외,실물(패시브),배당소득세(분리과세부동산ETF),Dow Jones U.S. Real Estate PR Index,미국,리츠·부동산,일반,20260812
314250,KR7314250002,KODEX 미국빅테크10(H),삼성자산운용,0.45,660698000000,62330,62317.39,2019-01-10,주식,해외,실물(패시브),배당소득세(보유기간과세),NYSE U.S. Big TECH 10 INDEX,미국,AI·테크,일반,20260812
473460,KR7473460004,KODEX 미국서학개미,삼성자산운용,0.25,183222000000,23490,23373.99,2023-12-27,주식,해외,실물(패시브),배당소득세(보유기간과세),iSelect 서학개미 지수(PR),기타,기타,일반,20260812
0144L0,KR70144L0006,KODEX 미국성장커버드콜액티브,삼성자산운용,0.49,356487000000,9930,9900.16,2025-12-23,주식,해외,실물(액티브),배당소득세(보유기간과세),NASDAQ 100,미국,광범위지수,일반,20260812
390400,KR7390400000,KODEX 미국스마트모빌리티S&P,삼성자산운용,0.09,7725000000,7725,7776.69,2021-06-30,주식,해외,실물(패시브),배당소득세(보유기간과세),S&P Kensho Smart Transportation,기타,기타,일반,20260812
0167Z0,KR70167Z0002,KODEX 미국우주항공,삼성자산운용,0.55,398369250000,8765,8715.42,2026-03-17,주식,해외,실물(패시브),배당소득세(보유기간과세),iSelect 미국우주항공지수(Price Return),미국,방산·우주,일반,20260812
0132H0,KR70132H0006,KODEX 미국원자력SMR,삼성자산운용,0.45,52468750000,9125,9095.99,2025-11-25,주식,해외,실물(패시브),배당소득세(보유기간과세),iSelect 미국원자력SMR 지수(Price Return),미국,에너지·원자력,일반,20260812
437080,KR7437080005,KODEX 미국종합채권ESG액티브(H),삼성자산운용,0.18,231559650000,97090,97081.53,2022-08-09,채권,해외,실물(액티브),배당소득세(보유기간과세),Bloomberg MSCI US Aggregate 2bn ex Securitized SRI Capped Index(Total Return),미국,광범위지수,일반,20260812
419420,KR7419420005,KODEX 미국클린에너지나스닥,삼성자산운용,0.45,11826000000,9855,9830.25,2022-03-22,주식,해외,실물(패시브),배당소득세(보유기간과세),Nasdaq Clean Edge Green Energy Index (Price Return),미국,에너지·원자력,일반,20260812
491090,KR7491090007,KODEX 미국테크TOP3플러스,삼성자산운용,0.3,32778000000,18210,18172.13,2024-09-10,주식,해외,실물(패시브),배당소득세(보유기간과세),KEDI 미국테크TOP3플러스 지수(Price Return),미국,AI·테크,일반,20260812
0038A0,KR70038A0008,KODEX 미국휴머노이드로봇,삼성자산운용,0.45,299060000000,15740,15713.62,2025-04-15,주식,해외,실물(패시브),배당소득세(보유기간과세),iSelect 미국 휴머노이드 로봇 지수(Price Return),미국,AI·테크,일반,20260812
244580,KR7244580007,KODEX 바이오,삼성자산운용,0.45,235763200000,9040,9025.44,2016-05-13,주식,국내,실물(패시브),비과세,FnGuide 바이오 지수,한국,바이오·헬스케어,일반,20260812
091160,KR7091160002,KODEX 반도체,삼성자산운용,0.45,5293497500000,118955,119096.44,2006-06-27,주식,국내,실물(패시브),비과세,KRX 반도체,한국,반도체,일반,20260812
494310,KR7494310006,KODEX 반도체레버리지,삼성자산운용,0.49,936594750000,68615,68997.84,2024-10-22,주식,국내,실물(패시브),배당소득세(보유기간과세),KRX 반도체,한국,반도체,일반,20260812
0190G0,KR70190G0006,KODEX 반도체타겟위클리커버드콜,삼성자산운용,0.45,163904000000,8320,8312.14,2026-05-12,주식,국내,실물(패시브),배당소득세(보유기간과세),KRX 반도체 타겟 9% 분배 위클리 커버드콜 지수,한국,반도체,커버드콜,20260812
0100K0,KR70100K0009,KODEX 방산TOP10레버리지,삼성자산운용,0.64,42504000000,7590,7584.5,2025-09-16,주식,국내,실물(패시브),배당소득세(보유기간과세),iSelect 방산 TOP10 지수(Price Return),한국,방산·우주,일반,20260812
0080G0,KR70080G0009,KODEX 방산TOP10,삼성자산운용,0.45,380081000000,11245,11234.84,2025-07-15,주식,국내,실물(패시브),비과세,iSelect 방산 TOP10 지수(Price Return),한국,방산·우주,일반,20260812
325020,KR7325020006,KODEX 배당가치,삼성자산운용,0.3,90582000000,29220,29210.45,2019-05-31,주식,국내,실물(패시브),비과세,FnGuide SLV 배당가치 지수,한국,배당주,일반,20260812
244670,KR7244670006,KODEX 밸류Plus,삼성자산운용,0.3,6981000000,11635,11674.56,2016-05-13,주식,국내,실물(패시브),비과세,FnGuide 벨류 Plus 지수,한국,기타,일반,20260812
102780,KR7102780004,KODEX 삼성그룹,삼성자산운용,0.25,3294076500000,25595,25564.58,2008-05-21,주식,국내,실물(패시브),비과세,삼성그룹,한국,기타,일반,20260812
0177N0,KR70177N0004,KODEX 삼성전자SK하이닉스채권혼합50,삼성자산운용,0.07,1454374500000,13605,13597.53,2026-04-07,혼합자산,국내,실물(패시브),배당소득세(보유기간과세),Wise 삼성전자 SK하이닉스 채권혼합 지수,한국,개별종목,혼합,20260812
0193W0,KR70193W0003,KODEX 삼성전자단일종목레버리지,삼성자산운용,0.29,1664481000000,11830,11858.45,2026-05-27,주식,국내,실물(패시브),배당소득세(보유기간과세),KRX 삼성전자 지수,한국,개별종목,일반,20260812
448330,KR7448330001,KODEX 삼성전자채권혼합,삼성자산운용,0.07,1256330000000,17210,17221.42,2022-11-29,혼합자산,국내,실물(패시브),배당소득세(보유기간과세),Wise 삼성전자채권혼합 지수,한국,개별종목,혼합,20260812
325010,KR7325010007,KODEX 성장주,삼성자산운용,0.3,124125000000,41375,41403.75,2019-05-31,주식,국내,실물(패시브),비과세,FnGuide 성장 지수(PR),한국,기타,일반,20260812
385510,KR7385510003,KODEX 신재생에너지액티브,삼성자산운용,0.5,321678000000,38295,38288.73,2021-05-25,주식,국내,실물(액티브),배당소득세(보유기간과세),FnGuide K-신재생에너지 플러스 지수,한국,에너지·원자력,일반,20260812
446690,KR7446690000,KODEX 아시아AI반도체exChina액티브,삼성자산운용,0.5,30025000000,60050,59363.02,2023-02-01,주식,해외,실물(액티브),배당소득세(보유기간과세),iSelect 아시아반도체 제조동맹 지수(시장가격),기타,반도체,일반,20260812
437070,KR7437070006,KODEX 아시아달러채권ESG플러스액티브,삼성자산운용,0.18,38441400000,60825,60789.13,2022-08-09,채권,해외,실물(액티브),배당소득세(보유기간과세),Bloomberg MSCI EM Asia Investment Grade Credit SRI Index(Total Return),신흥국,채권·금리,일반,20260812
275300,KR7275300002,KODEX 우량주,삼성자산운용,0.3,48747500000,28675,28799.57,2017-07-11,주식,국내,실물(패시브),비과세,MSCI Korea IMI Quality Capped,한국,광범위지수,일반,20260812
0098F0,KR70098F0000,KODEX 원자력SMR,삼성자산운용,0.45,268308000000,15420,15455.32,2025-09-16,주식,국내,실물(패시브),비과세,iSelect 원자력SMR 지수(Price Return),한국,에너지·원자력,일반,20260812
395150,KR7395150006,KODEX 웹툰&드라마,삼성자산운용,0.45,9288000000,1935,1934.41,2021-07-30,주식,국내,실물(패시브),비과세,FnGuide 웹툰&드라마 지수,한국,기타,일반,20260812
456250,KR7456250000,KODEX 유럽명품TOP10 STOXX,삼성자산운용,0.45,10999750000,9565,9588.9,2023-04-25,주식,해외,실물(패시브),배당소득세(보유기간과세),STOXX Europe Luxury 10 Index(Price Return),유럽,기타,일반,20260812
400570,KR7400570008,KODEX 유럽탄소배출권선물ICE(H),삼성자산운용,0.64,12496000000,11360,11354.34,2021-09-30,기타,해외,실물(패시브),배당소득세(보유기간과세),ICE EUA Carbon Futures Index(Excess Return),기타,기타,일반,20260812
144600,KR7144600004,KODEX 은선물(H),삼성자산운용,0.68,788470000000,10655,10560.09,2011-07-18,원자재,해외,실물(패시브),배당소득세(보유기간과세),S&P GSCI Silver Index(TR),글로벌,원자재·금,일반,20260812
091170,KR7091170001,KODEX 은행,삼성자산운용,0.3,278952000000,15760,15779.02,2006-06-27,주식,국내,실물(패시브),비과세,KRX 은행,한국,금융,일반,20260812
453820,KR7453820003,KODEX 인도Nifty50레버리지(합성),삼성자산운용,0.39,15957500000,12275,12454.56,2023-04-21,주식,해외,합성(패시브),배당소득세(보유기간과세),Nifty 50 Index,인도,광범위지수,일반,20260812
453810,KR7453810004,KODEX 인도Nifty50,삼성자산운용,0.19,359048000000,12130,12249.79,2023-04-21,주식,해외,실물(패시브),배당소득세(보유기간과세),Nifty 50 Index,인도,광범위지수,일반,20260812
0000H0,KR70000H0005,KODEX 인도Nifty미드캡100,삼성자산운용,0.45,12420000000,10800,10842.33,2025-04-08,주식,해외,실물(패시브),배당소득세(보유기간과세),Nifty Midcap 100 Index(PR),인도,광범위지수,일반,20260812
477730,KR7477730006,KODEX 인도타타그룹,삼성자산운용,0.45,23355000000,7785,7965.37,2024-05-08,주식,해외,실물(패시브),배당소득세(보유기간과세),Nifty India Corporate Group Index - Tata Group 25% Cap(PR),인도,채권·금리,일반,20260812
352540,KR7352540009,KODEX 일본부동산리츠(H),삼성자산운용,0.3,38505000000,11325,11392.03,2020-05-13,부동산,해외,실물(패시브),배당소득세(분리과세부동산ETF),Tokyo Stock Exchange REIT Index,기타,리츠·부동산,일반,20260812
091180,KR7091180000,KODEX 자동차,삼성자산운용,0.45,421243000000,29665,29644.77,2006-06-27,주식,국내,실물(패시브),비과세,KRX 자동차,한국,자동차,일반,20260812
385520,KR7385520002,KODEX 자율주행액티브,삼성자산운용,0.5,34819250000,16195,16179.26,2021-05-25,주식,국내,실물(액티브),배당소득세(보유기간과세),FnGuide K-미래차 지수,한국,기타,일반,20260812
363570,KR7363570003,KODEX 장기종합채권(AA-이상)액티브,삼성자산운용,0.045,233240000000,85750,85768.43,2020-09-25,채권,국내,실물(액티브),배당소득세(보유기간과세),"KAP 한국장기종합채권지수(AA-이상, 총수익)",한국,채권·금리,일반,20260812
433970,KR7433970001,KODEX TDF2030액티브 적격,삼성자산운용,0.2,92780750000,14165,14134.49,2022-06-30,혼합자산,국내&해외,실물(액티브),배당소득세(보유기간과세),Samsung Korea Target Date 2030 Index (Price Return),국내+해외,자산배분·TDF,일반,20260812
433980,KR7433980000,KODEX TDF2040액티브 적격,삼성자산운용,0.25,188438750000,16175,16113.47,2022-06-30,혼합자산,국내&해외,실물(액티브),배당소득세(보유기간과세),Samsung Korea Target Date 2040 Index (Price Return),국내+해외,자산배분·TDF,일반,20260812
434060,KR7434060000,KODEX TDF2050액티브 적격,삼성자산운용,0.3,635787000000,17230,17155.91,2022-06-30,혼합자산,국내&해외,실물(액티브),배당소득세(보유기간과세),Samsung Korea Target Date 2050 Index (Price Return),국내+해외,자산배분·TDF,일반,20260812
0082V0,KR70082V0008,KODEX TDF2060액티브 적격,삼성자산운용,0.3,185955000000,11550,11486.96,2025-07-22,혼합자산,국내&해외,실물(액티브),배당소득세(보유기간과세),Samsung Korea Target Date 2060 Index,국내+해외,자산배분·TDF,일반,20260812
0209D0,KR70209D0008,KODEX 전고체배터리ESS TOP2플러스,삼성자산운용,0.5,101504000000,7930,7930.9,2026-06-23,주식,국내,실물(패시브),비과세,Akros 한국 전고체 배터리 ESS TOP2 플러스 지수(Price Return),한국,2차전지,일반,20260812
0115D0,KR70115D0001,KODEX 조선TOP10,삼성자산운용,0.45,205632000000,8160,8168.11,2025-10-28,주식,국내,실물(패시브),비과세,KRX 조선 TOP10,한국,조선·기계,일반,20260812
273130,KR7273130005,KODEX 종합채권(AA-이상)액티브,삼성자산운용,0.045,3384967000000,109475,109553.81,2017-06-29,채권,국내,실물(액티브),배당소득세(보유기간과세),KAP 한국종합채권지수,한국,채권·금리,일반,20260812
0153K0,KR70153K0005,KODEX 주주환원고배당주,삼성자산운용,0.33,147559000000,12095,12024.72,2026-01-20,주식,국내,실물(패시브),비과세,Akros 주주환원 고배당 지수 (Price Return),한국,배당주,일반,20260812
102970,KR7102970001,KODEX 증권,삼성자산운용,0.45,748456250000,19315,19352.61,2008-05-29,주식,국내,실물(패시브),비과세,KRX 증권,한국,금융,일반,20260812
419430,KR7419430004,KODEX 차이나2차전지MSCI(합성),삼성자산운용,0.25,28280000000,10100,10042.71,2022-03-22,주식,해외,합성(패시브),배당소득세(보유기간과세),MSCI China all shares IMI Select Batteries Index(Price Return),중국,2차전지,일반,20260812
0162L0,KR70162L0003,KODEX 차이나AI반도체TOP10,삼성자산운용,0.55,88672500000,14075,13691.45,2026-02-26,주식,해외,실물(패시브),배당소득세(보유기간과세),Indxx China AI Semiconductor Top 10 Index (Price Return),중국,반도체,일반,20260812
428510,KR7428510002,KODEX 차이나AI테크액티브,삼성자산운용,0.5,55913000000,25415,24861.41,2022-05-17,주식,해외,실물(액티브),배당소득세(보유기간과세),Bloomberg China Media & Tech Index PR,중국,AI·테크,일반,20260812
283580,KR7283580009,KODEX 차이나CSI300,삼성자산운용,0.12,264402000000,15880,15810.85,2017-12-13,주식,해외,실물(패시브),배당소득세(해외주식투자전용ETF),CSI 300 Index,중국,광범위지수,일반,20260812
169950,KR7169950003,KODEX 차이나A50,삼성자산운용,0.12,21296000000,26620,26545.48,2013-01-21,주식,해외,실물(패시브),배당소득세(해외주식투자전용ETF),FTSE China A50 Index,중국,기타,일반,20260812
204450,KR7204450001,KODEX 차이나H레버리지(H),삼성자산운용,0.64,23150000000,2315,2382.7,2014-09-12,주식,해외,실물(패시브),배당소득세(보유기간과세),Hang Seng China H,중국,기타,일반,20260812
099140,KR7099140006,KODEX 차이나H,삼성자산운용,0.12,33898500000,21870,22031.95,2007-10-10,주식,해외,실물(패시브),배당소득세(해외주식투자전용ETF),Hang Seng China H,중국,기타,일반,20260812
415340,KR7415340009,KODEX 차이나과창판STAR50(합성),삼성자산운용,0.09,31401900000,15170,15081.1,2022-01-13,주식,해외,합성(패시브),배당소득세(보유기간과세),STAR 50 Index(Price Return),기타,기타,일반,20260812
256750,KR7256750001,KODEX 차이나심천ChiNext(합성),삼성자산운용,0.47,50764105000,16595,16384.51,2016-11-08,주식,해외,합성(패시브),배당소득세(보유기간과세),SZSE ChiNext Price Index,기타,기타,일반,20260812
0065G0,KR70065G0008,KODEX 차이나테크TOP10,삼성자산운용,0.45,23982750000,9405,9560.17,2025-06-17,주식,해외,실물(패시브),배당소득세(보유기간과세),Hang Seng China Tech Top 10 Select Index (HKD) (Price Return),중국,AI·테크,일반,20260812
372330,KR7372330001,KODEX 차이나항셍테크,삼성자산운용,0.12,121440000000,7360,7451.09,2020-12-16,주식,해외,실물(패시브),배당소득세(보유기간과세),Hang Seng TECH Index,중국,AI·테크,일반,20260812
0048K0,KR70048K0004,KODEX 차이나휴머노이드로봇,삼성자산운용,0.45,159290000000,9370,9434.28,2025-05-13,주식,해외,실물(패시브),배당소득세(보유기간과세),Solactive China Humanoid Robotics Index (CNH) (Price Return),중국,AI·테크,일반,20260812
279540,KR7279540009,KODEX 최소변동성,삼성자산운용,0.3,12480000000,20800,20734.89,2017-10-17,주식,국내,실물(패시브),비과세,KRX 최소변동성지수,한국,기타,일반,20260812
445150,KR7445150006,KODEX 친환경조선해운액티브,삼성자산운용,0.5,53918250000,29145,29187.9,2022-11-15,주식,국내,실물(액티브),배당소득세(보유기간과세),FnGuide K-친환경 선박 지수,한국,기타,일반,20260812
211900,KR7211900006,KODEX 코리아배당성장,삼성자산운용,0.15,93291000000,28270,28323.65,2014-12-17,주식,국내,실물(패시브),비과세,코스피 배당성장 50,한국,배당주,일반,20260812
237370,KR7237370002,KODEX 코리아배당성장채권혼합,삼성자산운용,0.19,164164000000,15785,15744.59,2016-01-27,혼합자산,국내,실물(패시브),배당소득세(보유기간과세),배당성장채권혼합지수,한국,채권·금리,혼합,20260812
495850,KR7495850000,KODEX 코리아밸류업,삼성자산운용,0.008,656284500000,31030,31109.72,2024-11-04,주식,국내,실물(패시브),비과세,코리아 밸류업 지수,한국,배당주,일반,20260812
0115E0,KR70115E0000,KODEX 코리아소버린AI,삼성자산운용,0.45,66447000000,14445,14422.52,2025-10-21,주식,국내,실물(패시브),비과세,KRX 코리아 소버린 AI 지수,한국,AI·테크,일반,20260812
373490,KR7373490002,KODEX 코리아혁신성장액티브,삼성자산운용,0.5,13840750000,25165,25192.25,2020-12-24,주식,국내,실물(액티브),배당소득세(보유기간과세),FnGuide K-이노베이션 지수,한국,기타,일반,20260812
229200,KR7229200001,KODEX 코스닥150,삼성자산운용,0.25,5285712250000,14705,14724.86,2015-10-01,주식,국내,실물(패시브),비과세,코스닥 150,한국,광범위지수,일반,20260812
233740,KR7233740000,KODEX 코스닥150레버리지,삼성자산운용,0.64,4090368000000,7680,7690.84,2015-12-17,주식,국내,실물(패시브),배당소득세(보유기간과세),코스닥 150,한국,광범위지수,일반,20260812
360150,KR7360150007,KODEX 코스닥150롱코스피200숏선물,삼성자산운용,0.64,14104000000,3440,3424.82,2020-08-21,주식,국내,실물(패시브),배당소득세(보유기간과세),코스닥150 롱 100% 코스피200 숏 100% 선물지수,한국,광범위지수,일반,20260812
251340,KR7251340006,KODEX 코스닥150선물인버스,삼성자산운용,0.64,105328000000,2320,2345.44,2016-08-10,주식,국내,실물(패시브),배당소득세(보유기간과세),F-코스닥150 지수,한국,광범위지수,일반,20260812
461450,KR7461450009,KODEX 코스닥글로벌,삼성자산운용,0.09,24165000000,16110,16146.85,2023-06-29,주식,국내,실물(패시브),비과세,코스닥 글로벌 지수,한국,광범위지수,일반,20260812
226490,KR7226490001,KODEX 코스피,삼성자산운용,0.15,1066342000000,67490,67593.97,2015-08-24,주식,국내,실물(패시브),비과세,코스피,한국,광범위지수,일반,20260812
359210,KR7359210002,KODEX 코스피TR,삼성자산운용,0.07,85312500000,34125,34135.43,2020-07-21,주식,국내,실물(패시브),배당소득세(보유기간과세),코스피 TR,한국,광범위지수,일반,20260812
337140,KR7337140008,KODEX 코스피대형주,삼성자산운용,0.15,75977000000,34535,34723.63,2019-11-14,주식,국내,실물(패시브),비과세,코스피 대형주,한국,광범위지수,일반,20260812
138920,KR7138920004,KODEX 콩선물(H),삼성자산운용,0.68,5815000000,11630,11589.71,2011-03-15,원자재,해외,실물(패시브),배당소득세(보유기간과세),S&P GSCI Soybeans Index(TR),글로벌,기타,일반,20260812
244660,KR7244660007,KODEX 퀄리티Plus,삼성자산운용,0.3,4762500000,9525,9516.81,2016-05-13,주식,국내,실물(패시브),비과세,FnGuide 퀄리티 Plus 지수,한국,기타,일반,20260812
375770,KR7375770005,KODEX 탄소효율그린뉴딜,삼성자산운용,0.09,42768000000,23760,23887.08,2021-02-05,주식,국내,실물(패시브),비과세,KRX/S&P 탄소효율 그린뉴딜지수,한국,기타,일반,20260812
459560,KR7459560009,KODEX 테슬라밸류체인FactSet,삼성자산운용,0.18,33337500000,22225,22348.23,2023-06-08,주식,해외,실물(패시브),배당소득세(보유기간과세),FactSet TSLA Value Chain Index(PR),기타,기타,일반,20260812
475080,KR7475080008,KODEX 테슬라커버드콜채권혼합액티브,삼성자산운용,0.39,285529250000,7855,7860.77,2024-01-23,혼합자산,국내&해외,실물(액티브),배당소득세(보유기간과세),KEDI 테슬라 인컴 프리미엄 밸런스드 지수(TR),미국,개별종목,일반,20260812
266410,KR7266410000,KODEX 필수소비재,삼성자산운용,0.45,15736000000,9835,9805.24,2017-03-28,주식,국내,실물(패시브),비과세,KRX 필수소비재,한국,에너지·원자력,일반,20260812
298770,KR7298770009,KODEX 한국대만IT프리미어,삼성자산운용,0.55,87752500000,79775,79258.66,2018-06-11,주식,국내&해외,실물(패시브),배당소득세(보유기간과세),한국 대만 IT 프리미어지수,대만,AI·테크,일반,20260812
476800,KR7476800008,KODEX 한국부동산리츠인프라,삼성자산운용,0.09,493420250000,4315,4282.93,2024-03-05,부동산,국내,실물(패시브),비과세(분리과세부동산ETF),KRX 부동산리츠인프라 지수,한국,리츠·부동산,일반,20260812
450190,KR7450190004,KODEX 한중반도체(합성),삼성자산운용,0.25,29790000000,49650,48065.94,2022-12-22,주식,국내&해외,합성(패시브),배당소득세(보유기간과세),KRX CSI 한·중 반도체지수,중국,반도체,일반,20260812
450180,KR7450180005,KODEX 한중전기차(합성),삼성자산운용,0.25,7419750000,11415,11413.18,2022-12-22,주식,국내&해외,합성(패시브),배당소득세(보유기간과세),KRX CSI 한·중 전기차지수,중국,자동차,일반,20260812
266420,KR7266420009,KODEX 헬스케어,삼성자산운용,0.09,73800000000,18450,18427.72,2017-03-28,주식,국내,실물(패시브),비과세,KRX 헬스케어,한국,바이오·헬스케어,일반,20260812
364690,KR7364690008,KODEX 혁신기술테마액티브,삼성자산운용,0.3,22653000000,37755,37671.19,2020-09-29,주식,국내,실물(액티브),배당소득세(보유기간과세),코스피,한국,광범위지수,일반,20260812
0204D0,KR70204D0003,KODEX 현대차로보틱스밸류체인TOP3플러스,삼성자산운용,0.5,209475000000,6650,6654.44,2026-06-09,주식,국내&해외,실물(패시브),배당소득세(보유기간과세),Akros 현대차로보틱스 밸류체인 TOP3 플러스 지수 (PR),국내+해외,개별종목,일반,20260812
069500,KR7069500007,KODEX 200,삼성자산운용,0.15,24119200000000,103250,103464.35,2002-10-14,주식,국내,실물(패시브),비과세,코스피 200,한국,광범위지수,일반,20260812
321410,KR7321410003,KODEX 멀티에셋하이인컴(H),삼성자산운용,0.25,5330000000,10660,10667.53,2019-06-05,혼합자산,해외,실물(패시브),배당소득세(보유기간과세),Morningstar Multi-Asset High Income 10% Capped Index,기타,배당주,혼합,20260812
219480,KR7219480001,KODEX 미국S&P500선물(H),삼성자산운용,0.05,150007500000,33335,33318.18,2015-05-29,주식,해외,실물(패시브),배당소득세(보유기간과세),S&P 500 Futures Total Return Index,미국,광범위지수,일반,20260812
468370,KR7468370002,KODEX iShares미국인플레이션국채액티브,삼성자산운용,0.1,18868400000,10970,10960.03,2023-10-19,채권,해외,실물(액티브),배당소득세(보유기간과세),ICE U.S. Treasury Inflation Linked Bond Index(Total Return),미국,채권·금리,일반,20260812
468630,KR7468630009,KODEX iShares미국투자등급회사채액티브,삼성자산운용,0.1,33516350000,11135,11120.16,2023-10-19,채권,해외,실물(액티브),배당소득세(보유기간과세),iBoxx USD Liquid Investment Grade Index(Total Return),기타,기타,일반,20260812
176950,KR7176950004,KODEX 국채선물10년인버스,삼성자산운용,0.07,12643050000,60205,60198.56,2013-05-31,채권,국내,실물(패시브),배당소득세(보유기간과세),10년국채선물지수,한국,채권·금리,일반,20260812
152380,KR7152380002,KODEX 국채선물10년,삼성자산운용,0.07,20650920000,64940,65006.88,2012-01-20,채권,국내,실물(패시브),배당소득세(보유기간과세),10년국채선물지수,한국,채권·금리,일반,20260812
117700,KR7117700005,KODEX 건설,삼성자산운용,0.45,190600500000,6735,6744.11,2009-10-30,주식,국내,실물(패시브),비과세,KRX 건설,한국,조선·기계,일반,20260812
214980,KR7214980005,KODEX 단기채권PLUS,삼성자산운용,0.15,1850182500000,114740,114473.18,2015-03-03,채권,국내,실물(패시브),배당소득세(보유기간과세),KRW Cash PLUS 지수(총수익),한국,기타,일반,20260812
153130,KR7153130000,KODEX 단기채권,삼성자산운용,0.15,818232480000,113360,113134.05,2012-02-22,채권,국내,실물(패시브),배당소득세(보유기간과세),KRW Cash 지수(총수익),한국,기타,일반,20260812
122630,KR7122630007,KODEX 레버리지,삼성자산운용,0.64,5867550000000,100300,100917.72,2010-02-22,주식,국내,실물(패시브),배당소득세(보유기간과세),코스피 200,한국,광범위지수,일반,20260812
185680,KR7185680006,KODEX 미국S&P바이오(합성),삼성자산운용,0.25,25405660000,47755,47821.04,2013-10-31,주식,해외,합성(패시브),배당소득세(보유기간과세),S&P Biotechnology Select Industry Index,기타,AI·테크,일반,20260812
140700,KR7140700006,KODEX 보험,삼성자산운용,0.45,48150000000,19260,19229.03,2011-04-26,주식,국내,실물(패시브),비과세,KRX 보험,한국,금융,일반,20260812
213610,KR7213610009,KODEX 삼성그룹밸류,삼성자산운용,0.09,264418000000,22220,22220.28,2015-01-08,주식,국내,실물(패시브),비과세,WISE 삼성그룹 밸류 인덱스,한국,광범위지수,일반,20260812
117460,KR7117460006,KODEX 에너지화학,삼성자산운용,0.45,30380000000,14000,13963.97,2009-10-12,주식,국내,실물(패시브),비과세,KRX 에너지화학,한국,에너지·원자력,일반,20260812
140710,KR7140710005,KODEX 운송,삼성자산운용,0.45,10829000000,6370,6369.92,2011-04-26,주식,국내,실물(패시브),비과세,KRX 운송,한국,기타,일반,20260812
114800,KR7114800006,KODEX 인버스,삼성자산운용,0.64,730836000000,1080,1075.6,2009-09-16,주식,국내,실물(패시브),배당소득세(보유기간과세),코스피 200 선물지수,한국,광범위지수,일반,20260812
117680,KR7117680009,KODEX 철강,삼성자산운용,0.45,27384000000,12225,12222.32,2009-10-30,주식,국내,실물(패시브),비과세,KRX 철강,한국,기타,일반,20260812
487130,KR7487130007,KoAct AI인프라액티브,삼성액티브자산운용,0.5,42307250000,27295,27241.64,2024-07-09,주식,국내,실물(액티브),배당소득세(보유기간과세),Solactive AI인프라 지수,한국,AI·테크,일반,20260812
0074K0,KR70074K0001,KoAct K수출핵심기업TOP30액티브,삼성액티브자산운용,0.5,132517000000,17210,17212.76,2025-07-08,주식,국내,실물(액티브),배당소득세(보유기간과세),KEDI K수출핵심기업TOP30 지수(PR),한국,기타,일반,20260812
0222D0,KR70222D0001,KoAct 고배당액티브,삼성액티브자산운용,0.5,11385000000,10350,10327.15,2026-07-28,주식,국내,실물(액티브),배당소득세(보유기간과세),코스피 200 고배당지수,한국,배당주,일반,20260812
0219B0,KR70219B0008,KoAct 광통신&위성네트워크액티브,삼성액티브자산운용,0.5,9332000000,11665,11638.15,2026-07-14,주식,국내,실물(액티브),배당소득세(보유기간과세),FnGuide 저궤도위성 & 광통신 인프라 지수,한국,기타,일반,20260812
471040,KR7471040006,KoAct 글로벌AI&로봇액티브,삼성액티브자산운용,0.5,269650500000,29470,29179.73,2023-11-21,주식,국내&해외,실물(액티브),배당소득세(보유기간과세),iSelect 글로벌AI&로봇PR지수,글로벌,AI·테크,일반,20260812
0174B0,KR70174B0001,KoAct 글로벌AI메모리반도체액티브,삼성액티브자산운용,0.5,109821500000,13990,13858.06,2026-04-14,주식,국내&해외,실물(액티브),배당소득세(보유기간과세),Solactive 글로벌AI메모리반도체 지수 (PR),글로벌,반도체,일반,20260812
0132D0,KR70132D0000,KoAct 글로벌K컬처밸류체인액티브,삼성액티브자산운용,0.5,5236000000,9520,9540.63,2025-11-25,주식,국내&해외,실물(액티브),배당소득세(보유기간과세),KEDI 글로벌 K컬처밸류체인 지수(PR),글로벌,광범위지수,일반,20260812
0020H0,KR70020H0001,KoAct 글로벌양자컴퓨팅액티브,삼성액티브자산운용,0.5,48489000000,23090,22961.18,2025-03-11,주식,국내&해외,실물(액티브),배당소득세(보유기간과세),FactSet 글로벌양자컴퓨팅 PR 지수,글로벌,AI·테크,일반,20260812
475070,KR7475070009,KoAct 글로벌친환경전력인프라액티브,삼성액티브자산운용,0.5,38094000000,31745,31727.84,2024-01-18,주식,국내&해외,실물(액티브),배당소득세(보유기간과세),Solactive 글로벌친환경전력인프라 PR지수,글로벌,에너지·원자력,일반,20260812
0015B0,KR70015B0004,KoAct 미국나스닥성장기업액티브,삼성액티브자산운용,0.5,629492000000,19280,19127.53,2025-02-25,주식,해외,실물(액티브),배당소득세(보유기간과세),나스닥 종합주가지수,미국,기타,일반,20260812
0104H0,KR70104H0000,KoAct 미국나스닥채권혼합50액티브,삼성액티브자산운용,0.25,151357250000,11965,11922.5,2025-09-30,혼합자산,국내&해외,실물(액티브),배당소득세(보유기간과세),FnGuide 미국나스닥 금융채권혼합 지수,미국,금융,혼합,20260812
0186L0,KR70186L0005,KoAct 미국로봇피지컬AI액티브,삼성액티브자산운용,0.5,22390500000,9735,9738.1,2026-04-28,주식,해외,실물(액티브),배당소득세(보유기간과세),iSelect 미국로봇피지컬AI지수,미국,AI·테크,일반,20260812
0113G0,KR70113G0000,KoAct 미국바이오헬스케어액티브,삼성액티브자산운용,0.5,9605000000,11300,11315.68,2025-11-11,주식,해외,실물(액티브),배당소득세(보유기간과세),Solactive 미국바이오헬스케어지수 PR,미국,바이오·헬스케어,일반,20260812
497780,KR7497780007,KoAct 미국천연가스인프라액티브,삼성액티브자산운용,0.5,19961500000,10790,10828.45,2024-12-10,주식,해외,실물(액티브),배당소득세(보유기간과세),Solactive 미국천연가스인프라 PR 지수,미국,에너지·원자력,일반,20260812
490330,KR7490330008,KoAct 미국치매&뇌질환치료제액티브,삼성액티브자산운용,0.5,5381250000,15375,15372.42,2024-09-03,주식,해외,실물(액티브),배당소득세(보유기간과세),Solactive 미국뇌질환치료제 PR 지수,미국,기타,일반,20260812
462900,KR7462900002,KoAct 바이오헬스케어액티브,삼성액티브자산운용,0.5,404754750000,15245,15204.91,2023-08-03,주식,국내,실물(액티브),배당소득세(보유기간과세),iSelect 바이오헬스케어 PR 지수,한국,바이오·헬스케어,일반,20260812
482030,KR7482030004,KoAct 반도체&2차전지핵심소재액티브,삼성액티브자산운용,0.5,9654750000,9195,9245.04,2024-05-14,주식,국내,실물(액티브),배당소득세(보유기간과세),iSelect 반도체&2차전지핵심소재 지수,한국,반도체,일반,20260812
476850,KR7476850003,KoAct 배당성장액티브,삼성액티브자산운용,0.5,97995000000,20850,20826.27,2024-02-27,주식,국내,실물(액티브),배당소득세(보유기간과세),코스피,한국,광범위지수,일반,20260812
0051A0,KR70051A0000,KoAct 브로드컴밸류체인액티브,삼성액티브자산운용,0.5,16451500000,25310,25057.36,2025-05-20,주식,해외,실물(액티브),배당소득세(보유기간과세),FactSet 브로드컴밸류체인 지수,기타,광범위지수,일반,20260812
0150K0,KR70150K0008,KoAct 수소전력ESS인프라액티브,삼성액티브자산운용,0.5,30290500000,10445,10488.65,2026-01-13,주식,국내,실물(액티브),배당소득세(보유기간과세),FnGuide 수소전력ESS인프라 지수(PR),한국,에너지·원자력,일반,20260812
0154H0,KR70154H0009,KoAct 차이나바이오헬스케어액티브,삼성액티브자산운용,0.5,4933500000,8970,9130.59,2026-01-27,주식,해외,실물(액티브),배당소득세(보유기간과세),Solactive 차이나바이오헬스케어지수 PR,기타,바이오·헬스케어,일반,20260812
495230,KR7495230005,KoAct 코리아밸류업액티브,삼성액티브자산운용,0.5,242028000000,29880,29839.53,2024-11-04,주식,국내,실물(액티브),배당소득세(보유기간과세),코리아 밸류업 지수,한국,배당주,일반,20260812
0163Y0,KR70163Y0007,KoAct 코스닥액티브,삼성액티브자산운용,0.5,472796500000,9145,9131.17,2026-03-10,주식,국내,실물(액티브),배당소득세(보유기간과세),코스닥,한국,광범위지수,일반,20260812
0193G0,KR70193G0003,KoAct 코스피액티브,삼성액티브자산운용,0.5,134852500000,8075,8061.57,2026-05-19,주식,국내,실물(액티브),배당소득세(보유기간과세),코스피,한국,광범위지수,일반,20260812
0093D0,KR70093D0007,KoAct 팔란티어밸류체인액티브,삼성액티브자산운용,0.5,24610500000,18230,18216.52,2025-08-26,주식,국내&해외,실물(액티브),배당소득세(보유기간과세),KEDI 팔란티어밸류체인지수(PR),미국,개별종목,일반,20260812
411540,KR7411540008,SOL 200 Top10,신한자산운용,0.15,24171000000,17265,17238.16,2021-12-09,주식,국내,실물(패시브),비과세,코스피 200 Top 10 지수,한국,광범위지수,일반,20260812
295040,KR7295040000,SOL 200TR,신한자산운용,0.05,952635000000,38725,38803.37,2018-04-23,주식,국내,실물(패시브),배당소득세(보유기간과세),코스피 200 TR,한국,광범위지수,일반,20260812
0167B0,KR70167B0000,SOL 200타겟위클리커버드콜,신한자산운용,0.3,652647000000,11390,11394.37,2026-03-17,주식,국내,실물(패시브),배당소득세(보유기간과세),코스피 200 타겟 15% 위클리 커버드콜 지수,한국,광범위지수,커버드콜,20260812
488980,KR7488980004,SOL 26-12 회사채(AA-이상)액티브,신한자산운용,0.05,230247080000,52045,52032.09,2024-10-08,채권,국내,실물(액티브),배당소득세(보유기간과세),"KAP 26-12 크레딧 채권지수(AA-이상, 총수익)",한국,채권·금리,일반,20260812
0092C0,KR70092C0009,SOL 27-12 회사채(AA-이상)액티브,신한자산운용,0.05,225900000000,50200,50194.02,2025-08-19,채권,국내,실물(액티브),배당소득세(보유기간과세),"KAP 27-12 크레딧 채권지수(AA-이상, 총수익)",한국,채권·금리,일반,20260812
455860,KR7455860007,SOL 2차전지소부장Fn,신한자산운용,0.45,105952000000,4480,4491.37,2023-04-25,주식,국내,실물(패시브),비과세,FnGuide 2차전지 소부장 지수(PR),한국,2차전지,일반,20260812
0167A0,KR70167A0001,SOL AI반도체TOP2플러스,신한자산운용,0.45,5350034250000,16515,16528.66,2026-03-17,주식,국내,실물(패시브),비과세,FnGuide AI반도체 TOP2 플러스 지수(PR),한국,반도체,일반,20260812
455850,KR7455850008,SOL AI반도체소부장,신한자산운용,0.45,975861000000,23070,23159.68,2023-04-25,주식,국내,실물(패시브),비과세,FnGuide AI 반도체 소부장 지수,한국,반도체,일반,20260812
497880,KR7497880005,SOL CD금리&머니마켓액티브,신한자산운용,0.05,264248460000,50085,50085.49,2024-11-26,채권,국내,실물(액티브),배당소득세(보유기간과세),KAP CD&단기자금시장지수(PR),한국,채권·금리,일반,20260812
363510,KR7363510009,SOL KIS단기통안채,신한자산운용,0.07,12432000000,112000,112007.24,2020-09-09,채권,국내,실물(패시브),배당소득세(보유기간과세),KIS 단기통안채 Index(총수익),한국,채권·금리,일반,20260812
292500,KR7292500006,SOL KRX300,신한자산운용,0.05,23447500000,46895,46901.41,2018-03-26,주식,국내,실물(패시브),비과세,KRX 300,한국,광범위지수,일반,20260812
404650,KR7404650004,SOL KRX기후변화솔루션,신한자산운용,0.15,13824000000,23040,23135.86,2021-10-29,주식,국내,실물(패시브),비과세,KRX 기후변화 솔루션지수,한국,기타,일반,20260812
490480,KR7490480001,SOL K방산,신한자산운용,0.45,84024000000,31120,31154.29,2024-10-02,주식,국내,실물(패시브),비과세,KEDI K방산 지수(PR),한국,방산·우주,일반,20260812
0197W0,KR70197W0009,SOL SK하이닉스단일종목레버리지,신한자산운용,0.1,47885500000,6890,6907.71,2026-05-27,주식,국내,실물(패시브),배당소득세(보유기간과세),KRX SK하이닉스 지수,한국,개별종목,일반,20260812
0197X0,KR70197X0008,SOL SK하이닉스선물단일종목인버스2X,신한자산운용,0.1,82158750000,9810,9751.3,2026-05-27,주식,국내,실물(패시브),배당소득세(보유기간과세),KRX SK하이닉스 선물 지수,한국,개별종목,일반,20260812
438570,KR7438570004,SOL 국고채10년,신한자산운용,0.05,106808620000,98260,98387.59,2022-09-06,채권,국내,실물(패시브),배당소득세(보유기간과세),KAP 국고채10년지수(총수익지수),한국,채권·금리,일반,20260812
474390,KR7474390002,SOL 국고채30년액티브,신한자산운용,0.05,5323150000,39725,39643.9,2024-01-16,채권,국내,실물(액티브),배당소득세(보유기간과세),KAP 국고채30년 지수(TR),한국,채권·금리,일반,20260812
438560,KR7438560005,SOL 국고채3년,신한자산운용,0.05,75716680000,100420,100438.18,2022-09-06,채권,국내,실물(패시브),배당소득세(보유기간과세),KAP 국고채3년지수(총수익지수),한국,채권·금리,일반,20260812
0022T0,KR70022T0005,SOL 국제금커버드콜액티브,신한자산운용,0.45,70512000000,13560,13500.1,2025-03-11,원자재,해외,실물(액티브),배당소득세(보유기간과세),KEDI 골드인컴프리미엄 지수(NTR),기타,원자재·금,일반,20260812
0066W0,KR70066W0007,SOL 국제금,신한자산운용,0.05,86263500000,13170,13108.84,2025-06-17,원자재,해외,실물(패시브),배당소득세(보유기간과세),KEDI 국제금현물 ETF 가격지수(PR),기타,기타,일반,20260812
423170,KR7423170000,SOL 글로벌AI반도체탑픽액티브,신한자산운용,0.55,252604800000,56385,56126.21,2022-04-12,주식,국내&해외,실물(액티브),배당소득세(보유기간과세),S&P Global Semiconductor Korea Tilted Index(PR),글로벌,반도체,일반,20260812
400590,KR7400590006,SOL 글로벌탄소배출권선물ICE(합성),신한자산운용,0.55,7150000000,14300,14368.47,2021-09-30,기타,해외,합성(패시브),배당소득세(보유기간과세),ICE Global Carbon Futures Index(Excess Return),글로벌,기타,일반,20260812
484880,KR7484880000,SOL 금융지주플러스고배당,신한자산운용,0.3,369821500000,22145,22059.69,2024-06-25,주식,국내,실물(패시브),비과세,FnGuide 금융지주플러스고배당 지수(PR),한국,금융,일반,20260812
484890,KR7484890009,SOL 머니마켓액티브,신한자산운용,0.05,13113750000,52455,52450.97,2024-06-25,채권,국내,실물(액티브),배당소득세(보유기간과세),KAP 시가 MMF 지수(TR),한국,채권·금리,일반,20260812
461600,KR7461600009,SOL 미국30년국채액티브(H),신한자산운용,0.05,26286750000,8345,8328.2,2023-07-11,채권,해외,실물(액티브),배당소득세(보유기간과세),KAP 미국채 20Y+ 지수(시장가격),미국,채권·금리,일반,20260812
473330,KR7473330009,SOL 미국30년국채커버드콜(합성),신한자산운용,0.25,285831000000,8190,8223.03,2023-12-27,채권,해외,합성(패시브),배당소득세(보유기간과세),KEDI 미국 국채 20년+ 커버드콜 지수(NTR),미국,채권·금리,커버드콜,20260812
494210,KR7494210008,SOL 미국500타겟데일리커버드콜액티브,신한자산운용,0.35,7889000000,11270,11244.81,2024-10-15,주식,해외,실물(액티브),배당소득세(보유기간과세),KEDI 미국퀄리티500+월1%프리미엄 지수(NTR),미국,기타,일반,20260812
479620,KR7479620007,SOL 미국AI반도체칩메이커,신한자산운용,0.45,93098750000,26225,26018.7,2024-04-16,주식,해외,실물(패시브),배당소득세(보유기간과세),Solactive US AI Semiconductor Chip Makers Index(PR),미국,반도체,일반,20260812
481180,KR7481180008,SOL 미국AI소프트웨어,신한자산운용,0.45,142854750000,16515,16526.59,2024-05-14,주식,해외,실물(패시브),배당소득세(보유기간과세),KEDI 미국 AI 소프트웨어지수(PR),미국,AI·테크,일반,20260812
486450,KR7486450000,SOL 미국AI전력인프라,신한자산운용,0.45,250275000000,21300,21128.34,2024-07-16,주식,해외,실물(패시브),배당소득세(보유기간과세),KEDI 미국AI전력인프라 지수(PR),미국,AI·테크,일반,20260812
433330,KR7433330008,SOL 미국S&P500,신한자산운용,0.05,296846000000,22660,22653.62,2022-06-21,주식,해외,실물(패시브),배당소득세(보유기간과세),S&P 500,미국,광범위지수,일반,20260812
399110,KR7399110006,SOL 미국S&P500ESG,신한자산운용,0.15,121520000000,21700,21551.62,2021-09-14,주식,해외,실물(패시브),배당소득세(보유기간과세),S&P500 Scored&Screened(PR),미국,광범위지수,일반,20260812
0080X0,KR70080X0008,SOL 미국S&P500미국채혼합50,신한자산운용,0.15,73450000000,11300,11282.69,2025-07-15,혼합자산,해외,실물(패시브),배당소득세(보유기간과세),S&P 500 and iBoxx $ Treasuries 7-10Y 5050 Blend Index(USD) PR/TR Hybrid,미국,광범위지수,일반,20260812
499150,KR7499150001,SOL 미국S&P500엔화노출(H),신한자산운용,0.15,5552500000,11105,11164.62,2024-12-03,주식,해외,실물(패시브),배당소득세(보유기간과세),S&P500 Yen Hedged Index(PR),미국,광범위지수,일반,20260812
447620,KR7447620006,SOL 미국TOP5채권혼합50,신한자산운용,0.25,125229000000,16055,16048.01,2022-11-29,혼합자산,국내&해외,실물(패시브),배당소득세(보유기간과세),Solactive US TOP5 Balanced50 Index(PR),미국,기타,일반,20260812
476030,KR7476030002,SOL 미국나스닥100,신한자산운용,0.05,133532000000,17570,17532.25,2024-03-12,주식,해외,실물(패시브),배당소득세(보유기간과세),NASDAQ 100,미국,광범위지수,일반,20260812
0118S0,KR70118S0001,SOL 미국넥스트테크TOP10액티브,신한자산운용,0.55,52279000000,11365,11268.01,2025-10-28,주식,해외,실물(액티브),배당소득세(보유기간과세),KEDI 미국넥스트테크TOP10(PR),미국,AI·테크,일반,20260812
493420,KR7493420004,SOL 미국배당다우존스2호,신한자산운용,0.05,27447000000,13070,13017.49,2024-10-08,주식,해외,실물(패시브),배당소득세(보유기간과세),Dow Jones U.S. Dividend 100 Index(TR),미국,배당주,일반,20260812
446720,KR7446720005,SOL 미국배당다우존스,신한자산운용,0.01,1046144000000,14080,14082.21,2022-11-15,주식,해외,실물(패시브),배당소득세(보유기간과세),Dow Jones U.S. Dividend 100 Price Return Index,미국,배당주,일반,20260812
490490,KR7490490000,SOL 미국배당미국채혼합50,신한자산운용,0.15,481080000000,11400,11349.99,2024-09-24,혼합자산,해외,실물(패시브),배당소득세(보유기간과세),KRX 다우존스 미국배당국채 혼합지수,미국,채권·금리,혼합,20260812
0023A0,KR70023A0005,SOL 미국양자컴퓨팅TOP10,신한자산운용,0.45,433858250000,26215,26059.26,2025-03-11,주식,해외,실물(패시브),배당소득세(보유기간과세),KEDI 미국양자컴퓨팅 TOP10(PR),미국,AI·테크,일반,20260812
0181L0,KR70181L0000,SOL 미국우주항공TOP10,신한자산운용,0.45,66502000000,8110,8078.16,2026-04-21,주식,해외,실물(패시브),배당소득세(보유기간과세),KEDI 미국우주항공 TOP10(PR),미국,방산·우주,일반,20260812
0051G0,KR70051G0004,SOL 미국원자력SMR,신한자산운용,0.45,174440000000,14240,14194.66,2025-05-20,주식,해외,실물(패시브),배당소득세(보유기간과세),KEDI 미국원자력 SMR 지수(PR),미국,에너지·원자력,일반,20260812
481190,KR7481190007,SOL 미국테크TOP10,신한자산운용,0.05,291720000000,17160,17129.33,2024-05-21,주식,해외,실물(패시브),배당소득세(보유기간과세),Solactive US Tech TOP 10 Custom Index(PR),미국,AI·테크,일반,20260812
475300,KR7475300000,SOL 반도체전공정,신한자산운용,0.45,284008000000,20960,21008.35,2024-02-14,주식,국내,실물(패시브),비과세,FnGuide 반도체 전공정 지수(PR),한국,반도체,일반,20260812
475310,KR7475310009,SOL 반도체후공정,신한자산운용,0.45,69258750000,25185,25136.94,2024-02-14,주식,국내,실물(패시브),비과세,FnGuide 반도체 후공정 지수(PR),한국,반도체,일반,20260812
0152E0,KR70152E0004,SOL 배당성향탑픽액티브,신한자산운용,0.3,26676000000,11115,11084.75,2026-01-13,주식,국내,실물(액티브),배당소득세(보유기간과세),FnGuide 배당성향탑픽 지수(PR),한국,배당주,일반,20260812
0207G0,KR70207G0007,SOL 우주항공밸류체인,신한자산운용,0.45,43010000000,7480,7467.0,2026-06-16,주식,국내,실물(패시브),비과세,Akros 우주항공밸류체인 지수(PR),한국,방산·우주,일반,20260812
400580,KR7400580007,SOL 유럽탄소배출권선물S&P(H),신한자산운용,0.55,5800000000,11600,11688.71,2021-09-30,기타,해외,실물(패시브),배당소득세(보유기간과세),S&P GSCI Carbon Emission Allowances(EUA)(EUR)ER,글로벌,기타,일반,20260812
464610,KR7464610005,SOL 의료기기소부장Fn,신한자산운용,0.45,11846500000,8170,8175.19,2023-08-22,주식,국내,실물(패시브),비과세,FnGuide 의료기기소부장지수(PR),한국,바이오·헬스케어,일반,20260812
466930,KR7466930005,SOL 자동차TOP3플러스,신한자산운용,0.45,219945000000,26660,26695.39,2023-10-05,주식,국내,실물(패시브),비과세,FnGuide 자동차TOP3플러스지수(PR),한국,자동차,일반,20260812
464600,KR7464600006,SOL 자동차소부장Fn,신한자산운용,0.45,23013750000,24225,24231.87,2023-08-22,주식,국내,실물(패시브),비과세,FnGuide 자동차소부장지수(PR),한국,자동차,일반,20260812
0005D0,KR70005D0004,SOL 전고체배터리&실리콘음극재,신한자산운용,0.45,142135500000,14430,14434.56,2025-01-07,주식,국내,실물(패시브),비과세,FnGuide 전고체배터리&실리콘음극재 지수(PR),한국,2차전지,일반,20260812
0080Y0,KR70080Y0007,SOL 조선TOP3플러스레버리지,신한자산운용,0.5,124650500000,9815,9819.32,2025-07-15,주식,국내,실물(패시브),배당소득세(보유기간과세),FnGuide 조선TOP3플러스지수(PR),한국,조선·기계,일반,20260812
466920,KR7466920006,SOL 조선TOP3플러스,신한자산운용,0.45,1559426250000,29285,29304.04,2023-10-05,주식,국내,실물(패시브),비과세,FnGuide 조선TOP3플러스지수(PR),한국,조선·기계,일반,20260812
0141S0,KR70141S0002,SOL 조선기자재,신한자산운용,0.45,59697750000,8715,8711.22,2025-12-16,주식,국내,실물(패시브),비과세,FnGuide 조선기자재 지수(PR),한국,조선·기계,일반,20260812
0141T0,KR70141T0001,SOL 중기종합채권(AA-이상)액티브,신한자산운용,0.05,41422480000,50270,50276.54,2025-12-16,채권,국내,실물(액티브),배당소득세(보유기간과세),"KAP K-중기종합채권지수(AA-이상,총수익)",한국,채권·금리,일반,20260812
0016X0,KR70016X0007,SOL 중단기회사채(A-이상)액티브,신한자산운용,0.05,419814060000,51410,51406.74,2025-02-18,채권,국내,실물(액티브),배당소득세(보유기간과세),KIS 중단기크레딧플러스채권(AA+~A-)지수(총수익),한국,채권·금리,일반,20260812
220130,KR7220130009,SOL 차이나강소기업CSI500(합성 H),신한자산운용,0.6,5604000000,7005,6963.24,2015-06-08,주식,해외,합성(패시브),배당소득세(보유기간과세),CSI 500 지수,중국,광범위지수,일반,20260812
0131A0,KR70131A0004,SOL 차이나소비트렌드,신한자산운용,0.45,4737000000,7895,8051.05,2025-11-25,주식,해외,실물(패시브),배당소득세(보유기간과세),SOLACTIVE-KEDI CHINA CONSUMER TREND INDEX(PR),중국,소비재,일반,20260812
415760,KR7415760008,SOL 차이나육성산업액티브(합성),신한자산운용,0.55,19176000000,14100,14037.98,2022-01-13,주식,해외,합성(액티브),배당소득세(보유기간과세),STAR 50 Index(Price Return),기타,기타,일반,20260812
413220,KR7413220005,SOL 차이나태양광CSI(합성),신한자산운용,0.5,5922000000,4935,4885.71,2021-12-22,주식,해외,합성(패시브),배당소득세(보유기간과세),CSI Photovoltaic Industry Index(PR),중국,광범위지수,일반,20260812
469830,KR7469830004,SOL 초단기채권액티브,신한자산운용,0.05,1007902440000,54270,54267.69,2023-11-07,채권,국내,실물(액티브),배당소득세(보유기간과세),KAP 단기자금시장지수,한국,채권·금리,일반,20260812
0105E0,KR70105E0002,SOL 코리아고배당,신한자산운용,0.159,541337000000,13060,12966.61,2025-09-23,주식,국내,실물(패시브),비과세,FnGuide 코리아 고배당 지수(PR),한국,배당주,일반,20260812
444200,KR7444200000,SOL 코리아메가테크액티브,신한자산운용,0.55,518685000000,45300,45214.06,2022-10-18,주식,국내,실물(액티브),배당소득세(보유기간과세),KEDI 메가테크지수(PR),한국,AI·테크,일반,20260812
495550,KR7495550006,SOL 코리아밸류업TR,신한자산운용,0.05,186322500000,31850,31806.73,2024-11-04,주식,국내,실물(패시브),배당소득세(보유기간과세),코리아 밸류업 TR 지수,한국,배당주,일반,20260812
450910,KR7450910005,SOL 코스닥150,신한자산운용,0.15,36838400000,14390,14425.97,2023-01-31,주식,국내,실물(패시브),비과세,코스닥 150,한국,광범위지수,일반,20260812
0192T0,KR70192T0009,SOL 코스닥TOP10,신한자산운용,0.15,32959500000,7665,7676.61,2026-05-19,주식,국내,실물(패시브),비과세,코스닥 TOP 10 지수,한국,광범위지수,일반,20260812
0192S0,KR70192S0000,SOL 코스피200채권혼합50,신한자산운용,0.15,19404000000,9240,9239.98,2026-05-19,혼합자산,국내,실물(패시브),배당소득세(보유기간과세),코스피 200 KTB 혼합지수,한국,채권·금리,혼합,20260812
0040X0,KR70040X0007,SOL 팔란티어미국채커버드콜혼합,신한자산운용,0.35,180584250000,9735,9766.05,2025-04-22,혼합자산,해외,실물(패시브),배당소득세(보유기간과세),KEDI 팔란티어미국채커버드콜혼합지수(NTR),미국,개별종목,커버드콜,20260812
0040Y0,KR70040Y0006,SOL 팔란티어커버드콜OTM채권혼합,신한자산운용,0.35,357158250000,8145,8185.73,2025-04-22,혼합자산,국내&해외,실물(패시브),배당소득세(보유기간과세),KEDI 팔란티어커버드콜OTM 채권혼합지수(NTR),미국,개별종목,커버드콜,20260812
0105D0,KR70105D0003,SOL 한국AI소프트웨어,신한자산운용,0.45,19057000000,10030,10035.02,2025-09-23,주식,국내,실물(패시브),비과세,KEDI 한국AI소프트웨어 지수(PR),한국,AI·테크,일반,20260812
0092B0,KR70092B0000,SOL 한국원자력SMR,신한자산운용,0.45,122199000000,15180,15145.7,2025-08-19,주식,국내,실물(패시브),비과세,FnGuide 한국원자력 SMR 지수(PR),한국,에너지·원자력,일반,20260812
429980,KR7429980006,SOL 한국형글로벌전기차&2차전지액티브,신한자산운용,0.55,8835000000,17670,17593.55,2022-06-14,주식,국내&해외,실물(액티브),배당소득세(보유기간과세),FactSet Global Electric Vehicle and Rechargeable Battery Korea-Tilted Index(PR),글로벌,2차전지,일반,20260812
0008T0,KR70008T0003,SOL 화장품TOP3플러스,신한자산운용,0.45,93112000000,18080,18101.6,2025-01-21,주식,국내,실물(패시브),비과세,FnGuide 화장품TOP3 플러스 지수(PR),한국,소비재,일반,20260812
452360,KR7452360001,SOL 미국배당다우존스(H),신한자산운용,0.05,221182500000,13405,13424.61,2023-03-21,주식,해외,실물(패시브),배당소득세(보유기간과세),Dow Jones U.S. Dividend 100 Price Return Index,미국,배당주,일반,20260812
436140,KR7436140008,SOL 종합채권(AA-이상)액티브,신한자산운용,0.04,1295542800000,105845,105859.95,2022-08-09,채권,국내,실물(액티브),배당소득세(보유기간과세),"KAP K-종합채권지수(AA-이상, 총수익)",한국,채권·금리,일반,20260812
462340,KR7462340001,에셋플러스 글로벌다이나믹시니어액티브,에셋플러스자산운용,0.99,8545000000,17090,17071.19,2023-07-25,주식,해외,실물(액티브),배당소득세(보유기간과세),S&P 500,미국,광범위지수,일반,20260812
433220,KR7433220001,에셋플러스 글로벌대장장이액티브,에셋플러스자산운용,0.99,22899300000,30945,30668.77,2022-06-28,주식,해외,실물(액티브),배당소득세(보유기간과세),S&P 500,미국,광범위지수,일반,20260812
451150,KR7451150007,에셋플러스 글로벌영에이지액티브,에셋플러스자산운용,0.99,11377000000,18350,18345.58,2023-01-31,주식,해외,실물(액티브),배당소득세(보유기간과세),S&P 500,미국,광범위지수,일반,20260812
477490,KR7477490007,에셋플러스 글로벌일등기업포커스10액티브,에셋플러스자산운용,0.99,17685000000,19650,19564.86,2024-03-19,주식,해외,실물(액티브),배당소득세(보유기간과세),MSCI World,글로벌,광범위지수,일반,20260812
407830,KR7407830009,에셋플러스 글로벌플랫폼액티브,에셋플러스자산운용,0.99,34176000000,14240,14225.0,2021-11-16,주식,해외,실물(액티브),배당소득세(보유기간과세),S&P 500,미국,광범위지수,일반,20260812
0002C0,KR70002C0008,에셋플러스 인도일등기업포커스20액티브,에셋플러스자산운용,0.99,10843200000,10040,10075.26,2025-02-25,주식,해외,실물(액티브),배당소득세(보유기간과세),MSCI India IMI Index(PR),인도,광범위지수,일반,20260812
474920,KR7474920006,에셋플러스 차이나일등기업포커스10액티브,에셋플러스자산운용,0.99,17925800000,19070,19287.49,2024-01-16,주식,해외,실물(액티브),배당소득세(보유기간과세),"MSCI China Index(USD, Price Return)",중국,광범위지수,일반,20260812
442090,KR7442090007,에셋플러스 코리아대장장이액티브,에셋플러스자산운용,0.975,44085000000,29390,29571.92,2022-09-20,주식,국내,실물(액티브),배당소득세(보유기간과세),FnGuide 대장장이 지수(Price Return),한국,기타,일반,20260812
407820,KR7407820000,에셋플러스 코리아플랫폼액티브,에셋플러스자산운용,0.975,11565000000,6425,6402.65,2021-11-16,주식,국내,실물(액티브),배당소득세(보유기간과세),FnGuide 플랫폼 지수(Price Return),한국,AI·테크,일반,20260812
448100,KR7448100008,WON 200,우리자산운용,0.05,119407500000,106140,106457.64,2022-12-16,주식,국내,실물(패시브),비과세,코스피 200,한국,광범위지수,일반,20260812
413930,KR7413930009,WON AI ESG액티브,우리자산운용,0.31,14649250000,26635,26770.21,2022-01-05,주식,국내,실물(액티브),배당소득세(보유기간과세),MK-iSelect AI ESG 지수(시장가격지수),한국,AI·테크,일반,20260812
0088N0,KR70088N0002,WON K-글로벌수급상위,우리자산운용,0.69,13625000000,10900,10884.21,2025-08-12,주식,국내,실물(패시브),비과세,DeepSearch 외인수급 Top20 지수,한국,기타,일반,20260812
458030,KR7458030004,WON 국공채머니마켓액티브,우리자산운용,0.065,77919100000,54950,54950.57,2023-05-31,채권,국내,실물(액티브),배당소득세(보유기간과세),KAP 국공채 머니마켓 총수익 지수,한국,기타,일반,20260812
426150,KR7426150009,WON 대한민국국고채액티브,우리자산운용,0.07,30623740000,50870,50852.13,2022-05-11,채권,국내,실물(액티브),배당소득세(보유기간과세),KAP 한국 국고채 총수익 지수,한국,채권·금리,일반,20260812
0177A0,KR70177A0009,WON 두산그룹포커스,우리자산운용,0.33,22123500000,9030,9021.58,2026-03-31,주식,국내,실물(패시브),비과세,iSelect 두산그룹 포커스 지수,한국,기타,일반,20260812
444490,KR7444490007,WON 미국S&P500,우리자산운용,0.05,89547500000,20825,20799.97,2022-10-06,주식,해외,실물(패시브),배당소득세(보유기간과세),S&P 500,미국,광범위지수,일반,20260812
489290,KR7489290007,WON 미국빌리어네어,우리자산운용,0.49,27972000000,15540,15540.41,2024-09-03,주식,해외,실물(패시브),배당소득세(보유기간과세),Bloomberg US Billionaires Investment Select Index(PR),미국,기타,일반,20260812
440910,KR7440910008,WON 미국우주항공방산,우리자산운용,0.35,62062000000,28210,28139.98,2022-08-26,주식,해외,실물(패시브),배당소득세(보유기간과세),S&P Aerospace & Defense Select Industry Index(PR),기타,방산·우주,일반,20260812
474590,KR7474590007,WON 반도체밸류체인액티브,우리자산운용,0.31,339508750000,42175,42117.58,2024-01-16,주식,국내,실물(액티브),배당소득세(보유기간과세),FnGuide 반도체 밸류체인 (Price Return) 지수,한국,반도체,일반,20260812
0203S0,KR70203S0007,WON 삼성전자현대차채권혼합50,우리자산운용,0.18,28594500000,8665,8652.96,2026-06-02,혼합자산,국내,실물(패시브),배당소득세(보유기간과세),KAP 삼성전자현대차채권혼합지수,한국,개별종목,혼합,20260812
496020,KR7496020009,WON 전단채플러스액티브,우리자산운용,0.05,346623200000,52360,52358.68,2024-11-19,채권,국내,실물(액티브),배당소득세(보유기간과세),KIS 전단채플러스 TR 지수,한국,기타,일반,20260812
488720,KR7488720004,WON 종합채권(AA-이상)액티브,우리자산운용,0.045,129738800000,48410,48469.57,2024-08-06,채권,국내,실물(액티브),배당소득세(보유기간과세),KIS 종합채권시장 총수익지수(AA-이상),한국,채권·금리,일반,20260812
0203R0,KR70203R0008,WON 중단기종합채권(A-이상)액티브,우리자산운용,0.091,19163400000,50430,50425.24,2026-06-02,채권,국내,실물(액티브),배당소득세(보유기간과세),KAP 중단기 종합채권 총수익 지수(A-이상),한국,채권·금리,일반,20260812
0154F0,KR70154F0001,WON 초대형IB&금융지주,우리자산운용,0.29,35813000000,12140,12187.37,2026-01-20,주식,국내,실물(패시브),비과세,iSelect 초대형IB&금융지주 지수,한국,금융,일반,20260812
0226G0,KR70226G0004,WON 피지컬AI TOP2플러스액티브,우리자산운용,0.49,9880000000,12350,12336.7,2026-08-04,주식,국내,실물(액티브),배당소득세(보유기간과세),FnGuide 피지컬AI TOP2플러스 지수,한국,AI·테크,일반,20260812
480460,KR7480460005,WON 한국부동산TOP3플러스,우리자산운용,0.25,9375000000,9375,9437.01,2024-04-30,부동산,국내,실물(패시브),비과세(분리과세부동산ETF),DeepSearch 한국부동산TOP3플러스 지수,한국,리츠·부동산,일반,20260812
108590,KR7108590001,TREX 200,유리에셋,0.325,20577000000,102885,103119.68,2009-01-23,주식,국내,실물(패시브),비과세,코스피 200,한국,광범위지수,일반,20260812
145850,KR7145850004,TREX 펀더멘탈 200,유리에셋,0.34,29088750000,116355,115525.42,2011-09-23,주식,국내,실물(패시브),비과세,FnGuide-RAFI 코리아200 지수,한국,기타,일반,20260812
483570,KR7483570008,KCGI 미국S&P500 TOP10,케이씨지아이자산운용,0.36,25968000000,16230,16141.38,2024-05-28,주식,해외,실물(패시브),배당소득세(보유기간과세),S&P500 Top10 25% Capped Index(PR),미국,광범위지수,일반,20260812
153270,KR7153270004,KIWOOM 코스피100,키움투자자산운용,0.195,33553800000,79890,79865.73,2012-02-28,주식,국내,실물(패시브),비과세,코스피 100,한국,광범위지수,일반,20260812
167860,KR7167860006,KIWOOM 국고채10년레버리지,키움투자자산운용,0.3,26751050000,92245,92472.61,2012-10-30,채권,국내,실물(패시브),배당소득세(보유기간과세),KIS 10년 국고채 지수 (총수익),한국,채권·금리,일반,20260812
148070,KR7148070006,KIWOOM 국고채10년,키움투자자산운용,0.05,407567745000,104585,104680.53,2011-10-20,채권,국내,실물(패시브),배당소득세(보유기간과세),KIS 10년 국고채 지수 (총수익),한국,채권·금리,일반,20260812
069660,KR7069660009,KIWOOM 200,키움투자자산운용,0.05,721945000000,103135,103425.52,2002-10-14,주식,국내,실물(패시브),비과세,코스피 200,한국,광범위지수,일반,20260812
294400,KR7294400007,KIWOOM 200TR,키움투자자산운용,0.012,1748466000000,135540,135791.07,2018-04-23,주식,국내,실물(패시브),배당소득세(보유기간과세),코스피 200 TR,한국,광범위지수,일반,20260812
253250,KR7253250005,KIWOOM 200선물레버리지,키움투자자산운용,0.46,26613300000,91770,92414.68,2016-09-12,주식,국내,실물(패시브),배당소득세(보유기간과세),코스피 200 선물지수,한국,광범위지수,일반,20260812
253230,KR7253230007,KIWOOM 200선물인버스2X,키움투자자산운용,0.46,2499200000,88,87.05,2016-09-22,주식,국내,실물(패시브),배당소득세(보유기간과세),코스피 200 선물지수,한국,광범위지수,일반,20260812
253240,KR7253240006,KIWOOM 200선물인버스,키움투자자산운용,0.46,1705560000,1398,1395.02,2016-09-12,주식,국내,실물(패시브),배당소득세(보유기간과세),코스피 200 선물지수,한국,광범위지수,일반,20260812
464240,KR7464240001,KIWOOM 26-09회사채(AA-이상)액티브,키움투자자산운용,0.07,154462000000,52360,52331.19,2023-08-17,채권,국내,실물(액티브),배당소득세(보유기간과세),KIS 2609 만기형 크레딧 종합채권 지수(AA-이상)(총수익지수),한국,채권·금리,일반,20260812
458210,KR7458210002,KIWOOM CD금리액티브(합성),키움투자자산운용,0.03,148287345000,110415,110409.19,2023-05-23,기타,국내,합성(액티브),배당소득세(보유기간과세),FnGuide CD91일 금리투자 지수(총수익),한국,채권·금리,일반,20260812
488200,KR7488200007,KIWOOM K-2차전지북미공급망,키움투자자산운용,0.49,5609250000,12465,12445.43,2024-07-23,주식,국내,실물(패시브),비과세,Solactive K-Battery North America Supply Chain 지수,한국,2차전지,일반,20260812
488210,KR7488210006,KIWOOM K-반도체북미공급망,키움투자자산운용,0.49,4173000000,20865,20973.54,2024-07-23,주식,국내,실물(패시브),비과세,Solactive K-Semiconductor North America Supply Chain 지수,한국,반도체,일반,20260812
100910,KR7100910009,KIWOOM KRX100,키움투자자산운용,0.23,63609000000,16310,16346.04,2008-01-23,주식,국내,실물(패시브),비과세,KRX 100,한국,광범위지수,일반,20260812
200250,KR7200250009,KIWOOM 인도Nifty50(합성),키움투자자산운용,0.29,175617000000,22230,22467.49,2014-06-26,주식,해외,합성(패시브),배당소득세(보유기간과세),Nifty 50 Index,인도,광범위지수,일반,20260812
0194R0,KR70194R0009,KIWOOM SK하이닉스선물단일종목레버리지,키움투자자산운용,0.25,11050000000,6800,6913.94,2026-05-27,주식,국내,실물(패시브),배당소득세(보유기간과세),KRX SK하이닉스 선물 지수,한국,개별종목,일반,20260812
0084E0,KR70084E0007,KIWOOM 미국대형주500월간목표헤지액티브,키움투자자산운용,0.49,12138250000,10555,10547.1,2025-10-21,혼합자산,해외,실물(액티브),배당소득세(보유기간과세),Akros 미국대형주500 월간방어적배분 지수(TR),미국,기타,일반,20260812
0084D0,KR70084D0008,KIWOOM 미국테크100월간목표헤지액티브,키움투자자산운용,0.49,9332000000,11665,11687.84,2025-07-22,혼합자산,해외,실물(액티브),배당소득세(보유기간과세),Akros 미국테크100 월간방어적배분 지수(TR),미국,AI·테크,일반,20260812
114470,KR7114470008,KIWOOM 국고채3년,키움투자자산운용,0.05,52920000000,108000,108028.09,2009-07-31,채권,국내,실물(패시브),배당소득세(보유기간과세),KTB INDEX(시장가격),한국,채권·금리,일반,20260812
471460,KR7471460006,KIWOOM 국고채30년액티브,키움투자자산운용,0.035,22405000000,44810,44797.97,2023-11-07,채권,국내,실물(액티브),배당소득세(보유기간과세),KIS-키움 국고채30년 지수(총수익지수),한국,채권·금리,일반,20260812
473490,KR7473490001,KIWOOM 글로벌AI반도체,키움투자자산운용,0.4,46125000000,30750,30582.79,2023-12-21,주식,국내&해외,실물(패시브),배당소득세(보유기간과세),Solactive Global AI Semiconductor Index (Price Return),글로벌,반도체,일반,20260812
489860,KR7489860007,KIWOOM 글로벌전력GRID인프라,키움투자자산운용,0.49,13612750000,16015,16080.24,2024-08-27,주식,국내&해외,실물(패시브),배당소득세(보유기간과세),NASDAQ OMX Clean Edge Smart Grid Infrastructure Index,미국,기타,일반,20260812
130730,KR7130730005,KIWOOM 단기자금,키움투자자산운용,0.05,72129395000,102895,102885.29,2010-07-29,채권,국내,실물(패시브),배당소득세(보유기간과세),MK 머니마켓 지수(총수익),한국,기타,일반,20260812
419890,KR7419890009,KIWOOM 단기채권ESG액티브,키움투자자산운용,0.15,62332600000,107470,107434.42,2022-03-03,채권,국내,실물(액티브),배당소득세(보유기간과세),KIS ESG 9M~1.5Y,한국,광범위지수,일반,20260812
411860,KR7411860000,KIWOOM 독일DAX,키움투자자산운용,0.25,5295000000,17650,17645.02,2021-12-22,주식,해외,실물(패시브),배당소득세(보유기간과세),DAX Index(PR),유럽,기타,일반,20260812
476450,KR7476450002,KIWOOM 머니마켓액티브,키움투자자산운용,0.05,159304320000,52680,52673.7,2024-02-29,채권,국내,실물(액티브),배당소득세(보유기간과세),KIS-키움 MMF지수(총수익지수),한국,채권·금리,일반,20260812
430500,KR7430500009,KIWOOM 물가채KIS,키움투자자산운용,0.15,11250000000,112500,112673.06,2022-05-31,채권,국내,실물(패시브),배당소득세(보유기간과세),KIS TIPS 지수(총수익),한국,기타,일반,20260812
0190M0,KR70190M0008,KIWOOM 미국AI테크하이베타,키움투자자산운용,0.49,21696000000,9040,8841.52,2026-05-12,주식,해외,실물(패시브),배당소득세(보유기간과세),Akros 미국AI&프론티어테크 하이베타 지수,미국,AI·테크,일반,20260812
0224D0,KR70224D0009,KIWOOM 미국CPU반도체TOP4+,키움투자자산운용,0.49,9700000000,9700,9671.27,2026-07-28,주식,해외,실물(패시브),배당소득세(보유기간과세),iSelect 미국CPU반도체TOP4 지수,미국,반도체,일반,20260812
0127V0,KR70127V0005,KIWOOM 미국S&P500 TOP10&배당다우비중전환,키움투자자산운용,0.19,13756250000,11005,10975.66,2025-11-11,주식,해외,실물(패시브),배당소득세(보유기간과세),S&P500 TOP10 생애배당다우존스 2040 지수,미국,배당주,일반,20260812
0137W0,KR70137W0002,KIWOOM 미국S&P500&GOLD,키움투자자산운용,0.01,28836000000,10680,10715.07,2025-12-09,주식,해외,실물(패시브),배당소득세(보유기간과세),S&P500 & S&P GSCI 금현물 90/10 혼합지수,미국,광범위지수,혼합,20260812
0127T0,KR70127T0009,KIWOOM 미국S&P500&배당다우존스비중전환,키움투자자산운용,0.09,13698000000,11415,11398.44,2025-11-11,주식,해외,실물(패시브),배당소득세(보유기간과세),S&P500 생애배당다우존스 2040 지수,미국,배당주,일반,20260812
0137V0,KR70137V0003,KIWOOM 미국S&P500모멘텀,키움투자자산운용,0.12,95030250000,11805,11757.0,2025-12-09,주식,해외,실물(패시브),배당소득세(보유기간과세),S&P500 모멘텀 지수,미국,광범위지수,일반,20260812
449770,KR7449770007,KIWOOM 미국S&P500,키움투자자산운용,0.021,106501500000,21735,21705.59,2022-12-20,주식,해외,실물(패시브),배당소득세(보유기간과세),S&P 500,미국,광범위지수,일반,20260812
449780,KR7449780006,KIWOOM 미국S&P500(H),키움투자자산운용,0.04,33831000000,18795,18786.41,2022-12-20,주식,해외,실물(패시브),배당소득세(보유기간과세),S&P 500,미국,광범위지수,일반,20260812
0107F0,KR70107F0009,KIWOOM 미국고배당&AI테크,키움투자자산운용,0.45,30115500000,11810,11848.4,2025-09-23,주식,해외,실물(패시브),배당소득세(보유기간과세),Akros 미국AI테크TOP10&미국고배당3070 지수,미국,AI·테크,일반,20260812
453080,KR7453080004,KIWOOM 미국나스닥100(H),키움투자자산운용,0.04,89661000000,22990,22939.77,2023-03-14,주식,해외,실물(패시브),배당소득세(보유기간과세),NASDAQ 100,미국,광범위지수,일반,20260812
460270,KR7460270002,KIWOOM 미국달러SOFR금리액티브(합성),키움투자자산운용,0.05,10416600000,12860,12852.74,2023-06-20,기타,해외,합성(액티브),배당소득세(보유기간과세),Solactive SOFR Daily Total Return Index,미국,채권·금리,일반,20260812
230480,KR7230480006,KIWOOM 미국달러선물인버스2X,키움투자자산운용,0.64,8844000000,4400,4414.21,2015-11-16,통화,국내,실물(패시브),배당소득세(보유기간과세),미국달러선물지수,한국,기타,일반,20260812
225800,KR7225800002,KIWOOM 미국달러선물레버리지,키움투자자산운용,0.64,8055450000,15795,15798.08,2015-08-10,통화,국내,실물(패시브),배당소득세(보유기간과세),미국달러선물지수,한국,기타,일반,20260812
139660,KR7139660005,KIWOOM 미국달러선물인버스,키움투자자산운용,0.49,7134000000,8200,8187.05,2011-04-01,통화,국내,실물(패시브),배당소득세(보유기간과세),미국달러선물지수,한국,기타,일반,20260812
138230,KR7138230008,KIWOOM 미국달러선물,키움투자자산운용,0.37,23983000000,16540,16576.23,2011-02-24,통화,국내,실물(패시브),배당소득세(보유기간과세),미국달러선물지수,한국,기타,일반,20260812
373790,KR7373790005,KIWOOM 미국방어배당성장나스닥,키움투자자산운용,0.4,4536000000,16200,16144.74,2020-12-24,주식,해외,실물(패시브),배당소득세(보유기간과세),Nasdaq US Low Volatility Dividend Achievers Index,미국,배당주,일반,20260812
483030,KR7483030003,KIWOOM 미국블록버스터바이오테크의약품+,키움투자자산운용,0.49,5328000000,11840,11925.49,2024-05-28,주식,해외,실물(패시브),배당소득세(보유기간과세),Solactive Blockbuster Biotech Drugs Index(PR),기타,바이오·헬스케어,일반,20260812
459790,KR7459790002,KIWOOM 미국성장기업30액티브,키움투자자산운용,0.76,28350000000,21000,20830.63,2023-06-27,주식,해외,실물(액티브),배당소득세(보유기간과세),MSCI USA Index(Price Return),미국,광범위지수,일반,20260812
0174R0,KR70174R0003,KIWOOM 미국성장다우존스,키움투자자산운용,0.03,9991750000,11755,11697.23,2026-03-31,주식,해외,실물(패시브),배당소득세(보유기간과세),미국성장다우존스 지수,미국,기타,일반,20260812
498270,KR7498270008,KIWOOM 미국양자컴퓨팅,키움투자자산운용,0.49,232508000000,15710,15681.82,2024-12-17,주식,해외,실물(패시브),배당소득세(보유기간과세),Solactive U.S. Quantum Computing Index(PR),미국,AI·테크,일반,20260812
0207Z0,KR70207Z0004,KIWOOM 미국우주데이터센터인프라,키움투자자산운용,0.49,15739500000,7495,7484.6,2026-06-16,주식,해외,실물(패시브),배당소득세(보유기간과세),iSelect 미국 우주데이터센터인프라 지수,미국,AI·테크,일반,20260812
0216K0,KR70216K0000,KIWOOM 미국우주테크TOP2채권혼합50,키움투자자산운용,0.21,8940000000,8940,8953.7,2026-07-07,혼합자산,국내&해외,실물(패시브),배당소득세(보유기간과세),Akros 미국 우주 Top 2 채권혼합 지수,미국,방산·우주,혼합,20260812
474800,KR7474800000,KIWOOM 미국원유에너지기업,키움투자자산운용,0.29,34452000000,15660,15742.09,2024-01-16,주식,해외,실물(패시브),배당소득세(보유기간과세),MSCI US IMI Energy 25/50 Index(Price Return),미국,에너지·원자력,일반,20260812
104520,KR7104520002,KIWOOM 블루칩,키움투자자산운용,0.4,14935000000,14935,14924.52,2008-07-29,주식,국내,실물(패시브),비과세,MKF 블루칩,한국,기타,일반,20260812
0183V0,KR70183V0006,KIWOOM 삼성전자&SK하이닉스채권혼합50,키움투자자산운용,0.07,235340000000,11480,11285.53,2026-04-21,혼합자산,국내,실물(패시브),배당소득세(보유기간과세),FnGuide 삼성전자 & SK하이닉스 채권혼합 지수,한국,개별종목,혼합,20260812
0194N0,KR70194N0003,KIWOOM 삼성전자선물단일종목레버리지,키움투자자산운용,0.25,9581250000,10950,10990.81,2026-05-27,주식,국내,실물(패시브),배당소득세(보유기간과세),KRX 삼성전자 선물 지수,한국,개별종목,일반,20260812
0015E0,KR70015E0001,KIWOOM 엔비디아미국30년국채혼합액티브(H),키움투자자산운용,0.19,5242500000,10485,10535.8,2025-02-11,혼합자산,해외,실물(액티브),배당소득세(보유기간과세),Bloomberg Blended NVIDIA and US Long Treasury Bond Index,미국,개별종목,일반,20260812
483020,KR7483020004,KIWOOM 의료AI,키움투자자산운용,0.49,6045000000,10075,10067.82,2024-05-28,주식,국내,실물(패시브),비과세,FnGuide 의료AI 지수,한국,AI·테크,일반,20260812
435530,KR7435530001,KIWOOM TDF2030액티브 적격,키움투자자산운용,0.3,7865000000,15730,15693.8,2022-06-30,혼합자산,국내&해외,실물(액티브),배당소득세(보유기간과세),Dow Jones Target 2030 Index (Total Return),미국,기타,일반,20260812
435540,KR7435540000,KIWOOM TDF2040액티브 적격,키움투자자산운용,0.34,8890000000,17780,17732.05,2022-06-30,혼합자산,국내&해외,실물(액티브),배당소득세(보유기간과세),Dow Jones Target 2040 Index (Total Return),미국,기타,일반,20260812
435550,KR7435550009,KIWOOM TDF2050액티브 적격,키움투자자산운용,0.38,12824000000,18320,18275.95,2022-06-30,혼합자산,국내&해외,실물(액티브),배당소득세(보유기간과세),Dow Jones Target 2050 Index (Total Return),미국,기타,일반,20260812
454780,KR7454780008,KIWOOM 종합채권(AA-이상)액티브,키움투자자산운용,0.025,288459060000,99195,99183.21,2023-04-11,채권,국내,실물(액티브),배당소득세(보유기간과세),KIS 종합 채권시장지수(AA-이상)(총수익지수),한국,채권·금리,일반,20260812
454180,KR7454180001,KIWOOM 차이나내수소비TOP CSI,키움투자자산운용,0.42,3158000000,7895,8037.07,2023-04-04,주식,해외,실물(패시브),배당소득세(보유기간과세),CSI SH-HK-SZ Consumer Top Index,중국,소비재,일반,20260812
104530,KR7104530001,KIWOOM 코리아고배당,키움투자자산운용,0.19,36367000000,17740,17623.42,2008-07-29,주식,국내,실물(패시브),비과세,MKF 웰스 고배당20,한국,배당주,일반,20260812
496090,KR7496090002,KIWOOM 코리아밸류업,키움투자자산운용,0.009,100717500000,30990,31123.23,2024-11-04,주식,국내,실물(패시브),비과세,코리아 밸류업 지수,한국,배당주,일반,20260812
469790,KR7469790000,KIWOOM 코리아테크TOP10,키움투자자산운용,0.39,28983500000,41405,41578.91,2023-10-31,주식,국내,실물(패시브),비과세,Solactive K-TechTOP10 Index(PR),한국,기타,일반,20260812
291630,KR7291630002,KIWOOM 코스닥150선물레버리지,키움투자자산운용,0.09,5626000000,3880,3868.26,2018-03-16,주식,국내,실물(패시브),배당소득세(보유기간과세),F-코스닥150 지수,한국,광범위지수,일반,20260812
291620,KR7291620003,KIWOOM 코스닥150선물인버스,키움투자자산운용,0.09,2356950000,4135,4167.44,2018-03-16,주식,국내,실물(패시브),배당소득세(보유기간과세),F-코스닥150 지수,한국,광범위지수,일반,20260812
316670,KR7316670009,KIWOOM 코스닥150,키움투자자산운용,0.15,48150400000,7340,7351.89,2019-01-22,주식,국내,실물(패시브),비과세,코스닥 150,한국,광범위지수,일반,20260812
0198A0,KR70198A0004,KIWOOM 코스닥150커버드콜액티브,키움투자자산운용,0.63,55216000000,9280,9265.4,2026-06-30,주식,국내,실물(액티브),배당소득세(보유기간과세),코스닥 150 위클리 고정 30% 커버드콜 지수,한국,광범위지수,커버드콜,20260812
122260,KR7122260003,KIWOOM 통안채1년,키움투자자산운용,0.05,33299200000,104060,104041.89,2010-01-14,채권,국내,실물(패시브),배당소득세(보유기간과세),MK 통안채지수(총수익),한국,채권·금리,일반,20260812
0015F0,KR70015F0000,KIWOOM 팔란티어미국30년국채혼합액티브(H),키움투자자산운용,0.19,13669500000,10515,10560.2,2025-02-11,혼합자산,해외,실물(액티브),배당소득세(보유기간과세),Bloomberg Blended PALANTIR and US Long Treasury Bond Index,미국,개별종목,일반,20260812
0097L0,KR70097L0003,KIWOOM 한국고배당&미국AI테크,키움투자자산운용,0.45,26199000000,12780,12762.28,2025-09-02,주식,국내&해외,실물(패시브),배당소득세(보유기간과세),Akros 미국AI테크TOP10&한국고배당3070 지수,미국,AI·테크,일반,20260812
0220A0,KR70220A0006,KIWOOM 현대차그룹TOP3채권혼합50,키움투자자산운용,0.15,15304000000,9565,9577.1,2026-07-14,혼합자산,국내,실물(패시브),배당소득세(보유기간과세),FnGuide 현대차그룹TOP3 채권혼합 지수,한국,개별종목,혼합,20260812
441800,KR7441800000,TIME Korea플러스배당액티브,타임폴리오자산운용,0.8,763692000000,27670,27727.55,2022-09-27,주식,국내,실물(액티브),배당소득세(보유기간과세),코스피 200,한국,광범위지수,일반,20260812
463050,KR7463050005,TIME K바이오액티브,타임폴리오자산운용,0.8,233793750000,13875,13819.64,2023-08-17,주식,국내,실물(액티브),배당소득세(보유기간과세),KRX 헬스케어,한국,바이오·헬스케어,일반,20260812
404120,KR7404120008,TIME K신재생에너지액티브,타임폴리오자산운용,0.8,17262000000,24660,24556.97,2021-10-29,주식,국내,실물(액티브),배당소득세(보유기간과세),KRX 기후변화 솔루션지수,한국,기타,일반,20260812
385710,KR7385710009,TIME K이노베이션액티브,타임폴리오자산운용,0.8,11065000000,11065,11015.1,2021-05-25,주식,국내,실물(액티브),배당소득세(보유기간과세),KRX BBIG 지수,한국,기타,일반,20260812
410870,KR7410870000,TIME K컬처액티브,타임폴리오자산운용,0.8,12024000000,10020,10059.56,2021-12-15,주식,국내,실물(액티브),배당소득세(보유기간과세),FnGuide K-컬처 지수,한국,기타,일반,20260812
456600,KR7456600006,TIME 글로벌AI인공지능액티브,타임폴리오자산운용,0.8,2177396400000,58785,58266.26,2023-05-16,주식,해외,실물(액티브),배당소득세(보유기간과세),Solactive Global Artificial Intelligence 지수,글로벌,AI·테크,일반,20260812
485810,KR7485810006,TIME 글로벌바이오액티브,타임폴리오자산운용,0.8,12155000000,11050,11073.21,2024-07-02,주식,해외,실물(액티브),배당소득세(보유기간과세),KEDI 글로벌 불로장생바이오 지수(원화환산),글로벌,바이오·헬스케어,일반,20260812
494180,KR7494180003,TIME 글로벌소비트렌드액티브,타임폴리오자산운용,0.8,10956000000,13695,13772.75,2024-10-29,주식,해외,실물(액티브),배당소득세(보유기간과세),Solactive 뉴에이지컨수머지수,기타,기타,일반,20260812
478150,KR7478150006,TIME 글로벌우주테크&방산액티브,타임폴리오자산운용,0.8,256445000000,21550,21469.7,2024-04-23,주식,해외,실물(액티브),배당소득세(보유기간과세),Solactive Aerospace and Defense USD Index PR,기타,방산·우주,일반,20260812
0113D0,KR70113D0003,TIME 글로벌탑픽액티브,타임폴리오자산운용,0.06,76075500000,12370,12351.94,2025-10-28,주식,해외,실물(액티브),배당소득세(보유기간과세),"Bloomberg World Large, Mid & Small cap PR Index",글로벌,기타,일반,20260812
0185L0,KR70185L0006,TIME 글로벌휴머노이드로봇산업액티브,타임폴리오자산운용,0.8,54978000000,8085,8104.35,2026-05-19,주식,해외,실물(액티브),배당소득세(보유기간과세),Solactive Global AI Humanoid Robotics 지수(원화환산)(PR),글로벌,AI·테크,일반,20260812
426020,KR7426020004,TIME 미국S&P500액티브,타임폴리오자산운용,0.8,399942400000,32890,32721.75,2022-05-11,주식,해외,실물(액티브),배당소득세(보유기간과세),S&P 500,미국,광범위지수,일반,20260812
426030,KR7426030003,TIME 미국나스닥100액티브,타임폴리오자산운용,0.8,2478894000000,46860,46373.75,2022-05-11,주식,해외,실물(액티브),배당소득세(보유기간과세),NASDAQ 100,미국,광범위지수,일반,20260812
0019K0,KR70019K0009,TIME 미국나스닥100채권혼합50액티브,타임폴리오자산운용,0.25,557601000000,13420,13374.97,2025-03-25,혼합자산,국내&해외,실물(액티브),배당소득세(보유기간과세),FnGuide 미국나스닥100 단기채권혼합 지수,미국,채권·금리,혼합,20260812
0036D0,KR70036D0007,TIME 미국배당다우존스액티브,타임폴리오자산운용,0.8,65400000000,13080,13122.76,2025-04-29,주식,해외,실물(액티브),배당소득세(보유기간과세),Dow Jones U.S. Dividend 100 Price Return Index,미국,배당주,일반,20260812
0043Y0,KR70043Y0003,TIME 차이나AI테크액티브,타임폴리오자산운용,0.8,378873750000,21345,21022.72,2025-05-13,주식,해외,실물(액티브),배당소득세(보유기간과세),Solactive China Artificial Intelligence 지수(원화환산)(PR),중국,AI·테크,일반,20260812
495060,KR7495060006,TIME 코리아밸류업액티브,타임폴리오자산운용,0.8,206625750000,27735,27820.19,2024-11-04,주식,국내,실물(액티브),배당소득세(보유기간과세),코리아 밸류업 지수,한국,배당주,일반,20260812
0162Y0,KR70162Y0008,TIME 코스닥액티브,타임폴리오자산운용,0.8,269984000000,7670,7651.14,2026-03-10,주식,국내,실물(액티브),배당소득세(보유기간과세),코스닥,한국,광범위지수,일반,20260812
385720,KR7385720008,TIME 코스피액티브,타임폴리오자산운용,0.8,375067000000,24355,24380.26,2021-05-25,주식,국내,실물(액티브),배당소득세(보유기간과세),코스피,한국,광범위지수,일반,20260812
472720,KR7472720002,TRUSTON 주주가치액티브,트러스톤자산운용,0.785,13260000000,25500,25410.73,2023-12-14,주식,국내,실물(액티브),배당소득세(보유기간과세),코스피 200,한국,광범위지수,일반,20260812
496130,KR7496130006,TRUSTON 코리아밸류업액티브,트러스톤자산운용,0.785,13451400000,24910,24846.36,2024-11-04,주식,국내,실물(액티브),배당소득세(보유기간과세),코리아 밸류업 지수,한국,배당주,일반,20260812
451060,KR7451060008,1Q 200액티브,하나자산운용,0.01,415800000000,33000,33110.36,2023-01-31,주식,국내,실물(액티브),배당소득세(보유기간과세),코스피 200,한국,광범위지수,일반,20260812
0184E0,KR70184E0006,1Q 200채권혼합50액티브,하나자산운용,0.4,26887500000,10755,10727.61,2026-04-21,혼합자산,국내,실물(액티브),배당소득세(보유기간과세),코스피 200 단기국공채 혼합지수,한국,광범위지수,혼합,20260812
491610,KR7491610002,1Q CD금리액티브(합성),하나자산운용,0.02,191878440000,104680,104680.83,2024-09-24,기타,국내,합성(액티브),배당소득세(보유기간과세),KIS 하나 CD금리 총수익지수,한국,채권·금리,일반,20260812
0182R0,KR70182R0003,1Q K반도체TOP2+,하나자산운용,0.2,317523250000,9785,9829.16,2026-04-14,주식,국내,실물(패시브),비과세,NICE K반도체 TOP2 MAX+ 지수,한국,반도체,일반,20260812
0182S0,KR70182S0002,1Q K반도체TOP2채권혼합50,하나자산운용,0.01,227693500000,11890,11919.05,2026-04-14,혼합자산,국내,실물(패시브),배당소득세(보유기간과세),KEDI K반도체TOP2채권혼합 지수,한국,반도체,혼합,20260812
0103T0,KR70103T0007,1Q K소버린AI,하나자산운용,0.49,27511000000,9020,9026.17,2025-09-30,주식,국내,실물(패시브),비과세,iSelect K소버린AI 지수,한국,AI·테크,일반,20260812
0198D0,KR70198D0001,1Q SK하이닉스선물단일종목레버리지,하나자산운용,0.09,22846800000,7230,7323.41,2026-05-27,주식,국내,실물(패시브),배당소득세(보유기간과세),KRX SK하이닉스 선물 지수,한국,개별종목,일반,20260812
463290,KR7463290007,1Q 단기금융채액티브,하나자산운용,0.08,192207770000,109085,109081.94,2023-08-03,채권,국내,실물(액티브),배당소득세(보유기간과세),MK 머니마켓 지수(총수익),한국,기타,일반,20260812
0131W0,KR70131W0008,1Q 단기특수은행채액티브,하나자산운용,0.01,136422480000,101960,101956.9,2025-11-25,채권,국내,실물(액티브),배당소득세(보유기간과세),KIS 단기특수은행채 지수(총수익),한국,금융,일반,20260812
479080,KR7479080004,1Q 머니마켓액티브,하나자산운용,0.05,1079531880000,53660,53655.24,2024-04-02,채권,국내,실물(액티브),배당소득세(보유기간과세),KIS-하나 MMF 지수(총수익),한국,채권·금리,일반,20260812
0052S0,KR70052S0009,1Q 미국S&P500미국채혼합50액티브,하나자산운용,0.15,323816000000,11905,11887.85,2025-06-10,혼합자산,해외,실물(액티브),배당소득세(보유기간과세),S&P 500 and Short-Term Treasury 50/50 Blend Index,미국,채권·금리,인버스,20260812
0026S0,KR70026S0002,1Q 미국S&P500,하나자산운용,0.005,350724000000,13285,13261.91,2025-03-18,주식,해외,실물(패시브),배당소득세(보유기간과세),S&P 500,미국,광범위지수,일반,20260812
0111P0,KR70111P0001,1Q 미국나스닥100미국채혼합50액티브,하나자산운용,0.05,308024000000,11080,11063.6,2025-09-30,혼합자산,해외,실물(액티브),배당소득세(보유기간과세),Nasdaq-100 US T-Bills 0-6 Month 50/50 Index,미국,기타,일반,20260812
0069M0,KR70069M0006,1Q 미국나스닥100,하나자산운용,0.005,193001500000,13885,13841.76,2025-06-24,주식,해외,실물(패시브),배당소득세(보유기간과세),NASDAQ 100,미국,광범위지수,일반,20260812
0083S0,KR70083S0002,1Q 미국메디컬AI,하나자산운용,0.49,30392000000,10480,10467.68,2025-07-22,주식,해외,실물(패시브),배당소득세(보유기간과세),KEDI 미국메디컬AI 지수,미국,AI·테크,일반,20260812
0004G0,KR70004G0002,1Q 미국배당TOP30,하나자산운용,0.1,14265000000,9510,9502.01,2025-01-21,주식,해외,실물(패시브),배당소득세(보유기간과세),Solactive U.S. Dividend TOP 30 Index PR,미국,배당주,일반,20260812
0131V0,KR70131V0009,1Q 미국우주항공테크,하나자산운용,0.49,409731000000,12530,12516.03,2025-11-25,주식,해외,실물(패시브),배당소득세(보유기간과세),Akros 미국우주항공테크 지수,미국,AI·테크,일반,20260812
0198B0,KR70198B0003,1Q 삼성전자선물단일종목레버리지,하나자산운용,0.09,24615600000,11240,11230.17,2026-05-27,주식,국내,실물(패시브),배당소득세(보유기간과세),KRX 삼성전자 선물 지수,한국,개별종목,일반,20260812
0094X0,KR70094X0002,1Q 샤오미밸류체인액티브,하나자산운용,0.49,7780500000,8645,8539.52,2025-09-02,주식,해외,실물(액티브),배당소득세(보유기간과세),Solactive-KEDI Xiaomi Focus China Tech Index,중국,AI·테크,일반,20260812
0224X0,KR70224X0005,1Q 엔비디아알파벳미국채혼합50,하나자산운용,0.45,16714500000,10130,9974.85,2026-07-28,혼합자산,해외,실물(패시브),배당소득세(보유기간과세),KEDI 엔비디아알파벳미국채혼합50 지수,미국,개별종목,혼합,20260812
0172V0,KR70172V0009,1Q 은액티브,하나자산운용,0.3,57684000000,8740,8656.96,2026-03-31,원자재,해외,실물(액티브),배당소득세(보유기간과세),Bloomberg Blended Silver Spot USD index,기타,원자재·금,일반,20260812
0017Y0,KR70017Y0005,1Q 종합채권(AA-이상)액티브,하나자산운용,0.025,82760080000,93620,93593.3,2025-02-25,채권,국내,실물(액티브),배당소득세(보유기간과세),KIS 종합채권형 지수(AA-이상)(총수익),한국,채권·금리,일반,20260812
0052T0,KR70052T0008,1Q 중단기회사채(A-이상)액티브,하나자산운용,0.05,108087100000,50650,50637.89,2025-05-27,채권,국내,실물(액티브),배당소득세(보유기간과세),KEDI 중단기크레딧플러스채권(AAA~A-)지수(총수익),한국,채권·금리,일반,20260812
495330,KR7495330003,1Q 코리아밸류업,하나자산운용,0.02,132827000000,30890,30978.3,2024-11-04,주식,국내,실물(패시브),비과세,코리아 밸류업 지수,한국,배당주,일반,20260812
0186S0,KR70186S0008,1Q 코스닥150채권혼합50액티브,하나자산운용,0.63,39261000000,8535,8578.02,2026-04-28,혼합자산,국내,실물(액티브),배당소득세(보유기간과세),코스닥 150 단기국공채 혼합지수,한국,광범위지수,혼합,20260812
492500,KR7492500004,1Q 현대차그룹채권(A+이상)&국고통안,하나자산운용,0.1,78055770000,51285,51289.38,2024-10-02,채권,국내,실물(패시브),배당소득세(보유기간과세),KIS 하나 현대차그룹채권(A+이상)&국고통안 총수익지수,한국,개별종목,일반,20260812
0206G0,KR70206G0008,1Q 현대차기아채권혼합50,하나자산운용,0.1,25005000000,8335,8350.08,2026-06-09,혼합자산,국내,실물(패시브),배당소득세(보유기간과세),KEDI 현대차&기아채권혼합50지수,한국,개별종목,혼합,20260812
473440,KR7473440006,ACE 11월만기자동연장회사채AA-이상액티브,한국투자신탁운용,0.05,94134000000,10820,10833.39,2023-12-19,채권,국내,실물(액티브),배당소득세(보유기간과세),KIS 11월 만기자동연장회사채(AA-이상) 총수익지수,한국,채권·금리,일반,20260812
332500,KR7332500008,ACE 200TR,한국투자신탁운용,0.01,152911000000,69505,69603.82,2019-08-28,주식,국내,실물(패시브),배당소득세(보유기간과세),코스피 200 TR,한국,광범위지수,일반,20260812
105190,KR7105190003,ACE 200,한국투자신탁운용,0.017,1827745750000,103555,103692.22,2008-09-25,주식,국내,실물(패시브),비과세,코스피 200,한국,광범위지수,일반,20260812
475260,KR7475260006,ACE 2월만기자동연장회사채AA-이상액티브,한국투자신탁운용,0.05,50561850000,10735,10730.85,2024-01-23,채권,국내,실물(액티브),배당소득세(보유기간과세),KAP 2월 만기자동연장회사채(AA-이상) 총수익지수,한국,채권·금리,일반,20260812
385600,KR7385600002,ACE 2차전지&친환경차액티브,한국투자신탁운용,0.29,17985000000,11990,11969.07,2021-05-25,주식,국내,실물(액티브),배당소득세(보유기간과세),FnGuide 친환경 자동차 밸류체인 지수,한국,자동차,일반,20260812
475270,KR7475270005,ACE 5월만기자동연장회사채AA-이상액티브,한국투자신탁운용,0.05,44639850000,10705,10713.56,2024-01-23,채권,국내,실물(액티브),배당소득세(보유기간과세),KIS 5월 만기자동연장회사채(AA-이상) 총수익지수,한국,채권·금리,일반,20260812
475280,KR7475280004,ACE 8월만기자동연장회사채AA-이상액티브,한국투자신탁운용,0.05,103204710000,10717,10718.37,2024-01-23,채권,국내,실물(액티브),배당소득세(보유기간과세),KAP 8월 만기자동연장회사채(AA-이상) 총수익지수,한국,채권·금리,일반,20260812
469150,KR7469150007,ACE AI반도체TOP3+,한국투자신탁운용,0.3,1074472000000,54820,54923.77,2023-10-17,주식,국내,실물(패시브),비과세,FnGuide AI반도체 TOP3+ 지수,한국,반도체,일반,20260812
0079X0,KR70079X0001,ACE BYD밸류체인액티브,한국투자신탁운용,0.45,3727500000,10650,10580.93,2025-07-15,주식,해외,실물(액티브),배당소득세(보유기간과세),Bloomberg BYD Plus Top Supply Chain Select Price Return Index,기타,기타,일반,20260812
385590,KR7385590005,ACE ESG액티브,한국투자신탁운용,0.5,52451500000,22805,22800.37,2021-05-25,주식,국내,실물(액티브),배당소득세(보유기간과세),MSCI Korea Country ESG Leaders Custom Capped Price return Index,한국,광범위지수,일반,20260812
475050,KR7475050001,ACE KPOP포커스,한국투자신탁운용,0.3,103104750000,7185,7162.6,2024-01-30,주식,국내,실물(패시브),비과세,iSelect K-POP 포커스지수(시장가격),한국,게임·엔터,일반,20260812
411060,KR7411060007,ACE KRX금현물,한국투자신탁운용,0.19,4114070000000,28025,27981.57,2021-12-15,원자재,국내,실물(패시브),배당소득세(보유기간과세),KRX 금현물지수,한국,기타,일반,20260812
0221Z0,KR70221Z0006,ACE K바이오코스닥액티브,한국투자신탁운용,0.5,23020000000,11510,11536.8,2026-07-21,주식,국내,실물(액티브),배당소득세(보유기간과세),KRX K-AI 바이오테크 코스닥 지수,한국,AI·테크,일반,20260812
0210A0,KR70210A0008,ACE K반도체TOP2+,한국투자신탁운용,0.39,304985000000,6740,6731.84,2026-06-23,주식,국내,실물(패시브),비과세,KRX K-AI 반도체TOP2+ 지수,한국,반도체,일반,20260812
0216Z0,KR70216Z0003,ACE K방산TOP5+,한국투자신탁운용,0.45,18278000000,9620,9601.19,2026-07-07,주식,국내,실물(패시브),비과세,KRX K-AI 방산TOP5+ 지수,한국,AI·테크,일반,20260812
0172Y0,KR70172Y0006,ACE K수출핵심TOP10산업액티브,한국투자신탁운용,0.5,8032500000,9450,9435.62,2026-03-31,주식,국내,실물(액티브),배당소득세(보유기간과세),iSelect K수출핵심산업 지수 (시장가격),한국,기타,일반,20260812
0177X0,KR70177X0002,ACE K휴머노이드로봇산업TOP2+,한국투자신탁운용,0.45,111660250000,10105,10123.9,2026-04-07,주식,국내,실물(패시브),비과세,Akros K-휴머노이드 로봇 TOP2+ 지수 (시장가격),한국,AI·테크,일반,20260812
291130,KR7291130003,ACE MSCI멕시코(합성),한국투자신탁운용,0.5,16677000000,18530,18655.01,2018-03-09,주식,해외,합성(패시브),배당소득세(보유기간과세),MSCI MEXICO IMI 25/50 Price return Index,기타,광범위지수,일반,20260812
256440,KR7256440009,ACE MSCI인도네시아(합성),한국투자신탁운용,0.7,32177500000,5275,5377.24,2016-11-01,주식,해외,합성(패시브),배당소득세(보유기간과세),MSCI Indonesia Index,기타,광범위지수,일반,20260812
261920,KR7261920003,ACE MSCI필리핀(합성),한국투자신탁운용,0.5,5294000000,13235,13320.91,2016-12-28,주식,해외,합성(패시브),배당소득세(보유기간과세),MSCI Philippines IMI Index,기타,광범위지수,일반,20260812
0194T0,KR70194T0007,ACE SK하이닉스단일종목레버리지,한국투자신탁운용,0.09,49875000000,7000,7040.88,2026-05-27,주식,국내,실물(패시브),배당소득세(보유기간과세),KRX SK하이닉스 지수,한국,개별종목,일반,20260812
0199C0,KR70199C0001,ACE 고배당주Plus커버드콜액티브,한국투자신탁운용,0.4,124942500000,9255,9207.76,2026-06-02,주식,국내,실물(액티브),배당소득세(보유기간과세),KRX-Akros 고배당주 20 위클리 고정 30% 커버드콜 지수,한국,배당주,커버드콜,20260812
0139P0,KR70139P0009,ACE 고배당주,한국투자신탁운용,0.15,49894500000,13485,13483.75,2025-12-16,주식,국내,실물(패시브),비과세,KRX-Akros 고배당주 20 지수,한국,배당주,일반,20260812
225130,KR7225130004,ACE 골드선물 레버리지(합성 H),한국투자신탁운용,0.49,24500000000,49000,49023.61,2015-07-28,원자재,해외,합성(패시브),배당소득세(보유기간과세),S&P GSCI GOLD Index Excess Return,글로벌,원자재·금,일반,20260812
483340,KR7483340006,ACE 구글밸류체인액티브,한국투자신탁운용,0.45,263625000000,23125,22802.75,2024-06-11,주식,해외,실물(액티브),배당소득세(보유기간과세),KEDI 글로벌 AI 클라우드 지수,글로벌,AI·테크,일반,20260812
114460,KR7114460009,ACE 국고채3년,한국투자신탁운용,0.15,15106500000,100710,100758.33,2009-07-31,채권,국내,실물(패시브),배당소득세(보유기간과세),KTB INDEX(시장가격),한국,채권·금리,일반,20260812
365780,KR7365780006,ACE 국고채10년,한국투자신탁운용,0.02,531819310000,82555,82598.09,2020-10-15,채권,국내,실물(패시브),배당소득세(보유기간과세),KIS 10년 국고채 지수 (총수익),한국,채권·금리,일반,20260812
494340,KR7494340003,ACE 글로벌AI맞춤형반도체,한국투자신탁운용,0.45,30727500000,20485,20286.54,2024-10-22,주식,해외,실물(패시브),배당소득세(보유기간과세),Solactive AI Custom Semiconductor Index(PR),기타,반도체,일반,20260812
446770,KR7446770000,ACE 글로벌반도체TOP4 Plus,한국투자신탁운용,0.45,1574489000000,77945,77577.24,2022-11-15,주식,해외,실물(패시브),배당소득세(보유기간과세),Solactive Global Semiconductor TOP4 Plus Price Return Index,글로벌,반도체,일반,20260812
435040,KR7435040001,ACE 글로벌브랜드TOP10,한국투자신탁운용,0.5,12844000000,19760,19747.38,2022-06-28,주식,해외,실물(패시브),배당소득세(보유기간과세),Bloomberg Global Select Industry Leaders TOP10 Index(PR),글로벌,기타,일반,20260812
497510,KR7497510008,ACE 글로벌빅파마,한국투자신탁운용,0.3,9191000000,13130,13143.37,2024-11-19,주식,해외,실물(패시브),배당소득세(보유기간과세),Solactive Global Big Pharma Index (Price Return),글로벌,바이오·헬스케어,일반,20260812
460960,KR7460960008,ACE 글로벌인컴TOP10,한국투자신탁운용,0.24,87516000000,11440,11411.72,2023-07-11,혼합자산,해외,실물(패시브),배당소득세(보유기간과세),Solactive Global Superior Income TOP 10 Price Return Index,글로벌,배당주,일반,20260812
414270,KR7414270009,ACE 글로벌자율주행액티브,한국투자신탁운용,0.29,30465750000,12435,12413.76,2022-02-15,주식,해외,실물(액티브),배당소득세(보유기간과세),FactSet US-China Electric&Autonomous Vehicle Price Return Index,미국,기타,일반,20260812
190620,KR7190620005,ACE 단기통안채,한국투자신탁운용,0.07,293793080000,101870,101851.9,2013-12-23,채권,국내,실물(패시브),배당소득세(보유기간과세),KIS MSB 단기지수(총수익),한국,기타,일반,20260812
440640,KR7440640001,ACE 단기채권알파액티브,한국투자신탁운용,0.15,67843530000,112510,112492.78,2022-08-23,채권,국내,실물(액티브),배당소득세(보유기간과세),KIS 단기채권알파AA-이상 총수익지수,한국,채권·금리,일반,20260812
494330,KR7494330004,ACE 라이프자산주주가치액티브,한국투자신탁운용,0.5,165568000000,31840,31781.28,2024-10-15,주식,국내,실물(액티브),배당소득세(보유기간과세),FnGuide 기업가치 지수(시장가격),한국,기타,일반,20260812
265690,KR7265690008,ACE 러시아MSCI(합성),한국투자신탁운용,0.0,15789750000,8535,48.35,2017-03-21,주식,해외,합성(패시브),배당소득세(보유기간과세),MSCI Russia 25% Capped Price Return Index,기타,광범위지수,일반,20260812
152500,KR7152500005,ACE 레버리지,한국투자신탁운용,0.3,45237500000,41125,41341.82,2012-01-27,주식,국내,실물(패시브),배당소득세(보유기간과세),코스피 200,한국,광범위지수,일반,20260812
0153P0,KR70153P0000,ACE 리츠부동산인프라액티브,한국투자신탁운용,0.06,15392000000,9620,9583.35,2026-01-20,부동산,국내,실물(액티브),배당소득세(분리과세부동산ETF),FnGuide 맥쿼리인프라 배당 리츠 지수 (시장가격),한국,리츠·부동산,일반,20260812
483330,KR7483330007,ACE 마이크로소프트밸류체인액티브,한국투자신탁운용,0.45,20749500000,15370,15293.19,2024-06-11,주식,해외,실물(액티브),배당소득세(보유기간과세),KEDI 글로벌생성형AI 지수,글로벌,AI·테크,일반,20260812
487340,KR7487340002,ACE 머니마켓액티브,한국투자신탁운용,0.05,721620430000,105670,105642.72,2024-07-09,채권,국내,실물(액티브),배당소득세(보유기간과세),MK-KAP 머니마켓 총수익지수,한국,기타,일반,20260812
0085P0,KR70085P0003,ACE 미국10년국채액티브,한국투자신탁운용,0.15,105840000000,10080,10064.35,2025-07-22,채권,해외,실물(액티브),배당소득세(보유기간과세),ICE U.S. Treasury 7-10 Year Bond Index (Total Return),미국,채권·금리,일반,20260812
0085N0,KR70085N0005,ACE 미국10년국채액티브(H),한국투자신탁운용,0.15,36112000000,9760,9751.29,2025-07-22,채권,해외,실물(액티브),배당소득세(보유기간과세),ICE U.S. Treasury 7-10 Year Bond Index (Total Return),미국,채권·금리,일반,20260812
452250,KR7452250004,ACE 미국30년국채선물레버리지(합성 H),한국투자신탁운용,0.25,36696250000,4735,4748.84,2023-02-07,채권,해외,합성(패시브),배당소득세(보유기간과세),S&P Ultra T-Bond Futures Index(ER),기타,채권·금리,일반,20260812
476760,KR7476760004,ACE 미국30년국채액티브,한국투자신탁운용,0.05,351936000000,9165,9138.36,2024-03-12,채권,해외,실물(액티브),배당소득세(보유기간과세),Bloomberg U.S Treasury 20+ Year Total Return Index,미국,채권·금리,일반,20260812
453850,KR7453850000,ACE 미국30년국채액티브(H),한국투자신탁운용,0.05,1502168000000,7160,7156.73,2023-03-14,채권,해외,실물(액티브),배당소득세(보유기간과세),Bloomberg U.S Treasury 20+ Year Total Return Index,미국,채권·금리,일반,20260812
476750,KR7476750005,ACE 미국30년국채엔화노출액티브(H),한국투자신탁운용,0.15,61560000000,7600,7604.9,2024-03-12,채권,해외,실물(액티브),배당소득세(보유기간과세),Bloomberg U.S. Treasury 20+ Year Total Return Index T1530 JPY Currency Hedged,미국,채권·금리,일반,20260812
480030,KR7480030006,ACE 미국500데일리타겟커버드콜(합성),한국투자신탁운용,0.45,164614500000,10485,10228.29,2024-04-23,주식,해외,합성(패시브),배당소득세(보유기간과세),Bloomberg US 500 Large Cap Premium Decrement 15% Distribution Index,미국,기타,커버드콜,20260812
0118Z0,KR70118Z0002,ACE 미국AI테크핵심산업액티브,한국투자신탁운용,0.45,56749000000,9380,9309.92,2025-10-28,주식,해외,실물(액티브),배당소득세(보유기간과세),Akros U.S. AI Innovator Price Return Index,미국,AI·테크,일반,20260812
280320,KR7280320003,ACE 미국IT인터넷(합성 H),한국투자신탁운용,0.5,17360000000,21700,21821.37,2017-10-17,주식,해외,합성(패시브),배당소득세(보유기간과세),다우존스 인터넷 종합지수,미국,AI·테크,일반,20260812
438080,KR7438080004,ACE 미국S&P500미국채혼합50액티브,한국투자신탁운용,0.15,1245159000000,14445,14440.37,2022-08-26,혼합자산,해외,실물(액티브),배당소득세(보유기간과세),S&P 500 and Short-Term Treasury 50/50 Blend Index,미국,채권·금리,인버스,20260812
360200,KR7360200000,ACE 미국S&P500,한국투자신탁운용,0.004,4042648500000,27445,27406.36,2020-08-07,주식,해외,실물(패시브),배당소득세(보유기간과세),S&P 500,미국,광범위지수,일반,20260812
0155M0,KR70155M0001,ACE 미국SMR원자력TOP10,한국투자신탁운용,0.45,31457000000,7580,7570.95,2026-02-03,주식,해외,실물(패시브),배당소득세(보유기간과세),Solactive US SMR Nuclear TOP 10 Index (Price Return),미국,에너지·원자력,일반,20260812
309230,KR7309230001,ACE 미국WideMoat동일가중,한국투자신탁운용,0.4,118918000000,32140,32205.72,2018-10-25,주식,해외,실물(패시브),배당소득세(보유기간과세),MorningStar Wide Moat Focus Index,기타,기타,일반,20260812
438100,KR7438100000,ACE 미국나스닥100미국채혼합50액티브,한국투자신탁운용,0.15,940625000000,15625,15591.76,2022-08-26,혼합자산,해외,실물(액티브),배당소득세(보유기간과세),NASDAQ-100 US T-Bills 50/50 Index,미국,기타,일반,20260812
367380,KR7367380003,ACE 미국나스닥100,한국투자신탁운용,0.006,3523292500000,31885,31798.27,2020-10-29,주식,해외,실물(패시브),배당소득세(보유기간과세),NASDAQ 100,미국,광범위지수,일반,20260812
456880,KR7456880004,ACE 미국달러SOFR금리(합성),한국투자신탁운용,0.05,342681500000,12425,12418.91,2023-04-25,기타,해외,합성(패시브),배당소득세(보유기간과세),Solactive SOFR Daily Total Return Index,미국,채권·금리,일반,20260812
440650,KR7440650000,ACE 미국달러단기채권액티브,한국투자신탁운용,0.3,42750000000,11875,11860.78,2022-08-23,채권,해외,실물(액티브),배당소득세(보유기간과세),Bloomberg Short-Term Treasury Total Return Index,미국,채권·금리,인버스,20260812
0127M0,KR70127M0006,ACE 미국대형가치주액티브,한국투자신탁운용,0.3,151680000000,12640,12607.17,2025-11-11,주식,해외,실물(액티브),배당소득세(보유기간과세),CRSP US Large Cap Value Index(PR),미국,기타,일반,20260812
0127P0,KR70127P0003,ACE 미국대형성장주액티브,한국투자신탁운용,0.3,692604000000,10890,10832.24,2025-11-11,주식,해외,실물(액티브),배당소득세(보유기간과세),CRSP US Large Cap Growth Index(PR),미국,광범위지수,일반,20260812
480040,KR7480040005,ACE 미국반도체데일리타겟커버드콜(합성),한국투자신탁운용,0.45,198875000000,15910,15210.2,2024-04-23,주식,해외,합성(패시브),배당소득세(보유기간과세),Bloomberg US Listed Semiconductor Premium Decrement 15% Distribution Index,미국,반도체,커버드콜,20260812
402970,KR7402970008,ACE 미국배당다우존스,한국투자신탁운용,0.01,965007000000,15615,15610.59,2021-10-21,주식,해외,실물(패시브),배당소득세(보유기간과세),Dow Jones U.S. Dividend 100 Price Return Index,미국,배당주,일반,20260812
0049M0,KR70049M0001,ACE 미국배당퀄리티+커버드콜액티브,한국투자신탁운용,0.15,80178000000,11620,11595.77,2025-05-13,주식,해외,실물(액티브),배당소득세(보유기간과세),Bloomberg WisdomTree U.S. Quality Dividend & B500 Premium Decrement 50:50 Index,미국,배당주,커버드콜,20260812
0046Y0,KR70046Y0000,ACE 미국배당퀄리티,한국투자신탁운용,0.15,55377500000,13030,13004.28,2025-05-13,주식,해외,실물(패시브),배당소득세(보유기간과세),WisdomTree U.S. Quality Dividend Growth Index (Price Return),미국,배당주,일반,20260812
0049K0,KR70049K0003,ACE 미국배당퀄리티채권혼합50,한국투자신탁운용,0.15,25470000000,11320,11311.37,2025-05-13,혼합자산,국내&해외,실물(패시브),배당소득세(보유기간과세),Bloomberg WisdomTree U.S. Quality Dividend & Short Term KRW Bonds 50:50 TR Index,미국,채권·금리,인버스,20260812
181480,KR7181480005,ACE 미국부동산리츠(합성 H),한국투자신탁운용,0.3,10157400000,84645,84458.67,2013-08-01,부동산,해외,합성(패시브),배당소득세(분리과세부동산ETF),Dow Jones U.S. Real Estate Index,미국,리츠·부동산,일반,20260812
480020,KR7480020007,ACE 미국빅테크7+데일리타겟커버드콜(합성),한국투자신탁운용,0.45,177060000000,11350,10691.63,2024-04-23,주식,해외,합성(패시브),배당소득세(보유기간과세),Bloomberg US Big Tech Top 7 Plus Premium Decrement 15% Distribution Index,미국,AI·테크,커버드콜,20260812
465610,KR7465610004,ACE 미국빅테크TOP7 Plus레버리지(합성),한국투자신탁운용,0.6,108804000000,45335,45373.23,2023-09-12,주식,해외,합성(패시브),배당소득세(보유기간과세),Solactive US Big Tech Top 7 Plus Price Return Index,미국,AI·테크,일반,20260812
465620,KR7465620003,ACE 미국빅테크TOP7 Plus인버스(합성),한국투자신탁운용,0.6,1571250000,6285,6292.37,2023-09-12,주식,해외,합성(패시브),배당소득세(보유기간과세),Solactive US Big Tech Top 7 Plus Price Return Index,미국,AI·테크,일반,20260812
465580,KR7465580009,ACE 미국빅테크TOP7 Plus,한국투자신탁운용,0.3,1094742000000,25080,25060.7,2023-09-12,주식,해외,실물(패시브),배당소득세(보유기간과세),Solactive US Big Tech Top 7 Plus Price Return Index,미국,AI·테크,일반,20260812
0180V0,KR70180V0009,ACE 미국우주테크액티브,한국투자신탁운용,0.8,167228250000,9015,8955.64,2026-04-14,주식,해외,실물(액티브),배당소득세(보유기간과세),FnGuide 미국스페이스테크 지수(시장가격),미국,AI·테크,일반,20260812
473590,KR7473590008,ACE 미국주식베스트셀러,한국투자신탁운용,0.3,42052500000,18690,18513.11,2023-12-27,주식,해외,실물(패시브),배당소득세(보유기간과세),FnGuide 미국 주식 베스트셀러 지수(시장가격지수),미국,기타,일반,20260812
0008E0,KR70008E0000,ACE 미국중심중소형제조업,한국투자신탁운용,0.45,12806000000,13480,13537.66,2025-01-21,주식,해외,실물(패시브),배당소득세(보유기간과세),NYSE FactSet US Focus Manufacturing Index(Price Return),미국,기타,일반,20260812
391600,KR7391600004,ACE 미국친환경그린테마,한국투자신탁운용,0.7,5019750000,11155,11106.74,2021-08-05,주식,해외,실물(패시브),배당소득세(보유기간과세),Indxx US Green Infrastructure Price return Index,미국,기타,일반,20260812
455660,KR7455660001,ACE 미국하이일드액티브(H),한국투자신탁운용,0.24,62502000000,9470,9460.5,2023-04-18,채권,해외,실물(액티브),배당소득세(보유기간과세),iBoxx USD Liquid High Yield Total Return Index,기타,기타,일반,20260812
245710,KR7245710009,ACE 베트남VN30(합성),한국투자신탁운용,0.7,245322000000,29205,29349.73,2016-07-01,주식,해외,합성(패시브),배당소득세(보유기간과세),VN30 Index(PR),베트남,기타,일반,20260812
131890,KR7131890006,ACE 삼성그룹동일가중,한국투자신탁운용,0.15,16228000000,40570,40534.34,2010-09-17,주식,국내,실물(패시브),비과세,MKF SAMs EW 지수,한국,기타,일반,20260812
108450,KR7108450008,ACE 삼성그룹섹터가중,한국투자신탁운용,0.15,85965000000,39075,38972.48,2009-02-03,주식,국내,실물(패시브),비과세,MKF SAMs SW,한국,기타,일반,20260812
0194M0,KR70194M0004,ACE 삼성전자단일종목레버리지,한국투자신탁운용,0.09,54050000000,10810,10855.69,2026-05-27,주식,국내,실물(패시브),배당소득세(보유기간과세),KRX 삼성전자 지수,한국,개별종목,일반,20260812
226380,KR7226380004,ACE Fn성장소비주도주,한국투자신탁운용,0.5,4242000000,6060,6061.38,2015-08-19,주식,국내,실물(패시브),비과세,FnGuide 성장소비주도 지수,한국,소비재,일반,20260812
316300,KR7316300003,ACE 싱가포르리츠,한국투자신탁운용,0.4,6730000000,13460,13585.57,2019-01-29,부동산,해외,실물(패시브),배당소득세(분리과세부동산ETF),Morningstar Singapore REIT Yield Focus Index(PR),기타,리츠·부동산,일반,20260812
277540,KR7277540001,ACE 아시아TOP50,한국투자신탁운용,0.7,25572000000,31965,32004.01,2017-08-23,주식,국내&해외,실물(패시브),배당소득세(보유기간과세),S&P ASIA50 Price Return Index,국내+해외,기타,일반,20260812
483320,KR7483320008,ACE 엔비디아밸류체인액티브,한국투자신탁운용,0.45,305147500000,24910,24649.74,2024-06-11,주식,해외,실물(액티브),배당소득세(보유기간과세),KEDI 글로벌AI반도체 지수,글로벌,반도체,일반,20260812
448540,KR7448540005,ACE 엔비디아채권혼합,한국투자신탁운용,0.07,236740000000,26600,26557.06,2022-11-29,혼합자산,국내&해외,실물(패시브),배당소득세(보유기간과세),Bloomberg Blended NVIDIA Equity and Korean Bond Index,미국,개별종목,일반,20260812
0099L0,KR70099L0001,ACE 우량회사채(AA-이상)액티브,한국투자신탁운용,0.095,166115570000,99530,99586.99,2025-09-09,채권,국내,실물(액티브),배당소득세(보유기간과세),KIS 1~3년 우량크레딧(AA-이상) 총수익지수,한국,채권·금리,일반,20260812
433500,KR7433500006,ACE 원자력TOP10,한국투자신탁운용,0.3,211497000000,54230,54369.89,2022-06-28,주식,국내,실물(패시브),비과세,DeepSearch 원자력 TOP 10지수,한국,에너지·원자력,일반,20260812
0102X0,KR70102X0002,ACE 유럽방산TOP10,한국투자신탁운용,0.35,6516250000,10025,10095.26,2025-09-23,주식,해외,실물(패시브),배당소득세(보유기간과세),NYSE FactSet Europe Defense TOP10 Index (Price Return),미국,방산·우주,일반,20260812
487920,KR7487920001,ACE 인도시장대표BIG5그룹액티브,한국투자신탁운용,0.45,8290000000,8290,8380.81,2024-09-10,주식,해외,실물(액티브),배당소득세(보유기간과세),Indxx India Big 5 Conglomerates Index (Price Return),인도,기타,일반,20260812
487910,KR7487910002,ACE 인도컨슈머파워액티브,한국투자신탁운용,0.45,10458000000,8715,8783.65,2024-09-10,주식,해외,실물(액티브),배당소득세(보유기간과세),Indxx India Super Consumption Index (Price Return),인도,기타,일반,20260812
145670,KR7145670006,ACE 인버스,한국투자신탁운용,0.15,3151000000,1370,1367.81,2011-09-08,주식,국내,실물(패시브),배당소득세(보유기간과세),코스피 200 선물지수,한국,광범위지수,일반,20260812
497520,KR7497520007,ACE 일라이릴리밸류체인,한국투자신탁운용,0.45,8729500000,13430,13459.16,2024-11-19,주식,해외,실물(패시브),배당소득세(보유기간과세),Solactive Eli Lilly Value Chain Index(PR),기타,기타,일반,20260812
196030,KR7196030001,ACE 일본TOPIX레버리지(H),한국투자신탁운용,0.5,45802500000,91605,90813.31,2014-06-16,주식,해외,실물(패시브),배당소득세(보유기간과세),TOPIX,일본,광범위지수,일반,20260812
238720,KR7238720007,ACE 일본Nikkei225(H),한국투자신탁운용,0.3,44244000000,49160,48722.51,2016-03-03,주식,해외,실물(패시브),배당소득세(해외주식투자전용ETF),Nikkei 225,일본,기타,일반,20260812
469160,KR7469160006,ACE 일본반도체,한국투자신탁운용,0.45,23449500000,26055,25781.15,2023-10-17,주식,해외,실물(패시브),배당소득세(보유기간과세),Bloomberg Japan Semiconductor Select Top 25 Index(Price Return),일본,반도체,일반,20260812
205720,KR7205720006,ACE 일본TOPIX인버스(합성 H),한국투자신탁운용,0.5,4338000000,1446,1457.83,2014-09-29,주식,해외,합성(패시브),배당소득세(보유기간과세),TOPIX,일본,광범위지수,일반,20260812
356540,KR7356540005,ACE 종합채권(AA-이상)액티브,한국투자신탁운용,0.02,994134500000,100825,100859.98,2020-07-21,채권,국내,실물(액티브),배당소득세(보유기간과세),KIS 종합채권 AA-이상 총수익 지수(Total return Index),한국,채권·금리,일반,20260812
447430,KR7447430000,ACE 주주환원가치주액티브,한국투자신탁운용,0.7,48055500000,16290,16285.94,2022-11-15,주식,국내,실물(액티브),배당소득세(보유기간과세),FnGuide 올라운드 가치주 지수,한국,기타,일반,20260812
416090,KR7416090009,ACE 중국과창판STAR50,한국투자신탁운용,0.5,20865000000,13910,13612.2,2022-01-13,주식,해외,실물(패시브),배당소득세(보유기간과세),STAR 50 Index(Price Return),기타,기타,일반,20260812
168580,KR7168580009,ACE 중국본토CSI300,한국투자신탁운용,0.7,111680400000,35795,35788.77,2012-11-29,주식,해외,실물(패시브),배당소득세(해외주식투자전용ETF),CSI 300 Index,중국,광범위지수,일반,20260812
219900,KR7219900008,ACE 중국본토CSI300레버리지(합성),한국투자신탁운용,0.5,6419000000,4585,4565.6,2015-05-28,주식,해외,합성(패시브),배당소득세(보유기간과세),CSI 300 Index,중국,광범위지수,일반,20260812
272910,KR7272910001,ACE 중장기국공채액티브,한국투자신탁운용,0.08,73007120000,106115,106132.09,2017-06-29,채권,국내,실물(액티브),배당소득세(보유기간과세),KIS 종합채권국공채1-10Y지수,한국,채권·금리,일반,20260812
0087F0,KR70087F0003,ACE 차이나AI빅테크TOP2+액티브,한국투자신탁운용,0.45,6387500000,12775,12876.8,2025-07-29,주식,해외,실물(액티브),배당소득세(보유기간과세),Solactive China AI Big Tech TOP2+ Index (Price Return),중국,AI·테크,일반,20260812
371870,KR7371870007,ACE 차이나항셍테크,한국투자신탁운용,0.25,11568000000,7230,7304.24,2020-12-16,주식,해외,실물(패시브),배당소득세(보유기간과세),Hang Seng TECH Index,중국,AI·테크,일반,20260812
0209Z0,KR70209Z0002,ACE 코리아AI전력TOP10,한국투자신탁운용,0.39,37380000000,7120,7116.39,2026-06-23,주식,국내,실물(패시브),비과세,Akros 코리아 AI전력 TOP 10 지수 (시장가격),한국,AI·테크,일반,20260812
380340,KR7380340000,ACE 코리아AI테크핵심산업,한국투자신탁운용,0.35,33402000000,27835,27712.63,2021-04-02,주식,국내,실물(패시브),비과세,FnGuide 코리아AI테크핵심산업지수 (Price Return),한국,AI·테크,일반,20260812
496120,KR7496120007,ACE 코리아밸류업,한국투자신탁운용,0.09,24288750000,32385,32339.75,2024-11-04,주식,국내,실물(패시브),비과세,코리아 밸류업 지수,한국,배당주,일반,20260812
354500,KR7354500001,ACE 코스닥150,한국투자신탁운용,0.02,157410000000,14850,14877.89,2020-05-07,주식,국내,실물(패시브),비과세,코스닥 150,한국,광범위지수,일반,20260812
305050,KR7305050007,ACE 코스피,한국투자신탁운용,0.02,41112000000,68520,68328.15,2018-10-05,주식,국내,실물(패시브),비과세,코스피,한국,광범위지수,일반,20260812
457480,KR7457480002,ACE 테슬라밸류체인액티브,한국투자신탁운용,0.29,759630250000,18505,18442.32,2023-05-16,주식,해외,실물(액티브),배당소득세(보유기간과세),Bloomberg EV Supporters Plus Tesla Price Return Index,미국,개별종목,일반,20260812
469170,KR7469170005,ACE 포스코그룹포커스,한국투자신탁운용,0.3,113600000000,5680,5677.46,2023-10-17,주식,국내,실물(패시브),비과세,FnGuide 포스코그룹포커스 지수(시장가격),한국,기타,일반,20260812
491220,KR7491220000,PLUS 200TR,한화자산운용,0.01,55165500000,122590,122923.32,2024-09-10,주식,국내,실물(패시브),배당소득세(보유기간과세),코스피 200 TR,한국,광범위지수,일반,20260812
152100,KR7152100004,PLUS 200,한화자산운용,0.017,1455886000000,104740,105032.83,2012-01-10,주식,국내,실물(패시브),비과세,코스피 200,한국,광범위지수,일반,20260812
253150,KR7253150007,PLUS 200선물레버리지,한화자산운용,0.06,46592500000,186370,187509.14,2016-09-29,주식,국내,실물(패시브),배당소득세(보유기간과세),코스피 200 선물지수,한국,광범위지수,일반,20260812
253160,KR7253160006,PLUS 200선물인버스2X,한화자산운용,0.06,1242000000,180,176.28,2016-09-22,주식,국내,실물(패시브),배당소득세(보유기간과세),코스피 200 선물지수,한국,광범위지수,일반,20260812
0203D0,KR70203D0004,PLUS 200위클리커버드콜채권혼합,한화자산운용,0.39,9696500000,8815,8834.01,2026-06-02,혼합자산,국내,실물(패시브),배당소득세(보유기간과세),코스피 200 KTB 혼합 위클리 고정 10% 커버드콜 지수,한국,채권·금리,커버드콜,20260812
0210E0,KR70210E0004,PLUS 200커버드콜액티브,한화자산운용,0.491,56682500000,7175,7157.63,2026-06-23,주식,국내,실물(액티브),배당소득세(보유기간과세),코스피 200 위클리 고정 30% 커버드콜 지수,한국,광범위지수,커버드콜,20260812
395750,KR7395750003,PLUS ESG가치주액티브,한화자산운용,0.105,7944000000,19860,19832.11,2021-07-30,주식,국내,실물(액티브),배당소득세(보유기간과세),FnGuide 한화 ESG 가치 지수,한국,광범위지수,일반,20260812
395760,KR7395760002,PLUS ESG성장주액티브,한화자산운용,0.105,12477000000,20795,20751.67,2021-07-30,주식,국내,실물(액티브),배당소득세(보유기간과세),FnGuide 한화 ESG 성장 지수,한국,광범위지수,일반,20260812
453010,KR7453010001,PLUS KOFR금리,한화자산운용,0.05,14697790000,109685,109698.27,2023-03-14,기타,국내,실물(패시브),배당소득세(보유기간과세),KOFR 지수,한국,채권·금리,일반,20260812
227830,KR7227830007,PLUS 코스피,한화자산운용,0.2,17073750000,68295,68096.23,2015-09-23,주식,국내,실물(패시브),비과세,코스피,한국,광범위지수,일반,20260812
122090,KR7122090004,PLUS 코스피50,한화자산운용,0.33,177373350000,76785,77234.21,2010-01-07,주식,국내,실물(패시브),비과세,코스피 50,한국,광범위지수,일반,20260812
429740,KR7429740004,PLUS K리츠,한화자산운용,0.25,6902500000,6275,6227.88,2022-05-24,부동산,국내,실물(패시브),비과세(분리과세부동산ETF),FnGuide 리츠 지수,한국,리츠·부동산,일반,20260812
0104G0,KR70104G0001,PLUS K방산레버리지,한화자산운용,0.5,17625000000,7050,7066.98,2025-09-30,주식,국내,실물(패시브),배당소득세(보유기간과세),FnGuide K-방위산업 지수,한국,방산·우주,일반,20260812
0090B0,KR70090B0002,PLUS K방산소부장,한화자산운용,0.45,16225000000,7375,7330.6,2025-08-26,주식,국내,실물(패시브),비과세,Akros K방산소부장 지수(PR),한국,방산·우주,일반,20260812
449450,KR7449450006,PLUS K방산,한화자산운용,0.45,1120156200000,57180,57192.12,2023-01-05,주식,국내,실물(패시브),비과세,FnGuide K-방위산업 지수,한국,방산·우주,일반,20260812
0166S0,KR70166S0002,PLUS K제조업핵심기업액티브,한화자산운용,0.63,56362250000,10535,10517.22,2026-03-24,주식,국내,실물(액티브),배당소득세(보유기간과세),Akros K제조업 50 지수,한국,기타,일반,20260812
269540,KR7269540001,PLUS 미국S&P500(H),한화자산운용,0.3,90810000000,30270,30263.51,2017-05-16,주식,해외,실물(패시브),배당소득세(해외주식투자전용ETF),S&P 500,미국,광범위지수,일반,20260812
269530,KR7269530002,PLUS S&P글로벌인프라,한화자산운용,0.3,12231000000,20385,20668.32,2017-05-16,주식,해외,실물(패시브),배당소득세(해외주식투자전용ETF),S&P Global Infrastructure Index,글로벌,기타,일반,20260812
0226A0,KR70226A0000,PLUS SK하이닉스샌디스크채권혼합50,한화자산운용,0.25,49775000000,9955,9975.44,2026-08-04,혼합자산,국내&해외,실물(패시브),배당소득세(보유기간과세),Akros SK하이닉스 샌디스크 채권혼합 50 지수,국내+해외,개별종목,혼합,20260812
251590,KR7251590006,PLUS 고배당저변동50,한화자산운용,0.23,12064500000,17235,17229.08,2016-08-11,주식,국내,실물(패시브),비과세,FnGuide 고배당저변동50 지수,한국,배당주,일반,20260812
161510,KR7161510003,PLUS 고배당주,한화자산운용,0.23,2369276100000,24945,24906.6,2012-08-29,주식,국내,실물(패시브),비과세,FnGuide 배당주 지수,한국,배당주,일반,20260812
0018C0,KR70018C0000,PLUS 고배당주위클리고정커버드콜,한화자산운용,0.3,77973750000,10755,10581.15,2025-03-05,주식,국내,실물(패시브),배당소득세(보유기간과세),코스피 고배당 위클리 고정 커버드콜 지수,한국,배당주,커버드콜,20260812
489030,KR7489030007,PLUS 고배당주위클리커버드콜,한화자산운용,0.3,295546250000,6575,6534.19,2024-08-13,주식,국내,실물(패시브),배당소득세(보유기간과세),코스피 고배당 위클리 콜매도 ATM 지수,한국,배당주,일반,20260812
251600,KR7251600003,PLUS 고배당주채권혼합,한화자산운용,0.2,593282000000,15370,15366.68,2016-08-11,혼합자산,국내,실물(패시브),배당소득세(보유기간과세),FnGuide 고배당 채권혼합 지수,한국,채권·금리,혼합,20260812
461460,KR7461460008,PLUS 국고채10년액티브,한화자산운용,0.045,83354580000,51390,51436.41,2023-07-18,채권,국내,실물(액티브),배당소득세(보유기간과세),KAP 국고채 10년 동일가중 지수(총수익),한국,채권·금리,일반,20260812
451600,KR7451600001,PLUS 국고채30년액티브,한화자산운용,0.05,11331955000,82715,82605.01,2023-02-07,채권,국내,실물(액티브),배당소득세(보유기간과세),KAP 국고채 30년 지수(총수익),한국,채권·금리,일반,20260812
491230,KR7491230009,PLUS 국공채머니마켓액티브,한화자산운용,0.05,112797080000,52415,52415.01,2024-09-10,채권,국내,실물(액티브),배당소득세(보유기간과세),KAP 국공채 MMF 지수(총수익),한국,채권·금리,일반,20260812
289670,KR7289670002,PLUS 국채선물10년,한화자산운용,0.05,5832400000,52075,52110.97,2018-02-07,채권,국내,실물(패시브),배당소득세(보유기간과세),10년국채선물지수,한국,채권·금리,일반,20260812
298340,KR7298340001,PLUS 국채선물3년,한화자산운용,0.1,57162820000,56485,56511.01,2018-06-08,채권,국내,실물(패시브),배당소득세(보유기간과세),국채선물지수,한국,채권·금리,일반,20260812
489010,KR7489010009,PLUS 글로벌AI인프라,한화자산운용,0.45,3216750000,21445,21267.43,2024-08-13,주식,해외,실물(패시브),배당소득세(보유기간과세),Solactive Global AI Infrastructure Index (PR),글로벌,AI·테크,일반,20260812
442580,KR7442580007,PLUS 글로벌HBM반도체,한화자산운용,0.5,1671361000000,95780,95353.39,2022-09-22,주식,해외,실물(패시브),배당소득세(보유기간과세),iSelect 글로벌HBM반도체 지수,글로벌,반도체,일반,20260812
496770,KR7496770009,PLUS 글로벌방산,한화자산운용,0.45,33801250000,19315,19385.19,2024-11-12,주식,해외,실물(패시브),배당소득세(보유기간과세),Solactive Global Defense Index(PR),글로벌,방산·우주,일반,20260812
419650,KR7419650007,PLUS 글로벌수소&차세대연료전지,한화자산운용,0.5,17387500000,5350,5337.18,2022-02-15,주식,해외,실물(패시브),배당소득세(보유기간과세),BlueStar Hydrogen and NextGen Fuel Cell Index (시장가격),기타,에너지·원자력,일반,20260812
0007G0,KR70007G0009,PLUS 글로벌원자력밸류체인,한화자산운용,0.39,43230000000,14410,14332.11,2025-01-14,주식,해외,실물(패시브),배당소득세(보유기간과세),Solactive Global Nuclear Energy Value Chain Index(PR),글로벌,에너지·원자력,일반,20260812
0166T0,KR70166T0001,PLUS 글로벌저작권핵심기업액티브,한화자산운용,0.45,7900000000,9875,10071.64,2026-03-31,주식,해외,실물(액티브),배당소득세(보유기간과세),iSelect 미국AI지적재산 지수(PR),미국,AI·테크,일반,20260812
0035T0,KR70035T0000,PLUS 글로벌휴머노이드로봇액티브,한화자산운용,0.45,98184000000,20455,20388.54,2025-04-15,주식,국내&해외,실물(액티브),배당소득세(보유기간과세),iSelect 글로벌휴머노이드로봇 (PR),글로벌,AI·테크,일반,20260812
415920,KR7415920008,PLUS 글로벌희토류&전략자원생산기업,한화자산운용,0.5,34339000000,7465,7444.24,2022-01-18,주식,해외,실물(패시브),배당소득세(보유기간과세),MVIS Global Rare Earth/Strategic Metals Index (Price Return),글로벌,기타,일반,20260812
0138Y0,KR70138Y0009,PLUS 금채권혼합,한화자산운용,0.15,100941750000,9945,9931.99,2025-12-16,혼합자산,국내&해외,실물(패시브),배당소득세(보유기간과세),Akros 미국 금현물 ETF 채권혼합 지수,미국,채권·금리,혼합,20260812
278620,KR7278620000,PLUS 단기채권액티브,한화자산운용,0.07,65140760000,118870,118881.88,2017-09-26,채권,국내,실물(액티브),배당소득세(보유기간과세),"KAP 투자적격 크레딧 채권 1년 지수(A- 이상,총수익)",한국,채권·금리,일반,20260812
477050,KR7477050009,PLUS 머니마켓액티브,한화자산운용,0.05,424689000000,53420,53415.55,2024-03-26,채권,국내,실물(액티브),배당소득세(보유기간과세),KAP 시가평가 MMF 지수(총수익),한국,채권·금리,일반,20260812
0050E0,KR70050E0007,PLUS 미국AI에이전트,한화자산운용,0.45,4177500000,8355,8399.03,2025-05-20,주식,해외,실물(패시브),배당소득세(보유기간과세),Solactive US AI Agents Index(PR),미국,AI·테크,일반,20260812
429760,KR7429760002,PLUS 미국S&P500,한화자산운용,0.07,42441000000,20210,20187.8,2022-05-31,주식,해외,실물(패시브),배당소득세(보유기간과세),S&P 500,미국,광범위지수,일반,20260812
0057H0,KR70057H0007,PLUS 미국S&P500미국채혼합50액티브,한화자산운용,0.15,81532000000,11990,11979.1,2025-06-10,혼합자산,해외,실물(액티브),배당소득세(보유기간과세),S&P 500 and U.S. Treasury Bill 0-3 Month 50/50 Blend Index (USD),미국,채권·금리,일반,20260812
494410,KR7494410004,PLUS 미국S&P500성장주,한화자산운용,0.006,32461000000,14755,14734.21,2024-10-22,주식,해외,실물(패시브),배당소득세(보유기간과세),S&P 500 Growth Index(PR),미국,광범위지수,일반,20260812
0153X0,KR70153X0000,PLUS 미국고배당주액티브,한화자산운용,0.23,22512750000,11545,11543.58,2026-01-27,주식,해외,실물(액티브),배당소득세(보유기간과세),Akros 미국 고배당주 20 지수,미국,배당주,일반,20260812
0089B0,KR70089B0005,PLUS 미국나스닥100미국채혼합50,한화자산운용,0.15,32242000000,11515,11491.99,2025-08-19,혼합자산,해외,실물(패시브),배당소득세(보유기간과세),Nasdaq-100 US T-Bills 1-3 Month 50/50 Index (USD),미국,기타,일반,20260812
287180,KR7287180004,PLUS 미국나스닥테크,한화자산운용,0.5,48305500000,56830,56553.03,2017-12-13,주식,해외,실물(패시브),배당소득세(해외주식투자전용ETF),NASDAQ 100 Technology Sector Index,미국,AI·테크,일반,20260812
332610,KR7332610005,PLUS 미국단기회사채(AAA~A),한화자산운용,0.315,12381120000,128970,128895.03,2019-08-20,채권,해외,실물(패시브),배당소득세(보유기간과세),ICE BofaAML 1-3 Year AAA-A US Corporate Index(총수익지수),미국,채권·금리,일반,20260812
456200,KR7456200005,PLUS 미국달러SOFR금리액티브(합성),한화자산운용,0.09,6735850000,61235,61280.78,2023-05-09,기타,해외,합성(액티브),배당소득세(보유기간과세),Solactive SOFR Daily Total Return Index,미국,채권·금리,일반,20260812
0078V0,KR70078V0004,PLUS 미국로보택시,한화자산운용,0.49,5185000000,10370,10283.33,2025-07-22,주식,해외,실물(패시브),배당소득세(보유기간과세),KEDI 미국로보택시 지수(PR),미국,기타,일반,20260812
494420,KR7494420003,PLUS 미국배당증가성장주데일리커버드콜,한화자산운용,0.39,16626000000,9780,9624.68,2024-10-22,주식,해외,실물(패시브),배당소득세(보유기간과세),Bloomberg U.S. Dividend Growth Partial Covered Call Index,미국,배당주,커버드콜,20260812
0023B0,KR70023B0004,PLUS 미국양자컴퓨팅TOP10,한화자산운용,0.45,34100000000,17050,17013.47,2025-03-11,주식,해외,실물(패시브),배당소득세(보유기간과세),iSelect 미국양자컴퓨팅 TOP10 (PR),미국,AI·테크,일반,20260812
332620,KR7332620004,PLUS 미국장기우량회사채,한화자산운용,0.315,16941265000,90595,90569.52,2019-08-20,채권,해외,실물(패시브),배당소득세(보유기간과세),ICE BofaAML 15+ Year AAA-A US Corporate Index(총수익지수),미국,채권·금리,일반,20260812
464470,KR7464470004,PLUS 미국채30년액티브,한화자산운용,0.15,40487240000,49135,49051.06,2023-08-22,채권,해외,실물(액티브),배당소득세(보유기간과세),ICE U.S. Treasury 20+ Year Bond Index(Total Return),미국,채권·금리,일반,20260812
461900,KR7461900003,PLUS 미국테크TOP10,한화자산운용,0.01,18296000000,22870,22802.63,2023-07-18,주식,해외,실물(패시브),배당소득세(보유기간과세),iSelect 미국 Tech 10 지수,미국,AI·테크,일반,20260812
0193K0,KR70193K0007,PLUS 삼성전자단일종목레버리지,한화자산운용,0.09,17662500000,11775,11897.26,2026-05-27,주식,국내,실물(패시브),배당소득세(보유기간과세),KRX 삼성전자 지수,한국,개별종목,일반,20260812
0193L0,KR70193L0006,PLUS 삼성전자선물단일종목인버스2X,한화자산운용,0.49,15900000000,10600,10535.28,2026-05-27,주식,국내,실물(패시브),배당소득세(보유기간과세),KRX 삼성전자 선물 지수,한국,개별종목,일반,20260812
238670,KR7238670004,PLUS 스마트베타Quality채권혼합,한화자산운용,0.2,4065000000,13550,13516.51,2016-02-24,혼합자산,국내,실물(패시브),배당소득세(보유기간과세),WISE-KAP 스마트베타 Quality 채권혼합지수,한국,채권·금리,혼합,20260812
256450,KR7256450008,PLUS 심천차이넥스트(합성),한화자산운용,0.5,7975000000,15950,15996.39,2016-11-08,주식,해외,합성(패시브),배당소득세(보유기간과세),SZSE ChiNext Price Index,기타,기타,일반,20260812
447660,KR7447660002,PLUS 애플채권혼합,한화자산운용,0.25,22522500000,13650,13648.22,2022-11-29,혼합자산,국내&해외,실물(패시브),배당소득세(보유기간과세),FnGuide 애플채권혼합 지수,미국,개별종목,혼합,20260812
239660,KR7239660004,PLUS 우량회사채50,한화자산운용,0.135,21885300000,121585,121578.38,2016-03-22,채권,국내,실물(패시브),배당소득세(보유기간과세),KOBI HALF CREDIT Index(총수익),한국,채권·금리,일반,20260812
421320,KR7421320003,PLUS 우주항공,한화자산운용,0.45,279997500000,30270,30233.8,2022-03-29,주식,국내,실물(패시브),비과세,iSelect 우주항공UAM 지수,한국,방산·우주,일반,20260812
0184N0,KR70184N0005,PLUS 은채권혼합,한화자산운용,0.15,8059500000,8955,8889.89,2026-05-12,혼합자산,국내&해외,실물(패시브),배당소득세(보유기간과세),Akros 은 채권혼합 지수,국내+해외,채권·금리,혼합,20260812
464920,KR7464920008,PLUS 일본반도체소부장,한화자산운용,0.5,32006250000,25605,25341.02,2023-08-31,주식,해외,실물(패시브),배당소득세(보유기간과세),Solactive Japan Semiconductor Materials and Equipment Index PR,일본,반도체,일반,20260812
489000,KR7489000000,PLUS 일본엔화초단기국채(합성),한화자산운용,0.19,20691000000,9405,9395.86,2024-08-13,채권,해외,합성(패시브),배당소득세(보유기간과세),KAP 일본 단기 국채 지수(총수익),일본,채권·금리,일반,20260812
0098N0,KR70098N0000,PLUS 자사주매입고배당주,한화자산운용,0.3,77530750000,12815,12720.23,2025-09-16,주식,국내,실물(패시브),비과세,FnGuide 고배당주 플러스 자사주 지수 (PR),한국,배당주,일반,20260812
433880,KR7433880002,PLUS TDF2060액티브 적격,한화자산운용,0.2,66622500000,19035,18969.04,2022-06-30,혼합자산,국내&해외,실물(액티브),배당소득세(보유기간과세),Morningstar Korea Lifetime Allocation Moderate 2060 Index (Gross Return),국내+해외,기타,일반,20260812
451000,KR7451000004,PLUS 종합채권(AA-이상)액티브,한화자산운용,0.045,399669735000,106835,106859.7,2023-01-10,채권,국내,실물(액티브),배당소득세(보유기간과세),"KAP 종합채권지수(AA-이상, 총수익)",한국,채권·금리,일반,20260812
280920,KR7280920000,PLUS 주도업종,한화자산운용,0.23,12839750000,23345,23366.79,2017-10-17,주식,국내,실물(패시브),비과세,FnGuide 주도업종 지수,한국,기타,일반,20260812
0184L0,KR70184L0007,PLUS 중기종합채권(A-이상)액티브,한화자산운용,0.06,134194200000,100520,100544.25,2026-05-12,채권,국내,실물(액티브),배당소득세(보유기간과세),KIS 중기종합채권(A-이상) 지수(총수익),한국,채권·금리,일반,20260812
266550,KR7266550003,PLUS 중형주저변동50,한화자산운용,0.23,4707500000,18830,18687.02,2017-03-28,주식,국내,실물(패시브),비과세,FnGuide 중형주저변동50지수,한국,기타,일반,20260812
0047N0,KR70047N0002,PLUS 차이나AI테크TOP10,한화자산운용,0.49,6857500000,10550,10634.12,2025-05-13,주식,해외,실물(패시브),배당소득세(보유기간과세),Solactive China AI Tech Top10 Index(PR),중국,AI·테크,일반,20260812
0128D0,KR70128D0006,PLUS 차이나항셍테크위클리타겟커버드콜,한화자산운용,0.39,5145000000,7350,7447.0,2025-11-18,주식,해외,실물(패시브),배당소득세(보유기간과세),HSTECH 15% Target Premium Weekly Covered Call Index,기타,기타,커버드콜,20260812
495040,KR7495040008,PLUS 코리아밸류업,한화자산운용,0.009,84645000000,30780,30870.78,2024-11-04,주식,국내,실물(패시브),비과세,코리아 밸류업 지수,한국,배당주,일반,20260812
0166N0,KR70166N0007,PLUS 코스닥150액티브,한화자산운용,0.63,29450000000,7750,7735.95,2026-03-17,주식,국내,실물(액티브),배당소득세(보유기간과세),코스닥 150,한국,광범위지수,일반,20260812
301400,KR7301400008,PLUS 코스닥150,한화자산운용,0.15,10339000000,14770,14885.62,2018-07-05,주식,국내,실물(패시브),비과세,코스닥 150,한국,광범위지수,일반,20260812
328370,KR7328370002,PLUS 코스피TR,한화자산운용,0.15,114994500000,37095,37004.0,2019-06-25,주식,국내,실물(패시브),배당소득세(보유기간과세),코스피 TR,한국,광범위지수,일반,20260812
457990,KR7457990000,PLUS 태양광&ESS,한화자산운용,0.45,144760000000,37600,37541.16,2023-06-20,주식,국내,실물(패시브),비과세,FnGuide 태양광 & ESS 지수,한국,에너지·원자력,일반,20260812
0132K0,KR70132K0001,PLUS 테슬라위클리커버드콜채권혼합,한화자산운용,0.39,107010000000,8200,7970.43,2025-12-09,주식,국내&해외,실물(패시브),배당소득세(보유기간과세),Akros 테슬라 위클리 커버드콜 채권혼합 지수,미국,개별종목,커버드콜,20260812
0000J0,KR70000J0003,PLUS 한화그룹주,한화자산운용,0.19,112983000000,28970,29000.97,2024-12-24,주식,국내,실물(패시브),비과세,FnGuide 한화그룹주 지수,한국,기타,일반,20260812
461910,KR7461910002,PLUS 미국테크TOP10레버리지(합성),한화자산운용,0.5,19247500000,38495,38080.31,2023-07-18,주식,해외,합성(패시브),배당소득세(보유기간과세),iSelect 미국 Tech 10 지수,미국,AI·테크,일반,20260812
213630,KR7213630007,PLUS 미국다우존스고배당주(합성 H),한화자산운용,0.4,19228000000,20900,21037.79,2015-01-26,주식,해외,합성(패시브),배당소득세(보유기간과세),Dow Jones U.S Select Dividend Index(시장가격지수),미국,배당주,일반,20260812
189400,KR7189400005,PLUS 글로벌MSCI(합성 H),한화자산운용,0.4,7801500000,26005,26064.94,2013-12-10,주식,해외,합성(패시브),배당소득세(보유기간과세),MSCI ACWI Index,글로벌,광범위지수,일반,20260812
195970,KR7195970009,PLUS 선진국MSCI(합성 H),한화자산운용,0.5,24382000000,16700,16685.99,2014-05-13,주식,해외,합성(패시브),배당소득세(보유기간과세),MSCI EAFE Index,기타,광범위지수,일반,20260812
195980,KR7195980008,PLUS 신흥국MSCI(합성 H),한화자산운용,0.5,94451200000,15040,14975.17,2014-05-13,주식,해외,합성(패시브),배당소득세(보유기간과세),MSCI EM Index,신흥국,광범위지수,일반,20260812
0184V0,KR70184V0005,UNICORN K바이오액티브,현대자산운용,0.51,8004000000,6670,6640.75,2026-05-12,주식,국내,실물(액티브),배당소득세(보유기간과세),FnGuide K-바이오 밸런스드 지수,한국,바이오·헬스케어,일반,20260812
433250,KR7433250008,UNICORN R&D 액티브,현대자산운용,0.355,5771250000,23085,23013.58,2022-07-06,주식,국내,실물(액티브),배당소득세(보유기간과세),코스피 200,한국,광범위지수,일반,20260812
494220,KR7494220007,UNICORN SK하이닉스밸류체인액티브,현대자산운용,0.5,164983000000,44590,44573.6,2024-11-07,주식,국내,실물(액티브),배당소득세(보유기간과세),FnGuide SK하이닉스밸류체인 지수,한국,개별종목,일반,20260812
470310,KR7470310004,UNICORN 생성형AI강소기업액티브,현대자산운용,0.5,5688000000,18960,19073.17,2023-11-21,주식,국내,실물(액티브),배당소득세(보유기간과세),iSelect AI 지수,한국,AI·테크,일반,20260812
476000,KR7476000005,UNICORN 포스트IPO액티브,현대자산운용,0.5,3148750000,5725,5778.5,2024-02-27,주식,국내,실물(액티브),배당소득세(보유기간과세),iSelect 포스트 IPO 지수,한국,기타,일반,20260812
491700,KR7491700001,HK 200,흥국자산운용,0.05,62436000000,104060,104345.61,2024-09-10,주식,국내,실물(패시브),비과세,코스피 200,한국,광범위지수,일반,20260812
0000Y0,KR70000Y0004,HK 26-12 회사채(AA-이상)액티브,흥국자산운용,0.065,123081200000,101720,101696.05,2024-12-24,채권,국내,실물(액티브),배당소득세(보유기간과세),KAP 26-12 크레딧 채권 총수익지수(AA-이상),한국,채권·금리,일반,20260812
215620,KR7215620006,HK S&P코리아로우볼,흥국자산운용,0.4,8823600000,16340,16292.99,2015-03-25,주식,국내,실물(패시브),비과세,S&P Korea 저변동성 지수,한국,기타,일반,20260812
0113P0,KR70113P0009,HK 머니마켓액티브,흥국자산운용,0.045,52965500000,102250,102242.87,2025-09-30,채권,국내,실물(액티브),배당소득세(보유기간과세),KAP 머니마켓 지수(총수익),한국,기타,일반,20260812
391670,KR7391670007,HK 베스트일레븐액티브,흥국자산운용,0.3,16293000000,27155,27100.29,2021-07-06,주식,국내,실물(액티브),배당소득세(보유기간과세),코스피 200,한국,광범위지수,일반,20260812
472920,KR7472920008,HK 종합채권(AA-이상)액티브,흥국자산운용,0.036,252174620000,97780,97701.65,2023-11-28,채권,국내,실물(액티브),배당소득세(보유기간과세),KAP 종합채권 AA- 이상 지수(총수익),한국,채권·금리,일반,20260812
0226D0,,FOCUS 금융반도체지주채권혼합50액티브,,,7920000000,9900,9948.69,,,,,,KAP 금융반도체지주채권혼합50지수,,,,20260812
0227K0,,RISE 미국우주위성통신,,,9760000000,9760,9687.25,,,,,,Indxx US Space Satellite Communications Index PR,,,,20260812
0228G0,,ACE 반도체Plus전략산업,,,200100000000,10005,10011.14,,,,,,iSelect 반도체 TOP2+전략산업 지수 (시장가격),,,,20260812
