KRX코드,ISIN,종목명,운용사,총보수,시가총액,종가,NAV,상장일,자산분류,시장분류,운용방식,과세유형,기초지수명,투자지역,테마섹터,전략,기준일자
0193M0,KR70193M0005,BNK 27-12 특수채(AAA이상)액티브,비엔케이자산운용,0.07,106471610000,50365,50322.57,2026-06-16,채권,국내,실물(액티브),배당소득세(보유기간과세),KAP 27-12 특수채 총수익 지수(AAA이상),한국,채권·금리,일반,20260811
466810,KR7466810009,BNK 2차전지양극재,비엔케이자산운용,0.395,8178000000,5640,5617.4,2023-10-19,주식,국내,실물(패시브),비과세,iSelect 2차전지양극재 지수,한국,2차전지,일반,20260811
457930,KR7457930006,BNK 미래전략기술액티브,비엔케이자산운용,0.495,8125500000,27085,26982.83,2023-06-20,주식,국내,실물(액티브),배당소득세(보유기간과세),iSelect 미래전략기술 지수 (PR),한국,기타,일반,20260811
0218K0,KR70218K0008,BNK 스마트카,비엔케이자산운용,0.45,7875000000,10500,10480.0,2026-07-21,주식,국내,실물(패시브),비과세,FnGuide 스마트카 지수,한국,자동차,일반,20260811
487750,KR7487750002,BNK 온디바이스AI,비엔케이자산운용,0.395,11200000000,28000,28157.87,2024-07-23,주식,국내,실물(패시브),비과세,FnGuide 온디바이스AI 지수,한국,AI·테크,일반,20260811
445690,KR7445690001,BNK 주주가치액티브,비엔케이자산운용,0.495,17604000000,29340,29207.95,2022-10-27,주식,국내,실물(액티브),배당소득세(보유기간과세),FnGuide 주주가치 지수,한국,배당주,일반,20260811
0120J0,KR70120J0008,BNK 카카오그룹포커스,비엔케이자산운용,0.395,10300000000,8240,8238.83,2025-12-02,주식,국내,실물(패시브),비과세,FnGuide 카카오그룹 포커스 지수,한국,개별종목,일반,20260811
0112X0,KR70112X0000,마이티 200TR,디비자산운용,0.05,33664500000,37405,37285.12,2025-10-28,주식,국내,실물(패시브),배당소득세(보유기간과세),코스피 200 TR,한국,광범위지수,일반,20260811
465780,KR7465780005,마이티 26-09 특수채(AAA)액티브,디비자산운용,0.06,102318750000,106250,106238.75,2023-09-21,채권,국내,실물(액티브),배당소득세(보유기간과세),KAP 26-09 특수채 지수(총수익),한국,채권·금리,일반,20260811
0191M0,KR70191M0007,마이티 5월만기자동연장특수채(AAA)액티브,디비자산운용,0.06,41648400000,100600,100582.07,2026-06-02,채권,국내,실물(액티브),배당소득세(보유기간과세),KAP 5월 만기자동연장 특수채(AAA) 총수익 지수,한국,채권·금리,일반,20260811
0222F0,KR70222F0009,마이티 AI데이터센터밸류체인,디비자산운용,0.365,9704000000,12130,12084.25,2026-08-04,주식,국내,실물(패시브),비과세,KAP AI데이터센터밸류체인지수,한국,AI·테크,일반,20260811
442260,KR7442260006,마이티 다이나믹퀀트액티브,디비자산운용,0.295,42873000000,34575,34430.64,2022-10-25,주식,국내,실물(액티브),배당소득세(보유기간과세),코스피 200,한국,광범위지수,일반,20260811
0001P0,KR70001P0004,마이티 바이오시밀러&CDMO액티브,디비자산운용,0.805,11368000000,10150,10139.54,2024-12-24,주식,국내,실물(액티브),배당소득세(보유기간과세),FnGuide 바이오시밀러&CDMO 지수,한국,바이오·헬스케어,일반,20260811
159800,KR7159800002,마이티 코스피100,디비자산운용,0.375,22005200000,78590,78507.7,2012-07-05,주식,국내,실물(패시브),비과세,코스피 100,한국,광범위지수,일반,20260811
472840,KR7472840008,IBK 200,아이비케이자산운용,0.08,36973125000,98595,98746.27,2023-12-21,주식,국내,실물(패시브),비과세,코스피 200,한국,광범위지수,일반,20260811
0005G0,KR70005G0001,IBK K-AI반도체코어테크,아이비케이자산운용,0.28,157854750000,45755,45500.78,2025-01-21,주식,국내,실물(패시브),비과세,FnGuide K-AI반도체 코어테크 지수,한국,반도체,일반,20260811
0178H0,KR70178H0001,IBK 미국AI TOP10국채혼합50,아이비케이자산운용,0.25,47058000000,10120,10074.65,2026-04-28,혼합자산,국내&해외,실물(패시브),배당소득세(보유기간과세),FnGuide 미국AI TOP10국채혼합 지수,미국,AI·테크,혼합,20260811
0135Y0,KR70135Y0002,IBK 중기종합채권(AA-이상)액티브,아이비케이자산운용,0.041,113071910000,100330,100355.36,2025-12-16,채권,국내,실물(액티브),배당소득세(보유기간과세),"KIS 중기종합채권 (1~5Y, AA-이상, 총수익)",한국,채권·금리,일반,20260811
0221V0,KR70221V0000,IBK 초단기채권액티브,아이비케이자산운용,0.05,107145870000,100230,100231.07,2026-07-21,채권,국내,실물(액티브),배당소득세(보유기간과세),KIS 단기자금 총수익지수,한국,채권·금리,일반,20260811
0191S0,KR70191S0001,IBK 코스닥150,아이비케이자산운용,0.105,11040800000,14920,14878.7,2026-05-19,주식,국내,실물(패시브),비과세,코스닥 150,한국,광범위지수,일반,20260811
0208N0,KR70208N0007,IBK 코스피액티브,아이비케이자산운용,0.415,11352000000,6880,6884.07,2026-06-23,주식,국내,실물(액티브),배당소득세(보유기간과세),코스피,한국,광범위지수,일반,20260811
361580,KR7361580004,RISE 200TR,케이비자산운용,0.012,451200000000,56400,56406.11,2020-08-21,주식,국내,실물(패시브),배당소득세(보유기간과세),코스피 200 TR,한국,광범위지수,일반,20260811
290080,KR7290080001,RISE 200고배당커버드콜ATM,케이비자산운용,0.4,12740000000,7280,7316.88,2018-02-27,주식,국내,실물(패시브),배당소득세(보유기간과세),코스피 200 고배당커버드콜 ATM 지수(시장가격지수),한국,배당주,커버드콜,20260811
284980,KR7284980000,RISE 200금융,케이비자산운용,0.19,18980200000,22070,22110.09,2017-12-08,주식,국내,실물(패시브),비과세,코스피 200 금융,한국,금융,일반,20260811
252400,KR7252400007,RISE 200선물레버리지,케이비자산운용,0.022,60130000000,85900,85959.25,2016-09-12,주식,국내,실물(패시브),배당소득세(보유기간과세),코스피 200 선물지수,한국,광범위지수,일반,20260811
252420,KR7252420005,RISE 200선물인버스2X,케이비자산운용,0.022,4940100000,99,100.64,2016-09-22,주식,국내,실물(패시브),배당소득세(보유기간과세),코스피 200 선물지수,한국,광범위지수,일반,20260811
252410,KR7252410006,RISE 200선물인버스,케이비자산운용,0.022,2920000000,1460,1459.55,2016-09-12,주식,국내,실물(패시브),배당소득세(보유기간과세),코스피 200 선물지수,한국,광범위지수,일반,20260811
475720,KR7475720009,RISE 200위클리커버드콜,케이비자산운용,0.3,780929000000,12070,12060.22,2024-03-05,주식,국내,실물(패시브),배당소득세(보유기간과세),코스피 200 위클리 커버드콜 ATM 지수,한국,광범위지수,커버드콜,20260811
148020,KR7148020001,RISE 200,케이비자산운용,0.017,4237244000000,99935,99958.13,2011-10-20,주식,국내,실물(패시브),비과세,코스피 200,한국,광범위지수,일반,20260811
183700,KR7183700004,RISE 200채권혼합50,케이비자산운용,0.2,38881500000,92575,92397.36,2013-10-17,혼합자산,국내,실물(패시브),배당소득세(보유기간과세),코스피 200 KTB 혼합지수,한국,채권·금리,혼합,20260811
0122W0,KR70122W0009,RISE 26-11 회사채(AA-이상)액티브,케이비자산운용,0.05,113744110000,50915,50905.99,2025-11-18,채권,국내,실물(액티브),배당소득세(보유기간과세),KAP 26-11 회사채(AA-이상) 총수익지수,한국,채권·금리,일반,20260811
465330,KR7465330009,RISE 2차전지TOP10,케이비자산운용,0.07,61233250000,10790,10774.12,2023-09-12,주식,국내,실물(패시브),비과세,iSelect 2차전지 TOP10 지수(PR),한국,2차전지,일반,20260811
465350,KR7465350007,RISE 2차전지TOP10인버스(합성),케이비자산운용,0.49,35000000000,17500,17640.32,2023-09-12,주식,국내,합성(패시브),배당소득세(보유기간과세),iSelect 2차전지 TOP10 지수(PR),한국,2차전지,일반,20260811
422420,KR7422420000,RISE 2차전지액티브,케이비자산운용,0.35,206208800000,6440,6413.87,2022-04-08,주식,국내,실물(액티브),배당소득세(보유기간과세),iSelect 2차전지 지수 (시장가격지수),한국,2차전지,일반,20260811
105780,KR7105780001,RISE 5대그룹주,케이비자산운용,0.4,31850000000,15925,15870.66,2008-10-22,주식,국내,실물(패시브),비과세,MKF 5대그룹주,한국,광범위지수,일반,20260811
469070,KR7469070007,RISE AI&로봇,케이비자산운용,0.4,395271000000,11870,11871.39,2023-10-24,주식,국내,실물(패시브),비과세,iSelect AI&로봇 지수(시장가격),한국,AI·테크,일반,20260811
0093A0,KR70093A0000,RISE AI반도체TOP10,케이비자산운용,0.2,165001500000,29730,29679.12,2025-08-26,주식,국내,실물(패시브),비과세,FnGuide AI반도체TOP10 지수,한국,반도체,일반,20260811
0101N0,KR70101N0005,RISE AI전력인프라,케이비자산운용,0.2,595815000000,18975,18941.86,2025-09-23,주식,국내,실물(패시브),비과세,KRX-Akros AI 전력인프라 지수,한국,AI·테크,일반,20260811
427120,KR7427120001,RISE AI플랫폼,케이비자산운용,0.45,3630000000,5500,5418.94,2022-05-17,주식,국내,실물(패시브),비과세,FnGuide AI 플랫폼 지수,한국,AI·테크,일반,20260811
477080,KR7477080006,RISE CD금리액티브(합성),케이비자산운용,0.02,1671237225000,107275,107268.04,2024-03-26,기타,국내,합성(액티브),배당소득세(보유기간과세),FnGuide CD금리투자 지수(총수익),한국,채권·금리,일반,20260811
290130,KR7290130004,RISE ESG사회책임투자,케이비자산운용,0.3,609251000000,42905,42806.95,2018-02-27,주식,국내,실물(패시브),비과세,KRX ESG 사회책임경영지수(S),한국,광범위지수,일반,20260811
367770,KR7367770005,RISE 수소경제테마,케이비자산운용,0.45,118794000000,22845,22814.16,2020-10-29,주식,국내,실물(패시브),비과세,FnGuide 수소 경제 테마 지수,한국,에너지·원자력,일반,20260811
326240,KR7326240009,RISE IT플러스,케이비자산운용,0.4,103552000000,40450,40350.07,2019-06-20,주식,국내,실물(패시브),비과세,FnGuide IT플러스 지수,한국,AI·테크,일반,20260811
385560,KR7385560008,RISE KIS국고채30년Enhanced,케이비자산운용,0.05,720700500000,50700,50804.44,2021-05-26,채권,국내,실물(패시브),배당소득세(보유기간과세),KIS 국고채30년Enhanced지수(시장가격),한국,채권·금리,일반,20260811
479520,KR7479520009,RISE KOFR금리액티브(합성),케이비자산운용,0.02,1030689260000,106180,106185.06,2024-04-30,기타,국내,합성(액티브),배당소득세(보유기간과세),KOFR 지수,한국,채권·금리,일반,20260811
270800,KR7270800006,RISE KQ고배당,케이비자산운용,0.3,8841250000,16075,16137.6,2017-07-07,주식,국내,실물(패시브),비과세,FnGuide KQ고배당포커스 지수,한국,배당주,일반,20260811
292050,KR7292050002,RISE KRX300,케이비자산운용,0.05,15839250000,45255,45308.57,2018-03-26,주식,국내,실물(패시브),비과세,KRX 300,한국,광범위지수,일반,20260811
388280,KR7388280000,RISE K엔터&여행레저,케이비자산운용,0.45,24485000000,7375,7348.77,2021-06-10,주식,국내,실물(패시브),비과세,FnGuide K엔터&여행레저 지수,한국,게임·엔터,일반,20260811
0192L0,KR70192L0007,RISE SK하이닉스단일종목레버리지,케이비자산운용,0.09,32375000000,6475,6454.04,2026-05-27,주식,국내,실물(패시브),배당소득세(보유기간과세),KRX SK하이닉스 지수,한국,개별종목,일반,20260811
0013R0,KR70013R0008,RISE 테슬라미국채타겟커버드콜혼합(합성),케이비자산운용,0.25,26894000000,7910,7908.9,2025-02-18,혼합자산,해외,합성(패시브),배당소득세(보유기간과세),KEDI 테슬라미국30년국채15%타겟프리미엄 혼합지수(TR),미국,개별종목,커버드콜,20260811
234310,KR7234310001,RISE V&S셀렉트밸류,케이비자산운용,0.3,13742500000,27485,27552.02,2016-02-02,주식,국내,실물(패시브),비과세,FnGuide 셀렉트 밸류 지수,한국,광범위지수,일반,20260811
241390,KR7241390004,RISE V&S셀렉트밸류채권혼합,케이비자산운용,0.23,33924000000,15420,15542.18,2016-04-12,혼합자산,국내,실물(패시브),배당소득세(보유기간과세),FnGuide 셀렉트벨류 채권혼합지수,한국,채권·금리,혼합,20260811
401170,KR7401170006,RISE 메타버스,케이비자산운용,0.45,46035000000,11625,11588.02,2021-10-13,주식,국내,실물(패시브),비과세,iSelect 메타버스 지수(시장가격지수),한국,AI·테크,일반,20260811
300640,KR7300640000,RISE 게임테마,케이비자산운용,0.3,23856750000,6915,6948.71,2018-07-24,주식,국내,실물(패시브),비과세,WISE 게임 테마 지수 (시장가격지수),한국,게임·엔터,일반,20260811
266160,KR7266160001,RISE 고배당,케이비자산운용,0.2,196704000000,30735,30679.36,2017-04-14,주식,국내,실물(패시브),비과세,FnGuide 고배당포커스 지수,한국,배당주,일반,20260811
481430,KR7481430007,RISE 국고채10년액티브,케이비자산운용,0.012,86402800000,98185,98237.66,2024-05-21,채권,국내,실물(액티브),배당소득세(보유기간과세),KAP 국고채 10년 지수(총수익),한국,채권·금리,일반,20260811
282000,KR7282000009,RISE 국고채3년선물인버스,케이비자산운용,0.07,61587550000,114475,114473.88,2017-11-09,채권,국내,실물(패시브),배당소득세(보유기간과세),국채선물지수,한국,채권·금리,일반,20260811
114100,KR7114100001,RISE 국고채3년,케이비자산운용,0.115,100301190000,106590,106591.08,2009-07-29,채권,국내,실물(패시브),배당소득세(보유기간과세),KTB INDEX(시장가격),한국,채권·금리,일반,20260811
451670,KR7451670004,RISE 국채30년레버리지(합성),케이비자산운용,0.1,5875000000,11750,11800.22,2023-02-14,채권,국내,합성(패시브),배당소득세(보유기간과세),KAP 국채30년 TR 지수(총수익),한국,채권·금리,일반,20260811
295020,KR7295020002,RISE 국채선물10년인버스,케이비자산운용,0.07,44110250000,60425,60416.44,2018-05-11,채권,국내,실물(패시브),배당소득세(보유기간과세),10년국채선물지수,한국,채권·금리,일반,20260811
295000,KR7295000004,RISE 국채선물10년,케이비자산운용,0.07,5137000000,51370,51418.4,2018-05-11,채권,국내,실물(패시브),배당소득세(보유기간과세),10년국채선물지수,한국,채권·금리,일반,20260811
432600,KR7432600005,RISE 국채선물3년,케이비자산운용,0.07,5526500000,55265,55298.33,2022-06-14,채권,국내,실물(패시브),배당소득세(보유기간과세),국채선물지수,한국,채권·금리,일반,20260811
397420,KR7397420001,RISE 국채선물5년추종,케이비자산운용,0.07,303480000,50580,50583.35,2021-08-31,채권,국내,실물(패시브),배당소득세(보유기간과세),5년 국채선물 추종 지수,한국,채권·금리,일반,20260811
0114X0,KR70114X0008,RISE 글로벌게임테크TOP3Plus,케이비자산운용,0.4,6181000000,8830,8831.95,2025-10-21,주식,해외,실물(패시브),배당소득세(보유기간과세),Solactive-KEDI 글로벌 게임 테크 TOP3 플러스 지수,글로벌,AI·테크,일반,20260811
437370,KR7437370000,RISE 글로벌농업경제,케이비자산운용,0.4,7350000000,10500,10531.64,2022-07-29,주식,해외,실물(패시브),배당소득세(보유기간과세),MVIS Global Agribusiness Index(Price Return),글로벌,소비재,일반,20260811
375270,KR7375270006,RISE 글로벌데이터센터리츠(합성),케이비자산운용,0.4,9217000000,14180,14091.6,2021-01-14,부동산,해외,합성(패시브),배당소득세(분리과세부동산ETF),Kelly Data Center & Tech Infrastructure Net Total Return Index,기타,AI·테크,일반,20260811
475380,KR7475380002,RISE 글로벌리얼티인컴,케이비자산운용,0.01,28606500000,10595,10575.82,2024-02-20,부동산,해외,실물(패시브),배당소득세(분리과세부동산ETF),Solactive Global Realty Income Index(Price Return),글로벌,리츠·부동산,일반,20260811
476310,KR7476310008,RISE 글로벌비만산업TOP2+,케이비자산운용,0.35,5725500000,10410,10501.52,2024-02-27,주식,해외,실물(패시브),배당소득세(보유기간과세),KEDI 글로벌 비만 산업 Top2+ 지수(Price Return),글로벌,바이오·헬스케어,일반,20260811
417450,KR7417450004,RISE 글로벌수소경제,케이비자산운용,0.4,13727500000,16150,16152.93,2022-02-15,주식,해외,실물(패시브),배당소득세(보유기간과세),Indxx Hydrogen Economy Index (PR),기타,에너지·원자력,일반,20260811
442320,KR7442320008,RISE 글로벌원자력,케이비자산운용,0.4,230465600000,36640,36266.57,2022-10-13,주식,해외,실물(패시브),배당소득세(보유기간과세),iSelect 글로벌원자력 지수(시장가격),글로벌,에너지·원자력,일반,20260811
461490,KR7461490005,RISE 글로벌자산배분액티브,케이비자산운용,0.01,289027000000,14860,14844.8,2023-06-27,혼합자산,해외,실물(액티브),배당소득세(보유기간과세),Bloomberg Multi-Asset Weighted (KRW ETFs) 지수(시장가격),기타,자산배분·TDF,혼합,20260811
459750,KR7459750006,RISE 글로벌주식분산액티브,케이비자산운용,0.2,33057000000,18365,18401.5,2023-06-27,주식,해외,실물(액티브),배당소득세(보유기간과세),Bloomberg Global Equity Market Weighted Index(Price Return),글로벌,광범위지수,일반,20260811
399580,KR7399580000,RISE 글로벌클린에너지,케이비자산운용,0.4,9760000000,9760,9721.08,2021-10-21,주식,해외,실물(패시브),배당소득세(보유기간과세),S&P Global Clean Energy Transition Index (Price Return),글로벌,에너지·원자력,일반,20260811
276650,KR7276650009,RISE 글로벌테크놀로지(합성 H),케이비자산운용,0.4,34725000000,46300,46305.46,2017-08-17,주식,국내&해외,합성(패시브),배당소득세(보유기간과세),S&P Global 1200 Information Technology and Interactive Media & Services(PR),글로벌,AI·테크,일반,20260811
336160,KR7336160007,RISE 금융채액티브,케이비자산운용,0.07,50749270000,100295,100327.9,2019-10-29,채권,국내,실물(액티브),배당소득세(보유기간과세),KIS 종합채권금융채 2.5Y-3Y 지수 (총수익),한국,금융,일반,20260811
326230,KR7326230000,RISE 내수주플러스,케이비자산운용,0.4,7241600000,11315,11359.85,2019-06-20,주식,국내,실물(패시브),비과세,FnGuide 내수주플러스 지수,한국,광범위지수,일반,20260811
367760,KR7367760006,RISE 네트워크인프라,케이비자산운용,0.45,619022750000,53135,53065.29,2020-10-29,주식,국내,실물(패시브),비과세,FnGuide 네트워크 인프라 지수,한국,AI·테크,일반,20260811
272560,KR7272560004,RISE 단기국공채액티브,케이비자산운용,0.07,160263840000,114720,114710.77,2017-06-29,채권,국내,실물(액티브),배당소득세(보유기간과세),KIS 종합채권국공채3M~1.5Y지수,한국,채권·금리,일반,20260811
385550,KR7385550009,RISE 단기채권알파액티브,케이비자산운용,0.05,344881245000,113935,113921.7,2021-05-26,채권,국내,실물(액티브),배당소득세(보유기간과세),KIS 단기채권알파지수(AA-이상)(총수익지수),한국,채권·금리,일반,20260811
196230,KR7196230007,RISE 단기통안채,케이비자산운용,0.13,252828700000,116780,116770.38,2014-05-19,채권,국내,실물(패시브),배당소득세(보유기간과세),KIS 통안채 5개월 지수(총수익),한국,채권·금리,일반,20260811
0061Z0,KR70061Z0009,RISE 단기특수은행채액티브,케이비자산운용,0.01,734092470000,50915,50908.49,2025-06-24,채권,국내,실물(액티브),배당소득세(보유기간과세),KAP 단기 특수은행채 지수(시장가격),한국,금융,일반,20260811
315960,KR7315960005,RISE 대형고배당10TR,케이비자산운용,0.07,474012000000,71820,72050.31,2019-01-22,주식,국내,실물(패시브),배당소득세(보유기간과세),WISE 대형고배당10 TR 지수,한국,배당주,일반,20260811
0138D0,KR70138D0004,RISE 동학개미,케이비자산운용,0.07,7510750000,11555,11601.17,2025-12-16,주식,국내,실물(패시브),비과세,FnGuide 동학개미 지수,한국,기타,일반,20260811
455890,KR7455890004,RISE 머니마켓액티브,케이비자산운용,0.05,2978795260000,55370,55367.59,2023-05-09,채권,국내,실물(액티브),배당소득세(보유기간과세),KIS 시가평가 MMF 지수 (총수익지수),한국,채권·금리,일반,20260811
481340,KR7481340008,RISE 미국30년국채액티브,케이비자산운용,0.05,24090000000,8760,8771.56,2024-05-28,채권,해외,실물(액티브),배당소득세(보유기간과세),Bloomberg U.S Treasury 20+ Year Total Return Index,미국,채권·금리,일반,20260811
472870,KR7472870005,RISE 미국30년국채엔화노출(합성 H),케이비자산운용,0.15,170720000000,7040,7125.57,2023-12-27,채권,해외,합성(패시브),배당소득세(보유기간과세),KIS 미국채30년 엔화노출 지수(USD/JPY 헤지)(총수익지수),미국,채권·금리,일반,20260811
472830,KR7472830009,RISE 미국30년국채커버드콜(합성),케이비자산운용,0.25,45066000000,8120,8126.78,2023-12-14,채권,해외,합성(패시브),배당소득세(보유기간과세),Bloomberg U.S. Treasury 20+ Year (TLT) 2% OTM Covered Call Index(TR),미국,채권·금리,커버드콜,20260811
485690,KR7485690002,RISE 미국AI밸류체인TOP3Plus,케이비자산운용,0.01,94479000000,22495,22428.48,2024-07-23,주식,해외,실물(패시브),배당소득세(보유기간과세),KEDI 미국 AI 밸류체인 TOP3 Plus 지수(Price Return),미국,AI·테크,일반,20260811
490590,KR7490590007,RISE 미국AI밸류체인데일리고정커버드콜,케이비자산운용,0.25,782844000000,14660,14629.36,2024-10-02,주식,해외,실물(패시브),배당소득세(보유기간과세),KEDI 미국 AI밸류체인 90%참여+데일리옵션 프리미엄 지수(TR),미국,AI·테크,커버드콜,20260811
0176E0,KR70176E0006,RISE 미국AI전력인프라액티브,케이비자산운용,0.45,128254750000,10385,10319.26,2026-04-07,주식,해외,실물(액티브),배당소득세(보유기간과세),Solactive US AI Electricity Infrastructure Index PR,미국,AI·테크,일반,20260811
0127R0,KR70127R0001,RISE 미국AI클라우드인프라,케이비자산운용,0.4,20550000000,16440,16309.8,2025-11-25,주식,해외,실물(패시브),배당소득세(보유기간과세),Akros 미국 AI 클라우드 인프라 지수(Price Return),미국,AI·테크,일반,20260811
495940,KR7495940009,RISE 미국AI테크액티브,케이비자산운용,0.5,63283500000,20090,19949.59,2024-11-26,주식,해외,실물(액티브),배당소득세(보유기간과세),Solactive US AI Tech Active Index PR,미국,AI·테크,일반,20260811
0138T0,KR70138T0006,RISE 미국S&P500데일리고정커버드콜,케이비자산운용,0.25,31824000000,9945,9947.0,2025-12-23,주식,해외,실물(패시브),배당소득세(보유기간과세),S&P500 10% Daily Fixed Covered Call Index,미국,광범위지수,커버드콜,20260811
0005C0,KR70005C0005,RISE 미국S&P500엔화노출(합성 H),케이비자산운용,0.1,7562750000,11635,11614.01,2025-01-14,주식,해외,합성(패시브),배당소득세(보유기간과세),S&P500 Yen Hedged Index(PR),미국,광범위지수,일반,20260811
379780,KR7379780000,RISE 미국S&P500,케이비자산운용,0.004,1565382000000,23790,23776.66,2021-04-09,주식,해외,실물(패시브),배당소득세(보유기간과세),S&P 500,미국,광범위지수,일반,20260811
453330,KR7453330003,RISE 미국S&P500(H),케이비자산운용,0.004,82620000000,18360,18344.65,2023-03-21,주식,해외,실물(패시브),배당소득세(보유기간과세),S&P 500,미국,광범위지수,일반,20260811
460660,KR7460660004,RISE 미국S&P배당킹,케이비자산운용,0.01,17304000000,12360,12419.28,2023-06-27,주식,해외,실물(패시브),배당소득세(보유기간과세),S&P Dividend Monarchs Index(Price Return),미국,배당주,일반,20260811
219390,KR7219390002,RISE 미국S&P원유생산기업(합성 H),케이비자산운용,0.25,15390000000,7695,7807.13,2015-06-02,주식,해외,합성(패시브),배당소득세(보유기간과세),S&P Oil & Gas Exploration & Production Select Industry Index(PR),기타,에너지·원자력,일반,20260811
0115C0,KR70115C0002,RISE 미국고배당다우존스TOP10,케이비자산운용,0.01,27252000000,11355,11348.9,2025-10-21,주식,해외,실물(패시브),배당소득세(보유기간과세),Dow Jones U.S. High Dividend 10 Index,미국,배당주,일반,20260811
354240,KR7354240004,RISE 미국고정배당우선증권,케이비자산운용,0.5,11957000000,10870,10854.56,2020-05-19,혼합자산,해외,실물(패시브),배당소득세(보유기간과세),ICE BofAML Core Plus Fixed Rate Preferred Securities Index(PR),기타,채권·금리,일반,20260811
368590,KR7368590006,RISE 미국나스닥100,케이비자산운용,0.006,1564995000000,30990,30952.53,2020-11-06,주식,해외,실물(패시브),배당소득세(보유기간과세),NASDAQ 100,미국,광범위지수,일반,20260811
437350,KR7437350002,RISE 미국단기투자등급회사채액티브,케이비자산운용,0.1,27489000000,12495,12492.83,2022-07-29,채권,해외,실물(액티브),배당소득세(보유기간과세),Bloomberg US Corporate 1-5 Years Total Return Index,미국,채권·금리,일반,20260811
455960,KR7455960005,RISE 미국달러SOFR금리액티브(합성),케이비자산운용,0.05,56677500000,12375,12391.46,2023-05-16,기타,해외,합성(액티브),배당소득세(보유기간과세),KAP SOFR 지수,미국,채권·금리,일반,20260811
469530,KR7469530000,RISE 미국달러선물인버스,케이비자산운용,0.05,5856000000,9150,9159.62,2023-11-09,통화,국내,실물(패시브),배당소득세(보유기간과세),미국달러선물지수,한국,기타,일반,20260811
469060,KR7469060008,RISE 미국반도체NYSE,케이비자산운용,0.01,79739000000,36245,35969.47,2023-10-24,주식,해외,실물(패시브),배당소득세(보유기간과세),NYSE Semicondoctor Index(Price Return),미국,반도체,일반,20260811
469050,KR7469050009,RISE 미국반도체NYSE(H),케이비자산운용,0.01,35304500000,32095,31882.19,2023-10-24,주식,해외,실물(패시브),배당소득세(보유기간과세),NYSE Semicondoctor Index(Price Return),미국,반도체,일반,20260811
491630,KR7491630000,RISE 미국반도체인버스(합성 H),케이비자산운용,0.49,2562625000,5395,5354.77,2024-10-22,주식,해외,합성(패시브),배당소득세(보유기간과세),NYSE Semicondoctor Index(Price Return),미국,반도체,일반,20260811
490600,KR7490600004,RISE 미국배당100데일리고정커버드콜,케이비자산운용,0.25,164762500000,9415,9409.24,2024-09-24,주식,해외,실물(패시브),배당소득세(보유기간과세),KEDI 미국 배당100 90%참여+데일리옵션 프리미엄 지수(총수익지수),미국,배당주,커버드콜,20260811
0018Z0,KR70018Z0003,RISE 미국양자컴퓨팅,케이비자산운용,0.4,18980000000,18980,18993.11,2025-03-11,주식,해외,실물(패시브),배당소득세(보유기간과세),Solactive US Quantum Computing Technology Index PR,미국,AI·테크,일반,20260811
0218J0,KR70218J0001,RISE 미국우주&로봇TOP2미국채혼합50,케이비자산운용,0.13,27822500000,8975,9001.23,2026-07-14,혼합자산,해외,실물(패시브),배당소득세(보유기간과세),Akros 미국 우주-로봇 TOP2 채권혼합50 지수,미국,AI·테크,혼합,20260811
0013P0,KR70013P0000,RISE 미국은행TOP10,케이비자산운용,0.2,14734500000,13395,13375.04,2025-02-18,주식,해외,실물(패시브),배당소득세(보유기간과세),KEDI 미국 은행 TOP10 지수,미국,금융,일반,20260811
267490,KR7267490001,RISE 미국장기국채선물레버리지(합성 H),케이비자산운용,0.5,3479000000,4970,4992.63,2017-04-20,채권,해외,합성(패시브),배당소득세(보유기간과세),S&P U.S. Treasury Bond Futures Excess Return Index,미국,채권·금리,일반,20260811
267450,KR7267450005,RISE 미국장기국채선물인버스(H),케이비자산운용,0.4,5620000000,11240,11173.04,2017-04-20,채권,해외,실물(패시브),배당소득세(보유기간과세),S&P U.S. Treasury Bond Futures Excess Return Index,미국,채권·금리,일반,20260811
267440,KR7267440006,RISE 미국장기국채선물(H),케이비자산운용,0.4,4743000000,7905,8053.48,2017-04-20,채권,해외,실물(패시브),배당소득세(보유기간과세),S&P U.S. Treasury Bond Futures Excess Return Index,미국,채권·금리,일반,20260811
0036Z0,KR70036Z0001,RISE 미국천연가스밸류체인,케이비자산운용,0.4,6916250000,12575,12606.93,2025-04-22,주식,해외,실물(패시브),배당소득세(보유기간과세),Solactive US Natural Gas Value Chain Index PR,미국,에너지·원자력,일반,20260811
491620,KR7491620001,RISE 미국테크100데일리고정커버드콜,케이비자산운용,0.25,555714000000,11070,11040.77,2024-10-02,주식,해외,실물(패시브),배당소득세(보유기간과세),KEDI 미국 테크100 90%참여+데일리옵션 프리미엄 지수(TR),미국,AI·테크,커버드콜,20260811
0036R0,KR70036R0001,RISE 미국휴머노이드로봇,케이비자산운용,0.4,111664000000,19940,19883.84,2025-04-15,주식,해외,실물(패시브),배당소득세(보유기간과세),KEDI 미국 휴머노이드 로봇 지수(시장가격),미국,AI·테크,일반,20260811
0000Z0,KR70000Z0003,RISE 바이오TOP10액티브,케이비자산운용,0.5,61047000000,10260,10242.95,2024-12-24,주식,국내,실물(액티브),배당소득세(보유기간과세),KRX 바이오 TOP 10 지수,한국,바이오·헬스케어,일반,20260811
446700,KR7446700007,RISE 배터리 리사이클링,케이비자산운용,0.4,11118600000,10295,10302.35,2022-11-01,주식,국내,실물(패시브),비과세,iSelect 배터리 리사이클링 지수,한국,2차전지,일반,20260811
475350,KR7475350005,RISE 버크셔포트폴리오TOP10,케이비자산운용,0.01,70075500000,15070,15079.9,2024-02-27,주식,해외,실물(패시브),배당소득세(보유기간과세),Solactive Berkshire Portfolio Top10 Index(PR),미국,개별종목,일반,20260811
388420,KR7388420002,RISE 비메모리반도체액티브,케이비자산운용,0.5,227822600000,25370,25313.24,2021-06-10,주식,국내,실물(액티브),배당소득세(보유기간과세),iSelect 비메모리반도체 지수(시장가격지수),한국,반도체,일반,20260811
448630,KR7448630004,RISE 삼성그룹Top3채권혼합,케이비자산운용,0.2,317689500000,14915,14935.51,2022-11-29,혼합자산,국내,실물(패시브),배당소득세(보유기간과세),Bloomberg Blended Samsung Group Fixed Top 3 Equity and Korean Bond Index,한국,채권·금리,일반,20260811
0162Z0,KR70162Z0007,RISE 삼성전자SK하이닉스채권혼합50,케이비자산운용,0.01,3836928000000,12490,12482.04,2026-02-26,혼합자산,국내,실물(패시브),배당소득세(보유기간과세),KAP 삼성전자SK하이닉스채권혼합50 지수,한국,개별종목,혼합,20260811
0192M0,KR70192M0006,RISE 삼성전자단일종목레버리지,케이비자산운용,0.09,30273625000,9535,9600.58,2026-05-27,주식,국내,실물(패시브),배당소득세(보유기간과세),KRX 삼성전자 지수,한국,개별종목,일반,20260811
140570,KR7140570003,RISE 수출주,케이비자산운용,0.4,10098800000,25247,25249.35,2011-04-15,주식,국내,실물(패시브),비과세,MKF 수출주 지수,한국,광범위지수,일반,20260811
0093B0,KR70093B0009,RISE 엔비디아고정테크100,케이비자산운용,0.2,11853000000,13170,13109.12,2025-08-26,주식,해외,실물(패시브),배당소득세(보유기간과세),KEDI 엔비디아고정테크100 지수(PR),미국,개별종목,일반,20260811
140580,KR7140580002,RISE 우량업종대표주,케이비자산운용,0.4,12007500000,24015,24006.17,2011-04-15,주식,국내,실물(패시브),비과세,MKF 우량업종대표주 지수,한국,광범위지수,일반,20260811
379790,KR7379790009,RISE 유로스탁스50(H),케이비자산운용,0.021,16919500000,17810,17756.08,2021-04-09,주식,해외,실물(패시브),배당소득세(보유기간과세),EURO STOXX 50 Index,유럽,광범위지수,일반,20260811
498610,KR7498610005,RISE 인도디지털성장,케이비자산운용,0.3,5127000000,8545,8549.0,2025-04-01,주식,해외,실물(패시브),배당소득세(보유기간과세),MarketVector Digital India Index(INR)(Price Return),인도,AI·테크,일반,20260811
488480,KR7488480005,RISE 일본섹터TOP4Plus,케이비자산운용,0.3,7414000000,13480,13449.46,2024-08-20,주식,해외,실물(패시브),배당소득세(보유기간과세),Solactive Japan Samurai Sector TOP4 Plus Index(PR),일본,기타,일반,20260811
442550,KR7442550000,RISE TDF2030액티브 적격,케이비자산운용,0.01,22986500000,14830,14748.64,2022-09-22,기타,국내&해외,실물(액티브),배당소득세(보유기간과세),iSelect 전략적자산배분 TDF 2030 지수,국내+해외,자산배분·TDF,일반,20260811
442560,KR7442560009,RISE TDF2040액티브 적격,케이비자산운용,0.01,50721500000,16630,16507.88,2022-09-22,기타,국내&해외,실물(액티브),배당소득세(보유기간과세),iSelect 전략적자산배분 TDF 2040 지수,국내+해외,자산배분·TDF,일반,20260811
442570,KR7442570008,RISE TDF2050액티브 적격,케이비자산운용,0.01,325008000000,17760,17575.56,2022-09-22,기타,국내&해외,실물(액티브),배당소득세(보유기간과세),iSelect 전략적자산배분 TDF 2050 지수,국내+해외,자산배분·TDF,일반,20260811
385540,KR7385540000,RISE 종합채권(A-이상)액티브,케이비자산운용,0.012,1913069175000,102495,102613.71,2021-05-26,채권,국내,실물(액티브),배당소득세(보유기간과세),KIS 종합채권 지수(A-이상)(총수익지수),한국,채권·금리,일반,20260811
183710,KR7183710003,RISE 주식혼합,케이비자산운용,0.25,17506000000,87530,87204.37,2013-10-17,혼합자산,국내,실물(패시브),배당소득세(보유기간과세),주식국채혼합(주식형)지수,한국,채권·금리,혼합,20260811
310080,KR7310080007,RISE 중국MSCI China(H),케이비자산운용,0.6,11005500000,9570,9718.13,2018-11-28,주식,해외,실물(패시브),배당소득세(보유기간과세),"MSCI China Index(USD, Price Return)",중국,광범위지수,일반,20260811
463300,KR7463300004,RISE 중국본토CSI300,케이비자산운용,0.05,22080000000,13800,13891.28,2023-08-08,주식,해외,실물(패시브),배당소득세(보유기간과세),CSI 300 Index,중국,광범위지수,일반,20260811
174360,KR7174360008,RISE 중국본토대형주CSI100,케이비자산운용,0.65,34209000000,24435,24610.84,2013-06-04,주식,해외,실물(패시브),배당소득세(해외주식투자전용ETF),CSI A100,중국,광범위지수,일반,20260811
136340,KR7136340007,RISE 중기우량회사채,케이비자산운용,0.07,276260710000,104210,104215.48,2011-04-15,채권,국내,실물(패시브),배당소득세(보유기간과세),KOBI 크레딧 지수(총수익),한국,채권·금리,일반,20260811
281990,KR7281990002,RISE 중소형고배당,케이비자산운용,0.3,9944000000,18080,18018.73,2017-11-02,주식,국내,실물(패시브),비과세,FnGuide 중소형고배당포커스 지수,한국,배당주,일반,20260811
272570,KR7272570003,RISE 중장기국공채액티브,케이비자산운용,0.07,6255300000,107850,107941.04,2017-06-29,채권,국내,실물(액티브),배당소득세(보유기간과세),KIS 종합채권국공채4~5Y지수,한국,채권·금리,일반,20260811
0164G0,KR70164G0008,RISE 차이나AI반도체TOP4Plus,케이비자산운용,0.45,27898500000,13285,13425.56,2026-03-10,주식,해외,실물(패시브),배당소득세(보유기간과세),Solactive China AI Semiconductor TOP 4 Plus Index,중국,반도체,일반,20260811
250730,KR7250730009,RISE 차이나HSCEI(H),케이비자산운용,0.021,17110500000,10065,10205.68,2016-08-10,주식,해외,실물(패시브),배당소득세(해외주식투자전용ETF),Hang Seng China H,중국,기타,일반,20260811
291680,KR7291680007,RISE 차이나H선물인버스(H),케이비자산운용,0.6,3825000000,7650,7640.36,2018-03-23,주식,해외,실물(패시브),배당소득세(보유기간과세),Hang Seng China Enterprises Futures Index(Price Return),중국,기타,일반,20260811
0094L0,KR70094L0006,RISE 차이나테크TOP10위클리타겟커버드콜,케이비자산운용,0.3,11718000000,8370,8445.07,2025-09-02,주식,해외,실물(패시브),배당소득세(보유기간과세),Bloomberg China Tech Select TOP 10 + 12% Target Premium Weekly Index,중국,AI·테크,커버드콜,20260811
371150,KR7371150004,RISE 차이나항셍테크,케이비자산운용,0.14,9490000000,7300,7429.8,2020-12-16,주식,해외,실물(패시브),배당소득세(보유기간과세),Hang Seng TECH Index,중국,AI·테크,일반,20260811
498860,KR7498860006,RISE 코리아금융고배당,케이비자산운용,0.1,37037000000,16835,16829.6,2024-12-10,주식,국내,실물(패시브),비과세,iSelect 코리아 금융 고배당 지수,한국,금융,일반,20260811
0094M0,KR70094M0005,RISE 코리아밸류업위클리고정커버드콜,케이비자산운용,0.3,178487750000,17585,17515.98,2025-09-02,주식,국내,실물(패시브),배당소득세(보유기간과세),코리아 밸류업 위클리 커버드콜 30% 지수,한국,배당주,커버드콜,20260811
495050,KR7495050007,RISE 코리아밸류업,케이비자산운용,0.008,901024000000,30440,30407.37,2024-11-04,주식,국내,실물(패시브),비과세,코리아 밸류업 지수,한국,배당주,일반,20260811
0151P0,KR70151P0002,RISE 코리아전략산업액티브,케이비자산운용,0.5,141142500000,13770,13734.28,2026-01-20,주식,국내,실물(액티브),배당소득세(보유기간과세),KAP 코리아전략산업지수,한국,기타,일반,20260811
278240,KR7278240007,RISE 코스닥150선물레버리지,케이비자산운용,0.329,65237900000,8710,8722.13,2017-08-31,주식,국내,실물(패시브),배당소득세(보유기간과세),F-코스닥150 지수,한국,광범위지수,일반,20260811
275750,KR7275750008,RISE 코스닥150선물인버스,케이비자산운용,0.32,2133000000,2370,2371.95,2017-08-01,주식,국내,실물(패시브),배당소득세(보유기간과세),F-코스닥150 지수,한국,광범위지수,일반,20260811
270810,KR7270810005,RISE 코스닥150,케이비자산운용,0.02,335633800000,14695,14677.75,2017-06-16,주식,국내,실물(패시브),비과세,코스닥 150,한국,광범위지수,일반,20260811
0223A0,KR70223A0003,RISE 코스닥커버드콜액티브,케이비자산운용,0.3,20586500000,10835,10824.47,2026-07-28,주식,국내,실물(액티브),배당소득세(보유기간과세),코스닥 150 타겟 15% 위클리 커버드콜 지수,한국,광범위지수,커버드콜,20260811
302450,KR7302450002,RISE 코스피,케이비자산운용,0.02,200568000000,65760,65703.26,2018-07-24,주식,국내,실물(패시브),비과세,코스피,한국,광범위지수,일반,20260811
0047P0,KR70047P0000,RISE 테슬라고정테크100,케이비자산운용,0.2,22854750000,14745,14746.69,2025-05-13,주식,해외,실물(패시브),배당소득세(보유기간과세),KEDI 테슬라고정테크100 지수(PR),미국,개별종목,일반,20260811
449580,KR7449580000,RISE 테슬라애플아마존채권혼합,케이비자산운용,0.24,17902500000,16275,16277.39,2022-12-20,혼합자산,해외,실물(패시브),배당소득세(보유기간과세),iSelect 테슬라 애플 아마존 채권혼합지수(Price Return),미국,개별종목,혼합,20260811
334700,KR7334700002,RISE 팔라듐선물인버스(H),케이비자산운용,0.6,2096250000,3225,3209.54,2019-09-24,원자재,해외,실물(패시브),배당소득세(보유기간과세),S&P GSCI Palladium Excess Return Index,글로벌,원자재·금,일반,20260811
334690,KR7334690005,RISE 팔라듐선물(H),케이비자산운용,0.6,4075500000,6270,6270.62,2019-09-24,원자재,해외,실물(패시브),배당소득세(보유기간과세),S&P GSCI Palladium Excess Return Index,글로벌,원자재·금,일반,20260811
0047R0,KR70047R0008,RISE 팔란티어고정테크100,케이비자산운용,0.2,28395000000,15775,15810.48,2025-05-13,주식,해외,실물(패시브),배당소득세(보유기간과세),KEDI 팔란티어고정테크100 지수(PR),미국,개별종목,일반,20260811
253280,KR7253280002,RISE 헬스케어,케이비자산운용,0.4,7876000000,14320,14380.73,2016-09-23,주식,국내,실물(패시브),비과세,FnGuide 헬스케어 지수,한국,바이오·헬스케어,일반,20260811
253290,KR7253290001,RISE 헬스케어채권혼합,케이비자산운용,0.35,21645000000,12025,12092.48,2016-09-23,혼합자산,국내,실물(패시브),배당소득세(보유기간과세),FnGuide 헬스케어 채권혼합 지수,한국,바이오·헬스케어,혼합,20260811
0190C0,KR70190C0000,RISE 현대차고정피지컬AI,케이비자산운용,0.4,516038500000,8615,8605.86,2026-05-12,주식,국내,실물(패시브),비과세,KEDI 현대차고정피지컬AI 지수,한국,개별종목,일반,20260811
407310,KR7407310002,HANARO 200 TOP10,엔에이치아문디자산운용,0.15,18848500000,16390,16455.28,2021-11-24,주식,국내,실물(패시브),비과세,코스피 200 Top 10 지수,한국,광범위지수,일반,20260811
332930,KR7332930007,HANARO 200TR,엔에이치아문디자산운용,0.07,188666750000,130115,130288.04,2019-08-28,주식,국내,실물(패시브),배당소득세(보유기간과세),코스피 200 TR,한국,광범위지수,일반,20260811
304780,KR7304780000,HANARO 200선물레버리지,엔에이치아문디자산운용,0.45,47187000000,104860,104834.25,2018-08-14,주식,국내,실물(패시브),배당소득세(보유기간과세),코스피 200 선물지수,한국,광범위지수,일반,20260811
306520,KR7306520008,HANARO 200선물인버스,엔에이치아문디자산운용,0.45,1590000000,2650,2657.43,2018-09-18,주식,국내,실물(패시브),배당소득세(보유기간과세),코스피 200 선물지수,한국,광범위지수,일반,20260811
293180,KR7293180006,HANARO 200,엔에이치아문디자산운용,0.036,427678000000,99460,99491.47,2018-03-30,주식,국내,실물(패시브),비과세,코스피 200,한국,광범위지수,일반,20260811
0123S0,KR70123S0004,HANARO 26-12 은행채(AA+이상)액티브,엔에이치아문디자산운용,0.02,63625000000,10180,10173.43,2025-12-16,채권,국내,실물(액티브),배당소득세(보유기간과세),KIS 은행채2612만기형 지수,한국,금융,일반,20260811
0091M0,KR70091M0008,HANARO 27-06 회사채(AA-이상)액티브,엔에이치아문디자산운용,0.02,105708050000,10135,10143.04,2025-08-26,채권,국내,실물(액티브),배당소득세(보유기간과세),KIS 회사채(AA-이상)2706만기형지수(총수익),한국,채권·금리,일반,20260811
448490,KR7448490003,HANARO 32-10 국고채액티브,엔에이치아문디자산운용,0.05,11830560000,52815,52848.52,2022-11-22,채권,국내,실물(액티브),배당소득세(보유기간과세),KAP 32-10 국고채 10년 총수익지수,한국,채권·금리,일반,20260811
454320,KR7454320003,HANARO CAPEX설비투자iSelect,엔에이치아문디자산운용,0.45,91213750000,42425,42346.75,2023-04-18,주식,국내,실물(패시브),비과세,iSelect CAPEX 설비투자 지수(시장가격),한국,기타,일반,20260811
395290,KR7395290000,HANARO Fn K-POP&미디어,엔에이치아문디자산운용,0.45,33437500000,5350,5334.6,2021-07-30,주식,국내,실물(패시브),비과세,FnGuide K-POP & 미디어 지수,한국,게임·엔터,일반,20260811
395280,KR7395280001,HANARO Fn K-게임,엔에이치아문디자산운용,0.45,9153250000,3895,3858.2,2021-07-30,주식,국내,실물(패시브),비과세,FnGuide K-게임 지수,한국,게임·엔터,일반,20260811
368190,KR7368190005,HANARO Fn K-뉴딜디지털플러스,엔에이치아문디자산운용,0.45,26304000000,8220,8220.72,2020-11-10,주식,국내,실물(패시브),비과세,FnGuide K-뉴딜 디지털 플러스 지수,한국,AI·테크,일반,20260811
402460,KR7402460000,HANARO Fn K-메타버스MZ,엔에이치아문디자산운용,0.45,7207500000,14415,14495.86,2021-10-13,주식,국내,실물(패시브),비과세,FnGuide K-메타버스 MZ 지수(시장가격),한국,AI·테크,일반,20260811
395270,KR7395270002,HANARO Fn K-반도체,엔에이치아문디자산운용,0.45,3157272000000,49760,49636.56,2021-07-30,주식,국내,실물(패시브),비과세,FnGuide K-반도체 지수,한국,반도체,일반,20260811
438900,KR7438900003,HANARO Fn K-푸드,엔에이치아문디자산운용,0.45,14781000000,11370,11339.82,2022-08-17,주식,국내,실물(패시브),비과세,FnGuide K-푸드 지수 (시장가격),한국,기타,일반,20260811
367740,KR7367740008,HANARO Fn5G산업,엔에이치아문디자산운용,0.45,22088000000,40160,40031.9,2020-10-29,주식,국내,실물(패시브),비과세,FnGuide 5G 산업 지수,한국,기타,일반,20260811
407300,KR7407300003,HANARO Fn골프테마,엔에이치아문디자산운용,0.45,5885000000,10700,10794.54,2021-11-24,주식,국내,실물(패시브),비과세,FnGuide 골프 테마 지수,한국,기타,일반,20260811
381560,KR7381560002,HANARO Fn전기&수소차,엔에이치아문디자산운용,0.45,34530000000,17265,17208.83,2021-04-02,주식,국내,실물(패시브),비과세,FnGuide 전기&수소차 지수 (시장가격),한국,에너지·원자력,일반,20260811
441540,KR7441540002,HANARO Fn조선해운,엔에이치아문디자산운용,0.45,75289500000,27885,27809.31,2022-09-15,주식,국내,실물(패시브),비과세,FnGuide 조선해운지수,한국,조선·기계,일반,20260811
381570,KR7381570001,HANARO Fn친환경에너지,엔에이치아문디자산운용,0.45,8627500000,10150,10116.31,2021-04-02,주식,국내,실물(패시브),비과세,FnGuide 친환경에너지 지수 (시장가격),한국,에너지·원자력,일반,20260811
479850,KR7479850000,HANARO K-뷰티,엔에이치아문디자산운용,0.45,26810500000,18490,18418.57,2024-04-16,주식,국내,실물(패시브),비과세,FnGuide K-뷰티 지수,한국,기타,일반,20260811
453060,KR7453060006,HANARO KOFR금리액티브(합성),엔에이치아문디자산운용,0.05,12234200000,111220,111229.31,2023-03-14,기타,국내,합성(액티브),배당소득세(보유기간과세),KOFR 지수,한국,채권·금리,일반,20260811
304760,KR7304760002,HANARO KRX300,엔에이치아문디자산운용,0.05,17270000000,43175,43393.59,2018-08-14,주식,국내,실물(패시브),비과세,KRX 300,한국,광범위지수,일반,20260811
322410,KR7322410002,HANARO K고배당,엔에이치아문디자산운용,0.07,40101250000,22915,22879.17,2019-04-23,주식,국내,실물(패시브),비과세,FnGuide 고배당 알파 지수,한국,배당주,일반,20260811
0155N0,KR70155N0000,HANARO K휴머노이드테마TOP10,엔에이치아문디자산운용,0.45,32697500000,7975,7994.26,2026-02-26,주식,국내,실물(패시브),비과세,iSelect K휴머노이드테마TOP10 지수,한국,기타,일반,20260811
332940,KR7332940006,HANARO MSCI Korea TR,엔에이치아문디자산운용,0.12,105192000000,43830,44058.82,2019-08-28,주식,국내,실물(패시브),배당소득세(보유기간과세),MSCI Korea TR Index,한국,광범위지수,일반,20260811
322400,KR7322400003,HANARO e커머스,엔에이치아문디자산운용,0.45,35660750000,10645,10710.14,2019-04-23,주식,국내,실물(패시브),비과세,FnGuide E커머스 지수,한국,기타,일반,20260811
473640,KR7473640001,HANARO 글로벌금채굴기업,엔에이치아문디자산운용,0.15,65013000000,33340,33426.16,2024-01-18,주식,해외,실물(패시브),배당소득세(보유기간과세),NYSE Arca Gold Miners Index (Price Return),미국,원자재·금,일반,20260811
354350,KR7354350001,HANARO 글로벌럭셔리S&P(합성),엔에이치아문디자산운용,0.5,10844600000,20855,20914.25,2020-05-12,주식,해외,합성(패시브),배당소득세(보유기간과세),S&P Global Luxury Index,글로벌,기타,일반,20260811
461340,KR7461340002,HANARO 글로벌생성형AI액티브,엔에이치아문디자산운용,0.6,47316500000,43015,42807.45,2023-07-11,주식,해외,실물(액티브),배당소득세(보유기간과세),Solactive United States Technology 100 Index(Price Return),미국,AI·테크,일반,20260811
401590,KR7401590005,HANARO 글로벌탄소배출권선물ICE(합성),엔에이치아문디자산운용,0.5,5847150000,11465,11462.98,2021-09-30,기타,해외,합성(패시브),배당소득세(보유기간과세),ICE Global Carbon Futures Index(Excess Return),글로벌,기타,일반,20260811
0040S0,KR70040S0004,HANARO 글로벌피지컬AI액티브,엔에이치아문디자산운용,0.6,63713000000,24505,24486.32,2025-04-22,주식,해외,실물(액티브),배당소득세(보유기간과세),Solactive Physical AI Index,기타,AI·테크,일반,20260811
314700,KR7314700006,HANARO 농업융복합산업,엔에이치아문디자산운용,0.5,6050000000,11000,10988.29,2018-12-21,주식,국내,실물(패시브),비과세,FnGuide 농업융복합산업 지수(시장가격),한국,소비재,일반,20260811
486830,KR7486830003,HANARO 머니마켓액티브,엔에이치아문디자산운용,0.04,146804400000,53190,53190.19,2024-07-16,채권,국내,실물(액티브),배당소득세(보유기간과세),KIS-NH Amundi MMF지수,한국,채권·금리,일반,20260811
0215T0,KR70215T0002,HANARO 미국AI광통신TOP10,엔에이치아문디자산운용,0.45,8302500000,9225,9197.91,2026-07-14,주식,해외,실물(패시브),배당소득세(보유기간과세),Indxx US AI Optical Communication TOP10 Index(PR),미국,AI·테크,일반,20260811
0181B0,KR70181B0002,HANARO 미국AI메모리반도체TOP4+,엔에이치아문디자산운용,0.45,117465750000,9435,9353.92,2026-05-12,주식,해외,실물(패시브),배당소득세(보유기간과세),Solactive US AI Memory Semiconductor Top4+ Index,미국,반도체,일반,20260811
0219Z0,KR70219Z0000,HANARO 미국S&P500액티브,엔에이치아문디자산운용,0.5,8480000000,10600,10619.22,2026-08-04,주식,해외,실물(액티브),배당소득세(보유기간과세),S&P 500,미국,광범위지수,일반,20260811
432840,KR7432840007,HANARO 미국S&P500,엔에이치아문디자산운용,0.045,16356000000,20445,20442.03,2022-06-08,주식,해외,실물(패시브),배당소득세(보유기간과세),S&P 500,미국,광범위지수,일반,20260811
498050,KR7498050004,HANARO 바이오코리아액티브,엔에이치아문디자산운용,0.5,11975000000,11975,11996.32,2024-11-26,주식,국내,실물(액티브),배당소득세(보유기간과세),iSelect K-바이오헬스케어,한국,바이오·헬스케어,일반,20260811
476260,KR7476260005,HANARO 반도체핵심공정주도주,엔에이치아문디자산운용,0.45,53805000000,12660,12644.21,2024-02-27,주식,국내,실물(패시브),비과세,FnGuide 반도체 핵심공정 지수,한국,반도체,일반,20260811
434730,KR7434730008,HANARO 원자력iSelect,엔에이치아문디자산운용,0.45,677792000000,57440,57321.98,2022-06-28,주식,국내,실물(패시브),비과세,iSelect 원자력지수 (시장가격),한국,에너지·원자력,일반,20260811
0082F0,KR70082F0008,HANARO 유럽방산,엔에이치아문디자산운용,0.35,8078000000,11540,11571.25,2025-07-29,주식,해외,실물(패시브),배당소득세(보유기간과세),Stoxx 유럽 방산 지수,유럽,방산·우주,일반,20260811
491820,KR7491820007,HANARO 전력설비투자,엔에이치아문디자산운용,0.35,152712000000,42420,42329.99,2024-09-24,주식,국내,실물(패시브),비과세,iSelect 전력설비투자 지수,한국,에너지·원자력,일반,20260811
461500,KR7461500001,HANARO 종합채권(AA-이상)액티브,엔에이치아문디자산운용,0.02,95067600000,104700,104689.7,2023-10-26,채권,국내,실물(액티브),배당소득세(보유기간과세),KAP 종합채권 총수익지수(AA-이상),한국,채권·금리,일반,20260811
0191W0,KR70191W0005,HANARO 중기종합채권(A-이상)액티브,엔에이치아문디자산운용,0.05,120996000000,100830,100825.95,2026-05-19,채권,국내,실물(액티브),배당소득세(보유기간과세),KIS 중기종합채권시장 A-이상 총수익지수,한국,채권·금리,일반,20260811
0111J0,KR70111J0009,HANARO 증권고배당TOP3플러스,엔에이치아문디자산운용,0.07,60173750000,13225,13203.49,2025-10-28,주식,국내,실물(패시브),비과세,FnGuide 증권 고배당 TOP3 플러스 지수,한국,금융,일반,20260811
495750,KR7495750002,HANARO 코리아밸류업,엔에이치아문디자산운용,0.026,73598000000,30040,30150.11,2024-11-04,주식,국내,실물(패시브),비과세,코리아 밸류업 지수,한국,배당주,일반,20260811
306530,KR7306530007,HANARO 코스닥150선물레버리지,엔에이치아문디자산운용,0.45,3588000000,7800,7775.71,2018-09-18,주식,국내,실물(패시브),배당소득세(보유기간과세),F-코스닥150 지수,한국,광범위지수,일반,20260811
304770,KR7304770001,HANARO 코스닥150,엔에이치아문디자산운용,0.2,21556900000,14765,14773.14,2018-08-14,주식,국내,실물(패시브),비과세,코스닥 150,한국,광범위지수,일반,20260811
375760,KR7375760006,HANARO 탄소효율그린뉴딜,엔에이치아문디자산운용,0.2,20340000000,22600,22734.27,2021-02-05,주식,국내,실물(패시브),비과세,KRX/S&P 탄소효율 그린뉴딜지수,한국,기타,일반,20260811
0007N0,KR70007N0000,아이엠에셋 200,아이엠에셋자산운용,0.05,89865000000,99850,99685.81,2025-02-11,주식,국내,실물(패시브),비과세,코스피 200,한국,광범위지수,일반,20260811
491510,KR7491510004,파워 K-주주가치액티브,교보악사자산운용,0.405,15966000000,17740,17804.17,2024-09-24,주식,국내,실물(액티브),배당소득세(보유기간과세),FnGuide K-주주가치 지수,한국,배당주,일반,20260811
140950,KR7140950007,파워 코스피100,교보악사자산운용,0.155,43598800000,77855,77788.44,2011-05-03,주식,국내,실물(패시브),비과세,코스피 100,한국,광범위지수,일반,20260811
152870,KR7152870002,파워 200,교보악사자산운용,0.145,140056000000,100040,100148.42,2012-02-13,주식,국내,실물(패시브),비과세,코스피 200,한국,광범위지수,일반,20260811
192720,KR7192720001,파워 고배당저변동성,교보악사자산운용,0.23,29784000000,58400,58441.35,2014-02-20,주식,국내,실물(패시브),비과세,코스피 200 고배당지수,한국,배당주,일반,20260811
498180,KR7498180009,파워 종합채권(AA-이상)액티브,교보악사자산운용,0.036,113167040000,93065,93047.21,2024-11-26,채권,국내,실물(액티브),배당소득세(보유기간과세),"KIS 한국종합채권지수(AA-이상, 총수익)",한국,채권·금리,일반,20260811
486240,KR7486240005,DAISHIN343 AI반도체&인프라액티브,대신자산운용,0.36,88320000000,27600,27497.02,2024-06-18,주식,국내,실물(액티브),배당소득세(보유기간과세),FnGuide AI반도체&인프라 지수,한국,반도체,일반,20260811
434960,KR7434960001,DAISHIN343 K200,대신자산운용,0.1,69863500000,99805,99841.01,2022-06-28,주식,국내,실물(패시브),비과세,코스피 200,한국,광범위지수,일반,20260811
0189Z0,KR70189Z0006,DAISHIN343 금융&지주고배당,대신자산운용,0.24,10080000000,10080,10179.54,2026-06-09,주식,국내,실물(패시브),비과세,KRX-Akros 금융 & 지주 고배당 지수,한국,금융,일반,20260811
0174J0,KR70174J0003,DAISHIN343 오피스리츠플러스,대신자산운용,0.19,5418000000,9030,9110.91,2026-03-31,부동산,국내,실물(패시브),비과세(분리과세부동산ETF),KRX 프라임 오피스 리츠 지수,한국,리츠·부동산,일반,20260811
0053M0,KR70053M0004,더제이 중소형포커스액티브,더제이자산운용,0.685,5955750000,13235,13316.81,2025-07-22,주식,국내,실물(액티브),배당소득세(보유기간과세),코스피 200 중소형주지수,한국,광범위지수,일반,20260811
0220B0,KR70220B0005,DS 코스닥액티브,디에스자산운용,1.0,46575000000,10350,10335.59,2026-07-14,주식,국내,실물(액티브),배당소득세(보유기간과세),코스닥,한국,광범위지수,일반,20260811
0214M0,KR70214M0000,MIDAS 바이오헬스케어액티브,마이다스에셋,0.62,10344500000,12170,12139.59,2026-07-28,주식,국내,실물(액티브),배당소득세(보유기간과세),KRX 헬스케어,한국,바이오·헬스케어,일반,20260811
488290,KR7488290008,MIDAS 일본테크액티브,마이다스에셋,0.65,15965250000,45615,45947.36,2024-08-06,주식,해외,실물(액티브),배당소득세(보유기간과세),Solactive Japan Tech Top 30 지수(PR),일본,AI·테크,일반,20260811
438740,KR7438740003,MIDAS 중소형액티브,마이다스에셋,0.62,7584750000,33710,33694.67,2022-08-17,주식,국내,실물(액티브),배당소득세(보유기간과세),코스피 중형주,한국,광범위지수,일반,20260811
0191B0,KR70191B0000,MIDAS 코스닥액티브,마이다스에셋,0.62,5986000000,29930,30184.68,2026-05-19,주식,국내,실물(액티브),배당소득세(보유기간과세),코스닥,한국,광범위지수,일반,20260811
403790,KR7403790009,MIDAS 코스피액티브,마이다스에셋,0.29,156706875000,53575,53495.01,2021-10-13,주식,국내,실물(액티브),배당소득세(보유기간과세),코스피,한국,광범위지수,일반,20260811
0139F0,KR70139F0001,TIGER 12월자동연장금융채(AA-이상)액티브,미래에셋자산운용,0.1,1078215540000,101930,101928.94,2025-12-09,채권,국내,실물(액티브),배당소득세(보유기간과세),KIS 12월 만기 자동연장금융채(AA-이상) 총수익지수,한국,금융,일반,20260811
310960,KR7310960000,TIGER 200TR,미래에셋자산운용,0.09,324800000000,58000,57974.28,2018-11-20,주식,국내,실물(패시브),배당소득세(보유기간과세),코스피 200 TR,한국,광범위지수,일반,20260811
227550,KR7227550001,TIGER 200 산업재,미래에셋자산운용,0.4,4132700000,12155,12117.01,2015-09-23,주식,국내,실물(패시브),비과세,코스피 200 산업재,한국,광범위지수,일반,20260811
227560,KR7227560000,TIGER 200 생활소비재,미래에셋자산운용,0.4,3128400000,13035,13053.28,2015-09-23,주식,국내,실물(패시브),비과세,코스피 200 생활소비재,한국,소비재,일반,20260811
102110,KR7102110004,TIGER 200,미래에셋자산운용,0.05,9487252750000,99395,99383.01,2008-04-03,주식,국내,실물(패시브),비과세,코스피 200,한국,광범위지수,일반,20260811
243880,KR7243880002,TIGER 200IT레버리지,미래에셋자산운용,0.63,393839750000,267010,268193.57,2016-05-13,주식,국내,실물(패시브),배당소득세(보유기간과세),코스피 200 정보기술,한국,광범위지수,일반,20260811
252000,KR7252000005,TIGER 200동일가중,미래에셋자산운용,0.21,9765000000,19530,19510.71,2016-09-20,주식,국내,실물(패시브),비과세,코스피 200 동일가중지수,한국,광범위지수,일반,20260811
267770,KR7267770006,TIGER 200선물레버리지,미래에셋자산운용,0.022,170556000000,71065,71020.52,2017-04-25,주식,국내,실물(패시브),배당소득세(보유기간과세),코스피 200 선물지수,한국,광범위지수,일반,20260811
252710,KR7252710009,TIGER 200선물인버스2X,미래에셋자산운용,0.022,29509500000,103,103.23,2016-09-22,주식,국내,실물(패시브),배당소득세(보유기간과세),코스피 200 선물지수,한국,광범위지수,일반,20260811
243890,KR7243890001,TIGER 200에너지화학레버리지,미래에셋자산운용,0.69,4312875000,8215,8135.88,2016-05-13,주식,국내,실물(패시브),배당소득세(보유기간과세),코스피 200 에너지/화학,한국,에너지·원자력,일반,20260811
315270,KR7315270009,TIGER 200커뮤니케이션서비스,미래에셋자산운용,0.4,6513600000,20355,20395.06,2019-01-15,주식,국내,실물(패시브),비과세,코스피 200 커뮤니케이션서비스,한국,광범위지수,일반,20260811
166400,KR7166400002,TIGER 200커버드콜OTM,미래에셋자산운용,0.38,10797500000,21595,21602.8,2012-10-25,주식,국내,실물(패시브),배당소득세(보유기간과세),코스피 200 커버드콜 5% OTM,한국,광범위지수,커버드콜,20260811
0104N0,KR70104N0002,TIGER 200타겟위클리커버드콜,미래에셋자산운용,0.25,200096000000,19240,19275.88,2025-09-23,주식,국내,실물(패시브),배당소득세(보유기간과세),코스피 200 타겟 7% 위클리 커버드콜 지수,한국,광범위지수,커버드콜,20260811
227540,KR7227540002,TIGER 200 헬스케어,미래에셋자산운용,0.4,35765700000,20555,20535.36,2015-09-23,주식,국내,실물(패시브),비과세,코스피 200 헬스케어,한국,바이오·헬스케어,일반,20260811
480260,KR7480260009,TIGER 27-04회사채(A+이상)액티브,미래에셋자산운용,0.1,439925850000,53715,53720.87,2024-04-23,채권,국내,실물(액티브),배당소득세(보유기간과세),KIS 회사채2704만기형 지수 (총수익 지수),한국,채권·금리,일반,20260811
0094K0,KR70094K0007,TIGER 28-04 회사채(A+이상)액티브,미래에셋자산운용,0.1,276267520000,99520,99522.99,2025-08-26,채권,국내,실물(액티브),배당소득세(보유기간과세),KIS 회사채 2804만기형 지수(총수익),한국,채권·금리,일반,20260811
364980,KR7364980003,TIGER 2차전지TOP10,미래에셋자산운용,0.4,637446250000,9695,9684.07,2020-10-07,주식,국내,실물(패시브),비과세,KRX 2차전지 TOP 10 지수,한국,2차전지,일반,20260811
412570,KR7412570004,TIGER 2차전지TOP10레버리지,미래에셋자산운용,0.29,160460000000,1130,1124.0,2021-12-15,주식,국내,실물(패시브),배당소득세(보유기간과세),KRX 2차전지 TOP 10 지수,한국,2차전지,일반,20260811
462010,KR7462010000,TIGER 2차전지소재Fn,미래에셋자산운용,0.39,513237500000,4750,4738.01,2023-07-13,주식,국내,실물(패시브),비과세,FnGuide 2차전지소재 (Price Return) 지수,한국,2차전지,일반,20260811
305540,KR7305540007,TIGER 2차전지테마,미래에셋자산운용,0.44,877504500000,17890,17820.43,2018-09-12,주식,국내,실물(패시브),비과세,WISE 2차전지 테마 지수,한국,2차전지,일반,20260811
471760,KR7471760009,TIGER AI반도체핵심공정,미래에셋자산운용,0.45,116280000000,12920,12936.08,2023-11-21,주식,국내,실물(패시브),비과세,iSelect AI반도체핵심공정지수,한국,반도체,일반,20260811
365040,KR7365040005,TIGER AI코리아그로스액티브,미래에셋자산운용,0.4,70423500000,33535,33427.11,2020-09-29,주식,국내,실물(액티브),배당소득세(보유기간과세),코스피,한국,광범위지수,일반,20260811
364960,KR7364960005,TIGER BBIG,미래에셋자산운용,0.4,83006000000,6860,6861.56,2020-10-07,주식,국내,실물(패시브),비과세,KRX BBIG 지수,한국,기타,일반,20260811
412560,KR7412560005,TIGER BBIG레버리지,미래에셋자산운용,0.59,1375500000,1965,1969.53,2021-12-15,주식,국내,실물(패시브),배당소득세(보유기간과세),KRX BBIG 지수,한국,기타,일반,20260811
475630,KR7475630000,TIGER CD1년금리액티브(합성),미래에셋자산운용,0.009,1452316108000,1073960,1073874.27,2024-02-06,기타,국내,합성(액티브),배당소득세(보유기간과세),KIS CD 1Y 총수익지수,한국,기타,일반,20260811
357870,KR7357870005,TIGER CD금리투자KIS(합성),미래에셋자산운용,0.03,3551592060000,57885,57880.53,2020-07-07,기타,국내,합성(패시브),배당소득세(보유기간과세),KIS CD Index(총수익),한국,기타,일반,20260811
499660,KR7499660009,TIGER CD금리플러스액티브(합성),미래에셋자산운용,0.009,479128853000,1001105,1001016.16,2024-12-17,기타,국내,합성(액티브),배당소득세(보유기간과세),KIS CD+CPI연동금리 월분배 지수,한국,채권·금리,일반,20260811
400970,KR7400970000,TIGER Fn메타버스,미래에셋자산운용,0.45,40468500000,7935,7959.13,2021-10-13,주식,국내,실물(패시브),비과세,FnGuide 메타버스테마 지수,한국,AI·테크,일반,20260811
377990,KR7377990007,TIGER Fn신재생에너지,미래에셋자산운용,0.5,120417500000,24575,24494.37,2021-03-05,주식,국내,실물(패시브),비과세,FnGuide 신재생에너지 지수,한국,에너지·원자력,일반,20260811
417630,KR7417630001,TIGER KEDI혁신기업ESG30,미래에셋자산운용,0.5,19782000000,18840,18781.8,2022-02-08,주식,국내,실물(패시브),비과세,KEDI 혁신기업ESG30 지수(시장가격 지수),한국,광범위지수,일반,20260811
292160,KR7292160009,TIGER KRX300,미래에셋자산운용,0.07,22100000000,44200,44248.63,2018-03-26,주식,국내,실물(패시브),비과세,KRX 300,한국,광범위지수,일반,20260811
0072R0,KR70072R0006,TIGER KRX금현물,미래에셋자산운용,0.15,1234154250000,13335,13322.51,2025-06-24,원자재,국내,실물(패시브),배당소득세(보유기간과세),KRX 금현물지수,한국,기타,일반,20260811
404540,KR7404540007,TIGER KRX기후변화솔루션,미래에셋자산운용,0.09,9156000000,22890,22883.07,2021-10-29,주식,국내,실물(패시브),비과세,KRX 기후변화 솔루션지수,한국,기타,일반,20260811
300610,KR7300610003,TIGER K게임,미래에셋자산운용,0.5,14136000000,5890,5879.87,2018-07-24,주식,국내,실물(패시브),비과세,WISE K게임 테마 지수,한국,게임·엔터,일반,20260811
138530,KR7138530001,TIGER LG그룹플러스,미래에셋자산운용,0.15,81950400000,12195,12198.59,2011-03-10,주식,국내,실물(패시브),비과세,MKF LG그룹+ FW,한국,기타,일반,20260811
445910,KR7445910003,TIGER MKF배당귀족,미래에셋자산운용,0.2,19788500000,20830,20872.13,2022-10-18,주식,국내,실물(패시브),비과세,MKF 배당귀족 지수(시장가격지수),한국,배당주,일반,20260811
289260,KR7289260002,TIGER MSCI KOREA ESG리더스,미래에셋자산운용,0.4,15900000000,26500,26494.74,2018-02-07,주식,국내,실물(패시브),비과세,MSCI Korea Country ESG Leaders Capped Index,한국,광범위지수,일반,20260811
289250,KR7289250003,TIGER MSCI KOREA ESG유니버설,미래에셋자산운용,0.4,22159350000,32115,32052.42,2018-02-07,주식,국내,실물(패시브),비과세,MSCI Korea ESG Universal Index,한국,광범위지수,일반,20260811
310970,KR7310970009,TIGER MSCI Korea TR,미래에셋자산운용,0.12,4021986000000,44295,44213.9,2018-11-20,주식,국내,실물(패시브),배당소득세(보유기간과세),MSCI Korea TR Index,한국,광범위지수,일반,20260811
0000D0,KR70000D0009,TIGER 엔비디아미국채커버드콜밸런스(합성),미래에셋자산운용,0.39,64047500000,9350,9293.8,2024-12-17,혼합자산,해외,합성(패시브),배당소득세(보유기간과세),KEDI 엔비디아미국채30년타겟커버드콜혼합지수(TR),미국,개별종목,커버드콜,20260811
143850,KR7143850006,TIGER 미국S&P500선물(H),미래에셋자산운용,0.23,91873250000,78190,78206.81,2011-07-18,주식,해외,실물(패시브),배당소득세(보유기간과세),S&P 500 Futures Index(ER),미국,광범위지수,일반,20260811
269370,KR7269370003,TIGER S&P글로벌인프라(합성),미래에셋자산운용,0.4,12435500000,17765,17674.49,2017-05-16,주식,해외,합성(패시브),배당소득세(보유기간과세),S&P Global Infrastructure Index,글로벌,기타,일반,20260811
0195S0,KR70195S0007,TIGER SK하이닉스단일종목레버리지,미래에셋자산운용,0.09,1094705625000,6305,6282.55,2026-05-27,주식,국내,실물(패시브),배당소득세(보유기간과세),KRX SK하이닉스 지수,한국,개별종목,일반,20260811
453950,KR7453950008,TIGER TSMC파운드리밸류체인,미래에셋자산운용,0.49,66699750000,34205,34082.5,2023-04-04,주식,해외,실물(패시브),배당소득세(보유기간과세),FactSet TSMC 파운드리 밸류체인 지수(시장가격지수),대만,개별종목,일반,20260811
364990,KR7364990002,TIGER 게임TOP10,미래에셋자산운용,0.4,23705500000,5210,5194.3,2020-10-07,주식,국내,실물(패시브),비과세,KRX 게임 TOP 10 지수,한국,게임·엔터,일반,20260811
139280,KR7139280002,TIGER 경기방어,미래에셋자산운용,0.4,43066400000,13130,13117.57,2011-04-06,주식,국내,실물(패시브),비과세,코스피 200 경기방어소비재,한국,소비재,일반,20260811
237440,KR7237440003,TIGER 경기방어채권혼합,미래에셋자산운용,0.18,10400000000,10400,10395.08,2016-01-27,혼합자산,국내,실물(패시브),배당소득세(보유기간과세),경기방어소비재 채권혼합 지수,한국,소비재,혼합,20260811
319640,KR7319640009,TIGER 골드선물(H),미래에셋자산운용,0.39,113454000000,25785,25759.6,2019-04-09,원자재,해외,실물(패시브),배당소득세(보유기간과세),S&P GSCI Gold Index(TR),글로벌,원자재·금,일반,20260811
0190Y0,KR70190Y0004,TIGER 구글밸류체인,미래에셋자산운용,0.45,71253000000,9135,9098.1,2026-05-12,주식,해외,실물(패시브),배당소득세(보유기간과세),Akros Google Value Chain 지수 (Price Return),미국,기타,일반,20260811
160580,KR7160580007,TIGER 구리실물,미래에셋자산운용,0.83,172113000000,16710,16735.75,2012-12-17,원자재,해외,실물(패시브),배당소득세(보유기간과세),S&P GSCI Cash Copper Index,글로벌,원자재·금,일반,20260811
114820,KR7114820004,TIGER 국채3년,미래에셋자산운용,0.15,122885100000,105030,105068.51,2009-08-27,채권,국내,실물(패시브),배당소득세(보유기간과세),KTB INDEX(시장가격),한국,채권·금리,일반,20260811
464310,KR7464310002,TIGER 글로벌AI&로보틱스 INDXX,미래에셋자산운용,0.49,122553750000,14855,14829.65,2023-08-17,주식,해외,실물(패시브),배당소득세(보유기간과세),Indxx Global Robotics & Artificial Intelligence Thematic Index(PR),글로벌,AI·테크,일반,20260811
418670,KR7418670006,TIGER 글로벌AI사이버보안,미래에셋자산운용,0.49,49566600000,18495,18400.79,2022-02-22,주식,해외,실물(패시브),배당소득세(보유기간과세),Indxx Cybersecurity 지수 (PR),기타,기타,일반,20260811
466950,KR7466950003,TIGER 글로벌AI액티브,미래에셋자산운용,0.79,585280000000,31000,30884.38,2023-10-11,주식,해외,실물(액티브),배당소득세(보유기간과세),Indxx Artificial Intelligence and Big Data 지수(PR),기타,AI·테크,일반,20260811
440340,KR7440340008,TIGER 글로벌멀티에셋TIF액티브,미래에셋자산운용,0.55,26617000000,12380,12331.05,2022-08-30,혼합자산,해외,실물(액티브),배당소득세(보유기간과세),INDXX 멀티에셋인컴 지수(시장가격 지수),기타,배당주,일반,20260811
476690,KR7476690003,TIGER 글로벌비만치료제TOP2Plus,미래에셋자산운용,0.45,34634250000,10995,11067.13,2024-02-29,주식,해외,실물(패시브),배당소득세(보유기간과세),Indxx Global Obesity Treatment Top 2 Plus 지수 (시장가격),글로벌,바이오·헬스케어,일반,20260811
480310,KR7480310002,TIGER 글로벌온디바이스AI,미래에셋자산운용,0.49,53716500000,19895,19691.52,2024-04-16,주식,해외,실물(패시브),배당소득세(보유기간과세),Mirae Asset Global On-Device AI 지수 (PR),글로벌,AI·테크,일반,20260811
387270,KR7387270002,TIGER 글로벌이노베이션액티브,미래에셋자산운용,0.55,29911200000,24720,24694.67,2021-05-25,주식,해외,실물(액티브),배당소득세(보유기간과세),NASDAQ 100,미국,광범위지수,일반,20260811
371450,KR7371450008,TIGER 글로벌클라우드컴퓨팅INDXX,미래에셋자산운용,0.49,22175400000,14215,14194.16,2020-12-08,주식,해외,실물(패시브),배당소득세(보유기간과세),Indxx Global Cloud Computing Index(PR),글로벌,AI·테크,일반,20260811
248270,KR7248270001,TIGER S&P글로벌헬스케어(합성),미래에셋자산운용,0.4,30951000000,27150,27065.07,2016-07-01,주식,해외,합성(패시브),배당소득세(보유기간과세),S&P Global 1200 Health Care Index,글로벌,바이오·헬스케어,일반,20260811
464930,KR7464930007,TIGER 글로벌혁신블루칩TOP10,미래에셋자산운용,0.48,122433000000,22060,22098.99,2023-08-29,주식,해외,실물(패시브),배당소득세(보유기간과세),Mirae Asset Global Innovative Bluechip Top 10 Index(PR),글로벌,기타,일반,20260811
139320,KR7139320006,TIGER 금은선물(H),미래에셋자산운용,0.69,40216000000,18280,18268.65,2011-04-08,원자재,해외,실물(패시브),배당소득세(보유기간과세),S&P GSCI Precious Metals Index(TR),글로벌,원자재·금,일반,20260811
0168K0,KR70168K0008,TIGER 기술이전바이오액티브,미래에셋자산운용,0.5,147822000000,7100,7084.46,2026-03-17,주식,국내,실물(액티브),배당소득세(보유기간과세),KRX 기술이전 바이오 지수,한국,바이오·헬스케어,일반,20260811
137610,KR7137610002,TIGER 농산물선물Enhanced(H),미래에셋자산운용,0.69,12316500000,5355,5340.38,2011-01-11,원자재,해외,실물(패시브),배당소득세(보유기간과세),S&P GSCI Agriculture Enhanced Index(ER),글로벌,소비재,일반,20260811
272580,KR7272580002,TIGER 단기채권액티브,미래에셋자산운용,0.06,721379420000,56990,56994.58,2017-06-29,채권,국내,실물(액티브),배당소득세(보유기간과세),KIS MSB 6M PLUS 지수,한국,기타,일반,20260811
157450,KR7157450008,TIGER 단기통안채,미래에셋자산운용,0.07,1255509360000,112380,112369.99,2012-05-16,채권,국내,실물(패시브),배당소득세(보유기간과세),KIS MSB 6M(총수익),한국,기타,일반,20260811
105010,KR7105010003,TIGER 라틴35,미래에셋자산운용,0.49,8904000000,6360,6392.47,2008-08-27,주식,해외,실물(패시브),배당소득세(해외주식투자전용ETF),BNY Latin America 35 ADR,기타,기타,일반,20260811
123320,KR7123320004,TIGER 레버리지,미래에셋자산운용,0.022,224172000000,93405,93391.48,2010-04-09,주식,국내,실물(패시브),배당소득세(보유기간과세),코스피 200,한국,광범위지수,일반,20260811
0086B0,KR70086B0008,TIGER 리츠부동산인프라TOP10액티브,미래에셋자산운용,0.06,48020000000,9800,9840.15,2025-07-29,부동산,국내,실물(액티브),배당소득세(분리과세부동산ETF),KEDI 리츠부동산인프라TOP10지수 (Price Return),한국,리츠·부동산,일반,20260811
341850,KR7341850006,TIGER 리츠부동산인프라채권,미래에셋자산운용,0.22,9190000000,4595,4641.89,2020-05-22,혼합자산,국내,실물(패시브),배당소득세(분리과세부동산ETF),KIS 리츠부동산인프라채권PR 지수,한국,리츠·부동산,일반,20260811
329200,KR7329200000,TIGER 리츠부동산인프라,미래에셋자산운용,0.08,1548567000000,4140,4134.12,2019-07-19,부동산,국내,실물(패시브),비과세,FnGuide 리츠부동산인프라,한국,리츠·부동산,일반,20260811
0086C0,KR70086C0007,TIGER 리츠부동산인프라10채권혼합액티브,미래에셋자산운용,0.15,17412500000,9950,9978.75,2025-07-29,혼합자산,국내,실물(액티브),배당소득세(보유기간과세),KEDI 리츠부동산인프라TOP10채권혼합지수 (Price Return),한국,리츠·부동산,혼합,20260811
0043B0,KR70043B0000,TIGER 머니마켓액티브,미래에셋자산운용,0.04,3062638400000,103300,103297.14,2025-04-22,채권,국내,실물(액티브),배당소득세(보유기간과세),KIS-미래에셋 MMF지수,한국,채권·금리,일반,20260811
147970,KR7147970008,TIGER 모멘텀,미래에셋자산운용,0.23,38433600000,80070,79896.91,2011-10-26,주식,국내,실물(패시브),비과세,FnGuide 모멘텀 지수,한국,기타,일반,20260811
458250,KR7458250008,TIGER 미국30년국채스트립액티브(합성 H),미래에셋자산운용,0.15,382770300000,34115,34281.43,2023-05-31,채권,해외,합성(액티브),배당소득세(보유기간과세),ICE BofA Long US Treasury Principal STRIPS Index,미국,채권·금리,일반,20260811
0142D0,KR70142D0008,TIGER 미국AI데이터센터TOP4Plus,미래에셋자산운용,0.49,90181500000,10190,10151.01,2025-12-09,주식,해외,실물(패시브),배당소득세(보유기간과세),Akros U.S. AI Data Center TOP4 Plus 지수(PR),미국,AI·테크,일반,20260811
491830,KR7491830006,TIGER 미국AI반도체팹리스,미래에셋자산운용,0.49,38037500000,22375,22276.67,2024-09-24,주식,해외,실물(패시브),배당소득세(보유기간과세),Mirae Asset US AI Fabless 지수(PR),미국,AI·테크,일반,20260811
490090,KR7490090008,TIGER 미국AI빅테크10,미래에셋자산운용,0.3,216477500000,16525,16494.61,2024-08-27,주식,해외,실물(패시브),배당소득세(보유기간과세),KEDI 미국AI빅테크10 지수(PR),미국,AI·테크,일반,20260811
493810,KR7493810006,TIGER 미국AI빅테크10타겟데일리커버드콜,미래에셋자산운용,0.25,251636000000,12040,12002.15,2024-10-15,주식,해외,실물(패시브),배당소득세(보유기간과세),KEDI 미국AI빅테크10+15%데일리프리미엄 지수(TR),미국,AI·테크,일반,20260811
0102A0,KR70102A0009,TIGER 미국AI소프트웨어TOP4Plus,미래에셋자산운용,0.49,73907500000,8695,8734.55,2025-09-09,주식,해외,실물(패시브),배당소득세(보유기간과세),Akros U.S. AI Software TOP4 Plus 지수 (Price Return),미국,AI·테크,일반,20260811
0123G0,KR70123G0008,TIGER 미국AI전력SMR,미래에셋자산운용,0.49,131477500000,6830,6751.52,2025-11-04,주식,해외,실물(패시브),배당소득세(보유기간과세),Akros U.S. AI Electricity SMR Index 지수(PR),미국,AI·테크,일반,20260811
488500,KR7488500000,TIGER 미국S&P500동일가중,미래에셋자산운용,0.2,117603000000,13140,13125.11,2024-07-23,주식,해외,실물(패시브),배당소득세(보유기간과세),S&P 500 Equal Weight Index(PR),미국,광범위지수,일반,20260811
429000,KR7429000003,TIGER 미국S&P500배당귀족,미래에셋자산운용,0.25,190963500000,13990,13962.0,2022-05-17,주식,해외,실물(패시브),배당소득세(보유기간과세),S&P 500 Dividend Aristocrats 지수 (Price Return),미국,배당주,일반,20260811
360750,KR7360750004,TIGER 미국S&P500,미래에셋자산운용,0.006,20605837250000,27215,27201.01,2020-08-07,주식,해외,실물(패시브),배당소득세(보유기간과세),S&P 500,미국,광범위지수,일반,20260811
448290,KR7448290007,TIGER 미국S&P500(H),미래에셋자산운용,0.07,458878000000,17960,17952.77,2022-11-25,주식,해외,실물(패시브),배당소득세(보유기간과세),S&P 500,미국,광범위지수,일반,20260811
418660,KR7418660007,TIGER 미국나스닥100레버리지(합성),미래에셋자산운용,0.25,651022500000,42690,42522.07,2022-02-22,주식,해외,합성(패시브),배당소득세(보유기간과세),NASDAQ 100,미국,광범위지수,일반,20260811
133690,KR7133690008,TIGER 미국나스닥100,미래에셋자산운용,0.7,11539732500000,185825,185613.65,2010-10-18,주식,해외,실물(패시브),배당소득세(해외주식투자전용ETF),NASDAQ 100,미국,광범위지수,일반,20260811
448300,KR7448300004,TIGER 미국나스닥100(H),미래에셋자산운용,0.006,355201000000,23065,23036.54,2022-11-25,주식,해외,실물(패시브),배당소득세(보유기간과세),NASDAQ 100,미국,광범위지수,일반,20260811
435420,KR7435420005,TIGER 미국나스닥100채권혼합50,미래에셋자산운용,0.25,489632500000,14275,14246.61,2022-07-06,혼합자산,국내&해외,실물(패시브),배당소득세(보유기간과세),FnGuide 나스닥100채권혼합50 지수(총수익 지수),미국,채권·금리,혼합,20260811
441680,KR7441680006,TIGER 미국나스닥100커버드콜(합성),미래에셋자산운용,0.37,299200000000,11000,11001.04,2022-09-22,주식,해외,합성(패시브),배당소득세(보유기간과세),Cboe Nasdaq-100 BuyWrite V2 지수 (Total Return),미국,기타,일반,20260811
429010,KR7429010002,TIGER 미국나스닥넥스트100,미래에셋자산운용,0.49,10407500000,20815,20557.43,2022-05-17,주식,해외,실물(패시브),배당소득세(보유기간과세),Nasdaq Next Generation 100 지수 (Price Return),미국,기타,일반,20260811
245340,KR7245340005,TIGER 미국다우존스30,미래에셋자산운용,0.35,147936600000,37170,37192.05,2016-07-01,주식,해외,실물(패시브),배당소득세(해외주식투자전용ETF),Dow Jones Industrial Average,미국,기타,일반,20260811
456610,KR7456610005,TIGER 미국달러SOFR금리액티브(합성),미래에셋자산운용,0.05,696152250000,61335,61341.41,2023-05-09,기타,해외,합성(액티브),배당소득세(보유기간과세),Solactive SOFR Daily Total Return Index,미국,채권·금리,일반,20260811
329750,KR7329750004,TIGER 미국달러단기채권액티브,미래에셋자산운용,0.3,633038750000,13375,13366.69,2019-07-24,채권,해외,실물(액티브),배당소득세(보유기간과세),KIS U.S. TREASURY BOND 0-1Y 지수(총수익),미국,채권·금리,일반,20260811
261110,KR7261110001,TIGER 미국달러선물레버리지,미래에셋자산운용,0.05,8385000000,16770,16797.48,2016-12-27,통화,국내,실물(패시브),배당소득세(보유기간과세),미국달러선물지수,한국,기타,일반,20260811
261120,KR7261120000,TIGER 미국달러선물인버스2X,미래에셋자산운용,0.05,42504000000,5060,5037.78,2016-12-27,통화,국내,실물(패시브),배당소득세(보유기간과세),미국달러선물지수,한국,기타,일반,20260811
494840,KR7494840002,TIGER 미국방산TOP10,미래에셋자산운용,0.45,48518000000,14270,14285.4,2024-10-29,주식,해외,실물(패시브),배당소득세(보유기간과세),Mirae Asset US Defense Top 10 Index(PR),미국,방산·우주,일반,20260811
458730,KR7458730009,TIGER 미국배당다우존스,미래에셋자산운용,0.01,4241635500000,15310,15324.6,2023-06-20,주식,해외,실물(패시브),배당소득세(보유기간과세),Dow Jones U.S. Dividend 100 Price Return Index,미국,배당주,일반,20260811
0008S0,KR70008S0004,TIGER 미국배당다우존스타겟데일리커버드콜,미래에셋자산운용,0.25,288306000000,10260,10268.79,2025-01-21,주식,해외,실물(패시브),배당소득세(보유기간과세),Dow Jones U.S. Dividend 100 10% Daily Premium Covered Call 지수,미국,배당주,커버드콜,20260811
0015K0,KR70015K0003,TIGER 미국소비트렌드액티브,미래에셋자산운용,0.79,4987800000,7335,7351.01,2025-02-18,주식,해외,실물(액티브),배당소득세(보유기간과세),Mirae Asset US Consumer Trend 지수 (PR),미국,소비재,일반,20260811
0183J0,KR70183J0002,TIGER 미국우주테크,미래에셋자산운용,0.49,1210242000000,8335,8552.71,2026-04-14,주식,해외,실물(패시브),배당소득세(보유기간과세),Akros U.S. Space Tech 지수(PR),미국,AI·테크,일반,20260811
305080,KR7305080004,TIGER 미국채10년선물,미래에셋자산운용,0.25,225182000000,12580,12596.79,2018-08-30,채권,해외,실물(패시브),배당소득세(보유기간과세),S&P 10-Year U.S. Treasury Note Futures(ER),미국,채권·금리,일반,20260811
0046A0,KR70046A0008,TIGER 미국초단기(3개월이하)국채,미래에셋자산운용,0.09,342041400000,9795,9791.01,2025-04-29,채권,해외,실물(패시브),배당소득세(보유기간과세),ICE 0-3 Month US Treasury Securities 지수,미국,채권·금리,일반,20260811
465670,KR7465670008,TIGER 미국캐시카우100,미래에셋자산운용,0.25,14569000000,17140,17066.18,2023-09-19,주식,해외,실물(패시브),배당소득세(보유기간과세),Global X U.S. Cash Flow Kings 100 Index(PR),미국,기타,일반,20260811
0223R0,KR70223R0004,TIGER 미국테크NYSE100액티브,미래에셋자산운용,0.79,27642850000,9565,9536.07,2026-07-21,주식,해외,실물(액티브),배당소득세(보유기간과세),NYSE 100 지수(Price Return),미국,기타,일반,20260811
381170,KR7381170000,TIGER 미국테크TOP10 INDXX,미래에셋자산운용,0.49,3941901000000,31970,31917.12,2021-04-09,주식,해외,실물(패시브),배당소득세(보유기간과세),Indxx US Tech Top 10 Index,미국,AI·테크,일반,20260811
472160,KR7472160001,TIGER 미국테크TOP10 INDXX(H),미래에셋자산운용,0.49,248015250000,19005,18972.7,2023-12-05,주식,해외,실물(패시브),배당소득세(보유기간과세),Indxx US Tech Top 10 Index,미국,AI·테크,일반,20260811
472170,KR7472170000,TIGER 미국테크TOP10채권혼합,미래에셋자산운용,0.25,341617500000,14175,14148.79,2023-12-05,혼합자산,국내&해외,실물(패시브),배당소득세(보유기간과세),FnGuide 미국테크TOP10 채권혼합지수,미국,AI·테크,혼합,20260811
458260,KR7458260007,TIGER 미국투자등급회사채액티브(H),미래에셋자산운용,0.14,227845200000,46310,46323.23,2023-05-31,채권,해외,실물(액티브),배당소득세(보유기간과세),iBoxx USD Liquid Investment Grade Index(Price Return),기타,기타,일반,20260811
497570,KR7497570002,TIGER 미국필라델피아AI반도체나스닥,미래에셋자산운용,0.49,1152612500000,22490,22362.05,2024-11-26,주식,해외,실물(패시브),배당소득세(보유기간과세),PHLX US AI Semiconductor 지수 (PR),미국,반도체,일반,20260811
381180,KR7381180009,TIGER 미국필라델피아반도체나스닥,미래에셋자산운용,0.49,5973050000000,44575,44244.38,2021-04-09,주식,해외,실물(패시브),배당소득세(보유기간과세),PHLX Semiconductor Sector Index,미국,반도체,일반,20260811
228810,KR7228810008,TIGER 미디어컨텐츠,미래에셋자산운용,0.44,80478000000,3400,3413.32,2015-10-07,주식,국내,실물(패시브),비과세,WISE 미디어컨텐츠 지수,한국,게임·엔터,일반,20260811
364970,KR7364970004,TIGER 바이오TOP10,미래에셋자산운용,0.4,319495000000,8140,8152.68,2020-10-07,주식,국내,실물(패시브),비과세,KRX 바이오 TOP 10 지수,한국,바이오·헬스케어,일반,20260811
091230,KR7091230003,TIGER 반도체,미래에셋자산운용,0.46,1241562600000,121010,121136.21,2006-06-27,주식,국내,실물(패시브),비과세,KRX 반도체,한국,반도체,일반,20260811
488080,KR7488080003,TIGER 반도체TOP10레버리지,미래에셋자산운용,0.49,434473500000,27070,27182.76,2024-07-23,주식,국내,실물(패시브),배당소득세(보유기간과세),FnGuide 반도체TOP10 지수,한국,반도체,일반,20260811
396500,KR7396500001,TIGER 반도체TOP10,미래에셋자산운용,0.45,8454030000000,31800,31670.69,2021-08-10,주식,국내,실물(패시브),비과세,FnGuide 반도체TOP10 지수,한국,반도체,일반,20260811
0177R0,KR70177R0000,TIGER 반도체TOP10커버드콜액티브,미래에셋자산운용,0.45,716444500000,10105,10092.76,2026-04-21,주식,국내,실물(액티브),배당소득세(보유기간과세),FnGuide 반도체 TOP10 Capped 지수(Price Return),한국,반도체,일반,20260811
138520,KR7138520002,TIGER 삼성그룹,미래에셋자산운용,0.113,139413600000,34680,34666.72,2011-03-07,주식,국내,실물(패시브),비과세,MKF SAMs FW,한국,기타,일반,20260811
0195R0,KR70195R0008,TIGER 삼성전자단일종목레버리지,미래에셋자산운용,0.09,830790375000,9465,9446.39,2026-05-27,주식,국내,실물(패시브),배당소득세(보유기간과세),KRX 삼성전자 지수,한국,개별종목,일반,20260811
157490,KR7157490004,TIGER 소프트웨어,미래에셋자산운용,0.4,84835000000,8930,8916.8,2012-05-16,주식,국내,실물(패시브),비과세,FnGuide 소프트웨어 지수,한국,AI·테크,일반,20260811
228800,KR7228800009,TIGER 여행레저,미래에셋자산운용,0.5,68062050000,2635,2628.57,2015-10-07,주식,국내,실물(패시브),비과세,WISE 여행레저 지수,한국,기타,일반,20260811
227570,KR7227570009,TIGER 우량가치,미래에셋자산운용,0.35,7547400000,20965,21044.41,2015-09-23,주식,국내,실물(패시브),비과세,FnGuide 퀄리티밸류 지수,한국,광범위지수,일반,20260811
261140,KR7261140008,TIGER 우선주,미래에셋자산운용,0.29,32340800000,23780,23775.45,2017-01-06,주식,국내,실물(패시브),비과세,코스피 우선주 지수,한국,광범위지수,일반,20260811
130680,KR7130680002,TIGER 원유선물Enhanced(H),미래에셋자산운용,0.69,14577000000,6780,6723.17,2010-08-02,원자재,해외,실물(패시브),배당소득세(보유기간과세),S&P GSCI Crude Oil Enhanced Index ER,글로벌,에너지·원자력,일반,20260811
245350,KR7245350004,TIGER 유로스탁스배당30,미래에셋자산운용,0.35,31728000000,19830,19848.06,2016-07-01,주식,해외,실물(패시브),배당소득세(해외주식투자전용ETF),Euro STOXX Select Dividend 30,유럽,배당주,일반,20260811
0189B0,KR70189B0004,TIGER 은액티브,미래에셋자산운용,0.3,41109750000,8305,8365.44,2026-04-28,원자재,해외,실물(액티브),배당소득세(보유기간과세),ICE Silver Spot 지수 (시장가격),기타,원자재·금,일반,20260811
091220,KR7091220004,TIGER 은행,미래에셋자산운용,0.46,21541000000,16570,16534.87,2006-06-27,주식,국내,실물(패시브),비과세,KRX 은행,한국,금융,일반,20260811
466940,KR7466940004,TIGER 은행고배당플러스TOP10,미래에셋자산운용,0.3,781287000000,26130,26065.49,2023-10-17,주식,국내,실물(패시브),비과세,FnGuide 은행고배당플러스TOP10 지수(시장가격 지수),한국,금융,일반,20260811
307510,KR7307510008,TIGER 의료기기,미래에셋자산운용,0.5,7080000000,14160,14263.74,2018-11-08,주식,국내,실물(패시브),비과세,FnGuide 의료기기 지수,한국,바이오·헬스케어,일반,20260811
453870,KR7453870008,TIGER 인도니프티50,미래에셋자산운용,0.19,301351500000,12030,12096.49,2023-04-14,주식,해외,실물(패시브),배당소득세(보유기간과세),Nifty 50 Index,인도,광범위지수,일반,20260811
236350,KR7236350005,TIGER 인도니프티50레버리지(합성),미래에셋자산운용,0.58,18841800000,30390,30564.3,2016-05-13,주식,해외,합성(패시브),배당소득세(보유기간과세),Nifty 50 Index,인도,광범위지수,일반,20260811
479730,KR7479730004,TIGER 인도빌리언컨슈머,미래에셋자산운용,0.49,61802500000,10475,10596.17,2024-05-14,주식,해외,실물(패시브),배당소득세(보유기간과세),Mirae Asset India Billion Consumer 지수(PR),인도,소비재,일반,20260811
123310,KR7123310005,TIGER 인버스,미래에셋자산운용,0.022,56784000000,1248,1251.78,2010-03-29,주식,국내,실물(패시브),배당소득세(보유기간과세),코스피 200 선물지수,한국,광범위지수,일반,20260811
365000,KR7365000009,TIGER 인터넷TOP10,미래에셋자산운용,0.4,41068500000,3930,3924.1,2020-10-07,주식,국내,실물(패시브),비과세,KRX 인터넷 TOP 10 지수,한국,AI·테크,일반,20260811
241180,KR7241180009,TIGER 일본니케이225,미래에셋자산운용,0.29,402584000000,35945,35900.11,2016-03-31,주식,해외,실물(패시브),배당소득세(해외주식투자전용ETF),Nikkei 225,일본,기타,일반,20260811
465660,KR7465660009,TIGER 일본반도체FACTSET,미래에셋자산운용,0.49,34310250000,25415,25562.54,2023-09-19,주식,해외,실물(패시브),배당소득세(보유기간과세),FactSet Japan Semiconductor Index(PR),일본,반도체,일반,20260811
292560,KR7292560000,TIGER 일본엔선물,미래에셋자산운용,0.21,35410500000,8235,8223.98,2018-04-17,통화,국내,실물(패시브),배당소득세(보유기간과세),엔선물지수,한국,기타,일반,20260811
0025N0,KR70025N0008,TIGER TDF2045 적격,미래에셋자산운용,0.19,781069500000,12310,12302.03,2025-03-25,혼합자산,국내&해외,실물(패시브),배당소득세(보유기간과세),S&P Korea Target Date 2045 Global Index,글로벌,자산배분·TDF,일반,20260811
494670,KR7494670003,TIGER 조선TOP10,미래에셋자산운용,0.35,599849250000,23205,23167.56,2024-10-22,주식,국내,실물(패시브),비과세,iSelect 조선TOP10 Index(PR),한국,조선·기계,일반,20260811
150460,KR7150460004,TIGER 중국소비테마,미래에셋자산운용,0.5,58140600000,7630,7629.31,2011-12-16,주식,국내,실물(패시브),비과세,FnGuide 중국내수테마 지수,한국,기타,일반,20260811
0192Z0,KR70192Z0001,TIGER 중기종합채권(A-이상)액티브,미래에셋자산운용,0.06,192623500000,100850,100847.37,2026-05-19,채권,국내,실물(액티브),배당소득세(보유기간과세),NICE 중기종합채권(A-이상)(총수익지수),한국,채권·금리,일반,20260811
302190,KR7302190004,TIGER 중장기국채,미래에셋자산운용,0.13,192364800000,50095,50085.32,2018-07-20,채권,국내,실물(패시브),배당소득세(보유기간과세),KIS 국채 3-10년 지수(시장가격지수),한국,채권·금리,일반,20260811
157500,KR7157500000,TIGER 증권,미래에셋자산운용,0.4,236908400000,13060,13012.99,2012-05-16,주식,국내,실물(패시브),비과세,FnGuide 증권 지수,한국,금융,일반,20260811
307520,KR7307520007,TIGER 지주회사,미래에셋자산운용,0.5,271192500000,21270,21319.16,2018-11-08,주식,국내,실물(패시브),비과세,FnGuide 지주회사 지수,한국,기타,일반,20260811
117690,KR7117690008,TIGER 차이나항셍30,미래에셋자산운용,0.4,10322500000,20645,20710.26,2009-10-21,주식,해외,실물(패시브),배당소득세(해외주식투자전용ETF),Hang Seng China (Hong Kong-listed) 30 Index,중국,기타,일반,20260811
0067Y0,KR70067Y0004,TIGER 차이나AI소프트웨어,미래에셋자산운용,0.49,11072250000,11655,11798.99,2025-06-17,주식,해외,실물(패시브),배당소득세(보유기간과세),"Mirae Asset China AI Software 지수 (Price Return, HKD)",중국,AI·테크,일반,20260811
245360,KR7245360003,TIGER 차이나HSCEI,미래에셋자산운용,0.29,27315750000,12705,12866.95,2016-06-16,주식,해외,실물(패시브),배당소득세(해외주식투자전용ETF),Hang Seng China H,중국,기타,일반,20260811
414780,KR7414780007,TIGER 차이나과창판STAR50(합성),미래에셋자산운용,0.09,231307000000,14780,15057.39,2022-01-13,주식,해외,합성(패시브),배당소득세(보유기간과세),STAR 50 Index(Price Return),기타,기타,일반,20260811
0067V0,KR70067V0007,TIGER 차이나글로벌리더스TOP3+,미래에셋자산운용,0.49,25188000000,10495,10592.28,2025-06-17,주식,해외,실물(패시브),배당소득세(보유기간과세),"Solactive-KEDI 차이나글로벌리더스TOP3플러스 지수 (Price Return, CNH)",글로벌,기타,일반,20260811
371470,KR7371470006,TIGER 차이나바이오테크SOLACTIVE,미래에셋자산운용,0.49,49731000000,9075,8995.48,2020-12-08,주식,해외,실물(패시브),배당소득세(보유기간과세),Solactive China Biotech Index(PR),중국,바이오·헬스케어,일반,20260811
396520,KR7396520009,TIGER 차이나반도체FACTSET,미래에셋자산운용,0.49,591141200000,14390,14527.79,2021-08-10,주식,해외,실물(패시브),배당소득세(보유기간과세),FactSet China Semiconductor 지수(PR),중국,반도체,일반,20260811
371460,KR7371460007,TIGER 차이나전기차SOLACTIVE,미래에셋자산운용,0.49,802924800000,11005,11046.59,2020-12-08,주식,해외,실물(패시브),배당소득세(보유기간과세),Solactive China Electric Vehicle and Battery Index(PR),중국,2차전지,일반,20260811
456680,KR7456680008,TIGER 차이나전기차레버리지(합성),미래에셋자산운용,0.58,43259350000,7295,7374.36,2023-05-09,주식,해외,합성(패시브),배당소득세(보유기간과세),Solactive China Electric Vehicle and Battery Index(PR),중국,2차전지,일반,20260811
0133E0,KR70133E0008,TIGER 차이나증권,미래에셋자산운용,0.49,9355500000,8910,9066.92,2026-02-03,주식,해외,실물(패시브),배당소득세(보유기간과세),Solactive China Securities Index (Price Return),중국,기타,일반,20260811
396510,KR7396510000,TIGER 차이나클린에너지SOLACTIVE,미래에셋자산운용,0.49,14342800000,7795,7792.62,2021-08-10,주식,해외,실물(패시브),배당소득세(보유기간과세),Solactive China Clean Energy 지수(PR),중국,에너지·원자력,일반,20260811
0047A0,KR70047A0007,TIGER 차이나테크TOP10,미래에셋자산운용,0.49,208574500000,13285,13428.79,2025-05-13,주식,해외,실물(패시브),배당소득세(보유기간과세),Mirae Asset China Tech Top 10 지수 (Price Return),중국,AI·테크,일반,20260811
438320,KR7438320004,TIGER 차이나항셍테크레버리지(합성 H),미래에셋자산운용,0.58,25462000000,5800,6038.87,2022-08-23,주식,해외,합성(패시브),배당소득세(보유기간과세),Hang Seng TECH Index,중국,AI·테크,일반,20260811
371160,KR7371160003,TIGER 차이나항셍테크,미래에셋자산운용,0.09,613840500000,7495,7616.41,2020-12-16,주식,해외,실물(패시브),배당소득세(보유기간과세),Hang Seng TECH Index,중국,AI·테크,일반,20260811
0053L0,KR70053L0005,TIGER 차이나휴머노이드로봇,미래에셋자산운용,0.49,278506000000,10630,10494.86,2025-05-27,주식,해외,실물(패시브),배당소득세(보유기간과세),Mirae Asset China Humanoid Robot 지수(PR),중국,AI·테크,일반,20260811
0117V0,KR70117V0007,TIGER 코리아AI전력기기TOP3플러스,미래에셋자산운용,0.4,968099000000,18370,18303.67,2025-10-21,주식,국내,실물(패시브),비과세,KEDI 코리아AI전력기기TOP3플러스 지수,한국,AI·테크,일반,20260811
292150,KR7292150000,TIGER 코리아TOP10,미래에셋자산운용,0.15,1881776000000,34880,34953.48,2018-03-30,주식,국내,실물(패시브),비과세,FnGuide TOP10 지수,한국,기타,일반,20260811
0104P0,KR70104P0000,TIGER 코리아배당다우존스위클리커버드콜,미래에셋자산운용,0.25,20358000000,11310,11262.29,2025-09-23,주식,국내,실물(패시브),배당소득세(보유기간과세),KRX 다우존스 코리아 배당 30 타겟 7% 위클리 커버드콜 지수,한국,배당주,커버드콜,20260811
0052D0,KR70052D0006,TIGER 코리아배당다우존스,미래에셋자산운용,0.25,348540000000,15700,15742.11,2025-05-20,주식,국내,실물(패시브),비과세,Dow Jones Korea Dividend 30 지수 (Price Return),한국,배당주,일반,20260811
496080,KR7496080003,TIGER 코리아밸류업,미래에셋자산운용,0.008,491184000000,30320,30265.65,2024-11-04,주식,국내,실물(패시브),비과세,코리아 밸류업 지수,한국,배당주,일반,20260811
0091P0,KR70091P0005,TIGER 코리아원자력,미래에셋자산운용,0.5,545916000000,16080,16074.45,2025-08-19,주식,국내,실물(패시브),비과세,iSelect 코리아 원자력 지수 (Price Return),한국,에너지·원자력,일반,20260811
0148J0,KR70148J0006,TIGER 코리아휴머노이드로봇산업,미래에셋자산운용,0.5,650118000000,9660,9642.48,2026-01-06,주식,국내,실물(패시브),비과세,KEDI 코리아 휴머노이드로봇산업 지수 (PR),한국,AI·테크,일반,20260811
233160,KR7233160001,TIGER 코스닥150 레버리지,미래에셋자산운용,0.32,196395750000,8595,8557.3,2015-12-17,주식,국내,실물(패시브),배당소득세(보유기간과세),코스닥 150,한국,광범위지수,일반,20260811
232080,KR7232080002,TIGER 코스닥150,미래에셋자산운용,0.19,1403756700000,15065,15043.81,2015-11-12,주식,국내,실물(패시브),비과세,코스닥 150,한국,광범위지수,일반,20260811
261060,KR7261060008,TIGER 코스닥150IT,미래에셋자산운용,0.4,26772800000,23080,23131.81,2016-12-15,주식,국내,실물(패시브),비과세,코스닥 150 정보기술,한국,광범위지수,일반,20260811
261070,KR7261070007,TIGER 코스닥150바이오테크,미래에셋자산운용,0.4,64763100000,14265,14246.03,2016-12-15,주식,국내,실물(패시브),비과세,코스닥 150 헬스케어,한국,바이오·헬스케어,일반,20260811
250780,KR7250780004,TIGER 코스닥150선물인버스,미래에셋자산운용,0.32,5148000000,2340,2341.37,2016-08-10,주식,국내,실물(패시브),배당소득세(보유기간과세),F-코스닥150 지수,한국,광범위지수,일반,20260811
461580,KR7461580003,TIGER 코스닥글로벌,미래에셋자산운용,0.15,11543000000,16490,16479.7,2023-06-29,주식,국내,실물(패시브),비과세,코스닥 글로벌 지수,한국,광범위지수,일반,20260811
0204S0,KR70204S0006,TIGER 코스닥액티브,미래에셋자산운용,0.5,31933600000,7160,7170.21,2026-06-02,주식,국내,실물(액티브),배당소득세(보유기간과세),코스닥,한국,광범위지수,일반,20260811
277640,KR7277640009,TIGER 코스피대형주,미래에셋자산운용,0.24,62073000000,34485,34502.59,2017-08-31,주식,국내,실물(패시브),비과세,코스피 대형주,한국,광범위지수,일반,20260811
277650,KR7277650008,TIGER 코스피중형주,미래에셋자산운용,0.24,4178000000,20890,20923.69,2017-08-31,주식,국내,실물(패시브),비과세,코스피 중형주,한국,광범위지수,일반,20260811
277630,KR7277630000,TIGER 코스피,미래에셋자산운용,0.12,434592500000,66350,66165.09,2017-08-31,주식,국내,실물(패시브),비과세,코스피,한국,광범위지수,일반,20260811
376410,KR7376410007,TIGER 탄소효율그린뉴딜,미래에셋자산운용,0.09,20479500000,22755,22880.38,2021-02-05,주식,국내,실물(패시브),비과세,KRX/S&P 탄소효율 그린뉴딜지수,한국,기타,일반,20260811
447770,KR7447770009,TIGER 테슬라채권혼합Fn,미래에셋자산운용,0.25,433920000000,13560,13582.71,2022-11-29,혼합자산,국내&해외,실물(패시브),배당소득세(보유기간과세),FnGuide 테슬라채권혼합 지수,미국,개별종목,혼합,20260811
0060H0,KR70060H0002,TIGER 토탈월드스탁액티브,미래에셋자산운용,0.25,399608000000,13145,13102.02,2025-06-24,주식,해외,실물(액티브),배당소득세(보유기간과세),FTSE Global All Cap Index(PR),글로벌,기타,일반,20260811
387280,KR7387280001,TIGER 퓨처모빌리티액티브,미래에셋자산운용,0.77,15187500000,11250,11260.09,2021-05-25,주식,국내,실물(액티브),배당소득세(보유기간과세),FnGuide 퓨처모빌리티 지수,한국,자동차,일반,20260811
449690,KR7449690007,TIGER 한중반도체(합성),미래에셋자산운용,0.35,35932500000,47910,47646.45,2022-12-22,주식,국내&해외,합성(패시브),배당소득세(보유기간과세),KRX CSI 한·중 반도체지수,중국,반도체,일반,20260811
449680,KR7449680008,TIGER 한중전기차(합성),미래에셋자산운용,0.35,9503000000,11180,11296.85,2022-12-22,주식,국내&해외,합성(패시브),배당소득세(보유기간과세),KRX CSI 한·중 전기차지수,중국,자동차,일반,20260811
143860,KR7143860005,TIGER 헬스케어,미래에셋자산운용,0.4,168558600000,41930,41909.12,2011-07-18,주식,국내,실물(패시브),비과세,KRX 헬스케어,한국,바이오·헬스케어,일반,20260811
138540,KR7138540000,TIGER 현대차그룹플러스,미래에셋자산운용,0.15,675403300000,52195,52186.42,2011-03-10,주식,국내,실물(패시브),비과세,MKF 현대차그룹+ FW,한국,개별종목,일반,20260811
228790,KR7228790002,TIGER 화장품,미래에셋자산운용,0.5,254745600000,4280,4279.97,2015-10-07,주식,국내,실물(패시브),비과세,WISE 화장품 지수,한국,소비재,일반,20260811
394670,KR7394670004,TIGER 글로벌리튬&2차전지SOLACTIVE(합성),미래에셋자산운용,0.49,205729200000,11610,11757.91,2021-07-20,주식,해외,합성(패시브),배당소득세(보유기간과세),Solactive Global Lithium 지수(PR),글로벌,2차전지,일반,20260811
394660,KR7394660005,TIGER 글로벌자율주행&전기차SOLACTIVE,미래에셋자산운용,0.49,109256800000,16655,16785.37,2021-07-20,주식,해외,실물(패시브),배당소득세(보유기간과세),Solactive Autonomous & Electric Vehicles 지수(PR),기타,기타,일반,20260811
276000,KR7276000007,TIGER 글로벌자원생산기업(합성 H),미래에셋자산운용,0.4,17556750000,20655,20470.3,2017-08-01,주식,해외,합성(패시브),배당소득세(보유기간과세),MorningStar Global Upstream Resources Index(PR),글로벌,기타,일반,20260811
449170,KR7449170000,TIGER KOFR금리액티브(합성),미래에셋자산운용,0.03,2435463950000,111565,111555.5,2022-11-30,기타,국내,합성(액티브),배당소득세(보유기간과세),KOFR 지수,한국,채권·금리,일반,20260811
458750,KR7458750007,TIGER 미국배당다우존스타겟커버드콜1호,미래에셋자산운용,0.39,67855500000,13305,13335.81,2023-06-20,주식,해외,실물(패시브),배당소득세(보유기간과세),DowJones U.S. Dividend 100 3% Premium Covered Call 지수 (TR),미국,배당주,커버드콜,20260811
471780,KR7471780007,TIGER 코리아테크액티브,미래에셋자산운용,0.77,244549800000,32220,32155.82,2023-11-28,주식,국내,실물(액티브),배당소득세(보유기간과세),KRX 정보기술,한국,기타,일반,20260811
139260,KR7139260004,TIGER 200 IT,미래에셋자산운용,0.4,2445816000000,121200,121088.79,2011-04-06,주식,국내,실물(패시브),비과세,코스피 200 정보기술,한국,광범위지수,일반,20260811
139220,KR7139220008,TIGER 200 건설,미래에셋자산운용,0.4,127693000000,7450,7458.18,2011-04-06,주식,국내,실물(패시브),비과세,코스피 200 건설,한국,조선·기계,일반,20260811
139290,KR7139290001,TIGER 200 경기소비재,미래에셋자산운용,0.4,6847100000,26335,26344.42,2011-04-06,주식,국내,실물(패시브),비과세,코스피 200 경기소비재,한국,소비재,일반,20260811
139270,KR7139270003,TIGER 200 금융,미래에셋자산운용,0.4,30996900000,16665,16626.6,2011-04-06,주식,국내,실물(패시브),비과세,코스피 200 금융,한국,금융,일반,20260811
139250,KR7139250005,TIGER 200 에너지화학,미래에셋자산운용,0.34,23596000000,17350,17322.39,2011-04-06,주식,국내,실물(패시브),비과세,코스피 200 에너지/화학,한국,에너지·원자력,일반,20260811
139230,KR7139230007,TIGER 200 중공업,미래에셋자산운용,0.34,260691600000,13260,13304.12,2011-04-06,주식,국내,실물(패시브),비과세,코스피 200 중공업,한국,조선·기계,일반,20260811
139240,KR7139240006,TIGER 200 철강소재,미래에셋자산운용,0.34,8591700000,11015,10998.64,2011-04-06,주식,국내,실물(패시브),비과세,코스피 200 철강/소재,한국,광범위지수,일반,20260811
289480,KR7289480006,TIGER 200커버드콜,미래에셋자산운용,0.38,26622500000,11575,11605.83,2018-02-09,주식,국내,실물(패시브),배당소득세(보유기간과세),코스피 200 커버드콜 ATM 지수,한국,광범위지수,커버드콜,20260811
228820,KR7228820007,TIGER KTOP30,미래에셋자산운용,0.21,17735000000,17735,17710.89,2015-10-14,주식,국내,실물(패시브),비과세,KTOP 30,한국,기타,일반,20260811
463250,KR7463250001,TIGER K방산&우주,미래에셋자산운용,0.45,532818000000,35640,35566.18,2023-07-25,주식,국내,실물(패시브),비과세,iSelect K방산&우주,한국,방산·우주,일반,20260811
225060,KR7225060003,TIGER 이머징마켓MSCI레버리지(합성 H),미래에셋자산운용,0.58,16742700000,15795,15734.93,2015-07-29,주식,해외,합성(패시브),배당소득세(보유기간과세),MSCI EM Index,신흥국,광범위지수,일반,20260811
182480,KR7182480004,TIGER 미국MSCI리츠(합성 H),미래에셋자산운용,0.24,129626000000,13790,13909.26,2013-10-10,부동산,해외,합성(패시브),배당소득세(분리과세부동산ETF),MSCI US REIT Index,미국,리츠·부동산,일반,20260811
225040,KR7225040005,TIGER 미국S&P500레버리지(합성 H),미래에셋자산운용,0.27,56752200000,69210,69083.05,2015-07-29,주식,해외,합성(패시브),배당소득세(보유기간과세),S&P 500,미국,광범위지수,일반,20260811
225030,KR7225030006,TIGER 미국S&P500선물인버스(H),미래에셋자산운용,0.59,3799500000,2235,2231.58,2015-07-29,주식,해외,실물(패시브),배당소득세(보유기간과세),S&P 500 Futures Total Return Index,미국,광범위지수,일반,20260811
451530,KR7451530000,TIGER 국고채30년스트립액티브,미래에셋자산운용,0.15,139462110000,34065,34169.26,2023-02-01,채권,국내,실물(액티브),배당소득세(보유기간과세),KIS STRIP 30Y Index(총수익지수),한국,기타,일반,20260811
491010,KR7491010005,TIGER 글로벌AI전력인프라액티브,미래에셋자산운용,0.49,639285000000,25500,25466.4,2024-09-10,주식,해외,실물(액티브),배당소득세(보유기간과세),Mirae Asset AI Infrastructure 지수(PR),기타,AI·테크,일반,20260811
412770,KR7412770000,TIGER 글로벌AI플랫폼액티브,미래에셋자산운용,0.79,78347850000,12865,12949.6,2021-12-22,주식,해외,실물(액티브),배당소득세(보유기간과세),Indxx Global Metaverse Index (Price Return),글로벌,기타,일반,20260811
203780,KR7203780002,TIGER 미국나스닥바이오,미래에셋자산운용,0.3,100365600000,35340,35200.6,2014-08-27,주식,해외,실물(패시브),배당소득세(해외주식투자전용ETF),NASDAQ Biotechnology 지수(시장가격지수),미국,AI·테크,일반,20260811
182490,KR7182490003,TIGER 단기선진하이일드(합성 H),미래에셋자산운용,0.24,8328000000,13880,13859.06,2014-03-24,채권,해외,합성(패시브),배당소득세(보유기간과세),iBoxx USD Liquid High Yield 0-5 year Index,기타,기타,일반,20260811
174350,KR7174350009,TIGER 로우볼,미래에셋자산운용,0.4,8843100000,21055,21096.87,2013-06-20,주식,국내,실물(패시브),비과세,FnGuide Low Vol 지수,한국,기타,일반,20260811
275980,KR7275980001,TIGER 글로벌4차산업혁신기술(합성 H),미래에셋자산운용,0.4,59893200000,23580,23608.74,2017-08-01,주식,해외,합성(패시브),배당소득세(보유기간과세),Morningstar Exponential Technologies Equal Weighted Select PR USD,기타,기타,일반,20260811
476550,KR7476550009,TIGER 미국30년국채커버드콜액티브(H),미래에셋자산운용,0.39,781764750000,6795,6815.7,2024-02-27,채권,해외,실물(액티브),배당소득세(보유기간과세),KEDI 미국채30년 위클리 커버드콜30 지수(Total Return),미국,채권·금리,커버드콜,20260811
482730,KR7482730009,TIGER 미국S&P500타겟데일리커버드콜,미래에셋자산운용,0.25,651635000000,12295,12284.53,2024-05-21,주식,해외,실물(패시브),배당소득세(보유기간과세),S&P500 10% Daily Premium Covered Call Index(TR),미국,광범위지수,커버드콜,20260811
486290,KR7486290000,TIGER 미국나스닥100타겟데일리커버드콜,미래에셋자산운용,0.25,2357475000000,10965,10936.12,2024-06-25,주식,해외,실물(패시브),배당소득세(보유기간과세),NASDAQ 100 Daily Covered Call Target Premium 15% 지수(TR),미국,광범위지수,커버드콜,20260811
458760,KR7458760006,TIGER 미국배당다우존스타겟커버드콜2호,미래에셋자산운용,0.39,707911500000,11210,11241.29,2023-06-20,주식,해외,실물(패시브),배당소득세(보유기간과세),DowJones U.S. Dividend 100 7% Premium Covered Call 지수 (TR),미국,배당주,커버드콜,20260811
474220,KR7474220001,TIGER 미국테크TOP10타겟커버드콜,미래에셋자산운용,0.5,441055500000,15585,15539.93,2024-01-16,주식,해외,실물(패시브),배당소득세(보유기간과세),Bloomberg U.S. Tech Top10+10% Premium Covered Call Index,미국,AI·테크,커버드콜,20260811
211560,KR7211560008,TIGER 배당성장,미래에셋자산운용,0.115,75054000000,35740,35605.06,2014-12-17,주식,국내,실물(패시브),비과세,코스피 배당성장 50,한국,배당주,일반,20260811
472150,KR7472150002,TIGER 배당커버드콜액티브,미래에셋자산운용,0.5,2172816000000,18960,18944.32,2023-12-12,주식,국내,실물(액티브),배당소득세(보유기간과세),코스피 200 커버드콜 5% OTM,한국,광범위지수,커버드콜,20260811
438330,KR7438330003,TIGER 우량회사채액티브,미래에셋자산운용,0.1,536982000000,115480,115480.81,2022-08-23,채권,국내,실물(액티브),배당소득세(보유기간과세),KIS 투자등급회사채 지수(총수익),한국,채권·금리,일반,20260811
217770,KR7217770007,TIGER 원유선물인버스(H),미래에셋자산운용,0.69,20645500000,1315,1318.18,2015-04-29,원자재,해외,실물(패시브),배당소득세(보유기간과세),S&P GSCI Crude Oil Index ER,글로벌,에너지·원자력,일반,20260811
225050,KR7225050004,TIGER 유로스탁스레버리지(합성 H),미래에셋자산운용,0.58,7773750000,17275,17275.23,2015-07-29,주식,해외,합성(패시브),배당소득세(보유기간과세),EURO STOXX 50 Index,유럽,광범위지수,일반,20260811
195930,KR7195930003,TIGER 유로스탁스50(합성 H),미래에셋자산운용,0.24,38488000000,24055,24056.97,2014-04-30,주식,해외,합성(패시브),배당소득세(보유기간과세),EURO STOXX 50 Index,유럽,광범위지수,일반,20260811
195920,KR7195920004,TIGER 일본TOPIX(합성 H),미래에셋자산운용,0.24,17715000000,35430,35386.55,2014-04-30,주식,해외,합성(패시브),배당소득세(보유기간과세),TOPIX,일본,광범위지수,일반,20260811
451540,KR7451540009,TIGER 종합채권(AA-이상)액티브,미래에셋자산운용,0.03,1000275540000,52635,52656.62,2023-02-01,채권,국내,실물(액티브),배당소득세(보유기간과세),KIS 종합채권 AA-이상 총수익 지수(Total return Index),한국,채권·금리,일반,20260811
204480,KR7204480008,TIGER 차이나CSI300레버리지(합성),미래에셋자산운용,0.58,100161000000,26925,27244.64,2014-09-01,주식,해외,합성(패시브),배당소득세(보유기간과세),CSI 300 Index,중국,광범위지수,일반,20260811
217780,KR7217780006,TIGER 차이나CSI300인버스(합성),미래에셋자산운용,0.58,8114250000,5235,5259.98,2015-06-10,주식,해외,합성(패시브),배당소득세(보유기간과세),CSI 300 Index,중국,광범위지수,일반,20260811
192090,KR7192090009,TIGER 차이나CSI300,미래에셋자산운용,0.63,137005000000,12925,13051.87,2014-02-17,주식,해외,실물(패시브),배당소득세(해외주식투자전용ETF),CSI 300 Index,중국,광범위지수,일반,20260811
210780,KR7210780003,TIGER 코스피고배당,미래에셋자산운용,0.24,76923000000,23310,23309.35,2014-12-05,주식,국내,실물(패시브),비과세,코스피 고배당 50,한국,배당주,일반,20260811
423920,KR7423920008,TIGER 미국필라델피아반도체레버리지(합성),미래에셋자산운용,0.58,628086800000,91960,90727.26,2022-04-19,주식,해외,합성(패시브),배당소득세(보유기간과세),PHLX Semiconductor Sector Index,미국,반도체,일반,20260811
0098Z0,KR70098Z0006,FOCUS 200,브이아이자산운용,0.05,63828750000,85105,84824.9,2025-09-23,주식,국내,실물(패시브),비과세,코스피 200,한국,광범위지수,일반,20260811
0176P0,KR70176P0003,FOCUS AI반도체위클리고정커버드콜,브이아이자산운용,0.3,5882500000,11765,11735.07,2026-04-07,주식,국내,실물(패시브),배당소득세(보유기간과세),AI 반도체 위클리 고정 30% 커버드콜 지수,한국,반도체,커버드콜,20260811
448570,KR7448570002,FOCUS AI코리아액티브,브이아이자산운용,0.455,38603250000,28595,28538.81,2022-11-15,주식,국내,실물(액티브),배당소득세(보유기간과세),코스피,한국,광범위지수,일반,20260811
0073X0,KR70073X0007,FOCUS 알리바바미국채커버드콜혼합,브이아이자산운용,0.36,5236000000,9520,9580.18,2025-07-01,혼합자산,해외,실물(패시브),배당소득세(보유기간과세),KEDI 알리바바미국채커버드콜혼합지수(TR),미국,채권·금리,커버드콜,20260811
285690,KR7285690004,FOCUS ESG리더스,브이아이자산운용,0.1,7390250000,21115,21060.25,2017-12-13,주식,국내,실물(패시브),비과세,KRX ESG Leaders 150,한국,광범위지수,일반,20260811
278530,KR7278530001,KODEX 200TR,삼성자산운용,0.05,7162050000000,35900,35938.26,2017-11-21,주식,국내,실물(패시브),배당소득세(보유기간과세),코스피 200 TR,한국,광범위지수,일반,20260811
226980,KR7226980001,KODEX 200 중소형,삼성자산운용,0.3,20281500000,22535,22568.85,2015-09-01,주식,국내,실물(패시브),비과세,코스피 200 중소형주지수,한국,광범위지수,일반,20260811
337160,KR7337160006,KODEX 200ESG,삼성자산운용,0.09,153020000000,43720,43766.12,2019-11-14,주식,국내,실물(패시브),비과세,코스피 200 ESG 지수,한국,광범위지수,일반,20260811
363580,KR7363580002,KODEX 200IT TR,삼성자산운용,0.15,221085000000,49130,49030.52,2020-09-25,주식,국내,실물(패시브),배당소득세(보유기간과세),코스피200 정보기술 TR,한국,광범위지수,일반,20260811
337150,KR7337150007,KODEX 200exTOP,삼성자산운용,0.3,14997000000,24995,24939.39,2019-11-14,주식,국내,실물(패시브),비과세,코스피 200 초대형제외 지수,한국,광범위지수,일반,20260811
223190,KR7223190000,KODEX 200가치저변동,삼성자산운용,0.3,27335000000,27335,27308.8,2015-06-26,주식,국내,실물(패시브),비과세,코스피 200 가치저변동성,한국,광범위지수,일반,20260811
237350,KR7237350004,KODEX 코스피100,삼성자산운용,0.15,899884750000,79285,79016.67,2016-01-27,주식,국내,실물(패시브),비과세,코스피 100,한국,광범위지수,일반,20260811
252650,KR7252650007,KODEX 200동일가중,삼성자산운용,0.25,11220000000,18700,18637.62,2016-09-20,주식,국내,실물(패시브),비과세,코스피 200 동일가중지수,한국,광범위지수,일반,20260811
360140,KR7360140008,KODEX 200롱코스닥150숏선물,삼성자산운용,0.64,43395000000,19725,19763.88,2020-08-21,주식,국내,실물(패시브),배당소득세(보유기간과세),코스피200 롱 100% 코스닥150 숏 100% 선물지수,한국,광범위지수,일반,20260811
284430,KR7284430006,KODEX 200미국채혼합50,삼성자산운용,0.35,1977376000000,20260,20276.61,2017-11-30,혼합자산,국내&해외,실물(패시브),배당소득세(보유기간과세),코스피 200 미국채 혼합지수,미국,채권·금리,혼합,20260811
252670,KR7252670005,KODEX 200선물인버스2X,삼성자산운용,0.64,739385200000,94,94.81,2016-09-22,주식,국내,실물(패시브),배당소득세(보유기간과세),코스피 200 선물지수,한국,광범위지수,일반,20260811
494890,KR7494890007,KODEX 200액티브,삼성자산운용,0.15,1014945000000,28590,28580.1,2024-10-29,주식,국내,실물(액티브),배당소득세(보유기간과세),코스피 200,한국,광범위지수,일반,20260811
0219E0,KR70219E0005,KODEX 200커버드콜액티브,삼성자산운용,0.5,475152000000,7815,7797.57,2026-07-14,주식,국내,실물(액티브),배당소득세(보유기간과세),코스피 200 커버드콜 5% OTM,한국,광범위지수,커버드콜,20260811
498400,KR7498400001,KODEX 200타겟위클리커버드콜,삼성자산운용,0.39,5360863000000,19105,19094.53,2024-12-03,주식,국내,실물(패시브),배당소득세(보유기간과세),코스피 200 타겟 15% 위클리 커버드콜 지수,한국,광범위지수,커버드콜,20260811
0117L0,KR70117L0009,KODEX 26-12 금융채(AA-이상)액티브,삼성자산운용,0.09,961474800000,10140,10138.41,2025-10-28,채권,국내,실물(액티브),배당소득세(보유기간과세),KAP 26-12 금융채 총수익 지수(AA-이상),한국,금융,일반,20260811
473290,KR7473290005,KODEX 26-12 회사채(AA-이상)액티브,삼성자산운용,0.09,495850300000,10862,10862.5,2023-12-12,채권,국내,실물(액티브),배당소득세(보유기간과세),KAP 26-12 회사채 총수익 지수(AA-이상),한국,채권·금리,일반,20260811
0007F0,KR70007F0000,KODEX 27-12 회사채(AA-이상)액티브,삼성자산운용,0.09,552942900000,10170,10170.59,2025-01-14,채권,국내,실물(액티브),배당소득세(보유기간과세),KAP 27-12 회사채 총수익 지수(AA-이상),한국,채권·금리,일반,20260811
0119H0,KR70119H0003,KODEX 28-12 회사채(AA-이상)액티브,삼성자산운용,0.09,229168250000,9925,9916.75,2025-11-04,채권,국내,실물(액티브),배당소득세(보유기간과세),KAP 28-12 회사채 총수익 지수(AA- 이상),한국,채권·금리,일반,20260811
462330,KR7462330002,KODEX 2차전지산업레버리지,삼성자산운용,0.49,686067200000,988,981.52,2023-07-04,주식,국내,실물(패시브),배당소득세(보유기간과세),FnGuide 2차전지 산업 지수,한국,2차전지,일반,20260811
305720,KR7305720005,KODEX 2차전지산업,삼성자산운용,0.45,1620774000000,14180,14122.88,2018-09-12,주식,국내,실물(패시브),비과세,FnGuide 2차전지 산업 지수,한국,2차전지,일반,20260811
461950,KR7461950008,KODEX 2차전지핵심소재10,삼성자산운용,0.39,161831250000,4795,4775.96,2023-07-04,주식,국내,실물(패시브),비과세,FnGuide 2차전지핵심소재10 지수,한국,2차전지,일반,20260811
457690,KR7457690006,KODEX 33-06 국고채액티브,삼성자산운용,0.15,23613750000,10495,10495.57,2023-05-31,채권,국내,실물(액티브),배당소득세(보유기간과세),KAP 33-06 국고채 총수익 지수,한국,채권·금리,일반,20260811
271060,KR7271060006,KODEX 3대농산물선물(H),삼성자산운용,0.55,29384850000,8095,8062.79,2017-06-13,원자재,해외,실물(패시브),배당소득세(보유기간과세),S&P GSCI Grains Select Index ER,글로벌,기타,일반,20260811
457700,KR7457700003,KODEX 53-09 국고채액티브,삼성자산운용,0.15,11860200000,8985,9013.94,2023-05-31,채권,국내,실물(액티브),배당소득세(보유기간과세),KAP 53-09 국고채 총수익 지수,한국,채권·금리,일반,20260811
395160,KR7395160005,KODEX AI반도체TOP2플러스,삼성자산운용,0.45,3559605000000,35070,34964.75,2021-07-30,주식,국내,실물(패시브),비과세,FnGuide AI반도체 TOP2+ 지수,한국,반도체,일반,20260811
471990,KR7471990002,KODEX AI반도체핵심장비,삼성자산운용,0.39,358312500000,22050,22001.72,2023-11-21,주식,국내,실물(패시브),비과세,iSelect AI 반도체핵심장비 지수,한국,반도체,일반,20260811
487240,KR7487240004,KODEX AI전력핵심설비,삼성자산운용,0.39,3088065000000,35495,35362.11,2024-07-09,주식,국내,실물(패시브),비과세,iSelect AI 전력핵심설비 지수(Price Return),한국,AI·테크,일반,20260811
481050,KR7481050003,KODEX CD1년금리플러스액티브(합성),삼성자산운용,0.05,2584497419000,1022470,1022397.11,2024-04-23,기타,국내,합성(액티브),배당소득세(보유기간과세),KAP 1년은행 CD+추가금리 지수(총수익지수),한국,금융,일반,20260811
459580,KR7459580007,KODEX CD금리액티브(합성),삼성자산운용,0.02,6636739320500,1074445,1074481.3,2023-06-08,기타,국내,합성(액티브),배당소득세(보유기간과세),KAP 양도성예금증서(CD)금리지수(총수익지수),한국,채권·금리,일반,20260811
439860,KR7439860008,KODEX ESG종합채권(A-이상)액티브,삼성자산운용,0.07,352066380000,113460,113491.82,2022-08-23,채권,국내,실물(액티브),배당소득세(보유기간과세),"KAP ESG 종합채권지수(A- 이상, 총수익)",한국,채권·금리,일반,20260811
266370,KR7266370006,KODEX IT,삼성자산운용,0.45,102110500000,60065,59941.8,2017-03-28,주식,국내,실물(패시브),비과세,KRX 정보기술,한국,기타,일반,20260811
101280,KR7101280006,KODEX 일본TOPIX100,삼성자산운용,0.19,53176000000,31280,31089.97,2008-02-20,주식,해외,실물(패시브),배당소득세(해외주식투자전용ETF),TOPIX100,일본,광범위지수,일반,20260811
368680,KR7368680005,KODEX K-뉴딜디지털플러스,삼성자산운용,0.09,7443000000,8270,8280.89,2020-11-10,주식,국내,실물(패시브),비과세,FnGuide K-뉴딜 디지털 플러스 지수,한국,AI·테크,일반,20260811
423160,KR7423160001,KODEX KOFR금리액티브(합성),삼성자산운용,0.05,3645725400000,110745,110735.41,2022-04-26,기타,국내,합성(액티브),배당소득세(보유기간과세),KOFR 지수,한국,채권·금리,일반,20260811
306950,KR7306950007,KODEX KRX300레버리지,삼성자산운용,0.64,52840000000,66050,66116.48,2018-10-16,주식,국내,실물(패시브),배당소득세(보유기간과세),KRX 300,한국,광범위지수,일반,20260811
292190,KR7292190006,KODEX KRX300,삼성자산운용,0.05,66165000000,44110,44049.4,2018-03-26,주식,국내,실물(패시브),비과세,KRX 300,한국,광범위지수,일반,20260811
229720,KR7229720008,KODEX KTOP30,삼성자산운용,0.25,17600000000,35200,35093.64,2015-10-14,주식,국내,실물(패시브),비과세,KTOP 30,한국,기타,일반,20260811
266360,KR7266360007,KODEX K콘텐츠,삼성자산운용,0.45,33728000000,10540,10546.39,2017-03-28,주식,국내,실물(패시브),비과세,KRX K콘텐츠,한국,게임·엔터,일반,20260811
289040,KR7289040008,KODEX MSCI KOREA ESG유니버설,삼성자산운용,0.3,18417000000,30695,30831.54,2018-02-07,주식,국내,실물(패시브),비과세,MSCI Korea ESG Universal Capped Index,한국,광범위지수,일반,20260811
156080,KR7156080004,KODEX MSCI Korea,삼성자산운용,0.09,28281000000,47135,47137.68,2012-04-30,주식,국내,실물(패시브),비과세,MSCI Korea Index,한국,광범위지수,일반,20260811
278540,KR7278540000,KODEX MSCI Korea TR,삼성자산운용,0.09,2151942000000,35220,35198.5,2017-11-09,주식,국내,실물(패시브),배당소득세(보유기간과세),MSCI Korea TR Index,한국,광범위지수,일반,20260811
251350,KR7251350005,KODEX MSCI선진국,삼성자산운용,0.3,515227500000,40410,40457.37,2016-08-17,주식,해외,실물(패시브),배당소득세(해외주식투자전용ETF),MSCI World,글로벌,광범위지수,일반,20260811
269420,KR7269420006,KODEX S&P글로벌인프라(합성),삼성자산운용,0.26,24411795000,22965,22966.6,2017-05-16,주식,해외,합성(패시브),배당소득세(보유기간과세),S&P Global Infrastructure Index,글로벌,기타,일반,20260811
291890,KR7291890002,KODEX MSCI EM선물(H),삼성자산운용,0.45,6007500000,12015,12038.43,2018-03-23,주식,해외,실물(패시브),배당소득세(보유기간과세),iEdge Emerging Markets Futures Index(ER),신흥국,기타,일반,20260811
0193T0,KR70193T0008,KODEX SK하이닉스단일종목레버리지,삼성자산운용,0.29,1964512875000,7435,7407.65,2026-05-27,주식,국내,실물(패시브),배당소득세(보유기간과세),KRX SK하이닉스 지수,한국,개별종목,일반,20260811
329650,KR7329650006,KODEX TRF3070,삼성자산운용,0.24,235372500000,14265,14260.84,2019-07-04,혼합자산,국내&해외,실물(패시브),배당소득세(보유기간과세),FnGuide TRF 3070 지수,국내+해외,기타,일반,20260811
329660,KR7329660005,KODEX TRF5050,삼성자산운용,0.17,85328500000,18155,18181.66,2019-07-04,혼합자산,국내&해외,실물(패시브),배당소득세(보유기간과세),FnGuide TRF 5050 지수,국내+해외,기타,일반,20260811
329670,KR7329670004,KODEX TRF7030,삼성자산운용,0.1,90340000000,22585,22559.18,2019-07-04,혼합자산,국내&해외,실물(패시브),배당소득세(보유기간과세),FnGuide TRF 7030 지수,국내+해외,기타,일반,20260811
395170,KR7395170004,KODEX Top10동일가중,삼성자산운용,0.15,29830000000,14915,14871.57,2021-07-30,주식,국내,실물(패시브),비과세,FnGuide TOP10 동일가중 지수,한국,기타,일반,20260811
315930,KR7315930008,KODEX Top5PlusTR,삼성자산운용,0.15,922198000000,75590,75488.37,2019-01-22,주식,국내,실물(패시브),배당소득세(보유기간과세),FnGuide TOP 5 Plus Total Return 지수,한국,기타,일반,20260811
271050,KR7271050007,KODEX WTI원유선물인버스(H),삼성자산운용,0.35,132955625000,2075,2081.25,2017-06-13,원자재,해외,실물(패시브),배당소득세(보유기간과세),S&P GSCI Crude Oil Index ER,글로벌,에너지·원자력,일반,20260811
261220,KR7261220008,KODEX WTI원유선물(H),삼성자산운용,0.35,51918750000,23075,22832.16,2016-12-27,원자재,해외,실물(패시브),배당소득세(보유기간과세),S&P GSCI Crude Oil Index ER,글로벌,에너지·원자력,일반,20260811
468380,KR7468380001,KODEX iShares미국하이일드액티브,삼성자산운용,0.15,95679600000,11230,11229.82,2023-10-19,채권,해외,실물(액티브),배당소득세(보유기간과세),ICE BofAML US HY Constrained Index(Total Return),미국,기타,일반,20260811
275290,KR7275290005,KODEX 가치주,삼성자산운용,0.3,28116000000,31240,31243.06,2017-07-11,주식,국내,실물(패시브),비과세,MSCI Korea IMI Enhanced Value Capped,한국,광범위지수,일반,20260811
300950,KR7300950003,KODEX 게임산업,삼성자산운용,0.45,24723000000,6030,6030.98,2018-07-24,주식,국내,실물(패시브),비과세,FnGuide 게임 산업 지수,한국,게임·엔터,일반,20260811
266390,KR7266390004,KODEX 경기소비재,삼성자산운용,0.45,13140000000,14600,14653.6,2017-03-28,주식,국내,실물(패시브),비과세,KRX 경기소비재,한국,소비재,일반,20260811
279530,KR7279530000,KODEX 고배당주,삼성자산운용,0.3,338724000000,17460,17426.26,2017-10-17,주식,국내,실물(패시브),비과세,FnGuide 고배당 Plus 지수,한국,배당주,일반,20260811
280940,KR7280940008,KODEX 골드선물인버스(H),삼성자산운용,0.45,2736000000,3420,3452.54,2017-11-09,원자재,해외,실물(패시브),배당소득세(보유기간과세),S&P GSCI GOLD Index Excess Return,글로벌,원자재·금,일반,20260811
132030,KR7132030008,KODEX 골드선물(H),삼성자산운용,0.68,346155000000,24550,24518.83,2010-10-01,원자재,해외,실물(패시브),배당소득세(보유기간과세),S&P GSCI Gold Index(TR),글로벌,원자재·금,일반,20260811
138910,KR7138910005,KODEX 구리선물(H),삼성자산운용,0.68,33528000000,10160,10120.6,2011-03-15,원자재,해외,실물(패시브),배당소득세(보유기간과세),S&P GSCI North American Copper Index(TR),글로벌,원자재·금,일반,20260811
471230,KR7471230003,KODEX 국고채10년액티브,삼성자산운용,0.015,461783790000,103865,103944.14,2023-11-14,채권,국내,실물(액티브),배당소득세(보유기간과세),KAP 국고채 10년 지수(TR),한국,채권·금리,일반,20260811
439870,KR7439870007,KODEX 국고채30년액티브,삼성자산운용,0.05,402773320000,85660,85806.84,2022-08-23,채권,국내,실물(액티브),배당소득세(보유기간과세),KAP 국고채 30년 총수익 지수,한국,채권·금리,일반,20260811
114260,KR7114260003,KODEX 국고채3년,삼성자산운용,0.15,507543680000,61760,61782.47,2009-07-29,채권,국내,실물(패시브),배당소득세(보유기간과세),MKF 국고채지수(총수익),한국,채권·금리,일반,20260811
292770,KR7292770005,KODEX 국채선물3년인버스,삼성자산운용,0.07,36281700000,57590,57602.68,2018-04-13,채권,국내,실물(패시브),배당소득세(보유기간과세),국채선물지수,한국,채권·금리,일반,20260811
276990,KR7276990009,KODEX 글로벌로봇(합성),삼성자산운용,0.3,48090900000,27170,27136.09,2017-08-17,주식,국내&해외,합성(패시브),배당소득세(보유기간과세),ROBO Global Robotics & Automation UCITS Price Return Index,글로벌,AI·테크,일반,20260811
476070,KR7476070008,KODEX 글로벌비만치료제TOP2 Plus,삼성자산운용,0.45,31819500000,11785,11790.43,2024-02-14,주식,해외,실물(패시브),배당소득세(보유기간과세),iSelect 글로벌 비만치료제TOP2 Plus 지수(PR),글로벌,바이오·헬스케어,일반,20260811
0064K0,KR70064K0003,KODEX 금액티브,삼성자산운용,0.3,155927000000,12940,13017.11,2025-06-17,원자재,해외,실물(액티브),배당소득세(보유기간과세),Bloomberg Gold Spot NY 4pm USD Index,기타,원자재·금,일반,20260811
0089D0,KR70089D0003,KODEX 금융고배당TOP10,삼성자산운용,0.3,215460000000,13300,13263.51,2025-08-12,주식,국내,실물(패시브),비과세,코스피 200 금융 고배당 TOP 10 지수,한국,금융,일반,20260811
498410,KR7498410000,KODEX 금융고배당TOP10타겟위클리커버드콜,삼성자산운용,0.39,806984000000,11920,11867.19,2024-12-17,주식,국내,실물(패시브),배당소득세(보유기간과세),코스피 200 금융 고배당 TOP 10 타겟 15%분배 위클리 커버드콜 지수,한국,금융,커버드콜,20260811
0162M0,KR70162M0002,KODEX 금융채1~2년(AA-이상)PLUS액티브,삼성자산운용,0.09,459932400000,10040,10053.85,2026-02-26,채권,국내,실물(액티브),배당소득세(보유기간과세),KAP 금융채 1-2년 총수익 지수,한국,금융,일반,20260811
102960,KR7102960002,KODEX 기계장비,삼성자산운용,0.45,14516700000,13695,13664.39,2008-05-29,주식,국내,실물(패시브),비과세,KRX 기계장비,한국,조선·기계,일반,20260811
404260,KR7404260002,KODEX 기후변화솔루션,삼성자산운용,0.09,20367000000,22630,22761.29,2021-10-29,주식,국내,실물(패시브),비과세,KRX 기후변화 솔루션지수,한국,기타,일반,20260811
273140,KR7273140004,KODEX 단기변동금리부채권액티브,삼성자산운용,0.15,278546790000,114770,114770.39,2017-06-29,채권,국내,실물(액티브),배당소득세(보유기간과세),KAP 단기변동금리부은행채권지수,한국,금융,일반,20260811
487950,KR7487950008,KODEX 대만테크고배당다우존스,삼성자산운용,0.45,18871750000,13015,13040.49,2024-07-23,주식,해외,실물(패시브),배당소득세(보유기간과세),Dow Jones Taiwan Technology Dividend 30 Index(TWD)(PR),미국,AI·테크,일반,20260811
445290,KR7445290000,KODEX 로봇액티브,삼성자산운용,0.5,1092750000000,31000,31036.35,2022-11-15,주식,국내,실물(액티브),배당소득세(보유기간과세),iSelect K-로봇테마 지수,한국,AI·테크,일반,20260811
488770,KR7488770009,KODEX 머니마켓액티브,삼성자산운용,0.05,8080343535000,105195,105190.17,2024-08-06,채권,국내,실물(액티브),배당소득세(보유기간과세),KAP MMF 지수(TR),한국,채권·금리,일반,20260811
337120,KR7337120000,KODEX 멀티팩터,삼성자산운용,0.3,19176000000,31960,31850.81,2019-11-14,주식,국내,실물(패시브),비과세,FnGuide 멀티팩터 지수,한국,기타,일반,20260811
401470,KR7401470000,KODEX 메타버스액티브,삼성자산운용,0.5,58845500000,9890,9927.96,2021-10-13,주식,국내,실물(액티브),배당소득세(보유기간과세),FnGuide K-메타버스 지수,한국,AI·테크,일반,20260811
244620,KR7244620001,KODEX 모멘텀Plus,삼성자산운용,0.3,13874000000,19820,19754.36,2016-05-13,주식,국내,실물(패시브),비과세,FnGuide 모멘텀 Plus 지수,한국,기타,일반,20260811
275280,KR7275280006,KODEX 모멘텀주,삼성자산운용,0.3,34695000000,38550,38733.15,2017-07-11,주식,국내,실물(패시브),비과세,MSCI Korea IMI Momentum Capped,한국,광범위지수,일반,20260811
308620,KR7308620004,KODEX 미국10년국채선물,삼성자산운용,0.09,95620500000,11805,11835.54,2018-10-19,채권,해외,실물(패시브),배당소득세(보유기간과세),S&P 10-Year U.S. Treasury Note Futures KRW(ER),미국,채권·금리,일반,20260811
0091C0,KR70091C0000,KODEX 미국10년국채액티브(H),삼성자산운용,0.15,190936900000,9590,9599.96,2025-08-19,채권,해외,실물(액티브),배당소득세(보유기간과세),KAP 미국 국채 10년 지수(총수익),미국,채권·금리,일반,20260811
484790,KR7484790001,KODEX 미국30년국채액티브(H),삼성자산운용,0.015,592483050000,8205,8221.26,2024-06-18,채권,해외,실물(액티브),배당소득세(보유기간과세),KEDI-KAP 미국 국채 20+ 지수(TR),미국,채권·금리,일반,20260811
304670,KR7304670003,KODEX 미국30년국채울트라선물인버스(H),삼성자산운용,0.3,7461000000,12435,12405.18,2018-09-12,채권,해외,실물(패시브),배당소득세(보유기간과세),S&P Ultra T-Bond Futures Index(ER),기타,채권·금리,일반,20260811
304660,KR7304660004,KODEX 미국30년국채울트라선물(H),삼성자산운용,0.3,134292000000,7220,7249.73,2018-09-12,채권,해외,실물(패시브),배당소득세(보유기간과세),S&P Ultra T-Bond Futures Index(ER),기타,채권·금리,일반,20260811
481060,KR7481060002,KODEX 미국30년국채타겟커버드콜(합성 H),삼성자산운용,0.25,770929750000,7445,7476.36,2024-04-30,채권,해외,합성(패시브),배당소득세(보유기간과세),Bloomberg U.S.Treasury 20+ Year(TLT)+ 12% Premium Covered Call index(TR),미국,채권·금리,커버드콜,20260811
0173Y0,KR70173Y0005,KODEX 미국AI광통신네트워크,삼성자산운용,0.55,402398000000,11630,11573.84,2026-03-31,주식,해외,실물(패시브),배당소득세(보유기간과세),Akros 미국 AI 광통신 및 네트워크 인프라 지수(PR),미국,AI·테크,일반,20260811
0151S0,KR70151S0009,KODEX 미국AI반도체TOP3플러스,삼성자산운용,0.49,217813000000,15670,15587.42,2026-01-13,주식,해외,실물(패시브),배당소득세(보유기간과세),Akros 미국 AI 반도체 Top 3 플러스 지수 (Price Return),미국,반도체,일반,20260811
0041D0,KR70041D0000,KODEX 미국AI소프트웨어TOP10,삼성자산운용,0.45,51000000000,13600,13638.47,2025-04-22,주식,해외,실물(패시브),배당소득세(보유기간과세),iSelect 미국 AI 소프트웨어 TOP10 지수(PR),미국,AI·테크,일반,20260811
487230,KR7487230005,KODEX 미국AI전력핵심인프라,삼성자산운용,0.45,1536579000000,20570,20447.86,2024-07-09,주식,해외,실물(패시브),배당소득세(보유기간과세),iSelect 미국AI전력핵심인프라 지수(Price Return),미국,AI·테크,일반,20260811
485540,KR7485540009,KODEX 미국AI테크TOP10,삼성자산운용,0.3,315386500000,15730,15703.07,2024-06-25,주식,해외,실물(패시브),배당소득세(보유기간과세),KEDI 미국AI테크 TOP10 지수(PR),미국,AI·테크,일반,20260811
483280,KR7483280004,KODEX 미국AI테크TOP10타겟커버드콜,삼성자산운용,0.39,484029000000,12285,12254.52,2024-05-28,주식,해외,실물(패시브),배당소득세(보유기간과세),KEDI 미국 AI 테크 TOP10+15%프리미엄 지수(Total Return),미국,AI·테크,일반,20260811
0225V0,KR70225V0006,KODEX 미국CPU반도체TOP10,삼성자산운용,0.55,74165000000,10595,10546.08,2026-08-04,주식,해외,실물(패시브),배당소득세(보유기간과세),Indxx US CPU Semiconductor TOP 10 Index (Price Return),미국,반도체,일반,20260811
428560,KR7428560007,KODEX 미국ETF산업Top10 Indxx,삼성자산운용,0.5,12824000000,16030,16144.94,2022-05-17,주식,해외,실물(패시브),배당소득세(보유기간과세),Indxx US ETF Industry Top10 Index(Price Return),미국,기타,일반,20260811
379800,KR7379800006,KODEX 미국S&P500,삼성자산운용,0.006,10127319000000,24740,24726.37,2021-04-09,주식,해외,실물(패시브),배당소득세(보유기간과세),S&P 500,미국,광범위지수,일반,20260811
453660,KR7453660003,KODEX 미국S&P500경기소비재,삼성자산운용,0.25,12771500000,18245,18293.0,2023-03-21,주식,해외,실물(패시브),배당소득세(보유기간과세),S&P Consumer Discretionary Select Sector Index(Price Return),기타,소비재,일반,20260811
453650,KR7453650004,KODEX 미국S&P500금융,삼성자산운용,0.25,45011250000,20005,20028.11,2023-03-21,주식,해외,실물(패시브),배당소득세(보유기간과세),S&P Financial Select Sector Index(Price Return),기타,금융,일반,20260811
0005A0,KR70005A0007,KODEX 미국S&P500데일리커버드콜OTM,삼성자산운용,0.25,195228000000,9860,9821.2,2025-01-07,주식,해외,실물(패시브),배당소득세(보유기간과세),S&P 500 Covered Call 1% OTM Daily Index(TR),미국,광범위지수,커버드콜,20260811
276970,KR7276970001,KODEX 미국S&P500배당귀족커버드콜(합성 H),삼성자산운용,0.3,36707000000,7810,7935.96,2017-08-10,주식,해외,합성(패시브),배당소득세(보유기간과세),S&P500 Dividend Aristocrats Covered Call(7.2% Premium) Index,미국,배당주,커버드콜,20260811
0026E0,KR70026E0008,KODEX 미국S&P500버퍼3월액티브,삼성자산운용,0.39,22015000000,11900,12011.27,2025-03-25,주식,해외,실물(액티브),배당소득세(보유기간과세),S&P500 10% Buffered Index March Series (USD) TR,미국,광범위지수,일반,20260811
0068M0,KR70068M0007,KODEX 미국S&P500버퍼6월액티브,삼성자산운용,0.39,10890000000,12100,12157.21,2025-06-24,주식,해외,실물(액티브),배당소득세(보유기간과세),S&P500 10% Buffered Index June Series (USD) TR,미국,광범위지수,일반,20260811
0089C0,KR70089C0004,KODEX 미국S&P500변동성확대시커버드콜,삼성자산운용,0.39,58850000000,11770,11835.06,2025-08-12,주식,해외,실물(패시브),배당소득세(보유기간과세),Cboe S&P 500 Volatility Contingent Daily Covered Call Index(Total Retrun),미국,광범위지수,커버드콜,20260811
200030,KR7200030005,KODEX 미국S&P500산업재(합성),삼성자산운용,0.25,50743080000,44985,45120.58,2014-06-12,주식,해외,합성(패시브),배당소득세(보유기간과세),S&P Select Sector Industrial Index,기타,기타,일반,20260811
0041E0,KR70041E0009,KODEX 미국S&P500액티브,삼성자산운용,0.45,140448000000,16720,16691.14,2025-04-22,주식,해외,실물(액티브),배당소득세(보유기간과세),S&P 500,미국,광범위지수,일반,20260811
218420,KR7218420008,KODEX 미국S&P500에너지(합성),삼성자산운용,0.25,48362100000,19780,19868.02,2015-04-28,주식,해외,합성(패시브),배당소득세(보유기간과세),S&P Select Sector Energy Index,기타,에너지·원자력,일반,20260811
463640,KR7463640003,KODEX 미국S&P500유틸리티,삼성자산운용,0.25,11360000000,14200,14125.56,2023-08-01,주식,해외,실물(패시브),배당소득세(보유기간과세),S&P Utilities Select Sector Index(Price Return),기타,에너지·원자력,일반,20260811
449180,KR7449180009,KODEX 미국S&P500(H),삼성자산운용,0.009,1004270000000,17315,17305.18,2022-12-02,주식,해외,실물(패시브),배당소득세(보유기간과세),S&P 500,미국,광범위지수,일반,20260811
463690,KR7463690008,KODEX 미국S&P500커뮤니케이션,삼성자산운용,0.25,10109000000,18380,18309.32,2023-08-01,주식,해외,실물(패시브),배당소득세(보유기간과세),S&P Communication Services Select Sector Index(Price Return),기타,기타,일반,20260811
463680,KR7463680009,KODEX 미국S&P500테크놀로지,삼성자산운용,0.25,130430250000,23085,22782.35,2023-08-01,주식,해외,실물(패시브),배당소득세(보유기간과세),S&P Technology Select Sector Index(Price Return),기타,AI·테크,일반,20260811
453630,KR7453630006,KODEX 미국S&P500필수소비재,삼성자산운용,0.25,16490500000,12685,12694.16,2023-03-21,주식,해외,실물(패시브),배당소득세(보유기간과세),S&P Consumer Staples Select Sector Index(Price Return),기타,소비재,일반,20260811
453640,KR7453640005,KODEX 미국S&P500헬스케어,삼성자산운용,0.25,61941500000,14405,14407.46,2023-03-21,주식,해외,실물(패시브),배당소득세(보유기간과세),S&P Health Care Select Sector Index(Price Return),기타,바이오·헬스케어,일반,20260811
0028X0,KR70028X0003,KODEX 미국금융테크액티브,삼성자산운용,0.45,13961000000,12140,12188.04,2025-05-27,주식,해외,실물(액티브),배당소득세(보유기간과세),iSelect 미국 차세대 파이낸셜 테크 지수(시장가격),미국,AI·테크,일반,20260811
379810,KR7379810005,KODEX 미국나스닥100,삼성자산운용,0.006,9309650000000,27790,27750.31,2021-04-09,주식,해외,실물(패시브),배당소득세(보유기간과세),NASDAQ 100,미국,광범위지수,일반,20260811
494300,KR7494300007,KODEX 미국나스닥100데일리커버드콜OTM,삼성자산운용,0.25,994449000000,9435,9422.02,2024-10-22,주식,해외,실물(패시브),배당소득세(보유기간과세),NASDAQ-100 Daily Covered Call 101 Index(TR),미국,기타,커버드콜,20260811
409820,KR7409820008,KODEX 미국나스닥100레버리지(합성 H),삼성자산운용,0.3,261741000000,20290,20220.29,2021-12-09,주식,해외,합성(패시브),배당소득세(보유기간과세),NASDAQ 100,미국,광범위지수,일반,20260811
409810,KR7409810009,KODEX 미국나스닥100선물인버스(H),삼성자산운용,0.3,11244250000,5485,5495.17,2021-12-09,주식,해외,실물(패시브),배당소득세(보유기간과세),NASDAQ 100,미국,광범위지수,일반,20260811
304940,KR7304940000,KODEX 미국나스닥100선물(H),삼성자산운용,0.05,114362500000,32675,32612.46,2018-08-30,주식,해외,실물(패시브),배당소득세(보유기간과세),NASDAQ 100,미국,광범위지수,일반,20260811
449190,KR7449190008,KODEX 미국나스닥100(H),삼성자산운용,0.009,569415000000,22330,22301.79,2022-12-02,주식,해외,실물(패시브),배당소득세(보유기간과세),NASDAQ 100,미국,광범위지수,일반,20260811
411420,KR7411420003,KODEX 미국나스닥AI테크액티브,삼성자산운용,0.5,129015000000,27450,27363.06,2021-12-22,주식,해외,실물(액티브),배당소득세(보유기간과세),Nasdaq CB Insights Metaverse US Index (Price Return),미국,기타,일반,20260811
455030,KR7455030007,KODEX 미국달러SOFR금리액티브(합성),삼성자산운용,0.15,649465600000,12160,12157.42,2023-04-04,기타,해외,합성(액티브),배당소득세(보유기간과세),Bloomberg SOFR Daily Total Return Index,미국,채권·금리,일반,20260811
261250,KR7261250005,KODEX 미국달러선물레버리지,삼성자산운용,0.45,27245450000,16715,16745.22,2016-12-27,통화,국내,실물(패시브),배당소득세(보유기간과세),미국달러선물지수,한국,기타,일반,20260811
261260,KR7261260004,KODEX 미국달러선물인버스2X,삼성자산운용,0.45,236647250000,5075,5079.0,2016-12-27,통화,국내,실물(패시브),배당소득세(보유기간과세),미국달러선물지수,한국,기타,일반,20260811
261270,KR7261270003,KODEX 미국달러선물인버스,삼성자산운용,0.45,108319400000,7895,7892.72,2016-12-27,통화,국내,실물(패시브),배당소득세(보유기간과세),미국달러선물지수,한국,기타,일반,20260811
261240,KR7261240006,KODEX 미국달러선물,삼성자산운용,0.25,59150250000,14605,14623.61,2016-12-27,통화,국내,실물(패시브),배당소득세(보유기간과세),미국달러선물지수,한국,기타,일반,20260811
0144M0,KR70144M0005,KODEX 미국드론UAM TOP10,삼성자산운용,0.49,24524250000,8605,8632.52,2025-12-23,주식,해외,실물(패시브),배당소득세(보유기간과세),iSelect 미국드론UAM TOP10 지수(Price Return),미국,기타,일반,20260811
280930,KR7280930009,KODEX 미국러셀2000(H),삼성자산운용,0.45,23933000000,17095,17064.89,2017-11-09,주식,해외,실물(패시브),배당소득세(보유기간과세),FTSE Russell 2000 Index,미국,기타,일반,20260811
0048J0,KR70048J0007,KODEX 미국머니마켓액티브,삼성자산운용,0.05,771716445000,14155,14147.4,2025-05-13,채권,해외,실물(액티브),배당소득세(보유기간과세),KAP 미국 머니마켓 지수,미국,기타,일반,20260811
390390,KR7390390003,KODEX 미국반도체,삼성자산운용,0.09,1322998000000,55240,54848.33,2021-06-30,주식,해외,실물(패시브),배당소득세(보유기간과세),MVIS US Listed Semiconductor 25 Index,미국,반도체,일반,20260811
489250,KR7489250001,KODEX 미국배당다우존스,삼성자산운용,0.009,587400000000,13200,13216.88,2024-08-13,주식,해외,실물(패시브),배당소득세(보유기간과세),Dow Jones U.S. Dividend 100 Price Return Index,미국,배당주,일반,20260811
483290,KR7483290003,KODEX 미국배당다우존스타겟커버드콜,삼성자산운용,0.39,174549000000,10515,10538.03,2024-05-28,주식,해외,실물(패시브),배당소득세(보유기간과세),Dow Jones U.S. Dividend 100 10% Premium Covered Call Index(Total Return),미국,배당주,커버드콜,20260811
441640,KR7441640000,KODEX 미국배당커버드콜액티브,삼성자산운용,0.19,1691882500000,13090,13092.83,2022-09-27,주식,해외,실물(액티브),배당소득세(보유기간과세),S&P 500,미국,광범위지수,일반,20260811
352560,KR7352560007,KODEX 미국부동산리츠(H),삼성자산운용,0.09,35097750000,12315,12363.85,2020-05-13,부동산,해외,실물(패시브),배당소득세(분리과세부동산ETF),Dow Jones U.S. Real Estate PR Index,미국,리츠·부동산,일반,20260811
314250,KR7314250002,KODEX 미국빅테크10(H),삼성자산운용,0.45,673993000000,62990,62903.58,2019-01-10,주식,해외,실물(패시브),배당소득세(보유기간과세),NYSE U.S. Big TECH 10 INDEX,미국,AI·테크,일반,20260811
473460,KR7473460004,KODEX 미국서학개미,삼성자산운용,0.25,183261000000,23495,23436.59,2023-12-27,주식,해외,실물(패시브),배당소득세(보유기간과세),iSelect 서학개미 지수(PR),기타,기타,일반,20260811
0144L0,KR70144L0006,KODEX 미국성장커버드콜액티브,삼성자산운용,0.49,357384500000,9955,9960.86,2025-12-23,주식,해외,실물(액티브),배당소득세(보유기간과세),NASDAQ 100,미국,광범위지수,일반,20260811
390400,KR7390400000,KODEX 미국스마트모빌리티S&P,삼성자산운용,0.09,7700000000,7700,7743.82,2021-06-30,주식,해외,실물(패시브),배당소득세(보유기간과세),S&P Kensho Smart Transportation,기타,기타,일반,20260811
0167Z0,KR70167Z0002,KODEX 미국우주항공,삼성자산운용,0.55,385612500000,8475,8661.72,2026-03-17,주식,해외,실물(패시브),배당소득세(보유기간과세),iSelect 미국우주항공지수(Price Return),미국,방산·우주,일반,20260811
0132H0,KR70132H0006,KODEX 미국원자력SMR,삼성자산운용,0.45,51261250000,8915,8920.07,2025-11-25,주식,해외,실물(패시브),배당소득세(보유기간과세),iSelect 미국원자력SMR 지수(Price Return),미국,에너지·원자력,일반,20260811
437080,KR7437080005,KODEX 미국종합채권ESG액티브(H),삼성자산운용,0.18,231166125000,96925,96905.3,2022-08-09,채권,해외,실물(액티브),배당소득세(보유기간과세),Bloomberg MSCI US Aggregate 2bn ex Securitized SRI Capped Index(Total Return),미국,광범위지수,일반,20260811
419420,KR7419420005,KODEX 미국클린에너지나스닥,삼성자산운용,0.45,11682000000,9735,9693.22,2022-03-22,주식,해외,실물(패시브),배당소득세(보유기간과세),Nasdaq Clean Edge Green Energy Index (Price Return),미국,에너지·원자력,일반,20260811
491090,KR7491090007,KODEX 미국테크TOP3플러스,삼성자산운용,0.3,33156000000,18420,18400.16,2024-09-10,주식,해외,실물(패시브),배당소득세(보유기간과세),KEDI 미국테크TOP3플러스 지수(Price Return),미국,AI·테크,일반,20260811
0038A0,KR70038A0008,KODEX 미국휴머노이드로봇,삼성자산운용,0.45,299965500000,15705,15673.77,2025-04-15,주식,해외,실물(패시브),배당소득세(보유기간과세),iSelect 미국 휴머노이드 로봇 지수(Price Return),미국,AI·테크,일반,20260811
244580,KR7244580007,KODEX 바이오,삼성자산운용,0.45,243680400000,9315,9290.58,2016-05-13,주식,국내,실물(패시브),비과세,FnGuide 바이오 지수,한국,바이오·헬스케어,일반,20260811
091160,KR7091160002,KODEX 반도체,삼성자산운용,0.45,5102952000000,114160,114109.1,2006-06-27,주식,국내,실물(패시브),비과세,KRX 반도체,한국,반도체,일반,20260811
494310,KR7494310006,KODEX 반도체레버리지,삼성자산운용,0.49,853580000000,63700,63692.55,2024-10-22,주식,국내,실물(패시브),배당소득세(보유기간과세),KRX 반도체,한국,반도체,일반,20260811
0190G0,KR70190G0006,KODEX 반도체타겟위클리커버드콜,삼성자산운용,0.45,158683500000,8055,8036.29,2026-05-12,주식,국내,실물(패시브),배당소득세(보유기간과세),KRX 반도체 타겟 9% 분배 위클리 커버드콜 지수,한국,반도체,커버드콜,20260811
0100K0,KR70100K0009,KODEX 방산TOP10레버리지,삼성자산운용,0.64,39368000000,7030,7036.81,2025-09-16,주식,국내,실물(패시브),배당소득세(보유기간과세),iSelect 방산 TOP10 지수(Price Return),한국,방산·우주,일반,20260811
0080G0,KR70080G0009,KODEX 방산TOP10,삼성자산운용,0.45,366690000000,10785,10782.41,2025-07-15,주식,국내,실물(패시브),비과세,iSelect 방산 TOP10 지수(Price Return),한국,방산·우주,일반,20260811
325020,KR7325020006,KODEX 배당가치,삼성자산운용,0.3,90272000000,29120,29039.3,2019-05-31,주식,국내,실물(패시브),비과세,FnGuide SLV 배당가치 지수,한국,배당주,일반,20260811
244670,KR7244670006,KODEX 밸류Plus,삼성자산운용,0.3,7065000000,11775,11789.96,2016-05-13,주식,국내,실물(패시브),비과세,FnGuide 벨류 Plus 지수,한국,기타,일반,20260811
102780,KR7102780004,KODEX 삼성그룹,삼성자산운용,0.25,3175672500000,24675,24647.38,2008-05-21,주식,국내,실물(패시브),비과세,삼성그룹,한국,기타,일반,20260811
0177N0,KR70177N0004,KODEX 삼성전자SK하이닉스채권혼합50,삼성자산운용,0.07,1411865000000,13195,13210.51,2026-04-07,혼합자산,국내,실물(패시브),배당소득세(보유기간과세),Wise 삼성전자 SK하이닉스 채권혼합 지수,한국,개별종목,혼합,20260811
0193W0,KR70193W0003,KODEX 삼성전자단일종목레버리지,삼성자산운용,0.29,1476020000000,10400,10380.17,2026-05-27,주식,국내,실물(패시브),배당소득세(보유기간과세),KRX 삼성전자 지수,한국,개별종목,일반,20260811
448330,KR7448330001,KODEX 삼성전자채권혼합,삼성자산운용,0.07,1234065000000,16905,16911.78,2022-11-29,혼합자산,국내,실물(패시브),배당소득세(보유기간과세),Wise 삼성전자채권혼합 지수,한국,개별종목,혼합,20260811
325010,KR7325010007,KODEX 성장주,삼성자산운용,0.3,119055000000,39685,39828.62,2019-05-31,주식,국내,실물(패시브),비과세,FnGuide 성장 지수(PR),한국,기타,일반,20260811
385510,KR7385510003,KODEX 신재생에너지액티브,삼성자산운용,0.5,316590250000,37915,37847.66,2021-05-25,주식,국내,실물(액티브),배당소득세(보유기간과세),FnGuide K-신재생에너지 플러스 지수,한국,에너지·원자력,일반,20260811
446690,KR7446690000,KODEX 아시아AI반도체exChina액티브,삼성자산운용,0.5,29270000000,58540,58478.28,2023-02-01,주식,해외,실물(액티브),배당소득세(보유기간과세),iSelect 아시아반도체 제조동맹 지수(시장가격),기타,반도체,일반,20260811
437070,KR7437070006,KODEX 아시아달러채권ESG플러스액티브,삼성자산운용,0.18,38375040000,60720,60722.84,2022-08-09,채권,해외,실물(액티브),배당소득세(보유기간과세),Bloomberg MSCI EM Asia Investment Grade Credit SRI Index(Total Return),신흥국,채권·금리,일반,20260811
275300,KR7275300002,KODEX 우량주,삼성자산운용,0.3,47353500000,27855,27752.78,2017-07-11,주식,국내,실물(패시브),비과세,MSCI Korea IMI Quality Capped,한국,광범위지수,일반,20260811
0098F0,KR70098F0000,KODEX 원자력SMR,삼성자산운용,0.45,264654000000,15210,15192.54,2025-09-16,주식,국내,실물(패시브),비과세,iSelect 원자력SMR 지수(Price Return),한국,에너지·원자력,일반,20260811
395150,KR7395150006,KODEX 웹툰&드라마,삼성자산운용,0.45,9494400000,1978,1978.01,2021-07-30,주식,국내,실물(패시브),비과세,FnGuide 웹툰&드라마 지수,한국,기타,일반,20260811
456250,KR7456250000,KODEX 유럽명품TOP10 STOXX,삼성자산운용,0.45,11040000000,9600,9602.0,2023-04-25,주식,해외,실물(패시브),배당소득세(보유기간과세),STOXX Europe Luxury 10 Index(Price Return),유럽,기타,일반,20260811
400570,KR7400570008,KODEX 유럽탄소배출권선물ICE(H),삼성자산운용,0.64,12397000000,11270,11332.21,2021-09-30,기타,해외,실물(패시브),배당소득세(보유기간과세),ICE EUA Carbon Futures Index(Excess Return),기타,기타,일반,20260811
144600,KR7144600004,KODEX 은선물(H),삼성자산운용,0.68,778850000000,10525,10617.94,2011-07-18,원자재,해외,실물(패시브),배당소득세(보유기간과세),S&P GSCI Silver Index(TR),글로벌,원자재·금,일반,20260811
091170,KR7091170001,KODEX 은행,삼성자산운용,0.3,282315000000,15950,15917.96,2006-06-27,주식,국내,실물(패시브),비과세,KRX 은행,한국,금융,일반,20260811
453820,KR7453820003,KODEX 인도Nifty50레버리지(합성),삼성자산운용,0.39,16191500000,12455,12563.96,2023-04-21,주식,해외,합성(패시브),배당소득세(보유기간과세),Nifty 50 Index,인도,광범위지수,일반,20260811
453810,KR7453810004,KODEX 인도Nifty50,삼성자산운용,0.19,360972000000,12195,12306.86,2023-04-21,주식,해외,실물(패시브),배당소득세(보유기간과세),Nifty 50 Index,인도,광범위지수,일반,20260811
0000H0,KR70000H0005,KODEX 인도Nifty미드캡100,삼성자산운용,0.45,12391250000,10775,10844.33,2025-04-08,주식,해외,실물(패시브),배당소득세(보유기간과세),Nifty Midcap 100 Index(PR),인도,광범위지수,일반,20260811
477730,KR7477730006,KODEX 인도타타그룹,삼성자산운용,0.45,23775000000,7925,7975.02,2024-05-08,주식,해외,실물(패시브),배당소득세(보유기간과세),Nifty India Corporate Group Index - Tata Group 25% Cap(PR),인도,채권·금리,일반,20260811
352540,KR7352540009,KODEX 일본부동산리츠(H),삼성자산운용,0.3,38607000000,11355,11392.31,2020-05-13,부동산,해외,실물(패시브),배당소득세(분리과세부동산ETF),Tokyo Stock Exchange REIT Index,기타,리츠·부동산,일반,20260811
091180,KR7091180000,KODEX 자동차,삼성자산운용,0.45,416028750000,29195,29186.11,2006-06-27,주식,국내,실물(패시브),비과세,KRX 자동차,한국,자동차,일반,20260811
385520,KR7385520002,KODEX 자율주행액티브,삼성자산운용,0.5,33722750000,15685,15781.14,2021-05-25,주식,국내,실물(액티브),배당소득세(보유기간과세),FnGuide K-미래차 지수,한국,기타,일반,20260811
363570,KR7363570003,KODEX 장기종합채권(AA-이상)액티브,삼성자산운용,0.045,233049600000,85680,85862.75,2020-09-25,채권,국내,실물(액티브),배당소득세(보유기간과세),"KAP 한국장기종합채권지수(AA-이상, 총수익)",한국,채권·금리,일반,20260811
433970,KR7433970001,KODEX TDF2030액티브 적격,삼성자산운용,0.2,92944500000,14190,14132.0,2022-06-30,혼합자산,국내&해외,실물(액티브),배당소득세(보유기간과세),Samsung Korea Target Date 2030 Index (Price Return),국내+해외,자산배분·TDF,일반,20260811
433980,KR7433980000,KODEX TDF2040액티브 적격,삼성자산운용,0.25,188205750000,16155,16110.87,2022-06-30,혼합자산,국내&해외,실물(액티브),배당소득세(보유기간과세),Samsung Korea Target Date 2040 Index (Price Return),국내+해외,자산배분·TDF,일반,20260811
434060,KR7434060000,KODEX TDF2050액티브 적격,삼성자산운용,0.3,633880000000,17225,17128.15,2022-06-30,혼합자산,국내&해외,실물(액티브),배당소득세(보유기간과세),Samsung Korea Target Date 2050 Index (Price Return),국내+해외,자산배분·TDF,일반,20260811
0082V0,KR70082V0008,KODEX TDF2060액티브 적격,삼성자산운용,0.3,184976250000,11525,11470.74,2025-07-22,혼합자산,국내&해외,실물(액티브),배당소득세(보유기간과세),Samsung Korea Target Date 2060 Index,국내+해외,자산배분·TDF,일반,20260811
0209D0,KR70209D0008,KODEX 전고체배터리ESS TOP2플러스,삼성자산운용,0.5,99459000000,7740,7745.59,2026-06-23,주식,국내,실물(패시브),비과세,Akros 한국 전고체 배터리 ESS TOP2 플러스 지수(Price Return),한국,2차전지,일반,20260811
0115D0,KR70115D0001,KODEX 조선TOP10,삼성자산운용,0.45,208661000000,8215,8194.32,2025-10-28,주식,국내,실물(패시브),비과세,KRX 조선 TOP10,한국,조선·기계,일반,20260811
273130,KR7273130005,KODEX 종합채권(AA-이상)액티브,삼성자산운용,0.045,3385540290000,109490,109584.56,2017-06-29,채권,국내,실물(액티브),배당소득세(보유기간과세),KAP 한국종합채권지수,한국,채권·금리,일반,20260811
0153K0,KR70153K0005,KODEX 주주환원고배당주,삼성자산운용,0.33,150367500000,12225,12201.2,2026-01-20,주식,국내,실물(패시브),비과세,Akros 주주환원 고배당 지수 (Price Return),한국,배당주,일반,20260811
102970,KR7102970001,KODEX 증권,삼성자산운용,0.45,739350000000,19080,19102.62,2008-05-29,주식,국내,실물(패시브),비과세,KRX 증권,한국,금융,일반,20260811
419430,KR7419430004,KODEX 차이나2차전지MSCI(합성),삼성자산운용,0.25,28098000000,10035,10256.64,2022-03-22,주식,해외,합성(패시브),배당소득세(보유기간과세),MSCI China all shares IMI Select Batteries Index(Price Return),중국,2차전지,일반,20260811
0162L0,KR70162L0003,KODEX 차이나AI반도체TOP10,삼성자산운용,0.55,86751000000,13770,13844.68,2026-02-26,주식,해외,실물(패시브),배당소득세(보유기간과세),Indxx China AI Semiconductor Top 10 Index (Price Return),중국,반도체,일반,20260811
428510,KR7428510002,KODEX 차이나AI테크액티브,삼성자산운용,0.5,55396000000,25180,25105.11,2022-05-17,주식,해외,실물(액티브),배당소득세(보유기간과세),Bloomberg China Media & Tech Index PR,중국,AI·테크,일반,20260811
283580,KR7283580009,KODEX 차이나CSI300,삼성자산운용,0.12,263652750000,15835,15941.26,2017-12-13,주식,해외,실물(패시브),배당소득세(해외주식투자전용ETF),CSI 300 Index,중국,광범위지수,일반,20260811
169950,KR7169950003,KODEX 차이나A50,삼성자산운용,0.12,21068000000,26335,26717.68,2013-01-21,주식,해외,실물(패시브),배당소득세(해외주식투자전용ETF),FTSE China A50 Index,중국,기타,일반,20260811
204450,KR7204450001,KODEX 차이나H레버리지(H),삼성자산운용,0.64,23937000000,2370,2436.95,2014-09-12,주식,해외,실물(패시브),배당소득세(보유기간과세),Hang Seng China H,중국,기타,일반,20260811
099140,KR7099140006,KODEX 차이나H,삼성자산운용,0.12,34293750000,22125,22281.11,2007-10-10,주식,해외,실물(패시브),배당소득세(해외주식투자전용ETF),Hang Seng China H,중국,기타,일반,20260811
415340,KR7415340009,KODEX 차이나과창판STAR50(합성),삼성자산운용,0.09,31381200000,15160,15334.11,2022-01-13,주식,해외,합성(패시브),배당소득세(보유기간과세),STAR 50 Index(Price Return),기타,기타,일반,20260811
256750,KR7256750001,KODEX 차이나심천ChiNext(합성),삼성자산운용,0.47,50259370000,16430,16333.81,2016-11-08,주식,해외,합성(패시브),배당소득세(보유기간과세),SZSE ChiNext Price Index,기타,기타,일반,20260811
0065G0,KR70065G0008,KODEX 차이나테크TOP10,삼성자산운용,0.45,24301500000,9530,9722.01,2025-06-17,주식,해외,실물(패시브),배당소득세(보유기간과세),Hang Seng China Tech Top 10 Select Index (HKD) (Price Return),중국,AI·테크,일반,20260811
372330,KR7372330001,KODEX 차이나항셍테크,삼성자산운용,0.12,123255000000,7470,7597.6,2020-12-16,주식,해외,실물(패시브),배당소득세(보유기간과세),Hang Seng TECH Index,중국,AI·테크,일반,20260811
0048K0,KR70048K0004,KODEX 차이나휴머노이드로봇,삼성자산운용,0.45,160480000000,9440,9200.4,2025-05-13,주식,해외,실물(패시브),배당소득세(보유기간과세),Solactive China Humanoid Robotics Index (CNH) (Price Return),중국,AI·테크,일반,20260811
279540,KR7279540009,KODEX 최소변동성,삼성자산운용,0.3,12243000000,20405,20366.37,2017-10-17,주식,국내,실물(패시브),비과세,KRX 최소변동성지수,한국,기타,일반,20260811
445150,KR7445150006,KODEX 친환경조선해운액티브,삼성자산운용,0.5,54158750000,29275,29155.15,2022-11-15,주식,국내,실물(액티브),배당소득세(보유기간과세),FnGuide K-친환경 선박 지수,한국,기타,일반,20260811
211900,KR7211900006,KODEX 코리아배당성장,삼성자산운용,0.15,94033500000,28495,28447.08,2014-12-17,주식,국내,실물(패시브),비과세,코스피 배당성장 50,한국,배당주,일반,20260811
237370,KR7237370002,KODEX 코리아배당성장채권혼합,삼성자산운용,0.19,164424000000,15810,15807.87,2016-01-27,혼합자산,국내,실물(패시브),배당소득세(보유기간과세),배당성장채권혼합지수,한국,채권·금리,혼합,20260811
495850,KR7495850000,KODEX 코리아밸류업,삼성자산운용,0.008,638518500000,30190,30185.6,2024-11-04,주식,국내,실물(패시브),비과세,코리아 밸류업 지수,한국,배당주,일반,20260811
0115E0,KR70115E0000,KODEX 코리아소버린AI,삼성자산운용,0.45,65136000000,14160,14120.01,2025-10-21,주식,국내,실물(패시브),비과세,KRX 코리아 소버린 AI 지수,한국,AI·테크,일반,20260811
373490,KR7373490002,KODEX 코리아혁신성장액티브,삼성자산운용,0.5,13530000000,24600,24641.16,2020-12-24,주식,국내,실물(액티브),배당소득세(보유기간과세),FnGuide K-이노베이션 지수,한국,기타,일반,20260811
229200,KR7229200001,KODEX 코스닥150,삼성자산운용,0.25,5308237000000,14780,14752.16,2015-10-01,주식,국내,실물(패시브),비과세,코스닥 150,한국,광범위지수,일반,20260811
233740,KR7233740000,KODEX 코스닥150레버리지,삼성자산운용,0.64,4060225000000,7750,7748.82,2015-12-17,주식,국내,실물(패시브),배당소득세(보유기간과세),코스닥 150,한국,광범위지수,일반,20260811
360150,KR7360150007,KODEX 코스닥150롱코스피200숏선물,삼성자산운용,0.64,14719000000,3590,3607.0,2020-08-21,주식,국내,실물(패시브),배당소득세(보유기간과세),코스닥150 롱 100% 코스피200 숏 100% 선물지수,한국,광범위지수,일반,20260811
251340,KR7251340006,KODEX 코스닥150선물인버스,삼성자산운용,0.64,118016000000,2305,2334.41,2016-08-10,주식,국내,실물(패시브),배당소득세(보유기간과세),F-코스닥150 지수,한국,광범위지수,일반,20260811
461450,KR7461450009,KODEX 코스닥글로벌,삼성자산운용,0.09,24307500000,16205,16147.37,2023-06-29,주식,국내,실물(패시브),비과세,코스닥 글로벌 지수,한국,광범위지수,일반,20260811
226490,KR7226490001,KODEX 코스피,삼성자산운용,0.15,1024551000000,64845,65170.31,2015-08-24,주식,국내,실물(패시브),비과세,코스피,한국,광범위지수,일반,20260811
359210,KR7359210002,KODEX 코스피TR,삼성자산운용,0.07,82612500000,33045,32913.25,2020-07-21,주식,국내,실물(패시브),배당소득세(보유기간과세),코스피 TR,한국,광범위지수,일반,20260811
337140,KR7337140008,KODEX 코스피대형주,삼성자산운용,0.15,73293000000,33315,33368.9,2019-11-14,주식,국내,실물(패시브),비과세,코스피 대형주,한국,광범위지수,일반,20260811
138920,KR7138920004,KODEX 콩선물(H),삼성자산운용,0.68,5855000000,11710,11692.72,2011-03-15,원자재,해외,실물(패시브),배당소득세(보유기간과세),S&P GSCI Soybeans Index(TR),글로벌,기타,일반,20260811
244660,KR7244660007,KODEX 퀄리티Plus,삼성자산운용,0.3,4830000000,9660,9651.34,2016-05-13,주식,국내,실물(패시브),비과세,FnGuide 퀄리티 Plus 지수,한국,기타,일반,20260811
375770,KR7375770005,KODEX 탄소효율그린뉴딜,삼성자산운용,0.09,41634000000,23130,23094.55,2021-02-05,주식,국내,실물(패시브),비과세,KRX/S&P 탄소효율 그린뉴딜지수,한국,기타,일반,20260811
459560,KR7459560009,KODEX 테슬라밸류체인FactSet,삼성자산운용,0.18,34727750000,22405,22211.99,2023-06-08,주식,해외,실물(패시브),배당소득세(보유기간과세),FactSet TSLA Value Chain Index(PR),기타,기타,일반,20260811
475080,KR7475080008,KODEX 테슬라커버드콜채권혼합액티브,삼성자산운용,0.39,284984000000,7840,7847.47,2024-01-23,혼합자산,국내&해외,실물(액티브),배당소득세(보유기간과세),KEDI 테슬라 인컴 프리미엄 밸런스드 지수(TR),미국,개별종목,일반,20260811
266410,KR7266410000,KODEX 필수소비재,삼성자산운용,0.45,15592000000,9745,9744.01,2017-03-28,주식,국내,실물(패시브),비과세,KRX 필수소비재,한국,에너지·원자력,일반,20260811
298770,KR7298770009,KODEX 한국대만IT프리미어,삼성자산운용,0.55,85481000000,77710,77262.65,2018-06-11,주식,국내&해외,실물(패시브),배당소득세(보유기간과세),한국 대만 IT 프리미어지수,대만,AI·테크,일반,20260811
476800,KR7476800008,KODEX 한국부동산리츠인프라,삼성자산운용,0.09,496279000000,4340,4352.54,2024-03-05,부동산,국내,실물(패시브),비과세(분리과세부동산ETF),KRX 부동산리츠인프라 지수,한국,리츠·부동산,일반,20260811
450190,KR7450190004,KODEX 한중반도체(합성),삼성자산운용,0.25,29016000000,48360,48070.56,2022-12-22,주식,국내&해외,합성(패시브),배당소득세(보유기간과세),KRX CSI 한·중 반도체지수,중국,반도체,일반,20260811
450180,KR7450180005,KODEX 한중전기차(합성),삼성자산운용,0.25,7439250000,11445,11597.46,2022-12-22,주식,국내&해외,합성(패시브),배당소득세(보유기간과세),KRX CSI 한·중 전기차지수,중국,자동차,일반,20260811
266420,KR7266420009,KODEX 헬스케어,삼성자산운용,0.09,76180000000,19045,19023.32,2017-03-28,주식,국내,실물(패시브),비과세,KRX 헬스케어,한국,바이오·헬스케어,일반,20260811
364690,KR7364690008,KODEX 혁신기술테마액티브,삼성자산운용,0.3,21642000000,36070,36044.16,2020-09-29,주식,국내,실물(액티브),배당소득세(보유기간과세),코스피,한국,광범위지수,일반,20260811
0204D0,KR70204D0003,KODEX 현대차로보틱스밸류체인TOP3플러스,삼성자산운용,0.5,207727250000,6605,6602.42,2026-06-09,주식,국내&해외,실물(패시브),배당소득세(보유기간과세),Akros 현대차로보틱스 밸류체인 TOP3 플러스 지수 (PR),국내+해외,개별종목,일반,20260811
069500,KR7069500007,KODEX 200,삼성자산운용,0.15,23014590250000,99265,99224.15,2002-10-14,주식,국내,실물(패시브),비과세,코스피 200,한국,광범위지수,일반,20260811
321410,KR7321410003,KODEX 멀티에셋하이인컴(H),삼성자산운용,0.25,5332500000,10665,10673.09,2019-06-05,혼합자산,해외,실물(패시브),배당소득세(보유기간과세),Morningstar Multi-Asset High Income 10% Capped Index,기타,배당주,혼합,20260811
219480,KR7219480001,KODEX 미국S&P500선물(H),삼성자산운용,0.05,150570000000,33460,33439.54,2015-05-29,주식,해외,실물(패시브),배당소득세(보유기간과세),S&P 500 Futures Total Return Index,미국,광범위지수,일반,20260811
468370,KR7468370002,KODEX iShares미국인플레이션국채액티브,삼성자산운용,0.1,18842600000,10955,10958.58,2023-10-19,채권,해외,실물(액티브),배당소득세(보유기간과세),ICE U.S. Treasury Inflation Linked Bond Index(Total Return),미국,채권·금리,일반,20260811
468630,KR7468630009,KODEX iShares미국투자등급회사채액티브,삼성자산운용,0.1,33456150000,11115,11118.64,2023-10-19,채권,해외,실물(액티브),배당소득세(보유기간과세),iBoxx USD Liquid Investment Grade Index(Total Return),기타,기타,일반,20260811
176950,KR7176950004,KODEX 국채선물10년인버스,삼성자산운용,0.07,12648300000,60230,60223.55,2013-05-31,채권,국내,실물(패시브),배당소득세(보유기간과세),10년국채선물지수,한국,채권·금리,일반,20260811
152380,KR7152380002,KODEX 국채선물10년,삼성자산운용,0.07,20654100000,64950,64974.14,2012-01-20,채권,국내,실물(패시브),배당소득세(보유기간과세),10년국채선물지수,한국,채권·금리,일반,20260811
117700,KR7117700005,KODEX 건설,삼성자산운용,0.45,189751500000,6705,6702.95,2009-10-30,주식,국내,실물(패시브),비과세,KRX 건설,한국,조선·기계,일반,20260811
214980,KR7214980005,KODEX 단기채권PLUS,삼성자산운용,0.15,1851376500000,114750,114745.39,2015-03-03,채권,국내,실물(패시브),배당소득세(보유기간과세),KRW Cash PLUS 지수(총수익),한국,기타,일반,20260811
153130,KR7153130000,KODEX 단기채권,삼성자산운용,0.15,818449020000,113390,113370.96,2012-02-22,채권,국내,실물(패시브),배당소득세(보유기간과세),KRW Cash 지수(총수익),한국,기타,일반,20260811
122630,KR7122630007,KODEX 레버리지,삼성자산운용,0.64,5341866000000,92580,92780.19,2010-02-22,주식,국내,실물(패시브),배당소득세(보유기간과세),코스피 200,한국,광범위지수,일반,20260811
185680,KR7185680006,KODEX 미국S&P바이오(합성),삼성자산운용,0.25,25424280000,47790,47830.58,2013-10-31,주식,해외,합성(패시브),배당소득세(보유기간과세),S&P Biotechnology Select Industry Index,기타,AI·테크,일반,20260811
140700,KR7140700006,KODEX 보험,삼성자산운용,0.45,48787500000,19515,19475.44,2011-04-26,주식,국내,실물(패시브),비과세,KRX 보험,한국,금융,일반,20260811
213610,KR7213610009,KODEX 삼성그룹밸류,삼성자산운용,0.09,256980500000,21595,21728.92,2015-01-08,주식,국내,실물(패시브),비과세,WISE 삼성그룹 밸류 인덱스,한국,광범위지수,일반,20260811
117460,KR7117460006,KODEX 에너지화학,삼성자산운용,0.45,30412550000,14015,13987.52,2009-10-12,주식,국내,실물(패시브),비과세,KRX 에너지화학,한국,에너지·원자력,일반,20260811
140710,KR7140710005,KODEX 운송,삼성자산운용,0.45,10922500000,6425,6432.36,2011-04-26,주식,국내,실물(패시브),비과세,KRX 운송,한국,기타,일반,20260811
114800,KR7114800006,KODEX 인버스,삼성자산운용,0.64,770409200000,1126,1127.72,2009-09-16,주식,국내,실물(패시브),배당소득세(보유기간과세),코스피 200 선물지수,한국,광범위지수,일반,20260811
117680,KR7117680009,KODEX 철강,삼성자산운용,0.45,27574400000,12310,12292.0,2009-10-30,주식,국내,실물(패시브),비과세,KRX 철강,한국,기타,일반,20260811
487130,KR7487130007,KoAct AI인프라액티브,삼성액티브자산운용,0.5,40718500000,26270,26224.62,2024-07-09,주식,국내,실물(액티브),배당소득세(보유기간과세),Solactive AI인프라 지수,한국,AI·테크,일반,20260811
0074K0,KR70074K0001,KoAct K수출핵심기업TOP30액티브,삼성액티브자산운용,0.5,128405250000,16785,16754.06,2025-07-08,주식,국내,실물(액티브),배당소득세(보유기간과세),KEDI K수출핵심기업TOP30 지수(PR),한국,기타,일반,20260811
0222D0,KR70222D0001,KoAct 고배당액티브,삼성액티브자산운용,0.5,11451000000,10410,10391.42,2026-07-28,주식,국내,실물(액티브),배당소득세(보유기간과세),코스피 200 고배당지수,한국,배당주,일반,20260811
0219B0,KR70219B0008,KoAct 광통신&위성네트워크액티브,삼성액티브자산운용,0.5,9112000000,11390,11372.29,2026-07-14,주식,국내,실물(액티브),배당소득세(보유기간과세),FnGuide 저궤도위성 & 광통신 인프라 지수,한국,기타,일반,20260811
471040,KR7471040006,KoAct 글로벌AI&로봇액티브,삼성액티브자산운용,0.5,265899000000,29060,29012.99,2023-11-21,주식,국내&해외,실물(액티브),배당소득세(보유기간과세),iSelect 글로벌AI&로봇PR지수,글로벌,AI·테크,일반,20260811
0174B0,KR70174B0001,KoAct 글로벌AI메모리반도체액티브,삼성액티브자산운용,0.5,106642250000,13585,13530.51,2026-04-14,주식,국내&해외,실물(액티브),배당소득세(보유기간과세),Solactive 글로벌AI메모리반도체 지수 (PR),글로벌,반도체,일반,20260811
0132D0,KR70132D0000,KoAct 글로벌K컬처밸류체인액티브,삼성액티브자산운용,0.5,5269000000,9580,9658.62,2025-11-25,주식,국내&해외,실물(액티브),배당소득세(보유기간과세),KEDI 글로벌 K컬처밸류체인 지수(PR),글로벌,광범위지수,일반,20260811
0020H0,KR70020H0001,KoAct 글로벌양자컴퓨팅액티브,삼성액티브자산운용,0.5,47523000000,22630,22619.25,2025-03-11,주식,국내&해외,실물(액티브),배당소득세(보유기간과세),FactSet 글로벌양자컴퓨팅 PR 지수,글로벌,AI·테크,일반,20260811
475070,KR7475070009,KoAct 글로벌친환경전력인프라액티브,삼성액티브자산운용,0.5,37440000000,31200,31318.2,2024-01-18,주식,국내&해외,실물(액티브),배당소득세(보유기간과세),Solactive 글로벌친환경전력인프라 PR지수,글로벌,에너지·원자력,일반,20260811
0015B0,KR70015B0004,KoAct 미국나스닥성장기업액티브,삼성액티브자산운용,0.5,626063750000,19175,19161.7,2025-02-25,주식,해외,실물(액티브),배당소득세(보유기간과세),나스닥 종합주가지수,미국,기타,일반,20260811
0104H0,KR70104H0000,KoAct 미국나스닥채권혼합50액티브,삼성액티브자산운용,0.25,150218750000,11875,11933.04,2025-09-30,혼합자산,국내&해외,실물(액티브),배당소득세(보유기간과세),FnGuide 미국나스닥 금융채권혼합 지수,미국,금융,혼합,20260811
0186L0,KR70186L0005,KoAct 미국로봇피지컬AI액티브,삼성액티브자산운용,0.5,22459500000,9765,9732.33,2026-04-28,주식,해외,실물(액티브),배당소득세(보유기간과세),iSelect 미국로봇피지컬AI지수,미국,AI·테크,일반,20260811
0113G0,KR70113G0000,KoAct 미국바이오헬스케어액티브,삼성액티브자산운용,0.5,10201500000,11335,11320.46,2025-11-11,주식,해외,실물(액티브),배당소득세(보유기간과세),Solactive 미국바이오헬스케어지수 PR,미국,바이오·헬스케어,일반,20260811
497780,KR7497780007,KoAct 미국천연가스인프라액티브,삼성액티브자산운용,0.5,19887500000,10750,10815.82,2024-12-10,주식,해외,실물(액티브),배당소득세(보유기간과세),Solactive 미국천연가스인프라 PR 지수,미국,에너지·원자력,일반,20260811
490330,KR7490330008,KoAct 미국치매&뇌질환치료제액티브,삼성액티브자산운용,0.5,5421500000,15490,15511.09,2024-09-03,주식,해외,실물(액티브),배당소득세(보유기간과세),Solactive 미국뇌질환치료제 PR 지수,미국,기타,일반,20260811
462900,KR7462900002,KoAct 바이오헬스케어액티브,삼성액티브자산운용,0.5,418959000000,15780,15753.33,2023-08-03,주식,국내,실물(액티브),배당소득세(보유기간과세),iSelect 바이오헬스케어 PR 지수,한국,바이오·헬스케어,일반,20260811
482030,KR7482030004,KoAct 반도체&2차전지핵심소재액티브,삼성액티브자산운용,0.5,9618000000,9160,9128.9,2024-05-14,주식,국내,실물(액티브),배당소득세(보유기간과세),iSelect 반도체&2차전지핵심소재 지수,한국,반도체,일반,20260811
476850,KR7476850003,KoAct 배당성장액티브,삼성액티브자산운용,0.5,95504000000,20320,20358.95,2024-02-27,주식,국내,실물(액티브),배당소득세(보유기간과세),코스피,한국,광범위지수,일반,20260811
0051A0,KR70051A0000,KoAct 브로드컴밸류체인액티브,삼성액티브자산운용,0.5,16360500000,25170,25070.35,2025-05-20,주식,해외,실물(액티브),배당소득세(보유기간과세),FactSet 브로드컴밸류체인 지수,기타,광범위지수,일반,20260811
0150K0,KR70150K0008,KoAct 수소전력ESS인프라액티브,삼성액티브자산운용,0.5,29526000000,10360,10397.97,2026-01-13,주식,국내,실물(액티브),배당소득세(보유기간과세),FnGuide 수소전력ESS인프라 지수(PR),한국,에너지·원자력,일반,20260811
0154H0,KR70154H0009,KoAct 차이나바이오헬스케어액티브,삼성액티브자산운용,0.5,5027000000,9140,9068.13,2026-01-27,주식,해외,실물(액티브),배당소득세(보유기간과세),Solactive 차이나바이오헬스케어지수 PR,기타,바이오·헬스케어,일반,20260811
495230,KR7495230005,KoAct 코리아밸류업액티브,삼성액티브자산운용,0.5,236939000000,28895,28842.35,2024-11-04,주식,국내,실물(액티브),배당소득세(보유기간과세),코리아 밸류업 지수,한국,배당주,일반,20260811
0163Y0,KR70163Y0007,KoAct 코스닥액티브,삼성액티브자산운용,0.5,473313500000,9155,9153.25,2026-03-10,주식,국내,실물(액티브),배당소득세(보유기간과세),코스닥,한국,광범위지수,일반,20260811
0193G0,KR70193G0003,KoAct 코스피액티브,삼성액티브자산운용,0.5,111698500000,7730,7753.27,2026-05-19,주식,국내,실물(액티브),배당소득세(보유기간과세),코스피,한국,광범위지수,일반,20260811
0093D0,KR70093D0007,KoAct 팔란티어밸류체인액티브,삼성액티브자산운용,0.5,25361000000,18115,18182.32,2025-08-26,주식,국내&해외,실물(액티브),배당소득세(보유기간과세),KEDI 팔란티어밸류체인지수(PR),미국,개별종목,일반,20260811
411540,KR7411540008,SOL 200 Top10,신한자산운용,0.15,23569000000,16835,16810.18,2021-12-09,주식,국내,실물(패시브),비과세,코스피 200 Top 10 지수,한국,광범위지수,일반,20260811
295040,KR7295040000,SOL 200TR,신한자산운용,0.05,909417750000,37195,37205.75,2018-04-23,주식,국내,실물(패시브),배당소득세(보유기간과세),코스피 200 TR,한국,광범위지수,일반,20260811
0167B0,KR70167B0000,SOL 200타겟위클리커버드콜,신한자산운용,0.3,632969000000,10970,10947.15,2026-03-17,주식,국내,실물(패시브),배당소득세(보유기간과세),코스피 200 타겟 15% 위클리 커버드콜 지수,한국,광범위지수,커버드콜,20260811
488980,KR7488980004,SOL 26-12 회사채(AA-이상)액티브,신한자산운용,0.05,230158600000,52025,52027.94,2024-10-08,채권,국내,실물(액티브),배당소득세(보유기간과세),"KAP 26-12 크레딧 채권지수(AA-이상, 총수익)",한국,채권·금리,일반,20260811
0092C0,KR70092C0009,SOL 27-12 회사채(AA-이상)액티브,신한자산운용,0.05,225900000000,50200,50183.47,2025-08-19,채권,국내,실물(액티브),배당소득세(보유기간과세),"KAP 27-12 크레딧 채권지수(AA-이상, 총수익)",한국,채권·금리,일반,20260811
455860,KR7455860007,SOL 2차전지소부장Fn,신한자산운용,0.45,105479000000,4460,4441.56,2023-04-25,주식,국내,실물(패시브),비과세,FnGuide 2차전지 소부장 지수(PR),한국,2차전지,일반,20260811
0167A0,KR70167A0001,SOL AI반도체TOP2플러스,신한자산운용,0.45,5108160750000,15715,15667.48,2026-03-17,주식,국내,실물(패시브),비과세,FnGuide AI반도체 TOP2 플러스 지수(PR),한국,반도체,일반,20260811
455850,KR7455850008,SOL AI반도체소부장,신한자산운용,0.45,958729500000,22665,22653.57,2023-04-25,주식,국내,실물(패시브),비과세,FnGuide AI 반도체 소부장 지수,한국,반도체,일반,20260811
497880,KR7497880005,SOL CD금리&머니마켓액티브,신한자산운용,0.05,264248460000,50085,50080.74,2024-11-26,채권,국내,실물(액티브),배당소득세(보유기간과세),KAP CD&단기자금시장지수(PR),한국,채권·금리,일반,20260811
363510,KR7363510009,SOL KIS단기통안채,신한자산운용,0.07,12432555000,112005,112000.32,2020-09-09,채권,국내,실물(패시브),배당소득세(보유기간과세),KIS 단기통안채 Index(총수익),한국,채권·금리,일반,20260811
292500,KR7292500006,SOL KRX300,신한자산운용,0.05,22590000000,45180,45063.1,2018-03-26,주식,국내,실물(패시브),비과세,KRX 300,한국,광범위지수,일반,20260811
404650,KR7404650004,SOL KRX기후변화솔루션,신한자산운용,0.15,13650000000,22750,22758.96,2021-10-29,주식,국내,실물(패시브),비과세,KRX 기후변화 솔루션지수,한국,기타,일반,20260811
490480,KR7490480001,SOL K방산,신한자산운용,0.45,81108000000,30040,30129.1,2024-10-02,주식,국내,실물(패시브),비과세,KEDI K방산 지수(PR),한국,방산·우주,일반,20260811
0197W0,KR70197W0009,SOL SK하이닉스단일종목레버리지,신한자산운용,0.1,43159500000,6210,6196.86,2026-05-27,주식,국내,실물(패시브),배당소득세(보유기간과세),KRX SK하이닉스 지수,한국,개별종목,일반,20260811
0197X0,KR70197X0008,SOL SK하이닉스선물단일종목인버스2X,신한자산운용,0.1,101839500000,10980,11060.82,2026-05-27,주식,국내,실물(패시브),배당소득세(보유기간과세),KRX SK하이닉스 선물 지수,한국,개별종목,일반,20260811
438570,KR7438570004,SOL 국고채10년,신한자산운용,0.05,106770575000,98225,98298.26,2022-09-06,채권,국내,실물(패시브),배당소득세(보유기간과세),KAP 국고채10년지수(총수익지수),한국,채권·금리,일반,20260811
474390,KR7474390002,SOL 국고채30년액티브,신한자산운용,0.05,5316450000,39675,39837.86,2024-01-16,채권,국내,실물(액티브),배당소득세(보유기간과세),KAP 국고채30년 지수(TR),한국,채권·금리,일반,20260811
438560,KR7438560005,SOL 국고채3년,신한자산운용,0.05,75667670000,100355,100377.87,2022-09-06,채권,국내,실물(패시브),배당소득세(보유기간과세),KAP 국고채3년지수(총수익지수),한국,채권·금리,일반,20260811
0022T0,KR70022T0005,SOL 국제금커버드콜액티브,신한자산운용,0.45,70070000000,13475,13541.45,2025-03-11,원자재,해외,실물(액티브),배당소득세(보유기간과세),KEDI 골드인컴프리미엄 지수(NTR),기타,원자재·금,일반,20260811
0066W0,KR70066W0007,SOL 국제금,신한자산운용,0.05,85772250000,13095,13157.16,2025-06-17,원자재,해외,실물(패시브),배당소득세(보유기간과세),KEDI 국제금현물 ETF 가격지수(PR),기타,기타,일반,20260811
423170,KR7423170000,SOL 글로벌AI반도체탑픽액티브,신한자산운용,0.55,245952000000,54900,54634.97,2022-04-12,주식,국내&해외,실물(액티브),배당소득세(보유기간과세),S&P Global Semiconductor Korea Tilted Index(PR),글로벌,반도체,일반,20260811
400590,KR7400590006,SOL 글로벌탄소배출권선물ICE(합성),신한자산운용,0.55,7170000000,14340,14359.84,2021-09-30,기타,해외,합성(패시브),배당소득세(보유기간과세),ICE Global Carbon Futures Index(Excess Return),글로벌,기타,일반,20260811
484880,KR7484880000,SOL 금융지주플러스고배당,신한자산운용,0.3,371575000000,22250,22228.92,2024-06-25,주식,국내,실물(패시브),비과세,FnGuide 금융지주플러스고배당 지수(PR),한국,금융,일반,20260811
484890,KR7484890009,SOL 머니마켓액티브,신한자산운용,0.05,15211950000,52455,52447.25,2024-06-25,채권,국내,실물(액티브),배당소득세(보유기간과세),KAP 시가 MMF 지수(TR),한국,채권·금리,일반,20260811
461600,KR7461600009,SOL 미국30년국채액티브(H),신한자산운용,0.05,26066250000,8275,8289.87,2023-07-11,채권,해외,실물(액티브),배당소득세(보유기간과세),KAP 미국채 20Y+ 지수(시장가격),미국,채권·금리,일반,20260811
473330,KR7473330009,SOL 미국30년국채커버드콜(합성),신한자산운용,0.25,284784000000,8160,8211.79,2023-12-27,채권,해외,합성(패시브),배당소득세(보유기간과세),KEDI 미국 국채 20년+ 커버드콜 지수(NTR),미국,채권·금리,커버드콜,20260811
494210,KR7494210008,SOL 미국500타겟데일리커버드콜액티브,신한자산운용,0.35,7917000000,11310,11297.09,2024-10-15,주식,해외,실물(액티브),배당소득세(보유기간과세),KEDI 미국퀄리티500+월1%프리미엄 지수(NTR),미국,기타,일반,20260811
479620,KR7479620007,SOL 미국AI반도체칩메이커,신한자산운용,0.45,92939000000,26180,26011.82,2024-04-16,주식,해외,실물(패시브),배당소득세(보유기간과세),Solactive US AI Semiconductor Chip Makers Index(PR),미국,반도체,일반,20260811
481180,KR7481180008,SOL 미국AI소프트웨어,신한자산운용,0.45,142143750000,16625,16707.25,2024-05-14,주식,해외,실물(패시브),배당소득세(보유기간과세),KEDI 미국 AI 소프트웨어지수(PR),미국,AI·테크,일반,20260811
486450,KR7486450000,SOL 미국AI전력인프라,신한자산운용,0.45,242990000000,20680,20598.27,2024-07-16,주식,해외,실물(패시브),배당소득세(보유기간과세),KEDI 미국AI전력인프라 지수(PR),미국,AI·테크,일반,20260811
433330,KR7433330008,SOL 미국S&P500,신한자산운용,0.05,297894000000,22740,22729.5,2022-06-21,주식,해외,실물(패시브),배당소득세(보유기간과세),S&P 500,미국,광범위지수,일반,20260811
399110,KR7399110006,SOL 미국S&P500ESG,신한자산운용,0.15,121604000000,21715,21605.53,2021-09-14,주식,해외,실물(패시브),배당소득세(보유기간과세),S&P500 Scored&Screened(PR),미국,광범위지수,일반,20260811
0080X0,KR70080X0008,SOL 미국S&P500미국채혼합50,신한자산운용,0.15,73515000000,11310,11307.96,2025-07-15,혼합자산,해외,실물(패시브),배당소득세(보유기간과세),S&P 500 and iBoxx $ Treasuries 7-10Y 5050 Blend Index(USD) PR/TR Hybrid,미국,광범위지수,일반,20260811
499150,KR7499150001,SOL 미국S&P500엔화노출(H),신한자산운용,0.15,5582500000,11165,11214.89,2024-12-03,주식,해외,실물(패시브),배당소득세(보유기간과세),S&P500 Yen Hedged Index(PR),미국,광범위지수,일반,20260811
447620,KR7447620006,SOL 미국TOP5채권혼합50,신한자산운용,0.25,125163500000,16255,16166.74,2022-11-29,혼합자산,국내&해외,실물(패시브),배당소득세(보유기간과세),Solactive US TOP5 Balanced50 Index(PR),미국,기타,일반,20260811
476030,KR7476030002,SOL 미국나스닥100,신한자산운용,0.05,133874000000,17615,17592.32,2024-03-12,주식,해외,실물(패시브),배당소득세(보유기간과세),NASDAQ 100,미국,광범위지수,일반,20260811
0118S0,KR70118S0001,SOL 미국넥스트테크TOP10액티브,신한자산운용,0.55,51106000000,11110,11170.77,2025-10-28,주식,해외,실물(액티브),배당소득세(보유기간과세),KEDI 미국넥스트테크TOP10(PR),미국,AI·테크,일반,20260811
493420,KR7493420004,SOL 미국배당다우존스2호,신한자산운용,0.05,27384000000,13040,13007.02,2024-10-08,주식,해외,실물(패시브),배당소득세(보유기간과세),Dow Jones U.S. Dividend 100 Index(TR),미국,배당주,일반,20260811
446720,KR7446720005,SOL 미국배당다우존스,신한자산운용,0.01,1042800500000,14035,14048.5,2022-11-15,주식,해외,실물(패시브),배당소득세(보유기간과세),Dow Jones U.S. Dividend 100 Price Return Index,미국,배당주,일반,20260811
490490,KR7490490000,SOL 미국배당미국채혼합50,신한자산운용,0.15,479603000000,11365,11344.5,2024-09-24,혼합자산,해외,실물(패시브),배당소득세(보유기간과세),KRX 다우존스 미국배당국채 혼합지수,미국,채권·금리,혼합,20260811
0023A0,KR70023A0005,SOL 미국양자컴퓨팅TOP10,신한자산운용,0.45,432286000000,26120,26097.15,2025-03-11,주식,해외,실물(패시브),배당소득세(보유기간과세),KEDI 미국양자컴퓨팅 TOP10(PR),미국,AI·테크,일반,20260811
0181L0,KR70181L0000,SOL 미국우주항공TOP10,신한자산운용,0.45,63342000000,7820,8035.05,2026-04-21,주식,해외,실물(패시브),배당소득세(보유기간과세),KEDI 미국우주항공 TOP10(PR),미국,방산·우주,일반,20260811
0051G0,KR70051G0004,SOL 미국원자력SMR,신한자산운용,0.45,172051250000,14045,13949.03,2025-05-20,주식,해외,실물(패시브),배당소득세(보유기간과세),KEDI 미국원자력 SMR 지수(PR),미국,에너지·원자력,일반,20260811
481190,KR7481190007,SOL 미국테크TOP10,신한자산운용,0.05,295120000000,17360,17318.62,2024-05-21,주식,해외,실물(패시브),배당소득세(보유기간과세),Solactive US Tech TOP 10 Custom Index(PR),미국,AI·테크,일반,20260811
475300,KR7475300000,SOL 반도체전공정,신한자산운용,0.45,276556000000,20335,20339.83,2024-02-14,주식,국내,실물(패시브),비과세,FnGuide 반도체 전공정 지수(PR),한국,반도체,일반,20260811
475310,KR7475310009,SOL 반도체후공정,신한자산운용,0.45,67966250000,24715,24637.26,2024-02-14,주식,국내,실물(패시브),비과세,FnGuide 반도체 후공정 지수(PR),한국,반도체,일반,20260811
0152E0,KR70152E0004,SOL 배당성향탑픽액티브,신한자산운용,0.3,27000000000,11250,11259.26,2026-01-13,주식,국내,실물(액티브),배당소득세(보유기간과세),FnGuide 배당성향탑픽 지수(PR),한국,배당주,일반,20260811
0207G0,KR70207G0007,SOL 우주항공밸류체인,신한자산운용,0.45,40315000000,7330,7318.59,2026-06-16,주식,국내,실물(패시브),비과세,Akros 우주항공밸류체인 지수(PR),한국,방산·우주,일반,20260811
400580,KR7400580007,SOL 유럽탄소배출권선물S&P(H),신한자산운용,0.55,5775000000,11550,11661.62,2021-09-30,기타,해외,실물(패시브),배당소득세(보유기간과세),S&P GSCI Carbon Emission Allowances(EUA)(EUR)ER,글로벌,기타,일반,20260811
464610,KR7464610005,SOL 의료기기소부장Fn,신한자산운용,0.45,12230750000,8435,8460.55,2023-08-22,주식,국내,실물(패시브),비과세,FnGuide 의료기기소부장지수(PR),한국,바이오·헬스케어,일반,20260811
466930,KR7466930005,SOL 자동차TOP3플러스,신한자산운용,0.45,217517500000,26050,26044.71,2023-10-05,주식,국내,실물(패시브),비과세,FnGuide 자동차TOP3플러스지수(PR),한국,자동차,일반,20260811
464600,KR7464600006,SOL 자동차소부장Fn,신한자산운용,0.45,22339250000,23515,23494.7,2023-08-22,주식,국내,실물(패시브),비과세,FnGuide 자동차소부장지수(PR),한국,자동차,일반,20260811
0005D0,KR70005D0004,SOL 전고체배터리&실리콘음극재,신한자산운용,0.45,138491000000,14060,14022.75,2025-01-07,주식,국내,실물(패시브),비과세,FnGuide 전고체배터리&실리콘음극재 지수(PR),한국,2차전지,일반,20260811
0080Y0,KR70080Y0007,SOL 조선TOP3플러스레버리지,신한자산운용,0.5,125984000000,9920,9874.45,2025-07-15,주식,국내,실물(패시브),배당소득세(보유기간과세),FnGuide 조선TOP3플러스지수(PR),한국,조선·기계,일반,20260811
466920,KR7466920006,SOL 조선TOP3플러스,신한자산운용,0.45,1565550000000,29400,29372.74,2023-10-05,주식,국내,실물(패시브),비과세,FnGuide 조선TOP3플러스지수(PR),한국,조선·기계,일반,20260811
0141S0,KR70141S0002,SOL 조선기자재,신한자산운용,0.45,59697750000,8715,8679.27,2025-12-16,주식,국내,실물(패시브),비과세,FnGuide 조선기자재 지수(PR),한국,조선·기계,일반,20260811
0141T0,KR70141T0001,SOL 중기종합채권(AA-이상)액티브,신한자산운용,0.05,41812160000,50255,50249.96,2025-12-16,채권,국내,실물(액티브),배당소득세(보유기간과세),"KAP K-중기종합채권지수(AA-이상,총수익)",한국,채권·금리,일반,20260811
0016X0,KR70016X0007,SOL 중단기회사채(A-이상)액티브,신한자산운용,0.05,419876040000,51405,51391.15,2025-02-18,채권,국내,실물(액티브),배당소득세(보유기간과세),KIS 중단기크레딧플러스채권(AA+~A-)지수(총수익),한국,채권·금리,일반,20260811
220130,KR7220130009,SOL 차이나강소기업CSI500(합성 H),신한자산운용,0.6,5592000000,6990,7016.49,2015-06-08,주식,해외,합성(패시브),배당소득세(보유기간과세),CSI 500 지수,중국,광범위지수,일반,20260811
0131A0,KR70131A0004,SOL 차이나소비트렌드,신한자산운용,0.45,4833000000,8055,8321.31,2025-11-25,주식,해외,실물(패시브),배당소득세(보유기간과세),SOLACTIVE-KEDI CHINA CONSUMER TREND INDEX(PR),중국,소비재,일반,20260811
415760,KR7415760008,SOL 차이나육성산업액티브(합성),신한자산운용,0.55,19060400000,14015,14273.86,2022-01-13,주식,해외,합성(액티브),배당소득세(보유기간과세),STAR 50 Index(Price Return),기타,기타,일반,20260811
413220,KR7413220005,SOL 차이나태양광CSI(합성),신한자산운용,0.5,5856000000,4880,4860.42,2021-12-22,주식,해외,합성(패시브),배당소득세(보유기간과세),CSI Photovoltaic Industry Index(PR),중국,광범위지수,일반,20260811
469830,KR7469830004,SOL 초단기채권액티브,신한자산운용,0.05,987714000000,54270,54262.58,2023-11-07,채권,국내,실물(액티브),배당소득세(보유기간과세),KAP 단기자금시장지수,한국,채권·금리,일반,20260811
0105E0,KR70105E0002,SOL 코리아고배당,신한자산운용,0.159,544687500000,13125,13112.96,2025-09-23,주식,국내,실물(패시브),비과세,FnGuide 코리아 고배당 지수(PR),한국,배당주,일반,20260811
444200,KR7444200000,SOL 코리아메가테크액티브,신한자산운용,0.55,499048250000,43585,43499.16,2022-10-18,주식,국내,실물(액티브),배당소득세(보유기간과세),KEDI 메가테크지수(PR),한국,AI·테크,일반,20260811
495550,KR7495550006,SOL 코리아밸류업TR,신한자산운용,0.05,180882000000,30920,30858.33,2024-11-04,주식,국내,실물(패시브),배당소득세(보유기간과세),코리아 밸류업 TR 지수,한국,배당주,일반,20260811
450910,KR7450910005,SOL 코스닥150,신한자산운용,0.15,37043200000,14470,14449.78,2023-01-31,주식,국내,실물(패시브),비과세,코스닥 150,한국,광범위지수,일반,20260811
0192T0,KR70192T0009,SOL 코스닥TOP10,신한자산운용,0.15,32130000000,7650,7653.98,2026-05-19,주식,국내,실물(패시브),비과세,코스닥 TOP 10 지수,한국,광범위지수,일반,20260811
0192S0,KR70192S0000,SOL 코스피200채권혼합50,신한자산운용,0.15,19026000000,9060,9046.04,2026-05-19,혼합자산,국내,실물(패시브),배당소득세(보유기간과세),코스피 200 KTB 혼합지수,한국,채권·금리,혼합,20260811
0040X0,KR70040X0007,SOL 팔란티어미국채커버드콜혼합,신한자산운용,0.35,181577000000,9710,9763.93,2025-04-22,혼합자산,해외,실물(패시브),배당소득세(보유기간과세),KEDI 팔란티어미국채커버드콜혼합지수(NTR),미국,개별종목,커버드콜,20260811
0040Y0,KR70040Y0006,SOL 팔란티어커버드콜OTM채권혼합,신한자산운용,0.35,358160000000,8140,8178.88,2025-04-22,혼합자산,국내&해외,실물(패시브),배당소득세(보유기간과세),KEDI 팔란티어커버드콜OTM 채권혼합지수(NTR),미국,개별종목,커버드콜,20260811
0105D0,KR70105D0003,SOL 한국AI소프트웨어,신한자산운용,0.45,19171000000,10090,10058.73,2025-09-23,주식,국내,실물(패시브),비과세,KEDI 한국AI소프트웨어 지수(PR),한국,AI·테크,일반,20260811
0092B0,KR70092B0000,SOL 한국원자력SMR,신한자산운용,0.45,119582750000,14855,14864.78,2025-08-19,주식,국내,실물(패시브),비과세,FnGuide 한국원자력 SMR 지수(PR),한국,에너지·원자력,일반,20260811
429980,KR7429980006,SOL 한국형글로벌전기차&2차전지액티브,신한자산운용,0.55,8725000000,17450,17437.93,2022-06-14,주식,국내&해외,실물(액티브),배당소득세(보유기간과세),FactSet Global Electric Vehicle and Rechargeable Battery Korea-Tilted Index(PR),글로벌,2차전지,일반,20260811
0008T0,KR70008T0003,SOL 화장품TOP3플러스,신한자산운용,0.45,83334000000,16340,16367.25,2025-01-21,주식,국내,실물(패시브),비과세,FnGuide 화장품TOP3 플러스 지수(PR),한국,소비재,일반,20260811
452360,KR7452360001,SOL 미국배당다우존스(H),신한자산운용,0.05,219432000000,13380,13391.72,2023-03-21,주식,해외,실물(패시브),배당소득세(보유기간과세),Dow Jones U.S. Dividend 100 Price Return Index,미국,배당주,일반,20260811
436140,KR7436140008,SOL 종합채권(AA-이상)액티브,신한자산운용,0.04,1294012230000,105945,105903.22,2022-08-09,채권,국내,실물(액티브),배당소득세(보유기간과세),"KAP K-종합채권지수(AA-이상, 총수익)",한국,채권·금리,일반,20260811
462340,KR7462340001,에셋플러스 글로벌다이나믹시니어액티브,에셋플러스자산운용,0.99,8637500000,17275,17194.68,2023-07-25,주식,해외,실물(액티브),배당소득세(보유기간과세),S&P 500,미국,광범위지수,일반,20260811
433220,KR7433220001,에셋플러스 글로벌대장장이액티브,에셋플러스자산운용,0.99,22718000000,30700,30625.53,2022-06-28,주식,해외,실물(액티브),배당소득세(보유기간과세),S&P 500,미국,광범위지수,일반,20260811
451150,KR7451150007,에셋플러스 글로벌영에이지액티브,에셋플러스자산운용,0.99,11473100000,18505,18507.74,2023-01-31,주식,해외,실물(액티브),배당소득세(보유기간과세),S&P 500,미국,광범위지수,일반,20260811
477490,KR7477490007,에셋플러스 글로벌일등기업포커스10액티브,에셋플러스자산운용,0.99,17676000000,19640,19617.12,2024-03-19,주식,해외,실물(액티브),배당소득세(보유기간과세),MSCI World,글로벌,광범위지수,일반,20260811
407830,KR7407830009,에셋플러스 글로벌플랫폼액티브,에셋플러스자산운용,0.99,34308000000,14295,14259.62,2021-11-16,주식,해외,실물(액티브),배당소득세(보유기간과세),S&P 500,미국,광범위지수,일반,20260811
0002C0,KR70002C0008,에셋플러스 인도일등기업포커스20액티브,에셋플러스자산운용,0.99,10778400000,9980,10092.68,2025-02-25,주식,해외,실물(액티브),배당소득세(보유기간과세),MSCI India IMI Index(PR),인도,광범위지수,일반,20260811
474920,KR7474920006,에셋플러스 차이나일등기업포커스10액티브,에셋플러스자산운용,0.99,18278300000,19445,19519.97,2024-01-16,주식,해외,실물(액티브),배당소득세(보유기간과세),"MSCI China Index(USD, Price Return)",중국,광범위지수,일반,20260811
442090,KR7442090007,에셋플러스 코리아대장장이액티브,에셋플러스자산운용,0.975,43342500000,28895,29088.24,2022-09-20,주식,국내,실물(액티브),배당소득세(보유기간과세),FnGuide 대장장이 지수(Price Return),한국,기타,일반,20260811
407820,KR7407820000,에셋플러스 코리아플랫폼액티브,에셋플러스자산운용,0.975,11241000000,6245,6260.08,2021-11-16,주식,국내,실물(액티브),배당소득세(보유기간과세),FnGuide 플랫폼 지수(Price Return),한국,AI·테크,일반,20260811
448100,KR7448100008,WON 200,우리자산운용,0.05,114766875000,102015,101999.72,2022-12-16,주식,국내,실물(패시브),비과세,코스피 200,한국,광범위지수,일반,20260811
413930,KR7413930009,WON AI ESG액티브,우리자산운용,0.31,14286250000,25975,25880.43,2022-01-05,주식,국내,실물(액티브),배당소득세(보유기간과세),MK-iSelect AI ESG 지수(시장가격지수),한국,AI·테크,일반,20260811
0088N0,KR70088N0002,WON K-글로벌수급상위,우리자산운용,0.69,13331250000,10665,10668.48,2025-08-12,주식,국내,실물(패시브),비과세,DeepSearch 외인수급 Top20 지수,한국,기타,일반,20260811
458030,KR7458030004,WON 국공채머니마켓액티브,우리자산운용,0.065,77912010000,54945,54946.89,2023-05-31,채권,국내,실물(액티브),배당소득세(보유기간과세),KAP 국공채 머니마켓 총수익 지수,한국,기타,일반,20260811
426150,KR7426150009,WON 대한민국국고채액티브,우리자산운용,0.07,30689960000,50980,50892.02,2022-05-11,채권,국내,실물(액티브),배당소득세(보유기간과세),KAP 한국 국고채 총수익 지수,한국,채권·금리,일반,20260811
0177A0,KR70177A0009,WON 두산그룹포커스,우리자산운용,0.33,22236000000,8720,8706.02,2026-03-31,주식,국내,실물(패시브),비과세,iSelect 두산그룹 포커스 지수,한국,기타,일반,20260811
444490,KR7444490007,WON 미국S&P500,우리자산운용,0.05,89762500000,20875,20872.43,2022-10-06,주식,해외,실물(패시브),배당소득세(보유기간과세),S&P 500,미국,광범위지수,일반,20260811
489290,KR7489290007,WON 미국빌리어네어,우리자산운용,0.49,28206000000,15670,15638.92,2024-09-03,주식,해외,실물(패시브),배당소득세(보유기간과세),Bloomberg US Billionaires Investment Select Index(PR),미국,기타,일반,20260811
440910,KR7440910008,WON 미국우주항공방산,우리자산운용,0.35,61380000000,27900,27847.66,2022-08-26,주식,해외,실물(패시브),배당소득세(보유기간과세),S&P Aerospace & Defense Select Industry Index(PR),기타,방산·우주,일반,20260811
474590,KR7474590007,WON 반도체밸류체인액티브,우리자산운용,0.31,325640000000,40705,40637.23,2024-01-16,주식,국내,실물(액티브),배당소득세(보유기간과세),FnGuide 반도체 밸류체인 (Price Return) 지수,한국,반도체,일반,20260811
0203S0,KR70203S0007,WON 삼성전자현대차채권혼합50,우리자산운용,0.18,28017000000,8490,8475.6,2026-06-02,혼합자산,국내,실물(패시브),배당소득세(보유기간과세),KAP 삼성전자현대차채권혼합지수,한국,개별종목,혼합,20260811
496020,KR7496020009,WON 전단채플러스액티브,우리자산운용,0.05,346727920000,52360,52353.6,2024-11-19,채권,국내,실물(액티브),배당소득세(보유기간과세),KIS 전단채플러스 TR 지수,한국,기타,일반,20260811
488720,KR7488720004,WON 종합채권(AA-이상)액티브,우리자산운용,0.045,129913000000,48475,48493.9,2024-08-06,채권,국내,실물(액티브),배당소득세(보유기간과세),KIS 종합채권시장 총수익지수(AA-이상),한국,채권·금리,일반,20260811
0203R0,KR70203R0008,WON 중단기종합채권(A-이상)액티브,우리자산운용,0.091,19161500000,50425,50410.2,2026-06-02,채권,국내,실물(액티브),배당소득세(보유기간과세),KAP 중단기 종합채권 총수익 지수(A-이상),한국,채권·금리,일반,20260811
0154F0,KR70154F0001,WON 초대형IB&금융지주,우리자산운용,0.29,36137500000,12250,12263.09,2026-01-20,주식,국내,실물(패시브),비과세,iSelect 초대형IB&금융지주 지수,한국,금융,일반,20260811
0226G0,KR70226G0004,WON 피지컬AI TOP2플러스액티브,우리자산운용,0.49,9620000000,12025,12017.25,2026-08-04,주식,국내,실물(액티브),배당소득세(보유기간과세),FnGuide 피지컬AI TOP2플러스 지수,한국,AI·테크,일반,20260811
480460,KR7480460005,WON 한국부동산TOP3플러스,우리자산운용,0.25,9500000000,9500,9505.56,2024-04-30,부동산,국내,실물(패시브),비과세(분리과세부동산ETF),DeepSearch 한국부동산TOP3플러스 지수,한국,리츠·부동산,일반,20260811
108590,KR7108590001,TREX 200,유리에셋,0.325,19774000000,98870,98829.33,2009-01-23,주식,국내,실물(패시브),비과세,코스피 200,한국,광범위지수,일반,20260811
145850,KR7145850004,TREX 펀더멘탈 200,유리에셋,0.34,28587500000,114350,113446.79,2011-09-23,주식,국내,실물(패시브),비과세,FnGuide-RAFI 코리아200 지수,한국,기타,일반,20260811
483570,KR7483570008,KCGI 미국S&P500 TOP10,케이씨지아이자산운용,0.36,26208000000,16380,16328.4,2024-05-28,주식,해외,실물(패시브),배당소득세(보유기간과세),S&P500 Top10 25% Capped Index(PR),미국,광범위지수,일반,20260811
153270,KR7153270004,KIWOOM 코스피100,키움투자자산운용,0.195,32220300000,76715,76585.39,2012-02-28,주식,국내,실물(패시브),비과세,코스피 100,한국,광범위지수,일반,20260811
167860,KR7167860006,KIWOOM 국고채10년레버리지,키움투자자산운용,0.3,26861250000,92625,92355.76,2012-10-30,채권,국내,실물(패시브),배당소득세(보유기간과세),KIS 10년 국고채 지수 (총수익),한국,채권·금리,일반,20260811
148070,KR7148070006,KIWOOM 국고채10년,키움투자자산운용,0.05,407528775000,104575,104603.94,2011-10-20,채권,국내,실물(패시브),배당소득세(보유기간과세),KIS 10년 국고채 지수 (총수익),한국,채권·금리,일반,20260811
069660,KR7069660009,KIWOOM 200,키움투자자산운용,0.05,694015000000,99145,99163.64,2002-10-14,주식,국내,실물(패시브),비과세,코스피 200,한국,광범위지수,일반,20260811
294400,KR7294400007,KIWOOM 200TR,키움투자자산운용,0.012,1679386500000,130185,130260.56,2018-04-23,주식,국내,실물(패시브),배당소득세(보유기간과세),코스피 200 TR,한국,광범위지수,일반,20260811
253250,KR7253250005,KIWOOM 200선물레버리지,키움투자자산운용,0.46,24534000000,84600,84733.64,2016-09-12,주식,국내,실물(패시브),배당소득세(보유기간과세),코스피 200 선물지수,한국,광범위지수,일반,20260811
253230,KR7253230007,KIWOOM 200선물인버스2X,키움투자자산운용,0.46,2698000000,95,95.61,2016-09-22,주식,국내,실물(패시브),배당소득세(보유기간과세),코스피 200 선물지수,한국,광범위지수,일반,20260811
253240,KR7253240006,KIWOOM 200선물인버스,키움투자자산운용,0.46,1783640000,1462,1462.04,2016-09-12,주식,국내,실물(패시브),배당소득세(보유기간과세),코스피 200 선물지수,한국,광범위지수,일반,20260811
464240,KR7464240001,KIWOOM 26-09회사채(AA-이상)액티브,키움투자자산운용,0.07,154314500000,52310,52327.16,2023-08-17,채권,국내,실물(액티브),배당소득세(보유기간과세),KIS 2609 만기형 크레딧 종합채권 지수(AA-이상)(총수익지수),한국,채권·금리,일반,20260811
458210,KR7458210002,KIWOOM CD금리액티브(합성),키움투자자산운용,0.03,148287345000,110415,110400.51,2023-05-23,기타,국내,합성(액티브),배당소득세(보유기간과세),FnGuide CD91일 금리투자 지수(총수익),한국,채권·금리,일반,20260811
488200,KR7488200007,KIWOOM K-2차전지북미공급망,키움투자자산운용,0.49,5348250000,11885,11861.29,2024-07-23,주식,국내,실물(패시브),비과세,Solactive K-Battery North America Supply Chain 지수,한국,2차전지,일반,20260811
488210,KR7488210006,KIWOOM K-반도체북미공급망,키움투자자산운용,0.49,4031000000,20155,20079.17,2024-07-23,주식,국내,실물(패시브),비과세,Solactive K-Semiconductor North America Supply Chain 지수,한국,반도체,일반,20260811
100910,KR7100910009,KIWOOM KRX100,키움투자자산운용,0.23,61093500000,15665,15667.13,2008-01-23,주식,국내,실물(패시브),비과세,KRX 100,한국,광범위지수,일반,20260811
200250,KR7200250009,KIWOOM 인도Nifty50(합성),키움투자자산운용,0.29,176999500000,22405,22571.6,2014-06-26,주식,해외,합성(패시브),배당소득세(보유기간과세),Nifty 50 Index,인도,광범위지수,일반,20260811
0194R0,KR70194R0009,KIWOOM SK하이닉스선물단일종목레버리지,키움투자자산운용,0.25,10091250000,6210,6191.23,2026-05-27,주식,국내,실물(패시브),배당소득세(보유기간과세),KRX SK하이닉스 선물 지수,한국,개별종목,일반,20260811
0084E0,KR70084E0007,KIWOOM 미국대형주500월간목표헤지액티브,키움투자자산운용,0.49,12138250000,10555,10579.04,2025-10-21,혼합자산,해외,실물(액티브),배당소득세(보유기간과세),Akros 미국대형주500 월간방어적배분 지수(TR),미국,기타,일반,20260811
0084D0,KR70084D0008,KIWOOM 미국테크100월간목표헤지액티브,키움투자자산운용,0.49,9384000000,11730,11722.98,2025-07-22,혼합자산,해외,실물(액티브),배당소득세(보유기간과세),Akros 미국테크100 월간방어적배분 지수(TR),미국,AI·테크,일반,20260811
114470,KR7114470008,KIWOOM 국고채3년,키움투자자산운용,0.05,52905300000,107970,107963.03,2009-07-31,채권,국내,실물(패시브),배당소득세(보유기간과세),KTB INDEX(시장가격),한국,채권·금리,일반,20260811
471460,KR7471460006,KIWOOM 국고채30년액티브,키움투자자산운용,0.035,22455000000,44910,45016.38,2023-11-07,채권,국내,실물(액티브),배당소득세(보유기간과세),KIS-키움 국고채30년 지수(총수익지수),한국,채권·금리,일반,20260811
473490,KR7473490001,KIWOOM 글로벌AI반도체,키움투자자산운용,0.4,45982500000,30655,30432.37,2023-12-21,주식,국내&해외,실물(패시브),배당소득세(보유기간과세),Solactive Global AI Semiconductor Index (Price Return),글로벌,반도체,일반,20260811
489860,KR7489860007,KIWOOM 글로벌전력GRID인프라,키움투자자산운용,0.49,13502250000,15885,15863.48,2024-08-27,주식,국내&해외,실물(패시브),배당소득세(보유기간과세),NASDAQ OMX Clean Edge Smart Grid Infrastructure Index,미국,기타,일반,20260811
130730,KR7130730005,KIWOOM 단기자금,키움투자자산운용,0.05,72132900000,102900,102878.8,2010-07-29,채권,국내,실물(패시브),배당소득세(보유기간과세),MK 머니마켓 지수(총수익),한국,기타,일반,20260811
419890,KR7419890009,KIWOOM 단기채권ESG액티브,키움투자자산운용,0.15,62315200000,107440,107418.99,2022-03-03,채권,국내,실물(액티브),배당소득세(보유기간과세),KIS ESG 9M~1.5Y,한국,광범위지수,일반,20260811
411860,KR7411860000,KIWOOM 독일DAX,키움투자자산운용,0.25,5301000000,17670,17603.64,2021-12-22,주식,해외,실물(패시브),배당소득세(보유기간과세),DAX Index(PR),유럽,기타,일반,20260811
476450,KR7476450002,KIWOOM 머니마켓액티브,키움투자자산운용,0.05,159304320000,52680,52669.31,2024-02-29,채권,국내,실물(액티브),배당소득세(보유기간과세),KIS-키움 MMF지수(총수익지수),한국,채권·금리,일반,20260811
430500,KR7430500009,KIWOOM 물가채KIS,키움투자자산운용,0.15,11229000000,112290,112517.89,2022-05-31,채권,국내,실물(패시브),배당소득세(보유기간과세),KIS TIPS 지수(총수익),한국,기타,일반,20260811
0190M0,KR70190M0008,KIWOOM 미국AI테크하이베타,키움투자자산운용,0.49,21000000000,8750,8739.33,2026-05-12,주식,해외,실물(패시브),배당소득세(보유기간과세),Akros 미국AI&프론티어테크 하이베타 지수,미국,AI·테크,일반,20260811
0224D0,KR70224D0009,KIWOOM 미국CPU반도체TOP4+,키움투자자산운용,0.49,11628000000,9690,9644.54,2026-07-28,주식,해외,실물(패시브),배당소득세(보유기간과세),iSelect 미국CPU반도체TOP4 지수,미국,반도체,일반,20260811
0127V0,KR70127V0005,KIWOOM 미국S&P500 TOP10&배당다우비중전환,키움투자자산운용,0.19,14423500000,11095,11063.72,2025-11-11,주식,해외,실물(패시브),배당소득세(보유기간과세),S&P500 TOP10 생애배당다우존스 2040 지수,미국,배당주,일반,20260811
0137W0,KR70137W0002,KIWOOM 미국S&P500&GOLD,키움투자자산운용,0.01,29011500000,10745,10752.02,2025-12-09,주식,해외,실물(패시브),배당소득세(보유기간과세),S&P500 & S&P GSCI 금현물 90/10 혼합지수,미국,광범위지수,혼합,20260811
0127T0,KR70127T0009,KIWOOM 미국S&P500&배당다우존스비중전환,키움투자자산운용,0.09,14300000000,11440,11420.68,2025-11-11,주식,해외,실물(패시브),배당소득세(보유기간과세),S&P500 생애배당다우존스 2040 지수,미국,배당주,일반,20260811
0137V0,KR70137V0003,KIWOOM 미국S&P500모멘텀,키움투자자산운용,0.12,94520000000,11815,11768.77,2025-12-09,주식,해외,실물(패시브),배당소득세(보유기간과세),S&P500 모멘텀 지수,미국,광범위지수,일반,20260811
449770,KR7449770007,KIWOOM 미국S&P500,키움투자자산운용,0.021,106501500000,21735,21779.78,2022-12-20,주식,해외,실물(패시브),배당소득세(보유기간과세),S&P 500,미국,광범위지수,일반,20260811
449780,KR7449780006,KIWOOM 미국S&P500(H),키움투자자산운용,0.04,33975000000,18875,18842.69,2022-12-20,주식,해외,실물(패시브),배당소득세(보유기간과세),S&P 500,미국,광범위지수,일반,20260811
0107F0,KR70107F0009,KIWOOM 미국고배당&AI테크,키움투자자산운용,0.45,30115500000,11810,11825.27,2025-09-23,주식,해외,실물(패시브),배당소득세(보유기간과세),Akros 미국AI테크TOP10&미국고배당3070 지수,미국,AI·테크,일반,20260811
453080,KR7453080004,KIWOOM 미국나스닥100(H),키움투자자산운용,0.04,90012000000,23080,23007.96,2023-03-14,주식,해외,실물(패시브),배당소득세(보유기간과세),NASDAQ 100,미국,광범위지수,일반,20260811
460270,KR7460270002,KIWOOM 미국달러SOFR금리액티브(합성),키움투자자산운용,0.05,10404450000,12845,12853.14,2023-06-20,기타,해외,합성(액티브),배당소득세(보유기간과세),Solactive SOFR Daily Total Return Index,미국,채권·금리,일반,20260811
230480,KR7230480006,KIWOOM 미국달러선물인버스2X,키움투자자산운용,0.64,8844000000,4400,4408.73,2015-11-16,통화,국내,실물(패시브),배당소득세(보유기간과세),미국달러선물지수,한국,기타,일반,20260811
225800,KR7225800002,KIWOOM 미국달러선물레버리지,키움투자자산운용,0.64,8045250000,15775,15807.17,2015-08-10,통화,국내,실물(패시브),배당소득세(보유기간과세),미국달러선물지수,한국,기타,일반,20260811
139660,KR7139660005,KIWOOM 미국달러선물인버스,키움투자자산운용,0.49,7107900000,8170,8184.26,2011-04-01,통화,국내,실물(패시브),배당소득세(보유기간과세),미국달러선물지수,한국,기타,일반,20260811
138230,KR7138230008,KIWOOM 미국달러선물,키움투자자산운용,0.37,23997500000,16550,16574.58,2011-02-24,통화,국내,실물(패시브),배당소득세(보유기간과세),미국달러선물지수,한국,기타,일반,20260811
373790,KR7373790005,KIWOOM 미국방어배당성장나스닥,키움투자자산운용,0.4,4519200000,16140,16090.77,2020-12-24,주식,해외,실물(패시브),배당소득세(보유기간과세),Nasdaq US Low Volatility Dividend Achievers Index,미국,배당주,일반,20260811
483030,KR7483030003,KIWOOM 미국블록버스터바이오테크의약품+,키움투자자산운용,0.49,5409000000,12020,11999.13,2024-05-28,주식,해외,실물(패시브),배당소득세(보유기간과세),Solactive Blockbuster Biotech Drugs Index(PR),기타,바이오·헬스케어,일반,20260811
459790,KR7459790002,KIWOOM 미국성장기업30액티브,키움투자자산운용,0.76,28154250000,20855,20908.6,2023-06-27,주식,해외,실물(액티브),배당소득세(보유기간과세),MSCI USA Index(Price Return),미국,광범위지수,일반,20260811
0174R0,KR70174R0003,KIWOOM 미국성장다우존스,키움투자자산운용,0.03,10038500000,11810,11753.23,2026-03-31,주식,해외,실물(패시브),배당소득세(보유기간과세),미국성장다우존스 지수,미국,기타,일반,20260811
498270,KR7498270008,KIWOOM 미국양자컴퓨팅,키움투자자산운용,0.49,231324000000,15630,15566.12,2024-12-17,주식,해외,실물(패시브),배당소득세(보유기간과세),Solactive U.S. Quantum Computing Index(PR),미국,AI·테크,일반,20260811
0207Z0,KR70207Z0004,KIWOOM 미국우주데이터센터인프라,키움투자자산운용,0.49,15487500000,7375,7565.55,2026-06-16,주식,해외,실물(패시브),배당소득세(보유기간과세),iSelect 미국 우주데이터센터인프라 지수,미국,AI·테크,일반,20260811
0216K0,KR70216K0000,KIWOOM 미국우주테크TOP2채권혼합50,키움투자자산운용,0.21,8840000000,8840,9046.09,2026-07-07,혼합자산,국내&해외,실물(패시브),배당소득세(보유기간과세),Akros 미국 우주 Top 2 채권혼합 지수,미국,방산·우주,혼합,20260811
474800,KR7474800000,KIWOOM 미국원유에너지기업,키움투자자산운용,0.29,33389500000,15530,15578.34,2024-01-16,주식,해외,실물(패시브),배당소득세(보유기간과세),MSCI US IMI Energy 25/50 Index(Price Return),미국,에너지·원자력,일반,20260811
104520,KR7104520002,KIWOOM 블루칩,키움투자자산운용,0.4,14885000000,14885,14863.52,2008-07-29,주식,국내,실물(패시브),비과세,MKF 블루칩,한국,기타,일반,20260811
0183V0,KR70183V0006,KIWOOM 삼성전자&SK하이닉스채권혼합50,키움투자자산운용,0.07,226542000000,11105,11085.73,2026-04-21,혼합자산,국내,실물(패시브),배당소득세(보유기간과세),FnGuide 삼성전자 & SK하이닉스 채권혼합 지수,한국,개별종목,혼합,20260811
0194N0,KR70194N0003,KIWOOM 삼성전자선물단일종목레버리지,키움투자자산운용,0.25,8474375000,9685,9573.2,2026-05-27,주식,국내,실물(패시브),배당소득세(보유기간과세),KRX 삼성전자 선물 지수,한국,개별종목,일반,20260811
0015E0,KR70015E0001,KIWOOM 엔비디아미국30년국채혼합액티브(H),키움투자자산운용,0.19,5275000000,10550,10516.54,2025-02-11,혼합자산,해외,실물(액티브),배당소득세(보유기간과세),Bloomberg Blended NVIDIA and US Long Treasury Bond Index,미국,개별종목,일반,20260811
483020,KR7483020004,KIWOOM 의료AI,키움투자자산운용,0.49,6237000000,10395,10400.0,2024-05-28,주식,국내,실물(패시브),비과세,FnGuide 의료AI 지수,한국,AI·테크,일반,20260811
435530,KR7435530001,KIWOOM TDF2030액티브 적격,키움투자자산운용,0.3,7860000000,15720,15693.14,2022-06-30,혼합자산,국내&해외,실물(액티브),배당소득세(보유기간과세),Dow Jones Target 2030 Index (Total Return),미국,기타,일반,20260811
435540,KR7435540000,KIWOOM TDF2040액티브 적격,키움투자자산운용,0.34,8885000000,17770,17736.83,2022-06-30,혼합자산,국내&해외,실물(액티브),배당소득세(보유기간과세),Dow Jones Target 2040 Index (Total Return),미국,기타,일반,20260811
435550,KR7435550009,KIWOOM TDF2050액티브 적격,키움투자자산운용,0.38,12810000000,18300,18279.46,2022-06-30,혼합자산,국내&해외,실물(액티브),배당소득세(보유기간과세),Dow Jones Target 2050 Index (Total Return),미국,기타,일반,20260811
454780,KR7454780008,KIWOOM 종합채권(AA-이상)액티브,키움투자자산운용,0.025,290340480000,99160,99248.52,2023-04-11,채권,국내,실물(액티브),배당소득세(보유기간과세),KIS 종합 채권시장지수(AA-이상)(총수익지수),한국,채권·금리,일반,20260811
454180,KR7454180001,KIWOOM 차이나내수소비TOP CSI,키움투자자산운용,0.42,3208000000,8020,8107.91,2023-04-04,주식,해외,실물(패시브),배당소득세(보유기간과세),CSI SH-HK-SZ Consumer Top Index,중국,소비재,일반,20260811
104530,KR7104530001,KIWOOM 코리아고배당,키움투자자산운용,0.19,36705250000,17905,17863.69,2008-07-29,주식,국내,실물(패시브),비과세,MKF 웰스 고배당20,한국,배당주,일반,20260811
496090,KR7496090002,KIWOOM 코리아밸류업,키움투자자산운용,0.009,98312500000,30250,30209.06,2024-11-04,주식,국내,실물(패시브),비과세,코리아 밸류업 지수,한국,배당주,일반,20260811
469790,KR7469790000,KIWOOM 코리아테크TOP10,키움투자자산운용,0.39,27769000000,39670,39871.38,2023-10-31,주식,국내,실물(패시브),비과세,Solactive K-TechTOP10 Index(PR),한국,기타,일반,20260811
291630,KR7291630002,KIWOOM 코스닥150선물레버리지,키움투자자산운용,0.09,5669500000,3910,3903.56,2018-03-16,주식,국내,실물(패시브),배당소득세(보유기간과세),F-코스닥150 지수,한국,광범위지수,일반,20260811
291620,KR7291620003,KIWOOM 코스닥150선물인버스,키움투자자산운용,0.09,2356950000,4135,4147.53,2018-03-16,주식,국내,실물(패시브),배당소득세(보유기간과세),F-코스닥150 지수,한국,광범위지수,일반,20260811
316670,KR7316670009,KIWOOM 코스닥150,키움투자자산운용,0.15,48428800000,7360,7362.72,2019-01-22,주식,국내,실물(패시브),비과세,코스닥 150,한국,광범위지수,일반,20260811
0198A0,KR70198A0004,KIWOOM 코스닥150커버드콜액티브,키움투자자산운용,0.63,53010000000,9300,9268.56,2026-06-30,주식,국내,실물(액티브),배당소득세(보유기간과세),코스닥 150 위클리 고정 30% 커버드콜 지수,한국,광범위지수,커버드콜,20260811
122260,KR7122260003,KIWOOM 통안채1년,키움투자자산운용,0.05,32257050000,104055,104027.02,2010-01-14,채권,국내,실물(패시브),배당소득세(보유기간과세),MK 통안채지수(총수익),한국,채권·금리,일반,20260811
0015F0,KR70015F0000,KIWOOM 팔란티어미국30년국채혼합액티브(H),키움투자자산운용,0.19,13663000000,10510,10545.58,2025-02-11,혼합자산,해외,실물(액티브),배당소득세(보유기간과세),Bloomberg Blended PALANTIR and US Long Treasury Bond Index,미국,개별종목,일반,20260811
0097L0,KR70097L0003,KIWOOM 한국고배당&미국AI테크,키움투자자산운용,0.45,26240000000,12800,12782.1,2025-09-02,주식,국내&해외,실물(패시브),배당소득세(보유기간과세),Akros 미국AI테크TOP10&한국고배당3070 지수,미국,AI·테크,일반,20260811
0220A0,KR70220A0006,KIWOOM 현대차그룹TOP3채권혼합50,키움투자자산운용,0.15,15208000000,9505,9521.56,2026-07-14,혼합자산,국내,실물(패시브),배당소득세(보유기간과세),FnGuide 현대차그룹TOP3 채권혼합 지수,한국,개별종목,혼합,20260811
441800,KR7441800000,TIME Korea플러스배당액티브,타임폴리오자산운용,0.8,752382400000,27280,27266.08,2022-09-27,주식,국내,실물(액티브),배당소득세(보유기간과세),코스피 200,한국,광범위지수,일반,20260811
463050,KR7463050005,TIME K바이오액티브,타임폴리오자산운용,0.8,241501000000,14290,14348.59,2023-08-17,주식,국내,실물(액티브),배당소득세(보유기간과세),KRX 헬스케어,한국,바이오·헬스케어,일반,20260811
404120,KR7404120008,TIME K신재생에너지액티브,타임폴리오자산운용,0.8,17034500000,24335,24200.76,2021-10-29,주식,국내,실물(액티브),배당소득세(보유기간과세),KRX 기후변화 솔루션지수,한국,기타,일반,20260811
385710,KR7385710009,TIME K이노베이션액티브,타임폴리오자산운용,0.8,11105000000,11105,11056.66,2021-05-25,주식,국내,실물(액티브),배당소득세(보유기간과세),KRX BBIG 지수,한국,기타,일반,20260811
410870,KR7410870000,TIME K컬처액티브,타임폴리오자산운용,0.8,12300000000,10250,10310.62,2021-12-15,주식,국내,실물(액티브),배당소득세(보유기간과세),FnGuide K-컬처 지수,한국,기타,일반,20260811
456600,KR7456600006,TIME 글로벌AI인공지능액티브,타임폴리오자산운용,0.8,2155409600000,58160,58075.42,2023-05-16,주식,해외,실물(액티브),배당소득세(보유기간과세),Solactive Global Artificial Intelligence 지수,글로벌,AI·테크,일반,20260811
485810,KR7485810006,TIME 글로벌바이오액티브,타임폴리오자산운용,0.8,12259500000,11145,11145.6,2024-07-02,주식,해외,실물(액티브),배당소득세(보유기간과세),KEDI 글로벌 불로장생바이오 지수(원화환산),글로벌,바이오·헬스케어,일반,20260811
494180,KR7494180003,TIME 글로벌소비트렌드액티브,타임폴리오자산운용,0.8,11080000000,13850,13860.85,2024-10-29,주식,해외,실물(액티브),배당소득세(보유기간과세),Solactive 뉴에이지컨수머지수,기타,기타,일반,20260811
478150,KR7478150006,TIME 글로벌우주테크&방산액티브,타임폴리오자산운용,0.8,254893500000,21330,21481.02,2024-04-23,주식,해외,실물(액티브),배당소득세(보유기간과세),Solactive Aerospace and Defense USD Index PR,기타,방산·우주,일반,20260811
0113D0,KR70113D0003,TIME 글로벌탑픽액티브,타임폴리오자산운용,0.06,76694000000,12370,12370.64,2025-10-28,주식,해외,실물(액티브),배당소득세(보유기간과세),"Bloomberg World Large, Mid & Small cap PR Index",글로벌,기타,일반,20260811
0185L0,KR70185L0006,TIME 글로벌휴머노이드로봇산업액티브,타임폴리오자산운용,0.8,55313750000,8075,7989.71,2026-05-19,주식,해외,실물(액티브),배당소득세(보유기간과세),Solactive Global AI Humanoid Robotics 지수(원화환산)(PR),글로벌,AI·테크,일반,20260811
426020,KR7426020004,TIME 미국S&P500액티브,타임폴리오자산운용,0.8,400064000000,32900,32840.76,2022-05-11,주식,해외,실물(액티브),배당소득세(보유기간과세),S&P 500,미국,광범위지수,일반,20260811
426030,KR7426030003,TIME 미국나스닥100액티브,타임폴리오자산운용,0.8,2451121500000,46335,46229.46,2022-05-11,주식,해외,실물(액티브),배당소득세(보유기간과세),NASDAQ 100,미국,광범위지수,일반,20260811
0019K0,KR70019K0009,TIME 미국나스닥100채권혼합50액티브,타임폴리오자산운용,0.25,555731250000,13375,13362.1,2025-03-25,혼합자산,국내&해외,실물(액티브),배당소득세(보유기간과세),FnGuide 미국나스닥100 단기채권혼합 지수,미국,채권·금리,혼합,20260811
0036D0,KR70036D0007,TIME 미국배당다우존스액티브,타임폴리오자산운용,0.8,65400000000,13080,13092.02,2025-04-29,주식,해외,실물(액티브),배당소득세(보유기간과세),Dow Jones U.S. Dividend 100 Price Return Index,미국,배당주,일반,20260811
0043Y0,KR70043Y0003,TIME 차이나AI테크액티브,타임폴리오자산운용,0.8,373282500000,21030,21133.82,2025-05-13,주식,해외,실물(액티브),배당소득세(보유기간과세),Solactive China Artificial Intelligence 지수(원화환산)(PR),중국,AI·테크,일반,20260811
495060,KR7495060006,TIME 코리아밸류업액티브,타임폴리오자산운용,0.8,200405000000,26900,26977.64,2024-11-04,주식,국내,실물(액티브),배당소득세(보유기간과세),코리아 밸류업 지수,한국,배당주,일반,20260811
0162Y0,KR70162Y0008,TIME 코스닥액티브,타임폴리오자산운용,0.8,269743500000,7685,7653.39,2026-03-10,주식,국내,실물(액티브),배당소득세(보유기간과세),코스닥,한국,광범위지수,일반,20260811
385720,KR7385720008,TIME 코스피액티브,타임폴리오자산운용,0.8,361361000000,23465,23472.84,2021-05-25,주식,국내,실물(액티브),배당소득세(보유기간과세),코스피,한국,광범위지수,일반,20260811
472720,KR7472720002,TRUSTON 주주가치액티브,트러스톤자산운용,0.785,13104000000,25200,25102.04,2023-12-14,주식,국내,실물(액티브),배당소득세(보유기간과세),코스피 200,한국,광범위지수,일반,20260811
496130,KR7496130006,TRUSTON 코리아밸류업액티브,트러스톤자산운용,0.785,13089600000,24240,24132.84,2024-11-04,주식,국내,실물(액티브),배당소득세(보유기간과세),코리아 밸류업 지수,한국,배당주,일반,20260811
451060,KR7451060008,1Q 200액티브,하나자산운용,0.01,399231000000,31685,31712.86,2023-01-31,주식,국내,실물(액티브),배당소득세(보유기간과세),코스피 200,한국,광범위지수,일반,20260811
0184E0,KR70184E0006,1Q 200채권혼합50액티브,하나자산운용,0.4,26237500000,10495,10499.76,2026-04-21,혼합자산,국내,실물(액티브),배당소득세(보유기간과세),코스피 200 단기국공채 혼합지수,한국,광범위지수,혼합,20260811
491610,KR7491610002,1Q CD금리액티브(합성),하나자산운용,0.02,191869275000,104675,104672.41,2024-09-24,기타,국내,합성(액티브),배당소득세(보유기간과세),KIS 하나 CD금리 총수익지수,한국,채권·금리,일반,20260811
0182R0,KR70182R0003,1Q K반도체TOP2+,하나자산운용,0.2,300973750000,9275,9237.35,2026-04-14,주식,국내,실물(패시브),비과세,NICE K반도체 TOP2 MAX+ 지수,한국,반도체,일반,20260811
0182S0,KR70182S0002,1Q K반도체TOP2채권혼합50,하나자산운용,0.01,217312500000,11590,11563.72,2026-04-14,혼합자산,국내,실물(패시브),배당소득세(보유기간과세),KEDI K반도체TOP2채권혼합 지수,한국,반도체,혼합,20260811
0103T0,KR70103T0007,1Q K소버린AI,하나자산운용,0.49,28117000000,9070,9036.96,2025-09-30,주식,국내,실물(패시브),비과세,iSelect K소버린AI 지수,한국,AI·테크,일반,20260811
0198D0,KR70198D0001,1Q SK하이닉스선물단일종목레버리지,하나자산운용,0.09,20619000000,6525,6550.13,2026-05-27,주식,국내,실물(패시브),배당소득세(보유기간과세),KRX SK하이닉스 선물 지수,한국,개별종목,일반,20260811
463290,KR7463290007,1Q 단기금융채액티브,하나자산운용,0.08,192198960000,109080,109071.98,2023-08-03,채권,국내,실물(액티브),배당소득세(보유기간과세),MK 머니마켓 지수(총수익),한국,기타,일반,20260811
0131W0,KR70131W0008,1Q 단기특수은행채액티브,하나자산운용,0.01,136415790000,101955,101949.97,2025-11-25,채권,국내,실물(액티브),배당소득세(보유기간과세),KIS 단기특수은행채 지수(총수익),한국,금융,일반,20260811
479080,KR7479080004,1Q 머니마켓액티브,하나자산운용,0.05,1079431290000,53655,53649.78,2024-04-02,채권,국내,실물(액티브),배당소득세(보유기간과세),KIS-하나 MMF 지수(총수익),한국,채권·금리,일반,20260811
0052S0,KR70052S0009,1Q 미국S&P500미국채혼합50액티브,하나자산운용,0.15,323952000000,11910,11908.47,2025-06-10,혼합자산,해외,실물(액티브),배당소득세(보유기간과세),S&P 500 and Short-Term Treasury 50/50 Blend Index,미국,채권·금리,인버스,20260811
0026S0,KR70026S0002,1Q 미국S&P500,하나자산운용,0.005,352582500000,13305,13306.49,2025-03-18,주식,해외,실물(패시브),배당소득세(보유기간과세),S&P 500,미국,광범위지수,일반,20260811
0111P0,KR70111P0001,1Q 미국나스닥100미국채혼합50액티브,하나자산운용,0.05,304975000000,11090,11083.15,2025-09-30,혼합자산,해외,실물(액티브),배당소득세(보유기간과세),Nasdaq-100 US T-Bills 0-6 Month 50/50 Index,미국,기타,일반,20260811
0069M0,KR70069M0006,1Q 미국나스닥100,하나자산운용,0.005,194670000000,13905,13889.29,2025-06-24,주식,해외,실물(패시브),배당소득세(보유기간과세),NASDAQ 100,미국,광범위지수,일반,20260811
0083S0,KR70083S0002,1Q 미국메디컬AI,하나자산운용,0.49,30247000000,10430,10465.43,2025-07-22,주식,해외,실물(패시브),배당소득세(보유기간과세),KEDI 미국메디컬AI 지수,미국,AI·테크,일반,20260811
0004G0,KR70004G0002,1Q 미국배당TOP30,하나자산운용,0.1,13328000000,9520,9531.85,2025-01-21,주식,해외,실물(패시브),배당소득세(보유기간과세),Solactive U.S. Dividend TOP 30 Index PR,미국,배당주,일반,20260811
0131V0,KR70131V0009,1Q 미국우주항공테크,하나자산운용,0.49,404790000000,12360,12474.17,2025-11-25,주식,해외,실물(패시브),배당소득세(보유기간과세),Akros 미국우주항공테크 지수,미국,AI·테크,일반,20260811
0198B0,KR70198B0003,1Q 삼성전자선물단일종목레버리지,하나자산운용,0.09,21615300000,9870,9817.94,2026-05-27,주식,국내,실물(패시브),배당소득세(보유기간과세),KRX 삼성전자 선물 지수,한국,개별종목,일반,20260811
0094X0,KR70094X0002,1Q 샤오미밸류체인액티브,하나자산운용,0.49,7722000000,8580,8712.21,2025-09-02,주식,해외,실물(액티브),배당소득세(보유기간과세),Solactive-KEDI Xiaomi Focus China Tech Index,중국,AI·테크,일반,20260811
0224X0,KR70224X0005,1Q 엔비디아알파벳미국채혼합50,하나자산운용,0.45,16755750000,10155,10074.2,2026-07-28,혼합자산,해외,실물(패시브),배당소득세(보유기간과세),KEDI 엔비디아알파벳미국채혼합50 지수,미국,개별종목,혼합,20260811
0172V0,KR70172V0009,1Q 은액티브,하나자산운용,0.3,56892000000,8620,8754.27,2026-03-31,원자재,해외,실물(액티브),배당소득세(보유기간과세),Bloomberg Blended Silver Spot USD index,기타,원자재·금,일반,20260811
0017Y0,KR70017Y0005,1Q 종합채권(AA-이상)액티브,하나자산운용,0.025,82821960000,93690,93634.47,2025-02-25,채권,국내,실물(액티브),배당소득세(보유기간과세),KIS 종합채권형 지수(AA-이상)(총수익),한국,채권·금리,일반,20260811
0052T0,KR70052T0008,1Q 중단기회사채(A-이상)액티브,하나자산운용,0.05,108044420000,50630,50628.11,2025-05-27,채권,국내,실물(액티브),배당소득세(보유기간과세),KEDI 중단기크레딧플러스채권(AAA~A-)지수(총수익),한국,채권·금리,일반,20260811
495330,KR7495330003,1Q 코리아밸류업,하나자산운용,0.02,129494500000,30115,30045.41,2024-11-04,주식,국내,실물(패시브),비과세,코리아 밸류업 지수,한국,배당주,일반,20260811
0186S0,KR70186S0008,1Q 코스닥150채권혼합50액티브,하나자산운용,0.63,39698000000,8630,8589.94,2026-04-28,혼합자산,국내,실물(액티브),배당소득세(보유기간과세),코스닥 150 단기국공채 혼합지수,한국,광범위지수,혼합,20260811
492500,KR7492500004,1Q 현대차그룹채권(A+이상)&국고통안,하나자산운용,0.1,77994890000,51245,51272.77,2024-10-02,채권,국내,실물(패시브),배당소득세(보유기간과세),KIS 하나 현대차그룹채권(A+이상)&국고통안 총수익지수,한국,개별종목,일반,20260811
0206G0,KR70206G0008,1Q 현대차기아채권혼합50,하나자산운용,0.1,24855000000,8285,8297.33,2026-06-09,혼합자산,국내,실물(패시브),배당소득세(보유기간과세),KEDI 현대차&기아채권혼합50지수,한국,개별종목,혼합,20260811
473440,KR7473440006,ACE 11월만기자동연장회사채AA-이상액티브,한국투자신탁운용,0.05,94134000000,10820,10832.63,2023-12-19,채권,국내,실물(액티브),배당소득세(보유기간과세),KIS 11월 만기자동연장회사채(AA-이상) 총수익지수,한국,채권·금리,일반,20260811
332500,KR7332500008,ACE 200TR,한국투자신탁운용,0.01,147367000000,66985,66722.72,2019-08-28,주식,국내,실물(패시브),배당소득세(보유기간과세),코스피 200 TR,한국,광범위지수,일반,20260811
105190,KR7105190003,ACE 200,한국투자신탁운용,0.017,1759822500000,99425,99425.4,2008-09-25,주식,국내,실물(패시브),비과세,코스피 200,한국,광범위지수,일반,20260811
475260,KR7475260006,ACE 2월만기자동연장회사채AA-이상액티브,한국투자신탁운용,0.05,50538300000,10730,10729.96,2024-01-23,채권,국내,실물(액티브),배당소득세(보유기간과세),KAP 2월 만기자동연장회사채(AA-이상) 총수익지수,한국,채권·금리,일반,20260811
385600,KR7385600002,ACE 2차전지&친환경차액티브,한국투자신탁운용,0.29,17550000000,11700,11659.83,2021-05-25,주식,국내,실물(액티브),배당소득세(보유기간과세),FnGuide 친환경 자동차 밸류체인 지수,한국,자동차,일반,20260811
475270,KR7475270005,ACE 5월만기자동연장회사채AA-이상액티브,한국투자신탁운용,0.05,44681550000,10715,10712.61,2024-01-23,채권,국내,실물(액티브),배당소득세(보유기간과세),KIS 5월 만기자동연장회사채(AA-이상) 총수익지수,한국,채권·금리,일반,20260811
475280,KR7475280004,ACE 8월만기자동연장회사채AA-이상액티브,한국투자신탁운용,0.05,103233600000,10720,10717.54,2024-01-23,채권,국내,실물(액티브),배당소득세(보유기간과세),KAP 8월 만기자동연장회사채(AA-이상) 총수익지수,한국,채권·금리,일반,20260811
469150,KR7469150007,ACE AI반도체TOP3+,한국투자신탁운용,0.3,1022583750000,52575,52579.49,2023-10-17,주식,국내,실물(패시브),비과세,FnGuide AI반도체 TOP3+ 지수,한국,반도체,일반,20260811
0079X0,KR70079X0001,ACE BYD밸류체인액티브,한국투자신탁운용,0.45,3715250000,10615,10709.2,2025-07-15,주식,해외,실물(액티브),배당소득세(보유기간과세),Bloomberg BYD Plus Top Supply Chain Select Price Return Index,기타,기타,일반,20260811
385590,KR7385590005,ACE ESG액티브,한국투자신탁운용,0.5,50542500000,21975,21916.36,2021-05-25,주식,국내,실물(액티브),배당소득세(보유기간과세),MSCI Korea Country ESG Leaders Custom Capped Price return Index,한국,광범위지수,일반,20260811
475050,KR7475050001,ACE KPOP포커스,한국투자신탁운용,0.3,103894000000,7240,7245.7,2024-01-30,주식,국내,실물(패시브),비과세,iSelect K-POP 포커스지수(시장가격),한국,게임·엔터,일반,20260811
411060,KR7411060007,ACE KRX금현물,한국투자신탁운용,0.19,4100858000000,27935,27878.6,2021-12-15,원자재,국내,실물(패시브),배당소득세(보유기간과세),KRX 금현물지수,한국,기타,일반,20260811
0221Z0,KR70221Z0006,ACE K바이오코스닥액티브,한국투자신탁운용,0.5,23810000000,11905,11891.04,2026-07-21,주식,국내,실물(액티브),배당소득세(보유기간과세),KRX K-AI 바이오테크 코스닥 지수,한국,AI·테크,일반,20260811
0210A0,KR70210A0008,ACE K반도체TOP2+,한국투자신탁운용,0.39,286653000000,6420,6404.62,2026-06-23,주식,국내,실물(패시브),비과세,KRX K-AI 반도체TOP2+ 지수,한국,반도체,일반,20260811
0216Z0,KR70216Z0003,ACE K방산TOP5+,한국투자신탁운용,0.45,17518000000,9220,9229.4,2026-07-07,주식,국내,실물(패시브),비과세,KRX K-AI 방산TOP5+ 지수,한국,AI·테크,일반,20260811
0172Y0,KR70172Y0006,ACE K수출핵심TOP10산업액티브,한국투자신탁운용,0.5,7764750000,9135,9118.26,2026-03-31,주식,국내,실물(액티브),배당소득세(보유기간과세),iSelect K수출핵심산업 지수 (시장가격),한국,기타,일반,20260811
0177X0,KR70177X0002,ACE K휴머노이드로봇산업TOP2+,한국투자신탁운용,0.45,111946000000,10040,10049.94,2026-04-07,주식,국내,실물(패시브),비과세,Akros K-휴머노이드 로봇 TOP2+ 지수 (시장가격),한국,AI·테크,일반,20260811
291130,KR7291130003,ACE MSCI멕시코(합성),한국투자신탁운용,0.5,16920000000,18800,18808.96,2018-03-09,주식,해외,합성(패시브),배당소득세(보유기간과세),MSCI MEXICO IMI 25/50 Price return Index,기타,광범위지수,일반,20260811
256440,KR7256440009,ACE MSCI인도네시아(합성),한국투자신탁운용,0.7,32726500000,5365,5444.44,2016-11-01,주식,해외,합성(패시브),배당소득세(보유기간과세),MSCI Indonesia Index,기타,광범위지수,일반,20260811
261920,KR7261920003,ACE MSCI필리핀(합성),한국투자신탁운용,0.5,5286000000,13215,13250.29,2016-12-28,주식,해외,합성(패시브),배당소득세(보유기간과세),MSCI Philippines IMI Index,기타,광범위지수,일반,20260811
0194T0,KR70194T0007,ACE SK하이닉스단일종목레버리지,한국투자신탁운용,0.09,45864000000,6370,6330.59,2026-05-27,주식,국내,실물(패시브),배당소득세(보유기간과세),KRX SK하이닉스 지수,한국,개별종목,일반,20260811
0199C0,KR70199C0001,ACE 고배당주Plus커버드콜액티브,한국투자신탁운용,0.4,124605000000,9230,9202.69,2026-06-02,주식,국내,실물(액티브),배당소득세(보유기간과세),KRX-Akros 고배당주 20 위클리 고정 30% 커버드콜 지수,한국,배당주,커버드콜,20260811
0139P0,KR70139P0009,ACE 고배당주,한국투자신탁운용,0.15,50227500000,13575,13552.96,2025-12-16,주식,국내,실물(패시브),비과세,KRX-Akros 고배당주 20 지수,한국,배당주,일반,20260811
225130,KR7225130004,ACE 골드선물 레버리지(합성 H),한국투자신탁운용,0.49,24247500000,48495,48553.96,2015-07-28,원자재,해외,합성(패시브),배당소득세(보유기간과세),S&P GSCI GOLD Index Excess Return,글로벌,원자재·금,일반,20260811
483340,KR7483340006,ACE 구글밸류체인액티브,한국투자신탁운용,0.45,262257000000,23005,22929.05,2024-06-11,주식,해외,실물(액티브),배당소득세(보유기간과세),KEDI 글로벌 AI 클라우드 지수,글로벌,AI·테크,일반,20260811
114460,KR7114460009,ACE 국고채3년,한국투자신탁운용,0.15,15100500000,100670,100698.33,2009-07-31,채권,국내,실물(패시브),배당소득세(보유기간과세),KTB INDEX(시장가격),한국,채권·금리,일반,20260811
365780,KR7365780006,ACE 국고채10년,한국투자신탁운용,0.02,531239530000,82465,82526.69,2020-10-15,채권,국내,실물(패시브),배당소득세(보유기간과세),KIS 10년 국고채 지수 (총수익),한국,채권·금리,일반,20260811
494340,KR7494340003,ACE 글로벌AI맞춤형반도체,한국투자신탁운용,0.45,30585000000,20390,20262.53,2024-10-22,주식,해외,실물(패시브),배당소득세(보유기간과세),Solactive AI Custom Semiconductor Index(PR),기타,반도체,일반,20260811
446770,KR7446770000,ACE 글로벌반도체TOP4 Plus,한국투자신탁운용,0.45,1543482000000,76410,75985.44,2022-11-15,주식,해외,실물(패시브),배당소득세(보유기간과세),Solactive Global Semiconductor TOP4 Plus Price Return Index,글로벌,반도체,일반,20260811
435040,KR7435040001,ACE 글로벌브랜드TOP10,한국투자신탁운용,0.5,12931750000,19895,19862.36,2022-06-28,주식,해외,실물(패시브),배당소득세(보유기간과세),Bloomberg Global Select Industry Leaders TOP10 Index(PR),글로벌,기타,일반,20260811
497510,KR7497510008,ACE 글로벌빅파마,한국투자신탁운용,0.3,9268000000,13240,13241.26,2024-11-19,주식,해외,실물(패시브),배당소득세(보유기간과세),Solactive Global Big Pharma Index (Price Return),글로벌,바이오·헬스케어,일반,20260811
460960,KR7460960008,ACE 글로벌인컴TOP10,한국투자신탁운용,0.24,87477750000,11435,11394.57,2023-07-11,혼합자산,해외,실물(패시브),배당소득세(보유기간과세),Solactive Global Superior Income TOP 10 Price Return Index,글로벌,배당주,일반,20260811
414270,KR7414270009,ACE 글로벌자율주행액티브,한국투자신탁운용,0.29,30392250000,12405,12477.04,2022-02-15,주식,해외,실물(액티브),배당소득세(보유기간과세),FactSet US-China Electric&Autonomous Vehicle Price Return Index,미국,기타,일반,20260811
190620,KR7190620005,ACE 단기통안채,한국투자신탁운용,0.07,293735400000,101850,101842.85,2013-12-23,채권,국내,실물(패시브),배당소득세(보유기간과세),KIS MSB 단기지수(총수익),한국,기타,일반,20260811
440640,KR7440640001,ACE 단기채권알파액티브,한국투자신탁운용,0.15,68953305000,112485,112484.27,2022-08-23,채권,국내,실물(액티브),배당소득세(보유기간과세),KIS 단기채권알파AA-이상 총수익지수,한국,채권·금리,일반,20260811
494330,KR7494330004,ACE 라이프자산주주가치액티브,한국투자신탁운용,0.5,161993250000,31455,31446.51,2024-10-15,주식,국내,실물(액티브),배당소득세(보유기간과세),FnGuide 기업가치 지수(시장가격),한국,기타,일반,20260811
265690,KR7265690008,ACE 러시아MSCI(합성),한국투자신탁운용,0.0,15789750000,8535,48.34,2017-03-21,주식,해외,합성(패시브),배당소득세(보유기간과세),MSCI Russia 25% Capped Price Return Index,기타,광범위지수,일반,20260811
152500,KR7152500005,ACE 레버리지,한국투자신탁운용,0.3,41822000000,38020,37997.1,2012-01-27,주식,국내,실물(패시브),배당소득세(보유기간과세),코스피 200,한국,광범위지수,일반,20260811
0153P0,KR70153P0000,ACE 리츠부동산인프라액티브,한국투자신탁운용,0.06,15336000000,9585,9655.08,2026-01-20,부동산,국내,실물(액티브),배당소득세(분리과세부동산ETF),FnGuide 맥쿼리인프라 배당 리츠 지수 (시장가격),한국,리츠·부동산,일반,20260811
483330,KR7483330007,ACE 마이크로소프트밸류체인액티브,한국투자신탁운용,0.45,20803500000,15410,15402.99,2024-06-11,주식,해외,실물(액티브),배당소득세(보유기간과세),KEDI 글로벌생성형AI 지수,글로벌,AI·테크,일반,20260811
487340,KR7487340002,ACE 머니마켓액티브,한국투자신탁운용,0.05,675631750000,105650,105632.81,2024-07-09,채권,국내,실물(액티브),배당소득세(보유기간과세),MK-KAP 머니마켓 총수익지수,한국,기타,일반,20260811
0085P0,KR70085P0003,ACE 미국10년국채액티브,한국투자신탁운용,0.15,105472500000,10045,10047.46,2025-07-22,채권,해외,실물(액티브),배당소득세(보유기간과세),ICE U.S. Treasury 7-10 Year Bond Index (Total Return),미국,채권·금리,일반,20260811
0085N0,KR70085N0005,ACE 미국10년국채액티브(H),한국투자신탁운용,0.15,36001000000,9730,9733.96,2025-07-22,채권,해외,실물(액티브),배당소득세(보유기간과세),ICE U.S. Treasury 7-10 Year Bond Index (Total Return),미국,채권·금리,일반,20260811
452250,KR7452250004,ACE 미국30년국채선물레버리지(합성 H),한국투자신탁운용,0.25,36463750000,4705,4735.98,2023-02-07,채권,해외,합성(패시브),배당소득세(보유기간과세),S&P Ultra T-Bond Futures Index(ER),기타,채권·금리,일반,20260811
476760,KR7476760004,ACE 미국30년국채액티브,한국투자신탁운용,0.05,349632000000,9105,9110.79,2024-03-12,채권,해외,실물(액티브),배당소득세(보유기간과세),Bloomberg U.S Treasury 20+ Year Total Return Index,미국,채권·금리,일반,20260811
453850,KR7453850000,ACE 미국30년국채액티브(H),한국투자신탁운용,0.05,1494825000000,7125,7134.0,2023-03-14,채권,해외,실물(액티브),배당소득세(보유기간과세),Bloomberg U.S Treasury 20+ Year Total Return Index,미국,채권·금리,일반,20260811
476750,KR7476750005,ACE 미국30년국채엔화노출액티브(H),한국투자신탁운용,0.15,61398000000,7580,7580.06,2024-03-12,채권,해외,실물(액티브),배당소득세(보유기간과세),Bloomberg U.S. Treasury 20+ Year Total Return Index T1530 JPY Currency Hedged,미국,채권·금리,일반,20260811
480030,KR7480030006,ACE 미국500데일리타겟커버드콜(합성),한국투자신탁운용,0.45,159448000000,10490,10469.8,2024-04-23,주식,해외,합성(패시브),배당소득세(보유기간과세),Bloomberg US 500 Large Cap Premium Decrement 15% Distribution Index,미국,기타,커버드콜,20260811
0118Z0,KR70118Z0002,ACE 미국AI테크핵심산업액티브,한국투자신탁운용,0.45,55599500000,9190,9183.52,2025-10-28,주식,해외,실물(액티브),배당소득세(보유기간과세),Akros U.S. AI Innovator Price Return Index,미국,AI·테크,일반,20260811
280320,KR7280320003,ACE 미국IT인터넷(합성 H),한국투자신탁운용,0.5,17472000000,21840,22025.7,2017-10-17,주식,해외,합성(패시브),배당소득세(보유기간과세),다우존스 인터넷 종합지수,미국,AI·테크,일반,20260811
438080,KR7438080004,ACE 미국S&P500미국채혼합50액티브,한국투자신탁운용,0.15,1245867000000,14470,14457.74,2022-08-26,혼합자산,해외,실물(액티브),배당소득세(보유기간과세),S&P 500 and Short-Term Treasury 50/50 Blend Index,미국,채권·금리,인버스,20260811
360200,KR7360200000,ACE 미국S&P500,한국투자신탁운용,0.004,4054237000000,27505,27498.2,2020-08-07,주식,해외,실물(패시브),배당소득세(보유기간과세),S&P 500,미국,광범위지수,일반,20260811
0155M0,KR70155M0001,ACE 미국SMR원자력TOP10,한국투자신탁운용,0.45,30419500000,7330,7316.39,2026-02-03,주식,해외,실물(패시브),배당소득세(보유기간과세),Solactive US SMR Nuclear TOP 10 Index (Price Return),미국,에너지·원자력,일반,20260811
309230,KR7309230001,ACE 미국WideMoat동일가중,한국투자신탁운용,0.4,118807000000,32110,32211.83,2018-10-25,주식,해외,실물(패시브),배당소득세(보유기간과세),MorningStar Wide Moat Focus Index,기타,기타,일반,20260811
438100,KR7438100000,ACE 미국나스닥100미국채혼합50액티브,한국투자신탁운용,0.15,941528000000,15640,15609.3,2022-08-26,혼합자산,해외,실물(액티브),배당소득세(보유기간과세),NASDAQ-100 US T-Bills 50/50 Index,미국,기타,일반,20260811
367380,KR7367380003,ACE 미국나스닥100,한국투자신탁운용,0.006,3529922500000,31945,31906.88,2020-10-29,주식,해외,실물(패시브),배당소득세(보유기간과세),NASDAQ 100,미국,광범위지수,일반,20260811
456880,KR7456880004,ACE 미국달러SOFR금리(합성),한국투자신탁운용,0.05,342267800000,12410,12419.49,2023-04-25,기타,해외,합성(패시브),배당소득세(보유기간과세),Solactive SOFR Daily Total Return Index,미국,채권·금리,일반,20260811
440650,KR7440650000,ACE 미국달러단기채권액티브,한국투자신탁운용,0.3,42714000000,11865,11858.85,2022-08-23,채권,해외,실물(액티브),배당소득세(보유기간과세),Bloomberg Short-Term Treasury Total Return Index,미국,채권·금리,인버스,20260811
0127M0,KR70127M0006,ACE 미국대형가치주액티브,한국투자신탁운용,0.3,150390750000,12585,12568.76,2025-11-11,주식,해외,실물(액티브),배당소득세(보유기간과세),CRSP US Large Cap Value Index(PR),미국,기타,일반,20260811
0127P0,KR70127P0003,ACE 미국대형성장주액티브,한국투자신탁운용,0.3,691968000000,10880,10873.11,2025-11-11,주식,해외,실물(액티브),배당소득세(보유기간과세),CRSP US Large Cap Growth Index(PR),미국,광범위지수,일반,20260811
480040,KR7480040005,ACE 미국반도체데일리타겟커버드콜(합성),한국투자신탁운용,0.45,197000000000,15760,15542.43,2024-04-23,주식,해외,합성(패시브),배당소득세(보유기간과세),Bloomberg US Listed Semiconductor Premium Decrement 15% Distribution Index,미국,반도체,커버드콜,20260811
402970,KR7402970008,ACE 미국배당다우존스,한국투자신탁운용,0.01,963153000000,15585,15598.97,2021-10-21,주식,해외,실물(패시브),배당소득세(보유기간과세),Dow Jones U.S. Dividend 100 Price Return Index,미국,배당주,일반,20260811
0049M0,KR70049M0001,ACE 미국배당퀄리티+커버드콜액티브,한국투자신탁운용,0.15,79802500000,11650,11626.27,2025-05-13,주식,해외,실물(액티브),배당소득세(보유기간과세),Bloomberg WisdomTree U.S. Quality Dividend & B500 Premium Decrement 50:50 Index,미국,배당주,커버드콜,20260811
0046Y0,KR70046Y0000,ACE 미국배당퀄리티,한국투자신탁운용,0.15,55462500000,13050,13039.33,2025-05-13,주식,해외,실물(패시브),배당소득세(보유기간과세),WisdomTree U.S. Quality Dividend Growth Index (Price Return),미국,배당주,일반,20260811
0049K0,KR70049K0003,ACE 미국배당퀄리티채권혼합50,한국투자신탁운용,0.15,25560000000,11360,11326.57,2025-05-13,혼합자산,국내&해외,실물(패시브),배당소득세(보유기간과세),Bloomberg WisdomTree U.S. Quality Dividend & Short Term KRW Bonds 50:50 TR Index,미국,채권·금리,인버스,20260811
181480,KR7181480005,ACE 미국부동산리츠(합성 H),한국투자신탁운용,0.3,10147200000,84560,85099.63,2013-08-01,부동산,해외,합성(패시브),배당소득세(분리과세부동산ETF),Dow Jones U.S. Real Estate Index,미국,리츠·부동산,일반,20260811
480020,KR7480020007,ACE 미국빅테크7+데일리타겟커버드콜(합성),한국투자신탁운용,0.45,171819000000,11230,11154.88,2024-04-23,주식,해외,합성(패시브),배당소득세(보유기간과세),Bloomberg US Big Tech Top 7 Plus Premium Decrement 15% Distribution Index,미국,AI·테크,커버드콜,20260811
465610,KR7465610004,ACE 미국빅테크TOP7 Plus레버리지(합성),한국투자신탁운용,0.6,112512000000,46880,46839.68,2023-09-12,주식,해외,합성(패시브),배당소득세(보유기간과세),Solactive US Big Tech Top 7 Plus Price Return Index,미국,AI·테크,일반,20260811
465620,KR7465620003,ACE 미국빅테크TOP7 Plus인버스(합성),한국투자신탁운용,0.6,1550000000,6200,6198.33,2023-09-12,주식,해외,합성(패시브),배당소득세(보유기간과세),Solactive US Big Tech Top 7 Plus Price Return Index,미국,AI·테크,일반,20260811
465580,KR7465580009,ACE 미국빅테크TOP7 Plus,한국투자신탁운용,0.3,1126216000000,25480,25459.63,2023-09-12,주식,해외,실물(패시브),배당소득세(보유기간과세),Solactive US Big Tech Top 7 Plus Price Return Index,미국,AI·테크,일반,20260811
0180V0,KR70180V0009,ACE 미국우주테크액티브,한국투자신탁운용,0.8,165469500000,8755,8921.06,2026-04-14,주식,해외,실물(액티브),배당소득세(보유기간과세),FnGuide 미국스페이스테크 지수(시장가격),미국,AI·테크,일반,20260811
473590,KR7473590008,ACE 미국주식베스트셀러,한국투자신탁운용,0.3,40986000000,18630,18607.06,2023-12-27,주식,해외,실물(패시브),배당소득세(보유기간과세),FnGuide 미국 주식 베스트셀러 지수(시장가격지수),미국,기타,일반,20260811
0008E0,KR70008E0000,ACE 미국중심중소형제조업,한국투자신탁운용,0.45,12758500000,13430,13446.3,2025-01-21,주식,해외,실물(패시브),배당소득세(보유기간과세),NYSE FactSet US Focus Manufacturing Index(Price Return),미국,기타,일반,20260811
391600,KR7391600004,ACE 미국친환경그린테마,한국투자신탁운용,0.7,4972500000,11050,11024.13,2021-08-05,주식,해외,실물(패시브),배당소득세(보유기간과세),Indxx US Green Infrastructure Price return Index,미국,기타,일반,20260811
455660,KR7455660001,ACE 미국하이일드액티브(H),한국투자신탁운용,0.24,62469000000,9465,9453.83,2023-04-18,채권,해외,실물(액티브),배당소득세(보유기간과세),iBoxx USD Liquid High Yield Total Return Index,기타,기타,일반,20260811
245710,KR7245710009,ACE 베트남VN30(합성),한국투자신탁운용,0.7,285131000000,29095,29390.67,2016-07-01,주식,해외,합성(패시브),배당소득세(보유기간과세),VN30 Index(PR),베트남,기타,일반,20260811
131890,KR7131890006,ACE 삼성그룹동일가중,한국투자신탁운용,0.15,16058000000,40145,40096.4,2010-09-17,주식,국내,실물(패시브),비과세,MKF SAMs EW 지수,한국,기타,일반,20260811
108450,KR7108450008,ACE 삼성그룹섹터가중,한국투자신탁운용,0.15,83204000000,37820,37857.55,2009-02-03,주식,국내,실물(패시브),비과세,MKF SAMs SW,한국,기타,일반,20260811
0194M0,KR70194M0004,ACE 삼성전자단일종목레버리지,한국투자신탁운용,0.09,47863125000,9525,9518.28,2026-05-27,주식,국내,실물(패시브),배당소득세(보유기간과세),KRX 삼성전자 지수,한국,개별종목,일반,20260811
226380,KR7226380004,ACE Fn성장소비주도주,한국투자신탁운용,0.5,4217500000,6025,6063.74,2015-08-19,주식,국내,실물(패시브),비과세,FnGuide 성장소비주도 지수,한국,소비재,일반,20260811
316300,KR7316300003,ACE 싱가포르리츠,한국투자신탁운용,0.4,6680000000,13360,13531.94,2019-01-29,부동산,해외,실물(패시브),배당소득세(분리과세부동산ETF),Morningstar Singapore REIT Yield Focus Index(PR),기타,리츠·부동산,일반,20260811
277540,KR7277540001,ACE 아시아TOP50,한국투자신탁운용,0.7,25292000000,31615,31536.98,2017-08-23,주식,국내&해외,실물(패시브),배당소득세(보유기간과세),S&P ASIA50 Price Return Index,국내+해외,기타,일반,20260811
483320,KR7483320008,ACE 엔비디아밸류체인액티브,한국투자신탁운용,0.45,289110500000,24295,24185.65,2024-06-11,주식,해외,실물(액티브),배당소득세(보유기간과세),KEDI 글로벌AI반도체 지수,글로벌,반도체,일반,20260811
448540,KR7448540005,ACE 엔비디아채권혼합,한국투자신탁운용,0.07,237007000000,26630,26558.48,2022-11-29,혼합자산,국내&해외,실물(패시브),배당소득세(보유기간과세),Bloomberg Blended NVIDIA Equity and Korean Bond Index,미국,개별종목,일반,20260811
0099L0,KR70099L0001,ACE 우량회사채(AA-이상)액티브,한국투자신탁운용,0.095,166073845000,99505,99540.23,2025-09-09,채권,국내,실물(액티브),배당소득세(보유기간과세),KIS 1~3년 우량크레딧(AA-이상) 총수익지수,한국,채권·금리,일반,20260811
433500,KR7433500006,ACE 원자력TOP10,한국투자신탁운용,0.3,212700000000,53175,53095.52,2022-06-28,주식,국내,실물(패시브),비과세,DeepSearch 원자력 TOP 10지수,한국,에너지·원자력,일반,20260811
0102X0,KR70102X0002,ACE 유럽방산TOP10,한국투자신탁운용,0.35,6474000000,9960,10031.07,2025-09-23,주식,해외,실물(패시브),배당소득세(보유기간과세),NYSE FactSet Europe Defense TOP10 Index (Price Return),미국,방산·우주,일반,20260811
487920,KR7487920001,ACE 인도시장대표BIG5그룹액티브,한국투자신탁운용,0.45,8385000000,8385,8427.73,2024-09-10,주식,해외,실물(액티브),배당소득세(보유기간과세),Indxx India Big 5 Conglomerates Index (Price Return),인도,기타,일반,20260811
487910,KR7487910002,ACE 인도컨슈머파워액티브,한국투자신탁운용,0.45,10548000000,8790,8817.63,2024-09-10,주식,해외,실물(액티브),배당소득세(보유기간과세),Indxx India Super Consumption Index (Price Return),인도,기타,일반,20260811
145670,KR7145670006,ACE 인버스,한국투자신탁운용,0.15,3284400000,1428,1432.69,2011-09-08,주식,국내,실물(패시브),배당소득세(보유기간과세),코스피 200 선물지수,한국,광범위지수,일반,20260811
497520,KR7497520007,ACE 일라이릴리밸류체인,한국투자신탁운용,0.45,8830250000,13585,13617.28,2024-11-19,주식,해외,실물(패시브),배당소득세(보유기간과세),Solactive Eli Lilly Value Chain Index(PR),기타,기타,일반,20260811
196030,KR7196030001,ACE 일본TOPIX레버리지(H),한국투자신탁운용,0.5,45217500000,90435,90849.4,2014-06-16,주식,해외,실물(패시브),배당소득세(보유기간과세),TOPIX,일본,광범위지수,일반,20260811
238720,KR7238720007,ACE 일본Nikkei225(H),한국투자신탁운용,0.3,43843500000,48715,48735.44,2016-03-03,주식,해외,실물(패시브),배당소득세(해외주식투자전용ETF),Nikkei 225,일본,기타,일반,20260811
469160,KR7469160006,ACE 일본반도체,한국투자신탁운용,0.45,23139000000,25710,25810.86,2023-10-17,주식,해외,실물(패시브),배당소득세(보유기간과세),Bloomberg Japan Semiconductor Select Top 25 Index(Price Return),일본,반도체,일반,20260811
205720,KR7205720006,ACE 일본TOPIX인버스(합성 H),한국투자신탁운용,0.5,4356000000,1452,1457.86,2014-09-29,주식,해외,합성(패시브),배당소득세(보유기간과세),TOPIX,일본,광범위지수,일반,20260811
356540,KR7356540005,ACE 종합채권(AA-이상)액티브,한국투자신탁운용,0.02,993444300000,100755,100906.47,2020-07-21,채권,국내,실물(액티브),배당소득세(보유기간과세),KIS 종합채권 AA-이상 총수익 지수(Total return Index),한국,채권·금리,일반,20260811
447430,KR7447430000,ACE 주주환원가치주액티브,한국투자신탁운용,0.7,48763500000,16530,16507.42,2022-11-15,주식,국내,실물(액티브),배당소득세(보유기간과세),FnGuide 올라운드 가치주 지수,한국,기타,일반,20260811
416090,KR7416090009,ACE 중국과창판STAR50,한국투자신탁운용,0.5,20655000000,13770,13839.81,2022-01-13,주식,해외,실물(패시브),배당소득세(보유기간과세),STAR 50 Index(Price Return),기타,기타,일반,20260811
168580,KR7168580009,ACE 중국본토CSI300,한국투자신탁운용,0.7,111696000000,35800,36033.83,2012-11-29,주식,해외,실물(패시브),배당소득세(해외주식투자전용ETF),CSI 300 Index,중국,광범위지수,일반,20260811
219900,KR7219900008,ACE 중국본토CSI300레버리지(합성),한국투자신탁운용,0.5,6440000000,4600,4641.41,2015-05-28,주식,해외,합성(패시브),배당소득세(보유기간과세),CSI 300 Index,중국,광범위지수,일반,20260811
272910,KR7272910001,ACE 중장기국공채액티브,한국투자신탁운용,0.08,72955520000,106040,106068.63,2017-06-29,채권,국내,실물(액티브),배당소득세(보유기간과세),KIS 종합채권국공채1-10Y지수,한국,채권·금리,일반,20260811
0087F0,KR70087F0003,ACE 차이나AI빅테크TOP2+액티브,한국투자신탁운용,0.45,6495000000,12990,13177.87,2025-07-29,주식,해외,실물(액티브),배당소득세(보유기간과세),Solactive China AI Big Tech TOP2+ Index (Price Return),중국,AI·테크,일반,20260811
371870,KR7371870007,ACE 차이나항셍테크,한국투자신탁운용,0.25,11744000000,7340,7447.47,2020-12-16,주식,해외,실물(패시브),배당소득세(보유기간과세),Hang Seng TECH Index,중국,AI·테크,일반,20260811
0209Z0,KR70209Z0002,ACE 코리아AI전력TOP10,한국투자신탁운용,0.39,36729000000,6930,6917.02,2026-06-23,주식,국내,실물(패시브),비과세,Akros 코리아 AI전력 TOP 10 지수 (시장가격),한국,AI·테크,일반,20260811
380340,KR7380340000,ACE 코리아AI테크핵심산업,한국투자신탁운용,0.35,32304000000,26920,26780.46,2021-04-02,주식,국내,실물(패시브),비과세,FnGuide 코리아AI테크핵심산업지수 (Price Return),한국,AI·테크,일반,20260811
496120,KR7496120007,ACE 코리아밸류업,한국투자신탁운용,0.09,23445000000,31260,31373.32,2024-11-04,주식,국내,실물(패시브),비과세,코리아 밸류업 지수,한국,배당주,일반,20260811
354500,KR7354500001,ACE 코스닥150,한국투자신탁운용,0.02,157993000000,14905,14903.09,2020-05-07,주식,국내,실물(패시브),비과세,코스닥 150,한국,광범위지수,일반,20260811
305050,KR7305050007,ACE 코스피,한국투자신탁운용,0.02,39591000000,65985,65887.59,2018-10-05,주식,국내,실물(패시브),비과세,코스피,한국,광범위지수,일반,20260811
457480,KR7457480002,ACE 테슬라밸류체인액티브,한국투자신탁운용,0.29,755525250000,18405,18447.35,2023-05-16,주식,해외,실물(액티브),배당소득세(보유기간과세),Bloomberg EV Supporters Plus Tesla Price Return Index,미국,개별종목,일반,20260811
469170,KR7469170005,ACE 포스코그룹포커스,한국투자신탁운용,0.3,113400000000,5670,5663.81,2023-10-17,주식,국내,실물(패시브),비과세,FnGuide 포스코그룹포커스 지수(시장가격),한국,기타,일반,20260811
491220,KR7491220000,PLUS 200TR,한화자산운용,0.01,53147250000,118105,117838.57,2024-09-10,주식,국내,실물(패시브),배당소득세(보유기간과세),코스피 200 TR,한국,광범위지수,일반,20260811
152100,KR7152100004,PLUS 200,한화자산운용,0.017,1399591000000,100690,100708.7,2012-01-10,주식,국내,실물(패시브),비과세,코스피 200,한국,광범위지수,일반,20260811
253150,KR7253150007,PLUS 200선물레버리지,한화자산운용,0.06,42983750000,171935,172030.56,2016-09-29,주식,국내,실물(패시브),배당소득세(보유기간과세),코스피 200 선물지수,한국,광범위지수,일반,20260811
253160,KR7253160006,PLUS 200선물인버스2X,한화자산운용,0.06,1324800000,192,193.31,2016-09-22,주식,국내,실물(패시브),배당소득세(보유기간과세),코스피 200 선물지수,한국,광범위지수,일반,20260811
0203D0,KR70203D0004,PLUS 200위클리커버드콜채권혼합,한화자산운용,0.39,9537000000,8670,8667.93,2026-06-02,혼합자산,국내,실물(패시브),배당소득세(보유기간과세),코스피 200 KTB 혼합 위클리 고정 10% 커버드콜 지수,한국,채권·금리,커버드콜,20260811
0210E0,KR70210E0004,PLUS 200커버드콜액티브,한화자산운용,0.491,53820000000,6900,6880.28,2026-06-23,주식,국내,실물(액티브),배당소득세(보유기간과세),코스피 200 위클리 고정 30% 커버드콜 지수,한국,광범위지수,커버드콜,20260811
395750,KR7395750003,PLUS ESG가치주액티브,한화자산운용,0.105,7680000000,19200,19241.56,2021-07-30,주식,국내,실물(액티브),배당소득세(보유기간과세),FnGuide 한화 ESG 가치 지수,한국,광범위지수,일반,20260811
395760,KR7395760002,PLUS ESG성장주액티브,한화자산운용,0.105,12021000000,20035,19972.28,2021-07-30,주식,국내,실물(액티브),배당소득세(보유기간과세),FnGuide 한화 ESG 성장 지수,한국,광범위지수,일반,20260811
453010,KR7453010001,PLUS KOFR금리,한화자산운용,0.05,14696450000,109675,109690.09,2023-03-14,기타,국내,실물(패시브),배당소득세(보유기간과세),KOFR 지수,한국,채권·금리,일반,20260811
227830,KR7227830007,PLUS 코스피,한화자산운용,0.2,16435000000,65740,65661.31,2015-09-23,주식,국내,실물(패시브),비과세,코스피,한국,광범위지수,일반,20260811
122090,KR7122090004,PLUS 코스피50,한화자산운용,0.33,170639700000,73870,73895.97,2010-01-07,주식,국내,실물(패시브),비과세,코스피 50,한국,광범위지수,일반,20260811
429740,KR7429740004,PLUS K리츠,한화자산운용,0.25,6886000000,6260,6327.49,2022-05-24,부동산,국내,실물(패시브),비과세(분리과세부동산ETF),FnGuide 리츠 지수,한국,리츠·부동산,일반,20260811
0104G0,KR70104G0001,PLUS K방산레버리지,한화자산운용,0.5,16728000000,6560,6576.14,2025-09-30,주식,국내,실물(패시브),배당소득세(보유기간과세),FnGuide K-방위산업 지수,한국,방산·우주,일반,20260811
0090B0,KR70090B0002,PLUS K방산소부장,한화자산운용,0.45,15895000000,7225,7244.19,2025-08-26,주식,국내,실물(패시브),비과세,Akros K방산소부장 지수(PR),한국,방산·우주,일반,20260811
449450,KR7449450006,PLUS K방산,한화자산운용,0.45,1080511000000,55100,55088.42,2023-01-05,주식,국내,실물(패시브),비과세,FnGuide K-방위산업 지수,한국,방산·우주,일반,20260811
0166S0,KR70166S0002,PLUS K제조업핵심기업액티브,한화자산운용,0.63,54115250000,10115,10094.31,2026-03-24,주식,국내,실물(액티브),배당소득세(보유기간과세),Akros K제조업 50 지수,한국,기타,일반,20260811
269540,KR7269540001,PLUS 미국S&P500(H),한화자산운용,0.3,91200000000,30400,30352.78,2017-05-16,주식,해외,실물(패시브),배당소득세(해외주식투자전용ETF),S&P 500,미국,광범위지수,일반,20260811
269530,KR7269530002,PLUS S&P글로벌인프라,한화자산운용,0.3,12486000000,20810,20625.26,2017-05-16,주식,해외,실물(패시브),배당소득세(해외주식투자전용ETF),S&P Global Infrastructure Index,글로벌,기타,일반,20260811
0226A0,KR70226A0000,PLUS SK하이닉스샌디스크채권혼합50,한화자산운용,0.25,48775000000,9755,9771.02,2026-08-04,혼합자산,국내&해외,실물(패시브),배당소득세(보유기간과세),Akros SK하이닉스 샌디스크 채권혼합 50 지수,국내+해외,개별종목,혼합,20260811
251590,KR7251590006,PLUS 고배당저변동50,한화자산운용,0.23,12183500000,17405,17434.4,2016-08-11,주식,국내,실물(패시브),비과세,FnGuide 고배당저변동50 지수,한국,배당주,일반,20260811
161510,KR7161510003,PLUS 고배당주,한화자산운용,0.23,2376399600000,25020,25017.64,2012-08-29,주식,국내,실물(패시브),비과세,FnGuide 배당주 지수,한국,배당주,일반,20260811
0018C0,KR70018C0000,PLUS 고배당주위클리고정커버드콜,한화자산운용,0.3,78807500000,10870,10829.13,2025-03-05,주식,국내,실물(패시브),배당소득세(보유기간과세),코스피 고배당 위클리 고정 커버드콜 지수,한국,배당주,커버드콜,20260811
489030,KR7489030007,PLUS 고배당주위클리커버드콜,한화자산운용,0.3,302513500000,6730,6744.14,2024-08-13,주식,국내,실물(패시브),배당소득세(보유기간과세),코스피 고배당 위클리 콜매도 ATM 지수,한국,배당주,일반,20260811
251600,KR7251600003,PLUS 고배당주채권혼합,한화자산운용,0.2,595019000000,15415,15395.47,2016-08-11,혼합자산,국내,실물(패시브),배당소득세(보유기간과세),FnGuide 고배당 채권혼합 지수,한국,채권·금리,혼합,20260811
461460,KR7461460008,PLUS 국고채10년액티브,한화자산운용,0.045,83297810000,51355,51391.76,2023-07-18,채권,국내,실물(액티브),배당소득세(보유기간과세),KAP 국고채 10년 동일가중 지수(총수익),한국,채권·금리,일반,20260811
451600,KR7451600001,PLUS 국고채30년액티브,한화자산운용,0.05,11328530000,82690,82981.2,2023-02-07,채권,국내,실물(액티브),배당소득세(보유기간과세),KAP 국고채 30년 지수(총수익),한국,채권·금리,일반,20260811
491230,KR7491230009,PLUS 국공채머니마켓액티브,한화자산운용,0.05,112764800000,52400,52411.34,2024-09-10,채권,국내,실물(액티브),배당소득세(보유기간과세),KAP 국공채 MMF 지수(총수익),한국,채권·금리,일반,20260811
289670,KR7289670002,PLUS 국채선물10년,한화자산운용,0.05,5835200000,52100,52083.13,2018-02-07,채권,국내,실물(패시브),배당소득세(보유기간과세),10년국채선물지수,한국,채권·금리,일반,20260811
298340,KR7298340001,PLUS 국채선물3년,한화자산운용,0.1,56033120000,56485,56474.27,2018-06-08,채권,국내,실물(패시브),배당소득세(보유기간과세),국채선물지수,한국,채권·금리,일반,20260811
489010,KR7489010009,PLUS 글로벌AI인프라,한화자산운용,0.45,3186750000,21245,21100.71,2024-08-13,주식,해외,실물(패시브),배당소득세(보유기간과세),Solactive Global AI Infrastructure Index (PR),글로벌,AI·테크,일반,20260811
442580,KR7442580007,PLUS 글로벌HBM반도체,한화자산운용,0.5,1606488200000,92380,92024.63,2022-09-22,주식,해외,실물(패시브),배당소득세(보유기간과세),iSelect 글로벌HBM반도체 지수,글로벌,반도체,일반,20260811
496770,KR7496770009,PLUS 글로벌방산,한화자산운용,0.45,33985000000,19420,19399.48,2024-11-12,주식,해외,실물(패시브),배당소득세(보유기간과세),Solactive Global Defense Index(PR),글로벌,방산·우주,일반,20260811
419650,KR7419650007,PLUS 글로벌수소&차세대연료전지,한화자산운용,0.5,17468750000,5375,5312.08,2022-02-15,주식,해외,실물(패시브),배당소득세(보유기간과세),BlueStar Hydrogen and NextGen Fuel Cell Index (시장가격),기타,에너지·원자력,일반,20260811
0007G0,KR70007G0009,PLUS 글로벌원자력밸류체인,한화자산운용,0.39,42450000000,14150,14143.68,2025-01-14,주식,해외,실물(패시브),배당소득세(보유기간과세),Solactive Global Nuclear Energy Value Chain Index(PR),글로벌,에너지·원자력,일반,20260811
0166T0,KR70166T0001,PLUS 글로벌저작권핵심기업액티브,한화자산운용,0.45,8080000000,10100,10125.96,2026-03-31,주식,해외,실물(액티브),배당소득세(보유기간과세),iSelect 미국AI지적재산 지수(PR),미국,AI·테크,일반,20260811
0035T0,KR70035T0000,PLUS 글로벌휴머노이드로봇액티브,한화자산운용,0.45,96768000000,20160,20140.84,2025-04-15,주식,국내&해외,실물(액티브),배당소득세(보유기간과세),iSelect 글로벌휴머노이드로봇 (PR),글로벌,AI·테크,일반,20260811
415920,KR7415920008,PLUS 글로벌희토류&전략자원생산기업,한화자산운용,0.5,34661000000,7535,7594.32,2022-01-18,주식,해외,실물(패시브),배당소득세(보유기간과세),MVIS Global Rare Earth/Strategic Metals Index (Price Return),글로벌,기타,일반,20260811
0138Y0,KR70138Y0009,PLUS 금채권혼합,한화자산운용,0.15,100738750000,9925,9950.02,2025-12-16,혼합자산,국내&해외,실물(패시브),배당소득세(보유기간과세),Akros 미국 금현물 ETF 채권혼합 지수,미국,채권·금리,혼합,20260811
278620,KR7278620000,PLUS 단기채권액티브,한화자산운용,0.07,65148980000,118885,118855.03,2017-09-26,채권,국내,실물(액티브),배당소득세(보유기간과세),"KAP 투자적격 크레딧 채권 1년 지수(A- 이상,총수익)",한국,채권·금리,일반,20260811
477050,KR7477050009,PLUS 머니마켓액티브,한화자산운용,0.05,424689000000,53420,53409.89,2024-03-26,채권,국내,실물(액티브),배당소득세(보유기간과세),KAP 시가평가 MMF 지수(총수익),한국,채권·금리,일반,20260811
0050E0,KR70050E0007,PLUS 미국AI에이전트,한화자산운용,0.45,4212500000,8425,8447.25,2025-05-20,주식,해외,실물(패시브),배당소득세(보유기간과세),Solactive US AI Agents Index(PR),미국,AI·테크,일반,20260811
429760,KR7429760002,PLUS 미국S&P500,한화자산운용,0.07,42567000000,20270,20255.44,2022-05-31,주식,해외,실물(패시브),배당소득세(보유기간과세),S&P 500,미국,광범위지수,일반,20260811
0057H0,KR70057H0007,PLUS 미국S&P500미국채혼합50액티브,한화자산운용,0.15,81566000000,11995,11998.9,2025-06-10,혼합자산,해외,실물(액티브),배당소득세(보유기간과세),S&P 500 and U.S. Treasury Bill 0-3 Month 50/50 Blend Index (USD),미국,채권·금리,일반,20260811
494410,KR7494410004,PLUS 미국S&P500성장주,한화자산운용,0.006,32472000000,14760,14824.67,2024-10-22,주식,해외,실물(패시브),배당소득세(보유기간과세),S&P 500 Growth Index(PR),미국,광범위지수,일반,20260811
0153X0,KR70153X0000,PLUS 미국고배당주액티브,한화자산운용,0.23,22366500000,11470,11484.66,2026-01-27,주식,해외,실물(액티브),배당소득세(보유기간과세),Akros 미국 고배당주 20 지수,미국,배당주,일반,20260811
0089B0,KR70089B0005,PLUS 미국나스닥100미국채혼합50,한화자산운용,0.15,32256000000,11520,11512.78,2025-08-19,혼합자산,해외,실물(패시브),배당소득세(보유기간과세),Nasdaq-100 US T-Bills 1-3 Month 50/50 Index (USD),미국,기타,일반,20260811
287180,KR7287180004,PLUS 미국나스닥테크,한화자산운용,0.5,51115500000,56795,56600.28,2017-12-13,주식,해외,실물(패시브),배당소득세(해외주식투자전용ETF),NASDAQ 100 Technology Sector Index,미국,AI·테크,일반,20260811
332610,KR7332610005,PLUS 미국단기회사채(AAA~A),한화자산운용,0.315,12362400000,128775,128867.73,2019-08-20,채권,해외,실물(패시브),배당소득세(보유기간과세),ICE BofaAML 1-3 Year AAA-A US Corporate Index(총수익지수),미국,채권·금리,일반,20260811
456200,KR7456200005,PLUS 미국달러SOFR금리액티브(합성),한화자산운용,0.09,6735850000,61235,61283.31,2023-05-09,기타,해외,합성(액티브),배당소득세(보유기간과세),Solactive SOFR Daily Total Return Index,미국,채권·금리,일반,20260811
0078V0,KR70078V0004,PLUS 미국로보택시,한화자산운용,0.49,5177500000,10355,10317.22,2025-07-22,주식,해외,실물(패시브),배당소득세(보유기간과세),KEDI 미국로보택시 지수(PR),미국,기타,일반,20260811
494420,KR7494420003,PLUS 미국배당증가성장주데일리커버드콜,한화자산운용,0.39,16609000000,9770,9734.16,2024-10-22,주식,해외,실물(패시브),배당소득세(보유기간과세),Bloomberg U.S. Dividend Growth Partial Covered Call Index,미국,배당주,커버드콜,20260811
0023B0,KR70023B0004,PLUS 미국양자컴퓨팅TOP10,한화자산운용,0.45,33850000000,16925,16923.59,2025-03-11,주식,해외,실물(패시브),배당소득세(보유기간과세),iSelect 미국양자컴퓨팅 TOP10 (PR),미국,AI·테크,일반,20260811
332620,KR7332620004,PLUS 미국장기우량회사채,한화자산운용,0.315,16902930000,90390,90325.21,2019-08-20,채권,해외,실물(패시브),배당소득세(보유기간과세),ICE BofaAML 15+ Year AAA-A US Corporate Index(총수익지수),미국,채권·금리,일반,20260811
464470,KR7464470004,PLUS 미국채30년액티브,한화자산운용,0.15,40227680000,48820,48905.98,2023-08-22,채권,해외,실물(액티브),배당소득세(보유기간과세),ICE U.S. Treasury 20+ Year Bond Index(Total Return),미국,채권·금리,일반,20260811
461900,KR7461900003,PLUS 미국테크TOP10,한화자산운용,0.01,18452000000,23065,23006.85,2023-07-18,주식,해외,실물(패시브),배당소득세(보유기간과세),iSelect 미국 Tech 10 지수,미국,AI·테크,일반,20260811
0193K0,KR70193K0007,PLUS 삼성전자단일종목레버리지,한화자산운용,0.09,15630000000,10420,10442.78,2026-05-27,주식,국내,실물(패시브),배당소득세(보유기간과세),KRX 삼성전자 지수,한국,개별종목,일반,20260811
0193L0,KR70193L0006,PLUS 삼성전자선물단일종목인버스2X,한화자산운용,0.49,20057200000,12230,12402.5,2026-05-27,주식,국내,실물(패시브),배당소득세(보유기간과세),KRX 삼성전자 선물 지수,한국,개별종목,일반,20260811
238670,KR7238670004,PLUS 스마트베타Quality채권혼합,한화자산운용,0.2,4066500000,13555,13526.28,2016-02-24,혼합자산,국내,실물(패시브),배당소득세(보유기간과세),WISE-KAP 스마트베타 Quality 채권혼합지수,한국,채권·금리,혼합,20260811
256450,KR7256450008,PLUS 심천차이넥스트(합성),한화자산운용,0.5,7932500000,15865,15947.43,2016-11-08,주식,해외,합성(패시브),배당소득세(보유기간과세),SZSE ChiNext Price Index,기타,기타,일반,20260811
447660,KR7447660002,PLUS 애플채권혼합,한화자산운용,0.25,22588500000,13690,13689.78,2022-11-29,혼합자산,국내&해외,실물(패시브),배당소득세(보유기간과세),FnGuide 애플채권혼합 지수,미국,개별종목,혼합,20260811
239660,KR7239660004,PLUS 우량회사채50,한화자산운용,0.135,21878100000,121545,121552.31,2016-03-22,채권,국내,실물(패시브),배당소득세(보유기간과세),KOBI HALF CREDIT Index(총수익),한국,채권·금리,일반,20260811
421320,KR7421320003,PLUS 우주항공,한화자산운용,0.45,273048000000,29360,29258.19,2022-03-29,주식,국내,실물(패시브),비과세,iSelect 우주항공UAM 지수,한국,방산·우주,일반,20260811
0184N0,KR70184N0005,PLUS 은채권혼합,한화자산운용,0.15,7983000000,8870,8954.84,2026-05-12,혼합자산,국내&해외,실물(패시브),배당소득세(보유기간과세),Akros 은 채권혼합 지수,국내+해외,채권·금리,혼합,20260811
464920,KR7464920008,PLUS 일본반도체소부장,한화자산운용,0.5,31693750000,25355,25370.23,2023-08-31,주식,해외,실물(패시브),배당소득세(보유기간과세),Solactive Japan Semiconductor Materials and Equipment Index PR,일본,반도체,일반,20260811
489000,KR7489000000,PLUS 일본엔화초단기국채(합성),한화자산운용,0.19,20713000000,9415,9406.81,2024-08-13,채권,해외,합성(패시브),배당소득세(보유기간과세),KAP 일본 단기 국채 지수(총수익),일본,채권·금리,일반,20260811
0098N0,KR70098N0000,PLUS 자사주매입고배당주,한화자산운용,0.3,78347500000,12950,12925.62,2025-09-16,주식,국내,실물(패시브),비과세,FnGuide 고배당주 플러스 자사주 지수 (PR),한국,배당주,일반,20260811
433880,KR7433880002,PLUS TDF2060액티브 적격,한화자산운용,0.2,66570000000,19020,18962.77,2022-06-30,혼합자산,국내&해외,실물(액티브),배당소득세(보유기간과세),Morningstar Korea Lifetime Allocation Moderate 2060 Index (Gross Return),국내+해외,기타,일반,20260811
451000,KR7451000004,PLUS 종합채권(AA-이상)액티브,한화자산운용,0.045,399613620000,106820,106902.99,2023-01-10,채권,국내,실물(액티브),배당소득세(보유기간과세),"KAP 종합채권지수(AA-이상, 총수익)",한국,채권·금리,일반,20260811
280920,KR7280920000,PLUS 주도업종,한화자산운용,0.23,12281500000,22330,22450.71,2017-10-17,주식,국내,실물(패시브),비과세,FnGuide 주도업종 지수,한국,기타,일반,20260811
0184L0,KR70184L0007,PLUS 중기종합채권(A-이상)액티브,한화자산운용,0.06,134160825000,100495,100508.0,2026-05-12,채권,국내,실물(액티브),배당소득세(보유기간과세),KIS 중기종합채권(A-이상) 지수(총수익),한국,채권·금리,일반,20260811
266550,KR7266550003,PLUS 중형주저변동50,한화자산운용,0.23,4700000000,18800,18804.5,2017-03-28,주식,국내,실물(패시브),비과세,FnGuide 중형주저변동50지수,한국,기타,일반,20260811
0047N0,KR70047N0002,PLUS 차이나AI테크TOP10,한화자산운용,0.49,6971250000,10725,10855.28,2025-05-13,주식,해외,실물(패시브),배당소득세(보유기간과세),Solactive China AI Tech Top10 Index(PR),중국,AI·테크,일반,20260811
0128D0,KR70128D0006,PLUS 차이나항셍테크위클리타겟커버드콜,한화자산운용,0.39,5260500000,7515,7571.97,2025-11-18,주식,해외,실물(패시브),배당소득세(보유기간과세),HSTECH 15% Target Premium Weekly Covered Call Index,기타,기타,커버드콜,20260811
495040,KR7495040008,PLUS 코리아밸류업,한화자산운용,0.009,82183750000,29885,29995.93,2024-11-04,주식,국내,실물(패시브),비과세,코리아 밸류업 지수,한국,배당주,일반,20260811
0166N0,KR70166N0007,PLUS 코스닥150액티브,한화자산운용,0.63,29089000000,7655,7666.35,2026-03-17,주식,국내,실물(액티브),배당소득세(보유기간과세),코스닥 150,한국,광범위지수,일반,20260811
301400,KR7301400008,PLUS 코스닥150,한화자산운용,0.15,10419500000,14885,14912.61,2018-07-05,주식,국내,실물(패시브),비과세,코스닥 150,한국,광범위지수,일반,20260811
328370,KR7328370002,PLUS 코스피TR,한화자산운용,0.15,110298000000,35580,35673.48,2019-06-25,주식,국내,실물(패시브),배당소득세(보유기간과세),코스피 TR,한국,광범위지수,일반,20260811
457990,KR7457990000,PLUS 태양광&ESS,한화자산운용,0.45,139786000000,37780,37623.44,2023-06-20,주식,국내,실물(패시브),비과세,FnGuide 태양광 & ESS 지수,한국,에너지·원자력,일반,20260811
0132K0,KR70132K0001,PLUS 테슬라위클리커버드콜채권혼합,한화자산운용,0.39,105966000000,8120,8116.6,2025-12-09,주식,국내&해외,실물(패시브),배당소득세(보유기간과세),Akros 테슬라 위클리 커버드콜 채권혼합 지수,미국,개별종목,커버드콜,20260811
0000J0,KR70000J0003,PLUS 한화그룹주,한화자산운용,0.19,110916000000,28440,28417.89,2024-12-24,주식,국내,실물(패시브),비과세,FnGuide 한화그룹주 지수,한국,기타,일반,20260811
461910,KR7461910002,PLUS 미국테크TOP10레버리지(합성),한화자산운용,0.5,19255000000,38510,38773.31,2023-07-18,주식,해외,합성(패시브),배당소득세(보유기간과세),iSelect 미국 Tech 10 지수,미국,AI·테크,일반,20260811
213630,KR7213630007,PLUS 미국다우존스고배당주(합성 H),한화자산운용,0.4,19251000000,20925,20957.58,2015-01-26,주식,해외,합성(패시브),배당소득세(보유기간과세),Dow Jones U.S Select Dividend Index(시장가격지수),미국,배당주,일반,20260811
189400,KR7189400005,PLUS 글로벌MSCI(합성 H),한화자산운용,0.4,7840500000,26135,26121.74,2013-12-10,주식,해외,합성(패시브),배당소득세(보유기간과세),MSCI ACWI Index,글로벌,광범위지수,일반,20260811
195970,KR7195970009,PLUS 선진국MSCI(합성 H),한화자산운용,0.5,24382000000,16700,16696.28,2014-05-13,주식,해외,합성(패시브),배당소득세(보유기간과세),MSCI EAFE Index,기타,광범위지수,일반,20260811
195980,KR7195980008,PLUS 신흥국MSCI(합성 H),한화자산운용,0.5,93854600000,14945,15014.06,2014-05-13,주식,해외,합성(패시브),배당소득세(보유기간과세),MSCI EM Index,신흥국,광범위지수,일반,20260811
0184V0,KR70184V0005,UNICORN K바이오액티브,현대자산운용,0.51,7843000000,6820,6874.2,2026-05-12,주식,국내,실물(액티브),배당소득세(보유기간과세),FnGuide K-바이오 밸런스드 지수,한국,바이오·헬스케어,일반,20260811
433250,KR7433250008,UNICORN R&D 액티브,현대자산운용,0.355,5582500000,22330,22250.76,2022-07-06,주식,국내,실물(액티브),배당소득세(보유기간과세),코스피 200,한국,광범위지수,일반,20260811
494220,KR7494220007,UNICORN SK하이닉스밸류체인액티브,현대자산운용,0.5,159340500000,43065,42957.17,2024-11-07,주식,국내,실물(액티브),배당소득세(보유기간과세),FnGuide SK하이닉스밸류체인 지수,한국,개별종목,일반,20260811
470310,KR7470310004,UNICORN 생성형AI강소기업액티브,현대자산운용,0.5,5673000000,18910,18868.44,2023-11-21,주식,국내,실물(액티브),배당소득세(보유기간과세),iSelect AI 지수,한국,AI·테크,일반,20260811
476000,KR7476000005,UNICORN 포스트IPO액티브,현대자산운용,0.5,3220250000,5855,5808.89,2024-02-27,주식,국내,실물(액티브),배당소득세(보유기간과세),iSelect 포스트 IPO 지수,한국,기타,일반,20260811
491700,KR7491700001,HK 200,흥국자산운용,0.05,60306000000,100510,100065.22,2024-09-10,주식,국내,실물(패시브),비과세,코스피 200,한국,광범위지수,일반,20260811
0000Y0,KR70000Y0004,HK 26-12 회사채(AA-이상)액티브,흥국자산운용,0.065,123032800000,101680,101687.98,2024-12-24,채권,국내,실물(액티브),배당소득세(보유기간과세),KAP 26-12 크레딧 채권 총수익지수(AA-이상),한국,채권·금리,일반,20260811
215620,KR7215620006,HK S&P코리아로우볼,흥국자산운용,0.4,8926200000,16530,16520.91,2015-03-25,주식,국내,실물(패시브),비과세,S&P Korea 저변동성 지수,한국,기타,일반,20260811
0113P0,KR70113P0009,HK 머니마켓액티브,흥국자산운용,0.045,52960320000,102240,102235.54,2025-09-30,채권,국내,실물(액티브),배당소득세(보유기간과세),KAP 머니마켓 지수(총수익),한국,기타,일반,20260811
391670,KR7391670007,HK 베스트일레븐액티브,흥국자산운용,0.3,15771000000,26285,26160.9,2021-07-06,주식,국내,실물(액티브),배당소득세(보유기간과세),코스피 200,한국,광범위지수,일반,20260811
472920,KR7472920008,HK 종합채권(AA-이상)액티브,흥국자산운용,0.036,252264885000,97815,97754.85,2023-11-28,채권,국내,실물(액티브),배당소득세(보유기간과세),KAP 종합채권 AA- 이상 지수(총수익),한국,채권·금리,일반,20260811
0226D0,,FOCUS 금융반도체지주채권혼합50액티브,,,7824000000,9780,9772.02,,,,,,KAP 금융반도체지주채권혼합50지수,,,,20260811
0227K0,,RISE 미국우주위성통신,,,9585000000,9585,9735.59,,,,,,Indxx US Space Satellite Communications Index PR,,,,20260811
0228G0,,ACE 반도체Plus전략산업,,,192800000000,9640,9632.98,,,,,,iSelect 반도체 TOP2+전략산업 지수 (시장가격),,,,20260811
