ISIN,기준일,순위,구성종목코드,구성종목명,주식수,비중,전일종가
KR7466810009,20260813,1,096770,SK이노베이션,260,11.27,121700
KR7466810009,20260813,2,006400,삼성SDI,53,9.12,487000
KR7466810009,20260813,3,373220,엘지에너지솔루션,69,8.76,365500
KR7466810009,20260813,4,005070,코스모신소재,616,8.66,40600
KR7466810009,20260813,5,005490,포스코홀딩스,75,8.64,325500
KR7466810009,20260813,6,003670,포스코퓨처엠,145,8.22,165900
KR7466810009,20260813,7,051910,LG화학,84,8.2,275500
KR7466810009,20260813,8,005420,코스모화학,2189,8.1,10540
KR7466810009,20260813,9,086520,에코프로,246,7.96,92100
KR7466810009,20260813,10,066970,엘앤에프,213,7.5,102600
KR7457930006,20260813,1,005930,삼성전자,614,11.41,268000
KR7457930006,20260813,2,000660,에스케이하이닉스,89,9.74,1593000
KR7457930006,20260813,3,068270,셀트리온,209,3.07,202000
KR7457930006,20260813,4,012450,한화에어로스페이스,36,3.03,1185000
KR7457930006,20260813,5,207940,삼성바이오로직스,25,2.82,1564000
KR7457930006,20260813,6,196170,알테오젠,118,2.73,317500
KR7457930006,20260813,7,005380,현대자동차,91,2.71,418500
KR7457930006,20260813,8,034020,두산에너빌리티,445,2.6,80900
KR7457930006,20260813,9,028260,삼성물산,94,2.44,365000
KR7457930006,20260813,10,000270,기아,247,2.44,137400
KR70218K0008,20260813,1,009150,삼성전기,70,17.44,1503000
KR70218K0008,20260813,2,005380,현대자동차,176,13.45,418500
KR70218K0008,20260813,3,000270,기아,383,9.69,137400
KR70218K0008,20260813,4,012330,현대모비스,104,9.68,511000
KR70218K0008,20260813,5,006400,삼성SDI,80,7.25,487000
KR70218K0008,20260813,6,066570,LG전자,166,6.35,206500
KR70218K0008,20260813,7,204320,에이치엘만도,594,6,55500
KR70218K0008,20260813,8,373220,엘지에너지솔루션,60,4.01,365500
KR70218K0008,20260813,9,064960,에스앤티모티브,669,3.47,27600
KR70218K0008,20260813,10,437730,삼현,458,3.26,38400
KR7487750002,20260813,1,005930,삼성전자,1275,22.9,268000
KR7487750002,20260813,2,000660,에스케이하이닉스,180,19.03,1593000
KR7487750002,20260813,3,009150,삼성전기,96,9.01,1503000
KR7487750002,20260813,4,420770,기가비스,551,4.56,117900
KR7487750002,20260813,5,323280,태성,1108,3.87,51000
KR7487750002,20260813,6,080220,제주반도체,610,3.73,88300
KR7487750002,20260813,7,222800,심텍,500,3.68,105800
KR7487750002,20260813,8,036540,에스에프에이반도체,7970,3.45,6230
KR7487750002,20260813,9,011070,LG이노텍,74,3.14,615000
KR7487750002,20260813,10,058470,리노공업,592,2.97,71300
KR7445690001,20260813,1,005930,삼성전자,1020,18.1,268000
KR7445690001,20260813,2,000660,에스케이하이닉스,169,17.65,1593000
KR7445690001,20260813,3,005380,현대자동차,166,4.72,418500
KR7445690001,20260813,4,000270,기아,351,3.31,137400
KR7445690001,20260813,5,105560,KB금융지주,269,3.1,168100
KR7445690001,20260813,6,055550,신한금융지주회사,429,3.09,106600
KR7445690001,20260813,7,259960,크래프톤,179,2.92,234500
KR7445690001,20260813,8,021240,코웨이,417,2.77,97200
KR7445690001,20260813,9,042660,한화오션,343,2.15,90700
KR7445690001,20260813,10,096530,씨젠,771,1.71,31900
KR70120J0008,20260813,1,323410,카카오뱅크,4234,22.97,22150
KR70120J0008,20260813,2,035720,카카오,2025,19.98,40100
KR70120J0008,20260813,3,377300,카카오페이,1742,19.1,44700
KR70120J0008,20260813,4,041510,에스엠엔터테인먼트,758,14.28,71900
KR70120J0008,20260813,5,293490,카카오게임즈,2921,6.44,9070
KR70120J0008,20260813,6,105560,KB금융지주,152,6.29,168100
KR70120J0008,20260813,7,376300,디어유,769,3.86,19790
KR70120J0008,20260813,8,035420,네이버,63,3.39,226500
KR70120J0008,20260813,9,048550,에스엠컬처앤콘텐츠,2892,1,1337
KR70120J0008,20260813,10,259960,크래프톤,16,.94,234500
KR70112X0000,20260813,1,005930,삼성전자,2599,34.18,268000
KR70112X0000,20260813,2,000660,에스케이하이닉스,317,24.54,1593000
KR70112X0000,20260813,3,402340,SK스퀘어,51,2.69,1117000
KR70112X0000,20260813,4,009150,삼성전기,31,2.13,1503000
KR70112X0000,20260813,5,005380,현대자동차,76,1.6,418500
KR70112X0000,20260813,6,105560,KB금융지주,170,1.45,168100
KR70112X0000,20260813,7,055550,신한금융지주회사,230,1.23,106600
KR70112X0000,20260813,8,012450,한화에어로스페이스,18,1.07,1185000
KR70112X0000,20260813,9,034020,두산에너빌리티,242,1,80900
KR70112X0000,20260813,10,028260,삼성물산,54,.99,365000
KR70222F0009,20260813,1,006400,삼성SDI,145,11.21,487000
KR70222F0009,20260813,2,035420,네이버,318,10.91,226500
KR70222F0009,20260813,3,005930,삼성전자,239,9.72,268000
KR70222F0009,20260813,4,298040,효성중공업,21,9.67,3017000
KR70222F0009,20260813,5,000660,에스케이하이닉스,36,8.62,1593000
KR70222F0009,20260813,6,066570,LG전자,245,8,206500
KR70222F0009,20260813,7,267260,에이치디현대일렉트릭,51,6.35,785000
KR70222F0009,20260813,8,373220,엘지에너지솔루션,109,6.22,365500
KR70222F0009,20260813,9,010120,엘에스일렉트릭,178,5.91,214000
KR70222F0009,20260813,10,017670,SK텔레콤,346,4.84,91100
KR7442260006,20260813,1,005930,삼성전자,1544,27.45,268000
KR7442260006,20260813,2,000660,에스케이하이닉스,199,20.83,1593000
KR7442260006,20260813,3,KR70112X0000,DB마이티200TotalReturn증권상장지수투자신탁[주식],6381,17.32,40320
KR7442260006,20260813,4,402340,SK스퀘어,42,2.99,1117000
KR7442260006,20260813,5,009150,삼성전기,29,2.69,1503000
KR7442260006,20260813,6,000270,기아,172,1.62,137400
KR7442260006,20260813,7,066570,LG전자,102,1.46,206500
KR7442260006,20260813,8,034730,SK,36,1.37,553000
KR7442260006,20260813,9,105560,KB금융지주,109,1.26,168100
KR7442260006,20260813,10,005380,현대자동차,41,1.17,418500
KR70001P0004,20260813,1,068270,셀트리온,209,10.67,202000
KR70001P0004,20260813,2,207940,삼성바이오로직스,26,10.18,1564000
KR70001P0004,20260813,3,196170,알테오젠,117,9.39,317500
KR70001P0004,20260813,4,141080,리가켐 바이오사이언스,294,8.55,114400
KR70001P0004,20260813,5,237690,에스티팜,251,6.79,107600
KR70001P0004,20260813,6,005690,파미셀,1482,4.41,11920
KR70001P0004,20260813,7,298380,에이비엘바이오,198,4.34,86800
KR70001P0004,20260813,8,128940,한미약품,43,4.3,398500
KR70001P0004,20260813,9,314130,지놈앤컴퍼니,3716,4.16,4460
KR70001P0004,20260813,10,195940,에이치케이이노엔,393,4.14,41150
KR7159800002,20260813,1,005930,삼성전자,4059,31.68,268000
KR7159800002,20260813,2,000660,에스케이하이닉스,589,27.06,1593000
KR7159800002,20260813,3,402340,SK스퀘어,95,2.97,1117000
KR7159800002,20260813,4,009150,삼성전기,58,2.37,1503000
KR7159800002,20260813,5,005380,현대자동차,142,1.78,418500
KR7159800002,20260813,6,105560,KB금융지주,316,1.6,168100
KR7159800002,20260813,7,055550,신한금융지주회사,428,1.36,106600
KR7159800002,20260813,8,012450,한화에어로스페이스,34,1.2,1185000
KR7159800002,20260813,9,034020,두산에너빌리티,450,1.1,80900
KR7159800002,20260813,10,028260,삼성물산,100,1.09,365000
KR7472840008,20260813,1,005930,삼성전자,3427,34.18,268000
KR7472840008,20260813,2,000660,에스케이하이닉스,417,24.48,1593000
KR7472840008,20260813,3,402340,SK스퀘어,68,2.72,1117000
KR7472840008,20260813,4,009150,삼성전기,41,2.14,1503000
KR7472840008,20260813,5,005380,현대자동차,100,1.6,418500
KR7472840008,20260813,6,105560,KB금융지주,224,1.45,168100
KR7472840008,20260813,7,055550,신한금융지주회사,300,1.22,106600
KR7472840008,20260813,8,012450,한화에어로스페이스,24,1.08,1185000
KR7472840008,20260813,9,034020,두산에너빌리티,318,1,80900
KR7472840008,20260813,10,028260,삼성물산,71,.99,365000
KR70005G0001,20260813,1,005930,삼성전자,2060,22.39,268000
KR70005G0001,20260813,2,009150,삼성전기,341,19.37,1503000
KR70005G0001,20260813,3,000660,에스케이하이닉스,300,19.19,1593000
KR70005G0001,20260813,4,042700,한미반도체,1436,13.29,226000
KR70005G0001,20260813,5,007660,이수페타시스,1861,7.13,96800
KR70005G0001,20260813,6,058470,리노공업,1697,5.15,71300
KR70005G0001,20260813,7,222800,심텍,834,3.71,105800
KR70005G0001,20260813,8,489790,한화비전,1141,2.57,54200
KR70005G0001,20260813,9,095340,아이에스시,348,2.21,159800
KR70005G0001,20260813,10,031980,피에스케이홀딩스,244,1.12,105200
KR70191S0001,20260813,1,196170,알테오젠,88,9.46,317500
KR70191S0001,20260813,2,086520,에코프로,164,5.07,92100
KR70191S0001,20260813,3,247540,에코프로비엠,90,3.49,114500
KR70191S0001,20260813,4,036930,주성엔지니어링,52,3.06,179300
KR70191S0001,20260813,5,028300,에이치엘비,196,2.76,42750
KR70191S0001,20260813,6,087010,펩트론,36,2.27,196700
KR70191S0001,20260813,7,277810,레인보우로보틱스,13,2.16,497000
KR70191S0001,20260813,8,240810,원익아이피에스,55,2.08,120000
KR70191S0001,20260813,9,298380,에이비엘바이오,69,2.03,86800
KR70191S0001,20260813,10,058470,리노공업,83,2.01,71300
KR70208N0007,20260813,1,005930,삼성전자,415,29.88,268000
KR70208N0007,20260813,2,000660,에스케이하이닉스,56,23.73,1593000
KR70208N0007,20260813,3,028260,삼성물산,51,5.14,365000
KR70208N0007,20260813,4,034730,SK,33,5.07,553000
KR70208N0007,20260813,5,009150,삼성전기,12,4.51,1503000
KR70208N0007,20260813,6,105560,KB금융지주,70,3.27,168100
KR70208N0007,20260813,7,402340,SK스퀘어,10,2.89,1117000
KR70208N0007,20260813,8,298040,효성중공업,3,2.44,3017000
KR70208N0007,20260813,9,032830,삼성생명보험,16,1.36,291500
KR70208N0007,20260813,10,012450,한화에어로스페이스,4,1.3,1185000
KR7361580004,20260813,1,005930,삼성전자,3924,34.22,268000
KR7361580004,20260813,2,000660,에스케이하이닉스,479,24.59,1593000
KR7361580004,20260813,3,402340,SK스퀘어,77,2.69,1117000
KR7361580004,20260813,4,009150,삼성전기,47,2.14,1503000
KR7361580004,20260813,5,005380,현대자동차,115,1.61,418500
KR7361580004,20260813,6,105560,KB금융지주,256,1.45,168100
KR7361580004,20260813,7,055550,신한금융지주회사,347,1.23,106600
KR7361580004,20260813,8,012450,한화에어로스페이스,28,1.1,1185000
KR7361580004,20260813,9,034020,두산에너빌리티,365,1,80900
KR7361580004,20260813,10,028260,삼성물산,81,.99,365000
KR7290080001,20260813,1,005830,디비손해보험,72,3.4,166600
KR7290080001,20260813,2,078930,지에스,105,3.15,107400
KR7290080001,20260813,3,029780,삼성카드,218,3.05,46900
KR7290080001,20260813,4,030000,제일기획,534,3,18710
KR7290080001,20260813,5,081660,미스토홀딩스,235,2.99,42900
KR7290080001,20260813,6,175330,JB금융지주,359,2.98,29350
KR7290080001,20260813,7,024110,중소기업은행,492,2.94,20000
KR7290080001,20260813,8,316140,우리금융지주,299,2.93,33300
KR7290080001,20260813,9,035250,강원랜드,660,2.85,14340
KR7290080001,20260813,10,032640,LG유플러스,645,2.85,14700
KR7284980000,20260813,1,105560,KB금융지주,494,18.68,168100
KR7284980000,20260813,2,055550,신한금융지주회사,669,15.82,106600
KR7284980000,20260813,3,086790,하나금융지주,405,11.8,131000
KR7284980000,20260813,4,032830,삼성생명보험,138,9.51,291500
KR7284980000,20260813,5,316140,우리금융지주,1087,8.17,33300
KR7284980000,20260813,6,000810,삼성화재해상보험,48,6.87,611000
KR7284980000,20260813,7,006800,미래에셋증권,441,3.67,38050
KR7284980000,20260813,8,138040,메리츠금융지주,121,3.28,118600
KR7284980000,20260813,9,071050,한국투자금융지주,67,3.06,199700
KR7284980000,20260813,10,323410,카카오뱅크,556,2.75,22150
KR7475720009,20260813,1,005930,삼성전자,692,30.55,268000
KR7475720009,20260813,2,000660,에스케이하이닉스,88,22.87,1593000
KR7475720009,20260813,3,KR7148020001,KB RISE 200 증권 상장지수 투자신탁(주식),277,4.98,108040
KR7475720009,20260813,4,402340,SK스퀘어,15,2.65,1117000
KR7475720009,20260813,5,009150,삼성전기,9,2.08,1503000
KR7475720009,20260813,6,005380,현대자동차,22,1.56,418500
KR7475720009,20260813,7,105560,KB금융지주,50,1.43,168100
KR7475720009,20260813,8,055550,신한금융지주회사,68,1.22,106600
KR7475720009,20260813,9,012450,한화에어로스페이스,5,1,1185000
KR7475720009,20260813,10,028260,삼성물산,16,.99,365000
KR7148020001,20260813,1,005930,삼성전자,6971,34.24,268000
KR7148020001,20260813,2,000660,에스케이하이닉스,849,24.55,1593000
KR7148020001,20260813,3,402340,SK스퀘어,137,2.7,1117000
KR7148020001,20260813,4,009150,삼성전기,83,2.13,1503000
KR7148020001,20260813,5,005380,현대자동차,204,1.61,418500
KR7148020001,20260813,6,105560,KB금융지주,455,1.45,168100
KR7148020001,20260813,7,055550,신한금융지주회사,616,1.23,106600
KR7148020001,20260813,8,012450,한화에어로스페이스,49,1.09,1185000
KR7148020001,20260813,9,034020,두산에너빌리티,648,1,80900
KR7148020001,20260813,10,028260,삼성물산,144,.99,365000
KR7183700004,20260813,1,005930,삼성전자,2466,26.72,268000
KR7183700004,20260813,2,KR7148020001,KB RISE 200 증권 상장지수 투자신탁(주식),5178,22.85,108040
KR7183700004,20260813,3,000660,에스케이하이닉스,284,18.12,1593000
KR7183700004,20260813,4,402340,SK스퀘어,49,2.13,1117000
KR7183700004,20260813,5,009150,삼성전기,30,1.7,1503000
KR7183700004,20260813,6,005380,현대자동차,72,1.25,418500
KR7183700004,20260813,7,105560,KB금융지주,161,1.13,168100
KR7183700004,20260813,8,055550,신한금융지주회사,218,.96,106600
KR7183700004,20260813,9,012450,한화에어로스페이스,17,.83,1185000
KR7183700004,20260813,10,034020,두산에너빌리티,229,.78,80900
KR7465330009,20260813,1,373220,엘지에너지솔루션,140,18.59,365500
KR7465330009,20260813,2,005490,포스코홀딩스,127,15.29,325500
KR7465330009,20260813,3,006400,삼성SDI,85,15.29,487000
KR7465330009,20260813,4,096770,SK이노베이션,291,13.2,121700
KR7465330009,20260813,5,086520,에코프로,367,12.41,92100
KR7465330009,20260813,6,247540,에코프로비엠,197,8.35,114500
KR7465330009,20260813,7,003670,포스코퓨처엠,133,7.88,165900
KR7465330009,20260813,8,066970,엘앤에프,107,3.94,102600
KR7465330009,20260813,9,011790,SKC,93,3,89200
KR7465330009,20260813,10,450080,에코프로머티리얼즈,143,2.05,39350
KR7422420000,20260813,1,006400,삼성SDI,45,16.68,487000
KR7422420000,20260813,2,373220,엘지에너지솔루션,35,9.58,365500
KR7422420000,20260813,3,078600,대주전자재료,126,9.16,94800
KR7422420000,20260813,4,003670,포스코퓨처엠,72,8.79,165900
KR7422420000,20260813,5,086520,에코프로,122,8.5,92100
KR7422420000,20260813,6,247540,에코프로비엠,87,7.6,114500
KR7422420000,20260813,7,006260,LS,28,7.2,326000
KR7422420000,20260813,8,066970,엘앤에프,83,6.3,102600
KR7422420000,20260813,9,096770,SK이노베이션,66,6.17,121700
KR7422420000,20260813,10,005490,포스코홀딩스,23,5.71,325500
KR7105780001,20260813,1,005930,삼성전자,1313,10.21,268000
KR7105780001,20260813,2,402340,SK스퀘어,320,9.97,1117000
KR7105780001,20260813,3,009150,삼성전기,218,8.86,1503000
KR7105780001,20260813,4,000660,에스케이하이닉스,187,8.56,1593000
KR7105780001,20260813,5,005380,현대자동차,614,7.65,418500
KR7105780001,20260813,6,028260,삼성물산,442,4.81,365000
KR7105780001,20260813,7,000270,기아,1118,4.61,137400
KR7105780001,20260813,8,012330,현대모비스,272,4.13,511000
KR7105780001,20260813,9,006400,삼성SDI,272,4.02,487000
KR7105780001,20260813,10,032830,삼성생명보험,388,3.57,291500
KR7469070007,20260813,1,035420,네이버,176,6.38,226500
KR7469070007,20260813,2,108490,로보티즈,138,5.74,261000
KR7469070007,20260813,3,064400,엘지씨엔에스,424,5.51,78400
KR7469070007,20260813,4,066570,LG전자,157,5.41,206500
KR7469070007,20260813,5,277810,레인보우로보틱스,65,5.36,497000
KR7469070007,20260813,6,058610,에스피지,264,4.98,112200
KR7469070007,20260813,7,454910,두산로보틱스,361,4.63,78000
KR7469070007,20260813,8,204320,에이치엘만도,491,4.47,55500
KR7469070007,20260813,9,005380,현대자동차,59,4.06,418500
KR7469070007,20260813,10,012330,현대모비스,48,4.02,511000
KR70093A0000,20260813,1,005930,삼성전자,890,14.81,268000
KR70093A0000,20260813,2,080220,제주반도체,2123,12.03,88300
KR70093A0000,20260813,3,240810,원익아이피에스,1572,11.41,120000
KR70093A0000,20260813,4,095340,아이에스시,1163,11.3,159800
KR70093A0000,20260813,5,000660,에스케이하이닉스,113,11.07,1593000
KR70093A0000,20260813,6,042700,한미반도체,765,10.84,226000
KR70093A0000,20260813,7,440110,파두,2297,9.72,63000
KR70093A0000,20260813,8,402340,SK스퀘어,124,8.27,1117000
KR70093A0000,20260813,9,031980,피에스케이홀딩스,974,6.86,105200
KR70093A0000,20260813,10,232140,와이씨,5279,3.7,10830
KR70101N0005,20260813,1,119850,지엔씨에너지,1881,9.42,55400
KR70101N0005,20260813,2,006340,대원전선,4764,7.93,15110
KR70101N0005,20260813,3,103590,일진전기,981,7.39,72400
KR70101N0005,20260813,4,010120,엘에스일렉트릭,333,7.21,214000
KR70101N0005,20260813,5,001440,대한전선,2290,7,30100
KR70101N0005,20260813,6,373220,엘지에너지솔루션,180,6.7,365500
KR70101N0005,20260813,7,033100,제룡전기,1266,6.69,50100
KR70101N0005,20260813,8,267260,에이치디현대일렉트릭,82,6.66,785000
KR70101N0005,20260813,9,229640,엘에스에코에너지,1281,6.43,48150
KR70101N0005,20260813,10,000500,가온전선,380,6.39,167000
KR7427120001,20260813,1,181710,엔에이치엔,219,12.43,66700
KR7427120001,20260813,2,030190,나이스평가정보,595,8.56,15170
KR7427120001,20260813,3,035720,카카오,223,8.17,40100
KR7427120001,20260813,4,067160,숲,193,7.91,42400
KR7427120001,20260813,5,035420,네이버,39,7.78,226500
KR7427120001,20260813,6,042000,카페24,428,7.19,18060
KR7427120001,20260813,7,052400,코나아이,176,7.07,41200
KR7427120001,20260813,8,030520,한컴,369,6.38,18310
KR7427120001,20260813,9,486990,노타,321,6.36,21250
KR7427120001,20260813,10,376300,디어유,282,5.25,19790
KR7290130004,20260813,1,000660,에스케이하이닉스,436,29.36,1593000
KR7290130004,20260813,2,005930,삼성전자,2417,27.65,268000
KR7290130004,20260813,3,402340,SK스퀘어,118,5.41,1117000
KR7290130004,20260813,4,009150,삼성전기,71,4.24,1503000
KR7290130004,20260813,5,105560,KB금융지주,390,2.9,168100
KR7290130004,20260813,6,034020,두산에너빌리티,555,2,80900
KR7290130004,20260813,7,028260,삼성물산,124,1.99,365000
KR7290130004,20260813,8,000270,기아,313,1.9,137400
KR7290130004,20260813,9,068270,셀트리온,201,1.82,202000
KR7290130004,20260813,10,012330,현대모비스,80,1.79,511000
KR7367770005,20260813,1,012450,한화에어로스페이스,190,18.95,1185000
KR7367770005,20260813,2,034020,두산에너빌리티,2191,15.18,80900
KR7367770005,20260813,3,012330,현대모비스,329,14.15,511000
KR7367770005,20260813,4,005380,현대자동차,325,11.48,418500
KR7367770005,20260813,5,005490,포스코홀딩스,358,10.04,325500
KR7367770005,20260813,6,010120,엘에스일렉트릭,435,7.83,214000
KR7367770005,20260813,7,298040,효성중공업,29,7.24,3017000
KR7367770005,20260813,8,000150,두산,39,4.22,1262000
KR7367770005,20260813,9,003670,포스코퓨처엠,184,2.54,165900
KR7367770005,20260813,10,009830,한화솔루션,753,2.32,36550
KR7326240009,20260813,1,005930,삼성전자,862,26.21,268000
KR7326240009,20260813,2,402340,SK스퀘어,84,10.24,1117000
KR7326240009,20260813,3,009150,삼성전기,57,9.06,1503000
KR7326240009,20260813,4,000660,에스케이하이닉스,49,8.77,1593000
KR7326240009,20260813,5,006400,삼성SDI,90,5.2,487000
KR7326240009,20260813,6,035420,네이버,198,5.08,226500
KR7326240009,20260813,7,373220,엘지에너지솔루션,72,3.07,365500
KR7326240009,20260813,8,035720,카카오,495,2.33,40100
KR7326240009,20260813,9,042700,한미반도체,64,1.66,226000
KR7326240009,20260813,10,018260,삼성에스디에스,58,1.63,237000
KR7270800006,20260813,1,067160,숲,956,5.45,42400
KR7270800006,20260813,2,086520,에코프로,419,4.93,92100
KR7270800006,20260813,3,215200,메가스터디교육,975,4.68,37050
KR7270800006,20260813,4,056190,에스에프에이,1297,3.91,24300
KR7270800006,20260813,5,069080,웹젠,2554,3.88,11830
KR7270800006,20260813,6,031980,피에스케이홀딩스,268,3.74,105200
KR7270800006,20260813,7,095610,테스,178,3.35,145000
KR7270800006,20260813,8,031330,에스에이엠티,2191,3.32,9690
KR7270800006,20260813,9,078340,컴투스,724,3.09,31800
KR7270800006,20260813,10,092730,네오팜,876,2.85,24400
KR7292050002,20260813,1,005930,삼성전자,3001,32.56,268000
KR7292050002,20260813,2,000660,에스케이하이닉스,365,23.31,1593000
KR7292050002,20260813,3,402340,SK스퀘어,59,2.57,1117000
KR7292050002,20260813,4,009150,삼성전기,36,2.04,1503000
KR7292050002,20260813,5,005380,현대자동차,88,1.53,418500
KR7292050002,20260813,6,105560,KB금융지주,196,1.38,168100
KR7292050002,20260813,7,055550,신한금융지주회사,265,1.17,106600
KR7292050002,20260813,8,012450,한화에어로스페이스,21,1.03,1185000
KR7292050002,20260813,9,034020,두산에너빌리티,279,.95,80900
KR7292050002,20260813,10,028260,삼성물산,62,.94,365000
KR7388280000,20260813,1,003490,대한항공,696,12.87,26100
KR7388280000,20260813,2,352820,하이브,79,9.89,176400
KR7388280000,20260813,3,111770,영원무역,116,6.89,84700
KR7388280000,20260813,4,035250,강원랜드,674,6.84,14340
KR7388280000,20260813,5,004170,신세계,24,6.68,419500
KR7388280000,20260813,6,139480,이마트,106,5.91,78100
KR7388280000,20260813,7,008770,호텔신라,164,5.04,43400
KR7388280000,20260813,8,035900,제이와이피엔터테인먼트,149,4.78,40850
KR7388280000,20260813,9,282330,비지에프리테일(신설),47,4.77,142700
KR7388280000,20260813,10,069960,현대백화점,67,4.57,99700
KR7234310001,20260813,1,005930,삼성전자,2999,28.46,268000
KR7234310001,20260813,2,402340,SK스퀘어,217,8.25,1117000
KR7234310001,20260813,3,138040,메리츠금융지주,1239,5.48,118600
KR7234310001,20260813,4,006400,삼성SDI,242,4.36,487000
KR7234310001,20260813,5,055550,신한금융지주회사,933,3.6,106600
KR7234310001,20260813,6,012330,현대모비스,179,3.31,511000
KR7234310001,20260813,7,329180,에이치디현대중공업,165,3.04,496000
KR7234310001,20260813,8,207940,삼성바이오로직스,52,2.99,1564000
KR7234310001,20260813,9,071050,한국투자금융지주,375,2.79,199700
KR7234310001,20260813,10,340570,티앤엘,2185,2.69,32000
KR7241390004,20260813,1,005930,삼성전자,1198,28.4,268000
KR7241390004,20260813,2,402340,SK스퀘어,87,8.27,1117000
KR7241390004,20260813,3,138040,메리츠금융지주,495,5.47,118600
KR7241390004,20260813,4,006400,삼성SDI,97,4.37,487000
KR7241390004,20260813,5,055550,신한금융지주회사,373,3.59,106600
KR7241390004,20260813,6,012330,현대모비스,72,3.33,511000
KR7241390004,20260813,7,329180,에이치디현대중공업,66,3.04,496000
KR7241390004,20260813,8,207940,삼성바이오로직스,21,3.02,1564000
KR7241390004,20260813,9,071050,한국투자금융지주,150,2.79,199700
KR7241390004,20260813,10,340570,티앤엘,873,2.69,32000
KR7401170006,20260813,1,035720,카카오,690,11.94,40100
KR7401170006,20260813,2,259960,크래프톤,114,11.72,234500
KR7401170006,20260813,3,036570,엔씨,107,11.54,243500
KR7401170006,20260813,4,035420,네이버,115,10.84,226500
KR7401170006,20260813,5,352820,하이브,120,9.43,176400
KR7401170006,20260813,6,034220,LG디스플레이,2005,8.88,9940
KR7401170006,20260813,7,009150,삼성전기,14,8.18,1503000
KR7401170006,20260813,8,011070,LG이노텍,23,6.08,615000
KR7401170006,20260813,9,035900,제이와이피엔터테인먼트,197,3.97,40850
KR7401170006,20260813,10,251270,넷마블,215,3.74,38850
KR7300640000,20260813,1,036570,엔씨,157,11.67,243500
KR7300640000,20260813,2,462870,시프트업,1186,11.35,31000
KR7300640000,20260813,3,192080,더블유게임즈,595,11.12,61700
KR7300640000,20260813,4,259960,크래프톤,152,10.77,234500
KR7300640000,20260813,5,251270,넷마블,669,8.02,38850
KR7300640000,20260813,6,293490,카카오게임즈,2231,5.94,9070
KR7300640000,20260813,7,112040,위메이드,1121,5.94,17830
KR7300640000,20260813,8,263750,펄어비스,519,4.94,31500
KR7300640000,20260813,9,078340,컴투스,440,4.39,31800
KR7300640000,20260813,10,069080,웹젠,1105,3.92,11830
KR7266160001,20260813,1,005930,삼성전자,1616,26.27,268000
KR7266160001,20260813,2,000660,에스케이하이닉스,240,22.97,1593000
KR7266160001,20260813,3,000270,기아,833,7.19,137400
KR7266160001,20260813,4,105560,KB금융지주,429,4.53,168100
KR7266160001,20260813,5,055550,신한금융지주회사,553,3.65,106600
KR7266160001,20260813,6,086790,하나금융지주,397,3.23,131000
KR7266160001,20260813,7,005380,현대자동차,122,3.18,418500
KR7266160001,20260813,8,316140,우리금융지주,1348,2.83,33300
KR7266160001,20260813,9,000810,삼성화재해상보험,59,2.36,611000
KR7266160001,20260813,10,024110,중소기업은행,1688,2.16,20000
KR7461490005,20260813,1,005930,삼성전자,3,100,268000
KR7326230000,20260813,1,066570,LG전자,106,9.61,206500
KR7326230000,20260813,2,033780,케이티앤지,108,8.47,173800
KR7326230000,20260813,3,017670,SK텔레콤,187,7.26,91100
KR7326230000,20260813,4,015760,한국전력공사,415,6.51,33100
KR7326230000,20260813,5,278470,에이피알,34,5.97,399500
KR7326230000,20260813,6,030200,케이티,198,4.61,52500
KR7326230000,20260813,7,003230,삼양식품,6,3.19,1219000
KR7326230000,20260813,8,021240,코웨이,73,3.09,97200
KR7326230000,20260813,9,000100,유한양행,76,2.79,82500
KR7326230000,20260813,10,352820,하이브,33,2.62,176400
KR7367760006,20260813,1,005930,삼성전자,2535,23.27,268000
KR7367760006,20260813,2,009150,삼성전기,419,20.09,1503000
KR7367760006,20260813,3,000660,에스케이하이닉스,361,19.5,1593000
KR7367760006,20260813,4,011070,LG이노텍,577,12.52,615000
KR7367760006,20260813,5,007660,이수페타시스,2243,7.26,96800
KR7367760006,20260813,6,058470,리노공업,2045,5.25,71300
KR7367760006,20260813,7,080220,제주반도체,1209,3.78,88300
KR7367760006,20260813,8,010170,대한광통신,5328,2.59,13240
KR7367760006,20260813,9,218410,알에프에이치아이씨,680,1.32,54300
KR7367760006,20260813,10,050890,쏠리드,2232,.82,10400
KR7315960005,20260813,1,005930,삼성전자,3982,27.33,268000
KR7315960005,20260813,2,000660,에스케이하이닉스,592,23.91,1593000
KR7315960005,20260813,3,005380,현대자동차,945,10.39,418500
KR7315960005,20260813,4,105560,KB금융지주,1721,7.67,168100
KR7315960005,20260813,5,032830,삼성생명보험,923,7.5,291500
KR7315960005,20260813,6,000270,기아,1802,6.56,137400
KR7315960005,20260813,7,055550,신한금융지주회사,2191,6.11,106600
KR7315960005,20260813,8,086790,하나금융지주,1266,4.35,131000
KR7315960005,20260813,9,005490,포스코홀딩스,366,3.19,325500
KR7315960005,20260813,10,316140,우리금융지주,3360,2.98,33300
KR70138D0004,20260813,1,047040,대우건설,4011,11.63,18400
KR70138D0004,20260813,2,010120,엘에스일렉트릭,340,11.53,214000
KR70138D0004,20260813,3,036930,주성엔지니어링,361,10.22,179300
KR70138D0004,20260813,4,005930,삼성전자,231,9.6,268000
KR70138D0004,20260813,5,011070,LG이노텍,87,8.55,615000
KR70138D0004,20260813,6,402340,SK스퀘어,49,8.16,1117000
KR70138D0004,20260813,7,000660,에스케이하이닉스,29,7.09,1593000
KR70138D0004,20260813,8,006400,삼성SDI,80,6.32,487000
KR70138D0004,20260813,9,066570,LG전자,181,6.03,206500
KR70138D0004,20260813,10,298040,효성중공업,12,5.64,3017000
KR70000Z0003,20260813,1,196170,알테오젠,139,9.11,317500
KR70000Z0003,20260813,2,141080,리가켐 바이오사이언스,358,8.51,114400
KR70000Z0003,20260813,3,226950,올릭스,341,7.99,112500
KR70000Z0003,20260813,4,298380,에이비엘바이오,443,7.94,86800
KR70000Z0003,20260813,5,068270,셀트리온,184,7.67,202000
KR70000Z0003,20260813,6,128940,한미약품,75,6.13,398500
KR70000Z0003,20260813,7,237690,에스티팜,256,5.65,107600
KR70000Z0003,20260813,8,347850,디앤디파마텍,445,5.56,61700
KR70000Z0003,20260813,9,009420,한올바이오파마,409,4.7,60400
KR70000Z0003,20260813,10,214450,파마리서치,49,4.13,425500
KR7446700007,20260813,1,006400,삼성SDI,36,8.57,487000
KR7446700007,20260813,2,365340,성일하이텍,444,7.76,35300
KR7446700007,20260813,3,010130,고려아연,13,7.75,1233000
KR7446700007,20260813,4,086520,에코프로,173,7.75,92100
KR7446700007,20260813,5,373220,엘지에너지솔루션,43,7.56,365500
KR7446700007,20260813,6,005490,포스코홀딩스,40,6.38,325500
KR7446700007,20260813,7,096770,SK이노베이션,106,6.36,121700
KR7446700007,20260813,8,005420,코스모화학,1229,6.3,10540
KR7446700007,20260813,9,010780,아이에스동서,648,6.21,18000
KR7446700007,20260813,10,066970,엘앤에프,118,5.75,102600
KR7388420002,20260813,1,005930,삼성전자,583,28.61,268000
KR7388420002,20260813,2,000660,에스케이하이닉스,57,16.47,1593000
KR7388420002,20260813,3,222800,심텍,328,6.59,105800
KR7388420002,20260813,4,319660,피에스케이,242,6.17,134600
KR7388420002,20260813,5,009150,삼성전기,24,6.15,1503000
KR7388420002,20260813,6,089970,브이엠,448,5.88,68500
KR7388420002,20260813,7,095610,테스,198,5.55,145000
KR7388420002,20260813,8,420770,기가비스,213,4.82,117900
KR7388420002,20260813,9,074600,원익큐엔씨,588,3.59,30200
KR7388420002,20260813,10,131970,두산테스나,210,3.4,84000
KR7448630004,20260813,1,005930,삼성전자,992,49.01,268000
KR7448630004,20260813,2,006400,삼성SDI,288,27.03,487000
KR7448630004,20260813,3,207940,삼성바이오로직스,80,23.96,1564000
KR70162Z0007,20260813,1,005930,삼성전자,1266,50.01,268000
KR70162Z0007,20260813,2,000660,에스케이하이닉스,215,49.99,1593000
KR7140570003,20260813,1,078930,지에스,796,3.13,107400
KR7140570003,20260813,2,010950,S-OIL,504,2.78,140900
KR7140570003,20260813,3,096770,SK이노베이션,553,2.64,121700
KR7140570003,20260813,4,011200,에이치엠엠,3026,2.52,21050
KR7140570003,20260813,5,028050,삼성이앤에이,1252,2.41,49000
KR7140570003,20260813,6,003490,대한항공,2300,2.38,26100
KR7140570003,20260813,7,010130,고려아연,49,2.32,1233000
KR7140570003,20260813,8,086280,현대글로비스,291,2.27,204500
KR7140570003,20260813,9,009540,에이치디한국조선해양,152,2.25,371500
KR7140570003,20260813,10,259960,크래프톤,245,2.24,234500
KR7140580002,20260813,1,078930,지에스,845,3.53,107400
KR7140580002,20260813,2,010950,S-OIL,536,3.14,140900
KR7140580002,20260813,3,096770,SK이노베이션,587,2.97,121700
KR7140580002,20260813,4,111770,영원무역,750,2.65,84700
KR7140580002,20260813,5,010130,고려아연,52,2.62,1233000
KR7140580002,20260813,6,021240,코웨이,659,2.61,97200
KR7140580002,20260813,7,036460,한국가스공사,1695,2.57,35900
KR7140580002,20260813,8,009970,영원무역홀딩스,327,2.55,190300
KR7140580002,20260813,9,015760,한국전력공사,1688,2.48,33100
KR7140580002,20260813,10,161390,한국타이어앤테크놀로지,852,2.47,71500
KR7183710003,20260813,1,005930,삼성전자,3617,29.75,268000
KR7183710003,20260813,2,000660,에스케이하이닉스,392,18.98,1593000
KR7183710003,20260813,3,KR7148020001,KB RISE 200 증권 상장지수 투자신탁(주식),4574,15.32,108040
KR7183710003,20260813,4,402340,SK스퀘어,71,2.34,1117000
KR7183710003,20260813,5,009150,삼성전기,43,1.85,1503000
KR7183710003,20260813,6,005380,현대자동차,106,1.4,418500
KR7183710003,20260813,7,105560,KB금융지주,236,1.26,168100
KR7183710003,20260813,8,055550,신한금융지주회사,320,1.07,106600
KR7183710003,20260813,9,012450,한화에어로스페이스,26,.97,1185000
KR7183710003,20260813,10,034020,두산에너빌리티,336,.87,80900
KR7281990002,20260813,1,035250,강원랜드,3450,5.69,14340
KR7281990002,20260813,2,030000,제일기획,1898,4.07,18710
KR7281990002,20260813,3,026960,동서,1325,3.91,26200
KR7281990002,20260813,4,081660,미스토홀딩스,802,3.9,42900
KR7281990002,20260813,5,012750,에스원,430,3.75,78100
KR7281990002,20260813,6,000240,한국앤컴퍼니,1223,3.52,26000
KR7281990002,20260813,7,005850,에스엘,529,3.44,59000
KR7281990002,20260813,8,036460,한국가스공사,794,3.3,35900
KR7281990002,20260813,9,002380,케이씨씨,61,3.14,456000
KR7281990002,20260813,10,111770,영원무역,297,2.87,84700
KR7498860006,20260813,1,105560,KB금융지주,620,12.29,168100
KR7498860006,20260813,2,005830,디비손해보험,586,11.12,166600
KR7498860006,20260813,3,024110,중소기업은행,4615,11.1,20000
KR7498860006,20260813,4,001720,신영증권,534,10.13,159400
KR7498860006,20260813,5,005940,NH투자증권,2963,10.1,28350
KR7498860006,20260813,6,071050,한국투자금융지주,374,8.95,199700
KR7498860006,20260813,7,030610,교보증권,7172,8.8,10260
KR7498860006,20260813,8,039490,키움증권,244,8.71,297000
KR7498860006,20260813,9,016360,삼성증권,783,8.7,92500
KR7498860006,20260813,10,032830,삼성생명보험,78,2.82,291500
KR70094M0005,20260813,1,000660,에스케이하이닉스,98,17.62,1593000
KR70094M0005,20260813,2,005930,삼성전자,551,16.83,268000
KR70094M0005,20260813,3,402340,SK스퀘어,66,8.08,1117000
KR70094M0005,20260813,4,005380,현대자동차,99,4.85,418500
KR70094M0005,20260813,5,105560,KB금융지주,220,4.37,168100
KR70094M0005,20260813,6,055550,신한금융지주회사,298,3.7,106600
KR70094M0005,20260813,7,012450,한화에어로스페이스,24,3.32,1185000
KR70094M0005,20260813,8,000270,기아,176,2.85,137400
KR70094M0005,20260813,9,086790,하나금융지주,180,2.75,131000
KR70094M0005,20260813,10,012330,현대모비스,45,2.68,511000
KR7495050007,20260813,1,000660,에스케이하이닉스,186,17.91,1593000
KR7495050007,20260813,2,005930,삼성전자,1030,16.85,268000
KR7495050007,20260813,3,402340,SK스퀘어,124,8.13,1117000
KR7495050007,20260813,4,005380,현대자동차,184,4.82,418500
KR7495050007,20260813,5,105560,KB금융지주,410,4.36,168100
KR7495050007,20260813,6,055550,신한금융지주회사,555,3.69,106600
KR7495050007,20260813,7,012450,한화에어로스페이스,44,3.26,1185000
KR7495050007,20260813,8,000270,기아,329,2.86,137400
KR7495050007,20260813,9,086790,하나금융지주,336,2.75,131000
KR7495050007,20260813,10,012330,현대모비스,84,2.68,511000
KR70151P0002,20260813,1,005930,삼성전자,920,32.6,268000
KR70151P0002,20260813,2,000660,에스케이하이닉스,86,17.94,1593000
KR70151P0002,20260813,3,095610,테스,275,5.56,145000
KR70151P0002,20260813,4,006260,LS,102,4.77,326000
KR70151P0002,20260813,5,009150,삼성전기,25,4.63,1503000
KR70151P0002,20260813,6,089970,브이엠,476,4.51,68500
KR70151P0002,20260813,7,010120,엘에스일렉트릭,141,4.08,214000
KR70151P0002,20260813,8,298040,효성중공업,10,4.01,3017000
KR70151P0002,20260813,9,319660,피에스케이,189,3.48,134600
KR70151P0002,20260813,10,402340,SK스퀘어,24,3.41,1117000
KR7270810005,20260813,1,196170,알테오젠,87,9.47,317500
KR7270810005,20260813,2,086520,에코프로,162,5.07,92100
KR7270810005,20260813,3,247540,에코프로비엠,89,3.49,114500
KR7270810005,20260813,4,036930,주성엔지니어링,52,3.1,179300
KR7270810005,20260813,5,028300,에이치엘비,194,2.77,42750
KR7270810005,20260813,6,087010,펩트론,35,2.24,196700
KR7270810005,20260813,7,277810,레인보우로보틱스,13,2.18,497000
KR7270810005,20260813,8,240810,원익아이피에스,54,2.06,120000
KR7270810005,20260813,9,298380,에이비엘바이오,69,2.05,86800
KR7270810005,20260813,10,058470,리노공업,82,2.01,71300
KR70223A0003,20260813,1,196170,알테오젠,121,7.22,317500
KR70223A0003,20260813,2,095610,테스,238,6.52,145000
KR70223A0003,20260813,3,089970,브이엠,482,6.19,68500
KR70223A0003,20260813,4,241710,코스메카코리아,264,6.12,124500
KR70223A0003,20260813,5,319660,피에스케이,238,5.94,134600
KR70223A0003,20260813,6,084370,유진테크,228,5.53,135000
KR70223A0003,20260813,7,108490,로보티즈,103,4.79,261000
KR70223A0003,20260813,8,222800,심텍,238,4.68,105800
KR70223A0003,20260813,9,226950,올릭스,219,4.67,112500
KR70223A0003,20260813,10,031980,피에스케이홀딩스,222,4.51,105200
KR7302450002,20260813,1,005930,삼성전자,3798,28.54,268000
KR7302450002,20260813,2,000660,에스케이하이닉스,474,20.97,1593000
KR7302450002,20260813,3,402340,SK스퀘어,86,2.59,1117000
KR7302450002,20260813,4,009150,삼성전기,49,1.92,1503000
KR7302450002,20260813,5,005380,현대자동차,134,1.61,418500
KR7302450002,20260813,6,373220,엘지에너지솔루션,153,1.61,365500
KR7302450002,20260813,7,207940,삼성바이오로직스,30,1.37,1564000
KR7302450002,20260813,8,032830,삼성생명보험,130,1.16,291500
KR7302450002,20260813,9,012450,한화에어로스페이스,34,1.16,1185000
KR7302450002,20260813,10,105560,KB금융지주,231,1.13,168100
KR7253280002,20260813,1,068270,셀트리온,406,11.89,202000
KR7253280002,20260813,2,207940,삼성바이오로직스,52,11.67,1564000
KR7253280002,20260813,3,196170,알테오젠,253,11.64,317500
KR7253280002,20260813,4,028300,에이치엘비,1030,6.21,42750
KR7253280002,20260813,5,000100,유한양행,481,5.79,82500
KR7253280002,20260813,6,298380,에이비엘바이오,368,4.63,86800
KR7253280002,20260813,7,326030,SK바이오팜,348,4.45,87600
KR7253280002,20260813,8,141080,리가켐 바이오사이언스,230,3.84,114400
KR7253280002,20260813,9,214450,파마리서치,58,3.43,425500
KR7253280002,20260813,10,0126Z0,삼성에피스홀딩스,57,3.37,403000
KR7253290001,20260813,1,KR7253280002,KB RISE 헬스케어 증권 상장지수 투자신탁(주식),19141,37.58,13930
KR7253290001,20260813,2,068270,셀트리온,261,7.4,202000
KR7253290001,20260813,3,207940,삼성바이오로직스,34,7.39,1564000
KR7253290001,20260813,4,196170,알테오젠,163,7.26,317500
KR7253290001,20260813,5,028300,에이치엘비,663,3.87,42750
KR7253290001,20260813,6,000100,유한양행,310,3.61,82500
KR7253290001,20260813,7,298380,에이비엘바이오,237,2.89,86800
KR7253290001,20260813,8,326030,SK바이오팜,224,2.77,87600
KR7253290001,20260813,9,141080,리가켐 바이오사이언스,148,2.39,114400
KR7253290001,20260813,10,214450,파마리서치,37,2.12,425500
KR70190C0000,20260813,1,005380,현대자동차,254,23.79,418500
KR70190C0000,20260813,2,012330,현대모비스,124,14.14,511000
KR70190C0000,20260813,3,000270,기아,448,13.89,137400
KR70190C0000,20260813,4,011070,LG이노텍,80,11.05,615000
KR70190C0000,20260813,5,307950,현대오토에버,93,9.21,449000
KR70190C0000,20260813,6,277810,레인보우로보틱스,66,7.4,497000
KR70190C0000,20260813,7,064400,엘지씨엔에스,329,5.82,78400
KR70190C0000,20260813,8,454910,두산로보틱스,220,3.84,78000
KR70190C0000,20260813,9,108490,로보티즈,50,2.83,261000
KR70190C0000,20260813,10,005850,에스엘,158,2.07,59000
KR7407310002,20260813,1,207940,삼성바이오로직스,73,13.46,1564000
KR7407310002,20260813,2,012450,한화에어로스페이스,93,12.79,1185000
KR7407310002,20260813,3,373220,엘지에너지솔루션,245,10.45,365500
KR7407310002,20260813,4,034020,두산에너빌리티,1065,10.18,80900
KR7407310002,20260813,5,000270,기아,605,9.76,137400
KR7407310002,20260813,6,005930,삼성전자,316,9.61,268000
KR7407310002,20260813,7,402340,SK스퀘어,77,9.38,1117000
KR7407310002,20260813,8,329180,에이치디현대중공업,146,8.62,496000
KR7407310002,20260813,9,000660,에스케이하이닉스,45,8.05,1593000
KR7407310002,20260813,10,005380,현대자동차,158,7.7,418500
KR7332930007,20260813,1,005930,삼성전자,9059,34.2,268000
KR7332930007,20260813,2,000660,에스케이하이닉스,1103,24.52,1593000
KR7332930007,20260813,3,402340,SK스퀘어,179,2.71,1117000
KR7332930007,20260813,4,009150,삼성전기,108,2.13,1503000
KR7332930007,20260813,5,005380,현대자동차,265,1.6,418500
KR7332930007,20260813,6,105560,KB금융지주,591,1.45,168100
KR7332930007,20260813,7,055550,신한금융지주회사,801,1.23,106600
KR7332930007,20260813,8,012450,한화에어로스페이스,64,1.09,1185000
KR7332930007,20260813,9,034020,두산에너빌리티,842,1,80900
KR7332930007,20260813,10,028260,삼성물산,188,.99,365000
KR7293180006,20260813,1,005930,삼성전자,6925,34.23,268000
KR7293180006,20260813,2,000660,에스케이하이닉스,843,24.53,1593000
KR7293180006,20260813,3,402340,SK스퀘어,137,2.71,1117000
KR7293180006,20260813,4,009150,삼성전기,83,2.14,1503000
KR7293180006,20260813,5,005380,현대자동차,203,1.61,418500
KR7293180006,20260813,6,105560,KB금융지주,452,1.45,168100
KR7293180006,20260813,7,055550,신한금융지주회사,612,1.23,106600
KR7293180006,20260813,8,012450,한화에어로스페이스,49,1.1,1185000
KR7293180006,20260813,9,034020,두산에너빌리티,644,1,80900
KR7293180006,20260813,10,028260,삼성물산,143,.99,365000
KR7454320003,20260813,1,267270,에이치디건설기계,1607,10.42,139500
KR7454320003,20260813,2,010120,엘에스일렉트릭,1002,9.78,214000
KR7454320003,20260813,3,034020,두산에너빌리티,2595,9.76,80900
KR7454320003,20260813,4,006260,LS,616,9.72,326000
KR7454320003,20260813,5,298040,효성중공업,71,9.62,3017000
KR7454320003,20260813,6,267260,에이치디현대일렉트릭,223,8.17,785000
KR7454320003,20260813,7,241560,두산밥캣,2550,7.59,64900
KR7454320003,20260813,8,062040,산일전기,673,5.96,188000
KR7454320003,20260813,9,052690,한국전력기술,919,4.27,99800
KR7454320003,20260813,10,058610,에스피지,715,3.76,112200
KR7395290000,20260813,1,352820,하이브,338,23.24,176400
KR7395290000,20260813,2,035900,제이와이피엔터테인먼트,1283,22.6,40850
KR7395290000,20260813,3,041510,에스엠엔터테인먼트,623,18.01,71900
KR7395290000,20260813,4,122870,YG엔터테인먼트,649,10.56,39700
KR7395290000,20260813,5,035760,씨제이이엔엠,535,7.3,34600
KR7395290000,20260813,6,253450,스튜디오드래곤,634,5.96,23600
KR7395290000,20260813,7,419530,에스에이엠지엔터테인먼트,353,3.44,23850
KR7395290000,20260813,8,037270,와이지플러스,1970,2.69,3455
KR7395290000,20260813,9,034120,에스비에스,522,2.37,11900
KR7395290000,20260813,10,473980,노머스,353,1.58,11610
KR7395280001,20260813,1,259960,크래프톤,201,25.48,234500
KR7395280001,20260813,2,036570,엔씨,181,24.07,243500
KR7395280001,20260813,3,251270,넷마블,450,9.65,38850
KR7395280001,20260813,4,263750,펄어비스,553,9.41,31500
KR7395280001,20260813,5,462870,시프트업,496,8.5,31000
KR7395280001,20260813,6,181710,엔에이치엔,194,6.42,66700
KR7395280001,20260813,7,192080,더블유게임즈,154,5.15,61700
KR7395280001,20260813,8,112040,위메이드,297,2.82,17830
KR7395280001,20260813,9,078340,컴투스,113,2.02,31800
KR7395280001,20260813,10,095660,네오위즈,167,1.74,19000
KR7368190005,20260813,1,068270,셀트리온,242,12.08,202000
KR7368190005,20260813,2,196170,알테오젠,127,9.96,317500
KR7368190005,20260813,3,207940,삼성바이오로직스,26,9.95,1564000
KR7368190005,20260813,4,006400,삼성SDI,81,9.72,487000
KR7368190005,20260813,5,035420,네이버,179,9.53,226500
KR7368190005,20260813,6,373220,엘지에너지솔루션,104,9.21,365500
KR7368190005,20260813,7,005490,포스코홀딩스,112,8.99,325500
KR7368190005,20260813,8,051910,LG화학,106,7.22,275500
KR7368190005,20260813,9,035720,카카오,731,7.14,40100
KR7368190005,20260813,10,259960,크래프톤,62,3.6,234500
KR7402460000,20260813,1,030200,케이티,1594,11.55,52500
KR7402460000,20260813,2,035420,네이버,360,10.66,226500
KR7402460000,20260813,3,066570,LG전자,367,10.34,206500
KR7402460000,20260813,4,017670,SK텔레콤,848,10.23,91100
KR7402460000,20260813,5,259960,크래프톤,307,9.92,234500
KR7402460000,20260813,6,009150,삼성전기,45,8.26,1503000
KR7402460000,20260813,7,352820,하이브,268,6.61,176400
KR7402460000,20260813,8,011070,LG이노텍,74,6.14,615000
KR7402460000,20260813,9,032640,LG유플러스,2924,5.98,14700
KR7402460000,20260813,10,034220,LG디스플레이,3388,4.71,9940
KR7395270002,20260813,1,005930,삼성전자,2752,26.91,268000
KR7395270002,20260813,2,000660,에스케이하이닉스,415,23.88,1593000
KR7395270002,20260813,3,402340,SK스퀘어,547,21.43,1117000
KR7395270002,20260813,4,009150,삼성전기,328,16.76,1503000
KR7395270002,20260813,5,042700,한미반도체,252,2.1,226000
KR7395270002,20260813,6,036930,주성엔지니어링,198,1.32,179300
KR7395270002,20260813,7,007660,이수페타시스,326,1.12,96800
KR7395270002,20260813,8,240810,원익아이피에스,192,.82,120000
KR7395270002,20260813,9,058470,리노공업,298,.81,71300
KR7395270002,20260813,10,039030,이오테크닉스,50,.74,378500
KR7438900003,20260813,1,003230,삼양식품,73,15.89,1219000
KR7438900003,20260813,2,004370,농심,220,15.52,389500
KR7438900003,20260813,3,271560,오리온,620,14.89,131800
KR7438900003,20260813,4,097950,씨제이제일제당,411,13.89,182500
KR7438900003,20260813,5,007310,오뚜기,114,6.7,326500
KR7438900003,20260813,6,005300,롯데칠성음료,293,5.29,99000
KR7438900003,20260813,7,001680,대상,1532,4.95,17790
KR7438900003,20260813,8,006040,동원산업,732,4.81,36900
KR7438900003,20260813,9,005180,빙그레,359,4.54,68700
KR7438900003,20260813,10,280360,롯데웰푸드,167,3.71,119200
KR7367740008,20260813,1,030200,케이티,3639,9.35,52500
KR7367740008,20260813,2,006400,삼성SDI,393,9.3,487000
KR7367740008,20260813,3,017670,SK텔레콤,2061,8.82,91100
KR7367740008,20260813,4,042700,한미반도체,783,8.3,226000
KR7367740008,20260813,5,005930,삼성전자,645,8.03,268000
KR7367740008,20260813,6,018260,삼성에스디에스,680,7.81,237000
KR7367740008,20260813,7,009150,삼성전기,109,7.09,1503000
KR7367740008,20260813,8,007660,이수페타시스,1401,6.15,96800
KR7367740008,20260813,9,000660,에스케이하이닉스,73,5.35,1593000
KR7367740008,20260813,10,032640,LG유플러스,6676,4.84,14700
KR7407300003,20260813,1,035720,카카오,1655,13.38,40100
KR7407300003,20260813,2,034020,두산에너빌리티,676,11.1,80900
KR7407300003,20260813,3,028260,삼성물산,136,9.94,365000
KR7407300003,20260813,4,011780,금호석유화학,365,9.42,128900
KR7407300003,20260813,5,035250,강원랜드,3157,9.39,14340
KR7407300003,20260813,6,377300,카카오페이,929,8.35,44700
KR7407300003,20260813,7,000990,DB 하이텍,418,8.13,99700
KR7407300003,20260813,8,004170,신세계,96,7.83,419500
KR7407300003,20260813,9,081660,미스토홀딩스,770,6.75,42900
KR7407300003,20260813,10,120110,코오롱인더스트리,518,5.92,55700
KR7381560002,20260813,1,000270,기아,691,10.62,137400
KR7381560002,20260813,2,012330,현대모비스,181,10.23,511000
KR7381560002,20260813,3,373220,엘지에너지솔루션,220,8.94,365500
KR7381560002,20260813,4,066570,LG전자,380,8.83,206500
KR7381560002,20260813,5,005490,포스코홀딩스,234,8.62,325500
KR7381560002,20260813,6,005380,현대자동차,179,8.31,418500
KR7381560002,20260813,7,006400,삼성SDI,126,6.93,487000
KR7381560002,20260813,8,010120,엘에스일렉트릭,270,6.38,214000
KR7381560002,20260813,9,009150,삼성전기,35,5.3,1503000
KR7381560002,20260813,10,096770,SK이노베이션,371,5.15,121700
KR7441540002,20260813,1,011200,에이치엠엠,11793,18.38,21050
KR7441540002,20260813,2,009540,에이치디한국조선해양,595,16.53,371500
KR7441540002,20260813,3,010140,삼성중공업,8768,13.92,22000
KR7441540002,20260813,4,042660,한화오션,2036,13.39,90700
KR7441540002,20260813,5,329180,에이치디현대중공업,352,12.74,496000
KR7441540002,20260813,6,443060,에이치디현대마린솔루션,577,8.42,200500
KR7441540002,20260813,7,082740,한화엔진 주식회사,1649,5.44,48250
KR7441540002,20260813,8,028670,팬오션,7203,3.05,5630
KR7441540002,20260813,9,071970,에이치디현대마린엔진,660,2.77,58000
KR7441540002,20260813,10,439260,대한조선,582,2.2,51800
KR7381570001,20260813,1,009830,한화솔루션,1629,12.46,36550
KR7381570001,20260813,2,006400,삼성SDI,114,11.86,487000
KR7381570001,20260813,3,373220,엘지에너지솔루션,150,11.52,365500
KR7381570001,20260813,4,010060,OCI홀딩스,204,11.19,278000
KR7381570001,20260813,5,005490,포스코홀딩스,160,11.14,325500
KR7381570001,20260813,6,047050,포스코인터내셔널,715,8.55,54300
KR7381570001,20260813,7,178320,서진시스템,717,5.72,36950
KR7381570001,20260813,8,336260,두산퓨얼셀보통주,625,4.8,38100
KR7381570001,20260813,9,357780,솔브레인,66,4.63,328000
KR7381570001,20260813,10,112610,씨에스윈드,369,3.43,46900
KR7479850000,20260813,1,278470,에이피알,377,15.67,399500
KR7479850000,20260813,2,090430,아모레퍼시픽,1046,14.86,134500
KR7479850000,20260813,3,051900,LG생활건강,328,10.78,303500
KR7479850000,20260813,4,214450,파마리서치,234,9.99,425500
KR7479850000,20260813,5,483650,달바글로벌,312,8.56,236000
KR7479850000,20260813,6,161890,한국콜마,591,8.2,135200
KR7479850000,20260813,7,192820,코스맥스,292,7.63,249000
KR7479850000,20260813,8,257720,실리콘투,1290,6.11,40800
KR7479850000,20260813,9,145020,휴젤,185,5.2,262500
KR7479850000,20260813,10,241710,코스메카코리아,225,2.91,124500
KR7304760002,20260813,1,005930,삼성전자,2861,32.6,268000
KR7304760002,20260813,2,000660,에스케이하이닉스,348,23.34,1593000
KR7304760002,20260813,3,402340,SK스퀘어,56,2.56,1117000
KR7304760002,20260813,4,009150,삼성전기,34,2.02,1503000
KR7304760002,20260813,5,005380,현대자동차,84,1.53,418500
KR7304760002,20260813,6,105560,KB금융지주,187,1.38,168100
KR7304760002,20260813,7,055550,신한금융지주회사,253,1.17,106600
KR7304760002,20260813,8,012450,한화에어로스페이스,20,1.03,1185000
KR7304760002,20260813,9,034020,두산에너빌리티,266,.95,80900
KR7304760002,20260813,10,028260,삼성물산,59,.94,365000
KR7322410002,20260813,1,316140,우리금융지주,3733,10.89,33300
KR7322410002,20260813,2,086790,하나금융지주,940,10.63,131000
KR7322410002,20260813,3,030200,케이티,2193,10.22,52500
KR7322410002,20260813,4,024110,중소기업은행,5424,9.67,20000
KR7322410002,20260813,5,000270,기아,725,8.69,137400
KR7322410002,20260813,6,003550,LG,869,8.42,113700
KR7322410002,20260813,7,017800,현대엘리베이터,1329,8.33,71900
KR7322410002,20260813,8,029780,삼성카드,1268,5.28,46900
KR7322410002,20260813,9,175330,JB금융지주,1699,4.2,29350
KR7322410002,20260813,10,035250,강원랜드,2582,3.32,14340
KR70155N0000,20260813,1,277810,레인보우로보틱스,120,14.53,497000
KR70155N0000,20260813,2,058610,에스피지,492,13.64,112200
KR70155N0000,20260813,3,204320,에이치엘만도,957,12.79,55500
KR70155N0000,20260813,4,005380,현대자동차,122,12.34,418500
KR70155N0000,20260813,5,108490,로보티즈,169,10.33,261000
KR70155N0000,20260813,6,454910,두산로보틱스,444,8.37,78000
KR70155N0000,20260813,7,307950,현대오토에버,68,7.27,449000
KR70155N0000,20260813,8,066570,LG전자,140,7.09,206500
KR70155N0000,20260813,9,437730,삼현,730,6.87,38400
KR70155N0000,20260813,10,012330,현대모비스,55,6.77,511000
KR7332940006,20260813,1,005930,삼성전자,6343,35.29,268000
KR7332940006,20260813,2,000660,에스케이하이닉스,749,24.53,1593000
KR7332940006,20260813,3,005935,삼성전자1우,1088,4.41,187800
KR7332940006,20260813,4,402340,SK스퀘어,125,2.79,1117000
KR7332940006,20260813,5,009150,삼성전기,76,2.21,1503000
KR7332940006,20260813,6,105560,KB금융지주,480,1.73,168100
KR7332940006,20260813,7,005380,현대자동차,181,1.61,418500
KR7332940006,20260813,8,055550,신한금융지주회사,563,1.27,106600
KR7332940006,20260813,9,012450,한화에어로스페이스,45,1.13,1185000
KR7332940006,20260813,10,034020,두산에너빌리티,608,1.06,80900
KR7322400003,20260813,1,035720,카카오,2958,22.02,40100
KR7322400003,20260813,2,035420,네이버,486,19.71,226500
KR7322400003,20260813,3,257720,실리콘투,1083,9.22,40800
KR7322400003,20260813,4,377300,카카오페이,1097,9.07,44700
KR7322400003,20260813,5,139480,이마트,588,8.84,78100
KR7322400003,20260813,6,030000,제일기획,2039,7.25,18710
KR7322400003,20260813,7,069960,현대백화점,369,6.79,99700
KR7322400003,20260813,8,000120,씨제이대한통운,322,4.49,74000
KR7322400003,20260813,9,093320,케이아이엔엑스,88,2.51,146100
KR7322400003,20260813,10,067160,숲,242,2.02,42400
KR7314700006,20260813,1,033780,케이티앤지,648,21.04,173800
KR7314700006,20260813,2,051910,LG화학,339,17.1,275500
KR7314700006,20260813,3,006040,동원산업,2328,15.47,36900
KR7314700006,20260813,4,001040,씨제이,505,12.79,137600
KR7314700006,20260813,5,006260,LS,154,9.5,326000
KR7314700006,20260813,6,003380,하림지주,4381,9.13,11200
KR7314700006,20260813,7,097950,씨제이제일제당,178,6.09,182500
KR7314700006,20260813,8,035810,이지홀딩스,4449,3.71,4440
KR7314700006,20260813,9,007310,오뚜기,35,2.08,326500
KR7314700006,20260813,10,004000,롯데정밀화학,197,1.69,46300
KR7498050004,20260813,1,298380,에이비엘바이오,758,11.93,86800
KR7498050004,20260813,2,141080,리가켐 바이오사이언스,394,8.23,114400
KR7498050004,20260813,3,009420,한올바이오파마,734,7.42,60400
KR7498050004,20260813,4,196170,알테오젠,90,5.18,317500
KR7498050004,20260813,5,128940,한미약품,69,4.96,398500
KR7498050004,20260813,6,237690,에스티팜,251,4.87,107600
KR7498050004,20260813,7,068270,셀트리온,126,4.62,202000
KR7498050004,20260813,8,214450,파마리서치,62,4.59,425500
KR7498050004,20260813,9,226950,올릭스,209,4.3,112500
KR7498050004,20260813,10,000100,유한양행,282,4.25,82500
KR7476260005,20260813,1,089970,브이엠,1399,15.27,68500
KR7476260005,20260813,2,319660,피에스케이,598,12.69,134600
KR7476260005,20260813,3,095340,아이에스시,492,11.73,159800
KR7476260005,20260813,4,095610,테스,497,11.59,145000
KR7476260005,20260813,5,067310,하나마이크론,1857,10.52,36650
KR7476260005,20260813,6,102710,이엔에프테크놀로지,436,3.59,51600
KR7476260005,20260813,7,281820,케이씨텍,307,3.56,71900
KR7476260005,20260813,8,482630,삼양엔씨켐,1391,3.49,14410
KR7476260005,20260813,9,003160,디아이,723,2.89,26000
KR7476260005,20260813,10,357780,솔브레인,55,2.88,328000
KR7434730008,20260813,1,034020,두산에너빌리티,9522,26.04,80900
KR7434730008,20260813,2,267260,에이치디현대일렉트릭,600,15.98,785000
KR7434730008,20260813,3,010120,엘에스일렉트릭,2022,14.36,214000
KR7434730008,20260813,4,298040,효성중공업,138,13.59,3017000
KR7434730008,20260813,5,015760,한국전력공사,8147,9.83,33100
KR7434730008,20260813,6,000720,현대건설,1943,7.53,113700
KR7434730008,20260813,7,047040,대우건설,5214,3.17,18400
KR7434730008,20260813,8,062040,산일전기,348,2.24,188000
KR7434730008,20260813,9,032820,우리기술,4174,1.63,11760
KR7434730008,20260813,10,052690,한국전력기술,475,1.6,99800
KR7491820007,20260813,1,010120,엘에스일렉트릭,2187,20.84,214000
KR7491820007,20260813,2,298040,효성중공업,155,20.48,3017000
KR7491820007,20260813,3,267260,에이치디현대일렉트릭,486,17.37,785000
KR7491820007,20260813,4,006260,LS,891,13.72,326000
KR7491820007,20260813,5,001440,대한전선,6008,8.08,30100
KR7491820007,20260813,6,062040,산일전기,696,6.01,188000
KR7491820007,20260813,7,103590,일진전기,1260,4.17,72400
KR7491820007,20260813,8,000500,가온전선,299,2.21,167000
KR7491820007,20260813,9,006340,대원전선,2901,2.12,15110
KR7491820007,20260813,10,033100,제룡전기,569,1.32,50100
KR70111J0009,20260813,1,039490,키움증권,459,20.58,297000
KR70111J0009,20260813,2,071050,한국투자금융지주,682,20.51,199700
KR70111J0009,20260813,3,006800,미래에셋증권,3069,16.8,38050
KR70111J0009,20260813,4,005940,NH투자증권,3770,16.14,28350
KR70111J0009,20260813,5,016360,삼성증권,1052,14.69,92500
KR70111J0009,20260813,6,001720,신영증권,216,5.15,159400
KR70111J0009,20260813,7,003540,대신증권,645,2.68,26950
KR70111J0009,20260813,8,003470,유안타증권,2527,1.81,4680
KR70111J0009,20260813,9,001200,유진투자증권,1270,.85,4370
KR70111J0009,20260813,10,016610,디비증권,557,.79,9530
KR7495750002,20260813,1,000660,에스케이하이닉스,183,17.82,1593000
KR7495750002,20260813,2,005930,삼성전자,1018,16.84,268000
KR7495750002,20260813,3,402340,SK스퀘어,122,8.09,1117000
KR7495750002,20260813,4,005380,현대자동차,181,4.8,418500
KR7495750002,20260813,5,105560,KB금융지주,405,4.35,168100
KR7495750002,20260813,6,055550,신한금융지주회사,548,3.68,106600
KR7495750002,20260813,7,012450,한화에어로스페이스,44,3.29,1185000
KR7495750002,20260813,8,000270,기아,325,2.85,137400
KR7495750002,20260813,9,086790,하나금융지주,332,2.75,131000
KR7495750002,20260813,10,012330,현대모비스,83,2.68,511000
KR7304770001,20260813,1,196170,알테오젠,88,9.53,317500
KR7304770001,20260813,2,086520,에코프로,162,5.05,92100
KR7304770001,20260813,3,247540,에코프로비엠,89,3.47,114500
KR7304770001,20260813,4,036930,주성엔지니어링,52,3.09,179300
KR7304770001,20260813,5,028300,에이치엘비,194,2.75,42750
KR7304770001,20260813,6,087010,펩트론,36,2.29,196700
KR7304770001,20260813,7,277810,레인보우로보틱스,13,2.17,497000
KR7304770001,20260813,8,240810,원익아이피에스,55,2.09,120000
KR7304770001,20260813,9,298380,에이비엘바이오,69,2.04,86800
KR7304770001,20260813,10,058470,리노공업,82,2,71300
KR7375760006,20260813,1,005930,삼성전자,2640,28.92,268000
KR7375760006,20260813,2,000660,에스케이하이닉스,288,18.57,1593000
KR7375760006,20260813,3,402340,SK스퀘어,72,3.16,1117000
KR7375760006,20260813,4,005380,현대자동차,97,1.7,418500
KR7375760006,20260813,5,034020,두산에너빌리티,492,1.69,80900
KR7375760006,20260813,6,105560,KB금융지주,233,1.66,168100
KR7375760006,20260813,7,055550,신한금융지주회사,365,1.62,106600
KR7375760006,20260813,8,012450,한화에어로스페이스,31,1.54,1185000
KR7375760006,20260813,9,068270,셀트리온,145,1.26,202000
KR7375760006,20260813,10,086790,하나금융지주,227,1.24,131000
KR70007N0000,20260813,1,005930,삼성전자,6945,34.23,268000
KR70007N0000,20260813,2,000660,에스케이하이닉스,846,24.55,1593000
KR70007N0000,20260813,3,402340,SK스퀘어,137,2.71,1117000
KR70007N0000,20260813,4,009150,삼성전기,83,2.14,1503000
KR70007N0000,20260813,5,005380,현대자동차,203,1.6,418500
KR70007N0000,20260813,6,105560,KB금융지주,453,1.45,168100
KR70007N0000,20260813,7,055550,신한금융지주회사,614,1.23,106600
KR70007N0000,20260813,8,012450,한화에어로스페이스,49,1.09,1185000
KR70007N0000,20260813,9,034020,두산에너빌리티,645,1,80900
KR70007N0000,20260813,10,028260,삼성물산,144,.99,365000
KR7491510004,20260813,1,000270,기아,219,3.39,137400
KR7491510004,20260813,2,000810,삼성화재해상보험,42,3.01,611000
KR7491510004,20260813,3,175330,JB금융지주,934,2.98,29350
KR7491510004,20260813,4,003690,코리안리재보험,1775,2.92,14670
KR7491510004,20260813,5,086790,하나금융지주,196,2.86,131000
KR7491510004,20260813,6,011200,에이치엠엠,1172,2.86,21050
KR7491510004,20260813,7,316140,우리금융지주,746,2.81,33300
KR7491510004,20260813,8,030190,나이스평가정보,1567,2.78,15170
KR7491510004,20260813,9,081660,미스토홀딩스,535,2.62,42900
KR7491510004,20260813,10,005830,디비손해보험,142,2.58,166600
KR7140950007,20260813,1,005930,삼성전자,4013,31.65,268000
KR7140950007,20260813,2,000660,에스케이하이닉스,583,27.07,1593000
KR7140950007,20260813,3,402340,SK스퀘어,94,2.97,1117000
KR7140950007,20260813,4,009150,삼성전기,57,2.35,1503000
KR7140950007,20260813,5,005380,현대자동차,140,1.77,418500
KR7140950007,20260813,6,105560,KB금융지주,312,1.6,168100
KR7140950007,20260813,7,055550,신한금융지주회사,418,1.34,106600
KR7140950007,20260813,8,012450,한화에어로스페이스,34,1.21,1185000
KR7140950007,20260813,9,034020,두산에너빌리티,445,1.1,80900
KR7140950007,20260813,10,028260,삼성물산,99,1.09,365000
KR7152870002,20260813,1,005930,삼성전자,6977,34.23,268000
KR7152870002,20260813,2,000660,에스케이하이닉스,850,24.55,1593000
KR7152870002,20260813,3,402340,SK스퀘어,138,2.71,1117000
KR7152870002,20260813,4,009150,삼성전기,83,2.13,1503000
KR7152870002,20260813,5,005380,현대자동차,204,1.6,418500
KR7152870002,20260813,6,105560,KB금융지주,455,1.45,168100
KR7152870002,20260813,7,055550,신한금융지주회사,610,1.22,106600
KR7152870002,20260813,8,012450,한화에어로스페이스,49,1.09,1185000
KR7152870002,20260813,9,034020,두산에너빌리티,648,1,80900
KR7152870002,20260813,10,028260,삼성물산,145,1,365000
KR7192720001,20260813,1,005830,디비손해보험,366,3.36,166600
KR7192720001,20260813,2,078930,지에스,541,3.15,107400
KR7192720001,20260813,3,029780,삼성카드,1118,3.04,46900
KR7192720001,20260813,4,030000,제일기획,2747,3,18710
KR7192720001,20260813,5,175330,JB금융지주,1849,2.98,29350
KR7192720001,20260813,6,081660,미스토홀딩스,1200,2.97,42900
KR7192720001,20260813,7,024110,중소기업은행,2532,2.94,20000
KR7192720001,20260813,8,316140,우리금융지주,1540,2.93,33300
KR7192720001,20260813,9,035250,강원랜드,3400,2.85,14340
KR7192720001,20260813,10,032640,LG유플러스,3321,2.85,14700
KR7486240005,20260813,1,005930,삼성전자,2472,22.36,268000
KR7486240005,20260813,2,010120,엘에스일렉트릭,1480,10.93,214000
KR7486240005,20260813,3,000660,에스케이하이닉스,192,10.22,1593000
KR7486240005,20260813,4,131290,티에스이,515,4.56,259000
KR7486240005,20260813,5,009830,한화솔루션,3144,3.97,36550
KR7486240005,20260813,6,319660,피에스케이,840,3.95,134600
KR7486240005,20260813,7,009150,삼성전기,82,3.88,1503000
KR7486240005,20260813,8,089970,브이엠,1581,3.82,68500
KR7486240005,20260813,9,006400,삼성SDI,209,3.59,487000
KR7486240005,20260813,10,298040,효성중공업,34,3.48,3017000
KR7434960001,20260813,1,005930,삼성전자,6993,34.3,268000
KR7434960001,20260813,2,000660,에스케이하이닉스,852,24.6,1593000
KR7434960001,20260813,3,402340,SK스퀘어,137,2.69,1117000
KR7434960001,20260813,4,009150,삼성전기,83,2.13,1503000
KR7434960001,20260813,5,005380,현대자동차,204,1.6,418500
KR7434960001,20260813,6,105560,KB금융지주,454,1.45,168100
KR7434960001,20260813,7,055550,신한금융지주회사,615,1.23,106600
KR7434960001,20260813,8,012450,한화에어로스페이스,49,1.09,1185000
KR7434960001,20260813,9,034020,두산에너빌리티,647,1,80900
KR7434960001,20260813,10,028260,삼성물산,144,.99,365000
KR70189Z0006,20260813,1,055550,신한금융지주회사,551,11.62,106600
KR70189Z0006,20260813,2,086790,하나금융지주,418,10.86,131000
KR70189Z0006,20260813,3,316140,우리금융지주,1599,10.72,33300
KR70189Z0006,20260813,4,024110,중소기업은행,2371,9.71,20000
KR70189Z0006,20260813,5,029780,삼성카드,615,5.88,46900
KR70189Z0006,20260813,6,003690,코리안리재보험,2001,5.85,14670
KR70189Z0006,20260813,7,138930,BNK금융지주,1747,5.21,14850
KR70189Z0006,20260813,8,031210,서울보증보험,522,4.68,43700
KR70189Z0006,20260813,9,000240,한국앤컴퍼니,892,4.6,26000
KR70189Z0006,20260813,10,139130,아이엠금융지주,1248,4.26,16970
KR70174J0003,20260813,1,395400,에스케이위탁관리부동산투자회사,20055,26.61,5720
KR70174J0003,20260813,2,365550,이에스알켄달스퀘어위탁관리부동산투자회사,18325,13.95,3145
KR70174J0003,20260813,3,330590,롯데위탁관리부동산투자회사,14156,12.62,3870
KR70174J0003,20260813,4,451800,한화위탁관리부동산투자회사,9150,11.44,5420
KR70174J0003,20260813,5,293940,신한알파위탁관리부동산투자회사,9243,11.36,5240
KR70174J0003,20260813,6,417310,코람코더원위탁관리부동산투자회사,3206,8.13,10920
KR70174J0003,20260813,7,448730,삼성에프엔위탁관리부동산투자회사,5263,6.62,5400
KR70174J0003,20260813,8,0030R0,대신밸류리츠위탁관리부동산투자회사,4744,4.31,3940
KR70174J0003,20260813,9,400760,엔에이치올원위탁관리부동산투자회사,4413,3.03,2925
KR70174J0003,20260813,10,432320,케이비스타위탁관리부동산투자회사,5687,1.93,1450
KR70053M0004,20260813,1,041830,인바디,662,6.71,66200
KR70053M0004,20260813,2,006260,LS,131,6.64,326000
KR70053M0004,20260813,3,278470,에이피알,105,6.27,399500
KR70053M0004,20260813,4,214450,파마리서치,101,6.2,425500
KR70053M0004,20260813,5,031980,피에스케이홀딩스,376,6.12,105200
KR70053M0004,20260813,6,236200,슈프리마,668,5.96,59300
KR70053M0004,20260813,7,005850,에스엘,677,5.85,59000
KR70053M0004,20260813,8,071050,한국투자금융지주,193,5.82,199700
KR70053M0004,20260813,9,000150,두산,30,5.66,1262000
KR70053M0004,20260813,10,004170,신세계,83,4.98,419500
KR70220B0005,20260813,1,095610,테스,319,8.98,145000
KR70220B0005,20260813,2,031980,피에스케이홀딩스,300,6.25,105200
KR70220B0005,20260813,3,319660,피에스케이,230,5.89,134600
KR70220B0005,20260813,4,089970,브이엠,410,5.4,68500
KR70220B0005,20260813,5,252990,샘씨엔에스,1800,5.22,15480
KR70220B0005,20260813,6,074600,원익큐엔씨,825,5.05,30200
KR70220B0005,20260813,7,033160,엠케이전자,1416,4.96,17950
KR70220B0005,20260813,8,058470,리노공업,359,4.94,71300
KR70220B0005,20260813,9,357780,솔브레인,75,4.74,328000
KR70220B0005,20260813,10,083450,글로벌스탠다드테크놀로지,471,4.62,50500
KR70214M0000,20260813,1,196170,알테오젠,190,10.26,317500
KR70214M0000,20260813,2,068270,셀트리온,225,7.73,202000
KR70214M0000,20260813,3,141080,리가켐 바이오사이언스,388,7.6,114400
KR70214M0000,20260813,4,298380,에이비엘바이오,499,7.37,86800
KR70214M0000,20260813,5,237690,에스티팜,391,7.12,107600
KR70214M0000,20260813,6,207940,삼성바이오로직스,27,7.11,1564000
KR70214M0000,20260813,7,009420,한올바이오파마,515,4.88,60400
KR70214M0000,20260813,8,039200,오스코텍,635,4.19,38300
KR70214M0000,20260813,9,195940,에이치케이이노엔,531,3.76,41150
KR70214M0000,20260813,10,456160,지투지바이오,527,3.74,42600
KR7438740003,20260813,1,009150,삼성전기,86,5.07,1503000
KR7438740003,20260813,2,298040,효성중공업,21,2.68,3017000
KR7438740003,20260813,3,095610,테스,416,2.68,145000
KR7438740003,20260813,4,000150,두산,48,2.66,1262000
KR7438740003,20260813,5,290650,엘앤씨바이오,998,2.5,54700
KR7438740003,20260813,6,034020,두산에너빌리티,620,2.2,80900
KR7438740003,20260813,7,443060,에이치디현대마린솔루션,210,1.85,200500
KR7438740003,20260813,8,004170,신세계,100,1.76,419500
KR7438740003,20260813,9,012450,한화에어로스페이스,34,1.74,1185000
KR7438740003,20260813,10,131290,티에스이,155,1.71,259000
KR70191B0000,20260813,1,095610,테스,320,6.25,145000
KR70191B0000,20260813,2,196170,알테오젠,136,5.78,317500
KR70191B0000,20260813,3,064290,인텍플러스,1279,5.58,32100
KR70191B0000,20260813,4,222800,심텍,362,5.07,105800
KR70191B0000,20260813,5,085910,네오티스,1595,4.73,19840
KR70191B0000,20260813,6,089970,브이엠,416,3.8,68500
KR70191B0000,20260813,7,170920,엘티씨,683,3.79,40600
KR70191B0000,20260813,8,319660,피에스케이,210,3.73,134600
KR70191B0000,20260813,9,420770,기가비스,236,3.72,117900
KR70191B0000,20260813,10,456160,지투지바이오,585,3.27,42600
KR7403790009,20260813,1,005930,삼성전자,4674,29.2,268000
KR7403790009,20260813,2,000660,에스케이하이닉스,574,21.11,1593000
KR7403790009,20260813,3,402340,SK스퀘어,99,2.48,1117000
KR7403790009,20260813,4,009150,삼성전기,56,1.83,1503000
KR7403790009,20260813,5,105560,KB금융지주,374,1.52,168100
KR7403790009,20260813,6,373220,엘지에너지솔루션,168,1.47,365500
KR7403790009,20260813,7,005380,현대자동차,141,1.41,418500
KR7403790009,20260813,8,032830,삼성생명보험,177,1.31,291500
KR7403790009,20260813,9,000270,기아,385,1.28,137400
KR7403790009,20260813,10,028260,삼성물산,142,1.24,365000
KR7310960000,20260813,1,005930,삼성전자,7722,34.31,268000
KR7310960000,20260813,2,000660,에스케이하이닉스,932,24.38,1593000
KR7310960000,20260813,3,402340,SK스퀘어,152,2.71,1117000
KR7310960000,20260813,4,009150,삼성전기,92,2.14,1503000
KR7310960000,20260813,5,005380,현대자동차,226,1.61,418500
KR7310960000,20260813,6,105560,KB금융지주,504,1.46,168100
KR7310960000,20260813,7,055550,신한금융지주회사,682,1.23,106600
KR7310960000,20260813,8,012450,한화에어로스페이스,54,1.09,1185000
KR7310960000,20260813,9,034020,두산에너빌리티,718,1,80900
KR7310960000,20260813,10,028260,삼성물산,160,.99,365000
KR7227550001,20260813,1,012450,한화에어로스페이스,42,19.63,1185000
KR7227550001,20260813,2,373220,엘지에너지솔루션,88,12.76,365500
KR7227550001,20260813,3,010120,엘에스일렉트릭,140,11.8,214000
KR7227550001,20260813,4,079550,엘아이지디펜스앤에어로스페이스,24,7.65,837000
KR7227550001,20260813,5,047810,한국항공우주산업,126,7.34,151200
KR7227550001,20260813,6,086280,현대글로비스,66,5.33,204500
KR7227550001,20260813,7,003490,대한항공,455,4.88,26100
KR7227550001,20260813,8,011200,에이치엠엠,557,4.81,21050
KR7227550001,20260813,9,003670,포스코퓨처엠,64,4.14,165900
KR7227550001,20260813,10,006260,LS,30,4.09,326000
KR7227560000,20260813,1,033780,케이티앤지,295,19.9,173800
KR7227560000,20260813,2,015760,한국전력공사,1162,15.67,33100
KR7227560000,20260813,3,278470,에이피알,90,13.59,399500
KR7227560000,20260813,4,003230,삼양식품,14,6.41,1219000
KR7227560000,20260813,5,090430,아모레퍼시픽,114,5.88,134500
KR7227560000,20260813,6,051900,LG생활건강,34,4.06,303500
KR7227560000,20260813,7,271560,오리온,80,4.04,131800
KR7227560000,20260813,8,483650,달바글로벌,37,3.69,236000
KR7227560000,20260813,9,161890,한국콜마,63,3.17,135200
KR7227560000,20260813,10,192820,코스맥스,30,2.85,249000
KR7102110004,20260813,1,005930,삼성전자,6984,34.22,268000
KR7102110004,20260813,2,000660,에스케이하이닉스,851,24.55,1593000
KR7102110004,20260813,3,402340,SK스퀘어,138,2.71,1117000
KR7102110004,20260813,4,009150,삼성전기,84,2.15,1503000
KR7102110004,20260813,5,005380,현대자동차,204,1.6,418500
KR7102110004,20260813,6,105560,KB금융지주,456,1.45,168100
KR7102110004,20260813,7,055550,신한금융지주회사,617,1.23,106600
KR7102110004,20260813,8,012450,한화에어로스페이스,49,1.09,1185000
KR7102110004,20260813,9,034020,두산에너빌리티,649,1,80900
KR7102110004,20260813,10,028260,삼성물산,145,.99,365000
KR7252000005,20260813,1,073240,금호타이어,1135,.87,8140
KR7252000005,20260813,2,161890,한국콜마,60,.82,135200
KR7252000005,20260813,3,192820,코스맥스,31,.8,249000
KR7252000005,20260813,4,008930,한미사이언스,172,.78,44350
KR7252000005,20260813,5,078930,지에스,72,.75,107400
KR7252000005,20260813,6,051900,LG생활건강,22,.71,303500
KR7252000005,20260813,7,010950,S-OIL,45,.66,140900
KR7252000005,20260813,8,009240,한샘,159,.65,38050
KR7252000005,20260813,9,483650,달바글로벌,24,.65,236000
KR7252000005,20260813,10,068270,셀트리온,31,.65,202000
KR7315270009,20260813,1,035420,네이버,421,22.52,226500
KR7315270009,20260813,2,035720,카카오,1756,17.24,40100
KR7315270009,20260813,3,017670,SK텔레콤,775,16.89,91100
KR7315270009,20260813,4,030200,케이티,1147,15,52500
KR7315270009,20260813,5,259960,크래프톤,147,8.57,234500
KR7315270009,20260813,6,352820,하이브,131,5.84,176400
KR7315270009,20260813,7,036570,엔씨,89,5.44,243500
KR7315270009,20260813,8,032640,LG유플러스,1421,5.25,14700
KR7315270009,20260813,9,030000,제일기획,361,1.69,18710
KR7315270009,20260813,10,251270,넷마블,159,1.57,38850
KR7166400002,20260813,1,005930,삼성전자,2153,33.95,268000
KR7166400002,20260813,2,000660,에스케이하이닉스,261,24.23,1593000
KR7166400002,20260813,3,402340,SK스퀘어,43,2.72,1117000
KR7166400002,20260813,4,009150,삼성전기,26,2.14,1503000
KR7166400002,20260813,5,005380,현대자동차,63,1.59,418500
KR7166400002,20260813,6,105560,KB금융지주,141,1.44,168100
KR7166400002,20260813,7,055550,신한금융지주회사,190,1.22,106600
KR7166400002,20260813,8,012450,한화에어로스페이스,15,1.07,1185000
KR7166400002,20260813,9,028260,삼성물산,45,.99,365000
KR7166400002,20260813,10,034020,두산에너빌리티,200,.99,80900
KR70104N0002,20260813,1,005930,삼성전자,2644,33.95,268000
KR70104N0002,20260813,2,000660,에스케이하이닉스,322,24.34,1593000
KR70104N0002,20260813,3,402340,SK스퀘어,52,2.68,1117000
KR70104N0002,20260813,4,009150,삼성전기,31,2.08,1503000
KR70104N0002,20260813,5,005380,현대자동차,77,1.58,418500
KR70104N0002,20260813,6,105560,KB금융지주,172,1.43,168100
KR70104N0002,20260813,7,055550,신한금융지주회사,233,1.22,106600
KR70104N0002,20260813,8,012450,한화에어로스페이스,18,1.05,1185000
KR70104N0002,20260813,9,034020,두산에너빌리티,246,.99,80900
KR70104N0002,20260813,10,028260,삼성물산,54,.97,365000
KR7227540002,20260813,1,207940,삼성바이오로직스,56,21.93,1564000
KR7227540002,20260813,2,068270,셀트리온,415,21.2,202000
KR7227540002,20260813,3,000100,유한양행,683,14.35,82500
KR7227540002,20260813,4,326030,SK바이오팜,447,9.97,87600
KR7227540002,20260813,5,128940,한미약품,72,7.21,398500
KR7227540002,20260813,6,0126Z0,삼성에피스홀딩스,63,6.49,403000
KR7227540002,20260813,7,009420,한올바이오파마,406,5.72,60400
KR7227540002,20260813,8,008930,한미사이언스,320,3.54,44350
KR7227540002,20260813,9,302440,에스케이바이오사이언스,296,2.73,36850
KR7227540002,20260813,10,006280,녹십자,61,2,129500
KR7364980003,20260813,1,006400,삼성SDI,316,31,487000
KR7364980003,20260813,2,373220,엘지에너지솔루션,343,24.85,365500
KR7364980003,20260813,3,005490,포스코홀딩스,359,23.57,325500
KR7364980003,20260813,4,051910,LG화학,100,5.57,275500
KR7364980003,20260813,5,096770,SK이노베이션,157,3.88,121700
KR7364980003,20260813,6,086520,에코프로,208,3.84,92100
KR7364980003,20260813,7,247540,에코프로비엠,113,2.61,114500
KR7364980003,20260813,8,003670,포스코퓨처엠,76,2.46,165900
KR7364980003,20260813,9,066970,엘앤에프,60,1.21,102600
KR7364980003,20260813,10,011790,SKC,58,1.02,89200
KR7462010000,20260813,1,086520,에코프로,555,21.16,92100
KR7462010000,20260813,2,003670,포스코퓨처엠,302,20.18,165900
KR7462010000,20260813,3,247540,에코프로비엠,395,18.87,114500
KR7462010000,20260813,4,005490,포스코홀딩스,133,18.05,325500
KR7462010000,20260813,5,051910,LG화학,97,11.16,275500
KR7462010000,20260813,6,066970,엘앤에프,57,2.37,102600
KR7462010000,20260813,7,011790,SKC,50,1.82,89200
KR7462010000,20260813,8,450080,에코프로머티리얼즈,72,1.16,39350
KR7462010000,20260813,9,078600,대주전자재료,23,.91,94800
KR7462010000,20260813,10,020150,롯데에너지머티리얼즈,58,.8,34650
KR7305540007,20260813,1,006400,삼성SDI,295,15.9,487000
KR7305540007,20260813,2,373220,엘지에너지솔루션,385,15.32,365500
KR7305540007,20260813,3,051910,LG화학,452,13.83,275500
KR7305540007,20260813,4,005490,포스코홀딩스,379,13.68,325500
KR7305540007,20260813,5,096770,SK이노베이션,696,9.46,121700
KR7305540007,20260813,6,003670,포스코퓨처엠,412,7.32,165900
KR7305540007,20260813,7,086520,에코프로,628,6.37,92100
KR7305540007,20260813,8,247540,에코프로비엠,453,5.75,114500
KR7305540007,20260813,9,011790,SKC,229,2.21,89200
KR7305540007,20260813,10,066970,엘앤에프,188,2.07,102600
KR7471760009,20260813,1,009150,삼성전기,120,23.9,1503000
KR7471760009,20260813,2,011070,LG이노텍,194,17.48,615000
KR7471760009,20260813,3,007660,이수페타시스,1174,15.78,96800
KR7471760009,20260813,4,240810,원익아이피에스,685,11.39,120000
KR7471760009,20260813,5,353200,대덕전자,641,10.25,113000
KR7471760009,20260813,6,058470,리노공업,309,3.29,71300
KR7471760009,20260813,7,039030,이오테크닉스,50,2.88,378500
KR7471760009,20260813,8,222800,심텍,152,2.37,105800
KR7471760009,20260813,9,403870,에이치피에스피,334,1.93,41200
KR7471760009,20260813,10,095340,아이에스시,86,1.91,159800
KR7365040005,20260813,1,005930,삼성전자,3825,28.16,268000
KR7365040005,20260813,2,000660,에스케이하이닉스,496,21.5,1593000
KR7365040005,20260813,3,402340,SK스퀘어,95,2.8,1117000
KR7365040005,20260813,4,009150,삼성전기,58,2.23,1503000
KR7365040005,20260813,5,005380,현대자동차,161,1.9,418500
KR7365040005,20260813,6,373220,엘지에너지솔루션,164,1.69,365500
KR7365040005,20260813,7,034020,두산에너빌리티,596,1.38,80900
KR7365040005,20260813,8,012450,한화에어로스페이스,33,1.1,1185000
KR7365040005,20260813,9,207940,삼성바이오로직스,23,1.03,1564000
KR7365040005,20260813,10,006400,삼성SDI,63,.88,487000
KR7364960005,20260813,1,006400,삼성SDI,75,10.77,487000
KR7364960005,20260813,2,196170,알테오젠,109,10.24,317500
KR7364960005,20260813,3,036570,엔씨,140,10.21,243500
KR7364960005,20260813,4,068270,셀트리온,150,8.96,202000
KR7364960005,20260813,5,259960,크래프톤,128,8.9,234500
KR7364960005,20260813,6,373220,엘지에너지솔루션,80,8.48,365500
KR7364960005,20260813,7,035420,네이버,132,8.41,226500
KR7364960005,20260813,8,207940,삼성바이오로직스,18,8.25,1564000
KR7364960005,20260813,9,005490,포스코홀딩스,85,8.17,325500
KR7364960005,20260813,10,035720,카카오,575,6.73,40100
KR7400970000,20260813,1,259960,크래프톤,194,11.68,234500
KR7400970000,20260813,2,035420,네이버,202,11.16,226500
KR7400970000,20260813,3,036570,엔씨,174,10.99,243500
KR7400970000,20260813,4,352820,하이브,207,9.52,176400
KR7400970000,20260813,5,034220,LG디스플레이,3520,9.13,9940
KR7400970000,20260813,6,011070,LG이노텍,42,6.5,615000
KR7400970000,20260813,7,035900,제이와이피엔터테인먼트,518,6.11,40850
KR7400970000,20260813,8,263750,펄어비스,714,5.77,31500
KR7400970000,20260813,9,251270,넷마블,539,5.49,38850
KR7400970000,20260813,10,462870,시프트업,558,4.54,31000
KR7377990007,20260813,1,009830,한화솔루션,5087,14.77,36550
KR7377990007,20260813,2,010120,엘에스일렉트릭,628,10.65,214000
KR7377990007,20260813,3,034020,두산에너빌리티,1620,10.58,80900
KR7377990007,20260813,4,010060,OCI홀딩스,508,10.58,278000
KR7377990007,20260813,5,298040,효성중공업,44,10.35,3017000
KR7377990007,20260813,6,062040,산일전기,659,10.14,188000
KR7377990007,20260813,7,267260,에이치디현대일렉트릭,139,8.84,785000
KR7377990007,20260813,8,178320,서진시스템,1821,5.52,36950
KR7377990007,20260813,9,336260,두산퓨얼셀보통주,1593,4.64,38100
KR7377990007,20260813,10,112610,씨에스윈드,939,3.31,46900
KR7417630001,20260813,1,009150,삼성전기,74,10.28,1503000
KR7417630001,20260813,2,161890,한국콜마,412,5.68,135200
KR7417630001,20260813,3,000660,에스케이하이닉스,32,5.01,1593000
KR7417630001,20260813,4,192820,코스맥스,170,4.41,249000
KR7417630001,20260813,5,010120,엘에스일렉트릭,200,4.34,214000
KR7417630001,20260813,6,005930,삼성전자,157,4.17,268000
KR7417630001,20260813,7,006400,삼성SDI,74,3.74,487000
KR7417630001,20260813,8,036570,엔씨,139,3.56,243500
KR7417630001,20260813,9,003230,삼양식품,27,3.38,1219000
KR7417630001,20260813,10,307950,현대오토에버,73,3.29,449000
KR7292160009,20260813,1,005930,삼성전자,5836,32.55,268000
KR7292160009,20260813,2,000660,에스케이하이닉스,711,23.34,1593000
KR7292160009,20260813,3,402340,SK스퀘어,115,2.57,1117000
KR7292160009,20260813,4,009150,삼성전기,70,2.04,1503000
KR7292160009,20260813,5,005380,현대자동차,171,1.53,418500
KR7292160009,20260813,6,105560,KB금융지주,381,1.38,168100
KR7292160009,20260813,7,055550,신한금융지주회사,516,1.17,106600
KR7292160009,20260813,8,012450,한화에어로스페이스,41,1.03,1185000
KR7292160009,20260813,9,034020,두산에너빌리티,542,.95,80900
KR7292160009,20260813,10,028260,삼성물산,121,.94,365000
KR7404540007,20260813,1,112610,씨에스윈드,2578,10.32,46900
KR7404540007,20260813,2,009830,한화솔루션,2922,9.63,36550
KR7404540007,20260813,3,006400,삼성SDI,210,9.41,487000
KR7404540007,20260813,4,005930,삼성전자,350,8.26,268000
KR7404540007,20260813,5,022100,포스코디엑스,3858,7.55,21800
KR7404540007,20260813,6,000660,에스케이하이닉스,50,6.94,1593000
KR7404540007,20260813,7,005380,현대자동차,175,6.62,418500
KR7404540007,20260813,8,100090,에스케이오션플랜트,4579,6.02,14340
KR7404540007,20260813,9,336260,두산퓨얼셀보통주,1483,4.9,38100
KR7404540007,20260813,10,000270,기아,360,4.51,137400
KR7300610003,20260813,1,251270,넷마블,729,10.26,38850
KR7300610003,20260813,2,293490,카카오게임즈,3105,9.71,9070
KR7300610003,20260813,3,259960,크래프톤,116,9.65,234500
KR7300610003,20260813,4,192080,더블유게임즈,439,9.63,61700
KR7300610003,20260813,5,036570,엔씨,109,9.51,243500
KR7300610003,20260813,6,462870,시프트업,786,8.83,31000
KR7300610003,20260813,7,263750,펄어비스,779,8.7,31500
KR7300610003,20260813,8,112040,위메이드,1348,8.39,17830
KR7300610003,20260813,9,078340,컴투스,513,6.01,31800
KR7300610003,20260813,10,095660,네오위즈,757,5.16,19000
KR7138530001,20260813,1,032640,LG유플러스,3089,18.58,14700
KR7138530001,20260813,2,051910,LG화학,144,16.04,275500
KR7138530001,20260813,3,066570,LG전자,168,13.92,206500
KR7138530001,20260813,4,003550,LG,201,8.91,113700
KR7138530001,20260813,5,006360,지에스건설,542,7.71,35700
KR7138530001,20260813,6,078930,지에스,146,5.96,107400
KR7138530001,20260813,7,034220,LG디스플레이,1446,5.92,9940
KR7138530001,20260813,8,051900,LG생활건강,37,4.7,303500
KR7138530001,20260813,9,011070,LG이노텍,17,4.15,615000
KR7138530001,20260813,10,007070,지에스리테일,309,3.37,26750
KR7445910003,20260813,1,078930,지에스,500,4.87,107400
KR7445910003,20260813,2,294870,아이파크현대산업개발,1853,3.9,21800
KR7445910003,20260813,3,053800,안랩,630,3.81,60500
KR7445910003,20260813,4,175330,JB금융지주,1378,3.71,29350
KR7445910003,20260813,5,023590,다우기술,931,3.68,39200
KR7445910003,20260813,6,004370,농심,96,3.61,389500
KR7445910003,20260813,7,018670,SK가스,160,3.56,228000
KR7445910003,20260813,8,086280,현대글로비스,183,3.52,204500
KR7445910003,20260813,9,003550,LG,333,3.52,113700
KR7445910003,20260813,10,012750,에스원,467,3.47,78100
KR7289260002,20260813,1,000660,에스케이하이닉스,121,22.22,1593000
KR7289260002,20260813,2,402340,SK스퀘어,89,11.13,1117000
KR7289260002,20260813,3,009150,삼성전기,54,8.8,1503000
KR7289260002,20260813,4,105560,KB금융지주,342,6.93,168100
KR7289260002,20260813,5,055550,신한금융지주회사,401,5.08,106600
KR7289260002,20260813,6,034020,두산에너빌리티,432,4.24,80900
KR7289260002,20260813,7,086790,하나금융지주,262,4.09,131000
KR7289260002,20260813,8,068270,셀트리온,146,3.6,202000
KR7289260002,20260813,9,035420,네이버,136,3.58,226500
KR7289260002,20260813,10,006400,삼성SDI,58,3.44,487000
KR7289250003,20260813,1,000660,에스케이하이닉스,152,23,1593000
KR7289250003,20260813,2,005930,삼성전자,863,22.18,268000
KR7289250003,20260813,3,009150,삼성전기,40,5.37,1503000
KR7289250003,20260813,4,105560,KB금융지주,250,4.17,168100
KR7289250003,20260813,5,055550,신한금융지주회사,293,3.06,106600
KR7289250003,20260813,6,005935,삼성전자1우,148,2.77,187800
KR7289250003,20260813,7,402340,SK스퀘어,24,2.47,1117000
KR7289250003,20260813,8,086790,하나금융지주,191,2.46,131000
KR7289250003,20260813,9,035420,네이버,100,2.17,226500
KR7289250003,20260813,10,006400,삼성SDI,43,2.1,487000
KR7310970009,20260813,1,005930,삼성전자,6370,35.29,268000
KR7310970009,20260813,2,000660,에스케이하이닉스,752,24.52,1593000
KR7310970009,20260813,3,005935,삼성전자1우,1093,4.41,187800
KR7310970009,20260813,4,402340,SK스퀘어,126,2.8,1117000
KR7310970009,20260813,5,009150,삼성전기,76,2.2,1503000
KR7310970009,20260813,6,105560,KB금융지주,482,1.73,168100
KR7310970009,20260813,7,005380,현대자동차,181,1.61,418500
KR7310970009,20260813,8,055550,신한금융지주회사,566,1.27,106600
KR7310970009,20260813,9,012450,한화에어로스페이스,46,1.15,1185000
KR7310970009,20260813,10,034020,두산에너빌리티,611,1.06,80900
KR7364990002,20260813,1,036570,엔씨,314,30.87,243500
KR7364990002,20260813,2,259960,크래프톤,307,28.78,234500
KR7364990002,20260813,3,251270,넷마블,1218,19.31,38850
KR7364990002,20260813,4,263750,펄어비스,469,5.9,31500
KR7364990002,20260813,5,181710,엔에이치엔,170,4.16,66700
KR7364990002,20260813,6,192080,더블유게임즈,147,3.64,61700
KR7364990002,20260813,7,462870,시프트업,185,2.34,31000
KR7364990002,20260813,8,293490,카카오게임즈,546,1.93,9070
KR7364990002,20260813,9,112040,위메이드,270,1.89,17830
KR7364990002,20260813,10,225570,넥슨게임즈,322,1.18,9120
KR7139280002,20260813,1,068270,셀트리온,230,17.93,202000
KR7139280002,20260813,2,207940,삼성바이오로직스,16,9.57,1564000
KR7139280002,20260813,3,033780,케이티앤지,138,9.45,173800
KR7139280002,20260813,4,017670,SK텔레콤,229,7.76,91100
KR7139280002,20260813,5,030200,케이티,339,6.9,52500
KR7139280002,20260813,6,015760,한국전력공사,487,6.66,33100
KR7139280002,20260813,7,278470,에이피알,38,5.82,399500
KR7139280002,20260813,8,000100,유한양행,92,2.95,82500
KR7139280002,20260813,9,003230,삼양식품,6,2.79,1219000
KR7139280002,20260813,10,090430,아모레퍼시픽,48,2.51,134500
KR7237440003,20260813,1,068270,셀트리온,229,18.62,202000
KR7237440003,20260813,2,033780,케이티앤지,131,9.35,173800
KR7237440003,20260813,3,207940,삼성바이오로직스,15,9.35,1564000
KR7237440003,20260813,4,017670,SK텔레콤,218,7.7,91100
KR7237440003,20260813,5,030200,케이티,323,6.85,52500
KR7237440003,20260813,6,015760,한국전력공사,463,6.61,33100
KR7237440003,20260813,7,278470,에이피알,36,5.75,399500
KR7237440003,20260813,8,000100,유한양행,88,2.94,82500
KR7237440003,20260813,9,003230,삼양식품,6,2.91,1219000
KR7237440003,20260813,10,090430,아모레퍼시픽,46,2.51,134500
KR70168K0008,20260813,1,196170,알테오젠,25,12.28,317500
KR70168K0008,20260813,2,226950,올릭스,58,10.19,112500
KR70168K0008,20260813,3,141080,리가켐 바이오사이언스,50,8.9,114400
KR70168K0008,20260813,4,298380,에이비엘바이오,36,4.83,86800
KR70168K0008,20260813,5,207940,삼성바이오로직스,2,4.79,1564000
KR70168K0008,20260813,6,068270,셀트리온,15,4.69,202000
KR70168K0008,20260813,7,476830,알지노믹스,88,4.58,35050
KR70168K0008,20260813,8,009420,한올바이오파마,53,4.57,60400
KR70168K0008,20260813,9,475830,오름테라퓨틱,42,4.28,66900
KR70168K0008,20260813,10,397030,에이프릴바이오,88,3.88,29150
KR70086B0008,20260813,1,088980,맥쿼리한국인프라투융자회사,13231,28.1,9610
KR70086B0008,20260813,2,395400,에스케이위탁관리부동산투자회사,15176,18.57,5720
KR70086B0008,20260813,3,330590,롯데위탁관리부동산투자회사,13479,11.08,3870
KR70086B0008,20260813,4,293940,신한알파위탁관리부동산투자회사,9438,10.7,5240
KR70086B0008,20260813,5,451800,한화위탁관리부동산투자회사,8700,10.03,5420
KR70086B0008,20260813,6,365550,이에스알켄달스퀘어위탁관리부동산투자회사,12362,8.68,3145
KR70086B0008,20260813,7,357120,코람코라이프인프라위탁관리부동산투자회사,6810,6.33,4320
KR70086B0008,20260813,8,448730,삼성에프엔위탁관리부동산투자회사,2859,3.31,5400
KR70086B0008,20260813,9,334890,이지스밸류플러스위탁관리부동산투자회사,3987,3.19,3690
KR7341850006,20260813,1,KR7302190004,미래에셋TIGER중장기국채증권상장지수투자신탁(채권-파생형),1112,25.14,50150
KR7341850006,20260813,2,395400,에스케이위탁관리부동산투자회사,4839,12.45,5720
KR7341850006,20260813,3,088980,맥쿼리한국인프라투융자회사,2418,10.79,9610
KR7341850006,20260813,4,415640,케이비발해인프라투융자회사,1863,8.8,10470
KR7341850006,20260813,5,330590,롯데위탁관리부동산투자회사,4728,8.17,3870
KR7341850006,20260813,6,451800,한화위탁관리부동산투자회사,2730,6.62,5420
KR7341850006,20260813,7,365550,이에스알켄달스퀘어위탁관리부동산투자회사,3744,5.52,3145
KR7341850006,20260813,8,293940,신한알파위탁관리부동산투자회사,1838,4.38,5240
KR7341850006,20260813,9,094800,미래에셋맵스리얼티부동산공모투자회사,1411,4.2,6950
KR7341850006,20260813,10,448730,삼성에프엔위탁관리부동산투자회사,1384,3.37,5400
KR7329200000,20260813,1,395400,에스케이위탁관리부동산투자회사,5571,15.87,5720
KR7329200000,20260813,2,088980,맥쿼리한국인프라투융자회사,3074,15.2,9610
KR7329200000,20260813,3,415640,케이비발해인프라투융자회사,2268,11.87,10470
KR7329200000,20260813,4,330590,롯데위탁관리부동산투자회사,5348,10.24,3870
KR7329200000,20260813,5,451800,한화위탁관리부동산투자회사,3324,8.92,5420
KR7329200000,20260813,6,365550,이에스알켄달스퀘어위탁관리부동산투자회사,4555,7.45,3145
KR7329200000,20260813,7,293940,신한알파위탁관리부동산투자회사,2238,5.91,5240
KR7329200000,20260813,8,094800,미래에셋맵스리얼티부동산공모투자회사,1718,5.67,6950
KR7329200000,20260813,9,448730,삼성에프엔위탁관리부동산투자회사,1685,4.55,5400
KR7329200000,20260813,10,417310,코람코더원위탁관리부동산투자회사,748,4.08,10920
KR70086C0007,20260813,1,KR7157450008,미래에셋 TIGER 단기통안채 증권상장지수투자신탁(채권),2269,51.99,112415
KR70086C0007,20260813,2,088980,맥쿼리한국인프라투융자회사,6692,13.5,9610
KR70086C0007,20260813,3,395400,에스케이위탁관리부동산투자회사,7669,8.91,5720
KR70086C0007,20260813,4,330590,롯데위탁관리부동산투자회사,6812,5.32,3870
KR70086C0007,20260813,5,293940,신한알파위탁관리부동산투자회사,4770,5.14,5240
KR70086C0007,20260813,6,451800,한화위탁관리부동산투자회사,4396,4.81,5420
KR70086C0007,20260813,7,365550,이에스알켄달스퀘어위탁관리부동산투자회사,6247,4.17,3145
KR70086C0007,20260813,8,357120,코람코라이프인프라위탁관리부동산투자회사,3442,3.04,4320
KR70086C0007,20260813,9,448730,삼성에프엔위탁관리부동산투자회사,1445,1.59,5400
KR70086C0007,20260813,10,334890,이지스밸류플러스위탁관리부동산투자회사,2015,1.53,3690
KR7147970008,20260813,1,010060,OCI홀딩스,294,4.69,278000
KR7147970008,20260813,2,010130,고려아연,54,4.08,1233000
KR7147970008,20260813,3,267250,에이치디현대,284,4.07,229000
KR7147970008,20260813,4,028050,삼성이앤에이,1280,3.93,49000
KR7147970008,20260813,5,000720,현대건설,544,3.85,113700
KR7147970008,20260813,6,267270,에이치디건설기계,444,3.83,139500
KR7147970008,20260813,7,010120,엘에스일렉트릭,284,3.69,214000
KR7147970008,20260813,8,011210,현대위아,906,3.67,66200
KR7147970008,20260813,9,278470,에이피알,147,3.63,399500
KR7147970008,20260813,10,082740,한화엔진 주식회사,1263,3.55,48250
KR7228810008,20260813,1,035760,씨제이이엔엠,315,11.24,34600
KR7228810008,20260813,2,253450,스튜디오드래곤,457,11.23,23600
KR7228810008,20260813,3,419530,에스에이엠지엔터테인먼트,413,10.52,23850
KR7228810008,20260813,4,122870,YG엔터테인먼트,242,10.3,39700
KR7228810008,20260813,5,041510,에스엠엔터테인먼트,129,9.75,71900
KR7228810008,20260813,6,376300,디어유,467,9.4,19790
KR7228810008,20260813,7,035900,제이와이피엔터테인먼트,193,8.89,40850
KR7228810008,20260813,8,352820,하이브,44,7.91,176400
KR7228810008,20260813,9,473980,노머스,543,6.36,11610
KR7228810008,20260813,10,403850,더핑크퐁컴퍼니,539,6.23,11540
KR7364970004,20260813,1,196170,알테오젠,363,29.26,317500
KR7364970004,20260813,2,068270,셀트리온,529,27.13,202000
KR7364970004,20260813,3,207940,삼성바이오로직스,64,25.17,1564000
KR7364970004,20260813,4,000100,유한양행,173,3.65,82500
KR7364970004,20260813,5,028300,에이치엘비,340,3.59,42750
KR7364970004,20260813,6,087010,펩트론,62,2.93,196700
KR7364970004,20260813,7,298380,에이비엘바이오,120,2.64,86800
KR7364970004,20260813,8,141080,리가켐 바이오사이언스,74,2.16,114400
KR7364970004,20260813,9,326030,SK바이오팜,80,1.79,87600
KR7364970004,20260813,10,0126Z0,삼성에피스홀딩스,16,1.66,403000
KR7091230003,20260813,1,005930,삼성전자,2968,30,268000
KR7091230003,20260813,2,000660,에스케이하이닉스,494,29.39,1593000
KR7091230003,20260813,3,042700,한미반도체,731,6.29,226000
KR7091230003,20260813,4,036930,주성엔지니어링,543,3.74,179300
KR7091230003,20260813,5,240810,원익아이피에스,573,2.53,120000
KR7091230003,20260813,6,058470,리노공업,863,2.44,71300
KR7091230003,20260813,7,039030,이오테크닉스,146,2.23,378500
KR7091230003,20260813,8,000990,DB 하이텍,531,2,99700
KR7091230003,20260813,9,080220,제주반도체,528,1.82,88300
KR7091230003,20260813,10,319660,피에스케이,343,1.8,134600
KR7396500001,20260813,1,005930,삼성전자,2042,31.1,268000
KR7396500001,20260813,2,000660,에스케이하이닉스,265,23.76,1593000
KR7396500001,20260813,3,402340,SK스퀘어,338,20.63,1117000
KR7396500001,20260813,4,042700,한미반도체,405,5.25,226000
KR7396500001,20260813,5,036930,주성엔지니어링,469,4.86,179300
KR7396500001,20260813,6,007660,이수페타시스,756,4.06,96800
KR7396500001,20260813,7,240810,원익아이피에스,461,3.06,120000
KR7396500001,20260813,8,039030,이오테크닉스,112,2.57,378500
KR7396500001,20260813,9,058470,리노공업,552,2.35,71300
KR7396500001,20260813,10,000990,DB 하이텍,414,2.35,99700
KR70177R0000,20260813,1,005930,삼성전자,991,28.37,268000
KR70177R0000,20260813,2,000660,에스케이하이닉스,138,23.25,1593000
KR70177R0000,20260813,3,KR7396500001,미래에셋TIGER반도체TOP10증권상장지수투자신탁(주식),3130,11.8,35250
KR70177R0000,20260813,4,009150,삼성전기,66,9.87,1503000
KR70177R0000,20260813,5,402340,SK스퀘어,80,9.18,1117000
KR70177R0000,20260813,6,240810,원익아이피에스,284,3.55,120000
KR70177R0000,20260813,7,039030,이오테크닉스,75,3.24,378500
KR70177R0000,20260813,8,000990,DB 하이텍,271,2.89,99700
KR70177R0000,20260813,9,058470,리노공업,229,1.83,71300
KR70177R0000,20260813,10,042700,한미반도체,62,1.51,226000
KR7138520002,20260813,1,005930,삼성전자,665,23.81,268000
KR7138520002,20260813,2,028260,삼성물산,404,20.24,365000
KR7138520002,20260813,3,006400,삼성SDI,156,10.61,487000
KR7138520002,20260813,4,032830,삼성생명보험,158,6.7,291500
KR7138520002,20260813,5,010140,삼성중공업,1990,6.07,22000
KR7138520002,20260813,6,009150,삼성전기,31,5.8,1503000
KR7138520002,20260813,7,028050,삼성이앤에이,750,5.18,49000
KR7138520002,20260813,8,018260,삼성에스디에스,153,5.05,237000
KR7138520002,20260813,9,000810,삼성화재해상보험,55,4.84,611000
KR7138520002,20260813,10,207940,삼성바이오로직스,16,3.47,1564000
KR7157490004,20260813,1,035420,네이버,208,25.53,226500
KR7157490004,20260813,2,035720,카카오,901,20.3,40100
KR7157490004,20260813,3,018260,삼성에스디에스,106,14.22,237000
KR7157490004,20260813,4,259960,크래프톤,76,10.17,234500
KR7157490004,20260813,5,036570,엔씨,49,6.88,243500
KR7157490004,20260813,6,064400,엘지씨엔에스,135,5.94,78400
KR7157490004,20260813,7,307950,현대오토에버,17,4.19,449000
KR7157490004,20260813,8,251270,넷마블,85,1.92,38850
KR7157490004,20260813,9,263750,펄어비스,104,1.87,31500
KR7157490004,20260813,10,022100,포스코디엑스,140,1.69,21800
KR7228800009,20260813,1,035250,강원랜드,560,10.4,14340
KR7228800009,20260813,2,020560,아시아나항공,1096,10.07,7050
KR7228800009,20260813,3,003490,대한항공,294,9.95,26100
KR7228800009,20260813,4,032350,롯데관광개발,535,9.21,12810
KR7228800009,20260813,5,008770,호텔신라,161,9.05,43400
KR7228800009,20260813,6,034230,파라다이스,640,8.09,9710
KR7228800009,20260813,7,499790,지에스피앤엘,121,6.84,43200
KR7228800009,20260813,8,006730,서부티엔디,469,6.74,11050
KR7228800009,20260813,9,039130,하나투어,160,6.54,31950
KR7228800009,20260813,10,114090,그랜드코리아레저,461,5.69,9260
KR7227570009,20260813,1,078930,지에스,179,2.89,107400
KR7227570009,20260813,2,006120,에스케이디스커버리,286,2.41,51900
KR7227570009,20260813,3,028670,팬오션,2564,2.38,5630
KR7227570009,20260813,4,000640,동아쏘시오홀딩스,155,2.35,94400
KR7227570009,20260813,5,007070,지에스리테일,539,2.33,26750
KR7227570009,20260813,6,282330,비지에프리테일(신설),100,2.33,142700
KR7227570009,20260813,7,012630,에이치디씨,645,2.32,22300
KR7227570009,20260813,8,294870,아이파크현대산업개발,662,2.31,21800
KR7227570009,20260813,9,002790,아모레퍼시픽홀딩스,522,2.21,26200
KR7227570009,20260813,10,071320,한국지역난방공사,183,2.2,74600
KR7261140008,20260813,1,005935,삼성전자1우,681,26.75,187800
KR7261140008,20260813,2,005387,현대자동차2우,407,17.22,201500
KR7261140008,20260813,3,00680K,미래에셋증권2우,3225,7.96,12060
KR7261140008,20260813,4,009155,삼성전기1우,71,6.92,508000
KR7261140008,20260813,5,066575,LG전자1우,423,6.42,72400
KR7261140008,20260813,6,000815,삼성화재해상보험1우,67,5.66,397000
KR7261140008,20260813,7,051915,LG화학1우,189,5.01,124100
KR7261140008,20260813,8,071055,한국투자금융지주1우,138,4.5,153000
KR7261140008,20260813,9,000155,두산1우,45,4.15,436000
KR7261140008,20260813,10,005945,NH투자증권1우,464,2.43,24800
KR7091220004,20260813,1,055550,신한금융지주회사,724,23.08,106600
KR7091220004,20260813,2,086790,하나금융지주,556,21.84,131000
KR7091220004,20260813,3,105560,KB금융지주,406,20.7,168100
KR7091220004,20260813,4,316140,우리금융지주,1638,16.6,33300
KR7091220004,20260813,5,323410,카카오뱅크,831,5.55,22150
KR7091220004,20260813,6,024110,중소기업은행,665,4.12,20000
KR7091220004,20260813,7,175330,JB금융지주,383,3.29,29350
KR7091220004,20260813,8,138930,BNK금융지주,662,2.98,14850
KR7091220004,20260813,9,139130,아이엠금융지주,339,1.75,16970
KR7091220004,20260813,10,006220,제주은행,33,.09,9260
KR7466940004,20260813,1,086790,하나금융지주,1613,16.14,131000
KR7466940004,20260813,2,105560,KB금융지주,1222,15.87,168100
KR7466940004,20260813,3,316140,우리금융지주,6141,15.86,33300
KR7466940004,20260813,4,055550,신한금융지주회사,1911,15.52,106600
KR7466940004,20260813,5,024110,중소기업은행,8838,13.93,20000
KR7466940004,20260813,6,175330,JB금융지주,2738,5.99,29350
KR7466940004,20260813,7,138930,BNK금융지주,4546,5.22,14850
KR7466940004,20260813,8,000810,삼성화재해상보험,93,4.57,611000
KR7466940004,20260813,9,071050,한국투자금융지주,268,4.2,199700
KR7466940004,20260813,10,139130,아이엠금융지주,2048,2.69,16970
KR7307510008,20260813,1,214450,파마리서치,271,16.07,425500
KR7307510008,20260813,2,214150,클래시스,1079,6.87,39700
KR7307510008,20260813,3,290650,엘앤씨바이오,736,6.08,54700
KR7307510008,20260813,4,096530,씨젠,1295,6.01,31900
KR7307510008,20260813,5,328130,루닛,2829,4.42,10520
KR7307510008,20260813,6,458870,씨어스,1133,4.18,24200
KR7307510008,20260813,7,491000,리브스메드,600,3.9,47400
KR7307510008,20260813,8,041830,인바디,368,3.61,66200
KR7307510008,20260813,9,445680,큐리옥스바이오시스템즈,583,3.54,38950
KR7307510008,20260813,10,085660,차바이오텍,2422,3.4,9490
KR7365000009,20260813,1,035720,카카오,1493,30.7,40100
KR7365000009,20260813,2,035420,네이버,262,29.35,226500
KR7365000009,20260813,3,178320,서진시스템,788,15.26,36950
KR7365000009,20260813,4,189300,인텔리안테크놀로지스,140,5.57,77600
KR7365000009,20260813,5,032500,케이엠더블유,514,4.57,17370
KR7365000009,20260813,6,486990,노타,287,3.19,21250
KR7365000009,20260813,7,067160,숲,136,3.13,42400
KR7365000009,20260813,8,042000,카페24,329,3.1,18060
KR7365000009,20260813,9,053800,안랩,90,2.94,60500
KR7365000009,20260813,10,376300,디어유,210,2.19,19790
KR7494670003,20260813,1,042660,한화오션,2919,23.09,90700
KR7494670003,20260813,2,329180,에이치디현대중공업,522,22.73,496000
KR7494670003,20260813,3,009540,에이치디한국조선해양,674,22.52,371500
KR7494670003,20260813,4,010140,삼성중공업,8384,16.01,22000
KR7494670003,20260813,5,443060,에이치디현대마린솔루션,430,7.55,200500
KR7494670003,20260813,6,082740,한화엔진 주식회사,801,3.18,48250
KR7494670003,20260813,7,439260,대한조선,366,1.66,51800
KR7494670003,20260813,8,071970,에이치디현대마린엔진,326,1.64,58000
KR7494670003,20260813,9,017960,한국카본,496,1.06,24300
KR7494670003,20260813,10,075580,세진중공업,546,.55,11500
KR7150460004,20260813,1,161890,한국콜마,113,6.53,135200
KR7150460004,20260813,2,192820,코스맥스,59,6.42,249000
KR7150460004,20260813,3,214450,파마리서치,34,6.05,425500
KR7150460004,20260813,4,051900,LG생활건강,41,5.61,303500
KR7150460004,20260813,5,090430,아모레퍼시픽,87,5.15,134500
KR7150460004,20260813,6,280360,롯데웰푸드,93,4.98,119200
KR7150460004,20260813,7,002790,아모레퍼시픽홀딩스,398,4.58,26200
KR7150460004,20260813,8,004370,농심,26,4.42,389500
KR7150460004,20260813,9,005180,빙그레,145,4.42,68700
KR7150460004,20260813,10,003230,삼양식품,8,4.2,1219000
KR7157500000,20260813,1,071050,한국투자금융지주,337,25.71,199700
KR7157500000,20260813,2,006800,미래에셋증권,1542,21.41,38050
KR7157500000,20260813,3,016360,삼성증권,496,17.57,92500
KR7157500000,20260813,4,039490,키움증권,124,14.11,297000
KR7157500000,20260813,5,005940,NH투자증권,1195,12.98,28350
KR7157500000,20260813,6,003540,대신증권,209,2.21,26950
KR7157500000,20260813,7,001720,신영증권,34,2.06,159400
KR7157500000,20260813,8,003530,한화투자증권,877,1.56,4630
KR7157500000,20260813,9,001510,SK증권,1418,1.29,2370
KR7157500000,20260813,10,003470,유안타증권,614,1.11,4680
KR7307520007,20260813,1,034730,SK,238,12.35,553000
KR7307520007,20260813,2,000150,두산,84,10.03,1262000
KR7307520007,20260813,3,003550,LG,846,8.83,113700
KR7307520007,20260813,4,006260,LS,261,8.38,326000
KR7307520007,20260813,5,028260,삼성물산,244,8.31,365000
KR7307520007,20260813,6,180640,한진칼,633,7.12,119000
KR7307520007,20260813,7,267250,에이치디현대,312,6.85,229000
KR7307520007,20260813,8,005490,포스코홀딩스,212,6.56,325500
KR7307520007,20260813,9,078930,지에스,679,6.53,107400
KR7307520007,20260813,10,010060,OCI홀딩스,199,4.85,278000
KR70117V0007,20260813,1,010120,엘에스일렉트릭,1197,26.32,214000
KR70117V0007,20260813,2,298040,효성중공업,85,25.93,3017000
KR70117V0007,20260813,3,267260,에이치디현대일렉트릭,266,21.94,785000
KR70117V0007,20260813,4,006260,LS,156,5.54,326000
KR70117V0007,20260813,5,062040,산일전기,198,3.95,188000
KR70117V0007,20260813,6,103590,일진전기,485,3.71,72400
KR70117V0007,20260813,7,001440,대한전선,1192,3.7,30100
KR70117V0007,20260813,8,000500,가온전선,205,3.5,167000
KR70117V0007,20260813,9,033100,제룡전기,557,2.99,50100
KR70117V0007,20260813,10,229640,엘에스에코에너지,474,2.42,48150
KR7292150000,20260813,1,000660,에스케이하이닉스,366,30.43,1593000
KR7292150000,20260813,2,005930,삼성전자,2022,28.55,268000
KR7292150000,20260813,3,005380,현대자동차,324,7.33,418500
KR7292150000,20260813,4,105560,KB금융지주,677,6.21,168100
KR7292150000,20260813,5,012450,한화에어로스페이스,82,5.24,1185000
KR7292150000,20260813,6,055550,신한금융지주회사,889,5.1,106600
KR7292150000,20260813,7,034020,두산에너빌리티,1046,4.64,80900
KR7292150000,20260813,8,000270,기아,590,4.42,137400
KR7292150000,20260813,9,068270,셀트리온,389,4.34,202000
KR7292150000,20260813,10,035420,네이버,313,3.73,226500
KR70104P0000,20260813,1,175330,JB금융지주,1885,4.74,29350
KR70104P0000,20260813,2,316140,우리금융지주,1504,4.46,33300
KR70104P0000,20260813,3,005830,디비손해보험,309,4.42,166600
KR70104P0000,20260813,4,086790,하나금융지주,384,4.41,131000
KR70104P0000,20260813,5,111770,영원무역,573,4.39,84700
KR70104P0000,20260813,6,081660,미스토홀딩스,1134,4.37,42900
KR70104P0000,20260813,7,161390,한국타이어앤테크놀로지,644,4.06,71500
KR70104P0000,20260813,8,024110,중소기업은행,2209,4,20000
KR70104P0000,20260813,9,000810,삼성화재해상보험,70,3.95,611000
KR70104P0000,20260813,10,012750,에스원,566,3.92,78100
KR70052D0006,20260813,1,175330,JB금융지주,1335,4.78,29350
KR70052D0006,20260813,2,316140,우리금융지주,1065,4.5,33300
KR70052D0006,20260813,3,005830,디비손해보험,219,4.46,166600
KR70052D0006,20260813,4,086790,하나금융지주,272,4.46,131000
KR70052D0006,20260813,5,111770,영원무역,405,4.42,84700
KR70052D0006,20260813,6,081660,미스토홀딩스,803,4.41,42900
KR70052D0006,20260813,7,161390,한국타이어앤테크놀로지,456,4.1,71500
KR70052D0006,20260813,8,024110,중소기업은행,1564,4.04,20000
KR70052D0006,20260813,9,000810,삼성화재해상보험,50,4.02,611000
KR70052D0006,20260813,10,012750,에스원,400,3.95,78100
KR7496080003,20260813,1,000660,에스케이하이닉스,184,17.86,1593000
KR7496080003,20260813,2,005930,삼성전자,1020,16.82,268000
KR7496080003,20260813,3,402340,SK스퀘어,123,8.13,1117000
KR7496080003,20260813,4,005380,현대자동차,182,4.81,418500
KR7496080003,20260813,5,105560,KB금융지주,406,4.35,168100
KR7496080003,20260813,6,055550,신한금융지주회사,550,3.69,106600
KR7496080003,20260813,7,012450,한화에어로스페이스,44,3.28,1185000
KR7496080003,20260813,8,000270,기아,326,2.85,137400
KR7496080003,20260813,9,086790,하나금융지주,332,2.74,131000
KR7496080003,20260813,10,012330,현대모비스,83,2.67,511000
KR70091P0005,20260813,1,000720,현대건설,1837,25.65,113700
KR70091P0005,20260813,2,034020,두산에너빌리티,2482,24.45,80900
KR70091P0005,20260813,3,047040,대우건설,6418,14.04,18400
KR70091P0005,20260813,4,375500,디엘이앤씨,919,8.31,73500
KR70091P0005,20260813,5,032820,우리기술,5137,7.25,11760
KR70091P0005,20260813,6,052690,한국전력기술,585,7.12,99800
KR70091P0005,20260813,7,083650,비에이치아이,604,4.19,56500
KR70091P0005,20260813,8,051600,한전KPS,703,3.92,46200
KR70091P0005,20260813,9,130660,한전산업개발,732,1.07,11900
KR70091P0005,20260813,10,100840,에스앤티에너지,249,.88,28350
KR70148J0006,20260813,1,108490,로보티즈,297,15.12,261000
KR70148J0006,20260813,2,277810,레인보우로보틱스,144,14.51,497000
KR70148J0006,20260813,3,454910,두산로보틱스,810,12.71,78000
KR70148J0006,20260813,4,058610,에스피지,438,10.11,112200
KR70148J0006,20260813,5,090360,로보스타,413,7.2,86000
KR70148J0006,20260813,6,319400,현대무벡스,1232,6.36,25300
KR70148J0006,20260813,7,064400,엘지씨엔에스,371,5.9,78400
KR70148J0006,20260813,8,307950,현대오토에버,60,5.34,449000
KR70148J0006,20260813,9,348340,뉴로메카,1073,4.55,21400
KR70148J0006,20260813,10,160190,하이젠알앤엠,1102,4.39,21150
KR7232080002,20260813,1,196170,알테오젠,90,9.56,317500
KR7232080002,20260813,2,086520,에코프로,166,5.07,92100
KR7232080002,20260813,3,247540,에코프로비엠,91,3.48,114500
KR7232080002,20260813,4,036930,주성엔지니어링,53,3.08,179300
KR7232080002,20260813,5,028300,에이치엘비,199,2.77,42750
KR7232080002,20260813,6,087010,펩트론,36,2.24,196700
KR7232080002,20260813,7,277810,레인보우로보틱스,13,2.13,497000
KR7232080002,20260813,8,240810,원익아이피에스,56,2.09,120000
KR7232080002,20260813,9,298380,에이비엘바이오,70,2.03,86800
KR7232080002,20260813,10,058470,리노공업,84,2.01,71300
KR7261060008,20260813,1,036930,주성엔지니어링,217,8.18,179300
KR7261060008,20260813,2,240810,원익아이피에스,229,5.53,120000
KR7261060008,20260813,3,058470,리노공업,345,5.34,71300
KR7261060008,20260813,4,039030,이오테크닉스,58,4.85,378500
KR7261060008,20260813,5,108490,로보티즈,79,4.24,261000
KR7261060008,20260813,6,080220,제주반도체,211,3.98,88300
KR7261060008,20260813,7,319660,피에스케이,137,3.94,134600
KR7261060008,20260813,8,222800,심텍,172,3.9,105800
KR7261060008,20260813,9,403870,에이치피에스피,452,3.79,41200
KR7261060008,20260813,10,178320,서진시스템,341,2.75,36950
KR7261070007,20260813,1,196170,알테오젠,248,28.46,317500
KR7261070007,20260813,2,028300,에이치엘비,551,8.29,42750
KR7261070007,20260813,3,087010,펩트론,101,6.81,196700
KR7261070007,20260813,4,298380,에이비엘바이오,195,6.12,86800
KR7261070007,20260813,5,141080,리가켐 바이오사이언스,122,5.08,114400
KR7261070007,20260813,6,214450,파마리서치,32,4.72,425500
KR7261070007,20260813,7,000250,삼천당제약,65,4.38,189800
KR7261070007,20260813,8,347850,디앤디파마텍,163,3.56,61700
KR7261070007,20260813,9,310210,보로노이,50,3.16,180700
KR7261070007,20260813,10,226950,올릭스,76,3.12,112500
KR7461580003,20260813,1,196170,알테오젠,510,19.79,317500
KR7461580003,20260813,2,086520,에코프로,940,10.49,92100
KR7461580003,20260813,3,247540,에코프로비엠,518,7.24,114500
KR7461580003,20260813,4,036930,주성엔지니어링,300,6.38,179300
KR7461580003,20260813,5,240810,원익아이피에스,316,4.31,120000
KR7461580003,20260813,6,298380,에이비엘바이오,399,4.23,86800
KR7461580003,20260813,7,058470,리노공업,477,4.16,71300
KR7461580003,20260813,8,141080,리가켐 바이오사이언스,249,3.5,114400
KR7461580003,20260813,9,214450,파마리서치,66,3.29,425500
KR7461580003,20260813,10,222800,심텍,238,3.04,105800
KR70204S0006,20260813,1,080220,제주반도체,56,7.02,88300
KR70204S0006,20260813,2,131290,티에스이,15,5.4,259000
KR70204S0006,20260813,3,033160,엠케이전자,160,4.18,17950
KR70204S0006,20260813,4,031980,피에스케이홀딩스,25,3.89,105200
KR70204S0006,20260813,5,170920,엘티씨,61,3.64,40600
KR70204S0006,20260813,6,089970,브이엠,36,3.54,68500
KR70204S0006,20260813,7,214450,파마리서치,6,3.53,425500
KR70204S0006,20260813,8,252990,샘씨엔에스,157,3.4,15480
KR70204S0006,20260813,9,123330,제닉,61,2.86,30150
KR70204S0006,20260813,10,095340,아이에스시,13,2.79,159800
KR7277640009,20260813,1,005930,삼성전자,2176,31.1,268000
KR7277640009,20260813,2,000660,에스케이하이닉스,272,22.89,1593000
KR7277640009,20260813,3,402340,SK스퀘어,49,2.81,1117000
KR7277640009,20260813,4,009150,삼성전기,28,2.09,1503000
KR7277640009,20260813,5,373220,엘지에너지솔루션,87,1.74,365500
KR7277640009,20260813,6,005380,현대자동차,76,1.74,418500
KR7277640009,20260813,7,207940,삼성바이오로직스,17,1.47,1564000
KR7277640009,20260813,8,032830,삼성생명보험,74,1.25,291500
KR7277640009,20260813,9,012450,한화에어로스페이스,19,1.23,1185000
KR7277640009,20260813,10,105560,KB금융지주,132,1.23,168100
KR7277650008,20260813,1,047040,대우건설,1245,2.13,18400
KR7277650008,20260813,2,062040,산일전기,93,1.69,188000
KR7277650008,20260813,3,353200,대덕전자,150,1.54,113000
KR7277650008,20260813,4,036570,엔씨,65,1.54,243500
KR7277650008,20260813,5,271560,오리온,120,1.53,131800
KR7277650008,20260813,6,010060,OCI홀딩스,57,1.4,278000
KR7277650008,20260813,7,000500,가온전선,90,1.4,167000
KR7277650008,20260813,8,051900,LG생활건강,45,1.36,303500
KR7277650008,20260813,9,011790,SKC,150,1.25,89200
KR7277650008,20260813,10,000990,DB 하이텍,132,1.2,99700
KR7277630000,20260813,1,005930,삼성전자,3809,28.58,268000
KR7277630000,20260813,2,000660,에스케이하이닉스,476,21.02,1593000
KR7277630000,20260813,3,402340,SK스퀘어,86,2.59,1117000
KR7277630000,20260813,4,009150,삼성전기,49,1.92,1503000
KR7277630000,20260813,5,373220,엘지에너지솔루션,152,1.6,365500
KR7277630000,20260813,6,005380,현대자동차,133,1.6,418500
KR7277630000,20260813,7,207940,삼성바이오로직스,30,1.36,1564000
KR7277630000,20260813,8,032830,삼성생명보험,130,1.15,291500
KR7277630000,20260813,9,012450,한화에어로스페이스,34,1.15,1185000
KR7277630000,20260813,10,105560,KB금융지주,231,1.13,168100
KR7376410007,20260813,1,005930,삼성전자,2575,27.91,268000
KR7376410007,20260813,2,000660,에스케이하이닉스,281,17.93,1593000
KR7376410007,20260813,3,402340,SK스퀘어,70,3.04,1117000
KR7376410007,20260813,4,005380,현대자동차,95,1.65,418500
KR7376410007,20260813,5,034020,두산에너빌리티,480,1.64,80900
KR7376410007,20260813,6,105560,KB금융지주,228,1.61,168100
KR7376410007,20260813,7,055550,신한금융지주회사,356,1.57,106600
KR7376410007,20260813,8,012450,한화에어로스페이스,30,1.47,1185000
KR7376410007,20260813,9,068270,셀트리온,145,1.24,202000
KR7376410007,20260813,10,086790,하나금융지주,228,1.24,131000
KR7387280001,20260813,1,006400,삼성SDI,21,8.91,487000
KR7387280001,20260813,2,012330,현대모비스,20,8.72,511000
KR7387280001,20260813,3,373220,엘지에너지솔루션,25,7.84,365500
KR7387280001,20260813,4,009150,삼성전기,6,7,1503000
KR7387280001,20260813,5,108490,로보티즈,31,6.71,261000
KR7387280001,20260813,6,086280,현대글로비스,33,5.76,204500
KR7387280001,20260813,7,307950,현대오토에버,15,5.68,449000
KR7387280001,20260813,8,005380,현대자동차,15,5.37,418500
KR7387280001,20260813,9,000660,에스케이하이닉스,4,5.26,1593000
KR7387280001,20260813,10,204320,에이치엘만도,68,3.22,55500
KR7143860005,20260813,1,068270,셀트리온,928,23.13,202000
KR7143860005,20260813,2,196170,알테오젠,322,12.61,317500
KR7143860005,20260813,3,207940,삼성바이오로직스,62,11.85,1564000
KR7143860005,20260813,4,000100,유한양행,364,3.73,82500
KR7143860005,20260813,5,028300,에이치엘비,714,3.66,42750
KR7143860005,20260813,6,087010,펩트론,131,3.01,196700
KR7143860005,20260813,7,298380,에이비엘바이오,252,2.7,86800
KR7143860005,20260813,8,326030,SK바이오팜,238,2.59,87600
KR7143860005,20260813,9,141080,리가켐 바이오사이언스,158,2.24,114400
KR7143860005,20260813,10,214450,파마리서치,42,2.11,425500
KR7138540000,20260813,1,000270,기아,2005,25.87,137400
KR7138540000,20260813,2,005380,현대자동차,524,20.42,418500
KR7138540000,20260813,3,012330,현대모비스,326,15.46,511000
KR7138540000,20260813,4,004020,현대제철,3500,9.56,28800
KR7138540000,20260813,5,086280,현대글로비스,388,7.37,204500
KR7138540000,20260813,6,000720,현대건설,420,4.55,113700
KR7138540000,20260813,7,009540,에이치디한국조선해양,112,4.05,371500
KR7138540000,20260813,8,267250,에이치디현대,128,2.81,229000
KR7138540000,20260813,9,011210,현대위아,308,1.9,66200
KR7138540000,20260813,10,064350,현대로템,116,1.62,147600
KR7228790002,20260813,1,192820,코스맥스,63,11.45,249000
KR7228790002,20260813,2,257720,실리콘투,312,10.28,40800
KR7228790002,20260813,3,214450,파마리서치,34,10.1,425500
KR7228790002,20260813,4,483650,달바글로벌,52,9.92,236000
KR7228790002,20260813,5,161890,한국콜마,100,9.65,135200
KR7228790002,20260813,6,051900,LG생활건강,42,9.6,303500
KR7228790002,20260813,7,278470,에이피알,32,9.25,399500
KR7228790002,20260813,8,090430,아모레퍼시픽,85,8.4,134500
KR7228790002,20260813,9,241710,코스메카코리아,92,8.27,124500
KR7228790002,20260813,10,018290,브이티,295,3.17,13380
KR7471780007,20260813,1,005930,삼성전자,346,26.74,268000
KR7471780007,20260813,2,000660,에스케이하이닉스,46,20.93,1593000
KR7471780007,20260813,3,009150,삼성전기,25,10.09,1503000
KR7471780007,20260813,4,095610,테스,106,4.68,145000
KR7471780007,20260813,5,353200,대덕전자,137,4.44,113000
KR7471780007,20260813,6,319660,피에스케이,97,3.9,134600
KR7471780007,20260813,7,131290,티에스이,51,3.86,259000
KR7471780007,20260813,8,222800,심텍,120,3.8,105800
KR7471780007,20260813,9,001820,삼화콘덴서공업,100,2.66,103300
KR7471780007,20260813,10,006400,삼성SDI,16,2.35,487000
KR7139260004,20260813,1,402340,SK스퀘어,573,22.84,1117000
KR7139260004,20260813,2,000660,에스케이하이닉스,356,20.85,1593000
KR7139260004,20260813,3,005930,삼성전자,1892,18.82,268000
KR7139260004,20260813,4,009150,삼성전기,329,17.1,1503000
KR7139260004,20260813,5,006400,삼성SDI,298,5.63,487000
KR7139260004,20260813,6,066570,LG전자,530,4.23,206500
KR7139260004,20260813,7,003550,LG,440,1.88,113700
KR7139260004,20260813,8,042700,한미반도체,207,1.75,226000
KR7139260004,20260813,9,018260,삼성에스디에스,187,1.71,237000
KR7139260004,20260813,10,011070,LG이노텍,70,1.65,615000
KR7139220008,20260813,1,028260,삼성물산,103,24.36,365000
KR7139220008,20260813,2,028050,삼성이앤에이,746,24.33,49000
KR7139220008,20260813,3,000720,현대건설,213,16.04,113700
KR7139220008,20260813,4,047040,대우건설,939,11.08,18400
KR7139220008,20260813,5,375500,디엘이앤씨,140,6.83,73500
KR7139220008,20260813,6,052690,한국전력기술,89,5.84,99800
KR7139220008,20260813,7,002380,케이씨씨,19,5.71,456000
KR7139220008,20260813,8,051600,한전KPS,105,3.15,46200
KR7139220008,20260813,9,000210,디엘,51,1.69,50900
KR7139220008,20260813,10,300720,한일시멘트(신설),101,.98,14540
KR7139290001,20260813,1,012330,현대모비스,240,22.86,511000
KR7139290001,20260813,2,000270,기아,699,18.11,137400
KR7139290001,20260813,3,005380,현대자동차,203,15.88,418500
KR7139290001,20260813,4,180640,한진칼,284,6.41,119000
KR7139290001,20260813,5,021240,코웨이,327,5.99,97200
KR7139290001,20260813,6,161390,한국타이어앤테크놀로지,436,5.84,71500
KR7139290001,20260813,7,004170,신세계,38,2.9,419500
KR7139290001,20260813,8,111770,영원무역,132,2.15,84700
KR7139290001,20260813,9,204320,에이치엘만도,197,2.04,55500
KR7139290001,20260813,10,035250,강원랜드,688,1.91,14340
KR7139270003,20260813,1,105560,KB금융지주,372,18.71,168100
KR7139270003,20260813,2,055550,신한금융지주회사,503,15.82,106600
KR7139270003,20260813,3,086790,하나금융지주,304,11.78,131000
KR7139270003,20260813,4,032830,삼성생명보험,104,9.53,291500
KR7139270003,20260813,5,316140,우리금융지주,823,8.23,33300
KR7139270003,20260813,6,000810,삼성화재해상보험,36,6.85,611000
KR7139270003,20260813,7,006800,미래에셋증권,331,3.66,38050
KR7139270003,20260813,8,138040,메리츠금융지주,91,3.28,118600
KR7139270003,20260813,9,071050,한국투자금융지주,50,3.04,199700
KR7139270003,20260813,10,323410,카카오뱅크,418,2.75,22150
KR7139250005,20260813,1,034730,SK,141,22.56,553000
KR7139250005,20260813,2,051910,LG화학,183,14.8,275500
KR7139250005,20260813,3,267250,에이치디현대,179,12.11,229000
KR7139250005,20260813,4,096770,SK이노베이션,296,10.64,121700
KR7139250005,20260813,5,010950,S-OIL,166,6.9,140900
KR7139250005,20260813,6,009830,한화솔루션,562,5.89,36550
KR7139250005,20260813,7,078930,지에스,178,5.28,107400
KR7139250005,20260813,8,010060,OCI홀딩스,53,3.98,278000
KR7139250005,20260813,9,011790,SKC,103,2.63,89200
KR7139250005,20260813,10,014680,한솔케미칼,38,2.61,232500
KR7139230007,20260813,1,034020,두산에너빌리티,627,18.66,80900
KR7139230007,20260813,2,267260,에이치디현대일렉트릭,38,11.01,785000
KR7139230007,20260813,3,009540,에이치디한국조선해양,78,11,371500
KR7139230007,20260813,4,329180,에이치디현대중공업,55,10.11,496000
KR7139230007,20260813,5,010140,삼성중공업,1108,8.93,22000
KR7139230007,20260813,6,298040,효성중공업,8,8.57,3017000
KR7139230007,20260813,7,042660,한화오션,221,7.38,90700
KR7139230007,20260813,8,064350,현대로템,123,6.68,147600
KR7139230007,20260813,9,000150,두산,12,5.58,1262000
KR7139230007,20260813,10,267270,에이치디건설기계,47,2.41,139500
KR7139240006,20260813,1,005490,포스코홀딩스,143,21.6,325500
KR7139240006,20260813,2,010130,고려아연,36,20.33,1233000
KR7139240006,20260813,3,103140,풍산,530,20.25,84000
KR7139240006,20260813,4,004020,현대제철,1463,19.51,28800
KR7139240006,20260813,5,001430,세아베스틸지주,384,7.28,43550
KR7139240006,20260813,6,000670,영풍,151,2.76,38800
KR7139240006,20260813,7,008730,율촌화학,328,2.27,14630
KR7139240006,20260813,8,003030,세아제강지주,43,2.14,108400
KR7139240006,20260813,9,002030,아세아,25,2.13,177800
KR7139240006,20260813,10,014820,동원시스템즈,173,1.74,21850
KR7289480006,20260813,1,005930,삼성전자,1043,33.45,268000
KR7289480006,20260813,2,000660,에스케이하이닉스,126,23.79,1593000
KR7289480006,20260813,3,402340,SK스퀘어,21,2.7,1117000
KR7289480006,20260813,4,009150,삼성전기,13,2.18,1503000
KR7289480006,20260813,5,005380,현대자동차,31,1.59,418500
KR7289480006,20260813,6,105560,KB금융지주,69,1.44,168100
KR7289480006,20260813,7,055550,신한금융지주회사,93,1.21,106600
KR7289480006,20260813,8,012450,한화에어로스페이스,8,1.16,1185000
KR7289480006,20260813,9,028260,삼성물산,22,.99,365000
KR7289480006,20260813,10,034020,두산에너빌리티,97,.98,80900
KR7228820007,20260813,1,005930,삼성전자,1321,36.77,268000
KR7228820007,20260813,2,000660,에스케이하이닉스,53,8.68,1593000
KR7228820007,20260813,3,009150,삼성전기,53,7.71,1503000
KR7228820007,20260813,4,012450,한화에어로스페이스,53,6.67,1185000
KR7228820007,20260813,5,000810,삼성화재해상보험,53,3.63,611000
KR7228820007,20260813,6,035420,네이버,132,3.1,226500
KR7228820007,20260813,7,012330,현대모비스,53,2.88,511000
KR7228820007,20260813,8,006400,삼성SDI,53,2.8,487000
KR7228820007,20260813,9,017670,SK텔레콤,264,2.53,91100
KR7228820007,20260813,10,000100,유한양행,264,2.39,82500
KR7463250001,20260813,1,012450,한화에어로스페이스,358,22.45,1185000
KR7463250001,20260813,2,079550,엘아이지디펜스앤에어로스페이스,492,21.03,837000
KR7463250001,20260813,3,047810,한국항공우주산업,2276,17.79,151200
KR7463250001,20260813,4,064350,현대로템,2126,16.9,147600
KR7463250001,20260813,5,272210,한화시스템,3591,14.73,79600
KR7463250001,20260813,6,103140,풍산,819,3.65,84000
KR7463250001,20260813,7,189300,인텔리안테크놀로지스,377,1.57,77600
KR7463250001,20260813,8,099320,쎄트렉아이,331,1.48,81900
KR7463250001,20260813,9,211270,에이피위성,514,.24,8630
KR7463250001,20260813,10,361390,제노코,232,.18,14110
KR7174350009,20260813,1,007310,오뚜기,45,3.53,326500
KR7174350009,20260813,2,030000,제일기획,755,3.45,18710
KR7174350009,20260813,3,089860,롯데렌탈(주),298,3.17,42500
KR7174350009,20260813,4,033780,케이티앤지,72,3.09,173800
KR7174350009,20260813,5,032640,LG유플러스,850,3.06,14700
KR7174350009,20260813,6,078930,지에스,125,3.05,107400
KR7174350009,20260813,7,029780,삼성카드,254,2.89,46900
KR7174350009,20260813,8,007070,지에스리테일,436,2.84,26750
KR7174350009,20260813,9,001800,오리온홀딩스,437,2.84,26350
KR7174350009,20260813,10,012750,에스원,150,2.79,78100
KR7211560008,20260813,1,029780,삼성카드,1123,4.99,46900
KR7211560008,20260813,2,005830,디비손해보험,317,4.76,166600
KR7211560008,20260813,3,175330,JB금융지주,1609,4.25,29350
KR7211560008,20260813,4,023590,다우기술,978,3.78,39200
KR7211560008,20260813,5,001800,오리온홀딩스,1491,3.78,26350
KR7211560008,20260813,6,086790,하나금융지주,276,3.33,131000
KR7211560008,20260813,7,161390,한국타이어앤테크놀로지,496,3.28,71500
KR7211560008,20260813,8,138930,BNK금융지주,2344,3.25,14850
KR7211560008,20260813,9,030200,케이티,649,3.23,52500
KR7211560008,20260813,10,000270,기아,250,3.2,137400
KR7472150002,20260813,1,005930,삼성전자,210,30.29,268000
KR7472150002,20260813,2,000660,에스케이하이닉스,30,25.47,1593000
KR7472150002,20260813,3,005935,삼성전자1우,50,5.25,187800
KR7472150002,20260813,4,402340,SK스퀘어,4,2.31,1117000
KR7472150002,20260813,5,009150,삼성전기,3,2.26,1503000
KR7472150002,20260813,6,012450,한화에어로스페이스,3,1.96,1185000
KR7472150002,20260813,7,010120,엘에스일렉트릭,16,1.88,214000
KR7472150002,20260813,8,086790,하나금융지주,26,1.88,131000
KR7472150002,20260813,9,105560,KB금융지주,20,1.87,168100
KR7472150002,20260813,10,005380,현대자동차,8,1.85,418500
KR7210780003,20260813,1,300720,한일시멘트(신설),1483,3.15,14540
KR7210780003,20260813,2,122900,아이마켓코리아,2641,3.04,7870
KR7210780003,20260813,3,030000,제일기획,1094,2.98,18710
KR7210780003,20260813,4,123890,한국자산신탁,8514,2.81,2285
KR7210780003,20260813,5,192400,쿠쿠홀딩스,717,2.76,26650
KR7210780003,20260813,6,017800,현대엘리베이터,266,2.72,71900
KR7210780003,20260813,7,069260,티케이지휴켐스,1168,2.72,16060
KR7210780003,20260813,8,029780,삼성카드,397,2.7,46900
KR7210780003,20260813,9,002460,에이치에스화성,1556,2.69,11820
KR7210780003,20260813,10,035250,강원랜드,1267,2.66,14340
KR70098Z0006,20260813,1,005930,삼성전자,5892,34.21,268000
KR70098Z0006,20260813,2,000660,에스케이하이닉스,718,24.54,1593000
KR70098Z0006,20260813,3,402340,SK스퀘어,116,2.7,1117000
KR70098Z0006,20260813,4,009150,삼성전기,71,2.15,1503000
KR70098Z0006,20260813,5,005380,현대자동차,172,1.6,418500
KR70098Z0006,20260813,6,105560,KB금융지주,385,1.45,168100
KR70098Z0006,20260813,7,055550,신한금융지주회사,521,1.23,106600
KR70098Z0006,20260813,8,012450,한화에어로스페이스,41,1.08,1185000
KR70098Z0006,20260813,9,034020,두산에너빌리티,547,1,80900
KR70098Z0006,20260813,10,028260,삼성물산,122,.99,365000
KR70176P0003,20260813,1,005930,삼성전자,498,21.18,268000
KR70176P0003,20260813,2,000660,에스케이하이닉스,69,17.27,1593000
KR70176P0003,20260813,3,009150,삼성전기,33,7.33,1503000
KR70176P0003,20260813,4,003160,디아이,929,3.87,26000
KR70176P0003,20260813,5,000150,두산,18,3.76,1262000
KR70176P0003,20260813,6,140860,파크시스템스,77,3.73,282500
KR70176P0003,20260813,7,042700,한미반도체,103,3.73,226000
KR70176P0003,20260813,8,232140,와이씨,1914,3.42,10830
KR70176P0003,20260813,9,058470,리노공업,277,3.29,71300
KR70176P0003,20260813,10,131290,티에스이,78,3.25,259000
KR7448570002,20260813,1,005930,삼성전자,1439,25.97,268000
KR7448570002,20260813,2,000660,에스케이하이닉스,165,17.53,1593000
KR7448570002,20260813,3,066570,LG전자,441,6.39,206500
KR7448570002,20260813,4,012450,한화에어로스페이스,76,6.21,1185000
KR7448570002,20260813,5,068270,셀트리온,420,5.99,202000
KR7448570002,20260813,6,012330,현대모비스,155,5.46,511000
KR7448570002,20260813,7,005380,현대자동차,186,5.38,418500
KR7448570002,20260813,8,105560,KB금융지주,435,5.1,168100
KR7448570002,20260813,9,086790,하나금융지주,563,5.09,131000
KR7448570002,20260813,10,010950,S-OIL,493,4.93,140900
KR7285690004,20260813,1,009150,삼성전기,38,4.82,1503000
KR7285690004,20260813,2,402340,SK스퀘어,39,3.8,1117000
KR7285690004,20260813,3,000660,에스케이하이닉스,19,2.72,1593000
KR7285690004,20260813,4,010120,엘에스일렉트릭,120,2.38,214000
KR7285690004,20260813,5,034730,SK,44,2.28,553000
KR7285690004,20260813,6,005930,삼성전자,87,2.11,268000
KR7285690004,20260813,7,066570,LG전자,102,1.99,206500
KR7285690004,20260813,8,055550,신한금융지주회사,191,1.88,106600
KR7285690004,20260813,9,028260,삼성물산,55,1.87,365000
KR7285690004,20260813,10,032830,삼성생명보험,65,1.87,291500
KR7278530001,20260813,1,005930,삼성전자,7517,34.22,268000
KR7278530001,20260813,2,000660,에스케이하이닉스,915,24.52,1593000
KR7278530001,20260813,3,402340,SK스퀘어,148,2.7,1117000
KR7278530001,20260813,4,009150,삼성전기,90,2.14,1503000
KR7278530001,20260813,5,005380,현대자동차,220,1.61,418500
KR7278530001,20260813,6,105560,KB금융지주,491,1.45,168100
KR7278530001,20260813,7,055550,신한금융지주회사,657,1.22,106600
KR7278530001,20260813,8,012450,한화에어로스페이스,53,1.09,1185000
KR7278530001,20260813,9,034020,두산에너빌리티,699,1,80900
KR7278530001,20260813,10,028260,삼성물산,156,.99,365000
KR7226980001,20260813,1,006260,LS,276,4.2,326000
KR7226980001,20260813,2,007660,이수페타시스,908,3.69,96800
KR7226980001,20260813,3,175330,JB금융지주,2587,3.27,29350
KR7226980001,20260813,4,138930,BNK금융지주,4512,2.99,14850
KR7226980001,20260813,5,267270,에이치디건설기계,473,2.96,139500
KR7226980001,20260813,6,064400,엘지씨엔에스,793,2.77,78400
KR7226980001,20260813,7,047040,대우건설,3296,2.65,18400
KR7226980001,20260813,8,001440,대한전선,1965,2.61,30100
KR7226980001,20260813,9,010060,OCI홀딩스,222,2.57,278000
KR7226980001,20260813,10,062040,산일전기,281,2.4,188000
KR7337160006,20260813,1,005930,삼성전자,5436,30.53,268000
KR7337160006,20260813,2,000660,에스케이하이닉스,691,22.85,1593000
KR7337160006,20260813,3,402340,SK스퀘어,179,4.03,1117000
KR7337160006,20260813,4,009150,삼성전기,108,3.17,1503000
KR7337160006,20260813,5,005380,현대자동차,267,2.4,418500
KR7337160006,20260813,6,105560,KB금융지주,596,2.17,168100
KR7337160006,20260813,7,055550,신한금융지주회사,807,1.84,106600
KR7337160006,20260813,8,028260,삼성물산,189,1.49,365000
KR7337160006,20260813,9,000270,기아,479,1.43,137400
KR7337160006,20260813,10,086790,하나금융지주,488,1.37,131000
KR7363580002,20260813,1,402340,SK스퀘어,1076,21.15,1117000
KR7363580002,20260813,2,000660,에스케이하이닉스,678,19.57,1593000
KR7363580002,20260813,3,005930,삼성전자,3760,18.44,268000
KR7363580002,20260813,4,009150,삼성전기,653,16.73,1503000
KR7363580002,20260813,5,006400,삼성SDI,714,6.65,487000
KR7363580002,20260813,6,066570,LG전자,1270,5,206500
KR7363580002,20260813,7,003550,LG,1054,2.22,113700
KR7363580002,20260813,8,042700,한미반도체,496,2.07,226000
KR7363580002,20260813,9,018260,삼성에스디에스,448,2.03,237000
KR7363580002,20260813,10,011070,LG이노텍,168,1.95,615000
KR7337150007,20260813,1,402340,SK스퀘어,161,6.54,1117000
KR7337150007,20260813,2,009150,삼성전기,98,5.19,1503000
KR7337150007,20260813,3,005380,현대자동차,239,3.88,418500
KR7337150007,20260813,4,105560,KB금융지주,534,3.52,168100
KR7337150007,20260813,5,055550,신한금융지주회사,716,2.95,106600
KR7337150007,20260813,6,012450,한화에어로스페이스,58,2.66,1185000
KR7337150007,20260813,7,034020,두산에너빌리티,761,2.43,80900
KR7337150007,20260813,8,028260,삼성물산,170,2.41,365000
KR7337150007,20260813,9,000270,기아,429,2.31,137400
KR7337150007,20260813,10,086790,하나금융지주,438,2.22,131000
KR7223190000,20260813,1,005930,삼성전자,2504,23.16,268000
KR7223190000,20260813,2,105560,KB금융지주,791,4.75,168100
KR7223190000,20260813,3,005380,현대자동차,260,3.85,418500
KR7223190000,20260813,4,055550,신한금융지주회사,966,3.63,106600
KR7223190000,20260813,5,086790,하나금융지주,637,2.95,131000
KR7223190000,20260813,6,000270,기아,597,2.93,137400
KR7223190000,20260813,7,005490,포스코홀딩스,208,2.45,325500
KR7223190000,20260813,8,012330,현대모비스,128,2.31,511000
KR7223190000,20260813,9,028260,삼성물산,163,2.11,365000
KR7223190000,20260813,10,316140,우리금융지주,1703,2.03,33300
KR7237350004,20260813,1,005930,삼성전자,5102,31.68,268000
KR7237350004,20260813,2,000660,에스케이하이닉스,741,27.08,1593000
KR7237350004,20260813,3,402340,SK스퀘어,120,2.99,1117000
KR7237350004,20260813,4,009150,삼성전기,73,2.37,1503000
KR7237350004,20260813,5,005380,현대자동차,178,1.77,418500
KR7237350004,20260813,6,105560,KB금융지주,397,1.6,168100
KR7237350004,20260813,7,055550,신한금융지주회사,532,1.34,106600
KR7237350004,20260813,8,012450,한화에어로스페이스,43,1.21,1185000
KR7237350004,20260813,9,034020,두산에너빌리티,565,1.1,80900
KR7237350004,20260813,10,028260,삼성물산,126,1.09,365000
KR7252650007,20260813,1,073240,금호타이어,2161,.87,8140
KR7252650007,20260813,2,161890,한국콜마,113,.81,135200
KR7252650007,20260813,3,192820,코스맥스,59,.8,249000
KR7252650007,20260813,4,008930,한미사이언스,328,.78,44350
KR7252650007,20260813,5,078930,지에스,136,.74,107400
KR7252650007,20260813,6,051900,LG생활건강,41,.7,303500
KR7252650007,20260813,7,207940,삼성바이오로직스,8,.67,1564000
KR7252650007,20260813,8,010950,S-OIL,86,.66,140900
KR7252650007,20260813,9,009240,한샘,302,.65,38050
KR7252650007,20260813,10,483650,달바글로벌,46,.65,236000
KR7494890007,20260813,1,005930,삼성전자,4049,34.45,268000
KR7494890007,20260813,2,000660,에스케이하이닉스,483,24.19,1593000
KR7494890007,20260813,3,402340,SK스퀘어,85,2.9,1117000
KR7494890007,20260813,4,009150,삼성전기,52,2.31,1503000
KR7494890007,20260813,5,005380,현대자동차,121,1.65,418500
KR7494890007,20260813,6,105560,KB금융지주,279,1.54,168100
KR7494890007,20260813,7,055550,신한금융지주회사,358,1.24,106600
KR7494890007,20260813,8,012450,한화에어로스페이스,28,1.08,1185000
KR7494890007,20260813,9,034020,두산에너빌리티,381,1.02,80900
KR7494890007,20260813,10,028260,삼성물산,84,1,365000
KR70219E0005,20260813,1,005930,삼성전자,943,29.36,268000
KR70219E0005,20260813,2,000660,에스케이하이닉스,116,21.26,1593000
KR70219E0005,20260813,3,KR7069500007,삼성KODEX200상장지수투자신탁,1175,14.78,107270
KR70219E0005,20260813,4,KR7395160005,삼성KODEX AI반도체TOP2플러스증권상장지수투자신탁[주식],639,2.89,39745
KR70219E0005,20260813,5,402340,SK스퀘어,21,2.62,1117000
KR70219E0005,20260813,6,009150,삼성전기,11,1.79,1503000
KR70219E0005,20260813,7,005380,현대자동차,27,1.35,418500
KR70219E0005,20260813,8,105560,KB금융지주,59,1.19,168100
KR70219E0005,20260813,9,055550,신한금융지주회사,80,1.01,106600
KR70219E0005,20260813,10,012450,한화에어로스페이스,6,.85,1185000
KR7498400001,20260813,1,005930,삼성전자,2250,29.1,268000
KR7498400001,20260813,2,000660,에스케이하이닉스,274,20.86,1593000
KR7498400001,20260813,3,KR7069500007,삼성KODEX200상장지수투자신탁,2874,15.02,107270
KR7498400001,20260813,4,402340,SK스퀘어,44,2.28,1117000
KR7498400001,20260813,5,009150,삼성전기,27,1.82,1503000
KR7498400001,20260813,6,005380,현대자동차,66,1.37,418500
KR7498400001,20260813,7,105560,KB금융지주,147,1.24,168100
KR7498400001,20260813,8,055550,신한금융지주회사,199,1.05,106600
KR7498400001,20260813,9,012450,한화에어로스페이스,16,.94,1185000
KR7498400001,20260813,10,028260,삼성물산,47,.85,365000
KR7305720005,20260813,1,373220,엘지에너지솔루션,851,21.29,365500
KR7305720005,20260813,2,006400,삼성SDI,492,16.67,487000
KR7305720005,20260813,3,005490,포스코홀딩스,610,13.84,325500
KR7305720005,20260813,4,051910,LG화학,554,10.65,275500
KR7305720005,20260813,5,247540,에코프로비엠,921,7.35,114500
KR7305720005,20260813,6,086520,에코프로,1088,6.93,92100
KR7305720005,20260813,7,096770,SK이노베이션,703,6.01,121700
KR7305720005,20260813,8,003670,포스코퓨처엠,437,4.88,165900
KR7305720005,20260813,9,066970,엘앤에프,362,2.51,102600
KR7305720005,20260813,10,011790,SKC,237,1.44,89200
KR7461950008,20260813,1,005490,포스코홀딩스,161,21.57,325500
KR7461950008,20260813,2,051910,LG화학,136,15.45,275500
KR7461950008,20260813,3,003670,포스코퓨처엠,229,15.11,165900
KR7461950008,20260813,4,086520,에코프로,385,14.49,92100
KR7461950008,20260813,5,247540,에코프로비엠,275,12.97,114500
KR7461950008,20260813,6,066970,엘앤에프,272,11.15,102600
KR7461950008,20260813,7,005070,코스모신소재,159,2.6,40600
KR7461950008,20260813,8,121600,나노신소재,109,2.29,50800
KR7461950008,20260813,9,078600,대주전자재료,58,2.28,94800
KR7461950008,20260813,10,020150,롯데에너지머티리얼즈,154,2.1,34650
KR7395160005,20260813,1,005930,삼성전자,3945,27.25,268000
KR7395160005,20260813,2,402340,SK스퀘어,855,23.67,1117000
KR7395160005,20260813,3,000660,에스케이하이닉스,556,22.6,1593000
KR7395160005,20260813,4,009150,삼성전기,521,18.8,1503000
KR7395160005,20260813,5,042700,한미반도체,401,2.36,226000
KR7395160005,20260813,6,007660,이수페타시스,519,1.26,96800
KR7395160005,20260813,7,058470,리노공업,473,.91,71300
KR7395160005,20260813,8,000990,DB 하이텍,291,.75,99700
KR7395160005,20260813,9,319660,피에스케이,185,.66,134600
KR7395160005,20260813,10,403870,에이치피에스피,613,.64,41200
KR7471990002,20260813,1,042700,한미반도체,1049,20.37,226000
KR7471990002,20260813,2,007660,이수페타시스,2479,19.94,96800
KR7471990002,20260813,3,036930,주성엔지니어링,1004,15.59,179300
KR7471990002,20260813,4,353200,대덕전자,1168,11.18,113000
KR7471990002,20260813,5,222800,심텍,766,7.15,105800
KR7471990002,20260813,6,058470,리노공업,1105,7.04,71300
KR7471990002,20260813,7,039030,이오테크닉스,196,6.74,378500
KR7471990002,20260813,8,095340,아이에스시,336,4.47,159800
KR7471990002,20260813,9,067310,하나마이크론,556,1.76,36650
KR7471990002,20260813,10,403870,에이치피에스피,457,1.58,41200
KR7487240004,20260813,1,010120,엘에스일렉트릭,3663,20.8,214000
KR7487240004,20260813,2,298040,효성중공업,259,20.4,3017000
KR7487240004,20260813,3,267260,에이치디현대일렉트릭,814,17.33,785000
KR7487240004,20260813,4,006260,LS,1543,14.16,326000
KR7487240004,20260813,5,001440,대한전선,10410,8.35,30100
KR7487240004,20260813,6,062040,산일전기,1206,6.21,188000
KR7487240004,20260813,7,103590,일진전기,2183,4.31,72400
KR7487240004,20260813,8,000500,가온전선,518,2.29,167000
KR7487240004,20260813,9,006340,대원전선,5027,2.19,15110
KR7487240004,20260813,10,033100,제룡전기,986,1.37,50100
KR7266370006,20260813,1,000660,에스케이하이닉스,1346,32.25,1593000
KR7266370006,20260813,2,005930,삼성전자,5381,21.9,268000
KR7266370006,20260813,3,009150,삼성전기,809,17.2,1503000
KR7266370006,20260813,4,006400,삼성SDI,885,6.84,487000
KR7266370006,20260813,5,042700,한미반도체,614,2.13,226000
KR7266370006,20260813,6,018260,삼성에스디에스,555,2.08,237000
KR7266370006,20260813,7,011070,LG이노텍,208,2,615000
KR7266370006,20260813,8,036930,주성엔지니어링,456,1.26,179300
KR7266370006,20260813,9,007660,이수페타시스,795,1.14,96800
KR7266370006,20260813,10,064400,엘지씨엔에스,695,.86,78400
KR7368680005,20260813,1,068270,셀트리온,488,12.05,202000
KR7368680005,20260813,2,207940,삼성바이오로직스,53,10.04,1564000
KR7368680005,20260813,3,196170,알테오젠,256,9.94,317500
KR7368680005,20260813,4,006400,삼성SDI,163,9.68,487000
KR7368680005,20260813,5,035420,네이버,362,9.54,226500
KR7368680005,20260813,6,373220,엘지에너지솔루션,211,9.25,365500
KR7368680005,20260813,7,005490,포스코홀딩스,227,9.02,325500
KR7368680005,20260813,8,051910,LG화학,214,7.21,275500
KR7368680005,20260813,9,035720,카카오,1479,7.15,40100
KR7368680005,20260813,10,259960,크래프톤,125,3.59,234500
KR7292190006,20260813,1,005930,삼성전자,5823,32.57,268000
KR7292190006,20260813,2,000660,에스케이하이닉스,709,23.35,1593000
KR7292190006,20260813,3,402340,SK스퀘어,115,2.58,1117000
KR7292190006,20260813,4,009150,삼성전기,70,2.05,1503000
KR7292190006,20260813,5,005380,현대자동차,170,1.52,418500
KR7292190006,20260813,6,105560,KB금융지주,380,1.38,168100
KR7292190006,20260813,7,055550,신한금융지주회사,515,1.17,106600
KR7292190006,20260813,8,012450,한화에어로스페이스,41,1.04,1185000
KR7292190006,20260813,9,034020,두산에너빌리티,541,.95,80900
KR7292190006,20260813,10,028260,삼성물산,121,.95,365000
KR7229720008,20260813,1,005930,삼성전자,5259,36.86,268000
KR7229720008,20260813,2,000660,에스케이하이닉스,210,8.66,1593000
KR7229720008,20260813,3,009150,삼성전기,210,7.69,1503000
KR7229720008,20260813,4,012450,한화에어로스페이스,210,6.66,1185000
KR7229720008,20260813,5,000810,삼성화재해상보험,210,3.62,611000
KR7229720008,20260813,6,035420,네이버,526,3.11,226500
KR7229720008,20260813,7,012330,현대모비스,210,2.87,511000
KR7229720008,20260813,8,006400,삼성SDI,210,2.8,487000
KR7229720008,20260813,9,017670,SK텔레콤,1052,2.53,91100
KR7229720008,20260813,10,000100,유한양행,1052,2.4,82500
KR7266360007,20260813,1,035420,네이버,1204,25.13,226500
KR7266360007,20260813,2,035720,카카오,4580,17.54,40100
KR7266360007,20260813,3,259960,크래프톤,659,15,234500
KR7266360007,20260813,4,352820,하이브,585,10.17,176400
KR7266360007,20260813,5,036570,엔씨,399,9.53,243500
KR7266360007,20260813,6,030000,제일기획,1616,2.96,18710
KR7266360007,20260813,7,035900,제이와이피엔터테인먼트,624,2.78,40850
KR7266360007,20260813,8,251270,넷마블,710,2.73,38850
KR7266360007,20260813,9,263750,펄어비스,868,2.65,31500
KR7266360007,20260813,10,041510,에스엠엔터테인먼트,316,2.31,71900
KR7289040008,20260813,1,005930,삼성전자,2865,22.9,268000
KR7289040008,20260813,2,000660,에스케이하이닉스,434,20.42,1593000
KR7289040008,20260813,3,009150,삼성전기,131,5.47,1503000
KR7289040008,20260813,4,105560,KB금융지주,827,4.29,168100
KR7289040008,20260813,5,055550,신한금융지주회사,970,3.15,106600
KR7289040008,20260813,6,005935,삼성전자1우,492,2.86,187800
KR7289040008,20260813,7,402340,SK스퀘어,81,2.59,1117000
KR7289040008,20260813,8,086790,하나금융지주,634,2.54,131000
KR7289040008,20260813,9,035420,네이버,330,2.22,226500
KR7289040008,20260813,10,006400,삼성SDI,141,2.14,487000
KR7156080004,20260813,1,005930,삼성전자,6767,35.3,268000
KR7156080004,20260813,2,000660,에스케이하이닉스,799,24.54,1593000
KR7156080004,20260813,3,005935,삼성전자1우,1161,4.41,187800
KR7156080004,20260813,4,402340,SK스퀘어,134,2.8,1117000
KR7156080004,20260813,5,009150,삼성전기,81,2.21,1503000
KR7156080004,20260813,6,105560,KB금융지주,512,1.74,168100
KR7156080004,20260813,7,005380,현대자동차,193,1.61,418500
KR7156080004,20260813,8,055550,신한금융지주회사,601,1.27,106600
KR7156080004,20260813,9,012450,한화에어로스페이스,48,1.13,1185000
KR7156080004,20260813,10,034020,두산에너빌리티,649,1.06,80900
KR7278540000,20260813,1,005930,삼성전자,5070,35.28,268000
KR7278540000,20260813,2,000660,에스케이하이닉스,599,24.54,1593000
KR7278540000,20260813,3,005935,삼성전자1우,870,4.41,187800
KR7278540000,20260813,4,402340,SK스퀘어,100,2.79,1117000
KR7278540000,20260813,5,009150,삼성전기,61,2.22,1503000
KR7278540000,20260813,6,105560,KB금융지주,384,1.74,168100
KR7278540000,20260813,7,005380,현대자동차,144,1.61,418500
KR7278540000,20260813,8,055550,신한금융지주회사,450,1.27,106600
KR7278540000,20260813,9,012450,한화에어로스페이스,36,1.13,1185000
KR7278540000,20260813,10,034020,두산에너빌리티,486,1.06,80900
KR70193T0008,20260813,1,000660,에스케이하이닉스,124,100,1593000
KR7395170004,20260813,1,373220,엘지에너지솔루션,493,11.52,365500
KR7395170004,20260813,2,028260,삼성물산,462,10.77,365000
KR7395170004,20260813,3,012330,현대모비스,329,10.69,511000
KR7395170004,20260813,4,005930,삼성전자,634,10.56,268000
KR7395170004,20260813,5,402340,SK스퀘어,154,10.28,1117000
KR7395170004,20260813,6,032830,삼성생명보험,519,10.24,291500
KR7395170004,20260813,7,329180,에이치디현대중공업,293,9.48,496000
KR7395170004,20260813,8,009150,삼성전기,105,9.14,1503000
KR7395170004,20260813,9,000660,에스케이하이닉스,90,8.83,1593000
KR7395170004,20260813,10,005380,현대자동차,318,8.49,418500
KR7315930008,20260813,1,005930,삼성전자,7728,25.22,268000
KR7315930008,20260813,2,000660,에스케이하이닉스,1100,21.13,1593000
KR7315930008,20260813,3,005380,현대자동차,2001,10.47,418500
KR7315930008,20260813,4,105560,KB금융지주,4159,8.82,168100
KR7315930008,20260813,5,055550,신한금융지주회사,5495,7.29,106600
KR7315930008,20260813,6,000270,기아,3639,6.3,137400
KR7315930008,20260813,7,086790,하나금융지주,3548,5.8,131000
KR7315930008,20260813,8,012330,현대모비스,887,5.65,511000
KR7315930008,20260813,9,035420,네이버,1934,5.32,226500
KR7315930008,20260813,10,005490,포스코홀딩스,965,4.01,325500
KR7275290005,20260813,1,005930,삼성전자,2831,22.7,268000
KR7275290005,20260813,2,000660,에스케이하이닉스,468,22.09,1593000
KR7275290005,20260813,3,402340,SK스퀘어,327,10.51,1117000
KR7275290005,20260813,4,005935,삼성전자1우,697,4.07,187800
KR7275290005,20260813,5,000270,기아,948,4.03,137400
KR7275290005,20260813,6,138930,BNK금융지주,6042,2.78,14850
KR7275290005,20260813,7,034730,SK,122,2.09,553000
KR7275290005,20260813,8,078930,지에스,626,1.98,107400
KR7275290005,20260813,9,139130,아이엠금융지주,3665,1.93,16970
KR7275290005,20260813,10,011200,에이치엠엠,2744,1.84,21050
KR7300950003,20260813,1,259960,크래프톤,643,26.33,234500
KR7300950003,20260813,2,036570,엔씨,461,19.8,243500
KR7300950003,20260813,3,251270,넷마블,1564,10.83,38850
KR7300950003,20260813,4,263750,펄어비스,1923,10.57,31500
KR7300950003,20260813,5,462870,시프트업,1725,9.54,31000
KR7300950003,20260813,6,192080,더블유게임즈,535,5.78,61700
KR7300950003,20260813,7,112040,위메이드,1034,3.17,17830
KR7300950003,20260813,8,293490,카카오게임즈,1992,3.07,9070
KR7300950003,20260813,9,078340,컴투스,393,2.27,31800
KR7300950003,20260813,10,095660,네오위즈,581,1.95,19000
KR7266390004,20260813,1,066570,LG전자,1519,21.01,206500
KR7266390004,20260813,2,180640,한진칼,1757,14.02,119000
KR7266390004,20260813,3,021240,코웨이,2022,13.07,97200
KR7266390004,20260813,4,004170,신세계,234,6.3,419500
KR7266390004,20260813,5,111770,영원무역,816,4.69,84700
KR7266390004,20260813,6,035250,강원랜드,4263,4.19,14340
KR7266390004,20260813,7,257720,실리콘투,1331,4.06,40800
KR7266390004,20260813,8,008770,호텔신라,1151,3.42,43400
KR7266390004,20260813,9,081660,미스토홀딩스,1138,3.29,42900
KR7266390004,20260813,10,069960,현대백화점,438,2.89,99700
KR7279530000,20260813,1,030000,제일기획,8705,9.53,18710
KR7279530000,20260813,2,029780,삼성카드,3154,8.6,46900
KR7279530000,20260813,3,005830,디비손해보험,865,7.97,166600
KR7279530000,20260813,4,005940,NH투자증권,4486,7.42,28350
KR7279530000,20260813,5,024110,중소기업은행,5496,6.41,20000
KR7279530000,20260813,6,078930,지에스,931,5.45,107400
KR7279530000,20260813,7,001120,LX인터내셔널,2456,5.38,37600
KR7279530000,20260813,8,175330,JB금융지주,3106,5.03,29350
KR7279530000,20260813,9,316140,우리금융지주,2273,4.34,33300
KR7279530000,20260813,10,003690,코리안리재보험,5070,4.23,14670
KR70089D0003,20260813,1,105560,KB금융지주,1781,22.59,168100
KR70089D0003,20260813,2,086790,하나금융지주,1664,16.26,131000
KR70089D0003,20260813,3,316140,우리금융지주,5686,14.34,33300
KR70089D0003,20260813,4,000810,삼성화재해상보험,224,10.75,611000
KR70089D0003,20260813,5,024110,중소기업은행,6824,10.51,20000
KR70089D0003,20260813,6,005830,디비손해보험,553,6.72,166600
KR70089D0003,20260813,7,005940,NH투자증권,2729,5.95,28350
KR70089D0003,20260813,8,071050,한국투자금융지주,369,5.65,199700
KR70089D0003,20260813,9,016360,삼성증권,533,3.79,92500
KR70089D0003,20260813,10,039490,키움증권,150,3.43,297000
KR7498410000,20260813,1,105560,KB금융지주,1457,20.91,168100
KR7498410000,20260813,2,086790,하나금융지주,1361,15.05,131000
KR7498410000,20260813,3,316140,우리금융지주,4650,13.27,33300
KR7498410000,20260813,4,000810,삼성화재해상보험,183,9.94,611000
KR7498410000,20260813,5,024110,중소기업은행,5581,9.72,20000
KR7498410000,20260813,6,KR70089D0003,삼성KODEX 금융고배당TOP10증권상장지수투자신탁[주식],6592,7.47,13145
KR7498410000,20260813,7,005830,디비손해보험,452,6.21,166600
KR7498410000,20260813,8,005940,NH투자증권,2232,5.51,28350
KR7498410000,20260813,9,071050,한국투자금융지주,302,5.23,199700
KR7498410000,20260813,10,016360,삼성증권,436,3.51,92500
KR7102960002,20260813,1,034020,두산에너빌리티,498,14.49,80900
KR7102960002,20260813,2,009540,에이치디한국조선해양,54,7.45,371500
KR7102960002,20260813,3,373220,엘지에너지솔루션,57,7.41,365500
KR7102960002,20260813,4,267260,에이치디현대일렉트릭,26,7.37,785000
KR7102960002,20260813,5,329180,에이치디현대중공업,38,6.83,496000
KR7102960002,20260813,6,010120,엘에스일렉트릭,90,6.8,214000
KR7102960002,20260813,7,010140,삼성중공업,766,6.04,22000
KR7102960002,20260813,8,298040,효성중공업,5,5.24,3017000
KR7102960002,20260813,9,042660,한화오션,153,5,90700
KR7102960002,20260813,10,064350,현대로템,85,4.51,147600
KR7404260002,20260813,1,112610,씨에스윈드,5102,10.3,46900
KR7404260002,20260813,2,009830,한화솔루션,5902,9.82,36550
KR7404260002,20260813,3,006400,삼성SDI,415,9.39,487000
KR7404260002,20260813,4,005930,삼성전자,692,8.24,268000
KR7404260002,20260813,5,022100,포스코디엑스,7634,7.54,21800
KR7404260002,20260813,6,000660,에스케이하이닉스,98,6.87,1593000
KR7404260002,20260813,7,005380,현대자동차,347,6.62,418500
KR7404260002,20260813,8,100090,에스케이오션플랜트,9062,6.02,14340
KR7404260002,20260813,9,336260,두산퓨얼셀보통주,2935,4.9,38100
KR7404260002,20260813,10,000270,기아,713,4.5,137400
KR7445290000,20260813,1,108490,로보티즈,563,9.02,261000
KR7445290000,20260813,2,005930,삼성전자,542,8.97,268000
KR7445290000,20260813,3,012330,현대모비스,248,8,511000
KR7445290000,20260813,4,066570,LG전자,592,7.86,206500
KR7445290000,20260813,5,277810,레인보우로보틱스,234,7.42,497000
KR7445290000,20260813,6,307950,현대오토에버,210,5.89,449000
KR7445290000,20260813,7,035420,네이버,410,5.72,226500
KR7445290000,20260813,8,454910,두산로보틱스,1102,5.44,78000
KR7445290000,20260813,9,005380,현대자동차,190,5.04,418500
KR7445290000,20260813,10,058610,에스피지,675,4.9,112200
KR7337120000,20260813,1,005930,삼성전자,3903,30.26,268000
KR7337120000,20260813,2,000660,에스케이하이닉스,476,21.73,1593000
KR7337120000,20260813,3,402340,SK스퀘어,88,2.73,1117000
KR7337120000,20260813,4,009150,삼성전기,45,1.82,1503000
KR7337120000,20260813,5,005380,현대자동차,109,1.35,418500
KR7337120000,20260813,6,032830,삼성생명보험,134,1.23,291500
KR7337120000,20260813,7,105560,KB금융지주,237,1.19,168100
KR7337120000,20260813,8,000270,기아,261,1.07,137400
KR7337120000,20260813,9,055550,신한금융지주회사,317,1,106600
KR7337120000,20260813,10,028260,삼성물산,87,.94,365000
KR7401470000,20260813,1,181710,엔에이치엔,705,8.84,66700
KR7401470000,20260813,2,122870,YG엔터테인먼트,820,7.13,39700
KR7401470000,20260813,3,352820,하이브,194,7.12,176400
KR7401470000,20260813,4,035420,네이버,159,7.01,226500
KR7401470000,20260813,5,036570,엔씨,130,6.55,243500
KR7401470000,20260813,6,259960,크래프톤,135,6.49,234500
KR7401470000,20260813,7,041510,에스엠엔터테인먼트,386,5.96,71900
KR7401470000,20260813,8,035900,제이와이피엔터테인먼트,571,5.37,40850
KR7401470000,20260813,9,005930,삼성전자,92,4.81,268000
KR7401470000,20260813,10,204610,티쓰리엔터테인먼트,6866,4.63,3290
KR7244620001,20260813,1,033780,케이티앤지,498,4.46,173800
KR7244620001,20260813,2,278470,에이피알,212,4.25,399500
KR7244620001,20260813,3,298040,효성중공업,22,3.22,3017000
KR7244620001,20260813,4,166090,하나머티리얼즈,960,3.08,60000
KR7244620001,20260813,5,064760,티씨케이,258,2.99,227000
KR7244620001,20260813,6,131290,티에스이,236,2.98,259000
KR7244620001,20260813,7,005930,삼성전자,214,2.76,268000
KR7244620001,20260813,8,161390,한국타이어앤테크놀로지,777,2.75,71500
KR7244620001,20260813,9,010120,엘에스일렉트릭,257,2.71,214000
KR7244620001,20260813,10,095610,테스,358,2.64,145000
KR7275280006,20260813,1,005930,삼성전자,3690,23.37,268000
KR7275280006,20260813,2,000660,에스케이하이닉스,575,21.43,1593000
KR7275280006,20260813,3,402340,SK스퀘어,324,8.22,1117000
KR7275280006,20260813,4,009150,삼성전기,179,5.92,1503000
KR7275280006,20260813,5,005380,현대자동차,260,2.64,418500
KR7275280006,20260813,6,005935,삼성전자1우,552,2.55,187800
KR7275280006,20260813,7,034020,두산에너빌리티,987,1.96,80900
KR7275280006,20260813,8,105560,KB금융지주,368,1.51,168100
KR7275280006,20260813,9,006400,삼성SDI,116,1.4,487000
KR7275280006,20260813,10,055550,신한금융지주회사,542,1.39,106600
KR7244580007,20260813,1,008930,한미사이언스,522,3.17,44350
KR7244580007,20260813,2,214450,파마리서치,54,3.06,425500
KR7244580007,20260813,3,068270,셀트리온,94,2.64,202000
KR7244580007,20260813,4,108860,셀바스에이아이,1772,2.61,10160
KR7244580007,20260813,5,207940,삼성바이오로직스,12,2.58,1564000
KR7244580007,20260813,6,196170,알테오젠,58,2.56,317500
KR7244580007,20260813,7,086450,동국제약,821,2.46,20450
KR7244580007,20260813,8,491000,리브스메드,383,2.38,47400
KR7244580007,20260813,9,000100,유한양행,204,2.36,82500
KR7244580007,20260813,10,145020,휴젤,63,2.35,262500
KR7091160002,20260813,1,000660,에스케이하이닉스,1384,35.16,1593000
KR7091160002,20260813,2,005930,삼성전자,5532,23.88,268000
KR7091160002,20260813,3,042700,한미반도체,1726,6.34,226000
KR7091160002,20260813,4,036930,주성엔지니어링,1282,3.77,179300
KR7091160002,20260813,5,240810,원익아이피에스,1354,2.55,120000
KR7091160002,20260813,6,058470,리노공업,2039,2.46,71300
KR7091160002,20260813,7,039030,이오테크닉스,345,2.25,378500
KR7091160002,20260813,8,000990,DB 하이텍,1253,2.01,99700
KR7091160002,20260813,9,080220,제주반도체,1248,1.83,88300
KR7091160002,20260813,10,319660,피에스케이,811,1.82,134600
KR70190G0006,20260813,1,000660,에스케이하이닉스,197,35.03,1593000
KR70190G0006,20260813,2,005930,삼성전자,808,24.41,268000
KR70190G0006,20260813,3,042700,한미반도체,250,6.43,226000
KR70190G0006,20260813,4,036930,주성엔지니어링,184,3.78,179300
KR70190G0006,20260813,5,240810,원익아이피에스,193,2.54,120000
KR70190G0006,20260813,6,058470,리노공업,295,2.49,71300
KR70190G0006,20260813,7,039030,이오테크닉스,50,2.28,378500
KR70190G0006,20260813,8,000990,DB 하이텍,181,2.03,99700
KR70190G0006,20260813,9,080220,제주반도체,178,1.83,88300
KR70190G0006,20260813,10,319660,피에스케이,115,1.81,134600
KR70080G0009,20260813,1,012450,한화에어로스페이스,228,23.46,1185000
KR70080G0009,20260813,2,047810,한국항공우주산업,1627,20.87,151200
KR70080G0009,20260813,3,079550,엘아이지디펜스앤에어로스페이스,284,19.92,837000
KR70080G0009,20260813,4,064350,현대로템,1225,15.97,147600
KR70080G0009,20260813,5,272210,한화시스템,1791,12.05,79600
KR70080G0009,20260813,6,103140,풍산,685,5.01,84000
KR70080G0009,20260813,7,189300,인텔리안테크놀로지스,152,1.04,77600
KR70080G0009,20260813,8,214430,아이쓰리시스템,147,.95,73800
KR70080G0009,20260813,9,484870,엠앤씨솔루션,279,.43,18320
KR70080G0009,20260813,10,347700,스피어코퍼레이션,126,.3,25950
KR7325020006,20260813,1,005930,삼성전자,2024,17.77,268000
KR7325020006,20260813,2,105560,KB금융지주,1396,7.96,168100
KR7325020006,20260813,3,055550,신한금융지주회사,1687,6.02,106600
KR7325020006,20260813,4,000270,기아,1114,5.19,137400
KR7325020006,20260813,5,086790,하나금융지주,1099,4.83,131000
KR7325020006,20260813,6,068270,셀트리온,679,4.71,202000
KR7325020006,20260813,7,316140,우리금융지주,3019,3.42,33300
KR7325020006,20260813,8,005490,포스코홀딩스,296,3.31,325500
KR7325020006,20260813,9,000810,삼성화재해상보험,135,2.91,611000
KR7325020006,20260813,10,034730,SK,153,2.87,553000
KR7244670006,20260813,1,280360,롯데웰푸드,358,3.78,119200
KR7244670006,20260813,2,005440,현대지에프홀딩스,3537,3.48,11650
KR7244670006,20260813,3,002310,아세아제지,5003,3.42,7800
KR7244670006,20260813,4,006040,동원산업,1073,3.35,36900
KR7244670006,20260813,5,035760,씨제이이엔엠,1080,3.31,34600
KR7244670006,20260813,6,000640,동아쏘시오홀딩스,403,3.28,94400
KR7244670006,20260813,7,078930,지에스,359,3.12,107400
KR7244670006,20260813,8,009290,광동제약,5226,3,6220
KR7244670006,20260813,9,097950,씨제이제일제당,186,2.99,182500
KR7244670006,20260813,10,002790,아모레퍼시픽홀딩스,1306,2.96,26200
KR7102780004,20260813,1,005930,삼성전자,2581,25.85,268000
KR7102780004,20260813,2,009150,삼성전기,385,20.15,1503000
KR7102780004,20260813,3,028260,삼성물산,781,10.94,365000
KR7102780004,20260813,4,006400,삼성SDI,480,9.13,487000
KR7102780004,20260813,5,032830,삼성생명보험,685,8.12,291500
KR7102780004,20260813,6,000810,삼성화재해상보험,240,5.91,611000
KR7102780004,20260813,7,207940,삼성바이오로직스,94,5.71,1564000
KR7102780004,20260813,8,010140,삼성중공업,5313,4.53,22000
KR7102780004,20260813,9,018260,삼성에스디에스,309,2.85,237000
KR7102780004,20260813,10,028050,삼성이앤에이,1231,2.38,49000
KR70177N0004,20260813,1,005930,삼성전자,1287,54.3,268000
KR70177N0004,20260813,2,000660,에스케이하이닉스,184,45.7,1593000
KR70193W0003,20260813,1,005930,삼성전자,1080,100,268000
KR7448330001,20260813,1,005930,삼성전자,2500,100,268000
KR7325010007,20260813,1,005930,삼성전자,3997,24.72,268000
KR7325010007,20260813,2,000660,에스케이하이닉스,614,22.35,1593000
KR7325010007,20260813,3,402340,SK스퀘어,210,5.21,1117000
KR7325010007,20260813,4,009150,삼성전기,140,4.52,1503000
KR7325010007,20260813,5,012450,한화에어로스페이스,87,2.43,1185000
KR7325010007,20260813,6,034020,두산에너빌리티,989,1.92,80900
KR7325010007,20260813,7,006400,삼성SDI,151,1.77,487000
KR7325010007,20260813,8,068270,셀트리온,354,1.73,202000
KR7325010007,20260813,9,207940,삼성바이오로직스,30,1.12,1564000
KR7325010007,20260813,10,196170,알테오젠,143,1.1,317500
KR7385510003,20260813,1,010060,OCI홀딩스,521,7.02,278000
KR7385510003,20260813,2,009830,한화솔루션,3671,6.9,36550
KR7385510003,20260813,3,475150,에스케이이터닉스,2311,6.41,57100
KR7385510003,20260813,4,006400,삼성SDI,241,6.16,487000
KR7385510003,20260813,5,322000,에이치디현대에너지솔루션,780,4.99,124200
KR7385510003,20260813,6,112610,씨에스윈드,2034,4.64,46900
KR7385510003,20260813,7,178320,서진시스템,1933,3.79,36950
KR7385510003,20260813,8,100090,에스케이오션플랜트,5027,3.77,14340
KR7385510003,20260813,9,062040,산일전기,354,3.52,188000
KR7385510003,20260813,10,373220,엘지에너지솔루션,183,3.45,365500
KR7275300002,20260813,1,005930,삼성전자,2577,22.94,268000
KR7275300002,20260813,2,000660,에스케이하이닉스,407,21.33,1593000
KR7275300002,20260813,3,402340,SK스퀘어,194,6.92,1117000
KR7275300002,20260813,4,009150,삼성전기,115,5.35,1503000
KR7275300002,20260813,5,005935,삼성전자1우,442,2.87,187800
KR7275300002,20260813,6,000270,기아,550,2.6,137400
KR7275300002,20260813,7,035420,네이버,299,2.25,226500
KR7275300002,20260813,8,012330,현대모비스,128,2.22,511000
KR7275300002,20260813,9,068270,셀트리온,299,2.1,202000
KR7275300002,20260813,10,028260,삼성물산,167,2.08,365000
KR70098F0000,20260813,1,000720,현대건설,1378,20.21,113700
KR70098F0000,20260813,2,034020,두산에너빌리티,1909,19.76,80900
KR70098F0000,20260813,3,047040,대우건설,4135,9.5,18400
KR70098F0000,20260813,4,375500,디엘이앤씨,960,9.12,73500
KR70098F0000,20260813,5,015760,한국전력공사,1649,7.54,33100
KR70098F0000,20260813,6,028260,삼성물산,144,6.64,365000
KR70098F0000,20260813,7,052690,한국전력기술,508,6.5,99800
KR70098F0000,20260813,8,032820,우리기술,4210,6.24,11760
KR70098F0000,20260813,9,083650,비에이치아이,694,5.05,56500
KR70098F0000,20260813,10,051600,한전KPS,748,4.38,46200
KR7395150006,20260813,1,035720,카카오,762,15.62,40100
KR7395150006,20260813,2,253450,스튜디오드래곤,1207,15.36,23600
KR7395150006,20260813,3,035420,네이버,134,14.97,226500
KR7395150006,20260813,4,035760,씨제이이엔엠,786,14.53,34600
KR7395150006,20260813,5,419530,에스에이엠지엔터테인먼트,718,9.47,23850
KR7395150006,20260813,6,473980,노머스,718,4.35,11610
KR7395150006,20260813,7,310200,애니플러스,2937,4.34,2825
KR7395150006,20260813,8,403850,더핑크퐁컴퍼니,712,4.26,11540
KR7395150006,20260813,9,020120,키다리스튜디오,1839,3.27,3510
KR7395150006,20260813,10,389140,포바이포,1089,2.98,5220
KR7091170001,20260813,1,055550,신한금융지주회사,1727,22.89,106600
KR7091170001,20260813,2,086790,하나금융지주,1340,21.88,131000
KR7091170001,20260813,3,105560,KB금융지주,981,20.79,168100
KR7091170001,20260813,4,316140,우리금융지주,3960,16.69,33300
KR7091170001,20260813,5,323410,카카오뱅크,2001,5.56,22150
KR7091170001,20260813,6,024110,중소기업은행,1601,4.12,20000
KR7091170001,20260813,7,175330,JB금융지주,914,3.26,29350
KR7091170001,20260813,8,138930,BNK금융지주,1595,2.99,14850
KR7091170001,20260813,9,139130,아이엠금융지주,804,1.72,16970
KR7091170001,20260813,10,006220,제주은행,80,.1,9260
KR7091180000,20260813,1,005380,현대자동차,895,24.74,418500
KR7091180000,20260813,2,012330,현대모비스,633,21.3,511000
KR7091180000,20260813,3,000270,기아,1840,16.84,137400
KR7091180000,20260813,4,161390,한국타이어앤테크놀로지,2649,12.53,71500
KR7091180000,20260813,5,204320,에이치엘만도,1195,4.36,55500
KR7091180000,20260813,6,018880,한온시스템,12867,3.36,3805
KR7091180000,20260813,7,011210,현대위아,572,2.51,66200
KR7091180000,20260813,8,007340,디엔오토모티브,755,2.4,49450
KR7091180000,20260813,9,005850,에스엘,582,2.25,59000
KR7091180000,20260813,10,073240,금호타이어,4131,2.07,8140
KR7385520002,20260813,1,161390,한국타이어앤테크놀로지,685,6.33,71500
KR7385520002,20260813,2,204320,에이치엘만도,825,5.88,55500
KR7385520002,20260813,3,009150,삼성전기,33,5.8,1503000
KR7385520002,20260813,4,012330,현대모비스,83,5.45,511000
KR7385520002,20260813,5,006400,삼성SDI,73,4.67,487000
KR7385520002,20260813,6,005380,현대자동차,86,4.64,418500
KR7385520002,20260813,7,373220,엘지에너지솔루션,92,4.34,365500
KR7385520002,20260813,8,307950,현대오토에버,70,3.99,449000
KR7385520002,20260813,9,095610,테스,207,3.98,145000
KR7385520002,20260813,10,000660,에스케이하이닉스,20,3.96,1593000
KR70209D0008,20260813,1,373220,엘지에너지솔루션,305,27.67,365500
KR70209D0008,20260813,2,006400,삼성SDI,203,24.94,487000
KR70209D0008,20260813,3,457190,이수스페셜티케미컬,538,9.09,66700
KR70209D0008,20260813,4,010120,엘에스일렉트릭,154,8.12,214000
KR70209D0008,20260813,5,298040,효성중공업,10,7.32,3017000
KR70209D0008,20260813,6,078600,대주전자재료,257,6.19,94800
KR70209D0008,20260813,7,020150,롯데에너지머티리얼즈,685,5.74,34650
KR70209D0008,20260813,8,066970,엘앤에프,175,4.4,102600
KR70209D0008,20260813,9,178320,서진시스템,384,3.62,36950
KR70209D0008,20260813,10,222080,에스에프에이넥셀,1429,2.91,8210
KR70115D0001,20260813,1,009540,에이치디한국조선해양,276,26.02,371500
KR70115D0001,20260813,2,042660,한화오션,901,20.11,90700
KR70115D0001,20260813,3,329180,에이치디현대중공업,163,20.03,496000
KR70115D0001,20260813,4,010140,삼성중공업,3563,19.2,22000
KR70115D0001,20260813,5,082740,한화엔진 주식회사,465,5.21,48250
KR70115D0001,20260813,6,071970,에이치디현대마린엔진,276,3.92,58000
KR70115D0001,20260813,7,097230,에이치제이중공업,626,2.77,17910
KR70115D0001,20260813,8,439260,대한조선,133,1.7,51800
KR70115D0001,20260813,9,443060,에이치디현대마린솔루션,11,.55,200500
KR70115D0001,20260813,10,017960,한국카본,82,.5,24300
KR70153K0005,20260813,1,081660,미스토홀딩스,2420,8.65,42900
KR70153K0005,20260813,2,316140,우리금융지주,3068,8.44,33300
KR70153K0005,20260813,3,086790,하나금융지주,774,8.25,131000
KR70153K0005,20260813,4,033780,케이티앤지,534,7.89,173800
KR70153K0005,20260813,5,105560,KB금융지주,558,7.72,168100
KR70153K0005,20260813,6,055550,신한금융지주회사,890,7.7,106600
KR70153K0005,20260813,7,175330,JB금융지주,2976,6.93,29350
KR70153K0005,20260813,8,030200,케이티,1283,5.63,52500
KR70153K0005,20260813,9,030000,제일기획,2893,4.56,18710
KR70153K0005,20260813,10,139130,아이엠금융지주,2865,4.01,16970
KR7102970001,20260813,1,006800,미래에셋증권,6467,24.44,38050
KR7102970001,20260813,2,071050,한국투자금융지주,947,19.66,199700
KR7102970001,20260813,3,016360,삼성증권,1811,17.45,92500
KR7102970001,20260813,4,039490,키움증권,461,14.27,297000
KR7102970001,20260813,5,005940,NH투자증권,4514,13.34,28350
KR7102970001,20260813,6,001720,신영증권,132,2.17,159400
KR7102970001,20260813,7,003540,대신증권,753,2.16,26950
KR7102970001,20260813,8,003530,한화투자증권,3199,1.54,4630
KR7102970001,20260813,9,001510,SK증권,4690,1.16,2370
KR7102970001,20260813,10,003470,유안타증권,2183,1.08,4680
KR7279540009,20260813,1,005930,삼성전자,1020,12.61,268000
KR7279540009,20260813,2,000660,에스케이하이닉스,112,8.15,1593000
KR7279540009,20260813,3,009150,삼성전기,115,7.43,1503000
KR7279540009,20260813,4,006400,삼성SDI,286,6.72,487000
KR7279540009,20260813,5,011070,LG이노텍,120,3.51,615000
KR7279540009,20260813,6,010950,S-OIL,452,3.1,140900
KR7279540009,20260813,7,000100,유한양행,715,2.88,82500
KR7279540009,20260813,8,047810,한국항공우주산업,367,2.56,151200
KR7279540009,20260813,9,138040,메리츠금융지주,433,2.49,118600
KR7279540009,20260813,10,018260,삼성에스디에스,212,2.42,237000
KR7445150006,20260813,1,009540,에이치디한국조선해양,353,9.29,371500
KR7445150006,20260813,2,042660,한화오션,1364,8.5,90700
KR7445150006,20260813,3,010140,삼성중공업,5527,8.32,22000
KR7445150006,20260813,4,329180,에이치디현대중공업,226,7.76,496000
KR7445150006,20260813,5,033500,동성화인텍,6147,7.38,17170
KR7445150006,20260813,6,439260,대한조선,1798,6.43,51800
KR7445150006,20260813,7,017960,한국카본,3500,5.91,24300
KR7445150006,20260813,8,071970,에이치디현대마린엔진,1463,5.81,58000
KR7445150006,20260813,9,443060,에이치디현대마린솔루션,392,5.42,200500
KR7445150006,20260813,10,082740,한화엔진 주식회사,1715,5.36,48250
KR7211900006,20260813,1,029780,삼성카드,1497,5,46900
KR7211900006,20260813,2,005830,디비손해보험,423,4.77,166600
KR7211900006,20260813,3,175330,JB금융지주,2145,4.25,29350
KR7211900006,20260813,4,023590,다우기술,1304,3.78,39200
KR7211900006,20260813,5,001800,오리온홀딩스,1988,3.78,26350
KR7211900006,20260813,6,086790,하나금융지주,368,3.33,131000
KR7211900006,20260813,7,161390,한국타이어앤테크놀로지,661,3.28,71500
KR7211900006,20260813,8,138930,BNK금융지주,3126,3.25,14850
KR7211900006,20260813,9,030200,케이티,865,3.23,52500
KR7211900006,20260813,10,000270,기아,333,3.2,137400
KR7495850000,20260813,1,000660,에스케이하이닉스,184,17.89,1593000
KR7495850000,20260813,2,005930,삼성전자,1020,16.84,268000
KR7495850000,20260813,3,402340,SK스퀘어,122,8.07,1117000
KR7495850000,20260813,4,005380,현대자동차,182,4.82,418500
KR7495850000,20260813,5,105560,KB금융지주,406,4.36,168100
KR7495850000,20260813,6,055550,신한금융지주회사,543,3.64,106600
KR7495850000,20260813,7,012450,한화에어로스페이스,44,3.29,1185000
KR7495850000,20260813,8,000270,기아,326,2.86,137400
KR7495850000,20260813,9,086790,하나금융지주,332,2.74,131000
KR7495850000,20260813,10,012330,현대모비스,83,2.67,511000
KR70115E0000,20260813,1,035420,네이버,793,23.74,226500
KR70115E0000,20260813,2,181710,엔에이치엔,1049,8.93,66700
KR70115E0000,20260813,3,017670,SK텔레콤,605,7.38,91100
KR70115E0000,20260813,4,064400,엘지씨엔에스,576,6.18,78400
KR70115E0000,20260813,5,030520,한컴,1835,4.76,18310
KR70115E0000,20260813,6,032640,LG유플러스,1895,3.92,14700
KR70115E0000,20260813,7,018260,삼성에스디에스,119,3.89,237000
KR70115E0000,20260813,8,010120,엘에스일렉트릭,132,3.82,214000
KR70115E0000,20260813,9,005930,삼성전자,107,3.8,268000
KR70115E0000,20260813,10,034020,두산에너빌리티,300,3.35,80900
KR7373490002,20260813,1,006400,삼성SDI,248,9.64,487000
KR7373490002,20260813,2,005930,삼성전자,441,9.02,268000
KR7373490002,20260813,3,000270,기아,811,8.8,137400
KR7373490002,20260813,4,005380,현대자동차,233,7.64,418500
KR7373490002,20260813,5,009150,삼성전기,66,7.05,1503000
KR7373490002,20260813,6,000660,에스케이하이닉스,57,6.86,1593000
KR7373490002,20260813,7,373220,엘지에너지솔루션,175,5.02,365500
KR7373490002,20260813,8,012330,현대모비스,75,2.99,511000
KR7373490002,20260813,9,010060,OCI홀딩스,118,2.42,278000
KR7373490002,20260813,10,005490,포스코홀딩스,91,2.37,325500
KR7229200001,20260813,1,196170,알테오젠,219,9.48,317500
KR7229200001,20260813,2,086520,에코프로,406,5.05,92100
KR7229200001,20260813,3,247540,에코프로비엠,224,3.49,114500
KR7229200001,20260813,4,036930,주성엔지니어링,129,3.06,179300
KR7229200001,20260813,5,028300,에이치엘비,487,2.76,42750
KR7229200001,20260813,6,087010,펩트론,89,2.26,196700
KR7229200001,20260813,7,277810,레인보우로보틱스,32,2.14,497000
KR7229200001,20260813,8,240810,원익아이피에스,137,2.08,120000
KR7229200001,20260813,9,298380,에이비엘바이오,172,2.04,86800
KR7229200001,20260813,10,058470,리노공업,206,2.01,71300
KR7461450009,20260813,1,196170,알테오젠,1003,19.74,317500
KR7461450009,20260813,2,086520,에코프로,1852,10.48,92100
KR7461450009,20260813,3,247540,에코프로비엠,1019,7.23,114500
KR7461450009,20260813,4,036930,주성엔지니어링,590,6.36,179300
KR7461450009,20260813,5,240810,원익아이피에스,623,4.31,120000
KR7461450009,20260813,6,298380,에이비엘바이오,785,4.22,86800
KR7461450009,20260813,7,058470,리노공업,938,4.15,71300
KR7461450009,20260813,8,141080,리가켐 바이오사이언스,491,3.5,114400
KR7461450009,20260813,9,214450,파마리서치,130,3.29,425500
KR7461450009,20260813,10,222800,심텍,468,3.04,105800
KR7226490001,20260813,1,005930,삼성전자,3770,28.55,268000
KR7226490001,20260813,2,000660,에스케이하이닉스,471,21,1593000
KR7226490001,20260813,3,402340,SK스퀘어,85,2.58,1117000
KR7226490001,20260813,4,009150,삼성전기,48,1.9,1503000
KR7226490001,20260813,5,373220,엘지에너지솔루션,151,1.6,365500
KR7226490001,20260813,6,005380,현대자동차,132,1.6,418500
KR7226490001,20260813,7,207940,삼성바이오로직스,30,1.38,1564000
KR7226490001,20260813,8,032830,삼성생명보험,129,1.16,291500
KR7226490001,20260813,9,012450,한화에어로스페이스,33,1.13,1185000
KR7226490001,20260813,10,105560,KB금융지주,229,1.13,168100
KR7359210002,20260813,1,005930,삼성전자,3799,28.49,268000
KR7359210002,20260813,2,000660,에스케이하이닉스,475,20.97,1593000
KR7359210002,20260813,3,402340,SK스퀘어,86,2.59,1117000
KR7359210002,20260813,4,009150,삼성전기,49,1.92,1503000
KR7359210002,20260813,5,373220,엘지에너지솔루션,152,1.6,365500
KR7359210002,20260813,6,005380,현대자동차,133,1.6,418500
KR7359210002,20260813,7,207940,삼성바이오로직스,30,1.36,1564000
KR7359210002,20260813,8,032830,삼성생명보험,130,1.15,291500
KR7359210002,20260813,9,012450,한화에어로스페이스,34,1.15,1185000
KR7359210002,20260813,10,105560,KB금융지주,231,1.13,168100
KR7337140008,20260813,1,005930,삼성전자,4214,31.07,268000
KR7337140008,20260813,2,000660,에스케이하이닉스,527,22.87,1593000
KR7337140008,20260813,3,402340,SK스퀘어,95,2.81,1117000
KR7337140008,20260813,4,009150,삼성전기,54,2.08,1503000
KR7337140008,20260813,5,005380,현대자동차,148,1.75,418500
KR7337140008,20260813,6,373220,엘지에너지솔루션,169,1.75,365500
KR7337140008,20260813,7,207940,삼성바이오로직스,33,1.48,1564000
KR7337140008,20260813,8,032830,삼성생명보험,144,1.26,291500
KR7337140008,20260813,9,012450,한화에어로스페이스,37,1.23,1185000
KR7337140008,20260813,10,105560,KB금융지주,256,1.23,168100
KR7244660007,20260813,1,000080,하이트진로,2415,3.92,15370
KR7244660007,20260813,2,030000,제일기획,1889,3.76,18710
KR7244660007,20260813,3,004370,농심,91,3.74,389500
KR7244660007,20260813,4,214320,이노션,1829,3.71,19060
KR7244660007,20260813,5,185750,종근당,503,3.66,68200
KR7244660007,20260813,6,005180,빙그레,494,3.64,68700
KR7244660007,20260813,7,001680,대상,1899,3.58,17790
KR7244660007,20260813,8,005300,롯데칠성음료,329,3.46,99000
KR7244660007,20260813,9,271560,오리온,229,3.2,131800
KR7244660007,20260813,10,051900,LG생활건강,87,2.88,303500
KR7375770005,20260813,1,005930,삼성전자,2618,28.08,268000
KR7375770005,20260813,2,000660,에스케이하이닉스,285,17.99,1593000
KR7375770005,20260813,3,402340,SK스퀘어,72,3.09,1117000
KR7375770005,20260813,4,005380,현대자동차,97,1.67,418500
KR7375770005,20260813,5,034020,두산에너빌리티,490,1.65,80900
KR7375770005,20260813,6,105560,KB금융지주,232,1.62,168100
KR7375770005,20260813,7,055550,신한금융지주회사,363,1.58,106600
KR7375770005,20260813,8,012450,한화에어로스페이스,31,1.5,1185000
KR7375770005,20260813,9,068270,셀트리온,147,1.25,202000
KR7375770005,20260813,10,086790,하나금융지주,232,1.25,131000
KR7266410000,20260813,1,033780,케이티앤지,2413,21.89,173800
KR7266410000,20260813,2,278470,에이피알,859,17.44,399500
KR7266410000,20260813,3,003230,삼양식품,138,8.5,1219000
KR7266410000,20260813,4,090430,아모레퍼시픽,1094,7.59,134500
KR7266410000,20260813,5,271560,오리온,767,5.21,131800
KR7266410000,20260813,6,051900,LG생활건강,317,5.09,303500
KR7266410000,20260813,7,161890,한국콜마,600,4.07,135200
KR7266410000,20260813,8,192820,코스맥스,288,3.67,249000
KR7266410000,20260813,9,139480,이마트,701,2.86,78100
KR7266410000,20260813,10,097950,씨제이제일제당,276,2.64,182500
KR7476800008,20260813,1,088980,맥쿼리한국인프라투융자회사,4776,22.42,9610
KR7476800008,20260813,2,395400,에스케이위탁관리부동산투자회사,4833,13.08,5720
KR7476800008,20260813,3,415640,케이비발해인프라투융자회사,2291,11.39,10470
KR7476800008,20260813,4,365550,이에스알켄달스퀘어위탁관리부동산투자회사,4811,7.47,3145
KR7476800008,20260813,5,330590,롯데위탁관리부동산투자회사,3814,6.93,3870
KR7476800008,20260813,6,293940,신한알파위탁관리부동산투자회사,2588,6.49,5240
KR7476800008,20260813,7,451800,한화위탁관리부동산투자회사,2225,5.67,5420
KR7476800008,20260813,8,357120,코람코라이프인프라위탁관리부동산투자회사,2225,4.57,4320
KR7476800008,20260813,9,417310,코람코더원위탁관리부동산투자회사,706,3.65,10920
KR7476800008,20260813,10,448730,삼성에프엔위탁관리부동산투자회사,1270,3.26,5400
KR7266420009,20260813,1,068270,셀트리온,2107,23.12,202000
KR7266420009,20260813,2,196170,알테오젠,731,12.61,317500
KR7266420009,20260813,3,207940,삼성바이오로직스,141,11.86,1564000
KR7266420009,20260813,4,000100,유한양행,826,3.73,82500
KR7266420009,20260813,5,028300,에이치엘비,1620,3.66,42750
KR7266420009,20260813,6,087010,펩트론,297,3.01,196700
KR7266420009,20260813,7,298380,에이비엘바이오,573,2.7,86800
KR7266420009,20260813,8,326030,SK바이오팜,541,2.59,87600
KR7266420009,20260813,9,141080,리가켐 바이오사이언스,358,2.24,114400
KR7266420009,20260813,10,214450,파마리서치,95,2.11,425500
KR7364690008,20260813,1,005930,삼성전자,3709,25.77,268000
KR7364690008,20260813,2,000660,에스케이하이닉스,431,17.63,1593000
KR7364690008,20260813,3,009150,삼성전기,201,7.3,1503000
KR7364690008,20260813,4,402340,SK스퀘어,178,4.96,1117000
KR7364690008,20260813,5,012450,한화에어로스페이스,156,4.9,1185000
KR7364690008,20260813,6,011070,LG이노텍,228,3.74,615000
KR7364690008,20260813,7,207940,삼성바이오로직스,53,2.23,1564000
KR7364690008,20260813,8,267260,에이치디현대일렉트릭,101,2.15,785000
KR7364690008,20260813,9,047810,한국항공우주산업,462,1.81,151200
KR7364690008,20260813,10,034020,두산에너빌리티,793,1.73,80900
KR70204D0003,20260813,1,012330,현대모비스,192,30.02,511000
KR70204D0003,20260813,2,000270,기아,645,27.43,137400
KR70204D0003,20260813,3,005380,현대자동차,179,22.99,418500
KR70204D0003,20260813,4,086280,현대글로비스,138,8.64,204500
KR70204D0003,20260813,5,307950,현대오토에버,29,3.94,449000
KR70204D0003,20260813,6,011210,현대위아,187,3.81,66200
KR70204D0003,20260813,7,204320,에이치엘만도,97,1.65,55500
KR70204D0003,20260813,8,011070,LG이노텍,8,1.52,615000
KR7069500007,20260813,1,005930,삼성전자,6924,34.23,268000
KR7069500007,20260813,2,000660,에스케이하이닉스,843,24.53,1593000
KR7069500007,20260813,3,402340,SK스퀘어,137,2.71,1117000
KR7069500007,20260813,4,009150,삼성전기,83,2.14,1503000
KR7069500007,20260813,5,005380,현대자동차,203,1.61,418500
KR7069500007,20260813,6,105560,KB금융지주,452,1.45,168100
KR7069500007,20260813,7,055550,신한금융지주회사,605,1.22,106600
KR7069500007,20260813,8,012450,한화에어로스페이스,49,1.1,1185000
KR7069500007,20260813,9,034020,두산에너빌리티,643,1,80900
KR7069500007,20260813,10,028260,삼성물산,143,.99,365000
KR7117700005,20260813,1,028050,삼성이앤에이,3221,23.56,49000
KR7117700005,20260813,2,000720,현대건설,1159,19.57,113700
KR7117700005,20260813,3,047040,대우건설,4769,12.62,18400
KR7117700005,20260813,4,006360,지에스건설,1552,8.11,35700
KR7117700005,20260813,5,375500,디엘이앤씨,711,7.77,73500
KR7117700005,20260813,6,052690,한국전력기술,453,6.67,99800
KR7117700005,20260813,7,319400,현대무벡스,1347,5.02,25300
KR7117700005,20260813,8,294870,아이파크현대산업개발,829,2.69,21800
KR7117700005,20260813,9,012630,에이치디씨,621,2.07,22300
KR7117700005,20260813,10,060370,엘에스마린솔루션,379,1.82,34100
KR7140700006,20260813,1,000810,삼성화재해상보험,673,22.06,611000
KR7140700006,20260813,2,005830,디비손해보험,2333,19.36,166600
KR7140700006,20260813,3,032830,삼성생명보험,1092,17.24,291500
KR7140700006,20260813,4,001450,현대해상화재보험,5971,12.98,42950
KR7140700006,20260813,5,003690,코리안리재보험,14042,10.55,14670
KR7140700006,20260813,6,088350,한화생명보험,34506,8.46,5030
KR7140700006,20260813,7,031210,서울보증보험,1460,3.36,43700
KR7140700006,20260813,8,085620,미래에셋생명보험,1979,1.97,19350
KR7140700006,20260813,9,000370,한화손해보험,5370,1.74,6410
KR7140700006,20260813,10,211050,인카금융서비스,2730,1.54,10730
KR7213610009,20260813,1,005930,삼성전자,2013,23.16,268000
KR7213610009,20260813,2,028050,삼성이앤에이,3781,8.39,49000
KR7213610009,20260813,3,028260,삼성물산,492,7.92,365000
KR7213610009,20260813,4,032830,삼성생명보험,514,7,291500
KR7213610009,20260813,5,207940,삼성바이오로직스,87,6.07,1564000
KR7213610009,20260813,6,009150,삼성전기,94,5.65,1503000
KR7213610009,20260813,7,006400,삼성SDI,251,5.49,487000
KR7213610009,20260813,8,000810,삼성화재해상보험,175,4.95,611000
KR7213610009,20260813,9,012750,에스원,1424,4.94,78100
KR7213610009,20260813,10,016360,삼성증권,1164,4.88,92500
KR7117460006,20260813,1,051910,LG화학,578,16.33,275500
KR7117460006,20260813,2,267250,에이치디현대,640,15.13,229000
KR7117460006,20260813,3,096770,SK이노베이션,1057,13.27,121700
KR7117460006,20260813,4,010950,S-OIL,592,8.59,140900
KR7117460006,20260813,5,009830,한화솔루션,2007,7.35,36550
KR7117460006,20260813,6,010060,OCI홀딩스,188,4.94,278000
KR7117460006,20260813,7,011790,SKC,367,3.28,89200
KR7117460006,20260813,8,014680,한솔케미칼,136,3.26,232500
KR7117460006,20260813,9,011780,금호석유화학,207,2.68,128900
KR7117460006,20260813,10,002380,케이씨씨,57,2.65,456000
KR7140710005,20260813,1,086280,현대글로비스,822,26.05,204500
KR7140710005,20260813,2,003490,대한항공,5026,21.14,26100
KR7140710005,20260813,3,011200,에이치엠엠,4717,15.98,21050
KR7140710005,20260813,4,028670,팬오션,12791,11.77,5630
KR7140710005,20260813,5,000120,씨제이대한통운,624,7.34,74000
KR7140710005,20260813,6,089860,롯데렌탈(주),745,5.2,42500
KR7140710005,20260813,7,020560,아시아나항공,4342,4.96,7050
KR7140710005,20260813,8,005880,대한해운,9562,3.06,1991
KR7140710005,20260813,9,002320,한진,530,1.27,15120
KR7140710005,20260813,10,004360,세방,545,1.15,13150
KR7117680009,20260813,1,005490,포스코홀딩스,569,21.63,325500
KR7117680009,20260813,2,010130,고려아연,137,19.47,1233000
KR7117680009,20260813,3,004020,현대제철,5630,18.9,28800
KR7117680009,20260813,4,103140,풍산,1126,10.82,84000
KR7117680009,20260813,5,001430,세아베스틸지주,816,3.89,43550
KR7117680009,20260813,6,006110,삼아알미늄,567,3.45,54300
KR7117680009,20260813,7,295310,에이치브이엠,524,3.38,53500
KR7117680009,20260813,8,460860,동국제강,2359,2.7,9670
KR7117680009,20260813,9,005810,풍산홀딩스,473,2.09,37900
KR7117680009,20260813,10,009520,포스코엠텍,1394,2.02,12300
KR7487130007,20260813,1,005930,삼성전자,652,12.27,268000
KR7487130007,20260813,2,009150,삼성전기,88,8.66,1503000
KR7487130007,20260813,3,000660,에스케이하이닉스,51,5.65,1593000
KR7487130007,20260813,4,010120,엘에스일렉트릭,363,5.58,214000
KR7487130007,20260813,5,095610,테스,416,4.47,145000
KR7487130007,20260813,6,353200,대덕전자,528,4.17,113000
KR7487130007,20260813,7,267260,에이치디현대일렉트릭,68,3.92,785000
KR7487130007,20260813,8,006400,삼성SDI,94,3.36,487000
KR7487130007,20260813,9,240810,원익아이피에스,385,3.16,120000
KR7487130007,20260813,10,064760,티씨케이,181,3.05,227000
KR70074K0001,20260813,1,005930,삼성전자,417,12.44,268000
KR70074K0001,20260813,2,080220,제주반도체,1145,11.63,88300
KR70074K0001,20260813,3,000660,에스케이하이닉스,44,7.73,1593000
KR70074K0001,20260813,4,079550,엘아이지디펜스앤에어로스페이스,53,4.88,837000
KR70074K0001,20260813,5,278470,에이피알,102,4.73,399500
KR70074K0001,20260813,6,329180,에이치디현대중공업,81,4.69,496000
KR70074K0001,20260813,7,353200,대덕전자,346,4.33,113000
KR70074K0001,20260813,8,009150,삼성전기,25,3.9,1503000
KR70074K0001,20260813,9,012450,한화에어로스페이스,26,3.51,1185000
KR70074K0001,20260813,10,012330,현대모비스,57,3.32,511000
KR70222D0001,20260813,1,017800,현대엘리베이터,517,7.18,71900
KR70222D0001,20260813,2,005830,디비손해보험,157,4.89,166600
KR70222D0001,20260813,3,078930,지에스,244,4.83,107400
KR70222D0001,20260813,4,175330,JB금융지주,855,4.68,29350
KR70222D0001,20260813,5,316140,우리금융지주,699,4.52,33300
KR70222D0001,20260813,6,024110,중소기업은행,999,3.94,20000
KR70222D0001,20260813,7,030200,케이티,370,3.82,52500
KR70222D0001,20260813,8,029780,삼성카드,377,3.48,46900
KR70222D0001,20260813,9,030000,제일기획,906,3.36,18710
KR70222D0001,20260813,10,005940,NH투자증권,593,3.32,28350
KR70219B0008,20260813,1,327260,알에프머트리얼즈,1579,10.84,37850
KR70219B0008,20260813,2,012450,한화에어로스페이스,35,7.01,1185000
KR70219B0008,20260813,3,047810,한국항공우주산업,248,6.2,151200
KR70219B0008,20260813,4,368770,파이버프로,2523,5.79,13760
KR70219B0008,20260813,5,046970,우리로,5903,5.26,5050
KR70219B0008,20260813,6,138080,오이솔루션,1148,4.85,24750
KR70219B0008,20260813,7,010170,대한광통신,2058,4.82,13240
KR70219B0008,20260813,8,218410,알에프에이치아이씨,499,4.67,54300
KR70219B0008,20260813,9,079550,엘아이지디펜스앤에어로스페이스,34,4.65,837000
KR70219B0008,20260813,10,189300,인텔리안테크놀로지스,338,4.49,77600
KR7462900002,20260813,1,196170,알테오젠,226,9.46,317500
KR7462900002,20260813,2,298380,에이비엘바이오,797,9.12,86800
KR7462900002,20260813,3,226950,올릭스,540,8.08,112500
KR7462900002,20260813,4,068270,셀트리온,286,7.62,202000
KR7462900002,20260813,5,237690,에스티팜,514,7.25,107600
KR7462900002,20260813,6,128940,한미약품,104,5.43,398500
KR7462900002,20260813,7,141080,리가켐 바이오사이언스,330,5.01,114400
KR7462900002,20260813,8,347850,디앤디파마텍,625,4.99,61700
KR7462900002,20260813,9,214450,파마리서치,90,4.84,425500
KR7462900002,20260813,10,009420,한올바이오파마,659,4.84,60400
KR7482030004,20260813,1,357780,솔브레인,95,6.84,328000
KR7482030004,20260813,2,014680,한솔케미칼,129,6.62,232500
KR7482030004,20260813,3,005290,동진쎄미켐,629,6,43200
KR7482030004,20260813,4,078600,대주전자재료,254,5.32,94800
KR7482030004,20260813,5,086520,에코프로,256,5.14,92100
KR7482030004,20260813,6,047050,포스코인터내셔널,373,4.58,54300
KR7482030004,20260813,7,066970,엘앤에프,191,4.17,102600
KR7482030004,20260813,8,003670,포스코퓨처엠,110,3.87,165900
KR7482030004,20260813,9,102710,이엔에프테크놀로지,337,3.82,51600
KR7482030004,20260813,10,010060,OCI홀딩스,67,3.77,278000
KR7476850003,20260813,1,005935,삼성전자1우,1300,23.29,187800
KR7476850003,20260813,2,000660,에스케이하이닉스,125,18.1,1593000
KR7476850003,20260813,3,105560,KB금융지주,193,3.08,168100
KR7476850003,20260813,4,009150,삼성전기,23,2.96,1503000
KR7476850003,20260813,5,071050,한국투자금융지주,148,2.86,199700
KR7476850003,20260813,6,402340,SK스퀘어,26,2.56,1117000
KR7476850003,20260813,7,329180,에이치디현대중공업,53,2.53,496000
KR7476850003,20260813,8,078930,지에스,234,2.27,107400
KR7476850003,20260813,9,267250,에이치디현대,98,2.17,229000
KR7476850003,20260813,10,039490,키움증권,67,1.93,297000
KR70150K0008,20260813,1,119850,지엔씨에너지,891,8.24,55400
KR70150K0008,20260813,2,475150,에스케이이터닉스,702,7.1,57100
KR70150K0008,20260813,3,091580,상신이디피,1818,6.24,17840
KR70150K0008,20260813,4,006400,삼성SDI,62,5.78,487000
KR70150K0008,20260813,5,054210,이랜텍,3469,5.45,8030
KR70150K0008,20260813,6,373220,엘지에너지솔루션,78,5.37,365500
KR70150K0008,20260813,7,083650,비에이치아이,491,5.32,56500
KR70150K0008,20260813,8,010120,엘에스일렉트릭,132,5.28,214000
KR70150K0008,20260813,9,107640,한중엔시에스,710,4.97,36650
KR70150K0008,20260813,10,416180,신성에스티,1171,4.66,21200
KR7495230005,20260813,1,000660,에스케이하이닉스,203,20.73,1593000
KR7495230005,20260813,2,005930,삼성전자,1088,18.88,268000
KR7495230005,20260813,3,105560,KB금융지주,382,4.31,168100
KR7495230005,20260813,4,012330,현대모비스,119,4.03,511000
KR7495230005,20260813,5,005380,현대자동차,138,3.84,418500
KR7495230005,20260813,6,402340,SK스퀘어,53,3.69,1117000
KR7495230005,20260813,7,055550,신한금융지주회사,517,3.64,106600
KR7495230005,20260813,8,012450,한화에어로스페이스,41,3.22,1185000
KR7495230005,20260813,9,009150,삼성전기,32,2.9,1503000
KR7495230005,20260813,10,329180,에이치디현대중공업,79,2.66,496000
KR70163Y0007,20260813,1,095610,테스,201,6.61,145000
KR70163Y0007,20260813,2,058470,리노공업,398,6.4,71300
KR70163Y0007,20260813,3,196170,알테오젠,80,5.72,317500
KR70163Y0007,20260813,4,222800,심텍,184,4.34,105800
KR70163Y0007,20260813,5,031980,피에스케이홀딩스,168,4.09,105200
KR70163Y0007,20260813,6,356860,티엘비,526,3.54,31200
KR70163Y0007,20260813,7,043260,성호전자,787,3.53,21000
KR70163Y0007,20260813,8,080220,제주반도체,166,3.25,88300
KR70163Y0007,20260813,9,108490,로보티즈,55,3.07,261000
KR70163Y0007,20260813,10,214450,파마리서치,32,2.94,425500
KR70193G0003,20260813,1,005930,삼성전자,468,29.9,268000
KR70193G0003,20260813,2,000660,에스케이하이닉스,56,21.06,1593000
KR70193G0003,20260813,3,402340,SK스퀘어,14,3.58,1117000
KR70193G0003,20260813,4,105560,KB금융지주,79,3.28,168100
KR70193G0003,20260813,5,009150,삼성전기,8,2.67,1503000
KR70193G0003,20260813,6,329180,에이치디현대중공업,14,1.74,496000
KR70193G0003,20260813,7,012450,한화에어로스페이스,6,1.73,1185000
KR70193G0003,20260813,8,373220,엘지에너지솔루션,19,1.7,365500
KR70193G0003,20260813,9,005380,현대자동차,16,1.64,418500
KR70193G0003,20260813,10,035420,네이버,30,1.62,226500
KR7411540008,20260813,1,207940,삼성바이오로직스,150,13.48,1564000
KR7411540008,20260813,2,012450,한화에어로스페이스,191,12.81,1185000
KR7411540008,20260813,3,373220,엘지에너지솔루션,503,10.46,365500
KR7411540008,20260813,4,034020,두산에너빌리티,2184,10.17,80900
KR7411540008,20260813,5,000270,기아,1240,9.75,137400
KR7411540008,20260813,6,005930,삼성전자,647,9.59,268000
KR7411540008,20260813,7,402340,SK스퀘어,158,9.39,1117000
KR7411540008,20260813,8,329180,에이치디현대중공업,300,8.63,496000
KR7411540008,20260813,9,000660,에스케이하이닉스,92,8.03,1593000
KR7411540008,20260813,10,005380,현대자동차,324,7.7,418500
KR7295040000,20260813,1,005930,삼성전자,7373,34.22,268000
KR7295040000,20260813,2,000660,에스케이하이닉스,898,24.53,1593000
KR7295040000,20260813,3,402340,SK스퀘어,145,2.7,1117000
KR7295040000,20260813,4,009150,삼성전기,88,2.13,1503000
KR7295040000,20260813,5,005380,현대자동차,216,1.61,418500
KR7295040000,20260813,6,105560,KB금융지주,481,1.45,168100
KR7295040000,20260813,7,055550,신한금융지주회사,652,1.23,106600
KR7295040000,20260813,8,012450,한화에어로스페이스,52,1.09,1185000
KR7295040000,20260813,9,034020,두산에너빌리티,685,1,80900
KR7295040000,20260813,10,028260,삼성물산,153,.99,365000
KR70167B0000,20260813,1,005930,삼성전자,1529,34.25,268000
KR70167B0000,20260813,2,000660,에스케이하이닉스,186,24.53,1593000
KR70167B0000,20260813,3,402340,SK스퀘어,30,2.69,1117000
KR70167B0000,20260813,4,009150,삼성전기,18,2.11,1503000
KR70167B0000,20260813,5,005380,현대자동차,45,1.62,418500
KR70167B0000,20260813,6,105560,KB금융지주,100,1.46,168100
KR70167B0000,20260813,7,055550,신한금융지주회사,135,1.23,106600
KR70167B0000,20260813,8,012450,한화에어로스페이스,11,1.11,1185000
KR70167B0000,20260813,9,028260,삼성물산,32,1,365000
KR70167B0000,20260813,10,034020,두산에너빌리티,142,1,80900
KR7455860007,20260813,1,005490,포스코홀딩스,149,21.61,325500
KR7455860007,20260813,2,051910,LG화학,168,20.65,275500
KR7455860007,20260813,3,086520,에코프로,380,15.48,92100
KR7455860007,20260813,4,247540,에코프로비엠,208,10.62,114500
KR7455860007,20260813,5,003670,포스코퓨처엠,130,9.28,165900
KR7455860007,20260813,6,066970,엘앤에프,109,4.84,102600
KR7455860007,20260813,7,011790,SKC,96,3.73,89200
KR7455860007,20260813,8,450080,에코프로머티리얼즈,137,2.36,39350
KR7455860007,20260813,9,457190,이수스페셜티케미컬,76,2.27,66700
KR7455860007,20260813,10,078600,대주전자재료,43,1.83,94800
KR70167A0001,20260813,1,005930,삼성전자,856,26.53,268000
KR70167A0001,20260813,2,000660,에스케이하이닉스,116,21.16,1593000
KR70167A0001,20260813,3,009150,삼성전기,96,15.55,1503000
KR70167A0001,20260813,4,402340,SK스퀘어,112,13.91,1117000
KR70167A0001,20260813,5,007660,이수페타시스,576,6.3,96800
KR70167A0001,20260813,6,240810,원익아이피에스,338,4.57,120000
KR70167A0001,20260813,7,353200,대덕전자,351,4.56,113000
KR70167A0001,20260813,8,319660,피에스케이,206,3.32,134600
KR70167A0001,20260813,9,095610,테스,121,2.14,145000
KR70167A0001,20260813,10,089970,브이엠,236,1.96,68500
KR7455850008,20260813,1,042700,한미반도체,892,16.84,226000
KR7455850008,20260813,2,036930,주성엔지니어링,702,10.61,179300
KR7455850008,20260813,3,007660,이수페타시스,1155,9.04,96800
KR7455850008,20260813,4,240810,원익아이피에스,678,6.56,120000
KR7455850008,20260813,5,353200,대덕전자,704,6.55,113000
KR7455850008,20260813,6,058470,리노공업,1053,6.53,71300
KR7455850008,20260813,7,319660,피에스케이,413,4.76,134600
KR7455850008,20260813,8,222800,심텍,518,4.7,105800
KR7455850008,20260813,9,403870,에이치피에스피,1365,4.58,41200
KR7455850008,20260813,10,011790,SKC,517,3.91,89200
KR7292500006,20260813,1,005930,삼성전자,5907,32.57,268000
KR7292500006,20260813,2,000660,에스케이하이닉스,719,23.34,1593000
KR7292500006,20260813,3,402340,SK스퀘어,116,2.56,1117000
KR7292500006,20260813,4,009150,삼성전기,71,2.05,1503000
KR7292500006,20260813,5,005380,현대자동차,173,1.53,418500
KR7292500006,20260813,6,105560,KB금융지주,386,1.38,168100
KR7292500006,20260813,7,055550,신한금융지주회사,522,1.17,106600
KR7292500006,20260813,8,012450,한화에어로스페이스,42,1.05,1185000
KR7292500006,20260813,9,034020,두산에너빌리티,549,.95,80900
KR7292500006,20260813,10,028260,삼성물산,122,.94,365000
KR7404650004,20260813,1,112610,씨에스윈드,5109,10.29,46900
KR7404650004,20260813,2,009830,한화솔루션,5948,9.87,36550
KR7404650004,20260813,3,006400,삼성SDI,416,9.38,487000
KR7404650004,20260813,4,005930,삼성전자,693,8.23,268000
KR7404650004,20260813,5,022100,포스코디엑스,7645,7.53,21800
KR7404650004,20260813,6,000660,에스케이하이닉스,99,6.92,1593000
KR7404650004,20260813,7,005380,현대자동차,347,6.6,418500
KR7404650004,20260813,8,100090,에스케이오션플랜트,9075,6.01,14340
KR7404650004,20260813,9,336260,두산퓨얼셀보통주,2939,4.89,38100
KR7404650004,20260813,10,000270,기아,714,4.5,137400
KR7490480001,20260813,1,012450,한화에어로스페이스,384,28.52,1185000
KR7490480001,20260813,2,079550,엘아이지디펜스앤에어로스페이스,296,14.99,837000
KR7490480001,20260813,3,047810,한국항공우주산업,1465,13.56,151200
KR7490480001,20260813,4,042660,한화오션,2239,12.96,90700
KR7490480001,20260813,5,329180,에이치디현대중공업,328,10.45,496000
KR7490480001,20260813,6,272210,한화시스템,1201,5.83,79600
KR7490480001,20260813,7,064350,현대로템,587,5.53,147600
KR7490480001,20260813,8,103140,풍산,717,3.79,84000
KR7490480001,20260813,9,189300,인텔리안테크놀로지스,445,2.19,77600
KR7490480001,20260813,10,099320,쎄트렉아이,412,2.18,81900
KR7484880000,20260813,1,055550,신한금융지주회사,2241,21.2,106600
KR7484880000,20260813,2,105560,KB금융지주,1389,21.01,168100
KR7484880000,20260813,3,086790,하나금융지주,1725,20.1,131000
KR7484880000,20260813,4,316140,우리금융지주,5411,16.27,33300
KR7484880000,20260813,5,071050,한국투자금융지주,341,6.23,199700
KR7484880000,20260813,6,005940,NH투자증권,1600,4.16,28350
KR7484880000,20260813,7,175330,JB금융지주,1328,3.38,29350
KR7484880000,20260813,8,138930,BNK금융지주,2386,3.19,14850
KR7484880000,20260813,9,138040,메리츠금융지주,244,2.65,118600
KR7484880000,20260813,10,139130,아이엠금융지주,1183,1.81,16970
KR7475300000,20260813,1,036930,주성엔지니어링,1206,20.07,179300
KR7475300000,20260813,2,240810,원익아이피에스,1466,15.64,120000
KR7475300000,20260813,3,319660,피에스케이,892,11.33,134600
KR7475300000,20260813,4,403870,에이치피에스피,2950,10.91,41200
KR7475300000,20260813,5,014680,한솔케미칼,408,9.11,232500
KR7475300000,20260813,6,084370,유진테크,632,7.81,135000
KR7475300000,20260813,7,095610,테스,525,7.33,145000
KR7475300000,20260813,8,089970,브이엠,1025,6.7,68500
KR7475300000,20260813,9,357780,솔브레인,193,6.05,328000
KR7475300000,20260813,10,064760,티씨케이,231,5.06,227000
KR7475310009,20260813,1,042700,한미반도체,1144,19.94,226000
KR7475310009,20260813,2,007660,이수페타시스,2631,19,96800
KR7475310009,20260813,3,353200,대덕전자,1603,13.77,113000
KR7475310009,20260813,4,058470,리노공업,2399,13.73,71300
KR7475310009,20260813,5,039030,이오테크닉스,406,12.55,378500
KR7475310009,20260813,6,067310,하나마이크론,2317,6.58,36650
KR7475310009,20260813,7,089030,테크윙,1292,5.01,49350
KR7475310009,20260813,8,131290,티에스이,209,4.19,259000
KR7475310009,20260813,9,031980,피에스케이홀딩스,345,2.99,105200
KR7475310009,20260813,10,195870,해성디에스,486,2.24,58500
KR70152E0004,20260813,1,000810,삼성화재해상보험,100,11.39,611000
KR70152E0004,20260813,2,316140,우리금융지주,1597,9.56,33300
KR70152E0004,20260813,3,005830,디비손해보험,309,8.91,166600
KR70152E0004,20260813,4,005940,NH투자증권,1359,7.04,28350
KR70152E0004,20260813,5,381970,케이카,4732,6.65,7710
KR70152E0004,20260813,6,016360,삼성증권,389,6.57,92500
KR70152E0004,20260813,7,138930,BNK금융지주,2383,6.35,14850
KR70152E0004,20260813,8,030000,제일기획,1629,5.59,18710
KR70152E0004,20260813,9,003690,코리안리재보험,2099,5.48,14670
KR70152E0004,20260813,10,001800,오리온홀딩스,894,4.36,26350
KR70207G0007,20260813,1,347700,스피어코퍼레이션,2374,16.95,25950
KR70207G0007,20260813,2,189300,인텔리안테크놀로지스,713,14.66,77600
KR70207G0007,20260813,3,099320,쎄트렉아이,552,12.18,81900
KR70207G0007,20260813,4,272210,한화시스템,591,11.99,79600
KR70207G0007,20260813,5,295310,에이치브이엠,748,11.08,53500
KR70207G0007,20260813,6,078600,대주전자재료,419,10.71,94800
KR70207G0007,20260813,7,218410,알에프에이치아이씨,554,8.03,54300
KR70207G0007,20260813,8,354320,알멕,758,6.74,33650
KR70207G0007,20260813,9,001430,세아베스틸지주,419,4.59,43550
KR70207G0007,20260813,10,327260,알에프머트리얼즈,288,3.06,37850
KR7464610005,20260813,1,214450,파마리서치,144,14.37,425500
KR7464610005,20260813,2,145020,휴젤,169,11.1,262500
KR7464610005,20260813,3,069620,대웅제약,335,10.23,123300
KR7464610005,20260813,4,214150,클래시스,936,10.03,39700
KR7464610005,20260813,5,086900,메디톡스,493,9.32,76800
KR7464610005,20260813,6,290650,엘앤씨바이오,543,7.54,54700
KR7464610005,20260813,7,060280,큐렉소,2636,6.05,9530
KR7464610005,20260813,8,145720,덴티움,591,6,40750
KR7464610005,20260813,9,042520,한스바이오메드,964,5.36,20850
KR7464610005,20260813,10,336570,원텍,3899,5.21,5330
KR7466930005,20260813,1,012330,현대모비스,734,27.47,511000
KR7466930005,20260813,2,000270,기아,2620,26.68,137400
KR7466930005,20260813,3,005380,현대자동차,695,21.37,418500
KR7466930005,20260813,4,009150,삼성전기,93,9.32,1503000
KR7466930005,20260813,5,066570,LG전자,356,5.48,206500
KR7466930005,20260813,6,005930,삼성전자,277,5.31,268000
KR7466930005,20260813,7,011070,LG이노텍,46,2.09,615000
KR7466930005,20260813,8,307950,현대오토에버,20,.65,449000
KR7466930005,20260813,9,018880,한온시스템,1633,.47,3805
KR7466930005,20260813,10,204320,에이치엘만도,106,.43,55500
KR7464600006,20260813,1,066570,LG전자,654,11.16,206500
KR7464600006,20260813,2,012330,현대모비스,257,10.67,511000
KR7464600006,20260813,3,009150,삼성전기,81,9,1503000
KR7464600006,20260813,4,307950,현대오토에버,215,7.75,449000
KR7464600006,20260813,5,018880,한온시스템,23245,7.48,3805
KR7464600006,20260813,6,204320,에이치엘만도,1507,6.79,55500
KR7464600006,20260813,7,011070,LG이노텍,134,6.74,615000
KR7464600006,20260813,8,098460,고영테크놀러지,2527,6.69,31900
KR7464600006,20260813,9,005930,삼성전자,242,5.15,268000
KR7464600006,20260813,10,323280,태성,994,4.11,51000
KR70005D0004,20260813,1,006400,삼성SDI,351,23.66,487000
KR70005D0004,20260813,2,457190,이수스페셜티케미컬,2012,18.66,66700
KR70005D0004,20260813,3,247540,에코프로비엠,1058,16.8,114500
KR70005D0004,20260813,4,020150,롯데에너지머티리얼즈,2392,10.99,34650
KR70005D0004,20260813,5,078600,대주전자재료,826,10.92,94800
KR70005D0004,20260813,6,003670,포스코퓨처엠,297,6.6,165900
KR70005D0004,20260813,7,281740,레이크머티리얼즈,2269,4.18,13250
KR70005D0004,20260813,8,121600,나노신소재,459,3.24,50800
KR70005D0004,20260813,9,137400,피엔티,667,3.07,32650
KR70005D0004,20260813,10,222080,에스에프에이넥셀,1696,1.89,8210
KR7466920006,20260813,1,042660,한화오션,4140,25.73,90700
KR7466920006,20260813,2,010140,삼성중공업,16187,24.28,22000
KR7466920006,20260813,3,329180,에이치디현대중공업,686,23.47,496000
KR7466920006,20260813,4,009540,에이치디한국조선해양,652,17.11,371500
KR7466920006,20260813,5,443060,에이치디현대마린솔루션,213,2.94,200500
KR7466920006,20260813,6,082740,한화엔진 주식회사,793,2.47,48250
KR7466920006,20260813,7,071970,에이치디현대마린엔진,317,1.26,58000
KR7466920006,20260813,8,017960,한국카본,459,.77,24300
KR7466920006,20260813,9,439260,대한조선,150,.53,51800
KR7466920006,20260813,10,014620,성광벤드,245,.46,26750
KR70141S0002,20260813,1,443060,에이치디현대마린솔루션,562,25.84,200500
KR70141S0002,20260813,2,082740,한화엔진 주식회사,1656,17.21,48250
KR70141S0002,20260813,3,017960,한국카본,3017,16.93,24300
KR70141S0002,20260813,4,071970,에이치디현대마린엔진,1080,14.25,58000
KR70141S0002,20260813,5,439260,대한조선,509,6.05,51800
KR70141S0002,20260813,6,014620,성광벤드,832,5.16,26750
KR70141S0002,20260813,7,077970,STX엔진,747,4.88,28550
KR70141S0002,20260813,8,023160,태광,659,3.56,23450
KR70141S0002,20260813,9,033500,동성화인텍,852,3.4,17170
KR70141S0002,20260813,10,075580,세진중공업,1030,2.73,11500
KR70105E0002,20260813,1,000810,삼성화재해상보험,66,6.38,611000
KR70105E0002,20260813,2,105560,KB금융지주,219,5.6,168100
KR70105E0002,20260813,3,055550,신한금융지주회사,349,5.58,106600
KR70105E0002,20260813,4,316140,우리금융지주,1068,5.43,33300
KR70105E0002,20260813,5,086790,하나금융지주,272,5.36,131000
KR70105E0002,20260813,6,033780,케이티앤지,169,4.62,173800
KR70105E0002,20260813,7,002960,한국쉘석유,56,4.43,506000
KR70105E0002,20260813,8,030000,제일기획,1398,4.07,18710
KR70105E0002,20260813,9,000270,기아,185,3.86,137400
KR70105E0002,20260813,10,001800,오리온홀딩스,873,3.61,26350
KR7444200000,20260813,1,005930,삼성전자,2254,25.42,268000
KR7444200000,20260813,2,000660,에스케이하이닉스,226,15,1593000
KR7444200000,20260813,3,035720,카카오,3081,5.38,40100
KR7444200000,20260813,4,012450,한화에어로스페이스,103,5.26,1185000
KR7444200000,20260813,5,034020,두산에너빌리티,1341,4.75,80900
KR7444200000,20260813,6,009150,삼성전기,76,4.48,1503000
KR7444200000,20260813,7,005380,현대자동차,231,4.18,418500
KR7444200000,20260813,8,018260,삼성에스디에스,362,3.76,237000
KR7444200000,20260813,9,000270,기아,450,2.69,137400
KR7444200000,20260813,10,012330,현대모비스,110,2.42,511000
KR7495550006,20260813,1,000660,에스케이하이닉스,189,17.89,1593000
KR7495550006,20260813,2,005930,삼성전자,1047,16.83,268000
KR7495550006,20260813,3,402340,SK스퀘어,126,8.12,1117000
KR7495550006,20260813,4,005380,현대자동차,187,4.82,418500
KR7495550006,20260813,5,105560,KB금융지주,416,4.35,168100
KR7495550006,20260813,6,055550,신한금융지주회사,558,3.64,106600
KR7495550006,20260813,7,012450,한화에어로스페이스,45,3.27,1185000
KR7495550006,20260813,8,000270,기아,334,2.85,137400
KR7495550006,20260813,9,086790,하나금융지주,341,2.74,131000
KR7495550006,20260813,10,012330,현대모비스,85,2.67,511000
KR7450910005,20260813,1,196170,알테오젠,85,9.4,317500
KR7450910005,20260813,2,086520,에코프로,159,5.05,92100
KR7450910005,20260813,3,247540,에코프로비엠,88,3.51,114500
KR7450910005,20260813,4,036930,주성엔지니어링,51,3.09,179300
KR7450910005,20260813,5,028300,에이치엘비,191,2.77,42750
KR7450910005,20260813,6,087010,펩트론,35,2.27,196700
KR7450910005,20260813,7,277810,레인보우로보틱스,13,2.22,497000
KR7450910005,20260813,8,240810,원익아이피에스,54,2.1,120000
KR7450910005,20260813,9,298380,에이비엘바이오,67,2.02,86800
KR7450910005,20260813,10,058470,리노공업,81,2.01,71300
KR70192T0009,20260813,1,196170,알테오젠,340,28.24,317500
KR70192T0009,20260813,2,086520,에코프로,677,16.17,92100
KR70192T0009,20260813,3,247540,에코프로비엠,372,11.13,114500
KR70192T0009,20260813,4,028300,에이치엘비,811,8.83,42750
KR70192T0009,20260813,5,277810,레인보우로보틱스,54,6.92,497000
KR70192T0009,20260813,6,240810,원익아이피에스,228,6.65,120000
KR70192T0009,20260813,7,298380,에이비엘바이오,287,6.52,86800
KR70192T0009,20260813,8,058470,리노공업,343,6.41,71300
KR70192T0009,20260813,9,039030,이오테크닉스,58,5.85,378500
KR70192T0009,20260813,10,032820,우리기술,1093,3.29,11760
KR70192S0000,20260813,1,005930,삼성전자,572,34.32,268000
KR70192S0000,20260813,2,000660,에스케이하이닉스,68,24.02,1593000
KR70192S0000,20260813,3,402340,SK스퀘어,11,2.65,1117000
KR70192S0000,20260813,4,009150,삼성전기,7,2.19,1503000
KR70192S0000,20260813,5,005380,현대자동차,17,1.64,418500
KR70192S0000,20260813,6,105560,KB금융지주,37,1.44,168100
KR70192S0000,20260813,7,055550,신한금융지주회사,51,1.24,106600
KR70192S0000,20260813,8,012450,한화에어로스페이스,4,1.09,1185000
KR70192S0000,20260813,9,028260,삼성물산,12,1.01,365000
KR70192S0000,20260813,10,034020,두산에너빌리티,53,1,80900
KR70105D0003,20260813,1,035420,네이버,585,25.18,226500
KR70105D0003,20260813,2,018260,삼성에스디에스,414,19.47,237000
KR70105D0003,20260813,3,035720,카카오,2370,18.72,40100
KR70105D0003,20260813,4,307950,현대오토에버,147,12.71,449000
KR70105D0003,20260813,5,064400,엘지씨엔에스,529,8.17,78400
KR70105D0003,20260813,6,377300,카카오페이,724,6.36,44700
KR70105D0003,20260813,7,466100,클로봇,404,2.36,28750
KR70105D0003,20260813,8,181710,엔에이치엔,175,2.14,66700
KR70105D0003,20260813,9,023590,다우기술,232,1.9,39200
KR70105D0003,20260813,10,124500,아이티센글로벌,124,.68,27150
KR70092B0000,20260813,1,034020,두산에너빌리티,1828,19.39,80900
KR70092B0000,20260813,2,000720,현대건설,950,14.28,113700
KR70092B0000,20260813,3,083650,비에이치아이,1523,11.37,56500
KR70092B0000,20260813,4,015760,한국전력공사,2287,10.71,33100
KR70092B0000,20260813,5,052690,한국전력기술,701,9.19,99800
KR70092B0000,20260813,6,375500,디엘이앤씨,671,6.53,73500
KR70092B0000,20260813,7,028260,삼성물산,128,6.04,365000
KR70092B0000,20260813,8,047040,대우건설,2560,6.03,18400
KR70092B0000,20260813,9,051600,한전KPS,908,5.45,46200
KR70092B0000,20260813,10,044490,태웅,1097,4.82,36500
KR70008T0003,20260813,1,257720,실리콘투,4152,20.8,40800
KR70008T0003,20260813,2,161890,한국콜마,1333,19.56,135200
KR70008T0003,20260813,3,278470,에이피알,388,17.06,399500
KR70008T0003,20260813,4,241710,코스메카코리아,651,8.9,124500
KR70008T0003,20260813,5,192820,코스맥스,291,8.04,249000
KR70008T0003,20260813,6,051900,LG생활건강,204,7.09,303500
KR70008T0003,20260813,7,483650,달바글로벌,241,6.99,236000
KR70008T0003,20260813,8,090430,아모레퍼시픽,421,6.33,134500
KR70008T0003,20260813,9,251970,펌텍코리아,492,3.21,54800
KR70008T0003,20260813,10,123330,제닉,562,2.03,30150
KR7442090007,20260813,1,000660,에스케이하이닉스,216,11.89,1593000
KR7442090007,20260813,2,005935,삼성전자1우,1488,10.13,187800
KR7442090007,20260813,3,010060,OCI홀딩스,623,5.84,278000
KR7442090007,20260813,4,102710,이엔에프테크놀로지,2985,5.64,51600
KR7442090007,20260813,5,010950,S-OIL,1050,5.44,140900
KR7442090007,20260813,6,004430,송원산업,9924,4.41,11700
KR7442090007,20260813,7,018670,SK가스,517,4.37,228000
KR7442090007,20260813,8,006400,삼성SDI,214,3.8,487000
KR7442090007,20260813,9,064760,티씨케이,446,3.74,227000
KR7442090007,20260813,10,131290,티에스이,383,3.5,259000
KR7407820000,20260813,1,005935,삼성전자1우,323,10.2,187800
KR7407820000,20260813,2,035420,네이버,243,8.88,226500
KR7407820000,20260813,3,071050,한국투자금융지주,223,7.59,199700
KR7407820000,20260813,4,041830,인바디,620,7.09,66200
KR7407820000,20260813,5,111770,영원무역,461,6.66,84700
KR7407820000,20260813,6,161890,한국콜마,244,5.48,135200
KR7407820000,20260813,7,034730,SK,59,5.46,553000
KR7407820000,20260813,8,006260,LS,88,5.03,326000
KR7407820000,20260813,9,123330,제닉,817,4.51,30150
KR7407820000,20260813,10,000990,DB 하이텍,273,4.4,99700
KR7448100008,20260813,1,005930,삼성전자,3570,34.85,268000
KR7448100008,20260813,2,000660,에스케이하이닉스,424,24.36,1593000
KR7448100008,20260813,3,402340,SK스퀘어,69,2.7,1117000
KR7448100008,20260813,4,009150,삼성전기,42,2.14,1503000
KR7448100008,20260813,5,005380,현대자동차,103,1.61,418500
KR7448100008,20260813,6,105560,KB금융지주,230,1.46,168100
KR7448100008,20260813,7,055550,신한금융지주회사,312,1.24,106600
KR7448100008,20260813,8,012450,한화에어로스페이스,24,1.06,1185000
KR7448100008,20260813,9,034020,두산에너빌리티,328,1.01,80900
KR7448100008,20260813,10,028260,삼성물산,73,1,365000
KR7413930009,20260813,1,005930,삼성전자,1395,28.87,268000
KR7413930009,20260813,2,000660,에스케이하이닉스,156,19.01,1593000
KR7413930009,20260813,3,009150,삼성전기,36,3.89,1503000
KR7413930009,20260813,4,105560,KB금융지주,192,2.58,168100
KR7413930009,20260813,5,207940,삼성바이오로직스,20,2.51,1564000
KR7413930009,20260813,6,034730,SK,55,2.43,553000
KR7413930009,20260813,7,055550,신한금융지주회사,240,2.02,106600
KR7413930009,20260813,8,034020,두산에너빌리티,289,1.88,80900
KR7413930009,20260813,9,012450,한화에어로스페이스,18,1.69,1185000
KR7413930009,20260813,10,402340,SK스퀘어,20,1.66,1117000
KR70088N0002,20260813,1,039030,이오테크닉스,169,12.51,378500
KR70088N0002,20260813,2,218410,알에프에이치아이씨,1121,11.63,54300
KR70088N0002,20260813,3,120110,코오롱인더스트리,722,7.75,55700
KR70088N0002,20260813,4,131970,두산테스나,415,6.73,84000
KR70088N0002,20260813,5,249420,일동제약,1999,5.86,15220
KR70088N0002,20260813,6,095340,아이에스시,202,5.79,159800
KR70088N0002,20260813,7,089030,테크윙,607,5.64,49350
KR70088N0002,20260813,8,397030,에이프릴바이오,959,5.25,29150
KR70088N0002,20260813,9,004170,신세계,63,4.83,419500
KR70088N0002,20260813,10,166090,하나머티리얼즈,339,4.13,60000
KR70177A0009,20260813,1,034020,두산에너빌리티,1593,28.93,80900
KR70177A0009,20260813,2,000150,두산,87,24.67,1262000
KR70177A0009,20260813,3,454910,두산로보틱스,1291,22.28,78000
KR70177A0009,20260813,4,241560,두산밥캣,438,6.3,64900
KR70177A0009,20260813,5,131970,두산테스나,185,3.53,84000
KR70177A0009,20260813,6,336260,두산퓨얼셀보통주,400,3.24,38100
KR70177A0009,20260813,7,267270,에이치디건설기계,65,2.04,139500
KR70177A0009,20260813,8,271940,일진하이솔루스,765,1.86,11550
KR70177A0009,20260813,9,005690,파미셀,681,1.81,11920
KR70177A0009,20260813,10,052690,한국전력기술,80,1.79,99800
KR7474590007,20260813,1,005930,삼성전자,2001,24.62,268000
KR7474590007,20260813,2,000660,에스케이하이닉스,280,20.28,1593000
KR7474590007,20260813,3,039030,이오테크닉스,287,5.33,378500
KR7474590007,20260813,4,009150,삼성전기,73,4.69,1503000
KR7474590007,20260813,5,222800,심텍,918,4.62,105800
KR7474590007,20260813,6,402340,SK스퀘어,89,4.39,1117000
KR7474590007,20260813,7,420770,기가비스,730,4.14,117900
KR7474590007,20260813,8,085910,네오티스,3839,4.1,19840
KR7474590007,20260813,9,095610,테스,568,3.99,145000
KR7474590007,20260813,10,353200,대덕전자,768,3.97,113000
KR70203S0007,20260813,1,005380,현대자동차,264,50.01,418500
KR70203S0007,20260813,2,005930,삼성전자,423,49.99,268000
KR70154F0001,20260813,1,138040,메리츠금융지주,585,11.51,118600
KR70154F0001,20260813,2,086790,하나금융지주,540,11.42,131000
KR70154F0001,20260813,3,316140,우리금융지주,2059,11.24,33300
KR70154F0001,20260813,4,105560,KB금융지주,409,11.23,168100
KR70154F0001,20260813,5,055550,신한금융지주회사,640,10.99,106600
KR70154F0001,20260813,6,005940,NH투자증권,1990,9.4,28350
KR70154F0001,20260813,7,138930,BNK금융지주,3692,8.96,14850
KR70154F0001,20260813,8,071050,한국투자금융지주,270,8.95,199700
KR70154F0001,20260813,9,039490,키움증권,181,8.95,297000
KR70154F0001,20260813,10,006800,미래에셋증권,1215,7.34,38050
KR70226G0004,20260813,1,005930,삼성전자,576,24.08,268000
KR70226G0004,20260813,2,005380,현대자동차,311,20.84,418500
KR70226G0004,20260813,3,298040,효성중공업,10,4.73,3017000
KR70226G0004,20260813,4,108490,로보티즈,115,4.66,261000
KR70226G0004,20260813,5,058610,에스피지,244,4.48,112200
KR70226G0004,20260813,6,007340,디엔오토모티브,567,4.37,49450
KR70226G0004,20260813,7,420770,기가비스,217,4.18,117900
KR70226G0004,20260813,8,010120,엘에스일렉트릭,122,4.16,214000
KR70226G0004,20260813,9,009150,삼성전기,19,4.15,1503000
KR70226G0004,20260813,10,000660,에스케이하이닉스,14,3.45,1593000
KR7480460005,20260813,1,395400,에스케이위탁관리부동산투자회사,16432,20.18,5720
KR7480460005,20260813,2,334890,이지스밸류플러스위탁관리부동산투자회사,24474,19.67,3690
KR7480460005,20260813,3,088980,맥쿼리한국인프라투융자회사,9180,19.57,9610
KR7480460005,20260813,4,415640,케이비발해인프라투융자회사,2992,6.75,10470
KR7480460005,20260813,5,451800,한화위탁관리부동산투자회사,5433,6.29,5420
KR7480460005,20260813,6,357120,코람코라이프인프라위탁관리부동산투자회사,6425,6,4320
KR7480460005,20260813,7,330590,롯데위탁관리부동산투자회사,6243,5.15,3870
KR7480460005,20260813,8,365550,이에스알켄달스퀘어위탁관리부동산투자회사,6503,4.58,3145
KR7480460005,20260813,9,417310,코람코더원위탁관리부동산투자회사,1488,3.5,10920
KR7480460005,20260813,10,404990,신한서부티엔디위탁관리부동산투자회사,3571,3.16,4020
KR7108590001,20260813,1,005930,삼성전자,6905,34.33,268000
KR7108590001,20260813,2,000660,에스케이하이닉스,841,24.61,1593000
KR7108590001,20260813,3,402340,SK스퀘어,136,2.71,1117000
KR7108590001,20260813,4,009150,삼성전기,82,2.13,1503000
KR7108590001,20260813,5,005380,현대자동차,200,1.59,418500
KR7108590001,20260813,6,105560,KB금융지주,451,1.46,168100
KR7108590001,20260813,7,055550,신한금융지주회사,615,1.24,106600
KR7108590001,20260813,8,012450,한화에어로스페이스,49,1.1,1185000
KR7108590001,20260813,9,028260,삼성물산,144,1,365000
KR7108590001,20260813,10,034020,두산에너빌리티,635,.99,80900
KR7145850004,20260813,1,005930,삼성전자,4510,20.58,268000
KR7145850004,20260813,2,000660,에스케이하이닉스,151,4.06,1593000
KR7145850004,20260813,3,105560,KB금융지주,1277,3.79,168100
KR7145850004,20260813,4,086790,하나금융지주,1571,3.59,131000
KR7145850004,20260813,5,055550,신한금융지주회사,1856,3.44,106600
KR7145850004,20260813,6,005380,현대자동차,445,3.25,418500
KR7145850004,20260813,7,000270,기아,1306,3.16,137400
KR7145850004,20260813,8,316140,우리금융지주,4736,2.79,33300
KR7145850004,20260813,9,005490,포스코홀딩스,454,2.64,325500
KR7145850004,20260813,10,034730,SK,164,1.6,553000
KR7153270004,20260813,1,005930,삼성전자,1978,31.7,268000
KR7153270004,20260813,2,000660,에스케이하이닉스,287,27.08,1593000
KR7153270004,20260813,3,402340,SK스퀘어,46,2.95,1117000
KR7153270004,20260813,4,009150,삼성전기,28,2.34,1503000
KR7153270004,20260813,5,005380,현대자동차,69,1.77,418500
KR7153270004,20260813,6,105560,KB금융지주,154,1.6,168100
KR7153270004,20260813,7,055550,신한금융지주회사,208,1.35,106600
KR7153270004,20260813,8,012450,한화에어로스페이스,17,1.23,1185000
KR7153270004,20260813,9,034020,두산에너빌리티,219,1.1,80900
KR7153270004,20260813,10,028260,삼성물산,49,1.1,365000
KR7069660009,20260813,1,005930,삼성전자,6916,34.29,268000
KR7069660009,20260813,2,000660,에스케이하이닉스,842,24.58,1593000
KR7069660009,20260813,3,402340,SK스퀘어,136,2.7,1117000
KR7069660009,20260813,4,009150,삼성전기,83,2.15,1503000
KR7069660009,20260813,5,005380,현대자동차,202,1.61,418500
KR7069660009,20260813,6,105560,KB금융지주,451,1.45,168100
KR7069660009,20260813,7,055550,신한금융지주회사,611,1.23,106600
KR7069660009,20260813,8,012450,한화에어로스페이스,49,1.1,1185000
KR7069660009,20260813,9,034020,두산에너빌리티,643,1,80900
KR7069660009,20260813,10,028260,삼성물산,143,.99,365000
KR7294400007,20260813,1,005930,삼성전자,9068,34.14,268000
KR7294400007,20260813,2,000660,에스케이하이닉스,1105,24.49,1593000
KR7294400007,20260813,3,402340,SK스퀘어,180,2.72,1117000
KR7294400007,20260813,4,009150,삼성전기,109,2.14,1503000
KR7294400007,20260813,5,005380,현대자동차,266,1.61,418500
KR7294400007,20260813,6,105560,KB금융지주,595,1.46,168100
KR7294400007,20260813,7,055550,신한금융지주회사,805,1.23,106600
KR7294400007,20260813,8,012450,한화에어로스페이스,64,1.09,1185000
KR7294400007,20260813,9,034020,두산에너빌리티,847,1,80900
KR7294400007,20260813,10,028260,삼성물산,189,1,365000
KR7488200007,20260813,1,006400,삼성SDI,258,20.18,487000
KR7488200007,20260813,2,034020,두산에너빌리티,1441,18.64,80900
KR7488200007,20260813,3,066570,LG전자,522,17.24,206500
KR7488200007,20260813,4,267260,에이치디현대일렉트릭,116,14.61,785000
KR7488200007,20260813,5,051910,LG화학,226,10.03,275500
KR7488200007,20260813,6,003670,포스코퓨처엠,285,7.35,165900
KR7488200007,20260813,7,086520,에코프로,435,6.4,92100
KR7488200007,20260813,8,066970,엘앤에프,129,2.07,102600
KR7488200007,20260813,9,005850,에스엘,149,1.38,59000
KR7488200007,20260813,10,082920,비츠로셀,145,.8,33000
KR7488210006,20260813,1,000660,에스케이하이닉스,204,29.1,1593000
KR7488210006,20260813,2,095340,아이에스시,1057,14.96,159800
KR7488210006,20260813,3,064760,티씨케이,605,13.14,227000
KR7488210006,20260813,4,031980,피에스케이홀딩스,1166,11.96,105200
KR7488210006,20260813,5,093370,후성,5763,5.99,11960
KR7488210006,20260813,6,083450,글로벌스탠다드테크놀로지,990,4.78,50500
KR7488210006,20260813,7,074600,원익큐엔씨,1412,4.25,30200
KR7488210006,20260813,8,059090,미코,1795,3.29,19500
KR7488210006,20260813,9,052400,코나아이,782,3.22,41200
KR7488210006,20260813,10,253590,네오셈,2357,2.48,11030
KR7100910009,20260813,1,005930,삼성전자,6749,35.22,268000
KR7100910009,20260813,2,000660,에스케이하이닉스,822,25.25,1593000
KR7100910009,20260813,3,402340,SK스퀘어,133,2.78,1117000
KR7100910009,20260813,4,009150,삼성전기,81,2.21,1503000
KR7100910009,20260813,5,005380,현대자동차,197,1.65,418500
KR7100910009,20260813,6,105560,KB금융지주,441,1.5,168100
KR7100910009,20260813,7,055550,신한금융지주회사,596,1.26,106600
KR7100910009,20260813,8,012450,한화에어로스페이스,47,1.11,1185000
KR7100910009,20260813,9,034020,두산에너빌리티,627,1.03,80900
KR7100910009,20260813,10,028260,삼성물산,140,1.02,365000
KR7104520002,20260813,1,090430,아모레퍼시픽,354,3.22,134500
KR7104520002,20260813,2,207940,삼성바이오로직스,31,3.22,1564000
KR7104520002,20260813,3,068270,셀트리온,233,3.16,202000
KR7104520002,20260813,4,096770,SK이노베이션,375,3.08,121700
KR7104520002,20260813,5,012450,한화에어로스페이스,39,3.03,1185000
KR7104520002,20260813,6,011200,에이치엠엠,2082,2.98,21050
KR7104520002,20260813,7,003230,삼양식품,36,2.91,1219000
KR7104520002,20260813,8,138040,메리츠금융지주,363,2.9,118600
KR7104520002,20260813,9,105560,KB금융지주,256,2.85,168100
KR7104520002,20260813,10,029780,삼성카드,874,2.76,46900
KR70183V0006,20260813,1,000660,에스케이하이닉스,190,50.03,1593000
KR70183V0006,20260813,2,005930,삼성전자,1117,49.97,268000
KR7483020004,20260813,1,068270,셀트리온,586,23.57,202000
KR7483020004,20260813,2,207940,삼성바이오로직스,76,23.45,1564000
KR7483020004,20260813,3,326030,SK바이오팜,1100,19.32,87600
KR7483020004,20260813,4,328130,루닛,2475,5.29,10520
KR7483020004,20260813,5,458870,씨어스,991,5.01,24200
KR7483020004,20260813,6,085660,차바이오텍,2119,4.08,9490
KR7483020004,20260813,7,069620,대웅제약,159,3.95,123300
KR7483020004,20260813,8,475960,토모큐브,352,2.73,38950
KR7483020004,20260813,9,468530,프로티나,302,1.77,34450
KR7483020004,20260813,10,108860,셀바스에이아이,835,1.76,10160
KR7104530001,20260813,1,381970,케이카,10398,9.15,7710
KR7104530001,20260813,2,017800,현대엘리베이터,1136,9.15,71900
KR7104530001,20260813,3,002960,한국쉘석유,115,6.71,506000
KR7104530001,20260813,4,030000,제일기획,2801,6.01,18710
KR7104530001,20260813,5,300720,한일시멘트(신설),3427,5.73,14540
KR7104530001,20260813,6,215200,메가스터디교육,1348,5.7,37050
KR7104530001,20260813,7,031210,서울보증보험,1134,5.69,43700
KR7104530001,20260813,8,029780,삼성카드,982,5.25,46900
KR7104530001,20260813,9,005830,디비손해보험,290,5.24,166600
KR7104530001,20260813,10,214320,이노션,2332,5.1,19060
KR7496090002,20260813,1,000660,에스케이하이닉스,184,17.83,1593000
KR7496090002,20260813,2,005930,삼성전자,1020,16.79,268000
KR7496090002,20260813,3,402340,SK스퀘어,123,8.12,1117000
KR7496090002,20260813,4,005380,현대자동차,183,4.83,418500
KR7496090002,20260813,5,105560,KB금융지주,406,4.34,168100
KR7496090002,20260813,6,055550,신한금융지주회사,549,3.67,106600
KR7496090002,20260813,7,012450,한화에어로스페이스,44,3.28,1185000
KR7496090002,20260813,8,000270,기아,328,2.87,137400
KR7496090002,20260813,9,086790,하나금융지주,335,2.76,131000
KR7496090002,20260813,10,012330,현대모비스,83,2.67,511000
KR7469790000,20260813,1,005930,삼성전자,4495,27.63,268000
KR7469790000,20260813,2,000660,에스케이하이닉스,611,22.11,1593000
KR7469790000,20260813,3,009150,삼성전기,402,12.91,1503000
KR7469790000,20260813,4,035720,카카오,6793,6.46,40100
KR7469790000,20260813,5,035420,네이버,1218,6.31,226500
KR7469790000,20260813,6,259960,크래프톤,1107,6.26,234500
KR7469790000,20260813,7,018260,삼성에스디에스,953,5.4,237000
KR7469790000,20260813,8,042700,한미반도체,1011,5.29,226000
KR7469790000,20260813,9,066570,LG전자,973,4.8,206500
KR7469790000,20260813,10,011070,LG이노텍,195,2.83,615000
KR7316670009,20260813,1,196170,알테오젠,44,9.54,317500
KR7316670009,20260813,2,086520,에코프로,81,5.05,92100
KR7316670009,20260813,3,247540,에코프로비엠,45,3.52,114500
KR7316670009,20260813,4,036930,주성엔지니어링,26,3.09,179300
KR7316670009,20260813,5,028300,에이치엘비,95,2.7,42750
KR7316670009,20260813,6,277810,레인보우로보틱스,7,2.34,497000
KR7316670009,20260813,7,087010,펩트론,18,2.29,196700
KR7316670009,20260813,8,240810,원익아이피에스,27,2.06,120000
KR7316670009,20260813,9,298380,에이비엘바이오,34,2.02,86800
KR7316670009,20260813,10,058470,리노공업,41,2,71300
KR70198A0004,20260813,1,KR7316670009,키움 KIWOOM 코스닥150증권상장지수투자신탁[주식],9691,17.43,7395
KR70198A0004,20260813,2,196170,알테오젠,101,7.86,317500
KR70198A0004,20260813,3,086520,에코프로,186,4.16,92100
KR70198A0004,20260813,4,247540,에코프로비엠,104,2.92,114500
KR70198A0004,20260813,5,036930,주성엔지니어링,60,2.56,179300
KR70198A0004,20260813,6,028300,에이치엘비,219,2.23,42750
KR70198A0004,20260813,7,277810,레인보우로보틱스,16,1.92,497000
KR70198A0004,20260813,8,087010,펩트론,41,1.87,196700
KR70198A0004,20260813,9,240810,원익아이피에스,62,1.69,120000
KR70198A0004,20260813,10,298380,에이비엘바이오,78,1.66,86800
KR70220A0006,20260813,1,005380,현대자동차,594,51.01,418500
KR70220A0006,20260813,2,000270,기아,1035,29.43,137400
KR70220A0006,20260813,3,012330,현대모비스,187,19.55,511000
KR7441800000,20260813,1,000660,에스케이하이닉스,63,17.39,1593000
KR7441800000,20260813,2,005930,삼성전자,304,14.26,268000
KR7441800000,20260813,3,003230,삼양식품,27,5.97,1219000
KR7441800000,20260813,4,005830,디비손해보험,179,5.22,166600
KR7441800000,20260813,5,138040,메리츠금융지주,200,4.37,118600
KR7441800000,20260813,6,105560,KB금융지주,140,4.27,168100
KR7441800000,20260813,7,316140,우리금융지주,598,3.62,33300
KR7441800000,20260813,8,071050,한국투자금융지주,90,3.31,199700
KR7441800000,20260813,9,039490,키움증권,60,3.29,297000
KR7441800000,20260813,10,017670,SK텔레콤,200,3.22,91100
KR7463050005,20260813,1,068270,셀트리온,453,13.38,202000
KR7463050005,20260813,2,196170,알테오젠,236,10.96,317500
KR7463050005,20260813,3,298380,에이비엘바이오,604,7.67,86800
KR7463050005,20260813,4,141080,리가켐 바이오사이언스,389,6.55,114400
KR7463050005,20260813,5,226950,올릭스,373,6.19,112500
KR7463050005,20260813,6,207940,삼성바이오로직스,24,5.44,1564000
KR7463050005,20260813,7,128940,한미약품,85,4.92,398500
KR7463050005,20260813,8,068760,셀트리온제약,633,4.12,44650
KR7463050005,20260813,9,237690,에스티팜,250,3.91,107600
KR7463050005,20260813,10,347850,디앤디파마텍,412,3.65,61700
KR7404120008,20260813,1,009830,한화솔루션,7154,10.44,36550
KR7404120008,20260813,2,006400,삼성SDI,459,9.11,487000
KR7404120008,20260813,3,005930,삼성전자,720,7.52,268000
KR7404120008,20260813,4,112610,씨에스윈드,4183,7.41,46900
KR7404120008,20260813,5,000660,에스케이하이닉스,110,6.76,1593000
KR7404120008,20260813,6,022100,포스코디엑스,5740,4.98,21800
KR7404120008,20260813,7,100090,에스케이오션플랜트,8000,4.66,14340
KR7404120008,20260813,8,336260,두산퓨얼셀보통주,3100,4.54,38100
KR7404120008,20260813,9,005380,현대자동차,263,4.4,418500
KR7404120008,20260813,10,009540,에이치디한국조선해양,275,4.28,371500
KR7385710009,20260813,1,006400,삼성SDI,263,11.62,487000
KR7385710009,20260813,2,196170,알테오젠,317,9.16,317500
KR7385710009,20260813,3,068270,셀트리온,481,8.84,202000
KR7385710009,20260813,4,036570,엔씨,394,8.84,243500
KR7385710009,20260813,5,035420,네이버,448,8.79,226500
KR7385710009,20260813,6,373220,엘지에너지솔루션,260,8.48,365500
KR7385710009,20260813,7,005490,포스코홀딩스,214,6.33,325500
KR7385710009,20260813,8,207940,삼성바이오로직스,40,5.64,1564000
KR7385710009,20260813,9,005930,삼성전자,200,4.65,268000
KR7385710009,20260813,10,259960,크래프톤,204,4.36,234500
KR7410870000,20260813,1,145020,휴젤,324,8.73,262500
KR7410870000,20260813,2,036570,엔씨,348,8.6,243500
KR7410870000,20260813,3,214450,파마리서치,202,8.27,425500
KR7410870000,20260813,4,257720,실리콘투,1267,5.75,40800
KR7410870000,20260813,5,003230,삼양식품,42,5.07,1219000
KR7410870000,20260813,6,259960,크래프톤,212,5,234500
KR7410870000,20260813,7,241710,코스메카코리아,401,4.96,124500
KR7410870000,20260813,8,263750,펄어비스,1566,4.96,31500
KR7410870000,20260813,9,041510,에스엠엔터테인먼트,575,4.35,71900
KR7410870000,20260813,10,352820,하이브,236,4.25,176400
KR7495060006,20260813,1,005930,삼성전자,1187,22.16,268000
KR7495060006,20260813,2,000660,에스케이하이닉스,135,14.84,1593000
KR7495060006,20260813,3,402340,SK스퀘어,75,5.61,1117000
KR7495060006,20260813,4,012450,한화에어로스페이스,60,5.07,1185000
KR7495060006,20260813,5,055550,신한금융지주회사,664,5.04,106600
KR7495060006,20260813,6,105560,KB금융지주,389,4.72,168100
KR7495060006,20260813,7,006260,LS,186,4.58,326000
KR7495060006,20260813,8,086790,하나금융지주,395,3.69,131000
KR7495060006,20260813,9,005380,현대자동차,117,3.5,418500
KR7495060006,20260813,10,267270,에이치디건설기계,247,2.5,139500
KR70162Y0008,20260813,1,196170,알테오젠,83,6.97,317500
KR70162Y0008,20260813,2,036930,주성엔지니어링,123,5.66,179300
KR70162Y0008,20260813,3,119850,지엔씨에너지,375,4.78,55400
KR70162Y0008,20260813,4,095610,테스,119,4.59,145000
KR70162Y0008,20260813,5,222800,심텍,149,4.12,105800
KR70162Y0008,20260813,6,277810,레인보우로보틱스,28,3.63,497000
KR70162Y0008,20260813,7,080220,제주반도체,139,3.2,88300
KR70162Y0008,20260813,8,058610,에스피지,100,2.97,112200
KR70162Y0008,20260813,9,059090,미코,521,2.66,19500
KR70162Y0008,20260813,10,086520,에코프로,107,2.58,92100
KR7385720008,20260813,1,005930,삼성전자,2600,27.59,268000
KR7385720008,20260813,2,000660,에스케이하이닉스,340,21.24,1593000
KR7385720008,20260813,3,003230,삼양식품,90,4.5,1219000
KR7385720008,20260813,4,006400,삼성SDI,213,4.3,487000
KR7385720008,20260813,5,105560,KB금융지주,590,4.07,168100
KR7385720008,20260813,6,278470,에이피알,191,3.15,399500
KR7385720008,20260813,7,402340,SK스퀘어,54,2.3,1117000
KR7385720008,20260813,8,009150,삼성전기,37,2.05,1503000
KR7385720008,20260813,9,071050,한국투자금융지주,190,1.58,199700
KR7385720008,20260813,10,373220,엘지에너지솔루션,100,1.49,365500
KR7472720002,20260813,1,000660,에스케이하이닉스,48,14.58,1593000
KR7472720002,20260813,2,005930,삼성전자,130,6.71,268000
KR7472720002,20260813,3,006260,LS,76,5.17,326000
KR7472720002,20260813,4,000150,두산,20,5.06,1262000
KR7472720002,20260813,5,105560,KB금융지주,140,4.69,168100
KR7472720002,20260813,6,005940,NH투자증권,800,4.61,28350
KR7472720002,20260813,7,082920,비츠로셀,494,3.41,33000
KR7472720002,20260813,8,039490,키움증권,55,3.32,297000
KR7472720002,20260813,9,055550,신한금융지주회사,150,3.14,106600
KR7472720002,20260813,10,010120,엘에스일렉트릭,70,2.95,214000
KR7496130006,20260813,1,005930,삼성전자,463,24.26,268000
KR7496130006,20260813,2,000660,에스케이하이닉스,53,16.35,1593000
KR7496130006,20260813,3,006260,LS,56,3.87,326000
KR7496130006,20260813,4,028260,삼성물산,48,3.52,365000
KR7496130006,20260813,5,105560,KB금융지주,103,3.51,168100
KR7496130006,20260813,6,016360,삼성증권,169,3.23,92500
KR7496130006,20260813,7,007070,지에스리테일,582,3.22,26750
KR7496130006,20260813,8,001040,씨제이,110,3.12,137600
KR7496130006,20260813,9,402340,SK스퀘어,14,2.94,1117000
KR7496130006,20260813,10,032830,삼성생명보험,47,2.92,291500
KR7451060008,20260813,1,005930,삼성전자,6722,34.21,268000
KR7451060008,20260813,2,000660,에스케이하이닉스,819,24.53,1593000
KR7451060008,20260813,3,402340,SK스퀘어,133,2.71,1117000
KR7451060008,20260813,4,009150,삼성전기,80,2.13,1503000
KR7451060008,20260813,5,005380,현대자동차,197,1.61,418500
KR7451060008,20260813,6,105560,KB금융지주,439,1.45,168100
KR7451060008,20260813,7,055550,신한금융지주회사,594,1.23,106600
KR7451060008,20260813,8,012450,한화에어로스페이스,47,1.08,1185000
KR7451060008,20260813,9,034020,두산에너빌리티,625,1,80900
KR7451060008,20260813,10,028260,삼성물산,139,.99,365000
KR70182S0002,20260813,1,005930,삼성전자,585,50.1,268000
KR70182S0002,20260813,2,000660,에스케이하이닉스,99,49.9,1593000
KR70103T0007,20260813,1,035420,네이버,518,24.71,226500
KR70103T0007,20260813,2,035720,카카오,2783,24.36,40100
KR70103T0007,20260813,3,018260,삼성에스디에스,327,17.04,237000
KR70103T0007,20260813,4,064400,엘지씨엔에스,402,6.88,78400
KR70103T0007,20260813,5,307950,현대오토에버,57,5.46,449000
KR70103T0007,20260813,6,181710,엔에이치엔,251,3.41,66700
KR70103T0007,20260813,7,304100,솔트룩스,647,2.53,17050
KR70103T0007,20260813,8,300080,플리토,1334,2.53,8470
KR70103T0007,20260813,9,064260,다날,2003,2.19,5020
KR70103T0007,20260813,10,030520,한컴,506,2.09,18310
KR7495330003,20260813,1,000660,에스케이하이닉스,367,17.85,1593000
KR7495330003,20260813,2,005930,삼성전자,2038,16.84,268000
KR7495330003,20260813,3,402340,SK스퀘어,245,8.12,1117000
KR7495330003,20260813,4,005380,현대자동차,363,4.81,418500
KR7495330003,20260813,5,105560,KB금융지주,811,4.35,168100
KR7495330003,20260813,6,055550,신한금융지주회사,1097,3.68,106600
KR7495330003,20260813,7,012450,한화에어로스페이스,87,3.25,1185000
KR7495330003,20260813,8,000270,기아,651,2.86,137400
KR7495330003,20260813,9,086790,하나금융지주,664,2.75,131000
KR7495330003,20260813,10,012330,현대모비스,166,2.68,511000
KR70206G0008,20260813,1,005380,현대자동차,255,50.07,418500
KR70206G0008,20260813,2,000270,기아,768,49.93,137400
KR7332500008,20260813,1,005930,삼성전자,9260,34.29,268000
KR7332500008,20260813,2,000660,에스케이하이닉스,1128,24.59,1593000
KR7332500008,20260813,3,402340,SK스퀘어,183,2.72,1117000
KR7332500008,20260813,4,009150,삼성전기,111,2.15,1503000
KR7332500008,20260813,5,005380,현대자동차,271,1.61,418500
KR7332500008,20260813,6,105560,KB금융지주,604,1.45,168100
KR7332500008,20260813,7,055550,신한금융지주회사,809,1.22,106600
KR7332500008,20260813,8,012450,한화에어로스페이스,65,1.09,1185000
KR7332500008,20260813,9,034020,두산에너빌리티,860,1,80900
KR7332500008,20260813,10,028260,삼성물산,192,.99,365000
KR7105190003,20260813,1,005930,삼성전자,6850,34.31,268000
KR7105190003,20260813,2,000660,에스케이하이닉스,834,24.59,1593000
KR7105190003,20260813,3,402340,SK스퀘어,135,2.71,1117000
KR7105190003,20260813,4,009150,삼성전기,82,2.15,1503000
KR7105190003,20260813,5,005380,현대자동차,200,1.61,418500
KR7105190003,20260813,6,105560,KB금융지주,447,1.45,168100
KR7105190003,20260813,7,055550,신한금융지주회사,600,1.22,106600
KR7105190003,20260813,8,012450,한화에어로스페이스,48,1.09,1185000
KR7105190003,20260813,9,034020,두산에너빌리티,637,1,80900
KR7105190003,20260813,10,028260,삼성물산,142,1,365000
KR7385600002,20260813,1,006400,삼성SDI,223,9.16,487000
KR7385600002,20260813,2,373220,엘지에너지솔루션,289,8.77,365500
KR7385600002,20260813,3,005490,포스코홀딩스,310,8.53,325500
KR7385600002,20260813,4,066570,LG전자,491,8.52,206500
KR7385600002,20260813,5,051910,LG화학,351,8.18,275500
KR7385600002,20260813,6,000270,기아,711,8.16,137400
KR7385600002,20260813,7,012330,현대모비스,193,8.14,511000
KR7385600002,20260813,8,009150,삼성전기,61,6.89,1503000
KR7385600002,20260813,9,005380,현대자동차,186,6.45,418500
KR7385600002,20260813,10,247540,에코프로비엠,425,4.11,114500
KR7469150007,20260813,1,005930,삼성전자,3008,27.98,268000
KR7469150007,20260813,2,042700,한미반도체,3091,24.47,226000
KR7469150007,20260813,3,000660,에스케이하이닉스,428,23.43,1593000
KR7469150007,20260813,4,140860,파크시스템스,200,2.12,282500
KR7469150007,20260813,5,080220,제주반도체,545,1.73,88300
KR7469150007,20260813,6,089030,테크윙,866,1.52,49350
KR7469150007,20260813,7,240810,원익아이피에스,375,1.52,120000
KR7469150007,20260813,8,095340,아이에스시,278,1.51,159800
KR7469150007,20260813,9,039030,이오테크닉스,105,1.47,378500
KR7469150007,20260813,10,067310,하나마이크론,1103,1.42,36650
KR7385590005,20260813,1,005930,삼성전자,2197,25.43,268000
KR7385590005,20260813,2,000660,에스케이하이닉스,213,14.51,1593000
KR7385590005,20260813,3,402340,SK스퀘어,134,6.22,1117000
KR7385590005,20260813,4,105560,KB금융지주,800,6.02,168100
KR7385590005,20260813,5,009150,삼성전기,96,5.81,1503000
KR7385590005,20260813,6,034020,두산에너빌리티,1317,4.79,80900
KR7385590005,20260813,7,055550,신한금융지주회사,976,4.59,106600
KR7385590005,20260813,8,028260,삼성물산,249,4.03,365000
KR7385590005,20260813,9,086790,하나금융지주,678,3.93,131000
KR7385590005,20260813,10,034730,SK,128,3.16,553000
KR7475050001,20260813,1,041510,에스엠엔터테인먼트,1166,24.82,71900
KR7475050001,20260813,2,035900,제이와이피엔터테인먼트,1886,24.46,40850
KR7475050001,20260813,3,352820,하이브,475,24.04,176400
KR7475050001,20260813,4,122870,YG엔터테인먼트,1861,22.3,39700
KR7475050001,20260813,5,037270,와이지플러스,926,.93,3455
KR7475050001,20260813,6,182360,큐브엔터테인먼트,544,.92,5900
KR7475050001,20260813,7,035760,씨제이이엔엠,91,.91,34600
KR7475050001,20260813,8,376300,디어유,146,.83,19790
KR7475050001,20260813,9,473980,노머스,239,.79,11610
KR70221Z0006,20260813,1,298380,에이비엘바이오,595,9.07,86800
KR70221Z0006,20260813,2,196170,알테오젠,162,9.03,317500
KR70221Z0006,20260813,3,310210,보로노이,233,7.15,180700
KR70221Z0006,20260813,4,214450,파마리서치,99,7.09,425500
KR70221Z0006,20260813,5,145020,휴젤,146,6.88,262500
KR70221Z0006,20260813,6,456160,지투지바이오,855,6.27,42600
KR70221Z0006,20260813,7,226950,올릭스,312,6.22,112500
KR70221Z0006,20260813,8,347850,디앤디파마텍,580,6.16,61700
KR70221Z0006,20260813,9,141080,리가켐 바이오사이언스,302,6.1,114400
KR70221Z0006,20260813,10,476830,알지노믹스,842,4.97,35050
KR70210A0008,20260813,1,005930,삼성전자,319,24.28,268000
KR70210A0008,20260813,2,000660,에스케이하이닉스,49,21.95,1593000
KR70210A0008,20260813,3,402340,SK스퀘어,67,20.43,1117000
KR70210A0008,20260813,4,009150,삼성전기,46,18.29,1503000
KR70210A0008,20260813,5,420770,기가비스,170,5.96,117900
KR70210A0008,20260813,6,222800,심텍,181,5.64,105800
KR70210A0008,20260813,7,323280,태성,79,1.17,51000
KR70210A0008,20260813,8,195870,해성디에스,51,.87,58500
KR70210A0008,20260813,9,007810,코리아써키트,38,.72,66400
KR70210A0008,20260813,10,356860,티엘비,78,.69,31200
KR70216Z0003,20260813,1,012450,한화에어로스페이스,90,21.77,1185000
KR70216Z0003,20260813,2,079550,엘아이지디펜스앤에어로스페이스,113,18.63,837000
KR70216Z0003,20260813,3,272210,한화시스템,959,15.17,79600
KR70216Z0003,20260813,4,047810,한국항공우주산업,423,12.75,151200
KR70216Z0003,20260813,5,064350,현대로템,362,11.1,147600
KR70216Z0003,20260813,6,099320,쎄트렉아이,370,6.36,81900
KR70216Z0003,20260813,7,214430,아이쓰리시스템,316,4.79,73800
KR70216Z0003,20260813,8,218410,알에프에이치아이씨,405,4.58,54300
KR70216Z0003,20260813,9,189300,인텔리안테크놀로지스,170,2.72,77600
KR70216Z0003,20260813,10,347700,스피어코퍼레이션,381,2.12,25950
KR70172Y0006,20260813,1,005930,삼성전자,348,18.98,268000
KR70172Y0006,20260813,2,000660,에스케이하이닉스,53,17.01,1593000
KR70172Y0006,20260813,3,298040,효성중공업,7,4.32,3017000
KR70172Y0006,20260813,4,012450,한화에어로스페이스,17,4.19,1185000
KR70172Y0006,20260813,5,000720,현대건설,169,4.1,113700
KR70172Y0006,20260813,6,214450,파마리서치,47,4.09,425500
KR70172Y0006,20260813,7,034020,두산에너빌리티,238,4.08,80900
KR70172Y0006,20260813,8,009150,삼성전기,14,3.99,1503000
KR70172Y0006,20260813,9,010120,엘에스일렉트릭,87,3.87,214000
KR70172Y0006,20260813,10,095610,테스,123,3.83,145000
KR70177X0002,20260813,1,058610,에스피지,914,20.27,112200
KR70177X0002,20260813,2,108490,로보티즈,390,19.08,261000
KR70177X0002,20260813,3,005380,현대자동차,205,16.59,418500
KR70177X0002,20260813,4,277810,레인보우로보틱스,129,12.49,497000
KR70177X0002,20260813,5,012330,현대모비스,61,6.01,511000
KR70177X0002,20260813,6,437730,삼현,724,5.45,38400
KR70177X0002,20260813,7,204320,에이치엘만도,441,4.72,55500
KR70177X0002,20260813,8,307950,현대오토에버,41,3.51,449000
KR70177X0002,20260813,9,348340,뉴로메카,706,2.87,21400
KR70177X0002,20260813,10,388720,유일로보틱스,198,2.84,72600
KR70199C0001,20260813,1,005930,삼성전자,168,9.37,268000
KR70199C0001,20260813,2,000660,에스케이하이닉스,23,7.55,1593000
KR70199C0001,20260813,3,161390,한국타이어앤테크놀로지,442,6.76,71500
KR70199C0001,20260813,4,000810,삼성화재해상보험,49,6.72,611000
KR70199C0001,20260813,5,003690,코리안리재보험,1785,5.61,14670
KR70199C0001,20260813,6,000240,한국앤컴퍼니,905,5.02,26000
KR70199C0001,20260813,7,005830,디비손해보험,142,4.93,166600
KR70199C0001,20260813,8,175330,JB금융지주,789,4.81,29350
KR70199C0001,20260813,9,016360,삼성증권,228,4.63,92500
KR70199C0001,20260813,10,316140,우리금융지주,633,4.56,33300
KR70139P0009,20260813,1,161390,한국타이어앤테크놀로지,703,7.24,71500
KR70139P0009,20260813,2,000810,삼성화재해상보험,77,7.11,611000
KR70139P0009,20260813,3,001800,오리온홀딩스,1564,6.17,26350
KR70139P0009,20260813,4,003690,코리안리재보험,2839,6,14670
KR70139P0009,20260813,5,005850,에스엘,651,5.49,59000
KR70139P0009,20260813,6,000240,한국앤컴퍼니,1439,5.37,26000
KR70139P0009,20260813,7,005830,디비손해보험,226,5.28,166600
KR70139P0009,20260813,8,175330,JB금융지주,1256,5.16,29350
KR70139P0009,20260813,9,016360,삼성증권,362,4.95,92500
KR70139P0009,20260813,10,316140,우리금융지주,1007,4.88,33300
KR7494330004,20260813,1,005930,삼성전자,1303,22.09,268000
KR7494330004,20260813,2,000660,에스케이하이닉스,127,12.67,1593000
KR7494330004,20260813,3,007340,디엔오토모티브,1699,5.3,49450
KR7494330004,20260813,4,071050,한국투자금융지주,355,4.72,199700
KR7494330004,20260813,5,078930,지에스,596,3.99,107400
KR7494330004,20260813,6,003690,코리안리재보험,3583,3.42,14670
KR7494330004,20260813,7,316140,우리금융지주,1425,3.12,33300
KR7494330004,20260813,8,128940,한미약품,115,3.02,398500
KR7494330004,20260813,9,138930,BNK금융지주,3088,3.01,14850
KR7494330004,20260813,10,015760,한국전력공사,1080,2.54,33100
KR70153P0000,20260813,1,088980,맥쿼리한국인프라투융자회사,11239,23.63,9610
KR70153P0000,20260813,2,415640,케이비발해인프라투융자회사,8527,18.98,10470
KR70153P0000,20260813,3,395400,에스케이위탁관리부동산투자회사,11869,14.39,5720
KR70153P0000,20260813,4,330590,롯데위탁관리부동산투자회사,16009,13.04,3870
KR70153P0000,20260813,5,451800,한화위탁관리부동산투자회사,8603,9.82,5420
KR70153P0000,20260813,6,293940,신한알파위탁관리부동산투자회사,4120,4.63,5240
KR70153P0000,20260813,7,357120,코람코라이프인프라위탁관리부동산투자회사,4372,4.03,4320
KR70153P0000,20260813,8,404990,신한서부티엔디위탁관리부동산투자회사,4148,3.62,4020
KR70153P0000,20260813,9,448730,삼성에프엔위탁관리부동산투자회사,1889,2.17,5400
KR70153P0000,20260813,10,377190,디앤디플랫폼위탁관리부동산투자회사,4534,2.12,2160
KR7131890006,20260813,1,009150,삼성전기,253,8.35,1503000
KR7131890006,20260813,2,006400,삼성SDI,620,7.44,487000
KR7131890006,20260813,3,005930,삼성전자,1073,6.77,268000
KR7131890006,20260813,4,028260,삼성물산,755,6.67,365000
KR7131890006,20260813,5,028050,삼성이앤에이,5417,6.6,49000
KR7131890006,20260813,6,018260,삼성에스디에스,1118,6.51,237000
KR7131890006,20260813,7,0126Z0,삼성에피스홀딩스,636,6.4,403000
KR7131890006,20260813,8,032830,삼성생명보험,841,6.29,291500
KR7131890006,20260813,9,012750,에스원,3093,5.88,78100
KR7131890006,20260813,10,010140,삼성중공업,10808,5.81,22000
KR7108450008,20260813,1,005930,삼성전자,3659,24.05,268000
KR7108450008,20260813,2,009150,삼성전기,381,13.08,1503000
KR7108450008,20260813,3,012750,에스원,6177,12.23,78100
KR7108450008,20260813,4,010140,삼성중공업,17425,9.75,22000
KR7108450008,20260813,5,006400,삼성SDI,629,7.86,487000
KR7108450008,20260813,6,028260,삼성물산,837,7.7,365000
KR7108450008,20260813,7,207940,삼성바이오로직스,143,5.7,1564000
KR7108450008,20260813,8,016360,삼성증권,2047,4.9,92500
KR7108450008,20260813,9,032830,삼성생명보험,560,4.36,291500
KR7108450008,20260813,10,028050,삼성이앤에이,2581,3.27,49000
KR7226380004,20260813,1,161890,한국콜마,130,2.88,135200
KR7226380004,20260813,2,192820,코스맥스,69,2.88,249000
KR7226380004,20260813,3,181710,엔에이치엔,280,2.87,66700
KR7226380004,20260813,4,051900,LG생활건강,48,2.52,303500
KR7226380004,20260813,5,194480,데브시스터즈,683,2.51,21350
KR7226380004,20260813,6,483650,달바글로벌,57,2.5,236000
KR7226380004,20260813,7,078340,컴투스,450,2.49,31800
KR7226380004,20260813,8,090430,아모레퍼시픽,107,2.43,134500
KR7226380004,20260813,9,280360,롯데웰푸드,113,2.32,119200
KR7226380004,20260813,10,018290,브이티,933,2.3,13380
KR7433500006,20260813,1,034020,두산에너빌리티,17211,25.63,80900
KR7433500006,20260813,2,000720,현대건설,10179,21.48,113700
KR7433500006,20260813,3,000150,두산,466,10.84,1262000
KR7433500006,20260813,4,047040,대우건설,32224,10.65,18400
KR7433500006,20260813,5,083650,비에이치아이,8080,8.47,56500
KR7433500006,20260813,6,052690,한국전력기술,4027,7.41,99800
KR7433500006,20260813,7,032820,우리기술,32540,6.94,11760
KR7433500006,20260813,8,051600,한전KPS,5102,4.3,46200
KR7433500006,20260813,9,015760,한국전력공사,3340,2.2,33100
KR7433500006,20260813,10,028260,삼성물산,317,2.1,365000
KR7447430000,20260813,1,192080,더블유게임즈,1185,10.65,61700
KR7447430000,20260813,2,035890,서희건설,35492,10.57,2035
KR7447430000,20260813,3,009970,영원무역홀딩스,342,9.34,190300
KR7447430000,20260813,4,018670,SK가스,232,7.77,228000
KR7447430000,20260813,5,044450,케이에스에스해운,5221,7.58,9850
KR7447430000,20260813,6,192400,쿠쿠홀딩스,1863,7.21,26650
KR7447430000,20260813,7,004490,세방전지,689,5.56,55300
KR7447430000,20260813,8,034310,NICE홀딩스,2817,5.28,12710
KR7447430000,20260813,9,306200,세아제강(신설),253,4.92,133100
KR7447430000,20260813,10,064960,에스앤티모티브,1070,4.3,27600
KR70209Z0002,20260813,1,010120,엘에스일렉트릭,359,21.06,214000
KR70209Z0002,20260813,2,267260,에이치디현대일렉트릭,88,19.36,785000
KR70209Z0002,20260813,3,298040,효성중공업,23,18.71,3017000
KR70209Z0002,20260813,4,034020,두산에너빌리티,653,14.75,80900
KR70209Z0002,20260813,5,336260,두산퓨얼셀보통주,751,7.56,38100
KR70209Z0002,20260813,6,001440,대한전선,613,5.08,30100
KR70209Z0002,20260813,7,126340,비나텍,243,4.81,76700
KR70209Z0002,20260813,8,373220,엘지에너지솔루션,40,4.03,365500
KR70209Z0002,20260813,9,178320,서진시스템,270,2.83,36950
KR70209Z0002,20260813,10,006260,LS,19,1.8,326000
KR7380340000,20260813,1,035420,네이버,3120,24.43,226500
KR7380340000,20260813,2,009150,삼성전기,387,18.77,1503000
KR7380340000,20260813,3,018260,삼성에스디에스,1430,12.24,237000
KR7380340000,20260813,4,011070,LG이노텍,550,12.07,615000
KR7380340000,20260813,5,005930,삼성전자,805,7.47,268000
KR7380340000,20260813,6,000660,에스케이하이닉스,115,6.28,1593000
KR7380340000,20260813,7,064400,엘지씨엔에스,1716,4.82,78400
KR7380340000,20260813,8,353200,대덕전자,1167,4.55,113000
KR7380340000,20260813,9,307950,현대오토에버,229,3.6,449000
KR7380340000,20260813,10,010170,대한광통신,4970,2.44,13240
KR7496120007,20260813,1,000660,에스케이하이닉스,191,17.86,1593000
KR7496120007,20260813,2,005930,삼성전자,1061,16.85,268000
KR7496120007,20260813,3,402340,SK스퀘어,128,8.15,1117000
KR7496120007,20260813,4,005380,현대자동차,189,4.81,418500
KR7496120007,20260813,5,105560,KB금융지주,422,4.35,168100
KR7496120007,20260813,6,055550,신한금융지주회사,565,3.65,106600
KR7496120007,20260813,7,012450,한화에어로스페이스,45,3.23,1185000
KR7496120007,20260813,8,000270,기아,339,2.86,137400
KR7496120007,20260813,9,086790,하나금융지주,346,2.75,131000
KR7496120007,20260813,10,012330,현대모비스,86,2.66,511000
KR7354500001,20260813,1,196170,알테오젠,442,9.51,317500
KR7354500001,20260813,2,086520,에코프로,816,5.05,92100
KR7354500001,20260813,3,247540,에코프로비엠,449,3.48,114500
KR7354500001,20260813,4,036930,주성엔지니어링,260,3.06,179300
KR7354500001,20260813,5,028300,에이치엘비,979,2.76,42750
KR7354500001,20260813,6,087010,펩트론,179,2.26,196700
KR7354500001,20260813,7,277810,레인보우로보틱스,65,2.16,497000
KR7354500001,20260813,8,240810,원익아이피에스,275,2.08,120000
KR7354500001,20260813,9,298380,에이비엘바이오,346,2.03,86800
KR7354500001,20260813,10,058470,리노공업,414,2,71300
KR7305050007,20260813,1,005930,삼성전자,3797,28.52,268000
KR7305050007,20260813,2,000660,에스케이하이닉스,475,21,1593000
KR7305050007,20260813,3,402340,SK스퀘어,86,2.59,1117000
KR7305050007,20260813,4,009150,삼성전기,49,1.92,1503000
KR7305050007,20260813,5,373220,엘지에너지솔루션,152,1.6,365500
KR7305050007,20260813,6,005380,현대자동차,133,1.6,418500
KR7305050007,20260813,7,207940,삼성바이오로직스,30,1.37,1564000
KR7305050007,20260813,8,032830,삼성생명보험,130,1.16,291500
KR7305050007,20260813,9,012450,한화에어로스페이스,34,1.16,1185000
KR7305050007,20260813,10,105560,KB금융지주,230,1.12,168100
KR7469170005,20260813,1,047050,포스코인터내셔널,1367,26.88,54300
KR7469170005,20260813,2,005490,포스코홀딩스,222,25.43,325500
KR7469170005,20260813,3,003670,포스코퓨처엠,430,24.25,165900
KR7469170005,20260813,4,022100,포스코디엑스,1790,13.37,21800
KR7469170005,20260813,5,009520,포스코엠텍,728,3.17,12300
KR7469170005,20260813,6,058430,포스코스틸리온,920,1.54,4730
KR7469170005,20260813,7,028050,삼성이앤에이,87,1.51,49000
KR7469170005,20260813,8,001120,LX인터내셔널,99,1.32,37600
KR7469170005,20260813,9,373220,엘지에너지솔루션,10,1.26,365500
KR7469170005,20260813,10,004020,현대제철,124,1.25,28800
KR7491220000,20260813,1,005930,삼성전자,8221,34.23,268000
KR7491220000,20260813,2,000660,에스케이하이닉스,1001,24.53,1593000
KR7491220000,20260813,3,402340,SK스퀘어,162,2.7,1117000
KR7491220000,20260813,4,009150,삼성전기,98,2.13,1503000
KR7491220000,20260813,5,005380,현대자동차,241,1.61,418500
KR7491220000,20260813,6,105560,KB금융지주,537,1.45,168100
KR7491220000,20260813,7,055550,신한금융지주회사,727,1.23,106600
KR7491220000,20260813,8,012450,한화에어로스페이스,58,1.09,1185000
KR7491220000,20260813,9,034020,두산에너빌리티,764,1,80900
KR7491220000,20260813,10,028260,삼성물산,170,.99,365000
KR7152100004,20260813,1,005930,삼성전자,7033,34.23,268000
KR7152100004,20260813,2,000660,에스케이하이닉스,857,24.55,1593000
KR7152100004,20260813,3,402340,SK스퀘어,139,2.71,1117000
KR7152100004,20260813,4,009150,삼성전기,84,2.14,1503000
KR7152100004,20260813,5,005380,현대자동차,206,1.61,418500
KR7152100004,20260813,6,105560,KB금융지주,459,1.45,168100
KR7152100004,20260813,7,055550,신한금융지주회사,621,1.23,106600
KR7152100004,20260813,8,012450,한화에어로스페이스,49,1.08,1185000
KR7152100004,20260813,9,034020,두산에너빌리티,653,1,80900
KR7152100004,20260813,10,028260,삼성물산,146,.99,365000
KR70203D0004,20260813,1,005930,삼성전자,602,34.17,268000
KR70203D0004,20260813,2,000660,에스케이하이닉스,73,24.39,1593000
KR70203D0004,20260813,3,402340,SK스퀘어,12,2.73,1117000
KR70203D0004,20260813,4,009150,삼성전기,7,2.08,1503000
KR70203D0004,20260813,5,005380,현대자동차,18,1.64,418500
KR70203D0004,20260813,6,105560,KB금융지주,39,1.44,168100
KR70203D0004,20260813,7,055550,신한금융지주회사,53,1.22,106600
KR70203D0004,20260813,8,012450,한화에어로스페이스,4,1.03,1185000
KR70203D0004,20260813,9,034020,두산에너빌리티,56,1,80900
KR70203D0004,20260813,10,028260,삼성물산,12,.95,365000
KR70210E0004,20260813,1,005930,삼성전자,961,34.18,268000
KR70210E0004,20260813,2,000660,에스케이하이닉스,117,24.5,1593000
KR70210E0004,20260813,3,402340,SK스퀘어,19,2.71,1117000
KR70210E0004,20260813,4,009150,삼성전기,12,2.23,1503000
KR70210E0004,20260813,5,005380,현대자동차,28,1.6,418500
KR70210E0004,20260813,6,105560,KB금융지주,63,1.46,168100
KR70210E0004,20260813,7,055550,신한금융지주회사,85,1.23,106600
KR70210E0004,20260813,8,012450,한화에어로스페이스,7,1.13,1185000
KR70210E0004,20260813,9,028260,삼성물산,20,1,365000
KR70210E0004,20260813,10,034020,두산에너빌리티,89,1,80900
KR7395750003,20260813,1,005930,삼성전자,1017,26.33,268000
KR7395750003,20260813,2,000660,에스케이하이닉스,105,16,1593000
KR7395750003,20260813,3,055550,신한금융지주회사,236,2.48,106600
KR7395750003,20260813,4,105560,KB금융지주,147,2.47,168100
KR7395750003,20260813,5,006260,LS,71,2.42,326000
KR7395750003,20260813,6,402340,SK스퀘어,23,2.39,1117000
KR7395750003,20260813,7,005380,현대자동차,56,2.32,418500
KR7395750003,20260813,8,010060,OCI홀딩스,85,2.2,278000
KR7395750003,20260813,9,012330,현대모비스,43,2.17,511000
KR7395750003,20260813,10,298040,효성중공업,7,2.05,3017000
KR7395760002,20260813,1,005930,삼성전자,1139,28.46,268000
KR7395760002,20260813,2,000660,에스케이하이닉스,89,13.09,1593000
KR7395760002,20260813,3,402340,SK스퀘어,42,4.21,1117000
KR7395760002,20260813,4,009150,삼성전기,24,3.13,1503000
KR7395760002,20260813,5,034020,두산에너빌리티,327,2.57,80900
KR7395760002,20260813,6,278470,에이피알,61,2.37,399500
KR7395760002,20260813,7,196170,알테오젠,69,2.14,317500
KR7395760002,20260813,8,035420,네이버,88,1.85,226500
KR7395760002,20260813,9,039030,이오테크닉스,45,1.7,378500
KR7395760002,20260813,10,052690,한국전력기술,166,1.61,99800
KR7227830007,20260813,1,005930,삼성전자,3811,28.65,268000
KR7227830007,20260813,2,000660,에스케이하이닉스,465,20.58,1593000
KR7227830007,20260813,3,402340,SK스퀘어,86,2.59,1117000
KR7227830007,20260813,4,009150,삼성전기,49,1.92,1503000
KR7227830007,20260813,5,373220,엘지에너지솔루션,153,1.61,365500
KR7227830007,20260813,6,005380,현대자동차,133,1.6,418500
KR7227830007,20260813,7,207940,삼성바이오로직스,30,1.37,1564000
KR7227830007,20260813,8,105560,KB금융지주,243,1.19,168100
KR7227830007,20260813,9,032830,삼성생명보험,130,1.16,291500
KR7227830007,20260813,10,012450,한화에어로스페이스,34,1.16,1185000
KR7122090004,20260813,1,005930,삼성전자,2835,31.25,268000
KR7122090004,20260813,2,000660,에스케이하이닉스,476,30.89,1593000
KR7122090004,20260813,3,402340,SK스퀘어,77,3.4,1117000
KR7122090004,20260813,4,009150,삼성전기,47,2.71,1503000
KR7122090004,20260813,5,005380,현대자동차,114,2.01,418500
KR7122090004,20260813,6,105560,KB금융지주,255,1.83,168100
KR7122090004,20260813,7,055550,신한금융지주회사,345,1.55,106600
KR7122090004,20260813,8,012450,한화에어로스페이스,27,1.35,1185000
KR7122090004,20260813,9,034020,두산에너빌리티,363,1.26,80900
KR7122090004,20260813,10,028260,삼성물산,81,1.25,365000
KR7429740004,20260813,1,395400,에스케이위탁관리부동산투자회사,7511,13.68,5720
KR7429740004,20260813,2,365550,이에스알켄달스퀘어위탁관리부동산투자회사,11971,12.5,3145
KR7429740004,20260813,3,330590,롯데위탁관리부동산투자회사,9746,11.92,3870
KR7429740004,20260813,4,293940,신한알파위탁관리부동산투자회사,6354,10.72,5240
KR7429740004,20260813,5,451800,한화위탁관리부동산투자회사,5941,10.19,5420
KR7429740004,20260813,6,357120,코람코라이프인프라위탁관리부동산투자회사,6313,8.73,4320
KR7429740004,20260813,7,417310,코람코더원위탁관리부동산투자회사,2096,7.3,10920
KR7429740004,20260813,8,448730,삼성에프엔위탁관리부동산투자회사,3543,6.11,5400
KR7429740004,20260813,9,348950,제이알글로벌위탁관리부동산투자회사,11682,4.41,1182
KR7429740004,20260813,10,0030R0,대신밸류리츠위탁관리부동산투자회사,3102,3.87,3940
KR70090B0002,20260813,1,077970,STX엔진,2063,16.05,28550
KR70090B0002,20260813,2,003570,에스앤티다이내믹스,1801,16.01,32000
KR70090B0002,20260813,3,484870,엠앤씨솔루션,3271,15.57,18320
KR70090B0002,20260813,4,010820,퍼스텍,7244,12.82,6470
KR70090B0002,20260813,5,484590,삼양컴텍,6004,10.89,6760
KR70090B0002,20260813,6,218410,알에프에이치아이씨,533,7.89,54300
KR70090B0002,20260813,7,214430,아이쓰리시스템,346,6.87,73800
KR70090B0002,20260813,8,274090,켄코아에어로스페이스,1891,5.9,11740
KR70090B0002,20260813,9,103140,풍산,224,5.04,84000
KR70090B0002,20260813,10,289930,웨이비스,1461,2.96,7380
KR7449450006,20260813,1,012450,한화에어로스페이스,237,23.99,1185000
KR7449450006,20260813,2,042660,한화오션,2295,18.11,90700
KR7449450006,20260813,3,079550,엘아이지디펜스앤에어로스페이스,228,15.73,837000
KR7449450006,20260813,4,064350,현대로템,1222,15.67,147600
KR7449450006,20260813,5,047810,한국항공우주산업,1191,15.03,151200
KR7449450006,20260813,6,272210,한화시스템,1218,8.06,79600
KR7449450006,20260813,7,103140,풍산,295,2.12,84000
KR7449450006,20260813,8,077970,STX엔진,259,.64,28550
KR7449450006,20260813,9,003570,에스앤티다이내믹스,164,.47,32000
KR7449450006,20260813,10,484870,엠앤씨솔루션,117,.18,18320
KR70166S0002,20260813,1,000660,에스케이하이닉스,84,24.07,1593000
KR70166S0002,20260813,2,005930,삼성전자,486,23.66,268000
KR70166S0002,20260813,3,005935,삼성전자1우,174,6.17,187800
KR70166S0002,20260813,4,006400,삼성SDI,49,4.53,487000
KR70166S0002,20260813,5,006260,LS,65,4.17,326000
KR70166S0002,20260813,6,042660,한화오션,214,3.67,90700
KR70166S0002,20260813,7,402340,SK스퀘어,16,3.12,1117000
KR70166S0002,20260813,8,000150,두산,13,3.11,1262000
KR70166S0002,20260813,9,373220,엘지에너지솔루션,44,3.01,365500
KR70166S0002,20260813,10,034020,두산에너빌리티,175,2.68,80900
KR7251590006,20260813,1,122900,아이마켓코리아,3204,2.99,7870
KR7251590006,20260813,2,089860,롯데렌탈(주),567,2.91,42500
KR7251590006,20260813,3,123890,한국자산신탁,10836,2.9,2285
KR7251590006,20260813,4,033780,케이티앤지,139,2.88,173800
KR7251590006,20260813,5,316140,우리금융지주,736,2.84,33300
KR7251590006,20260813,6,002960,한국쉘석유,47,2.82,506000
KR7251590006,20260813,7,030000,제일기획,1276,2.82,18710
KR7251590006,20260813,8,214320,이노션,1206,2.71,19060
KR7251590006,20260813,9,024110,중소기업은행,1150,2.71,20000
KR7251590006,20260813,10,344820,케이씨씨글라스,925,2.71,24500
KR7161510003,20260813,1,005830,디비손해보험,253,5.42,166600
KR7161510003,20260813,2,316140,우리금융지주,1217,5.41,33300
KR7161510003,20260813,3,024110,중소기업은행,1917,5.2,20000
KR7161510003,20260813,4,078930,지에스,362,4.93,107400
KR7161510003,20260813,5,005940,NH투자증권,1279,4.92,28350
KR7161510003,20260813,6,029780,삼성카드,723,4.59,46900
KR7161510003,20260813,7,086790,하나금융지주,263,4.53,131000
KR7161510003,20260813,8,030000,제일기획,1749,4.45,18710
KR7161510003,20260813,9,000270,기아,243,4.44,137400
KR7161510003,20260813,10,030200,케이티,575,4.08,52500
KR70018C0000,20260813,1,316140,우리금융지주,816,5.41,33300
KR70018C0000,20260813,2,005830,디비손해보험,169,5.4,166600
KR70018C0000,20260813,3,024110,중소기업은행,1285,5.2,20000
KR70018C0000,20260813,4,078930,지에스,243,4.93,107400
KR70018C0000,20260813,5,005940,NH투자증권,857,4.92,28350
KR70018C0000,20260813,6,029780,삼성카드,485,4.59,46900
KR70018C0000,20260813,7,086790,하나금융지주,177,4.55,131000
KR70018C0000,20260813,8,030000,제일기획,1172,4.45,18710
KR70018C0000,20260813,9,000270,기아,163,4.44,137400
KR70018C0000,20260813,10,030200,케이티,385,4.08,52500
KR7489030007,20260813,1,005830,디비손해보험,102,5.43,166600
KR7489030007,20260813,2,316140,우리금융지주,490,5.41,33300
KR7489030007,20260813,3,024110,중소기업은행,773,5.21,20000
KR7489030007,20260813,4,078930,지에스,146,4.93,107400
KR7489030007,20260813,5,005940,NH투자증권,516,4.93,28350
KR7489030007,20260813,6,029780,삼성카드,291,4.59,46900
KR7489030007,20260813,7,086790,하나금융지주,106,4.54,131000
KR7489030007,20260813,8,030000,제일기획,705,4.46,18710
KR7489030007,20260813,9,000270,기아,98,4.45,137400
KR7489030007,20260813,10,030200,케이티,232,4.09,52500
KR7251600003,20260813,1,316140,우리금융지주,1066,5.41,33300
KR7251600003,20260813,2,005830,디비손해보험,221,5.4,166600
KR7251600003,20260813,3,024110,중소기업은행,1679,5.2,20000
KR7251600003,20260813,4,078930,지에스,317,4.92,107400
KR7251600003,20260813,5,005940,NH투자증권,1121,4.92,28350
KR7251600003,20260813,6,029780,삼성카드,633,4.58,46900
KR7251600003,20260813,7,086790,하나금융지주,231,4.54,131000
KR7251600003,20260813,8,030000,제일기획,1531,4.45,18710
KR7251600003,20260813,9,000270,기아,213,4.44,137400
KR7251600003,20260813,10,030200,케이티,503,4.08,52500
KR70193K0007,20260813,1,005930,삼성전자,923,100,268000
KR7238670004,20260813,1,008930,한미사이언스,451,4.91,44350
KR7238670004,20260813,2,282330,비지에프리테일(신설),133,4.81,142700
KR7238670004,20260813,3,073240,금호타이어,2400,4.43,8140
KR7238670004,20260813,4,028670,팬오션,3041,4.39,5630
KR7238670004,20260813,5,271560,오리온,127,4.2,131800
KR7238670004,20260813,6,069260,티케이지휴켐스,1044,4.19,16060
KR7238670004,20260813,7,071320,한국지역난방공사,213,3.98,74600
KR7238670004,20260813,8,036570,엔씨,64,3.92,243500
KR7238670004,20260813,9,012450,한화에어로스페이스,13,3.74,1185000
KR7238670004,20260813,10,005300,롯데칠성음료,147,3.65,99000
KR7421320003,20260813,1,047810,한국항공우주산업,1415,13.5,151200
KR7421320003,20260813,2,012450,한화에어로스페이스,166,12.71,1185000
KR7421320003,20260813,3,079550,엘아이지디펜스앤에어로스페이스,243,12.68,837000
KR7421320003,20260813,4,347700,스피어코퍼레이션,5797,10.21,25950
KR7421320003,20260813,5,272210,한화시스템,1992,9.97,79600
KR7421320003,20260813,6,189300,인텔리안테크놀로지스,1714,8.69,77600
KR7421320003,20260813,7,295310,에이치브이엠,2252,8.23,53500
KR7421320003,20260813,8,099320,쎄트렉아이,1316,7.16,81900
KR7421320003,20260813,9,368770,파이버프로,5775,5.06,13760
KR7421320003,20260813,10,462350,이노스페이스,7120,3.8,8550
KR70098N0000,20260813,1,138040,메리츠금융지주,307,5.75,118600
KR70098N0000,20260813,2,011200,에이치엠엠,1647,5.53,21050
KR70098N0000,20260813,3,105560,KB금융지주,196,5.12,168100
KR70098N0000,20260813,4,055550,신한금융지주회사,306,5,106600
KR70098N0000,20260813,5,081660,미스토홀딩스,719,4.85,42900
KR70098N0000,20260813,6,086790,하나금융지주,236,4.75,131000
KR70098N0000,20260813,7,316140,우리금융지주,855,4.44,33300
KR70098N0000,20260813,8,175330,JB금융지주,977,4.3,29350
KR70098N0000,20260813,9,033780,케이티앤지,152,4.24,173800
KR70098N0000,20260813,10,030200,케이티,469,3.89,52500
KR7280920000,20260813,1,005930,삼성전자,905,19.86,268000
KR7280920000,20260813,2,009150,삼성전기,90,10.32,1503000
KR7280920000,20260813,3,005380,현대자동차,219,7.7,418500
KR7280920000,20260813,4,012450,한화에어로스페이스,56,5.56,1185000
KR7280920000,20260813,5,034020,두산에너빌리티,705,4.86,80900
KR7280920000,20260813,6,028260,삼성물산,157,4.82,365000
KR7280920000,20260813,7,000270,기아,398,4.63,137400
KR7280920000,20260813,8,012330,현대모비스,97,4.15,511000
KR7280920000,20260813,9,006400,삼성SDI,97,4.04,487000
KR7280920000,20260813,10,032830,삼성생명보험,138,3.59,291500
KR7266550003,20260813,1,161890,한국콜마,239,3.4,135200
KR7266550003,20260813,2,051900,LG생활건강,91,3.07,303500
KR7266550003,20260813,3,271560,오리온,204,2.91,131800
KR7266550003,20260813,4,003690,코리안리재보험,1859,2.88,14670
KR7266550003,20260813,5,035250,강원랜드,1837,2.87,14340
KR7266550003,20260813,6,030000,제일기획,1396,2.84,18710
KR7266550003,20260813,7,097950,씨제이제일제당,141,2.83,182500
KR7266550003,20260813,8,139130,아이엠금융지주,1554,2.81,16970
KR7266550003,20260813,9,012750,에스원,337,2.79,78100
KR7266550003,20260813,10,001450,현대해상화재보험,611,2.74,42950
KR7495040008,20260813,1,000660,에스케이하이닉스,183,17.9,1593000
KR7495040008,20260813,2,005930,삼성전자,1014,16.85,268000
KR7495040008,20260813,3,402340,SK스퀘어,122,8.12,1117000
KR7495040008,20260813,4,005380,현대자동차,181,4.82,418500
KR7495040008,20260813,5,105560,KB금융지주,403,4.35,168100
KR7495040008,20260813,6,055550,신한금융지주회사,540,3.65,106600
KR7495040008,20260813,7,012450,한화에어로스페이스,43,3.23,1185000
KR7495040008,20260813,8,000270,기아,324,2.86,137400
KR7495040008,20260813,9,086790,하나금융지주,330,2.75,131000
KR7495040008,20260813,10,012330,현대모비스,83,2.69,511000
KR70166N0007,20260813,1,393890,더블유씨피,3134,7.5,9260
KR70166N0007,20260813,2,178320,서진시스템,747,7.38,36950
KR70166N0007,20260813,3,458870,씨어스,1020,6.87,24200
KR70166N0007,20260813,4,089970,브이엠,183,3.32,68500
KR70166N0007,20260813,5,064850,에프앤가이드,680,3.28,18330
KR70166N0007,20260813,6,107640,한중엔시에스,335,3.24,36650
KR70166N0007,20260813,7,319660,피에스케이,88,3.1,134600
KR70166N0007,20260813,8,095610,테스,79,3.06,145000
KR70166N0007,20260813,9,031980,피에스케이홀딩스,102,2.93,105200
KR70166N0007,20260813,10,240810,원익아이피에스,95,2.81,120000
KR7301400008,20260813,1,196170,알테오젠,223,9.52,317500
KR7301400008,20260813,2,086520,에코프로,412,5.06,92100
KR7301400008,20260813,3,247540,에코프로비엠,227,3.49,114500
KR7301400008,20260813,4,036930,주성엔지니어링,131,3.06,179300
KR7301400008,20260813,5,028300,에이치엘비,494,2.76,42750
KR7301400008,20260813,6,087010,펩트론,90,2.26,196700
KR7301400008,20260813,7,277810,레인보우로보틱스,33,2.17,497000
KR7301400008,20260813,8,240810,원익아이피에스,139,2.08,120000
KR7301400008,20260813,9,298380,에이비엘바이오,175,2.04,86800
KR7301400008,20260813,10,058470,리노공업,209,2.01,71300
KR7328370002,20260813,1,005930,삼성전자,2057,28.51,268000
KR7328370002,20260813,2,000660,에스케이하이닉스,253,20.64,1593000
KR7328370002,20260813,3,402340,SK스퀘어,47,2.61,1117000
KR7328370002,20260813,4,009150,삼성전기,27,1.96,1503000
KR7328370002,20260813,5,005380,현대자동차,73,1.62,418500
KR7328370002,20260813,6,373220,엘지에너지솔루션,83,1.61,365500
KR7328370002,20260813,7,207940,삼성바이오로직스,17,1.43,1564000
KR7328370002,20260813,8,012450,한화에어로스페이스,19,1.19,1185000
KR7328370002,20260813,9,105560,KB금융지주,130,1.17,168100
KR7328370002,20260813,10,028260,삼성물산,60,1.16,365000
KR7457990000,20260813,1,009830,한화솔루션,13528,25.89,36550
KR7457990000,20260813,2,010060,OCI홀딩스,1351,18.54,278000
KR7457990000,20260813,3,322000,에이치디현대에너지솔루션,1878,12.23,124200
KR7457990000,20260813,4,006400,삼성SDI,384,9.99,487000
KR7457990000,20260813,5,373220,엘지에너지솔루션,446,8.57,365500
KR7457990000,20260813,6,010120,엘에스일렉트릭,657,7.34,214000
KR7457990000,20260813,7,475150,에스케이이터닉스,2362,6.67,57100
KR7457990000,20260813,8,281740,레이크머티리얼즈,6101,4.34,13250
KR7457990000,20260813,9,247540,에코프로비엠,559,3.43,114500
KR7457990000,20260813,10,003670,포스코퓨처엠,350,3,165900
KR70000J0003,20260813,1,012450,한화에어로스페이스,300,25.66,1185000
KR70000J0003,20260813,2,042660,한화오션,2907,19.38,90700
KR70000J0003,20260813,3,272210,한화시스템,3063,17.13,79600
KR70000J0003,20260813,4,009830,한화솔루션,6028,15.92,36550
KR70000J0003,20260813,5,082740,한화엔진 주식회사,2350,7.86,48250
KR70000J0003,20260813,6,489790,한화비전,1422,5.58,54200
KR70000J0003,20260813,7,088350,한화생명보험,15193,5.28,5030
KR70000J0003,20260813,8,003530,한화투자증권,4577,1.58,4630
KR70000J0003,20260813,9,000370,한화손해보험,2241,1.03,6410
KR70000J0003,20260813,10,452260,한화갤러리아,3722,.57,2100
KR70184V0005,20260813,1,475830,오름테라퓨틱,443,8.85,66900
KR70184V0005,20260813,2,456160,지투지바이오,643,8.14,42600
KR70184V0005,20260813,3,298380,에이비엘바이오,306,8.05,86800
KR70184V0005,20260813,4,196170,알테오젠,79,7.6,317500
KR70184V0005,20260813,5,226950,올릭스,214,7.36,112500
KR70184V0005,20260813,6,141080,리가켐 바이오사이언스,210,7.33,114400
KR70184V0005,20260813,7,310210,보로노이,133,7.05,180700
KR70184V0005,20260813,8,347850,디앤디파마텍,380,6.97,61700
KR70184V0005,20260813,9,321550,티움바이오,4673,6.89,4860
KR70184V0005,20260813,10,237690,에스티팜,191,6.2,107600
KR7433250008,20260813,1,000660,에스케이하이닉스,143,20.3,1593000
KR7433250008,20260813,2,005930,삼성전자,753,18.16,268000
KR7433250008,20260813,3,012450,한화에어로스페이스,74,8.07,1185000
KR7433250008,20260813,4,012330,현대모비스,101,4.75,511000
KR7433250008,20260813,5,035420,네이버,219,4.45,226500
KR7433250008,20260813,6,005380,현대자동차,110,4.25,418500
KR7433250008,20260813,7,009150,삼성전기,28,3.53,1503000
KR7433250008,20260813,8,035720,카카오,739,2.76,40100
KR7433250008,20260813,9,006400,삼성SDI,59,2.7,487000
KR7433250008,20260813,10,011070,LG이노텍,46,2.62,615000
KR7494220007,20260813,1,000660,에스케이하이닉스,299,20.55,1593000
KR7494220007,20260813,2,402340,SK스퀘어,418,19.56,1117000
KR7494220007,20260813,3,252990,샘씨엔에스,7076,4.86,15480
KR7494220007,20260813,4,009150,삼성전기,71,4.33,1503000
KR7494220007,20260813,5,011070,LG이노텍,151,4.17,615000
KR7494220007,20260813,6,064760,티씨케이,379,3.97,227000
KR7494220007,20260813,7,031980,피에스케이홀딩스,798,3.94,105200
KR7494220007,20260813,8,319660,피에스케이,600,3.64,134600
KR7494220007,20260813,9,003160,디아이,2964,3.39,26000
KR7494220007,20260813,10,222800,심텍,708,3.38,105800
KR7470310004,20260813,1,181710,엔에이치엔,1822,12.88,66700
KR7470310004,20260813,2,018260,삼성에스디에스,381,10.34,237000
KR7470310004,20260813,3,035420,네이버,401,9.96,226500
KR7470310004,20260813,4,064400,엘지씨엔에스,1110,9.89,78400
KR7470310004,20260813,5,035720,카카오,2166,9.88,40100
KR7470310004,20260813,6,066570,LG전자,405,9.57,206500
KR7470310004,20260813,7,328130,루닛,7515,9.3,10520
KR7470310004,20260813,8,030520,한컴,2358,5.08,18310
KR7470310004,20260813,9,108860,셀바스에이아이,3566,4.36,10160
KR7470310004,20260813,10,304100,솔트룩스,1700,3.47,17050
KR7476000005,20260813,1,439960,코스모로보틱스,2039,12.37,16520
KR7476000005,20260813,2,458870,씨어스,1161,10.53,24200
KR7476000005,20260813,3,477850,마키나락스,896,9.59,28600
KR7476000005,20260813,4,0017J0,세미티에스,8534,9.53,3240
KR7476000005,20260813,5,0011A0,액스비스,2327,8.07,9530
KR7476000005,20260813,6,394420,리센스메디컬,1906,7.43,11620
KR7476000005,20260813,7,0082N0,카나프테라퓨틱스,1119,6.23,15260
KR7476000005,20260813,8,279570,케이뱅크,2700,5.39,5710
KR7476000005,20260813,9,493280,아이엠바이오로직스,750,5.12,18840
KR7476000005,20260813,10,0088M0,메쥬,980,4.5,12850
KR7491700001,20260813,1,005930,삼성전자,6928,34.25,268000
KR7491700001,20260813,2,000660,에스케이하이닉스,844,24.56,1593000
KR7491700001,20260813,3,402340,SK스퀘어,136,2.69,1117000
KR7491700001,20260813,4,009150,삼성전기,83,2.14,1503000
KR7491700001,20260813,5,005380,현대자동차,202,1.6,418500
KR7491700001,20260813,6,105560,KB금융지주,448,1.44,168100
KR7491700001,20260813,7,055550,신한금융지주회사,610,1.23,106600
KR7491700001,20260813,8,012450,한화에어로스페이스,49,1.1,1185000
KR7491700001,20260813,9,034020,두산에너빌리티,642,1,80900
KR7491700001,20260813,10,028260,삼성물산,144,1,365000
KR7215620006,20260813,1,451800,한화위탁관리부동산투자회사,2976,3.3,5420
KR7215620006,20260813,2,089860,롯데렌탈(주),358,3.25,42500
KR7215620006,20260813,3,293940,신한알파위탁관리부동산투자회사,2726,2.97,5240
KR7215620006,20260813,4,000080,하이트진로,934,2.97,15370
KR7215620006,20260813,5,214320,이노션,738,2.93,19060
KR7215620006,20260813,6,020560,아시아나항공,1819,2.7,7050
KR7215620006,20260813,7,007310,오뚜기,40,2.68,326500
KR7215620006,20260813,8,395400,에스케이위탁관리부동산투자회사,2184,2.57,5720
KR7215620006,20260813,9,051900,LG생활건강,38,2.46,303500
KR7215620006,20260813,10,344820,케이씨씨글라스,469,2.42,24500
KR7391670007,20260813,1,005930,삼성전자,1555,29.58,268000
KR7391670007,20260813,2,000660,에스케이하이닉스,209,23.4,1593000
KR7391670007,20260813,3,096770,SK이노베이션,1022,9.31,121700
KR7391670007,20260813,4,034730,SK,188,7.63,553000
KR7391670007,20260813,5,017670,SK텔레콤,1151,7.52,91100
KR7391670007,20260813,6,010950,S-OIL,683,7.19,140900
KR7391670007,20260813,7,000990,DB 하이텍,707,5.01,99700
KR7391670007,20260813,8,028260,삼성물산,145,3.86,365000
KR7391670007,20260813,9,402340,SK스퀘어,39,2.97,1117000
KR7391670007,20260813,10,035420,네이버,118,1.89,226500
