ISIN,기준일,섹터코드,섹터명,ETF비중,시장비중,시장대비,종목명_세이브로
KR70193M0005,,FGSC.10,에너지,,,,
KR70193M0005,,FGSC.15,소재,,,,
KR70193M0005,,FGSC.20,산업재,,,,
KR70193M0005,,FGSC.25,경기소비재,,,,
KR70193M0005,,FGSC.30,필수소비재,,,,
KR70193M0005,,FGSC.35,의료,,,,
KR70193M0005,,FGSC.40,금융,,,,
KR70193M0005,,FGSC.45,IT,,,,
KR70193M0005,,FGSC.50,통신서비스,,,,
KR70193M0005,,FGSC.55,유틸리티,,,,
KR7466810009,20260813,FGSC.10,에너지,11.2745,2,9.27,BNK BNK2차전지양극재증권상장지수투자신탁(주식)
KR7466810009,20260813,FGSC.15,소재,41.8214,2.8,39.02,BNK BNK2차전지양극재증권상장지수투자신탁(주식)
KR7466810009,,FGSC.20,산업재,,,,
KR7466810009,,FGSC.25,경기소비재,,,,
KR7466810009,,FGSC.30,필수소비재,,,,
KR7466810009,,FGSC.35,의료,,,,
KR7466810009,,FGSC.40,금융,,,,
KR7466810009,20260813,FGSC.45,IT,46.9043,59.71,-12.81,BNK BNK2차전지양극재증권상장지수투자신탁(주식)
KR7466810009,,FGSC.50,통신서비스,,,,
KR7466810009,,FGSC.55,유틸리티,,,,
KR7457930006,20260813,FGSC.10,에너지,.9819,2,-1.02,BNK BNK미래전략기술액티브 증권상장지수투자신탁(주식)
KR7457930006,20260813,FGSC.15,소재,1.7111,2.8,-1.09,BNK BNK미래전략기술액티브 증권상장지수투자신탁(주식)
KR7457930006,20260813,FGSC.20,산업재,23.3815,13.59,9.79,BNK BNK미래전략기술액티브 증권상장지수투자신탁(주식)
KR7457930006,20260813,FGSC.25,경기소비재,13.3698,6.12,7.25,BNK BNK미래전략기술액티브 증권상장지수투자신탁(주식)
KR7457930006,,FGSC.30,필수소비재,,,,
KR7457930006,20260813,FGSC.35,의료,12.6004,5.15,7.45,BNK BNK미래전략기술액티브 증권상장지수투자신탁(주식)
KR7457930006,,FGSC.40,금융,,,,
KR7457930006,20260813,FGSC.45,IT,41.8963,59.71,-17.81,BNK BNK미래전략기술액티브 증권상장지수투자신탁(주식)
KR7457930006,20260813,FGSC.50,통신서비스,6.0592,.66,5.4,BNK BNK미래전략기술액티브 증권상장지수투자신탁(주식)
KR7457930006,,FGSC.55,유틸리티,,,,
KR70218K0008,,FGSC.10,에너지,,,,
KR70218K0008,,FGSC.15,소재,,,,
KR70218K0008,20260813,FGSC.20,산업재,2.3098,13.59,-11.28,BNK BNK 스마트카증권상장지수투자신탁(주식)
KR70218K0008,20260813,FGSC.25,경기소비재,60.1583,6.12,54.04,BNK BNK 스마트카증권상장지수투자신탁(주식)
KR70218K0008,,FGSC.30,필수소비재,,,,
KR70218K0008,,FGSC.35,의료,,,,
KR70218K0008,,FGSC.40,금융,,,,
KR70218K0008,20260813,FGSC.45,IT,37.5319,59.71,-22.18,BNK BNK 스마트카증권상장지수투자신탁(주식)
KR70218K0008,,FGSC.50,통신서비스,,,,
KR70218K0008,,FGSC.55,유틸리티,,,,
KR7487750002,,FGSC.10,에너지,,,,
KR7487750002,,FGSC.15,소재,,,,
KR7487750002,,FGSC.20,산업재,,,,
KR7487750002,,FGSC.25,경기소비재,,,,
KR7487750002,,FGSC.30,필수소비재,,,,
KR7487750002,,FGSC.35,의료,,,,
KR7487750002,,FGSC.40,금융,,,,
KR7487750002,20260813,FGSC.45,IT,100,59.71,40.29,BNK BNK온디바이스AI증권상장지수투자신탁(주식)
KR7487750002,,FGSC.50,통신서비스,,,,
KR7487750002,,FGSC.55,유틸리티,,,,
KR7445690001,20260813,FGSC.10,에너지,1.4065,2,-.6,BNK BNK주주가치액티브 증권상장지수투자신탁(주식)
KR7445690001,20260813,FGSC.15,소재,3.715,2.8,.91,BNK BNK주주가치액티브 증권상장지수투자신탁(주식)
KR7445690001,20260813,FGSC.20,산업재,11.7873,13.59,-1.8,BNK BNK주주가치액티브 증권상장지수투자신탁(주식)
KR7445690001,20260813,FGSC.25,경기소비재,20.4707,6.12,14.36,BNK BNK주주가치액티브 증권상장지수투자신탁(주식)
KR7445690001,20260813,FGSC.30,필수소비재,2.1589,1.91,.25,BNK BNK주주가치액티브 증권상장지수투자신탁(주식)
KR7445690001,20260813,FGSC.35,의료,3.4947,5.15,-1.66,BNK BNK주주가치액티브 증권상장지수투자신탁(주식)
KR7445690001,20260813,FGSC.40,금융,10.9985,7.56,3.44,BNK BNK주주가치액티브 증권상장지수투자신탁(주식)
KR7445690001,20260813,FGSC.45,IT,44.903,59.71,-14.81,BNK BNK주주가치액티브 증권상장지수투자신탁(주식)
KR7445690001,,FGSC.50,통신서비스,,,,
KR7445690001,20260813,FGSC.55,유틸리티,1.0653,.5,.57,BNK BNK주주가치액티브 증권상장지수투자신탁(주식)
KR70120J0008,,FGSC.10,에너지,,,,
KR70120J0008,,FGSC.15,소재,,,,
KR70120J0008,,FGSC.20,산업재,,,,
KR70120J0008,20260813,FGSC.25,경기소비재,16.5274,6.12,10.41,BNK BNK 카카오그룹포커스증권상장지수투자신탁(주식)
KR70120J0008,,FGSC.30,필수소비재,,,,
KR70120J0008,,FGSC.35,의료,,,,
KR70120J0008,20260813,FGSC.40,금융,48.8714,7.56,41.31,BNK BNK 카카오그룹포커스증권상장지수투자신탁(주식)
KR70120J0008,20260813,FGSC.45,IT,34.6013,59.71,-25.11,BNK BNK 카카오그룹포커스증권상장지수투자신탁(주식)
KR70120J0008,,FGSC.50,통신서비스,,,,
KR70120J0008,,FGSC.55,유틸리티,,,,
KR70112X0000,20260813,FGSC.10,에너지,1.3558,2,-.65,DB마이티200TotalReturn증권상장지수투자신탁[주식]
KR70112X0000,20260813,FGSC.15,소재,2.0753,2.8,-.73,DB마이티200TotalReturn증권상장지수투자신탁[주식]
KR70112X0000,20260813,FGSC.20,산업재,10.7676,13.59,-2.82,DB마이티200TotalReturn증권상장지수투자신탁[주식]
KR70112X0000,20260813,FGSC.25,경기소비재,5.2701,6.12,-.85,DB마이티200TotalReturn증권상장지수투자신탁[주식]
KR70112X0000,20260813,FGSC.30,필수소비재,1.5635,1.91,-.34,DB마이티200TotalReturn증권상장지수투자신탁[주식]
KR70112X0000,20260813,FGSC.35,의료,1.975,5.15,-3.18,DB마이티200TotalReturn증권상장지수투자신탁[주식]
KR70112X0000,20260813,FGSC.40,금융,7.7756,7.56,.22,DB마이티200TotalReturn증권상장지수투자신탁[주식]
KR70112X0000,20260813,FGSC.45,IT,67.9961,59.71,8.29,DB마이티200TotalReturn증권상장지수투자신탁[주식]
KR70112X0000,20260813,FGSC.50,통신서비스,.826,.66,.16,DB마이티200TotalReturn증권상장지수투자신탁[주식]
KR70112X0000,20260813,FGSC.55,유틸리티,.3945,.5,-.1,DB마이티200TotalReturn증권상장지수투자신탁[주식]
KR7465780005,,FGSC.10,에너지,,,,
KR7465780005,,FGSC.15,소재,,,,
KR7465780005,,FGSC.20,산업재,,,,
KR7465780005,,FGSC.25,경기소비재,,,,
KR7465780005,,FGSC.30,필수소비재,,,,
KR7465780005,,FGSC.35,의료,,,,
KR7465780005,,FGSC.40,금융,,,,
KR7465780005,,FGSC.45,IT,,,,
KR7465780005,,FGSC.50,통신서비스,,,,
KR7465780005,,FGSC.55,유틸리티,,,,
KR70191M0007,,FGSC.10,에너지,,,,
KR70191M0007,,FGSC.15,소재,,,,
KR70191M0007,,FGSC.20,산업재,,,,
KR70191M0007,,FGSC.25,경기소비재,,,,
KR70191M0007,,FGSC.30,필수소비재,,,,
KR70191M0007,,FGSC.35,의료,,,,
KR70191M0007,,FGSC.40,금융,,,,
KR70191M0007,,FGSC.45,IT,,,,
KR70191M0007,,FGSC.50,통신서비스,,,,
KR70191M0007,,FGSC.55,유틸리티,,,,
KR70222F0009,20260813,FGSC.10,에너지,1.9781,2,-.02,DB마이티AI데이터센터밸류체인증권상장지수투자신탁[주식]
KR70222F0009,,FGSC.15,소재,,,,
KR70222F0009,20260813,FGSC.20,산업재,32.581,13.59,18.99,DB마이티AI데이터센터밸류체인증권상장지수투자신탁[주식]
KR70222F0009,20260813,FGSC.25,경기소비재,7.9968,6.12,1.88,DB마이티AI데이터센터밸류체인증권상장지수투자신탁[주식]
KR70222F0009,,FGSC.30,필수소비재,,,,
KR70222F0009,,FGSC.35,의료,,,,
KR70222F0009,,FGSC.40,금융,,,,
KR70222F0009,20260813,FGSC.45,IT,52.6073,59.71,-7.1,DB마이티AI데이터센터밸류체인증권상장지수투자신탁[주식]
KR70222F0009,20260813,FGSC.50,통신서비스,4.8369,.66,4.17,DB마이티AI데이터센터밸류체인증권상장지수투자신탁[주식]
KR70222F0009,,FGSC.55,유틸리티,,,,
KR7442260006,20260813,FGSC.10,에너지,2.4682,2,.47,DB마이티다이나믹퀀트액티브증권상장지수투자신탁[주식]
KR7442260006,20260813,FGSC.15,소재,2.549,2.8,-.25,DB마이티다이나믹퀀트액티브증권상장지수투자신탁[주식]
KR7442260006,20260813,FGSC.20,산업재,7.3198,13.59,-6.27,DB마이티다이나믹퀀트액티브증권상장지수투자신탁[주식]
KR7442260006,20260813,FGSC.25,경기소비재,5.2674,6.12,-.85,DB마이티다이나믹퀀트액티브증권상장지수투자신탁[주식]
KR7442260006,20260813,FGSC.30,필수소비재,.3059,1.91,-1.6,DB마이티다이나믹퀀트액티브증권상장지수투자신탁[주식]
KR7442260006,20260813,FGSC.35,의료,.6151,5.15,-4.54,DB마이티다이나믹퀀트액티브증권상장지수투자신탁[주식]
KR7442260006,20260813,FGSC.40,금융,6.6281,7.56,-.93,DB마이티다이나믹퀀트액티브증권상장지수투자신탁[주식]
KR7442260006,20260813,FGSC.45,IT,56.3398,59.71,-3.37,DB마이티다이나믹퀀트액티브증권상장지수투자신탁[주식]
KR7442260006,,FGSC.50,통신서비스,,,,
KR7442260006,20260813,FGSC.55,유틸리티,1.1888,.5,.69,DB마이티다이나믹퀀트액티브증권상장지수투자신탁[주식]
KR70001P0004,,FGSC.10,에너지,,,,
KR70001P0004,,FGSC.15,소재,,,,
KR70001P0004,,FGSC.20,산업재,,,,
KR70001P0004,,FGSC.25,경기소비재,,,,
KR70001P0004,,FGSC.30,필수소비재,,,,
KR70001P0004,20260813,FGSC.35,의료,99.9999,5.15,94.85,DB마이티바이오시밀러&CDMO액티브증권상장지수투자신탁[주식]
KR70001P0004,,FGSC.40,금융,,,,
KR70001P0004,,FGSC.45,IT,,,,
KR70001P0004,,FGSC.50,통신서비스,,,,
KR70001P0004,,FGSC.55,유틸리티,,,,
KR7159800002,20260813,FGSC.10,에너지,1.4041,2,-.6,DB마이티K100증권상장지수투자신탁[주식]
KR7159800002,20260813,FGSC.15,소재,1.7688,2.8,-1.03,DB마이티K100증권상장지수투자신탁[주식]
KR7159800002,20260813,FGSC.20,산업재,10.6606,13.59,-2.93,DB마이티K100증권상장지수투자신탁[주식]
KR7159800002,20260813,FGSC.25,경기소비재,5.0452,6.12,-1.07,DB마이티K100증권상장지수투자신탁[주식]
KR7159800002,20260813,FGSC.30,필수소비재,1.2717,1.91,-.64,DB마이티K100증권상장지수투자신탁[주식]
KR7159800002,20260813,FGSC.35,의료,1.986,5.15,-3.17,DB마이티K100증권상장지수투자신탁[주식]
KR7159800002,20260813,FGSC.40,금융,8.103,7.56,.54,DB마이티K100증권상장지수투자신탁[주식]
KR7159800002,20260813,FGSC.45,IT,68.4453,59.71,8.73,DB마이티K100증권상장지수투자신탁[주식]
KR7159800002,20260813,FGSC.50,통신서비스,.9154,.66,.25,DB마이티K100증권상장지수투자신탁[주식]
KR7159800002,20260813,FGSC.55,유틸리티,.3999,.5,-.1,DB마이티K100증권상장지수투자신탁[주식]
KR7472840008,20260813,FGSC.10,에너지,1.3482,2,-.65,IBK IBK 200 증권상장지수투자신탁[주식]
KR7472840008,20260813,FGSC.15,소재,2.1331,2.8,-.67,IBK IBK 200 증권상장지수투자신탁[주식]
KR7472840008,20260813,FGSC.20,산업재,10.7812,13.59,-2.81,IBK IBK 200 증권상장지수투자신탁[주식]
KR7472840008,20260813,FGSC.25,경기소비재,5.2777,6.12,-.84,IBK IBK 200 증권상장지수투자신탁[주식]
KR7472840008,20260813,FGSC.30,필수소비재,1.574,1.91,-.33,IBK IBK 200 증권상장지수투자신탁[주식]
KR7472840008,20260813,FGSC.35,의료,1.9686,5.15,-3.19,IBK IBK 200 증권상장지수투자신탁[주식]
KR7472840008,20260813,FGSC.40,금융,7.7438,7.56,.18,IBK IBK 200 증권상장지수투자신탁[주식]
KR7472840008,20260813,FGSC.45,IT,67.9484,59.71,8.24,IBK IBK 200 증권상장지수투자신탁[주식]
KR7472840008,20260813,FGSC.50,통신서비스,.8296,.66,.17,IBK IBK 200 증권상장지수투자신탁[주식]
KR7472840008,20260813,FGSC.55,유틸리티,.3953,.5,-.1,IBK IBK 200 증권상장지수투자신탁[주식]
KR70005G0001,,FGSC.10,에너지,,,,
KR70005G0001,,FGSC.15,소재,,,,
KR70005G0001,,FGSC.20,산업재,,,,
KR70005G0001,,FGSC.25,경기소비재,,,,
KR70005G0001,,FGSC.30,필수소비재,,,,
KR70005G0001,,FGSC.35,의료,,,,
KR70005G0001,,FGSC.40,금융,,,,
KR70005G0001,20260813,FGSC.45,IT,100,59.71,40.29,IBK IBK K-AI반도체 코어테크 증권상장지수투자신탁[주식]
KR70005G0001,,FGSC.50,통신서비스,,,,
KR70005G0001,,FGSC.55,유틸리티,,,,
KR70178H0001,,FGSC.10,에너지,,,,
KR70178H0001,,FGSC.15,소재,,,,
KR70178H0001,,FGSC.20,산업재,,,,
KR70178H0001,,FGSC.25,경기소비재,,,,
KR70178H0001,,FGSC.30,필수소비재,,,,
KR70178H0001,,FGSC.35,의료,,,,
KR70178H0001,,FGSC.40,금융,,,,
KR70178H0001,,FGSC.45,IT,,,,
KR70178H0001,,FGSC.50,통신서비스,,,,
KR70178H0001,,FGSC.55,유틸리티,,,,
KR70135Y0002,,FGSC.10,에너지,,,,
KR70135Y0002,,FGSC.15,소재,,,,
KR70135Y0002,,FGSC.20,산업재,,,,
KR70135Y0002,,FGSC.25,경기소비재,,,,
KR70135Y0002,,FGSC.30,필수소비재,,,,
KR70135Y0002,,FGSC.35,의료,,,,
KR70135Y0002,,FGSC.40,금융,,,,
KR70135Y0002,,FGSC.45,IT,,,,
KR70135Y0002,,FGSC.50,통신서비스,,,,
KR70135Y0002,,FGSC.55,유틸리티,,,,
KR70221V0000,,FGSC.10,에너지,,,,
KR70221V0000,,FGSC.15,소재,,,,
KR70221V0000,,FGSC.20,산업재,,,,
KR70221V0000,,FGSC.25,경기소비재,,,,
KR70221V0000,,FGSC.30,필수소비재,,,,
KR70221V0000,,FGSC.35,의료,,,,
KR70221V0000,,FGSC.40,금융,,,,
KR70221V0000,,FGSC.45,IT,,,,
KR70221V0000,,FGSC.50,통신서비스,,,,
KR70221V0000,,FGSC.55,유틸리티,,,,
KR70191S0001,20260813,FGSC.10,에너지,.6698,2,-1.33,IBK IBK 코스닥150증권상장지수투자신탁[주식]
KR70191S0001,20260813,FGSC.15,소재,1.4198,2.8,-1.38,IBK IBK 코스닥150증권상장지수투자신탁[주식]
KR70191S0001,20260813,FGSC.20,산업재,10.6714,13.59,-2.92,IBK IBK 코스닥150증권상장지수투자신탁[주식]
KR70191S0001,20260813,FGSC.25,경기소비재,4.4602,6.12,-1.66,IBK IBK 코스닥150증권상장지수투자신탁[주식]
KR70191S0001,20260813,FGSC.30,필수소비재,1.8886,1.91,-.02,IBK IBK 코스닥150증권상장지수투자신탁[주식]
KR70191S0001,20260813,FGSC.35,의료,32.8538,5.15,27.7,IBK IBK 코스닥150증권상장지수투자신탁[주식]
KR70191S0001,20260813,FGSC.40,금융,.6215,7.56,-6.94,IBK IBK 코스닥150증권상장지수투자신탁[주식]
KR70191S0001,20260813,FGSC.45,IT,47.4148,59.71,-12.3,IBK IBK 코스닥150증권상장지수투자신탁[주식]
KR70191S0001,,FGSC.50,통신서비스,,,,
KR70191S0001,,FGSC.55,유틸리티,,,,
KR70208N0007,20260813,FGSC.10,에너지,6.4273,2,4.43,IBK IBK 코스피액티브 증권상장지수투자신탁[주식]
KR70208N0007,20260813,FGSC.15,소재,.6206,2.8,-2.18,IBK IBK 코스피액티브 증권상장지수투자신탁[주식]
KR70208N0007,20260813,FGSC.20,산업재,14.7767,13.59,1.19,IBK IBK 코스피액티브 증권상장지수투자신탁[주식]
KR70208N0007,20260813,FGSC.25,경기소비재,2.028,6.12,-4.09,IBK IBK 코스피액티브 증권상장지수투자신탁[주식]
KR70208N0007,20260813,FGSC.30,필수소비재,2.3864,1.91,.48,IBK IBK 코스피액티브 증권상장지수투자신탁[주식]
KR70208N0007,,FGSC.35,의료,,,,
KR70208N0007,20260813,FGSC.40,금융,7.9238,7.56,.36,IBK IBK 코스피액티브 증권상장지수투자신탁[주식]
KR70208N0007,20260813,FGSC.45,IT,64.8723,59.71,5.16,IBK IBK 코스피액티브 증권상장지수투자신탁[주식]
KR70208N0007,20260813,FGSC.50,통신서비스,.9649,.66,.3,IBK IBK 코스피액티브 증권상장지수투자신탁[주식]
KR70208N0007,,FGSC.55,유틸리티,,,,
KR7361580004,20260813,FGSC.10,에너지,1.3513,2,-.65,KB RISE 200 Total Return 증권 상장지수 투자신탁(주식)
KR7361580004,20260813,FGSC.15,소재,2.0831,2.8,-.72,KB RISE 200 Total Return 증권 상장지수 투자신탁(주식)
KR7361580004,20260813,FGSC.20,산업재,10.7467,13.59,-2.84,KB RISE 200 Total Return 증권 상장지수 투자신탁(주식)
KR7361580004,20260813,FGSC.25,경기소비재,5.252,6.12,-.86,KB RISE 200 Total Return 증권 상장지수 투자신탁(주식)
KR7361580004,20260813,FGSC.30,필수소비재,1.5645,1.91,-.34,KB RISE 200 Total Return 증권 상장지수 투자신탁(주식)
KR7361580004,20260813,FGSC.35,의료,1.9593,5.15,-3.19,KB RISE 200 Total Return 증권 상장지수 투자신탁(주식)
KR7361580004,20260813,FGSC.40,금융,7.7569,7.56,.2,KB RISE 200 Total Return 증권 상장지수 투자신탁(주식)
KR7361580004,20260813,FGSC.45,IT,68.0598,59.71,8.35,KB RISE 200 Total Return 증권 상장지수 투자신탁(주식)
KR7361580004,20260813,FGSC.50,통신서비스,.8295,.66,.17,KB RISE 200 Total Return 증권 상장지수 투자신탁(주식)
KR7361580004,20260813,FGSC.55,유틸리티,.3964,.5,-.1,KB RISE 200 Total Return 증권 상장지수 투자신탁(주식)
KR7290080001,20260813,FGSC.10,에너지,3.1478,2,1.15,KB RISE 200 고배당 커버드콜 ATM 증권 상장지수 투자신탁(주식-파생형)
KR7290080001,20260813,FGSC.15,소재,3.8606,2.8,1.06,KB RISE 200 고배당 커버드콜 ATM 증권 상장지수 투자신탁(주식-파생형)
KR7290080001,20260813,FGSC.20,산업재,18.003,13.59,4.41,KB RISE 200 고배당 커버드콜 ATM 증권 상장지수 투자신탁(주식-파생형)
KR7290080001,20260813,FGSC.25,경기소비재,26.6517,6.12,20.54,KB RISE 200 고배당 커버드콜 ATM 증권 상장지수 투자신탁(주식-파생형)
KR7290080001,20260813,FGSC.30,필수소비재,8.086,1.91,6.18,KB RISE 200 고배당 커버드콜 ATM 증권 상장지수 투자신탁(주식-파생형)
KR7290080001,,FGSC.35,의료,,,,
KR7290080001,20260813,FGSC.40,금융,27.9327,7.56,20.37,KB RISE 200 고배당 커버드콜 ATM 증권 상장지수 투자신탁(주식-파생형)
KR7290080001,20260813,FGSC.45,IT,2.1295,59.71,-57.58,KB RISE 200 고배당 커버드콜 ATM 증권 상장지수 투자신탁(주식-파생형)
KR7290080001,20260813,FGSC.50,통신서비스,6.4306,.66,5.77,KB RISE 200 고배당 커버드콜 ATM 증권 상장지수 투자신탁(주식-파생형)
KR7290080001,20260813,FGSC.55,유틸리티,3.7581,.5,3.26,KB RISE 200 고배당 커버드콜 ATM 증권 상장지수 투자신탁(주식-파생형)
KR7284980000,,FGSC.10,에너지,,,,
KR7284980000,,FGSC.15,소재,,,,
KR7284980000,,FGSC.20,산업재,,,,
KR7284980000,,FGSC.25,경기소비재,,,,
KR7284980000,,FGSC.30,필수소비재,,,,
KR7284980000,,FGSC.35,의료,,,,
KR7284980000,20260813,FGSC.40,금융,99.9999,7.56,92.44,KB RISE 200 금융 증권 상장지수 투자신탁(주식)
KR7284980000,,FGSC.45,IT,,,,
KR7284980000,,FGSC.50,통신서비스,,,,
KR7284980000,,FGSC.55,유틸리티,,,,
KR7252400007,,FGSC.10,에너지,,,,
KR7252400007,,FGSC.15,소재,,,,
KR7252400007,,FGSC.20,산업재,,,,
KR7252400007,,FGSC.25,경기소비재,,,,
KR7252400007,,FGSC.30,필수소비재,,,,
KR7252400007,,FGSC.35,의료,,,,
KR7252400007,,FGSC.40,금융,,,,
KR7252400007,,FGSC.45,IT,,,,
KR7252400007,,FGSC.50,통신서비스,,,,
KR7252400007,,FGSC.55,유틸리티,,,,
KR7252420005,,FGSC.10,에너지,,,,
KR7252420005,,FGSC.15,소재,,,,
KR7252420005,,FGSC.20,산업재,,,,
KR7252420005,,FGSC.25,경기소비재,,,,
KR7252420005,,FGSC.30,필수소비재,,,,
KR7252420005,,FGSC.35,의료,,,,
KR7252420005,,FGSC.40,금융,,,,
KR7252420005,,FGSC.45,IT,,,,
KR7252420005,,FGSC.50,통신서비스,,,,
KR7252420005,,FGSC.55,유틸리티,,,,
KR7252410006,,FGSC.10,에너지,,,,
KR7252410006,,FGSC.15,소재,,,,
KR7252410006,,FGSC.20,산업재,,,,
KR7252410006,,FGSC.25,경기소비재,,,,
KR7252410006,,FGSC.30,필수소비재,,,,
KR7252410006,,FGSC.35,의료,,,,
KR7252410006,,FGSC.40,금융,,,,
KR7252410006,,FGSC.45,IT,,,,
KR7252410006,,FGSC.50,통신서비스,,,,
KR7252410006,,FGSC.55,유틸리티,,,,
KR7475720009,20260813,FGSC.10,에너지,1.3739,2,-.63,KB RISE 200위클리커버드콜 증권 상장지수 투자신탁(주식-파생형)
KR7475720009,20260813,FGSC.15,소재,2.0931,2.8,-.71,KB RISE 200위클리커버드콜 증권 상장지수 투자신탁(주식-파생형)
KR7475720009,20260813,FGSC.20,산업재,10.9393,13.59,-2.65,KB RISE 200위클리커버드콜 증권 상장지수 투자신탁(주식-파생형)
KR7475720009,20260813,FGSC.25,경기소비재,5.2239,6.12,-.89,KB RISE 200위클리커버드콜 증권 상장지수 투자신탁(주식-파생형)
KR7475720009,20260813,FGSC.30,필수소비재,1.6945,1.91,-.21,KB RISE 200위클리커버드콜 증권 상장지수 투자신탁(주식-파생형)
KR7475720009,20260813,FGSC.35,의료,2.0243,5.15,-3.13,KB RISE 200위클리커버드콜 증권 상장지수 투자신탁(주식-파생형)
KR7475720009,20260813,FGSC.40,금융,7.8741,7.56,.31,KB RISE 200위클리커버드콜 증권 상장지수 투자신탁(주식-파생형)
KR7475720009,20260813,FGSC.45,IT,62.5248,59.71,2.81,KB RISE 200위클리커버드콜 증권 상장지수 투자신탁(주식-파생형)
KR7475720009,20260813,FGSC.50,통신서비스,.8612,.66,.2,KB RISE 200위클리커버드콜 증권 상장지수 투자신탁(주식-파생형)
KR7475720009,20260813,FGSC.55,유틸리티,.4131,.5,-.08,KB RISE 200위클리커버드콜 증권 상장지수 투자신탁(주식-파생형)
KR7148020001,20260813,FGSC.10,에너지,1.3605,2,-.64,KB RISE 200 증권 상장지수 투자신탁(주식)
KR7148020001,20260813,FGSC.15,소재,2.0981,2.8,-.7,KB RISE 200 증권 상장지수 투자신탁(주식)
KR7148020001,20260813,FGSC.20,산업재,10.7456,13.59,-2.84,KB RISE 200 증권 상장지수 투자신탁(주식)
KR7148020001,20260813,FGSC.25,경기소비재,5.262,6.12,-.85,KB RISE 200 증권 상장지수 투자신탁(주식)
KR7148020001,20260813,FGSC.30,필수소비재,1.5768,1.91,-.33,KB RISE 200 증권 상장지수 투자신탁(주식)
KR7148020001,20260813,FGSC.35,의료,1.924,5.15,-3.23,KB RISE 200 증권 상장지수 투자신탁(주식)
KR7148020001,20260813,FGSC.40,금융,7.7604,7.56,.2,KB RISE 200 증권 상장지수 투자신탁(주식)
KR7148020001,20260813,FGSC.45,IT,68.0438,59.71,8.33,KB RISE 200 증권 상장지수 투자신탁(주식)
KR7148020001,20260813,FGSC.50,통신서비스,.8308,.66,.17,KB RISE 200 증권 상장지수 투자신탁(주식)
KR7148020001,20260813,FGSC.55,유틸리티,.3978,.5,-.1,KB RISE 200 증권 상장지수 투자신탁(주식)
KR7183700004,20260813,FGSC.10,에너지,1.0567,2,-.95,KB RISE 200채권혼합50 증권 상장지수 투자신탁(채권혼합)
KR7183700004,20260813,FGSC.15,소재,1.6631,2.8,-1.14,KB RISE 200채권혼합50 증권 상장지수 투자신탁(채권혼합)
KR7183700004,20260813,FGSC.20,산업재,8.4371,13.59,-5.15,KB RISE 200채권혼합50 증권 상장지수 투자신탁(채권혼합)
KR7183700004,20260813,FGSC.25,경기소비재,4.1031,6.12,-2.01,KB RISE 200채권혼합50 증권 상장지수 투자신탁(채권혼합)
KR7183700004,20260813,FGSC.30,필수소비재,1.2049,1.91,-.7,KB RISE 200채권혼합50 증권 상장지수 투자신탁(채권혼합)
KR7183700004,20260813,FGSC.35,의료,1.5449,5.15,-3.61,KB RISE 200채권혼합50 증권 상장지수 투자신탁(채권혼합)
KR7183700004,20260813,FGSC.40,금융,6.0804,7.56,-1.48,KB RISE 200채권혼합50 증권 상장지수 투자신탁(채권혼합)
KR7183700004,20260813,FGSC.45,IT,52.1079,59.71,-7.6,KB RISE 200채권혼합50 증권 상장지수 투자신탁(채권혼합)
KR7183700004,20260813,FGSC.50,통신서비스,.6472,.66,-.02,KB RISE 200채권혼합50 증권 상장지수 투자신탁(채권혼합)
KR7183700004,20260813,FGSC.55,유틸리티,.31,.5,-.19,KB RISE 200채권혼합50 증권 상장지수 투자신탁(채권혼합)
KR70122W0009,,FGSC.10,에너지,,,,
KR70122W0009,,FGSC.15,소재,,,,
KR70122W0009,,FGSC.20,산업재,,,,
KR70122W0009,,FGSC.25,경기소비재,,,,
KR70122W0009,,FGSC.30,필수소비재,,,,
KR70122W0009,,FGSC.35,의료,,,,
KR70122W0009,,FGSC.40,금융,,,,
KR70122W0009,,FGSC.45,IT,,,,
KR70122W0009,,FGSC.50,통신서비스,,,,
KR70122W0009,,FGSC.55,유틸리티,,,,
KR7465330009,20260813,FGSC.10,에너지,13.1958,2,11.19,KB RISE 2차전지TOP10iSelect 증권 상장지수 투자신탁(주식)
KR7465330009,20260813,FGSC.15,소재,26.1728,2.8,23.37,KB RISE 2차전지TOP10iSelect 증권 상장지수 투자신탁(주식)
KR7465330009,,FGSC.20,산업재,,,,
KR7465330009,,FGSC.25,경기소비재,,,,
KR7465330009,,FGSC.30,필수소비재,,,,
KR7465330009,,FGSC.35,의료,,,,
KR7465330009,,FGSC.40,금융,,,,
KR7465330009,20260813,FGSC.45,IT,60.6314,59.71,.92,KB RISE 2차전지TOP10iSelect 증권 상장지수 투자신탁(주식)
KR7465330009,,FGSC.50,통신서비스,,,,
KR7465330009,,FGSC.55,유틸리티,,,,
KR7465350007,,FGSC.10,에너지,,,,
KR7465350007,,FGSC.15,소재,,,,
KR7465350007,,FGSC.20,산업재,,,,
KR7465350007,,FGSC.25,경기소비재,,,,
KR7465350007,,FGSC.30,필수소비재,,,,
KR7465350007,,FGSC.35,의료,,,,
KR7465350007,,FGSC.40,금융,,,,
KR7465350007,,FGSC.45,IT,,,,
KR7465350007,,FGSC.50,통신서비스,,,,
KR7465350007,,FGSC.55,유틸리티,,,,
KR7422420000,20260813,FGSC.10,에너지,6.1663,2,4.16,KB RISE 2차전지액티브 증권 상장지수 투자신탁(주식)
KR7422420000,20260813,FGSC.15,소재,20.6825,2.8,17.88,KB RISE 2차전지액티브 증권 상장지수 투자신탁(주식)
KR7422420000,20260813,FGSC.20,산업재,7.2026,13.59,-6.39,KB RISE 2차전지액티브 증권 상장지수 투자신탁(주식)
KR7422420000,,FGSC.25,경기소비재,,,,
KR7422420000,,FGSC.30,필수소비재,,,,
KR7422420000,,FGSC.35,의료,,,,
KR7422420000,,FGSC.40,금융,,,,
KR7422420000,20260813,FGSC.45,IT,65.9485,59.71,6.24,KB RISE 2차전지액티브 증권 상장지수 투자신탁(주식)
KR7422420000,,FGSC.50,통신서비스,,,,
KR7422420000,,FGSC.55,유틸리티,,,,
KR7105780001,20260813,FGSC.10,에너지,3.6606,2,1.66,KB RISE 5대그룹주 상장지수 증권 투자신탁(주식)
KR7105780001,20260813,FGSC.15,소재,1.8026,2.8,-1,KB RISE 5대그룹주 상장지수 증권 투자신탁(주식)
KR7105780001,20260813,FGSC.20,산업재,19.1374,13.59,5.55,KB RISE 5대그룹주 상장지수 증권 투자신탁(주식)
KR7105780001,20260813,FGSC.25,경기소비재,19.4865,6.12,13.37,KB RISE 5대그룹주 상장지수 증권 투자신탁(주식)
KR7105780001,,FGSC.30,필수소비재,,,,
KR7105780001,20260813,FGSC.35,의료,2.8705,5.15,-2.28,KB RISE 5대그룹주 상장지수 증권 투자신탁(주식)
KR7105780001,20260813,FGSC.40,금융,6.1711,7.56,-1.39,KB RISE 5대그룹주 상장지수 증권 투자신탁(주식)
KR7105780001,20260813,FGSC.45,IT,45.2278,59.71,-14.48,KB RISE 5대그룹주 상장지수 증권 투자신탁(주식)
KR7105780001,20260813,FGSC.50,통신서비스,1.6433,.66,.98,KB RISE 5대그룹주 상장지수 증권 투자신탁(주식)
KR7105780001,,FGSC.55,유틸리티,,,,
KR7469070007,,FGSC.10,에너지,,,,
KR7469070007,,FGSC.15,소재,,,,
KR7469070007,20260813,FGSC.20,산업재,43.938,13.59,30.35,KB RISE AI&로봇 증권 상장지수 투자신탁(주식)
KR7469070007,20260813,FGSC.25,경기소비재,22.7463,6.12,16.63,KB RISE AI&로봇 증권 상장지수 투자신탁(주식)
KR7469070007,,FGSC.30,필수소비재,,,,
KR7469070007,20260813,FGSC.35,의료,8.2926,5.15,3.14,KB RISE AI&로봇 증권 상장지수 투자신탁(주식)
KR7469070007,,FGSC.40,금융,,,,
KR7469070007,20260813,FGSC.45,IT,25.0227,59.71,-34.69,KB RISE AI&로봇 증권 상장지수 투자신탁(주식)
KR7469070007,,FGSC.50,통신서비스,,,,
KR7469070007,,FGSC.55,유틸리티,,,,
KR70093A0000,,FGSC.10,에너지,,,,
KR70093A0000,,FGSC.15,소재,,,,
KR70093A0000,,FGSC.20,산업재,,,,
KR70093A0000,,FGSC.25,경기소비재,,,,
KR70093A0000,,FGSC.30,필수소비재,,,,
KR70093A0000,,FGSC.35,의료,,,,
KR70093A0000,,FGSC.40,금융,,,,
KR70093A0000,20260813,FGSC.45,IT,100.0001,59.71,40.29,KB RISE AI반도체TOP10 증권상장지수투자신탁(주식)
KR70093A0000,,FGSC.50,통신서비스,,,,
KR70093A0000,,FGSC.55,유틸리티,,,,
KR70101N0005,20260813,FGSC.10,에너지,4.5433,2,2.54,KB RISE AI전력인프라 증권 상장지수 투자신탁(주식)
KR70101N0005,,FGSC.15,소재,,,,
KR70101N0005,20260813,FGSC.20,산업재,88.755,13.59,75.17,KB RISE AI전력인프라 증권 상장지수 투자신탁(주식)
KR70101N0005,,FGSC.25,경기소비재,,,,
KR70101N0005,,FGSC.30,필수소비재,,,,
KR70101N0005,,FGSC.35,의료,,,,
KR70101N0005,,FGSC.40,금융,,,,
KR70101N0005,20260813,FGSC.45,IT,6.7016,59.71,-53.01,KB RISE AI전력인프라 증권 상장지수 투자신탁(주식)
KR70101N0005,,FGSC.50,통신서비스,,,,
KR70101N0005,,FGSC.55,유틸리티,,,,
KR7427120001,,FGSC.10,에너지,,,,
KR7427120001,,FGSC.15,소재,,,,
KR7427120001,20260813,FGSC.20,산업재,8.5567,13.59,-5.03,KB RISE AI플랫폼 증권 상장지수 투자신탁(주식)
KR7427120001,,FGSC.25,경기소비재,,,,
KR7427120001,,FGSC.30,필수소비재,,,,
KR7427120001,20260813,FGSC.35,의료,1.6597,5.15,-3.49,KB RISE AI플랫폼 증권 상장지수 투자신탁(주식)
KR7427120001,,FGSC.40,금융,,,,
KR7427120001,20260813,FGSC.45,IT,89.7836,59.71,30.07,KB RISE AI플랫폼 증권 상장지수 투자신탁(주식)
KR7427120001,,FGSC.50,통신서비스,,,,
KR7427120001,,FGSC.55,유틸리티,,,,
KR7477080006,,FGSC.10,에너지,,,,
KR7477080006,,FGSC.15,소재,,,,
KR7477080006,,FGSC.20,산업재,,,,
KR7477080006,,FGSC.25,경기소비재,,,,
KR7477080006,,FGSC.30,필수소비재,,,,
KR7477080006,,FGSC.35,의료,,,,
KR7477080006,,FGSC.40,금융,,,,
KR7477080006,,FGSC.45,IT,,,,
KR7477080006,,FGSC.50,통신서비스,,,,
KR7477080006,,FGSC.55,유틸리티,,,,
KR7290130004,20260813,FGSC.10,에너지,2.4191,2,.42,KB RISE ESG 사회책임투자 증권 상장지수 투자신탁(주식)
KR7290130004,20260813,FGSC.15,소재,2.1388,2.8,-.66,KB RISE ESG 사회책임투자 증권 상장지수 투자신탁(주식)
KR7290130004,20260813,FGSC.20,산업재,9.3055,13.59,-4.28,KB RISE ESG 사회책임투자 증권 상장지수 투자신탁(주식)
KR7290130004,20260813,FGSC.25,경기소비재,4.6069,6.12,-1.51,KB RISE ESG 사회책임투자 증권 상장지수 투자신탁(주식)
KR7290130004,20260813,FGSC.30,필수소비재,1.0799,1.91,-.83,KB RISE ESG 사회책임투자 증권 상장지수 투자신탁(주식)
KR7290130004,20260813,FGSC.35,의료,2.2849,5.15,-2.87,KB RISE ESG 사회책임투자 증권 상장지수 투자신탁(주식)
KR7290130004,20260813,FGSC.40,금융,5.82,7.56,-1.74,KB RISE ESG 사회책임투자 증권 상장지수 투자신탁(주식)
KR7290130004,20260813,FGSC.45,IT,71.354,59.71,11.64,KB RISE ESG 사회책임투자 증권 상장지수 투자신탁(주식)
KR7290130004,20260813,FGSC.50,통신서비스,.9017,.66,.24,KB RISE ESG 사회책임투자 증권 상장지수 투자신탁(주식)
KR7290130004,20260813,FGSC.55,유틸리티,.0889,.5,-.41,KB RISE ESG 사회책임투자 증권 상장지수 투자신탁(주식)
KR7367770005,20260813,FGSC.10,에너지,3.8154,2,1.81,KB RISE Fn수소경제테마 증권 상장지수 투자신탁(주식)
KR7367770005,20260813,FGSC.15,소재,14.6195,2.8,11.82,KB RISE Fn수소경제테마 증권 상장지수 투자신탁(주식)
KR7367770005,20260813,FGSC.20,산업재,53.9667,13.59,40.38,KB RISE Fn수소경제테마 증권 상장지수 투자신탁(주식)
KR7367770005,20260813,FGSC.25,경기소비재,27.0894,6.12,20.97,KB RISE Fn수소경제테마 증권 상장지수 투자신탁(주식)
KR7367770005,,FGSC.30,필수소비재,,,,
KR7367770005,,FGSC.35,의료,,,,
KR7367770005,,FGSC.40,금융,,,,
KR7367770005,20260813,FGSC.45,IT,.5091,59.71,-59.2,KB RISE Fn수소경제테마 증권 상장지수 투자신탁(주식)
KR7367770005,,FGSC.50,통신서비스,,,,
KR7367770005,,FGSC.55,유틸리티,,,,
KR7326240009,,FGSC.10,에너지,,,,
KR7326240009,,FGSC.15,소재,,,,
KR7326240009,,FGSC.20,산업재,,,,
KR7326240009,,FGSC.25,경기소비재,,,,
KR7326240009,,FGSC.30,필수소비재,,,,
KR7326240009,,FGSC.35,의료,,,,
KR7326240009,,FGSC.40,금융,,,,
KR7326240009,20260813,FGSC.45,IT,100.0001,59.71,40.29,KB RISE IT플러스 증권 상장지수 투자신탁(주식)
KR7326240009,,FGSC.50,통신서비스,,,,
KR7326240009,,FGSC.55,유틸리티,,,,
KR7385560008,,FGSC.10,에너지,,,,
KR7385560008,,FGSC.15,소재,,,,
KR7385560008,,FGSC.20,산업재,,,,
KR7385560008,,FGSC.25,경기소비재,,,,
KR7385560008,,FGSC.30,필수소비재,,,,
KR7385560008,,FGSC.35,의료,,,,
KR7385560008,,FGSC.40,금융,,,,
KR7385560008,,FGSC.45,IT,,,,
KR7385560008,,FGSC.50,통신서비스,,,,
KR7385560008,,FGSC.55,유틸리티,,,,
KR7479520009,,FGSC.10,에너지,,,,
KR7479520009,,FGSC.15,소재,,,,
KR7479520009,,FGSC.20,산업재,,,,
KR7479520009,,FGSC.25,경기소비재,,,,
KR7479520009,,FGSC.30,필수소비재,,,,
KR7479520009,,FGSC.35,의료,,,,
KR7479520009,,FGSC.40,금융,,,,
KR7479520009,,FGSC.45,IT,,,,
KR7479520009,,FGSC.50,통신서비스,,,,
KR7479520009,,FGSC.55,유틸리티,,,,
KR7270800006,20260813,FGSC.10,에너지,.6904,2,-1.31,KB RISE KQ 고배당 증권 상장지수 투자신탁(주식)
KR7270800006,20260813,FGSC.15,소재,2.1427,2.8,-.66,KB RISE KQ 고배당 증권 상장지수 투자신탁(주식)
KR7270800006,20260813,FGSC.20,산업재,18.6413,13.59,5.05,KB RISE KQ 고배당 증권 상장지수 투자신탁(주식)
KR7270800006,20260813,FGSC.25,경기소비재,10.7424,6.12,4.63,KB RISE KQ 고배당 증권 상장지수 투자신탁(주식)
KR7270800006,20260813,FGSC.30,필수소비재,6.9132,1.91,5.01,KB RISE KQ 고배당 증권 상장지수 투자신탁(주식)
KR7270800006,20260813,FGSC.35,의료,8.0477,5.15,2.89,KB RISE KQ 고배당 증권 상장지수 투자신탁(주식)
KR7270800006,20260813,FGSC.40,금융,1.152,7.56,-6.41,KB RISE KQ 고배당 증권 상장지수 투자신탁(주식)
KR7270800006,20260813,FGSC.45,IT,51.6704,59.71,-8.04,KB RISE KQ 고배당 증권 상장지수 투자신탁(주식)
KR7270800006,,FGSC.50,통신서비스,,,,
KR7270800006,,FGSC.55,유틸리티,,,,
KR7292050002,20260813,FGSC.10,에너지,1.4424,2,-.56,KB RISE KRX300 증권 상장지수 투자신탁(주식)
KR7292050002,20260813,FGSC.15,소재,1.9785,2.8,-.82,KB RISE KRX300 증권 상장지수 투자신탁(주식)
KR7292050002,20260813,FGSC.20,산업재,10.8898,13.59,-2.7,KB RISE KRX300 증권 상장지수 투자신탁(주식)
KR7292050002,20260813,FGSC.25,경기소비재,5.1908,6.12,-.92,KB RISE KRX300 증권 상장지수 투자신탁(주식)
KR7292050002,20260813,FGSC.30,필수소비재,1.5044,1.91,-.4,KB RISE KRX300 증권 상장지수 투자신탁(주식)
KR7292050002,20260813,FGSC.35,의료,3.5197,5.15,-1.63,KB RISE KRX300 증권 상장지수 투자신탁(주식)
KR7292050002,20260813,FGSC.40,금융,7.5208,7.56,-.04,KB RISE KRX300 증권 상장지수 투자신탁(주식)
KR7292050002,20260813,FGSC.45,IT,66.7955,59.71,7.08,KB RISE KRX300 증권 상장지수 투자신탁(주식)
KR7292050002,20260813,FGSC.50,통신서비스,.787,.66,.12,KB RISE KRX300 증권 상장지수 투자신탁(주식)
KR7292050002,20260813,FGSC.55,유틸리티,.3715,.5,-.13,KB RISE KRX300 증권 상장지수 투자신탁(주식)
KR7388280000,,FGSC.10,에너지,,,,
KR7388280000,,FGSC.15,소재,,,,
KR7388280000,20260813,FGSC.20,산업재,14.8914,13.59,1.3,KB RISE K엔터&여행레저 증권 상장지수 투자신탁(주식)
KR7388280000,20260813,FGSC.25,경기소비재,85.1085,6.12,78.99,KB RISE K엔터&여행레저 증권 상장지수 투자신탁(주식)
KR7388280000,,FGSC.30,필수소비재,,,,
KR7388280000,,FGSC.35,의료,,,,
KR7388280000,,FGSC.40,금융,,,,
KR7388280000,,FGSC.45,IT,,,,
KR7388280000,,FGSC.50,통신서비스,,,,
KR7388280000,,FGSC.55,유틸리티,,,,
KR70192L0007,,FGSC.10,에너지,,,,
KR70192L0007,,FGSC.15,소재,,,,
KR70192L0007,,FGSC.20,산업재,,,,
KR70192L0007,,FGSC.25,경기소비재,,,,
KR70192L0007,,FGSC.30,필수소비재,,,,
KR70192L0007,,FGSC.35,의료,,,,
KR70192L0007,,FGSC.40,금융,,,,
KR70192L0007,,FGSC.45,IT,,,,
KR70192L0007,,FGSC.50,통신서비스,,,,
KR70192L0007,,FGSC.55,유틸리티,,,,
KR70013R0008,,FGSC.10,에너지,,,,
KR70013R0008,,FGSC.15,소재,,,,
KR70013R0008,,FGSC.20,산업재,,,,
KR70013R0008,,FGSC.25,경기소비재,,,,
KR70013R0008,,FGSC.30,필수소비재,,,,
KR70013R0008,,FGSC.35,의료,,,,
KR70013R0008,,FGSC.40,금융,,,,
KR70013R0008,,FGSC.45,IT,,,,
KR70013R0008,,FGSC.50,통신서비스,,,,
KR70013R0008,,FGSC.55,유틸리티,,,,
KR7234310001,,FGSC.10,에너지,,,,
KR7234310001,20260813,FGSC.15,소재,3.3949,2.8,.59,KB RISE V&S 셀렉트밸류 증권 상장지수 투자신탁(주식)
KR7234310001,20260813,FGSC.20,산업재,11.7513,13.59,-1.84,KB RISE V&S 셀렉트밸류 증권 상장지수 투자신탁(주식)
KR7234310001,20260813,FGSC.25,경기소비재,10.1761,6.12,4.06,KB RISE V&S 셀렉트밸류 증권 상장지수 투자신탁(주식)
KR7234310001,20260813,FGSC.30,필수소비재,1.6807,1.91,-.23,KB RISE V&S 셀렉트밸류 증권 상장지수 투자신탁(주식)
KR7234310001,20260813,FGSC.35,의료,8.8608,5.15,3.71,KB RISE V&S 셀렉트밸류 증권 상장지수 투자신탁(주식)
KR7234310001,20260813,FGSC.40,금융,15.4136,7.56,7.85,KB RISE V&S 셀렉트밸류 증권 상장지수 투자신탁(주식)
KR7234310001,20260813,FGSC.45,IT,47.1625,59.71,-12.55,KB RISE V&S 셀렉트밸류 증권 상장지수 투자신탁(주식)
KR7234310001,,FGSC.50,통신서비스,,,,
KR7234310001,20260813,FGSC.55,유틸리티,1.56,.5,1.06,KB RISE V&S 셀렉트밸류 증권 상장지수 투자신탁(주식)
KR7241390004,,FGSC.10,에너지,,,,
KR7241390004,20260813,FGSC.15,소재,3.396,2.8,.6,KB RISE V&S 셀렉트밸류 채권혼합 증권 상장지수 투자신탁(채권혼합)
KR7241390004,20260813,FGSC.20,산업재,11.7485,13.59,-1.84,KB RISE V&S 셀렉트밸류 채권혼합 증권 상장지수 투자신탁(채권혼합)
KR7241390004,20260813,FGSC.25,경기소비재,10.1792,6.12,4.06,KB RISE V&S 셀렉트밸류 채권혼합 증권 상장지수 투자신탁(채권혼합)
KR7241390004,20260813,FGSC.30,필수소비재,1.6947,1.91,-.21,KB RISE V&S 셀렉트밸류 채권혼합 증권 상장지수 투자신탁(채권혼합)
KR7241390004,20260813,FGSC.35,의료,8.8819,5.15,3.73,KB RISE V&S 셀렉트밸류 채권혼합 증권 상장지수 투자신탁(채권혼합)
KR7241390004,20260813,FGSC.40,금융,15.3945,7.56,7.84,KB RISE V&S 셀렉트밸류 채권혼합 증권 상장지수 투자신탁(채권혼합)
KR7241390004,20260813,FGSC.45,IT,47.1458,59.71,-12.56,KB RISE V&S 셀렉트밸류 채권혼합 증권 상장지수 투자신탁(채권혼합)
KR7241390004,,FGSC.50,통신서비스,,,,
KR7241390004,20260813,FGSC.55,유틸리티,1.5593,.5,1.06,KB RISE V&S 셀렉트밸류 채권혼합 증권 상장지수 투자신탁(채권혼합)
KR7401170006,,FGSC.10,에너지,,,,
KR7401170006,,FGSC.15,소재,,,,
KR7401170006,,FGSC.20,산업재,,,,
KR7401170006,20260813,FGSC.25,경기소비재,19.611,6.12,13.5,KB RISE iSelect메타버스 증권 상장지수 투자신탁(주식)
KR7401170006,,FGSC.30,필수소비재,,,,
KR7401170006,,FGSC.35,의료,,,,
KR7401170006,,FGSC.40,금융,,,,
KR7401170006,20260813,FGSC.45,IT,80.389,59.71,20.68,KB RISE iSelect메타버스 증권 상장지수 투자신탁(주식)
KR7401170006,,FGSC.50,통신서비스,,,,
KR7401170006,,FGSC.55,유틸리티,,,,
KR7300640000,,FGSC.10,에너지,,,,
KR7300640000,,FGSC.15,소재,,,,
KR7300640000,,FGSC.20,산업재,,,,
KR7300640000,,FGSC.25,경기소비재,,,,
KR7300640000,,FGSC.30,필수소비재,,,,
KR7300640000,,FGSC.35,의료,,,,
KR7300640000,,FGSC.40,금융,,,,
KR7300640000,20260813,FGSC.45,IT,100.0002,59.71,40.29,KB RISE 게임테마 증권상장지수투자신탁(주식)
KR7300640000,,FGSC.50,통신서비스,,,,
KR7300640000,,FGSC.55,유틸리티,,,,
KR7266160001,20260813,FGSC.10,에너지,1.2147,2,-.79,KB RISE 고배당 증권 상장지수 투자신탁(주식)
KR7266160001,20260813,FGSC.15,소재,.2304,2.8,-2.57,KB RISE 고배당 증권 상장지수 투자신탁(주식)
KR7266160001,20260813,FGSC.20,산업재,3.0503,13.59,-10.54,KB RISE 고배당 증권 상장지수 투자신탁(주식)
KR7266160001,20260813,FGSC.25,경기소비재,14.7078,6.12,8.59,KB RISE 고배당 증권 상장지수 투자신탁(주식)
KR7266160001,20260813,FGSC.30,필수소비재,2.2673,1.91,.36,KB RISE 고배당 증권 상장지수 투자신탁(주식)
KR7266160001,,FGSC.35,의료,,,,
KR7266160001,20260813,FGSC.40,금융,26.7386,7.56,19.18,KB RISE 고배당 증권 상장지수 투자신탁(주식)
KR7266160001,20260813,FGSC.45,IT,49.5086,59.71,-10.2,KB RISE 고배당 증권 상장지수 투자신탁(주식)
KR7266160001,20260813,FGSC.50,통신서비스,2.0957,.66,1.43,KB RISE 고배당 증권 상장지수 투자신탁(주식)
KR7266160001,20260813,FGSC.55,유틸리티,.1866,.5,-.31,KB RISE 고배당 증권 상장지수 투자신탁(주식)
KR7481430007,,FGSC.10,에너지,,,,
KR7481430007,,FGSC.15,소재,,,,
KR7481430007,,FGSC.20,산업재,,,,
KR7481430007,,FGSC.25,경기소비재,,,,
KR7481430007,,FGSC.30,필수소비재,,,,
KR7481430007,,FGSC.35,의료,,,,
KR7481430007,,FGSC.40,금융,,,,
KR7481430007,,FGSC.45,IT,,,,
KR7481430007,,FGSC.50,통신서비스,,,,
KR7481430007,,FGSC.55,유틸리티,,,,
KR7282000009,,FGSC.10,에너지,,,,
KR7282000009,,FGSC.15,소재,,,,
KR7282000009,,FGSC.20,산업재,,,,
KR7282000009,,FGSC.25,경기소비재,,,,
KR7282000009,,FGSC.30,필수소비재,,,,
KR7282000009,,FGSC.35,의료,,,,
KR7282000009,,FGSC.40,금융,,,,
KR7282000009,,FGSC.45,IT,,,,
KR7282000009,,FGSC.50,통신서비스,,,,
KR7282000009,,FGSC.55,유틸리티,,,,
KR7114100001,,FGSC.10,에너지,,,,
KR7114100001,,FGSC.15,소재,,,,
KR7114100001,,FGSC.20,산업재,,,,
KR7114100001,,FGSC.25,경기소비재,,,,
KR7114100001,,FGSC.30,필수소비재,,,,
KR7114100001,,FGSC.35,의료,,,,
KR7114100001,,FGSC.40,금융,,,,
KR7114100001,,FGSC.45,IT,,,,
KR7114100001,,FGSC.50,통신서비스,,,,
KR7114100001,,FGSC.55,유틸리티,,,,
KR7451670004,,FGSC.10,에너지,,,,
KR7451670004,,FGSC.15,소재,,,,
KR7451670004,,FGSC.20,산업재,,,,
KR7451670004,,FGSC.25,경기소비재,,,,
KR7451670004,,FGSC.30,필수소비재,,,,
KR7451670004,,FGSC.35,의료,,,,
KR7451670004,,FGSC.40,금융,,,,
KR7451670004,,FGSC.45,IT,,,,
KR7451670004,,FGSC.50,통신서비스,,,,
KR7451670004,,FGSC.55,유틸리티,,,,
KR7295020002,,FGSC.10,에너지,,,,
KR7295020002,,FGSC.15,소재,,,,
KR7295020002,,FGSC.20,산업재,,,,
KR7295020002,,FGSC.25,경기소비재,,,,
KR7295020002,,FGSC.30,필수소비재,,,,
KR7295020002,,FGSC.35,의료,,,,
KR7295020002,,FGSC.40,금융,,,,
KR7295020002,,FGSC.45,IT,,,,
KR7295020002,,FGSC.50,통신서비스,,,,
KR7295020002,,FGSC.55,유틸리티,,,,
KR7295000004,,FGSC.10,에너지,,,,
KR7295000004,,FGSC.15,소재,,,,
KR7295000004,,FGSC.20,산업재,,,,
KR7295000004,,FGSC.25,경기소비재,,,,
KR7295000004,,FGSC.30,필수소비재,,,,
KR7295000004,,FGSC.35,의료,,,,
KR7295000004,,FGSC.40,금융,,,,
KR7295000004,,FGSC.45,IT,,,,
KR7295000004,,FGSC.50,통신서비스,,,,
KR7295000004,,FGSC.55,유틸리티,,,,
KR7432600005,,FGSC.10,에너지,,,,
KR7432600005,,FGSC.15,소재,,,,
KR7432600005,,FGSC.20,산업재,,,,
KR7432600005,,FGSC.25,경기소비재,,,,
KR7432600005,,FGSC.30,필수소비재,,,,
KR7432600005,,FGSC.35,의료,,,,
KR7432600005,,FGSC.40,금융,,,,
KR7432600005,,FGSC.45,IT,,,,
KR7432600005,,FGSC.50,통신서비스,,,,
KR7432600005,,FGSC.55,유틸리티,,,,
KR7397420001,,FGSC.10,에너지,,,,
KR7397420001,,FGSC.15,소재,,,,
KR7397420001,,FGSC.20,산업재,,,,
KR7397420001,,FGSC.25,경기소비재,,,,
KR7397420001,,FGSC.30,필수소비재,,,,
KR7397420001,,FGSC.35,의료,,,,
KR7397420001,,FGSC.40,금융,,,,
KR7397420001,,FGSC.45,IT,,,,
KR7397420001,,FGSC.50,통신서비스,,,,
KR7397420001,,FGSC.55,유틸리티,,,,
KR70114X0008,,FGSC.10,에너지,,,,
KR70114X0008,,FGSC.15,소재,,,,
KR70114X0008,,FGSC.20,산업재,,,,
KR70114X0008,,FGSC.25,경기소비재,,,,
KR70114X0008,,FGSC.30,필수소비재,,,,
KR70114X0008,,FGSC.35,의료,,,,
KR70114X0008,,FGSC.40,금융,,,,
KR70114X0008,,FGSC.45,IT,,,,
KR70114X0008,,FGSC.50,통신서비스,,,,
KR70114X0008,,FGSC.55,유틸리티,,,,
KR7437370000,,FGSC.10,에너지,,,,
KR7437370000,,FGSC.15,소재,,,,
KR7437370000,,FGSC.20,산업재,,,,
KR7437370000,,FGSC.25,경기소비재,,,,
KR7437370000,,FGSC.30,필수소비재,,,,
KR7437370000,,FGSC.35,의료,,,,
KR7437370000,,FGSC.40,금융,,,,
KR7437370000,,FGSC.45,IT,,,,
KR7437370000,,FGSC.50,통신서비스,,,,
KR7437370000,,FGSC.55,유틸리티,,,,
KR7375270006,,FGSC.10,에너지,,,,
KR7375270006,,FGSC.15,소재,,,,
KR7375270006,,FGSC.20,산업재,,,,
KR7375270006,,FGSC.25,경기소비재,,,,
KR7375270006,,FGSC.30,필수소비재,,,,
KR7375270006,,FGSC.35,의료,,,,
KR7375270006,,FGSC.40,금융,,,,
KR7375270006,,FGSC.45,IT,,,,
KR7375270006,,FGSC.50,통신서비스,,,,
KR7375270006,,FGSC.55,유틸리티,,,,
KR7475380002,,FGSC.10,에너지,,,,
KR7475380002,,FGSC.15,소재,,,,
KR7475380002,,FGSC.20,산업재,,,,
KR7475380002,,FGSC.25,경기소비재,,,,
KR7475380002,,FGSC.30,필수소비재,,,,
KR7475380002,,FGSC.35,의료,,,,
KR7475380002,,FGSC.40,금융,,,,
KR7475380002,,FGSC.45,IT,,,,
KR7475380002,,FGSC.50,통신서비스,,,,
KR7475380002,,FGSC.55,유틸리티,,,,
KR7476310008,,FGSC.10,에너지,,,,
KR7476310008,,FGSC.15,소재,,,,
KR7476310008,,FGSC.20,산업재,,,,
KR7476310008,,FGSC.25,경기소비재,,,,
KR7476310008,,FGSC.30,필수소비재,,,,
KR7476310008,,FGSC.35,의료,,,,
KR7476310008,,FGSC.40,금융,,,,
KR7476310008,,FGSC.45,IT,,,,
KR7476310008,,FGSC.50,통신서비스,,,,
KR7476310008,,FGSC.55,유틸리티,,,,
KR7417450004,,FGSC.10,에너지,,,,
KR7417450004,,FGSC.15,소재,,,,
KR7417450004,,FGSC.20,산업재,,,,
KR7417450004,,FGSC.25,경기소비재,,,,
KR7417450004,,FGSC.30,필수소비재,,,,
KR7417450004,,FGSC.35,의료,,,,
KR7417450004,,FGSC.40,금융,,,,
KR7417450004,,FGSC.45,IT,,,,
KR7417450004,,FGSC.50,통신서비스,,,,
KR7417450004,,FGSC.55,유틸리티,,,,
KR7442320008,,FGSC.10,에너지,,,,
KR7442320008,,FGSC.15,소재,,,,
KR7442320008,,FGSC.20,산업재,,,,
KR7442320008,,FGSC.25,경기소비재,,,,
KR7442320008,,FGSC.30,필수소비재,,,,
KR7442320008,,FGSC.35,의료,,,,
KR7442320008,,FGSC.40,금융,,,,
KR7442320008,,FGSC.45,IT,,,,
KR7442320008,,FGSC.50,통신서비스,,,,
KR7442320008,,FGSC.55,유틸리티,,,,
KR7461490005,,FGSC.10,에너지,,,,
KR7461490005,,FGSC.15,소재,,,,
KR7461490005,,FGSC.20,산업재,,,,
KR7461490005,,FGSC.25,경기소비재,,,,
KR7461490005,,FGSC.30,필수소비재,,,,
KR7461490005,,FGSC.35,의료,,,,
KR7461490005,,FGSC.40,금융,,,,
KR7461490005,20260813,FGSC.45,IT,100,59.71,40.29,KB RISE 글로벌자산배분액티브 증권 상장지수 투자신탁(혼합-재간접형)
KR7461490005,,FGSC.50,통신서비스,,,,
KR7461490005,,FGSC.55,유틸리티,,,,
KR7459750006,,FGSC.10,에너지,,,,
KR7459750006,,FGSC.15,소재,,,,
KR7459750006,,FGSC.20,산업재,,,,
KR7459750006,,FGSC.25,경기소비재,,,,
KR7459750006,,FGSC.30,필수소비재,,,,
KR7459750006,,FGSC.35,의료,,,,
KR7459750006,,FGSC.40,금융,,,,
KR7459750006,,FGSC.45,IT,,,,
KR7459750006,,FGSC.50,통신서비스,,,,
KR7459750006,,FGSC.55,유틸리티,,,,
KR7399580000,,FGSC.10,에너지,,,,
KR7399580000,,FGSC.15,소재,,,,
KR7399580000,,FGSC.20,산업재,,,,
KR7399580000,,FGSC.25,경기소비재,,,,
KR7399580000,,FGSC.30,필수소비재,,,,
KR7399580000,,FGSC.35,의료,,,,
KR7399580000,,FGSC.40,금융,,,,
KR7399580000,,FGSC.45,IT,,,,
KR7399580000,,FGSC.50,통신서비스,,,,
KR7399580000,,FGSC.55,유틸리티,,,,
KR7276650009,,FGSC.10,에너지,,,,
KR7276650009,,FGSC.15,소재,,,,
KR7276650009,,FGSC.20,산업재,,,,
KR7276650009,,FGSC.25,경기소비재,,,,
KR7276650009,,FGSC.30,필수소비재,,,,
KR7276650009,,FGSC.35,의료,,,,
KR7276650009,,FGSC.40,금융,,,,
KR7276650009,,FGSC.45,IT,,,,
KR7276650009,,FGSC.50,통신서비스,,,,
KR7276650009,,FGSC.55,유틸리티,,,,
KR7336160007,,FGSC.10,에너지,,,,
KR7336160007,,FGSC.15,소재,,,,
KR7336160007,,FGSC.20,산업재,,,,
KR7336160007,,FGSC.25,경기소비재,,,,
KR7336160007,,FGSC.30,필수소비재,,,,
KR7336160007,,FGSC.35,의료,,,,
KR7336160007,,FGSC.40,금융,,,,
KR7336160007,,FGSC.45,IT,,,,
KR7336160007,,FGSC.50,통신서비스,,,,
KR7336160007,,FGSC.55,유틸리티,,,,
KR7326230000,,FGSC.10,에너지,,,,
KR7326230000,,FGSC.15,소재,,,,
KR7326230000,,FGSC.20,산업재,,,,
KR7326230000,20260813,FGSC.25,경기소비재,30.3816,6.12,24.27,KB RISE 내수주플러스 증권상장지수투자신탁(주식)
KR7326230000,20260813,FGSC.30,필수소비재,30.3234,1.91,28.42,KB RISE 내수주플러스 증권상장지수투자신탁(주식)
KR7326230000,20260813,FGSC.35,의료,16.9907,5.15,11.84,KB RISE 내수주플러스 증권상장지수투자신탁(주식)
KR7326230000,,FGSC.40,금융,,,,
KR7326230000,,FGSC.45,IT,,,,
KR7326230000,20260813,FGSC.50,통신서비스,14.2692,.66,13.61,KB RISE 내수주플러스 증권상장지수투자신탁(주식)
KR7326230000,20260813,FGSC.55,유틸리티,8.0352,.5,7.54,KB RISE 내수주플러스 증권상장지수투자신탁(주식)
KR7367760006,,FGSC.10,에너지,,,,
KR7367760006,,FGSC.15,소재,,,,
KR7367760006,,FGSC.20,산업재,,,,
KR7367760006,,FGSC.25,경기소비재,,,,
KR7367760006,,FGSC.30,필수소비재,,,,
KR7367760006,,FGSC.35,의료,,,,
KR7367760006,,FGSC.40,금융,,,,
KR7367760006,20260813,FGSC.45,IT,100,59.71,40.29,KB RISE 네트워크인프라 증권 상장지수 투자신탁(주식)
KR7367760006,,FGSC.50,통신서비스,,,,
KR7367760006,,FGSC.55,유틸리티,,,,
KR7272560004,,FGSC.10,에너지,,,,
KR7272560004,,FGSC.15,소재,,,,
KR7272560004,,FGSC.20,산업재,,,,
KR7272560004,,FGSC.25,경기소비재,,,,
KR7272560004,,FGSC.30,필수소비재,,,,
KR7272560004,,FGSC.35,의료,,,,
KR7272560004,,FGSC.40,금융,,,,
KR7272560004,,FGSC.45,IT,,,,
KR7272560004,,FGSC.50,통신서비스,,,,
KR7272560004,,FGSC.55,유틸리티,,,,
KR7385550009,,FGSC.10,에너지,,,,
KR7385550009,,FGSC.15,소재,,,,
KR7385550009,,FGSC.20,산업재,,,,
KR7385550009,,FGSC.25,경기소비재,,,,
KR7385550009,,FGSC.30,필수소비재,,,,
KR7385550009,,FGSC.35,의료,,,,
KR7385550009,,FGSC.40,금융,,,,
KR7385550009,,FGSC.45,IT,,,,
KR7385550009,,FGSC.50,통신서비스,,,,
KR7385550009,,FGSC.55,유틸리티,,,,
KR7196230007,,FGSC.10,에너지,,,,
KR7196230007,,FGSC.15,소재,,,,
KR7196230007,,FGSC.20,산업재,,,,
KR7196230007,,FGSC.25,경기소비재,,,,
KR7196230007,,FGSC.30,필수소비재,,,,
KR7196230007,,FGSC.35,의료,,,,
KR7196230007,,FGSC.40,금융,,,,
KR7196230007,,FGSC.45,IT,,,,
KR7196230007,,FGSC.50,통신서비스,,,,
KR7196230007,,FGSC.55,유틸리티,,,,
KR70061Z0009,,FGSC.10,에너지,,,,
KR70061Z0009,,FGSC.15,소재,,,,
KR70061Z0009,,FGSC.20,산업재,,,,
KR70061Z0009,,FGSC.25,경기소비재,,,,
KR70061Z0009,,FGSC.30,필수소비재,,,,
KR70061Z0009,,FGSC.35,의료,,,,
KR70061Z0009,,FGSC.40,금융,,,,
KR70061Z0009,,FGSC.45,IT,,,,
KR70061Z0009,,FGSC.50,통신서비스,,,,
KR70061Z0009,,FGSC.55,유틸리티,,,,
KR7315960005,,FGSC.10,에너지,,,,
KR7315960005,20260813,FGSC.15,소재,3.1949,2.8,.39,KB RISE 대형고배당10 Total Return 증권 상장지수 투자신탁(주식)
KR7315960005,,FGSC.20,산업재,,,,
KR7315960005,20260813,FGSC.25,경기소비재,16.9568,6.12,10.84,KB RISE 대형고배당10 Total Return 증권 상장지수 투자신탁(주식)
KR7315960005,,FGSC.30,필수소비재,,,,
KR7315960005,,FGSC.35,의료,,,,
KR7315960005,20260813,FGSC.40,금융,28.6079,7.56,21.05,KB RISE 대형고배당10 Total Return 증권 상장지수 투자신탁(주식)
KR7315960005,20260813,FGSC.45,IT,51.2405,59.71,-8.47,KB RISE 대형고배당10 Total Return 증권 상장지수 투자신탁(주식)
KR7315960005,,FGSC.50,통신서비스,,,,
KR7315960005,,FGSC.55,유틸리티,,,,
KR70138D0004,,FGSC.10,에너지,,,,
KR70138D0004,,FGSC.15,소재,,,,
KR70138D0004,20260813,FGSC.20,산업재,28.8058,13.59,15.22,KB RISE 동학개미 증권 상장지수 투자신탁(주식)
KR70138D0004,20260813,FGSC.25,경기소비재,6.0349,6.12,-.08,KB RISE 동학개미 증권 상장지수 투자신탁(주식)
KR70138D0004,,FGSC.30,필수소비재,,,,
KR70138D0004,,FGSC.35,의료,,,,
KR70138D0004,20260813,FGSC.40,금융,4.7432,7.56,-2.82,KB RISE 동학개미 증권 상장지수 투자신탁(주식)
KR70138D0004,20260813,FGSC.45,IT,60.4162,59.71,.71,KB RISE 동학개미 증권 상장지수 투자신탁(주식)
KR70138D0004,,FGSC.50,통신서비스,,,,
KR70138D0004,,FGSC.55,유틸리티,,,,
KR7455890004,,FGSC.10,에너지,,,,
KR7455890004,,FGSC.15,소재,,,,
KR7455890004,,FGSC.20,산업재,,,,
KR7455890004,,FGSC.25,경기소비재,,,,
KR7455890004,,FGSC.30,필수소비재,,,,
KR7455890004,,FGSC.35,의료,,,,
KR7455890004,,FGSC.40,금융,,,,
KR7455890004,,FGSC.45,IT,,,,
KR7455890004,,FGSC.50,통신서비스,,,,
KR7455890004,,FGSC.55,유틸리티,,,,
KR7481340008,,FGSC.10,에너지,,,,
KR7481340008,,FGSC.15,소재,,,,
KR7481340008,,FGSC.20,산업재,,,,
KR7481340008,,FGSC.25,경기소비재,,,,
KR7481340008,,FGSC.30,필수소비재,,,,
KR7481340008,,FGSC.35,의료,,,,
KR7481340008,,FGSC.40,금융,,,,
KR7481340008,,FGSC.45,IT,,,,
KR7481340008,,FGSC.50,통신서비스,,,,
KR7481340008,,FGSC.55,유틸리티,,,,
KR7472870005,,FGSC.10,에너지,,,,
KR7472870005,,FGSC.15,소재,,,,
KR7472870005,,FGSC.20,산업재,,,,
KR7472870005,,FGSC.25,경기소비재,,,,
KR7472870005,,FGSC.30,필수소비재,,,,
KR7472870005,,FGSC.35,의료,,,,
KR7472870005,,FGSC.40,금융,,,,
KR7472870005,,FGSC.45,IT,,,,
KR7472870005,,FGSC.50,통신서비스,,,,
KR7472870005,,FGSC.55,유틸리티,,,,
KR7472830009,,FGSC.10,에너지,,,,
KR7472830009,,FGSC.15,소재,,,,
KR7472830009,,FGSC.20,산업재,,,,
KR7472830009,,FGSC.25,경기소비재,,,,
KR7472830009,,FGSC.30,필수소비재,,,,
KR7472830009,,FGSC.35,의료,,,,
KR7472830009,,FGSC.40,금융,,,,
KR7472830009,,FGSC.45,IT,,,,
KR7472830009,,FGSC.50,통신서비스,,,,
KR7472830009,,FGSC.55,유틸리티,,,,
KR7485690002,,FGSC.10,에너지,,,,
KR7485690002,,FGSC.15,소재,,,,
KR7485690002,,FGSC.20,산업재,,,,
KR7485690002,,FGSC.25,경기소비재,,,,
KR7485690002,,FGSC.30,필수소비재,,,,
KR7485690002,,FGSC.35,의료,,,,
KR7485690002,,FGSC.40,금융,,,,
KR7485690002,,FGSC.45,IT,,,,
KR7485690002,,FGSC.50,통신서비스,,,,
KR7485690002,,FGSC.55,유틸리티,,,,
KR7490590007,,FGSC.10,에너지,,,,
KR7490590007,,FGSC.15,소재,,,,
KR7490590007,,FGSC.20,산업재,,,,
KR7490590007,,FGSC.25,경기소비재,,,,
KR7490590007,,FGSC.30,필수소비재,,,,
KR7490590007,,FGSC.35,의료,,,,
KR7490590007,,FGSC.40,금융,,,,
KR7490590007,,FGSC.45,IT,,,,
KR7490590007,,FGSC.50,통신서비스,,,,
KR7490590007,,FGSC.55,유틸리티,,,,
KR70176E0006,,FGSC.10,에너지,,,,
KR70176E0006,,FGSC.15,소재,,,,
KR70176E0006,,FGSC.20,산업재,,,,
KR70176E0006,,FGSC.25,경기소비재,,,,
KR70176E0006,,FGSC.30,필수소비재,,,,
KR70176E0006,,FGSC.35,의료,,,,
KR70176E0006,,FGSC.40,금융,,,,
KR70176E0006,,FGSC.45,IT,,,,
KR70176E0006,,FGSC.50,통신서비스,,,,
KR70176E0006,,FGSC.55,유틸리티,,,,
KR70127R0001,,FGSC.10,에너지,,,,
KR70127R0001,,FGSC.15,소재,,,,
KR70127R0001,,FGSC.20,산업재,,,,
KR70127R0001,,FGSC.25,경기소비재,,,,
KR70127R0001,,FGSC.30,필수소비재,,,,
KR70127R0001,,FGSC.35,의료,,,,
KR70127R0001,,FGSC.40,금융,,,,
KR70127R0001,,FGSC.45,IT,,,,
KR70127R0001,,FGSC.50,통신서비스,,,,
KR70127R0001,,FGSC.55,유틸리티,,,,
KR7495940009,,FGSC.10,에너지,,,,
KR7495940009,,FGSC.15,소재,,,,
KR7495940009,,FGSC.20,산업재,,,,
KR7495940009,,FGSC.25,경기소비재,,,,
KR7495940009,,FGSC.30,필수소비재,,,,
KR7495940009,,FGSC.35,의료,,,,
KR7495940009,,FGSC.40,금융,,,,
KR7495940009,,FGSC.45,IT,,,,
KR7495940009,,FGSC.50,통신서비스,,,,
KR7495940009,,FGSC.55,유틸리티,,,,
KR70138T0006,,FGSC.10,에너지,,,,
KR70138T0006,,FGSC.15,소재,,,,
KR70138T0006,,FGSC.20,산업재,,,,
KR70138T0006,,FGSC.25,경기소비재,,,,
KR70138T0006,,FGSC.30,필수소비재,,,,
KR70138T0006,,FGSC.35,의료,,,,
KR70138T0006,,FGSC.40,금융,,,,
KR70138T0006,,FGSC.45,IT,,,,
KR70138T0006,,FGSC.50,통신서비스,,,,
KR70138T0006,,FGSC.55,유틸리티,,,,
KR70005C0005,,FGSC.10,에너지,,,,
KR70005C0005,,FGSC.15,소재,,,,
KR70005C0005,,FGSC.20,산업재,,,,
KR70005C0005,,FGSC.25,경기소비재,,,,
KR70005C0005,,FGSC.30,필수소비재,,,,
KR70005C0005,,FGSC.35,의료,,,,
KR70005C0005,,FGSC.40,금융,,,,
KR70005C0005,,FGSC.45,IT,,,,
KR70005C0005,,FGSC.50,통신서비스,,,,
KR70005C0005,,FGSC.55,유틸리티,,,,
KR7379780000,,FGSC.10,에너지,,,,
KR7379780000,,FGSC.15,소재,,,,
KR7379780000,,FGSC.20,산업재,,,,
KR7379780000,,FGSC.25,경기소비재,,,,
KR7379780000,,FGSC.30,필수소비재,,,,
KR7379780000,,FGSC.35,의료,,,,
KR7379780000,,FGSC.40,금융,,,,
KR7379780000,,FGSC.45,IT,,,,
KR7379780000,,FGSC.50,통신서비스,,,,
KR7379780000,,FGSC.55,유틸리티,,,,
KR7453330003,,FGSC.10,에너지,,,,
KR7453330003,,FGSC.15,소재,,,,
KR7453330003,,FGSC.20,산업재,,,,
KR7453330003,,FGSC.25,경기소비재,,,,
KR7453330003,,FGSC.30,필수소비재,,,,
KR7453330003,,FGSC.35,의료,,,,
KR7453330003,,FGSC.40,금융,,,,
KR7453330003,,FGSC.45,IT,,,,
KR7453330003,,FGSC.50,통신서비스,,,,
KR7453330003,,FGSC.55,유틸리티,,,,
KR7460660004,,FGSC.10,에너지,,,,
KR7460660004,,FGSC.15,소재,,,,
KR7460660004,,FGSC.20,산업재,,,,
KR7460660004,,FGSC.25,경기소비재,,,,
KR7460660004,,FGSC.30,필수소비재,,,,
KR7460660004,,FGSC.35,의료,,,,
KR7460660004,,FGSC.40,금융,,,,
KR7460660004,,FGSC.45,IT,,,,
KR7460660004,,FGSC.50,통신서비스,,,,
KR7460660004,,FGSC.55,유틸리티,,,,
KR7219390002,,FGSC.10,에너지,,,,
KR7219390002,,FGSC.15,소재,,,,
KR7219390002,,FGSC.20,산업재,,,,
KR7219390002,,FGSC.25,경기소비재,,,,
KR7219390002,,FGSC.30,필수소비재,,,,
KR7219390002,,FGSC.35,의료,,,,
KR7219390002,,FGSC.40,금융,,,,
KR7219390002,,FGSC.45,IT,,,,
KR7219390002,,FGSC.50,통신서비스,,,,
KR7219390002,,FGSC.55,유틸리티,,,,
KR70115C0002,,FGSC.10,에너지,,,,
KR70115C0002,,FGSC.15,소재,,,,
KR70115C0002,,FGSC.20,산업재,,,,
KR70115C0002,,FGSC.25,경기소비재,,,,
KR70115C0002,,FGSC.30,필수소비재,,,,
KR70115C0002,,FGSC.35,의료,,,,
KR70115C0002,,FGSC.40,금융,,,,
KR70115C0002,,FGSC.45,IT,,,,
KR70115C0002,,FGSC.50,통신서비스,,,,
KR70115C0002,,FGSC.55,유틸리티,,,,
KR7354240004,,FGSC.10,에너지,,,,
KR7354240004,,FGSC.15,소재,,,,
KR7354240004,,FGSC.20,산업재,,,,
KR7354240004,,FGSC.25,경기소비재,,,,
KR7354240004,,FGSC.30,필수소비재,,,,
KR7354240004,,FGSC.35,의료,,,,
KR7354240004,,FGSC.40,금융,,,,
KR7354240004,,FGSC.45,IT,,,,
KR7354240004,,FGSC.50,통신서비스,,,,
KR7354240004,,FGSC.55,유틸리티,,,,
KR7368590006,,FGSC.10,에너지,,,,
KR7368590006,,FGSC.15,소재,,,,
KR7368590006,,FGSC.20,산업재,,,,
KR7368590006,,FGSC.25,경기소비재,,,,
KR7368590006,,FGSC.30,필수소비재,,,,
KR7368590006,,FGSC.35,의료,,,,
KR7368590006,,FGSC.40,금융,,,,
KR7368590006,,FGSC.45,IT,,,,
KR7368590006,,FGSC.50,통신서비스,,,,
KR7368590006,,FGSC.55,유틸리티,,,,
KR7437350002,,FGSC.10,에너지,,,,
KR7437350002,,FGSC.15,소재,,,,
KR7437350002,,FGSC.20,산업재,,,,
KR7437350002,,FGSC.25,경기소비재,,,,
KR7437350002,,FGSC.30,필수소비재,,,,
KR7437350002,,FGSC.35,의료,,,,
KR7437350002,,FGSC.40,금융,,,,
KR7437350002,,FGSC.45,IT,,,,
KR7437350002,,FGSC.50,통신서비스,,,,
KR7437350002,,FGSC.55,유틸리티,,,,
KR7455960005,,FGSC.10,에너지,,,,
KR7455960005,,FGSC.15,소재,,,,
KR7455960005,,FGSC.20,산업재,,,,
KR7455960005,,FGSC.25,경기소비재,,,,
KR7455960005,,FGSC.30,필수소비재,,,,
KR7455960005,,FGSC.35,의료,,,,
KR7455960005,,FGSC.40,금융,,,,
KR7455960005,,FGSC.45,IT,,,,
KR7455960005,,FGSC.50,통신서비스,,,,
KR7455960005,,FGSC.55,유틸리티,,,,
KR7469530000,,FGSC.10,에너지,,,,
KR7469530000,,FGSC.15,소재,,,,
KR7469530000,,FGSC.20,산업재,,,,
KR7469530000,,FGSC.25,경기소비재,,,,
KR7469530000,,FGSC.30,필수소비재,,,,
KR7469530000,,FGSC.35,의료,,,,
KR7469530000,,FGSC.40,금융,,,,
KR7469530000,,FGSC.45,IT,,,,
KR7469530000,,FGSC.50,통신서비스,,,,
KR7469530000,,FGSC.55,유틸리티,,,,
KR7469060008,,FGSC.10,에너지,,,,
KR7469060008,,FGSC.15,소재,,,,
KR7469060008,,FGSC.20,산업재,,,,
KR7469060008,,FGSC.25,경기소비재,,,,
KR7469060008,,FGSC.30,필수소비재,,,,
KR7469060008,,FGSC.35,의료,,,,
KR7469060008,,FGSC.40,금융,,,,
KR7469060008,,FGSC.45,IT,,,,
KR7469060008,,FGSC.50,통신서비스,,,,
KR7469060008,,FGSC.55,유틸리티,,,,
KR7469050009,,FGSC.10,에너지,,,,
KR7469050009,,FGSC.15,소재,,,,
KR7469050009,,FGSC.20,산업재,,,,
KR7469050009,,FGSC.25,경기소비재,,,,
KR7469050009,,FGSC.30,필수소비재,,,,
KR7469050009,,FGSC.35,의료,,,,
KR7469050009,,FGSC.40,금융,,,,
KR7469050009,,FGSC.45,IT,,,,
KR7469050009,,FGSC.50,통신서비스,,,,
KR7469050009,,FGSC.55,유틸리티,,,,
KR7491630000,,FGSC.10,에너지,,,,
KR7491630000,,FGSC.15,소재,,,,
KR7491630000,,FGSC.20,산업재,,,,
KR7491630000,,FGSC.25,경기소비재,,,,
KR7491630000,,FGSC.30,필수소비재,,,,
KR7491630000,,FGSC.35,의료,,,,
KR7491630000,,FGSC.40,금융,,,,
KR7491630000,,FGSC.45,IT,,,,
KR7491630000,,FGSC.50,통신서비스,,,,
KR7491630000,,FGSC.55,유틸리티,,,,
KR7490600004,,FGSC.10,에너지,,,,
KR7490600004,,FGSC.15,소재,,,,
KR7490600004,,FGSC.20,산업재,,,,
KR7490600004,,FGSC.25,경기소비재,,,,
KR7490600004,,FGSC.30,필수소비재,,,,
KR7490600004,,FGSC.35,의료,,,,
KR7490600004,,FGSC.40,금융,,,,
KR7490600004,,FGSC.45,IT,,,,
KR7490600004,,FGSC.50,통신서비스,,,,
KR7490600004,,FGSC.55,유틸리티,,,,
KR70018Z0003,,FGSC.10,에너지,,,,
KR70018Z0003,,FGSC.15,소재,,,,
KR70018Z0003,,FGSC.20,산업재,,,,
KR70018Z0003,,FGSC.25,경기소비재,,,,
KR70018Z0003,,FGSC.30,필수소비재,,,,
KR70018Z0003,,FGSC.35,의료,,,,
KR70018Z0003,,FGSC.40,금융,,,,
KR70018Z0003,,FGSC.45,IT,,,,
KR70018Z0003,,FGSC.50,통신서비스,,,,
KR70018Z0003,,FGSC.55,유틸리티,,,,
KR70218J0001,,FGSC.10,에너지,,,,
KR70218J0001,,FGSC.15,소재,,,,
KR70218J0001,,FGSC.20,산업재,,,,
KR70218J0001,,FGSC.25,경기소비재,,,,
KR70218J0001,,FGSC.30,필수소비재,,,,
KR70218J0001,,FGSC.35,의료,,,,
KR70218J0001,,FGSC.40,금융,,,,
KR70218J0001,,FGSC.45,IT,,,,
KR70218J0001,,FGSC.50,통신서비스,,,,
KR70218J0001,,FGSC.55,유틸리티,,,,
KR70013P0000,,FGSC.10,에너지,,,,
KR70013P0000,,FGSC.15,소재,,,,
KR70013P0000,,FGSC.20,산업재,,,,
KR70013P0000,,FGSC.25,경기소비재,,,,
KR70013P0000,,FGSC.30,필수소비재,,,,
KR70013P0000,,FGSC.35,의료,,,,
KR70013P0000,,FGSC.40,금융,,,,
KR70013P0000,,FGSC.45,IT,,,,
KR70013P0000,,FGSC.50,통신서비스,,,,
KR70013P0000,,FGSC.55,유틸리티,,,,
KR7267490001,,FGSC.10,에너지,,,,
KR7267490001,,FGSC.15,소재,,,,
KR7267490001,,FGSC.20,산업재,,,,
KR7267490001,,FGSC.25,경기소비재,,,,
KR7267490001,,FGSC.30,필수소비재,,,,
KR7267490001,,FGSC.35,의료,,,,
KR7267490001,,FGSC.40,금융,,,,
KR7267490001,,FGSC.45,IT,,,,
KR7267490001,,FGSC.50,통신서비스,,,,
KR7267490001,,FGSC.55,유틸리티,,,,
KR7267450005,,FGSC.10,에너지,,,,
KR7267450005,,FGSC.15,소재,,,,
KR7267450005,,FGSC.20,산업재,,,,
KR7267450005,,FGSC.25,경기소비재,,,,
KR7267450005,,FGSC.30,필수소비재,,,,
KR7267450005,,FGSC.35,의료,,,,
KR7267450005,,FGSC.40,금융,,,,
KR7267450005,,FGSC.45,IT,,,,
KR7267450005,,FGSC.50,통신서비스,,,,
KR7267450005,,FGSC.55,유틸리티,,,,
KR7267440006,,FGSC.10,에너지,,,,
KR7267440006,,FGSC.15,소재,,,,
KR7267440006,,FGSC.20,산업재,,,,
KR7267440006,,FGSC.25,경기소비재,,,,
KR7267440006,,FGSC.30,필수소비재,,,,
KR7267440006,,FGSC.35,의료,,,,
KR7267440006,,FGSC.40,금융,,,,
KR7267440006,,FGSC.45,IT,,,,
KR7267440006,,FGSC.50,통신서비스,,,,
KR7267440006,,FGSC.55,유틸리티,,,,
KR70036Z0001,,FGSC.10,에너지,,,,
KR70036Z0001,,FGSC.15,소재,,,,
KR70036Z0001,,FGSC.20,산업재,,,,
KR70036Z0001,,FGSC.25,경기소비재,,,,
KR70036Z0001,,FGSC.30,필수소비재,,,,
KR70036Z0001,,FGSC.35,의료,,,,
KR70036Z0001,,FGSC.40,금융,,,,
KR70036Z0001,,FGSC.45,IT,,,,
KR70036Z0001,,FGSC.50,통신서비스,,,,
KR70036Z0001,,FGSC.55,유틸리티,,,,
KR7491620001,,FGSC.10,에너지,,,,
KR7491620001,,FGSC.15,소재,,,,
KR7491620001,,FGSC.20,산업재,,,,
KR7491620001,,FGSC.25,경기소비재,,,,
KR7491620001,,FGSC.30,필수소비재,,,,
KR7491620001,,FGSC.35,의료,,,,
KR7491620001,,FGSC.40,금융,,,,
KR7491620001,,FGSC.45,IT,,,,
KR7491620001,,FGSC.50,통신서비스,,,,
KR7491620001,,FGSC.55,유틸리티,,,,
KR70036R0001,,FGSC.10,에너지,,,,
KR70036R0001,,FGSC.15,소재,,,,
KR70036R0001,,FGSC.20,산업재,,,,
KR70036R0001,,FGSC.25,경기소비재,,,,
KR70036R0001,,FGSC.30,필수소비재,,,,
KR70036R0001,,FGSC.35,의료,,,,
KR70036R0001,,FGSC.40,금융,,,,
KR70036R0001,,FGSC.45,IT,,,,
KR70036R0001,,FGSC.50,통신서비스,,,,
KR70036R0001,,FGSC.55,유틸리티,,,,
KR70000Z0003,,FGSC.10,에너지,,,,
KR70000Z0003,,FGSC.15,소재,,,,
KR70000Z0003,,FGSC.20,산업재,,,,
KR70000Z0003,,FGSC.25,경기소비재,,,,
KR70000Z0003,,FGSC.30,필수소비재,,,,
KR70000Z0003,20260813,FGSC.35,의료,99.9999,5.15,94.85,KB RISE 바이오TOP10액티브 증권 상장지수 투자신탁(주식)
KR70000Z0003,,FGSC.40,금융,,,,
KR70000Z0003,,FGSC.45,IT,,,,
KR70000Z0003,,FGSC.50,통신서비스,,,,
KR70000Z0003,,FGSC.55,유틸리티,,,,
KR7446700007,20260813,FGSC.10,에너지,6.363,2,4.36,KB RISE 배터리리사이클링iSelect 증권 상장지수 투자신탁(주식)
KR7446700007,20260813,FGSC.15,소재,32.0408,2.8,29.24,KB RISE 배터리리사이클링iSelect 증권 상장지수 투자신탁(주식)
KR7446700007,20260813,FGSC.20,산업재,13.2527,13.59,-.34,KB RISE 배터리리사이클링iSelect 증권 상장지수 투자신탁(주식)
KR7446700007,,FGSC.25,경기소비재,,,,
KR7446700007,,FGSC.30,필수소비재,,,,
KR7446700007,,FGSC.35,의료,,,,
KR7446700007,,FGSC.40,금융,,,,
KR7446700007,20260813,FGSC.45,IT,48.3433,59.71,-11.37,KB RISE 배터리리사이클링iSelect 증권 상장지수 투자신탁(주식)
KR7446700007,,FGSC.50,통신서비스,,,,
KR7446700007,,FGSC.55,유틸리티,,,,
KR7475350005,,FGSC.10,에너지,,,,
KR7475350005,,FGSC.15,소재,,,,
KR7475350005,,FGSC.20,산업재,,,,
KR7475350005,,FGSC.25,경기소비재,,,,
KR7475350005,,FGSC.30,필수소비재,,,,
KR7475350005,,FGSC.35,의료,,,,
KR7475350005,,FGSC.40,금융,,,,
KR7475350005,,FGSC.45,IT,,,,
KR7475350005,,FGSC.50,통신서비스,,,,
KR7475350005,,FGSC.55,유틸리티,,,,
KR7388420002,,FGSC.10,에너지,,,,
KR7388420002,,FGSC.15,소재,,,,
KR7388420002,,FGSC.20,산업재,,,,
KR7388420002,,FGSC.25,경기소비재,,,,
KR7388420002,,FGSC.30,필수소비재,,,,
KR7388420002,,FGSC.35,의료,,,,
KR7388420002,,FGSC.40,금융,,,,
KR7388420002,20260813,FGSC.45,IT,99.9999,59.71,40.29,KB RISE 비메모리반도체액티브 증권 상장지수 투자신탁(주식)
KR7388420002,,FGSC.50,통신서비스,,,,
KR7388420002,,FGSC.55,유틸리티,,,,
KR7448630004,,FGSC.10,에너지,,,,
KR7448630004,,FGSC.15,소재,,,,
KR7448630004,,FGSC.20,산업재,,,,
KR7448630004,,FGSC.25,경기소비재,,,,
KR7448630004,,FGSC.30,필수소비재,,,,
KR7448630004,20260813,FGSC.35,의료,23.9598,5.15,18.81,KB RISE 삼성그룹Top3채권혼합블룸버그 증권 상장지수 투자신탁(채권혼합)
KR7448630004,,FGSC.40,금융,,,,
KR7448630004,20260813,FGSC.45,IT,76.0402,59.71,16.33,KB RISE 삼성그룹Top3채권혼합블룸버그 증권 상장지수 투자신탁(채권혼합)
KR7448630004,,FGSC.50,통신서비스,,,,
KR7448630004,,FGSC.55,유틸리티,,,,
KR70162Z0007,,FGSC.10,에너지,,,,
KR70162Z0007,,FGSC.15,소재,,,,
KR70162Z0007,,FGSC.20,산업재,,,,
KR70162Z0007,,FGSC.25,경기소비재,,,,
KR70162Z0007,,FGSC.30,필수소비재,,,,
KR70162Z0007,,FGSC.35,의료,,,,
KR70162Z0007,,FGSC.40,금융,,,,
KR70162Z0007,20260813,FGSC.45,IT,100,59.71,40.29,KB RISE 삼성전자SK하이닉스채권혼합50 증권 상장지수 투자신탁(채권혼합)
KR70162Z0007,,FGSC.50,통신서비스,,,,
KR70162Z0007,,FGSC.55,유틸리티,,,,
KR70192M0006,,FGSC.10,에너지,,,,
KR70192M0006,,FGSC.15,소재,,,,
KR70192M0006,,FGSC.20,산업재,,,,
KR70192M0006,,FGSC.25,경기소비재,,,,
KR70192M0006,,FGSC.30,필수소비재,,,,
KR70192M0006,,FGSC.35,의료,,,,
KR70192M0006,,FGSC.40,금융,,,,
KR70192M0006,,FGSC.45,IT,,,,
KR70192M0006,,FGSC.50,통신서비스,,,,
KR70192M0006,,FGSC.55,유틸리티,,,,
KR7140570003,20260813,FGSC.10,에너지,12.8029,2,10.8,KB RISE 수출주 증권 상장지수 투자신탁(주식)
KR7140570003,20260813,FGSC.15,소재,9.5745,2.8,6.77,KB RISE 수출주 증권 상장지수 투자신탁(주식)
KR7140570003,20260813,FGSC.20,산업재,42.8477,13.59,29.26,KB RISE 수출주 증권 상장지수 투자신탁(주식)
KR7140570003,20260813,FGSC.25,경기소비재,9.595,6.12,3.48,KB RISE 수출주 증권 상장지수 투자신탁(주식)
KR7140570003,,FGSC.30,필수소비재,,,,
KR7140570003,,FGSC.35,의료,,,,
KR7140570003,,FGSC.40,금융,,,,
KR7140570003,20260813,FGSC.45,IT,25.18,59.71,-34.53,KB RISE 수출주 증권 상장지수 투자신탁(주식)
KR7140570003,,FGSC.50,통신서비스,,,,
KR7140570003,,FGSC.55,유틸리티,,,,
KR70093B0009,,FGSC.10,에너지,,,,
KR70093B0009,,FGSC.15,소재,,,,
KR70093B0009,,FGSC.20,산업재,,,,
KR70093B0009,,FGSC.25,경기소비재,,,,
KR70093B0009,,FGSC.30,필수소비재,,,,
KR70093B0009,,FGSC.35,의료,,,,
KR70093B0009,,FGSC.40,금융,,,,
KR70093B0009,,FGSC.45,IT,,,,
KR70093B0009,,FGSC.50,통신서비스,,,,
KR70093B0009,,FGSC.55,유틸리티,,,,
KR7140580002,20260813,FGSC.10,에너지,14.4415,2,12.44,KB RISE 우량업종대표주 증권 상장지수 투자신탁(주식)
KR7140580002,20260813,FGSC.15,소재,10.8123,2.8,8.01,KB RISE 우량업종대표주 증권 상장지수 투자신탁(주식)
KR7140580002,20260813,FGSC.20,산업재,8.3051,13.59,-5.28,KB RISE 우량업종대표주 증권 상장지수 투자신탁(주식)
KR7140580002,20260813,FGSC.25,경기소비재,31.0928,6.12,24.98,KB RISE 우량업종대표주 증권 상장지수 투자신탁(주식)
KR7140580002,,FGSC.30,필수소비재,,,,
KR7140580002,,FGSC.35,의료,,,,
KR7140580002,,FGSC.40,금융,,,,
KR7140580002,20260813,FGSC.45,IT,21.1565,59.71,-38.55,KB RISE 우량업종대표주 증권 상장지수 투자신탁(주식)
KR7140580002,20260813,FGSC.50,통신서비스,6.832,.66,6.17,KB RISE 우량업종대표주 증권 상장지수 투자신탁(주식)
KR7140580002,20260813,FGSC.55,유틸리티,7.3596,.5,6.86,KB RISE 우량업종대표주 증권 상장지수 투자신탁(주식)
KR7379790009,,FGSC.10,에너지,,,,
KR7379790009,,FGSC.15,소재,,,,
KR7379790009,,FGSC.20,산업재,,,,
KR7379790009,,FGSC.25,경기소비재,,,,
KR7379790009,,FGSC.30,필수소비재,,,,
KR7379790009,,FGSC.35,의료,,,,
KR7379790009,,FGSC.40,금융,,,,
KR7379790009,,FGSC.45,IT,,,,
KR7379790009,,FGSC.50,통신서비스,,,,
KR7379790009,,FGSC.55,유틸리티,,,,
KR7498610005,,FGSC.10,에너지,,,,
KR7498610005,,FGSC.15,소재,,,,
KR7498610005,,FGSC.20,산업재,,,,
KR7498610005,,FGSC.25,경기소비재,,,,
KR7498610005,,FGSC.30,필수소비재,,,,
KR7498610005,,FGSC.35,의료,,,,
KR7498610005,,FGSC.40,금융,,,,
KR7498610005,,FGSC.45,IT,,,,
KR7498610005,,FGSC.50,통신서비스,,,,
KR7498610005,,FGSC.55,유틸리티,,,,
KR7488480005,,FGSC.10,에너지,,,,
KR7488480005,,FGSC.15,소재,,,,
KR7488480005,,FGSC.20,산업재,,,,
KR7488480005,,FGSC.25,경기소비재,,,,
KR7488480005,,FGSC.30,필수소비재,,,,
KR7488480005,,FGSC.35,의료,,,,
KR7488480005,,FGSC.40,금융,,,,
KR7488480005,,FGSC.45,IT,,,,
KR7488480005,,FGSC.50,통신서비스,,,,
KR7488480005,,FGSC.55,유틸리티,,,,
KR7442550000,,FGSC.10,에너지,,,,
KR7442550000,,FGSC.15,소재,,,,
KR7442550000,,FGSC.20,산업재,,,,
KR7442550000,,FGSC.25,경기소비재,,,,
KR7442550000,,FGSC.30,필수소비재,,,,
KR7442550000,,FGSC.35,의료,,,,
KR7442550000,,FGSC.40,금융,,,,
KR7442550000,,FGSC.45,IT,,,,
KR7442550000,,FGSC.50,통신서비스,,,,
KR7442550000,,FGSC.55,유틸리티,,,,
KR7442560009,,FGSC.10,에너지,,,,
KR7442560009,,FGSC.15,소재,,,,
KR7442560009,,FGSC.20,산업재,,,,
KR7442560009,,FGSC.25,경기소비재,,,,
KR7442560009,,FGSC.30,필수소비재,,,,
KR7442560009,,FGSC.35,의료,,,,
KR7442560009,,FGSC.40,금융,,,,
KR7442560009,,FGSC.45,IT,,,,
KR7442560009,,FGSC.50,통신서비스,,,,
KR7442560009,,FGSC.55,유틸리티,,,,
KR7442570008,,FGSC.10,에너지,,,,
KR7442570008,,FGSC.15,소재,,,,
KR7442570008,,FGSC.20,산업재,,,,
KR7442570008,,FGSC.25,경기소비재,,,,
KR7442570008,,FGSC.30,필수소비재,,,,
KR7442570008,,FGSC.35,의료,,,,
KR7442570008,,FGSC.40,금융,,,,
KR7442570008,,FGSC.45,IT,,,,
KR7442570008,,FGSC.50,통신서비스,,,,
KR7442570008,,FGSC.55,유틸리티,,,,
KR7385540000,,FGSC.10,에너지,,,,
KR7385540000,,FGSC.15,소재,,,,
KR7385540000,,FGSC.20,산업재,,,,
KR7385540000,,FGSC.25,경기소비재,,,,
KR7385540000,,FGSC.30,필수소비재,,,,
KR7385540000,,FGSC.35,의료,,,,
KR7385540000,,FGSC.40,금융,,,,
KR7385540000,,FGSC.45,IT,,,,
KR7385540000,,FGSC.50,통신서비스,,,,
KR7385540000,,FGSC.55,유틸리티,,,,
KR7183710003,20260813,FGSC.10,에너지,1.1801,2,-.82,KB RISE 주식혼합 증권 상장지수 투자신탁(주식혼합)
KR7183710003,20260813,FGSC.15,소재,1.8593,2.8,-.94,KB RISE 주식혼합 증권 상장지수 투자신탁(주식혼합)
KR7183710003,20260813,FGSC.20,산업재,9.4507,13.59,-4.14,KB RISE 주식혼합 증권 상장지수 투자신탁(주식혼합)
KR7183710003,20260813,FGSC.25,경기소비재,4.5783,6.12,-1.54,KB RISE 주식혼합 증권 상장지수 투자신탁(주식혼합)
KR7183710003,20260813,FGSC.30,필수소비재,1.3342,1.91,-.57,KB RISE 주식혼합 증권 상장지수 투자신탁(주식혼합)
KR7183710003,20260813,FGSC.35,의료,1.6874,5.15,-3.47,KB RISE 주식혼합 증권 상장지수 투자신탁(주식혼합)
KR7183710003,20260813,FGSC.40,금융,6.7566,7.56,-.8,KB RISE 주식혼합 증권 상장지수 투자신탁(주식혼합)
KR7183710003,20260813,FGSC.45,IT,56.7696,59.71,-2.94,KB RISE 주식혼합 증권 상장지수 투자신탁(주식혼합)
KR7183710003,20260813,FGSC.50,통신서비스,.7217,.66,.06,KB RISE 주식혼합 증권 상장지수 투자신탁(주식혼합)
KR7183710003,20260813,FGSC.55,유틸리티,.3445,.5,-.15,KB RISE 주식혼합 증권 상장지수 투자신탁(주식혼합)
KR7310080007,,FGSC.10,에너지,,,,
KR7310080007,,FGSC.15,소재,,,,
KR7310080007,,FGSC.20,산업재,,,,
KR7310080007,,FGSC.25,경기소비재,,,,
KR7310080007,,FGSC.30,필수소비재,,,,
KR7310080007,,FGSC.35,의료,,,,
KR7310080007,,FGSC.40,금융,,,,
KR7310080007,,FGSC.45,IT,,,,
KR7310080007,,FGSC.50,통신서비스,,,,
KR7310080007,,FGSC.55,유틸리티,,,,
KR7463300004,,FGSC.10,에너지,,,,
KR7463300004,,FGSC.15,소재,,,,
KR7463300004,,FGSC.20,산업재,,,,
KR7463300004,,FGSC.25,경기소비재,,,,
KR7463300004,,FGSC.30,필수소비재,,,,
KR7463300004,,FGSC.35,의료,,,,
KR7463300004,,FGSC.40,금융,,,,
KR7463300004,,FGSC.45,IT,,,,
KR7463300004,,FGSC.50,통신서비스,,,,
KR7463300004,,FGSC.55,유틸리티,,,,
KR7174360008,,FGSC.10,에너지,,,,
KR7174360008,,FGSC.15,소재,,,,
KR7174360008,,FGSC.20,산업재,,,,
KR7174360008,,FGSC.25,경기소비재,,,,
KR7174360008,,FGSC.30,필수소비재,,,,
KR7174360008,,FGSC.35,의료,,,,
KR7174360008,,FGSC.40,금융,,,,
KR7174360008,,FGSC.45,IT,,,,
KR7174360008,,FGSC.50,통신서비스,,,,
KR7174360008,,FGSC.55,유틸리티,,,,
KR7136340007,,FGSC.10,에너지,,,,
KR7136340007,,FGSC.15,소재,,,,
KR7136340007,,FGSC.20,산업재,,,,
KR7136340007,,FGSC.25,경기소비재,,,,
KR7136340007,,FGSC.30,필수소비재,,,,
KR7136340007,,FGSC.35,의료,,,,
KR7136340007,,FGSC.40,금융,,,,
KR7136340007,,FGSC.45,IT,,,,
KR7136340007,,FGSC.50,통신서비스,,,,
KR7136340007,,FGSC.55,유틸리티,,,,
KR7281990002,20260813,FGSC.10,에너지,4.0513,2,2.05,KB RISE 중소형 고배당 증권 상장지수 투자신탁(주식)
KR7281990002,20260813,FGSC.15,소재,4.3452,2.8,1.54,KB RISE 중소형 고배당 증권 상장지수 투자신탁(주식)
KR7281990002,20260813,FGSC.20,산업재,18.6528,13.59,5.06,KB RISE 중소형 고배당 증권 상장지수 투자신탁(주식)
KR7281990002,20260813,FGSC.25,경기소비재,47.3584,6.12,41.24,KB RISE 중소형 고배당 증권 상장지수 투자신탁(주식)
KR7281990002,20260813,FGSC.30,필수소비재,7.6602,1.91,5.75,KB RISE 중소형 고배당 증권 상장지수 투자신탁(주식)
KR7281990002,,FGSC.35,의료,,,,
KR7281990002,20260813,FGSC.40,금융,5.8371,7.56,-1.72,KB RISE 중소형 고배당 증권 상장지수 투자신탁(주식)
KR7281990002,20260813,FGSC.45,IT,4.4116,59.71,-55.3,KB RISE 중소형 고배당 증권 상장지수 투자신탁(주식)
KR7281990002,,FGSC.50,통신서비스,,,,
KR7281990002,20260813,FGSC.55,유틸리티,7.6835,.5,7.19,KB RISE 중소형 고배당 증권 상장지수 투자신탁(주식)
KR7272570003,,FGSC.10,에너지,,,,
KR7272570003,,FGSC.15,소재,,,,
KR7272570003,,FGSC.20,산업재,,,,
KR7272570003,,FGSC.25,경기소비재,,,,
KR7272570003,,FGSC.30,필수소비재,,,,
KR7272570003,,FGSC.35,의료,,,,
KR7272570003,,FGSC.40,금융,,,,
KR7272570003,,FGSC.45,IT,,,,
KR7272570003,,FGSC.50,통신서비스,,,,
KR7272570003,,FGSC.55,유틸리티,,,,
KR70164G0008,,FGSC.10,에너지,,,,
KR70164G0008,,FGSC.15,소재,,,,
KR70164G0008,,FGSC.20,산업재,,,,
KR70164G0008,,FGSC.25,경기소비재,,,,
KR70164G0008,,FGSC.30,필수소비재,,,,
KR70164G0008,,FGSC.35,의료,,,,
KR70164G0008,,FGSC.40,금융,,,,
KR70164G0008,,FGSC.45,IT,,,,
KR70164G0008,,FGSC.50,통신서비스,,,,
KR70164G0008,,FGSC.55,유틸리티,,,,
KR7250730009,,FGSC.10,에너지,,,,
KR7250730009,,FGSC.15,소재,,,,
KR7250730009,,FGSC.20,산업재,,,,
KR7250730009,,FGSC.25,경기소비재,,,,
KR7250730009,,FGSC.30,필수소비재,,,,
KR7250730009,,FGSC.35,의료,,,,
KR7250730009,,FGSC.40,금융,,,,
KR7250730009,,FGSC.45,IT,,,,
KR7250730009,,FGSC.50,통신서비스,,,,
KR7250730009,,FGSC.55,유틸리티,,,,
KR7291680007,,FGSC.10,에너지,,,,
KR7291680007,,FGSC.15,소재,,,,
KR7291680007,,FGSC.20,산업재,,,,
KR7291680007,,FGSC.25,경기소비재,,,,
KR7291680007,,FGSC.30,필수소비재,,,,
KR7291680007,,FGSC.35,의료,,,,
KR7291680007,,FGSC.40,금융,,,,
KR7291680007,,FGSC.45,IT,,,,
KR7291680007,,FGSC.50,통신서비스,,,,
KR7291680007,,FGSC.55,유틸리티,,,,
KR70094L0006,,FGSC.10,에너지,,,,
KR70094L0006,,FGSC.15,소재,,,,
KR70094L0006,,FGSC.20,산업재,,,,
KR70094L0006,,FGSC.25,경기소비재,,,,
KR70094L0006,,FGSC.30,필수소비재,,,,
KR70094L0006,,FGSC.35,의료,,,,
KR70094L0006,,FGSC.40,금융,,,,
KR70094L0006,,FGSC.45,IT,,,,
KR70094L0006,,FGSC.50,통신서비스,,,,
KR70094L0006,,FGSC.55,유틸리티,,,,
KR7371150004,,FGSC.10,에너지,,,,
KR7371150004,,FGSC.15,소재,,,,
KR7371150004,,FGSC.20,산업재,,,,
KR7371150004,,FGSC.25,경기소비재,,,,
KR7371150004,,FGSC.30,필수소비재,,,,
KR7371150004,,FGSC.35,의료,,,,
KR7371150004,,FGSC.40,금융,,,,
KR7371150004,,FGSC.45,IT,,,,
KR7371150004,,FGSC.50,통신서비스,,,,
KR7371150004,,FGSC.55,유틸리티,,,,
KR7498860006,,FGSC.10,에너지,,,,
KR7498860006,,FGSC.15,소재,,,,
KR7498860006,,FGSC.20,산업재,,,,
KR7498860006,,FGSC.25,경기소비재,,,,
KR7498860006,,FGSC.30,필수소비재,,,,
KR7498860006,,FGSC.35,의료,,,,
KR7498860006,20260813,FGSC.40,금융,100,7.56,92.44,KB RISE 코리아금융고배당 증권 상장지수 투자신탁(주식)
KR7498860006,,FGSC.45,IT,,,,
KR7498860006,,FGSC.50,통신서비스,,,,
KR7498860006,,FGSC.55,유틸리티,,,,
KR70094M0005,20260813,FGSC.10,에너지,.2452,2,-1.76,KB RISE 코리아밸류업위클리고정커버드콜 증권 상장지수 투자신탁(주식-파생형)
KR70094M0005,20260813,FGSC.15,소재,.3864,2.8,-2.41,KB RISE 코리아밸류업위클리고정커버드콜 증권 상장지수 투자신탁(주식-파생형)
KR70094M0005,20260813,FGSC.20,산업재,15.7479,13.59,2.16,KB RISE 코리아밸류업위클리고정커버드콜 증권 상장지수 투자신탁(주식-파생형)
KR70094M0005,20260813,FGSC.25,경기소비재,11.5489,6.12,5.43,KB RISE 코리아밸류업위클리고정커버드콜 증권 상장지수 투자신탁(주식-파생형)
KR70094M0005,20260813,FGSC.30,필수소비재,3.6604,1.91,1.75,KB RISE 코리아밸류업위클리고정커버드콜 증권 상장지수 투자신탁(주식-파생형)
KR70094M0005,20260813,FGSC.35,의료,.9377,5.15,-4.22,KB RISE 코리아밸류업위클리고정커버드콜 증권 상장지수 투자신탁(주식-파생형)
KR70094M0005,20260813,FGSC.40,금융,18.8568,7.56,11.3,KB RISE 코리아밸류업위클리고정커버드콜 증권 상장지수 투자신탁(주식-파생형)
KR70094M0005,20260813,FGSC.45,IT,46.3699,59.71,-13.34,KB RISE 코리아밸류업위클리고정커버드콜 증권 상장지수 투자신탁(주식-파생형)
KR70094M0005,20260813,FGSC.50,통신서비스,2.1418,.66,1.48,KB RISE 코리아밸류업위클리고정커버드콜 증권 상장지수 투자신탁(주식-파생형)
KR70094M0005,20260813,FGSC.55,유틸리티,.1048,.5,-.39,KB RISE 코리아밸류업위클리고정커버드콜 증권 상장지수 투자신탁(주식-파생형)
KR7495050007,20260813,FGSC.10,에너지,.2252,2,-1.78,KB RISE 코리아밸류업 증권 상장지수 투자신탁(주식)
KR7495050007,20260813,FGSC.15,소재,.3735,2.8,-2.43,KB RISE 코리아밸류업 증권 상장지수 투자신탁(주식)
KR7495050007,20260813,FGSC.20,산업재,15.5789,13.59,1.99,KB RISE 코리아밸류업 증권 상장지수 투자신탁(주식)
KR7495050007,20260813,FGSC.25,경기소비재,11.5321,6.12,5.42,KB RISE 코리아밸류업 증권 상장지수 투자신탁(주식)
KR7495050007,20260813,FGSC.30,필수소비재,3.5818,1.91,1.67,KB RISE 코리아밸류업 증권 상장지수 투자신탁(주식)
KR7495050007,20260813,FGSC.35,의료,.9208,5.15,-4.23,KB RISE 코리아밸류업 증권 상장지수 투자신탁(주식)
KR7495050007,20260813,FGSC.40,금융,18.8383,7.56,11.28,KB RISE 코리아밸류업 증권 상장지수 투자신탁(주식)
KR7495050007,20260813,FGSC.45,IT,46.7123,59.71,-13,KB RISE 코리아밸류업 증권 상장지수 투자신탁(주식)
KR7495050007,20260813,FGSC.50,통신서비스,2.1352,.66,1.47,KB RISE 코리아밸류업 증권 상장지수 투자신탁(주식)
KR7495050007,20260813,FGSC.55,유틸리티,.1016,.5,-.4,KB RISE 코리아밸류업 증권 상장지수 투자신탁(주식)
KR70151P0002,,FGSC.10,에너지,,,,
KR70151P0002,20260813,FGSC.15,소재,1.8817,2.8,-.92,KB RISE 코리아전략산업액티브 증권 상장지수 투자신탁(주식)
KR70151P0002,20260813,FGSC.20,산업재,19.2604,13.59,5.67,KB RISE 코리아전략산업액티브 증권 상장지수 투자신탁(주식)
KR70151P0002,20260813,FGSC.25,경기소비재,3.9803,6.12,-2.14,KB RISE 코리아전략산업액티브 증권 상장지수 투자신탁(주식)
KR70151P0002,,FGSC.30,필수소비재,,,,
KR70151P0002,,FGSC.35,의료,,,,
KR70151P0002,,FGSC.40,금융,,,,
KR70151P0002,20260813,FGSC.45,IT,74.8778,59.71,15.17,KB RISE 코리아전략산업액티브 증권 상장지수 투자신탁(주식)
KR70151P0002,,FGSC.50,통신서비스,,,,
KR70151P0002,,FGSC.55,유틸리티,,,,
KR7278240007,,FGSC.10,에너지,,,,
KR7278240007,,FGSC.15,소재,,,,
KR7278240007,,FGSC.20,산업재,,,,
KR7278240007,,FGSC.25,경기소비재,,,,
KR7278240007,,FGSC.30,필수소비재,,,,
KR7278240007,,FGSC.35,의료,,,,
KR7278240007,,FGSC.40,금융,,,,
KR7278240007,,FGSC.45,IT,,,,
KR7278240007,,FGSC.50,통신서비스,,,,
KR7278240007,,FGSC.55,유틸리티,,,,
KR7275750008,,FGSC.10,에너지,,,,
KR7275750008,,FGSC.15,소재,,,,
KR7275750008,,FGSC.20,산업재,,,,
KR7275750008,,FGSC.25,경기소비재,,,,
KR7275750008,,FGSC.30,필수소비재,,,,
KR7275750008,,FGSC.35,의료,,,,
KR7275750008,,FGSC.40,금융,,,,
KR7275750008,,FGSC.45,IT,,,,
KR7275750008,,FGSC.50,통신서비스,,,,
KR7275750008,,FGSC.55,유틸리티,,,,
KR7270810005,20260813,FGSC.10,에너지,.6777,2,-1.32,KB RISE 코스닥150 증권 상장지수 투자신탁(주식)
KR7270810005,20260813,FGSC.15,소재,1.4218,2.8,-1.38,KB RISE 코스닥150 증권 상장지수 투자신탁(주식)
KR7270810005,20260813,FGSC.20,산업재,10.6696,13.59,-2.92,KB RISE 코스닥150 증권 상장지수 투자신탁(주식)
KR7270810005,20260813,FGSC.25,경기소비재,4.4576,6.12,-1.66,KB RISE 코스닥150 증권 상장지수 투자신탁(주식)
KR7270810005,20260813,FGSC.30,필수소비재,1.8965,1.91,-.01,KB RISE 코스닥150 증권 상장지수 투자신탁(주식)
KR7270810005,20260813,FGSC.35,의료,32.9272,5.15,27.77,KB RISE 코스닥150 증권 상장지수 투자신탁(주식)
KR7270810005,20260813,FGSC.40,금융,.6235,7.56,-6.94,KB RISE 코스닥150 증권 상장지수 투자신탁(주식)
KR7270810005,20260813,FGSC.45,IT,47.3257,59.71,-12.38,KB RISE 코스닥150 증권 상장지수 투자신탁(주식)
KR7270810005,,FGSC.50,통신서비스,,,,
KR7270810005,,FGSC.55,유틸리티,,,,
KR70223A0003,20260813,FGSC.10,에너지,3.3438,2,1.34,KB RISE 코스닥커버드콜액티브 증권 상장지수 투자신탁(주식-파생형)
KR70223A0003,,FGSC.15,소재,,,,
KR70223A0003,20260813,FGSC.20,산업재,13.3252,13.59,-.26,KB RISE 코스닥커버드콜액티브 증권 상장지수 투자신탁(주식-파생형)
KR70223A0003,,FGSC.25,경기소비재,,,,
KR70223A0003,20260813,FGSC.30,필수소비재,6.1208,1.91,4.21,KB RISE 코스닥커버드콜액티브 증권 상장지수 투자신탁(주식-파생형)
KR70223A0003,20260813,FGSC.35,의료,20.2557,5.15,15.1,KB RISE 코스닥커버드콜액티브 증권 상장지수 투자신탁(주식-파생형)
KR70223A0003,,FGSC.40,금융,,,,
KR70223A0003,20260813,FGSC.45,IT,56.9547,59.71,-2.76,KB RISE 코스닥커버드콜액티브 증권 상장지수 투자신탁(주식-파생형)
KR70223A0003,,FGSC.50,통신서비스,,,,
KR70223A0003,,FGSC.55,유틸리티,,,,
KR7302450002,20260813,FGSC.10,에너지,2.1315,2,.13,KB RISE 코스피 증권 상장지수 투자신탁(주식)
KR7302450002,20260813,FGSC.15,소재,2.8824,2.8,.08,KB RISE 코스피 증권 상장지수 투자신탁(주식)
KR7302450002,20260813,FGSC.20,산업재,13.8684,13.59,.28,KB RISE 코스피 증권 상장지수 투자신탁(주식)
KR7302450002,20260813,FGSC.25,경기소비재,6.1318,6.12,.02,KB RISE 코스피 증권 상장지수 투자신탁(주식)
KR7302450002,20260813,FGSC.30,필수소비재,1.8545,1.91,-.05,KB RISE 코스피 증권 상장지수 투자신탁(주식)
KR7302450002,20260813,FGSC.35,의료,3.3175,5.15,-1.84,KB RISE 코스피 증권 상장지수 투자신탁(주식)
KR7302450002,20260813,FGSC.40,금융,8.2902,7.56,.73,KB RISE 코스피 증권 상장지수 투자신탁(주식)
KR7302450002,20260813,FGSC.45,IT,60.1958,59.71,.49,KB RISE 코스피 증권 상장지수 투자신탁(주식)
KR7302450002,20260813,FGSC.50,통신서비스,.7369,.66,.07,KB RISE 코스피 증권 상장지수 투자신탁(주식)
KR7302450002,20260813,FGSC.55,유틸리티,.5909,.5,.09,KB RISE 코스피 증권 상장지수 투자신탁(주식)
KR70047P0000,,FGSC.10,에너지,,,,
KR70047P0000,,FGSC.15,소재,,,,
KR70047P0000,,FGSC.20,산업재,,,,
KR70047P0000,,FGSC.25,경기소비재,,,,
KR70047P0000,,FGSC.30,필수소비재,,,,
KR70047P0000,,FGSC.35,의료,,,,
KR70047P0000,,FGSC.40,금융,,,,
KR70047P0000,,FGSC.45,IT,,,,
KR70047P0000,,FGSC.50,통신서비스,,,,
KR70047P0000,,FGSC.55,유틸리티,,,,
KR7449580000,,FGSC.10,에너지,,,,
KR7449580000,,FGSC.15,소재,,,,
KR7449580000,,FGSC.20,산업재,,,,
KR7449580000,,FGSC.25,경기소비재,,,,
KR7449580000,,FGSC.30,필수소비재,,,,
KR7449580000,,FGSC.35,의료,,,,
KR7449580000,,FGSC.40,금융,,,,
KR7449580000,,FGSC.45,IT,,,,
KR7449580000,,FGSC.50,통신서비스,,,,
KR7449580000,,FGSC.55,유틸리티,,,,
KR7334700002,,FGSC.10,에너지,,,,
KR7334700002,,FGSC.15,소재,,,,
KR7334700002,,FGSC.20,산업재,,,,
KR7334700002,,FGSC.25,경기소비재,,,,
KR7334700002,,FGSC.30,필수소비재,,,,
KR7334700002,,FGSC.35,의료,,,,
KR7334700002,,FGSC.40,금융,,,,
KR7334700002,,FGSC.45,IT,,,,
KR7334700002,,FGSC.50,통신서비스,,,,
KR7334700002,,FGSC.55,유틸리티,,,,
KR7334690005,,FGSC.10,에너지,,,,
KR7334690005,,FGSC.15,소재,,,,
KR7334690005,,FGSC.20,산업재,,,,
KR7334690005,,FGSC.25,경기소비재,,,,
KR7334690005,,FGSC.30,필수소비재,,,,
KR7334690005,,FGSC.35,의료,,,,
KR7334690005,,FGSC.40,금융,,,,
KR7334690005,,FGSC.45,IT,,,,
KR7334690005,,FGSC.50,통신서비스,,,,
KR7334690005,,FGSC.55,유틸리티,,,,
KR70047R0008,,FGSC.10,에너지,,,,
KR70047R0008,,FGSC.15,소재,,,,
KR70047R0008,,FGSC.20,산업재,,,,
KR70047R0008,,FGSC.25,경기소비재,,,,
KR70047R0008,,FGSC.30,필수소비재,,,,
KR70047R0008,,FGSC.35,의료,,,,
KR70047R0008,,FGSC.40,금융,,,,
KR70047R0008,,FGSC.45,IT,,,,
KR70047R0008,,FGSC.50,통신서비스,,,,
KR70047R0008,,FGSC.55,유틸리티,,,,
KR7253280002,,FGSC.10,에너지,,,,
KR7253280002,,FGSC.15,소재,,,,
KR7253280002,,FGSC.20,산업재,,,,
KR7253280002,,FGSC.25,경기소비재,,,,
KR7253280002,,FGSC.30,필수소비재,,,,
KR7253280002,20260813,FGSC.35,의료,99.9999,5.15,94.85,KB RISE 헬스케어 증권 상장지수 투자신탁(주식)
KR7253280002,,FGSC.40,금융,,,,
KR7253280002,,FGSC.45,IT,,,,
KR7253280002,,FGSC.50,통신서비스,,,,
KR7253280002,,FGSC.55,유틸리티,,,,
KR7253290001,,FGSC.10,에너지,,,,
KR7253290001,,FGSC.15,소재,,,,
KR7253290001,,FGSC.20,산업재,,,,
KR7253290001,,FGSC.25,경기소비재,,,,
KR7253290001,,FGSC.30,필수소비재,,,,
KR7253290001,20260813,FGSC.35,의료,62.4241,5.15,57.27,KB RISE 헬스케어 채권혼합 증권 상장지수 투자신탁(채권혼합)
KR7253290001,,FGSC.40,금융,,,,
KR7253290001,,FGSC.45,IT,,,,
KR7253290001,,FGSC.50,통신서비스,,,,
KR7253290001,,FGSC.55,유틸리티,,,,
KR70190C0000,,FGSC.10,에너지,,,,
KR70190C0000,,FGSC.15,소재,,,,
KR70190C0000,20260813,FGSC.20,산업재,14.6291,13.59,1.04,KB RISE 현대차고정피지컬AI 증권 상장지수 투자신탁(주식)
KR70190C0000,20260813,FGSC.25,경기소비재,57.6157,6.12,51.5,KB RISE 현대차고정피지컬AI 증권 상장지수 투자신탁(주식)
KR70190C0000,,FGSC.30,필수소비재,,,,
KR70190C0000,,FGSC.35,의료,,,,
KR70190C0000,,FGSC.40,금융,,,,
KR70190C0000,20260813,FGSC.45,IT,27.7553,59.71,-31.96,KB RISE 현대차고정피지컬AI 증권 상장지수 투자신탁(주식)
KR70190C0000,,FGSC.50,통신서비스,,,,
KR70190C0000,,FGSC.55,유틸리티,,,,
KR7407310002,,FGSC.10,에너지,,,,
KR7407310002,,FGSC.15,소재,,,,
KR7407310002,20260813,FGSC.20,산업재,31.587,13.59,18,NH-Amundi HANARO 200 TOP10 증권상장지수투자신탁[주식]
KR7407310002,20260813,FGSC.25,경기소비재,17.4615,6.12,11.35,NH-Amundi HANARO 200 TOP10 증권상장지수투자신탁[주식]
KR7407310002,,FGSC.30,필수소비재,,,,
KR7407310002,20260813,FGSC.35,의료,13.4558,5.15,8.3,NH-Amundi HANARO 200 TOP10 증권상장지수투자신탁[주식]
KR7407310002,,FGSC.40,금융,,,,
KR7407310002,20260813,FGSC.45,IT,37.4958,59.71,-22.21,NH-Amundi HANARO 200 TOP10 증권상장지수투자신탁[주식]
KR7407310002,,FGSC.50,통신서비스,,,,
KR7407310002,,FGSC.55,유틸리티,,,,
KR7332930007,20260813,FGSC.10,에너지,1.3597,2,-.64,NH-Amundi HANARO 200 Total Return 증권 상장지수투자신탁[주식]
KR7332930007,20260813,FGSC.15,소재,2.1127,2.8,-.69,NH-Amundi HANARO 200 Total Return 증권 상장지수투자신탁[주식]
KR7332930007,20260813,FGSC.20,산업재,10.7809,13.59,-2.81,NH-Amundi HANARO 200 Total Return 증권 상장지수투자신탁[주식]
KR7332930007,20260813,FGSC.25,경기소비재,5.2593,6.12,-.86,NH-Amundi HANARO 200 Total Return 증권 상장지수투자신탁[주식]
KR7332930007,20260813,FGSC.30,필수소비재,1.5752,1.91,-.33,NH-Amundi HANARO 200 Total Return 증권 상장지수투자신탁[주식]
KR7332930007,20260813,FGSC.35,의료,1.9421,5.15,-3.21,NH-Amundi HANARO 200 Total Return 증권 상장지수투자신탁[주식]
KR7332930007,20260813,FGSC.40,금융,7.7628,7.56,.2,NH-Amundi HANARO 200 Total Return 증권 상장지수투자신탁[주식]
KR7332930007,20260813,FGSC.45,IT,67.9811,59.71,8.27,NH-Amundi HANARO 200 Total Return 증권 상장지수투자신탁[주식]
KR7332930007,20260813,FGSC.50,통신서비스,.8297,.66,.17,NH-Amundi HANARO 200 Total Return 증권 상장지수투자신탁[주식]
KR7332930007,20260813,FGSC.55,유틸리티,.3966,.5,-.1,NH-Amundi HANARO 200 Total Return 증권 상장지수투자신탁[주식]
KR7304780000,,FGSC.10,에너지,,,,
KR7304780000,,FGSC.15,소재,,,,
KR7304780000,,FGSC.20,산업재,,,,
KR7304780000,,FGSC.25,경기소비재,,,,
KR7304780000,,FGSC.30,필수소비재,,,,
KR7304780000,,FGSC.35,의료,,,,
KR7304780000,,FGSC.40,금융,,,,
KR7304780000,,FGSC.45,IT,,,,
KR7304780000,,FGSC.50,통신서비스,,,,
KR7304780000,,FGSC.55,유틸리티,,,,
KR7306520008,,FGSC.10,에너지,,,,
KR7306520008,,FGSC.15,소재,,,,
KR7306520008,,FGSC.20,산업재,,,,
KR7306520008,,FGSC.25,경기소비재,,,,
KR7306520008,,FGSC.30,필수소비재,,,,
KR7306520008,,FGSC.35,의료,,,,
KR7306520008,,FGSC.40,금융,,,,
KR7306520008,,FGSC.45,IT,,,,
KR7306520008,,FGSC.50,통신서비스,,,,
KR7306520008,,FGSC.55,유틸리티,,,,
KR7293180006,20260813,FGSC.10,에너지,1.3549,2,-.65,NH-Amundi HANARO 200 증권 상장지수투자신탁[주식]
KR7293180006,20260813,FGSC.15,소재,2.0996,2.8,-.7,NH-Amundi HANARO 200 증권 상장지수투자신탁[주식]
KR7293180006,20260813,FGSC.20,산업재,10.7454,13.59,-2.84,NH-Amundi HANARO 200 증권 상장지수투자신탁[주식]
KR7293180006,20260813,FGSC.25,경기소비재,5.2704,6.12,-.85,NH-Amundi HANARO 200 증권 상장지수투자신탁[주식]
KR7293180006,20260813,FGSC.30,필수소비재,1.5635,1.91,-.34,NH-Amundi HANARO 200 증권 상장지수투자신탁[주식]
KR7293180006,20260813,FGSC.35,의료,1.931,5.15,-3.22,NH-Amundi HANARO 200 증권 상장지수투자신탁[주식]
KR7293180006,20260813,FGSC.40,금융,7.7627,7.56,.2,NH-Amundi HANARO 200 증권 상장지수투자신탁[주식]
KR7293180006,20260813,FGSC.45,IT,68.0453,59.71,8.33,NH-Amundi HANARO 200 증권 상장지수투자신탁[주식]
KR7293180006,20260813,FGSC.50,통신서비스,.8297,.66,.17,NH-Amundi HANARO 200 증권 상장지수투자신탁[주식]
KR7293180006,20260813,FGSC.55,유틸리티,.3975,.5,-.1,NH-Amundi HANARO 200 증권 상장지수투자신탁[주식]
KR70123S0004,,FGSC.10,에너지,,,,
KR70123S0004,,FGSC.15,소재,,,,
KR70123S0004,,FGSC.20,산업재,,,,
KR70123S0004,,FGSC.25,경기소비재,,,,
KR70123S0004,,FGSC.30,필수소비재,,,,
KR70123S0004,,FGSC.35,의료,,,,
KR70123S0004,,FGSC.40,금융,,,,
KR70123S0004,,FGSC.45,IT,,,,
KR70123S0004,,FGSC.50,통신서비스,,,,
KR70123S0004,,FGSC.55,유틸리티,,,,
KR70091M0008,,FGSC.10,에너지,,,,
KR70091M0008,,FGSC.15,소재,,,,
KR70091M0008,,FGSC.20,산업재,,,,
KR70091M0008,,FGSC.25,경기소비재,,,,
KR70091M0008,,FGSC.30,필수소비재,,,,
KR70091M0008,,FGSC.35,의료,,,,
KR70091M0008,,FGSC.40,금융,,,,
KR70091M0008,,FGSC.45,IT,,,,
KR70091M0008,,FGSC.50,통신서비스,,,,
KR70091M0008,,FGSC.55,유틸리티,,,,
KR7448490003,,FGSC.10,에너지,,,,
KR7448490003,,FGSC.15,소재,,,,
KR7448490003,,FGSC.20,산업재,,,,
KR7448490003,,FGSC.25,경기소비재,,,,
KR7448490003,,FGSC.30,필수소비재,,,,
KR7448490003,,FGSC.35,의료,,,,
KR7448490003,,FGSC.40,금융,,,,
KR7448490003,,FGSC.45,IT,,,,
KR7448490003,,FGSC.50,통신서비스,,,,
KR7448490003,,FGSC.55,유틸리티,,,,
KR7454320003,20260813,FGSC.10,에너지,11.6681,2,9.67,NH-Amundi HANARO CAPEX설비투자iSelect 증권상장지수투자신탁[주식]
KR7454320003,,FGSC.15,소재,,,,
KR7454320003,20260813,FGSC.20,산업재,80.99,13.59,67.4,NH-Amundi HANARO CAPEX설비투자iSelect 증권상장지수투자신탁[주식]
KR7454320003,20260813,FGSC.25,경기소비재,4.9924,6.12,-1.12,NH-Amundi HANARO CAPEX설비투자iSelect 증권상장지수투자신탁[주식]
KR7454320003,,FGSC.30,필수소비재,,,,
KR7454320003,,FGSC.35,의료,,,,
KR7454320003,,FGSC.40,금융,,,,
KR7454320003,,FGSC.45,IT,,,,
KR7454320003,,FGSC.50,통신서비스,,,,
KR7454320003,20260813,FGSC.55,유틸리티,2.3493,.5,1.85,NH-Amundi HANARO CAPEX설비투자iSelect 증권상장지수투자신탁[주식]
KR7395290000,,FGSC.10,에너지,,,,
KR7395290000,,FGSC.15,소재,,,,
KR7395290000,,FGSC.20,산업재,,,,
KR7395290000,20260813,FGSC.25,경기소비재,99.9999,6.12,93.88,NH-Amundi HANARO Fn K-POP&미디어 증권상장지수투자신탁[주식]
KR7395290000,,FGSC.30,필수소비재,,,,
KR7395290000,,FGSC.35,의료,,,,
KR7395290000,,FGSC.40,금융,,,,
KR7395290000,,FGSC.45,IT,,,,
KR7395290000,,FGSC.50,통신서비스,,,,
KR7395290000,,FGSC.55,유틸리티,,,,
KR7395280001,,FGSC.10,에너지,,,,
KR7395280001,,FGSC.15,소재,,,,
KR7395280001,,FGSC.20,산업재,,,,
KR7395280001,,FGSC.25,경기소비재,,,,
KR7395280001,,FGSC.30,필수소비재,,,,
KR7395280001,,FGSC.35,의료,,,,
KR7395280001,,FGSC.40,금융,,,,
KR7395280001,20260813,FGSC.45,IT,100,59.71,40.29,NH-Amundi HANARO Fn K-게임 증권상장지수투자신탁[주식]
KR7395280001,,FGSC.50,통신서비스,,,,
KR7395280001,,FGSC.55,유틸리티,,,,
KR7368190005,,FGSC.10,에너지,,,,
KR7368190005,20260813,FGSC.15,소재,19.1733,2.8,16.37,NH-Amundi HANARO Fn K-뉴딜디지털플러스 증권상장지수투자신탁[주식]
KR7368190005,,FGSC.20,산업재,,,,
KR7368190005,,FGSC.25,경기소비재,,,,
KR7368190005,,FGSC.30,필수소비재,,,,
KR7368190005,20260813,FGSC.35,의료,35.4405,5.15,30.29,NH-Amundi HANARO Fn K-뉴딜디지털플러스 증권상장지수투자신탁[주식]
KR7368190005,,FGSC.40,금융,,,,
KR7368190005,20260813,FGSC.45,IT,45.3864,59.71,-14.32,NH-Amundi HANARO Fn K-뉴딜디지털플러스 증권상장지수투자신탁[주식]
KR7368190005,,FGSC.50,통신서비스,,,,
KR7368190005,,FGSC.55,유틸리티,,,,
KR7402460000,,FGSC.10,에너지,,,,
KR7402460000,,FGSC.15,소재,,,,
KR7402460000,,FGSC.20,산업재,,,,
KR7402460000,20260813,FGSC.25,경기소비재,22.2627,6.12,16.15,NH-Amundi HANARO Fn K-메타버스 MZ 증권상장지수투자신탁[주식]
KR7402460000,,FGSC.30,필수소비재,,,,
KR7402460000,,FGSC.35,의료,,,,
KR7402460000,,FGSC.40,금융,,,,
KR7402460000,20260813,FGSC.45,IT,49.9749,59.71,-9.74,NH-Amundi HANARO Fn K-메타버스 MZ 증권상장지수투자신탁[주식]
KR7402460000,20260813,FGSC.50,통신서비스,27.7626,.66,27.1,NH-Amundi HANARO Fn K-메타버스 MZ 증권상장지수투자신탁[주식]
KR7402460000,,FGSC.55,유틸리티,,,,
KR7395270002,,FGSC.10,에너지,,,,
KR7395270002,,FGSC.15,소재,,,,
KR7395270002,,FGSC.20,산업재,,,,
KR7395270002,,FGSC.25,경기소비재,,,,
KR7395270002,,FGSC.30,필수소비재,,,,
KR7395270002,,FGSC.35,의료,,,,
KR7395270002,,FGSC.40,금융,,,,
KR7395270002,20260813,FGSC.45,IT,100.0002,59.71,40.29,NH-Amundi HANARO Fn K-반도체 증권상장지수투자신탁[주식]
KR7395270002,,FGSC.50,통신서비스,,,,
KR7395270002,,FGSC.55,유틸리티,,,,
KR7438900003,,FGSC.10,에너지,,,,
KR7438900003,,FGSC.15,소재,,,,
KR7438900003,,FGSC.20,산업재,,,,
KR7438900003,,FGSC.25,경기소비재,,,,
KR7438900003,20260813,FGSC.30,필수소비재,99.9999,1.91,98.09,NH-Amundi HANARO Fn K-푸드 증권상장지수투자신탁[주식]
KR7438900003,,FGSC.35,의료,,,,
KR7438900003,,FGSC.40,금융,,,,
KR7438900003,,FGSC.45,IT,,,,
KR7438900003,,FGSC.50,통신서비스,,,,
KR7438900003,,FGSC.55,유틸리티,,,,
KR7367740008,,FGSC.10,에너지,,,,
KR7367740008,,FGSC.15,소재,,,,
KR7367740008,,FGSC.20,산업재,,,,
KR7367740008,,FGSC.25,경기소비재,,,,
KR7367740008,,FGSC.30,필수소비재,,,,
KR7367740008,,FGSC.35,의료,,,,
KR7367740008,,FGSC.40,금융,,,,
KR7367740008,20260813,FGSC.45,IT,76.9886,59.71,17.28,NH-Amundi HANARO Fn 5G산업 증권상장지수투자신탁[주식]
KR7367740008,20260813,FGSC.50,통신서비스,23.0113,.66,22.35,NH-Amundi HANARO Fn 5G산업 증권상장지수투자신탁[주식]
KR7367740008,,FGSC.55,유틸리티,,,,
KR7407300003,,FGSC.10,에너지,,,,
KR7407300003,20260813,FGSC.15,소재,15.3429,2.8,12.54,NH-Amundi HANARO Fn골프테마 증권상장지수투자신탁[주식]
KR7407300003,20260813,FGSC.20,산업재,21.0354,13.59,7.45,NH-Amundi HANARO Fn골프테마 증권상장지수투자신탁[주식]
KR7407300003,20260813,FGSC.25,경기소비재,31.9146,6.12,25.8,NH-Amundi HANARO Fn골프테마 증권상장지수투자신탁[주식]
KR7407300003,,FGSC.30,필수소비재,,,,
KR7407300003,,FGSC.35,의료,,,,
KR7407300003,20260813,FGSC.40,금융,8.3464,7.56,.79,NH-Amundi HANARO Fn골프테마 증권상장지수투자신탁[주식]
KR7407300003,20260813,FGSC.45,IT,23.3608,59.71,-36.35,NH-Amundi HANARO Fn골프테마 증권상장지수투자신탁[주식]
KR7407300003,,FGSC.50,통신서비스,,,,
KR7407300003,,FGSC.55,유틸리티,,,,
KR7381560002,20260813,FGSC.10,에너지,6.737,2,4.73,NH-Amundi HANARO Fn전기&수소차 증권상장지수투자신탁[주식]
KR7381560002,20260813,FGSC.15,소재,15.9104,2.8,13.11,NH-Amundi HANARO Fn전기&수소차 증권상장지수투자신탁[주식]
KR7381560002,20260813,FGSC.20,산업재,7.2234,13.59,-6.37,NH-Amundi HANARO Fn전기&수소차 증권상장지수투자신탁[주식]
KR7381560002,20260813,FGSC.25,경기소비재,40.1069,6.12,33.99,NH-Amundi HANARO Fn전기&수소차 증권상장지수투자신탁[주식]
KR7381560002,,FGSC.30,필수소비재,,,,
KR7381560002,,FGSC.35,의료,,,,
KR7381560002,,FGSC.40,금융,,,,
KR7381560002,20260813,FGSC.45,IT,30.0223,59.71,-29.69,NH-Amundi HANARO Fn전기&수소차 증권상장지수투자신탁[주식]
KR7381560002,,FGSC.50,통신서비스,,,,
KR7381560002,,FGSC.55,유틸리티,,,,
KR7441540002,,FGSC.10,에너지,,,,
KR7441540002,,FGSC.15,소재,,,,
KR7441540002,20260813,FGSC.20,산업재,100,13.59,86.41,NH-Amundi HANARO Fn조선해운 증권상장지수투자신탁[주식]
KR7441540002,,FGSC.25,경기소비재,,,,
KR7441540002,,FGSC.30,필수소비재,,,,
KR7441540002,,FGSC.35,의료,,,,
KR7441540002,,FGSC.40,금융,,,,
KR7441540002,,FGSC.45,IT,,,,
KR7441540002,,FGSC.50,통신서비스,,,,
KR7441540002,,FGSC.55,유틸리티,,,,
KR7381570001,20260813,FGSC.10,에너지,29.1155,2,27.11,NH-Amundi HANARO Fn친환경에너지 증권상장지수투자신탁[주식]
KR7381570001,20260813,FGSC.15,소재,22.3368,2.8,19.54,NH-Amundi HANARO Fn친환경에너지 증권상장지수투자신탁[주식]
KR7381570001,20260813,FGSC.20,산업재,14.963,13.59,1.37,NH-Amundi HANARO Fn친환경에너지 증권상장지수투자신탁[주식]
KR7381570001,20260813,FGSC.25,경기소비재,1.905,6.12,-4.21,NH-Amundi HANARO Fn친환경에너지 증권상장지수투자신탁[주식]
KR7381570001,,FGSC.30,필수소비재,,,,
KR7381570001,,FGSC.35,의료,,,,
KR7381570001,,FGSC.40,금융,,,,
KR7381570001,20260813,FGSC.45,IT,31.6796,59.71,-28.03,NH-Amundi HANARO Fn친환경에너지 증권상장지수투자신탁[주식]
KR7381570001,,FGSC.50,통신서비스,,,,
KR7381570001,,FGSC.55,유틸리티,,,,
KR7479850000,,FGSC.10,에너지,,,,
KR7479850000,20260813,FGSC.15,소재,.9864,2.8,-1.81,NH-Amundi HANARO K-뷰티 증권상장지수투자신탁[주식]
KR7479850000,,FGSC.20,산업재,,,,
KR7479850000,20260813,FGSC.25,경기소비재,6.1095,6.12,-.01,NH-Amundi HANARO K-뷰티 증권상장지수투자신탁[주식]
KR7479850000,20260813,FGSC.30,필수소비재,74.3585,1.91,72.45,NH-Amundi HANARO K-뷰티 증권상장지수투자신탁[주식]
KR7479850000,20260813,FGSC.35,의료,18.5457,5.15,13.39,NH-Amundi HANARO K-뷰티 증권상장지수투자신탁[주식]
KR7479850000,,FGSC.40,금융,,,,
KR7479850000,,FGSC.45,IT,,,,
KR7479850000,,FGSC.50,통신서비스,,,,
KR7479850000,,FGSC.55,유틸리티,,,,
KR7453060006,,FGSC.10,에너지,,,,
KR7453060006,,FGSC.15,소재,,,,
KR7453060006,,FGSC.20,산업재,,,,
KR7453060006,,FGSC.25,경기소비재,,,,
KR7453060006,,FGSC.30,필수소비재,,,,
KR7453060006,,FGSC.35,의료,,,,
KR7453060006,,FGSC.40,금융,,,,
KR7453060006,,FGSC.45,IT,,,,
KR7453060006,,FGSC.50,통신서비스,,,,
KR7453060006,,FGSC.55,유틸리티,,,,
KR7304760002,20260813,FGSC.10,에너지,1.4527,2,-.55,NH-Amundi HANARO KRX300 증권 상장지수투자신탁[주식]
KR7304760002,20260813,FGSC.15,소재,1.9849,2.8,-.82,NH-Amundi HANARO KRX300 증권 상장지수투자신탁[주식]
KR7304760002,20260813,FGSC.20,산업재,10.8572,13.59,-2.73,NH-Amundi HANARO KRX300 증권 상장지수투자신탁[주식]
KR7304760002,20260813,FGSC.25,경기소비재,5.2127,6.12,-.9,NH-Amundi HANARO KRX300 증권 상장지수투자신탁[주식]
KR7304760002,20260813,FGSC.30,필수소비재,1.4633,1.91,-.44,NH-Amundi HANARO KRX300 증권 상장지수투자신탁[주식]
KR7304760002,20260813,FGSC.35,의료,3.4816,5.15,-1.67,NH-Amundi HANARO KRX300 증권 상장지수투자신탁[주식]
KR7304760002,20260813,FGSC.40,금융,7.5424,7.56,-.02,NH-Amundi HANARO KRX300 증권 상장지수투자신탁[주식]
KR7304760002,20260813,FGSC.45,IT,66.8405,59.71,7.13,NH-Amundi HANARO KRX300 증권 상장지수투자신탁[주식]
KR7304760002,20260813,FGSC.50,통신서비스,.7913,.66,.13,NH-Amundi HANARO KRX300 증권 상장지수투자신탁[주식]
KR7304760002,20260813,FGSC.55,유틸리티,.3742,.5,-.12,NH-Amundi HANARO KRX300 증권 상장지수투자신탁[주식]
KR7322410002,20260813,FGSC.10,에너지,.1315,2,-1.87,NH-Amundi HANARO K고배당 증권 상장지수투자신탁[주식]
KR7322410002,20260813,FGSC.15,소재,4.3709,2.8,1.57,NH-Amundi HANARO K고배당 증권 상장지수투자신탁[주식]
KR7322410002,20260813,FGSC.20,산업재,17.3986,13.59,3.81,NH-Amundi HANARO K고배당 증권 상장지수투자신탁[주식]
KR7322410002,20260813,FGSC.25,경기소비재,17.4327,6.12,11.32,NH-Amundi HANARO K고배당 증권 상장지수투자신탁[주식]
KR7322410002,20260813,FGSC.30,필수소비재,6.6004,1.91,4.69,NH-Amundi HANARO K고배당 증권 상장지수투자신탁[주식]
KR7322410002,,FGSC.35,의료,,,,
KR7322410002,20260813,FGSC.40,금융,41.5222,7.56,33.96,NH-Amundi HANARO K고배당 증권 상장지수투자신탁[주식]
KR7322410002,20260813,FGSC.45,IT,2.323,59.71,-57.39,NH-Amundi HANARO K고배당 증권 상장지수투자신탁[주식]
KR7322410002,20260813,FGSC.50,통신서비스,10.2208,.66,9.56,NH-Amundi HANARO K고배당 증권 상장지수투자신탁[주식]
KR7322410002,,FGSC.55,유틸리티,,,,
KR70155N0000,,FGSC.10,에너지,,,,
KR70155N0000,,FGSC.15,소재,,,,
KR70155N0000,20260813,FGSC.20,산업재,46.8628,13.59,33.27,NH-Amundi HANARO K휴머노이드테마TOP10 증권상장지수투자신탁(주식)
KR70155N0000,20260813,FGSC.25,경기소비재,45.8639,6.12,39.75,NH-Amundi HANARO K휴머노이드테마TOP10 증권상장지수투자신탁(주식)
KR70155N0000,,FGSC.30,필수소비재,,,,
KR70155N0000,,FGSC.35,의료,,,,
KR70155N0000,,FGSC.40,금융,,,,
KR70155N0000,20260813,FGSC.45,IT,7.2735,59.71,-52.44,NH-Amundi HANARO K휴머노이드테마TOP10 증권상장지수투자신탁(주식)
KR70155N0000,,FGSC.50,통신서비스,,,,
KR70155N0000,,FGSC.55,유틸리티,,,,
KR7332940006,20260813,FGSC.10,에너지,.9862,2,-1.02,NH-Amundi HANARO MSCI KOREA Total Return 증권 상장지수투자신탁[주식]
KR7332940006,20260813,FGSC.15,소재,1.2151,2.8,-1.59,NH-Amundi HANARO MSCI KOREA Total Return 증권 상장지수투자신탁[주식]
KR7332940006,20260813,FGSC.20,산업재,8.9361,13.59,-4.65,NH-Amundi HANARO MSCI KOREA Total Return 증권 상장지수투자신탁[주식]
KR7332940006,20260813,FGSC.25,경기소비재,4.6601,6.12,-1.46,NH-Amundi HANARO MSCI KOREA Total Return 증권 상장지수투자신탁[주식]
KR7332940006,20260813,FGSC.30,필수소비재,1.0397,1.91,-.87,NH-Amundi HANARO MSCI KOREA Total Return 증권 상장지수투자신탁[주식]
KR7332940006,20260813,FGSC.35,의료,2.2925,5.15,-2.86,NH-Amundi HANARO MSCI KOREA Total Return 증권 상장지수투자신탁[주식]
KR7332940006,20260813,FGSC.40,금융,7.1736,7.56,-.39,NH-Amundi HANARO MSCI KOREA Total Return 증권 상장지수투자신탁[주식]
KR7332940006,20260813,FGSC.45,IT,73.1072,59.71,13.4,NH-Amundi HANARO MSCI KOREA Total Return 증권 상장지수투자신탁[주식]
KR7332940006,20260813,FGSC.50,통신서비스,.3207,.66,-.34,NH-Amundi HANARO MSCI KOREA Total Return 증권 상장지수투자신탁[주식]
KR7332940006,20260813,FGSC.55,유틸리티,.2686,.5,-.23,NH-Amundi HANARO MSCI KOREA Total Return 증권 상장지수투자신탁[주식]
KR7322400003,,FGSC.10,에너지,,,,
KR7322400003,,FGSC.15,소재,,,,
KR7322400003,20260813,FGSC.20,산업재,4.4903,13.59,-9.1,NH-Amundi HANARO e커머스 증권 상장지수투자신탁[주식]
KR7322400003,20260813,FGSC.25,경기소비재,32.1075,6.12,25.99,NH-Amundi HANARO e커머스 증권 상장지수투자신탁[주식]
KR7322400003,,FGSC.30,필수소비재,,,,
KR7322400003,,FGSC.35,의료,,,,
KR7322400003,20260813,FGSC.40,금융,9.0732,7.56,1.51,NH-Amundi HANARO e커머스 증권 상장지수투자신탁[주식]
KR7322400003,20260813,FGSC.45,IT,54.3289,59.71,-5.38,NH-Amundi HANARO e커머스 증권 상장지수투자신탁[주식]
KR7322400003,,FGSC.50,통신서비스,,,,
KR7322400003,,FGSC.55,유틸리티,,,,
KR7473640001,,FGSC.10,에너지,,,,
KR7473640001,,FGSC.15,소재,,,,
KR7473640001,,FGSC.20,산업재,,,,
KR7473640001,,FGSC.25,경기소비재,,,,
KR7473640001,,FGSC.30,필수소비재,,,,
KR7473640001,,FGSC.35,의료,,,,
KR7473640001,,FGSC.40,금융,,,,
KR7473640001,,FGSC.45,IT,,,,
KR7473640001,,FGSC.50,통신서비스,,,,
KR7473640001,,FGSC.55,유틸리티,,,,
KR7354350001,,FGSC.10,에너지,,,,
KR7354350001,,FGSC.15,소재,,,,
KR7354350001,,FGSC.20,산업재,,,,
KR7354350001,,FGSC.25,경기소비재,,,,
KR7354350001,,FGSC.30,필수소비재,,,,
KR7354350001,,FGSC.35,의료,,,,
KR7354350001,,FGSC.40,금융,,,,
KR7354350001,,FGSC.45,IT,,,,
KR7354350001,,FGSC.50,통신서비스,,,,
KR7354350001,,FGSC.55,유틸리티,,,,
KR7461340002,,FGSC.10,에너지,,,,
KR7461340002,,FGSC.15,소재,,,,
KR7461340002,,FGSC.20,산업재,,,,
KR7461340002,,FGSC.25,경기소비재,,,,
KR7461340002,,FGSC.30,필수소비재,,,,
KR7461340002,,FGSC.35,의료,,,,
KR7461340002,,FGSC.40,금융,,,,
KR7461340002,,FGSC.45,IT,,,,
KR7461340002,,FGSC.50,통신서비스,,,,
KR7461340002,,FGSC.55,유틸리티,,,,
KR7401590005,,FGSC.10,에너지,,,,
KR7401590005,,FGSC.15,소재,,,,
KR7401590005,,FGSC.20,산업재,,,,
KR7401590005,,FGSC.25,경기소비재,,,,
KR7401590005,,FGSC.30,필수소비재,,,,
KR7401590005,,FGSC.35,의료,,,,
KR7401590005,,FGSC.40,금융,,,,
KR7401590005,,FGSC.45,IT,,,,
KR7401590005,,FGSC.50,통신서비스,,,,
KR7401590005,,FGSC.55,유틸리티,,,,
KR70040S0004,,FGSC.10,에너지,,,,
KR70040S0004,,FGSC.15,소재,,,,
KR70040S0004,,FGSC.20,산업재,,,,
KR70040S0004,,FGSC.25,경기소비재,,,,
KR70040S0004,,FGSC.30,필수소비재,,,,
KR70040S0004,,FGSC.35,의료,,,,
KR70040S0004,,FGSC.40,금융,,,,
KR70040S0004,,FGSC.45,IT,,,,
KR70040S0004,,FGSC.50,통신서비스,,,,
KR70040S0004,,FGSC.55,유틸리티,,,,
KR7314700006,,FGSC.10,에너지,,,,
KR7314700006,20260813,FGSC.15,소재,19.3049,2.8,16.5,NH-Amundi HANARO 농업융복합산업 증권 상장지수투자신탁[주식]
KR7314700006,20260813,FGSC.20,산업재,22.2853,13.59,8.7,NH-Amundi HANARO 농업융복합산업 증권 상장지수투자신탁[주식]
KR7314700006,,FGSC.25,경기소비재,,,,
KR7314700006,20260813,FGSC.30,필수소비재,57.5214,1.91,55.61,NH-Amundi HANARO 농업융복합산업 증권 상장지수투자신탁[주식]
KR7314700006,20260813,FGSC.35,의료,.8884,5.15,-4.27,NH-Amundi HANARO 농업융복합산업 증권 상장지수투자신탁[주식]
KR7314700006,,FGSC.40,금융,,,,
KR7314700006,,FGSC.45,IT,,,,
KR7314700006,,FGSC.50,통신서비스,,,,
KR7314700006,,FGSC.55,유틸리티,,,,
KR7486830003,,FGSC.10,에너지,,,,
KR7486830003,,FGSC.15,소재,,,,
KR7486830003,,FGSC.20,산업재,,,,
KR7486830003,,FGSC.25,경기소비재,,,,
KR7486830003,,FGSC.30,필수소비재,,,,
KR7486830003,,FGSC.35,의료,,,,
KR7486830003,,FGSC.40,금융,,,,
KR7486830003,,FGSC.45,IT,,,,
KR7486830003,,FGSC.50,통신서비스,,,,
KR7486830003,,FGSC.55,유틸리티,,,,
KR70215T0002,,FGSC.10,에너지,,,,
KR70215T0002,,FGSC.15,소재,,,,
KR70215T0002,,FGSC.20,산업재,,,,
KR70215T0002,,FGSC.25,경기소비재,,,,
KR70215T0002,,FGSC.30,필수소비재,,,,
KR70215T0002,,FGSC.35,의료,,,,
KR70215T0002,,FGSC.40,금융,,,,
KR70215T0002,,FGSC.45,IT,,,,
KR70215T0002,,FGSC.50,통신서비스,,,,
KR70215T0002,,FGSC.55,유틸리티,,,,
KR70181B0002,,FGSC.10,에너지,,,,
KR70181B0002,,FGSC.15,소재,,,,
KR70181B0002,,FGSC.20,산업재,,,,
KR70181B0002,,FGSC.25,경기소비재,,,,
KR70181B0002,,FGSC.30,필수소비재,,,,
KR70181B0002,,FGSC.35,의료,,,,
KR70181B0002,,FGSC.40,금융,,,,
KR70181B0002,,FGSC.45,IT,,,,
KR70181B0002,,FGSC.50,통신서비스,,,,
KR70181B0002,,FGSC.55,유틸리티,,,,
KR70219Z0000,,FGSC.10,에너지,,,,
KR70219Z0000,,FGSC.15,소재,,,,
KR70219Z0000,,FGSC.20,산업재,,,,
KR70219Z0000,,FGSC.25,경기소비재,,,,
KR70219Z0000,,FGSC.30,필수소비재,,,,
KR70219Z0000,,FGSC.35,의료,,,,
KR70219Z0000,,FGSC.40,금융,,,,
KR70219Z0000,,FGSC.45,IT,,,,
KR70219Z0000,,FGSC.50,통신서비스,,,,
KR70219Z0000,,FGSC.55,유틸리티,,,,
KR7432840007,,FGSC.10,에너지,,,,
KR7432840007,,FGSC.15,소재,,,,
KR7432840007,,FGSC.20,산업재,,,,
KR7432840007,,FGSC.25,경기소비재,,,,
KR7432840007,,FGSC.30,필수소비재,,,,
KR7432840007,,FGSC.35,의료,,,,
KR7432840007,,FGSC.40,금융,,,,
KR7432840007,,FGSC.45,IT,,,,
KR7432840007,,FGSC.50,통신서비스,,,,
KR7432840007,,FGSC.55,유틸리티,,,,
KR7498050004,,FGSC.10,에너지,,,,
KR7498050004,,FGSC.15,소재,,,,
KR7498050004,,FGSC.20,산업재,,,,
KR7498050004,,FGSC.25,경기소비재,,,,
KR7498050004,,FGSC.30,필수소비재,,,,
KR7498050004,20260813,FGSC.35,의료,100.0001,5.15,94.85,NH-Amundi HANARO 바이오코리아 액티브증권상장지수투자신탁[주식]
KR7498050004,,FGSC.40,금융,,,,
KR7498050004,,FGSC.45,IT,,,,
KR7498050004,,FGSC.50,통신서비스,,,,
KR7498050004,,FGSC.55,유틸리티,,,,
KR7476260005,,FGSC.10,에너지,,,,
KR7476260005,,FGSC.15,소재,,,,
KR7476260005,,FGSC.20,산업재,,,,
KR7476260005,,FGSC.25,경기소비재,,,,
KR7476260005,,FGSC.30,필수소비재,,,,
KR7476260005,,FGSC.35,의료,,,,
KR7476260005,,FGSC.40,금융,,,,
KR7476260005,20260813,FGSC.45,IT,100.0001,59.71,40.29,NH-Amundi HANARO 반도체핵심공정주도주 증권상장지수투자신탁[주식]
KR7476260005,,FGSC.50,통신서비스,,,,
KR7476260005,,FGSC.55,유틸리티,,,,
KR7434730008,20260813,FGSC.10,에너지,2.7907,2,.79,NH-Amundi HANARO 원자력iSelect 증권상장지수투자신탁[주식]
KR7434730008,,FGSC.15,소재,,,,
KR7434730008,20260813,FGSC.20,산업재,86.4924,13.59,72.9,NH-Amundi HANARO 원자력iSelect 증권상장지수투자신탁[주식]
KR7434730008,,FGSC.25,경기소비재,,,,
KR7434730008,,FGSC.30,필수소비재,,,,
KR7434730008,,FGSC.35,의료,,,,
KR7434730008,,FGSC.40,금융,,,,
KR7434730008,,FGSC.45,IT,,,,
KR7434730008,,FGSC.50,통신서비스,,,,
KR7434730008,20260813,FGSC.55,유틸리티,10.7167,.5,10.22,NH-Amundi HANARO 원자력iSelect 증권상장지수투자신탁[주식]
KR70082F0008,,FGSC.10,에너지,,,,
KR70082F0008,,FGSC.15,소재,,,,
KR70082F0008,,FGSC.20,산업재,,,,
KR70082F0008,,FGSC.25,경기소비재,,,,
KR70082F0008,,FGSC.30,필수소비재,,,,
KR70082F0008,,FGSC.35,의료,,,,
KR70082F0008,,FGSC.40,금융,,,,
KR70082F0008,,FGSC.45,IT,,,,
KR70082F0008,,FGSC.50,통신서비스,,,,
KR70082F0008,,FGSC.55,유틸리티,,,,
KR7491820007,,FGSC.10,에너지,,,,
KR7491820007,,FGSC.15,소재,,,,
KR7491820007,20260813,FGSC.20,산업재,98.8499,13.59,85.26,NH-Amundi HANARO 전력설비투자 증권상장지수투자신탁[주식]
KR7491820007,,FGSC.25,경기소비재,,,,
KR7491820007,,FGSC.30,필수소비재,,,,
KR7491820007,,FGSC.35,의료,,,,
KR7491820007,,FGSC.40,금융,,,,
KR7491820007,20260813,FGSC.45,IT,1.1501,59.71,-58.56,NH-Amundi HANARO 전력설비투자 증권상장지수투자신탁[주식]
KR7491820007,,FGSC.50,통신서비스,,,,
KR7491820007,,FGSC.55,유틸리티,,,,
KR7461500001,,FGSC.10,에너지,,,,
KR7461500001,,FGSC.15,소재,,,,
KR7461500001,,FGSC.20,산업재,,,,
KR7461500001,,FGSC.25,경기소비재,,,,
KR7461500001,,FGSC.30,필수소비재,,,,
KR7461500001,,FGSC.35,의료,,,,
KR7461500001,,FGSC.40,금융,,,,
KR7461500001,,FGSC.45,IT,,,,
KR7461500001,,FGSC.50,통신서비스,,,,
KR7461500001,,FGSC.55,유틸리티,,,,
KR70191W0005,,FGSC.10,에너지,,,,
KR70191W0005,,FGSC.15,소재,,,,
KR70191W0005,,FGSC.20,산업재,,,,
KR70191W0005,,FGSC.25,경기소비재,,,,
KR70191W0005,,FGSC.30,필수소비재,,,,
KR70191W0005,,FGSC.35,의료,,,,
KR70191W0005,,FGSC.40,금융,,,,
KR70191W0005,,FGSC.45,IT,,,,
KR70191W0005,,FGSC.50,통신서비스,,,,
KR70191W0005,,FGSC.55,유틸리티,,,,
KR70111J0009,,FGSC.10,에너지,,,,
KR70111J0009,,FGSC.15,소재,,,,
KR70111J0009,,FGSC.20,산업재,,,,
KR70111J0009,,FGSC.25,경기소비재,,,,
KR70111J0009,,FGSC.30,필수소비재,,,,
KR70111J0009,,FGSC.35,의료,,,,
KR70111J0009,20260813,FGSC.40,금융,100,7.56,92.44,NH-Amundi HANARO 증권고배당TOP3플러스 증권상장지수투자신탁[주식]
KR70111J0009,,FGSC.45,IT,,,,
KR70111J0009,,FGSC.50,통신서비스,,,,
KR70111J0009,,FGSC.55,유틸리티,,,,
KR7495750002,20260813,FGSC.10,에너지,.2278,2,-1.77,NH-Amundi HANARO 코리아밸류업 증권상장지수투자신탁[주식]
KR7495750002,20260813,FGSC.15,소재,.3779,2.8,-2.42,NH-Amundi HANARO 코리아밸류업 증권상장지수투자신탁[주식]
KR7495750002,20260813,FGSC.20,산업재,15.6791,13.59,2.09,NH-Amundi HANARO 코리아밸류업 증권상장지수투자신탁[주식]
KR7495750002,20260813,FGSC.25,경기소비재,11.5065,6.12,5.39,NH-Amundi HANARO 코리아밸류업 증권상장지수투자신탁[주식]
KR7495750002,20260813,FGSC.30,필수소비재,3.5986,1.91,1.69,NH-Amundi HANARO 코리아밸류업 증권상장지수투자신탁[주식]
KR7495750002,20260813,FGSC.35,의료,.9058,5.15,-4.25,NH-Amundi HANARO 코리아밸류업 증권상장지수투자신탁[주식]
KR7495750002,20260813,FGSC.40,금융,18.8659,7.56,11.31,NH-Amundi HANARO 코리아밸류업 증권상장지수투자신탁[주식]
KR7495750002,20260813,FGSC.45,IT,46.6006,59.71,-13.11,NH-Amundi HANARO 코리아밸류업 증권상장지수투자신탁[주식]
KR7495750002,20260813,FGSC.50,통신서비스,2.1349,.66,1.47,NH-Amundi HANARO 코리아밸류업 증권상장지수투자신탁[주식]
KR7495750002,20260813,FGSC.55,유틸리티,.1028,.5,-.39,NH-Amundi HANARO 코리아밸류업 증권상장지수투자신탁[주식]
KR7306530007,,FGSC.10,에너지,,,,
KR7306530007,,FGSC.15,소재,,,,
KR7306530007,,FGSC.20,산업재,,,,
KR7306530007,,FGSC.25,경기소비재,,,,
KR7306530007,,FGSC.30,필수소비재,,,,
KR7306530007,,FGSC.35,의료,,,,
KR7306530007,,FGSC.40,금융,,,,
KR7306530007,,FGSC.45,IT,,,,
KR7306530007,,FGSC.50,통신서비스,,,,
KR7306530007,,FGSC.55,유틸리티,,,,
KR7304770001,20260813,FGSC.10,에너지,.6747,2,-1.33,NH-Amundi HANARO 코스닥150 증권 상장지수투자신탁[주식]
KR7304770001,20260813,FGSC.15,소재,1.4198,2.8,-1.38,NH-Amundi HANARO 코스닥150 증권 상장지수투자신탁[주식]
KR7304770001,20260813,FGSC.20,산업재,10.6556,13.59,-2.93,NH-Amundi HANARO 코스닥150 증권 상장지수투자신탁[주식]
KR7304770001,20260813,FGSC.25,경기소비재,4.4379,6.12,-1.68,NH-Amundi HANARO 코스닥150 증권 상장지수투자신탁[주식]
KR7304770001,20260813,FGSC.30,필수소비재,1.8908,1.91,-.02,NH-Amundi HANARO 코스닥150 증권 상장지수투자신탁[주식]
KR7304770001,20260813,FGSC.35,의료,33.0295,5.15,27.88,NH-Amundi HANARO 코스닥150 증권 상장지수투자신탁[주식]
KR7304770001,20260813,FGSC.40,금융,.6207,7.56,-6.94,NH-Amundi HANARO 코스닥150 증권 상장지수투자신탁[주식]
KR7304770001,20260813,FGSC.45,IT,47.2704,59.71,-12.44,NH-Amundi HANARO 코스닥150 증권 상장지수투자신탁[주식]
KR7304770001,,FGSC.50,통신서비스,,,,
KR7304770001,,FGSC.55,유틸리티,,,,
KR7375760006,20260813,FGSC.10,에너지,1.1302,2,-.87,NH-Amundi HANARO 탄소효율그린뉴딜 증권상장지수투자신탁[주식]
KR7375760006,20260813,FGSC.15,소재,2.9291,2.8,.13,NH-Amundi HANARO 탄소효율그린뉴딜 증권상장지수투자신탁[주식]
KR7375760006,20260813,FGSC.20,산업재,14.8077,13.59,1.22,NH-Amundi HANARO 탄소효율그린뉴딜 증권상장지수투자신탁[주식]
KR7375760006,20260813,FGSC.25,경기소비재,5.1913,6.12,-.92,NH-Amundi HANARO 탄소효율그린뉴딜 증권상장지수투자신탁[주식]
KR7375760006,20260813,FGSC.30,필수소비재,1.9457,1.91,.04,NH-Amundi HANARO 탄소효율그린뉴딜 증권상장지수투자신탁[주식]
KR7375760006,20260813,FGSC.35,의료,4.6323,5.15,-.52,NH-Amundi HANARO 탄소효율그린뉴딜 증권상장지수투자신탁[주식]
KR7375760006,20260813,FGSC.40,금융,9.5688,7.56,2.01,NH-Amundi HANARO 탄소효율그린뉴딜 증권상장지수투자신탁[주식]
KR7375760006,20260813,FGSC.45,IT,59.0916,59.71,-.62,NH-Amundi HANARO 탄소효율그린뉴딜 증권상장지수투자신탁[주식]
KR7375760006,20260813,FGSC.50,통신서비스,.2927,.66,-.37,NH-Amundi HANARO 탄소효율그린뉴딜 증권상장지수투자신탁[주식]
KR7375760006,20260813,FGSC.55,유틸리티,.4103,.5,-.09,NH-Amundi HANARO 탄소효율그린뉴딜 증권상장지수투자신탁[주식]
KR70007N0000,20260813,FGSC.10,에너지,1.3541,2,-.65,iM에셋 아이엠에셋 200 증권 상장지수투자신탁(주식)
KR70007N0000,20260813,FGSC.15,소재,2.0975,2.8,-.7,iM에셋 아이엠에셋 200 증권 상장지수투자신탁(주식)
KR70007N0000,20260813,FGSC.20,산업재,10.7384,13.59,-2.85,iM에셋 아이엠에셋 200 증권 상장지수투자신탁(주식)
KR70007N0000,20260813,FGSC.25,경기소비재,5.2689,6.12,-.85,iM에셋 아이엠에셋 200 증권 상장지수투자신탁(주식)
KR70007N0000,20260813,FGSC.30,필수소비재,1.5779,1.91,-.33,iM에셋 아이엠에셋 200 증권 상장지수투자신탁(주식)
KR70007N0000,20260813,FGSC.35,의료,1.9262,5.15,-3.23,iM에셋 아이엠에셋 200 증권 상장지수투자신탁(주식)
KR70007N0000,20260813,FGSC.40,금융,7.7588,7.56,.2,iM에셋 아이엠에셋 200 증권 상장지수투자신탁(주식)
KR70007N0000,20260813,FGSC.45,IT,68.0501,59.71,8.34,iM에셋 아이엠에셋 200 증권 상장지수투자신탁(주식)
KR70007N0000,20260813,FGSC.50,통신서비스,.8303,.66,.17,iM에셋 아이엠에셋 200 증권 상장지수투자신탁(주식)
KR70007N0000,20260813,FGSC.55,유틸리티,.3978,.5,-.1,iM에셋 아이엠에셋 200 증권 상장지수투자신탁(주식)
KR7491510004,20260813,FGSC.10,에너지,2.6887,2,.69,교보악사 파워 K-주주가치액티브증권상장지수투자신탁[주식]
KR7491510004,20260813,FGSC.15,소재,2.4,2.8,-.4,교보악사 파워 K-주주가치액티브증권상장지수투자신탁[주식]
KR7491510004,20260813,FGSC.20,산업재,15.8709,13.59,2.28,교보악사 파워 K-주주가치액티브증권상장지수투자신탁[주식]
KR7491510004,20260813,FGSC.25,경기소비재,21.8824,6.12,15.77,교보악사 파워 K-주주가치액티브증권상장지수투자신탁[주식]
KR7491510004,20260813,FGSC.30,필수소비재,4.4496,1.91,2.54,교보악사 파워 K-주주가치액티브증권상장지수투자신탁[주식]
KR7491510004,,FGSC.35,의료,,,,
KR7491510004,20260813,FGSC.40,금융,37.7169,7.56,30.16,교보악사 파워 K-주주가치액티브증권상장지수투자신탁[주식]
KR7491510004,20260813,FGSC.45,IT,7.1819,59.71,-52.53,교보악사 파워 K-주주가치액티브증권상장지수투자신탁[주식]
KR7491510004,20260813,FGSC.50,통신서비스,4.3533,.66,3.69,교보악사 파워 K-주주가치액티브증권상장지수투자신탁[주식]
KR7491510004,20260813,FGSC.55,유틸리티,3.4566,.5,2.96,교보악사 파워 K-주주가치액티브증권상장지수투자신탁[주식]
KR7140950007,20260813,FGSC.10,에너지,1.4055,2,-.6,교보악사파워K100증권상장지수투자신탁(주식)
KR7140950007,20260813,FGSC.15,소재,1.777,2.8,-1.02,교보악사파워K100증권상장지수투자신탁(주식)
KR7140950007,20260813,FGSC.20,산업재,10.6884,13.59,-2.9,교보악사파워K100증권상장지수투자신탁(주식)
KR7140950007,20260813,FGSC.25,경기소비재,5.0302,6.12,-1.09,교보악사파워K100증권상장지수투자신탁(주식)
KR7140950007,20260813,FGSC.30,필수소비재,1.2745,1.91,-.63,교보악사파워K100증권상장지수투자신탁(주식)
KR7140950007,20260813,FGSC.35,의료,1.9921,5.15,-3.16,교보악사파워K100증권상장지수투자신탁(주식)
KR7140950007,20260813,FGSC.40,금융,8.0898,7.56,.53,교보악사파워K100증권상장지수투자신탁(주식)
KR7140950007,20260813,FGSC.45,IT,68.4273,59.71,8.72,교보악사파워K100증권상장지수투자신탁(주식)
KR7140950007,20260813,FGSC.50,통신서비스,.9158,.66,.25,교보악사파워K100증권상장지수투자신탁(주식)
KR7140950007,20260813,FGSC.55,유틸리티,.3998,.5,-.1,교보악사파워K100증권상장지수투자신탁(주식)
KR7152870002,20260813,FGSC.10,에너지,1.359,2,-.64,교보악사파워K200증권상장지수투자신탁(주식)
KR7152870002,20260813,FGSC.15,소재,2.0962,2.8,-.7,교보악사파워K200증권상장지수투자신탁(주식)
KR7152870002,20260813,FGSC.20,산업재,10.7547,13.59,-2.83,교보악사파워K200증권상장지수투자신탁(주식)
KR7152870002,20260813,FGSC.25,경기소비재,5.2602,6.12,-.86,교보악사파워K200증권상장지수투자신탁(주식)
KR7152870002,20260813,FGSC.30,필수소비재,1.5752,1.91,-.33,교보악사파워K200증권상장지수투자신탁(주식)
KR7152870002,20260813,FGSC.35,의료,1.9219,5.15,-3.23,교보악사파워K200증권상장지수투자신탁(주식)
KR7152870002,20260813,FGSC.40,금융,7.7554,7.56,.2,교보악사파워K200증권상장지수투자신탁(주식)
KR7152870002,20260813,FGSC.45,IT,68.0512,59.71,8.34,교보악사파워K200증권상장지수투자신탁(주식)
KR7152870002,20260813,FGSC.50,통신서비스,.8299,.66,.17,교보악사파워K200증권상장지수투자신탁(주식)
KR7152870002,20260813,FGSC.55,유틸리티,.3974,.5,-.1,교보악사파워K200증권상장지수투자신탁(주식)
KR7192720001,20260813,FGSC.10,에너지,3.1523,2,1.15,교보악사파워고배당저변동성증권상장지수투자신탁[주식]
KR7192720001,20260813,FGSC.15,소재,3.8658,2.8,1.06,교보악사파워고배당저변동성증권상장지수투자신탁[주식]
KR7192720001,20260813,FGSC.20,산업재,18.0305,13.59,4.44,교보악사파워고배당저변동성증권상장지수투자신탁[주식]
KR7192720001,20260813,FGSC.25,경기소비재,26.6302,6.12,20.51,교보악사파워고배당저변동성증권상장지수투자신탁[주식]
KR7192720001,20260813,FGSC.30,필수소비재,8.0738,1.91,6.17,교보악사파워고배당저변동성증권상장지수투자신탁[주식]
KR7192720001,,FGSC.35,의료,,,,
KR7192720001,20260813,FGSC.40,금융,27.8872,7.56,20.33,교보악사파워고배당저변동성증권상장지수투자신탁[주식]
KR7192720001,20260813,FGSC.45,IT,2.1581,59.71,-57.55,교보악사파워고배당저변동성증권상장지수투자신탁[주식]
KR7192720001,20260813,FGSC.50,통신서비스,6.4442,.66,5.78,교보악사파워고배당저변동성증권상장지수투자신탁[주식]
KR7192720001,20260813,FGSC.55,유틸리티,3.758,.5,3.26,교보악사파워고배당저변동성증권상장지수투자신탁[주식]
KR7498180009,,FGSC.10,에너지,,,,
KR7498180009,,FGSC.15,소재,,,,
KR7498180009,,FGSC.20,산업재,,,,
KR7498180009,,FGSC.25,경기소비재,,,,
KR7498180009,,FGSC.30,필수소비재,,,,
KR7498180009,,FGSC.35,의료,,,,
KR7498180009,,FGSC.40,금융,,,,
KR7498180009,,FGSC.45,IT,,,,
KR7498180009,,FGSC.50,통신서비스,,,,
KR7498180009,,FGSC.55,유틸리티,,,,
KR7486240005,20260813,FGSC.10,에너지,3.9742,2,1.97,대신 DAISHIN343 AI반도체&인프라액티브 증권상장지수투자신탁[주식]
KR7486240005,,FGSC.15,소재,,,,
KR7486240005,20260813,FGSC.20,산업재,21.2918,13.59,7.7,대신 DAISHIN343 AI반도체&인프라액티브 증권상장지수투자신탁[주식]
KR7486240005,,FGSC.25,경기소비재,,,,
KR7486240005,,FGSC.30,필수소비재,,,,
KR7486240005,,FGSC.35,의료,,,,
KR7486240005,,FGSC.40,금융,,,,
KR7486240005,20260813,FGSC.45,IT,74.7341,59.71,15.02,대신 DAISHIN343 AI반도체&인프라액티브 증권상장지수투자신탁[주식]
KR7486240005,,FGSC.50,통신서비스,,,,
KR7486240005,,FGSC.55,유틸리티,,,,
KR7434960001,20260813,FGSC.10,에너지,1.3585,2,-.64,대신 DAISHIN343 K200 증권상장지수투자신탁[주식]
KR7434960001,20260813,FGSC.15,소재,2.0951,2.8,-.71,대신 DAISHIN343 K200 증권상장지수투자신탁[주식]
KR7434960001,20260813,FGSC.20,산업재,10.6975,13.59,-2.89,대신 DAISHIN343 K200 증권상장지수투자신탁[주식]
KR7434960001,20260813,FGSC.25,경기소비재,5.2537,6.12,-.86,대신 DAISHIN343 K200 증권상장지수투자신탁[주식]
KR7434960001,20260813,FGSC.30,필수소비재,1.5746,1.91,-.33,대신 DAISHIN343 K200 증권상장지수투자신탁[주식]
KR7434960001,20260813,FGSC.35,의료,1.9213,5.15,-3.23,대신 DAISHIN343 K200 증권상장지수투자신탁[주식]
KR7434960001,20260813,FGSC.40,금융,7.74,7.56,.18,대신 DAISHIN343 K200 증권상장지수투자신탁[주식]
KR7434960001,20260813,FGSC.45,IT,68.1364,59.71,8.43,대신 DAISHIN343 K200 증권상장지수투자신탁[주식]
KR7434960001,20260813,FGSC.50,통신서비스,.8266,.66,.16,대신 DAISHIN343 K200 증권상장지수투자신탁[주식]
KR7434960001,20260813,FGSC.55,유틸리티,.3966,.5,-.1,대신 DAISHIN343 K200 증권상장지수투자신탁[주식]
KR70189Z0006,20260813,FGSC.10,에너지,3.024,2,1.02,대신 DAISHIN343 금융&지주고배당 증권상장지수투자신탁[주식]
KR70189Z0006,20260813,FGSC.15,소재,5.1937,2.8,2.39,대신 DAISHIN343 금융&지주고배당 증권상장지수투자신탁[주식]
KR70189Z0006,20260813,FGSC.20,산업재,3.3799,13.59,-10.21,대신 DAISHIN343 금융&지주고배당 증권상장지수투자신탁[주식]
KR70189Z0006,20260813,FGSC.25,경기소비재,4.6026,6.12,-1.51,대신 DAISHIN343 금융&지주고배당 증권상장지수투자신탁[주식]
KR70189Z0006,,FGSC.30,필수소비재,,,,
KR70189Z0006,,FGSC.35,의료,,,,
KR70189Z0006,20260813,FGSC.40,금융,83.7997,7.56,76.24,대신 DAISHIN343 금융&지주고배당 증권상장지수투자신탁[주식]
KR70189Z0006,,FGSC.45,IT,,,,
KR70189Z0006,,FGSC.50,통신서비스,,,,
KR70189Z0006,,FGSC.55,유틸리티,,,,
KR70174J0003,,FGSC.10,에너지,,,,
KR70174J0003,,FGSC.15,소재,,,,
KR70174J0003,,FGSC.20,산업재,,,,
KR70174J0003,,FGSC.25,경기소비재,,,,
KR70174J0003,,FGSC.30,필수소비재,,,,
KR70174J0003,,FGSC.35,의료,,,,
KR70174J0003,20260813,FGSC.40,금융,99.9999,7.56,92.44,대신 DAISHIN343 오피스리츠플러스 부동산상장지수투자신탁[재간접형]
KR70174J0003,,FGSC.45,IT,,,,
KR70174J0003,,FGSC.50,통신서비스,,,,
KR70174J0003,,FGSC.55,유틸리티,,,,
KR70053M0004,,FGSC.10,에너지,,,,
KR70053M0004,,FGSC.15,소재,,,,
KR70053M0004,20260813,FGSC.20,산업재,24.6652,13.59,11.08,더제이 더제이 중소형포커스액티브증권상장지수투자신탁[주식]
KR70053M0004,20260813,FGSC.25,경기소비재,19.6219,6.12,13.51,더제이 더제이 중소형포커스액티브증권상장지수투자신탁[주식]
KR70053M0004,20260813,FGSC.30,필수소비재,6.2731,1.91,4.37,더제이 더제이 중소형포커스액티브증권상장지수투자신탁[주식]
KR70053M0004,20260813,FGSC.35,의료,12.9159,5.15,7.76,더제이 더제이 중소형포커스액티브증권상장지수투자신탁[주식]
KR70053M0004,20260813,FGSC.40,금융,14.0635,7.56,6.5,더제이 더제이 중소형포커스액티브증권상장지수투자신탁[주식]
KR70053M0004,20260813,FGSC.45,IT,19.1048,59.71,-40.61,더제이 더제이 중소형포커스액티브증권상장지수투자신탁[주식]
KR70053M0004,,FGSC.50,통신서비스,,,,
KR70053M0004,20260813,FGSC.55,유틸리티,3.3558,.5,2.86,더제이 더제이 중소형포커스액티브증권상장지수투자신탁[주식]
KR70220B0005,,FGSC.10,에너지,,,,
KR70220B0005,,FGSC.15,소재,,,,
KR70220B0005,,FGSC.20,산업재,,,,
KR70220B0005,,FGSC.25,경기소비재,,,,
KR70220B0005,,FGSC.30,필수소비재,,,,
KR70220B0005,,FGSC.35,의료,,,,
KR70220B0005,,FGSC.40,금융,,,,
KR70220B0005,20260813,FGSC.45,IT,100.0003,59.71,40.29,디에스 DS코스닥액티브 증권 상장지수투자신탁[주식]
KR70220B0005,,FGSC.50,통신서비스,,,,
KR70220B0005,,FGSC.55,유틸리티,,,,
KR70214M0000,,FGSC.10,에너지,,,,
KR70214M0000,,FGSC.15,소재,,,,
KR70214M0000,,FGSC.20,산업재,,,,
KR70214M0000,,FGSC.25,경기소비재,,,,
KR70214M0000,20260813,FGSC.30,필수소비재,1.9277,1.91,.02,마이다스 MIDAS 바이오헬스케어액티브 증권 상장지수투자신탁(주식)
KR70214M0000,20260813,FGSC.35,의료,98.0722,5.15,92.92,마이다스 MIDAS 바이오헬스케어액티브 증권 상장지수투자신탁(주식)
KR70214M0000,,FGSC.40,금융,,,,
KR70214M0000,,FGSC.45,IT,,,,
KR70214M0000,,FGSC.50,통신서비스,,,,
KR70214M0000,,FGSC.55,유틸리티,,,,
KR7488290008,,FGSC.10,에너지,,,,
KR7488290008,,FGSC.15,소재,,,,
KR7488290008,,FGSC.20,산업재,,,,
KR7488290008,,FGSC.25,경기소비재,,,,
KR7488290008,,FGSC.30,필수소비재,,,,
KR7488290008,,FGSC.35,의료,,,,
KR7488290008,,FGSC.40,금융,,,,
KR7488290008,,FGSC.45,IT,,,,
KR7488290008,,FGSC.50,통신서비스,,,,
KR7488290008,,FGSC.55,유틸리티,,,,
KR7438740003,20260813,FGSC.10,에너지,.4029,2,-1.6,마이다스 MIDAS 중소형액티브 증권 상장지수투자신탁(주식)
KR7438740003,20260813,FGSC.15,소재,4.0243,2.8,1.22,마이다스 MIDAS 중소형액티브 증권 상장지수투자신탁(주식)
KR7438740003,20260813,FGSC.20,산업재,27.5249,13.59,13.94,마이다스 MIDAS 중소형액티브 증권 상장지수투자신탁(주식)
KR7438740003,20260813,FGSC.25,경기소비재,8.6325,6.12,2.52,마이다스 MIDAS 중소형액티브 증권 상장지수투자신탁(주식)
KR7438740003,20260813,FGSC.30,필수소비재,7.2068,1.91,5.3,마이다스 MIDAS 중소형액티브 증권 상장지수투자신탁(주식)
KR7438740003,20260813,FGSC.35,의료,14.2106,5.15,9.06,마이다스 MIDAS 중소형액티브 증권 상장지수투자신탁(주식)
KR7438740003,20260813,FGSC.40,금융,6.0199,7.56,-1.54,마이다스 MIDAS 중소형액티브 증권 상장지수투자신탁(주식)
KR7438740003,20260813,FGSC.45,IT,30.6014,59.71,-29.11,마이다스 MIDAS 중소형액티브 증권 상장지수투자신탁(주식)
KR7438740003,,FGSC.50,통신서비스,,,,
KR7438740003,20260813,FGSC.55,유틸리티,1.3772,.5,.88,마이다스 MIDAS 중소형액티브 증권 상장지수투자신탁(주식)
KR70191B0000,20260813,FGSC.10,에너지,1.2699,2,-.73,마이다스 MIDAS 코스닥액티브 증권 상장지수투자신탁(주식)
KR70191B0000,20260813,FGSC.15,소재,.9934,2.8,-1.81,마이다스 MIDAS 코스닥액티브 증권 상장지수투자신탁(주식)
KR70191B0000,20260813,FGSC.20,산업재,9.3117,13.59,-4.28,마이다스 MIDAS 코스닥액티브 증권 상장지수투자신탁(주식)
KR70191B0000,20260813,FGSC.25,경기소비재,6.3088,6.12,.19,마이다스 MIDAS 코스닥액티브 증권 상장지수투자신탁(주식)
KR70191B0000,,FGSC.30,필수소비재,,,,
KR70191B0000,20260813,FGSC.35,의료,20.2074,5.15,15.05,마이다스 MIDAS 코스닥액티브 증권 상장지수투자신탁(주식)
KR70191B0000,,FGSC.40,금융,,,,
KR70191B0000,20260813,FGSC.45,IT,61.9088,59.71,2.2,마이다스 MIDAS 코스닥액티브 증권 상장지수투자신탁(주식)
KR70191B0000,,FGSC.50,통신서비스,,,,
KR70191B0000,,FGSC.55,유틸리티,,,,
KR7403790009,20260813,FGSC.10,에너지,1.5632,2,-.44,마이다스 MIDAS 코스피액티브 증권 상장지수투자신탁(주식)
KR7403790009,20260813,FGSC.15,소재,4.0947,2.8,1.29,마이다스 MIDAS 코스피액티브 증권 상장지수투자신탁(주식)
KR7403790009,20260813,FGSC.20,산업재,11.6815,13.59,-1.91,마이다스 MIDAS 코스피액티브 증권 상장지수투자신탁(주식)
KR7403790009,20260813,FGSC.25,경기소비재,8.2426,6.12,2.13,마이다스 MIDAS 코스피액티브 증권 상장지수투자신탁(주식)
KR7403790009,20260813,FGSC.30,필수소비재,1.4968,1.91,-.41,마이다스 MIDAS 코스피액티브 증권 상장지수투자신탁(주식)
KR7403790009,20260813,FGSC.35,의료,2.7868,5.15,-2.37,마이다스 MIDAS 코스피액티브 증권 상장지수투자신탁(주식)
KR7403790009,20260813,FGSC.40,금융,9.3214,7.56,1.76,마이다스 MIDAS 코스피액티브 증권 상장지수투자신탁(주식)
KR7403790009,20260813,FGSC.45,IT,59.638,59.71,-.07,마이다스 MIDAS 코스피액티브 증권 상장지수투자신탁(주식)
KR7403790009,20260813,FGSC.50,통신서비스,.6428,.66,-.02,마이다스 MIDAS 코스피액티브 증권 상장지수투자신탁(주식)
KR7403790009,20260813,FGSC.55,유틸리티,.5316,.5,.03,마이다스 MIDAS 코스피액티브 증권 상장지수투자신탁(주식)
KR70139F0001,,FGSC.10,에너지,,,,
KR70139F0001,,FGSC.15,소재,,,,
KR70139F0001,,FGSC.20,산업재,,,,
KR70139F0001,,FGSC.25,경기소비재,,,,
KR70139F0001,,FGSC.30,필수소비재,,,,
KR70139F0001,,FGSC.35,의료,,,,
KR70139F0001,,FGSC.40,금융,,,,
KR70139F0001,,FGSC.45,IT,,,,
KR70139F0001,,FGSC.50,통신서비스,,,,
KR70139F0001,,FGSC.55,유틸리티,,,,
KR7310960000,20260813,FGSC.10,에너지,1.3233,2,-.68,미래에셋TIGER200TotalReturn증권상장지수투자신탁(주식)
KR7310960000,20260813,FGSC.15,소재,2.1417,2.8,-.66,미래에셋TIGER200TotalReturn증권상장지수투자신탁(주식)
KR7310960000,20260813,FGSC.20,산업재,10.7568,13.59,-2.83,미래에셋TIGER200TotalReturn증권상장지수투자신탁(주식)
KR7310960000,20260813,FGSC.25,경기소비재,5.2737,6.12,-.84,미래에셋TIGER200TotalReturn증권상장지수투자신탁(주식)
KR7310960000,20260813,FGSC.30,필수소비재,1.5788,1.91,-.33,미래에셋TIGER200TotalReturn증권상장지수투자신탁(주식)
KR7310960000,20260813,FGSC.35,의료,1.9386,5.15,-3.22,미래에셋TIGER200TotalReturn증권상장지수투자신탁(주식)
KR7310960000,20260813,FGSC.40,금융,7.7841,7.56,.22,미래에셋TIGER200TotalReturn증권상장지수투자신탁(주식)
KR7310960000,20260813,FGSC.45,IT,67.9724,59.71,8.26,미래에셋TIGER200TotalReturn증권상장지수투자신탁(주식)
KR7310960000,20260813,FGSC.50,통신서비스,.8326,.66,.17,미래에셋TIGER200TotalReturn증권상장지수투자신탁(주식)
KR7310960000,20260813,FGSC.55,유틸리티,.3982,.5,-.1,미래에셋TIGER200TotalReturn증권상장지수투자신탁(주식)
KR7227550001,,FGSC.10,에너지,,,,
KR7227550001,20260813,FGSC.15,소재,4.1408,2.8,1.34,미래에셋TIGER200산업재증권상장지수투자신탁(주식)
KR7227550001,20260813,FGSC.20,산업재,79.4567,13.59,65.87,미래에셋TIGER200산업재증권상장지수투자신탁(주식)
KR7227550001,,FGSC.25,경기소비재,,,,
KR7227550001,,FGSC.30,필수소비재,,,,
KR7227550001,,FGSC.35,의료,,,,
KR7227550001,,FGSC.40,금융,,,,
KR7227550001,20260813,FGSC.45,IT,16.4024,59.71,-43.31,미래에셋TIGER200산업재증권상장지수투자신탁(주식)
KR7227550001,,FGSC.50,통신서비스,,,,
KR7227550001,,FGSC.55,유틸리티,,,,
KR7227560000,,FGSC.10,에너지,,,,
KR7227560000,,FGSC.15,소재,,,,
KR7227560000,20260813,FGSC.20,산업재,3.607,13.59,-9.98,미래에셋TIGER200생활소비재증권상장지수투자신탁(주식)
KR7227560000,20260813,FGSC.25,경기소비재,5.3074,6.12,-.81,미래에셋TIGER200생활소비재증권상장지수투자신탁(주식)
KR7227560000,20260813,FGSC.30,필수소비재,73.2663,1.91,71.36,미래에셋TIGER200생활소비재증권상장지수투자신탁(주식)
KR7227560000,,FGSC.35,의료,,,,
KR7227560000,,FGSC.40,금융,,,,
KR7227560000,,FGSC.45,IT,,,,
KR7227560000,,FGSC.50,통신서비스,,,,
KR7227560000,20260813,FGSC.55,유틸리티,17.8192,.5,17.32,미래에셋TIGER200생활소비재증권상장지수투자신탁(주식)
KR7102110004,20260813,FGSC.10,에너지,1.3578,2,-.64,미래에셋TIGER200증권상장지수투자신탁(주식)
KR7102110004,20260813,FGSC.15,소재,2.0979,2.8,-.7,미래에셋TIGER200증권상장지수투자신탁(주식)
KR7102110004,20260813,FGSC.20,산업재,10.746,13.59,-2.84,미래에셋TIGER200증권상장지수투자신탁(주식)
KR7102110004,20260813,FGSC.25,경기소비재,5.2572,6.12,-.86,미래에셋TIGER200증권상장지수투자신탁(주식)
KR7102110004,20260813,FGSC.30,필수소비재,1.5732,1.91,-.33,미래에셋TIGER200증권상장지수투자신탁(주식)
KR7102110004,20260813,FGSC.35,의료,1.9234,5.15,-3.23,미래에셋TIGER200증권상장지수투자신탁(주식)
KR7102110004,20260813,FGSC.40,금융,7.7696,7.56,.21,미래에셋TIGER200증권상장지수투자신탁(주식)
KR7102110004,20260813,FGSC.45,IT,68.0485,59.71,8.34,미래에셋TIGER200증권상장지수투자신탁(주식)
KR7102110004,20260813,FGSC.50,통신서비스,.829,.66,.17,미래에셋TIGER200증권상장지수투자신탁(주식)
KR7102110004,20260813,FGSC.55,유틸리티,.3975,.5,-.1,미래에셋TIGER200증권상장지수투자신탁(주식)
KR7243880002,,FGSC.10,에너지,,,,
KR7243880002,,FGSC.15,소재,,,,
KR7243880002,,FGSC.20,산업재,,,,
KR7243880002,,FGSC.25,경기소비재,,,,
KR7243880002,,FGSC.30,필수소비재,,,,
KR7243880002,,FGSC.35,의료,,,,
KR7243880002,,FGSC.40,금융,,,,
KR7243880002,,FGSC.45,IT,,,,
KR7243880002,,FGSC.50,통신서비스,,,,
KR7243880002,,FGSC.55,유틸리티,,,,
KR7252000005,20260813,FGSC.10,에너지,4.0889,2,2.09,미래에셋TIGER200동일가중증권상장지수투자신탁(주식)
KR7252000005,20260813,FGSC.15,소재,15.1681,2.8,12.37,미래에셋TIGER200동일가중증권상장지수투자신탁(주식)
KR7252000005,20260813,FGSC.20,산업재,21.271,13.59,7.68,미래에셋TIGER200동일가중증권상장지수투자신탁(주식)
KR7252000005,20260813,FGSC.25,경기소비재,14.2939,6.12,8.18,미래에셋TIGER200동일가중증권상장지수투자신탁(주식)
KR7252000005,20260813,FGSC.30,필수소비재,11.6167,1.91,9.71,미래에셋TIGER200동일가중증권상장지수투자신탁(주식)
KR7252000005,20260813,FGSC.35,의료,7.8738,5.15,2.72,미래에셋TIGER200동일가중증권상장지수투자신탁(주식)
KR7252000005,20260813,FGSC.40,금융,11.3566,7.56,3.8,미래에셋TIGER200동일가중증권상장지수투자신탁(주식)
KR7252000005,20260813,FGSC.45,IT,10.7733,59.71,-48.94,미래에셋TIGER200동일가중증권상장지수투자신탁(주식)
KR7252000005,20260813,FGSC.50,통신서비스,1.4393,.66,.78,미래에셋TIGER200동일가중증권상장지수투자신탁(주식)
KR7252000005,20260813,FGSC.55,유틸리티,2.1187,.5,1.62,미래에셋TIGER200동일가중증권상장지수투자신탁(주식)
KR7267770006,,FGSC.10,에너지,,,,
KR7267770006,,FGSC.15,소재,,,,
KR7267770006,,FGSC.20,산업재,,,,
KR7267770006,,FGSC.25,경기소비재,,,,
KR7267770006,,FGSC.30,필수소비재,,,,
KR7267770006,,FGSC.35,의료,,,,
KR7267770006,,FGSC.40,금융,,,,
KR7267770006,,FGSC.45,IT,,,,
KR7267770006,,FGSC.50,통신서비스,,,,
KR7267770006,,FGSC.55,유틸리티,,,,
KR7252710009,,FGSC.10,에너지,,,,
KR7252710009,,FGSC.15,소재,,,,
KR7252710009,,FGSC.20,산업재,,,,
KR7252710009,,FGSC.25,경기소비재,,,,
KR7252710009,,FGSC.30,필수소비재,,,,
KR7252710009,,FGSC.35,의료,,,,
KR7252710009,,FGSC.40,금융,,,,
KR7252710009,,FGSC.45,IT,,,,
KR7252710009,,FGSC.50,통신서비스,,,,
KR7252710009,,FGSC.55,유틸리티,,,,
KR7243890001,,FGSC.10,에너지,,,,
KR7243890001,,FGSC.15,소재,,,,
KR7243890001,,FGSC.20,산업재,,,,
KR7243890001,,FGSC.25,경기소비재,,,,
KR7243890001,,FGSC.30,필수소비재,,,,
KR7243890001,,FGSC.35,의료,,,,
KR7243890001,,FGSC.40,금융,,,,
KR7243890001,,FGSC.45,IT,,,,
KR7243890001,,FGSC.50,통신서비스,,,,
KR7243890001,,FGSC.55,유틸리티,,,,
KR7315270009,,FGSC.10,에너지,,,,
KR7315270009,,FGSC.15,소재,,,,
KR7315270009,,FGSC.20,산업재,,,,
KR7315270009,20260813,FGSC.25,경기소비재,7.5287,6.12,1.41,미래에셋TIGER200커뮤니케이션서비스증권상장지수투자신탁(주식)
KR7315270009,,FGSC.30,필수소비재,,,,
KR7315270009,,FGSC.35,의료,,,,
KR7315270009,,FGSC.40,금융,,,,
KR7315270009,20260813,FGSC.45,IT,55.3363,59.71,-4.37,미래에셋TIGER200커뮤니케이션서비스증권상장지수투자신탁(주식)
KR7315270009,20260813,FGSC.50,통신서비스,37.135,.66,36.47,미래에셋TIGER200커뮤니케이션서비스증권상장지수투자신탁(주식)
KR7315270009,,FGSC.55,유틸리티,,,,
KR7166400002,20260813,FGSC.10,에너지,1.3717,2,-.63,미래에셋TIGER200커버드콜OTM증권상장지수투자신탁(주식-파생형)
KR7166400002,20260813,FGSC.15,소재,2.2149,2.8,-.59,미래에셋TIGER200커버드콜OTM증권상장지수투자신탁(주식-파생형)
KR7166400002,20260813,FGSC.20,산업재,11.0238,13.59,-2.57,미래에셋TIGER200커버드콜OTM증권상장지수투자신탁(주식-파생형)
KR7166400002,20260813,FGSC.25,경기소비재,5.2799,6.12,-.84,미래에셋TIGER200커버드콜OTM증권상장지수투자신탁(주식-파생형)
KR7166400002,20260813,FGSC.30,필수소비재,1.6603,1.91,-.25,미래에셋TIGER200커버드콜OTM증권상장지수투자신탁(주식-파생형)
KR7166400002,20260813,FGSC.35,의료,1.9852,5.15,-3.17,미래에셋TIGER200커버드콜OTM증권상장지수투자신탁(주식-파생형)
KR7166400002,20260813,FGSC.40,금융,7.7454,7.56,.19,미래에셋TIGER200커버드콜OTM증권상장지수투자신탁(주식-파생형)
KR7166400002,20260813,FGSC.45,IT,67.4936,59.71,7.78,미래에셋TIGER200커버드콜OTM증권상장지수투자신탁(주식-파생형)
KR7166400002,20260813,FGSC.50,통신서비스,.8222,.66,.16,미래에셋TIGER200커버드콜OTM증권상장지수투자신탁(주식-파생형)
KR7166400002,20260813,FGSC.55,유틸리티,.4024,.5,-.1,미래에셋TIGER200커버드콜OTM증권상장지수투자신탁(주식-파생형)
KR70104N0002,20260813,FGSC.10,에너지,1.3343,2,-.67,미래에셋TIGER200타겟위클리커버드콜증권상장지수투자신탁(주식)
KR70104N0002,20260813,FGSC.15,소재,2.0503,2.8,-.75,미래에셋TIGER200타겟위클리커버드콜증권상장지수투자신탁(주식)
KR70104N0002,20260813,FGSC.20,산업재,10.659,13.59,-2.93,미래에셋TIGER200타겟위클리커버드콜증권상장지수투자신탁(주식)
KR70104N0002,20260813,FGSC.25,경기소비재,5.208,6.12,-.91,미래에셋TIGER200타겟위클리커버드콜증권상장지수투자신탁(주식)
KR70104N0002,20260813,FGSC.30,필수소비재,1.5459,1.91,-.36,미래에셋TIGER200타겟위클리커버드콜증권상장지수투자신탁(주식)
KR70104N0002,20260813,FGSC.35,의료,1.9484,5.15,-3.21,미래에셋TIGER200타겟위클리커버드콜증권상장지수투자신탁(주식)
KR70104N0002,20260813,FGSC.40,금융,7.6974,7.56,.14,미래에셋TIGER200타겟위클리커버드콜증권상장지수투자신탁(주식)
KR70104N0002,20260813,FGSC.45,IT,67.4186,59.71,7.71,미래에셋TIGER200타겟위클리커버드콜증권상장지수투자신탁(주식)
KR70104N0002,20260813,FGSC.50,통신서비스,.8254,.66,.16,미래에셋TIGER200타겟위클리커버드콜증권상장지수투자신탁(주식)
KR70104N0002,20260813,FGSC.55,유틸리티,.3929,.5,-.1,미래에셋TIGER200타겟위클리커버드콜증권상장지수투자신탁(주식)
KR7227540002,,FGSC.10,에너지,,,,
KR7227540002,,FGSC.15,소재,,,,
KR7227540002,,FGSC.20,산업재,,,,
KR7227540002,,FGSC.25,경기소비재,,,,
KR7227540002,,FGSC.30,필수소비재,,,,
KR7227540002,20260813,FGSC.35,의료,100.0001,5.15,94.85,미래에셋TIGER200헬스케어증권상장지수투자신탁(주식)
KR7227540002,,FGSC.40,금융,,,,
KR7227540002,,FGSC.45,IT,,,,
KR7227540002,,FGSC.50,통신서비스,,,,
KR7227540002,,FGSC.55,유틸리티,,,,
KR7480260009,,FGSC.10,에너지,,,,
KR7480260009,,FGSC.15,소재,,,,
KR7480260009,,FGSC.20,산업재,,,,
KR7480260009,,FGSC.25,경기소비재,,,,
KR7480260009,,FGSC.30,필수소비재,,,,
KR7480260009,,FGSC.35,의료,,,,
KR7480260009,,FGSC.40,금융,,,,
KR7480260009,,FGSC.45,IT,,,,
KR7480260009,,FGSC.50,통신서비스,,,,
KR7480260009,,FGSC.55,유틸리티,,,,
KR70094K0007,,FGSC.10,에너지,,,,
KR70094K0007,,FGSC.15,소재,,,,
KR70094K0007,,FGSC.20,산업재,,,,
KR70094K0007,,FGSC.25,경기소비재,,,,
KR70094K0007,,FGSC.30,필수소비재,,,,
KR70094K0007,,FGSC.35,의료,,,,
KR70094K0007,,FGSC.40,금융,,,,
KR70094K0007,,FGSC.45,IT,,,,
KR70094K0007,,FGSC.50,통신서비스,,,,
KR70094K0007,,FGSC.55,유틸리티,,,,
KR7364980003,20260813,FGSC.10,에너지,3.8829,2,1.88,미래에셋TIGER2차전지TOP10증권상장지수투자신탁(주식)
KR7364980003,20260813,FGSC.15,소재,32.6181,2.8,29.82,미래에셋TIGER2차전지TOP10증권상장지수투자신탁(주식)
KR7364980003,,FGSC.20,산업재,,,,
KR7364980003,,FGSC.25,경기소비재,,,,
KR7364980003,,FGSC.30,필수소비재,,,,
KR7364980003,,FGSC.35,의료,,,,
KR7364980003,,FGSC.40,금융,,,,
KR7364980003,20260813,FGSC.45,IT,63.4991,59.71,3.79,미래에셋TIGER2차전지TOP10증권상장지수투자신탁(주식)
KR7364980003,,FGSC.50,통신서비스,,,,
KR7364980003,,FGSC.55,유틸리티,,,,
KR7412570004,,FGSC.10,에너지,,,,
KR7412570004,,FGSC.15,소재,,,,
KR7412570004,,FGSC.20,산업재,,,,
KR7412570004,,FGSC.25,경기소비재,,,,
KR7412570004,,FGSC.30,필수소비재,,,,
KR7412570004,,FGSC.35,의료,,,,
KR7412570004,,FGSC.40,금융,,,,
KR7412570004,,FGSC.45,IT,,,,
KR7412570004,,FGSC.50,통신서비스,,,,
KR7412570004,,FGSC.55,유틸리티,,,,
KR7462010000,,FGSC.10,에너지,,,,
KR7462010000,20260813,FGSC.15,소재,53.011,2.8,50.21,미래에셋TIGER2차전지소재Fn증권상장지수투자신탁(주식)
KR7462010000,,FGSC.20,산업재,,,,
KR7462010000,,FGSC.25,경기소비재,,,,
KR7462010000,,FGSC.30,필수소비재,,,,
KR7462010000,,FGSC.35,의료,,,,
KR7462010000,,FGSC.40,금융,,,,
KR7462010000,20260813,FGSC.45,IT,46.9891,59.71,-12.72,미래에셋TIGER2차전지소재Fn증권상장지수투자신탁(주식)
KR7462010000,,FGSC.50,통신서비스,,,,
KR7462010000,,FGSC.55,유틸리티,,,,
KR7305540007,20260813,FGSC.10,에너지,9.4582,2,7.46,미래에셋 TIGER 2차전지테마 증권상장지수투자신탁(주식)
KR7305540007,20260813,FGSC.15,소재,38.9156,2.8,36.11,미래에셋 TIGER 2차전지테마 증권상장지수투자신탁(주식)
KR7305540007,,FGSC.20,산업재,,,,
KR7305540007,,FGSC.25,경기소비재,,,,
KR7305540007,,FGSC.30,필수소비재,,,,
KR7305540007,,FGSC.35,의료,,,,
KR7305540007,,FGSC.40,금융,,,,
KR7305540007,20260813,FGSC.45,IT,51.6261,59.71,-8.08,미래에셋 TIGER 2차전지테마 증권상장지수투자신탁(주식)
KR7305540007,,FGSC.50,통신서비스,,,,
KR7305540007,,FGSC.55,유틸리티,,,,
KR7471760009,,FGSC.10,에너지,,,,
KR7471760009,,FGSC.15,소재,,,,
KR7471760009,,FGSC.20,산업재,,,,
KR7471760009,,FGSC.25,경기소비재,,,,
KR7471760009,,FGSC.30,필수소비재,,,,
KR7471760009,,FGSC.35,의료,,,,
KR7471760009,,FGSC.40,금융,,,,
KR7471760009,20260813,FGSC.45,IT,100,59.71,40.29,미래에셋 TIGER AI반도체핵심공정증권상장지수투자신탁(주식)
KR7471760009,,FGSC.50,통신서비스,,,,
KR7471760009,,FGSC.55,유틸리티,,,,
KR7365040005,20260813,FGSC.10,에너지,1.9778,2,-.02,미래에셋 TIGER AI코리아그로스액티브증권상장지수투자신탁(주식)
KR7365040005,20260813,FGSC.15,소재,3.8719,2.8,1.07,미래에셋 TIGER AI코리아그로스액티브증권상장지수투자신탁(주식)
KR7365040005,20260813,FGSC.20,산업재,13.9985,13.59,.41,미래에셋 TIGER AI코리아그로스액티브증권상장지수투자신탁(주식)
KR7365040005,20260813,FGSC.25,경기소비재,5.7542,6.12,-.36,미래에셋 TIGER AI코리아그로스액티브증권상장지수투자신탁(주식)
KR7365040005,20260813,FGSC.30,필수소비재,.6714,1.91,-1.24,미래에셋 TIGER AI코리아그로스액티브증권상장지수투자신탁(주식)
KR7365040005,20260813,FGSC.35,의료,2.8341,5.15,-2.32,미래에셋 TIGER AI코리아그로스액티브증권상장지수투자신탁(주식)
KR7365040005,20260813,FGSC.40,금융,6.5409,7.56,-1.02,미래에셋 TIGER AI코리아그로스액티브증권상장지수투자신탁(주식)
KR7365040005,20260813,FGSC.45,IT,63.2949,59.71,3.58,미래에셋 TIGER AI코리아그로스액티브증권상장지수투자신탁(주식)
KR7365040005,20260813,FGSC.50,통신서비스,.3669,.66,-.3,미래에셋 TIGER AI코리아그로스액티브증권상장지수투자신탁(주식)
KR7365040005,20260813,FGSC.55,유틸리티,.6899,.5,.19,미래에셋 TIGER AI코리아그로스액티브증권상장지수투자신탁(주식)
KR7364960005,,FGSC.10,에너지,,,,
KR7364960005,20260813,FGSC.15,소재,8.1718,2.8,5.37,미래에셋TIGERBBIG증권상장지수투자신탁(주식)
KR7364960005,20260813,FGSC.20,산업재,4.3856,13.59,-9.2,미래에셋TIGERBBIG증권상장지수투자신탁(주식)
KR7364960005,,FGSC.25,경기소비재,,,,
KR7364960005,,FGSC.30,필수소비재,,,,
KR7364960005,20260813,FGSC.35,의료,27.4482,5.15,22.29,미래에셋TIGERBBIG증권상장지수투자신탁(주식)
KR7364960005,,FGSC.40,금융,,,,
KR7364960005,20260813,FGSC.45,IT,59.9943,59.71,.28,미래에셋TIGERBBIG증권상장지수투자신탁(주식)
KR7364960005,,FGSC.50,통신서비스,,,,
KR7364960005,,FGSC.55,유틸리티,,,,
KR7412560005,,FGSC.10,에너지,,,,
KR7412560005,,FGSC.15,소재,,,,
KR7412560005,,FGSC.20,산업재,,,,
KR7412560005,,FGSC.25,경기소비재,,,,
KR7412560005,,FGSC.30,필수소비재,,,,
KR7412560005,,FGSC.35,의료,,,,
KR7412560005,,FGSC.40,금융,,,,
KR7412560005,,FGSC.45,IT,,,,
KR7412560005,,FGSC.50,통신서비스,,,,
KR7412560005,,FGSC.55,유틸리티,,,,
KR7475630000,,FGSC.10,에너지,,,,
KR7475630000,,FGSC.15,소재,,,,
KR7475630000,,FGSC.20,산업재,,,,
KR7475630000,,FGSC.25,경기소비재,,,,
KR7475630000,,FGSC.30,필수소비재,,,,
KR7475630000,,FGSC.35,의료,,,,
KR7475630000,,FGSC.40,금융,,,,
KR7475630000,,FGSC.45,IT,,,,
KR7475630000,,FGSC.50,통신서비스,,,,
KR7475630000,,FGSC.55,유틸리티,,,,
KR7357870005,,FGSC.10,에너지,,,,
KR7357870005,,FGSC.15,소재,,,,
KR7357870005,,FGSC.20,산업재,,,,
KR7357870005,,FGSC.25,경기소비재,,,,
KR7357870005,,FGSC.30,필수소비재,,,,
KR7357870005,,FGSC.35,의료,,,,
KR7357870005,,FGSC.40,금융,,,,
KR7357870005,,FGSC.45,IT,,,,
KR7357870005,,FGSC.50,통신서비스,,,,
KR7357870005,,FGSC.55,유틸리티,,,,
KR7499660009,,FGSC.10,에너지,,,,
KR7499660009,,FGSC.15,소재,,,,
KR7499660009,,FGSC.20,산업재,,,,
KR7499660009,,FGSC.25,경기소비재,,,,
KR7499660009,,FGSC.30,필수소비재,,,,
KR7499660009,,FGSC.35,의료,,,,
KR7499660009,,FGSC.40,금융,,,,
KR7499660009,,FGSC.45,IT,,,,
KR7499660009,,FGSC.50,통신서비스,,,,
KR7499660009,,FGSC.55,유틸리티,,,,
KR7400970000,,FGSC.10,에너지,,,,
KR7400970000,,FGSC.15,소재,,,,
KR7400970000,,FGSC.20,산업재,,,,
KR7400970000,20260813,FGSC.25,경기소비재,22.8629,6.12,16.75,미래에셋 TIGER Fn메타버스증권상장지수투자신탁(주식)
KR7400970000,,FGSC.30,필수소비재,,,,
KR7400970000,,FGSC.35,의료,,,,
KR7400970000,,FGSC.40,금융,,,,
KR7400970000,20260813,FGSC.45,IT,77.137,59.71,17.43,미래에셋 TIGER Fn메타버스증권상장지수투자신탁(주식)
KR7400970000,,FGSC.50,통신서비스,,,,
KR7400970000,,FGSC.55,유틸리티,,,,
KR7377990007,20260813,FGSC.10,에너지,31.0703,2,29.07,미래에셋TIGERFn신재생에너지증권상장지수투자신탁(주식)
KR7377990007,20260813,FGSC.15,소재,10.5787,2.8,7.78,미래에셋TIGERFn신재생에너지증권상장지수투자신탁(주식)
KR7377990007,20260813,FGSC.20,산업재,57.6151,13.59,44.03,미래에셋TIGERFn신재생에너지증권상장지수투자신탁(주식)
KR7377990007,,FGSC.25,경기소비재,,,,
KR7377990007,,FGSC.30,필수소비재,,,,
KR7377990007,,FGSC.35,의료,,,,
KR7377990007,,FGSC.40,금융,,,,
KR7377990007,20260813,FGSC.45,IT,.7361,59.71,-58.97,미래에셋TIGERFn신재생에너지증권상장지수투자신탁(주식)
KR7377990007,,FGSC.50,통신서비스,,,,
KR7377990007,,FGSC.55,유틸리티,,,,
KR7417630001,,FGSC.10,에너지,,,,
KR7417630001,,FGSC.15,소재,,,,
KR7417630001,20260813,FGSC.20,산업재,19.6515,13.59,6.06,미래에셋 TIGER KEDI혁신기업ESG30증권상장지수투자신탁(주식)
KR7417630001,20260813,FGSC.25,경기소비재,4.4775,6.12,-1.64,미래에셋 TIGER KEDI혁신기업ESG30증권상장지수투자신탁(주식)
KR7417630001,20260813,FGSC.30,필수소비재,13.4721,1.91,11.56,미래에셋 TIGER KEDI혁신기업ESG30증권상장지수투자신탁(주식)
KR7417630001,20260813,FGSC.35,의료,11.1235,5.15,5.97,미래에셋 TIGER KEDI혁신기업ESG30증권상장지수투자신탁(주식)
KR7417630001,20260813,FGSC.40,금융,10.1916,7.56,2.63,미래에셋 TIGER KEDI혁신기업ESG30증권상장지수투자신탁(주식)
KR7417630001,20260813,FGSC.45,IT,38.4468,59.71,-21.26,미래에셋 TIGER KEDI혁신기업ESG30증권상장지수투자신탁(주식)
KR7417630001,20260813,FGSC.50,통신서비스,2.6368,.66,1.97,미래에셋 TIGER KEDI혁신기업ESG30증권상장지수투자신탁(주식)
KR7417630001,,FGSC.55,유틸리티,,,,
KR7292160009,20260813,FGSC.10,에너지,1.4552,2,-.55,미래에셋TIGERKRX300증권상장지수투자신탁(주식)
KR7292160009,20260813,FGSC.15,소재,1.9875,2.8,-.81,미래에셋TIGERKRX300증권상장지수투자신탁(주식)
KR7292160009,20260813,FGSC.20,산업재,10.84,13.59,-2.75,미래에셋TIGERKRX300증권상장지수투자신탁(주식)
KR7292160009,20260813,FGSC.25,경기소비재,5.1988,6.12,-.92,미래에셋TIGERKRX300증권상장지수투자신탁(주식)
KR7292160009,20260813,FGSC.30,필수소비재,1.49,1.91,-.42,미래에셋TIGERKRX300증권상장지수투자신탁(주식)
KR7292160009,20260813,FGSC.35,의료,3.5133,5.15,-1.64,미래에셋TIGERKRX300증권상장지수투자신탁(주식)
KR7292160009,20260813,FGSC.40,금융,7.5283,7.56,-.03,미래에셋TIGERKRX300증권상장지수투자신탁(주식)
KR7292160009,20260813,FGSC.45,IT,66.8263,59.71,7.12,미래에셋TIGERKRX300증권상장지수투자신탁(주식)
KR7292160009,20260813,FGSC.50,통신서비스,.7884,.66,.13,미래에셋TIGERKRX300증권상장지수투자신탁(주식)
KR7292160009,20260813,FGSC.55,유틸리티,.3725,.5,-.13,미래에셋TIGERKRX300증권상장지수투자신탁(주식)
KR70072R0006,,FGSC.10,에너지,,,,
KR70072R0006,,FGSC.15,소재,,,,
KR70072R0006,,FGSC.20,산업재,,,,
KR70072R0006,,FGSC.25,경기소비재,,,,
KR70072R0006,,FGSC.30,필수소비재,,,,
KR70072R0006,,FGSC.35,의료,,,,
KR70072R0006,,FGSC.40,금융,,,,
KR70072R0006,,FGSC.45,IT,,,,
KR70072R0006,,FGSC.50,통신서비스,,,,
KR70072R0006,,FGSC.55,유틸리티,,,,
KR7404540007,20260813,FGSC.10,에너지,32.784,2,30.78,미래에셋 TIGER KRX기후변화솔루션증권상장지수투자신탁(주식)
KR7404540007,20260813,FGSC.15,소재,5.679,2.8,2.88,미래에셋 TIGER KRX기후변화솔루션증권상장지수투자신탁(주식)
KR7404540007,20260813,FGSC.20,산업재,7.8352,13.59,-5.75,미래에셋 TIGER KRX기후변화솔루션증권상장지수투자신탁(주식)
KR7404540007,20260813,FGSC.25,경기소비재,16.3093,6.12,10.19,미래에셋 TIGER KRX기후변화솔루션증권상장지수투자신탁(주식)
KR7404540007,,FGSC.30,필수소비재,,,,
KR7404540007,,FGSC.35,의료,,,,
KR7404540007,,FGSC.40,금융,,,,
KR7404540007,20260813,FGSC.45,IT,37.3925,59.71,-22.32,미래에셋 TIGER KRX기후변화솔루션증권상장지수투자신탁(주식)
KR7404540007,,FGSC.50,통신서비스,,,,
KR7404540007,,FGSC.55,유틸리티,,,,
KR7300610003,,FGSC.10,에너지,,,,
KR7300610003,,FGSC.15,소재,,,,
KR7300610003,,FGSC.20,산업재,,,,
KR7300610003,,FGSC.25,경기소비재,,,,
KR7300610003,,FGSC.30,필수소비재,,,,
KR7300610003,,FGSC.35,의료,,,,
KR7300610003,,FGSC.40,금융,,,,
KR7300610003,20260813,FGSC.45,IT,99.9999,59.71,40.29,미래에셋 TIGER K게임 증권상장지수투자신탁(주식)
KR7300610003,,FGSC.50,통신서비스,,,,
KR7300610003,,FGSC.55,유틸리티,,,,
KR7138530001,20260813,FGSC.10,에너지,5.9612,2,3.96,미래에셋TIGERLG그룹+증권상장지수투자신탁(주식)
KR7138530001,20260813,FGSC.15,소재,16.0378,2.8,13.24,미래에셋TIGERLG그룹+증권상장지수투자신탁(주식)
KR7138530001,20260813,FGSC.20,산업재,20.8598,13.59,7.27,미래에셋TIGERLG그룹+증권상장지수투자신탁(주식)
KR7138530001,20260813,FGSC.25,경기소비재,17.2954,6.12,11.18,미래에셋TIGERLG그룹+증권상장지수투자신탁(주식)
KR7138530001,20260813,FGSC.30,필수소비재,4.6967,1.91,2.79,미래에셋TIGERLG그룹+증권상장지수투자신탁(주식)
KR7138530001,20260813,FGSC.35,의료,.5427,5.15,-4.61,미래에셋TIGERLG그룹+증권상장지수투자신탁(주식)
KR7138530001,,FGSC.40,금융,,,,
KR7138530001,20260813,FGSC.45,IT,16.0249,59.71,-43.69,미래에셋TIGERLG그룹+증권상장지수투자신탁(주식)
KR7138530001,20260813,FGSC.50,통신서비스,18.5815,.66,17.92,미래에셋TIGERLG그룹+증권상장지수투자신탁(주식)
KR7138530001,,FGSC.55,유틸리티,,,,
KR7445910003,20260813,FGSC.10,에너지,8.4308,2,6.43,미래에셋TIGER MKF배당귀족증권상장지수투자신탁(주식)
KR7445910003,20260813,FGSC.15,소재,2.6835,2.8,-.12,미래에셋TIGER MKF배당귀족증권상장지수투자신탁(주식)
KR7445910003,20260813,FGSC.20,산업재,20.4886,13.59,6.9,미래에셋TIGER MKF배당귀족증권상장지수투자신탁(주식)
KR7445910003,20260813,FGSC.25,경기소비재,18.0133,6.12,11.9,미래에셋TIGER MKF배당귀족증권상장지수투자신탁(주식)
KR7445910003,20260813,FGSC.30,필수소비재,20.2747,1.91,18.37,미래에셋TIGER MKF배당귀족증권상장지수투자신탁(주식)
KR7445910003,,FGSC.35,의료,,,,
KR7445910003,20260813,FGSC.40,금융,10.8384,7.56,3.28,미래에셋TIGER MKF배당귀족증권상장지수투자신탁(주식)
KR7445910003,20260813,FGSC.45,IT,12.8986,59.71,-46.81,미래에셋TIGER MKF배당귀족증권상장지수투자신탁(주식)
KR7445910003,20260813,FGSC.50,통신서비스,6.372,.66,5.71,미래에셋TIGER MKF배당귀족증권상장지수투자신탁(주식)
KR7445910003,,FGSC.55,유틸리티,,,,
KR7289260002,20260813,FGSC.10,에너지,3.2413,2,1.24,미래에셋TIGERMSCIKOREAESG리더스증권상장지수투자신탁(주식)
KR7289260002,20260813,FGSC.15,소재,2.1057,2.8,-.7,미래에셋TIGERMSCIKOREAESG리더스증권상장지수투자신탁(주식)
KR7289260002,20260813,FGSC.20,산업재,14.1823,13.59,.59,미래에셋TIGERMSCIKOREAESG리더스증권상장지수투자신탁(주식)
KR7289260002,20260813,FGSC.25,경기소비재,3.1186,6.12,-3,미래에셋TIGERMSCIKOREAESG리더스증권상장지수투자신탁(주식)
KR7289260002,20260813,FGSC.30,필수소비재,1.0522,1.91,-.86,미래에셋TIGERMSCIKOREAESG리더스증권상장지수투자신탁(주식)
KR7289260002,20260813,FGSC.35,의료,6.5292,5.15,1.37,미래에셋TIGERMSCIKOREAESG리더스증권상장지수투자신탁(주식)
KR7289260002,20260813,FGSC.40,금융,16.1089,7.56,8.55,미래에셋TIGERMSCIKOREAESG리더스증권상장지수투자신탁(주식)
KR7289260002,20260813,FGSC.45,IT,52.5681,59.71,-7.14,미래에셋TIGERMSCIKOREAESG리더스증권상장지수투자신탁(주식)
KR7289260002,20260813,FGSC.50,통신서비스,1.0937,.66,.43,미래에셋TIGERMSCIKOREAESG리더스증권상장지수투자신탁(주식)
KR7289260002,,FGSC.55,유틸리티,,,,
KR7289250003,20260813,FGSC.10,에너지,2.1361,2,.13,미래에셋TIGERMSCIKOREAESG유니버설증권상장지수투자신탁(주식)
KR7289250003,20260813,FGSC.15,소재,1.4538,2.8,-1.35,미래에셋TIGERMSCIKOREAESG유니버설증권상장지수투자신탁(주식)
KR7289250003,20260813,FGSC.20,산업재,9.0676,13.59,-4.52,미래에셋TIGERMSCIKOREAESG유니버설증권상장지수투자신탁(주식)
KR7289250003,20260813,FGSC.25,경기소비재,4.1898,6.12,-1.93,미래에셋TIGERMSCIKOREAESG유니버설증권상장지수투자신탁(주식)
KR7289250003,20260813,FGSC.30,필수소비재,1.5772,1.91,-.33,미래에셋TIGERMSCIKOREAESG유니버설증권상장지수투자신탁(주식)
KR7289250003,20260813,FGSC.35,의료,2.6994,5.15,-2.45,미래에셋TIGERMSCIKOREAESG유니버설증권상장지수투자신탁(주식)
KR7289250003,20260813,FGSC.40,금융,15.0724,7.56,7.51,미래에셋TIGERMSCIKOREAESG유니버설증권상장지수투자신탁(주식)
KR7289250003,20260813,FGSC.45,IT,63.0955,59.71,3.38,미래에셋TIGERMSCIKOREAESG유니버설증권상장지수투자신탁(주식)
KR7289250003,20260813,FGSC.50,통신서비스,.3837,.66,-.28,미래에셋TIGERMSCIKOREAESG유니버설증권상장지수투자신탁(주식)
KR7289250003,20260813,FGSC.55,유틸리티,.3245,.5,-.17,미래에셋TIGERMSCIKOREAESG유니버설증권상장지수투자신탁(주식)
KR7310970009,20260813,FGSC.10,에너지,.9851,2,-1.02,미래에셋TIGERMSCIKOREATotalReturn증권상장지수투자신탁(주식)
KR7310970009,20260813,FGSC.15,소재,1.21,2.8,-1.59,미래에셋TIGERMSCIKOREATotalReturn증권상장지수투자신탁(주식)
KR7310970009,20260813,FGSC.20,산업재,8.9421,13.59,-4.65,미래에셋TIGERMSCIKOREATotalReturn증권상장지수투자신탁(주식)
KR7310970009,20260813,FGSC.25,경기소비재,4.6495,6.12,-1.47,미래에셋TIGERMSCIKOREATotalReturn증권상장지수투자신탁(주식)
KR7310970009,20260813,FGSC.30,필수소비재,1.0392,1.91,-.87,미래에셋TIGERMSCIKOREATotalReturn증권상장지수투자신탁(주식)
KR7310970009,20260813,FGSC.35,의료,2.2899,5.15,-2.86,미래에셋TIGERMSCIKOREATotalReturn증권상장지수투자신탁(주식)
KR7310970009,20260813,FGSC.40,금융,7.1825,7.56,-.38,미래에셋TIGERMSCIKOREATotalReturn증권상장지수투자신탁(주식)
KR7310970009,20260813,FGSC.45,IT,73.1135,59.71,13.4,미래에셋TIGERMSCIKOREATotalReturn증권상장지수투자신탁(주식)
KR7310970009,20260813,FGSC.50,통신서비스,.3193,.66,-.34,미래에셋TIGERMSCIKOREATotalReturn증권상장지수투자신탁(주식)
KR7310970009,20260813,FGSC.55,유틸리티,.269,.5,-.23,미래에셋TIGERMSCIKOREATotalReturn증권상장지수투자신탁(주식)
KR70000D0009,,FGSC.10,에너지,,,,
KR70000D0009,,FGSC.15,소재,,,,
KR70000D0009,,FGSC.20,산업재,,,,
KR70000D0009,,FGSC.25,경기소비재,,,,
KR70000D0009,,FGSC.30,필수소비재,,,,
KR70000D0009,,FGSC.35,의료,,,,
KR70000D0009,,FGSC.40,금융,,,,
KR70000D0009,,FGSC.45,IT,,,,
KR70000D0009,,FGSC.50,통신서비스,,,,
KR70000D0009,,FGSC.55,유틸리티,,,,
KR7143850006,,FGSC.10,에너지,,,,
KR7143850006,,FGSC.15,소재,,,,
KR7143850006,,FGSC.20,산업재,,,,
KR7143850006,,FGSC.25,경기소비재,,,,
KR7143850006,,FGSC.30,필수소비재,,,,
KR7143850006,,FGSC.35,의료,,,,
KR7143850006,,FGSC.40,금융,,,,
KR7143850006,,FGSC.45,IT,,,,
KR7143850006,,FGSC.50,통신서비스,,,,
KR7143850006,,FGSC.55,유틸리티,,,,
KR7269370003,,FGSC.10,에너지,,,,
KR7269370003,,FGSC.15,소재,,,,
KR7269370003,,FGSC.20,산업재,,,,
KR7269370003,,FGSC.25,경기소비재,,,,
KR7269370003,,FGSC.30,필수소비재,,,,
KR7269370003,,FGSC.35,의료,,,,
KR7269370003,,FGSC.40,금융,,,,
KR7269370003,,FGSC.45,IT,,,,
KR7269370003,,FGSC.50,통신서비스,,,,
KR7269370003,,FGSC.55,유틸리티,,,,
KR70195S0007,,FGSC.10,에너지,,,,
KR70195S0007,,FGSC.15,소재,,,,
KR70195S0007,,FGSC.20,산업재,,,,
KR70195S0007,,FGSC.25,경기소비재,,,,
KR70195S0007,,FGSC.30,필수소비재,,,,
KR70195S0007,,FGSC.35,의료,,,,
KR70195S0007,,FGSC.40,금융,,,,
KR70195S0007,,FGSC.45,IT,,,,
KR70195S0007,,FGSC.50,통신서비스,,,,
KR70195S0007,,FGSC.55,유틸리티,,,,
KR7453950008,,FGSC.10,에너지,,,,
KR7453950008,,FGSC.15,소재,,,,
KR7453950008,,FGSC.20,산업재,,,,
KR7453950008,,FGSC.25,경기소비재,,,,
KR7453950008,,FGSC.30,필수소비재,,,,
KR7453950008,,FGSC.35,의료,,,,
KR7453950008,,FGSC.40,금융,,,,
KR7453950008,,FGSC.45,IT,,,,
KR7453950008,,FGSC.50,통신서비스,,,,
KR7453950008,,FGSC.55,유틸리티,,,,
KR7364990002,,FGSC.10,에너지,,,,
KR7364990002,,FGSC.15,소재,,,,
KR7364990002,,FGSC.20,산업재,,,,
KR7364990002,,FGSC.25,경기소비재,,,,
KR7364990002,,FGSC.30,필수소비재,,,,
KR7364990002,,FGSC.35,의료,,,,
KR7364990002,,FGSC.40,금융,,,,
KR7364990002,20260813,FGSC.45,IT,100,59.71,40.29,미래에셋TIGER게임TOP10증권상장지수투자신탁(주식)
KR7364990002,,FGSC.50,통신서비스,,,,
KR7364990002,,FGSC.55,유틸리티,,,,
KR7139280002,,FGSC.10,에너지,,,,
KR7139280002,,FGSC.15,소재,,,,
KR7139280002,20260813,FGSC.20,산업재,1.5127,13.59,-12.08,미래에셋TIGER경기방어증권상장지수투자신탁(주식)
KR7139280002,20260813,FGSC.25,경기소비재,2.2843,6.12,-3.83,미래에셋TIGER경기방어증권상장지수투자신탁(주식)
KR7139280002,20260813,FGSC.30,필수소비재,32.362,1.91,30.45,미래에셋TIGER경기방어증권상장지수투자신탁(주식)
KR7139280002,20260813,FGSC.35,의료,39.1861,5.15,34.03,미래에셋TIGER경기방어증권상장지수투자신탁(주식)
KR7139280002,,FGSC.40,금융,,,,
KR7139280002,,FGSC.45,IT,,,,
KR7139280002,20260813,FGSC.50,통신서비스,17.0688,.66,16.41,미래에셋TIGER경기방어증권상장지수투자신탁(주식)
KR7139280002,20260813,FGSC.55,유틸리티,7.5861,.5,7.09,미래에셋TIGER경기방어증권상장지수투자신탁(주식)
KR7237440003,,FGSC.10,에너지,,,,
KR7237440003,,FGSC.15,소재,,,,
KR7237440003,20260813,FGSC.20,산업재,1.5028,13.59,-12.09,미래에셋TIGER경기방어혼합증권상장지수투자신탁(채권혼합)
KR7237440003,20260813,FGSC.25,경기소비재,2.2264,6.12,-3.89,미래에셋TIGER경기방어혼합증권상장지수투자신탁(채권혼합)
KR7237440003,20260813,FGSC.30,필수소비재,32.19,1.91,30.28,미래에셋TIGER경기방어혼합증권상장지수투자신탁(채권혼합)
KR7237440003,20260813,FGSC.35,의료,39.606,5.15,34.45,미래에셋TIGER경기방어혼합증권상장지수투자신탁(채권혼합)
KR7237440003,,FGSC.40,금융,,,,
KR7237440003,,FGSC.45,IT,,,,
KR7237440003,20260813,FGSC.50,통신서비스,16.9508,.66,16.29,미래에셋TIGER경기방어혼합증권상장지수투자신탁(채권혼합)
KR7237440003,20260813,FGSC.55,유틸리티,7.524,.5,7.03,미래에셋TIGER경기방어혼합증권상장지수투자신탁(채권혼합)
KR7319640009,,FGSC.10,에너지,,,,
KR7319640009,,FGSC.15,소재,,,,
KR7319640009,,FGSC.20,산업재,,,,
KR7319640009,,FGSC.25,경기소비재,,,,
KR7319640009,,FGSC.30,필수소비재,,,,
KR7319640009,,FGSC.35,의료,,,,
KR7319640009,,FGSC.40,금융,,,,
KR7319640009,,FGSC.45,IT,,,,
KR7319640009,,FGSC.50,통신서비스,,,,
KR7319640009,,FGSC.55,유틸리티,,,,
KR70190Y0004,,FGSC.10,에너지,,,,
KR70190Y0004,,FGSC.15,소재,,,,
KR70190Y0004,,FGSC.20,산업재,,,,
KR70190Y0004,,FGSC.25,경기소비재,,,,
KR70190Y0004,,FGSC.30,필수소비재,,,,
KR70190Y0004,,FGSC.35,의료,,,,
KR70190Y0004,,FGSC.40,금융,,,,
KR70190Y0004,,FGSC.45,IT,,,,
KR70190Y0004,,FGSC.50,통신서비스,,,,
KR70190Y0004,,FGSC.55,유틸리티,,,,
KR7160580007,,FGSC.10,에너지,,,,
KR7160580007,,FGSC.15,소재,,,,
KR7160580007,,FGSC.20,산업재,,,,
KR7160580007,,FGSC.25,경기소비재,,,,
KR7160580007,,FGSC.30,필수소비재,,,,
KR7160580007,,FGSC.35,의료,,,,
KR7160580007,,FGSC.40,금융,,,,
KR7160580007,,FGSC.45,IT,,,,
KR7160580007,,FGSC.50,통신서비스,,,,
KR7160580007,,FGSC.55,유틸리티,,,,
KR7114820004,,FGSC.10,에너지,,,,
KR7114820004,,FGSC.15,소재,,,,
KR7114820004,,FGSC.20,산업재,,,,
KR7114820004,,FGSC.25,경기소비재,,,,
KR7114820004,,FGSC.30,필수소비재,,,,
KR7114820004,,FGSC.35,의료,,,,
KR7114820004,,FGSC.40,금융,,,,
KR7114820004,,FGSC.45,IT,,,,
KR7114820004,,FGSC.50,통신서비스,,,,
KR7114820004,,FGSC.55,유틸리티,,,,
KR7464310002,,FGSC.10,에너지,,,,
KR7464310002,,FGSC.15,소재,,,,
KR7464310002,,FGSC.20,산업재,,,,
KR7464310002,,FGSC.25,경기소비재,,,,
KR7464310002,,FGSC.30,필수소비재,,,,
KR7464310002,,FGSC.35,의료,,,,
KR7464310002,,FGSC.40,금융,,,,
KR7464310002,,FGSC.45,IT,,,,
KR7464310002,,FGSC.50,통신서비스,,,,
KR7464310002,,FGSC.55,유틸리티,,,,
KR7418670006,,FGSC.10,에너지,,,,
KR7418670006,,FGSC.15,소재,,,,
KR7418670006,,FGSC.20,산업재,,,,
KR7418670006,,FGSC.25,경기소비재,,,,
KR7418670006,,FGSC.30,필수소비재,,,,
KR7418670006,,FGSC.35,의료,,,,
KR7418670006,,FGSC.40,금융,,,,
KR7418670006,,FGSC.45,IT,,,,
KR7418670006,,FGSC.50,통신서비스,,,,
KR7418670006,,FGSC.55,유틸리티,,,,
KR7466950003,,FGSC.10,에너지,,,,
KR7466950003,,FGSC.15,소재,,,,
KR7466950003,,FGSC.20,산업재,,,,
KR7466950003,,FGSC.25,경기소비재,,,,
KR7466950003,,FGSC.30,필수소비재,,,,
KR7466950003,,FGSC.35,의료,,,,
KR7466950003,,FGSC.40,금융,,,,
KR7466950003,,FGSC.45,IT,,,,
KR7466950003,,FGSC.50,통신서비스,,,,
KR7466950003,,FGSC.55,유틸리티,,,,
KR7440340008,,FGSC.10,에너지,,,,
KR7440340008,,FGSC.15,소재,,,,
KR7440340008,,FGSC.20,산업재,,,,
KR7440340008,,FGSC.25,경기소비재,,,,
KR7440340008,,FGSC.30,필수소비재,,,,
KR7440340008,,FGSC.35,의료,,,,
KR7440340008,,FGSC.40,금융,,,,
KR7440340008,,FGSC.45,IT,,,,
KR7440340008,,FGSC.50,통신서비스,,,,
KR7440340008,,FGSC.55,유틸리티,,,,
KR7476690003,,FGSC.10,에너지,,,,
KR7476690003,,FGSC.15,소재,,,,
KR7476690003,,FGSC.20,산업재,,,,
KR7476690003,,FGSC.25,경기소비재,,,,
KR7476690003,,FGSC.30,필수소비재,,,,
KR7476690003,,FGSC.35,의료,,,,
KR7476690003,,FGSC.40,금융,,,,
KR7476690003,,FGSC.45,IT,,,,
KR7476690003,,FGSC.50,통신서비스,,,,
KR7476690003,,FGSC.55,유틸리티,,,,
KR7480310002,,FGSC.10,에너지,,,,
KR7480310002,,FGSC.15,소재,,,,
KR7480310002,,FGSC.20,산업재,,,,
KR7480310002,,FGSC.25,경기소비재,,,,
KR7480310002,,FGSC.30,필수소비재,,,,
KR7480310002,,FGSC.35,의료,,,,
KR7480310002,,FGSC.40,금융,,,,
KR7480310002,,FGSC.45,IT,,,,
KR7480310002,,FGSC.50,통신서비스,,,,
KR7480310002,,FGSC.55,유틸리티,,,,
KR7387270002,,FGSC.10,에너지,,,,
KR7387270002,,FGSC.15,소재,,,,
KR7387270002,,FGSC.20,산업재,,,,
KR7387270002,,FGSC.25,경기소비재,,,,
KR7387270002,,FGSC.30,필수소비재,,,,
KR7387270002,,FGSC.35,의료,,,,
KR7387270002,,FGSC.40,금융,,,,
KR7387270002,,FGSC.45,IT,,,,
KR7387270002,,FGSC.50,통신서비스,,,,
KR7387270002,,FGSC.55,유틸리티,,,,
KR7371450008,,FGSC.10,에너지,,,,
KR7371450008,,FGSC.15,소재,,,,
KR7371450008,,FGSC.20,산업재,,,,
KR7371450008,,FGSC.25,경기소비재,,,,
KR7371450008,,FGSC.30,필수소비재,,,,
KR7371450008,,FGSC.35,의료,,,,
KR7371450008,,FGSC.40,금융,,,,
KR7371450008,,FGSC.45,IT,,,,
KR7371450008,,FGSC.50,통신서비스,,,,
KR7371450008,,FGSC.55,유틸리티,,,,
KR7248270001,,FGSC.10,에너지,,,,
KR7248270001,,FGSC.15,소재,,,,
KR7248270001,,FGSC.20,산업재,,,,
KR7248270001,,FGSC.25,경기소비재,,,,
KR7248270001,,FGSC.30,필수소비재,,,,
KR7248270001,,FGSC.35,의료,,,,
KR7248270001,,FGSC.40,금융,,,,
KR7248270001,,FGSC.45,IT,,,,
KR7248270001,,FGSC.50,통신서비스,,,,
KR7248270001,,FGSC.55,유틸리티,,,,
KR7464930007,,FGSC.10,에너지,,,,
KR7464930007,,FGSC.15,소재,,,,
KR7464930007,,FGSC.20,산업재,,,,
KR7464930007,,FGSC.25,경기소비재,,,,
KR7464930007,,FGSC.30,필수소비재,,,,
KR7464930007,,FGSC.35,의료,,,,
KR7464930007,,FGSC.40,금융,,,,
KR7464930007,,FGSC.45,IT,,,,
KR7464930007,,FGSC.50,통신서비스,,,,
KR7464930007,,FGSC.55,유틸리티,,,,
KR7139320006,,FGSC.10,에너지,,,,
KR7139320006,,FGSC.15,소재,,,,
KR7139320006,,FGSC.20,산업재,,,,
KR7139320006,,FGSC.25,경기소비재,,,,
KR7139320006,,FGSC.30,필수소비재,,,,
KR7139320006,,FGSC.35,의료,,,,
KR7139320006,,FGSC.40,금융,,,,
KR7139320006,,FGSC.45,IT,,,,
KR7139320006,,FGSC.50,통신서비스,,,,
KR7139320006,,FGSC.55,유틸리티,,,,
KR70168K0008,,FGSC.10,에너지,,,,
KR70168K0008,,FGSC.15,소재,,,,
KR70168K0008,,FGSC.20,산업재,,,,
KR70168K0008,,FGSC.25,경기소비재,,,,
KR70168K0008,,FGSC.30,필수소비재,,,,
KR70168K0008,20260813,FGSC.35,의료,99.5979,5.15,94.44,미래에셋 TIGER 기술이전바이오액티브증권상장지수투자신탁(주식)
KR70168K0008,,FGSC.40,금융,,,,
KR70168K0008,20260813,FGSC.45,IT,.4023,59.71,-59.31,미래에셋 TIGER 기술이전바이오액티브증권상장지수투자신탁(주식)
KR70168K0008,,FGSC.50,통신서비스,,,,
KR70168K0008,,FGSC.55,유틸리티,,,,
KR7137610002,,FGSC.10,에너지,,,,
KR7137610002,,FGSC.15,소재,,,,
KR7137610002,,FGSC.20,산업재,,,,
KR7137610002,,FGSC.25,경기소비재,,,,
KR7137610002,,FGSC.30,필수소비재,,,,
KR7137610002,,FGSC.35,의료,,,,
KR7137610002,,FGSC.40,금융,,,,
KR7137610002,,FGSC.45,IT,,,,
KR7137610002,,FGSC.50,통신서비스,,,,
KR7137610002,,FGSC.55,유틸리티,,,,
KR7272580002,,FGSC.10,에너지,,,,
KR7272580002,,FGSC.15,소재,,,,
KR7272580002,,FGSC.20,산업재,,,,
KR7272580002,,FGSC.25,경기소비재,,,,
KR7272580002,,FGSC.30,필수소비재,,,,
KR7272580002,,FGSC.35,의료,,,,
KR7272580002,,FGSC.40,금융,,,,
KR7272580002,,FGSC.45,IT,,,,
KR7272580002,,FGSC.50,통신서비스,,,,
KR7272580002,,FGSC.55,유틸리티,,,,
KR7157450008,,FGSC.10,에너지,,,,
KR7157450008,,FGSC.15,소재,,,,
KR7157450008,,FGSC.20,산업재,,,,
KR7157450008,,FGSC.25,경기소비재,,,,
KR7157450008,,FGSC.30,필수소비재,,,,
KR7157450008,,FGSC.35,의료,,,,
KR7157450008,,FGSC.40,금융,,,,
KR7157450008,,FGSC.45,IT,,,,
KR7157450008,,FGSC.50,통신서비스,,,,
KR7157450008,,FGSC.55,유틸리티,,,,
KR7105010003,,FGSC.10,에너지,,,,
KR7105010003,,FGSC.15,소재,,,,
KR7105010003,,FGSC.20,산업재,,,,
KR7105010003,,FGSC.25,경기소비재,,,,
KR7105010003,,FGSC.30,필수소비재,,,,
KR7105010003,,FGSC.35,의료,,,,
KR7105010003,,FGSC.40,금융,,,,
KR7105010003,,FGSC.45,IT,,,,
KR7105010003,,FGSC.50,통신서비스,,,,
KR7105010003,,FGSC.55,유틸리티,,,,
KR7123320004,,FGSC.10,에너지,,,,
KR7123320004,,FGSC.15,소재,,,,
KR7123320004,,FGSC.20,산업재,,,,
KR7123320004,,FGSC.25,경기소비재,,,,
KR7123320004,,FGSC.30,필수소비재,,,,
KR7123320004,,FGSC.35,의료,,,,
KR7123320004,,FGSC.40,금융,,,,
KR7123320004,,FGSC.45,IT,,,,
KR7123320004,,FGSC.50,통신서비스,,,,
KR7123320004,,FGSC.55,유틸리티,,,,
KR70086B0008,,FGSC.10,에너지,,,,
KR70086B0008,,FGSC.15,소재,,,,
KR70086B0008,20260813,FGSC.20,산업재,28.0951,13.59,14.51,미래에셋TIGER리츠부동산인프라TOP10액티브부동산상장지수투자신탁(재간접형)
KR70086B0008,,FGSC.25,경기소비재,,,,
KR70086B0008,,FGSC.30,필수소비재,,,,
KR70086B0008,,FGSC.35,의료,,,,
KR70086B0008,20260813,FGSC.40,금융,71.9049,7.56,64.35,미래에셋TIGER리츠부동산인프라TOP10액티브부동산상장지수투자신탁(재간접형)
KR70086B0008,,FGSC.45,IT,,,,
KR70086B0008,,FGSC.50,통신서비스,,,,
KR70086B0008,,FGSC.55,유틸리티,,,,
KR7341850006,,FGSC.10,에너지,,,,
KR7341850006,,FGSC.15,소재,,,,
KR7341850006,20260813,FGSC.20,산업재,19.5927,13.59,6,미래에셋TIGER리츠부동산인프라채권부동산상장지수투자신탁(재간접형)
KR7341850006,,FGSC.25,경기소비재,,,,
KR7341850006,,FGSC.30,필수소비재,,,,
KR7341850006,,FGSC.35,의료,,,,
KR7341850006,20260813,FGSC.40,금융,55.2706,7.56,47.71,미래에셋TIGER리츠부동산인프라채권부동산상장지수투자신탁(재간접형)
KR7341850006,,FGSC.45,IT,,,,
KR7341850006,,FGSC.50,통신서비스,,,,
KR7341850006,,FGSC.55,유틸리티,,,,
KR7329200000,,FGSC.10,에너지,,,,
KR7329200000,,FGSC.15,소재,,,,
KR7329200000,20260813,FGSC.20,산업재,27.0655,13.59,13.48,미래에셋TIGER리츠부동산인프라혼합자산상장지수투자신탁(재간접형)
KR7329200000,,FGSC.25,경기소비재,,,,
KR7329200000,,FGSC.30,필수소비재,,,,
KR7329200000,,FGSC.35,의료,,,,
KR7329200000,20260813,FGSC.40,금융,72.9345,7.56,65.38,미래에셋TIGER리츠부동산인프라혼합자산상장지수투자신탁(재간접형)
KR7329200000,,FGSC.45,IT,,,,
KR7329200000,,FGSC.50,통신서비스,,,,
KR7329200000,,FGSC.55,유틸리티,,,,
KR70086C0007,,FGSC.10,에너지,,,,
KR70086C0007,,FGSC.15,소재,,,,
KR70086C0007,20260813,FGSC.20,산업재,13.4957,13.59,-.09,미래에셋TIGER리츠인프라10채권액티브증권상장지수투자신탁(채권혼합-재간접형)
KR70086C0007,,FGSC.25,경기소비재,,,,
KR70086C0007,,FGSC.30,필수소비재,,,,
KR70086C0007,,FGSC.35,의료,,,,
KR70086C0007,20260813,FGSC.40,금융,34.511,7.56,26.95,미래에셋TIGER리츠인프라10채권액티브증권상장지수투자신탁(채권혼합-재간접형)
KR70086C0007,,FGSC.45,IT,,,,
KR70086C0007,,FGSC.50,통신서비스,,,,
KR70086C0007,,FGSC.55,유틸리티,,,,
KR70043B0000,,FGSC.10,에너지,,,,
KR70043B0000,,FGSC.15,소재,,,,
KR70043B0000,,FGSC.20,산업재,,,,
KR70043B0000,,FGSC.25,경기소비재,,,,
KR70043B0000,,FGSC.30,필수소비재,,,,
KR70043B0000,,FGSC.35,의료,,,,
KR70043B0000,,FGSC.40,금융,,,,
KR70043B0000,,FGSC.45,IT,,,,
KR70043B0000,,FGSC.50,통신서비스,,,,
KR70043B0000,,FGSC.55,유틸리티,,,,
KR7147970008,20260813,FGSC.10,에너지,3.5497,2,1.55,미래에셋TIGER모멘텀증권상장지수투자신탁(주식)
KR7147970008,20260813,FGSC.15,소재,11.9816,2.8,9.18,미래에셋TIGER모멘텀증권상장지수투자신탁(주식)
KR7147970008,20260813,FGSC.20,산업재,33.0407,13.59,19.45,미래에셋TIGER모멘텀증권상장지수투자신탁(주식)
KR7147970008,20260813,FGSC.25,경기소비재,14.4772,6.12,8.36,미래에셋TIGER모멘텀증권상장지수투자신탁(주식)
KR7147970008,20260813,FGSC.30,필수소비재,3.6328,1.91,1.72,미래에셋TIGER모멘텀증권상장지수투자신탁(주식)
KR7147970008,,FGSC.35,의료,,,,
KR7147970008,20260813,FGSC.40,금융,19.0838,7.56,11.52,미래에셋TIGER모멘텀증권상장지수투자신탁(주식)
KR7147970008,20260813,FGSC.45,IT,14.2344,59.71,-45.48,미래에셋TIGER모멘텀증권상장지수투자신탁(주식)
KR7147970008,,FGSC.50,통신서비스,,,,
KR7147970008,,FGSC.55,유틸리티,,,,
KR7458250008,,FGSC.10,에너지,,,,
KR7458250008,,FGSC.15,소재,,,,
KR7458250008,,FGSC.20,산업재,,,,
KR7458250008,,FGSC.25,경기소비재,,,,
KR7458250008,,FGSC.30,필수소비재,,,,
KR7458250008,,FGSC.35,의료,,,,
KR7458250008,,FGSC.40,금융,,,,
KR7458250008,,FGSC.45,IT,,,,
KR7458250008,,FGSC.50,통신서비스,,,,
KR7458250008,,FGSC.55,유틸리티,,,,
KR70142D0008,,FGSC.10,에너지,,,,
KR70142D0008,,FGSC.15,소재,,,,
KR70142D0008,,FGSC.20,산업재,,,,
KR70142D0008,,FGSC.25,경기소비재,,,,
KR70142D0008,,FGSC.30,필수소비재,,,,
KR70142D0008,,FGSC.35,의료,,,,
KR70142D0008,,FGSC.40,금융,,,,
KR70142D0008,,FGSC.45,IT,,,,
KR70142D0008,,FGSC.50,통신서비스,,,,
KR70142D0008,,FGSC.55,유틸리티,,,,
KR7491830006,,FGSC.10,에너지,,,,
KR7491830006,,FGSC.15,소재,,,,
KR7491830006,,FGSC.20,산업재,,,,
KR7491830006,,FGSC.25,경기소비재,,,,
KR7491830006,,FGSC.30,필수소비재,,,,
KR7491830006,,FGSC.35,의료,,,,
KR7491830006,,FGSC.40,금융,,,,
KR7491830006,,FGSC.45,IT,,,,
KR7491830006,,FGSC.50,통신서비스,,,,
KR7491830006,,FGSC.55,유틸리티,,,,
KR7490090008,,FGSC.10,에너지,,,,
KR7490090008,,FGSC.15,소재,,,,
KR7490090008,,FGSC.20,산업재,,,,
KR7490090008,,FGSC.25,경기소비재,,,,
KR7490090008,,FGSC.30,필수소비재,,,,
KR7490090008,,FGSC.35,의료,,,,
KR7490090008,,FGSC.40,금융,,,,
KR7490090008,,FGSC.45,IT,,,,
KR7490090008,,FGSC.50,통신서비스,,,,
KR7490090008,,FGSC.55,유틸리티,,,,
KR7493810006,,FGSC.10,에너지,,,,
KR7493810006,,FGSC.15,소재,,,,
KR7493810006,,FGSC.20,산업재,,,,
KR7493810006,,FGSC.25,경기소비재,,,,
KR7493810006,,FGSC.30,필수소비재,,,,
KR7493810006,,FGSC.35,의료,,,,
KR7493810006,,FGSC.40,금융,,,,
KR7493810006,,FGSC.45,IT,,,,
KR7493810006,,FGSC.50,통신서비스,,,,
KR7493810006,,FGSC.55,유틸리티,,,,
KR70102A0009,,FGSC.10,에너지,,,,
KR70102A0009,,FGSC.15,소재,,,,
KR70102A0009,,FGSC.20,산업재,,,,
KR70102A0009,,FGSC.25,경기소비재,,,,
KR70102A0009,,FGSC.30,필수소비재,,,,
KR70102A0009,,FGSC.35,의료,,,,
KR70102A0009,,FGSC.40,금융,,,,
KR70102A0009,,FGSC.45,IT,,,,
KR70102A0009,,FGSC.50,통신서비스,,,,
KR70102A0009,,FGSC.55,유틸리티,,,,
KR70123G0008,,FGSC.10,에너지,,,,
KR70123G0008,,FGSC.15,소재,,,,
KR70123G0008,,FGSC.20,산업재,,,,
KR70123G0008,,FGSC.25,경기소비재,,,,
KR70123G0008,,FGSC.30,필수소비재,,,,
KR70123G0008,,FGSC.35,의료,,,,
KR70123G0008,,FGSC.40,금융,,,,
KR70123G0008,,FGSC.45,IT,,,,
KR70123G0008,,FGSC.50,통신서비스,,,,
KR70123G0008,,FGSC.55,유틸리티,,,,
KR7488500000,,FGSC.10,에너지,,,,
KR7488500000,,FGSC.15,소재,,,,
KR7488500000,,FGSC.20,산업재,,,,
KR7488500000,,FGSC.25,경기소비재,,,,
KR7488500000,,FGSC.30,필수소비재,,,,
KR7488500000,,FGSC.35,의료,,,,
KR7488500000,,FGSC.40,금융,,,,
KR7488500000,,FGSC.45,IT,,,,
KR7488500000,,FGSC.50,통신서비스,,,,
KR7488500000,,FGSC.55,유틸리티,,,,
KR7429000003,,FGSC.10,에너지,,,,
KR7429000003,,FGSC.15,소재,,,,
KR7429000003,,FGSC.20,산업재,,,,
KR7429000003,,FGSC.25,경기소비재,,,,
KR7429000003,,FGSC.30,필수소비재,,,,
KR7429000003,,FGSC.35,의료,,,,
KR7429000003,,FGSC.40,금융,,,,
KR7429000003,,FGSC.45,IT,,,,
KR7429000003,,FGSC.50,통신서비스,,,,
KR7429000003,,FGSC.55,유틸리티,,,,
KR7360750004,,FGSC.10,에너지,,,,
KR7360750004,,FGSC.15,소재,,,,
KR7360750004,,FGSC.20,산업재,,,,
KR7360750004,,FGSC.25,경기소비재,,,,
KR7360750004,,FGSC.30,필수소비재,,,,
KR7360750004,,FGSC.35,의료,,,,
KR7360750004,,FGSC.40,금융,,,,
KR7360750004,,FGSC.45,IT,,,,
KR7360750004,,FGSC.50,통신서비스,,,,
KR7360750004,,FGSC.55,유틸리티,,,,
KR7448290007,,FGSC.10,에너지,,,,
KR7448290007,,FGSC.15,소재,,,,
KR7448290007,,FGSC.20,산업재,,,,
KR7448290007,,FGSC.25,경기소비재,,,,
KR7448290007,,FGSC.30,필수소비재,,,,
KR7448290007,,FGSC.35,의료,,,,
KR7448290007,,FGSC.40,금융,,,,
KR7448290007,,FGSC.45,IT,,,,
KR7448290007,,FGSC.50,통신서비스,,,,
KR7448290007,,FGSC.55,유틸리티,,,,
KR7418660007,,FGSC.10,에너지,,,,
KR7418660007,,FGSC.15,소재,,,,
KR7418660007,,FGSC.20,산업재,,,,
KR7418660007,,FGSC.25,경기소비재,,,,
KR7418660007,,FGSC.30,필수소비재,,,,
KR7418660007,,FGSC.35,의료,,,,
KR7418660007,,FGSC.40,금융,,,,
KR7418660007,,FGSC.45,IT,,,,
KR7418660007,,FGSC.50,통신서비스,,,,
KR7418660007,,FGSC.55,유틸리티,,,,
KR7133690008,,FGSC.10,에너지,,,,
KR7133690008,,FGSC.15,소재,,,,
KR7133690008,,FGSC.20,산업재,,,,
KR7133690008,,FGSC.25,경기소비재,,,,
KR7133690008,,FGSC.30,필수소비재,,,,
KR7133690008,,FGSC.35,의료,,,,
KR7133690008,,FGSC.40,금융,,,,
KR7133690008,,FGSC.45,IT,,,,
KR7133690008,,FGSC.50,통신서비스,,,,
KR7133690008,,FGSC.55,유틸리티,,,,
KR7448300004,,FGSC.10,에너지,,,,
KR7448300004,,FGSC.15,소재,,,,
KR7448300004,,FGSC.20,산업재,,,,
KR7448300004,,FGSC.25,경기소비재,,,,
KR7448300004,,FGSC.30,필수소비재,,,,
KR7448300004,,FGSC.35,의료,,,,
KR7448300004,,FGSC.40,금융,,,,
KR7448300004,,FGSC.45,IT,,,,
KR7448300004,,FGSC.50,통신서비스,,,,
KR7448300004,,FGSC.55,유틸리티,,,,
KR7435420005,,FGSC.10,에너지,,,,
KR7435420005,,FGSC.15,소재,,,,
KR7435420005,,FGSC.20,산업재,,,,
KR7435420005,,FGSC.25,경기소비재,,,,
KR7435420005,,FGSC.30,필수소비재,,,,
KR7435420005,,FGSC.35,의료,,,,
KR7435420005,,FGSC.40,금융,,,,
KR7435420005,,FGSC.45,IT,,,,
KR7435420005,,FGSC.50,통신서비스,,,,
KR7435420005,,FGSC.55,유틸리티,,,,
KR7441680006,,FGSC.10,에너지,,,,
KR7441680006,,FGSC.15,소재,,,,
KR7441680006,,FGSC.20,산업재,,,,
KR7441680006,,FGSC.25,경기소비재,,,,
KR7441680006,,FGSC.30,필수소비재,,,,
KR7441680006,,FGSC.35,의료,,,,
KR7441680006,,FGSC.40,금융,,,,
KR7441680006,,FGSC.45,IT,,,,
KR7441680006,,FGSC.50,통신서비스,,,,
KR7441680006,,FGSC.55,유틸리티,,,,
KR7429010002,,FGSC.10,에너지,,,,
KR7429010002,,FGSC.15,소재,,,,
KR7429010002,,FGSC.20,산업재,,,,
KR7429010002,,FGSC.25,경기소비재,,,,
KR7429010002,,FGSC.30,필수소비재,,,,
KR7429010002,,FGSC.35,의료,,,,
KR7429010002,,FGSC.40,금융,,,,
KR7429010002,,FGSC.45,IT,,,,
KR7429010002,,FGSC.50,통신서비스,,,,
KR7429010002,,FGSC.55,유틸리티,,,,
KR7245340005,,FGSC.10,에너지,,,,
KR7245340005,,FGSC.15,소재,,,,
KR7245340005,,FGSC.20,산업재,,,,
KR7245340005,,FGSC.25,경기소비재,,,,
KR7245340005,,FGSC.30,필수소비재,,,,
KR7245340005,,FGSC.35,의료,,,,
KR7245340005,,FGSC.40,금융,,,,
KR7245340005,,FGSC.45,IT,,,,
KR7245340005,,FGSC.50,통신서비스,,,,
KR7245340005,,FGSC.55,유틸리티,,,,
KR7456610005,,FGSC.10,에너지,,,,
KR7456610005,,FGSC.15,소재,,,,
KR7456610005,,FGSC.20,산업재,,,,
KR7456610005,,FGSC.25,경기소비재,,,,
KR7456610005,,FGSC.30,필수소비재,,,,
KR7456610005,,FGSC.35,의료,,,,
KR7456610005,,FGSC.40,금융,,,,
KR7456610005,,FGSC.45,IT,,,,
KR7456610005,,FGSC.50,통신서비스,,,,
KR7456610005,,FGSC.55,유틸리티,,,,
KR7329750004,,FGSC.10,에너지,,,,
KR7329750004,,FGSC.15,소재,,,,
KR7329750004,,FGSC.20,산업재,,,,
KR7329750004,,FGSC.25,경기소비재,,,,
KR7329750004,,FGSC.30,필수소비재,,,,
KR7329750004,,FGSC.35,의료,,,,
KR7329750004,,FGSC.40,금융,,,,
KR7329750004,,FGSC.45,IT,,,,
KR7329750004,,FGSC.50,통신서비스,,,,
KR7329750004,,FGSC.55,유틸리티,,,,
KR7261110001,,FGSC.10,에너지,,,,
KR7261110001,,FGSC.15,소재,,,,
KR7261110001,,FGSC.20,산업재,,,,
KR7261110001,,FGSC.25,경기소비재,,,,
KR7261110001,,FGSC.30,필수소비재,,,,
KR7261110001,,FGSC.35,의료,,,,
KR7261110001,,FGSC.40,금융,,,,
KR7261110001,,FGSC.45,IT,,,,
KR7261110001,,FGSC.50,통신서비스,,,,
KR7261110001,,FGSC.55,유틸리티,,,,
KR7261120000,,FGSC.10,에너지,,,,
KR7261120000,,FGSC.15,소재,,,,
KR7261120000,,FGSC.20,산업재,,,,
KR7261120000,,FGSC.25,경기소비재,,,,
KR7261120000,,FGSC.30,필수소비재,,,,
KR7261120000,,FGSC.35,의료,,,,
KR7261120000,,FGSC.40,금융,,,,
KR7261120000,,FGSC.45,IT,,,,
KR7261120000,,FGSC.50,통신서비스,,,,
KR7261120000,,FGSC.55,유틸리티,,,,
KR7494840002,,FGSC.10,에너지,,,,
KR7494840002,,FGSC.15,소재,,,,
KR7494840002,,FGSC.20,산업재,,,,
KR7494840002,,FGSC.25,경기소비재,,,,
KR7494840002,,FGSC.30,필수소비재,,,,
KR7494840002,,FGSC.35,의료,,,,
KR7494840002,,FGSC.40,금융,,,,
KR7494840002,,FGSC.45,IT,,,,
KR7494840002,,FGSC.50,통신서비스,,,,
KR7494840002,,FGSC.55,유틸리티,,,,
KR7458730009,,FGSC.10,에너지,,,,
KR7458730009,,FGSC.15,소재,,,,
KR7458730009,,FGSC.20,산업재,,,,
KR7458730009,,FGSC.25,경기소비재,,,,
KR7458730009,,FGSC.30,필수소비재,,,,
KR7458730009,,FGSC.35,의료,,,,
KR7458730009,,FGSC.40,금융,,,,
KR7458730009,,FGSC.45,IT,,,,
KR7458730009,,FGSC.50,통신서비스,,,,
KR7458730009,,FGSC.55,유틸리티,,,,
KR70008S0004,,FGSC.10,에너지,,,,
KR70008S0004,,FGSC.15,소재,,,,
KR70008S0004,,FGSC.20,산업재,,,,
KR70008S0004,,FGSC.25,경기소비재,,,,
KR70008S0004,,FGSC.30,필수소비재,,,,
KR70008S0004,,FGSC.35,의료,,,,
KR70008S0004,,FGSC.40,금융,,,,
KR70008S0004,,FGSC.45,IT,,,,
KR70008S0004,,FGSC.50,통신서비스,,,,
KR70008S0004,,FGSC.55,유틸리티,,,,
KR70015K0003,,FGSC.10,에너지,,,,
KR70015K0003,,FGSC.15,소재,,,,
KR70015K0003,,FGSC.20,산업재,,,,
KR70015K0003,,FGSC.25,경기소비재,,,,
KR70015K0003,,FGSC.30,필수소비재,,,,
KR70015K0003,,FGSC.35,의료,,,,
KR70015K0003,,FGSC.40,금융,,,,
KR70015K0003,,FGSC.45,IT,,,,
KR70015K0003,,FGSC.50,통신서비스,,,,
KR70015K0003,,FGSC.55,유틸리티,,,,
KR70183J0002,,FGSC.10,에너지,,,,
KR70183J0002,,FGSC.15,소재,,,,
KR70183J0002,,FGSC.20,산업재,,,,
KR70183J0002,,FGSC.25,경기소비재,,,,
KR70183J0002,,FGSC.30,필수소비재,,,,
KR70183J0002,,FGSC.35,의료,,,,
KR70183J0002,,FGSC.40,금융,,,,
KR70183J0002,,FGSC.45,IT,,,,
KR70183J0002,,FGSC.50,통신서비스,,,,
KR70183J0002,,FGSC.55,유틸리티,,,,
KR7305080004,,FGSC.10,에너지,,,,
KR7305080004,,FGSC.15,소재,,,,
KR7305080004,,FGSC.20,산업재,,,,
KR7305080004,,FGSC.25,경기소비재,,,,
KR7305080004,,FGSC.30,필수소비재,,,,
KR7305080004,,FGSC.35,의료,,,,
KR7305080004,,FGSC.40,금융,,,,
KR7305080004,,FGSC.45,IT,,,,
KR7305080004,,FGSC.50,통신서비스,,,,
KR7305080004,,FGSC.55,유틸리티,,,,
KR70046A0008,,FGSC.10,에너지,,,,
KR70046A0008,,FGSC.15,소재,,,,
KR70046A0008,,FGSC.20,산업재,,,,
KR70046A0008,,FGSC.25,경기소비재,,,,
KR70046A0008,,FGSC.30,필수소비재,,,,
KR70046A0008,,FGSC.35,의료,,,,
KR70046A0008,,FGSC.40,금융,,,,
KR70046A0008,,FGSC.45,IT,,,,
KR70046A0008,,FGSC.50,통신서비스,,,,
KR70046A0008,,FGSC.55,유틸리티,,,,
KR7465670008,,FGSC.10,에너지,,,,
KR7465670008,,FGSC.15,소재,,,,
KR7465670008,,FGSC.20,산업재,,,,
KR7465670008,,FGSC.25,경기소비재,,,,
KR7465670008,,FGSC.30,필수소비재,,,,
KR7465670008,,FGSC.35,의료,,,,
KR7465670008,,FGSC.40,금융,,,,
KR7465670008,,FGSC.45,IT,,,,
KR7465670008,,FGSC.50,통신서비스,,,,
KR7465670008,,FGSC.55,유틸리티,,,,
KR70223R0004,,FGSC.10,에너지,,,,
KR70223R0004,,FGSC.15,소재,,,,
KR70223R0004,,FGSC.20,산업재,,,,
KR70223R0004,,FGSC.25,경기소비재,,,,
KR70223R0004,,FGSC.30,필수소비재,,,,
KR70223R0004,,FGSC.35,의료,,,,
KR70223R0004,,FGSC.40,금융,,,,
KR70223R0004,,FGSC.45,IT,,,,
KR70223R0004,,FGSC.50,통신서비스,,,,
KR70223R0004,,FGSC.55,유틸리티,,,,
KR7381170000,,FGSC.10,에너지,,,,
KR7381170000,,FGSC.15,소재,,,,
KR7381170000,,FGSC.20,산업재,,,,
KR7381170000,,FGSC.25,경기소비재,,,,
KR7381170000,,FGSC.30,필수소비재,,,,
KR7381170000,,FGSC.35,의료,,,,
KR7381170000,,FGSC.40,금융,,,,
KR7381170000,,FGSC.45,IT,,,,
KR7381170000,,FGSC.50,통신서비스,,,,
KR7381170000,,FGSC.55,유틸리티,,,,
KR7472160001,,FGSC.10,에너지,,,,
KR7472160001,,FGSC.15,소재,,,,
KR7472160001,,FGSC.20,산업재,,,,
KR7472160001,,FGSC.25,경기소비재,,,,
KR7472160001,,FGSC.30,필수소비재,,,,
KR7472160001,,FGSC.35,의료,,,,
KR7472160001,,FGSC.40,금융,,,,
KR7472160001,,FGSC.45,IT,,,,
KR7472160001,,FGSC.50,통신서비스,,,,
KR7472160001,,FGSC.55,유틸리티,,,,
KR7472170000,,FGSC.10,에너지,,,,
KR7472170000,,FGSC.15,소재,,,,
KR7472170000,,FGSC.20,산업재,,,,
KR7472170000,,FGSC.25,경기소비재,,,,
KR7472170000,,FGSC.30,필수소비재,,,,
KR7472170000,,FGSC.35,의료,,,,
KR7472170000,,FGSC.40,금융,,,,
KR7472170000,,FGSC.45,IT,,,,
KR7472170000,,FGSC.50,통신서비스,,,,
KR7472170000,,FGSC.55,유틸리티,,,,
KR7458260007,,FGSC.10,에너지,,,,
KR7458260007,,FGSC.15,소재,,,,
KR7458260007,,FGSC.20,산업재,,,,
KR7458260007,,FGSC.25,경기소비재,,,,
KR7458260007,,FGSC.30,필수소비재,,,,
KR7458260007,,FGSC.35,의료,,,,
KR7458260007,,FGSC.40,금융,,,,
KR7458260007,,FGSC.45,IT,,,,
KR7458260007,,FGSC.50,통신서비스,,,,
KR7458260007,,FGSC.55,유틸리티,,,,
KR7497570002,,FGSC.10,에너지,,,,
KR7497570002,,FGSC.15,소재,,,,
KR7497570002,,FGSC.20,산업재,,,,
KR7497570002,,FGSC.25,경기소비재,,,,
KR7497570002,,FGSC.30,필수소비재,,,,
KR7497570002,,FGSC.35,의료,,,,
KR7497570002,,FGSC.40,금융,,,,
KR7497570002,,FGSC.45,IT,,,,
KR7497570002,,FGSC.50,통신서비스,,,,
KR7497570002,,FGSC.55,유틸리티,,,,
KR7381180009,,FGSC.10,에너지,,,,
KR7381180009,,FGSC.15,소재,,,,
KR7381180009,,FGSC.20,산업재,,,,
KR7381180009,,FGSC.25,경기소비재,,,,
KR7381180009,,FGSC.30,필수소비재,,,,
KR7381180009,,FGSC.35,의료,,,,
KR7381180009,,FGSC.40,금융,,,,
KR7381180009,,FGSC.45,IT,,,,
KR7381180009,,FGSC.50,통신서비스,,,,
KR7381180009,,FGSC.55,유틸리티,,,,
KR7228810008,,FGSC.10,에너지,,,,
KR7228810008,,FGSC.15,소재,,,,
KR7228810008,,FGSC.20,산업재,,,,
KR7228810008,20260813,FGSC.25,경기소비재,90.6017,6.12,84.49,미래에셋 TIGER 미디어컨텐츠 증권상장지수투자신탁(주식)
KR7228810008,,FGSC.30,필수소비재,,,,
KR7228810008,,FGSC.35,의료,,,,
KR7228810008,,FGSC.40,금융,,,,
KR7228810008,20260813,FGSC.45,IT,9.3984,59.71,-50.31,미래에셋 TIGER 미디어컨텐츠 증권상장지수투자신탁(주식)
KR7228810008,,FGSC.50,통신서비스,,,,
KR7228810008,,FGSC.55,유틸리티,,,,
KR7364970004,,FGSC.10,에너지,,,,
KR7364970004,,FGSC.15,소재,,,,
KR7364970004,,FGSC.20,산업재,,,,
KR7364970004,,FGSC.25,경기소비재,,,,
KR7364970004,,FGSC.30,필수소비재,,,,
KR7364970004,20260813,FGSC.35,의료,100,5.15,94.85,미래에셋TIGER바이오TOP10증권상장지수투자신탁(주식)
KR7364970004,,FGSC.40,금융,,,,
KR7364970004,,FGSC.45,IT,,,,
KR7364970004,,FGSC.50,통신서비스,,,,
KR7364970004,,FGSC.55,유틸리티,,,,
KR7091230003,20260813,FGSC.10,에너지,.4325,2,-1.57,미래에셋TIGER반도체증권상장지수투자신탁(주식)
KR7091230003,,FGSC.15,소재,,,,
KR7091230003,,FGSC.20,산업재,,,,
KR7091230003,,FGSC.25,경기소비재,,,,
KR7091230003,,FGSC.30,필수소비재,,,,
KR7091230003,,FGSC.35,의료,,,,
KR7091230003,,FGSC.40,금융,,,,
KR7091230003,20260813,FGSC.45,IT,99.5675,59.71,39.86,미래에셋TIGER반도체증권상장지수투자신탁(주식)
KR7091230003,,FGSC.50,통신서비스,,,,
KR7091230003,,FGSC.55,유틸리티,,,,
KR7488080003,,FGSC.10,에너지,,,,
KR7488080003,,FGSC.15,소재,,,,
KR7488080003,,FGSC.20,산업재,,,,
KR7488080003,,FGSC.25,경기소비재,,,,
KR7488080003,,FGSC.30,필수소비재,,,,
KR7488080003,,FGSC.35,의료,,,,
KR7488080003,,FGSC.40,금융,,,,
KR7488080003,,FGSC.45,IT,,,,
KR7488080003,,FGSC.50,통신서비스,,,,
KR7488080003,,FGSC.55,유틸리티,,,,
KR7396500001,,FGSC.10,에너지,,,,
KR7396500001,,FGSC.15,소재,,,,
KR7396500001,,FGSC.20,산업재,,,,
KR7396500001,,FGSC.25,경기소비재,,,,
KR7396500001,,FGSC.30,필수소비재,,,,
KR7396500001,,FGSC.35,의료,,,,
KR7396500001,,FGSC.40,금융,,,,
KR7396500001,20260813,FGSC.45,IT,99.9999,59.71,40.29,미래에셋TIGER반도체TOP10증권상장지수투자신탁(주식)
KR7396500001,,FGSC.50,통신서비스,,,,
KR7396500001,,FGSC.55,유틸리티,,,,
KR70177R0000,,FGSC.10,에너지,,,,
KR70177R0000,,FGSC.15,소재,,,,
KR70177R0000,,FGSC.20,산업재,,,,
KR70177R0000,,FGSC.25,경기소비재,,,,
KR70177R0000,,FGSC.30,필수소비재,,,,
KR70177R0000,,FGSC.35,의료,,,,
KR70177R0000,,FGSC.40,금융,,,,
KR70177R0000,20260813,FGSC.45,IT,88.2042,59.71,28.49,미래에셋 TIGER 반도체TOP10커버드콜액티브증권상장지수투자신탁(주식-파생형)
KR70177R0000,,FGSC.50,통신서비스,,,,
KR70177R0000,,FGSC.55,유틸리티,,,,
KR7138520002,,FGSC.10,에너지,,,,
KR7138520002,,FGSC.15,소재,,,,
KR7138520002,20260813,FGSC.20,산업재,34.0693,13.59,20.48,미래에셋TIGER삼성그룹증권상장지수투자신탁(주식)
KR7138520002,20260813,FGSC.25,경기소비재,2.892,6.12,-3.22,미래에셋TIGER삼성그룹증권상장지수투자신탁(주식)
KR7138520002,,FGSC.30,필수소비재,,,,
KR7138520002,20260813,FGSC.35,의료,4.4444,5.15,-.71,미래에셋TIGER삼성그룹증권상장지수투자신탁(주식)
KR7138520002,20260813,FGSC.40,금융,13.3172,7.56,5.76,미래에셋TIGER삼성그룹증권상장지수투자신탁(주식)
KR7138520002,20260813,FGSC.45,IT,45.2772,59.71,-14.43,미래에셋TIGER삼성그룹증권상장지수투자신탁(주식)
KR7138520002,,FGSC.50,통신서비스,,,,
KR7138520002,,FGSC.55,유틸리티,,,,
KR70195R0008,,FGSC.10,에너지,,,,
KR70195R0008,,FGSC.15,소재,,,,
KR70195R0008,,FGSC.20,산업재,,,,
KR70195R0008,,FGSC.25,경기소비재,,,,
KR70195R0008,,FGSC.30,필수소비재,,,,
KR70195R0008,,FGSC.35,의료,,,,
KR70195R0008,,FGSC.40,금융,,,,
KR70195R0008,,FGSC.45,IT,,,,
KR70195R0008,,FGSC.50,통신서비스,,,,
KR70195R0008,,FGSC.55,유틸리티,,,,
KR7157490004,,FGSC.10,에너지,,,,
KR7157490004,,FGSC.15,소재,,,,
KR7157490004,,FGSC.20,산업재,,,,
KR7157490004,,FGSC.25,경기소비재,,,,
KR7157490004,,FGSC.30,필수소비재,,,,
KR7157490004,,FGSC.35,의료,,,,
KR7157490004,,FGSC.40,금융,,,,
KR7157490004,20260813,FGSC.45,IT,99.9999,59.71,40.29,미래에셋 TIGER 소프트웨어 증권상장지수투자신탁(주식)
KR7157490004,,FGSC.50,통신서비스,,,,
KR7157490004,,FGSC.55,유틸리티,,,,
KR7228800009,,FGSC.10,에너지,,,,
KR7228800009,,FGSC.15,소재,,,,
KR7228800009,20260813,FGSC.20,산업재,27.9722,13.59,14.38,미래에셋 TIGER 여행레저 증권상장지수투자신탁(주식)
KR7228800009,20260813,FGSC.25,경기소비재,72.0278,6.12,65.91,미래에셋 TIGER 여행레저 증권상장지수투자신탁(주식)
KR7228800009,,FGSC.30,필수소비재,,,,
KR7228800009,,FGSC.35,의료,,,,
KR7228800009,,FGSC.40,금융,,,,
KR7228800009,,FGSC.45,IT,,,,
KR7228800009,,FGSC.50,통신서비스,,,,
KR7228800009,,FGSC.55,유틸리티,,,,
KR7227570009,20260813,FGSC.10,에너지,7.4221,2,5.42,미래에셋TIGER우량가치증권상장지수투자신탁(주식)
KR7227570009,20260813,FGSC.15,소재,15.2527,2.8,12.45,미래에셋TIGER우량가치증권상장지수투자신탁(주식)
KR7227570009,20260813,FGSC.20,산업재,18.1412,13.59,4.55,미래에셋TIGER우량가치증권상장지수투자신탁(주식)
KR7227570009,20260813,FGSC.25,경기소비재,19.0219,6.12,12.91,미래에셋TIGER우량가치증권상장지수투자신탁(주식)
KR7227570009,20260813,FGSC.30,필수소비재,14.2651,1.91,12.36,미래에셋TIGER우량가치증권상장지수투자신탁(주식)
KR7227570009,20260813,FGSC.35,의료,2.3514,5.15,-2.8,미래에셋TIGER우량가치증권상장지수투자신탁(주식)
KR7227570009,20260813,FGSC.40,금융,10.4783,7.56,2.92,미래에셋TIGER우량가치증권상장지수투자신탁(주식)
KR7227570009,20260813,FGSC.45,IT,3.1894,59.71,-56.52,미래에셋TIGER우량가치증권상장지수투자신탁(주식)
KR7227570009,20260813,FGSC.50,통신서비스,5.5759,.66,4.91,미래에셋TIGER우량가치증권상장지수투자신탁(주식)
KR7227570009,20260813,FGSC.55,유틸리티,4.3019,.5,3.8,미래에셋TIGER우량가치증권상장지수투자신탁(주식)
KR7261140008,20260813,FGSC.10,에너지,1.2325,2,-.77,미래에셋TIGER우선주증권상장지수투자신탁(주식)
KR7261140008,20260813,FGSC.15,소재,5.8335,2.8,3.03,미래에셋TIGER우선주증권상장지수투자신탁(주식)
KR7261140008,20260813,FGSC.20,산업재,8.126,13.59,-5.46,미래에셋TIGER우선주증권상장지수투자신탁(주식)
KR7261140008,20260813,FGSC.25,경기소비재,23.643,6.12,17.53,미래에셋TIGER우선주증권상장지수투자신탁(주식)
KR7261140008,20260813,FGSC.30,필수소비재,3.3181,1.91,1.41,미래에셋TIGER우선주증권상장지수투자신탁(주식)
KR7261140008,,FGSC.35,의료,,,,
KR7261140008,20260813,FGSC.40,금융,22.6156,7.56,15.06,미래에셋TIGER우선주증권상장지수투자신탁(주식)
KR7261140008,20260813,FGSC.45,IT,35.2313,59.71,-24.48,미래에셋TIGER우선주증권상장지수투자신탁(주식)
KR7261140008,,FGSC.50,통신서비스,,,,
KR7261140008,,FGSC.55,유틸리티,,,,
KR7130680002,,FGSC.10,에너지,,,,
KR7130680002,,FGSC.15,소재,,,,
KR7130680002,,FGSC.20,산업재,,,,
KR7130680002,,FGSC.25,경기소비재,,,,
KR7130680002,,FGSC.30,필수소비재,,,,
KR7130680002,,FGSC.35,의료,,,,
KR7130680002,,FGSC.40,금융,,,,
KR7130680002,,FGSC.45,IT,,,,
KR7130680002,,FGSC.50,통신서비스,,,,
KR7130680002,,FGSC.55,유틸리티,,,,
KR7245350004,,FGSC.10,에너지,,,,
KR7245350004,,FGSC.15,소재,,,,
KR7245350004,,FGSC.20,산업재,,,,
KR7245350004,,FGSC.25,경기소비재,,,,
KR7245350004,,FGSC.30,필수소비재,,,,
KR7245350004,,FGSC.35,의료,,,,
KR7245350004,,FGSC.40,금융,,,,
KR7245350004,,FGSC.45,IT,,,,
KR7245350004,,FGSC.50,통신서비스,,,,
KR7245350004,,FGSC.55,유틸리티,,,,
KR70189B0004,,FGSC.10,에너지,,,,
KR70189B0004,,FGSC.15,소재,,,,
KR70189B0004,,FGSC.20,산업재,,,,
KR70189B0004,,FGSC.25,경기소비재,,,,
KR70189B0004,,FGSC.30,필수소비재,,,,
KR70189B0004,,FGSC.35,의료,,,,
KR70189B0004,,FGSC.40,금융,,,,
KR70189B0004,,FGSC.45,IT,,,,
KR70189B0004,,FGSC.50,통신서비스,,,,
KR70189B0004,,FGSC.55,유틸리티,,,,
KR7091220004,,FGSC.10,에너지,,,,
KR7091220004,,FGSC.15,소재,,,,
KR7091220004,,FGSC.20,산업재,,,,
KR7091220004,,FGSC.25,경기소비재,,,,
KR7091220004,,FGSC.30,필수소비재,,,,
KR7091220004,,FGSC.35,의료,,,,
KR7091220004,20260813,FGSC.40,금융,100.0001,7.56,92.44,미래에셋TIGER은행증권상장지수투자신탁(주식)
KR7091220004,,FGSC.45,IT,,,,
KR7091220004,,FGSC.50,통신서비스,,,,
KR7091220004,,FGSC.55,유틸리티,,,,
KR7466940004,,FGSC.10,에너지,,,,
KR7466940004,,FGSC.15,소재,,,,
KR7466940004,,FGSC.20,산업재,,,,
KR7466940004,,FGSC.25,경기소비재,,,,
KR7466940004,,FGSC.30,필수소비재,,,,
KR7466940004,,FGSC.35,의료,,,,
KR7466940004,20260813,FGSC.40,금융,99.9998,7.56,92.44,미래에셋TIGER은행고배당플러스TOP10증권상장지수투자신탁(주식)
KR7466940004,,FGSC.45,IT,,,,
KR7466940004,,FGSC.50,통신서비스,,,,
KR7466940004,,FGSC.55,유틸리티,,,,
KR7307510008,,FGSC.10,에너지,,,,
KR7307510008,,FGSC.15,소재,,,,
KR7307510008,,FGSC.20,산업재,,,,
KR7307510008,,FGSC.25,경기소비재,,,,
KR7307510008,,FGSC.30,필수소비재,,,,
KR7307510008,20260813,FGSC.35,의료,100.0001,5.15,94.85,미래에셋TIGER의료기기증권상장지수투자신탁(주식)
KR7307510008,,FGSC.40,금융,,,,
KR7307510008,,FGSC.45,IT,,,,
KR7307510008,,FGSC.50,통신서비스,,,,
KR7307510008,,FGSC.55,유틸리티,,,,
KR7453870008,,FGSC.10,에너지,,,,
KR7453870008,,FGSC.15,소재,,,,
KR7453870008,,FGSC.20,산업재,,,,
KR7453870008,,FGSC.25,경기소비재,,,,
KR7453870008,,FGSC.30,필수소비재,,,,
KR7453870008,,FGSC.35,의료,,,,
KR7453870008,,FGSC.40,금융,,,,
KR7453870008,,FGSC.45,IT,,,,
KR7453870008,,FGSC.50,통신서비스,,,,
KR7453870008,,FGSC.55,유틸리티,,,,
KR7236350005,,FGSC.10,에너지,,,,
KR7236350005,,FGSC.15,소재,,,,
KR7236350005,,FGSC.20,산업재,,,,
KR7236350005,,FGSC.25,경기소비재,,,,
KR7236350005,,FGSC.30,필수소비재,,,,
KR7236350005,,FGSC.35,의료,,,,
KR7236350005,,FGSC.40,금융,,,,
KR7236350005,,FGSC.45,IT,,,,
KR7236350005,,FGSC.50,통신서비스,,,,
KR7236350005,,FGSC.55,유틸리티,,,,
KR7479730004,,FGSC.10,에너지,,,,
KR7479730004,,FGSC.15,소재,,,,
KR7479730004,,FGSC.20,산업재,,,,
KR7479730004,,FGSC.25,경기소비재,,,,
KR7479730004,,FGSC.30,필수소비재,,,,
KR7479730004,,FGSC.35,의료,,,,
KR7479730004,,FGSC.40,금융,,,,
KR7479730004,,FGSC.45,IT,,,,
KR7479730004,,FGSC.50,통신서비스,,,,
KR7479730004,,FGSC.55,유틸리티,,,,
KR7123310005,,FGSC.10,에너지,,,,
KR7123310005,,FGSC.15,소재,,,,
KR7123310005,,FGSC.20,산업재,,,,
KR7123310005,,FGSC.25,경기소비재,,,,
KR7123310005,,FGSC.30,필수소비재,,,,
KR7123310005,,FGSC.35,의료,,,,
KR7123310005,,FGSC.40,금융,,,,
KR7123310005,,FGSC.45,IT,,,,
KR7123310005,,FGSC.50,통신서비스,,,,
KR7123310005,,FGSC.55,유틸리티,,,,
KR7365000009,,FGSC.10,에너지,,,,
KR7365000009,,FGSC.15,소재,,,,
KR7365000009,20260813,FGSC.20,산업재,15.2588,13.59,1.67,미래에셋TIGER인터넷TOP10증권상장지수투자신탁(주식)
KR7365000009,,FGSC.25,경기소비재,,,,
KR7365000009,,FGSC.30,필수소비재,,,,
KR7365000009,,FGSC.35,의료,,,,
KR7365000009,,FGSC.40,금융,,,,
KR7365000009,20260813,FGSC.45,IT,84.7411,59.71,25.03,미래에셋TIGER인터넷TOP10증권상장지수투자신탁(주식)
KR7365000009,,FGSC.50,통신서비스,,,,
KR7365000009,,FGSC.55,유틸리티,,,,
KR7241180009,,FGSC.10,에너지,,,,
KR7241180009,,FGSC.15,소재,,,,
KR7241180009,,FGSC.20,산업재,,,,
KR7241180009,,FGSC.25,경기소비재,,,,
KR7241180009,,FGSC.30,필수소비재,,,,
KR7241180009,,FGSC.35,의료,,,,
KR7241180009,,FGSC.40,금융,,,,
KR7241180009,,FGSC.45,IT,,,,
KR7241180009,,FGSC.50,통신서비스,,,,
KR7241180009,,FGSC.55,유틸리티,,,,
KR7465660009,,FGSC.10,에너지,,,,
KR7465660009,,FGSC.15,소재,,,,
KR7465660009,,FGSC.20,산업재,,,,
KR7465660009,,FGSC.25,경기소비재,,,,
KR7465660009,,FGSC.30,필수소비재,,,,
KR7465660009,,FGSC.35,의료,,,,
KR7465660009,,FGSC.40,금융,,,,
KR7465660009,,FGSC.45,IT,,,,
KR7465660009,,FGSC.50,통신서비스,,,,
KR7465660009,,FGSC.55,유틸리티,,,,
KR7292560000,,FGSC.10,에너지,,,,
KR7292560000,,FGSC.15,소재,,,,
KR7292560000,,FGSC.20,산업재,,,,
KR7292560000,,FGSC.25,경기소비재,,,,
KR7292560000,,FGSC.30,필수소비재,,,,
KR7292560000,,FGSC.35,의료,,,,
KR7292560000,,FGSC.40,금융,,,,
KR7292560000,,FGSC.45,IT,,,,
KR7292560000,,FGSC.50,통신서비스,,,,
KR7292560000,,FGSC.55,유틸리티,,,,
KR70025N0008,,FGSC.10,에너지,,,,
KR70025N0008,,FGSC.15,소재,,,,
KR70025N0008,,FGSC.20,산업재,,,,
KR70025N0008,,FGSC.25,경기소비재,,,,
KR70025N0008,,FGSC.30,필수소비재,,,,
KR70025N0008,,FGSC.35,의료,,,,
KR70025N0008,,FGSC.40,금융,,,,
KR70025N0008,,FGSC.45,IT,,,,
KR70025N0008,,FGSC.50,통신서비스,,,,
KR70025N0008,,FGSC.55,유틸리티,,,,
KR7494670003,,FGSC.10,에너지,,,,
KR7494670003,20260813,FGSC.15,소재,1.0626,2.8,-1.74,미래에셋TIGER조선TOP10증권상장지수투자신탁(주식)
KR7494670003,20260813,FGSC.20,산업재,98.9374,13.59,85.35,미래에셋TIGER조선TOP10증권상장지수투자신탁(주식)
KR7494670003,,FGSC.25,경기소비재,,,,
KR7494670003,,FGSC.30,필수소비재,,,,
KR7494670003,,FGSC.35,의료,,,,
KR7494670003,,FGSC.40,금융,,,,
KR7494670003,,FGSC.45,IT,,,,
KR7494670003,,FGSC.50,통신서비스,,,,
KR7494670003,,FGSC.55,유틸리티,,,,
KR7150460004,,FGSC.10,에너지,,,,
KR7150460004,,FGSC.15,소재,,,,
KR7150460004,,FGSC.20,산업재,,,,
KR7150460004,20260813,FGSC.25,경기소비재,16.1841,6.12,10.07,미래에셋TIGER중국소비테마증권상장지수투자신탁(주식)
KR7150460004,20260813,FGSC.30,필수소비재,62.7582,1.91,60.85,미래에셋TIGER중국소비테마증권상장지수투자신탁(주식)
KR7150460004,20260813,FGSC.35,의료,21.0576,5.15,15.9,미래에셋TIGER중국소비테마증권상장지수투자신탁(주식)
KR7150460004,,FGSC.40,금융,,,,
KR7150460004,,FGSC.45,IT,,,,
KR7150460004,,FGSC.50,통신서비스,,,,
KR7150460004,,FGSC.55,유틸리티,,,,
KR70192Z0001,,FGSC.10,에너지,,,,
KR70192Z0001,,FGSC.15,소재,,,,
KR70192Z0001,,FGSC.20,산업재,,,,
KR70192Z0001,,FGSC.25,경기소비재,,,,
KR70192Z0001,,FGSC.30,필수소비재,,,,
KR70192Z0001,,FGSC.35,의료,,,,
KR70192Z0001,,FGSC.40,금융,,,,
KR70192Z0001,,FGSC.45,IT,,,,
KR70192Z0001,,FGSC.50,통신서비스,,,,
KR70192Z0001,,FGSC.55,유틸리티,,,,
KR7302190004,,FGSC.10,에너지,,,,
KR7302190004,,FGSC.15,소재,,,,
KR7302190004,,FGSC.20,산업재,,,,
KR7302190004,,FGSC.25,경기소비재,,,,
KR7302190004,,FGSC.30,필수소비재,,,,
KR7302190004,,FGSC.35,의료,,,,
KR7302190004,,FGSC.40,금융,,,,
KR7302190004,,FGSC.45,IT,,,,
KR7302190004,,FGSC.50,통신서비스,,,,
KR7302190004,,FGSC.55,유틸리티,,,,
KR7157500000,,FGSC.10,에너지,,,,
KR7157500000,,FGSC.15,소재,,,,
KR7157500000,,FGSC.20,산업재,,,,
KR7157500000,,FGSC.25,경기소비재,,,,
KR7157500000,,FGSC.30,필수소비재,,,,
KR7157500000,,FGSC.35,의료,,,,
KR7157500000,20260813,FGSC.40,금융,100.0001,7.56,92.44,미래에셋 TIGER 증권 증권상장지수투자신탁(주식)
KR7157500000,,FGSC.45,IT,,,,
KR7157500000,,FGSC.50,통신서비스,,,,
KR7157500000,,FGSC.55,유틸리티,,,,
KR7307520007,20260813,FGSC.10,에너지,19.4668,2,17.46,미래에셋TIGER지주회사증권상장지수투자신탁(주식)
KR7307520007,20260813,FGSC.15,소재,12.189,2.8,9.39,미래에셋TIGER지주회사증권상장지수투자신탁(주식)
KR7307520007,20260813,FGSC.20,산업재,56.7282,13.59,43.14,미래에셋TIGER지주회사증권상장지수투자신탁(주식)
KR7307520007,20260813,FGSC.25,경기소비재,4.6444,6.12,-1.47,미래에셋TIGER지주회사증권상장지수투자신탁(주식)
KR7307520007,20260813,FGSC.30,필수소비재,2.2099,1.91,.3,미래에셋TIGER지주회사증권상장지수투자신탁(주식)
KR7307520007,20260813,FGSC.35,의료,2.1981,5.15,-2.96,미래에셋TIGER지주회사증권상장지수투자신탁(주식)
KR7307520007,,FGSC.40,금융,,,,
KR7307520007,20260813,FGSC.45,IT,2.5637,59.71,-57.15,미래에셋TIGER지주회사증권상장지수투자신탁(주식)
KR7307520007,,FGSC.50,통신서비스,,,,
KR7307520007,,FGSC.55,유틸리티,,,,
KR7117690008,,FGSC.10,에너지,,,,
KR7117690008,,FGSC.15,소재,,,,
KR7117690008,,FGSC.20,산업재,,,,
KR7117690008,,FGSC.25,경기소비재,,,,
KR7117690008,,FGSC.30,필수소비재,,,,
KR7117690008,,FGSC.35,의료,,,,
KR7117690008,,FGSC.40,금융,,,,
KR7117690008,,FGSC.45,IT,,,,
KR7117690008,,FGSC.50,통신서비스,,,,
KR7117690008,,FGSC.55,유틸리티,,,,
KR70067Y0004,,FGSC.10,에너지,,,,
KR70067Y0004,,FGSC.15,소재,,,,
KR70067Y0004,,FGSC.20,산업재,,,,
KR70067Y0004,,FGSC.25,경기소비재,,,,
KR70067Y0004,,FGSC.30,필수소비재,,,,
KR70067Y0004,,FGSC.35,의료,,,,
KR70067Y0004,,FGSC.40,금융,,,,
KR70067Y0004,,FGSC.45,IT,,,,
KR70067Y0004,,FGSC.50,통신서비스,,,,
KR70067Y0004,,FGSC.55,유틸리티,,,,
KR7245360003,,FGSC.10,에너지,,,,
KR7245360003,,FGSC.15,소재,,,,
KR7245360003,,FGSC.20,산업재,,,,
KR7245360003,,FGSC.25,경기소비재,,,,
KR7245360003,,FGSC.30,필수소비재,,,,
KR7245360003,,FGSC.35,의료,,,,
KR7245360003,,FGSC.40,금융,,,,
KR7245360003,,FGSC.45,IT,,,,
KR7245360003,,FGSC.50,통신서비스,,,,
KR7245360003,,FGSC.55,유틸리티,,,,
KR7414780007,,FGSC.10,에너지,,,,
KR7414780007,,FGSC.15,소재,,,,
KR7414780007,,FGSC.20,산업재,,,,
KR7414780007,,FGSC.25,경기소비재,,,,
KR7414780007,,FGSC.30,필수소비재,,,,
KR7414780007,,FGSC.35,의료,,,,
KR7414780007,,FGSC.40,금융,,,,
KR7414780007,,FGSC.45,IT,,,,
KR7414780007,,FGSC.50,통신서비스,,,,
KR7414780007,,FGSC.55,유틸리티,,,,
KR70067V0007,,FGSC.10,에너지,,,,
KR70067V0007,,FGSC.15,소재,,,,
KR70067V0007,,FGSC.20,산업재,,,,
KR70067V0007,,FGSC.25,경기소비재,,,,
KR70067V0007,,FGSC.30,필수소비재,,,,
KR70067V0007,,FGSC.35,의료,,,,
KR70067V0007,,FGSC.40,금융,,,,
KR70067V0007,,FGSC.45,IT,,,,
KR70067V0007,,FGSC.50,통신서비스,,,,
KR70067V0007,,FGSC.55,유틸리티,,,,
KR7371470006,,FGSC.10,에너지,,,,
KR7371470006,,FGSC.15,소재,,,,
KR7371470006,,FGSC.20,산업재,,,,
KR7371470006,,FGSC.25,경기소비재,,,,
KR7371470006,,FGSC.30,필수소비재,,,,
KR7371470006,,FGSC.35,의료,,,,
KR7371470006,,FGSC.40,금융,,,,
KR7371470006,,FGSC.45,IT,,,,
KR7371470006,,FGSC.50,통신서비스,,,,
KR7371470006,,FGSC.55,유틸리티,,,,
KR7396520009,,FGSC.10,에너지,,,,
KR7396520009,,FGSC.15,소재,,,,
KR7396520009,,FGSC.20,산업재,,,,
KR7396520009,,FGSC.25,경기소비재,,,,
KR7396520009,,FGSC.30,필수소비재,,,,
KR7396520009,,FGSC.35,의료,,,,
KR7396520009,,FGSC.40,금융,,,,
KR7396520009,,FGSC.45,IT,,,,
KR7396520009,,FGSC.50,통신서비스,,,,
KR7396520009,,FGSC.55,유틸리티,,,,
KR7371460007,,FGSC.10,에너지,,,,
KR7371460007,,FGSC.15,소재,,,,
KR7371460007,,FGSC.20,산업재,,,,
KR7371460007,,FGSC.25,경기소비재,,,,
KR7371460007,,FGSC.30,필수소비재,,,,
KR7371460007,,FGSC.35,의료,,,,
KR7371460007,,FGSC.40,금융,,,,
KR7371460007,,FGSC.45,IT,,,,
KR7371460007,,FGSC.50,통신서비스,,,,
KR7371460007,,FGSC.55,유틸리티,,,,
KR7456680008,,FGSC.10,에너지,,,,
KR7456680008,,FGSC.15,소재,,,,
KR7456680008,,FGSC.20,산업재,,,,
KR7456680008,,FGSC.25,경기소비재,,,,
KR7456680008,,FGSC.30,필수소비재,,,,
KR7456680008,,FGSC.35,의료,,,,
KR7456680008,,FGSC.40,금융,,,,
KR7456680008,,FGSC.45,IT,,,,
KR7456680008,,FGSC.50,통신서비스,,,,
KR7456680008,,FGSC.55,유틸리티,,,,
KR70133E0008,,FGSC.10,에너지,,,,
KR70133E0008,,FGSC.15,소재,,,,
KR70133E0008,,FGSC.20,산업재,,,,
KR70133E0008,,FGSC.25,경기소비재,,,,
KR70133E0008,,FGSC.30,필수소비재,,,,
KR70133E0008,,FGSC.35,의료,,,,
KR70133E0008,,FGSC.40,금융,,,,
KR70133E0008,,FGSC.45,IT,,,,
KR70133E0008,,FGSC.50,통신서비스,,,,
KR70133E0008,,FGSC.55,유틸리티,,,,
KR7396510000,,FGSC.10,에너지,,,,
KR7396510000,,FGSC.15,소재,,,,
KR7396510000,,FGSC.20,산업재,,,,
KR7396510000,,FGSC.25,경기소비재,,,,
KR7396510000,,FGSC.30,필수소비재,,,,
KR7396510000,,FGSC.35,의료,,,,
KR7396510000,,FGSC.40,금융,,,,
KR7396510000,,FGSC.45,IT,,,,
KR7396510000,,FGSC.50,통신서비스,,,,
KR7396510000,,FGSC.55,유틸리티,,,,
KR70047A0007,,FGSC.10,에너지,,,,
KR70047A0007,,FGSC.15,소재,,,,
KR70047A0007,,FGSC.20,산업재,,,,
KR70047A0007,,FGSC.25,경기소비재,,,,
KR70047A0007,,FGSC.30,필수소비재,,,,
KR70047A0007,,FGSC.35,의료,,,,
KR70047A0007,,FGSC.40,금융,,,,
KR70047A0007,,FGSC.45,IT,,,,
KR70047A0007,,FGSC.50,통신서비스,,,,
KR70047A0007,,FGSC.55,유틸리티,,,,
KR7438320004,,FGSC.10,에너지,,,,
KR7438320004,,FGSC.15,소재,,,,
KR7438320004,,FGSC.20,산업재,,,,
KR7438320004,,FGSC.25,경기소비재,,,,
KR7438320004,,FGSC.30,필수소비재,,,,
KR7438320004,,FGSC.35,의료,,,,
KR7438320004,,FGSC.40,금융,,,,
KR7438320004,,FGSC.45,IT,,,,
KR7438320004,,FGSC.50,통신서비스,,,,
KR7438320004,,FGSC.55,유틸리티,,,,
KR7371160003,,FGSC.10,에너지,,,,
KR7371160003,,FGSC.15,소재,,,,
KR7371160003,,FGSC.20,산업재,,,,
KR7371160003,,FGSC.25,경기소비재,,,,
KR7371160003,,FGSC.30,필수소비재,,,,
KR7371160003,,FGSC.35,의료,,,,
KR7371160003,,FGSC.40,금융,,,,
KR7371160003,,FGSC.45,IT,,,,
KR7371160003,,FGSC.50,통신서비스,,,,
KR7371160003,,FGSC.55,유틸리티,,,,
KR70053L0005,,FGSC.10,에너지,,,,
KR70053L0005,,FGSC.15,소재,,,,
KR70053L0005,,FGSC.20,산업재,,,,
KR70053L0005,,FGSC.25,경기소비재,,,,
KR70053L0005,,FGSC.30,필수소비재,,,,
KR70053L0005,,FGSC.35,의료,,,,
KR70053L0005,,FGSC.40,금융,,,,
KR70053L0005,,FGSC.45,IT,,,,
KR70053L0005,,FGSC.50,통신서비스,,,,
KR70053L0005,,FGSC.55,유틸리티,,,,
KR70117V0007,,FGSC.10,에너지,,,,
KR70117V0007,,FGSC.15,소재,,,,
KR70117V0007,20260813,FGSC.20,산업재,99.9999,13.59,86.41,미래에셋TIGER코리아AI전력기기TOP3플러스증권상장지수투자신탁(주식)
KR70117V0007,,FGSC.25,경기소비재,,,,
KR70117V0007,,FGSC.30,필수소비재,,,,
KR70117V0007,,FGSC.35,의료,,,,
KR70117V0007,,FGSC.40,금융,,,,
KR70117V0007,,FGSC.45,IT,,,,
KR70117V0007,,FGSC.50,통신서비스,,,,
KR70117V0007,,FGSC.55,유틸리티,,,,
KR7292150000,,FGSC.10,에너지,,,,
KR7292150000,,FGSC.15,소재,,,,
KR7292150000,20260813,FGSC.20,산업재,9.8818,13.59,-3.71,미래에셋TIGER코리아TOP10증권상장지수투자신탁(주식)
KR7292150000,20260813,FGSC.25,경기소비재,11.7553,6.12,5.64,미래에셋TIGER코리아TOP10증권상장지수투자신탁(주식)
KR7292150000,,FGSC.30,필수소비재,,,,
KR7292150000,20260813,FGSC.35,의료,4.3431,5.15,-.81,미래에셋TIGER코리아TOP10증권상장지수투자신탁(주식)
KR7292150000,20260813,FGSC.40,금융,11.3119,7.56,3.75,미래에셋TIGER코리아TOP10증권상장지수투자신탁(주식)
KR7292150000,20260813,FGSC.45,IT,62.7078,59.71,3,미래에셋TIGER코리아TOP10증권상장지수투자신탁(주식)
KR7292150000,,FGSC.50,통신서비스,,,,
KR7292150000,,FGSC.55,유틸리티,,,,
KR70104P0000,,FGSC.10,에너지,,,,
KR70104P0000,,FGSC.15,소재,,,,
KR70104P0000,20260813,FGSC.20,산업재,18.3396,13.59,4.75,미래에셋TIGER코리아배당다우존스위클리커버드콜증권상장지수투자신탁(주식-파생형)
KR70104P0000,20260813,FGSC.25,경기소비재,29.962,6.12,23.85,미래에셋TIGER코리아배당다우존스위클리커버드콜증권상장지수투자신탁(주식-파생형)
KR70104P0000,20260813,FGSC.30,필수소비재,3.7456,1.91,1.84,미래에셋TIGER코리아배당다우존스위클리커버드콜증권상장지수투자신탁(주식-파생형)
KR70104P0000,,FGSC.35,의료,,,,
KR70104P0000,20260813,FGSC.40,금융,42.3373,7.56,34.78,미래에셋TIGER코리아배당다우존스위클리커버드콜증권상장지수투자신탁(주식-파생형)
KR70104P0000,20260813,FGSC.45,IT,1.7944,59.71,-57.92,미래에셋TIGER코리아배당다우존스위클리커버드콜증권상장지수투자신탁(주식-파생형)
KR70104P0000,,FGSC.50,통신서비스,,,,
KR70104P0000,20260813,FGSC.55,유틸리티,2.8484,.5,2.35,미래에셋TIGER코리아배당다우존스위클리커버드콜증권상장지수투자신탁(주식-파생형)
KR70052D0006,,FGSC.10,에너지,,,,
KR70052D0006,,FGSC.15,소재,,,,
KR70052D0006,20260813,FGSC.20,산업재,18.5214,13.59,4.93,미래에셋 TIGER 코리아배당다우존스증권상장지수투자신탁(주식)
KR70052D0006,20260813,FGSC.25,경기소비재,30.2356,6.12,24.12,미래에셋 TIGER 코리아배당다우존스증권상장지수투자신탁(주식)
KR70052D0006,20260813,FGSC.30,필수소비재,3.7765,1.91,1.87,미래에셋 TIGER 코리아배당다우존스증권상장지수투자신탁(주식)
KR70052D0006,,FGSC.35,의료,,,,
KR70052D0006,20260813,FGSC.40,금융,42.782,7.56,35.22,미래에셋 TIGER 코리아배당다우존스증권상장지수투자신탁(주식)
KR70052D0006,20260813,FGSC.45,IT,1.8111,59.71,-57.9,미래에셋 TIGER 코리아배당다우존스증권상장지수투자신탁(주식)
KR70052D0006,,FGSC.50,통신서비스,,,,
KR70052D0006,20260813,FGSC.55,유틸리티,2.8735,.5,2.38,미래에셋 TIGER 코리아배당다우존스증권상장지수투자신탁(주식)
KR7496080003,20260813,FGSC.10,에너지,.227,2,-1.78,미래에셋TIGER코리아밸류업증권상장지수투자신탁(주식)
KR7496080003,20260813,FGSC.15,소재,.3846,2.8,-2.42,미래에셋TIGER코리아밸류업증권상장지수투자신탁(주식)
KR7496080003,20260813,FGSC.20,산업재,15.6495,13.59,2.06,미래에셋TIGER코리아밸류업증권상장지수투자신탁(주식)
KR7496080003,20260813,FGSC.25,경기소비재,11.506,6.12,5.39,미래에셋TIGER코리아밸류업증권상장지수투자신탁(주식)
KR7496080003,20260813,FGSC.30,필수소비재,3.5871,1.91,1.68,미래에셋TIGER코리아밸류업증권상장지수투자신탁(주식)
KR7496080003,20260813,FGSC.35,의료,.9028,5.15,-4.25,미래에셋TIGER코리아밸류업증권상장지수투자신탁(주식)
KR7496080003,20260813,FGSC.40,금융,18.844,7.56,11.28,미래에셋TIGER코리아밸류업증권상장지수투자신탁(주식)
KR7496080003,20260813,FGSC.45,IT,46.6594,59.71,-13.05,미래에셋TIGER코리아밸류업증권상장지수투자신탁(주식)
KR7496080003,20260813,FGSC.50,통신서비스,2.1372,.66,1.47,미래에셋TIGER코리아밸류업증권상장지수투자신탁(주식)
KR7496080003,20260813,FGSC.55,유틸리티,.1025,.5,-.4,미래에셋TIGER코리아밸류업증권상장지수투자신탁(주식)
KR70091P0005,20260813,FGSC.10,에너지,14.4326,2,12.43,미래에셋TIGER코리아원자력증권상장지수투자신탁(주식)
KR70091P0005,,FGSC.15,소재,,,,
KR70091P0005,20260813,FGSC.20,산업재,81.6518,13.59,68.06,미래에셋TIGER코리아원자력증권상장지수투자신탁(주식)
KR70091P0005,,FGSC.25,경기소비재,,,,
KR70091P0005,,FGSC.30,필수소비재,,,,
KR70091P0005,,FGSC.35,의료,,,,
KR70091P0005,,FGSC.40,금융,,,,
KR70091P0005,,FGSC.45,IT,,,,
KR70091P0005,,FGSC.50,통신서비스,,,,
KR70091P0005,20260813,FGSC.55,유틸리티,3.9157,.5,3.42,미래에셋TIGER코리아원자력증권상장지수투자신탁(주식)
KR70148J0006,,FGSC.10,에너지,,,,
KR70148J0006,,FGSC.15,소재,,,,
KR70148J0006,20260813,FGSC.20,산업재,83.5472,13.59,69.96,미래에셋TIGER코리아휴머노이드로봇산업증권상장지수투자신탁(주식)
KR70148J0006,20260813,FGSC.25,경기소비재,3.1576,6.12,-2.96,미래에셋TIGER코리아휴머노이드로봇산업증권상장지수투자신탁(주식)
KR70148J0006,,FGSC.30,필수소비재,,,,
KR70148J0006,20260813,FGSC.35,의료,2.0545,5.15,-3.1,미래에셋TIGER코리아휴머노이드로봇산업증권상장지수투자신탁(주식)
KR70148J0006,,FGSC.40,금융,,,,
KR70148J0006,20260813,FGSC.45,IT,11.2405,59.71,-48.47,미래에셋TIGER코리아휴머노이드로봇산업증권상장지수투자신탁(주식)
KR70148J0006,,FGSC.50,통신서비스,,,,
KR70148J0006,,FGSC.55,유틸리티,,,,
KR7233160001,,FGSC.10,에너지,,,,
KR7233160001,,FGSC.15,소재,,,,
KR7233160001,,FGSC.20,산업재,,,,
KR7233160001,,FGSC.25,경기소비재,,,,
KR7233160001,,FGSC.30,필수소비재,,,,
KR7233160001,,FGSC.35,의료,,,,
KR7233160001,,FGSC.40,금융,,,,
KR7233160001,,FGSC.45,IT,,,,
KR7233160001,,FGSC.50,통신서비스,,,,
KR7233160001,,FGSC.55,유틸리티,,,,
KR7232080002,20260813,FGSC.10,에너지,.6802,2,-1.32,미래에셋TIGER코스닥150증권상장지수투자신탁(주식)
KR7232080002,20260813,FGSC.15,소재,1.4243,2.8,-1.38,미래에셋TIGER코스닥150증권상장지수투자신탁(주식)
KR7232080002,20260813,FGSC.20,산업재,10.6526,13.59,-2.94,미래에셋TIGER코스닥150증권상장지수투자신탁(주식)
KR7232080002,20260813,FGSC.25,경기소비재,4.455,6.12,-1.66,미래에셋TIGER코스닥150증권상장지수투자신탁(주식)
KR7232080002,20260813,FGSC.30,필수소비재,1.8736,1.91,-.03,미래에셋TIGER코스닥150증권상장지수투자신탁(주식)
KR7232080002,20260813,FGSC.35,의료,33.0559,5.15,27.9,미래에셋TIGER코스닥150증권상장지수투자신탁(주식)
KR7232080002,20260813,FGSC.40,금융,.6206,7.56,-6.94,미래에셋TIGER코스닥150증권상장지수투자신탁(주식)
KR7232080002,20260813,FGSC.45,IT,47.2382,59.71,-12.47,미래에셋TIGER코스닥150증권상장지수투자신탁(주식)
KR7232080002,,FGSC.50,통신서비스,,,,
KR7232080002,,FGSC.55,유틸리티,,,,
KR7261060008,,FGSC.10,에너지,,,,
KR7261060008,,FGSC.15,소재,,,,
KR7261060008,20260813,FGSC.20,산업재,12.2205,13.59,-1.37,미래에셋TIGER코스닥150IT증권상장지수투자신탁(주식)
KR7261060008,,FGSC.25,경기소비재,,,,
KR7261060008,,FGSC.30,필수소비재,,,,
KR7261060008,,FGSC.35,의료,,,,
KR7261060008,,FGSC.40,금융,,,,
KR7261060008,20260813,FGSC.45,IT,87.7794,59.71,28.07,미래에셋TIGER코스닥150IT증권상장지수투자신탁(주식)
KR7261060008,,FGSC.50,통신서비스,,,,
KR7261060008,,FGSC.55,유틸리티,,,,
KR7261070007,,FGSC.10,에너지,,,,
KR7261070007,,FGSC.15,소재,,,,
KR7261070007,,FGSC.20,산업재,,,,
KR7261070007,,FGSC.25,경기소비재,,,,
KR7261070007,20260813,FGSC.30,필수소비재,1.6994,1.91,-.21,미래에셋TIGER코스닥150바이오테크증권상장지수투자신탁(주식)
KR7261070007,20260813,FGSC.35,의료,98.3008,5.15,93.15,미래에셋TIGER코스닥150바이오테크증권상장지수투자신탁(주식)
KR7261070007,,FGSC.40,금융,,,,
KR7261070007,,FGSC.45,IT,,,,
KR7261070007,,FGSC.50,통신서비스,,,,
KR7261070007,,FGSC.55,유틸리티,,,,
KR7250780004,,FGSC.10,에너지,,,,
KR7250780004,,FGSC.15,소재,,,,
KR7250780004,,FGSC.20,산업재,,,,
KR7250780004,,FGSC.25,경기소비재,,,,
KR7250780004,,FGSC.30,필수소비재,,,,
KR7250780004,,FGSC.35,의료,,,,
KR7250780004,,FGSC.40,금융,,,,
KR7250780004,,FGSC.45,IT,,,,
KR7250780004,,FGSC.50,통신서비스,,,,
KR7250780004,,FGSC.55,유틸리티,,,,
KR7461580003,,FGSC.10,에너지,,,,
KR7461580003,20260813,FGSC.15,소재,.9799,2.8,-1.82,미래에셋TIGER코스닥글로벌증권상장지수투자신탁(주식)
KR7461580003,20260813,FGSC.20,산업재,1.868,13.59,-11.72,미래에셋TIGER코스닥글로벌증권상장지수투자신탁(주식)
KR7461580003,20260813,FGSC.25,경기소비재,4.6418,6.12,-1.47,미래에셋TIGER코스닥글로벌증권상장지수투자신탁(주식)
KR7461580003,20260813,FGSC.30,필수소비재,1.4743,1.91,-.43,미래에셋TIGER코스닥글로벌증권상장지수투자신탁(주식)
KR7461580003,20260813,FGSC.35,의료,38.7067,5.15,33.55,미래에셋TIGER코스닥글로벌증권상장지수투자신탁(주식)
KR7461580003,,FGSC.40,금융,,,,
KR7461580003,20260813,FGSC.45,IT,52.3293,59.71,-7.38,미래에셋TIGER코스닥글로벌증권상장지수투자신탁(주식)
KR7461580003,,FGSC.50,통신서비스,,,,
KR7461580003,,FGSC.55,유틸리티,,,,
KR70204S0006,20260813,FGSC.10,에너지,2.7394,2,.74,미래에셋TIGER코스닥액티브증권상장지수투자신탁(주식)
KR70204S0006,20260813,FGSC.15,소재,4.3037,2.8,1.5,미래에셋TIGER코스닥액티브증권상장지수투자신탁(주식)
KR70204S0006,20260813,FGSC.20,산업재,5.701,13.59,-7.89,미래에셋TIGER코스닥액티브증권상장지수투자신탁(주식)
KR70204S0006,20260813,FGSC.25,경기소비재,5.0112,6.12,-1.1,미래에셋TIGER코스닥액티브증권상장지수투자신탁(주식)
KR70204S0006,20260813,FGSC.30,필수소비재,4.2811,1.91,2.37,미래에셋TIGER코스닥액티브증권상장지수투자신탁(주식)
KR70204S0006,20260813,FGSC.35,의료,13.7669,5.15,8.61,미래에셋TIGER코스닥액티브증권상장지수투자신탁(주식)
KR70204S0006,20260813,FGSC.40,금융,3.0208,7.56,-4.54,미래에셋TIGER코스닥액티브증권상장지수투자신탁(주식)
KR70204S0006,20260813,FGSC.45,IT,61.1756,59.71,1.47,미래에셋TIGER코스닥액티브증권상장지수투자신탁(주식)
KR70204S0006,,FGSC.50,통신서비스,,,,
KR70204S0006,,FGSC.55,유틸리티,,,,
KR7277640009,20260813,FGSC.10,에너지,1.9507,2,-.05,미래에셋TIGER코스피대형주증권상장지수투자신탁(주식)
KR7277640009,20260813,FGSC.15,소재,1.7854,2.8,-1.02,미래에셋TIGER코스피대형주증권상장지수투자신탁(주식)
KR7277640009,20260813,FGSC.20,산업재,13.0839,13.59,-.5,미래에셋TIGER코스피대형주증권상장지수투자신탁(주식)
KR7277640009,20260813,FGSC.25,경기소비재,4.9693,6.12,-1.15,미래에셋TIGER코스피대형주증권상장지수투자신탁(주식)
KR7277640009,20260813,FGSC.30,필수소비재,1.0671,1.91,-.84,미래에셋TIGER코스피대형주증권상장지수투자신탁(주식)
KR7277640009,20260813,FGSC.35,의료,3.055,5.15,-2.1,미래에셋TIGER코스피대형주증권상장지수투자신탁(주식)
KR7277640009,20260813,FGSC.40,금융,8.1745,7.56,.62,미래에셋TIGER코스피대형주증권상장지수투자신탁(주식)
KR7277640009,20260813,FGSC.45,IT,64.6385,59.71,4.93,미래에셋TIGER코스피대형주증권상장지수투자신탁(주식)
KR7277640009,20260813,FGSC.50,통신서비스,.8016,.66,.14,미래에셋TIGER코스피대형주증권상장지수투자신탁(주식)
KR7277640009,20260813,FGSC.55,유틸리티,.474,.5,-.02,미래에셋TIGER코스피대형주증권상장지수투자신탁(주식)
KR7277650008,20260813,FGSC.10,에너지,4.7318,2,2.73,미래에셋TIGER코스피중형주증권상장지수투자신탁(주식)
KR7277650008,20260813,FGSC.15,소재,13.0075,2.8,10.21,미래에셋TIGER코스피중형주증권상장지수투자신탁(주식)
KR7277650008,20260813,FGSC.20,산업재,21.9619,13.59,8.37,미래에셋TIGER코스피중형주증권상장지수투자신탁(주식)
KR7277650008,20260813,FGSC.25,경기소비재,19.8385,6.12,13.72,미래에셋TIGER코스피중형주증권상장지수투자신탁(주식)
KR7277650008,20260813,FGSC.30,필수소비재,11.0553,1.91,9.15,미래에셋TIGER코스피중형주증권상장지수투자신탁(주식)
KR7277650008,20260813,FGSC.35,의료,5.9235,5.15,.77,미래에셋TIGER코스피중형주증권상장지수투자신탁(주식)
KR7277650008,20260813,FGSC.40,금융,10.0051,7.56,2.45,미래에셋TIGER코스피중형주증권상장지수투자신탁(주식)
KR7277650008,20260813,FGSC.45,IT,11.6482,59.71,-48.06,미래에셋TIGER코스피중형주증권상장지수투자신탁(주식)
KR7277650008,,FGSC.50,통신서비스,,,,
KR7277650008,20260813,FGSC.55,유틸리티,1.8286,.5,1.33,미래에셋TIGER코스피중형주증권상장지수투자신탁(주식)
KR7277630000,20260813,FGSC.10,에너지,2.0934,2,.09,미래에셋TIGER코스피증권상장지수투자신탁(주식)
KR7277630000,20260813,FGSC.15,소재,2.831,2.8,.03,미래에셋TIGER코스피증권상장지수투자신탁(주식)
KR7277630000,20260813,FGSC.20,산업재,13.8471,13.59,.26,미래에셋TIGER코스피증권상장지수투자신탁(주식)
KR7277630000,20260813,FGSC.25,경기소비재,6.1496,6.12,.03,미래에셋TIGER코스피증권상장지수투자신탁(주식)
KR7277630000,20260813,FGSC.30,필수소비재,1.8463,1.91,-.06,미래에셋TIGER코스피증권상장지수투자신탁(주식)
KR7277630000,20260813,FGSC.35,의료,3.3146,5.15,-1.84,미래에셋TIGER코스피증권상장지수투자신탁(주식)
KR7277630000,20260813,FGSC.40,금융,8.335,7.56,.78,미래에셋TIGER코스피증권상장지수투자신탁(주식)
KR7277630000,20260813,FGSC.45,IT,60.2551,59.71,.54,미래에셋TIGER코스피증권상장지수투자신탁(주식)
KR7277630000,20260813,FGSC.50,통신서비스,.7358,.66,.07,미래에셋TIGER코스피증권상장지수투자신탁(주식)
KR7277630000,20260813,FGSC.55,유틸리티,.5916,.5,.09,미래에셋TIGER코스피증권상장지수투자신탁(주식)
KR7376410007,20260813,FGSC.10,에너지,1.1651,2,-.84,미래에셋TIGER탄소효율그린뉴딜증권상장지수투자신탁(주식)
KR7376410007,20260813,FGSC.15,소재,3.1934,2.8,.39,미래에셋TIGER탄소효율그린뉴딜증권상장지수투자신탁(주식)
KR7376410007,20260813,FGSC.20,산업재,14.9113,13.59,1.32,미래에셋TIGER탄소효율그린뉴딜증권상장지수투자신탁(주식)
KR7376410007,20260813,FGSC.25,경기소비재,5.424,6.12,-.69,미래에셋TIGER탄소효율그린뉴딜증권상장지수투자신탁(주식)
KR7376410007,20260813,FGSC.30,필수소비재,2.0632,1.91,.16,미래에셋TIGER탄소효율그린뉴딜증권상장지수투자신탁(주식)
KR7376410007,20260813,FGSC.35,의료,5.0885,5.15,-.07,미래에셋TIGER탄소효율그린뉴딜증권상장지수투자신탁(주식)
KR7376410007,20260813,FGSC.40,금융,9.4965,7.56,1.94,미래에셋TIGER탄소효율그린뉴딜증권상장지수투자신탁(주식)
KR7376410007,20260813,FGSC.45,IT,57.9504,59.71,-1.76,미래에셋TIGER탄소효율그린뉴딜증권상장지수투자신탁(주식)
KR7376410007,20260813,FGSC.50,통신서비스,.2896,.66,-.37,미래에셋TIGER탄소효율그린뉴딜증권상장지수투자신탁(주식)
KR7376410007,20260813,FGSC.55,유틸리티,.418,.5,-.08,미래에셋TIGER탄소효율그린뉴딜증권상장지수투자신탁(주식)
KR7447770009,,FGSC.10,에너지,,,,
KR7447770009,,FGSC.15,소재,,,,
KR7447770009,,FGSC.20,산업재,,,,
KR7447770009,,FGSC.25,경기소비재,,,,
KR7447770009,,FGSC.30,필수소비재,,,,
KR7447770009,,FGSC.35,의료,,,,
KR7447770009,,FGSC.40,금융,,,,
KR7447770009,,FGSC.45,IT,,,,
KR7447770009,,FGSC.50,통신서비스,,,,
KR7447770009,,FGSC.55,유틸리티,,,,
KR70060H0002,,FGSC.10,에너지,,,,
KR70060H0002,,FGSC.15,소재,,,,
KR70060H0002,,FGSC.20,산업재,,,,
KR70060H0002,,FGSC.25,경기소비재,,,,
KR70060H0002,,FGSC.30,필수소비재,,,,
KR70060H0002,,FGSC.35,의료,,,,
KR70060H0002,,FGSC.40,금융,,,,
KR70060H0002,,FGSC.45,IT,,,,
KR70060H0002,,FGSC.50,통신서비스,,,,
KR70060H0002,,FGSC.55,유틸리티,,,,
KR7387280001,,FGSC.10,에너지,,,,
KR7387280001,20260813,FGSC.15,소재,2.3796,2.8,-.42,미래에셋TIGER퓨처모빌리티액티브증권상장지수투자신탁(주식)
KR7387280001,20260813,FGSC.20,산업재,14.9484,13.59,1.36,미래에셋TIGER퓨처모빌리티액티브증권상장지수투자신탁(주식)
KR7387280001,20260813,FGSC.25,경기소비재,24.0781,6.12,17.96,미래에셋TIGER퓨처모빌리티액티브증권상장지수투자신탁(주식)
KR7387280001,,FGSC.30,필수소비재,,,,
KR7387280001,,FGSC.35,의료,,,,
KR7387280001,,FGSC.40,금융,,,,
KR7387280001,20260813,FGSC.45,IT,58.0564,59.71,-1.65,미래에셋TIGER퓨처모빌리티액티브증권상장지수투자신탁(주식)
KR7387280001,20260813,FGSC.50,통신서비스,.5373,.66,-.13,미래에셋TIGER퓨처모빌리티액티브증권상장지수투자신탁(주식)
KR7387280001,,FGSC.55,유틸리티,,,,
KR7449690007,,FGSC.10,에너지,,,,
KR7449690007,,FGSC.15,소재,,,,
KR7449690007,,FGSC.20,산업재,,,,
KR7449690007,,FGSC.25,경기소비재,,,,
KR7449690007,,FGSC.30,필수소비재,,,,
KR7449690007,,FGSC.35,의료,,,,
KR7449690007,,FGSC.40,금융,,,,
KR7449690007,,FGSC.45,IT,,,,
KR7449690007,,FGSC.50,통신서비스,,,,
KR7449690007,,FGSC.55,유틸리티,,,,
KR7449680008,,FGSC.10,에너지,,,,
KR7449680008,,FGSC.15,소재,,,,
KR7449680008,,FGSC.20,산업재,,,,
KR7449680008,,FGSC.25,경기소비재,,,,
KR7449680008,,FGSC.30,필수소비재,,,,
KR7449680008,,FGSC.35,의료,,,,
KR7449680008,,FGSC.40,금융,,,,
KR7449680008,,FGSC.45,IT,,,,
KR7449680008,,FGSC.50,통신서비스,,,,
KR7449680008,,FGSC.55,유틸리티,,,,
KR7143860005,,FGSC.10,에너지,,,,
KR7143860005,,FGSC.15,소재,,,,
KR7143860005,,FGSC.20,산업재,,,,
KR7143860005,,FGSC.25,경기소비재,,,,
KR7143860005,20260813,FGSC.30,필수소비재,.7547,1.91,-1.15,미래에셋TIGER헬스케어증권상장지수투자신탁(주식)
KR7143860005,20260813,FGSC.35,의료,99.2456,5.15,94.09,미래에셋TIGER헬스케어증권상장지수투자신탁(주식)
KR7143860005,,FGSC.40,금융,,,,
KR7143860005,,FGSC.45,IT,,,,
KR7143860005,,FGSC.50,통신서비스,,,,
KR7143860005,,FGSC.55,유틸리티,,,,
KR7138540000,20260813,FGSC.10,에너지,.1272,2,-1.87,미래에셋TIGER현대차그룹+증권상장지수투자신탁(주식)
KR7138540000,20260813,FGSC.15,소재,9.7911,2.8,6.99,미래에셋TIGER현대차그룹+증권상장지수투자신탁(주식)
KR7138540000,20260813,FGSC.20,산업재,25.4039,13.59,11.82,미래에셋TIGER현대차그룹+증권상장지수투자신탁(주식)
KR7138540000,20260813,FGSC.25,경기소비재,64.2789,6.12,58.16,미래에셋TIGER현대차그룹+증권상장지수투자신탁(주식)
KR7138540000,,FGSC.30,필수소비재,,,,
KR7138540000,,FGSC.35,의료,,,,
KR7138540000,20260813,FGSC.40,금융,.1517,7.56,-7.41,미래에셋TIGER현대차그룹+증권상장지수투자신탁(주식)
KR7138540000,20260813,FGSC.45,IT,.2472,59.71,-59.46,미래에셋TIGER현대차그룹+증권상장지수투자신탁(주식)
KR7138540000,,FGSC.50,통신서비스,,,,
KR7138540000,,FGSC.55,유틸리티,,,,
KR7228790002,,FGSC.10,에너지,,,,
KR7228790002,20260813,FGSC.15,소재,2.7879,2.8,-.01,미래에셋 TIGER 화장품 증권상장지수투자신탁(주식)
KR7228790002,,FGSC.20,산업재,,,,
KR7228790002,20260813,FGSC.25,경기소비재,10.2806,6.12,4.16,미래에셋 TIGER 화장품 증권상장지수투자신탁(주식)
KR7228790002,20260813,FGSC.30,필수소비재,76.8301,1.91,74.92,미래에셋 TIGER 화장품 증권상장지수투자신탁(주식)
KR7228790002,20260813,FGSC.35,의료,10.1015,5.15,4.95,미래에셋 TIGER 화장품 증권상장지수투자신탁(주식)
KR7228790002,,FGSC.40,금융,,,,
KR7228790002,,FGSC.45,IT,,,,
KR7228790002,,FGSC.50,통신서비스,,,,
KR7228790002,,FGSC.55,유틸리티,,,,
KR7394670004,,FGSC.10,에너지,,,,
KR7394670004,,FGSC.15,소재,,,,
KR7394670004,,FGSC.20,산업재,,,,
KR7394670004,,FGSC.25,경기소비재,,,,
KR7394670004,,FGSC.30,필수소비재,,,,
KR7394670004,,FGSC.35,의료,,,,
KR7394670004,,FGSC.40,금융,,,,
KR7394670004,,FGSC.45,IT,,,,
KR7394670004,,FGSC.50,통신서비스,,,,
KR7394670004,,FGSC.55,유틸리티,,,,
KR7394660005,,FGSC.10,에너지,,,,
KR7394660005,,FGSC.15,소재,,,,
KR7394660005,,FGSC.20,산업재,,,,
KR7394660005,,FGSC.25,경기소비재,,,,
KR7394660005,,FGSC.30,필수소비재,,,,
KR7394660005,,FGSC.35,의료,,,,
KR7394660005,,FGSC.40,금융,,,,
KR7394660005,,FGSC.45,IT,,,,
KR7394660005,,FGSC.50,통신서비스,,,,
KR7394660005,,FGSC.55,유틸리티,,,,
KR7276000007,,FGSC.10,에너지,,,,
KR7276000007,,FGSC.15,소재,,,,
KR7276000007,,FGSC.20,산업재,,,,
KR7276000007,,FGSC.25,경기소비재,,,,
KR7276000007,,FGSC.30,필수소비재,,,,
KR7276000007,,FGSC.35,의료,,,,
KR7276000007,,FGSC.40,금융,,,,
KR7276000007,,FGSC.45,IT,,,,
KR7276000007,,FGSC.50,통신서비스,,,,
KR7276000007,,FGSC.55,유틸리티,,,,
KR7449170000,,FGSC.10,에너지,,,,
KR7449170000,,FGSC.15,소재,,,,
KR7449170000,,FGSC.20,산업재,,,,
KR7449170000,,FGSC.25,경기소비재,,,,
KR7449170000,,FGSC.30,필수소비재,,,,
KR7449170000,,FGSC.35,의료,,,,
KR7449170000,,FGSC.40,금융,,,,
KR7449170000,,FGSC.45,IT,,,,
KR7449170000,,FGSC.50,통신서비스,,,,
KR7449170000,,FGSC.55,유틸리티,,,,
KR7458750007,,FGSC.10,에너지,,,,
KR7458750007,,FGSC.15,소재,,,,
KR7458750007,,FGSC.20,산업재,,,,
KR7458750007,,FGSC.25,경기소비재,,,,
KR7458750007,,FGSC.30,필수소비재,,,,
KR7458750007,,FGSC.35,의료,,,,
KR7458750007,,FGSC.40,금융,,,,
KR7458750007,,FGSC.45,IT,,,,
KR7458750007,,FGSC.50,통신서비스,,,,
KR7458750007,,FGSC.55,유틸리티,,,,
KR7471780007,,FGSC.10,에너지,,,,
KR7471780007,,FGSC.15,소재,,,,
KR7471780007,20260813,FGSC.20,산업재,4.1789,13.59,-9.41,미래에셋TIGER코리아테크액티브증권상장지수투자신탁(주식)
KR7471780007,,FGSC.25,경기소비재,,,,
KR7471780007,,FGSC.30,필수소비재,,,,
KR7471780007,20260813,FGSC.35,의료,1.0642,5.15,-4.09,미래에셋TIGER코리아테크액티브증권상장지수투자신탁(주식)
KR7471780007,,FGSC.40,금융,,,,
KR7471780007,20260813,FGSC.45,IT,94.7567,59.71,35.05,미래에셋TIGER코리아테크액티브증권상장지수투자신탁(주식)
KR7471780007,,FGSC.50,통신서비스,,,,
KR7471780007,,FGSC.55,유틸리티,,,,
KR7139260004,,FGSC.10,에너지,,,,
KR7139260004,,FGSC.15,소재,,,,
KR7139260004,20260813,FGSC.20,산업재,1.8775,13.59,-11.71,미래에셋TIGER200IT증권상장지수투자신탁(주식)
KR7139260004,20260813,FGSC.25,경기소비재,4.23,6.12,-1.89,미래에셋TIGER200IT증권상장지수투자신탁(주식)
KR7139260004,,FGSC.30,필수소비재,,,,
KR7139260004,,FGSC.35,의료,,,,
KR7139260004,,FGSC.40,금융,,,,
KR7139260004,20260813,FGSC.45,IT,93.8927,59.71,34.18,미래에셋TIGER200IT증권상장지수투자신탁(주식)
KR7139260004,,FGSC.50,통신서비스,,,,
KR7139260004,,FGSC.55,유틸리티,,,,
KR7139220008,20260813,FGSC.10,에너지,5.8406,2,3.84,미래에셋TIGER200건설증권상장지수투자신탁(주식)
KR7139220008,20260813,FGSC.15,소재,2.6732,2.8,-.13,미래에셋TIGER200건설증권상장지수투자신탁(주식)
KR7139220008,20260813,FGSC.20,산업재,88.3326,13.59,74.74,미래에셋TIGER200건설증권상장지수투자신탁(주식)
KR7139220008,,FGSC.25,경기소비재,,,,
KR7139220008,,FGSC.30,필수소비재,,,,
KR7139220008,,FGSC.35,의료,,,,
KR7139220008,,FGSC.40,금융,,,,
KR7139220008,,FGSC.45,IT,,,,
KR7139220008,,FGSC.50,통신서비스,,,,
KR7139220008,20260813,FGSC.55,유틸리티,3.1536,.5,2.66,미래에셋TIGER200건설증권상장지수투자신탁(주식)
KR7139290001,,FGSC.10,에너지,,,,
KR7139290001,,FGSC.15,소재,,,,
KR7139290001,20260813,FGSC.20,산업재,6.4134,13.59,-7.18,미래에셋TIGER200경기소비재증권상장지수투자신탁(주식)
KR7139290001,20260813,FGSC.25,경기소비재,92.8402,6.12,86.72,미래에셋TIGER200경기소비재증권상장지수투자신탁(주식)
KR7139290001,,FGSC.30,필수소비재,,,,
KR7139290001,,FGSC.35,의료,,,,
KR7139290001,,FGSC.40,금융,,,,
KR7139290001,20260813,FGSC.45,IT,.7463,59.71,-58.96,미래에셋TIGER200경기소비재증권상장지수투자신탁(주식)
KR7139290001,,FGSC.50,통신서비스,,,,
KR7139290001,,FGSC.55,유틸리티,,,,
KR7139270003,,FGSC.10,에너지,,,,
KR7139270003,,FGSC.15,소재,,,,
KR7139270003,,FGSC.20,산업재,,,,
KR7139270003,,FGSC.25,경기소비재,,,,
KR7139270003,,FGSC.30,필수소비재,,,,
KR7139270003,,FGSC.35,의료,,,,
KR7139270003,20260813,FGSC.40,금융,100,7.56,92.44,미래에셋TIGER200금융증권상장지수투자신탁(주식)
KR7139270003,,FGSC.45,IT,,,,
KR7139270003,,FGSC.50,통신서비스,,,,
KR7139270003,,FGSC.55,유틸리티,,,,
KR7139250005,20260813,FGSC.10,에너지,51.261,2,49.26,미래에셋TIGER200에너지화학증권상장지수투자신탁(주식)
KR7139250005,20260813,FGSC.15,소재,35.691,2.8,32.89,미래에셋TIGER200에너지화학증권상장지수투자신탁(주식)
KR7139250005,20260813,FGSC.20,산업재,13.0481,13.59,-.54,미래에셋TIGER200에너지화학증권상장지수투자신탁(주식)
KR7139250005,,FGSC.25,경기소비재,,,,
KR7139250005,,FGSC.30,필수소비재,,,,
KR7139250005,,FGSC.35,의료,,,,
KR7139250005,,FGSC.40,금융,,,,
KR7139250005,,FGSC.45,IT,,,,
KR7139250005,,FGSC.50,통신서비스,,,,
KR7139250005,,FGSC.55,유틸리티,,,,
KR7139230007,20260813,FGSC.10,에너지,.6425,2,-1.36,미래에셋TIGER200중공업증권상장지수투자신탁(주식)
KR7139230007,,FGSC.15,소재,,,,
KR7139230007,20260813,FGSC.20,산업재,99.3576,13.59,85.77,미래에셋TIGER200중공업증권상장지수투자신탁(주식)
KR7139230007,,FGSC.25,경기소비재,,,,
KR7139230007,,FGSC.30,필수소비재,,,,
KR7139230007,,FGSC.35,의료,,,,
KR7139230007,,FGSC.40,금융,,,,
KR7139230007,,FGSC.45,IT,,,,
KR7139230007,,FGSC.50,통신서비스,,,,
KR7139230007,,FGSC.55,유틸리티,,,,
KR7139240006,,FGSC.10,에너지,,,,
KR7139240006,20260813,FGSC.15,소재,97.2422,2.8,94.44,미래에셋TIGER200철강소재증권상장지수투자신탁(주식)
KR7139240006,,FGSC.20,산업재,,,,
KR7139240006,,FGSC.25,경기소비재,,,,
KR7139240006,,FGSC.30,필수소비재,,,,
KR7139240006,,FGSC.35,의료,,,,
KR7139240006,,FGSC.40,금융,,,,
KR7139240006,20260813,FGSC.45,IT,2.7578,59.71,-56.95,미래에셋TIGER200철강소재증권상장지수투자신탁(주식)
KR7139240006,,FGSC.50,통신서비스,,,,
KR7139240006,,FGSC.55,유틸리티,,,,
KR7289480006,20260813,FGSC.10,에너지,1.4196,2,-.58,미래에셋TIGER200커버드콜증권상장지수투자신탁(주식-파생형)
KR7289480006,20260813,FGSC.15,소재,2.33,2.8,-.47,미래에셋TIGER200커버드콜증권상장지수투자신탁(주식-파생형)
KR7289480006,20260813,FGSC.20,산업재,11.3934,13.59,-2.2,미래에셋TIGER200커버드콜증권상장지수투자신탁(주식-파생형)
KR7289480006,20260813,FGSC.25,경기소비재,5.3223,6.12,-.79,미래에셋TIGER200커버드콜증권상장지수투자신탁(주식-파생형)
KR7289480006,20260813,FGSC.30,필수소비재,1.7288,1.91,-.18,미래에셋TIGER200커버드콜증권상장지수투자신탁(주식-파생형)
KR7289480006,20260813,FGSC.35,의료,2.171,5.15,-2.98,미래에셋TIGER200커버드콜증권상장지수투자신탁(주식-파생형)
KR7289480006,20260813,FGSC.40,금융,7.7343,7.56,.17,미래에셋TIGER200커버드콜증권상장지수투자신탁(주식-파생형)
KR7289480006,20260813,FGSC.45,IT,66.6795,59.71,6.97,미래에셋TIGER200커버드콜증권상장지수투자신탁(주식-파생형)
KR7289480006,20260813,FGSC.50,통신서비스,.8212,.66,.16,미래에셋TIGER200커버드콜증권상장지수투자신탁(주식-파생형)
KR7289480006,20260813,FGSC.55,유틸리티,.3997,.5,-.1,미래에셋TIGER200커버드콜증권상장지수투자신탁(주식-파생형)
KR7228820007,20260813,FGSC.10,에너지,.7067,2,-1.3,미래에셋TIGERKTOP30증권상장지수투자신탁(주식)
KR7228820007,20260813,FGSC.15,소재,3.467,2.8,.67,미래에셋TIGERKTOP30증권상장지수투자신탁(주식)
KR7228820007,20260813,FGSC.20,산업재,12.0559,13.59,-1.53,미래에셋TIGERKTOP30증권상장지수투자신탁(주식)
KR7228820007,20260813,FGSC.25,경기소비재,7.2089,6.12,1.09,미래에셋TIGERKTOP30증권상장지수투자신탁(주식)
KR7228820007,20260813,FGSC.30,필수소비재,.7835,1.91,-1.12,미래에셋TIGERKTOP30증권상장지수투자신탁(주식)
KR7228820007,20260813,FGSC.35,의료,3.5562,5.15,-1.6,미래에셋TIGERKTOP30증권상장지수투자신탁(주식)
KR7228820007,20260813,FGSC.40,금융,7.1407,7.56,-.42,미래에셋TIGERKTOP30증권상장지수투자신탁(주식)
KR7228820007,20260813,FGSC.45,IT,62.5559,59.71,2.85,미래에셋TIGERKTOP30증권상장지수투자신탁(주식)
KR7228820007,20260813,FGSC.50,통신서비스,2.5251,.66,1.86,미래에셋TIGERKTOP30증권상장지수투자신탁(주식)
KR7228820007,,FGSC.55,유틸리티,,,,
KR7463250001,,FGSC.10,에너지,,,,
KR7463250001,20260813,FGSC.15,소재,3.652,2.8,.85,미래에셋TIGERK방산&우주증권상장지수투자신탁(주식)
KR7463250001,20260813,FGSC.20,산업재,94.3703,13.59,80.78,미래에셋TIGERK방산&우주증권상장지수투자신탁(주식)
KR7463250001,,FGSC.25,경기소비재,,,,
KR7463250001,,FGSC.30,필수소비재,,,,
KR7463250001,,FGSC.35,의료,,,,
KR7463250001,,FGSC.40,금융,,,,
KR7463250001,20260813,FGSC.45,IT,1.9777,59.71,-57.73,미래에셋TIGERK방산&우주증권상장지수투자신탁(주식)
KR7463250001,,FGSC.50,통신서비스,,,,
KR7463250001,,FGSC.55,유틸리티,,,,
KR7225060003,,FGSC.10,에너지,,,,
KR7225060003,,FGSC.15,소재,,,,
KR7225060003,,FGSC.20,산업재,,,,
KR7225060003,,FGSC.25,경기소비재,,,,
KR7225060003,,FGSC.30,필수소비재,,,,
KR7225060003,,FGSC.35,의료,,,,
KR7225060003,,FGSC.40,금융,,,,
KR7225060003,,FGSC.45,IT,,,,
KR7225060003,,FGSC.50,통신서비스,,,,
KR7225060003,,FGSC.55,유틸리티,,,,
KR7182480004,,FGSC.10,에너지,,,,
KR7182480004,,FGSC.15,소재,,,,
KR7182480004,,FGSC.20,산업재,,,,
KR7182480004,,FGSC.25,경기소비재,,,,
KR7182480004,,FGSC.30,필수소비재,,,,
KR7182480004,,FGSC.35,의료,,,,
KR7182480004,,FGSC.40,금융,,,,
KR7182480004,,FGSC.45,IT,,,,
KR7182480004,,FGSC.50,통신서비스,,,,
KR7182480004,,FGSC.55,유틸리티,,,,
KR7225040005,,FGSC.10,에너지,,,,
KR7225040005,,FGSC.15,소재,,,,
KR7225040005,,FGSC.20,산업재,,,,
KR7225040005,,FGSC.25,경기소비재,,,,
KR7225040005,,FGSC.30,필수소비재,,,,
KR7225040005,,FGSC.35,의료,,,,
KR7225040005,,FGSC.40,금융,,,,
KR7225040005,,FGSC.45,IT,,,,
KR7225040005,,FGSC.50,통신서비스,,,,
KR7225040005,,FGSC.55,유틸리티,,,,
KR7225030006,,FGSC.10,에너지,,,,
KR7225030006,,FGSC.15,소재,,,,
KR7225030006,,FGSC.20,산업재,,,,
KR7225030006,,FGSC.25,경기소비재,,,,
KR7225030006,,FGSC.30,필수소비재,,,,
KR7225030006,,FGSC.35,의료,,,,
KR7225030006,,FGSC.40,금융,,,,
KR7225030006,,FGSC.45,IT,,,,
KR7225030006,,FGSC.50,통신서비스,,,,
KR7225030006,,FGSC.55,유틸리티,,,,
KR7451530000,,FGSC.10,에너지,,,,
KR7451530000,,FGSC.15,소재,,,,
KR7451530000,,FGSC.20,산업재,,,,
KR7451530000,,FGSC.25,경기소비재,,,,
KR7451530000,,FGSC.30,필수소비재,,,,
KR7451530000,,FGSC.35,의료,,,,
KR7451530000,,FGSC.40,금융,,,,
KR7451530000,,FGSC.45,IT,,,,
KR7451530000,,FGSC.50,통신서비스,,,,
KR7451530000,,FGSC.55,유틸리티,,,,
KR7491010005,,FGSC.10,에너지,,,,
KR7491010005,,FGSC.15,소재,,,,
KR7491010005,,FGSC.20,산업재,,,,
KR7491010005,,FGSC.25,경기소비재,,,,
KR7491010005,,FGSC.30,필수소비재,,,,
KR7491010005,,FGSC.35,의료,,,,
KR7491010005,,FGSC.40,금융,,,,
KR7491010005,,FGSC.45,IT,,,,
KR7491010005,,FGSC.50,통신서비스,,,,
KR7491010005,,FGSC.55,유틸리티,,,,
KR7412770000,,FGSC.10,에너지,,,,
KR7412770000,,FGSC.15,소재,,,,
KR7412770000,,FGSC.20,산업재,,,,
KR7412770000,,FGSC.25,경기소비재,,,,
KR7412770000,,FGSC.30,필수소비재,,,,
KR7412770000,,FGSC.35,의료,,,,
KR7412770000,,FGSC.40,금융,,,,
KR7412770000,,FGSC.45,IT,,,,
KR7412770000,,FGSC.50,통신서비스,,,,
KR7412770000,,FGSC.55,유틸리티,,,,
KR7203780002,,FGSC.10,에너지,,,,
KR7203780002,,FGSC.15,소재,,,,
KR7203780002,,FGSC.20,산업재,,,,
KR7203780002,,FGSC.25,경기소비재,,,,
KR7203780002,,FGSC.30,필수소비재,,,,
KR7203780002,,FGSC.35,의료,,,,
KR7203780002,,FGSC.40,금융,,,,
KR7203780002,,FGSC.45,IT,,,,
KR7203780002,,FGSC.50,통신서비스,,,,
KR7203780002,,FGSC.55,유틸리티,,,,
KR7182490003,,FGSC.10,에너지,,,,
KR7182490003,,FGSC.15,소재,,,,
KR7182490003,,FGSC.20,산업재,,,,
KR7182490003,,FGSC.25,경기소비재,,,,
KR7182490003,,FGSC.30,필수소비재,,,,
KR7182490003,,FGSC.35,의료,,,,
KR7182490003,,FGSC.40,금융,,,,
KR7182490003,,FGSC.45,IT,,,,
KR7182490003,,FGSC.50,통신서비스,,,,
KR7182490003,,FGSC.55,유틸리티,,,,
KR7174350009,20260813,FGSC.10,에너지,3.0508,2,1.05,미래에셋 TIGER 로우볼 증권상장지수투자신탁(주식)
KR7174350009,,FGSC.15,소재,,,,
KR7174350009,20260813,FGSC.20,산업재,5.1861,13.59,-8.4,미래에셋 TIGER 로우볼 증권상장지수투자신탁(주식)
KR7174350009,20260813,FGSC.25,경기소비재,20.8801,6.12,14.76,미래에셋 TIGER 로우볼 증권상장지수투자신탁(주식)
KR7174350009,20260813,FGSC.30,필수소비재,26.023,1.91,24.12,미래에셋 TIGER 로우볼 증권상장지수투자신탁(주식)
KR7174350009,20260813,FGSC.35,의료,4.791,5.15,-.36,미래에셋 TIGER 로우볼 증권상장지수투자신탁(주식)
KR7174350009,20260813,FGSC.40,금융,30.4854,7.56,22.93,미래에셋 TIGER 로우볼 증권상장지수투자신탁(주식)
KR7174350009,20260813,FGSC.45,IT,1.9477,59.71,-57.76,미래에셋 TIGER 로우볼 증권상장지수투자신탁(주식)
KR7174350009,20260813,FGSC.50,통신서비스,7.636,.66,6.97,미래에셋 TIGER 로우볼 증권상장지수투자신탁(주식)
KR7174350009,,FGSC.55,유틸리티,,,,
KR7275980001,,FGSC.10,에너지,,,,
KR7275980001,,FGSC.15,소재,,,,
KR7275980001,,FGSC.20,산업재,,,,
KR7275980001,,FGSC.25,경기소비재,,,,
KR7275980001,,FGSC.30,필수소비재,,,,
KR7275980001,,FGSC.35,의료,,,,
KR7275980001,,FGSC.40,금융,,,,
KR7275980001,,FGSC.45,IT,,,,
KR7275980001,,FGSC.50,통신서비스,,,,
KR7275980001,,FGSC.55,유틸리티,,,,
KR7476550009,,FGSC.10,에너지,,,,
KR7476550009,,FGSC.15,소재,,,,
KR7476550009,,FGSC.20,산업재,,,,
KR7476550009,,FGSC.25,경기소비재,,,,
KR7476550009,,FGSC.30,필수소비재,,,,
KR7476550009,,FGSC.35,의료,,,,
KR7476550009,,FGSC.40,금융,,,,
KR7476550009,,FGSC.45,IT,,,,
KR7476550009,,FGSC.50,통신서비스,,,,
KR7476550009,,FGSC.55,유틸리티,,,,
KR7482730009,,FGSC.10,에너지,,,,
KR7482730009,,FGSC.15,소재,,,,
KR7482730009,,FGSC.20,산업재,,,,
KR7482730009,,FGSC.25,경기소비재,,,,
KR7482730009,,FGSC.30,필수소비재,,,,
KR7482730009,,FGSC.35,의료,,,,
KR7482730009,,FGSC.40,금융,,,,
KR7482730009,,FGSC.45,IT,,,,
KR7482730009,,FGSC.50,통신서비스,,,,
KR7482730009,,FGSC.55,유틸리티,,,,
KR7486290000,,FGSC.10,에너지,,,,
KR7486290000,,FGSC.15,소재,,,,
KR7486290000,,FGSC.20,산업재,,,,
KR7486290000,,FGSC.25,경기소비재,,,,
KR7486290000,,FGSC.30,필수소비재,,,,
KR7486290000,,FGSC.35,의료,,,,
KR7486290000,,FGSC.40,금융,,,,
KR7486290000,,FGSC.45,IT,,,,
KR7486290000,,FGSC.50,통신서비스,,,,
KR7486290000,,FGSC.55,유틸리티,,,,
KR7458760006,,FGSC.10,에너지,,,,
KR7458760006,,FGSC.15,소재,,,,
KR7458760006,,FGSC.20,산업재,,,,
KR7458760006,,FGSC.25,경기소비재,,,,
KR7458760006,,FGSC.30,필수소비재,,,,
KR7458760006,,FGSC.35,의료,,,,
KR7458760006,,FGSC.40,금융,,,,
KR7458760006,,FGSC.45,IT,,,,
KR7458760006,,FGSC.50,통신서비스,,,,
KR7458760006,,FGSC.55,유틸리티,,,,
KR7474220001,,FGSC.10,에너지,,,,
KR7474220001,,FGSC.15,소재,,,,
KR7474220001,,FGSC.20,산업재,,,,
KR7474220001,,FGSC.25,경기소비재,,,,
KR7474220001,,FGSC.30,필수소비재,,,,
KR7474220001,,FGSC.35,의료,,,,
KR7474220001,,FGSC.40,금융,,,,
KR7474220001,,FGSC.45,IT,,,,
KR7474220001,,FGSC.50,통신서비스,,,,
KR7474220001,,FGSC.55,유틸리티,,,,
KR7211560008,20260813,FGSC.10,에너지,3.1627,2,1.16,미래에셋TIGER배당성장증권상장지수투자신탁(주식)
KR7211560008,20260813,FGSC.15,소재,2.5592,2.8,-.24,미래에셋TIGER배당성장증권상장지수투자신탁(주식)
KR7211560008,20260813,FGSC.20,산업재,8.95,13.59,-4.64,미래에셋TIGER배당성장증권상장지수투자신탁(주식)
KR7211560008,20260813,FGSC.25,경기소비재,14.661,6.12,8.55,미래에셋TIGER배당성장증권상장지수투자신탁(주식)
KR7211560008,20260813,FGSC.30,필수소비재,12.364,1.91,10.46,미래에셋TIGER배당성장증권상장지수투자신탁(주식)
KR7211560008,20260813,FGSC.35,의료,1.5902,5.15,-3.56,미래에셋TIGER배당성장증권상장지수투자신탁(주식)
KR7211560008,20260813,FGSC.40,금융,50.4541,7.56,42.89,미래에셋TIGER배당성장증권상장지수투자신탁(주식)
KR7211560008,20260813,FGSC.45,IT,3.0294,59.71,-56.68,미래에셋TIGER배당성장증권상장지수투자신탁(주식)
KR7211560008,20260813,FGSC.50,통신서비스,3.2295,.66,2.57,미래에셋TIGER배당성장증권상장지수투자신탁(주식)
KR7211560008,,FGSC.55,유틸리티,,,,
KR7472150002,20260813,FGSC.10,에너지,1.4316,2,-.57,미래에셋TIGER배당커버드콜액티브증권상장지수투자신탁(주식)
KR7472150002,20260813,FGSC.15,소재,1.8823,2.8,-.92,미래에셋TIGER배당커버드콜액티브증권상장지수투자신탁(주식)
KR7472150002,20260813,FGSC.20,산업재,11.2966,13.59,-2.29,미래에셋TIGER배당커버드콜액티브증권상장지수투자신탁(주식)
KR7472150002,20260813,FGSC.25,경기소비재,4.7303,6.12,-1.39,미래에셋TIGER배당커버드콜액티브증권상장지수투자신탁(주식)
KR7472150002,20260813,FGSC.30,필수소비재,1.2921,1.91,-.62,미래에셋TIGER배당커버드콜액티브증권상장지수투자신탁(주식)
KR7472150002,20260813,FGSC.35,의료,1.5911,5.15,-3.56,미래에셋TIGER배당커버드콜액티브증권상장지수투자신탁(주식)
KR7472150002,20260813,FGSC.40,금융,8.4367,7.56,.88,미래에셋TIGER배당커버드콜액티브증권상장지수투자신탁(주식)
KR7472150002,20260813,FGSC.45,IT,68.4468,59.71,8.74,미래에셋TIGER배당커버드콜액티브증권상장지수투자신탁(주식)
KR7472150002,20260813,FGSC.50,통신서비스,.8921,.66,.23,미래에셋TIGER배당커버드콜액티브증권상장지수투자신탁(주식)
KR7472150002,,FGSC.55,유틸리티,,,,
KR7438330003,,FGSC.10,에너지,,,,
KR7438330003,,FGSC.15,소재,,,,
KR7438330003,,FGSC.20,산업재,,,,
KR7438330003,,FGSC.25,경기소비재,,,,
KR7438330003,,FGSC.30,필수소비재,,,,
KR7438330003,,FGSC.35,의료,,,,
KR7438330003,,FGSC.40,금융,,,,
KR7438330003,,FGSC.45,IT,,,,
KR7438330003,,FGSC.50,통신서비스,,,,
KR7438330003,,FGSC.55,유틸리티,,,,
KR7217770007,,FGSC.10,에너지,,,,
KR7217770007,,FGSC.15,소재,,,,
KR7217770007,,FGSC.20,산업재,,,,
KR7217770007,,FGSC.25,경기소비재,,,,
KR7217770007,,FGSC.30,필수소비재,,,,
KR7217770007,,FGSC.35,의료,,,,
KR7217770007,,FGSC.40,금융,,,,
KR7217770007,,FGSC.45,IT,,,,
KR7217770007,,FGSC.50,통신서비스,,,,
KR7217770007,,FGSC.55,유틸리티,,,,
KR7225050004,,FGSC.10,에너지,,,,
KR7225050004,,FGSC.15,소재,,,,
KR7225050004,,FGSC.20,산업재,,,,
KR7225050004,,FGSC.25,경기소비재,,,,
KR7225050004,,FGSC.30,필수소비재,,,,
KR7225050004,,FGSC.35,의료,,,,
KR7225050004,,FGSC.40,금융,,,,
KR7225050004,,FGSC.45,IT,,,,
KR7225050004,,FGSC.50,통신서비스,,,,
KR7225050004,,FGSC.55,유틸리티,,,,
KR7195930003,,FGSC.10,에너지,,,,
KR7195930003,,FGSC.15,소재,,,,
KR7195930003,,FGSC.20,산업재,,,,
KR7195930003,,FGSC.25,경기소비재,,,,
KR7195930003,,FGSC.30,필수소비재,,,,
KR7195930003,,FGSC.35,의료,,,,
KR7195930003,,FGSC.40,금융,,,,
KR7195930003,,FGSC.45,IT,,,,
KR7195930003,,FGSC.50,통신서비스,,,,
KR7195930003,,FGSC.55,유틸리티,,,,
KR7195920004,,FGSC.10,에너지,,,,
KR7195920004,,FGSC.15,소재,,,,
KR7195920004,,FGSC.20,산업재,,,,
KR7195920004,,FGSC.25,경기소비재,,,,
KR7195920004,,FGSC.30,필수소비재,,,,
KR7195920004,,FGSC.35,의료,,,,
KR7195920004,,FGSC.40,금융,,,,
KR7195920004,,FGSC.45,IT,,,,
KR7195920004,,FGSC.50,통신서비스,,,,
KR7195920004,,FGSC.55,유틸리티,,,,
KR7451540009,,FGSC.10,에너지,,,,
KR7451540009,,FGSC.15,소재,,,,
KR7451540009,,FGSC.20,산업재,,,,
KR7451540009,,FGSC.25,경기소비재,,,,
KR7451540009,,FGSC.30,필수소비재,,,,
KR7451540009,,FGSC.35,의료,,,,
KR7451540009,,FGSC.40,금융,,,,
KR7451540009,,FGSC.45,IT,,,,
KR7451540009,,FGSC.50,통신서비스,,,,
KR7451540009,,FGSC.55,유틸리티,,,,
KR7204480008,,FGSC.10,에너지,,,,
KR7204480008,,FGSC.15,소재,,,,
KR7204480008,,FGSC.20,산업재,,,,
KR7204480008,,FGSC.25,경기소비재,,,,
KR7204480008,,FGSC.30,필수소비재,,,,
KR7204480008,,FGSC.35,의료,,,,
KR7204480008,,FGSC.40,금융,,,,
KR7204480008,,FGSC.45,IT,,,,
KR7204480008,,FGSC.50,통신서비스,,,,
KR7204480008,,FGSC.55,유틸리티,,,,
KR7217780006,,FGSC.10,에너지,,,,
KR7217780006,,FGSC.15,소재,,,,
KR7217780006,,FGSC.20,산업재,,,,
KR7217780006,,FGSC.25,경기소비재,,,,
KR7217780006,,FGSC.30,필수소비재,,,,
KR7217780006,,FGSC.35,의료,,,,
KR7217780006,,FGSC.40,금융,,,,
KR7217780006,,FGSC.45,IT,,,,
KR7217780006,,FGSC.50,통신서비스,,,,
KR7217780006,,FGSC.55,유틸리티,,,,
KR7192090009,,FGSC.10,에너지,,,,
KR7192090009,,FGSC.15,소재,,,,
KR7192090009,,FGSC.20,산업재,,,,
KR7192090009,,FGSC.25,경기소비재,,,,
KR7192090009,,FGSC.30,필수소비재,,,,
KR7192090009,,FGSC.35,의료,,,,
KR7192090009,,FGSC.40,금융,,,,
KR7192090009,,FGSC.45,IT,,,,
KR7192090009,,FGSC.50,통신서비스,,,,
KR7192090009,,FGSC.55,유틸리티,,,,
KR7210780003,20260813,FGSC.10,에너지,4.3525,2,2.35,미래에셋TIGER코스피고배당증권상장지수투자신탁(주식)
KR7210780003,20260813,FGSC.15,소재,8.7331,2.8,5.93,미래에셋TIGER코스피고배당증권상장지수투자신탁(주식)
KR7210780003,20260813,FGSC.20,산업재,11.8507,13.59,-1.74,미래에셋TIGER코스피고배당증권상장지수투자신탁(주식)
KR7210780003,20260813,FGSC.25,경기소비재,25.3762,6.12,19.26,미래에셋TIGER코스피고배당증권상장지수투자신탁(주식)
KR7210780003,20260813,FGSC.30,필수소비재,5.7875,1.91,3.88,미래에셋TIGER코스피고배당증권상장지수투자신탁(주식)
KR7210780003,,FGSC.35,의료,,,,
KR7210780003,20260813,FGSC.40,금융,38.2127,7.56,30.65,미래에셋TIGER코스피고배당증권상장지수투자신탁(주식)
KR7210780003,,FGSC.45,IT,,,,
KR7210780003,20260813,FGSC.50,통신서비스,4.3964,.66,3.73,미래에셋TIGER코스피고배당증권상장지수투자신탁(주식)
KR7210780003,20260813,FGSC.55,유틸리티,1.2906,.5,.79,미래에셋TIGER코스피고배당증권상장지수투자신탁(주식)
KR7423920008,,FGSC.10,에너지,,,,
KR7423920008,,FGSC.15,소재,,,,
KR7423920008,,FGSC.20,산업재,,,,
KR7423920008,,FGSC.25,경기소비재,,,,
KR7423920008,,FGSC.30,필수소비재,,,,
KR7423920008,,FGSC.35,의료,,,,
KR7423920008,,FGSC.40,금융,,,,
KR7423920008,,FGSC.45,IT,,,,
KR7423920008,,FGSC.50,통신서비스,,,,
KR7423920008,,FGSC.55,유틸리티,,,,
KR70098Z0006,20260813,FGSC.10,에너지,1.3533,2,-.65,브이아이 FOCUS 200 증권 상장지수 투자신탁[주식]
KR70098Z0006,20260813,FGSC.15,소재,2.1192,2.8,-.68,브이아이 FOCUS 200 증권 상장지수 투자신탁[주식]
KR70098Z0006,20260813,FGSC.20,산업재,10.7382,13.59,-2.85,브이아이 FOCUS 200 증권 상장지수 투자신탁[주식]
KR70098Z0006,20260813,FGSC.25,경기소비재,5.2625,6.12,-.85,브이아이 FOCUS 200 증권 상장지수 투자신탁[주식]
KR70098Z0006,20260813,FGSC.30,필수소비재,1.5631,1.91,-.34,브이아이 FOCUS 200 증권 상장지수 투자신탁[주식]
KR70098Z0006,20260813,FGSC.35,의료,1.9416,5.15,-3.21,브이아이 FOCUS 200 증권 상장지수 투자신탁[주식]
KR70098Z0006,20260813,FGSC.40,금융,7.7713,7.56,.21,브이아이 FOCUS 200 증권 상장지수 투자신탁[주식]
KR70098Z0006,20260813,FGSC.45,IT,68.0246,59.71,8.31,브이아이 FOCUS 200 증권 상장지수 투자신탁[주식]
KR70098Z0006,20260813,FGSC.50,통신서비스,.8297,.66,.17,브이아이 FOCUS 200 증권 상장지수 투자신탁[주식]
KR70098Z0006,20260813,FGSC.55,유틸리티,.3961,.5,-.1,브이아이 FOCUS 200 증권 상장지수 투자신탁[주식]
KR70176P0003,,FGSC.10,에너지,,,,
KR70176P0003,,FGSC.15,소재,,,,
KR70176P0003,20260813,FGSC.20,산업재,3.7569,13.59,-9.83,브이아이 FOCUS AI반도체위클리고정커버드콜증권상장지수투자신탁[주식-파생형]
KR70176P0003,,FGSC.25,경기소비재,,,,
KR70176P0003,,FGSC.30,필수소비재,,,,
KR70176P0003,,FGSC.35,의료,,,,
KR70176P0003,,FGSC.40,금융,,,,
KR70176P0003,20260813,FGSC.45,IT,96.2431,59.71,36.53,브이아이 FOCUS AI반도체위클리고정커버드콜증권상장지수투자신탁[주식-파생형]
KR70176P0003,,FGSC.50,통신서비스,,,,
KR70176P0003,,FGSC.55,유틸리티,,,,
KR7448570002,20260813,FGSC.10,에너지,5.2918,2,3.29,브이아이 FOCUS AI코리아 액티브 증권 상장지수 투자신탁[주식]
KR7448570002,20260813,FGSC.15,소재,.2205,2.8,-2.58,브이아이 FOCUS AI코리아 액티브 증권 상장지수 투자신탁[주식]
KR7448570002,20260813,FGSC.20,산업재,16.54,13.59,2.95,브이아이 FOCUS AI코리아 액티브 증권 상장지수 투자신탁[주식]
KR7448570002,20260813,FGSC.25,경기소비재,17.4622,6.12,11.35,브이아이 FOCUS AI코리아 액티브 증권 상장지수 투자신탁[주식]
KR7448570002,,FGSC.30,필수소비재,,,,
KR7448570002,20260813,FGSC.35,의료,5.9932,5.15,.84,브이아이 FOCUS AI코리아 액티브 증권 상장지수 투자신탁[주식]
KR7448570002,20260813,FGSC.40,금융,10.9897,7.56,3.43,브이아이 FOCUS AI코리아 액티브 증권 상장지수 투자신탁[주식]
KR7448570002,20260813,FGSC.45,IT,43.5027,59.71,-16.21,브이아이 FOCUS AI코리아 액티브 증권 상장지수 투자신탁[주식]
KR7448570002,,FGSC.50,통신서비스,,,,
KR7448570002,,FGSC.55,유틸리티,,,,
KR70073X0007,,FGSC.10,에너지,,,,
KR70073X0007,,FGSC.15,소재,,,,
KR70073X0007,,FGSC.20,산업재,,,,
KR70073X0007,,FGSC.25,경기소비재,,,,
KR70073X0007,,FGSC.30,필수소비재,,,,
KR70073X0007,,FGSC.35,의료,,,,
KR70073X0007,,FGSC.40,금융,,,,
KR70073X0007,,FGSC.45,IT,,,,
KR70073X0007,,FGSC.50,통신서비스,,,,
KR70073X0007,,FGSC.55,유틸리티,,,,
KR7285690004,20260813,FGSC.10,에너지,6.9157,2,4.91,브이아이 FOCUS ESG Leaders 150 증권 상장지수 투자신탁[주식]
KR7285690004,20260813,FGSC.15,소재,5.2472,2.8,2.45,브이아이 FOCUS ESG Leaders 150 증권 상장지수 투자신탁[주식]
KR7285690004,20260813,FGSC.20,산업재,21.0218,13.59,7.43,브이아이 FOCUS ESG Leaders 150 증권 상장지수 투자신탁[주식]
KR7285690004,20260813,FGSC.25,경기소비재,9.0203,6.12,2.9,브이아이 FOCUS ESG Leaders 150 증권 상장지수 투자신탁[주식]
KR7285690004,20260813,FGSC.30,필수소비재,5.2565,1.91,3.35,브이아이 FOCUS ESG Leaders 150 증권 상장지수 투자신탁[주식]
KR7285690004,20260813,FGSC.35,의료,4.1093,5.15,-1.04,브이아이 FOCUS ESG Leaders 150 증권 상장지수 투자신탁[주식]
KR7285690004,20260813,FGSC.40,금융,19.9125,7.56,12.35,브이아이 FOCUS ESG Leaders 150 증권 상장지수 투자신탁[주식]
KR7285690004,20260813,FGSC.45,IT,24.4867,59.71,-35.22,브이아이 FOCUS ESG Leaders 150 증권 상장지수 투자신탁[주식]
KR7285690004,20260813,FGSC.50,통신서비스,3.4466,.66,2.78,브이아이 FOCUS ESG Leaders 150 증권 상장지수 투자신탁[주식]
KR7285690004,20260813,FGSC.55,유틸리티,.5835,.5,.09,브이아이 FOCUS ESG Leaders 150 증권 상장지수 투자신탁[주식]
KR7278530001,20260813,FGSC.10,에너지,1.3595,2,-.64,삼성KODEX 200 Total Return 증권상장지수투자신탁[주식]
KR7278530001,20260813,FGSC.15,소재,2.1202,2.8,-.68,삼성KODEX 200 Total Return 증권상장지수투자신탁[주식]
KR7278530001,20260813,FGSC.20,산업재,10.7521,13.59,-2.84,삼성KODEX 200 Total Return 증권상장지수투자신탁[주식]
KR7278530001,20260813,FGSC.25,경기소비재,5.2595,6.12,-.86,삼성KODEX 200 Total Return 증권상장지수투자신탁[주식]
KR7278530001,20260813,FGSC.30,필수소비재,1.5566,1.91,-.35,삼성KODEX 200 Total Return 증권상장지수투자신탁[주식]
KR7278530001,20260813,FGSC.35,의료,1.9534,5.15,-3.2,삼성KODEX 200 Total Return 증권상장지수투자신탁[주식]
KR7278530001,20260813,FGSC.40,금융,7.7602,7.56,.2,삼성KODEX 200 Total Return 증권상장지수투자신탁[주식]
KR7278530001,20260813,FGSC.45,IT,68.0123,59.71,8.3,삼성KODEX 200 Total Return 증권상장지수투자신탁[주식]
KR7278530001,20260813,FGSC.50,통신서비스,.8296,.66,.17,삼성KODEX 200 Total Return 증권상장지수투자신탁[주식]
KR7278530001,20260813,FGSC.55,유틸리티,.3971,.5,-.1,삼성KODEX 200 Total Return 증권상장지수투자신탁[주식]
KR7226980001,20260813,FGSC.10,에너지,2.1894,2,.19,삼성KODEX200중소형증권상장지수투자신탁[주식]
KR7226980001,20260813,FGSC.15,소재,13.4463,2.8,10.65,삼성KODEX200중소형증권상장지수투자신탁[주식]
KR7226980001,20260813,FGSC.20,산업재,27.5381,13.59,13.95,삼성KODEX200중소형증권상장지수투자신탁[주식]
KR7226980001,20260813,FGSC.25,경기소비재,18.2797,6.12,12.16,삼성KODEX200중소형증권상장지수투자신탁[주식]
KR7226980001,20260813,FGSC.30,필수소비재,10.4771,1.91,8.57,삼성KODEX200중소형증권상장지수투자신탁[주식]
KR7226980001,20260813,FGSC.35,의료,4.2161,5.15,-.94,삼성KODEX200중소형증권상장지수투자신탁[주식]
KR7226980001,20260813,FGSC.40,금융,10.9514,7.56,3.39,삼성KODEX200중소형증권상장지수투자신탁[주식]
KR7226980001,20260813,FGSC.45,IT,11.9988,59.71,-47.71,삼성KODEX200중소형증권상장지수투자신탁[주식]
KR7226980001,,FGSC.50,통신서비스,,,,
KR7226980001,20260813,FGSC.55,유틸리티,.9026,.5,.4,삼성KODEX200중소형증권상장지수투자신탁[주식]
KR7337160006,20260813,FGSC.10,에너지,1.8347,2,-.17,삼성KODEX 200ESG 증권상장지수투자신탁[주식]
KR7337160006,20260813,FGSC.15,소재,1.7984,2.8,-1,삼성KODEX 200ESG 증권상장지수투자신탁[주식]
KR7337160006,20260813,FGSC.20,산업재,8.1896,13.59,-5.4,삼성KODEX 200ESG 증권상장지수투자신탁[주식]
KR7337160006,20260813,FGSC.25,경기소비재,6.9201,6.12,.8,삼성KODEX 200ESG 증권상장지수투자신탁[주식]
KR7337160006,20260813,FGSC.30,필수소비재,.8227,1.91,-1.09,삼성KODEX 200ESG 증권상장지수투자신탁[주식]
KR7337160006,20260813,FGSC.35,의료,2.4545,5.15,-2.7,삼성KODEX 200ESG 증권상장지수투자신탁[주식]
KR7337160006,20260813,FGSC.40,금융,10.6583,7.56,3.1,삼성KODEX 200ESG 증권상장지수투자신탁[주식]
KR7337160006,20260813,FGSC.45,IT,65.9665,59.71,6.26,삼성KODEX 200ESG 증권상장지수투자신탁[주식]
KR7337160006,20260813,FGSC.50,통신서비스,1.244,.66,.58,삼성KODEX 200ESG 증권상장지수투자신탁[주식]
KR7337160006,20260813,FGSC.55,유틸리티,.111,.5,-.39,삼성KODEX 200ESG 증권상장지수투자신탁[주식]
KR7363580002,,FGSC.10,에너지,,,,
KR7363580002,,FGSC.15,소재,,,,
KR7363580002,20260813,FGSC.20,산업재,2.2175,13.59,-11.37,삼성KODEX 200 IT Total Return증권상장지수투자신탁[주식]
KR7363580002,20260813,FGSC.25,경기소비재,4.9976,6.12,-1.12,삼성KODEX 200 IT Total Return증권상장지수투자신탁[주식]
KR7363580002,,FGSC.30,필수소비재,,,,
KR7363580002,,FGSC.35,의료,,,,
KR7363580002,,FGSC.40,금융,,,,
KR7363580002,20260813,FGSC.45,IT,92.7848,59.71,33.07,삼성KODEX 200 IT Total Return증권상장지수투자신탁[주식]
KR7363580002,,FGSC.50,통신서비스,,,,
KR7363580002,,FGSC.55,유틸리티,,,,
KR7337150007,20260813,FGSC.10,에너지,3.2939,2,1.29,삼성KODEX 200exTOP 증권상장지수투자신탁[주식]
KR7337150007,20260813,FGSC.15,소재,5.0793,2.8,2.28,삼성KODEX 200exTOP 증권상장지수투자신탁[주식]
KR7337150007,20260813,FGSC.20,산업재,26.1426,13.59,12.55,삼성KODEX 200exTOP 증권상장지수투자신탁[주식]
KR7337150007,20260813,FGSC.25,경기소비재,12.7477,6.12,6.63,삼성KODEX 200exTOP 증권상장지수투자신탁[주식]
KR7337150007,20260813,FGSC.30,필수소비재,3.7931,1.91,1.89,삼성KODEX 200exTOP 증권상장지수투자신탁[주식]
KR7337150007,20260813,FGSC.35,의료,4.7069,5.15,-.45,삼성KODEX 200exTOP 증권상장지수투자신탁[주식]
KR7337150007,20260813,FGSC.40,금융,18.8033,7.56,11.24,삼성KODEX 200exTOP 증권상장지수투자신탁[주식]
KR7337150007,20260813,FGSC.45,IT,22.4561,59.71,-37.25,삼성KODEX 200exTOP 증권상장지수투자신탁[주식]
KR7337150007,20260813,FGSC.50,통신서비스,2.0139,.66,1.35,삼성KODEX 200exTOP 증권상장지수투자신탁[주식]
KR7337150007,20260813,FGSC.55,유틸리티,.9633,.5,.47,삼성KODEX 200exTOP 증권상장지수투자신탁[주식]
KR7223190000,20260813,FGSC.10,에너지,3.5207,2,1.52,삼성KODEX200가치저변동증권상장지수투자신탁[주식]
KR7223190000,20260813,FGSC.15,소재,5.5831,2.8,2.78,삼성KODEX200가치저변동증권상장지수투자신탁[주식]
KR7223190000,20260813,FGSC.20,산업재,16.529,13.59,2.94,삼성KODEX200가치저변동증권상장지수투자신탁[주식]
KR7223190000,20260813,FGSC.25,경기소비재,13.222,6.12,7.11,삼성KODEX200가치저변동증권상장지수투자신탁[주식]
KR7223190000,20260813,FGSC.30,필수소비재,3.0953,1.91,1.19,삼성KODEX200가치저변동증권상장지수투자신탁[주식]
KR7223190000,20260813,FGSC.35,의료,2.4744,5.15,-2.68,삼성KODEX200가치저변동증권상장지수투자신탁[주식]
KR7223190000,20260813,FGSC.40,금융,20.8226,7.56,13.26,삼성KODEX200가치저변동증권상장지수투자신탁[주식]
KR7223190000,20260813,FGSC.45,IT,31.413,59.71,-28.3,삼성KODEX200가치저변동증권상장지수투자신탁[주식]
KR7223190000,20260813,FGSC.50,통신서비스,1.9675,.66,1.3,삼성KODEX200가치저변동증권상장지수투자신탁[주식]
KR7223190000,20260813,FGSC.55,유틸리티,1.373,.5,.88,삼성KODEX200가치저변동증권상장지수투자신탁[주식]
KR7237350004,20260813,FGSC.10,에너지,1.4093,2,-.59,삼성 KODEX 코스피100 증권상장지수투자신탁[주식]
KR7237350004,20260813,FGSC.15,소재,1.7657,2.8,-1.04,삼성 KODEX 코스피100 증권상장지수투자신탁[주식]
KR7237350004,20260813,FGSC.20,산업재,10.6582,13.59,-2.93,삼성 KODEX 코스피100 증권상장지수투자신탁[주식]
KR7237350004,20260813,FGSC.25,경기소비재,5.0348,6.12,-1.08,삼성 KODEX 코스피100 증권상장지수투자신탁[주식]
KR7237350004,20260813,FGSC.30,필수소비재,1.2841,1.91,-.62,삼성 KODEX 코스피100 증권상장지수투자신탁[주식]
KR7237350004,20260813,FGSC.35,의료,1.9431,5.15,-3.21,삼성 KODEX 코스피100 증권상장지수투자신탁[주식]
KR7237350004,20260813,FGSC.40,금융,8.0927,7.56,.53,삼성 KODEX 코스피100 증권상장지수투자신탁[주식]
KR7237350004,20260813,FGSC.45,IT,68.4968,59.71,8.79,삼성 KODEX 코스피100 증권상장지수투자신탁[주식]
KR7237350004,20260813,FGSC.50,통신서비스,.9157,.66,.25,삼성 KODEX 코스피100 증권상장지수투자신탁[주식]
KR7237350004,20260813,FGSC.55,유틸리티,.4002,.5,-.1,삼성 KODEX 코스피100 증권상장지수투자신탁[주식]
KR7252650007,20260813,FGSC.10,에너지,4.0933,2,2.09,삼성KODEX200동일가중증권상장지수투자신탁[주식]
KR7252650007,20260813,FGSC.15,소재,15.2096,2.8,12.41,삼성KODEX200동일가중증권상장지수투자신탁[주식]
KR7252650007,20260813,FGSC.20,산업재,21.1452,13.59,7.56,삼성KODEX200동일가중증권상장지수투자신탁[주식]
KR7252650007,20260813,FGSC.25,경기소비재,14.2504,6.12,8.13,삼성KODEX200동일가중증권상장지수투자신탁[주식]
KR7252650007,20260813,FGSC.30,필수소비재,11.5965,1.91,9.69,삼성KODEX200동일가중증권상장지수투자신탁[주식]
KR7252650007,20260813,FGSC.35,의료,7.8958,5.15,2.74,삼성KODEX200동일가중증권상장지수투자신탁[주식]
KR7252650007,20260813,FGSC.40,금융,11.3539,7.56,3.79,삼성KODEX200동일가중증권상장지수투자신탁[주식]
KR7252650007,20260813,FGSC.45,IT,10.8941,59.71,-48.82,삼성KODEX200동일가중증권상장지수투자신탁[주식]
KR7252650007,20260813,FGSC.50,통신서비스,1.4431,.66,.78,삼성KODEX200동일가중증권상장지수투자신탁[주식]
KR7252650007,20260813,FGSC.55,유틸리티,2.1173,.5,1.62,삼성KODEX200동일가중증권상장지수투자신탁[주식]
KR7360140008,,FGSC.10,에너지,,,,
KR7360140008,,FGSC.15,소재,,,,
KR7360140008,,FGSC.20,산업재,,,,
KR7360140008,,FGSC.25,경기소비재,,,,
KR7360140008,,FGSC.30,필수소비재,,,,
KR7360140008,,FGSC.35,의료,,,,
KR7360140008,,FGSC.40,금융,,,,
KR7360140008,,FGSC.45,IT,,,,
KR7360140008,,FGSC.50,통신서비스,,,,
KR7360140008,,FGSC.55,유틸리티,,,,
KR7284430006,,FGSC.10,에너지,,,,
KR7284430006,,FGSC.15,소재,,,,
KR7284430006,,FGSC.20,산업재,,,,
KR7284430006,,FGSC.25,경기소비재,,,,
KR7284430006,,FGSC.30,필수소비재,,,,
KR7284430006,,FGSC.35,의료,,,,
KR7284430006,,FGSC.40,금융,,,,
KR7284430006,,FGSC.45,IT,,,,
KR7284430006,,FGSC.50,통신서비스,,,,
KR7284430006,,FGSC.55,유틸리티,,,,
KR7252670005,,FGSC.10,에너지,,,,
KR7252670005,,FGSC.15,소재,,,,
KR7252670005,,FGSC.20,산업재,,,,
KR7252670005,,FGSC.25,경기소비재,,,,
KR7252670005,,FGSC.30,필수소비재,,,,
KR7252670005,,FGSC.35,의료,,,,
KR7252670005,,FGSC.40,금융,,,,
KR7252670005,,FGSC.45,IT,,,,
KR7252670005,,FGSC.50,통신서비스,,,,
KR7252670005,,FGSC.55,유틸리티,,,,
KR7494890007,20260813,FGSC.10,에너지,1.3951,2,-.61,삼성 KODEX200 액티브증권상장지수투자신탁[주식-파생형]
KR7494890007,20260813,FGSC.15,소재,2.1253,2.8,-.68,삼성 KODEX200 액티브증권상장지수투자신탁[주식-파생형]
KR7494890007,20260813,FGSC.20,산업재,10.5079,13.59,-3.08,삼성 KODEX200 액티브증권상장지수투자신탁[주식-파생형]
KR7494890007,20260813,FGSC.25,경기소비재,5.3899,6.12,-.73,삼성 KODEX200 액티브증권상장지수투자신탁[주식-파생형]
KR7494890007,20260813,FGSC.30,필수소비재,1.5265,1.91,-.38,삼성 KODEX200 액티브증권상장지수투자신탁[주식-파생형]
KR7494890007,20260813,FGSC.35,의료,1.8733,5.15,-3.28,삼성 KODEX200 액티브증권상장지수투자신탁[주식-파생형]
KR7494890007,20260813,FGSC.40,금융,8.0027,7.56,.44,삼성 KODEX200 액티브증권상장지수투자신탁[주식-파생형]
KR7494890007,20260813,FGSC.45,IT,68.1369,59.71,8.43,삼성 KODEX200 액티브증권상장지수투자신탁[주식-파생형]
KR7494890007,20260813,FGSC.50,통신서비스,.7018,.66,.04,삼성 KODEX200 액티브증권상장지수투자신탁[주식-파생형]
KR7494890007,20260813,FGSC.55,유틸리티,.3404,.5,-.16,삼성 KODEX200 액티브증권상장지수투자신탁[주식-파생형]
KR70219E0005,20260813,FGSC.10,에너지,1.0546,2,-.95,삼성KODEX 200커버드콜액티브증권상장지수투자신탁[주식-파생형]
KR70219E0005,20260813,FGSC.15,소재,1.195,2.8,-1.61,삼성KODEX 200커버드콜액티브증권상장지수투자신탁[주식-파생형]
KR70219E0005,20260813,FGSC.20,산업재,8.2504,13.59,-5.34,삼성KODEX 200커버드콜액티브증권상장지수투자신탁[주식-파생형]
KR70219E0005,20260813,FGSC.25,경기소비재,3.7714,6.12,-2.34,삼성KODEX 200커버드콜액티브증권상장지수투자신탁[주식-파생형]
KR70219E0005,20260813,FGSC.30,필수소비재,.92,1.91,-.99,삼성KODEX 200커버드콜액티브증권상장지수투자신탁[주식-파생형]
KR70219E0005,20260813,FGSC.35,의료,1.3717,5.15,-3.78,삼성KODEX 200커버드콜액티브증권상장지수투자신탁[주식-파생형]
KR70219E0005,20260813,FGSC.40,금융,6.0486,7.56,-1.51,삼성KODEX 200커버드콜액티브증권상장지수투자신탁[주식-파생형]
KR70219E0005,20260813,FGSC.45,IT,58.7674,59.71,-.94,삼성KODEX 200커버드콜액티브증권상장지수투자신탁[주식-파생형]
KR70219E0005,20260813,FGSC.50,통신서비스,.6824,.66,.02,삼성KODEX 200커버드콜액티브증권상장지수투자신탁[주식-파생형]
KR70219E0005,20260813,FGSC.55,유틸리티,.2635,.5,-.23,삼성KODEX 200커버드콜액티브증권상장지수투자신탁[주식-파생형]
KR7498400001,20260813,FGSC.10,에너지,1.1439,2,-.86,삼성KODEX 200타겟위클리커버드콜증권상장지수투자신탁[주식-파생형]
KR7498400001,20260813,FGSC.15,소재,1.8085,2.8,-.99,삼성KODEX 200타겟위클리커버드콜증권상장지수투자신탁[주식-파생형]
KR7498400001,20260813,FGSC.20,산업재,9.103,13.59,-4.49,삼성KODEX 200타겟위클리커버드콜증권상장지수투자신탁[주식-파생형]
KR7498400001,20260813,FGSC.25,경기소비재,4.4746,6.12,-1.64,삼성KODEX 200타겟위클리커버드콜증권상장지수투자신탁[주식-파생형]
KR7498400001,20260813,FGSC.30,필수소비재,1.3287,1.91,-.58,삼성KODEX 200타겟위클리커버드콜증권상장지수투자신탁[주식-파생형]
KR7498400001,20260813,FGSC.35,의료,1.6609,5.15,-3.49,삼성KODEX 200타겟위클리커버드콜증권상장지수투자신탁[주식-파생형]
KR7498400001,20260813,FGSC.40,금융,6.6069,7.56,-.95,삼성KODEX 200타겟위클리커버드콜증권상장지수투자신탁[주식-파생형]
KR7498400001,20260813,FGSC.45,IT,57.8119,59.71,-1.9,삼성KODEX 200타겟위클리커버드콜증권상장지수투자신탁[주식-파생형]
KR7498400001,20260813,FGSC.50,통신서비스,.7048,.66,.04,삼성KODEX 200타겟위클리커버드콜증권상장지수투자신탁[주식-파생형]
KR7498400001,20260813,FGSC.55,유틸리티,.337,.5,-.16,삼성KODEX 200타겟위클리커버드콜증권상장지수투자신탁[주식-파생형]
KR70117L0009,,FGSC.10,에너지,,,,
KR70117L0009,,FGSC.15,소재,,,,
KR70117L0009,,FGSC.20,산업재,,,,
KR70117L0009,,FGSC.25,경기소비재,,,,
KR70117L0009,,FGSC.30,필수소비재,,,,
KR70117L0009,,FGSC.35,의료,,,,
KR70117L0009,,FGSC.40,금융,,,,
KR70117L0009,,FGSC.45,IT,,,,
KR70117L0009,,FGSC.50,통신서비스,,,,
KR70117L0009,,FGSC.55,유틸리티,,,,
KR7473290005,,FGSC.10,에너지,,,,
KR7473290005,,FGSC.15,소재,,,,
KR7473290005,,FGSC.20,산업재,,,,
KR7473290005,,FGSC.25,경기소비재,,,,
KR7473290005,,FGSC.30,필수소비재,,,,
KR7473290005,,FGSC.35,의료,,,,
KR7473290005,,FGSC.40,금융,,,,
KR7473290005,,FGSC.45,IT,,,,
KR7473290005,,FGSC.50,통신서비스,,,,
KR7473290005,,FGSC.55,유틸리티,,,,
KR70007F0000,,FGSC.10,에너지,,,,
KR70007F0000,,FGSC.15,소재,,,,
KR70007F0000,,FGSC.20,산업재,,,,
KR70007F0000,,FGSC.25,경기소비재,,,,
KR70007F0000,,FGSC.30,필수소비재,,,,
KR70007F0000,,FGSC.35,의료,,,,
KR70007F0000,,FGSC.40,금융,,,,
KR70007F0000,,FGSC.45,IT,,,,
KR70007F0000,,FGSC.50,통신서비스,,,,
KR70007F0000,,FGSC.55,유틸리티,,,,
KR70119H0003,,FGSC.10,에너지,,,,
KR70119H0003,,FGSC.15,소재,,,,
KR70119H0003,,FGSC.20,산업재,,,,
KR70119H0003,,FGSC.25,경기소비재,,,,
KR70119H0003,,FGSC.30,필수소비재,,,,
KR70119H0003,,FGSC.35,의료,,,,
KR70119H0003,,FGSC.40,금융,,,,
KR70119H0003,,FGSC.45,IT,,,,
KR70119H0003,,FGSC.50,통신서비스,,,,
KR70119H0003,,FGSC.55,유틸리티,,,,
KR7462330002,,FGSC.10,에너지,,,,
KR7462330002,,FGSC.15,소재,,,,
KR7462330002,,FGSC.20,산업재,,,,
KR7462330002,,FGSC.25,경기소비재,,,,
KR7462330002,,FGSC.30,필수소비재,,,,
KR7462330002,,FGSC.35,의료,,,,
KR7462330002,,FGSC.40,금융,,,,
KR7462330002,,FGSC.45,IT,,,,
KR7462330002,,FGSC.50,통신서비스,,,,
KR7462330002,,FGSC.55,유틸리티,,,,
KR7305720005,20260813,FGSC.10,에너지,6.0058,2,4,삼성KODEX 2차전지산업증권상장지수투자신탁[주식]
KR7305720005,20260813,FGSC.15,소재,33.178,2.8,30.38,삼성KODEX 2차전지산업증권상장지수투자신탁[주식]
KR7305720005,20260813,FGSC.20,산업재,1.4478,13.59,-12.14,삼성KODEX 2차전지산업증권상장지수투자신탁[주식]
KR7305720005,,FGSC.25,경기소비재,,,,
KR7305720005,,FGSC.30,필수소비재,,,,
KR7305720005,,FGSC.35,의료,,,,
KR7305720005,,FGSC.40,금융,,,,
KR7305720005,20260813,FGSC.45,IT,59.3688,59.71,-.34,삼성KODEX 2차전지산업증권상장지수투자신탁[주식]
KR7305720005,,FGSC.50,통신서비스,,,,
KR7305720005,,FGSC.55,유틸리티,,,,
KR7461950008,,FGSC.10,에너지,,,,
KR7461950008,20260813,FGSC.15,소재,57.0142,2.8,54.21,삼성KODEX2차전지핵심소재10 증권상장지수투자신탁[주식]
KR7461950008,,FGSC.20,산업재,,,,
KR7461950008,,FGSC.25,경기소비재,,,,
KR7461950008,,FGSC.30,필수소비재,,,,
KR7461950008,,FGSC.35,의료,,,,
KR7461950008,,FGSC.40,금융,,,,
KR7461950008,20260813,FGSC.45,IT,42.9859,59.71,-16.72,삼성KODEX2차전지핵심소재10 증권상장지수투자신탁[주식]
KR7461950008,,FGSC.50,통신서비스,,,,
KR7461950008,,FGSC.55,유틸리티,,,,
KR7457690006,,FGSC.10,에너지,,,,
KR7457690006,,FGSC.15,소재,,,,
KR7457690006,,FGSC.20,산업재,,,,
KR7457690006,,FGSC.25,경기소비재,,,,
KR7457690006,,FGSC.30,필수소비재,,,,
KR7457690006,,FGSC.35,의료,,,,
KR7457690006,,FGSC.40,금융,,,,
KR7457690006,,FGSC.45,IT,,,,
KR7457690006,,FGSC.50,통신서비스,,,,
KR7457690006,,FGSC.55,유틸리티,,,,
KR7271060006,,FGSC.10,에너지,,,,
KR7271060006,,FGSC.15,소재,,,,
KR7271060006,,FGSC.20,산업재,,,,
KR7271060006,,FGSC.25,경기소비재,,,,
KR7271060006,,FGSC.30,필수소비재,,,,
KR7271060006,,FGSC.35,의료,,,,
KR7271060006,,FGSC.40,금융,,,,
KR7271060006,,FGSC.45,IT,,,,
KR7271060006,,FGSC.50,통신서비스,,,,
KR7271060006,,FGSC.55,유틸리티,,,,
KR7457700003,,FGSC.10,에너지,,,,
KR7457700003,,FGSC.15,소재,,,,
KR7457700003,,FGSC.20,산업재,,,,
KR7457700003,,FGSC.25,경기소비재,,,,
KR7457700003,,FGSC.30,필수소비재,,,,
KR7457700003,,FGSC.35,의료,,,,
KR7457700003,,FGSC.40,금융,,,,
KR7457700003,,FGSC.45,IT,,,,
KR7457700003,,FGSC.50,통신서비스,,,,
KR7457700003,,FGSC.55,유틸리티,,,,
KR7395160005,,FGSC.10,에너지,,,,
KR7395160005,,FGSC.15,소재,,,,
KR7395160005,,FGSC.20,산업재,,,,
KR7395160005,,FGSC.25,경기소비재,,,,
KR7395160005,,FGSC.30,필수소비재,,,,
KR7395160005,,FGSC.35,의료,,,,
KR7395160005,,FGSC.40,금융,,,,
KR7395160005,20260813,FGSC.45,IT,100.0001,59.71,40.29,삼성KODEX AI반도체TOP2플러스증권상장지수투자신탁[주식]
KR7395160005,,FGSC.50,통신서비스,,,,
KR7395160005,,FGSC.55,유틸리티,,,,
KR7471990002,,FGSC.10,에너지,,,,
KR7471990002,,FGSC.15,소재,,,,
KR7471990002,,FGSC.20,산업재,,,,
KR7471990002,,FGSC.25,경기소비재,,,,
KR7471990002,,FGSC.30,필수소비재,,,,
KR7471990002,,FGSC.35,의료,,,,
KR7471990002,,FGSC.40,금융,,,,
KR7471990002,20260813,FGSC.45,IT,99.9999,59.71,40.29,삼성KODEX AI반도체핵심장비증권상장지수투자신탁[주식]
KR7471990002,,FGSC.50,통신서비스,,,,
KR7471990002,,FGSC.55,유틸리티,,,,
KR7487240004,,FGSC.10,에너지,,,,
KR7487240004,,FGSC.15,소재,,,,
KR7487240004,20260813,FGSC.20,산업재,100,13.59,86.41,삼성KODEX AI전력핵심설비증권상장지수투자신탁[주식]
KR7487240004,,FGSC.25,경기소비재,,,,
KR7487240004,,FGSC.30,필수소비재,,,,
KR7487240004,,FGSC.35,의료,,,,
KR7487240004,,FGSC.40,금융,,,,
KR7487240004,,FGSC.45,IT,,,,
KR7487240004,,FGSC.50,통신서비스,,,,
KR7487240004,,FGSC.55,유틸리티,,,,
KR7481050003,,FGSC.10,에너지,,,,
KR7481050003,,FGSC.15,소재,,,,
KR7481050003,,FGSC.20,산업재,,,,
KR7481050003,,FGSC.25,경기소비재,,,,
KR7481050003,,FGSC.30,필수소비재,,,,
KR7481050003,,FGSC.35,의료,,,,
KR7481050003,,FGSC.40,금융,,,,
KR7481050003,,FGSC.45,IT,,,,
KR7481050003,,FGSC.50,통신서비스,,,,
KR7481050003,,FGSC.55,유틸리티,,,,
KR7459580007,,FGSC.10,에너지,,,,
KR7459580007,,FGSC.15,소재,,,,
KR7459580007,,FGSC.20,산업재,,,,
KR7459580007,,FGSC.25,경기소비재,,,,
KR7459580007,,FGSC.30,필수소비재,,,,
KR7459580007,,FGSC.35,의료,,,,
KR7459580007,,FGSC.40,금융,,,,
KR7459580007,,FGSC.45,IT,,,,
KR7459580007,,FGSC.50,통신서비스,,,,
KR7459580007,,FGSC.55,유틸리티,,,,
KR7439860008,,FGSC.10,에너지,,,,
KR7439860008,,FGSC.15,소재,,,,
KR7439860008,,FGSC.20,산업재,,,,
KR7439860008,,FGSC.25,경기소비재,,,,
KR7439860008,,FGSC.30,필수소비재,,,,
KR7439860008,,FGSC.35,의료,,,,
KR7439860008,,FGSC.40,금융,,,,
KR7439860008,,FGSC.45,IT,,,,
KR7439860008,,FGSC.50,통신서비스,,,,
KR7439860008,,FGSC.55,유틸리티,,,,
KR7266370006,,FGSC.10,에너지,,,,
KR7266370006,20260813,FGSC.15,소재,.215,2.8,-2.59,삼성KODEX IT증권상장지수투자신탁[주식]
KR7266370006,20260813,FGSC.20,산업재,1.076,13.59,-12.51,삼성KODEX IT증권상장지수투자신탁[주식]
KR7266370006,,FGSC.25,경기소비재,,,,
KR7266370006,,FGSC.30,필수소비재,,,,
KR7266370006,,FGSC.35,의료,,,,
KR7266370006,,FGSC.40,금융,,,,
KR7266370006,20260813,FGSC.45,IT,98.7088,59.71,39,삼성KODEX IT증권상장지수투자신탁[주식]
KR7266370006,,FGSC.50,통신서비스,,,,
KR7266370006,,FGSC.55,유틸리티,,,,
KR7101280006,,FGSC.10,에너지,,,,
KR7101280006,,FGSC.15,소재,,,,
KR7101280006,,FGSC.20,산업재,,,,
KR7101280006,,FGSC.25,경기소비재,,,,
KR7101280006,,FGSC.30,필수소비재,,,,
KR7101280006,,FGSC.35,의료,,,,
KR7101280006,,FGSC.40,금융,,,,
KR7101280006,,FGSC.45,IT,,,,
KR7101280006,,FGSC.50,통신서비스,,,,
KR7101280006,,FGSC.55,유틸리티,,,,
KR7368680005,,FGSC.10,에너지,,,,
KR7368680005,20260813,FGSC.15,소재,19.186,2.8,16.39,삼성KODEX K-뉴딜디지털플러스증권상장지수투자신탁[주식]
KR7368680005,,FGSC.20,산업재,,,,
KR7368680005,,FGSC.25,경기소비재,,,,
KR7368680005,,FGSC.30,필수소비재,,,,
KR7368680005,20260813,FGSC.35,의료,35.4592,5.15,30.3,삼성KODEX K-뉴딜디지털플러스증권상장지수투자신탁[주식]
KR7368680005,,FGSC.40,금융,,,,
KR7368680005,20260813,FGSC.45,IT,45.3549,59.71,-14.36,삼성KODEX K-뉴딜디지털플러스증권상장지수투자신탁[주식]
KR7368680005,,FGSC.50,통신서비스,,,,
KR7368680005,,FGSC.55,유틸리티,,,,
KR7423160001,,FGSC.10,에너지,,,,
KR7423160001,,FGSC.15,소재,,,,
KR7423160001,,FGSC.20,산업재,,,,
KR7423160001,,FGSC.25,경기소비재,,,,
KR7423160001,,FGSC.30,필수소비재,,,,
KR7423160001,,FGSC.35,의료,,,,
KR7423160001,,FGSC.40,금융,,,,
KR7423160001,,FGSC.45,IT,,,,
KR7423160001,,FGSC.50,통신서비스,,,,
KR7423160001,,FGSC.55,유틸리티,,,,
KR7306950007,,FGSC.10,에너지,,,,
KR7306950007,,FGSC.15,소재,,,,
KR7306950007,,FGSC.20,산업재,,,,
KR7306950007,,FGSC.25,경기소비재,,,,
KR7306950007,,FGSC.30,필수소비재,,,,
KR7306950007,,FGSC.35,의료,,,,
KR7306950007,,FGSC.40,금융,,,,
KR7306950007,,FGSC.45,IT,,,,
KR7306950007,,FGSC.50,통신서비스,,,,
KR7306950007,,FGSC.55,유틸리티,,,,
KR7292190006,20260813,FGSC.10,에너지,1.454,2,-.55,삼성 KODEX KRX300증권상장지수투자신탁[주식형]
KR7292190006,20260813,FGSC.15,소재,1.9611,2.8,-.84,삼성 KODEX KRX300증권상장지수투자신탁[주식형]
KR7292190006,20260813,FGSC.20,산업재,10.8539,13.59,-2.73,삼성 KODEX KRX300증권상장지수투자신탁[주식형]
KR7292190006,20260813,FGSC.25,경기소비재,5.1956,6.12,-.92,삼성 KODEX KRX300증권상장지수투자신탁[주식형]
KR7292190006,20260813,FGSC.30,필수소비재,1.4825,1.91,-.43,삼성 KODEX KRX300증권상장지수투자신탁[주식형]
KR7292190006,20260813,FGSC.35,의료,3.5036,5.15,-1.65,삼성 KODEX KRX300증권상장지수투자신탁[주식형]
KR7292190006,20260813,FGSC.40,금융,7.5351,7.56,-.02,삼성 KODEX KRX300증권상장지수투자신탁[주식형]
KR7292190006,20260813,FGSC.45,IT,66.8514,59.71,7.14,삼성 KODEX KRX300증권상장지수투자신탁[주식형]
KR7292190006,20260813,FGSC.50,통신서비스,.7893,.66,.13,삼성 KODEX KRX300증권상장지수투자신탁[주식형]
KR7292190006,20260813,FGSC.55,유틸리티,.3736,.5,-.12,삼성 KODEX KRX300증권상장지수투자신탁[주식형]
KR7229720008,20260813,FGSC.10,에너지,.7051,2,-1.3,삼성KODEX KTOP30증권상장지수투자신탁[주식]
KR7229720008,20260813,FGSC.15,소재,3.4592,2.8,.66,삼성KODEX KTOP30증권상장지수투자신탁[주식]
KR7229720008,20260813,FGSC.20,산업재,12.0287,13.59,-1.56,삼성KODEX KTOP30증권상장지수투자신탁[주식]
KR7229720008,20260813,FGSC.25,경기소비재,7.1925,6.12,1.08,삼성KODEX KTOP30증권상장지수투자신탁[주식]
KR7229720008,20260813,FGSC.30,필수소비재,.7817,1.91,-1.13,삼성KODEX KTOP30증권상장지수투자신탁[주식]
KR7229720008,20260813,FGSC.35,의료,3.5617,5.15,-1.59,삼성KODEX KTOP30증권상장지수투자신탁[주식]
KR7229720008,20260813,FGSC.40,금융,7.1247,7.56,-.43,삼성KODEX KTOP30증권상장지수투자신탁[주식]
KR7229720008,20260813,FGSC.45,IT,62.6127,59.71,2.9,삼성KODEX KTOP30증권상장지수투자신탁[주식]
KR7229720008,20260813,FGSC.50,통신서비스,2.5337,.66,1.87,삼성KODEX KTOP30증권상장지수투자신탁[주식]
KR7229720008,,FGSC.55,유틸리티,,,,
KR7266360007,,FGSC.10,에너지,,,,
KR7266360007,,FGSC.15,소재,,,,
KR7266360007,,FGSC.20,산업재,,,,
KR7266360007,20260813,FGSC.25,경기소비재,21.2666,6.12,15.15,삼성KODEX K콘텐츠증권상장지수투자신탁[주식]
KR7266360007,,FGSC.30,필수소비재,,,,
KR7266360007,,FGSC.35,의료,,,,
KR7266360007,,FGSC.40,금융,,,,
KR7266360007,20260813,FGSC.45,IT,78.7335,59.71,19.02,삼성KODEX K콘텐츠증권상장지수투자신탁[주식]
KR7266360007,,FGSC.50,통신서비스,,,,
KR7266360007,,FGSC.55,유틸리티,,,,
KR7289040008,20260813,FGSC.10,에너지,2.1796,2,.18,삼성KODEX MSCI ESG유니버설증권상장지수투자신탁[주식형]
KR7289040008,20260813,FGSC.15,소재,1.5044,2.8,-1.3,삼성KODEX MSCI ESG유니버설증권상장지수투자신탁[주식형]
KR7289040008,20260813,FGSC.20,산업재,9.3693,13.59,-4.22,삼성KODEX MSCI ESG유니버설증권상장지수투자신탁[주식형]
KR7289040008,20260813,FGSC.25,경기소비재,4.3411,6.12,-1.77,삼성KODEX MSCI ESG유니버설증권상장지수투자신탁[주식형]
KR7289040008,20260813,FGSC.30,필수소비재,1.6941,1.91,-.21,삼성KODEX MSCI ESG유니버설증권상장지수투자신탁[주식형]
KR7289040008,20260813,FGSC.35,의료,2.8416,5.15,-2.31,삼성KODEX MSCI ESG유니버설증권상장지수투자신탁[주식형]
KR7289040008,20260813,FGSC.40,금융,15.5793,7.56,8.02,삼성KODEX MSCI ESG유니버설증권상장지수투자신탁[주식형]
KR7289040008,20260813,FGSC.45,IT,61.7616,59.71,2.05,삼성KODEX MSCI ESG유니버설증권상장지수투자신탁[주식형]
KR7289040008,20260813,FGSC.50,통신서비스,.3964,.66,-.27,삼성KODEX MSCI ESG유니버설증권상장지수투자신탁[주식형]
KR7289040008,20260813,FGSC.55,유틸리티,.3327,.5,-.17,삼성KODEX MSCI ESG유니버설증권상장지수투자신탁[주식형]
KR7156080004,20260813,FGSC.10,에너지,.9847,2,-1.02,삼성KODEX MSCI KOREA증권상장지수투자신탁[주식]
KR7156080004,20260813,FGSC.15,소재,1.2116,2.8,-1.59,삼성KODEX MSCI KOREA증권상장지수투자신탁[주식]
KR7156080004,20260813,FGSC.20,산업재,8.9101,13.59,-4.68,삼성KODEX MSCI KOREA증권상장지수투자신탁[주식]
KR7156080004,20260813,FGSC.25,경기소비재,4.6589,6.12,-1.46,삼성KODEX MSCI KOREA증권상장지수투자신탁[주식]
KR7156080004,20260813,FGSC.30,필수소비재,1.0293,1.91,-.88,삼성KODEX MSCI KOREA증권상장지수투자신탁[주식]
KR7156080004,20260813,FGSC.35,의료,2.2863,5.15,-2.87,삼성KODEX MSCI KOREA증권상장지수투자신탁[주식]
KR7156080004,20260813,FGSC.40,금융,7.1776,7.56,-.38,삼성KODEX MSCI KOREA증권상장지수투자신탁[주식]
KR7156080004,20260813,FGSC.45,IT,73.1524,59.71,13.44,삼성KODEX MSCI KOREA증권상장지수투자신탁[주식]
KR7156080004,20260813,FGSC.50,통신서비스,.3196,.66,-.34,삼성KODEX MSCI KOREA증권상장지수투자신탁[주식]
KR7156080004,20260813,FGSC.55,유틸리티,.2693,.5,-.23,삼성KODEX MSCI KOREA증권상장지수투자신탁[주식]
KR7278540000,20260813,FGSC.10,에너지,.9862,2,-1.02,삼성KODEX MSCI KOREA Total Return 증권상장지수투자신탁[주식]
KR7278540000,20260813,FGSC.15,소재,1.2137,2.8,-1.59,삼성KODEX MSCI KOREA Total Return 증권상장지수투자신탁[주식]
KR7278540000,20260813,FGSC.20,산업재,8.957,13.59,-4.63,삼성KODEX MSCI KOREA Total Return 증권상장지수투자신탁[주식]
KR7278540000,20260813,FGSC.25,경기소비재,4.65,6.12,-1.47,삼성KODEX MSCI KOREA Total Return 증권상장지수투자신탁[주식]
KR7278540000,20260813,FGSC.30,필수소비재,1.0089,1.91,-.9,삼성KODEX MSCI KOREA Total Return 증권상장지수투자신탁[주식]
KR7278540000,20260813,FGSC.35,의료,2.2988,5.15,-2.86,삼성KODEX MSCI KOREA Total Return 증권상장지수투자신탁[주식]
KR7278540000,20260813,FGSC.40,금융,7.1633,7.56,-.4,삼성KODEX MSCI KOREA Total Return 증권상장지수투자신탁[주식]
KR7278540000,20260813,FGSC.45,IT,73.1341,59.71,13.42,삼성KODEX MSCI KOREA Total Return 증권상장지수투자신탁[주식]
KR7278540000,20260813,FGSC.50,통신서비스,.3196,.66,-.34,삼성KODEX MSCI KOREA Total Return 증권상장지수투자신탁[주식]
KR7278540000,20260813,FGSC.55,유틸리티,.2684,.5,-.23,삼성KODEX MSCI KOREA Total Return 증권상장지수투자신탁[주식]
KR7251350005,,FGSC.10,에너지,,,,
KR7251350005,,FGSC.15,소재,,,,
KR7251350005,,FGSC.20,산업재,,,,
KR7251350005,,FGSC.25,경기소비재,,,,
KR7251350005,,FGSC.30,필수소비재,,,,
KR7251350005,,FGSC.35,의료,,,,
KR7251350005,,FGSC.40,금융,,,,
KR7251350005,,FGSC.45,IT,,,,
KR7251350005,,FGSC.50,통신서비스,,,,
KR7251350005,,FGSC.55,유틸리티,,,,
KR7269420006,,FGSC.10,에너지,,,,
KR7269420006,,FGSC.15,소재,,,,
KR7269420006,,FGSC.20,산업재,,,,
KR7269420006,,FGSC.25,경기소비재,,,,
KR7269420006,,FGSC.30,필수소비재,,,,
KR7269420006,,FGSC.35,의료,,,,
KR7269420006,,FGSC.40,금융,,,,
KR7269420006,,FGSC.45,IT,,,,
KR7269420006,,FGSC.50,통신서비스,,,,
KR7269420006,,FGSC.55,유틸리티,,,,
KR7291890002,,FGSC.10,에너지,,,,
KR7291890002,,FGSC.15,소재,,,,
KR7291890002,,FGSC.20,산업재,,,,
KR7291890002,,FGSC.25,경기소비재,,,,
KR7291890002,,FGSC.30,필수소비재,,,,
KR7291890002,,FGSC.35,의료,,,,
KR7291890002,,FGSC.40,금융,,,,
KR7291890002,,FGSC.45,IT,,,,
KR7291890002,,FGSC.50,통신서비스,,,,
KR7291890002,,FGSC.55,유틸리티,,,,
KR70193T0008,,FGSC.10,에너지,,,,
KR70193T0008,,FGSC.15,소재,,,,
KR70193T0008,,FGSC.20,산업재,,,,
KR70193T0008,,FGSC.25,경기소비재,,,,
KR70193T0008,,FGSC.30,필수소비재,,,,
KR70193T0008,,FGSC.35,의료,,,,
KR70193T0008,,FGSC.40,금융,,,,
KR70193T0008,20260813,FGSC.45,IT,100,59.71,40.29,삼성KODEX SK하이닉스단일종목레버리지증권상장지수투자신탁[주식-파생형]
KR70193T0008,,FGSC.50,통신서비스,,,,
KR70193T0008,,FGSC.55,유틸리티,,,,
KR7329650006,,FGSC.10,에너지,,,,
KR7329650006,,FGSC.15,소재,,,,
KR7329650006,,FGSC.20,산업재,,,,
KR7329650006,,FGSC.25,경기소비재,,,,
KR7329650006,,FGSC.30,필수소비재,,,,
KR7329650006,,FGSC.35,의료,,,,
KR7329650006,,FGSC.40,금융,,,,
KR7329650006,,FGSC.45,IT,,,,
KR7329650006,,FGSC.50,통신서비스,,,,
KR7329650006,,FGSC.55,유틸리티,,,,
KR7329660005,,FGSC.10,에너지,,,,
KR7329660005,,FGSC.15,소재,,,,
KR7329660005,,FGSC.20,산업재,,,,
KR7329660005,,FGSC.25,경기소비재,,,,
KR7329660005,,FGSC.30,필수소비재,,,,
KR7329660005,,FGSC.35,의료,,,,
KR7329660005,,FGSC.40,금융,,,,
KR7329660005,,FGSC.45,IT,,,,
KR7329660005,,FGSC.50,통신서비스,,,,
KR7329660005,,FGSC.55,유틸리티,,,,
KR7329670004,,FGSC.10,에너지,,,,
KR7329670004,,FGSC.15,소재,,,,
KR7329670004,,FGSC.20,산업재,,,,
KR7329670004,,FGSC.25,경기소비재,,,,
KR7329670004,,FGSC.30,필수소비재,,,,
KR7329670004,,FGSC.35,의료,,,,
KR7329670004,,FGSC.40,금융,,,,
KR7329670004,,FGSC.45,IT,,,,
KR7329670004,,FGSC.50,통신서비스,,,,
KR7329670004,,FGSC.55,유틸리티,,,,
KR7395170004,,FGSC.10,에너지,,,,
KR7395170004,,FGSC.15,소재,,,,
KR7395170004,20260813,FGSC.20,산업재,20.245,13.59,6.66,삼성KODEX Top10동일가중증권상장지수투자신탁[주식]
KR7395170004,20260813,FGSC.25,경기소비재,19.1845,6.12,13.07,삼성KODEX Top10동일가중증권상장지수투자신탁[주식]
KR7395170004,,FGSC.30,필수소비재,,,,
KR7395170004,,FGSC.35,의료,,,,
KR7395170004,20260813,FGSC.40,금융,10.2367,7.56,2.68,삼성KODEX Top10동일가중증권상장지수투자신탁[주식]
KR7395170004,20260813,FGSC.45,IT,50.3339,59.71,-9.38,삼성KODEX Top10동일가중증권상장지수투자신탁[주식]
KR7395170004,,FGSC.50,통신서비스,,,,
KR7395170004,,FGSC.55,유틸리티,,,,
KR7315930008,,FGSC.10,에너지,,,,
KR7315930008,20260813,FGSC.15,소재,4.006,2.8,1.21,삼성KODEX Top5Plus Total Return증권상장지수투자신탁[주식]
KR7315930008,,FGSC.20,산업재,,,,
KR7315930008,20260813,FGSC.25,경기소비재,22.4173,6.12,16.3,삼성KODEX Top5Plus Total Return증권상장지수투자신탁[주식]
KR7315930008,,FGSC.30,필수소비재,,,,
KR7315930008,,FGSC.35,의료,,,,
KR7315930008,20260813,FGSC.40,금융,21.9004,7.56,14.34,삼성KODEX Top5Plus Total Return증권상장지수투자신탁[주식]
KR7315930008,20260813,FGSC.45,IT,51.6763,59.71,-8.03,삼성KODEX Top5Plus Total Return증권상장지수투자신탁[주식]
KR7315930008,,FGSC.50,통신서비스,,,,
KR7315930008,,FGSC.55,유틸리티,,,,
KR7271050007,,FGSC.10,에너지,,,,
KR7271050007,,FGSC.15,소재,,,,
KR7271050007,,FGSC.20,산업재,,,,
KR7271050007,,FGSC.25,경기소비재,,,,
KR7271050007,,FGSC.30,필수소비재,,,,
KR7271050007,,FGSC.35,의료,,,,
KR7271050007,,FGSC.40,금융,,,,
KR7271050007,,FGSC.45,IT,,,,
KR7271050007,,FGSC.50,통신서비스,,,,
KR7271050007,,FGSC.55,유틸리티,,,,
KR7261220008,,FGSC.10,에너지,,,,
KR7261220008,,FGSC.15,소재,,,,
KR7261220008,,FGSC.20,산업재,,,,
KR7261220008,,FGSC.25,경기소비재,,,,
KR7261220008,,FGSC.30,필수소비재,,,,
KR7261220008,,FGSC.35,의료,,,,
KR7261220008,,FGSC.40,금융,,,,
KR7261220008,,FGSC.45,IT,,,,
KR7261220008,,FGSC.50,통신서비스,,,,
KR7261220008,,FGSC.55,유틸리티,,,,
KR7468380001,,FGSC.10,에너지,,,,
KR7468380001,,FGSC.15,소재,,,,
KR7468380001,,FGSC.20,산업재,,,,
KR7468380001,,FGSC.25,경기소비재,,,,
KR7468380001,,FGSC.30,필수소비재,,,,
KR7468380001,,FGSC.35,의료,,,,
KR7468380001,,FGSC.40,금융,,,,
KR7468380001,,FGSC.45,IT,,,,
KR7468380001,,FGSC.50,통신서비스,,,,
KR7468380001,,FGSC.55,유틸리티,,,,
KR7275290005,20260813,FGSC.10,에너지,4.9708,2,2.97,삼성KODEX 가치주증권상장지수투자신탁[주식]
KR7275290005,20260813,FGSC.15,소재,1.947,2.8,-.85,삼성KODEX 가치주증권상장지수투자신탁[주식]
KR7275290005,20260813,FGSC.20,산업재,7.2057,13.59,-6.38,삼성KODEX 가치주증권상장지수투자신탁[주식]
KR7275290005,20260813,FGSC.25,경기소비재,8.507,6.12,2.39,삼성KODEX 가치주증권상장지수투자신탁[주식]
KR7275290005,20260813,FGSC.30,필수소비재,.6435,1.91,-1.26,삼성KODEX 가치주증권상장지수투자신탁[주식]
KR7275290005,20260813,FGSC.35,의료,4.5238,5.15,-.63,삼성KODEX 가치주증권상장지수투자신탁[주식]
KR7275290005,20260813,FGSC.40,금융,8.9105,7.56,1.35,삼성KODEX 가치주증권상장지수투자신탁[주식]
KR7275290005,20260813,FGSC.45,IT,60.4685,59.71,.76,삼성KODEX 가치주증권상장지수투자신탁[주식]
KR7275290005,20260813,FGSC.50,통신서비스,2.4012,.66,1.74,삼성KODEX 가치주증권상장지수투자신탁[주식]
KR7275290005,20260813,FGSC.55,유틸리티,.4221,.5,-.08,삼성KODEX 가치주증권상장지수투자신탁[주식]
KR7300950003,,FGSC.10,에너지,,,,
KR7300950003,,FGSC.15,소재,,,,
KR7300950003,,FGSC.20,산업재,,,,
KR7300950003,,FGSC.25,경기소비재,,,,
KR7300950003,,FGSC.30,필수소비재,,,,
KR7300950003,,FGSC.35,의료,,,,
KR7300950003,,FGSC.40,금융,,,,
KR7300950003,20260813,FGSC.45,IT,100.0003,59.71,40.29,삼성KODEX 게임산업증권상장지수투자신탁[주식]
KR7300950003,,FGSC.50,통신서비스,,,,
KR7300950003,,FGSC.55,유틸리티,,,,
KR7266390004,,FGSC.10,에너지,,,,
KR7266390004,,FGSC.15,소재,,,,
KR7266390004,20260813,FGSC.20,산업재,14.6473,13.59,1.06,삼성KODEX 경기소비재증권상장지수투자신탁[주식]
KR7266390004,20260813,FGSC.25,경기소비재,83.7207,6.12,77.61,삼성KODEX 경기소비재증권상장지수투자신탁[주식]
KR7266390004,,FGSC.30,필수소비재,,,,
KR7266390004,,FGSC.35,의료,,,,
KR7266390004,,FGSC.40,금융,,,,
KR7266390004,20260813,FGSC.45,IT,1.6318,59.71,-58.08,삼성KODEX 경기소비재증권상장지수투자신탁[주식]
KR7266390004,,FGSC.50,통신서비스,,,,
KR7266390004,,FGSC.55,유틸리티,,,,
KR7279530000,20260813,FGSC.10,에너지,5.4461,2,3.44,삼성KODEX고배당주증권상장지수투자신탁[주식]
KR7279530000,,FGSC.15,소재,,,,
KR7279530000,20260813,FGSC.20,산업재,12.6767,13.59,-.91,삼성KODEX고배당주증권상장지수투자신탁[주식]
KR7279530000,20260813,FGSC.25,경기소비재,21.4849,6.12,15.37,삼성KODEX고배당주증권상장지수투자신탁[주식]
KR7279530000,,FGSC.30,필수소비재,,,,
KR7279530000,,FGSC.35,의료,,,,
KR7279530000,20260813,FGSC.40,금융,53.8277,7.56,46.27,삼성KODEX고배당주증권상장지수투자신탁[주식]
KR7279530000,,FGSC.45,IT,,,,
KR7279530000,20260813,FGSC.50,통신서비스,6.5645,.66,5.9,삼성KODEX고배당주증권상장지수투자신탁[주식]
KR7279530000,,FGSC.55,유틸리티,,,,
KR7280940008,,FGSC.10,에너지,,,,
KR7280940008,,FGSC.15,소재,,,,
KR7280940008,,FGSC.20,산업재,,,,
KR7280940008,,FGSC.25,경기소비재,,,,
KR7280940008,,FGSC.30,필수소비재,,,,
KR7280940008,,FGSC.35,의료,,,,
KR7280940008,,FGSC.40,금융,,,,
KR7280940008,,FGSC.45,IT,,,,
KR7280940008,,FGSC.50,통신서비스,,,,
KR7280940008,,FGSC.55,유틸리티,,,,
KR7132030008,,FGSC.10,에너지,,,,
KR7132030008,,FGSC.15,소재,,,,
KR7132030008,,FGSC.20,산업재,,,,
KR7132030008,,FGSC.25,경기소비재,,,,
KR7132030008,,FGSC.30,필수소비재,,,,
KR7132030008,,FGSC.35,의료,,,,
KR7132030008,,FGSC.40,금융,,,,
KR7132030008,,FGSC.45,IT,,,,
KR7132030008,,FGSC.50,통신서비스,,,,
KR7132030008,,FGSC.55,유틸리티,,,,
KR7138910005,,FGSC.10,에너지,,,,
KR7138910005,,FGSC.15,소재,,,,
KR7138910005,,FGSC.20,산업재,,,,
KR7138910005,,FGSC.25,경기소비재,,,,
KR7138910005,,FGSC.30,필수소비재,,,,
KR7138910005,,FGSC.35,의료,,,,
KR7138910005,,FGSC.40,금융,,,,
KR7138910005,,FGSC.45,IT,,,,
KR7138910005,,FGSC.50,통신서비스,,,,
KR7138910005,,FGSC.55,유틸리티,,,,
KR7471230003,,FGSC.10,에너지,,,,
KR7471230003,,FGSC.15,소재,,,,
KR7471230003,,FGSC.20,산업재,,,,
KR7471230003,,FGSC.25,경기소비재,,,,
KR7471230003,,FGSC.30,필수소비재,,,,
KR7471230003,,FGSC.35,의료,,,,
KR7471230003,,FGSC.40,금융,,,,
KR7471230003,,FGSC.45,IT,,,,
KR7471230003,,FGSC.50,통신서비스,,,,
KR7471230003,,FGSC.55,유틸리티,,,,
KR7439870007,,FGSC.10,에너지,,,,
KR7439870007,,FGSC.15,소재,,,,
KR7439870007,,FGSC.20,산업재,,,,
KR7439870007,,FGSC.25,경기소비재,,,,
KR7439870007,,FGSC.30,필수소비재,,,,
KR7439870007,,FGSC.35,의료,,,,
KR7439870007,,FGSC.40,금융,,,,
KR7439870007,,FGSC.45,IT,,,,
KR7439870007,,FGSC.50,통신서비스,,,,
KR7439870007,,FGSC.55,유틸리티,,,,
KR7114260003,,FGSC.10,에너지,,,,
KR7114260003,,FGSC.15,소재,,,,
KR7114260003,,FGSC.20,산업재,,,,
KR7114260003,,FGSC.25,경기소비재,,,,
KR7114260003,,FGSC.30,필수소비재,,,,
KR7114260003,,FGSC.35,의료,,,,
KR7114260003,,FGSC.40,금융,,,,
KR7114260003,,FGSC.45,IT,,,,
KR7114260003,,FGSC.50,통신서비스,,,,
KR7114260003,,FGSC.55,유틸리티,,,,
KR7292770005,,FGSC.10,에너지,,,,
KR7292770005,,FGSC.15,소재,,,,
KR7292770005,,FGSC.20,산업재,,,,
KR7292770005,,FGSC.25,경기소비재,,,,
KR7292770005,,FGSC.30,필수소비재,,,,
KR7292770005,,FGSC.35,의료,,,,
KR7292770005,,FGSC.40,금융,,,,
KR7292770005,,FGSC.45,IT,,,,
KR7292770005,,FGSC.50,통신서비스,,,,
KR7292770005,,FGSC.55,유틸리티,,,,
KR7276990009,,FGSC.10,에너지,,,,
KR7276990009,,FGSC.15,소재,,,,
KR7276990009,,FGSC.20,산업재,,,,
KR7276990009,,FGSC.25,경기소비재,,,,
KR7276990009,,FGSC.30,필수소비재,,,,
KR7276990009,,FGSC.35,의료,,,,
KR7276990009,,FGSC.40,금융,,,,
KR7276990009,,FGSC.45,IT,,,,
KR7276990009,,FGSC.50,통신서비스,,,,
KR7276990009,,FGSC.55,유틸리티,,,,
KR7476070008,,FGSC.10,에너지,,,,
KR7476070008,,FGSC.15,소재,,,,
KR7476070008,,FGSC.20,산업재,,,,
KR7476070008,,FGSC.25,경기소비재,,,,
KR7476070008,,FGSC.30,필수소비재,,,,
KR7476070008,,FGSC.35,의료,,,,
KR7476070008,,FGSC.40,금융,,,,
KR7476070008,,FGSC.45,IT,,,,
KR7476070008,,FGSC.50,통신서비스,,,,
KR7476070008,,FGSC.55,유틸리티,,,,
KR70064K0003,,FGSC.10,에너지,,,,
KR70064K0003,,FGSC.15,소재,,,,
KR70064K0003,,FGSC.20,산업재,,,,
KR70064K0003,,FGSC.25,경기소비재,,,,
KR70064K0003,,FGSC.30,필수소비재,,,,
KR70064K0003,,FGSC.35,의료,,,,
KR70064K0003,,FGSC.40,금융,,,,
KR70064K0003,,FGSC.45,IT,,,,
KR70064K0003,,FGSC.50,통신서비스,,,,
KR70064K0003,,FGSC.55,유틸리티,,,,
KR70089D0003,,FGSC.10,에너지,,,,
KR70089D0003,,FGSC.15,소재,,,,
KR70089D0003,,FGSC.20,산업재,,,,
KR70089D0003,,FGSC.25,경기소비재,,,,
KR70089D0003,,FGSC.30,필수소비재,,,,
KR70089D0003,,FGSC.35,의료,,,,
KR70089D0003,20260813,FGSC.40,금융,100.0001,7.56,92.44,삼성KODEX 금융고배당TOP10증권상장지수투자신탁[주식]
KR70089D0003,,FGSC.45,IT,,,,
KR70089D0003,,FGSC.50,통신서비스,,,,
KR70089D0003,,FGSC.55,유틸리티,,,,
KR7498410000,,FGSC.10,에너지,,,,
KR7498410000,,FGSC.15,소재,,,,
KR7498410000,,FGSC.20,산업재,,,,
KR7498410000,,FGSC.25,경기소비재,,,,
KR7498410000,,FGSC.30,필수소비재,,,,
KR7498410000,,FGSC.35,의료,,,,
KR7498410000,20260813,FGSC.40,금융,92.5286,7.56,84.97,삼성KODEX 금융고배당TOP10타겟위클리커버드콜증권상장지수투자신탁[주식-파생형]
KR7498410000,,FGSC.45,IT,,,,
KR7498410000,,FGSC.50,통신서비스,,,,
KR7498410000,,FGSC.55,유틸리티,,,,
KR70162M0002,,FGSC.10,에너지,,,,
KR70162M0002,,FGSC.15,소재,,,,
KR70162M0002,,FGSC.20,산업재,,,,
KR70162M0002,,FGSC.25,경기소비재,,,,
KR70162M0002,,FGSC.30,필수소비재,,,,
KR70162M0002,,FGSC.35,의료,,,,
KR70162M0002,,FGSC.40,금융,,,,
KR70162M0002,,FGSC.45,IT,,,,
KR70162M0002,,FGSC.50,통신서비스,,,,
KR70162M0002,,FGSC.55,유틸리티,,,,
KR7102960002,20260813,FGSC.10,에너지,1.7788,2,-.22,삼성KODEX기계장비증권상장지수투자신탁[주식]
KR7102960002,20260813,FGSC.15,소재,2.3776,2.8,-.42,삼성KODEX기계장비증권상장지수투자신탁[주식]
KR7102960002,20260813,FGSC.20,산업재,79.7582,13.59,66.17,삼성KODEX기계장비증권상장지수투자신탁[주식]
KR7102960002,20260813,FGSC.25,경기소비재,.2496,6.12,-5.87,삼성KODEX기계장비증권상장지수투자신탁[주식]
KR7102960002,,FGSC.30,필수소비재,,,,
KR7102960002,,FGSC.35,의료,,,,
KR7102960002,,FGSC.40,금융,,,,
KR7102960002,20260813,FGSC.45,IT,15.8358,59.71,-43.87,삼성KODEX기계장비증권상장지수투자신탁[주식]
KR7102960002,,FGSC.50,통신서비스,,,,
KR7102960002,,FGSC.55,유틸리티,,,,
KR7404260002,20260813,FGSC.10,에너지,32.9111,2,30.91,삼성KODEX 기후변화솔루션증권상장지수투자신탁[주식]
KR7404260002,20260813,FGSC.15,소재,5.6824,2.8,2.88,삼성KODEX 기후변화솔루션증권상장지수투자신탁[주식]
KR7404260002,20260813,FGSC.20,산업재,7.761,13.59,-5.83,삼성KODEX 기후변화솔루션증권상장지수투자신탁[주식]
KR7404260002,20260813,FGSC.25,경기소비재,16.3177,6.12,10.2,삼성KODEX 기후변화솔루션증권상장지수투자신탁[주식]
KR7404260002,,FGSC.30,필수소비재,,,,
KR7404260002,,FGSC.35,의료,,,,
KR7404260002,,FGSC.40,금융,,,,
KR7404260002,20260813,FGSC.45,IT,37.328,59.71,-22.38,삼성KODEX 기후변화솔루션증권상장지수투자신탁[주식]
KR7404260002,,FGSC.50,통신서비스,,,,
KR7404260002,,FGSC.55,유틸리티,,,,
KR7273140004,,FGSC.10,에너지,,,,
KR7273140004,,FGSC.15,소재,,,,
KR7273140004,,FGSC.20,산업재,,,,
KR7273140004,,FGSC.25,경기소비재,,,,
KR7273140004,,FGSC.30,필수소비재,,,,
KR7273140004,,FGSC.35,의료,,,,
KR7273140004,,FGSC.40,금융,,,,
KR7273140004,,FGSC.45,IT,,,,
KR7273140004,,FGSC.50,통신서비스,,,,
KR7273140004,,FGSC.55,유틸리티,,,,
KR7487950008,,FGSC.10,에너지,,,,
KR7487950008,,FGSC.15,소재,,,,
KR7487950008,,FGSC.20,산업재,,,,
KR7487950008,,FGSC.25,경기소비재,,,,
KR7487950008,,FGSC.30,필수소비재,,,,
KR7487950008,,FGSC.35,의료,,,,
KR7487950008,,FGSC.40,금융,,,,
KR7487950008,,FGSC.45,IT,,,,
KR7487950008,,FGSC.50,통신서비스,,,,
KR7487950008,,FGSC.55,유틸리티,,,,
KR7445290000,,FGSC.10,에너지,,,,
KR7445290000,,FGSC.15,소재,,,,
KR7445290000,20260813,FGSC.20,산업재,39.5855,13.59,26,삼성KODEX 로봇액티브증권상장지수투자신탁[주식]
KR7445290000,20260813,FGSC.25,경기소비재,22.0488,6.12,15.93,삼성KODEX 로봇액티브증권상장지수투자신탁[주식]
KR7445290000,,FGSC.30,필수소비재,,,,
KR7445290000,20260813,FGSC.35,의료,2.3912,5.15,-2.76,삼성KODEX 로봇액티브증권상장지수투자신탁[주식]
KR7445290000,,FGSC.40,금융,,,,
KR7445290000,20260813,FGSC.45,IT,34.1354,59.71,-25.58,삼성KODEX 로봇액티브증권상장지수투자신탁[주식]
KR7445290000,20260813,FGSC.50,통신서비스,1.8389,.66,1.18,삼성KODEX 로봇액티브증권상장지수투자신탁[주식]
KR7445290000,,FGSC.55,유틸리티,,,,
KR7488770009,,FGSC.10,에너지,,,,
KR7488770009,,FGSC.15,소재,,,,
KR7488770009,,FGSC.20,산업재,,,,
KR7488770009,,FGSC.25,경기소비재,,,,
KR7488770009,,FGSC.30,필수소비재,,,,
KR7488770009,,FGSC.35,의료,,,,
KR7488770009,,FGSC.40,금융,,,,
KR7488770009,,FGSC.45,IT,,,,
KR7488770009,,FGSC.50,통신서비스,,,,
KR7488770009,,FGSC.55,유틸리티,,,,
KR7337120000,20260813,FGSC.10,에너지,1.6198,2,-.38,삼성KODEX 멀티팩터증권상장지수투자신탁[주식]
KR7337120000,20260813,FGSC.15,소재,2.3736,2.8,-.43,삼성KODEX 멀티팩터증권상장지수투자신탁[주식]
KR7337120000,20260813,FGSC.20,산업재,13.569,13.59,-.02,삼성KODEX 멀티팩터증권상장지수투자신탁[주식]
KR7337120000,20260813,FGSC.25,경기소비재,8.4783,6.12,2.36,삼성KODEX 멀티팩터증권상장지수투자신탁[주식]
KR7337120000,20260813,FGSC.30,필수소비재,2.1845,1.91,.28,삼성KODEX 멀티팩터증권상장지수투자신탁[주식]
KR7337120000,20260813,FGSC.35,의료,2.3443,5.15,-2.81,삼성KODEX 멀티팩터증권상장지수투자신탁[주식]
KR7337120000,20260813,FGSC.40,금융,7.4996,7.56,-.06,삼성KODEX 멀티팩터증권상장지수투자신탁[주식]
KR7337120000,20260813,FGSC.45,IT,60.8156,59.71,1.11,삼성KODEX 멀티팩터증권상장지수투자신탁[주식]
KR7337120000,20260813,FGSC.50,통신서비스,.5445,.66,-.12,삼성KODEX 멀티팩터증권상장지수투자신탁[주식]
KR7337120000,20260813,FGSC.55,유틸리티,.5708,.5,.07,삼성KODEX 멀티팩터증권상장지수투자신탁[주식]
KR7401470000,,FGSC.10,에너지,,,,
KR7401470000,,FGSC.15,소재,,,,
KR7401470000,,FGSC.20,산업재,,,,
KR7401470000,20260813,FGSC.25,경기소비재,29.6724,6.12,23.56,삼성KODEX 메타버스액티브증권상장지수투자신탁[주식]
KR7401470000,,FGSC.30,필수소비재,,,,
KR7401470000,,FGSC.35,의료,,,,
KR7401470000,,FGSC.40,금융,,,,
KR7401470000,20260813,FGSC.45,IT,65.4774,59.71,5.77,삼성KODEX 메타버스액티브증권상장지수투자신탁[주식]
KR7401470000,20260813,FGSC.50,통신서비스,4.85,.66,4.19,삼성KODEX 메타버스액티브증권상장지수투자신탁[주식]
KR7401470000,,FGSC.55,유틸리티,,,,
KR7244620001,20260813,FGSC.10,에너지,1.799,2,-.2,삼성KODEX모멘텀PLUS증권상장지수투자신탁[주식]
KR7244620001,20260813,FGSC.15,소재,1.9984,2.8,-.8,삼성KODEX모멘텀PLUS증권상장지수투자신탁[주식]
KR7244620001,20260813,FGSC.20,산업재,19.1256,13.59,5.54,삼성KODEX모멘텀PLUS증권상장지수투자신탁[주식]
KR7244620001,20260813,FGSC.25,경기소비재,13.2111,6.12,7.1,삼성KODEX모멘텀PLUS증권상장지수투자신탁[주식]
KR7244620001,20260813,FGSC.30,필수소비재,10.2543,1.91,8.35,삼성KODEX모멘텀PLUS증권상장지수투자신탁[주식]
KR7244620001,20260813,FGSC.35,의료,1.4045,5.15,-3.75,삼성KODEX모멘텀PLUS증권상장지수투자신탁[주식]
KR7244620001,,FGSC.40,금융,,,,
KR7244620001,20260813,FGSC.45,IT,52.2076,59.71,-7.5,삼성KODEX모멘텀PLUS증권상장지수투자신탁[주식]
KR7244620001,,FGSC.50,통신서비스,,,,
KR7244620001,,FGSC.55,유틸리티,,,,
KR7275280006,20260813,FGSC.10,에너지,1.495,2,-.51,삼성KODEX 모멘텀주증권상장지수투자신탁[주식]
KR7275280006,20260813,FGSC.15,소재,.727,2.8,-2.07,삼성KODEX 모멘텀주증권상장지수투자신탁[주식]
KR7275280006,20260813,FGSC.20,산업재,13.9437,13.59,.35,삼성KODEX 모멘텀주증권상장지수투자신탁[주식]
KR7275280006,20260813,FGSC.25,경기소비재,5.661,6.12,-.45,삼성KODEX 모멘텀주증권상장지수투자신탁[주식]
KR7275280006,20260813,FGSC.30,필수소비재,1.4372,1.91,-.47,삼성KODEX 모멘텀주증권상장지수투자신탁[주식]
KR7275280006,20260813,FGSC.35,의료,1.3754,5.15,-3.78,삼성KODEX 모멘텀주증권상장지수투자신탁[주식]
KR7275280006,20260813,FGSC.40,금융,8.0385,7.56,.48,삼성KODEX 모멘텀주증권상장지수투자신탁[주식]
KR7275280006,20260813,FGSC.45,IT,66.6584,59.71,6.95,삼성KODEX 모멘텀주증권상장지수투자신탁[주식]
KR7275280006,20260813,FGSC.50,통신서비스,.3854,.66,-.28,삼성KODEX 모멘텀주증권상장지수투자신탁[주식]
KR7275280006,20260813,FGSC.55,유틸리티,.2791,.5,-.22,삼성KODEX 모멘텀주증권상장지수투자신탁[주식]
KR7308620004,,FGSC.10,에너지,,,,
KR7308620004,,FGSC.15,소재,,,,
KR7308620004,,FGSC.20,산업재,,,,
KR7308620004,,FGSC.25,경기소비재,,,,
KR7308620004,,FGSC.30,필수소비재,,,,
KR7308620004,,FGSC.35,의료,,,,
KR7308620004,,FGSC.40,금융,,,,
KR7308620004,,FGSC.45,IT,,,,
KR7308620004,,FGSC.50,통신서비스,,,,
KR7308620004,,FGSC.55,유틸리티,,,,
KR70091C0000,,FGSC.10,에너지,,,,
KR70091C0000,,FGSC.15,소재,,,,
KR70091C0000,,FGSC.20,산업재,,,,
KR70091C0000,,FGSC.25,경기소비재,,,,
KR70091C0000,,FGSC.30,필수소비재,,,,
KR70091C0000,,FGSC.35,의료,,,,
KR70091C0000,,FGSC.40,금융,,,,
KR70091C0000,,FGSC.45,IT,,,,
KR70091C0000,,FGSC.50,통신서비스,,,,
KR70091C0000,,FGSC.55,유틸리티,,,,
KR7484790001,,FGSC.10,에너지,,,,
KR7484790001,,FGSC.15,소재,,,,
KR7484790001,,FGSC.20,산업재,,,,
KR7484790001,,FGSC.25,경기소비재,,,,
KR7484790001,,FGSC.30,필수소비재,,,,
KR7484790001,,FGSC.35,의료,,,,
KR7484790001,,FGSC.40,금융,,,,
KR7484790001,,FGSC.45,IT,,,,
KR7484790001,,FGSC.50,통신서비스,,,,
KR7484790001,,FGSC.55,유틸리티,,,,
KR7304670003,,FGSC.10,에너지,,,,
KR7304670003,,FGSC.15,소재,,,,
KR7304670003,,FGSC.20,산업재,,,,
KR7304670003,,FGSC.25,경기소비재,,,,
KR7304670003,,FGSC.30,필수소비재,,,,
KR7304670003,,FGSC.35,의료,,,,
KR7304670003,,FGSC.40,금융,,,,
KR7304670003,,FGSC.45,IT,,,,
KR7304670003,,FGSC.50,통신서비스,,,,
KR7304670003,,FGSC.55,유틸리티,,,,
KR7304660004,,FGSC.10,에너지,,,,
KR7304660004,,FGSC.15,소재,,,,
KR7304660004,,FGSC.20,산업재,,,,
KR7304660004,,FGSC.25,경기소비재,,,,
KR7304660004,,FGSC.30,필수소비재,,,,
KR7304660004,,FGSC.35,의료,,,,
KR7304660004,,FGSC.40,금융,,,,
KR7304660004,,FGSC.45,IT,,,,
KR7304660004,,FGSC.50,통신서비스,,,,
KR7304660004,,FGSC.55,유틸리티,,,,
KR7481060002,,FGSC.10,에너지,,,,
KR7481060002,,FGSC.15,소재,,,,
KR7481060002,,FGSC.20,산업재,,,,
KR7481060002,,FGSC.25,경기소비재,,,,
KR7481060002,,FGSC.30,필수소비재,,,,
KR7481060002,,FGSC.35,의료,,,,
KR7481060002,,FGSC.40,금융,,,,
KR7481060002,,FGSC.45,IT,,,,
KR7481060002,,FGSC.50,통신서비스,,,,
KR7481060002,,FGSC.55,유틸리티,,,,
KR70173Y0005,,FGSC.10,에너지,,,,
KR70173Y0005,,FGSC.15,소재,,,,
KR70173Y0005,,FGSC.20,산업재,,,,
KR70173Y0005,,FGSC.25,경기소비재,,,,
KR70173Y0005,,FGSC.30,필수소비재,,,,
KR70173Y0005,,FGSC.35,의료,,,,
KR70173Y0005,,FGSC.40,금융,,,,
KR70173Y0005,,FGSC.45,IT,,,,
KR70173Y0005,,FGSC.50,통신서비스,,,,
KR70173Y0005,,FGSC.55,유틸리티,,,,
KR70151S0009,,FGSC.10,에너지,,,,
KR70151S0009,,FGSC.15,소재,,,,
KR70151S0009,,FGSC.20,산업재,,,,
KR70151S0009,,FGSC.25,경기소비재,,,,
KR70151S0009,,FGSC.30,필수소비재,,,,
KR70151S0009,,FGSC.35,의료,,,,
KR70151S0009,,FGSC.40,금융,,,,
KR70151S0009,,FGSC.45,IT,,,,
KR70151S0009,,FGSC.50,통신서비스,,,,
KR70151S0009,,FGSC.55,유틸리티,,,,
KR70041D0000,,FGSC.10,에너지,,,,
KR70041D0000,,FGSC.15,소재,,,,
KR70041D0000,,FGSC.20,산업재,,,,
KR70041D0000,,FGSC.25,경기소비재,,,,
KR70041D0000,,FGSC.30,필수소비재,,,,
KR70041D0000,,FGSC.35,의료,,,,
KR70041D0000,,FGSC.40,금융,,,,
KR70041D0000,,FGSC.45,IT,,,,
KR70041D0000,,FGSC.50,통신서비스,,,,
KR70041D0000,,FGSC.55,유틸리티,,,,
KR7487230005,,FGSC.10,에너지,,,,
KR7487230005,,FGSC.15,소재,,,,
KR7487230005,,FGSC.20,산업재,,,,
KR7487230005,,FGSC.25,경기소비재,,,,
KR7487230005,,FGSC.30,필수소비재,,,,
KR7487230005,,FGSC.35,의료,,,,
KR7487230005,,FGSC.40,금융,,,,
KR7487230005,,FGSC.45,IT,,,,
KR7487230005,,FGSC.50,통신서비스,,,,
KR7487230005,,FGSC.55,유틸리티,,,,
KR7485540009,,FGSC.10,에너지,,,,
KR7485540009,,FGSC.15,소재,,,,
KR7485540009,,FGSC.20,산업재,,,,
KR7485540009,,FGSC.25,경기소비재,,,,
KR7485540009,,FGSC.30,필수소비재,,,,
KR7485540009,,FGSC.35,의료,,,,
KR7485540009,,FGSC.40,금융,,,,
KR7485540009,,FGSC.45,IT,,,,
KR7485540009,,FGSC.50,통신서비스,,,,
KR7485540009,,FGSC.55,유틸리티,,,,
KR7483280004,,FGSC.10,에너지,,,,
KR7483280004,,FGSC.15,소재,,,,
KR7483280004,,FGSC.20,산업재,,,,
KR7483280004,,FGSC.25,경기소비재,,,,
KR7483280004,,FGSC.30,필수소비재,,,,
KR7483280004,,FGSC.35,의료,,,,
KR7483280004,,FGSC.40,금융,,,,
KR7483280004,,FGSC.45,IT,,,,
KR7483280004,,FGSC.50,통신서비스,,,,
KR7483280004,,FGSC.55,유틸리티,,,,
KR70225V0006,,FGSC.10,에너지,,,,
KR70225V0006,,FGSC.15,소재,,,,
KR70225V0006,,FGSC.20,산업재,,,,
KR70225V0006,,FGSC.25,경기소비재,,,,
KR70225V0006,,FGSC.30,필수소비재,,,,
KR70225V0006,,FGSC.35,의료,,,,
KR70225V0006,,FGSC.40,금융,,,,
KR70225V0006,,FGSC.45,IT,,,,
KR70225V0006,,FGSC.50,통신서비스,,,,
KR70225V0006,,FGSC.55,유틸리티,,,,
KR7428560007,,FGSC.10,에너지,,,,
KR7428560007,,FGSC.15,소재,,,,
KR7428560007,,FGSC.20,산업재,,,,
KR7428560007,,FGSC.25,경기소비재,,,,
KR7428560007,,FGSC.30,필수소비재,,,,
KR7428560007,,FGSC.35,의료,,,,
KR7428560007,,FGSC.40,금융,,,,
KR7428560007,,FGSC.45,IT,,,,
KR7428560007,,FGSC.50,통신서비스,,,,
KR7428560007,,FGSC.55,유틸리티,,,,
KR7379800006,,FGSC.10,에너지,,,,
KR7379800006,,FGSC.15,소재,,,,
KR7379800006,,FGSC.20,산업재,,,,
KR7379800006,,FGSC.25,경기소비재,,,,
KR7379800006,,FGSC.30,필수소비재,,,,
KR7379800006,,FGSC.35,의료,,,,
KR7379800006,,FGSC.40,금융,,,,
KR7379800006,,FGSC.45,IT,,,,
KR7379800006,,FGSC.50,통신서비스,,,,
KR7379800006,,FGSC.55,유틸리티,,,,
KR7453660003,,FGSC.10,에너지,,,,
KR7453660003,,FGSC.15,소재,,,,
KR7453660003,,FGSC.20,산업재,,,,
KR7453660003,,FGSC.25,경기소비재,,,,
KR7453660003,,FGSC.30,필수소비재,,,,
KR7453660003,,FGSC.35,의료,,,,
KR7453660003,,FGSC.40,금융,,,,
KR7453660003,,FGSC.45,IT,,,,
KR7453660003,,FGSC.50,통신서비스,,,,
KR7453660003,,FGSC.55,유틸리티,,,,
KR7453650004,,FGSC.10,에너지,,,,
KR7453650004,,FGSC.15,소재,,,,
KR7453650004,,FGSC.20,산업재,,,,
KR7453650004,,FGSC.25,경기소비재,,,,
KR7453650004,,FGSC.30,필수소비재,,,,
KR7453650004,,FGSC.35,의료,,,,
KR7453650004,,FGSC.40,금융,,,,
KR7453650004,,FGSC.45,IT,,,,
KR7453650004,,FGSC.50,통신서비스,,,,
KR7453650004,,FGSC.55,유틸리티,,,,
KR70005A0007,,FGSC.10,에너지,,,,
KR70005A0007,,FGSC.15,소재,,,,
KR70005A0007,,FGSC.20,산업재,,,,
KR70005A0007,,FGSC.25,경기소비재,,,,
KR70005A0007,,FGSC.30,필수소비재,,,,
KR70005A0007,,FGSC.35,의료,,,,
KR70005A0007,,FGSC.40,금융,,,,
KR70005A0007,,FGSC.45,IT,,,,
KR70005A0007,,FGSC.50,통신서비스,,,,
KR70005A0007,,FGSC.55,유틸리티,,,,
KR7276970001,,FGSC.10,에너지,,,,
KR7276970001,,FGSC.15,소재,,,,
KR7276970001,,FGSC.20,산업재,,,,
KR7276970001,,FGSC.25,경기소비재,,,,
KR7276970001,,FGSC.30,필수소비재,,,,
KR7276970001,,FGSC.35,의료,,,,
KR7276970001,,FGSC.40,금융,,,,
KR7276970001,,FGSC.45,IT,,,,
KR7276970001,,FGSC.50,통신서비스,,,,
KR7276970001,,FGSC.55,유틸리티,,,,
KR70026E0008,,FGSC.10,에너지,,,,
KR70026E0008,,FGSC.15,소재,,,,
KR70026E0008,,FGSC.20,산업재,,,,
KR70026E0008,,FGSC.25,경기소비재,,,,
KR70026E0008,,FGSC.30,필수소비재,,,,
KR70026E0008,,FGSC.35,의료,,,,
KR70026E0008,,FGSC.40,금융,,,,
KR70026E0008,,FGSC.45,IT,,,,
KR70026E0008,,FGSC.50,통신서비스,,,,
KR70026E0008,,FGSC.55,유틸리티,,,,
KR70068M0007,,FGSC.10,에너지,,,,
KR70068M0007,,FGSC.15,소재,,,,
KR70068M0007,,FGSC.20,산업재,,,,
KR70068M0007,,FGSC.25,경기소비재,,,,
KR70068M0007,,FGSC.30,필수소비재,,,,
KR70068M0007,,FGSC.35,의료,,,,
KR70068M0007,,FGSC.40,금융,,,,
KR70068M0007,,FGSC.45,IT,,,,
KR70068M0007,,FGSC.50,통신서비스,,,,
KR70068M0007,,FGSC.55,유틸리티,,,,
KR70089C0004,,FGSC.10,에너지,,,,
KR70089C0004,,FGSC.15,소재,,,,
KR70089C0004,,FGSC.20,산업재,,,,
KR70089C0004,,FGSC.25,경기소비재,,,,
KR70089C0004,,FGSC.30,필수소비재,,,,
KR70089C0004,,FGSC.35,의료,,,,
KR70089C0004,,FGSC.40,금융,,,,
KR70089C0004,,FGSC.45,IT,,,,
KR70089C0004,,FGSC.50,통신서비스,,,,
KR70089C0004,,FGSC.55,유틸리티,,,,
KR7200030005,,FGSC.10,에너지,,,,
KR7200030005,,FGSC.15,소재,,,,
KR7200030005,,FGSC.20,산업재,,,,
KR7200030005,,FGSC.25,경기소비재,,,,
KR7200030005,,FGSC.30,필수소비재,,,,
KR7200030005,,FGSC.35,의료,,,,
KR7200030005,,FGSC.40,금융,,,,
KR7200030005,,FGSC.45,IT,,,,
KR7200030005,,FGSC.50,통신서비스,,,,
KR7200030005,,FGSC.55,유틸리티,,,,
KR70041E0009,,FGSC.10,에너지,,,,
KR70041E0009,,FGSC.15,소재,,,,
KR70041E0009,,FGSC.20,산업재,,,,
KR70041E0009,,FGSC.25,경기소비재,,,,
KR70041E0009,,FGSC.30,필수소비재,,,,
KR70041E0009,,FGSC.35,의료,,,,
KR70041E0009,,FGSC.40,금융,,,,
KR70041E0009,,FGSC.45,IT,,,,
KR70041E0009,,FGSC.50,통신서비스,,,,
KR70041E0009,,FGSC.55,유틸리티,,,,
KR7218420008,,FGSC.10,에너지,,,,
KR7218420008,,FGSC.15,소재,,,,
KR7218420008,,FGSC.20,산업재,,,,
KR7218420008,,FGSC.25,경기소비재,,,,
KR7218420008,,FGSC.30,필수소비재,,,,
KR7218420008,,FGSC.35,의료,,,,
KR7218420008,,FGSC.40,금융,,,,
KR7218420008,,FGSC.45,IT,,,,
KR7218420008,,FGSC.50,통신서비스,,,,
KR7218420008,,FGSC.55,유틸리티,,,,
KR7463640003,,FGSC.10,에너지,,,,
KR7463640003,,FGSC.15,소재,,,,
KR7463640003,,FGSC.20,산업재,,,,
KR7463640003,,FGSC.25,경기소비재,,,,
KR7463640003,,FGSC.30,필수소비재,,,,
KR7463640003,,FGSC.35,의료,,,,
KR7463640003,,FGSC.40,금융,,,,
KR7463640003,,FGSC.45,IT,,,,
KR7463640003,,FGSC.50,통신서비스,,,,
KR7463640003,,FGSC.55,유틸리티,,,,
KR7449180009,,FGSC.10,에너지,,,,
KR7449180009,,FGSC.15,소재,,,,
KR7449180009,,FGSC.20,산업재,,,,
KR7449180009,,FGSC.25,경기소비재,,,,
KR7449180009,,FGSC.30,필수소비재,,,,
KR7449180009,,FGSC.35,의료,,,,
KR7449180009,,FGSC.40,금융,,,,
KR7449180009,,FGSC.45,IT,,,,
KR7449180009,,FGSC.50,통신서비스,,,,
KR7449180009,,FGSC.55,유틸리티,,,,
KR7463690008,,FGSC.10,에너지,,,,
KR7463690008,,FGSC.15,소재,,,,
KR7463690008,,FGSC.20,산업재,,,,
KR7463690008,,FGSC.25,경기소비재,,,,
KR7463690008,,FGSC.30,필수소비재,,,,
KR7463690008,,FGSC.35,의료,,,,
KR7463690008,,FGSC.40,금융,,,,
KR7463690008,,FGSC.45,IT,,,,
KR7463690008,,FGSC.50,통신서비스,,,,
KR7463690008,,FGSC.55,유틸리티,,,,
KR7463680009,,FGSC.10,에너지,,,,
KR7463680009,,FGSC.15,소재,,,,
KR7463680009,,FGSC.20,산업재,,,,
KR7463680009,,FGSC.25,경기소비재,,,,
KR7463680009,,FGSC.30,필수소비재,,,,
KR7463680009,,FGSC.35,의료,,,,
KR7463680009,,FGSC.40,금융,,,,
KR7463680009,,FGSC.45,IT,,,,
KR7463680009,,FGSC.50,통신서비스,,,,
KR7463680009,,FGSC.55,유틸리티,,,,
KR7453630006,,FGSC.10,에너지,,,,
KR7453630006,,FGSC.15,소재,,,,
KR7453630006,,FGSC.20,산업재,,,,
KR7453630006,,FGSC.25,경기소비재,,,,
KR7453630006,,FGSC.30,필수소비재,,,,
KR7453630006,,FGSC.35,의료,,,,
KR7453630006,,FGSC.40,금융,,,,
KR7453630006,,FGSC.45,IT,,,,
KR7453630006,,FGSC.50,통신서비스,,,,
KR7453630006,,FGSC.55,유틸리티,,,,
KR7453640005,,FGSC.10,에너지,,,,
KR7453640005,,FGSC.15,소재,,,,
KR7453640005,,FGSC.20,산업재,,,,
KR7453640005,,FGSC.25,경기소비재,,,,
KR7453640005,,FGSC.30,필수소비재,,,,
KR7453640005,,FGSC.35,의료,,,,
KR7453640005,,FGSC.40,금융,,,,
KR7453640005,,FGSC.45,IT,,,,
KR7453640005,,FGSC.50,통신서비스,,,,
KR7453640005,,FGSC.55,유틸리티,,,,
KR70028X0003,,FGSC.10,에너지,,,,
KR70028X0003,,FGSC.15,소재,,,,
KR70028X0003,,FGSC.20,산업재,,,,
KR70028X0003,,FGSC.25,경기소비재,,,,
KR70028X0003,,FGSC.30,필수소비재,,,,
KR70028X0003,,FGSC.35,의료,,,,
KR70028X0003,,FGSC.40,금융,,,,
KR70028X0003,,FGSC.45,IT,,,,
KR70028X0003,,FGSC.50,통신서비스,,,,
KR70028X0003,,FGSC.55,유틸리티,,,,
KR7379810005,,FGSC.10,에너지,,,,
KR7379810005,,FGSC.15,소재,,,,
KR7379810005,,FGSC.20,산업재,,,,
KR7379810005,,FGSC.25,경기소비재,,,,
KR7379810005,,FGSC.30,필수소비재,,,,
KR7379810005,,FGSC.35,의료,,,,
KR7379810005,,FGSC.40,금융,,,,
KR7379810005,,FGSC.45,IT,,,,
KR7379810005,,FGSC.50,통신서비스,,,,
KR7379810005,,FGSC.55,유틸리티,,,,
KR7494300007,,FGSC.10,에너지,,,,
KR7494300007,,FGSC.15,소재,,,,
KR7494300007,,FGSC.20,산업재,,,,
KR7494300007,,FGSC.25,경기소비재,,,,
KR7494300007,,FGSC.30,필수소비재,,,,
KR7494300007,,FGSC.35,의료,,,,
KR7494300007,,FGSC.40,금융,,,,
KR7494300007,,FGSC.45,IT,,,,
KR7494300007,,FGSC.50,통신서비스,,,,
KR7494300007,,FGSC.55,유틸리티,,,,
KR7409820008,,FGSC.10,에너지,,,,
KR7409820008,,FGSC.15,소재,,,,
KR7409820008,,FGSC.20,산업재,,,,
KR7409820008,,FGSC.25,경기소비재,,,,
KR7409820008,,FGSC.30,필수소비재,,,,
KR7409820008,,FGSC.35,의료,,,,
KR7409820008,,FGSC.40,금융,,,,
KR7409820008,,FGSC.45,IT,,,,
KR7409820008,,FGSC.50,통신서비스,,,,
KR7409820008,,FGSC.55,유틸리티,,,,
KR7409810009,,FGSC.10,에너지,,,,
KR7409810009,,FGSC.15,소재,,,,
KR7409810009,,FGSC.20,산업재,,,,
KR7409810009,,FGSC.25,경기소비재,,,,
KR7409810009,,FGSC.30,필수소비재,,,,
KR7409810009,,FGSC.35,의료,,,,
KR7409810009,,FGSC.40,금융,,,,
KR7409810009,,FGSC.45,IT,,,,
KR7409810009,,FGSC.50,통신서비스,,,,
KR7409810009,,FGSC.55,유틸리티,,,,
KR7304940000,,FGSC.10,에너지,,,,
KR7304940000,,FGSC.15,소재,,,,
KR7304940000,,FGSC.20,산업재,,,,
KR7304940000,,FGSC.25,경기소비재,,,,
KR7304940000,,FGSC.30,필수소비재,,,,
KR7304940000,,FGSC.35,의료,,,,
KR7304940000,,FGSC.40,금융,,,,
KR7304940000,,FGSC.45,IT,,,,
KR7304940000,,FGSC.50,통신서비스,,,,
KR7304940000,,FGSC.55,유틸리티,,,,
KR7449190008,,FGSC.10,에너지,,,,
KR7449190008,,FGSC.15,소재,,,,
KR7449190008,,FGSC.20,산업재,,,,
KR7449190008,,FGSC.25,경기소비재,,,,
KR7449190008,,FGSC.30,필수소비재,,,,
KR7449190008,,FGSC.35,의료,,,,
KR7449190008,,FGSC.40,금융,,,,
KR7449190008,,FGSC.45,IT,,,,
KR7449190008,,FGSC.50,통신서비스,,,,
KR7449190008,,FGSC.55,유틸리티,,,,
KR7411420003,,FGSC.10,에너지,,,,
KR7411420003,,FGSC.15,소재,,,,
KR7411420003,,FGSC.20,산업재,,,,
KR7411420003,,FGSC.25,경기소비재,,,,
KR7411420003,,FGSC.30,필수소비재,,,,
KR7411420003,,FGSC.35,의료,,,,
KR7411420003,,FGSC.40,금융,,,,
KR7411420003,,FGSC.45,IT,,,,
KR7411420003,,FGSC.50,통신서비스,,,,
KR7411420003,,FGSC.55,유틸리티,,,,
KR7455030007,,FGSC.10,에너지,,,,
KR7455030007,,FGSC.15,소재,,,,
KR7455030007,,FGSC.20,산업재,,,,
KR7455030007,,FGSC.25,경기소비재,,,,
KR7455030007,,FGSC.30,필수소비재,,,,
KR7455030007,,FGSC.35,의료,,,,
KR7455030007,,FGSC.40,금융,,,,
KR7455030007,,FGSC.45,IT,,,,
KR7455030007,,FGSC.50,통신서비스,,,,
KR7455030007,,FGSC.55,유틸리티,,,,
KR7261250005,,FGSC.10,에너지,,,,
KR7261250005,,FGSC.15,소재,,,,
KR7261250005,,FGSC.20,산업재,,,,
KR7261250005,,FGSC.25,경기소비재,,,,
KR7261250005,,FGSC.30,필수소비재,,,,
KR7261250005,,FGSC.35,의료,,,,
KR7261250005,,FGSC.40,금융,,,,
KR7261250005,,FGSC.45,IT,,,,
KR7261250005,,FGSC.50,통신서비스,,,,
KR7261250005,,FGSC.55,유틸리티,,,,
KR7261260004,,FGSC.10,에너지,,,,
KR7261260004,,FGSC.15,소재,,,,
KR7261260004,,FGSC.20,산업재,,,,
KR7261260004,,FGSC.25,경기소비재,,,,
KR7261260004,,FGSC.30,필수소비재,,,,
KR7261260004,,FGSC.35,의료,,,,
KR7261260004,,FGSC.40,금융,,,,
KR7261260004,,FGSC.45,IT,,,,
KR7261260004,,FGSC.50,통신서비스,,,,
KR7261260004,,FGSC.55,유틸리티,,,,
KR7261270003,,FGSC.10,에너지,,,,
KR7261270003,,FGSC.15,소재,,,,
KR7261270003,,FGSC.20,산업재,,,,
KR7261270003,,FGSC.25,경기소비재,,,,
KR7261270003,,FGSC.30,필수소비재,,,,
KR7261270003,,FGSC.35,의료,,,,
KR7261270003,,FGSC.40,금융,,,,
KR7261270003,,FGSC.45,IT,,,,
KR7261270003,,FGSC.50,통신서비스,,,,
KR7261270003,,FGSC.55,유틸리티,,,,
KR7261240006,,FGSC.10,에너지,,,,
KR7261240006,,FGSC.15,소재,,,,
KR7261240006,,FGSC.20,산업재,,,,
KR7261240006,,FGSC.25,경기소비재,,,,
KR7261240006,,FGSC.30,필수소비재,,,,
KR7261240006,,FGSC.35,의료,,,,
KR7261240006,,FGSC.40,금융,,,,
KR7261240006,,FGSC.45,IT,,,,
KR7261240006,,FGSC.50,통신서비스,,,,
KR7261240006,,FGSC.55,유틸리티,,,,
KR70144M0005,,FGSC.10,에너지,,,,
KR70144M0005,,FGSC.15,소재,,,,
KR70144M0005,,FGSC.20,산업재,,,,
KR70144M0005,,FGSC.25,경기소비재,,,,
KR70144M0005,,FGSC.30,필수소비재,,,,
KR70144M0005,,FGSC.35,의료,,,,
KR70144M0005,,FGSC.40,금융,,,,
KR70144M0005,,FGSC.45,IT,,,,
KR70144M0005,,FGSC.50,통신서비스,,,,
KR70144M0005,,FGSC.55,유틸리티,,,,
KR7280930009,,FGSC.10,에너지,,,,
KR7280930009,,FGSC.15,소재,,,,
KR7280930009,,FGSC.20,산업재,,,,
KR7280930009,,FGSC.25,경기소비재,,,,
KR7280930009,,FGSC.30,필수소비재,,,,
KR7280930009,,FGSC.35,의료,,,,
KR7280930009,,FGSC.40,금융,,,,
KR7280930009,,FGSC.45,IT,,,,
KR7280930009,,FGSC.50,통신서비스,,,,
KR7280930009,,FGSC.55,유틸리티,,,,
KR70048J0007,,FGSC.10,에너지,,,,
KR70048J0007,,FGSC.15,소재,,,,
KR70048J0007,,FGSC.20,산업재,,,,
KR70048J0007,,FGSC.25,경기소비재,,,,
KR70048J0007,,FGSC.30,필수소비재,,,,
KR70048J0007,,FGSC.35,의료,,,,
KR70048J0007,,FGSC.40,금융,,,,
KR70048J0007,,FGSC.45,IT,,,,
KR70048J0007,,FGSC.50,통신서비스,,,,
KR70048J0007,,FGSC.55,유틸리티,,,,
KR7390390003,,FGSC.10,에너지,,,,
KR7390390003,,FGSC.15,소재,,,,
KR7390390003,,FGSC.20,산업재,,,,
KR7390390003,,FGSC.25,경기소비재,,,,
KR7390390003,,FGSC.30,필수소비재,,,,
KR7390390003,,FGSC.35,의료,,,,
KR7390390003,,FGSC.40,금융,,,,
KR7390390003,,FGSC.45,IT,,,,
KR7390390003,,FGSC.50,통신서비스,,,,
KR7390390003,,FGSC.55,유틸리티,,,,
KR7489250001,,FGSC.10,에너지,,,,
KR7489250001,,FGSC.15,소재,,,,
KR7489250001,,FGSC.20,산업재,,,,
KR7489250001,,FGSC.25,경기소비재,,,,
KR7489250001,,FGSC.30,필수소비재,,,,
KR7489250001,,FGSC.35,의료,,,,
KR7489250001,,FGSC.40,금융,,,,
KR7489250001,,FGSC.45,IT,,,,
KR7489250001,,FGSC.50,통신서비스,,,,
KR7489250001,,FGSC.55,유틸리티,,,,
KR7483290003,,FGSC.10,에너지,,,,
KR7483290003,,FGSC.15,소재,,,,
KR7483290003,,FGSC.20,산업재,,,,
KR7483290003,,FGSC.25,경기소비재,,,,
KR7483290003,,FGSC.30,필수소비재,,,,
KR7483290003,,FGSC.35,의료,,,,
KR7483290003,,FGSC.40,금융,,,,
KR7483290003,,FGSC.45,IT,,,,
KR7483290003,,FGSC.50,통신서비스,,,,
KR7483290003,,FGSC.55,유틸리티,,,,
KR7441640000,,FGSC.10,에너지,,,,
KR7441640000,,FGSC.15,소재,,,,
KR7441640000,,FGSC.20,산업재,,,,
KR7441640000,,FGSC.25,경기소비재,,,,
KR7441640000,,FGSC.30,필수소비재,,,,
KR7441640000,,FGSC.35,의료,,,,
KR7441640000,,FGSC.40,금융,,,,
KR7441640000,,FGSC.45,IT,,,,
KR7441640000,,FGSC.50,통신서비스,,,,
KR7441640000,,FGSC.55,유틸리티,,,,
KR7352560007,,FGSC.10,에너지,,,,
KR7352560007,,FGSC.15,소재,,,,
KR7352560007,,FGSC.20,산업재,,,,
KR7352560007,,FGSC.25,경기소비재,,,,
KR7352560007,,FGSC.30,필수소비재,,,,
KR7352560007,,FGSC.35,의료,,,,
KR7352560007,,FGSC.40,금융,,,,
KR7352560007,,FGSC.45,IT,,,,
KR7352560007,,FGSC.50,통신서비스,,,,
KR7352560007,,FGSC.55,유틸리티,,,,
KR7314250002,,FGSC.10,에너지,,,,
KR7314250002,,FGSC.15,소재,,,,
KR7314250002,,FGSC.20,산업재,,,,
KR7314250002,,FGSC.25,경기소비재,,,,
KR7314250002,,FGSC.30,필수소비재,,,,
KR7314250002,,FGSC.35,의료,,,,
KR7314250002,,FGSC.40,금융,,,,
KR7314250002,,FGSC.45,IT,,,,
KR7314250002,,FGSC.50,통신서비스,,,,
KR7314250002,,FGSC.55,유틸리티,,,,
KR7473460004,,FGSC.10,에너지,,,,
KR7473460004,,FGSC.15,소재,,,,
KR7473460004,,FGSC.20,산업재,,,,
KR7473460004,,FGSC.25,경기소비재,,,,
KR7473460004,,FGSC.30,필수소비재,,,,
KR7473460004,,FGSC.35,의료,,,,
KR7473460004,,FGSC.40,금융,,,,
KR7473460004,,FGSC.45,IT,,,,
KR7473460004,,FGSC.50,통신서비스,,,,
KR7473460004,,FGSC.55,유틸리티,,,,
KR70144L0006,,FGSC.10,에너지,,,,
KR70144L0006,,FGSC.15,소재,,,,
KR70144L0006,,FGSC.20,산업재,,,,
KR70144L0006,,FGSC.25,경기소비재,,,,
KR70144L0006,,FGSC.30,필수소비재,,,,
KR70144L0006,,FGSC.35,의료,,,,
KR70144L0006,,FGSC.40,금융,,,,
KR70144L0006,,FGSC.45,IT,,,,
KR70144L0006,,FGSC.50,통신서비스,,,,
KR70144L0006,,FGSC.55,유틸리티,,,,
KR7390400000,,FGSC.10,에너지,,,,
KR7390400000,,FGSC.15,소재,,,,
KR7390400000,,FGSC.20,산업재,,,,
KR7390400000,,FGSC.25,경기소비재,,,,
KR7390400000,,FGSC.30,필수소비재,,,,
KR7390400000,,FGSC.35,의료,,,,
KR7390400000,,FGSC.40,금융,,,,
KR7390400000,,FGSC.45,IT,,,,
KR7390400000,,FGSC.50,통신서비스,,,,
KR7390400000,,FGSC.55,유틸리티,,,,
KR70167Z0002,,FGSC.10,에너지,,,,
KR70167Z0002,,FGSC.15,소재,,,,
KR70167Z0002,,FGSC.20,산업재,,,,
KR70167Z0002,,FGSC.25,경기소비재,,,,
KR70167Z0002,,FGSC.30,필수소비재,,,,
KR70167Z0002,,FGSC.35,의료,,,,
KR70167Z0002,,FGSC.40,금융,,,,
KR70167Z0002,,FGSC.45,IT,,,,
KR70167Z0002,,FGSC.50,통신서비스,,,,
KR70167Z0002,,FGSC.55,유틸리티,,,,
KR70132H0006,,FGSC.10,에너지,,,,
KR70132H0006,,FGSC.15,소재,,,,
KR70132H0006,,FGSC.20,산업재,,,,
KR70132H0006,,FGSC.25,경기소비재,,,,
KR70132H0006,,FGSC.30,필수소비재,,,,
KR70132H0006,,FGSC.35,의료,,,,
KR70132H0006,,FGSC.40,금융,,,,
KR70132H0006,,FGSC.45,IT,,,,
KR70132H0006,,FGSC.50,통신서비스,,,,
KR70132H0006,,FGSC.55,유틸리티,,,,
KR7437080005,,FGSC.10,에너지,,,,
KR7437080005,,FGSC.15,소재,,,,
KR7437080005,,FGSC.20,산업재,,,,
KR7437080005,,FGSC.25,경기소비재,,,,
KR7437080005,,FGSC.30,필수소비재,,,,
KR7437080005,,FGSC.35,의료,,,,
KR7437080005,,FGSC.40,금융,,,,
KR7437080005,,FGSC.45,IT,,,,
KR7437080005,,FGSC.50,통신서비스,,,,
KR7437080005,,FGSC.55,유틸리티,,,,
KR7419420005,,FGSC.10,에너지,,,,
KR7419420005,,FGSC.15,소재,,,,
KR7419420005,,FGSC.20,산업재,,,,
KR7419420005,,FGSC.25,경기소비재,,,,
KR7419420005,,FGSC.30,필수소비재,,,,
KR7419420005,,FGSC.35,의료,,,,
KR7419420005,,FGSC.40,금융,,,,
KR7419420005,,FGSC.45,IT,,,,
KR7419420005,,FGSC.50,통신서비스,,,,
KR7419420005,,FGSC.55,유틸리티,,,,
KR7491090007,,FGSC.10,에너지,,,,
KR7491090007,,FGSC.15,소재,,,,
KR7491090007,,FGSC.20,산업재,,,,
KR7491090007,,FGSC.25,경기소비재,,,,
KR7491090007,,FGSC.30,필수소비재,,,,
KR7491090007,,FGSC.35,의료,,,,
KR7491090007,,FGSC.40,금융,,,,
KR7491090007,,FGSC.45,IT,,,,
KR7491090007,,FGSC.50,통신서비스,,,,
KR7491090007,,FGSC.55,유틸리티,,,,
KR70038A0008,,FGSC.10,에너지,,,,
KR70038A0008,,FGSC.15,소재,,,,
KR70038A0008,,FGSC.20,산업재,,,,
KR70038A0008,,FGSC.25,경기소비재,,,,
KR70038A0008,,FGSC.30,필수소비재,,,,
KR70038A0008,,FGSC.35,의료,,,,
KR70038A0008,,FGSC.40,금융,,,,
KR70038A0008,,FGSC.45,IT,,,,
KR70038A0008,,FGSC.50,통신서비스,,,,
KR70038A0008,,FGSC.55,유틸리티,,,,
KR7244580007,,FGSC.10,에너지,,,,
KR7244580007,,FGSC.15,소재,,,,
KR7244580007,,FGSC.20,산업재,,,,
KR7244580007,,FGSC.25,경기소비재,,,,
KR7244580007,,FGSC.30,필수소비재,,,,
KR7244580007,20260813,FGSC.35,의료,99.9999,5.15,94.85,삼성KODEX바이오증권상장지수투자신탁[주식]
KR7244580007,,FGSC.40,금융,,,,
KR7244580007,,FGSC.45,IT,,,,
KR7244580007,,FGSC.50,통신서비스,,,,
KR7244580007,,FGSC.55,유틸리티,,,,
KR7091160002,20260813,FGSC.10,에너지,.4351,2,-1.57,삼성 KODEX 반도체 상장지수투자신탁
KR7091160002,,FGSC.15,소재,,,,
KR7091160002,,FGSC.20,산업재,,,,
KR7091160002,,FGSC.25,경기소비재,,,,
KR7091160002,,FGSC.30,필수소비재,,,,
KR7091160002,,FGSC.35,의료,,,,
KR7091160002,,FGSC.40,금융,,,,
KR7091160002,20260813,FGSC.45,IT,99.5647,59.71,39.85,삼성 KODEX 반도체 상장지수투자신탁
KR7091160002,,FGSC.50,통신서비스,,,,
KR7091160002,,FGSC.55,유틸리티,,,,
KR7494310006,,FGSC.10,에너지,,,,
KR7494310006,,FGSC.15,소재,,,,
KR7494310006,,FGSC.20,산업재,,,,
KR7494310006,,FGSC.25,경기소비재,,,,
KR7494310006,,FGSC.30,필수소비재,,,,
KR7494310006,,FGSC.35,의료,,,,
KR7494310006,,FGSC.40,금융,,,,
KR7494310006,,FGSC.45,IT,,,,
KR7494310006,,FGSC.50,통신서비스,,,,
KR7494310006,,FGSC.55,유틸리티,,,,
KR70190G0006,20260813,FGSC.10,에너지,.4309,2,-1.57,삼성KODEX 반도체타겟위클리커버드콜증권상장지수투자신탁[주식-파생형]
KR70190G0006,,FGSC.15,소재,,,,
KR70190G0006,,FGSC.20,산업재,,,,
KR70190G0006,,FGSC.25,경기소비재,,,,
KR70190G0006,,FGSC.30,필수소비재,,,,
KR70190G0006,,FGSC.35,의료,,,,
KR70190G0006,,FGSC.40,금융,,,,
KR70190G0006,20260813,FGSC.45,IT,99.569,59.71,39.86,삼성KODEX 반도체타겟위클리커버드콜증권상장지수투자신탁[주식-파생형]
KR70190G0006,,FGSC.50,통신서비스,,,,
KR70190G0006,,FGSC.55,유틸리티,,,,
KR70100K0009,,FGSC.10,에너지,,,,
KR70100K0009,,FGSC.15,소재,,,,
KR70100K0009,,FGSC.20,산업재,,,,
KR70100K0009,,FGSC.25,경기소비재,,,,
KR70100K0009,,FGSC.30,필수소비재,,,,
KR70100K0009,,FGSC.35,의료,,,,
KR70100K0009,,FGSC.40,금융,,,,
KR70100K0009,,FGSC.45,IT,,,,
KR70100K0009,,FGSC.50,통신서비스,,,,
KR70100K0009,,FGSC.55,유틸리티,,,,
KR70080G0009,,FGSC.10,에너지,,,,
KR70080G0009,20260813,FGSC.15,소재,5.0118,2.8,2.21,삼성KODEX 방산TOP10증권상장지수투자신탁[주식]
KR70080G0009,20260813,FGSC.20,산업재,93.9517,13.59,80.36,삼성KODEX 방산TOP10증권상장지수투자신탁[주식]
KR70080G0009,,FGSC.25,경기소비재,,,,
KR70080G0009,,FGSC.30,필수소비재,,,,
KR70080G0009,,FGSC.35,의료,,,,
KR70080G0009,,FGSC.40,금융,,,,
KR70080G0009,20260813,FGSC.45,IT,1.0364,59.71,-58.67,삼성KODEX 방산TOP10증권상장지수투자신탁[주식]
KR70080G0009,,FGSC.50,통신서비스,,,,
KR70080G0009,,FGSC.55,유틸리티,,,,
KR7325020006,20260813,FGSC.10,에너지,4.0114,2,2.01,삼성KODEX 배당가치증권상장지수투자신탁[주식]
KR7325020006,20260813,FGSC.15,소재,4.6317,2.8,1.83,삼성KODEX 배당가치증권상장지수투자신탁[주식]
KR7325020006,20260813,FGSC.20,산업재,15.7285,13.59,2.14,삼성KODEX 배당가치증권상장지수투자신탁[주식]
KR7325020006,20260813,FGSC.25,경기소비재,10.3202,6.12,4.2,삼성KODEX 배당가치증권상장지수투자신탁[주식]
KR7325020006,20260813,FGSC.30,필수소비재,3.741,1.91,1.83,삼성KODEX 배당가치증권상장지수투자신탁[주식]
KR7325020006,20260813,FGSC.35,의료,5.2622,5.15,.11,삼성KODEX 배당가치증권상장지수투자신탁[주식]
KR7325020006,20260813,FGSC.40,금융,33.2943,7.56,25.73,삼성KODEX 배당가치증권상장지수투자신탁[주식]
KR7325020006,20260813,FGSC.45,IT,19.1248,59.71,-40.59,삼성KODEX 배당가치증권상장지수투자신탁[주식]
KR7325020006,20260813,FGSC.50,통신서비스,1.8109,.66,1.15,삼성KODEX 배당가치증권상장지수투자신탁[주식]
KR7325020006,20260813,FGSC.55,유틸리티,2.0751,.5,1.58,삼성KODEX 배당가치증권상장지수투자신탁[주식]
KR7244670006,20260813,FGSC.10,에너지,3.1169,2,1.11,삼성KODEX밸류PLUS증권상장지수투자신탁[주식]
KR7244670006,20260813,FGSC.15,소재,8.4915,2.8,5.69,삼성KODEX밸류PLUS증권상장지수투자신탁[주식]
KR7244670006,20260813,FGSC.20,산업재,18.1133,13.59,4.52,삼성KODEX밸류PLUS증권상장지수투자신탁[주식]
KR7244670006,20260813,FGSC.25,경기소비재,35.1507,6.12,29.04,삼성KODEX밸류PLUS증권상장지수투자신탁[주식]
KR7244670006,20260813,FGSC.30,필수소비재,21.945,1.91,20.04,삼성KODEX밸류PLUS증권상장지수투자신탁[주식]
KR7244670006,20260813,FGSC.35,의료,9.2268,5.15,4.07,삼성KODEX밸류PLUS증권상장지수투자신탁[주식]
KR7244670006,20260813,FGSC.40,금융,.7737,7.56,-6.79,삼성KODEX밸류PLUS증권상장지수투자신탁[주식]
KR7244670006,20260813,FGSC.45,IT,3.1823,59.71,-56.53,삼성KODEX밸류PLUS증권상장지수투자신탁[주식]
KR7244670006,,FGSC.50,통신서비스,,,,
KR7244670006,,FGSC.55,유틸리티,,,,
KR7102780004,,FGSC.10,에너지,,,,
KR7102780004,,FGSC.15,소재,,,,
KR7102780004,20260813,FGSC.20,산업재,18.4413,13.59,4.85,삼성KODEX 삼성그룹주 상장지수투자신
KR7102780004,20260813,FGSC.25,경기소비재,.8369,6.12,-5.28,삼성KODEX 삼성그룹주 상장지수투자신
KR7102780004,,FGSC.30,필수소비재,,,,
KR7102780004,20260813,FGSC.35,의료,6.554,5.15,1.4,삼성KODEX 삼성그룹주 상장지수투자신
KR7102780004,20260813,FGSC.40,금융,16.1854,7.56,8.63,삼성KODEX 삼성그룹주 상장지수투자신
KR7102780004,20260813,FGSC.45,IT,57.9823,59.71,-1.73,삼성KODEX 삼성그룹주 상장지수투자신
KR7102780004,,FGSC.50,통신서비스,,,,
KR7102780004,,FGSC.55,유틸리티,,,,
KR70177N0004,,FGSC.10,에너지,,,,
KR70177N0004,,FGSC.15,소재,,,,
KR70177N0004,,FGSC.20,산업재,,,,
KR70177N0004,,FGSC.25,경기소비재,,,,
KR70177N0004,,FGSC.30,필수소비재,,,,
KR70177N0004,,FGSC.35,의료,,,,
KR70177N0004,,FGSC.40,금융,,,,
KR70177N0004,20260813,FGSC.45,IT,100,59.71,40.29,삼성KODEX 삼성전자SK하이닉스채권혼합50증권상장지수투자신탁[채권혼합]
KR70177N0004,,FGSC.50,통신서비스,,,,
KR70177N0004,,FGSC.55,유틸리티,,,,
KR70193W0003,,FGSC.10,에너지,,,,
KR70193W0003,,FGSC.15,소재,,,,
KR70193W0003,,FGSC.20,산업재,,,,
KR70193W0003,,FGSC.25,경기소비재,,,,
KR70193W0003,,FGSC.30,필수소비재,,,,
KR70193W0003,,FGSC.35,의료,,,,
KR70193W0003,,FGSC.40,금융,,,,
KR70193W0003,20260813,FGSC.45,IT,100,59.71,40.29,삼성KODEX 삼성전자단일종목레버리지증권상장지수투자신탁[주식-파생형]
KR70193W0003,,FGSC.50,통신서비스,,,,
KR70193W0003,,FGSC.55,유틸리티,,,,
KR7448330001,,FGSC.10,에너지,,,,
KR7448330001,,FGSC.15,소재,,,,
KR7448330001,,FGSC.20,산업재,,,,
KR7448330001,,FGSC.25,경기소비재,,,,
KR7448330001,,FGSC.30,필수소비재,,,,
KR7448330001,,FGSC.35,의료,,,,
KR7448330001,,FGSC.40,금융,,,,
KR7448330001,20260813,FGSC.45,IT,100,59.71,40.29,삼성KODEX 삼성전자채권혼합증권상장지수투자신탁[채권혼합]
KR7448330001,,FGSC.50,통신서비스,,,,
KR7448330001,,FGSC.55,유틸리티,,,,
KR7325010007,20260813,FGSC.10,에너지,.4215,2,-1.58,삼성KODEX 성장주증권상장지수투자신탁[주식]
KR7325010007,20260813,FGSC.15,소재,1.4076,2.8,-1.39,삼성KODEX 성장주증권상장지수투자신탁[주식]
KR7325010007,20260813,FGSC.20,산업재,18.3038,13.59,4.71,삼성KODEX 성장주증권상장지수투자신탁[주식]
KR7325010007,20260813,FGSC.25,경기소비재,.8289,6.12,-5.29,삼성KODEX 성장주증권상장지수투자신탁[주식]
KR7325010007,20260813,FGSC.30,필수소비재,1.349,1.91,-.56,삼성KODEX 성장주증권상장지수투자신탁[주식]
KR7325010007,20260813,FGSC.35,의료,7.057,5.15,1.9,삼성KODEX 성장주증권상장지수투자신탁[주식]
KR7325010007,20260813,FGSC.40,금융,3.2319,7.56,-4.33,삼성KODEX 성장주증권상장지수투자신탁[주식]
KR7325010007,20260813,FGSC.45,IT,67.4001,59.71,7.69,삼성KODEX 성장주증권상장지수투자신탁[주식]
KR7325010007,,FGSC.50,통신서비스,,,,
KR7325010007,,FGSC.55,유틸리티,,,,
KR7385510003,20260813,FGSC.10,에너지,34.0526,2,32.05,삼성KODEX 신재생에너지액티브증권상장지수투자신탁[주식]
KR7385510003,20260813,FGSC.15,소재,13.5378,2.8,10.74,삼성KODEX 신재생에너지액티브증권상장지수투자신탁[주식]
KR7385510003,20260813,FGSC.20,산업재,31.6064,13.59,18.02,삼성KODEX 신재생에너지액티브증권상장지수투자신탁[주식]
KR7385510003,20260813,FGSC.25,경기소비재,.789,6.12,-5.33,삼성KODEX 신재생에너지액티브증권상장지수투자신탁[주식]
KR7385510003,,FGSC.30,필수소비재,,,,
KR7385510003,,FGSC.35,의료,,,,
KR7385510003,,FGSC.40,금융,,,,
KR7385510003,20260813,FGSC.45,IT,19.9537,59.71,-39.76,삼성KODEX 신재생에너지액티브증권상장지수투자신탁[주식]
KR7385510003,,FGSC.50,통신서비스,,,,
KR7385510003,20260813,FGSC.55,유틸리티,.0602,.5,-.44,삼성KODEX 신재생에너지액티브증권상장지수투자신탁[주식]
KR7446690000,,FGSC.10,에너지,,,,
KR7446690000,,FGSC.15,소재,,,,
KR7446690000,,FGSC.20,산업재,,,,
KR7446690000,,FGSC.25,경기소비재,,,,
KR7446690000,,FGSC.30,필수소비재,,,,
KR7446690000,,FGSC.35,의료,,,,
KR7446690000,,FGSC.40,금융,,,,
KR7446690000,,FGSC.45,IT,,,,
KR7446690000,,FGSC.50,통신서비스,,,,
KR7446690000,,FGSC.55,유틸리티,,,,
KR7437070006,,FGSC.10,에너지,,,,
KR7437070006,,FGSC.15,소재,,,,
KR7437070006,,FGSC.20,산업재,,,,
KR7437070006,,FGSC.25,경기소비재,,,,
KR7437070006,,FGSC.30,필수소비재,,,,
KR7437070006,,FGSC.35,의료,,,,
KR7437070006,,FGSC.40,금융,,,,
KR7437070006,,FGSC.45,IT,,,,
KR7437070006,,FGSC.50,통신서비스,,,,
KR7437070006,,FGSC.55,유틸리티,,,,
KR7275300002,20260813,FGSC.10,에너지,.2026,2,-1.8,삼성KODEX 우량주증권상장지수투자신탁[주식]
KR7275300002,20260813,FGSC.15,소재,.465,2.8,-2.34,삼성KODEX 우량주증권상장지수투자신탁[주식]
KR7275300002,20260813,FGSC.20,산업재,13.0573,13.59,-.53,삼성KODEX 우량주증권상장지수투자신탁[주식]
KR7275300002,20260813,FGSC.25,경기소비재,6.8694,6.12,.75,삼성KODEX 우량주증권상장지수투자신탁[주식]
KR7275300002,20260813,FGSC.30,필수소비재,3.9127,1.91,2,삼성KODEX 우량주증권상장지수투자신탁[주식]
KR7275300002,20260813,FGSC.35,의료,5.4319,5.15,.28,삼성KODEX 우량주증권상장지수투자신탁[주식]
KR7275300002,20260813,FGSC.40,금융,2.4781,7.56,-5.08,삼성KODEX 우량주증권상장지수투자신탁[주식]
KR7275300002,20260813,FGSC.45,IT,67.5019,59.71,7.79,삼성KODEX 우량주증권상장지수투자신탁[주식]
KR7275300002,,FGSC.50,통신서비스,,,,
KR7275300002,20260813,FGSC.55,유틸리티,.0807,.5,-.42,삼성KODEX 우량주증권상장지수투자신탁[주식]
KR70098F0000,20260813,FGSC.10,에너지,13.924,2,11.92,삼성KODEX 원자력SMR증권상장지수투자신탁[주식]
KR70098F0000,,FGSC.15,소재,,,,
KR70098F0000,20260813,FGSC.20,산업재,74.1633,13.59,60.57,삼성KODEX 원자력SMR증권상장지수투자신탁[주식]
KR70098F0000,,FGSC.25,경기소비재,,,,
KR70098F0000,,FGSC.30,필수소비재,,,,
KR70098F0000,,FGSC.35,의료,,,,
KR70098F0000,,FGSC.40,금융,,,,
KR70098F0000,,FGSC.45,IT,,,,
KR70098F0000,,FGSC.50,통신서비스,,,,
KR70098F0000,20260813,FGSC.55,유틸리티,11.9126,.5,11.41,삼성KODEX 원자력SMR증권상장지수투자신탁[주식]
KR7395150006,,FGSC.10,에너지,,,,
KR7395150006,,FGSC.15,소재,,,,
KR7395150006,,FGSC.20,산업재,,,,
KR7395150006,20260813,FGSC.25,경기소비재,69.404,6.12,63.29,삼성KODEX 웹툰&드라마증권상장지수투자신탁[주식]
KR7395150006,,FGSC.30,필수소비재,,,,
KR7395150006,,FGSC.35,의료,,,,
KR7395150006,,FGSC.40,금융,,,,
KR7395150006,20260813,FGSC.45,IT,30.596,59.71,-29.11,삼성KODEX 웹툰&드라마증권상장지수투자신탁[주식]
KR7395150006,,FGSC.50,통신서비스,,,,
KR7395150006,,FGSC.55,유틸리티,,,,
KR7456250000,,FGSC.10,에너지,,,,
KR7456250000,,FGSC.15,소재,,,,
KR7456250000,,FGSC.20,산업재,,,,
KR7456250000,,FGSC.25,경기소비재,,,,
KR7456250000,,FGSC.30,필수소비재,,,,
KR7456250000,,FGSC.35,의료,,,,
KR7456250000,,FGSC.40,금융,,,,
KR7456250000,,FGSC.45,IT,,,,
KR7456250000,,FGSC.50,통신서비스,,,,
KR7456250000,,FGSC.55,유틸리티,,,,
KR7400570008,,FGSC.10,에너지,,,,
KR7400570008,,FGSC.15,소재,,,,
KR7400570008,,FGSC.20,산업재,,,,
KR7400570008,,FGSC.25,경기소비재,,,,
KR7400570008,,FGSC.30,필수소비재,,,,
KR7400570008,,FGSC.35,의료,,,,
KR7400570008,,FGSC.40,금융,,,,
KR7400570008,,FGSC.45,IT,,,,
KR7400570008,,FGSC.50,통신서비스,,,,
KR7400570008,,FGSC.55,유틸리티,,,,
KR7144600004,,FGSC.10,에너지,,,,
KR7144600004,,FGSC.15,소재,,,,
KR7144600004,,FGSC.20,산업재,,,,
KR7144600004,,FGSC.25,경기소비재,,,,
KR7144600004,,FGSC.30,필수소비재,,,,
KR7144600004,,FGSC.35,의료,,,,
KR7144600004,,FGSC.40,금융,,,,
KR7144600004,,FGSC.45,IT,,,,
KR7144600004,,FGSC.50,통신서비스,,,,
KR7144600004,,FGSC.55,유틸리티,,,,
KR7091170001,,FGSC.10,에너지,,,,
KR7091170001,,FGSC.15,소재,,,,
KR7091170001,,FGSC.20,산업재,,,,
KR7091170001,,FGSC.25,경기소비재,,,,
KR7091170001,,FGSC.30,필수소비재,,,,
KR7091170001,,FGSC.35,의료,,,,
KR7091170001,20260813,FGSC.40,금융,100.0001,7.56,92.44,삼성KODEX은행상장지수투자신탁
KR7091170001,,FGSC.45,IT,,,,
KR7091170001,,FGSC.50,통신서비스,,,,
KR7091170001,,FGSC.55,유틸리티,,,,
KR7453820003,,FGSC.10,에너지,,,,
KR7453820003,,FGSC.15,소재,,,,
KR7453820003,,FGSC.20,산업재,,,,
KR7453820003,,FGSC.25,경기소비재,,,,
KR7453820003,,FGSC.30,필수소비재,,,,
KR7453820003,,FGSC.35,의료,,,,
KR7453820003,,FGSC.40,금융,,,,
KR7453820003,,FGSC.45,IT,,,,
KR7453820003,,FGSC.50,통신서비스,,,,
KR7453820003,,FGSC.55,유틸리티,,,,
KR7453810004,,FGSC.10,에너지,,,,
KR7453810004,,FGSC.15,소재,,,,
KR7453810004,,FGSC.20,산업재,,,,
KR7453810004,,FGSC.25,경기소비재,,,,
KR7453810004,,FGSC.30,필수소비재,,,,
KR7453810004,,FGSC.35,의료,,,,
KR7453810004,,FGSC.40,금융,,,,
KR7453810004,,FGSC.45,IT,,,,
KR7453810004,,FGSC.50,통신서비스,,,,
KR7453810004,,FGSC.55,유틸리티,,,,
KR70000H0005,,FGSC.10,에너지,,,,
KR70000H0005,,FGSC.15,소재,,,,
KR70000H0005,,FGSC.20,산업재,,,,
KR70000H0005,,FGSC.25,경기소비재,,,,
KR70000H0005,,FGSC.30,필수소비재,,,,
KR70000H0005,,FGSC.35,의료,,,,
KR70000H0005,,FGSC.40,금융,,,,
KR70000H0005,,FGSC.45,IT,,,,
KR70000H0005,,FGSC.50,통신서비스,,,,
KR70000H0005,,FGSC.55,유틸리티,,,,
KR7477730006,,FGSC.10,에너지,,,,
KR7477730006,,FGSC.15,소재,,,,
KR7477730006,,FGSC.20,산업재,,,,
KR7477730006,,FGSC.25,경기소비재,,,,
KR7477730006,,FGSC.30,필수소비재,,,,
KR7477730006,,FGSC.35,의료,,,,
KR7477730006,,FGSC.40,금융,,,,
KR7477730006,,FGSC.45,IT,,,,
KR7477730006,,FGSC.50,통신서비스,,,,
KR7477730006,,FGSC.55,유틸리티,,,,
KR7352540009,,FGSC.10,에너지,,,,
KR7352540009,,FGSC.15,소재,,,,
KR7352540009,,FGSC.20,산업재,,,,
KR7352540009,,FGSC.25,경기소비재,,,,
KR7352540009,,FGSC.30,필수소비재,,,,
KR7352540009,,FGSC.35,의료,,,,
KR7352540009,,FGSC.40,금융,,,,
KR7352540009,,FGSC.45,IT,,,,
KR7352540009,,FGSC.50,통신서비스,,,,
KR7352540009,,FGSC.55,유틸리티,,,,
KR7091180000,,FGSC.10,에너지,,,,
KR7091180000,,FGSC.15,소재,,,,
KR7091180000,,FGSC.20,산업재,,,,
KR7091180000,20260813,FGSC.25,경기소비재,99.9998,6.12,93.88,삼성KODEX자동차상장지수투자신탁
KR7091180000,,FGSC.30,필수소비재,,,,
KR7091180000,,FGSC.35,의료,,,,
KR7091180000,,FGSC.40,금융,,,,
KR7091180000,,FGSC.45,IT,,,,
KR7091180000,,FGSC.50,통신서비스,,,,
KR7091180000,,FGSC.55,유틸리티,,,,
KR7385520002,20260813,FGSC.10,에너지,1.1609,2,-.84,삼성KODEX 자율주행액티브증권상장지수투자신탁[주식]
KR7385520002,20260813,FGSC.15,소재,4.4914,2.8,1.69,삼성KODEX 자율주행액티브증권상장지수투자신탁[주식]
KR7385520002,20260813,FGSC.20,산업재,6.2082,13.59,-7.38,삼성KODEX 자율주행액티브증권상장지수투자신탁[주식]
KR7385520002,20260813,FGSC.25,경기소비재,40.0189,6.12,33.9,삼성KODEX 자율주행액티브증권상장지수투자신탁[주식]
KR7385520002,,FGSC.30,필수소비재,,,,
KR7385520002,,FGSC.35,의료,,,,
KR7385520002,,FGSC.40,금융,,,,
KR7385520002,20260813,FGSC.45,IT,46.536,59.71,-13.17,삼성KODEX 자율주행액티브증권상장지수투자신탁[주식]
KR7385520002,20260813,FGSC.50,통신서비스,1.5846,.66,.92,삼성KODEX 자율주행액티브증권상장지수투자신탁[주식]
KR7385520002,,FGSC.55,유틸리티,,,,
KR7363570003,,FGSC.10,에너지,,,,
KR7363570003,,FGSC.15,소재,,,,
KR7363570003,,FGSC.20,산업재,,,,
KR7363570003,,FGSC.25,경기소비재,,,,
KR7363570003,,FGSC.30,필수소비재,,,,
KR7363570003,,FGSC.35,의료,,,,
KR7363570003,,FGSC.40,금융,,,,
KR7363570003,,FGSC.45,IT,,,,
KR7363570003,,FGSC.50,통신서비스,,,,
KR7363570003,,FGSC.55,유틸리티,,,,
KR7433970001,,FGSC.10,에너지,,,,
KR7433970001,,FGSC.15,소재,,,,
KR7433970001,,FGSC.20,산업재,,,,
KR7433970001,,FGSC.25,경기소비재,,,,
KR7433970001,,FGSC.30,필수소비재,,,,
KR7433970001,,FGSC.35,의료,,,,
KR7433970001,,FGSC.40,금융,,,,
KR7433970001,,FGSC.45,IT,,,,
KR7433970001,,FGSC.50,통신서비스,,,,
KR7433970001,,FGSC.55,유틸리티,,,,
KR7433980000,,FGSC.10,에너지,,,,
KR7433980000,,FGSC.15,소재,,,,
KR7433980000,,FGSC.20,산업재,,,,
KR7433980000,,FGSC.25,경기소비재,,,,
KR7433980000,,FGSC.30,필수소비재,,,,
KR7433980000,,FGSC.35,의료,,,,
KR7433980000,,FGSC.40,금융,,,,
KR7433980000,,FGSC.45,IT,,,,
KR7433980000,,FGSC.50,통신서비스,,,,
KR7433980000,,FGSC.55,유틸리티,,,,
KR7434060000,,FGSC.10,에너지,,,,
KR7434060000,,FGSC.15,소재,,,,
KR7434060000,,FGSC.20,산업재,,,,
KR7434060000,,FGSC.25,경기소비재,,,,
KR7434060000,,FGSC.30,필수소비재,,,,
KR7434060000,,FGSC.35,의료,,,,
KR7434060000,,FGSC.40,금융,,,,
KR7434060000,,FGSC.45,IT,,,,
KR7434060000,,FGSC.50,통신서비스,,,,
KR7434060000,,FGSC.55,유틸리티,,,,
KR70082V0008,,FGSC.10,에너지,,,,
KR70082V0008,,FGSC.15,소재,,,,
KR70082V0008,,FGSC.20,산업재,,,,
KR70082V0008,,FGSC.25,경기소비재,,,,
KR70082V0008,,FGSC.30,필수소비재,,,,
KR70082V0008,,FGSC.35,의료,,,,
KR70082V0008,,FGSC.40,금융,,,,
KR70082V0008,,FGSC.45,IT,,,,
KR70082V0008,,FGSC.50,통신서비스,,,,
KR70082V0008,,FGSC.55,유틸리티,,,,
KR70209D0008,,FGSC.10,에너지,,,,
KR70209D0008,20260813,FGSC.15,소재,9.0939,2.8,6.29,삼성KODEX 전고체배터리ESS TOP2플러스증권상장지수투자신탁[주식]
KR70209D0008,20260813,FGSC.20,산업재,19.0623,13.59,5.47,삼성KODEX 전고체배터리ESS TOP2플러스증권상장지수투자신탁[주식]
KR70209D0008,,FGSC.25,경기소비재,,,,
KR70209D0008,,FGSC.30,필수소비재,,,,
KR70209D0008,,FGSC.35,의료,,,,
KR70209D0008,,FGSC.40,금융,,,,
KR70209D0008,20260813,FGSC.45,IT,71.8438,59.71,12.13,삼성KODEX 전고체배터리ESS TOP2플러스증권상장지수투자신탁[주식]
KR70209D0008,,FGSC.50,통신서비스,,,,
KR70209D0008,,FGSC.55,유틸리티,,,,
KR70115D0001,,FGSC.10,에너지,,,,
KR70115D0001,20260813,FGSC.15,소재,.4957,2.8,-2.31,삼성KODEX 조선TOP10증권상장지수투자신탁[주식]
KR70115D0001,20260813,FGSC.20,산업재,99.5042,13.59,85.92,삼성KODEX 조선TOP10증권상장지수투자신탁[주식]
KR70115D0001,,FGSC.25,경기소비재,,,,
KR70115D0001,,FGSC.30,필수소비재,,,,
KR70115D0001,,FGSC.35,의료,,,,
KR70115D0001,,FGSC.40,금융,,,,
KR70115D0001,,FGSC.45,IT,,,,
KR70115D0001,,FGSC.50,통신서비스,,,,
KR70115D0001,,FGSC.55,유틸리티,,,,
KR7273130005,,FGSC.10,에너지,,,,
KR7273130005,,FGSC.15,소재,,,,
KR7273130005,,FGSC.20,산업재,,,,
KR7273130005,,FGSC.25,경기소비재,,,,
KR7273130005,,FGSC.30,필수소비재,,,,
KR7273130005,,FGSC.35,의료,,,,
KR7273130005,,FGSC.40,금융,,,,
KR7273130005,,FGSC.45,IT,,,,
KR7273130005,,FGSC.50,통신서비스,,,,
KR7273130005,,FGSC.55,유틸리티,,,,
KR70153K0005,20260813,FGSC.10,에너지,2.884,2,.88,삼성KODEX 주주환원고배당주증권상장지수투자신탁[주식]
KR70153K0005,20260813,FGSC.15,소재,2.428,2.8,-.37,삼성KODEX 주주환원고배당주증권상장지수투자신탁[주식]
KR70153K0005,20260813,FGSC.20,산업재,2.2873,13.59,-11.3,삼성KODEX 주주환원고배당주증권상장지수투자신탁[주식]
KR70153K0005,20260813,FGSC.25,경기소비재,17.8115,6.12,11.7,삼성KODEX 주주환원고배당주증권상장지수투자신탁[주식]
KR70153K0005,20260813,FGSC.30,필수소비재,9.1314,1.91,7.22,삼성KODEX 주주환원고배당주증권상장지수투자신탁[주식]
KR70153K0005,,FGSC.35,의료,,,,
KR70153K0005,20260813,FGSC.40,금융,55.6356,7.56,48.08,삼성KODEX 주주환원고배당주증권상장지수투자신탁[주식]
KR70153K0005,20260813,FGSC.45,IT,2.6144,59.71,-57.1,삼성KODEX 주주환원고배당주증권상장지수투자신탁[주식]
KR70153K0005,20260813,FGSC.50,통신서비스,7.2079,.66,6.55,삼성KODEX 주주환원고배당주증권상장지수투자신탁[주식]
KR70153K0005,,FGSC.55,유틸리티,,,,
KR7102970001,,FGSC.10,에너지,,,,
KR7102970001,,FGSC.15,소재,,,,
KR7102970001,,FGSC.20,산업재,,,,
KR7102970001,,FGSC.25,경기소비재,,,,
KR7102970001,,FGSC.30,필수소비재,,,,
KR7102970001,,FGSC.35,의료,,,,
KR7102970001,20260813,FGSC.40,금융,100.0001,7.56,92.44,삼성 KODEX 증권주 상장지수투자신탁
KR7102970001,,FGSC.45,IT,,,,
KR7102970001,,FGSC.50,통신서비스,,,,
KR7102970001,,FGSC.55,유틸리티,,,,
KR7419430004,,FGSC.10,에너지,,,,
KR7419430004,,FGSC.15,소재,,,,
KR7419430004,,FGSC.20,산업재,,,,
KR7419430004,,FGSC.25,경기소비재,,,,
KR7419430004,,FGSC.30,필수소비재,,,,
KR7419430004,,FGSC.35,의료,,,,
KR7419430004,,FGSC.40,금융,,,,
KR7419430004,,FGSC.45,IT,,,,
KR7419430004,,FGSC.50,통신서비스,,,,
KR7419430004,,FGSC.55,유틸리티,,,,
KR70162L0003,,FGSC.10,에너지,,,,
KR70162L0003,,FGSC.15,소재,,,,
KR70162L0003,,FGSC.20,산업재,,,,
KR70162L0003,,FGSC.25,경기소비재,,,,
KR70162L0003,,FGSC.30,필수소비재,,,,
KR70162L0003,,FGSC.35,의료,,,,
KR70162L0003,,FGSC.40,금융,,,,
KR70162L0003,,FGSC.45,IT,,,,
KR70162L0003,,FGSC.50,통신서비스,,,,
KR70162L0003,,FGSC.55,유틸리티,,,,
KR7428510002,,FGSC.10,에너지,,,,
KR7428510002,,FGSC.15,소재,,,,
KR7428510002,,FGSC.20,산업재,,,,
KR7428510002,,FGSC.25,경기소비재,,,,
KR7428510002,,FGSC.30,필수소비재,,,,
KR7428510002,,FGSC.35,의료,,,,
KR7428510002,,FGSC.40,금융,,,,
KR7428510002,,FGSC.45,IT,,,,
KR7428510002,,FGSC.50,통신서비스,,,,
KR7428510002,,FGSC.55,유틸리티,,,,
KR7283580009,,FGSC.10,에너지,,,,
KR7283580009,,FGSC.15,소재,,,,
KR7283580009,,FGSC.20,산업재,,,,
KR7283580009,,FGSC.25,경기소비재,,,,
KR7283580009,,FGSC.30,필수소비재,,,,
KR7283580009,,FGSC.35,의료,,,,
KR7283580009,,FGSC.40,금융,,,,
KR7283580009,,FGSC.45,IT,,,,
KR7283580009,,FGSC.50,통신서비스,,,,
KR7283580009,,FGSC.55,유틸리티,,,,
KR7169950003,,FGSC.10,에너지,,,,
KR7169950003,,FGSC.15,소재,,,,
KR7169950003,,FGSC.20,산업재,,,,
KR7169950003,,FGSC.25,경기소비재,,,,
KR7169950003,,FGSC.30,필수소비재,,,,
KR7169950003,,FGSC.35,의료,,,,
KR7169950003,,FGSC.40,금융,,,,
KR7169950003,,FGSC.45,IT,,,,
KR7169950003,,FGSC.50,통신서비스,,,,
KR7169950003,,FGSC.55,유틸리티,,,,
KR7204450001,,FGSC.10,에너지,,,,
KR7204450001,,FGSC.15,소재,,,,
KR7204450001,,FGSC.20,산업재,,,,
KR7204450001,,FGSC.25,경기소비재,,,,
KR7204450001,,FGSC.30,필수소비재,,,,
KR7204450001,,FGSC.35,의료,,,,
KR7204450001,,FGSC.40,금융,,,,
KR7204450001,,FGSC.45,IT,,,,
KR7204450001,,FGSC.50,통신서비스,,,,
KR7204450001,,FGSC.55,유틸리티,,,,
KR7099140006,,FGSC.10,에너지,,,,
KR7099140006,,FGSC.15,소재,,,,
KR7099140006,,FGSC.20,산업재,,,,
KR7099140006,,FGSC.25,경기소비재,,,,
KR7099140006,,FGSC.30,필수소비재,,,,
KR7099140006,,FGSC.35,의료,,,,
KR7099140006,,FGSC.40,금융,,,,
KR7099140006,,FGSC.45,IT,,,,
KR7099140006,,FGSC.50,통신서비스,,,,
KR7099140006,,FGSC.55,유틸리티,,,,
KR7415340009,,FGSC.10,에너지,,,,
KR7415340009,,FGSC.15,소재,,,,
KR7415340009,,FGSC.20,산업재,,,,
KR7415340009,,FGSC.25,경기소비재,,,,
KR7415340009,,FGSC.30,필수소비재,,,,
KR7415340009,,FGSC.35,의료,,,,
KR7415340009,,FGSC.40,금융,,,,
KR7415340009,,FGSC.45,IT,,,,
KR7415340009,,FGSC.50,통신서비스,,,,
KR7415340009,,FGSC.55,유틸리티,,,,
KR7256750001,,FGSC.10,에너지,,,,
KR7256750001,,FGSC.15,소재,,,,
KR7256750001,,FGSC.20,산업재,,,,
KR7256750001,,FGSC.25,경기소비재,,,,
KR7256750001,,FGSC.30,필수소비재,,,,
KR7256750001,,FGSC.35,의료,,,,
KR7256750001,,FGSC.40,금융,,,,
KR7256750001,,FGSC.45,IT,,,,
KR7256750001,,FGSC.50,통신서비스,,,,
KR7256750001,,FGSC.55,유틸리티,,,,
KR70065G0008,,FGSC.10,에너지,,,,
KR70065G0008,,FGSC.15,소재,,,,
KR70065G0008,,FGSC.20,산업재,,,,
KR70065G0008,,FGSC.25,경기소비재,,,,
KR70065G0008,,FGSC.30,필수소비재,,,,
KR70065G0008,,FGSC.35,의료,,,,
KR70065G0008,,FGSC.40,금융,,,,
KR70065G0008,,FGSC.45,IT,,,,
KR70065G0008,,FGSC.50,통신서비스,,,,
KR70065G0008,,FGSC.55,유틸리티,,,,
KR7372330001,,FGSC.10,에너지,,,,
KR7372330001,,FGSC.15,소재,,,,
KR7372330001,,FGSC.20,산업재,,,,
KR7372330001,,FGSC.25,경기소비재,,,,
KR7372330001,,FGSC.30,필수소비재,,,,
KR7372330001,,FGSC.35,의료,,,,
KR7372330001,,FGSC.40,금융,,,,
KR7372330001,,FGSC.45,IT,,,,
KR7372330001,,FGSC.50,통신서비스,,,,
KR7372330001,,FGSC.55,유틸리티,,,,
KR70048K0004,,FGSC.10,에너지,,,,
KR70048K0004,,FGSC.15,소재,,,,
KR70048K0004,,FGSC.20,산업재,,,,
KR70048K0004,,FGSC.25,경기소비재,,,,
KR70048K0004,,FGSC.30,필수소비재,,,,
KR70048K0004,,FGSC.35,의료,,,,
KR70048K0004,,FGSC.40,금융,,,,
KR70048K0004,,FGSC.45,IT,,,,
KR70048K0004,,FGSC.50,통신서비스,,,,
KR70048K0004,,FGSC.55,유틸리티,,,,
KR7279540009,20260813,FGSC.10,에너지,3.4557,2,1.45,삼성KODEX최소변동성증권상장지수투자신탁[주식]
KR7279540009,20260813,FGSC.15,소재,2.6762,2.8,-.12,삼성KODEX최소변동성증권상장지수투자신탁[주식]
KR7279540009,20260813,FGSC.20,산업재,10.4551,13.59,-3.13,삼성KODEX최소변동성증권상장지수투자신탁[주식]
KR7279540009,20260813,FGSC.25,경기소비재,9.1621,6.12,3.05,삼성KODEX최소변동성증권상장지수투자신탁[주식]
KR7279540009,20260813,FGSC.30,필수소비재,2.5912,1.91,.68,삼성KODEX최소변동성증권상장지수투자신탁[주식]
KR7279540009,20260813,FGSC.35,의료,9.7363,5.15,4.58,삼성KODEX최소변동성증권상장지수투자신탁[주식]
KR7279540009,20260813,FGSC.40,금융,9.216,7.56,1.66,삼성KODEX최소변동성증권상장지수투자신탁[주식]
KR7279540009,20260813,FGSC.45,IT,50.9749,59.71,-8.74,삼성KODEX최소변동성증권상장지수투자신탁[주식]
KR7279540009,,FGSC.50,통신서비스,,,,
KR7279540009,20260813,FGSC.55,유틸리티,1.7328,.5,1.24,삼성KODEX최소변동성증권상장지수투자신탁[주식]
KR7445150006,20260813,FGSC.10,에너지,4.8231,2,2.82,삼성KODEX 친환경조선해운액티브증권상장지수투자신탁[주식]
KR7445150006,20260813,FGSC.15,소재,14.1917,2.8,11.39,삼성KODEX 친환경조선해운액티브증권상장지수투자신탁[주식]
KR7445150006,20260813,FGSC.20,산업재,75.6516,13.59,62.06,삼성KODEX 친환경조선해운액티브증권상장지수투자신탁[주식]
KR7445150006,,FGSC.25,경기소비재,,,,
KR7445150006,,FGSC.30,필수소비재,,,,
KR7445150006,,FGSC.35,의료,,,,
KR7445150006,,FGSC.40,금융,,,,
KR7445150006,20260813,FGSC.45,IT,4.1315,59.71,-55.58,삼성KODEX 친환경조선해운액티브증권상장지수투자신탁[주식]
KR7445150006,,FGSC.50,통신서비스,,,,
KR7445150006,20260813,FGSC.55,유틸리티,1.2018,.5,.7,삼성KODEX 친환경조선해운액티브증권상장지수투자신탁[주식]
KR7211900006,20260813,FGSC.10,에너지,3.1587,2,1.16,삼성KODEX 코리아배당성장 증권상장지수투자신탁[주식]
KR7211900006,20260813,FGSC.15,소재,2.5784,2.8,-.22,삼성KODEX 코리아배당성장 증권상장지수투자신탁[주식]
KR7211900006,20260813,FGSC.20,산업재,8.917,13.59,-4.67,삼성KODEX 코리아배당성장 증권상장지수투자신탁[주식]
KR7211900006,20260813,FGSC.25,경기소비재,14.6743,6.12,8.56,삼성KODEX 코리아배당성장 증권상장지수투자신탁[주식]
KR7211900006,20260813,FGSC.30,필수소비재,12.3468,1.91,10.44,삼성KODEX 코리아배당성장 증권상장지수투자신탁[주식]
KR7211900006,20260813,FGSC.35,의료,1.6133,5.15,-3.54,삼성KODEX 코리아배당성장 증권상장지수투자신탁[주식]
KR7211900006,20260813,FGSC.40,금융,50.4261,7.56,42.87,삼성KODEX 코리아배당성장 증권상장지수투자신탁[주식]
KR7211900006,20260813,FGSC.45,IT,3.0559,59.71,-56.65,삼성KODEX 코리아배당성장 증권상장지수투자신탁[주식]
KR7211900006,20260813,FGSC.50,통신서비스,3.2297,.66,2.57,삼성KODEX 코리아배당성장 증권상장지수투자신탁[주식]
KR7211900006,,FGSC.55,유틸리티,,,,
KR7237370002,,FGSC.10,에너지,,,,
KR7237370002,,FGSC.15,소재,,,,
KR7237370002,,FGSC.20,산업재,,,,
KR7237370002,,FGSC.25,경기소비재,,,,
KR7237370002,,FGSC.30,필수소비재,,,,
KR7237370002,,FGSC.35,의료,,,,
KR7237370002,,FGSC.40,금융,,,,
KR7237370002,,FGSC.45,IT,,,,
KR7237370002,,FGSC.50,통신서비스,,,,
KR7237370002,,FGSC.55,유틸리티,,,,
KR7495850000,20260813,FGSC.10,에너지,.2274,2,-1.77,삼성KODEX 코리아밸류업증권상장지수투자신탁[주식]
KR7495850000,20260813,FGSC.15,소재,.3771,2.8,-2.42,삼성KODEX 코리아밸류업증권상장지수투자신탁[주식]
KR7495850000,20260813,FGSC.20,산업재,15.6697,13.59,2.08,삼성KODEX 코리아밸류업증권상장지수투자신탁[주식]
KR7495850000,20260813,FGSC.25,경기소비재,11.5198,6.12,5.4,삼성KODEX 코리아밸류업증권상장지수투자신탁[주식]
KR7495850000,20260813,FGSC.30,필수소비재,3.5916,1.91,1.68,삼성KODEX 코리아밸류업증권상장지수투자신탁[주식]
KR7495850000,20260813,FGSC.35,의료,.904,5.15,-4.25,삼성KODEX 코리아밸류업증권상장지수투자신탁[주식]
KR7495850000,20260813,FGSC.40,금융,18.8352,7.56,11.28,삼성KODEX 코리아밸류업증권상장지수투자신탁[주식]
KR7495850000,20260813,FGSC.45,IT,46.6384,59.71,-13.07,삼성KODEX 코리아밸류업증권상장지수투자신탁[주식]
KR7495850000,20260813,FGSC.50,통신서비스,2.1341,.66,1.47,삼성KODEX 코리아밸류업증권상장지수투자신탁[주식]
KR7495850000,20260813,FGSC.55,유틸리티,.1026,.5,-.4,삼성KODEX 코리아밸류업증권상장지수투자신탁[주식]
KR70115E0000,20260813,FGSC.10,에너지,3.1359,2,1.13,삼성KODEX 코리아소버린AI증권상장지수투자신탁[주식]
KR70115E0000,,FGSC.15,소재,,,,
KR70115E0000,20260813,FGSC.20,산업재,11.4588,13.59,-2.13,삼성KODEX 코리아소버린AI증권상장지수투자신탁[주식]
KR70115E0000,,FGSC.25,경기소비재,,,,
KR70115E0000,,FGSC.30,필수소비재,,,,
KR70115E0000,,FGSC.35,의료,,,,
KR70115E0000,,FGSC.40,금융,,,,
KR70115E0000,20260813,FGSC.45,IT,69.4165,59.71,9.71,삼성KODEX 코리아소버린AI증권상장지수투자신탁[주식]
KR70115E0000,20260813,FGSC.50,통신서비스,12.9935,.66,12.33,삼성KODEX 코리아소버린AI증권상장지수투자신탁[주식]
KR70115E0000,20260813,FGSC.55,유틸리티,2.9955,.5,2.5,삼성KODEX 코리아소버린AI증권상장지수투자신탁[주식]
KR7373490002,20260813,FGSC.10,에너지,6.1782,2,4.18,삼성KODEX 코리아혁신성장액티브증권상장지수투자신탁[주식]
KR7373490002,20260813,FGSC.15,소재,5.6855,2.8,2.88,삼성KODEX 코리아혁신성장액티브증권상장지수투자신탁[주식]
KR7373490002,20260813,FGSC.20,산업재,13.9658,13.59,.38,삼성KODEX 코리아혁신성장액티브증권상장지수투자신탁[주식]
KR7373490002,20260813,FGSC.25,경기소비재,19.8483,6.12,13.73,삼성KODEX 코리아혁신성장액티브증권상장지수투자신탁[주식]
KR7373490002,20260813,FGSC.30,필수소비재,3.6779,1.91,1.77,삼성KODEX 코리아혁신성장액티브증권상장지수투자신탁[주식]
KR7373490002,20260813,FGSC.35,의료,.7189,5.15,-4.44,삼성KODEX 코리아혁신성장액티브증권상장지수투자신탁[주식]
KR7373490002,,FGSC.40,금융,,,,
KR7373490002,20260813,FGSC.45,IT,49.9255,59.71,-9.79,삼성KODEX 코리아혁신성장액티브증권상장지수투자신탁[주식]
KR7373490002,,FGSC.50,통신서비스,,,,
KR7373490002,,FGSC.55,유틸리티,,,,
KR7229200001,20260813,FGSC.10,에너지,.6701,2,-1.33,삼성KODEX코스닥150증권상장지수투자신탁[주식]
KR7229200001,20260813,FGSC.15,소재,1.4335,2.8,-1.37,삼성KODEX코스닥150증권상장지수투자신탁[주식]
KR7229200001,20260813,FGSC.20,산업재,10.6175,13.59,-2.97,삼성KODEX코스닥150증권상장지수투자신탁[주식]
KR7229200001,20260813,FGSC.25,경기소비재,4.4425,6.12,-1.67,삼성KODEX코스닥150증권상장지수투자신탁[주식]
KR7229200001,20260813,FGSC.30,필수소비재,1.8916,1.91,-.02,삼성KODEX코스닥150증권상장지수투자신탁[주식]
KR7229200001,20260813,FGSC.35,의료,33.0071,5.15,27.85,삼성KODEX코스닥150증권상장지수투자신탁[주식]
KR7229200001,20260813,FGSC.40,금융,.62,7.56,-6.94,삼성KODEX코스닥150증권상장지수투자신탁[주식]
KR7229200001,20260813,FGSC.45,IT,47.3179,59.71,-12.39,삼성KODEX코스닥150증권상장지수투자신탁[주식]
KR7229200001,,FGSC.50,통신서비스,,,,
KR7229200001,,FGSC.55,유틸리티,,,,
KR7233740000,,FGSC.10,에너지,,,,
KR7233740000,,FGSC.15,소재,,,,
KR7233740000,,FGSC.20,산업재,,,,
KR7233740000,,FGSC.25,경기소비재,,,,
KR7233740000,,FGSC.30,필수소비재,,,,
KR7233740000,,FGSC.35,의료,,,,
KR7233740000,,FGSC.40,금융,,,,
KR7233740000,,FGSC.45,IT,,,,
KR7233740000,,FGSC.50,통신서비스,,,,
KR7233740000,,FGSC.55,유틸리티,,,,
KR7360150007,,FGSC.10,에너지,,,,
KR7360150007,,FGSC.15,소재,,,,
KR7360150007,,FGSC.20,산업재,,,,
KR7360150007,,FGSC.25,경기소비재,,,,
KR7360150007,,FGSC.30,필수소비재,,,,
KR7360150007,,FGSC.35,의료,,,,
KR7360150007,,FGSC.40,금융,,,,
KR7360150007,,FGSC.45,IT,,,,
KR7360150007,,FGSC.50,통신서비스,,,,
KR7360150007,,FGSC.55,유틸리티,,,,
KR7251340006,,FGSC.10,에너지,,,,
KR7251340006,,FGSC.15,소재,,,,
KR7251340006,,FGSC.20,산업재,,,,
KR7251340006,,FGSC.25,경기소비재,,,,
KR7251340006,,FGSC.30,필수소비재,,,,
KR7251340006,,FGSC.35,의료,,,,
KR7251340006,,FGSC.40,금융,,,,
KR7251340006,,FGSC.45,IT,,,,
KR7251340006,,FGSC.50,통신서비스,,,,
KR7251340006,,FGSC.55,유틸리티,,,,
KR7461450009,,FGSC.10,에너지,,,,
KR7461450009,20260813,FGSC.15,소재,.9806,2.8,-1.82,삼성KODEX 코스닥글로벌증권상장지수투자신탁[주식]
KR7461450009,20260813,FGSC.20,산업재,1.873,13.59,-11.72,삼성KODEX 코스닥글로벌증권상장지수투자신탁[주식]
KR7461450009,20260813,FGSC.25,경기소비재,4.6353,6.12,-1.48,삼성KODEX 코스닥글로벌증권상장지수투자신탁[주식]
KR7461450009,20260813,FGSC.30,필수소비재,1.464,1.91,-.44,삼성KODEX 코스닥글로벌증권상장지수투자신탁[주식]
KR7461450009,20260813,FGSC.35,의료,38.7176,5.15,33.56,삼성KODEX 코스닥글로벌증권상장지수투자신탁[주식]
KR7461450009,,FGSC.40,금융,,,,
KR7461450009,20260813,FGSC.45,IT,52.3292,59.71,-7.38,삼성KODEX 코스닥글로벌증권상장지수투자신탁[주식]
KR7461450009,,FGSC.50,통신서비스,,,,
KR7461450009,,FGSC.55,유틸리티,,,,
KR7226490001,20260813,FGSC.10,에너지,2.1371,2,.14,삼성KODEX 코스피증권상장지수투자신탁[주식]
KR7226490001,20260813,FGSC.15,소재,2.8606,2.8,.06,삼성KODEX 코스피증권상장지수투자신탁[주식]
KR7226490001,20260813,FGSC.20,산업재,13.7687,13.59,.18,삼성KODEX 코스피증권상장지수투자신탁[주식]
KR7226490001,20260813,FGSC.25,경기소비재,6.251,6.12,.14,삼성KODEX 코스피증권상장지수투자신탁[주식]
KR7226490001,20260813,FGSC.30,필수소비재,1.8759,1.91,-.03,삼성KODEX 코스피증권상장지수투자신탁[주식]
KR7226490001,20260813,FGSC.35,의료,3.318,5.15,-1.84,삼성KODEX 코스피증권상장지수투자신탁[주식]
KR7226490001,20260813,FGSC.40,금융,8.2978,7.56,.74,삼성KODEX 코스피증권상장지수투자신탁[주식]
KR7226490001,20260813,FGSC.45,IT,60.1657,59.71,.46,삼성KODEX 코스피증권상장지수투자신탁[주식]
KR7226490001,20260813,FGSC.50,통신서비스,.7311,.66,.07,삼성KODEX 코스피증권상장지수투자신탁[주식]
KR7226490001,20260813,FGSC.55,유틸리티,.5948,.5,.1,삼성KODEX 코스피증권상장지수투자신탁[주식]
KR7359210002,20260813,FGSC.10,에너지,2.1232,2,.12,삼성KODEX 코스피 Total Return 증권상장지수투자신탁[주식]
KR7359210002,20260813,FGSC.15,소재,2.9035,2.8,.1,삼성KODEX 코스피 Total Return 증권상장지수투자신탁[주식]
KR7359210002,20260813,FGSC.20,산업재,13.854,13.59,.27,삼성KODEX 코스피 Total Return 증권상장지수투자신탁[주식]
KR7359210002,20260813,FGSC.25,경기소비재,6.1847,6.12,.07,삼성KODEX 코스피 Total Return 증권상장지수투자신탁[주식]
KR7359210002,20260813,FGSC.30,필수소비재,1.8521,1.91,-.06,삼성KODEX 코스피 Total Return 증권상장지수투자신탁[주식]
KR7359210002,20260813,FGSC.35,의료,3.3201,5.15,-1.83,삼성KODEX 코스피 Total Return 증권상장지수투자신탁[주식]
KR7359210002,20260813,FGSC.40,금융,8.3189,7.56,.76,삼성KODEX 코스피 Total Return 증권상장지수투자신탁[주식]
KR7359210002,20260813,FGSC.45,IT,60.1169,59.71,.41,삼성KODEX 코스피 Total Return 증권상장지수투자신탁[주식]
KR7359210002,20260813,FGSC.50,통신서비스,.7351,.66,.07,삼성KODEX 코스피 Total Return 증권상장지수투자신탁[주식]
KR7359210002,20260813,FGSC.55,유틸리티,.5914,.5,.09,삼성KODEX 코스피 Total Return 증권상장지수투자신탁[주식]
KR7337140008,20260813,FGSC.10,에너지,1.9419,2,-.06,삼성KODEX 코스피대형주증권상장지수투자신탁[주식]
KR7337140008,20260813,FGSC.15,소재,1.7616,2.8,-1.04,삼성KODEX 코스피대형주증권상장지수투자신탁[주식]
KR7337140008,20260813,FGSC.20,산업재,13.2331,13.59,-.36,삼성KODEX 코스피대형주증권상장지수투자신탁[주식]
KR7337140008,20260813,FGSC.25,경기소비재,4.9578,6.12,-1.16,삼성KODEX 코스피대형주증권상장지수투자신탁[주식]
KR7337140008,20260813,FGSC.30,필수소비재,1.0316,1.91,-.88,삼성KODEX 코스피대형주증권상장지수투자신탁[주식]
KR7337140008,20260813,FGSC.35,의료,3.0485,5.15,-2.11,삼성KODEX 코스피대형주증권상장지수투자신탁[주식]
KR7337140008,20260813,FGSC.40,금융,8.1533,7.56,.59,삼성KODEX 코스피대형주증권상장지수투자신탁[주식]
KR7337140008,20260813,FGSC.45,IT,64.5975,59.71,4.89,삼성KODEX 코스피대형주증권상장지수투자신탁[주식]
KR7337140008,20260813,FGSC.50,통신서비스,.801,.66,.14,삼성KODEX 코스피대형주증권상장지수투자신탁[주식]
KR7337140008,20260813,FGSC.55,유틸리티,.4737,.5,-.02,삼성KODEX 코스피대형주증권상장지수투자신탁[주식]
KR7138920004,,FGSC.10,에너지,,,,
KR7138920004,,FGSC.15,소재,,,,
KR7138920004,,FGSC.20,산업재,,,,
KR7138920004,,FGSC.25,경기소비재,,,,
KR7138920004,,FGSC.30,필수소비재,,,,
KR7138920004,,FGSC.35,의료,,,,
KR7138920004,,FGSC.40,금융,,,,
KR7138920004,,FGSC.45,IT,,,,
KR7138920004,,FGSC.50,통신서비스,,,,
KR7138920004,,FGSC.55,유틸리티,,,,
KR7244660007,20260813,FGSC.10,에너지,1.1251,2,-.88,삼성KODEX퀄리티PLUS증권상장지수투자신탁[주식]
KR7244660007,,FGSC.15,소재,,,,
KR7244660007,20260813,FGSC.20,산업재,7.7906,13.59,-5.8,삼성KODEX퀄리티PLUS증권상장지수투자신탁[주식]
KR7244660007,20260813,FGSC.25,경기소비재,30.7241,6.12,24.61,삼성KODEX퀄리티PLUS증권상장지수투자신탁[주식]
KR7244660007,20260813,FGSC.30,필수소비재,33.3529,1.91,31.44,삼성KODEX퀄리티PLUS증권상장지수투자신탁[주식]
KR7244660007,20260813,FGSC.35,의료,19.9195,5.15,14.77,삼성KODEX퀄리티PLUS증권상장지수투자신탁[주식]
KR7244660007,,FGSC.40,금융,,,,
KR7244660007,20260813,FGSC.45,IT,7.0876,59.71,-52.62,삼성KODEX퀄리티PLUS증권상장지수투자신탁[주식]
KR7244660007,,FGSC.50,통신서비스,,,,
KR7244660007,,FGSC.55,유틸리티,,,,
KR7375770005,20260813,FGSC.10,에너지,1.1827,2,-.82,삼성KODEX 탄소효율그린뉴딜증권상장지수투자신탁[주식]
KR7375770005,20260813,FGSC.15,소재,3.0921,2.8,.29,삼성KODEX 탄소효율그린뉴딜증권상장지수투자신탁[주식]
KR7375770005,20260813,FGSC.20,산업재,14.9507,13.59,1.36,삼성KODEX 탄소효율그린뉴딜증권상장지수투자신탁[주식]
KR7375770005,20260813,FGSC.25,경기소비재,5.3994,6.12,-.72,삼성KODEX 탄소효율그린뉴딜증권상장지수투자신탁[주식]
KR7375770005,20260813,FGSC.30,필수소비재,2.0072,1.91,.1,삼성KODEX 탄소효율그린뉴딜증권상장지수투자신탁[주식]
KR7375770005,20260813,FGSC.35,의료,4.9725,5.15,-.18,삼성KODEX 탄소효율그린뉴딜증권상장지수투자신탁[주식]
KR7375770005,20260813,FGSC.40,금융,9.535,7.56,1.98,삼성KODEX 탄소효율그린뉴딜증권상장지수투자신탁[주식]
KR7375770005,20260813,FGSC.45,IT,58.1475,59.71,-1.56,삼성KODEX 탄소효율그린뉴딜증권상장지수투자신탁[주식]
KR7375770005,20260813,FGSC.50,통신서비스,.2915,.66,-.37,삼성KODEX 탄소효율그린뉴딜증권상장지수투자신탁[주식]
KR7375770005,20260813,FGSC.55,유틸리티,.4213,.5,-.08,삼성KODEX 탄소효율그린뉴딜증권상장지수투자신탁[주식]
KR7459560009,,FGSC.10,에너지,,,,
KR7459560009,,FGSC.15,소재,,,,
KR7459560009,,FGSC.20,산업재,,,,
KR7459560009,,FGSC.25,경기소비재,,,,
KR7459560009,,FGSC.30,필수소비재,,,,
KR7459560009,,FGSC.35,의료,,,,
KR7459560009,,FGSC.40,금융,,,,
KR7459560009,,FGSC.45,IT,,,,
KR7459560009,,FGSC.50,통신서비스,,,,
KR7459560009,,FGSC.55,유틸리티,,,,
KR7475080008,,FGSC.10,에너지,,,,
KR7475080008,,FGSC.15,소재,,,,
KR7475080008,,FGSC.20,산업재,,,,
KR7475080008,,FGSC.25,경기소비재,,,,
KR7475080008,,FGSC.30,필수소비재,,,,
KR7475080008,,FGSC.35,의료,,,,
KR7475080008,,FGSC.40,금융,,,,
KR7475080008,,FGSC.45,IT,,,,
KR7475080008,,FGSC.50,통신서비스,,,,
KR7475080008,,FGSC.55,유틸리티,,,,
KR7266410000,,FGSC.10,에너지,,,,
KR7266410000,20260813,FGSC.15,소재,.4077,2.8,-2.39,삼성KODEX 필수소비재증권상장지수투자신탁[주식]
KR7266410000,,FGSC.20,산업재,,,,
KR7266410000,20260813,FGSC.25,경기소비재,6.8072,6.12,.69,삼성KODEX 필수소비재증권상장지수투자신탁[주식]
KR7266410000,20260813,FGSC.30,필수소비재,91.6918,1.91,89.78,삼성KODEX 필수소비재증권상장지수투자신탁[주식]
KR7266410000,20260813,FGSC.35,의료,1.093,5.15,-4.06,삼성KODEX 필수소비재증권상장지수투자신탁[주식]
KR7266410000,,FGSC.40,금융,,,,
KR7266410000,,FGSC.45,IT,,,,
KR7266410000,,FGSC.50,통신서비스,,,,
KR7266410000,,FGSC.55,유틸리티,,,,
KR7298770009,,FGSC.10,에너지,,,,
KR7298770009,,FGSC.15,소재,,,,
KR7298770009,,FGSC.20,산업재,,,,
KR7298770009,,FGSC.25,경기소비재,,,,
KR7298770009,,FGSC.30,필수소비재,,,,
KR7298770009,,FGSC.35,의료,,,,
KR7298770009,,FGSC.40,금융,,,,
KR7298770009,,FGSC.45,IT,,,,
KR7298770009,,FGSC.50,통신서비스,,,,
KR7298770009,,FGSC.55,유틸리티,,,,
KR7476800008,,FGSC.10,에너지,,,,
KR7476800008,,FGSC.15,소재,,,,
KR7476800008,20260813,FGSC.20,산업재,33.8097,13.59,20.22,삼성KODEX 한국부동산리츠인프라부동산상장지수투자신탁[재간접형]
KR7476800008,,FGSC.25,경기소비재,,,,
KR7476800008,,FGSC.30,필수소비재,,,,
KR7476800008,,FGSC.35,의료,,,,
KR7476800008,20260813,FGSC.40,금융,66.1903,7.56,58.63,삼성KODEX 한국부동산리츠인프라부동산상장지수투자신탁[재간접형]
KR7476800008,,FGSC.45,IT,,,,
KR7476800008,,FGSC.50,통신서비스,,,,
KR7476800008,,FGSC.55,유틸리티,,,,
KR7450190004,,FGSC.10,에너지,,,,
KR7450190004,,FGSC.15,소재,,,,
KR7450190004,,FGSC.20,산업재,,,,
KR7450190004,,FGSC.25,경기소비재,,,,
KR7450190004,,FGSC.30,필수소비재,,,,
KR7450190004,,FGSC.35,의료,,,,
KR7450190004,,FGSC.40,금융,,,,
KR7450190004,,FGSC.45,IT,,,,
KR7450190004,,FGSC.50,통신서비스,,,,
KR7450190004,,FGSC.55,유틸리티,,,,
KR7450180005,,FGSC.10,에너지,,,,
KR7450180005,,FGSC.15,소재,,,,
KR7450180005,,FGSC.20,산업재,,,,
KR7450180005,,FGSC.25,경기소비재,,,,
KR7450180005,,FGSC.30,필수소비재,,,,
KR7450180005,,FGSC.35,의료,,,,
KR7450180005,,FGSC.40,금융,,,,
KR7450180005,,FGSC.45,IT,,,,
KR7450180005,,FGSC.50,통신서비스,,,,
KR7450180005,,FGSC.55,유틸리티,,,,
KR7266420009,,FGSC.10,에너지,,,,
KR7266420009,,FGSC.15,소재,,,,
KR7266420009,,FGSC.20,산업재,,,,
KR7266420009,,FGSC.25,경기소비재,,,,
KR7266420009,20260813,FGSC.30,필수소비재,.7522,1.91,-1.16,삼성KODEX 헬스케어증권상장지수투자신탁[주식]
KR7266420009,20260813,FGSC.35,의료,99.2482,5.15,94.09,삼성KODEX 헬스케어증권상장지수투자신탁[주식]
KR7266420009,,FGSC.40,금융,,,,
KR7266420009,,FGSC.45,IT,,,,
KR7266420009,,FGSC.50,통신서비스,,,,
KR7266420009,,FGSC.55,유틸리티,,,,
KR7364690008,20260813,FGSC.10,에너지,2.3435,2,.34,삼성KODEX 혁신기술테마액티브증권상장지수투자신탁[주식]
KR7364690008,20260813,FGSC.15,소재,2.5804,2.8,-.22,삼성KODEX 혁신기술테마액티브증권상장지수투자신탁[주식]
KR7364690008,20260813,FGSC.20,산업재,16.5243,13.59,2.94,삼성KODEX 혁신기술테마액티브증권상장지수투자신탁[주식]
KR7364690008,20260813,FGSC.25,경기소비재,5.9457,6.12,-.17,삼성KODEX 혁신기술테마액티브증권상장지수투자신탁[주식]
KR7364690008,20260813,FGSC.30,필수소비재,.793,1.91,-1.11,삼성KODEX 혁신기술테마액티브증권상장지수투자신탁[주식]
KR7364690008,20260813,FGSC.35,의료,3.118,5.15,-2.04,삼성KODEX 혁신기술테마액티브증권상장지수투자신탁[주식]
KR7364690008,20260813,FGSC.40,금융,4.3699,7.56,-3.19,삼성KODEX 혁신기술테마액티브증권상장지수투자신탁[주식]
KR7364690008,20260813,FGSC.45,IT,62.503,59.71,2.79,삼성KODEX 혁신기술테마액티브증권상장지수투자신탁[주식]
KR7364690008,20260813,FGSC.50,통신서비스,1.8219,.66,1.16,삼성KODEX 혁신기술테마액티브증권상장지수투자신탁[주식]
KR7364690008,,FGSC.55,유틸리티,,,,
KR70204D0003,,FGSC.10,에너지,,,,
KR70204D0003,,FGSC.15,소재,,,,
KR70204D0003,20260813,FGSC.20,산업재,8.6438,13.59,-4.95,삼성KODEX 현대차로보틱스밸류체인TOP3플러스증권상장지수투자신탁[주식]
KR70204D0003,20260813,FGSC.25,경기소비재,85.902,6.12,79.79,삼성KODEX 현대차로보틱스밸류체인TOP3플러스증권상장지수투자신탁[주식]
KR70204D0003,,FGSC.30,필수소비재,,,,
KR70204D0003,,FGSC.35,의료,,,,
KR70204D0003,,FGSC.40,금융,,,,
KR70204D0003,20260813,FGSC.45,IT,5.4541,59.71,-54.26,삼성KODEX 현대차로보틱스밸류체인TOP3플러스증권상장지수투자신탁[주식]
KR70204D0003,,FGSC.50,통신서비스,,,,
KR70204D0003,,FGSC.55,유틸리티,,,,
KR7069500007,20260813,FGSC.10,에너지,1.355,2,-.65,삼성KODEX200상장지수투자신탁
KR7069500007,20260813,FGSC.15,소재,2.1177,2.8,-.68,삼성KODEX200상장지수투자신탁
KR7069500007,20260813,FGSC.20,산업재,10.7398,13.59,-2.85,삼성KODEX200상장지수투자신탁
KR7069500007,20260813,FGSC.25,경기소비재,5.261,6.12,-.85,삼성KODEX200상장지수투자신탁
KR7069500007,20260813,FGSC.30,필수소비재,1.5635,1.91,-.34,삼성KODEX200상장지수투자신탁
KR7069500007,20260813,FGSC.35,의료,1.9311,5.15,-3.22,삼성KODEX200상장지수투자신탁
KR7069500007,20260813,FGSC.40,금융,7.7571,7.56,.2,삼성KODEX200상장지수투자신탁
KR7069500007,20260813,FGSC.45,IT,68.0473,59.71,8.34,삼성KODEX200상장지수투자신탁
KR7069500007,20260813,FGSC.50,통신서비스,.8298,.66,.17,삼성KODEX200상장지수투자신탁
KR7069500007,20260813,FGSC.55,유틸리티,.3975,.5,-.1,삼성KODEX200상장지수투자신탁
KR7321410003,,FGSC.10,에너지,,,,
KR7321410003,,FGSC.15,소재,,,,
KR7321410003,,FGSC.20,산업재,,,,
KR7321410003,,FGSC.25,경기소비재,,,,
KR7321410003,,FGSC.30,필수소비재,,,,
KR7321410003,,FGSC.35,의료,,,,
KR7321410003,,FGSC.40,금융,,,,
KR7321410003,,FGSC.45,IT,,,,
KR7321410003,,FGSC.50,통신서비스,,,,
KR7321410003,,FGSC.55,유틸리티,,,,
KR7219480001,,FGSC.10,에너지,,,,
KR7219480001,,FGSC.15,소재,,,,
KR7219480001,,FGSC.20,산업재,,,,
KR7219480001,,FGSC.25,경기소비재,,,,
KR7219480001,,FGSC.30,필수소비재,,,,
KR7219480001,,FGSC.35,의료,,,,
KR7219480001,,FGSC.40,금융,,,,
KR7219480001,,FGSC.45,IT,,,,
KR7219480001,,FGSC.50,통신서비스,,,,
KR7219480001,,FGSC.55,유틸리티,,,,
KR7468370002,,FGSC.10,에너지,,,,
KR7468370002,,FGSC.15,소재,,,,
KR7468370002,,FGSC.20,산업재,,,,
KR7468370002,,FGSC.25,경기소비재,,,,
KR7468370002,,FGSC.30,필수소비재,,,,
KR7468370002,,FGSC.35,의료,,,,
KR7468370002,,FGSC.40,금융,,,,
KR7468370002,,FGSC.45,IT,,,,
KR7468370002,,FGSC.50,통신서비스,,,,
KR7468370002,,FGSC.55,유틸리티,,,,
KR7468630009,,FGSC.10,에너지,,,,
KR7468630009,,FGSC.15,소재,,,,
KR7468630009,,FGSC.20,산업재,,,,
KR7468630009,,FGSC.25,경기소비재,,,,
KR7468630009,,FGSC.30,필수소비재,,,,
KR7468630009,,FGSC.35,의료,,,,
KR7468630009,,FGSC.40,금융,,,,
KR7468630009,,FGSC.45,IT,,,,
KR7468630009,,FGSC.50,통신서비스,,,,
KR7468630009,,FGSC.55,유틸리티,,,,
KR7176950004,,FGSC.10,에너지,,,,
KR7176950004,,FGSC.15,소재,,,,
KR7176950004,,FGSC.20,산업재,,,,
KR7176950004,,FGSC.25,경기소비재,,,,
KR7176950004,,FGSC.30,필수소비재,,,,
KR7176950004,,FGSC.35,의료,,,,
KR7176950004,,FGSC.40,금융,,,,
KR7176950004,,FGSC.45,IT,,,,
KR7176950004,,FGSC.50,통신서비스,,,,
KR7176950004,,FGSC.55,유틸리티,,,,
KR7152380002,,FGSC.10,에너지,,,,
KR7152380002,,FGSC.15,소재,,,,
KR7152380002,,FGSC.20,산업재,,,,
KR7152380002,,FGSC.25,경기소비재,,,,
KR7152380002,,FGSC.30,필수소비재,,,,
KR7152380002,,FGSC.35,의료,,,,
KR7152380002,,FGSC.40,금융,,,,
KR7152380002,,FGSC.45,IT,,,,
KR7152380002,,FGSC.50,통신서비스,,,,
KR7152380002,,FGSC.55,유틸리티,,,,
KR7117700005,20260813,FGSC.10,에너지,7.0083,2,5.01,삼성KODEX건설증권ETF[주식]
KR7117700005,20260813,FGSC.15,소재,3.2337,2.8,.43,삼성KODEX건설증권ETF[주식]
KR7117700005,20260813,FGSC.20,산업재,87.3134,13.59,73.72,삼성KODEX건설증권ETF[주식]
KR7117700005,20260813,FGSC.25,경기소비재,1.4997,6.12,-4.62,삼성KODEX건설증권ETF[주식]
KR7117700005,,FGSC.30,필수소비재,,,,
KR7117700005,,FGSC.35,의료,,,,
KR7117700005,,FGSC.40,금융,,,,
KR7117700005,20260813,FGSC.45,IT,.9448,59.71,-58.77,삼성KODEX건설증권ETF[주식]
KR7117700005,,FGSC.50,통신서비스,,,,
KR7117700005,,FGSC.55,유틸리티,,,,
KR7214980005,,FGSC.10,에너지,,,,
KR7214980005,,FGSC.15,소재,,,,
KR7214980005,,FGSC.20,산업재,,,,
KR7214980005,,FGSC.25,경기소비재,,,,
KR7214980005,,FGSC.30,필수소비재,,,,
KR7214980005,,FGSC.35,의료,,,,
KR7214980005,,FGSC.40,금융,,,,
KR7214980005,,FGSC.45,IT,,,,
KR7214980005,,FGSC.50,통신서비스,,,,
KR7214980005,,FGSC.55,유틸리티,,,,
KR7153130000,,FGSC.10,에너지,,,,
KR7153130000,,FGSC.15,소재,,,,
KR7153130000,,FGSC.20,산업재,,,,
KR7153130000,,FGSC.25,경기소비재,,,,
KR7153130000,,FGSC.30,필수소비재,,,,
KR7153130000,,FGSC.35,의료,,,,
KR7153130000,,FGSC.40,금융,,,,
KR7153130000,,FGSC.45,IT,,,,
KR7153130000,,FGSC.50,통신서비스,,,,
KR7153130000,,FGSC.55,유틸리티,,,,
KR7122630007,,FGSC.10,에너지,,,,
KR7122630007,,FGSC.15,소재,,,,
KR7122630007,,FGSC.20,산업재,,,,
KR7122630007,,FGSC.25,경기소비재,,,,
KR7122630007,,FGSC.30,필수소비재,,,,
KR7122630007,,FGSC.35,의료,,,,
KR7122630007,,FGSC.40,금융,,,,
KR7122630007,,FGSC.45,IT,,,,
KR7122630007,,FGSC.50,통신서비스,,,,
KR7122630007,,FGSC.55,유틸리티,,,,
KR7185680006,,FGSC.10,에너지,,,,
KR7185680006,,FGSC.15,소재,,,,
KR7185680006,,FGSC.20,산업재,,,,
KR7185680006,,FGSC.25,경기소비재,,,,
KR7185680006,,FGSC.30,필수소비재,,,,
KR7185680006,,FGSC.35,의료,,,,
KR7185680006,,FGSC.40,금융,,,,
KR7185680006,,FGSC.45,IT,,,,
KR7185680006,,FGSC.50,통신서비스,,,,
KR7185680006,,FGSC.55,유틸리티,,,,
KR7140700006,,FGSC.10,에너지,,,,
KR7140700006,,FGSC.15,소재,,,,
KR7140700006,,FGSC.20,산업재,,,,
KR7140700006,,FGSC.25,경기소비재,,,,
KR7140700006,,FGSC.30,필수소비재,,,,
KR7140700006,,FGSC.35,의료,,,,
KR7140700006,20260813,FGSC.40,금융,99.9999,7.56,92.44,삼성KODEX보험증권상장지수투자신탁[주식]
KR7140700006,,FGSC.45,IT,,,,
KR7140700006,,FGSC.50,통신서비스,,,,
KR7140700006,,FGSC.55,유틸리티,,,,
KR7213610009,,FGSC.10,에너지,,,,
KR7213610009,,FGSC.15,소재,,,,
KR7213610009,20260813,FGSC.20,산업재,24.7461,13.59,11.16,삼성KODEX삼성그룹밸류증권상장지수투자신탁[주식]
KR7213610009,20260813,FGSC.25,경기소비재,7.9391,6.12,1.82,삼성KODEX삼성그룹밸류증권상장지수투자신탁[주식]
KR7213610009,,FGSC.30,필수소비재,,,,
KR7213610009,20260813,FGSC.35,의료,7.4994,5.15,2.35,삼성KODEX삼성그룹밸류증권상장지수투자신탁[주식]
KR7213610009,20260813,FGSC.40,금융,21.1602,7.56,13.6,삼성KODEX삼성그룹밸류증권상장지수투자신탁[주식]
KR7213610009,20260813,FGSC.45,IT,38.6552,59.71,-21.06,삼성KODEX삼성그룹밸류증권상장지수투자신탁[주식]
KR7213610009,,FGSC.50,통신서비스,,,,
KR7213610009,,FGSC.55,유틸리티,,,,
KR7117460006,20260813,FGSC.10,에너지,30.8925,2,28.89,삼성KODEX에너지화학증권ETF
KR7117460006,20260813,FGSC.15,소재,45.1101,2.8,42.31,삼성KODEX에너지화학증권ETF
KR7117460006,20260813,FGSC.20,산업재,18.9626,13.59,5.37,삼성KODEX에너지화학증권ETF
KR7117460006,,FGSC.25,경기소비재,,,,
KR7117460006,,FGSC.30,필수소비재,,,,
KR7117460006,,FGSC.35,의료,,,,
KR7117460006,,FGSC.40,금융,,,,
KR7117460006,20260813,FGSC.45,IT,5.0345,59.71,-54.68,삼성KODEX에너지화학증권ETF
KR7117460006,,FGSC.50,통신서비스,,,,
KR7117460006,,FGSC.55,유틸리티,,,,
KR7140710005,,FGSC.10,에너지,,,,
KR7140710005,,FGSC.15,소재,,,,
KR7140710005,20260813,FGSC.20,산업재,94.7981,13.59,81.21,삼성KODEX운송증권상장지수투자신탁[주식]
KR7140710005,20260813,FGSC.25,경기소비재,5.2019,6.12,-.91,삼성KODEX운송증권상장지수투자신탁[주식]
KR7140710005,,FGSC.30,필수소비재,,,,
KR7140710005,,FGSC.35,의료,,,,
KR7140710005,,FGSC.40,금융,,,,
KR7140710005,,FGSC.45,IT,,,,
KR7140710005,,FGSC.50,통신서비스,,,,
KR7140710005,,FGSC.55,유틸리티,,,,
KR7114800006,,FGSC.10,에너지,,,,
KR7114800006,,FGSC.15,소재,,,,
KR7114800006,,FGSC.20,산업재,,,,
KR7114800006,,FGSC.25,경기소비재,,,,
KR7114800006,,FGSC.30,필수소비재,,,,
KR7114800006,,FGSC.35,의료,,,,
KR7114800006,,FGSC.40,금융,,,,
KR7114800006,,FGSC.45,IT,,,,
KR7114800006,,FGSC.50,통신서비스,,,,
KR7114800006,,FGSC.55,유틸리티,,,,
KR7117680009,,FGSC.10,에너지,,,,
KR7117680009,20260813,FGSC.15,소재,96.4862,2.8,93.69,삼성KODEX철강증권ETF[주식]
KR7117680009,,FGSC.20,산업재,,,,
KR7117680009,20260813,FGSC.25,경기소비재,2.0384,6.12,-4.08,삼성KODEX철강증권ETF[주식]
KR7117680009,,FGSC.30,필수소비재,,,,
KR7117680009,,FGSC.35,의료,,,,
KR7117680009,,FGSC.40,금융,,,,
KR7117680009,20260813,FGSC.45,IT,1.4754,59.71,-58.24,삼성KODEX철강증권ETF[주식]
KR7117680009,,FGSC.50,통신서비스,,,,
KR7117680009,,FGSC.55,유틸리티,,,,
KR7487130007,20260813,FGSC.10,에너지,4.054,2,2.05,삼성액티브 KoAct AI인프라액티브증권상장지수투자신탁[주식]
KR7487130007,,FGSC.15,소재,,,,
KR7487130007,20260813,FGSC.20,산업재,23.9677,13.59,10.38,삼성액티브 KoAct AI인프라액티브증권상장지수투자신탁[주식]
KR7487130007,,FGSC.25,경기소비재,,,,
KR7487130007,,FGSC.30,필수소비재,,,,
KR7487130007,,FGSC.35,의료,,,,
KR7487130007,,FGSC.40,금융,,,,
KR7487130007,20260813,FGSC.45,IT,71.3895,59.71,11.68,삼성액티브 KoAct AI인프라액티브증권상장지수투자신탁[주식]
KR7487130007,20260813,FGSC.50,통신서비스,.5887,.66,-.07,삼성액티브 KoAct AI인프라액티브증권상장지수투자신탁[주식]
KR7487130007,,FGSC.55,유틸리티,,,,
KR70074K0001,,FGSC.10,에너지,,,,
KR70074K0001,20260813,FGSC.15,소재,.8579,2.8,-1.94,삼성액티브KoAct K수출핵심기업 TOP30 액티브증권상장지수투자신탁[주식]
KR70074K0001,20260813,FGSC.20,산업재,26.3735,13.59,12.78,삼성액티브KoAct K수출핵심기업 TOP30 액티브증권상장지수투자신탁[주식]
KR70074K0001,20260813,FGSC.25,경기소비재,8.5806,6.12,2.46,삼성액티브KoAct K수출핵심기업 TOP30 액티브증권상장지수투자신탁[주식]
KR70074K0001,20260813,FGSC.30,필수소비재,8.0281,1.91,6.12,삼성액티브KoAct K수출핵심기업 TOP30 액티브증권상장지수투자신탁[주식]
KR70074K0001,20260813,FGSC.35,의료,5.483,5.15,.33,삼성액티브KoAct K수출핵심기업 TOP30 액티브증권상장지수투자신탁[주식]
KR70074K0001,,FGSC.40,금융,,,,
KR70074K0001,20260813,FGSC.45,IT,50.6768,59.71,-9.03,삼성액티브KoAct K수출핵심기업 TOP30 액티브증권상장지수투자신탁[주식]
KR70074K0001,,FGSC.50,통신서비스,,,,
KR70074K0001,,FGSC.55,유틸리티,,,,
KR70222D0001,20260813,FGSC.10,에너지,4.8293,2,2.83,삼성액티브KoAct고배당액티브증권상장지수투자신탁[주식]
KR70222D0001,20260813,FGSC.15,소재,4.4071,2.8,1.61,삼성액티브KoAct고배당액티브증권상장지수투자신탁[주식]
KR70222D0001,20260813,FGSC.20,산업재,13.7519,13.59,.16,삼성액티브KoAct고배당액티브증권상장지수투자신탁[주식]
KR70222D0001,20260813,FGSC.25,경기소비재,29.6673,6.12,23.55,삼성액티브KoAct고배당액티브증권상장지수투자신탁[주식]
KR70222D0001,20260813,FGSC.30,필수소비재,3.9692,1.91,2.06,삼성액티브KoAct고배당액티브증권상장지수투자신탁[주식]
KR70222D0001,,FGSC.35,의료,,,,
KR70222D0001,20260813,FGSC.40,금융,31.062,7.56,23.5,삼성액티브KoAct고배당액티브증권상장지수투자신탁[주식]
KR70222D0001,20260813,FGSC.45,IT,2.8457,59.71,-56.86,삼성액티브KoAct고배당액티브증권상장지수투자신탁[주식]
KR70222D0001,20260813,FGSC.50,통신서비스,6.2471,.66,5.58,삼성액티브KoAct고배당액티브증권상장지수투자신탁[주식]
KR70222D0001,20260813,FGSC.55,유틸리티,3.2206,.5,2.72,삼성액티브KoAct고배당액티브증권상장지수투자신탁[주식]
KR70219B0008,,FGSC.10,에너지,,,,
KR70219B0008,20260813,FGSC.15,소재,2.6223,2.8,-.18,삼성액티브 KoAct 광통신&위성네트워크액티브증권상장지수투자신탁[주식]
KR70219B0008,20260813,FGSC.20,산업재,49.4077,13.59,35.82,삼성액티브 KoAct 광통신&위성네트워크액티브증권상장지수투자신탁[주식]
KR70219B0008,,FGSC.25,경기소비재,,,,
KR70219B0008,,FGSC.30,필수소비재,,,,
KR70219B0008,,FGSC.35,의료,,,,
KR70219B0008,,FGSC.40,금융,,,,
KR70219B0008,20260813,FGSC.45,IT,45.7324,59.71,-13.98,삼성액티브 KoAct 광통신&위성네트워크액티브증권상장지수투자신탁[주식]
KR70219B0008,20260813,FGSC.50,통신서비스,2.2377,.66,1.58,삼성액티브 KoAct 광통신&위성네트워크액티브증권상장지수투자신탁[주식]
KR70219B0008,,FGSC.55,유틸리티,,,,
KR7471040006,,FGSC.10,에너지,,,,
KR7471040006,,FGSC.15,소재,,,,
KR7471040006,,FGSC.20,산업재,,,,
KR7471040006,,FGSC.25,경기소비재,,,,
KR7471040006,,FGSC.30,필수소비재,,,,
KR7471040006,,FGSC.35,의료,,,,
KR7471040006,,FGSC.40,금융,,,,
KR7471040006,,FGSC.45,IT,,,,
KR7471040006,,FGSC.50,통신서비스,,,,
KR7471040006,,FGSC.55,유틸리티,,,,
KR70174B0001,,FGSC.10,에너지,,,,
KR70174B0001,,FGSC.15,소재,,,,
KR70174B0001,,FGSC.20,산업재,,,,
KR70174B0001,,FGSC.25,경기소비재,,,,
KR70174B0001,,FGSC.30,필수소비재,,,,
KR70174B0001,,FGSC.35,의료,,,,
KR70174B0001,,FGSC.40,금융,,,,
KR70174B0001,,FGSC.45,IT,,,,
KR70174B0001,,FGSC.50,통신서비스,,,,
KR70174B0001,,FGSC.55,유틸리티,,,,
KR70132D0000,,FGSC.10,에너지,,,,
KR70132D0000,,FGSC.15,소재,,,,
KR70132D0000,,FGSC.20,산업재,,,,
KR70132D0000,,FGSC.25,경기소비재,,,,
KR70132D0000,,FGSC.30,필수소비재,,,,
KR70132D0000,,FGSC.35,의료,,,,
KR70132D0000,,FGSC.40,금융,,,,
KR70132D0000,,FGSC.45,IT,,,,
KR70132D0000,,FGSC.50,통신서비스,,,,
KR70132D0000,,FGSC.55,유틸리티,,,,
KR70020H0001,,FGSC.10,에너지,,,,
KR70020H0001,,FGSC.15,소재,,,,
KR70020H0001,,FGSC.20,산업재,,,,
KR70020H0001,,FGSC.25,경기소비재,,,,
KR70020H0001,,FGSC.30,필수소비재,,,,
KR70020H0001,,FGSC.35,의료,,,,
KR70020H0001,,FGSC.40,금융,,,,
KR70020H0001,,FGSC.45,IT,,,,
KR70020H0001,,FGSC.50,통신서비스,,,,
KR70020H0001,,FGSC.55,유틸리티,,,,
KR7475070009,,FGSC.10,에너지,,,,
KR7475070009,,FGSC.15,소재,,,,
KR7475070009,,FGSC.20,산업재,,,,
KR7475070009,,FGSC.25,경기소비재,,,,
KR7475070009,,FGSC.30,필수소비재,,,,
KR7475070009,,FGSC.35,의료,,,,
KR7475070009,,FGSC.40,금융,,,,
KR7475070009,,FGSC.45,IT,,,,
KR7475070009,,FGSC.50,통신서비스,,,,
KR7475070009,,FGSC.55,유틸리티,,,,
KR70015B0004,,FGSC.10,에너지,,,,
KR70015B0004,,FGSC.15,소재,,,,
KR70015B0004,,FGSC.20,산업재,,,,
KR70015B0004,,FGSC.25,경기소비재,,,,
KR70015B0004,,FGSC.30,필수소비재,,,,
KR70015B0004,,FGSC.35,의료,,,,
KR70015B0004,,FGSC.40,금융,,,,
KR70015B0004,,FGSC.45,IT,,,,
KR70015B0004,,FGSC.50,통신서비스,,,,
KR70015B0004,,FGSC.55,유틸리티,,,,
KR70104H0000,,FGSC.10,에너지,,,,
KR70104H0000,,FGSC.15,소재,,,,
KR70104H0000,,FGSC.20,산업재,,,,
KR70104H0000,,FGSC.25,경기소비재,,,,
KR70104H0000,,FGSC.30,필수소비재,,,,
KR70104H0000,,FGSC.35,의료,,,,
KR70104H0000,,FGSC.40,금융,,,,
KR70104H0000,,FGSC.45,IT,,,,
KR70104H0000,,FGSC.50,통신서비스,,,,
KR70104H0000,,FGSC.55,유틸리티,,,,
KR70186L0005,,FGSC.10,에너지,,,,
KR70186L0005,,FGSC.15,소재,,,,
KR70186L0005,,FGSC.20,산업재,,,,
KR70186L0005,,FGSC.25,경기소비재,,,,
KR70186L0005,,FGSC.30,필수소비재,,,,
KR70186L0005,,FGSC.35,의료,,,,
KR70186L0005,,FGSC.40,금융,,,,
KR70186L0005,,FGSC.45,IT,,,,
KR70186L0005,,FGSC.50,통신서비스,,,,
KR70186L0005,,FGSC.55,유틸리티,,,,
KR70113G0000,,FGSC.10,에너지,,,,
KR70113G0000,,FGSC.15,소재,,,,
KR70113G0000,,FGSC.20,산업재,,,,
KR70113G0000,,FGSC.25,경기소비재,,,,
KR70113G0000,,FGSC.30,필수소비재,,,,
KR70113G0000,,FGSC.35,의료,,,,
KR70113G0000,,FGSC.40,금융,,,,
KR70113G0000,,FGSC.45,IT,,,,
KR70113G0000,,FGSC.50,통신서비스,,,,
KR70113G0000,,FGSC.55,유틸리티,,,,
KR7497780007,,FGSC.10,에너지,,,,
KR7497780007,,FGSC.15,소재,,,,
KR7497780007,,FGSC.20,산업재,,,,
KR7497780007,,FGSC.25,경기소비재,,,,
KR7497780007,,FGSC.30,필수소비재,,,,
KR7497780007,,FGSC.35,의료,,,,
KR7497780007,,FGSC.40,금융,,,,
KR7497780007,,FGSC.45,IT,,,,
KR7497780007,,FGSC.50,통신서비스,,,,
KR7497780007,,FGSC.55,유틸리티,,,,
KR7490330008,,FGSC.10,에너지,,,,
KR7490330008,,FGSC.15,소재,,,,
KR7490330008,,FGSC.20,산업재,,,,
KR7490330008,,FGSC.25,경기소비재,,,,
KR7490330008,,FGSC.30,필수소비재,,,,
KR7490330008,,FGSC.35,의료,,,,
KR7490330008,,FGSC.40,금융,,,,
KR7490330008,,FGSC.45,IT,,,,
KR7490330008,,FGSC.50,통신서비스,,,,
KR7490330008,,FGSC.55,유틸리티,,,,
KR7462900002,,FGSC.10,에너지,,,,
KR7462900002,,FGSC.15,소재,,,,
KR7462900002,,FGSC.20,산업재,,,,
KR7462900002,,FGSC.25,경기소비재,,,,
KR7462900002,,FGSC.30,필수소비재,,,,
KR7462900002,20260813,FGSC.35,의료,98.0677,5.15,92.91,삼성액티브KoAct 바이오헬스케어액티브증권상장지수투자신탁[주식]
KR7462900002,,FGSC.40,금융,,,,
KR7462900002,20260813,FGSC.45,IT,1.9321,59.71,-57.78,삼성액티브KoAct 바이오헬스케어액티브증권상장지수투자신탁[주식]
KR7462900002,,FGSC.50,통신서비스,,,,
KR7462900002,,FGSC.55,유틸리티,,,,
KR7482030004,,FGSC.10,에너지,,,,
KR7482030004,20260813,FGSC.15,소재,31.7799,2.8,28.98,삼성액티브 KoAct 반도체&2차전지핵심소재액티브증권상장지수투자신탁[주식]
KR7482030004,20260813,FGSC.20,산업재,6.8814,13.59,-6.71,삼성액티브 KoAct 반도체&2차전지핵심소재액티브증권상장지수투자신탁[주식]
KR7482030004,,FGSC.25,경기소비재,,,,
KR7482030004,,FGSC.30,필수소비재,,,,
KR7482030004,,FGSC.35,의료,,,,
KR7482030004,,FGSC.40,금융,,,,
KR7482030004,20260813,FGSC.45,IT,61.3386,59.71,1.63,삼성액티브 KoAct 반도체&2차전지핵심소재액티브증권상장지수투자신탁[주식]
KR7482030004,,FGSC.50,통신서비스,,,,
KR7482030004,,FGSC.55,유틸리티,,,,
KR7476850003,20260813,FGSC.10,에너지,4.3221,2,2.32,삼성액티브 KoAct 배당성장액티브증권상장지수투자신탁[주식]
KR7476850003,20260813,FGSC.15,소재,1.0193,2.8,-1.78,삼성액티브 KoAct 배당성장액티브증권상장지수투자신탁[주식]
KR7476850003,20260813,FGSC.20,산업재,12.6165,13.59,-.97,삼성액티브 KoAct 배당성장액티브증권상장지수투자신탁[주식]
KR7476850003,20260813,FGSC.25,경기소비재,5.5041,6.12,-.61,삼성액티브 KoAct 배당성장액티브증권상장지수투자신탁[주식]
KR7476850003,20260813,FGSC.30,필수소비재,2.9246,1.91,1.02,삼성액티브 KoAct 배당성장액티브증권상장지수투자신탁[주식]
KR7476850003,20260813,FGSC.35,의료,.7462,5.15,-4.41,삼성액티브 KoAct 배당성장액티브증권상장지수투자신탁[주식]
KR7476850003,20260813,FGSC.40,금융,14.0528,7.56,6.49,삼성액티브 KoAct 배당성장액티브증권상장지수투자신탁[주식]
KR7476850003,20260813,FGSC.45,IT,57.9948,59.71,-1.72,삼성액티브 KoAct 배당성장액티브증권상장지수투자신탁[주식]
KR7476850003,20260813,FGSC.50,통신서비스,.8198,.66,.16,삼성액티브 KoAct 배당성장액티브증권상장지수투자신탁[주식]
KR7476850003,,FGSC.55,유틸리티,,,,
KR70051A0000,,FGSC.10,에너지,,,,
KR70051A0000,,FGSC.15,소재,,,,
KR70051A0000,,FGSC.20,산업재,,,,
KR70051A0000,,FGSC.25,경기소비재,,,,
KR70051A0000,,FGSC.30,필수소비재,,,,
KR70051A0000,,FGSC.35,의료,,,,
KR70051A0000,,FGSC.40,금융,,,,
KR70051A0000,,FGSC.45,IT,,,,
KR70051A0000,,FGSC.50,통신서비스,,,,
KR70051A0000,,FGSC.55,유틸리티,,,,
KR70150K0008,20260813,FGSC.10,에너지,19.4244,2,17.42,삼성액티브 KoAct 수소전력ESS인프라액티브증권상장지수투자신탁[주식]
KR70150K0008,20260813,FGSC.15,소재,2.4464,2.8,-.35,삼성액티브 KoAct 수소전력ESS인프라액티브증권상장지수투자신탁[주식]
KR70150K0008,20260813,FGSC.20,산업재,33.3091,13.59,19.72,삼성액티브 KoAct 수소전력ESS인프라액티브증권상장지수투자신탁[주식]
KR70150K0008,20260813,FGSC.25,경기소비재,1.9614,6.12,-4.15,삼성액티브 KoAct 수소전력ESS인프라액티브증권상장지수투자신탁[주식]
KR70150K0008,,FGSC.30,필수소비재,,,,
KR70150K0008,,FGSC.35,의료,,,,
KR70150K0008,,FGSC.40,금융,,,,
KR70150K0008,20260813,FGSC.45,IT,42.8586,59.71,-16.85,삼성액티브 KoAct 수소전력ESS인프라액티브증권상장지수투자신탁[주식]
KR70150K0008,,FGSC.50,통신서비스,,,,
KR70150K0008,,FGSC.55,유틸리티,,,,
KR70154H0009,,FGSC.10,에너지,,,,
KR70154H0009,,FGSC.15,소재,,,,
KR70154H0009,,FGSC.20,산업재,,,,
KR70154H0009,,FGSC.25,경기소비재,,,,
KR70154H0009,,FGSC.30,필수소비재,,,,
KR70154H0009,,FGSC.35,의료,,,,
KR70154H0009,,FGSC.40,금융,,,,
KR70154H0009,,FGSC.45,IT,,,,
KR70154H0009,,FGSC.50,통신서비스,,,,
KR70154H0009,,FGSC.55,유틸리티,,,,
KR7495230005,20260813,FGSC.10,에너지,2.8808,2,.88,삼성액티브KoAct 코리아밸류업액티브증권상장지수투자신탁[주식]
KR7495230005,20260813,FGSC.15,소재,.2955,2.8,-2.51,삼성액티브KoAct 코리아밸류업액티브증권상장지수투자신탁[주식]
KR7495230005,20260813,FGSC.20,산업재,10.9945,13.59,-2.59,삼성액티브KoAct 코리아밸류업액티브증권상장지수투자신탁[주식]
KR7495230005,20260813,FGSC.25,경기소비재,10.4124,6.12,4.3,삼성액티브KoAct 코리아밸류업액티브증권상장지수투자신탁[주식]
KR7495230005,20260813,FGSC.30,필수소비재,2.8869,1.91,.98,삼성액티브KoAct 코리아밸류업액티브증권상장지수투자신탁[주식]
KR7495230005,20260813,FGSC.35,의료,1.4414,5.15,-3.71,삼성액티브KoAct 코리아밸류업액티브증권상장지수투자신탁[주식]
KR7495230005,20260813,FGSC.40,금융,13.9069,7.56,6.35,삼성액티브KoAct 코리아밸류업액티브증권상장지수투자신탁[주식]
KR7495230005,20260813,FGSC.45,IT,56.1146,59.71,-3.6,삼성액티브KoAct 코리아밸류업액티브증권상장지수투자신탁[주식]
KR7495230005,20260813,FGSC.50,통신서비스,1.0671,.66,.4,삼성액티브KoAct 코리아밸류업액티브증권상장지수투자신탁[주식]
KR7495230005,,FGSC.55,유틸리티,,,,
KR70163Y0007,20260813,FGSC.10,에너지,1.481,2,-.52,삼성액티브 KoAct 코스닥액티브증권상장지수투자신탁[주식]
KR70163Y0007,20260813,FGSC.15,소재,.8161,2.8,-1.98,삼성액티브 KoAct 코스닥액티브증권상장지수투자신탁[주식]
KR70163Y0007,20260813,FGSC.20,산업재,8.4573,13.59,-5.13,삼성액티브 KoAct 코스닥액티브증권상장지수투자신탁[주식]
KR70163Y0007,20260813,FGSC.25,경기소비재,3.1338,6.12,-2.98,삼성액티브 KoAct 코스닥액티브증권상장지수투자신탁[주식]
KR70163Y0007,20260813,FGSC.30,필수소비재,.6256,1.91,-1.28,삼성액티브 KoAct 코스닥액티브증권상장지수투자신탁[주식]
KR70163Y0007,20260813,FGSC.35,의료,19.5421,5.15,14.39,삼성액티브 KoAct 코스닥액티브증권상장지수투자신탁[주식]
KR70163Y0007,,FGSC.40,금융,,,,
KR70163Y0007,20260813,FGSC.45,IT,65.9444,59.71,6.23,삼성액티브 KoAct 코스닥액티브증권상장지수투자신탁[주식]
KR70163Y0007,,FGSC.50,통신서비스,,,,
KR70163Y0007,,FGSC.55,유틸리티,,,,
KR70193G0003,20260813,FGSC.10,에너지,2.9497,2,.95,삼성액티브 KoAct 코스피액티브증권상장지수투자신탁[주식]
KR70193G0003,20260813,FGSC.15,소재,1.3675,2.8,-1.43,삼성액티브 KoAct 코스피액티브증권상장지수투자신탁[주식]
KR70193G0003,20260813,FGSC.20,산업재,16.6581,13.59,3.07,삼성액티브 KoAct 코스피액티브증권상장지수투자신탁[주식]
KR70193G0003,20260813,FGSC.25,경기소비재,5.3826,6.12,-.73,삼성액티브 KoAct 코스피액티브증권상장지수투자신탁[주식]
KR70193G0003,20260813,FGSC.30,필수소비재,2.2219,1.91,.31,삼성액티브 KoAct 코스피액티브증권상장지수투자신탁[주식]
KR70193G0003,20260813,FGSC.35,의료,2.1986,5.15,-2.96,삼성액티브 KoAct 코스피액티브증권상장지수투자신탁[주식]
KR70193G0003,20260813,FGSC.40,금융,6.8229,7.56,-.74,삼성액티브 KoAct 코스피액티브증권상장지수투자신탁[주식]
KR70193G0003,20260813,FGSC.45,IT,62.0474,59.71,2.34,삼성액티브 KoAct 코스피액티브증권상장지수투자신탁[주식]
KR70193G0003,20260813,FGSC.50,통신서비스,.3513,.66,-.31,삼성액티브 KoAct 코스피액티브증권상장지수투자신탁[주식]
KR70193G0003,,FGSC.55,유틸리티,,,,
KR70093D0007,,FGSC.10,에너지,,,,
KR70093D0007,,FGSC.15,소재,,,,
KR70093D0007,,FGSC.20,산업재,,,,
KR70093D0007,,FGSC.25,경기소비재,,,,
KR70093D0007,,FGSC.30,필수소비재,,,,
KR70093D0007,,FGSC.35,의료,,,,
KR70093D0007,,FGSC.40,금융,,,,
KR70093D0007,,FGSC.45,IT,,,,
KR70093D0007,,FGSC.50,통신서비스,,,,
KR70093D0007,,FGSC.55,유틸리티,,,,
KR7411540008,,FGSC.10,에너지,,,,
KR7411540008,,FGSC.15,소재,,,,
KR7411540008,20260813,FGSC.20,산업재,31.612,13.59,18.02,신한SOL200TOP10증권상장지수투자신탁[주식]
KR7411540008,20260813,FGSC.25,경기소비재,17.4497,6.12,11.33,신한SOL200TOP10증권상장지수투자신탁[주식]
KR7411540008,,FGSC.30,필수소비재,,,,
KR7411540008,20260813,FGSC.35,의료,13.4779,5.15,8.32,신한SOL200TOP10증권상장지수투자신탁[주식]
KR7411540008,,FGSC.40,금융,,,,
KR7411540008,20260813,FGSC.45,IT,37.4604,59.71,-22.25,신한SOL200TOP10증권상장지수투자신탁[주식]
KR7411540008,,FGSC.50,통신서비스,,,,
KR7411540008,,FGSC.55,유틸리티,,,,
KR7295040000,20260813,FGSC.10,에너지,1.3588,2,-.64,신한 SOL 200 Total Return 증권상장지수투자신탁[주식]
KR7295040000,20260813,FGSC.15,소재,2.1034,2.8,-.7,신한 SOL 200 Total Return 증권상장지수투자신탁[주식]
KR7295040000,20260813,FGSC.20,산업재,10.7694,13.59,-2.82,신한 SOL 200 Total Return 증권상장지수투자신탁[주식]
KR7295040000,20260813,FGSC.25,경기소비재,5.2638,6.12,-.85,신한 SOL 200 Total Return 증권상장지수투자신탁[주식]
KR7295040000,20260813,FGSC.30,필수소비재,1.5576,1.91,-.35,신한 SOL 200 Total Return 증권상장지수투자신탁[주식]
KR7295040000,20260813,FGSC.35,의료,1.9375,5.15,-3.22,신한 SOL 200 Total Return 증권상장지수투자신탁[주식]
KR7295040000,20260813,FGSC.40,금융,7.7671,7.56,.21,신한 SOL 200 Total Return 증권상장지수투자신탁[주식]
KR7295040000,20260813,FGSC.45,IT,68.015,59.71,8.3,신한 SOL 200 Total Return 증권상장지수투자신탁[주식]
KR7295040000,20260813,FGSC.50,통신서비스,.8304,.66,.17,신한 SOL 200 Total Return 증권상장지수투자신탁[주식]
KR7295040000,20260813,FGSC.55,유틸리티,.397,.5,-.1,신한 SOL 200 Total Return 증권상장지수투자신탁[주식]
KR70167B0000,20260813,FGSC.10,에너지,1.3779,2,-.62,신한 SOL 200타겟위클리커버드콜증권상장지수투자신탁[주식-파생형]
KR70167B0000,20260813,FGSC.15,소재,2.0879,2.8,-.71,신한 SOL 200타겟위클리커버드콜증권상장지수투자신탁[주식-파생형]
KR70167B0000,20260813,FGSC.20,산업재,10.7724,13.59,-2.82,신한 SOL 200타겟위클리커버드콜증권상장지수투자신탁[주식-파생형]
KR70167B0000,20260813,FGSC.25,경기소비재,5.2718,6.12,-.84,신한 SOL 200타겟위클리커버드콜증권상장지수투자신탁[주식-파생형]
KR70167B0000,20260813,FGSC.30,필수소비재,1.5597,1.91,-.35,신한 SOL 200타겟위클리커버드콜증권상장지수투자신탁[주식-파생형]
KR70167B0000,20260813,FGSC.35,의료,1.9054,5.15,-3.25,신한 SOL 200타겟위클리커버드콜증권상장지수투자신탁[주식-파생형]
KR70167B0000,20260813,FGSC.40,금융,7.7714,7.56,.21,신한 SOL 200타겟위클리커버드콜증권상장지수투자신탁[주식-파생형]
KR70167B0000,20260813,FGSC.45,IT,68.0251,59.71,8.31,신한 SOL 200타겟위클리커버드콜증권상장지수투자신탁[주식-파생형]
KR70167B0000,20260813,FGSC.50,통신서비스,.8319,.66,.17,신한 SOL 200타겟위클리커버드콜증권상장지수투자신탁[주식-파생형]
KR70167B0000,20260813,FGSC.55,유틸리티,.3964,.5,-.1,신한 SOL 200타겟위클리커버드콜증권상장지수투자신탁[주식-파생형]
KR7488980004,,FGSC.10,에너지,,,,
KR7488980004,,FGSC.15,소재,,,,
KR7488980004,,FGSC.20,산업재,,,,
KR7488980004,,FGSC.25,경기소비재,,,,
KR7488980004,,FGSC.30,필수소비재,,,,
KR7488980004,,FGSC.35,의료,,,,
KR7488980004,,FGSC.40,금융,,,,
KR7488980004,,FGSC.45,IT,,,,
KR7488980004,,FGSC.50,통신서비스,,,,
KR7488980004,,FGSC.55,유틸리티,,,,
KR70092C0009,,FGSC.10,에너지,,,,
KR70092C0009,,FGSC.15,소재,,,,
KR70092C0009,,FGSC.20,산업재,,,,
KR70092C0009,,FGSC.25,경기소비재,,,,
KR70092C0009,,FGSC.30,필수소비재,,,,
KR70092C0009,,FGSC.35,의료,,,,
KR70092C0009,,FGSC.40,금융,,,,
KR70092C0009,,FGSC.45,IT,,,,
KR70092C0009,,FGSC.50,통신서비스,,,,
KR70092C0009,,FGSC.55,유틸리티,,,,
KR7455860007,,FGSC.10,에너지,,,,
KR7455860007,20260813,FGSC.15,소재,60.8229,2.8,58.02,신한SOL2차전지소부장Fn증권상장지수투자신탁[주식]
KR7455860007,,FGSC.20,산업재,,,,
KR7455860007,,FGSC.25,경기소비재,,,,
KR7455860007,,FGSC.30,필수소비재,,,,
KR7455860007,,FGSC.35,의료,,,,
KR7455860007,,FGSC.40,금융,,,,
KR7455860007,20260813,FGSC.45,IT,39.177,59.71,-20.53,신한SOL2차전지소부장Fn증권상장지수투자신탁[주식]
KR7455860007,,FGSC.50,통신서비스,,,,
KR7455860007,,FGSC.55,유틸리티,,,,
KR70167A0001,,FGSC.10,에너지,,,,
KR70167A0001,,FGSC.15,소재,,,,
KR70167A0001,,FGSC.20,산업재,,,,
KR70167A0001,,FGSC.25,경기소비재,,,,
KR70167A0001,,FGSC.30,필수소비재,,,,
KR70167A0001,,FGSC.35,의료,,,,
KR70167A0001,,FGSC.40,금융,,,,
KR70167A0001,20260813,FGSC.45,IT,99.9999,59.71,40.29,신한 SOL AI반도체TOP2플러스증권상장지수투자신탁[주식]
KR70167A0001,,FGSC.50,통신서비스,,,,
KR70167A0001,,FGSC.55,유틸리티,,,,
KR7455850008,,FGSC.10,에너지,,,,
KR7455850008,20260813,FGSC.15,소재,7.737,2.8,4.94,신한SOL AI반도체소부장증권상장지수투자신탁[주식]
KR7455850008,,FGSC.20,산업재,,,,
KR7455850008,,FGSC.25,경기소비재,,,,
KR7455850008,,FGSC.30,필수소비재,,,,
KR7455850008,,FGSC.35,의료,,,,
KR7455850008,,FGSC.40,금융,,,,
KR7455850008,20260813,FGSC.45,IT,92.2629,59.71,32.55,신한SOL AI반도체소부장증권상장지수투자신탁[주식]
KR7455850008,,FGSC.50,통신서비스,,,,
KR7455850008,,FGSC.55,유틸리티,,,,
KR7497880005,,FGSC.10,에너지,,,,
KR7497880005,,FGSC.15,소재,,,,
KR7497880005,,FGSC.20,산업재,,,,
KR7497880005,,FGSC.25,경기소비재,,,,
KR7497880005,,FGSC.30,필수소비재,,,,
KR7497880005,,FGSC.35,의료,,,,
KR7497880005,,FGSC.40,금융,,,,
KR7497880005,,FGSC.45,IT,,,,
KR7497880005,,FGSC.50,통신서비스,,,,
KR7497880005,,FGSC.55,유틸리티,,,,
KR7363510009,,FGSC.10,에너지,,,,
KR7363510009,,FGSC.15,소재,,,,
KR7363510009,,FGSC.20,산업재,,,,
KR7363510009,,FGSC.25,경기소비재,,,,
KR7363510009,,FGSC.30,필수소비재,,,,
KR7363510009,,FGSC.35,의료,,,,
KR7363510009,,FGSC.40,금융,,,,
KR7363510009,,FGSC.45,IT,,,,
KR7363510009,,FGSC.50,통신서비스,,,,
KR7363510009,,FGSC.55,유틸리티,,,,
KR7292500006,20260813,FGSC.10,에너지,1.446,2,-.56,신한SOL KRX300증권상장지수투자신탁[주식]
KR7292500006,20260813,FGSC.15,소재,1.9851,2.8,-.82,신한SOL KRX300증권상장지수투자신탁[주식]
KR7292500006,20260813,FGSC.20,산업재,10.8699,13.59,-2.72,신한SOL KRX300증권상장지수투자신탁[주식]
KR7292500006,20260813,FGSC.25,경기소비재,5.1905,6.12,-.93,신한SOL KRX300증권상장지수투자신탁[주식]
KR7292500006,20260813,FGSC.30,필수소비재,1.4751,1.91,-.43,신한SOL KRX300증권상장지수투자신탁[주식]
KR7292500006,20260813,FGSC.35,의료,3.4975,5.15,-1.66,신한SOL KRX300증권상장지수투자신탁[주식]
KR7292500006,20260813,FGSC.40,금융,7.5382,7.56,-.02,신한SOL KRX300증권상장지수투자신탁[주식]
KR7292500006,20260813,FGSC.45,IT,66.8362,59.71,7.13,신한SOL KRX300증권상장지수투자신탁[주식]
KR7292500006,20260813,FGSC.50,통신서비스,.7899,.66,.13,신한SOL KRX300증권상장지수투자신탁[주식]
KR7292500006,20260813,FGSC.55,유틸리티,.3722,.5,-.13,신한SOL KRX300증권상장지수투자신탁[주식]
KR7404650004,20260813,FGSC.10,에너지,32.9238,2,30.92,신한SOLKRX기후변화솔루션증권상장지수투자신탁[주식]
KR7404650004,20260813,FGSC.15,소재,5.6676,2.8,2.87,신한SOLKRX기후변화솔루션증권상장지수투자신탁[주식]
KR7404650004,20260813,FGSC.20,산업재,7.7694,13.59,-5.82,신한SOLKRX기후변화솔루션증권상장지수투자신탁[주식]
KR7404650004,20260813,FGSC.25,경기소비재,16.3011,6.12,10.19,신한SOLKRX기후변화솔루션증권상장지수투자신탁[주식]
KR7404650004,,FGSC.30,필수소비재,,,,
KR7404650004,,FGSC.35,의료,,,,
KR7404650004,,FGSC.40,금융,,,,
KR7404650004,20260813,FGSC.45,IT,37.3381,59.71,-22.37,신한SOLKRX기후변화솔루션증권상장지수투자신탁[주식]
KR7404650004,,FGSC.50,통신서비스,,,,
KR7404650004,,FGSC.55,유틸리티,,,,
KR7490480001,,FGSC.10,에너지,,,,
KR7490480001,20260813,FGSC.15,소재,3.7869,2.8,.99,신한SOL K방산증권상장지수투자신탁[주식]
KR7490480001,20260813,FGSC.20,산업재,94.0229,13.59,80.43,신한SOL K방산증권상장지수투자신탁[주식]
KR7490480001,,FGSC.25,경기소비재,,,,
KR7490480001,,FGSC.30,필수소비재,,,,
KR7490480001,,FGSC.35,의료,,,,
KR7490480001,,FGSC.40,금융,,,,
KR7490480001,20260813,FGSC.45,IT,2.1902,59.71,-57.52,신한SOL K방산증권상장지수투자신탁[주식]
KR7490480001,,FGSC.50,통신서비스,,,,
KR7490480001,,FGSC.55,유틸리티,,,,
KR70197W0009,,FGSC.10,에너지,,,,
KR70197W0009,,FGSC.15,소재,,,,
KR70197W0009,,FGSC.20,산업재,,,,
KR70197W0009,,FGSC.25,경기소비재,,,,
KR70197W0009,,FGSC.30,필수소비재,,,,
KR70197W0009,,FGSC.35,의료,,,,
KR70197W0009,,FGSC.40,금융,,,,
KR70197W0009,,FGSC.45,IT,,,,
KR70197W0009,,FGSC.50,통신서비스,,,,
KR70197W0009,,FGSC.55,유틸리티,,,,
KR70197X0008,,FGSC.10,에너지,,,,
KR70197X0008,,FGSC.15,소재,,,,
KR70197X0008,,FGSC.20,산업재,,,,
KR70197X0008,,FGSC.25,경기소비재,,,,
KR70197X0008,,FGSC.30,필수소비재,,,,
KR70197X0008,,FGSC.35,의료,,,,
KR70197X0008,,FGSC.40,금융,,,,
KR70197X0008,,FGSC.45,IT,,,,
KR70197X0008,,FGSC.50,통신서비스,,,,
KR70197X0008,,FGSC.55,유틸리티,,,,
KR7438570004,,FGSC.10,에너지,,,,
KR7438570004,,FGSC.15,소재,,,,
KR7438570004,,FGSC.20,산업재,,,,
KR7438570004,,FGSC.25,경기소비재,,,,
KR7438570004,,FGSC.30,필수소비재,,,,
KR7438570004,,FGSC.35,의료,,,,
KR7438570004,,FGSC.40,금융,,,,
KR7438570004,,FGSC.45,IT,,,,
KR7438570004,,FGSC.50,통신서비스,,,,
KR7438570004,,FGSC.55,유틸리티,,,,
KR7474390002,,FGSC.10,에너지,,,,
KR7474390002,,FGSC.15,소재,,,,
KR7474390002,,FGSC.20,산업재,,,,
KR7474390002,,FGSC.25,경기소비재,,,,
KR7474390002,,FGSC.30,필수소비재,,,,
KR7474390002,,FGSC.35,의료,,,,
KR7474390002,,FGSC.40,금융,,,,
KR7474390002,,FGSC.45,IT,,,,
KR7474390002,,FGSC.50,통신서비스,,,,
KR7474390002,,FGSC.55,유틸리티,,,,
KR7438560005,,FGSC.10,에너지,,,,
KR7438560005,,FGSC.15,소재,,,,
KR7438560005,,FGSC.20,산업재,,,,
KR7438560005,,FGSC.25,경기소비재,,,,
KR7438560005,,FGSC.30,필수소비재,,,,
KR7438560005,,FGSC.35,의료,,,,
KR7438560005,,FGSC.40,금융,,,,
KR7438560005,,FGSC.45,IT,,,,
KR7438560005,,FGSC.50,통신서비스,,,,
KR7438560005,,FGSC.55,유틸리티,,,,
KR70022T0005,,FGSC.10,에너지,,,,
KR70022T0005,,FGSC.15,소재,,,,
KR70022T0005,,FGSC.20,산업재,,,,
KR70022T0005,,FGSC.25,경기소비재,,,,
KR70022T0005,,FGSC.30,필수소비재,,,,
KR70022T0005,,FGSC.35,의료,,,,
KR70022T0005,,FGSC.40,금융,,,,
KR70022T0005,,FGSC.45,IT,,,,
KR70022T0005,,FGSC.50,통신서비스,,,,
KR70022T0005,,FGSC.55,유틸리티,,,,
KR70066W0007,,FGSC.10,에너지,,,,
KR70066W0007,,FGSC.15,소재,,,,
KR70066W0007,,FGSC.20,산업재,,,,
KR70066W0007,,FGSC.25,경기소비재,,,,
KR70066W0007,,FGSC.30,필수소비재,,,,
KR70066W0007,,FGSC.35,의료,,,,
KR70066W0007,,FGSC.40,금융,,,,
KR70066W0007,,FGSC.45,IT,,,,
KR70066W0007,,FGSC.50,통신서비스,,,,
KR70066W0007,,FGSC.55,유틸리티,,,,
KR7423170000,,FGSC.10,에너지,,,,
KR7423170000,,FGSC.15,소재,,,,
KR7423170000,,FGSC.20,산업재,,,,
KR7423170000,,FGSC.25,경기소비재,,,,
KR7423170000,,FGSC.30,필수소비재,,,,
KR7423170000,,FGSC.35,의료,,,,
KR7423170000,,FGSC.40,금융,,,,
KR7423170000,,FGSC.45,IT,,,,
KR7423170000,,FGSC.50,통신서비스,,,,
KR7423170000,,FGSC.55,유틸리티,,,,
KR7400590006,,FGSC.10,에너지,,,,
KR7400590006,,FGSC.15,소재,,,,
KR7400590006,,FGSC.20,산업재,,,,
KR7400590006,,FGSC.25,경기소비재,,,,
KR7400590006,,FGSC.30,필수소비재,,,,
KR7400590006,,FGSC.35,의료,,,,
KR7400590006,,FGSC.40,금융,,,,
KR7400590006,,FGSC.45,IT,,,,
KR7400590006,,FGSC.50,통신서비스,,,,
KR7400590006,,FGSC.55,유틸리티,,,,
KR7484880000,,FGSC.10,에너지,,,,
KR7484880000,,FGSC.15,소재,,,,
KR7484880000,,FGSC.20,산업재,,,,
KR7484880000,,FGSC.25,경기소비재,,,,
KR7484880000,,FGSC.30,필수소비재,,,,
KR7484880000,,FGSC.35,의료,,,,
KR7484880000,20260813,FGSC.40,금융,99.9999,7.56,92.44,신한SOL금융지주플러스고배당증권상장지수투자신탁[주식]
KR7484880000,,FGSC.45,IT,,,,
KR7484880000,,FGSC.50,통신서비스,,,,
KR7484880000,,FGSC.55,유틸리티,,,,
KR7484890009,,FGSC.10,에너지,,,,
KR7484890009,,FGSC.15,소재,,,,
KR7484890009,,FGSC.20,산업재,,,,
KR7484890009,,FGSC.25,경기소비재,,,,
KR7484890009,,FGSC.30,필수소비재,,,,
KR7484890009,,FGSC.35,의료,,,,
KR7484890009,,FGSC.40,금융,,,,
KR7484890009,,FGSC.45,IT,,,,
KR7484890009,,FGSC.50,통신서비스,,,,
KR7484890009,,FGSC.55,유틸리티,,,,
KR7461600009,,FGSC.10,에너지,,,,
KR7461600009,,FGSC.15,소재,,,,
KR7461600009,,FGSC.20,산업재,,,,
KR7461600009,,FGSC.25,경기소비재,,,,
KR7461600009,,FGSC.30,필수소비재,,,,
KR7461600009,,FGSC.35,의료,,,,
KR7461600009,,FGSC.40,금융,,,,
KR7461600009,,FGSC.45,IT,,,,
KR7461600009,,FGSC.50,통신서비스,,,,
KR7461600009,,FGSC.55,유틸리티,,,,
KR7473330009,,FGSC.10,에너지,,,,
KR7473330009,,FGSC.15,소재,,,,
KR7473330009,,FGSC.20,산업재,,,,
KR7473330009,,FGSC.25,경기소비재,,,,
KR7473330009,,FGSC.30,필수소비재,,,,
KR7473330009,,FGSC.35,의료,,,,
KR7473330009,,FGSC.40,금융,,,,
KR7473330009,,FGSC.45,IT,,,,
KR7473330009,,FGSC.50,통신서비스,,,,
KR7473330009,,FGSC.55,유틸리티,,,,
KR7494210008,,FGSC.10,에너지,,,,
KR7494210008,,FGSC.15,소재,,,,
KR7494210008,,FGSC.20,산업재,,,,
KR7494210008,,FGSC.25,경기소비재,,,,
KR7494210008,,FGSC.30,필수소비재,,,,
KR7494210008,,FGSC.35,의료,,,,
KR7494210008,,FGSC.40,금융,,,,
KR7494210008,,FGSC.45,IT,,,,
KR7494210008,,FGSC.50,통신서비스,,,,
KR7494210008,,FGSC.55,유틸리티,,,,
KR7479620007,,FGSC.10,에너지,,,,
KR7479620007,,FGSC.15,소재,,,,
KR7479620007,,FGSC.20,산업재,,,,
KR7479620007,,FGSC.25,경기소비재,,,,
KR7479620007,,FGSC.30,필수소비재,,,,
KR7479620007,,FGSC.35,의료,,,,
KR7479620007,,FGSC.40,금융,,,,
KR7479620007,,FGSC.45,IT,,,,
KR7479620007,,FGSC.50,통신서비스,,,,
KR7479620007,,FGSC.55,유틸리티,,,,
KR7481180008,,FGSC.10,에너지,,,,
KR7481180008,,FGSC.15,소재,,,,
KR7481180008,,FGSC.20,산업재,,,,
KR7481180008,,FGSC.25,경기소비재,,,,
KR7481180008,,FGSC.30,필수소비재,,,,
KR7481180008,,FGSC.35,의료,,,,
KR7481180008,,FGSC.40,금융,,,,
KR7481180008,,FGSC.45,IT,,,,
KR7481180008,,FGSC.50,통신서비스,,,,
KR7481180008,,FGSC.55,유틸리티,,,,
KR7486450000,,FGSC.10,에너지,,,,
KR7486450000,,FGSC.15,소재,,,,
KR7486450000,,FGSC.20,산업재,,,,
KR7486450000,,FGSC.25,경기소비재,,,,
KR7486450000,,FGSC.30,필수소비재,,,,
KR7486450000,,FGSC.35,의료,,,,
KR7486450000,,FGSC.40,금융,,,,
KR7486450000,,FGSC.45,IT,,,,
KR7486450000,,FGSC.50,통신서비스,,,,
KR7486450000,,FGSC.55,유틸리티,,,,
KR7433330008,,FGSC.10,에너지,,,,
KR7433330008,,FGSC.15,소재,,,,
KR7433330008,,FGSC.20,산업재,,,,
KR7433330008,,FGSC.25,경기소비재,,,,
KR7433330008,,FGSC.30,필수소비재,,,,
KR7433330008,,FGSC.35,의료,,,,
KR7433330008,,FGSC.40,금융,,,,
KR7433330008,,FGSC.45,IT,,,,
KR7433330008,,FGSC.50,통신서비스,,,,
KR7433330008,,FGSC.55,유틸리티,,,,
KR7399110006,,FGSC.10,에너지,,,,
KR7399110006,,FGSC.15,소재,,,,
KR7399110006,,FGSC.20,산업재,,,,
KR7399110006,,FGSC.25,경기소비재,,,,
KR7399110006,,FGSC.30,필수소비재,,,,
KR7399110006,,FGSC.35,의료,,,,
KR7399110006,,FGSC.40,금융,,,,
KR7399110006,,FGSC.45,IT,,,,
KR7399110006,,FGSC.50,통신서비스,,,,
KR7399110006,,FGSC.55,유틸리티,,,,
KR70080X0008,,FGSC.10,에너지,,,,
KR70080X0008,,FGSC.15,소재,,,,
KR70080X0008,,FGSC.20,산업재,,,,
KR70080X0008,,FGSC.25,경기소비재,,,,
KR70080X0008,,FGSC.30,필수소비재,,,,
KR70080X0008,,FGSC.35,의료,,,,
KR70080X0008,,FGSC.40,금융,,,,
KR70080X0008,,FGSC.45,IT,,,,
KR70080X0008,,FGSC.50,통신서비스,,,,
KR70080X0008,,FGSC.55,유틸리티,,,,
KR7499150001,,FGSC.10,에너지,,,,
KR7499150001,,FGSC.15,소재,,,,
KR7499150001,,FGSC.20,산업재,,,,
KR7499150001,,FGSC.25,경기소비재,,,,
KR7499150001,,FGSC.30,필수소비재,,,,
KR7499150001,,FGSC.35,의료,,,,
KR7499150001,,FGSC.40,금융,,,,
KR7499150001,,FGSC.45,IT,,,,
KR7499150001,,FGSC.50,통신서비스,,,,
KR7499150001,,FGSC.55,유틸리티,,,,
KR7447620006,,FGSC.10,에너지,,,,
KR7447620006,,FGSC.15,소재,,,,
KR7447620006,,FGSC.20,산업재,,,,
KR7447620006,,FGSC.25,경기소비재,,,,
KR7447620006,,FGSC.30,필수소비재,,,,
KR7447620006,,FGSC.35,의료,,,,
KR7447620006,,FGSC.40,금융,,,,
KR7447620006,,FGSC.45,IT,,,,
KR7447620006,,FGSC.50,통신서비스,,,,
KR7447620006,,FGSC.55,유틸리티,,,,
KR7476030002,,FGSC.10,에너지,,,,
KR7476030002,,FGSC.15,소재,,,,
KR7476030002,,FGSC.20,산업재,,,,
KR7476030002,,FGSC.25,경기소비재,,,,
KR7476030002,,FGSC.30,필수소비재,,,,
KR7476030002,,FGSC.35,의료,,,,
KR7476030002,,FGSC.40,금융,,,,
KR7476030002,,FGSC.45,IT,,,,
KR7476030002,,FGSC.50,통신서비스,,,,
KR7476030002,,FGSC.55,유틸리티,,,,
KR70118S0001,,FGSC.10,에너지,,,,
KR70118S0001,,FGSC.15,소재,,,,
KR70118S0001,,FGSC.20,산업재,,,,
KR70118S0001,,FGSC.25,경기소비재,,,,
KR70118S0001,,FGSC.30,필수소비재,,,,
KR70118S0001,,FGSC.35,의료,,,,
KR70118S0001,,FGSC.40,금융,,,,
KR70118S0001,,FGSC.45,IT,,,,
KR70118S0001,,FGSC.50,통신서비스,,,,
KR70118S0001,,FGSC.55,유틸리티,,,,
KR7493420004,,FGSC.10,에너지,,,,
KR7493420004,,FGSC.15,소재,,,,
KR7493420004,,FGSC.20,산업재,,,,
KR7493420004,,FGSC.25,경기소비재,,,,
KR7493420004,,FGSC.30,필수소비재,,,,
KR7493420004,,FGSC.35,의료,,,,
KR7493420004,,FGSC.40,금융,,,,
KR7493420004,,FGSC.45,IT,,,,
KR7493420004,,FGSC.50,통신서비스,,,,
KR7493420004,,FGSC.55,유틸리티,,,,
KR7446720005,,FGSC.10,에너지,,,,
KR7446720005,,FGSC.15,소재,,,,
KR7446720005,,FGSC.20,산업재,,,,
KR7446720005,,FGSC.25,경기소비재,,,,
KR7446720005,,FGSC.30,필수소비재,,,,
KR7446720005,,FGSC.35,의료,,,,
KR7446720005,,FGSC.40,금융,,,,
KR7446720005,,FGSC.45,IT,,,,
KR7446720005,,FGSC.50,통신서비스,,,,
KR7446720005,,FGSC.55,유틸리티,,,,
KR7490490000,,FGSC.10,에너지,,,,
KR7490490000,,FGSC.15,소재,,,,
KR7490490000,,FGSC.20,산업재,,,,
KR7490490000,,FGSC.25,경기소비재,,,,
KR7490490000,,FGSC.30,필수소비재,,,,
KR7490490000,,FGSC.35,의료,,,,
KR7490490000,,FGSC.40,금융,,,,
KR7490490000,,FGSC.45,IT,,,,
KR7490490000,,FGSC.50,통신서비스,,,,
KR7490490000,,FGSC.55,유틸리티,,,,
KR70023A0005,,FGSC.10,에너지,,,,
KR70023A0005,,FGSC.15,소재,,,,
KR70023A0005,,FGSC.20,산업재,,,,
KR70023A0005,,FGSC.25,경기소비재,,,,
KR70023A0005,,FGSC.30,필수소비재,,,,
KR70023A0005,,FGSC.35,의료,,,,
KR70023A0005,,FGSC.40,금융,,,,
KR70023A0005,,FGSC.45,IT,,,,
KR70023A0005,,FGSC.50,통신서비스,,,,
KR70023A0005,,FGSC.55,유틸리티,,,,
KR70181L0000,,FGSC.10,에너지,,,,
KR70181L0000,,FGSC.15,소재,,,,
KR70181L0000,,FGSC.20,산업재,,,,
KR70181L0000,,FGSC.25,경기소비재,,,,
KR70181L0000,,FGSC.30,필수소비재,,,,
KR70181L0000,,FGSC.35,의료,,,,
KR70181L0000,,FGSC.40,금융,,,,
KR70181L0000,,FGSC.45,IT,,,,
KR70181L0000,,FGSC.50,통신서비스,,,,
KR70181L0000,,FGSC.55,유틸리티,,,,
KR70051G0004,,FGSC.10,에너지,,,,
KR70051G0004,,FGSC.15,소재,,,,
KR70051G0004,,FGSC.20,산업재,,,,
KR70051G0004,,FGSC.25,경기소비재,,,,
KR70051G0004,,FGSC.30,필수소비재,,,,
KR70051G0004,,FGSC.35,의료,,,,
KR70051G0004,,FGSC.40,금융,,,,
KR70051G0004,,FGSC.45,IT,,,,
KR70051G0004,,FGSC.50,통신서비스,,,,
KR70051G0004,,FGSC.55,유틸리티,,,,
KR7481190007,,FGSC.10,에너지,,,,
KR7481190007,,FGSC.15,소재,,,,
KR7481190007,,FGSC.20,산업재,,,,
KR7481190007,,FGSC.25,경기소비재,,,,
KR7481190007,,FGSC.30,필수소비재,,,,
KR7481190007,,FGSC.35,의료,,,,
KR7481190007,,FGSC.40,금융,,,,
KR7481190007,,FGSC.45,IT,,,,
KR7481190007,,FGSC.50,통신서비스,,,,
KR7481190007,,FGSC.55,유틸리티,,,,
KR7475300000,,FGSC.10,에너지,,,,
KR7475300000,20260813,FGSC.15,소재,9.113,2.8,6.31,신한SOL반도체전공정증권상장지수투자신탁[주식]
KR7475300000,,FGSC.20,산업재,,,,
KR7475300000,,FGSC.25,경기소비재,,,,
KR7475300000,,FGSC.30,필수소비재,,,,
KR7475300000,,FGSC.35,의료,,,,
KR7475300000,,FGSC.40,금융,,,,
KR7475300000,20260813,FGSC.45,IT,90.887,59.71,31.18,신한SOL반도체전공정증권상장지수투자신탁[주식]
KR7475300000,,FGSC.50,통신서비스,,,,
KR7475300000,,FGSC.55,유틸리티,,,,
KR7475310009,,FGSC.10,에너지,,,,
KR7475310009,,FGSC.15,소재,,,,
KR7475310009,,FGSC.20,산업재,,,,
KR7475310009,,FGSC.25,경기소비재,,,,
KR7475310009,,FGSC.30,필수소비재,,,,
KR7475310009,,FGSC.35,의료,,,,
KR7475310009,,FGSC.40,금융,,,,
KR7475310009,20260813,FGSC.45,IT,100.0001,59.71,40.29,신한SOL반도체후공정증권상장지수투자신탁[주식]
KR7475310009,,FGSC.50,통신서비스,,,,
KR7475310009,,FGSC.55,유틸리티,,,,
KR70152E0004,,FGSC.10,에너지,,,,
KR70152E0004,20260813,FGSC.15,소재,5.5683,2.8,2.77,신한SOL배당성향탑픽액티브증권상장지수투자신탁[주식]
KR70152E0004,20260813,FGSC.20,산업재,2.9696,13.59,-10.62,신한SOL배당성향탑픽액티브증권상장지수투자신탁[주식]
KR70152E0004,20260813,FGSC.25,경기소비재,27.7242,6.12,21.61,신한SOL배당성향탑픽액티브증권상장지수투자신탁[주식]
KR70152E0004,20260813,FGSC.30,필수소비재,4.3551,1.91,2.45,신한SOL배당성향탑픽액티브증권상장지수투자신탁[주식]
KR70152E0004,,FGSC.35,의료,,,,
KR70152E0004,20260813,FGSC.40,금융,59.3831,7.56,51.82,신한SOL배당성향탑픽액티브증권상장지수투자신탁[주식]
KR70152E0004,,FGSC.45,IT,,,,
KR70152E0004,,FGSC.50,통신서비스,,,,
KR70152E0004,,FGSC.55,유틸리티,,,,
KR70207G0007,,FGSC.10,에너지,,,,
KR70207G0007,20260813,FGSC.15,소재,15.6737,2.8,12.87,신한SOL우주항공밸류체인증권상장지수투자신탁[주식]
KR70207G0007,20260813,FGSC.20,산업재,44.1896,13.59,30.6,신한SOL우주항공밸류체인증권상장지수투자신탁[주식]
KR70207G0007,20260813,FGSC.25,경기소비재,6.7355,6.12,.62,신한SOL우주항공밸류체인증권상장지수투자신탁[주식]
KR70207G0007,,FGSC.30,필수소비재,,,,
KR70207G0007,,FGSC.35,의료,,,,
KR70207G0007,,FGSC.40,금융,,,,
KR70207G0007,20260813,FGSC.45,IT,33.4013,59.71,-26.31,신한SOL우주항공밸류체인증권상장지수투자신탁[주식]
KR70207G0007,,FGSC.50,통신서비스,,,,
KR70207G0007,,FGSC.55,유틸리티,,,,
KR7400580007,,FGSC.10,에너지,,,,
KR7400580007,,FGSC.15,소재,,,,
KR7400580007,,FGSC.20,산업재,,,,
KR7400580007,,FGSC.25,경기소비재,,,,
KR7400580007,,FGSC.30,필수소비재,,,,
KR7400580007,,FGSC.35,의료,,,,
KR7400580007,,FGSC.40,금융,,,,
KR7400580007,,FGSC.45,IT,,,,
KR7400580007,,FGSC.50,통신서비스,,,,
KR7400580007,,FGSC.55,유틸리티,,,,
KR7464610005,,FGSC.10,에너지,,,,
KR7464610005,,FGSC.15,소재,,,,
KR7464610005,,FGSC.20,산업재,,,,
KR7464610005,,FGSC.25,경기소비재,,,,
KR7464610005,,FGSC.30,필수소비재,,,,
KR7464610005,20260813,FGSC.35,의료,100,5.15,94.85,신한SOL의료기기소부장Fn증권상장지수투자신탁[주식]
KR7464610005,,FGSC.40,금융,,,,
KR7464610005,,FGSC.45,IT,,,,
KR7464610005,,FGSC.50,통신서비스,,,,
KR7464610005,,FGSC.55,유틸리티,,,,
KR7466930005,,FGSC.10,에너지,,,,
KR7466930005,,FGSC.15,소재,,,,
KR7466930005,,FGSC.20,산업재,,,,
KR7466930005,20260813,FGSC.25,경기소비재,82.3703,6.12,76.25,신한SOL자동차TOP3플러스증권상장지수투자신탁[주식]
KR7466930005,,FGSC.30,필수소비재,,,,
KR7466930005,,FGSC.35,의료,,,,
KR7466930005,,FGSC.40,금융,,,,
KR7466930005,20260813,FGSC.45,IT,17.6297,59.71,-42.08,신한SOL자동차TOP3플러스증권상장지수투자신탁[주식]
KR7466930005,,FGSC.50,통신서비스,,,,
KR7466930005,,FGSC.55,유틸리티,,,,
KR7464600006,,FGSC.10,에너지,,,,
KR7464600006,,FGSC.15,소재,,,,
KR7464600006,20260813,FGSC.20,산업재,2.5498,13.59,-11.04,신한SOL자동차소부장Fn증권상장지수투자신탁[주식]
KR7464600006,20260813,FGSC.25,경기소비재,48.0502,6.12,41.93,신한SOL자동차소부장Fn증권상장지수투자신탁[주식]
KR7464600006,,FGSC.30,필수소비재,,,,
KR7464600006,,FGSC.35,의료,,,,
KR7464600006,,FGSC.40,금융,,,,
KR7464600006,20260813,FGSC.45,IT,49.3999,59.71,-10.31,신한SOL자동차소부장Fn증권상장지수투자신탁[주식]
KR7464600006,,FGSC.50,통신서비스,,,,
KR7464600006,,FGSC.55,유틸리티,,,,
KR70005D0004,,FGSC.10,에너지,,,,
KR70005D0004,20260813,FGSC.15,소재,32.6757,2.8,29.87,신한SOL전고체배터리&실리콘음극재증권상장지수투자신탁[주식]
KR70005D0004,,FGSC.20,산업재,,,,
KR70005D0004,,FGSC.25,경기소비재,,,,
KR70005D0004,,FGSC.30,필수소비재,,,,
KR70005D0004,,FGSC.35,의료,,,,
KR70005D0004,,FGSC.40,금융,,,,
KR70005D0004,20260813,FGSC.45,IT,67.3244,59.71,7.61,신한SOL전고체배터리&실리콘음극재증권상장지수투자신탁[주식]
KR70005D0004,,FGSC.50,통신서비스,,,,
KR70005D0004,,FGSC.55,유틸리티,,,,
KR70080Y0007,,FGSC.10,에너지,,,,
KR70080Y0007,,FGSC.15,소재,,,,
KR70080Y0007,,FGSC.20,산업재,,,,
KR70080Y0007,,FGSC.25,경기소비재,,,,
KR70080Y0007,,FGSC.30,필수소비재,,,,
KR70080Y0007,,FGSC.35,의료,,,,
KR70080Y0007,,FGSC.40,금융,,,,
KR70080Y0007,,FGSC.45,IT,,,,
KR70080Y0007,,FGSC.50,통신서비스,,,,
KR70080Y0007,,FGSC.55,유틸리티,,,,
KR7466920006,,FGSC.10,에너지,,,,
KR7466920006,20260813,FGSC.15,소재,.7724,2.8,-2.03,신한SOL조선TOP3플러스증권상장지수투자신탁[주식]
KR7466920006,20260813,FGSC.20,산업재,99.2275,13.59,85.64,신한SOL조선TOP3플러스증권상장지수투자신탁[주식]
KR7466920006,,FGSC.25,경기소비재,,,,
KR7466920006,,FGSC.30,필수소비재,,,,
KR7466920006,,FGSC.35,의료,,,,
KR7466920006,,FGSC.40,금융,,,,
KR7466920006,,FGSC.45,IT,,,,
KR7466920006,,FGSC.50,통신서비스,,,,
KR7466920006,,FGSC.55,유틸리티,,,,
KR70141S0002,,FGSC.10,에너지,,,,
KR70141S0002,20260813,FGSC.15,소재,20.3242,2.8,17.52,신한SOL조선기자재증권상장지수투자신탁[주식]
KR70141S0002,20260813,FGSC.20,산업재,79.676,13.59,66.09,신한SOL조선기자재증권상장지수투자신탁[주식]
KR70141S0002,,FGSC.25,경기소비재,,,,
KR70141S0002,,FGSC.30,필수소비재,,,,
KR70141S0002,,FGSC.35,의료,,,,
KR70141S0002,,FGSC.40,금융,,,,
KR70141S0002,,FGSC.45,IT,,,,
KR70141S0002,,FGSC.50,통신서비스,,,,
KR70141S0002,,FGSC.55,유틸리티,,,,
KR70141T0001,,FGSC.10,에너지,,,,
KR70141T0001,,FGSC.15,소재,,,,
KR70141T0001,,FGSC.20,산업재,,,,
KR70141T0001,,FGSC.25,경기소비재,,,,
KR70141T0001,,FGSC.30,필수소비재,,,,
KR70141T0001,,FGSC.35,의료,,,,
KR70141T0001,,FGSC.40,금융,,,,
KR70141T0001,,FGSC.45,IT,,,,
KR70141T0001,,FGSC.50,통신서비스,,,,
KR70141T0001,,FGSC.55,유틸리티,,,,
KR70016X0007,,FGSC.10,에너지,,,,
KR70016X0007,,FGSC.15,소재,,,,
KR70016X0007,,FGSC.20,산업재,,,,
KR70016X0007,,FGSC.25,경기소비재,,,,
KR70016X0007,,FGSC.30,필수소비재,,,,
KR70016X0007,,FGSC.35,의료,,,,
KR70016X0007,,FGSC.40,금융,,,,
KR70016X0007,,FGSC.45,IT,,,,
KR70016X0007,,FGSC.50,통신서비스,,,,
KR70016X0007,,FGSC.55,유틸리티,,,,
KR7220130009,,FGSC.10,에너지,,,,
KR7220130009,,FGSC.15,소재,,,,
KR7220130009,,FGSC.20,산업재,,,,
KR7220130009,,FGSC.25,경기소비재,,,,
KR7220130009,,FGSC.30,필수소비재,,,,
KR7220130009,,FGSC.35,의료,,,,
KR7220130009,,FGSC.40,금융,,,,
KR7220130009,,FGSC.45,IT,,,,
KR7220130009,,FGSC.50,통신서비스,,,,
KR7220130009,,FGSC.55,유틸리티,,,,
KR70131A0004,,FGSC.10,에너지,,,,
KR70131A0004,,FGSC.15,소재,,,,
KR70131A0004,,FGSC.20,산업재,,,,
KR70131A0004,,FGSC.25,경기소비재,,,,
KR70131A0004,,FGSC.30,필수소비재,,,,
KR70131A0004,,FGSC.35,의료,,,,
KR70131A0004,,FGSC.40,금융,,,,
KR70131A0004,,FGSC.45,IT,,,,
KR70131A0004,,FGSC.50,통신서비스,,,,
KR70131A0004,,FGSC.55,유틸리티,,,,
KR7415760008,,FGSC.10,에너지,,,,
KR7415760008,,FGSC.15,소재,,,,
KR7415760008,,FGSC.20,산업재,,,,
KR7415760008,,FGSC.25,경기소비재,,,,
KR7415760008,,FGSC.30,필수소비재,,,,
KR7415760008,,FGSC.35,의료,,,,
KR7415760008,,FGSC.40,금융,,,,
KR7415760008,,FGSC.45,IT,,,,
KR7415760008,,FGSC.50,통신서비스,,,,
KR7415760008,,FGSC.55,유틸리티,,,,
KR7413220005,,FGSC.10,에너지,,,,
KR7413220005,,FGSC.15,소재,,,,
KR7413220005,,FGSC.20,산업재,,,,
KR7413220005,,FGSC.25,경기소비재,,,,
KR7413220005,,FGSC.30,필수소비재,,,,
KR7413220005,,FGSC.35,의료,,,,
KR7413220005,,FGSC.40,금융,,,,
KR7413220005,,FGSC.45,IT,,,,
KR7413220005,,FGSC.50,통신서비스,,,,
KR7413220005,,FGSC.55,유틸리티,,,,
KR7469830004,,FGSC.10,에너지,,,,
KR7469830004,,FGSC.15,소재,,,,
KR7469830004,,FGSC.20,산업재,,,,
KR7469830004,,FGSC.25,경기소비재,,,,
KR7469830004,,FGSC.30,필수소비재,,,,
KR7469830004,,FGSC.35,의료,,,,
KR7469830004,,FGSC.40,금융,,,,
KR7469830004,,FGSC.45,IT,,,,
KR7469830004,,FGSC.50,통신서비스,,,,
KR7469830004,,FGSC.55,유틸리티,,,,
KR70105E0002,,FGSC.10,에너지,,,,
KR70105E0002,20260813,FGSC.15,소재,11.1304,2.8,8.33,신한SOL코리아고배당증권상장지수투자신탁[주식]
KR70105E0002,20260813,FGSC.20,산업재,10.3326,13.59,-3.26,신한SOL코리아고배당증권상장지수투자신탁[주식]
KR70105E0002,20260813,FGSC.25,경기소비재,21.6806,6.12,15.56,신한SOL코리아고배당증권상장지수투자신탁[주식]
KR70105E0002,20260813,FGSC.30,필수소비재,10.458,1.91,8.55,신한SOL코리아고배당증권상장지수투자신탁[주식]
KR70105E0002,,FGSC.35,의료,,,,
KR70105E0002,20260813,FGSC.40,금융,45.79,7.56,38.23,신한SOL코리아고배당증권상장지수투자신탁[주식]
KR70105E0002,20260813,FGSC.45,IT,.6084,59.71,-59.1,신한SOL코리아고배당증권상장지수투자신탁[주식]
KR70105E0002,,FGSC.50,통신서비스,,,,
KR70105E0002,,FGSC.55,유틸리티,,,,
KR7444200000,,FGSC.10,에너지,,,,
KR7444200000,,FGSC.15,소재,,,,
KR7444200000,20260813,FGSC.20,산업재,26.3608,13.59,12.77,신한SOL코리아메가테크액티브증권상장지수투자신탁[주식]
KR7444200000,20260813,FGSC.25,경기소비재,11.0993,6.12,4.98,신한SOL코리아메가테크액티브증권상장지수투자신탁[주식]
KR7444200000,,FGSC.30,필수소비재,,,,
KR7444200000,,FGSC.35,의료,,,,
KR7444200000,20260813,FGSC.40,금융,.6771,7.56,-6.88,신한SOL코리아메가테크액티브증권상장지수투자신탁[주식]
KR7444200000,20260813,FGSC.45,IT,60.4185,59.71,.71,신한SOL코리아메가테크액티브증권상장지수투자신탁[주식]
KR7444200000,,FGSC.50,통신서비스,,,,
KR7444200000,20260813,FGSC.55,유틸리티,1.4443,.5,.95,신한SOL코리아메가테크액티브증권상장지수투자신탁[주식]
KR7495550006,20260813,FGSC.10,에너지,.2294,2,-1.77,신한SOL코리아밸류업TotalReturn증권상장지수투자신탁[주식]
KR7495550006,20260813,FGSC.15,소재,.3761,2.8,-2.42,신한SOL코리아밸류업TotalReturn증권상장지수투자신탁[주식]
KR7495550006,20260813,FGSC.20,산업재,15.6625,13.59,2.07,신한SOL코리아밸류업TotalReturn증권상장지수투자신탁[주식]
KR7495550006,20260813,FGSC.25,경기소비재,11.5025,6.12,5.39,신한SOL코리아밸류업TotalReturn증권상장지수투자신탁[주식]
KR7495550006,20260813,FGSC.30,필수소비재,3.5822,1.91,1.67,신한SOL코리아밸류업TotalReturn증권상장지수투자신탁[주식]
KR7495550006,20260813,FGSC.35,의료,.9192,5.15,-4.24,신한SOL코리아밸류업TotalReturn증권상장지수투자신탁[주식]
KR7495550006,20260813,FGSC.40,금융,18.7803,7.56,11.22,신한SOL코리아밸류업TotalReturn증권상장지수투자신탁[주식]
KR7495550006,20260813,FGSC.45,IT,46.7058,59.71,-13,신한SOL코리아밸류업TotalReturn증권상장지수투자신탁[주식]
KR7495550006,20260813,FGSC.50,통신서비스,2.1374,.66,1.47,신한SOL코리아밸류업TotalReturn증권상장지수투자신탁[주식]
KR7495550006,20260813,FGSC.55,유틸리티,.1046,.5,-.39,신한SOL코리아밸류업TotalReturn증권상장지수투자신탁[주식]
KR7450910005,20260813,FGSC.10,에너지,.6689,2,-1.33,신한SOL코스닥150증권상장지수투자신탁[주식]
KR7450910005,20260813,FGSC.15,소재,1.4371,2.8,-1.36,신한SOL코스닥150증권상장지수투자신탁[주식]
KR7450910005,20260813,FGSC.20,산업재,10.6956,13.59,-2.89,신한SOL코스닥150증권상장지수투자신탁[주식]
KR7450910005,20260813,FGSC.25,경기소비재,4.4672,6.12,-1.65,신한SOL코스닥150증권상장지수투자신탁[주식]
KR7450910005,20260813,FGSC.30,필수소비재,1.8949,1.91,-.01,신한SOL코스닥150증권상장지수투자신탁[주식]
KR7450910005,20260813,FGSC.35,의료,32.842,5.15,27.69,신한SOL코스닥150증권상장지수투자신탁[주식]
KR7450910005,20260813,FGSC.40,금융,.6189,7.56,-6.94,신한SOL코스닥150증권상장지수투자신탁[주식]
KR7450910005,20260813,FGSC.45,IT,47.3758,59.71,-12.33,신한SOL코스닥150증권상장지수투자신탁[주식]
KR7450910005,,FGSC.50,통신서비스,,,,
KR7450910005,,FGSC.55,유틸리티,,,,
KR70192T0009,,FGSC.10,에너지,,,,
KR70192T0009,,FGSC.15,소재,,,,
KR70192T0009,20260813,FGSC.20,산업재,10.21,13.59,-3.38,신한SOL코스닥TOP10증권상장지수투자신탁[주식]
KR70192T0009,,FGSC.25,경기소비재,,,,
KR70192T0009,,FGSC.30,필수소비재,,,,
KR70192T0009,20260813,FGSC.35,의료,43.5819,5.15,38.43,신한SOL코스닥TOP10증권상장지수투자신탁[주식]
KR70192T0009,,FGSC.40,금융,,,,
KR70192T0009,20260813,FGSC.45,IT,46.2081,59.71,-13.5,신한SOL코스닥TOP10증권상장지수투자신탁[주식]
KR70192T0009,,FGSC.50,통신서비스,,,,
KR70192T0009,,FGSC.55,유틸리티,,,,
KR70192S0000,20260813,FGSC.10,에너지,1.2905,2,-.71,신한SOL코스피200채권혼합50증권상장지수투자신탁[채권혼합]
KR70192S0000,20260813,FGSC.15,소재,2.0974,2.8,-.7,신한SOL코스피200채권혼합50증권상장지수투자신탁[채권혼합]
KR70192S0000,20260813,FGSC.20,산업재,11.3164,13.59,-2.27,신한SOL코스피200채권혼합50증권상장지수투자신탁[채권혼합]
KR70192S0000,20260813,FGSC.25,경기소비재,5.3703,6.12,-.75,신한SOL코스피200채권혼합50증권상장지수투자신탁[채권혼합]
KR70192S0000,20260813,FGSC.30,필수소비재,1.3523,1.91,-.56,신한SOL코스피200채권혼합50증권상장지수투자신탁[채권혼합]
KR70192S0000,20260813,FGSC.35,의료,1.8933,5.15,-3.26,신한SOL코스피200채권혼합50증권상장지수투자신탁[채권혼합]
KR70192S0000,20260813,FGSC.40,금융,7.8328,7.56,.27,신한SOL코스피200채권혼합50증권상장지수투자신탁[채권혼합]
KR70192S0000,20260813,FGSC.45,IT,67.6228,59.71,7.91,신한SOL코스피200채권혼합50증권상장지수투자신탁[채권혼합]
KR70192S0000,20260813,FGSC.50,통신서비스,.8242,.66,.16,신한SOL코스피200채권혼합50증권상장지수투자신탁[채권혼합]
KR70192S0000,20260813,FGSC.55,유틸리티,.3997,.5,-.1,신한SOL코스피200채권혼합50증권상장지수투자신탁[채권혼합]
KR70040X0007,,FGSC.10,에너지,,,,
KR70040X0007,,FGSC.15,소재,,,,
KR70040X0007,,FGSC.20,산업재,,,,
KR70040X0007,,FGSC.25,경기소비재,,,,
KR70040X0007,,FGSC.30,필수소비재,,,,
KR70040X0007,,FGSC.35,의료,,,,
KR70040X0007,,FGSC.40,금융,,,,
KR70040X0007,,FGSC.45,IT,,,,
KR70040X0007,,FGSC.50,통신서비스,,,,
KR70040X0007,,FGSC.55,유틸리티,,,,
KR70040Y0006,,FGSC.10,에너지,,,,
KR70040Y0006,,FGSC.15,소재,,,,
KR70040Y0006,,FGSC.20,산업재,,,,
KR70040Y0006,,FGSC.25,경기소비재,,,,
KR70040Y0006,,FGSC.30,필수소비재,,,,
KR70040Y0006,,FGSC.35,의료,,,,
KR70040Y0006,,FGSC.40,금융,,,,
KR70040Y0006,,FGSC.45,IT,,,,
KR70040Y0006,,FGSC.50,통신서비스,,,,
KR70040Y0006,,FGSC.55,유틸리티,,,,
KR70105D0003,,FGSC.10,에너지,,,,
KR70105D0003,,FGSC.15,소재,,,,
KR70105D0003,20260813,FGSC.20,산업재,2.3642,13.59,-11.22,신한SOL한국AI소프트웨어증권상장지수투자신탁[주식]
KR70105D0003,,FGSC.25,경기소비재,,,,
KR70105D0003,,FGSC.30,필수소비재,,,,
KR70105D0003,,FGSC.35,의료,,,,
KR70105D0003,20260813,FGSC.40,금융,8.2525,7.56,.69,신한SOL한국AI소프트웨어증권상장지수투자신탁[주식]
KR70105D0003,20260813,FGSC.45,IT,89.3834,59.71,29.67,신한SOL한국AI소프트웨어증권상장지수투자신탁[주식]
KR70105D0003,,FGSC.50,통신서비스,,,,
KR70105D0003,,FGSC.55,유틸리티,,,,
KR70092B0000,20260813,FGSC.10,에너지,25.3713,2,23.37,신한SOL한국원자력SMR증권상장지수투자신탁[주식]
KR70092B0000,,FGSC.15,소재,,,,
KR70092B0000,20260813,FGSC.20,산업재,58.4732,13.59,44.88,신한SOL한국원자력SMR증권상장지수투자신탁[주식]
KR70092B0000,,FGSC.25,경기소비재,,,,
KR70092B0000,,FGSC.30,필수소비재,,,,
KR70092B0000,,FGSC.35,의료,,,,
KR70092B0000,,FGSC.40,금융,,,,
KR70092B0000,,FGSC.45,IT,,,,
KR70092B0000,,FGSC.50,통신서비스,,,,
KR70092B0000,20260813,FGSC.55,유틸리티,16.1553,.5,15.66,신한SOL한국원자력SMR증권상장지수투자신탁[주식]
KR7429980006,,FGSC.10,에너지,,,,
KR7429980006,,FGSC.15,소재,,,,
KR7429980006,,FGSC.20,산업재,,,,
KR7429980006,,FGSC.25,경기소비재,,,,
KR7429980006,,FGSC.30,필수소비재,,,,
KR7429980006,,FGSC.35,의료,,,,
KR7429980006,,FGSC.40,금융,,,,
KR7429980006,,FGSC.45,IT,,,,
KR7429980006,,FGSC.50,통신서비스,,,,
KR7429980006,,FGSC.55,유틸리티,,,,
KR70008T0003,,FGSC.10,에너지,,,,
KR70008T0003,20260813,FGSC.15,소재,3.2089,2.8,.41,신한SOL화장품TOP3플러스증권상장지수투자신탁[주식]
KR70008T0003,,FGSC.20,산업재,,,,
KR70008T0003,20260813,FGSC.25,경기소비재,20.8043,6.12,14.69,신한SOL화장품TOP3플러스증권상장지수투자신탁[주식]
KR70008T0003,20260813,FGSC.30,필수소비재,75.9868,1.91,74.08,신한SOL화장품TOP3플러스증권상장지수투자신탁[주식]
KR70008T0003,,FGSC.35,의료,,,,
KR70008T0003,,FGSC.40,금융,,,,
KR70008T0003,,FGSC.45,IT,,,,
KR70008T0003,,FGSC.50,통신서비스,,,,
KR70008T0003,,FGSC.55,유틸리티,,,,
KR7452360001,,FGSC.10,에너지,,,,
KR7452360001,,FGSC.15,소재,,,,
KR7452360001,,FGSC.20,산업재,,,,
KR7452360001,,FGSC.25,경기소비재,,,,
KR7452360001,,FGSC.30,필수소비재,,,,
KR7452360001,,FGSC.35,의료,,,,
KR7452360001,,FGSC.40,금융,,,,
KR7452360001,,FGSC.45,IT,,,,
KR7452360001,,FGSC.50,통신서비스,,,,
KR7452360001,,FGSC.55,유틸리티,,,,
KR7436140008,,FGSC.10,에너지,,,,
KR7436140008,,FGSC.15,소재,,,,
KR7436140008,,FGSC.20,산업재,,,,
KR7436140008,,FGSC.25,경기소비재,,,,
KR7436140008,,FGSC.30,필수소비재,,,,
KR7436140008,,FGSC.35,의료,,,,
KR7436140008,,FGSC.40,금융,,,,
KR7436140008,,FGSC.45,IT,,,,
KR7436140008,,FGSC.50,통신서비스,,,,
KR7436140008,,FGSC.55,유틸리티,,,,
KR7462340001,,FGSC.10,에너지,,,,
KR7462340001,,FGSC.15,소재,,,,
KR7462340001,,FGSC.20,산업재,,,,
KR7462340001,,FGSC.25,경기소비재,,,,
KR7462340001,,FGSC.30,필수소비재,,,,
KR7462340001,,FGSC.35,의료,,,,
KR7462340001,,FGSC.40,금융,,,,
KR7462340001,,FGSC.45,IT,,,,
KR7462340001,,FGSC.50,통신서비스,,,,
KR7462340001,,FGSC.55,유틸리티,,,,
KR7433220001,,FGSC.10,에너지,,,,
KR7433220001,,FGSC.15,소재,,,,
KR7433220001,,FGSC.20,산업재,,,,
KR7433220001,,FGSC.25,경기소비재,,,,
KR7433220001,,FGSC.30,필수소비재,,,,
KR7433220001,,FGSC.35,의료,,,,
KR7433220001,,FGSC.40,금융,,,,
KR7433220001,,FGSC.45,IT,,,,
KR7433220001,,FGSC.50,통신서비스,,,,
KR7433220001,,FGSC.55,유틸리티,,,,
KR7451150007,,FGSC.10,에너지,,,,
KR7451150007,,FGSC.15,소재,,,,
KR7451150007,,FGSC.20,산업재,,,,
KR7451150007,,FGSC.25,경기소비재,,,,
KR7451150007,,FGSC.30,필수소비재,,,,
KR7451150007,,FGSC.35,의료,,,,
KR7451150007,,FGSC.40,금융,,,,
KR7451150007,,FGSC.45,IT,,,,
KR7451150007,,FGSC.50,통신서비스,,,,
KR7451150007,,FGSC.55,유틸리티,,,,
KR7477490007,,FGSC.10,에너지,,,,
KR7477490007,,FGSC.15,소재,,,,
KR7477490007,,FGSC.20,산업재,,,,
KR7477490007,,FGSC.25,경기소비재,,,,
KR7477490007,,FGSC.30,필수소비재,,,,
KR7477490007,,FGSC.35,의료,,,,
KR7477490007,,FGSC.40,금융,,,,
KR7477490007,,FGSC.45,IT,,,,
KR7477490007,,FGSC.50,통신서비스,,,,
KR7477490007,,FGSC.55,유틸리티,,,,
KR7407830009,,FGSC.10,에너지,,,,
KR7407830009,,FGSC.15,소재,,,,
KR7407830009,,FGSC.20,산업재,,,,
KR7407830009,,FGSC.25,경기소비재,,,,
KR7407830009,,FGSC.30,필수소비재,,,,
KR7407830009,,FGSC.35,의료,,,,
KR7407830009,,FGSC.40,금융,,,,
KR7407830009,,FGSC.45,IT,,,,
KR7407830009,,FGSC.50,통신서비스,,,,
KR7407830009,,FGSC.55,유틸리티,,,,
KR70002C0008,,FGSC.10,에너지,,,,
KR70002C0008,,FGSC.15,소재,,,,
KR70002C0008,,FGSC.20,산업재,,,,
KR70002C0008,,FGSC.25,경기소비재,,,,
KR70002C0008,,FGSC.30,필수소비재,,,,
KR70002C0008,,FGSC.35,의료,,,,
KR70002C0008,,FGSC.40,금융,,,,
KR70002C0008,,FGSC.45,IT,,,,
KR70002C0008,,FGSC.50,통신서비스,,,,
KR70002C0008,,FGSC.55,유틸리티,,,,
KR7474920006,,FGSC.10,에너지,,,,
KR7474920006,,FGSC.15,소재,,,,
KR7474920006,,FGSC.20,산업재,,,,
KR7474920006,,FGSC.25,경기소비재,,,,
KR7474920006,,FGSC.30,필수소비재,,,,
KR7474920006,,FGSC.35,의료,,,,
KR7474920006,,FGSC.40,금융,,,,
KR7474920006,,FGSC.45,IT,,,,
KR7474920006,,FGSC.50,통신서비스,,,,
KR7474920006,,FGSC.55,유틸리티,,,,
KR7442090007,20260813,FGSC.10,에너지,9.8063,2,7.8,에셋플러스 에셋플러스코리아대장장이액티브증권상장지수투자신탁(주식)
KR7442090007,20260813,FGSC.15,소재,16.4737,2.8,13.67,에셋플러스 에셋플러스코리아대장장이액티브증권상장지수투자신탁(주식)
KR7442090007,20260813,FGSC.20,산업재,13.6003,13.59,.01,에셋플러스 에셋플러스코리아대장장이액티브증권상장지수투자신탁(주식)
KR7442090007,20260813,FGSC.25,경기소비재,3.2665,6.12,-2.85,에셋플러스 에셋플러스코리아대장장이액티브증권상장지수투자신탁(주식)
KR7442090007,,FGSC.30,필수소비재,,,,
KR7442090007,20260813,FGSC.35,의료,1.5523,5.15,-3.6,에셋플러스 에셋플러스코리아대장장이액티브증권상장지수투자신탁(주식)
KR7442090007,,FGSC.40,금융,,,,
KR7442090007,20260813,FGSC.45,IT,55.3008,59.71,-4.41,에셋플러스 에셋플러스코리아대장장이액티브증권상장지수투자신탁(주식)
KR7442090007,,FGSC.50,통신서비스,,,,
KR7442090007,,FGSC.55,유틸리티,,,,
KR7407820000,20260813,FGSC.10,에너지,5.4551,2,3.45,에셋플러스 에셋플러스코리아플랫폼액티브증권상장지수투자신탁(주식)
KR7407820000,,FGSC.15,소재,,,,
KR7407820000,20260813,FGSC.20,산업재,7.8935,13.59,-5.7,에셋플러스 에셋플러스코리아플랫폼액티브증권상장지수투자신탁(주식)
KR7407820000,20260813,FGSC.25,경기소비재,8.4719,6.12,2.36,에셋플러스 에셋플러스코리아플랫폼액티브증권상장지수투자신탁(주식)
KR7407820000,20260813,FGSC.30,필수소비재,12.5557,1.91,10.65,에셋플러스 에셋플러스코리아플랫폼액티브증권상장지수투자신탁(주식)
KR7407820000,20260813,FGSC.35,의료,19.7697,5.15,14.62,에셋플러스 에셋플러스코리아플랫폼액티브증권상장지수투자신탁(주식)
KR7407820000,20260813,FGSC.40,금융,9.6969,7.56,2.14,에셋플러스 에셋플러스코리아플랫폼액티브증권상장지수투자신탁(주식)
KR7407820000,20260813,FGSC.45,IT,33.8632,59.71,-25.85,에셋플러스 에셋플러스코리아플랫폼액티브증권상장지수투자신탁(주식)
KR7407820000,20260813,FGSC.50,통신서비스,2.2939,.66,1.63,에셋플러스 에셋플러스코리아플랫폼액티브증권상장지수투자신탁(주식)
KR7407820000,,FGSC.55,유틸리티,,,,
KR7448100008,20260813,FGSC.10,에너지,1.3217,2,-.68,우리WON200증권상장지수투자신탁(주식)
KR7448100008,20260813,FGSC.15,소재,2.0432,2.8,-.76,우리WON200증권상장지수투자신탁(주식)
KR7448100008,20260813,FGSC.20,산업재,10.5818,13.59,-3.01,우리WON200증권상장지수투자신탁(주식)
KR7448100008,20260813,FGSC.25,경기소비재,5.2477,6.12,-.87,우리WON200증권상장지수투자신탁(주식)
KR7448100008,20260813,FGSC.30,필수소비재,1.4777,1.91,-.43,우리WON200증권상장지수투자신탁(주식)
KR7448100008,20260813,FGSC.35,의료,1.8812,5.15,-3.27,우리WON200증권상장지수투자신탁(주식)
KR7448100008,20260813,FGSC.40,금융,7.7751,7.56,.22,우리WON200증권상장지수투자신탁(주식)
KR7448100008,20260813,FGSC.45,IT,68.4423,59.71,8.73,우리WON200증권상장지수투자신탁(주식)
KR7448100008,20260813,FGSC.50,통신서비스,.8335,.66,.17,우리WON200증권상장지수투자신탁(주식)
KR7448100008,20260813,FGSC.55,유틸리티,.3963,.5,-.1,우리WON200증권상장지수투자신탁(주식)
KR7413930009,20260813,FGSC.10,에너지,6.8702,2,4.87,우리WON AI ESG액티브증권상장지수투자신탁(주식)
KR7413930009,20260813,FGSC.15,소재,1.3738,2.8,-1.43,우리WON AI ESG액티브증권상장지수투자신탁(주식)
KR7413930009,20260813,FGSC.20,산업재,19.5725,13.59,5.98,우리WON AI ESG액티브증권상장지수투자신탁(주식)
KR7413930009,20260813,FGSC.25,경기소비재,3.9362,6.12,-2.18,우리WON AI ESG액티브증권상장지수투자신탁(주식)
KR7413930009,20260813,FGSC.30,필수소비재,1.4472,1.91,-.46,우리WON AI ESG액티브증권상장지수투자신탁(주식)
KR7413930009,20260813,FGSC.35,의료,4.1296,5.15,-1.02,우리WON AI ESG액티브증권상장지수투자신탁(주식)
KR7413930009,20260813,FGSC.40,금융,8.0857,7.56,.53,우리WON AI ESG액티브증권상장지수투자신탁(주식)
KR7413930009,20260813,FGSC.45,IT,53.9095,59.71,-5.8,우리WON AI ESG액티브증권상장지수투자신탁(주식)
KR7413930009,20260813,FGSC.50,통신서비스,.6757,.66,.01,우리WON AI ESG액티브증권상장지수투자신탁(주식)
KR7413930009,,FGSC.55,유틸리티,,,,
KR70088N0002,,FGSC.10,에너지,,,,
KR70088N0002,20260813,FGSC.15,소재,11.2483,2.8,8.45,우리 WON K-글로벌수급상위증권상장지수투자신탁(주식)
KR70088N0002,,FGSC.20,산업재,,,,
KR70088N0002,20260813,FGSC.25,경기소비재,7.2709,6.12,1.16,우리 WON K-글로벌수급상위증권상장지수투자신탁(주식)
KR70088N0002,20260813,FGSC.30,필수소비재,6.6287,1.91,4.72,우리 WON K-글로벌수급상위증권상장지수투자신탁(주식)
KR70088N0002,20260813,FGSC.35,의료,16.6362,5.15,11.48,우리 WON K-글로벌수급상위증권상장지수투자신탁(주식)
KR70088N0002,,FGSC.40,금융,,,,
KR70088N0002,20260813,FGSC.45,IT,58.2159,59.71,-1.49,우리 WON K-글로벌수급상위증권상장지수투자신탁(주식)
KR70088N0002,,FGSC.50,통신서비스,,,,
KR70088N0002,,FGSC.55,유틸리티,,,,
KR7458030004,,FGSC.10,에너지,,,,
KR7458030004,,FGSC.15,소재,,,,
KR7458030004,,FGSC.20,산업재,,,,
KR7458030004,,FGSC.25,경기소비재,,,,
KR7458030004,,FGSC.30,필수소비재,,,,
KR7458030004,,FGSC.35,의료,,,,
KR7458030004,,FGSC.40,금융,,,,
KR7458030004,,FGSC.45,IT,,,,
KR7458030004,,FGSC.50,통신서비스,,,,
KR7458030004,,FGSC.55,유틸리티,,,,
KR7426150009,,FGSC.10,에너지,,,,
KR7426150009,,FGSC.15,소재,,,,
KR7426150009,,FGSC.20,산업재,,,,
KR7426150009,,FGSC.25,경기소비재,,,,
KR7426150009,,FGSC.30,필수소비재,,,,
KR7426150009,,FGSC.35,의료,,,,
KR7426150009,,FGSC.40,금융,,,,
KR7426150009,,FGSC.45,IT,,,,
KR7426150009,,FGSC.50,통신서비스,,,,
KR7426150009,,FGSC.55,유틸리티,,,,
KR70177A0009,20260813,FGSC.10,에너지,5.033,2,3.03,우리WON두산그룹포커스증권상장지수투자신탁(주식)
KR70177A0009,,FGSC.15,소재,,,,
KR70177A0009,20260813,FGSC.20,산업재,85.9727,13.59,72.38,우리WON두산그룹포커스증권상장지수투자신탁(주식)
KR70177A0009,20260813,FGSC.25,경기소비재,1.858,6.12,-4.26,우리WON두산그룹포커스증권상장지수투자신탁(주식)
KR70177A0009,,FGSC.30,필수소비재,,,,
KR70177A0009,20260813,FGSC.35,의료,1.8141,5.15,-3.34,우리WON두산그룹포커스증권상장지수투자신탁(주식)
KR70177A0009,,FGSC.40,금융,,,,
KR70177A0009,20260813,FGSC.45,IT,5.3221,59.71,-54.39,우리WON두산그룹포커스증권상장지수투자신탁(주식)
KR70177A0009,,FGSC.50,통신서비스,,,,
KR70177A0009,,FGSC.55,유틸리티,,,,
KR7444490007,,FGSC.10,에너지,,,,
KR7444490007,,FGSC.15,소재,,,,
KR7444490007,,FGSC.20,산업재,,,,
KR7444490007,,FGSC.25,경기소비재,,,,
KR7444490007,,FGSC.30,필수소비재,,,,
KR7444490007,,FGSC.35,의료,,,,
KR7444490007,,FGSC.40,금융,,,,
KR7444490007,,FGSC.45,IT,,,,
KR7444490007,,FGSC.50,통신서비스,,,,
KR7444490007,,FGSC.55,유틸리티,,,,
KR7489290007,,FGSC.10,에너지,,,,
KR7489290007,,FGSC.15,소재,,,,
KR7489290007,,FGSC.20,산업재,,,,
KR7489290007,,FGSC.25,경기소비재,,,,
KR7489290007,,FGSC.30,필수소비재,,,,
KR7489290007,,FGSC.35,의료,,,,
KR7489290007,,FGSC.40,금융,,,,
KR7489290007,,FGSC.45,IT,,,,
KR7489290007,,FGSC.50,통신서비스,,,,
KR7489290007,,FGSC.55,유틸리티,,,,
KR7440910008,,FGSC.10,에너지,,,,
KR7440910008,,FGSC.15,소재,,,,
KR7440910008,,FGSC.20,산업재,,,,
KR7440910008,,FGSC.25,경기소비재,,,,
KR7440910008,,FGSC.30,필수소비재,,,,
KR7440910008,,FGSC.35,의료,,,,
KR7440910008,,FGSC.40,금융,,,,
KR7440910008,,FGSC.45,IT,,,,
KR7440910008,,FGSC.50,통신서비스,,,,
KR7440910008,,FGSC.55,유틸리티,,,,
KR7474590007,,FGSC.10,에너지,,,,
KR7474590007,,FGSC.15,소재,,,,
KR7474590007,,FGSC.20,산업재,,,,
KR7474590007,20260813,FGSC.25,경기소비재,4.0953,6.12,-2.02,우리WON반도체밸류체인액티브증권상장지수투자신탁(주식)
KR7474590007,,FGSC.30,필수소비재,,,,
KR7474590007,,FGSC.35,의료,,,,
KR7474590007,,FGSC.40,금융,,,,
KR7474590007,20260813,FGSC.45,IT,95.9046,59.71,36.19,우리WON반도체밸류체인액티브증권상장지수투자신탁(주식)
KR7474590007,,FGSC.50,통신서비스,,,,
KR7474590007,,FGSC.55,유틸리티,,,,
KR70203S0007,,FGSC.10,에너지,,,,
KR70203S0007,,FGSC.15,소재,,,,
KR70203S0007,,FGSC.20,산업재,,,,
KR70203S0007,20260813,FGSC.25,경기소비재,50.0073,6.12,43.89,우리WON삼성전자현대차채권혼합50증권상장지수투자신탁(채권혼합)
KR70203S0007,,FGSC.30,필수소비재,,,,
KR70203S0007,,FGSC.35,의료,,,,
KR70203S0007,,FGSC.40,금융,,,,
KR70203S0007,20260813,FGSC.45,IT,49.9927,59.71,-9.72,우리WON삼성전자현대차채권혼합50증권상장지수투자신탁(채권혼합)
KR70203S0007,,FGSC.50,통신서비스,,,,
KR70203S0007,,FGSC.55,유틸리티,,,,
KR7496020009,,FGSC.10,에너지,,,,
KR7496020009,,FGSC.15,소재,,,,
KR7496020009,,FGSC.20,산업재,,,,
KR7496020009,,FGSC.25,경기소비재,,,,
KR7496020009,,FGSC.30,필수소비재,,,,
KR7496020009,,FGSC.35,의료,,,,
KR7496020009,,FGSC.40,금융,,,,
KR7496020009,,FGSC.45,IT,,,,
KR7496020009,,FGSC.50,통신서비스,,,,
KR7496020009,,FGSC.55,유틸리티,,,,
KR7488720004,,FGSC.10,에너지,,,,
KR7488720004,,FGSC.15,소재,,,,
KR7488720004,,FGSC.20,산업재,,,,
KR7488720004,,FGSC.25,경기소비재,,,,
KR7488720004,,FGSC.30,필수소비재,,,,
KR7488720004,,FGSC.35,의료,,,,
KR7488720004,,FGSC.40,금융,,,,
KR7488720004,,FGSC.45,IT,,,,
KR7488720004,,FGSC.50,통신서비스,,,,
KR7488720004,,FGSC.55,유틸리티,,,,
KR70203R0008,,FGSC.10,에너지,,,,
KR70203R0008,,FGSC.15,소재,,,,
KR70203R0008,,FGSC.20,산업재,,,,
KR70203R0008,,FGSC.25,경기소비재,,,,
KR70203R0008,,FGSC.30,필수소비재,,,,
KR70203R0008,,FGSC.35,의료,,,,
KR70203R0008,,FGSC.40,금융,,,,
KR70203R0008,,FGSC.45,IT,,,,
KR70203R0008,,FGSC.50,통신서비스,,,,
KR70203R0008,,FGSC.55,유틸리티,,,,
KR70154F0001,,FGSC.10,에너지,,,,
KR70154F0001,,FGSC.15,소재,,,,
KR70154F0001,,FGSC.20,산업재,,,,
KR70154F0001,,FGSC.25,경기소비재,,,,
KR70154F0001,,FGSC.30,필수소비재,,,,
KR70154F0001,,FGSC.35,의료,,,,
KR70154F0001,20260813,FGSC.40,금융,99.9999,7.56,92.44,우리WON초대형IB&금융지주증권상장지수투자신탁(주식)
KR70154F0001,,FGSC.45,IT,,,,
KR70154F0001,,FGSC.50,통신서비스,,,,
KR70154F0001,,FGSC.55,유틸리티,,,,
KR70226G0004,20260813,FGSC.10,에너지,1.9836,2,-.02,우리WON피지컬AI TOP2플러스액티브증권상장지수투자신탁(주식)
KR70226G0004,,FGSC.15,소재,,,,
KR70226G0004,20260813,FGSC.20,산업재,23.0881,13.59,9.5,우리WON피지컬AI TOP2플러스액티브증권상장지수투자신탁(주식)
KR70226G0004,20260813,FGSC.25,경기소비재,35.8216,6.12,29.71,우리WON피지컬AI TOP2플러스액티브증권상장지수투자신탁(주식)
KR70226G0004,,FGSC.30,필수소비재,,,,
KR70226G0004,,FGSC.35,의료,,,,
KR70226G0004,,FGSC.40,금융,,,,
KR70226G0004,20260813,FGSC.45,IT,39.1067,59.71,-20.6,우리WON피지컬AI TOP2플러스액티브증권상장지수투자신탁(주식)
KR70226G0004,,FGSC.50,통신서비스,,,,
KR70226G0004,,FGSC.55,유틸리티,,,,
KR7480460005,,FGSC.10,에너지,,,,
KR7480460005,,FGSC.15,소재,,,,
KR7480460005,20260813,FGSC.20,산업재,26.3169,13.59,12.73,우리WON한국부동산TOP3플러스부동산상장지수투자신탁(재간접형)
KR7480460005,,FGSC.25,경기소비재,,,,
KR7480460005,,FGSC.30,필수소비재,,,,
KR7480460005,,FGSC.35,의료,,,,
KR7480460005,20260813,FGSC.40,금융,73.6829,7.56,66.12,우리WON한국부동산TOP3플러스부동산상장지수투자신탁(재간접형)
KR7480460005,,FGSC.45,IT,,,,
KR7480460005,,FGSC.50,통신서비스,,,,
KR7480460005,,FGSC.55,유틸리티,,,,
KR7108590001,20260813,FGSC.10,에너지,1.3565,2,-.65,유리TREX200상장지수투자신탁
KR7108590001,20260813,FGSC.15,소재,2.0322,2.8,-.77,유리TREX200상장지수투자신탁
KR7108590001,20260813,FGSC.20,산업재,10.7226,13.59,-2.87,유리TREX200상장지수투자신탁
KR7108590001,20260813,FGSC.25,경기소비재,5.2563,6.12,-.86,유리TREX200상장지수투자신탁
KR7108590001,20260813,FGSC.30,필수소비재,1.5748,1.91,-.33,유리TREX200상장지수투자신탁
KR7108590001,20260813,FGSC.35,의료,1.8937,5.15,-3.26,유리TREX200상장지수투자신탁
KR7108590001,20260813,FGSC.40,금융,7.8543,7.56,.29,유리TREX200상장지수투자신탁
KR7108590001,20260813,FGSC.45,IT,68.0891,59.71,8.38,유리TREX200상장지수투자신탁
KR7108590001,20260813,FGSC.50,통신서비스,.8288,.66,.17,유리TREX200상장지수투자신탁
KR7108590001,20260813,FGSC.55,유틸리티,.3914,.5,-.11,유리TREX200상장지수투자신탁
KR7145850004,20260813,FGSC.10,에너지,4.2343,2,2.23,유리TREX펀더멘탈200 증권상장지수투자신탁(주식)
KR7145850004,20260813,FGSC.15,소재,6.6814,2.8,3.88,유리TREX펀더멘탈200 증권상장지수투자신탁(주식)
KR7145850004,20260813,FGSC.20,산업재,13.7946,13.59,.21,유리TREX펀더멘탈200 증권상장지수투자신탁(주식)
KR7145850004,20260813,FGSC.25,경기소비재,13.177,6.12,7.06,유리TREX펀더멘탈200 증권상장지수투자신탁(주식)
KR7145850004,20260813,FGSC.30,필수소비재,2.6716,1.91,.76,유리TREX펀더멘탈200 증권상장지수투자신탁(주식)
KR7145850004,20260813,FGSC.35,의료,.7777,5.15,-4.38,유리TREX펀더멘탈200 증권상장지수투자신탁(주식)
KR7145850004,20260813,FGSC.40,금융,23.315,7.56,15.76,유리TREX펀더멘탈200 증권상장지수투자신탁(주식)
KR7145850004,20260813,FGSC.45,IT,30.2256,59.71,-29.48,유리TREX펀더멘탈200 증권상장지수투자신탁(주식)
KR7145850004,20260813,FGSC.50,통신서비스,2.8585,.66,2.2,유리TREX펀더멘탈200 증권상장지수투자신탁(주식)
KR7145850004,20260813,FGSC.55,유틸리티,2.2647,.5,1.77,유리TREX펀더멘탈200 증권상장지수투자신탁(주식)
KR7483570008,,FGSC.10,에너지,,,,
KR7483570008,,FGSC.15,소재,,,,
KR7483570008,,FGSC.20,산업재,,,,
KR7483570008,,FGSC.25,경기소비재,,,,
KR7483570008,,FGSC.30,필수소비재,,,,
KR7483570008,,FGSC.35,의료,,,,
KR7483570008,,FGSC.40,금융,,,,
KR7483570008,,FGSC.45,IT,,,,
KR7483570008,,FGSC.50,통신서비스,,,,
KR7483570008,,FGSC.55,유틸리티,,,,
KR7153270004,20260813,FGSC.10,에너지,1.4005,2,-.6,키움 KIWOOM 100 증권상장지수투자신탁[주식]
KR7153270004,20260813,FGSC.15,소재,1.7572,2.8,-1.04,키움 KIWOOM 100 증권상장지수투자신탁[주식]
KR7153270004,20260813,FGSC.20,산업재,10.7006,13.59,-2.89,키움 KIWOOM 100 증권상장지수투자신탁[주식]
KR7153270004,20260813,FGSC.25,경기소비재,5.0281,6.12,-1.09,키움 KIWOOM 100 증권상장지수투자신탁[주식]
KR7153270004,20260813,FGSC.30,필수소비재,1.288,1.91,-.62,키움 KIWOOM 100 증권상장지수투자신탁[주식]
KR7153270004,20260813,FGSC.35,의료,1.9476,5.15,-3.21,키움 KIWOOM 100 증권상장지수투자신탁[주식]
KR7153270004,20260813,FGSC.40,금융,8.1193,7.56,.56,키움 KIWOOM 100 증권상장지수투자신탁[주식]
KR7153270004,20260813,FGSC.45,IT,68.4384,59.71,8.73,키움 KIWOOM 100 증권상장지수투자신탁[주식]
KR7153270004,20260813,FGSC.50,통신서비스,.9185,.66,.26,키움 KIWOOM 100 증권상장지수투자신탁[주식]
KR7153270004,20260813,FGSC.55,유틸리티,.4017,.5,-.1,키움 KIWOOM 100 증권상장지수투자신탁[주식]
KR7167860006,,FGSC.10,에너지,,,,
KR7167860006,,FGSC.15,소재,,,,
KR7167860006,,FGSC.20,산업재,,,,
KR7167860006,,FGSC.25,경기소비재,,,,
KR7167860006,,FGSC.30,필수소비재,,,,
KR7167860006,,FGSC.35,의료,,,,
KR7167860006,,FGSC.40,금융,,,,
KR7167860006,,FGSC.45,IT,,,,
KR7167860006,,FGSC.50,통신서비스,,,,
KR7167860006,,FGSC.55,유틸리티,,,,
KR7148070006,,FGSC.10,에너지,,,,
KR7148070006,,FGSC.15,소재,,,,
KR7148070006,,FGSC.20,산업재,,,,
KR7148070006,,FGSC.25,경기소비재,,,,
KR7148070006,,FGSC.30,필수소비재,,,,
KR7148070006,,FGSC.35,의료,,,,
KR7148070006,,FGSC.40,금융,,,,
KR7148070006,,FGSC.45,IT,,,,
KR7148070006,,FGSC.50,통신서비스,,,,
KR7148070006,,FGSC.55,유틸리티,,,,
KR7069660009,20260813,FGSC.10,에너지,1.3563,2,-.65,키움 KIWOOM 200 상장지수증권투자신탁[주식]
KR7069660009,20260813,FGSC.15,소재,2.0834,2.8,-.72,키움 KIWOOM 200 상장지수증권투자신탁[주식]
KR7069660009,20260813,FGSC.20,산업재,10.7136,13.59,-2.88,키움 KIWOOM 200 상장지수증권투자신탁[주식]
KR7069660009,20260813,FGSC.25,경기소비재,5.2662,6.12,-.85,키움 KIWOOM 200 상장지수증권투자신탁[주식]
KR7069660009,20260813,FGSC.30,필수소비재,1.5397,1.91,-.37,키움 KIWOOM 200 상장지수증권투자신탁[주식]
KR7069660009,20260813,FGSC.35,의료,1.9157,5.15,-3.24,키움 KIWOOM 200 상장지수증권투자신탁[주식]
KR7069660009,20260813,FGSC.40,금융,7.7798,7.56,.22,키움 KIWOOM 200 상장지수증권투자신탁[주식]
KR7069660009,20260813,FGSC.45,IT,68.1156,59.71,8.41,키움 KIWOOM 200 상장지수증권투자신탁[주식]
KR7069660009,20260813,FGSC.50,통신서비스,.8313,.66,.17,키움 KIWOOM 200 상장지수증권투자신탁[주식]
KR7069660009,20260813,FGSC.55,유틸리티,.398,.5,-.1,키움 KIWOOM 200 상장지수증권투자신탁[주식]
KR7294400007,20260813,FGSC.10,에너지,1.3539,2,-.65,키움 KIWOOM 200TotalReturn증권상장지수투자신탁[주식]
KR7294400007,20260813,FGSC.15,소재,2.1209,2.8,-.68,키움 KIWOOM 200TotalReturn증권상장지수투자신탁[주식]
KR7294400007,20260813,FGSC.20,산업재,10.7971,13.59,-2.79,키움 KIWOOM 200TotalReturn증권상장지수투자신탁[주식]
KR7294400007,20260813,FGSC.25,경기소비재,5.2719,6.12,-.84,키움 KIWOOM 200TotalReturn증권상장지수투자신탁[주식]
KR7294400007,20260813,FGSC.30,필수소비재,1.5764,1.91,-.33,키움 KIWOOM 200TotalReturn증권상장지수투자신탁[주식]
KR7294400007,20260813,FGSC.35,의료,1.9419,5.15,-3.21,키움 KIWOOM 200TotalReturn증권상장지수투자신탁[주식]
KR7294400007,20260813,FGSC.40,금융,7.7808,7.56,.22,키움 KIWOOM 200TotalReturn증권상장지수투자신탁[주식]
KR7294400007,20260813,FGSC.45,IT,67.9275,59.71,8.22,키움 KIWOOM 200TotalReturn증권상장지수투자신탁[주식]
KR7294400007,20260813,FGSC.50,통신서비스,.8316,.66,.17,키움 KIWOOM 200TotalReturn증권상장지수투자신탁[주식]
KR7294400007,20260813,FGSC.55,유틸리티,.3981,.5,-.1,키움 KIWOOM 200TotalReturn증권상장지수투자신탁[주식]
KR7253250005,,FGSC.10,에너지,,,,
KR7253250005,,FGSC.15,소재,,,,
KR7253250005,,FGSC.20,산업재,,,,
KR7253250005,,FGSC.25,경기소비재,,,,
KR7253250005,,FGSC.30,필수소비재,,,,
KR7253250005,,FGSC.35,의료,,,,
KR7253250005,,FGSC.40,금융,,,,
KR7253250005,,FGSC.45,IT,,,,
KR7253250005,,FGSC.50,통신서비스,,,,
KR7253250005,,FGSC.55,유틸리티,,,,
KR7253230007,,FGSC.10,에너지,,,,
KR7253230007,,FGSC.15,소재,,,,
KR7253230007,,FGSC.20,산업재,,,,
KR7253230007,,FGSC.25,경기소비재,,,,
KR7253230007,,FGSC.30,필수소비재,,,,
KR7253230007,,FGSC.35,의료,,,,
KR7253230007,,FGSC.40,금융,,,,
KR7253230007,,FGSC.45,IT,,,,
KR7253230007,,FGSC.50,통신서비스,,,,
KR7253230007,,FGSC.55,유틸리티,,,,
KR7253240006,,FGSC.10,에너지,,,,
KR7253240006,,FGSC.15,소재,,,,
KR7253240006,,FGSC.20,산업재,,,,
KR7253240006,,FGSC.25,경기소비재,,,,
KR7253240006,,FGSC.30,필수소비재,,,,
KR7253240006,,FGSC.35,의료,,,,
KR7253240006,,FGSC.40,금융,,,,
KR7253240006,,FGSC.45,IT,,,,
KR7253240006,,FGSC.50,통신서비스,,,,
KR7253240006,,FGSC.55,유틸리티,,,,
KR7464240001,,FGSC.10,에너지,,,,
KR7464240001,,FGSC.15,소재,,,,
KR7464240001,,FGSC.20,산업재,,,,
KR7464240001,,FGSC.25,경기소비재,,,,
KR7464240001,,FGSC.30,필수소비재,,,,
KR7464240001,,FGSC.35,의료,,,,
KR7464240001,,FGSC.40,금융,,,,
KR7464240001,,FGSC.45,IT,,,,
KR7464240001,,FGSC.50,통신서비스,,,,
KR7464240001,,FGSC.55,유틸리티,,,,
KR7458210002,,FGSC.10,에너지,,,,
KR7458210002,,FGSC.15,소재,,,,
KR7458210002,,FGSC.20,산업재,,,,
KR7458210002,,FGSC.25,경기소비재,,,,
KR7458210002,,FGSC.30,필수소비재,,,,
KR7458210002,,FGSC.35,의료,,,,
KR7458210002,,FGSC.40,금융,,,,
KR7458210002,,FGSC.45,IT,,,,
KR7458210002,,FGSC.50,통신서비스,,,,
KR7458210002,,FGSC.55,유틸리티,,,,
KR7488200007,,FGSC.10,에너지,,,,
KR7488200007,20260813,FGSC.15,소재,17.6977,2.8,14.9,키움 KIWOOM K-2차전지북미공급망증권상장지수투자신탁[주식]
KR7488200007,20260813,FGSC.20,산업재,33.495,13.59,19.91,키움 KIWOOM K-2차전지북미공급망증권상장지수투자신탁[주식]
KR7488200007,20260813,FGSC.25,경기소비재,18.7776,6.12,12.66,키움 KIWOOM K-2차전지북미공급망증권상장지수투자신탁[주식]
KR7488200007,,FGSC.30,필수소비재,,,,
KR7488200007,,FGSC.35,의료,,,,
KR7488200007,,FGSC.40,금융,,,,
KR7488200007,20260813,FGSC.45,IT,30.0297,59.71,-29.68,키움 KIWOOM K-2차전지북미공급망증권상장지수투자신탁[주식]
KR7488200007,,FGSC.50,통신서비스,,,,
KR7488200007,,FGSC.55,유틸리티,,,,
KR7488210006,,FGSC.10,에너지,,,,
KR7488210006,20260813,FGSC.15,소재,5.9855,2.8,3.18,키움 KIWOOM K-반도체북미공급망증권상장지수투자신탁[주식]
KR7488210006,20260813,FGSC.20,산업재,1.6654,13.59,-11.92,키움 KIWOOM K-반도체북미공급망증권상장지수투자신탁[주식]
KR7488210006,,FGSC.25,경기소비재,,,,
KR7488210006,,FGSC.30,필수소비재,,,,
KR7488210006,,FGSC.35,의료,,,,
KR7488210006,,FGSC.40,금융,,,,
KR7488210006,20260813,FGSC.45,IT,92.349,59.71,32.64,키움 KIWOOM K-반도체북미공급망증권상장지수투자신탁[주식]
KR7488210006,,FGSC.50,통신서비스,,,,
KR7488210006,,FGSC.55,유틸리티,,,,
KR7100910009,20260813,FGSC.10,에너지,1.312,2,-.69,키움 KIWOOM KRX100 상장지수증권투자신탁[주식]
KR7100910009,20260813,FGSC.15,소재,1.6103,2.8,-1.19,키움 KIWOOM KRX100 상장지수증권투자신탁[주식]
KR7100910009,20260813,FGSC.20,산업재,10.174,13.59,-3.41,키움 KIWOOM KRX100 상장지수증권투자신탁[주식]
KR7100910009,20260813,FGSC.25,경기소비재,4.6925,6.12,-1.42,키움 KIWOOM KRX100 상장지수증권투자신탁[주식]
KR7100910009,20260813,FGSC.30,필수소비재,1.2056,1.91,-.7,키움 KIWOOM KRX100 상장지수증권투자신탁[주식]
KR7100910009,20260813,FGSC.35,의료,2.6577,5.15,-2.5,키움 KIWOOM KRX100 상장지수증권투자신탁[주식]
KR7100910009,20260813,FGSC.40,금융,7.3832,7.56,-.18,키움 KIWOOM KRX100 상장지수증권투자신탁[주식]
KR7100910009,20260813,FGSC.45,IT,69.7768,59.71,10.07,키움 KIWOOM KRX100 상장지수증권투자신탁[주식]
KR7100910009,20260813,FGSC.50,통신서비스,.8544,.66,.19,키움 KIWOOM KRX100 상장지수증권투자신탁[주식]
KR7100910009,20260813,FGSC.55,유틸리티,.3331,.5,-.16,키움 KIWOOM KRX100 상장지수증권투자신탁[주식]
KR7200250009,,FGSC.10,에너지,,,,
KR7200250009,,FGSC.15,소재,,,,
KR7200250009,,FGSC.20,산업재,,,,
KR7200250009,,FGSC.25,경기소비재,,,,
KR7200250009,,FGSC.30,필수소비재,,,,
KR7200250009,,FGSC.35,의료,,,,
KR7200250009,,FGSC.40,금융,,,,
KR7200250009,,FGSC.45,IT,,,,
KR7200250009,,FGSC.50,통신서비스,,,,
KR7200250009,,FGSC.55,유틸리티,,,,
KR70194R0009,,FGSC.10,에너지,,,,
KR70194R0009,,FGSC.15,소재,,,,
KR70194R0009,,FGSC.20,산업재,,,,
KR70194R0009,,FGSC.25,경기소비재,,,,
KR70194R0009,,FGSC.30,필수소비재,,,,
KR70194R0009,,FGSC.35,의료,,,,
KR70194R0009,,FGSC.40,금융,,,,
KR70194R0009,,FGSC.45,IT,,,,
KR70194R0009,,FGSC.50,통신서비스,,,,
KR70194R0009,,FGSC.55,유틸리티,,,,
KR70084E0007,,FGSC.10,에너지,,,,
KR70084E0007,,FGSC.15,소재,,,,
KR70084E0007,,FGSC.20,산업재,,,,
KR70084E0007,,FGSC.25,경기소비재,,,,
KR70084E0007,,FGSC.30,필수소비재,,,,
KR70084E0007,,FGSC.35,의료,,,,
KR70084E0007,,FGSC.40,금융,,,,
KR70084E0007,,FGSC.45,IT,,,,
KR70084E0007,,FGSC.50,통신서비스,,,,
KR70084E0007,,FGSC.55,유틸리티,,,,
KR70084D0008,,FGSC.10,에너지,,,,
KR70084D0008,,FGSC.15,소재,,,,
KR70084D0008,,FGSC.20,산업재,,,,
KR70084D0008,,FGSC.25,경기소비재,,,,
KR70084D0008,,FGSC.30,필수소비재,,,,
KR70084D0008,,FGSC.35,의료,,,,
KR70084D0008,,FGSC.40,금융,,,,
KR70084D0008,,FGSC.45,IT,,,,
KR70084D0008,,FGSC.50,통신서비스,,,,
KR70084D0008,,FGSC.55,유틸리티,,,,
KR7114470008,,FGSC.10,에너지,,,,
KR7114470008,,FGSC.15,소재,,,,
KR7114470008,,FGSC.20,산업재,,,,
KR7114470008,,FGSC.25,경기소비재,,,,
KR7114470008,,FGSC.30,필수소비재,,,,
KR7114470008,,FGSC.35,의료,,,,
KR7114470008,,FGSC.40,금융,,,,
KR7114470008,,FGSC.45,IT,,,,
KR7114470008,,FGSC.50,통신서비스,,,,
KR7114470008,,FGSC.55,유틸리티,,,,
KR7471460006,,FGSC.10,에너지,,,,
KR7471460006,,FGSC.15,소재,,,,
KR7471460006,,FGSC.20,산업재,,,,
KR7471460006,,FGSC.25,경기소비재,,,,
KR7471460006,,FGSC.30,필수소비재,,,,
KR7471460006,,FGSC.35,의료,,,,
KR7471460006,,FGSC.40,금융,,,,
KR7471460006,,FGSC.45,IT,,,,
KR7471460006,,FGSC.50,통신서비스,,,,
KR7471460006,,FGSC.55,유틸리티,,,,
KR7473490001,,FGSC.10,에너지,,,,
KR7473490001,,FGSC.15,소재,,,,
KR7473490001,,FGSC.20,산업재,,,,
KR7473490001,,FGSC.25,경기소비재,,,,
KR7473490001,,FGSC.30,필수소비재,,,,
KR7473490001,,FGSC.35,의료,,,,
KR7473490001,,FGSC.40,금융,,,,
KR7473490001,,FGSC.45,IT,,,,
KR7473490001,,FGSC.50,통신서비스,,,,
KR7473490001,,FGSC.55,유틸리티,,,,
KR7489860007,,FGSC.10,에너지,,,,
KR7489860007,,FGSC.15,소재,,,,
KR7489860007,,FGSC.20,산업재,,,,
KR7489860007,,FGSC.25,경기소비재,,,,
KR7489860007,,FGSC.30,필수소비재,,,,
KR7489860007,,FGSC.35,의료,,,,
KR7489860007,,FGSC.40,금융,,,,
KR7489860007,,FGSC.45,IT,,,,
KR7489860007,,FGSC.50,통신서비스,,,,
KR7489860007,,FGSC.55,유틸리티,,,,
KR7130730005,,FGSC.10,에너지,,,,
KR7130730005,,FGSC.15,소재,,,,
KR7130730005,,FGSC.20,산업재,,,,
KR7130730005,,FGSC.25,경기소비재,,,,
KR7130730005,,FGSC.30,필수소비재,,,,
KR7130730005,,FGSC.35,의료,,,,
KR7130730005,,FGSC.40,금융,,,,
KR7130730005,,FGSC.45,IT,,,,
KR7130730005,,FGSC.50,통신서비스,,,,
KR7130730005,,FGSC.55,유틸리티,,,,
KR7419890009,,FGSC.10,에너지,,,,
KR7419890009,,FGSC.15,소재,,,,
KR7419890009,,FGSC.20,산업재,,,,
KR7419890009,,FGSC.25,경기소비재,,,,
KR7419890009,,FGSC.30,필수소비재,,,,
KR7419890009,,FGSC.35,의료,,,,
KR7419890009,,FGSC.40,금융,,,,
KR7419890009,,FGSC.45,IT,,,,
KR7419890009,,FGSC.50,통신서비스,,,,
KR7419890009,,FGSC.55,유틸리티,,,,
KR7411860000,,FGSC.10,에너지,,,,
KR7411860000,,FGSC.15,소재,,,,
KR7411860000,,FGSC.20,산업재,,,,
KR7411860000,,FGSC.25,경기소비재,,,,
KR7411860000,,FGSC.30,필수소비재,,,,
KR7411860000,,FGSC.35,의료,,,,
KR7411860000,,FGSC.40,금융,,,,
KR7411860000,,FGSC.45,IT,,,,
KR7411860000,,FGSC.50,통신서비스,,,,
KR7411860000,,FGSC.55,유틸리티,,,,
KR7476450002,,FGSC.10,에너지,,,,
KR7476450002,,FGSC.15,소재,,,,
KR7476450002,,FGSC.20,산업재,,,,
KR7476450002,,FGSC.25,경기소비재,,,,
KR7476450002,,FGSC.30,필수소비재,,,,
KR7476450002,,FGSC.35,의료,,,,
KR7476450002,,FGSC.40,금융,,,,
KR7476450002,,FGSC.45,IT,,,,
KR7476450002,,FGSC.50,통신서비스,,,,
KR7476450002,,FGSC.55,유틸리티,,,,
KR7430500009,,FGSC.10,에너지,,,,
KR7430500009,,FGSC.15,소재,,,,
KR7430500009,,FGSC.20,산업재,,,,
KR7430500009,,FGSC.25,경기소비재,,,,
KR7430500009,,FGSC.30,필수소비재,,,,
KR7430500009,,FGSC.35,의료,,,,
KR7430500009,,FGSC.40,금융,,,,
KR7430500009,,FGSC.45,IT,,,,
KR7430500009,,FGSC.50,통신서비스,,,,
KR7430500009,,FGSC.55,유틸리티,,,,
KR70190M0008,,FGSC.10,에너지,,,,
KR70190M0008,,FGSC.15,소재,,,,
KR70190M0008,,FGSC.20,산업재,,,,
KR70190M0008,,FGSC.25,경기소비재,,,,
KR70190M0008,,FGSC.30,필수소비재,,,,
KR70190M0008,,FGSC.35,의료,,,,
KR70190M0008,,FGSC.40,금융,,,,
KR70190M0008,,FGSC.45,IT,,,,
KR70190M0008,,FGSC.50,통신서비스,,,,
KR70190M0008,,FGSC.55,유틸리티,,,,
KR70224D0009,,FGSC.10,에너지,,,,
KR70224D0009,,FGSC.15,소재,,,,
KR70224D0009,,FGSC.20,산업재,,,,
KR70224D0009,,FGSC.25,경기소비재,,,,
KR70224D0009,,FGSC.30,필수소비재,,,,
KR70224D0009,,FGSC.35,의료,,,,
KR70224D0009,,FGSC.40,금융,,,,
KR70224D0009,,FGSC.45,IT,,,,
KR70224D0009,,FGSC.50,통신서비스,,,,
KR70224D0009,,FGSC.55,유틸리티,,,,
KR70127V0005,,FGSC.10,에너지,,,,
KR70127V0005,,FGSC.15,소재,,,,
KR70127V0005,,FGSC.20,산업재,,,,
KR70127V0005,,FGSC.25,경기소비재,,,,
KR70127V0005,,FGSC.30,필수소비재,,,,
KR70127V0005,,FGSC.35,의료,,,,
KR70127V0005,,FGSC.40,금융,,,,
KR70127V0005,,FGSC.45,IT,,,,
KR70127V0005,,FGSC.50,통신서비스,,,,
KR70127V0005,,FGSC.55,유틸리티,,,,
KR70137W0002,,FGSC.10,에너지,,,,
KR70137W0002,,FGSC.15,소재,,,,
KR70137W0002,,FGSC.20,산업재,,,,
KR70137W0002,,FGSC.25,경기소비재,,,,
KR70137W0002,,FGSC.30,필수소비재,,,,
KR70137W0002,,FGSC.35,의료,,,,
KR70137W0002,,FGSC.40,금융,,,,
KR70137W0002,,FGSC.45,IT,,,,
KR70137W0002,,FGSC.50,통신서비스,,,,
KR70137W0002,,FGSC.55,유틸리티,,,,
KR70127T0009,,FGSC.10,에너지,,,,
KR70127T0009,,FGSC.15,소재,,,,
KR70127T0009,,FGSC.20,산업재,,,,
KR70127T0009,,FGSC.25,경기소비재,,,,
KR70127T0009,,FGSC.30,필수소비재,,,,
KR70127T0009,,FGSC.35,의료,,,,
KR70127T0009,,FGSC.40,금융,,,,
KR70127T0009,,FGSC.45,IT,,,,
KR70127T0009,,FGSC.50,통신서비스,,,,
KR70127T0009,,FGSC.55,유틸리티,,,,
KR70137V0003,,FGSC.10,에너지,,,,
KR70137V0003,,FGSC.15,소재,,,,
KR70137V0003,,FGSC.20,산업재,,,,
KR70137V0003,,FGSC.25,경기소비재,,,,
KR70137V0003,,FGSC.30,필수소비재,,,,
KR70137V0003,,FGSC.35,의료,,,,
KR70137V0003,,FGSC.40,금융,,,,
KR70137V0003,,FGSC.45,IT,,,,
KR70137V0003,,FGSC.50,통신서비스,,,,
KR70137V0003,,FGSC.55,유틸리티,,,,
KR7449770007,,FGSC.10,에너지,,,,
KR7449770007,,FGSC.15,소재,,,,
KR7449770007,,FGSC.20,산업재,,,,
KR7449770007,,FGSC.25,경기소비재,,,,
KR7449770007,,FGSC.30,필수소비재,,,,
KR7449770007,,FGSC.35,의료,,,,
KR7449770007,,FGSC.40,금융,,,,
KR7449770007,,FGSC.45,IT,,,,
KR7449770007,,FGSC.50,통신서비스,,,,
KR7449770007,,FGSC.55,유틸리티,,,,
KR7449780006,,FGSC.10,에너지,,,,
KR7449780006,,FGSC.15,소재,,,,
KR7449780006,,FGSC.20,산업재,,,,
KR7449780006,,FGSC.25,경기소비재,,,,
KR7449780006,,FGSC.30,필수소비재,,,,
KR7449780006,,FGSC.35,의료,,,,
KR7449780006,,FGSC.40,금융,,,,
KR7449780006,,FGSC.45,IT,,,,
KR7449780006,,FGSC.50,통신서비스,,,,
KR7449780006,,FGSC.55,유틸리티,,,,
KR70107F0009,,FGSC.10,에너지,,,,
KR70107F0009,,FGSC.15,소재,,,,
KR70107F0009,,FGSC.20,산업재,,,,
KR70107F0009,,FGSC.25,경기소비재,,,,
KR70107F0009,,FGSC.30,필수소비재,,,,
KR70107F0009,,FGSC.35,의료,,,,
KR70107F0009,,FGSC.40,금융,,,,
KR70107F0009,,FGSC.45,IT,,,,
KR70107F0009,,FGSC.50,통신서비스,,,,
KR70107F0009,,FGSC.55,유틸리티,,,,
KR7453080004,,FGSC.10,에너지,,,,
KR7453080004,,FGSC.15,소재,,,,
KR7453080004,,FGSC.20,산업재,,,,
KR7453080004,,FGSC.25,경기소비재,,,,
KR7453080004,,FGSC.30,필수소비재,,,,
KR7453080004,,FGSC.35,의료,,,,
KR7453080004,,FGSC.40,금융,,,,
KR7453080004,,FGSC.45,IT,,,,
KR7453080004,,FGSC.50,통신서비스,,,,
KR7453080004,,FGSC.55,유틸리티,,,,
KR7460270002,,FGSC.10,에너지,,,,
KR7460270002,,FGSC.15,소재,,,,
KR7460270002,,FGSC.20,산업재,,,,
KR7460270002,,FGSC.25,경기소비재,,,,
KR7460270002,,FGSC.30,필수소비재,,,,
KR7460270002,,FGSC.35,의료,,,,
KR7460270002,,FGSC.40,금융,,,,
KR7460270002,,FGSC.45,IT,,,,
KR7460270002,,FGSC.50,통신서비스,,,,
KR7460270002,,FGSC.55,유틸리티,,,,
KR7230480006,,FGSC.10,에너지,,,,
KR7230480006,,FGSC.15,소재,,,,
KR7230480006,,FGSC.20,산업재,,,,
KR7230480006,,FGSC.25,경기소비재,,,,
KR7230480006,,FGSC.30,필수소비재,,,,
KR7230480006,,FGSC.35,의료,,,,
KR7230480006,,FGSC.40,금융,,,,
KR7230480006,,FGSC.45,IT,,,,
KR7230480006,,FGSC.50,통신서비스,,,,
KR7230480006,,FGSC.55,유틸리티,,,,
KR7225800002,,FGSC.10,에너지,,,,
KR7225800002,,FGSC.15,소재,,,,
KR7225800002,,FGSC.20,산업재,,,,
KR7225800002,,FGSC.25,경기소비재,,,,
KR7225800002,,FGSC.30,필수소비재,,,,
KR7225800002,,FGSC.35,의료,,,,
KR7225800002,,FGSC.40,금융,,,,
KR7225800002,,FGSC.45,IT,,,,
KR7225800002,,FGSC.50,통신서비스,,,,
KR7225800002,,FGSC.55,유틸리티,,,,
KR7139660005,,FGSC.10,에너지,,,,
KR7139660005,,FGSC.15,소재,,,,
KR7139660005,,FGSC.20,산업재,,,,
KR7139660005,,FGSC.25,경기소비재,,,,
KR7139660005,,FGSC.30,필수소비재,,,,
KR7139660005,,FGSC.35,의료,,,,
KR7139660005,,FGSC.40,금융,,,,
KR7139660005,,FGSC.45,IT,,,,
KR7139660005,,FGSC.50,통신서비스,,,,
KR7139660005,,FGSC.55,유틸리티,,,,
KR7138230008,,FGSC.10,에너지,,,,
KR7138230008,,FGSC.15,소재,,,,
KR7138230008,,FGSC.20,산업재,,,,
KR7138230008,,FGSC.25,경기소비재,,,,
KR7138230008,,FGSC.30,필수소비재,,,,
KR7138230008,,FGSC.35,의료,,,,
KR7138230008,,FGSC.40,금융,,,,
KR7138230008,,FGSC.45,IT,,,,
KR7138230008,,FGSC.50,통신서비스,,,,
KR7138230008,,FGSC.55,유틸리티,,,,
KR7373790005,,FGSC.10,에너지,,,,
KR7373790005,,FGSC.15,소재,,,,
KR7373790005,,FGSC.20,산업재,,,,
KR7373790005,,FGSC.25,경기소비재,,,,
KR7373790005,,FGSC.30,필수소비재,,,,
KR7373790005,,FGSC.35,의료,,,,
KR7373790005,,FGSC.40,금융,,,,
KR7373790005,,FGSC.45,IT,,,,
KR7373790005,,FGSC.50,통신서비스,,,,
KR7373790005,,FGSC.55,유틸리티,,,,
KR7483030003,,FGSC.10,에너지,,,,
KR7483030003,,FGSC.15,소재,,,,
KR7483030003,,FGSC.20,산업재,,,,
KR7483030003,,FGSC.25,경기소비재,,,,
KR7483030003,,FGSC.30,필수소비재,,,,
KR7483030003,,FGSC.35,의료,,,,
KR7483030003,,FGSC.40,금융,,,,
KR7483030003,,FGSC.45,IT,,,,
KR7483030003,,FGSC.50,통신서비스,,,,
KR7483030003,,FGSC.55,유틸리티,,,,
KR7459790002,,FGSC.10,에너지,,,,
KR7459790002,,FGSC.15,소재,,,,
KR7459790002,,FGSC.20,산업재,,,,
KR7459790002,,FGSC.25,경기소비재,,,,
KR7459790002,,FGSC.30,필수소비재,,,,
KR7459790002,,FGSC.35,의료,,,,
KR7459790002,,FGSC.40,금융,,,,
KR7459790002,,FGSC.45,IT,,,,
KR7459790002,,FGSC.50,통신서비스,,,,
KR7459790002,,FGSC.55,유틸리티,,,,
KR70174R0003,,FGSC.10,에너지,,,,
KR70174R0003,,FGSC.15,소재,,,,
KR70174R0003,,FGSC.20,산업재,,,,
KR70174R0003,,FGSC.25,경기소비재,,,,
KR70174R0003,,FGSC.30,필수소비재,,,,
KR70174R0003,,FGSC.35,의료,,,,
KR70174R0003,,FGSC.40,금융,,,,
KR70174R0003,,FGSC.45,IT,,,,
KR70174R0003,,FGSC.50,통신서비스,,,,
KR70174R0003,,FGSC.55,유틸리티,,,,
KR7498270008,,FGSC.10,에너지,,,,
KR7498270008,,FGSC.15,소재,,,,
KR7498270008,,FGSC.20,산업재,,,,
KR7498270008,,FGSC.25,경기소비재,,,,
KR7498270008,,FGSC.30,필수소비재,,,,
KR7498270008,,FGSC.35,의료,,,,
KR7498270008,,FGSC.40,금융,,,,
KR7498270008,,FGSC.45,IT,,,,
KR7498270008,,FGSC.50,통신서비스,,,,
KR7498270008,,FGSC.55,유틸리티,,,,
KR70207Z0004,,FGSC.10,에너지,,,,
KR70207Z0004,,FGSC.15,소재,,,,
KR70207Z0004,,FGSC.20,산업재,,,,
KR70207Z0004,,FGSC.25,경기소비재,,,,
KR70207Z0004,,FGSC.30,필수소비재,,,,
KR70207Z0004,,FGSC.35,의료,,,,
KR70207Z0004,,FGSC.40,금융,,,,
KR70207Z0004,,FGSC.45,IT,,,,
KR70207Z0004,,FGSC.50,통신서비스,,,,
KR70207Z0004,,FGSC.55,유틸리티,,,,
KR70216K0000,,FGSC.10,에너지,,,,
KR70216K0000,,FGSC.15,소재,,,,
KR70216K0000,,FGSC.20,산업재,,,,
KR70216K0000,,FGSC.25,경기소비재,,,,
KR70216K0000,,FGSC.30,필수소비재,,,,
KR70216K0000,,FGSC.35,의료,,,,
KR70216K0000,,FGSC.40,금융,,,,
KR70216K0000,,FGSC.45,IT,,,,
KR70216K0000,,FGSC.50,통신서비스,,,,
KR70216K0000,,FGSC.55,유틸리티,,,,
KR7474800000,,FGSC.10,에너지,,,,
KR7474800000,,FGSC.15,소재,,,,
KR7474800000,,FGSC.20,산업재,,,,
KR7474800000,,FGSC.25,경기소비재,,,,
KR7474800000,,FGSC.30,필수소비재,,,,
KR7474800000,,FGSC.35,의료,,,,
KR7474800000,,FGSC.40,금융,,,,
KR7474800000,,FGSC.45,IT,,,,
KR7474800000,,FGSC.50,통신서비스,,,,
KR7474800000,,FGSC.55,유틸리티,,,,
KR7104520002,20260813,FGSC.10,에너지,5.5304,2,3.53,키움 KIWOOM 블루칩 상장지수증권투자신탁[주식]
KR7104520002,20260813,FGSC.15,소재,4.5957,2.8,1.79,키움 KIWOOM 블루칩 상장지수증권투자신탁[주식]
KR7104520002,20260813,FGSC.20,산업재,15.3161,13.59,1.73,키움 KIWOOM 블루칩 상장지수증권투자신탁[주식]
KR7104520002,20260813,FGSC.25,경기소비재,11.1682,6.12,5.05,키움 KIWOOM 블루칩 상장지수증권투자신탁[주식]
KR7104520002,20260813,FGSC.30,필수소비재,11.3023,1.91,9.39,키움 KIWOOM 블루칩 상장지수증권투자신탁[주식]
KR7104520002,20260813,FGSC.35,의료,8.6529,5.15,3.5,키움 KIWOOM 블루칩 상장지수증권투자신탁[주식]
KR7104520002,20260813,FGSC.40,금융,20.3959,7.56,12.84,키움 KIWOOM 블루칩 상장지수증권투자신탁[주식]
KR7104520002,20260813,FGSC.45,IT,15.6579,59.71,-44.05,키움 KIWOOM 블루칩 상장지수증권투자신탁[주식]
KR7104520002,20260813,FGSC.50,통신서비스,4.7686,.66,4.11,키움 KIWOOM 블루칩 상장지수증권투자신탁[주식]
KR7104520002,20260813,FGSC.55,유틸리티,2.612,.5,2.11,키움 KIWOOM 블루칩 상장지수증권투자신탁[주식]
KR70183V0006,,FGSC.10,에너지,,,,
KR70183V0006,,FGSC.15,소재,,,,
KR70183V0006,,FGSC.20,산업재,,,,
KR70183V0006,,FGSC.25,경기소비재,,,,
KR70183V0006,,FGSC.30,필수소비재,,,,
KR70183V0006,,FGSC.35,의료,,,,
KR70183V0006,,FGSC.40,금융,,,,
KR70183V0006,20260813,FGSC.45,IT,100,59.71,40.29,키움KIWOOM삼성전자&SK하이닉스채권혼합50증권상장지수투자신탁[채권혼합]
KR70183V0006,,FGSC.50,통신서비스,,,,
KR70183V0006,,FGSC.55,유틸리티,,,,
KR70194N0003,,FGSC.10,에너지,,,,
KR70194N0003,,FGSC.15,소재,,,,
KR70194N0003,,FGSC.20,산업재,,,,
KR70194N0003,,FGSC.25,경기소비재,,,,
KR70194N0003,,FGSC.30,필수소비재,,,,
KR70194N0003,,FGSC.35,의료,,,,
KR70194N0003,,FGSC.40,금융,,,,
KR70194N0003,,FGSC.45,IT,,,,
KR70194N0003,,FGSC.50,통신서비스,,,,
KR70194N0003,,FGSC.55,유틸리티,,,,
KR70015E0001,,FGSC.10,에너지,,,,
KR70015E0001,,FGSC.15,소재,,,,
KR70015E0001,,FGSC.20,산업재,,,,
KR70015E0001,,FGSC.25,경기소비재,,,,
KR70015E0001,,FGSC.30,필수소비재,,,,
KR70015E0001,,FGSC.35,의료,,,,
KR70015E0001,,FGSC.40,금융,,,,
KR70015E0001,,FGSC.45,IT,,,,
KR70015E0001,,FGSC.50,통신서비스,,,,
KR70015E0001,,FGSC.55,유틸리티,,,,
KR7483020004,,FGSC.10,에너지,,,,
KR7483020004,,FGSC.15,소재,,,,
KR7483020004,,FGSC.20,산업재,,,,
KR7483020004,,FGSC.25,경기소비재,,,,
KR7483020004,,FGSC.30,필수소비재,,,,
KR7483020004,20260813,FGSC.35,의료,98.7834,5.15,93.63,키움 KIWOOM 의료AI증권상장지수투자신탁[주식]
KR7483020004,,FGSC.40,금융,,,,
KR7483020004,20260813,FGSC.45,IT,1.2165,59.71,-58.49,키움 KIWOOM 의료AI증권상장지수투자신탁[주식]
KR7483020004,,FGSC.50,통신서비스,,,,
KR7483020004,,FGSC.55,유틸리티,,,,
KR7435530001,,FGSC.10,에너지,,,,
KR7435530001,,FGSC.15,소재,,,,
KR7435530001,,FGSC.20,산업재,,,,
KR7435530001,,FGSC.25,경기소비재,,,,
KR7435530001,,FGSC.30,필수소비재,,,,
KR7435530001,,FGSC.35,의료,,,,
KR7435530001,,FGSC.40,금융,,,,
KR7435530001,,FGSC.45,IT,,,,
KR7435530001,,FGSC.50,통신서비스,,,,
KR7435530001,,FGSC.55,유틸리티,,,,
KR7435540000,,FGSC.10,에너지,,,,
KR7435540000,,FGSC.15,소재,,,,
KR7435540000,,FGSC.20,산업재,,,,
KR7435540000,,FGSC.25,경기소비재,,,,
KR7435540000,,FGSC.30,필수소비재,,,,
KR7435540000,,FGSC.35,의료,,,,
KR7435540000,,FGSC.40,금융,,,,
KR7435540000,,FGSC.45,IT,,,,
KR7435540000,,FGSC.50,통신서비스,,,,
KR7435540000,,FGSC.55,유틸리티,,,,
KR7435550009,,FGSC.10,에너지,,,,
KR7435550009,,FGSC.15,소재,,,,
KR7435550009,,FGSC.20,산업재,,,,
KR7435550009,,FGSC.25,경기소비재,,,,
KR7435550009,,FGSC.30,필수소비재,,,,
KR7435550009,,FGSC.35,의료,,,,
KR7435550009,,FGSC.40,금융,,,,
KR7435550009,,FGSC.45,IT,,,,
KR7435550009,,FGSC.50,통신서비스,,,,
KR7435550009,,FGSC.55,유틸리티,,,,
KR7454780008,,FGSC.10,에너지,,,,
KR7454780008,,FGSC.15,소재,,,,
KR7454780008,,FGSC.20,산업재,,,,
KR7454780008,,FGSC.25,경기소비재,,,,
KR7454780008,,FGSC.30,필수소비재,,,,
KR7454780008,,FGSC.35,의료,,,,
KR7454780008,,FGSC.40,금융,,,,
KR7454780008,,FGSC.45,IT,,,,
KR7454780008,,FGSC.50,통신서비스,,,,
KR7454780008,,FGSC.55,유틸리티,,,,
KR7454180001,,FGSC.10,에너지,,,,
KR7454180001,,FGSC.15,소재,,,,
KR7454180001,,FGSC.20,산업재,,,,
KR7454180001,,FGSC.25,경기소비재,,,,
KR7454180001,,FGSC.30,필수소비재,,,,
KR7454180001,,FGSC.35,의료,,,,
KR7454180001,,FGSC.40,금융,,,,
KR7454180001,,FGSC.45,IT,,,,
KR7454180001,,FGSC.50,통신서비스,,,,
KR7454180001,,FGSC.55,유틸리티,,,,
KR7104530001,20260813,FGSC.10,에너지,9.3063,2,7.3,키움 KIWOOM 코리아 고배당 상장지수증권투자신탁[주식]
KR7104530001,20260813,FGSC.15,소재,17.4572,2.8,14.66,키움 KIWOOM 코리아 고배당 상장지수증권투자신탁[주식]
KR7104530001,20260813,FGSC.20,산업재,12.6894,13.59,-.9,키움 KIWOOM 코리아 고배당 상장지수증권투자신탁[주식]
KR7104530001,20260813,FGSC.25,경기소비재,28.8272,6.12,22.71,키움 KIWOOM 코리아 고배당 상장지수증권투자신탁[주식]
KR7104530001,20260813,FGSC.30,필수소비재,4.312,1.91,2.4,키움 KIWOOM 코리아 고배당 상장지수증권투자신탁[주식]
KR7104530001,,FGSC.35,의료,,,,
KR7104530001,20260813,FGSC.40,금융,27.4079,7.56,19.85,키움 KIWOOM 코리아 고배당 상장지수증권투자신탁[주식]
KR7104530001,,FGSC.45,IT,,,,
KR7104530001,,FGSC.50,통신서비스,,,,
KR7104530001,,FGSC.55,유틸리티,,,,
KR7496090002,20260813,FGSC.10,에너지,.2267,2,-1.78,키움 KIWOOM 코리아밸류업증권상장지수투자신탁[주식]
KR7496090002,20260813,FGSC.15,소재,.3838,2.8,-2.42,키움 KIWOOM 코리아밸류업증권상장지수투자신탁[주식]
KR7496090002,20260813,FGSC.20,산업재,15.6668,13.59,2.08,키움 KIWOOM 코리아밸류업증권상장지수투자신탁[주식]
KR7496090002,20260813,FGSC.25,경기소비재,11.5389,6.12,5.42,키움 KIWOOM 코리아밸류업증권상장지수투자신탁[주식]
KR7496090002,20260813,FGSC.30,필수소비재,3.6056,1.91,1.7,키움 KIWOOM 코리아밸류업증권상장지수투자신탁[주식]
KR7496090002,20260813,FGSC.35,의료,.9013,5.15,-4.25,키움 KIWOOM 코리아밸류업증권상장지수투자신탁[주식]
KR7496090002,20260813,FGSC.40,금융,18.8328,7.56,11.27,키움 KIWOOM 코리아밸류업증권상장지수투자신탁[주식]
KR7496090002,20260813,FGSC.45,IT,46.5961,59.71,-13.11,키움 KIWOOM 코리아밸류업증권상장지수투자신탁[주식]
KR7496090002,20260813,FGSC.50,통신서비스,2.146,.66,1.48,키움 KIWOOM 코리아밸류업증권상장지수투자신탁[주식]
KR7496090002,20260813,FGSC.55,유틸리티,.1023,.5,-.4,키움 KIWOOM 코리아밸류업증권상장지수투자신탁[주식]
KR7469790000,,FGSC.10,에너지,,,,
KR7469790000,,FGSC.15,소재,,,,
KR7469790000,,FGSC.20,산업재,,,,
KR7469790000,20260813,FGSC.25,경기소비재,4.7984,6.12,-1.32,키움 KIWOOM 코리아테크TOP10증권상장지수투자신탁[주식]
KR7469790000,,FGSC.30,필수소비재,,,,
KR7469790000,,FGSC.35,의료,,,,
KR7469790000,,FGSC.40,금융,,,,
KR7469790000,20260813,FGSC.45,IT,95.2016,59.71,35.49,키움 KIWOOM 코리아테크TOP10증권상장지수투자신탁[주식]
KR7469790000,,FGSC.50,통신서비스,,,,
KR7469790000,,FGSC.55,유틸리티,,,,
KR7291630002,,FGSC.10,에너지,,,,
KR7291630002,,FGSC.15,소재,,,,
KR7291630002,,FGSC.20,산업재,,,,
KR7291630002,,FGSC.25,경기소비재,,,,
KR7291630002,,FGSC.30,필수소비재,,,,
KR7291630002,,FGSC.35,의료,,,,
KR7291630002,,FGSC.40,금융,,,,
KR7291630002,,FGSC.45,IT,,,,
KR7291630002,,FGSC.50,통신서비스,,,,
KR7291630002,,FGSC.55,유틸리티,,,,
KR7291620003,,FGSC.10,에너지,,,,
KR7291620003,,FGSC.15,소재,,,,
KR7291620003,,FGSC.20,산업재,,,,
KR7291620003,,FGSC.25,경기소비재,,,,
KR7291620003,,FGSC.30,필수소비재,,,,
KR7291620003,,FGSC.35,의료,,,,
KR7291620003,,FGSC.40,금융,,,,
KR7291620003,,FGSC.45,IT,,,,
KR7291620003,,FGSC.50,통신서비스,,,,
KR7291620003,,FGSC.55,유틸리티,,,,
KR7316670009,20260813,FGSC.10,에너지,.6562,2,-1.35,키움 KIWOOM 코스닥150증권상장지수투자신탁[주식]
KR7316670009,20260813,FGSC.15,소재,1.3998,2.8,-1.4,키움 KIWOOM 코스닥150증권상장지수투자신탁[주식]
KR7316670009,20260813,FGSC.20,산업재,10.9762,13.59,-2.61,키움 KIWOOM 코스닥150증권상장지수투자신탁[주식]
KR7316670009,20260813,FGSC.25,경기소비재,4.3935,6.12,-1.72,키움 KIWOOM 코스닥150증권상장지수투자신탁[주식]
KR7316670009,20260813,FGSC.30,필수소비재,1.8981,1.91,-.01,키움 KIWOOM 코스닥150증권상장지수투자신탁[주식]
KR7316670009,20260813,FGSC.35,의료,32.8008,5.15,27.65,키움 KIWOOM 코스닥150증권상장지수투자신탁[주식]
KR7316670009,20260813,FGSC.40,금융,.6252,7.56,-6.93,키움 KIWOOM 코스닥150증권상장지수투자신탁[주식]
KR7316670009,20260813,FGSC.45,IT,47.2511,59.71,-12.46,키움 KIWOOM 코스닥150증권상장지수투자신탁[주식]
KR7316670009,,FGSC.50,통신서비스,,,,
KR7316670009,,FGSC.55,유틸리티,,,,
KR70198A0004,20260813,FGSC.10,에너지,.5399,2,-1.46,키움 KIWOOM 코스닥150커버드콜액티브증권상장지수투자신탁[주식-파생형]
KR70198A0004,20260813,FGSC.15,소재,1.1544,2.8,-1.65,키움 KIWOOM 코스닥150커버드콜액티브증권상장지수투자신탁[주식-파생형]
KR70198A0004,20260813,FGSC.20,산업재,9.0572,13.59,-4.53,키움 KIWOOM 코스닥150커버드콜액티브증권상장지수투자신탁[주식-파생형]
KR70198A0004,20260813,FGSC.25,경기소비재,3.6411,6.12,-2.47,키움 KIWOOM 코스닥150커버드콜액티브증권상장지수투자신탁[주식-파생형]
KR70198A0004,20260813,FGSC.30,필수소비재,1.5823,1.91,-.33,키움 KIWOOM 코스닥150커버드콜액티브증권상장지수투자신탁[주식-파생형]
KR70198A0004,20260813,FGSC.35,의료,27.0491,5.15,21.89,키움 KIWOOM 코스닥150커버드콜액티브증권상장지수투자신탁[주식-파생형]
KR70198A0004,20260813,FGSC.40,금융,.5173,7.56,-7.04,키움 KIWOOM 코스닥150커버드콜액티브증권상장지수투자신탁[주식-파생형]
KR70198A0004,20260813,FGSC.45,IT,39.0291,59.71,-20.68,키움 KIWOOM 코스닥150커버드콜액티브증권상장지수투자신탁[주식-파생형]
KR70198A0004,,FGSC.50,통신서비스,,,,
KR70198A0004,,FGSC.55,유틸리티,,,,
KR7122260003,,FGSC.10,에너지,,,,
KR7122260003,,FGSC.15,소재,,,,
KR7122260003,,FGSC.20,산업재,,,,
KR7122260003,,FGSC.25,경기소비재,,,,
KR7122260003,,FGSC.30,필수소비재,,,,
KR7122260003,,FGSC.35,의료,,,,
KR7122260003,,FGSC.40,금융,,,,
KR7122260003,,FGSC.45,IT,,,,
KR7122260003,,FGSC.50,통신서비스,,,,
KR7122260003,,FGSC.55,유틸리티,,,,
KR70015F0000,,FGSC.10,에너지,,,,
KR70015F0000,,FGSC.15,소재,,,,
KR70015F0000,,FGSC.20,산업재,,,,
KR70015F0000,,FGSC.25,경기소비재,,,,
KR70015F0000,,FGSC.30,필수소비재,,,,
KR70015F0000,,FGSC.35,의료,,,,
KR70015F0000,,FGSC.40,금융,,,,
KR70015F0000,,FGSC.45,IT,,,,
KR70015F0000,,FGSC.50,통신서비스,,,,
KR70015F0000,,FGSC.55,유틸리티,,,,
KR70097L0003,,FGSC.10,에너지,,,,
KR70097L0003,,FGSC.15,소재,,,,
KR70097L0003,,FGSC.20,산업재,,,,
KR70097L0003,,FGSC.25,경기소비재,,,,
KR70097L0003,,FGSC.30,필수소비재,,,,
KR70097L0003,,FGSC.35,의료,,,,
KR70097L0003,,FGSC.40,금융,,,,
KR70097L0003,,FGSC.45,IT,,,,
KR70097L0003,,FGSC.50,통신서비스,,,,
KR70097L0003,,FGSC.55,유틸리티,,,,
KR70220A0006,,FGSC.10,에너지,,,,
KR70220A0006,,FGSC.15,소재,,,,
KR70220A0006,,FGSC.20,산업재,,,,
KR70220A0006,20260813,FGSC.25,경기소비재,100,6.12,93.88,키움KIWOOM현대차그룹TOP3채권혼합50증권상장지수투자신탁[채권혼합]
KR70220A0006,,FGSC.30,필수소비재,,,,
KR70220A0006,,FGSC.35,의료,,,,
KR70220A0006,,FGSC.40,금융,,,,
KR70220A0006,,FGSC.45,IT,,,,
KR70220A0006,,FGSC.50,통신서비스,,,,
KR70220A0006,,FGSC.55,유틸리티,,,,
KR7441800000,20260813,FGSC.10,에너지,2.0005,2,0,타임폴리오 TIME Korea플러스배당액티브증권상장지수투자신탁(주식)
KR7441800000,,FGSC.15,소재,,,,
KR7441800000,20260813,FGSC.20,산업재,2.2985,13.59,-11.29,타임폴리오 TIME Korea플러스배당액티브증권상장지수투자신탁(주식)
KR7441800000,20260813,FGSC.25,경기소비재,3.2468,6.12,-2.87,타임폴리오 TIME Korea플러스배당액티브증권상장지수투자신탁(주식)
KR7441800000,20260813,FGSC.30,필수소비재,8.5965,1.91,6.69,타임폴리오 TIME Korea플러스배당액티브증권상장지수투자신탁(주식)
KR7441800000,,FGSC.35,의료,,,,
KR7441800000,20260813,FGSC.40,금융,45.0889,7.56,37.53,타임폴리오 TIME Korea플러스배당액티브증권상장지수투자신탁(주식)
KR7441800000,20260813,FGSC.45,IT,33.9985,59.71,-25.71,타임폴리오 TIME Korea플러스배당액티브증권상장지수투자신탁(주식)
KR7441800000,20260813,FGSC.50,통신서비스,4.7705,.66,4.11,타임폴리오 TIME Korea플러스배당액티브증권상장지수투자신탁(주식)
KR7441800000,,FGSC.55,유틸리티,,,,
KR7463050005,,FGSC.10,에너지,,,,
KR7463050005,,FGSC.15,소재,,,,
KR7463050005,,FGSC.20,산업재,,,,
KR7463050005,,FGSC.25,경기소비재,,,,
KR7463050005,20260813,FGSC.30,필수소비재,.9608,1.91,-.95,타임폴리오 TIME K바이오액티브증권상장지수투자신탁(주식)
KR7463050005,20260813,FGSC.35,의료,98.137,5.15,92.98,타임폴리오 TIME K바이오액티브증권상장지수투자신탁(주식)
KR7463050005,,FGSC.40,금융,,,,
KR7463050005,20260813,FGSC.45,IT,.9024,59.71,-58.81,타임폴리오 TIME K바이오액티브증권상장지수투자신탁(주식)
KR7463050005,,FGSC.50,통신서비스,,,,
KR7463050005,,FGSC.55,유틸리티,,,,
KR7404120008,20260813,FGSC.10,에너지,33.5124,2,31.51,타임폴리오 TIME K신재생에너지액티브증권상장지수투자신탁(주식)
KR7404120008,20260813,FGSC.15,소재,7.5955,2.8,4.79,타임폴리오 TIME K신재생에너지액티브증권상장지수투자신탁(주식)
KR7404120008,20260813,FGSC.20,산업재,10.4235,13.59,-3.17,타임폴리오 TIME K신재생에너지액티브증권상장지수투자신탁(주식)
KR7404120008,20260813,FGSC.25,경기소비재,10.7869,6.12,4.67,타임폴리오 TIME K신재생에너지액티브증권상장지수투자신탁(주식)
KR7404120008,,FGSC.30,필수소비재,,,,
KR7404120008,,FGSC.35,의료,,,,
KR7404120008,,FGSC.40,금융,,,,
KR7404120008,20260813,FGSC.45,IT,37.6818,59.71,-22.03,타임폴리오 TIME K신재생에너지액티브증권상장지수투자신탁(주식)
KR7404120008,,FGSC.50,통신서비스,,,,
KR7404120008,,FGSC.55,유틸리티,,,,
KR7385710009,20260813,FGSC.10,에너지,4.9944,2,2.99,타임폴리오 TIME K이노베이션액티브증권상장지수투자신탁(주식)
KR7385710009,20260813,FGSC.15,소재,6.3312,2.8,3.53,타임폴리오 TIME K이노베이션액티브증권상장지수투자신탁(주식)
KR7385710009,20260813,FGSC.20,산업재,7.2364,13.59,-6.35,타임폴리오 TIME K이노베이션액티브증권상장지수투자신탁(주식)
KR7385710009,,FGSC.25,경기소비재,,,,
KR7385710009,,FGSC.30,필수소비재,,,,
KR7385710009,20260813,FGSC.35,의료,26.2467,5.15,21.09,타임폴리오 TIME K이노베이션액티브증권상장지수투자신탁(주식)
KR7385710009,,FGSC.40,금융,,,,
KR7385710009,20260813,FGSC.45,IT,54.1762,59.71,-5.53,타임폴리오 TIME K이노베이션액티브증권상장지수투자신탁(주식)
KR7385710009,20260813,FGSC.50,통신서비스,1.015,.66,.35,타임폴리오 TIME K이노베이션액티브증권상장지수투자신탁(주식)
KR7385710009,,FGSC.55,유틸리티,,,,
KR7410870000,,FGSC.10,에너지,,,,
KR7410870000,,FGSC.15,소재,,,,
KR7410870000,20260813,FGSC.20,산업재,4.1612,13.59,-9.43,타임폴리오 TIME K컬처액티브증권상장지수투자신탁(주식)
KR7410870000,20260813,FGSC.25,경기소비재,28.3617,6.12,22.25,타임폴리오 TIME K컬처액티브증권상장지수투자신탁(주식)
KR7410870000,20260813,FGSC.30,필수소비재,20.6419,1.91,18.73,타임폴리오 TIME K컬처액티브증권상장지수투자신탁(주식)
KR7410870000,20260813,FGSC.35,의료,26.5538,5.15,21.4,타임폴리오 TIME K컬처액티브증권상장지수투자신탁(주식)
KR7410870000,,FGSC.40,금융,,,,
KR7410870000,20260813,FGSC.45,IT,20.2814,59.71,-39.43,타임폴리오 TIME K컬처액티브증권상장지수투자신탁(주식)
KR7410870000,,FGSC.50,통신서비스,,,,
KR7410870000,,FGSC.55,유틸리티,,,,
KR7456600006,,FGSC.10,에너지,,,,
KR7456600006,,FGSC.15,소재,,,,
KR7456600006,,FGSC.20,산업재,,,,
KR7456600006,,FGSC.25,경기소비재,,,,
KR7456600006,,FGSC.30,필수소비재,,,,
KR7456600006,,FGSC.35,의료,,,,
KR7456600006,,FGSC.40,금융,,,,
KR7456600006,,FGSC.45,IT,,,,
KR7456600006,,FGSC.50,통신서비스,,,,
KR7456600006,,FGSC.55,유틸리티,,,,
KR7485810006,,FGSC.10,에너지,,,,
KR7485810006,,FGSC.15,소재,,,,
KR7485810006,,FGSC.20,산업재,,,,
KR7485810006,,FGSC.25,경기소비재,,,,
KR7485810006,,FGSC.30,필수소비재,,,,
KR7485810006,,FGSC.35,의료,,,,
KR7485810006,,FGSC.40,금융,,,,
KR7485810006,,FGSC.45,IT,,,,
KR7485810006,,FGSC.50,통신서비스,,,,
KR7485810006,,FGSC.55,유틸리티,,,,
KR7494180003,,FGSC.10,에너지,,,,
KR7494180003,,FGSC.15,소재,,,,
KR7494180003,,FGSC.20,산업재,,,,
KR7494180003,,FGSC.25,경기소비재,,,,
KR7494180003,,FGSC.30,필수소비재,,,,
KR7494180003,,FGSC.35,의료,,,,
KR7494180003,,FGSC.40,금융,,,,
KR7494180003,,FGSC.45,IT,,,,
KR7494180003,,FGSC.50,통신서비스,,,,
KR7494180003,,FGSC.55,유틸리티,,,,
KR7478150006,,FGSC.10,에너지,,,,
KR7478150006,,FGSC.15,소재,,,,
KR7478150006,,FGSC.20,산업재,,,,
KR7478150006,,FGSC.25,경기소비재,,,,
KR7478150006,,FGSC.30,필수소비재,,,,
KR7478150006,,FGSC.35,의료,,,,
KR7478150006,,FGSC.40,금융,,,,
KR7478150006,,FGSC.45,IT,,,,
KR7478150006,,FGSC.50,통신서비스,,,,
KR7478150006,,FGSC.55,유틸리티,,,,
KR70113D0003,,FGSC.10,에너지,,,,
KR70113D0003,,FGSC.15,소재,,,,
KR70113D0003,,FGSC.20,산업재,,,,
KR70113D0003,,FGSC.25,경기소비재,,,,
KR70113D0003,,FGSC.30,필수소비재,,,,
KR70113D0003,,FGSC.35,의료,,,,
KR70113D0003,,FGSC.40,금융,,,,
KR70113D0003,,FGSC.45,IT,,,,
KR70113D0003,,FGSC.50,통신서비스,,,,
KR70113D0003,,FGSC.55,유틸리티,,,,
KR70185L0006,,FGSC.10,에너지,,,,
KR70185L0006,,FGSC.15,소재,,,,
KR70185L0006,,FGSC.20,산업재,,,,
KR70185L0006,,FGSC.25,경기소비재,,,,
KR70185L0006,,FGSC.30,필수소비재,,,,
KR70185L0006,,FGSC.35,의료,,,,
KR70185L0006,,FGSC.40,금융,,,,
KR70185L0006,,FGSC.45,IT,,,,
KR70185L0006,,FGSC.50,통신서비스,,,,
KR70185L0006,,FGSC.55,유틸리티,,,,
KR7426020004,,FGSC.10,에너지,,,,
KR7426020004,,FGSC.15,소재,,,,
KR7426020004,,FGSC.20,산업재,,,,
KR7426020004,,FGSC.25,경기소비재,,,,
KR7426020004,,FGSC.30,필수소비재,,,,
KR7426020004,,FGSC.35,의료,,,,
KR7426020004,,FGSC.40,금융,,,,
KR7426020004,,FGSC.45,IT,,,,
KR7426020004,,FGSC.50,통신서비스,,,,
KR7426020004,,FGSC.55,유틸리티,,,,
KR7426030003,,FGSC.10,에너지,,,,
KR7426030003,,FGSC.15,소재,,,,
KR7426030003,,FGSC.20,산업재,,,,
KR7426030003,,FGSC.25,경기소비재,,,,
KR7426030003,,FGSC.30,필수소비재,,,,
KR7426030003,,FGSC.35,의료,,,,
KR7426030003,,FGSC.40,금융,,,,
KR7426030003,,FGSC.45,IT,,,,
KR7426030003,,FGSC.50,통신서비스,,,,
KR7426030003,,FGSC.55,유틸리티,,,,
KR70019K0009,,FGSC.10,에너지,,,,
KR70019K0009,,FGSC.15,소재,,,,
KR70019K0009,,FGSC.20,산업재,,,,
KR70019K0009,,FGSC.25,경기소비재,,,,
KR70019K0009,,FGSC.30,필수소비재,,,,
KR70019K0009,,FGSC.35,의료,,,,
KR70019K0009,,FGSC.40,금융,,,,
KR70019K0009,,FGSC.45,IT,,,,
KR70019K0009,,FGSC.50,통신서비스,,,,
KR70019K0009,,FGSC.55,유틸리티,,,,
KR70036D0007,,FGSC.10,에너지,,,,
KR70036D0007,,FGSC.15,소재,,,,
KR70036D0007,,FGSC.20,산업재,,,,
KR70036D0007,,FGSC.25,경기소비재,,,,
KR70036D0007,,FGSC.30,필수소비재,,,,
KR70036D0007,,FGSC.35,의료,,,,
KR70036D0007,,FGSC.40,금융,,,,
KR70036D0007,,FGSC.45,IT,,,,
KR70036D0007,,FGSC.50,통신서비스,,,,
KR70036D0007,,FGSC.55,유틸리티,,,,
KR70043Y0003,,FGSC.10,에너지,,,,
KR70043Y0003,,FGSC.15,소재,,,,
KR70043Y0003,,FGSC.20,산업재,,,,
KR70043Y0003,,FGSC.25,경기소비재,,,,
KR70043Y0003,,FGSC.30,필수소비재,,,,
KR70043Y0003,,FGSC.35,의료,,,,
KR70043Y0003,,FGSC.40,금융,,,,
KR70043Y0003,,FGSC.45,IT,,,,
KR70043Y0003,,FGSC.50,통신서비스,,,,
KR70043Y0003,,FGSC.55,유틸리티,,,,
KR7495060006,20260813,FGSC.10,에너지,2.6638,2,.66,타임폴리오 TIME 코리아밸류업액티브증권상장지수투자신탁(주식)
KR7495060006,,FGSC.15,소재,,,,
KR7495060006,20260813,FGSC.20,산업재,19.598,13.59,6.01,타임폴리오 TIME 코리아밸류업액티브증권상장지수투자신탁(주식)
KR7495060006,20260813,FGSC.25,경기소비재,5.7232,6.12,-.39,타임폴리오 TIME 코리아밸류업액티브증권상장지수투자신탁(주식)
KR7495060006,20260813,FGSC.30,필수소비재,3.108,1.91,1.2,타임폴리오 TIME 코리아밸류업액티브증권상장지수투자신탁(주식)
KR7495060006,20260813,FGSC.35,의료,1.0733,5.15,-4.08,타임폴리오 TIME 코리아밸류업액티브증권상장지수투자신탁(주식)
KR7495060006,20260813,FGSC.40,금융,19.1773,7.56,11.62,타임폴리오 TIME 코리아밸류업액티브증권상장지수투자신탁(주식)
KR7495060006,20260813,FGSC.45,IT,47.7133,59.71,-12,타임폴리오 TIME 코리아밸류업액티브증권상장지수투자신탁(주식)
KR7495060006,20260813,FGSC.50,통신서비스,.9431,.66,.28,타임폴리오 TIME 코리아밸류업액티브증권상장지수투자신탁(주식)
KR7495060006,,FGSC.55,유틸리티,,,,
KR70162Y0008,,FGSC.10,에너지,,,,
KR70162Y0008,20260813,FGSC.15,소재,.467,2.8,-2.33,타임폴리오 TIME 코스닥액티브증권상장지수투자신탁(주식)
KR70162Y0008,20260813,FGSC.20,산업재,17.2899,13.59,3.7,타임폴리오 TIME 코스닥액티브증권상장지수투자신탁(주식)
KR70162Y0008,20260813,FGSC.25,경기소비재,.634,6.12,-5.48,타임폴리오 TIME 코스닥액티브증권상장지수투자신탁(주식)
KR70162Y0008,20260813,FGSC.30,필수소비재,.4086,1.91,-1.5,타임폴리오 TIME 코스닥액티브증권상장지수투자신탁(주식)
KR70162Y0008,20260813,FGSC.35,의료,18.4296,5.15,13.28,타임폴리오 TIME 코스닥액티브증권상장지수투자신탁(주식)
KR70162Y0008,20260813,FGSC.40,금융,.5399,7.56,-7.02,타임폴리오 TIME 코스닥액티브증권상장지수투자신탁(주식)
KR70162Y0008,20260813,FGSC.45,IT,62.2311,59.71,2.52,타임폴리오 TIME 코스닥액티브증권상장지수투자신탁(주식)
KR70162Y0008,,FGSC.50,통신서비스,,,,
KR70162Y0008,,FGSC.55,유틸리티,,,,
KR7385720008,20260813,FGSC.10,에너지,2.1927,2,.19,타임폴리오 TIME 코스피액티브증권상장지수투자신탁(주식)
KR7385720008,20260813,FGSC.15,소재,1.35,2.8,-1.45,타임폴리오 TIME 코스피액티브증권상장지수투자신탁(주식)
KR7385720008,20260813,FGSC.20,산업재,9.0863,13.59,-4.5,타임폴리오 TIME 코스피액티브증권상장지수투자신탁(주식)
KR7385720008,20260813,FGSC.25,경기소비재,1.1057,6.12,-5.01,타임폴리오 TIME 코스피액티브증권상장지수투자신탁(주식)
KR7385720008,20260813,FGSC.30,필수소비재,10.6555,1.91,8.75,타임폴리오 TIME 코스피액티브증권상장지수투자신탁(주식)
KR7385720008,20260813,FGSC.35,의료,1.8211,5.15,-3.33,타임폴리오 TIME 코스피액티브증권상장지수투자신탁(주식)
KR7385720008,20260813,FGSC.40,금융,12.3099,7.56,4.75,타임폴리오 TIME 코스피액티브증권상장지수투자신탁(주식)
KR7385720008,20260813,FGSC.45,IT,60.0528,59.71,.34,타임폴리오 TIME 코스피액티브증권상장지수투자신탁(주식)
KR7385720008,20260813,FGSC.50,통신서비스,1.426,.66,.76,타임폴리오 TIME 코스피액티브증권상장지수투자신탁(주식)
KR7385720008,,FGSC.55,유틸리티,,,,
KR7472720002,20260813,FGSC.10,에너지,2.7512,2,.75,트러스톤 TRUSTON 주주가치액티브증권상장지수투자신탁[주식]
KR7472720002,20260813,FGSC.15,소재,9.8204,2.8,7.02,트러스톤 TRUSTON 주주가치액티브증권상장지수투자신탁[주식]
KR7472720002,20260813,FGSC.20,산업재,24.3239,13.59,10.74,트러스톤 TRUSTON 주주가치액티브증권상장지수투자신탁[주식]
KR7472720002,20260813,FGSC.25,경기소비재,10.2642,6.12,4.15,트러스톤 TRUSTON 주주가치액티브증권상장지수투자신탁[주식]
KR7472720002,20260813,FGSC.30,필수소비재,1.9953,1.91,.09,트러스톤 TRUSTON 주주가치액티브증권상장지수투자신탁[주식]
KR7472720002,20260813,FGSC.35,의료,3.965,5.15,-1.19,트러스톤 TRUSTON 주주가치액티브증권상장지수투자신탁[주식]
KR7472720002,20260813,FGSC.40,금융,22.1893,7.56,14.63,트러스톤 TRUSTON 주주가치액티브증권상장지수투자신탁[주식]
KR7472720002,20260813,FGSC.45,IT,24.6906,59.71,-35.02,트러스톤 TRUSTON 주주가치액티브증권상장지수투자신탁[주식]
KR7472720002,,FGSC.50,통신서비스,,,,
KR7472720002,,FGSC.55,유틸리티,,,,
KR7496130006,,FGSC.10,에너지,,,,
KR7496130006,20260813,FGSC.15,소재,3.646,2.8,.85,트러스톤 TRUSTON 코리아밸류업액티브증권상장지수투자신탁[주식]
KR7496130006,20260813,FGSC.20,산업재,17.4455,13.59,3.86,트러스톤 TRUSTON 코리아밸류업액티브증권상장지수투자신탁[주식]
KR7496130006,20260813,FGSC.25,경기소비재,13.701,6.12,7.59,트러스톤 TRUSTON 코리아밸류업액티브증권상장지수투자신탁[주식]
KR7496130006,20260813,FGSC.30,필수소비재,1.1279,1.91,-.78,트러스톤 TRUSTON 코리아밸류업액티브증권상장지수투자신탁[주식]
KR7496130006,20260813,FGSC.35,의료,1.2994,5.15,-3.85,트러스톤 TRUSTON 코리아밸류업액티브증권상장지수투자신탁[주식]
KR7496130006,20260813,FGSC.40,금융,18.1191,7.56,10.56,트러스톤 TRUSTON 코리아밸류업액티브증권상장지수투자신탁[주식]
KR7496130006,20260813,FGSC.45,IT,43.7454,59.71,-15.97,트러스톤 TRUSTON 코리아밸류업액티브증권상장지수투자신탁[주식]
KR7496130006,20260813,FGSC.50,통신서비스,.9155,.66,.25,트러스톤 TRUSTON 코리아밸류업액티브증권상장지수투자신탁[주식]
KR7496130006,,FGSC.55,유틸리티,,,,
KR7451060008,20260813,FGSC.10,에너지,1.3598,2,-.64,하나1Q200액티브증권상장지수투자신탁[주식]
KR7451060008,20260813,FGSC.15,소재,2.1077,2.8,-.69,하나1Q200액티브증권상장지수투자신탁[주식]
KR7451060008,20260813,FGSC.20,산업재,10.751,13.59,-2.84,하나1Q200액티브증권상장지수투자신탁[주식]
KR7451060008,20260813,FGSC.25,경기소비재,5.2633,6.12,-.85,하나1Q200액티브증권상장지수투자신탁[주식]
KR7451060008,20260813,FGSC.30,필수소비재,1.5676,1.91,-.34,하나1Q200액티브증권상장지수투자신탁[주식]
KR7451060008,20260813,FGSC.35,의료,1.9468,5.15,-3.21,하나1Q200액티브증권상장지수투자신탁[주식]
KR7451060008,20260813,FGSC.40,금융,7.7617,7.56,.2,하나1Q200액티브증권상장지수투자신탁[주식]
KR7451060008,20260813,FGSC.45,IT,68.0146,59.71,8.3,하나1Q200액티브증권상장지수투자신탁[주식]
KR7451060008,20260813,FGSC.50,통신서비스,.8296,.66,.17,하나1Q200액티브증권상장지수투자신탁[주식]
KR7451060008,20260813,FGSC.55,유틸리티,.3977,.5,-.1,하나1Q200액티브증권상장지수투자신탁[주식]
KR70184E0006,,FGSC.10,에너지,,,,
KR70184E0006,,FGSC.15,소재,,,,
KR70184E0006,,FGSC.20,산업재,,,,
KR70184E0006,,FGSC.25,경기소비재,,,,
KR70184E0006,,FGSC.30,필수소비재,,,,
KR70184E0006,,FGSC.35,의료,,,,
KR70184E0006,,FGSC.40,금융,,,,
KR70184E0006,,FGSC.45,IT,,,,
KR70184E0006,,FGSC.50,통신서비스,,,,
KR70184E0006,,FGSC.55,유틸리티,,,,
KR7491610002,,FGSC.10,에너지,,,,
KR7491610002,,FGSC.15,소재,,,,
KR7491610002,,FGSC.20,산업재,,,,
KR7491610002,,FGSC.25,경기소비재,,,,
KR7491610002,,FGSC.30,필수소비재,,,,
KR7491610002,,FGSC.35,의료,,,,
KR7491610002,,FGSC.40,금융,,,,
KR7491610002,,FGSC.45,IT,,,,
KR7491610002,,FGSC.50,통신서비스,,,,
KR7491610002,,FGSC.55,유틸리티,,,,
KR70182R0003,,FGSC.10,에너지,,,,
KR70182R0003,,FGSC.15,소재,,,,
KR70182R0003,,FGSC.20,산업재,,,,
KR70182R0003,,FGSC.25,경기소비재,,,,
KR70182R0003,,FGSC.30,필수소비재,,,,
KR70182R0003,,FGSC.35,의료,,,,
KR70182R0003,,FGSC.40,금융,,,,
KR70182R0003,,FGSC.45,IT,,,,
KR70182R0003,,FGSC.50,통신서비스,,,,
KR70182R0003,,FGSC.55,유틸리티,,,,
KR70182S0002,,FGSC.10,에너지,,,,
KR70182S0002,,FGSC.15,소재,,,,
KR70182S0002,,FGSC.20,산업재,,,,
KR70182S0002,,FGSC.25,경기소비재,,,,
KR70182S0002,,FGSC.30,필수소비재,,,,
KR70182S0002,,FGSC.35,의료,,,,
KR70182S0002,,FGSC.40,금융,,,,
KR70182S0002,20260813,FGSC.45,IT,100,59.71,40.29,하나1QK반도체TOP2채권혼합50증권상장지수투자신탁[채권혼합]
KR70182S0002,,FGSC.50,통신서비스,,,,
KR70182S0002,,FGSC.55,유틸리티,,,,
KR70103T0007,,FGSC.10,에너지,,,,
KR70103T0007,,FGSC.15,소재,,,,
KR70103T0007,,FGSC.20,산업재,,,,
KR70103T0007,,FGSC.25,경기소비재,,,,
KR70103T0007,,FGSC.30,필수소비재,,,,
KR70103T0007,,FGSC.35,의료,,,,
KR70103T0007,20260813,FGSC.40,금융,2.0642,7.56,-5.5,하나1Q K소버린AI증권상장지수투자신탁(주식)
KR70103T0007,20260813,FGSC.45,IT,97.9358,59.71,38.23,하나1Q K소버린AI증권상장지수투자신탁(주식)
KR70103T0007,,FGSC.50,통신서비스,,,,
KR70103T0007,,FGSC.55,유틸리티,,,,
KR70198D0001,,FGSC.10,에너지,,,,
KR70198D0001,,FGSC.15,소재,,,,
KR70198D0001,,FGSC.20,산업재,,,,
KR70198D0001,,FGSC.25,경기소비재,,,,
KR70198D0001,,FGSC.30,필수소비재,,,,
KR70198D0001,,FGSC.35,의료,,,,
KR70198D0001,,FGSC.40,금융,,,,
KR70198D0001,,FGSC.45,IT,,,,
KR70198D0001,,FGSC.50,통신서비스,,,,
KR70198D0001,,FGSC.55,유틸리티,,,,
KR7463290007,,FGSC.10,에너지,,,,
KR7463290007,,FGSC.15,소재,,,,
KR7463290007,,FGSC.20,산업재,,,,
KR7463290007,,FGSC.25,경기소비재,,,,
KR7463290007,,FGSC.30,필수소비재,,,,
KR7463290007,,FGSC.35,의료,,,,
KR7463290007,,FGSC.40,금융,,,,
KR7463290007,,FGSC.45,IT,,,,
KR7463290007,,FGSC.50,통신서비스,,,,
KR7463290007,,FGSC.55,유틸리티,,,,
KR70131W0008,,FGSC.10,에너지,,,,
KR70131W0008,,FGSC.15,소재,,,,
KR70131W0008,,FGSC.20,산업재,,,,
KR70131W0008,,FGSC.25,경기소비재,,,,
KR70131W0008,,FGSC.30,필수소비재,,,,
KR70131W0008,,FGSC.35,의료,,,,
KR70131W0008,,FGSC.40,금융,,,,
KR70131W0008,,FGSC.45,IT,,,,
KR70131W0008,,FGSC.50,통신서비스,,,,
KR70131W0008,,FGSC.55,유틸리티,,,,
KR7479080004,,FGSC.10,에너지,,,,
KR7479080004,,FGSC.15,소재,,,,
KR7479080004,,FGSC.20,산업재,,,,
KR7479080004,,FGSC.25,경기소비재,,,,
KR7479080004,,FGSC.30,필수소비재,,,,
KR7479080004,,FGSC.35,의료,,,,
KR7479080004,,FGSC.40,금융,,,,
KR7479080004,,FGSC.45,IT,,,,
KR7479080004,,FGSC.50,통신서비스,,,,
KR7479080004,,FGSC.55,유틸리티,,,,
KR70052S0009,,FGSC.10,에너지,,,,
KR70052S0009,,FGSC.15,소재,,,,
KR70052S0009,,FGSC.20,산업재,,,,
KR70052S0009,,FGSC.25,경기소비재,,,,
KR70052S0009,,FGSC.30,필수소비재,,,,
KR70052S0009,,FGSC.35,의료,,,,
KR70052S0009,,FGSC.40,금융,,,,
KR70052S0009,,FGSC.45,IT,,,,
KR70052S0009,,FGSC.50,통신서비스,,,,
KR70052S0009,,FGSC.55,유틸리티,,,,
KR70026S0002,,FGSC.10,에너지,,,,
KR70026S0002,,FGSC.15,소재,,,,
KR70026S0002,,FGSC.20,산업재,,,,
KR70026S0002,,FGSC.25,경기소비재,,,,
KR70026S0002,,FGSC.30,필수소비재,,,,
KR70026S0002,,FGSC.35,의료,,,,
KR70026S0002,,FGSC.40,금융,,,,
KR70026S0002,,FGSC.45,IT,,,,
KR70026S0002,,FGSC.50,통신서비스,,,,
KR70026S0002,,FGSC.55,유틸리티,,,,
KR70111P0001,,FGSC.10,에너지,,,,
KR70111P0001,,FGSC.15,소재,,,,
KR70111P0001,,FGSC.20,산업재,,,,
KR70111P0001,,FGSC.25,경기소비재,,,,
KR70111P0001,,FGSC.30,필수소비재,,,,
KR70111P0001,,FGSC.35,의료,,,,
KR70111P0001,,FGSC.40,금융,,,,
KR70111P0001,,FGSC.45,IT,,,,
KR70111P0001,,FGSC.50,통신서비스,,,,
KR70111P0001,,FGSC.55,유틸리티,,,,
KR70069M0006,,FGSC.10,에너지,,,,
KR70069M0006,,FGSC.15,소재,,,,
KR70069M0006,,FGSC.20,산업재,,,,
KR70069M0006,,FGSC.25,경기소비재,,,,
KR70069M0006,,FGSC.30,필수소비재,,,,
KR70069M0006,,FGSC.35,의료,,,,
KR70069M0006,,FGSC.40,금융,,,,
KR70069M0006,,FGSC.45,IT,,,,
KR70069M0006,,FGSC.50,통신서비스,,,,
KR70069M0006,,FGSC.55,유틸리티,,,,
KR70083S0002,,FGSC.10,에너지,,,,
KR70083S0002,,FGSC.15,소재,,,,
KR70083S0002,,FGSC.20,산업재,,,,
KR70083S0002,,FGSC.25,경기소비재,,,,
KR70083S0002,,FGSC.30,필수소비재,,,,
KR70083S0002,,FGSC.35,의료,,,,
KR70083S0002,,FGSC.40,금융,,,,
KR70083S0002,,FGSC.45,IT,,,,
KR70083S0002,,FGSC.50,통신서비스,,,,
KR70083S0002,,FGSC.55,유틸리티,,,,
KR70004G0002,,FGSC.10,에너지,,,,
KR70004G0002,,FGSC.15,소재,,,,
KR70004G0002,,FGSC.20,산업재,,,,
KR70004G0002,,FGSC.25,경기소비재,,,,
KR70004G0002,,FGSC.30,필수소비재,,,,
KR70004G0002,,FGSC.35,의료,,,,
KR70004G0002,,FGSC.40,금융,,,,
KR70004G0002,,FGSC.45,IT,,,,
KR70004G0002,,FGSC.50,통신서비스,,,,
KR70004G0002,,FGSC.55,유틸리티,,,,
KR70131V0009,,FGSC.10,에너지,,,,
KR70131V0009,,FGSC.15,소재,,,,
KR70131V0009,,FGSC.20,산업재,,,,
KR70131V0009,,FGSC.25,경기소비재,,,,
KR70131V0009,,FGSC.30,필수소비재,,,,
KR70131V0009,,FGSC.35,의료,,,,
KR70131V0009,,FGSC.40,금융,,,,
KR70131V0009,,FGSC.45,IT,,,,
KR70131V0009,,FGSC.50,통신서비스,,,,
KR70131V0009,,FGSC.55,유틸리티,,,,
KR70198B0003,,FGSC.10,에너지,,,,
KR70198B0003,,FGSC.15,소재,,,,
KR70198B0003,,FGSC.20,산업재,,,,
KR70198B0003,,FGSC.25,경기소비재,,,,
KR70198B0003,,FGSC.30,필수소비재,,,,
KR70198B0003,,FGSC.35,의료,,,,
KR70198B0003,,FGSC.40,금융,,,,
KR70198B0003,,FGSC.45,IT,,,,
KR70198B0003,,FGSC.50,통신서비스,,,,
KR70198B0003,,FGSC.55,유틸리티,,,,
KR70094X0002,,FGSC.10,에너지,,,,
KR70094X0002,,FGSC.15,소재,,,,
KR70094X0002,,FGSC.20,산업재,,,,
KR70094X0002,,FGSC.25,경기소비재,,,,
KR70094X0002,,FGSC.30,필수소비재,,,,
KR70094X0002,,FGSC.35,의료,,,,
KR70094X0002,,FGSC.40,금융,,,,
KR70094X0002,,FGSC.45,IT,,,,
KR70094X0002,,FGSC.50,통신서비스,,,,
KR70094X0002,,FGSC.55,유틸리티,,,,
KR70224X0005,,FGSC.10,에너지,,,,
KR70224X0005,,FGSC.15,소재,,,,
KR70224X0005,,FGSC.20,산업재,,,,
KR70224X0005,,FGSC.25,경기소비재,,,,
KR70224X0005,,FGSC.30,필수소비재,,,,
KR70224X0005,,FGSC.35,의료,,,,
KR70224X0005,,FGSC.40,금융,,,,
KR70224X0005,,FGSC.45,IT,,,,
KR70224X0005,,FGSC.50,통신서비스,,,,
KR70224X0005,,FGSC.55,유틸리티,,,,
KR70172V0009,,FGSC.10,에너지,,,,
KR70172V0009,,FGSC.15,소재,,,,
KR70172V0009,,FGSC.20,산업재,,,,
KR70172V0009,,FGSC.25,경기소비재,,,,
KR70172V0009,,FGSC.30,필수소비재,,,,
KR70172V0009,,FGSC.35,의료,,,,
KR70172V0009,,FGSC.40,금융,,,,
KR70172V0009,,FGSC.45,IT,,,,
KR70172V0009,,FGSC.50,통신서비스,,,,
KR70172V0009,,FGSC.55,유틸리티,,,,
KR70017Y0005,,FGSC.10,에너지,,,,
KR70017Y0005,,FGSC.15,소재,,,,
KR70017Y0005,,FGSC.20,산업재,,,,
KR70017Y0005,,FGSC.25,경기소비재,,,,
KR70017Y0005,,FGSC.30,필수소비재,,,,
KR70017Y0005,,FGSC.35,의료,,,,
KR70017Y0005,,FGSC.40,금융,,,,
KR70017Y0005,,FGSC.45,IT,,,,
KR70017Y0005,,FGSC.50,통신서비스,,,,
KR70017Y0005,,FGSC.55,유틸리티,,,,
KR70052T0008,,FGSC.10,에너지,,,,
KR70052T0008,,FGSC.15,소재,,,,
KR70052T0008,,FGSC.20,산업재,,,,
KR70052T0008,,FGSC.25,경기소비재,,,,
KR70052T0008,,FGSC.30,필수소비재,,,,
KR70052T0008,,FGSC.35,의료,,,,
KR70052T0008,,FGSC.40,금융,,,,
KR70052T0008,,FGSC.45,IT,,,,
KR70052T0008,,FGSC.50,통신서비스,,,,
KR70052T0008,,FGSC.55,유틸리티,,,,
KR7495330003,20260813,FGSC.10,에너지,.2275,2,-1.77,하나 1Q 코리아밸류업증권상장지수투자신탁[주식]
KR7495330003,20260813,FGSC.15,소재,.378,2.8,-2.42,하나 1Q 코리아밸류업증권상장지수투자신탁[주식]
KR7495330003,20260813,FGSC.20,산업재,15.6313,13.59,2.04,하나 1Q 코리아밸류업증권상장지수투자신탁[주식]
KR7495330003,20260813,FGSC.25,경기소비재,11.5136,6.12,5.4,하나 1Q 코리아밸류업증권상장지수투자신탁[주식]
KR7495330003,20260813,FGSC.30,필수소비재,3.6181,1.91,1.71,하나 1Q 코리아밸류업증권상장지수투자신탁[주식]
KR7495330003,20260813,FGSC.35,의료,.914,5.15,-4.24,하나 1Q 코리아밸류업증권상장지수투자신탁[주식]
KR7495330003,20260813,FGSC.40,금융,18.8226,7.56,11.26,하나 1Q 코리아밸류업증권상장지수투자신탁[주식]
KR7495330003,20260813,FGSC.45,IT,46.6567,59.71,-13.05,하나 1Q 코리아밸류업증권상장지수투자신탁[주식]
KR7495330003,20260813,FGSC.50,통신서비스,2.1345,.66,1.47,하나 1Q 코리아밸류업증권상장지수투자신탁[주식]
KR7495330003,20260813,FGSC.55,유틸리티,.1036,.5,-.39,하나 1Q 코리아밸류업증권상장지수투자신탁[주식]
KR70186S0008,,FGSC.10,에너지,,,,
KR70186S0008,,FGSC.15,소재,,,,
KR70186S0008,,FGSC.20,산업재,,,,
KR70186S0008,,FGSC.25,경기소비재,,,,
KR70186S0008,,FGSC.30,필수소비재,,,,
KR70186S0008,,FGSC.35,의료,,,,
KR70186S0008,,FGSC.40,금융,,,,
KR70186S0008,,FGSC.45,IT,,,,
KR70186S0008,,FGSC.50,통신서비스,,,,
KR70186S0008,,FGSC.55,유틸리티,,,,
KR7492500004,,FGSC.10,에너지,,,,
KR7492500004,,FGSC.15,소재,,,,
KR7492500004,,FGSC.20,산업재,,,,
KR7492500004,,FGSC.25,경기소비재,,,,
KR7492500004,,FGSC.30,필수소비재,,,,
KR7492500004,,FGSC.35,의료,,,,
KR7492500004,,FGSC.40,금융,,,,
KR7492500004,,FGSC.45,IT,,,,
KR7492500004,,FGSC.50,통신서비스,,,,
KR7492500004,,FGSC.55,유틸리티,,,,
KR70206G0008,,FGSC.10,에너지,,,,
KR70206G0008,,FGSC.15,소재,,,,
KR70206G0008,,FGSC.20,산업재,,,,
KR70206G0008,20260813,FGSC.25,경기소비재,100,6.12,93.88,하나 1Q 현대차기아채권혼합50증권상장지수투자신탁[채권혼합]
KR70206G0008,,FGSC.30,필수소비재,,,,
KR70206G0008,,FGSC.35,의료,,,,
KR70206G0008,,FGSC.40,금융,,,,
KR70206G0008,,FGSC.45,IT,,,,
KR70206G0008,,FGSC.50,통신서비스,,,,
KR70206G0008,,FGSC.55,유틸리티,,,,
KR7473440006,,FGSC.10,에너지,,,,
KR7473440006,,FGSC.15,소재,,,,
KR7473440006,,FGSC.20,산업재,,,,
KR7473440006,,FGSC.25,경기소비재,,,,
KR7473440006,,FGSC.30,필수소비재,,,,
KR7473440006,,FGSC.35,의료,,,,
KR7473440006,,FGSC.40,금융,,,,
KR7473440006,,FGSC.45,IT,,,,
KR7473440006,,FGSC.50,통신서비스,,,,
KR7473440006,,FGSC.55,유틸리티,,,,
KR7332500008,20260813,FGSC.10,에너지,1.3589,2,-.64,한국투자ACE200TotalReturn증권상장지수투자신탁(주식)
KR7332500008,20260813,FGSC.15,소재,2.1105,2.8,-.69,한국투자ACE200TotalReturn증권상장지수투자신탁(주식)
KR7332500008,20260813,FGSC.20,산업재,10.7882,13.59,-2.8,한국투자ACE200TotalReturn증권상장지수투자신탁(주식)
KR7332500008,20260813,FGSC.25,경기소비재,5.2756,6.12,-.84,한국투자ACE200TotalReturn증권상장지수투자신탁(주식)
KR7332500008,20260813,FGSC.30,필수소비재,1.5709,1.91,-.34,한국투자ACE200TotalReturn증권상장지수투자신탁(주식)
KR7332500008,20260813,FGSC.35,의료,1.9373,5.15,-3.22,한국투자ACE200TotalReturn증권상장지수투자신탁(주식)
KR7332500008,20260813,FGSC.40,금융,7.5492,7.56,-.01,한국투자ACE200TotalReturn증권상장지수투자신탁(주식)
KR7332500008,20260813,FGSC.45,IT,68.1796,59.71,8.47,한국투자ACE200TotalReturn증권상장지수투자신탁(주식)
KR7332500008,20260813,FGSC.50,통신서비스,.8315,.66,.17,한국투자ACE200TotalReturn증권상장지수투자신탁(주식)
KR7332500008,20260813,FGSC.55,유틸리티,.3979,.5,-.1,한국투자ACE200TotalReturn증권상장지수투자신탁(주식)
KR7105190003,20260813,FGSC.10,에너지,1.3648,2,-.64,한국투자ACE200증권상장지수투자신탁(주식)
KR7105190003,20260813,FGSC.15,소재,2.1102,2.8,-.69,한국투자ACE200증권상장지수투자신탁(주식)
KR7105190003,20260813,FGSC.20,산업재,10.7603,13.59,-2.83,한국투자ACE200증권상장지수투자신탁(주식)
KR7105190003,20260813,FGSC.25,경기소비재,5.2696,6.12,-.85,한국투자ACE200증권상장지수투자신탁(주식)
KR7105190003,20260813,FGSC.30,필수소비재,1.5723,1.91,-.34,한국투자ACE200증권상장지수투자신탁(주식)
KR7105190003,20260813,FGSC.35,의료,1.9404,5.15,-3.21,한국투자ACE200증권상장지수투자신탁(주식)
KR7105190003,20260813,FGSC.40,금융,7.563,7.56,0,한국투자ACE200증권상장지수투자신탁(주식)
KR7105190003,20260813,FGSC.45,IT,68.1882,59.71,8.48,한국투자ACE200증권상장지수투자신탁(주식)
KR7105190003,20260813,FGSC.50,통신서비스,.8318,.66,.17,한국투자ACE200증권상장지수투자신탁(주식)
KR7105190003,20260813,FGSC.55,유틸리티,.3993,.5,-.1,한국투자ACE200증권상장지수투자신탁(주식)
KR7475260006,,FGSC.10,에너지,,,,
KR7475260006,,FGSC.15,소재,,,,
KR7475260006,,FGSC.20,산업재,,,,
KR7475260006,,FGSC.25,경기소비재,,,,
KR7475260006,,FGSC.30,필수소비재,,,,
KR7475260006,,FGSC.35,의료,,,,
KR7475260006,,FGSC.40,금융,,,,
KR7475260006,,FGSC.45,IT,,,,
KR7475260006,,FGSC.50,통신서비스,,,,
KR7475260006,,FGSC.55,유틸리티,,,,
KR7385600002,,FGSC.10,에너지,,,,
KR7385600002,20260813,FGSC.15,소재,22.4606,2.8,19.66,한국투자ACE2차전지&친환경차액티브증권상장지수투자신탁(주식)
KR7385600002,20260813,FGSC.20,산업재,3.779,13.59,-9.81,한국투자ACE2차전지&친환경차액티브증권상장지수투자신탁(주식)
KR7385600002,20260813,FGSC.25,경기소비재,37.4389,6.12,31.32,한국투자ACE2차전지&친환경차액티브증권상장지수투자신탁(주식)
KR7385600002,,FGSC.30,필수소비재,,,,
KR7385600002,,FGSC.35,의료,,,,
KR7385600002,,FGSC.40,금융,,,,
KR7385600002,20260813,FGSC.45,IT,33.6972,59.71,-26.01,한국투자ACE2차전지&친환경차액티브증권상장지수투자신탁(주식)
KR7385600002,20260813,FGSC.50,통신서비스,2.6245,.66,1.96,한국투자ACE2차전지&친환경차액티브증권상장지수투자신탁(주식)
KR7385600002,,FGSC.55,유틸리티,,,,
KR7475270005,,FGSC.10,에너지,,,,
KR7475270005,,FGSC.15,소재,,,,
KR7475270005,,FGSC.20,산업재,,,,
KR7475270005,,FGSC.25,경기소비재,,,,
KR7475270005,,FGSC.30,필수소비재,,,,
KR7475270005,,FGSC.35,의료,,,,
KR7475270005,,FGSC.40,금융,,,,
KR7475270005,,FGSC.45,IT,,,,
KR7475270005,,FGSC.50,통신서비스,,,,
KR7475270005,,FGSC.55,유틸리티,,,,
KR7475280004,,FGSC.10,에너지,,,,
KR7475280004,,FGSC.15,소재,,,,
KR7475280004,,FGSC.20,산업재,,,,
KR7475280004,,FGSC.25,경기소비재,,,,
KR7475280004,,FGSC.30,필수소비재,,,,
KR7475280004,,FGSC.35,의료,,,,
KR7475280004,,FGSC.40,금융,,,,
KR7475280004,,FGSC.45,IT,,,,
KR7475280004,,FGSC.50,통신서비스,,,,
KR7475280004,,FGSC.55,유틸리티,,,,
KR7469150007,,FGSC.10,에너지,,,,
KR7469150007,,FGSC.15,소재,,,,
KR7469150007,,FGSC.20,산업재,,,,
KR7469150007,,FGSC.25,경기소비재,,,,
KR7469150007,,FGSC.30,필수소비재,,,,
KR7469150007,,FGSC.35,의료,,,,
KR7469150007,,FGSC.40,금융,,,,
KR7469150007,20260813,FGSC.45,IT,100.0001,59.71,40.29,한국투자ACEAI반도체TOP3+증권상장지수투자신탁(주식)
KR7469150007,,FGSC.50,통신서비스,,,,
KR7469150007,,FGSC.55,유틸리티,,,,
KR70079X0001,,FGSC.10,에너지,,,,
KR70079X0001,,FGSC.15,소재,,,,
KR70079X0001,,FGSC.20,산업재,,,,
KR70079X0001,,FGSC.25,경기소비재,,,,
KR70079X0001,,FGSC.30,필수소비재,,,,
KR70079X0001,,FGSC.35,의료,,,,
KR70079X0001,,FGSC.40,금융,,,,
KR70079X0001,,FGSC.45,IT,,,,
KR70079X0001,,FGSC.50,통신서비스,,,,
KR70079X0001,,FGSC.55,유틸리티,,,,
KR7385590005,20260813,FGSC.10,에너지,4.6476,2,2.65,한국투자ACEESG액티브증권상장지수투자신탁(주식)
KR7385590005,20260813,FGSC.15,소재,1.5226,2.8,-1.28,한국투자ACEESG액티브증권상장지수투자신탁(주식)
KR7385590005,20260813,FGSC.20,산업재,15.8506,13.59,2.26,한국투자ACEESG액티브증권상장지수투자신탁(주식)
KR7385590005,20260813,FGSC.25,경기소비재,2.9531,6.12,-3.16,한국투자ACEESG액티브증권상장지수투자신탁(주식)
KR7385590005,20260813,FGSC.30,필수소비재,1.0908,1.91,-.82,한국투자ACEESG액티브증권상장지수투자신탁(주식)
KR7385590005,20260813,FGSC.35,의료,2.0865,5.15,-3.07,한국투자ACEESG액티브증권상장지수투자신탁(주식)
KR7385590005,20260813,FGSC.40,금융,14.5333,7.56,6.97,한국투자ACEESG액티브증권상장지수투자신탁(주식)
KR7385590005,20260813,FGSC.45,IT,56.2097,59.71,-3.5,한국투자ACEESG액티브증권상장지수투자신탁(주식)
KR7385590005,20260813,FGSC.50,통신서비스,1.1057,.66,.44,한국투자ACEESG액티브증권상장지수투자신탁(주식)
KR7385590005,,FGSC.55,유틸리티,,,,
KR7475050001,,FGSC.10,에너지,,,,
KR7475050001,,FGSC.15,소재,,,,
KR7475050001,,FGSC.20,산업재,,,,
KR7475050001,20260813,FGSC.25,경기소비재,99.1726,6.12,93.06,한국투자ACEKPOP포커스증권상장지수투자신탁(주식)
KR7475050001,,FGSC.30,필수소비재,,,,
KR7475050001,,FGSC.35,의료,,,,
KR7475050001,,FGSC.40,금융,,,,
KR7475050001,20260813,FGSC.45,IT,.8274,59.71,-58.88,한국투자ACEKPOP포커스증권상장지수투자신탁(주식)
KR7475050001,,FGSC.50,통신서비스,,,,
KR7475050001,,FGSC.55,유틸리티,,,,
KR7411060007,,FGSC.10,에너지,,,,
KR7411060007,,FGSC.15,소재,,,,
KR7411060007,,FGSC.20,산업재,,,,
KR7411060007,,FGSC.25,경기소비재,,,,
KR7411060007,,FGSC.30,필수소비재,,,,
KR7411060007,,FGSC.35,의료,,,,
KR7411060007,,FGSC.40,금융,,,,
KR7411060007,,FGSC.45,IT,,,,
KR7411060007,,FGSC.50,통신서비스,,,,
KR7411060007,,FGSC.55,유틸리티,,,,
KR70221Z0006,,FGSC.10,에너지,,,,
KR70221Z0006,,FGSC.15,소재,,,,
KR70221Z0006,,FGSC.20,산업재,,,,
KR70221Z0006,,FGSC.25,경기소비재,,,,
KR70221Z0006,,FGSC.30,필수소비재,,,,
KR70221Z0006,20260813,FGSC.35,의료,99.9999,5.15,94.85,한국투자ACEK바이오코스닥액티브증권상장지수투자신탁(주식)
KR70221Z0006,,FGSC.40,금융,,,,
KR70221Z0006,,FGSC.45,IT,,,,
KR70221Z0006,,FGSC.50,통신서비스,,,,
KR70221Z0006,,FGSC.55,유틸리티,,,,
KR70210A0008,,FGSC.10,에너지,,,,
KR70210A0008,,FGSC.15,소재,,,,
KR70210A0008,,FGSC.20,산업재,,,,
KR70210A0008,,FGSC.25,경기소비재,,,,
KR70210A0008,,FGSC.30,필수소비재,,,,
KR70210A0008,,FGSC.35,의료,,,,
KR70210A0008,,FGSC.40,금융,,,,
KR70210A0008,20260813,FGSC.45,IT,100.0002,59.71,40.29,한국투자ACEK반도체TOP2+증권상장지수투자신탁(주식)
KR70210A0008,,FGSC.50,통신서비스,,,,
KR70210A0008,,FGSC.55,유틸리티,,,,
KR70216Z0003,,FGSC.10,에너지,,,,
KR70216Z0003,,FGSC.15,소재,,,,
KR70216Z0003,20260813,FGSC.20,산업재,92.6993,13.59,79.11,한국투자ACEK방산TOP5+증권상장지수투자신탁(주식)
KR70216Z0003,,FGSC.25,경기소비재,,,,
KR70216Z0003,,FGSC.30,필수소비재,,,,
KR70216Z0003,,FGSC.35,의료,,,,
KR70216Z0003,,FGSC.40,금융,,,,
KR70216Z0003,20260813,FGSC.45,IT,7.3008,59.71,-52.41,한국투자ACEK방산TOP5+증권상장지수투자신탁(주식)
KR70216Z0003,,FGSC.50,통신서비스,,,,
KR70216Z0003,,FGSC.55,유틸리티,,,,
KR70172Y0006,,FGSC.10,에너지,,,,
KR70172Y0006,,FGSC.15,소재,,,,
KR70172Y0006,20260813,FGSC.20,산업재,31.2433,13.59,17.65,한국투자ACEK수출핵심TOP10산업액티브증권상장지수투자신탁(주식)
KR70172Y0006,20260813,FGSC.25,경기소비재,9.6785,6.12,3.56,한국투자ACEK수출핵심TOP10산업액티브증권상장지수투자신탁(주식)
KR70172Y0006,20260813,FGSC.30,필수소비재,.5139,1.91,-1.39,한국투자ACEK수출핵심TOP10산업액티브증권상장지수투자신탁(주식)
KR70172Y0006,20260813,FGSC.35,의료,7.7291,5.15,2.57,한국투자ACEK수출핵심TOP10산업액티브증권상장지수투자신탁(주식)
KR70172Y0006,,FGSC.40,금융,,,,
KR70172Y0006,20260813,FGSC.45,IT,50.8351,59.71,-8.88,한국투자ACEK수출핵심TOP10산업액티브증권상장지수투자신탁(주식)
KR70172Y0006,,FGSC.50,통신서비스,,,,
KR70172Y0006,,FGSC.55,유틸리티,,,,
KR70177X0002,,FGSC.10,에너지,,,,
KR70177X0002,,FGSC.15,소재,,,,
KR70177X0002,20260813,FGSC.20,산업재,61.2519,13.59,47.66,한국투자ACEK휴머노이드로봇산업TOP2+증권상장지수투자신탁(주식)
KR70177X0002,20260813,FGSC.25,경기소비재,35.2396,6.12,29.12,한국투자ACEK휴머노이드로봇산업TOP2+증권상장지수투자신탁(주식)
KR70177X0002,,FGSC.30,필수소비재,,,,
KR70177X0002,,FGSC.35,의료,,,,
KR70177X0002,,FGSC.40,금융,,,,
KR70177X0002,20260813,FGSC.45,IT,3.5085,59.71,-56.2,한국투자ACEK휴머노이드로봇산업TOP2+증권상장지수투자신탁(주식)
KR70177X0002,,FGSC.50,통신서비스,,,,
KR70177X0002,,FGSC.55,유틸리티,,,,
KR7291130003,,FGSC.10,에너지,,,,
KR7291130003,,FGSC.15,소재,,,,
KR7291130003,,FGSC.20,산업재,,,,
KR7291130003,,FGSC.25,경기소비재,,,,
KR7291130003,,FGSC.30,필수소비재,,,,
KR7291130003,,FGSC.35,의료,,,,
KR7291130003,,FGSC.40,금융,,,,
KR7291130003,,FGSC.45,IT,,,,
KR7291130003,,FGSC.50,통신서비스,,,,
KR7291130003,,FGSC.55,유틸리티,,,,
KR7256440009,,FGSC.10,에너지,,,,
KR7256440009,,FGSC.15,소재,,,,
KR7256440009,,FGSC.20,산업재,,,,
KR7256440009,,FGSC.25,경기소비재,,,,
KR7256440009,,FGSC.30,필수소비재,,,,
KR7256440009,,FGSC.35,의료,,,,
KR7256440009,,FGSC.40,금융,,,,
KR7256440009,,FGSC.45,IT,,,,
KR7256440009,,FGSC.50,통신서비스,,,,
KR7256440009,,FGSC.55,유틸리티,,,,
KR7261920003,,FGSC.10,에너지,,,,
KR7261920003,,FGSC.15,소재,,,,
KR7261920003,,FGSC.20,산업재,,,,
KR7261920003,,FGSC.25,경기소비재,,,,
KR7261920003,,FGSC.30,필수소비재,,,,
KR7261920003,,FGSC.35,의료,,,,
KR7261920003,,FGSC.40,금융,,,,
KR7261920003,,FGSC.45,IT,,,,
KR7261920003,,FGSC.50,통신서비스,,,,
KR7261920003,,FGSC.55,유틸리티,,,,
KR70194T0007,,FGSC.10,에너지,,,,
KR70194T0007,,FGSC.15,소재,,,,
KR70194T0007,,FGSC.20,산업재,,,,
KR70194T0007,,FGSC.25,경기소비재,,,,
KR70194T0007,,FGSC.30,필수소비재,,,,
KR70194T0007,,FGSC.35,의료,,,,
KR70194T0007,,FGSC.40,금융,,,,
KR70194T0007,,FGSC.45,IT,,,,
KR70194T0007,,FGSC.50,통신서비스,,,,
KR70194T0007,,FGSC.55,유틸리티,,,,
KR70199C0001,,FGSC.10,에너지,,,,
KR70199C0001,,FGSC.15,소재,,,,
KR70199C0001,20260813,FGSC.20,산업재,3.6221,13.59,-9.97,한국투자ACE고배당주Plus커버드콜액티브증권상장지수투자신탁(주식-파생형)
KR70199C0001,20260813,FGSC.25,경기소비재,15.8983,6.12,9.78,한국투자ACE고배당주Plus커버드콜액티브증권상장지수투자신탁(주식-파생형)
KR70199C0001,,FGSC.30,필수소비재,,,,
KR70199C0001,,FGSC.35,의료,,,,
KR70199C0001,20260813,FGSC.40,금융,63.5557,7.56,56,한국투자ACE고배당주Plus커버드콜액티브증권상장지수투자신탁(주식-파생형)
KR70199C0001,20260813,FGSC.45,IT,16.9237,59.71,-42.79,한국투자ACE고배당주Plus커버드콜액티브증권상장지수투자신탁(주식-파생형)
KR70199C0001,,FGSC.50,통신서비스,,,,
KR70199C0001,,FGSC.55,유틸리티,,,,
KR70139P0009,20260813,FGSC.10,에너지,3.7413,2,1.74,한국투자ACE고배당주증권상장지수투자신탁(주식)
KR70139P0009,,FGSC.15,소재,,,,
KR70139P0009,,FGSC.20,산업재,,,,
KR70139P0009,20260813,FGSC.25,경기소비재,31.2327,6.12,25.12,한국투자ACE고배당주증권상장지수투자신탁(주식)
KR70139P0009,20260813,FGSC.30,필수소비재,15.4975,1.91,13.59,한국투자ACE고배당주증권상장지수투자신탁(주식)
KR70139P0009,,FGSC.35,의료,,,,
KR70139P0009,20260813,FGSC.40,금융,49.5285,7.56,41.97,한국투자ACE고배당주증권상장지수투자신탁(주식)
KR70139P0009,,FGSC.45,IT,,,,
KR70139P0009,,FGSC.50,통신서비스,,,,
KR70139P0009,,FGSC.55,유틸리티,,,,
KR7225130004,,FGSC.10,에너지,,,,
KR7225130004,,FGSC.15,소재,,,,
KR7225130004,,FGSC.20,산업재,,,,
KR7225130004,,FGSC.25,경기소비재,,,,
KR7225130004,,FGSC.30,필수소비재,,,,
KR7225130004,,FGSC.35,의료,,,,
KR7225130004,,FGSC.40,금융,,,,
KR7225130004,,FGSC.45,IT,,,,
KR7225130004,,FGSC.50,통신서비스,,,,
KR7225130004,,FGSC.55,유틸리티,,,,
KR7483340006,,FGSC.10,에너지,,,,
KR7483340006,,FGSC.15,소재,,,,
KR7483340006,,FGSC.20,산업재,,,,
KR7483340006,,FGSC.25,경기소비재,,,,
KR7483340006,,FGSC.30,필수소비재,,,,
KR7483340006,,FGSC.35,의료,,,,
KR7483340006,,FGSC.40,금융,,,,
KR7483340006,,FGSC.45,IT,,,,
KR7483340006,,FGSC.50,통신서비스,,,,
KR7483340006,,FGSC.55,유틸리티,,,,
KR7114460009,,FGSC.10,에너지,,,,
KR7114460009,,FGSC.15,소재,,,,
KR7114460009,,FGSC.20,산업재,,,,
KR7114460009,,FGSC.25,경기소비재,,,,
KR7114460009,,FGSC.30,필수소비재,,,,
KR7114460009,,FGSC.35,의료,,,,
KR7114460009,,FGSC.40,금융,,,,
KR7114460009,,FGSC.45,IT,,,,
KR7114460009,,FGSC.50,통신서비스,,,,
KR7114460009,,FGSC.55,유틸리티,,,,
KR7365780006,,FGSC.10,에너지,,,,
KR7365780006,,FGSC.15,소재,,,,
KR7365780006,,FGSC.20,산업재,,,,
KR7365780006,,FGSC.25,경기소비재,,,,
KR7365780006,,FGSC.30,필수소비재,,,,
KR7365780006,,FGSC.35,의료,,,,
KR7365780006,,FGSC.40,금융,,,,
KR7365780006,,FGSC.45,IT,,,,
KR7365780006,,FGSC.50,통신서비스,,,,
KR7365780006,,FGSC.55,유틸리티,,,,
KR7494340003,,FGSC.10,에너지,,,,
KR7494340003,,FGSC.15,소재,,,,
KR7494340003,,FGSC.20,산업재,,,,
KR7494340003,,FGSC.25,경기소비재,,,,
KR7494340003,,FGSC.30,필수소비재,,,,
KR7494340003,,FGSC.35,의료,,,,
KR7494340003,,FGSC.40,금융,,,,
KR7494340003,,FGSC.45,IT,,,,
KR7494340003,,FGSC.50,통신서비스,,,,
KR7494340003,,FGSC.55,유틸리티,,,,
KR7446770000,,FGSC.10,에너지,,,,
KR7446770000,,FGSC.15,소재,,,,
KR7446770000,,FGSC.20,산업재,,,,
KR7446770000,,FGSC.25,경기소비재,,,,
KR7446770000,,FGSC.30,필수소비재,,,,
KR7446770000,,FGSC.35,의료,,,,
KR7446770000,,FGSC.40,금융,,,,
KR7446770000,,FGSC.45,IT,,,,
KR7446770000,,FGSC.50,통신서비스,,,,
KR7446770000,,FGSC.55,유틸리티,,,,
KR7435040001,,FGSC.10,에너지,,,,
KR7435040001,,FGSC.15,소재,,,,
KR7435040001,,FGSC.20,산업재,,,,
KR7435040001,,FGSC.25,경기소비재,,,,
KR7435040001,,FGSC.30,필수소비재,,,,
KR7435040001,,FGSC.35,의료,,,,
KR7435040001,,FGSC.40,금융,,,,
KR7435040001,,FGSC.45,IT,,,,
KR7435040001,,FGSC.50,통신서비스,,,,
KR7435040001,,FGSC.55,유틸리티,,,,
KR7497510008,,FGSC.10,에너지,,,,
KR7497510008,,FGSC.15,소재,,,,
KR7497510008,,FGSC.20,산업재,,,,
KR7497510008,,FGSC.25,경기소비재,,,,
KR7497510008,,FGSC.30,필수소비재,,,,
KR7497510008,,FGSC.35,의료,,,,
KR7497510008,,FGSC.40,금융,,,,
KR7497510008,,FGSC.45,IT,,,,
KR7497510008,,FGSC.50,통신서비스,,,,
KR7497510008,,FGSC.55,유틸리티,,,,
KR7460960008,,FGSC.10,에너지,,,,
KR7460960008,,FGSC.15,소재,,,,
KR7460960008,,FGSC.20,산업재,,,,
KR7460960008,,FGSC.25,경기소비재,,,,
KR7460960008,,FGSC.30,필수소비재,,,,
KR7460960008,,FGSC.35,의료,,,,
KR7460960008,,FGSC.40,금융,,,,
KR7460960008,,FGSC.45,IT,,,,
KR7460960008,,FGSC.50,통신서비스,,,,
KR7460960008,,FGSC.55,유틸리티,,,,
KR7414270009,,FGSC.10,에너지,,,,
KR7414270009,,FGSC.15,소재,,,,
KR7414270009,,FGSC.20,산업재,,,,
KR7414270009,,FGSC.25,경기소비재,,,,
KR7414270009,,FGSC.30,필수소비재,,,,
KR7414270009,,FGSC.35,의료,,,,
KR7414270009,,FGSC.40,금융,,,,
KR7414270009,,FGSC.45,IT,,,,
KR7414270009,,FGSC.50,통신서비스,,,,
KR7414270009,,FGSC.55,유틸리티,,,,
KR7190620005,,FGSC.10,에너지,,,,
KR7190620005,,FGSC.15,소재,,,,
KR7190620005,,FGSC.20,산업재,,,,
KR7190620005,,FGSC.25,경기소비재,,,,
KR7190620005,,FGSC.30,필수소비재,,,,
KR7190620005,,FGSC.35,의료,,,,
KR7190620005,,FGSC.40,금융,,,,
KR7190620005,,FGSC.45,IT,,,,
KR7190620005,,FGSC.50,통신서비스,,,,
KR7190620005,,FGSC.55,유틸리티,,,,
KR7440640001,,FGSC.10,에너지,,,,
KR7440640001,,FGSC.15,소재,,,,
KR7440640001,,FGSC.20,산업재,,,,
KR7440640001,,FGSC.25,경기소비재,,,,
KR7440640001,,FGSC.30,필수소비재,,,,
KR7440640001,,FGSC.35,의료,,,,
KR7440640001,,FGSC.40,금융,,,,
KR7440640001,,FGSC.45,IT,,,,
KR7440640001,,FGSC.50,통신서비스,,,,
KR7440640001,,FGSC.55,유틸리티,,,,
KR7494330004,20260813,FGSC.10,에너지,3.9942,2,1.99,한국투자ACE라이프자산주주가치액티브증권상장지수투자신탁(주식)
KR7494330004,20260813,FGSC.15,소재,3.9971,2.8,1.2,한국투자ACE라이프자산주주가치액티브증권상장지수투자신탁(주식)
KR7494330004,20260813,FGSC.20,산업재,8.3977,13.59,-5.19,한국투자ACE라이프자산주주가치액티브증권상장지수투자신탁(주식)
KR7494330004,20260813,FGSC.25,경기소비재,6.8681,6.12,.75,한국투자ACE라이프자산주주가치액티브증권상장지수투자신탁(주식)
KR7494330004,20260813,FGSC.30,필수소비재,6.8323,1.91,4.92,한국투자ACE라이프자산주주가치액티브증권상장지수투자신탁(주식)
KR7494330004,20260813,FGSC.35,의료,13.2543,5.15,8.1,한국투자ACE라이프자산주주가치액티브증권상장지수투자신탁(주식)
KR7494330004,20260813,FGSC.40,금융,18.4072,7.56,10.85,한국투자ACE라이프자산주주가치액티브증권상장지수투자신탁(주식)
KR7494330004,20260813,FGSC.45,IT,34.7646,59.71,-24.95,한국투자ACE라이프자산주주가치액티브증권상장지수투자신탁(주식)
KR7494330004,20260813,FGSC.50,통신서비스,.9442,.66,.28,한국투자ACE라이프자산주주가치액티브증권상장지수투자신탁(주식)
KR7494330004,20260813,FGSC.55,유틸리티,2.5404,.5,2.04,한국투자ACE라이프자산주주가치액티브증권상장지수투자신탁(주식)
KR7265690008,,FGSC.10,에너지,,,,
KR7265690008,,FGSC.15,소재,,,,
KR7265690008,,FGSC.20,산업재,,,,
KR7265690008,,FGSC.25,경기소비재,,,,
KR7265690008,,FGSC.30,필수소비재,,,,
KR7265690008,,FGSC.35,의료,,,,
KR7265690008,,FGSC.40,금융,,,,
KR7265690008,,FGSC.45,IT,,,,
KR7265690008,,FGSC.50,통신서비스,,,,
KR7265690008,,FGSC.55,유틸리티,,,,
KR7152500005,,FGSC.10,에너지,,,,
KR7152500005,,FGSC.15,소재,,,,
KR7152500005,,FGSC.20,산업재,,,,
KR7152500005,,FGSC.25,경기소비재,,,,
KR7152500005,,FGSC.30,필수소비재,,,,
KR7152500005,,FGSC.35,의료,,,,
KR7152500005,,FGSC.40,금융,,,,
KR7152500005,,FGSC.45,IT,,,,
KR7152500005,,FGSC.50,통신서비스,,,,
KR7152500005,,FGSC.55,유틸리티,,,,
KR70153P0000,,FGSC.10,에너지,,,,
KR70153P0000,,FGSC.15,소재,,,,
KR70153P0000,20260813,FGSC.20,산업재,42.6173,13.59,29.03,한국투자ACE리츠부동산인프라액티브부동산상장지수투자신탁(재간접형)
KR70153P0000,,FGSC.25,경기소비재,,,,
KR70153P0000,,FGSC.30,필수소비재,,,,
KR70153P0000,,FGSC.35,의료,,,,
KR70153P0000,20260813,FGSC.40,금융,57.3827,7.56,49.82,한국투자ACE리츠부동산인프라액티브부동산상장지수투자신탁(재간접형)
KR70153P0000,,FGSC.45,IT,,,,
KR70153P0000,,FGSC.50,통신서비스,,,,
KR70153P0000,,FGSC.55,유틸리티,,,,
KR7483330007,,FGSC.10,에너지,,,,
KR7483330007,,FGSC.15,소재,,,,
KR7483330007,,FGSC.20,산업재,,,,
KR7483330007,,FGSC.25,경기소비재,,,,
KR7483330007,,FGSC.30,필수소비재,,,,
KR7483330007,,FGSC.35,의료,,,,
KR7483330007,,FGSC.40,금융,,,,
KR7483330007,,FGSC.45,IT,,,,
KR7483330007,,FGSC.50,통신서비스,,,,
KR7483330007,,FGSC.55,유틸리티,,,,
KR7487340002,,FGSC.10,에너지,,,,
KR7487340002,,FGSC.15,소재,,,,
KR7487340002,,FGSC.20,산업재,,,,
KR7487340002,,FGSC.25,경기소비재,,,,
KR7487340002,,FGSC.30,필수소비재,,,,
KR7487340002,,FGSC.35,의료,,,,
KR7487340002,,FGSC.40,금융,,,,
KR7487340002,,FGSC.45,IT,,,,
KR7487340002,,FGSC.50,통신서비스,,,,
KR7487340002,,FGSC.55,유틸리티,,,,
KR70085P0003,,FGSC.10,에너지,,,,
KR70085P0003,,FGSC.15,소재,,,,
KR70085P0003,,FGSC.20,산업재,,,,
KR70085P0003,,FGSC.25,경기소비재,,,,
KR70085P0003,,FGSC.30,필수소비재,,,,
KR70085P0003,,FGSC.35,의료,,,,
KR70085P0003,,FGSC.40,금융,,,,
KR70085P0003,,FGSC.45,IT,,,,
KR70085P0003,,FGSC.50,통신서비스,,,,
KR70085P0003,,FGSC.55,유틸리티,,,,
KR70085N0005,,FGSC.10,에너지,,,,
KR70085N0005,,FGSC.15,소재,,,,
KR70085N0005,,FGSC.20,산업재,,,,
KR70085N0005,,FGSC.25,경기소비재,,,,
KR70085N0005,,FGSC.30,필수소비재,,,,
KR70085N0005,,FGSC.35,의료,,,,
KR70085N0005,,FGSC.40,금융,,,,
KR70085N0005,,FGSC.45,IT,,,,
KR70085N0005,,FGSC.50,통신서비스,,,,
KR70085N0005,,FGSC.55,유틸리티,,,,
KR7452250004,,FGSC.10,에너지,,,,
KR7452250004,,FGSC.15,소재,,,,
KR7452250004,,FGSC.20,산업재,,,,
KR7452250004,,FGSC.25,경기소비재,,,,
KR7452250004,,FGSC.30,필수소비재,,,,
KR7452250004,,FGSC.35,의료,,,,
KR7452250004,,FGSC.40,금융,,,,
KR7452250004,,FGSC.45,IT,,,,
KR7452250004,,FGSC.50,통신서비스,,,,
KR7452250004,,FGSC.55,유틸리티,,,,
KR7476760004,,FGSC.10,에너지,,,,
KR7476760004,,FGSC.15,소재,,,,
KR7476760004,,FGSC.20,산업재,,,,
KR7476760004,,FGSC.25,경기소비재,,,,
KR7476760004,,FGSC.30,필수소비재,,,,
KR7476760004,,FGSC.35,의료,,,,
KR7476760004,,FGSC.40,금융,,,,
KR7476760004,,FGSC.45,IT,,,,
KR7476760004,,FGSC.50,통신서비스,,,,
KR7476760004,,FGSC.55,유틸리티,,,,
KR7453850000,,FGSC.10,에너지,,,,
KR7453850000,,FGSC.15,소재,,,,
KR7453850000,,FGSC.20,산업재,,,,
KR7453850000,,FGSC.25,경기소비재,,,,
KR7453850000,,FGSC.30,필수소비재,,,,
KR7453850000,,FGSC.35,의료,,,,
KR7453850000,,FGSC.40,금융,,,,
KR7453850000,,FGSC.45,IT,,,,
KR7453850000,,FGSC.50,통신서비스,,,,
KR7453850000,,FGSC.55,유틸리티,,,,
KR7476750005,,FGSC.10,에너지,,,,
KR7476750005,,FGSC.15,소재,,,,
KR7476750005,,FGSC.20,산업재,,,,
KR7476750005,,FGSC.25,경기소비재,,,,
KR7476750005,,FGSC.30,필수소비재,,,,
KR7476750005,,FGSC.35,의료,,,,
KR7476750005,,FGSC.40,금융,,,,
KR7476750005,,FGSC.45,IT,,,,
KR7476750005,,FGSC.50,통신서비스,,,,
KR7476750005,,FGSC.55,유틸리티,,,,
KR7480030006,,FGSC.10,에너지,,,,
KR7480030006,,FGSC.15,소재,,,,
KR7480030006,,FGSC.20,산업재,,,,
KR7480030006,,FGSC.25,경기소비재,,,,
KR7480030006,,FGSC.30,필수소비재,,,,
KR7480030006,,FGSC.35,의료,,,,
KR7480030006,,FGSC.40,금융,,,,
KR7480030006,,FGSC.45,IT,,,,
KR7480030006,,FGSC.50,통신서비스,,,,
KR7480030006,,FGSC.55,유틸리티,,,,
KR70118Z0002,,FGSC.10,에너지,,,,
KR70118Z0002,,FGSC.15,소재,,,,
KR70118Z0002,,FGSC.20,산업재,,,,
KR70118Z0002,,FGSC.25,경기소비재,,,,
KR70118Z0002,,FGSC.30,필수소비재,,,,
KR70118Z0002,,FGSC.35,의료,,,,
KR70118Z0002,,FGSC.40,금융,,,,
KR70118Z0002,,FGSC.45,IT,,,,
KR70118Z0002,,FGSC.50,통신서비스,,,,
KR70118Z0002,,FGSC.55,유틸리티,,,,
KR7280320003,,FGSC.10,에너지,,,,
KR7280320003,,FGSC.15,소재,,,,
KR7280320003,,FGSC.20,산업재,,,,
KR7280320003,,FGSC.25,경기소비재,,,,
KR7280320003,,FGSC.30,필수소비재,,,,
KR7280320003,,FGSC.35,의료,,,,
KR7280320003,,FGSC.40,금융,,,,
KR7280320003,,FGSC.45,IT,,,,
KR7280320003,,FGSC.50,통신서비스,,,,
KR7280320003,,FGSC.55,유틸리티,,,,
KR7438080004,,FGSC.10,에너지,,,,
KR7438080004,,FGSC.15,소재,,,,
KR7438080004,,FGSC.20,산업재,,,,
KR7438080004,,FGSC.25,경기소비재,,,,
KR7438080004,,FGSC.30,필수소비재,,,,
KR7438080004,,FGSC.35,의료,,,,
KR7438080004,,FGSC.40,금융,,,,
KR7438080004,,FGSC.45,IT,,,,
KR7438080004,,FGSC.50,통신서비스,,,,
KR7438080004,,FGSC.55,유틸리티,,,,
KR7360200000,,FGSC.10,에너지,,,,
KR7360200000,,FGSC.15,소재,,,,
KR7360200000,,FGSC.20,산업재,,,,
KR7360200000,,FGSC.25,경기소비재,,,,
KR7360200000,,FGSC.30,필수소비재,,,,
KR7360200000,,FGSC.35,의료,,,,
KR7360200000,,FGSC.40,금융,,,,
KR7360200000,,FGSC.45,IT,,,,
KR7360200000,,FGSC.50,통신서비스,,,,
KR7360200000,,FGSC.55,유틸리티,,,,
KR70155M0001,,FGSC.10,에너지,,,,
KR70155M0001,,FGSC.15,소재,,,,
KR70155M0001,,FGSC.20,산업재,,,,
KR70155M0001,,FGSC.25,경기소비재,,,,
KR70155M0001,,FGSC.30,필수소비재,,,,
KR70155M0001,,FGSC.35,의료,,,,
KR70155M0001,,FGSC.40,금융,,,,
KR70155M0001,,FGSC.45,IT,,,,
KR70155M0001,,FGSC.50,통신서비스,,,,
KR70155M0001,,FGSC.55,유틸리티,,,,
KR7309230001,,FGSC.10,에너지,,,,
KR7309230001,,FGSC.15,소재,,,,
KR7309230001,,FGSC.20,산업재,,,,
KR7309230001,,FGSC.25,경기소비재,,,,
KR7309230001,,FGSC.30,필수소비재,,,,
KR7309230001,,FGSC.35,의료,,,,
KR7309230001,,FGSC.40,금융,,,,
KR7309230001,,FGSC.45,IT,,,,
KR7309230001,,FGSC.50,통신서비스,,,,
KR7309230001,,FGSC.55,유틸리티,,,,
KR7438100000,,FGSC.10,에너지,,,,
KR7438100000,,FGSC.15,소재,,,,
KR7438100000,,FGSC.20,산업재,,,,
KR7438100000,,FGSC.25,경기소비재,,,,
KR7438100000,,FGSC.30,필수소비재,,,,
KR7438100000,,FGSC.35,의료,,,,
KR7438100000,,FGSC.40,금융,,,,
KR7438100000,,FGSC.45,IT,,,,
KR7438100000,,FGSC.50,통신서비스,,,,
KR7438100000,,FGSC.55,유틸리티,,,,
KR7367380003,,FGSC.10,에너지,,,,
KR7367380003,,FGSC.15,소재,,,,
KR7367380003,,FGSC.20,산업재,,,,
KR7367380003,,FGSC.25,경기소비재,,,,
KR7367380003,,FGSC.30,필수소비재,,,,
KR7367380003,,FGSC.35,의료,,,,
KR7367380003,,FGSC.40,금융,,,,
KR7367380003,,FGSC.45,IT,,,,
KR7367380003,,FGSC.50,통신서비스,,,,
KR7367380003,,FGSC.55,유틸리티,,,,
KR7456880004,,FGSC.10,에너지,,,,
KR7456880004,,FGSC.15,소재,,,,
KR7456880004,,FGSC.20,산업재,,,,
KR7456880004,,FGSC.25,경기소비재,,,,
KR7456880004,,FGSC.30,필수소비재,,,,
KR7456880004,,FGSC.35,의료,,,,
KR7456880004,,FGSC.40,금융,,,,
KR7456880004,,FGSC.45,IT,,,,
KR7456880004,,FGSC.50,통신서비스,,,,
KR7456880004,,FGSC.55,유틸리티,,,,
KR7440650000,,FGSC.10,에너지,,,,
KR7440650000,,FGSC.15,소재,,,,
KR7440650000,,FGSC.20,산업재,,,,
KR7440650000,,FGSC.25,경기소비재,,,,
KR7440650000,,FGSC.30,필수소비재,,,,
KR7440650000,,FGSC.35,의료,,,,
KR7440650000,,FGSC.40,금융,,,,
KR7440650000,,FGSC.45,IT,,,,
KR7440650000,,FGSC.50,통신서비스,,,,
KR7440650000,,FGSC.55,유틸리티,,,,
KR70127M0006,,FGSC.10,에너지,,,,
KR70127M0006,,FGSC.15,소재,,,,
KR70127M0006,,FGSC.20,산업재,,,,
KR70127M0006,,FGSC.25,경기소비재,,,,
KR70127M0006,,FGSC.30,필수소비재,,,,
KR70127M0006,,FGSC.35,의료,,,,
KR70127M0006,,FGSC.40,금융,,,,
KR70127M0006,,FGSC.45,IT,,,,
KR70127M0006,,FGSC.50,통신서비스,,,,
KR70127M0006,,FGSC.55,유틸리티,,,,
KR70127P0003,,FGSC.10,에너지,,,,
KR70127P0003,,FGSC.15,소재,,,,
KR70127P0003,,FGSC.20,산업재,,,,
KR70127P0003,,FGSC.25,경기소비재,,,,
KR70127P0003,,FGSC.30,필수소비재,,,,
KR70127P0003,,FGSC.35,의료,,,,
KR70127P0003,,FGSC.40,금융,,,,
KR70127P0003,,FGSC.45,IT,,,,
KR70127P0003,,FGSC.50,통신서비스,,,,
KR70127P0003,,FGSC.55,유틸리티,,,,
KR7480040005,,FGSC.10,에너지,,,,
KR7480040005,,FGSC.15,소재,,,,
KR7480040005,,FGSC.20,산업재,,,,
KR7480040005,,FGSC.25,경기소비재,,,,
KR7480040005,,FGSC.30,필수소비재,,,,
KR7480040005,,FGSC.35,의료,,,,
KR7480040005,,FGSC.40,금융,,,,
KR7480040005,,FGSC.45,IT,,,,
KR7480040005,,FGSC.50,통신서비스,,,,
KR7480040005,,FGSC.55,유틸리티,,,,
KR7402970008,,FGSC.10,에너지,,,,
KR7402970008,,FGSC.15,소재,,,,
KR7402970008,,FGSC.20,산업재,,,,
KR7402970008,,FGSC.25,경기소비재,,,,
KR7402970008,,FGSC.30,필수소비재,,,,
KR7402970008,,FGSC.35,의료,,,,
KR7402970008,,FGSC.40,금융,,,,
KR7402970008,,FGSC.45,IT,,,,
KR7402970008,,FGSC.50,통신서비스,,,,
KR7402970008,,FGSC.55,유틸리티,,,,
KR70049M0001,,FGSC.10,에너지,,,,
KR70049M0001,,FGSC.15,소재,,,,
KR70049M0001,,FGSC.20,산업재,,,,
KR70049M0001,,FGSC.25,경기소비재,,,,
KR70049M0001,,FGSC.30,필수소비재,,,,
KR70049M0001,,FGSC.35,의료,,,,
KR70049M0001,,FGSC.40,금융,,,,
KR70049M0001,,FGSC.45,IT,,,,
KR70049M0001,,FGSC.50,통신서비스,,,,
KR70049M0001,,FGSC.55,유틸리티,,,,
KR70046Y0000,,FGSC.10,에너지,,,,
KR70046Y0000,,FGSC.15,소재,,,,
KR70046Y0000,,FGSC.20,산업재,,,,
KR70046Y0000,,FGSC.25,경기소비재,,,,
KR70046Y0000,,FGSC.30,필수소비재,,,,
KR70046Y0000,,FGSC.35,의료,,,,
KR70046Y0000,,FGSC.40,금융,,,,
KR70046Y0000,,FGSC.45,IT,,,,
KR70046Y0000,,FGSC.50,통신서비스,,,,
KR70046Y0000,,FGSC.55,유틸리티,,,,
KR70049K0003,,FGSC.10,에너지,,,,
KR70049K0003,,FGSC.15,소재,,,,
KR70049K0003,,FGSC.20,산업재,,,,
KR70049K0003,,FGSC.25,경기소비재,,,,
KR70049K0003,,FGSC.30,필수소비재,,,,
KR70049K0003,,FGSC.35,의료,,,,
KR70049K0003,,FGSC.40,금융,,,,
KR70049K0003,,FGSC.45,IT,,,,
KR70049K0003,,FGSC.50,통신서비스,,,,
KR70049K0003,,FGSC.55,유틸리티,,,,
KR7181480005,,FGSC.10,에너지,,,,
KR7181480005,,FGSC.15,소재,,,,
KR7181480005,,FGSC.20,산업재,,,,
KR7181480005,,FGSC.25,경기소비재,,,,
KR7181480005,,FGSC.30,필수소비재,,,,
KR7181480005,,FGSC.35,의료,,,,
KR7181480005,,FGSC.40,금융,,,,
KR7181480005,,FGSC.45,IT,,,,
KR7181480005,,FGSC.50,통신서비스,,,,
KR7181480005,,FGSC.55,유틸리티,,,,
KR7480020007,,FGSC.10,에너지,,,,
KR7480020007,,FGSC.15,소재,,,,
KR7480020007,,FGSC.20,산업재,,,,
KR7480020007,,FGSC.25,경기소비재,,,,
KR7480020007,,FGSC.30,필수소비재,,,,
KR7480020007,,FGSC.35,의료,,,,
KR7480020007,,FGSC.40,금융,,,,
KR7480020007,,FGSC.45,IT,,,,
KR7480020007,,FGSC.50,통신서비스,,,,
KR7480020007,,FGSC.55,유틸리티,,,,
KR7465610004,,FGSC.10,에너지,,,,
KR7465610004,,FGSC.15,소재,,,,
KR7465610004,,FGSC.20,산업재,,,,
KR7465610004,,FGSC.25,경기소비재,,,,
KR7465610004,,FGSC.30,필수소비재,,,,
KR7465610004,,FGSC.35,의료,,,,
KR7465610004,,FGSC.40,금융,,,,
KR7465610004,,FGSC.45,IT,,,,
KR7465610004,,FGSC.50,통신서비스,,,,
KR7465610004,,FGSC.55,유틸리티,,,,
KR7465620003,,FGSC.10,에너지,,,,
KR7465620003,,FGSC.15,소재,,,,
KR7465620003,,FGSC.20,산업재,,,,
KR7465620003,,FGSC.25,경기소비재,,,,
KR7465620003,,FGSC.30,필수소비재,,,,
KR7465620003,,FGSC.35,의료,,,,
KR7465620003,,FGSC.40,금융,,,,
KR7465620003,,FGSC.45,IT,,,,
KR7465620003,,FGSC.50,통신서비스,,,,
KR7465620003,,FGSC.55,유틸리티,,,,
KR7465580009,,FGSC.10,에너지,,,,
KR7465580009,,FGSC.15,소재,,,,
KR7465580009,,FGSC.20,산업재,,,,
KR7465580009,,FGSC.25,경기소비재,,,,
KR7465580009,,FGSC.30,필수소비재,,,,
KR7465580009,,FGSC.35,의료,,,,
KR7465580009,,FGSC.40,금융,,,,
KR7465580009,,FGSC.45,IT,,,,
KR7465580009,,FGSC.50,통신서비스,,,,
KR7465580009,,FGSC.55,유틸리티,,,,
KR70180V0009,,FGSC.10,에너지,,,,
KR70180V0009,,FGSC.15,소재,,,,
KR70180V0009,,FGSC.20,산업재,,,,
KR70180V0009,,FGSC.25,경기소비재,,,,
KR70180V0009,,FGSC.30,필수소비재,,,,
KR70180V0009,,FGSC.35,의료,,,,
KR70180V0009,,FGSC.40,금융,,,,
KR70180V0009,,FGSC.45,IT,,,,
KR70180V0009,,FGSC.50,통신서비스,,,,
KR70180V0009,,FGSC.55,유틸리티,,,,
KR7473590008,,FGSC.10,에너지,,,,
KR7473590008,,FGSC.15,소재,,,,
KR7473590008,,FGSC.20,산업재,,,,
KR7473590008,,FGSC.25,경기소비재,,,,
KR7473590008,,FGSC.30,필수소비재,,,,
KR7473590008,,FGSC.35,의료,,,,
KR7473590008,,FGSC.40,금융,,,,
KR7473590008,,FGSC.45,IT,,,,
KR7473590008,,FGSC.50,통신서비스,,,,
KR7473590008,,FGSC.55,유틸리티,,,,
KR70008E0000,,FGSC.10,에너지,,,,
KR70008E0000,,FGSC.15,소재,,,,
KR70008E0000,,FGSC.20,산업재,,,,
KR70008E0000,,FGSC.25,경기소비재,,,,
KR70008E0000,,FGSC.30,필수소비재,,,,
KR70008E0000,,FGSC.35,의료,,,,
KR70008E0000,,FGSC.40,금융,,,,
KR70008E0000,,FGSC.45,IT,,,,
KR70008E0000,,FGSC.50,통신서비스,,,,
KR70008E0000,,FGSC.55,유틸리티,,,,
KR7391600004,,FGSC.10,에너지,,,,
KR7391600004,,FGSC.15,소재,,,,
KR7391600004,,FGSC.20,산업재,,,,
KR7391600004,,FGSC.25,경기소비재,,,,
KR7391600004,,FGSC.30,필수소비재,,,,
KR7391600004,,FGSC.35,의료,,,,
KR7391600004,,FGSC.40,금융,,,,
KR7391600004,,FGSC.45,IT,,,,
KR7391600004,,FGSC.50,통신서비스,,,,
KR7391600004,,FGSC.55,유틸리티,,,,
KR7455660001,,FGSC.10,에너지,,,,
KR7455660001,,FGSC.15,소재,,,,
KR7455660001,,FGSC.20,산업재,,,,
KR7455660001,,FGSC.25,경기소비재,,,,
KR7455660001,,FGSC.30,필수소비재,,,,
KR7455660001,,FGSC.35,의료,,,,
KR7455660001,,FGSC.40,금융,,,,
KR7455660001,,FGSC.45,IT,,,,
KR7455660001,,FGSC.50,통신서비스,,,,
KR7455660001,,FGSC.55,유틸리티,,,,
KR7245710009,,FGSC.10,에너지,,,,
KR7245710009,,FGSC.15,소재,,,,
KR7245710009,,FGSC.20,산업재,,,,
KR7245710009,,FGSC.25,경기소비재,,,,
KR7245710009,,FGSC.30,필수소비재,,,,
KR7245710009,,FGSC.35,의료,,,,
KR7245710009,,FGSC.40,금융,,,,
KR7245710009,,FGSC.45,IT,,,,
KR7245710009,,FGSC.50,통신서비스,,,,
KR7245710009,,FGSC.55,유틸리티,,,,
KR7131890006,,FGSC.10,에너지,,,,
KR7131890006,,FGSC.15,소재,,,,
KR7131890006,20260813,FGSC.20,산업재,24.96,13.59,11.37,한국투자ACE삼성그룹주동일가중증권상장지수투자신탁(주식)
KR7131890006,20260813,FGSC.25,경기소비재,11.0515,6.12,4.94,한국투자ACE삼성그룹주동일가중증권상장지수투자신탁(주식)
KR7131890006,,FGSC.30,필수소비재,,,,
KR7131890006,20260813,FGSC.35,의료,11.953,5.15,6.8,한국투자ACE삼성그룹주동일가중증권상장지수투자신탁(주식)
KR7131890006,20260813,FGSC.40,금융,22.9739,7.56,15.41,한국투자ACE삼성그룹주동일가중증권상장지수투자신탁(주식)
KR7131890006,20260813,FGSC.45,IT,29.0615,59.71,-30.65,한국투자ACE삼성그룹주동일가중증권상장지수투자신탁(주식)
KR7131890006,,FGSC.50,통신서비스,,,,
KR7131890006,,FGSC.55,유틸리티,,,,
KR7108450008,,FGSC.10,에너지,,,,
KR7108450008,,FGSC.15,소재,,,,
KR7108450008,20260813,FGSC.20,산업재,32.9527,13.59,19.36,한국투자ACE삼성그룹주SW증권상장지수투자신탁(주식)
KR7108450008,20260813,FGSC.25,경기소비재,1.5296,6.12,-4.59,한국투자ACE삼성그룹주SW증권상장지수투자신탁(주식)
KR7108450008,,FGSC.30,필수소비재,,,,
KR7108450008,20260813,FGSC.35,의료,6.5048,5.15,1.35,한국투자ACE삼성그룹주SW증권상장지수투자신탁(주식)
KR7108450008,20260813,FGSC.40,금융,11.6348,7.56,4.08,한국투자ACE삼성그룹주SW증권상장지수투자신탁(주식)
KR7108450008,20260813,FGSC.45,IT,47.3783,59.71,-12.33,한국투자ACE삼성그룹주SW증권상장지수투자신탁(주식)
KR7108450008,,FGSC.50,통신서비스,,,,
KR7108450008,,FGSC.55,유틸리티,,,,
KR70194M0004,,FGSC.10,에너지,,,,
KR70194M0004,,FGSC.15,소재,,,,
KR70194M0004,,FGSC.20,산업재,,,,
KR70194M0004,,FGSC.25,경기소비재,,,,
KR70194M0004,,FGSC.30,필수소비재,,,,
KR70194M0004,,FGSC.35,의료,,,,
KR70194M0004,,FGSC.40,금융,,,,
KR70194M0004,,FGSC.45,IT,,,,
KR70194M0004,,FGSC.50,통신서비스,,,,
KR70194M0004,,FGSC.55,유틸리티,,,,
KR7226380004,,FGSC.10,에너지,,,,
KR7226380004,,FGSC.15,소재,,,,
KR7226380004,,FGSC.20,산업재,,,,
KR7226380004,20260813,FGSC.25,경기소비재,25.1087,6.12,18.99,한국투자ACE성장소비주도주증권상장지수투자신탁(주식)
KR7226380004,20260813,FGSC.30,필수소비재,41.4926,1.91,39.58,한국투자ACE성장소비주도주증권상장지수투자신탁(주식)
KR7226380004,,FGSC.35,의료,,,,
KR7226380004,,FGSC.40,금융,,,,
KR7226380004,20260813,FGSC.45,IT,33.3987,59.71,-26.31,한국투자ACE성장소비주도주증권상장지수투자신탁(주식)
KR7226380004,,FGSC.50,통신서비스,,,,
KR7226380004,,FGSC.55,유틸리티,,,,
KR7316300003,,FGSC.10,에너지,,,,
KR7316300003,,FGSC.15,소재,,,,
KR7316300003,,FGSC.20,산업재,,,,
KR7316300003,,FGSC.25,경기소비재,,,,
KR7316300003,,FGSC.30,필수소비재,,,,
KR7316300003,,FGSC.35,의료,,,,
KR7316300003,,FGSC.40,금융,,,,
KR7316300003,,FGSC.45,IT,,,,
KR7316300003,,FGSC.50,통신서비스,,,,
KR7316300003,,FGSC.55,유틸리티,,,,
KR7277540001,,FGSC.10,에너지,,,,
KR7277540001,,FGSC.15,소재,,,,
KR7277540001,,FGSC.20,산업재,,,,
KR7277540001,,FGSC.25,경기소비재,,,,
KR7277540001,,FGSC.30,필수소비재,,,,
KR7277540001,,FGSC.35,의료,,,,
KR7277540001,,FGSC.40,금융,,,,
KR7277540001,,FGSC.45,IT,,,,
KR7277540001,,FGSC.50,통신서비스,,,,
KR7277540001,,FGSC.55,유틸리티,,,,
KR7483320008,,FGSC.10,에너지,,,,
KR7483320008,,FGSC.15,소재,,,,
KR7483320008,,FGSC.20,산업재,,,,
KR7483320008,,FGSC.25,경기소비재,,,,
KR7483320008,,FGSC.30,필수소비재,,,,
KR7483320008,,FGSC.35,의료,,,,
KR7483320008,,FGSC.40,금융,,,,
KR7483320008,,FGSC.45,IT,,,,
KR7483320008,,FGSC.50,통신서비스,,,,
KR7483320008,,FGSC.55,유틸리티,,,,
KR7448540005,,FGSC.10,에너지,,,,
KR7448540005,,FGSC.15,소재,,,,
KR7448540005,,FGSC.20,산업재,,,,
KR7448540005,,FGSC.25,경기소비재,,,,
KR7448540005,,FGSC.30,필수소비재,,,,
KR7448540005,,FGSC.35,의료,,,,
KR7448540005,,FGSC.40,금융,,,,
KR7448540005,,FGSC.45,IT,,,,
KR7448540005,,FGSC.50,통신서비스,,,,
KR7448540005,,FGSC.55,유틸리티,,,,
KR70099L0001,,FGSC.10,에너지,,,,
KR70099L0001,,FGSC.15,소재,,,,
KR70099L0001,,FGSC.20,산업재,,,,
KR70099L0001,,FGSC.25,경기소비재,,,,
KR70099L0001,,FGSC.30,필수소비재,,,,
KR70099L0001,,FGSC.35,의료,,,,
KR70099L0001,,FGSC.40,금융,,,,
KR70099L0001,,FGSC.45,IT,,,,
KR70099L0001,,FGSC.50,통신서비스,,,,
KR70099L0001,,FGSC.55,유틸리티,,,,
KR7433500006,20260813,FGSC.10,에너지,15.8727,2,13.87,한국투자ACE원자력TOP10 증권 상장지수투자신탁(주식)
KR7433500006,,FGSC.15,소재,,,,
KR7433500006,20260813,FGSC.20,산업재,77.6366,13.59,64.05,한국투자ACE원자력TOP10 증권 상장지수투자신탁(주식)
KR7433500006,,FGSC.25,경기소비재,,,,
KR7433500006,,FGSC.30,필수소비재,,,,
KR7433500006,,FGSC.35,의료,,,,
KR7433500006,,FGSC.40,금융,,,,
KR7433500006,,FGSC.45,IT,,,,
KR7433500006,,FGSC.50,통신서비스,,,,
KR7433500006,20260813,FGSC.55,유틸리티,6.4906,.5,5.99,한국투자ACE원자력TOP10 증권 상장지수투자신탁(주식)
KR70102X0002,,FGSC.10,에너지,,,,
KR70102X0002,,FGSC.15,소재,,,,
KR70102X0002,,FGSC.20,산업재,,,,
KR70102X0002,,FGSC.25,경기소비재,,,,
KR70102X0002,,FGSC.30,필수소비재,,,,
KR70102X0002,,FGSC.35,의료,,,,
KR70102X0002,,FGSC.40,금융,,,,
KR70102X0002,,FGSC.45,IT,,,,
KR70102X0002,,FGSC.50,통신서비스,,,,
KR70102X0002,,FGSC.55,유틸리티,,,,
KR7487920001,,FGSC.10,에너지,,,,
KR7487920001,,FGSC.15,소재,,,,
KR7487920001,,FGSC.20,산업재,,,,
KR7487920001,,FGSC.25,경기소비재,,,,
KR7487920001,,FGSC.30,필수소비재,,,,
KR7487920001,,FGSC.35,의료,,,,
KR7487920001,,FGSC.40,금융,,,,
KR7487920001,,FGSC.45,IT,,,,
KR7487920001,,FGSC.50,통신서비스,,,,
KR7487920001,,FGSC.55,유틸리티,,,,
KR7487910002,,FGSC.10,에너지,,,,
KR7487910002,,FGSC.15,소재,,,,
KR7487910002,,FGSC.20,산업재,,,,
KR7487910002,,FGSC.25,경기소비재,,,,
KR7487910002,,FGSC.30,필수소비재,,,,
KR7487910002,,FGSC.35,의료,,,,
KR7487910002,,FGSC.40,금융,,,,
KR7487910002,,FGSC.45,IT,,,,
KR7487910002,,FGSC.50,통신서비스,,,,
KR7487910002,,FGSC.55,유틸리티,,,,
KR7145670006,,FGSC.10,에너지,,,,
KR7145670006,,FGSC.15,소재,,,,
KR7145670006,,FGSC.20,산업재,,,,
KR7145670006,,FGSC.25,경기소비재,,,,
KR7145670006,,FGSC.30,필수소비재,,,,
KR7145670006,,FGSC.35,의료,,,,
KR7145670006,,FGSC.40,금융,,,,
KR7145670006,,FGSC.45,IT,,,,
KR7145670006,,FGSC.50,통신서비스,,,,
KR7145670006,,FGSC.55,유틸리티,,,,
KR7497520007,,FGSC.10,에너지,,,,
KR7497520007,,FGSC.15,소재,,,,
KR7497520007,,FGSC.20,산업재,,,,
KR7497520007,,FGSC.25,경기소비재,,,,
KR7497520007,,FGSC.30,필수소비재,,,,
KR7497520007,,FGSC.35,의료,,,,
KR7497520007,,FGSC.40,금융,,,,
KR7497520007,,FGSC.45,IT,,,,
KR7497520007,,FGSC.50,통신서비스,,,,
KR7497520007,,FGSC.55,유틸리티,,,,
KR7196030001,,FGSC.10,에너지,,,,
KR7196030001,,FGSC.15,소재,,,,
KR7196030001,,FGSC.20,산업재,,,,
KR7196030001,,FGSC.25,경기소비재,,,,
KR7196030001,,FGSC.30,필수소비재,,,,
KR7196030001,,FGSC.35,의료,,,,
KR7196030001,,FGSC.40,금융,,,,
KR7196030001,,FGSC.45,IT,,,,
KR7196030001,,FGSC.50,통신서비스,,,,
KR7196030001,,FGSC.55,유틸리티,,,,
KR7238720007,,FGSC.10,에너지,,,,
KR7238720007,,FGSC.15,소재,,,,
KR7238720007,,FGSC.20,산업재,,,,
KR7238720007,,FGSC.25,경기소비재,,,,
KR7238720007,,FGSC.30,필수소비재,,,,
KR7238720007,,FGSC.35,의료,,,,
KR7238720007,,FGSC.40,금융,,,,
KR7238720007,,FGSC.45,IT,,,,
KR7238720007,,FGSC.50,통신서비스,,,,
KR7238720007,,FGSC.55,유틸리티,,,,
KR7469160006,,FGSC.10,에너지,,,,
KR7469160006,,FGSC.15,소재,,,,
KR7469160006,,FGSC.20,산업재,,,,
KR7469160006,,FGSC.25,경기소비재,,,,
KR7469160006,,FGSC.30,필수소비재,,,,
KR7469160006,,FGSC.35,의료,,,,
KR7469160006,,FGSC.40,금융,,,,
KR7469160006,,FGSC.45,IT,,,,
KR7469160006,,FGSC.50,통신서비스,,,,
KR7469160006,,FGSC.55,유틸리티,,,,
KR7205720006,,FGSC.10,에너지,,,,
KR7205720006,,FGSC.15,소재,,,,
KR7205720006,,FGSC.20,산업재,,,,
KR7205720006,,FGSC.25,경기소비재,,,,
KR7205720006,,FGSC.30,필수소비재,,,,
KR7205720006,,FGSC.35,의료,,,,
KR7205720006,,FGSC.40,금융,,,,
KR7205720006,,FGSC.45,IT,,,,
KR7205720006,,FGSC.50,통신서비스,,,,
KR7205720006,,FGSC.55,유틸리티,,,,
KR7356540005,,FGSC.10,에너지,,,,
KR7356540005,,FGSC.15,소재,,,,
KR7356540005,,FGSC.20,산업재,,,,
KR7356540005,,FGSC.25,경기소비재,,,,
KR7356540005,,FGSC.30,필수소비재,,,,
KR7356540005,,FGSC.35,의료,,,,
KR7356540005,,FGSC.40,금융,,,,
KR7356540005,,FGSC.45,IT,,,,
KR7356540005,,FGSC.50,통신서비스,,,,
KR7356540005,,FGSC.55,유틸리티,,,,
KR7447430000,20260813,FGSC.10,에너지,7.7688,2,5.77,한국투자ACE주주환원가치주액티브증권상장지수투자신탁(주식))
KR7447430000,20260813,FGSC.15,소재,10.8057,2.8,8,한국투자ACE주주환원가치주액티브증권상장지수투자신탁(주식))
KR7447430000,20260813,FGSC.20,산업재,19.1701,13.59,5.58,한국투자ACE주주환원가치주액티브증권상장지수투자신탁(주식))
KR7447430000,20260813,FGSC.25,경기소비재,41.6099,6.12,35.49,한국투자ACE주주환원가치주액티브증권상장지수투자신탁(주식))
KR7447430000,20260813,FGSC.30,필수소비재,1.4124,1.91,-.5,한국투자ACE주주환원가치주액티브증권상장지수투자신탁(주식))
KR7447430000,20260813,FGSC.35,의료,.5557,5.15,-4.6,한국투자ACE주주환원가치주액티브증권상장지수투자신탁(주식))
KR7447430000,20260813,FGSC.40,금융,1.0092,7.56,-6.55,한국투자ACE주주환원가치주액티브증권상장지수투자신탁(주식))
KR7447430000,20260813,FGSC.45,IT,17.6681,59.71,-42.04,한국투자ACE주주환원가치주액티브증권상장지수투자신탁(주식))
KR7447430000,,FGSC.50,통신서비스,,,,
KR7447430000,,FGSC.55,유틸리티,,,,
KR7416090009,,FGSC.10,에너지,,,,
KR7416090009,,FGSC.15,소재,,,,
KR7416090009,,FGSC.20,산업재,,,,
KR7416090009,,FGSC.25,경기소비재,,,,
KR7416090009,,FGSC.30,필수소비재,,,,
KR7416090009,,FGSC.35,의료,,,,
KR7416090009,,FGSC.40,금융,,,,
KR7416090009,,FGSC.45,IT,,,,
KR7416090009,,FGSC.50,통신서비스,,,,
KR7416090009,,FGSC.55,유틸리티,,,,
KR7168580009,,FGSC.10,에너지,,,,
KR7168580009,,FGSC.15,소재,,,,
KR7168580009,,FGSC.20,산업재,,,,
KR7168580009,,FGSC.25,경기소비재,,,,
KR7168580009,,FGSC.30,필수소비재,,,,
KR7168580009,,FGSC.35,의료,,,,
KR7168580009,,FGSC.40,금융,,,,
KR7168580009,,FGSC.45,IT,,,,
KR7168580009,,FGSC.50,통신서비스,,,,
KR7168580009,,FGSC.55,유틸리티,,,,
KR7219900008,,FGSC.10,에너지,,,,
KR7219900008,,FGSC.15,소재,,,,
KR7219900008,,FGSC.20,산업재,,,,
KR7219900008,,FGSC.25,경기소비재,,,,
KR7219900008,,FGSC.30,필수소비재,,,,
KR7219900008,,FGSC.35,의료,,,,
KR7219900008,,FGSC.40,금융,,,,
KR7219900008,,FGSC.45,IT,,,,
KR7219900008,,FGSC.50,통신서비스,,,,
KR7219900008,,FGSC.55,유틸리티,,,,
KR7272910001,,FGSC.10,에너지,,,,
KR7272910001,,FGSC.15,소재,,,,
KR7272910001,,FGSC.20,산업재,,,,
KR7272910001,,FGSC.25,경기소비재,,,,
KR7272910001,,FGSC.30,필수소비재,,,,
KR7272910001,,FGSC.35,의료,,,,
KR7272910001,,FGSC.40,금융,,,,
KR7272910001,,FGSC.45,IT,,,,
KR7272910001,,FGSC.50,통신서비스,,,,
KR7272910001,,FGSC.55,유틸리티,,,,
KR70087F0003,,FGSC.10,에너지,,,,
KR70087F0003,,FGSC.15,소재,,,,
KR70087F0003,,FGSC.20,산업재,,,,
KR70087F0003,,FGSC.25,경기소비재,,,,
KR70087F0003,,FGSC.30,필수소비재,,,,
KR70087F0003,,FGSC.35,의료,,,,
KR70087F0003,,FGSC.40,금융,,,,
KR70087F0003,,FGSC.45,IT,,,,
KR70087F0003,,FGSC.50,통신서비스,,,,
KR70087F0003,,FGSC.55,유틸리티,,,,
KR7371870007,,FGSC.10,에너지,,,,
KR7371870007,,FGSC.15,소재,,,,
KR7371870007,,FGSC.20,산업재,,,,
KR7371870007,,FGSC.25,경기소비재,,,,
KR7371870007,,FGSC.30,필수소비재,,,,
KR7371870007,,FGSC.35,의료,,,,
KR7371870007,,FGSC.40,금융,,,,
KR7371870007,,FGSC.45,IT,,,,
KR7371870007,,FGSC.50,통신서비스,,,,
KR7371870007,,FGSC.55,유틸리티,,,,
KR70209Z0002,20260813,FGSC.10,에너지,7.5641,2,5.56,한국투자ACE코리아AI전력TOP10증권상장지수투자신탁(주식)
KR70209Z0002,,FGSC.15,소재,,,,
KR70209Z0002,20260813,FGSC.20,산업재,88.4014,13.59,74.81,한국투자ACE코리아AI전력TOP10증권상장지수투자신탁(주식)
KR70209Z0002,,FGSC.25,경기소비재,,,,
KR70209Z0002,,FGSC.30,필수소비재,,,,
KR70209Z0002,,FGSC.35,의료,,,,
KR70209Z0002,,FGSC.40,금융,,,,
KR70209Z0002,20260813,FGSC.45,IT,4.0344,59.71,-55.68,한국투자ACE코리아AI전력TOP10증권상장지수투자신탁(주식)
KR70209Z0002,,FGSC.50,통신서비스,,,,
KR70209Z0002,,FGSC.55,유틸리티,,,,
KR7380340000,,FGSC.10,에너지,,,,
KR7380340000,,FGSC.15,소재,,,,
KR7380340000,,FGSC.20,산업재,,,,
KR7380340000,,FGSC.25,경기소비재,,,,
KR7380340000,,FGSC.30,필수소비재,,,,
KR7380340000,,FGSC.35,의료,,,,
KR7380340000,,FGSC.40,금융,,,,
KR7380340000,20260813,FGSC.45,IT,100.0001,59.71,40.29,한국투자ACE코리아AI테크핵심산업증권상장지수투자신탁(주식)
KR7380340000,,FGSC.50,통신서비스,,,,
KR7380340000,,FGSC.55,유틸리티,,,,
KR7496120007,20260813,FGSC.10,에너지,.2266,2,-1.78,한국투자ACE코리아밸류업증권상장지수투자신탁(주식)
KR7496120007,20260813,FGSC.15,소재,.3716,2.8,-2.43,한국투자ACE코리아밸류업증권상장지수투자신탁(주식)
KR7496120007,20260813,FGSC.20,산업재,15.6299,13.59,2.04,한국투자ACE코리아밸류업증권상장지수투자신탁(주식)
KR7496120007,20260813,FGSC.25,경기소비재,11.4965,6.12,5.38,한국투자ACE코리아밸류업증권상장지수투자신탁(주식)
KR7496120007,20260813,FGSC.30,필수소비재,3.5605,1.91,1.65,한국투자ACE코리아밸류업증권상장지수투자신탁(주식)
KR7496120007,20260813,FGSC.35,의료,.9368,5.15,-4.22,한국투자ACE코리아밸류업증권상장지수투자신탁(주식)
KR7496120007,20260813,FGSC.40,금융,18.8175,7.56,11.26,한국투자ACE코리아밸류업증권상장지수투자신탁(주식)
KR7496120007,20260813,FGSC.45,IT,46.7139,59.71,-13,한국투자ACE코리아밸류업증권상장지수투자신탁(주식)
KR7496120007,20260813,FGSC.50,통신서비스,2.1408,.66,1.48,한국투자ACE코리아밸류업증권상장지수투자신탁(주식)
KR7496120007,20260813,FGSC.55,유틸리티,.1062,.5,-.39,한국투자ACE코리아밸류업증권상장지수투자신탁(주식)
KR7354500001,20260813,FGSC.10,에너지,.6736,2,-1.33,한국투자ACE코스닥150증권상장지수투자신탁(주식)
KR7354500001,20260813,FGSC.15,소재,1.4219,2.8,-1.38,한국투자ACE코스닥150증권상장지수투자신탁(주식)
KR7354500001,20260813,FGSC.20,산업재,10.6359,13.59,-2.95,한국투자ACE코스닥150증권상장지수투자신탁(주식)
KR7354500001,20260813,FGSC.25,경기소비재,4.4474,6.12,-1.67,한국투자ACE코스닥150증권상장지수투자신탁(주식)
KR7354500001,20260813,FGSC.30,필수소비재,1.9175,1.91,.01,한국투자ACE코스닥150증권상장지수투자신탁(주식)
KR7354500001,20260813,FGSC.35,의료,33.0286,5.15,27.87,한국투자ACE코스닥150증권상장지수투자신탁(주식)
KR7354500001,20260813,FGSC.40,금융,.6197,7.56,-6.94,한국투자ACE코스닥150증권상장지수투자신탁(주식)
KR7354500001,20260813,FGSC.45,IT,47.2556,59.71,-12.45,한국투자ACE코스닥150증권상장지수투자신탁(주식)
KR7354500001,,FGSC.50,통신서비스,,,,
KR7354500001,,FGSC.55,유틸리티,,,,
KR7305050007,20260813,FGSC.10,에너지,2.1374,2,.14,한국투자ACE코스피증권상장지수투자신탁(주식)
KR7305050007,20260813,FGSC.15,소재,2.919,2.8,.12,한국투자ACE코스피증권상장지수투자신탁(주식)
KR7305050007,20260813,FGSC.20,산업재,13.9021,13.59,.31,한국투자ACE코스피증권상장지수투자신탁(주식)
KR7305050007,20260813,FGSC.25,경기소비재,6.2054,6.12,.09,한국투자ACE코스피증권상장지수투자신탁(주식)
KR7305050007,20260813,FGSC.30,필수소비재,1.8716,1.91,-.04,한국투자ACE코스피증권상장지수투자신탁(주식)
KR7305050007,20260813,FGSC.35,의료,3.3275,5.15,-1.83,한국투자ACE코스피증권상장지수투자신탁(주식)
KR7305050007,20260813,FGSC.40,금융,8.1213,7.56,.56,한국투자ACE코스피증권상장지수투자신탁(주식)
KR7305050007,20260813,FGSC.45,IT,60.1831,59.71,.47,한국투자ACE코스피증권상장지수투자신탁(주식)
KR7305050007,20260813,FGSC.50,통신서비스,.7397,.66,.08,한국투자ACE코스피증권상장지수투자신탁(주식)
KR7305050007,20260813,FGSC.55,유틸리티,.5933,.5,.1,한국투자ACE코스피증권상장지수투자신탁(주식)
KR7457480002,,FGSC.10,에너지,,,,
KR7457480002,,FGSC.15,소재,,,,
KR7457480002,,FGSC.20,산업재,,,,
KR7457480002,,FGSC.25,경기소비재,,,,
KR7457480002,,FGSC.30,필수소비재,,,,
KR7457480002,,FGSC.35,의료,,,,
KR7457480002,,FGSC.40,금융,,,,
KR7457480002,,FGSC.45,IT,,,,
KR7457480002,,FGSC.50,통신서비스,,,,
KR7457480002,,FGSC.55,유틸리티,,,,
KR7469170005,,FGSC.10,에너지,,,,
KR7469170005,20260813,FGSC.15,소재,55.6466,2.8,52.85,한국투자ACE포스코그룹포커스증권상장지수투자신탁(주식)
KR7469170005,20260813,FGSC.20,산업재,29.7151,13.59,16.13,한국투자ACE포스코그룹포커스증권상장지수투자신탁(주식)
KR7469170005,,FGSC.25,경기소비재,,,,
KR7469170005,,FGSC.30,필수소비재,,,,
KR7469170005,,FGSC.35,의료,,,,
KR7469170005,,FGSC.40,금융,,,,
KR7469170005,20260813,FGSC.45,IT,14.6383,59.71,-45.07,한국투자ACE포스코그룹포커스증권상장지수투자신탁(주식)
KR7469170005,,FGSC.50,통신서비스,,,,
KR7469170005,,FGSC.55,유틸리티,,,,
KR7491220000,20260813,FGSC.10,에너지,1.3537,2,-.65,한화 PLUS 200 Total Return 증권상장지수투자신탁(주식)
KR7491220000,20260813,FGSC.15,소재,2.1006,2.8,-.7,한화 PLUS 200 Total Return 증권상장지수투자신탁(주식)
KR7491220000,20260813,FGSC.20,산업재,10.7568,13.59,-2.83,한화 PLUS 200 Total Return 증권상장지수투자신탁(주식)
KR7491220000,20260813,FGSC.25,경기소비재,5.2723,6.12,-.84,한화 PLUS 200 Total Return 증권상장지수투자신탁(주식)
KR7491220000,20260813,FGSC.30,필수소비재,1.565,1.91,-.34,한화 PLUS 200 Total Return 증권상장지수투자신탁(주식)
KR7491220000,20260813,FGSC.35,의료,1.939,5.15,-3.22,한화 PLUS 200 Total Return 증권상장지수투자신탁(주식)
KR7491220000,20260813,FGSC.40,금융,7.7649,7.56,.21,한화 PLUS 200 Total Return 증권상장지수투자신탁(주식)
KR7491220000,20260813,FGSC.45,IT,68.0199,59.71,8.31,한화 PLUS 200 Total Return 증권상장지수투자신탁(주식)
KR7491220000,20260813,FGSC.50,통신서비스,.8297,.66,.17,한화 PLUS 200 Total Return 증권상장지수투자신탁(주식)
KR7491220000,20260813,FGSC.55,유틸리티,.3979,.5,-.1,한화 PLUS 200 Total Return 증권상장지수투자신탁(주식)
KR7152100004,20260813,FGSC.10,에너지,1.3544,2,-.65,한화 PLUS 200증권상장지수투자신탁(주식)
KR7152100004,20260813,FGSC.15,소재,2.0923,2.8,-.71,한화 PLUS 200증권상장지수투자신탁(주식)
KR7152100004,20260813,FGSC.20,산업재,10.7323,13.59,-2.86,한화 PLUS 200증권상장지수투자신탁(주식)
KR7152100004,20260813,FGSC.25,경기소비재,5.262,6.12,-.85,한화 PLUS 200증권상장지수투자신탁(주식)
KR7152100004,20260813,FGSC.30,필수소비재,1.5656,1.91,-.34,한화 PLUS 200증권상장지수투자신탁(주식)
KR7152100004,20260813,FGSC.35,의료,1.9258,5.15,-3.23,한화 PLUS 200증권상장지수투자신탁(주식)
KR7152100004,20260813,FGSC.40,금융,7.7703,7.56,.21,한화 PLUS 200증권상장지수투자신탁(주식)
KR7152100004,20260813,FGSC.45,IT,68.0707,59.71,8.36,한화 PLUS 200증권상장지수투자신탁(주식)
KR7152100004,20260813,FGSC.50,통신서비스,.8287,.66,.17,한화 PLUS 200증권상장지수투자신탁(주식)
KR7152100004,20260813,FGSC.55,유틸리티,.3977,.5,-.1,한화 PLUS 200증권상장지수투자신탁(주식)
KR7253150007,,FGSC.10,에너지,,,,
KR7253150007,,FGSC.15,소재,,,,
KR7253150007,,FGSC.20,산업재,,,,
KR7253150007,,FGSC.25,경기소비재,,,,
KR7253150007,,FGSC.30,필수소비재,,,,
KR7253150007,,FGSC.35,의료,,,,
KR7253150007,,FGSC.40,금융,,,,
KR7253150007,,FGSC.45,IT,,,,
KR7253150007,,FGSC.50,통신서비스,,,,
KR7253150007,,FGSC.55,유틸리티,,,,
KR7253160006,,FGSC.10,에너지,,,,
KR7253160006,,FGSC.15,소재,,,,
KR7253160006,,FGSC.20,산업재,,,,
KR7253160006,,FGSC.25,경기소비재,,,,
KR7253160006,,FGSC.30,필수소비재,,,,
KR7253160006,,FGSC.35,의료,,,,
KR7253160006,,FGSC.40,금융,,,,
KR7253160006,,FGSC.45,IT,,,,
KR7253160006,,FGSC.50,통신서비스,,,,
KR7253160006,,FGSC.55,유틸리티,,,,
KR70203D0004,20260813,FGSC.10,에너지,1.3849,2,-.62,한화 PLUS 200위클리커버드콜채권혼합증권상장지수투자신탁(채권혼합-파생형)
KR70203D0004,20260813,FGSC.15,소재,2.1104,2.8,-.69,한화 PLUS 200위클리커버드콜채권혼합증권상장지수투자신탁(채권혼합-파생형)
KR70203D0004,20260813,FGSC.20,산업재,10.9415,13.59,-2.65,한화 PLUS 200위클리커버드콜채권혼합증권상장지수투자신탁(채권혼합-파생형)
KR70203D0004,20260813,FGSC.25,경기소비재,5.2953,6.12,-.82,한화 PLUS 200위클리커버드콜채권혼합증권상장지수투자신탁(채권혼합-파생형)
KR70203D0004,20260813,FGSC.30,필수소비재,1.5863,1.91,-.32,한화 PLUS 200위클리커버드콜채권혼합증권상장지수투자신탁(채권혼합-파생형)
KR70203D0004,20260813,FGSC.35,의료,1.9231,5.15,-3.23,한화 PLUS 200위클리커버드콜채권혼합증권상장지수투자신탁(채권혼합-파생형)
KR70203D0004,20260813,FGSC.40,금융,7.7355,7.56,.18,한화 PLUS 200위클리커버드콜채권혼합증권상장지수투자신탁(채권혼합-파생형)
KR70203D0004,20260813,FGSC.45,IT,67.8028,59.71,8.09,한화 PLUS 200위클리커버드콜채권혼합증권상장지수투자신탁(채권혼합-파생형)
KR70203D0004,20260813,FGSC.50,통신서비스,.8259,.66,.16,한화 PLUS 200위클리커버드콜채권혼합증권상장지수투자신탁(채권혼합-파생형)
KR70203D0004,20260813,FGSC.55,유틸리티,.3939,.5,-.1,한화 PLUS 200위클리커버드콜채권혼합증권상장지수투자신탁(채권혼합-파생형)
KR70210E0004,20260813,FGSC.10,에너지,1.3201,2,-.68,한화 PLUS 200커버드콜액티브증권상장지수투자신탁(주식-파생형)
KR70210E0004,20260813,FGSC.15,소재,2.1528,2.8,-.65,한화 PLUS 200커버드콜액티브증권상장지수투자신탁(주식-파생형)
KR70210E0004,20260813,FGSC.20,산업재,10.8227,13.59,-2.77,한화 PLUS 200커버드콜액티브증권상장지수투자신탁(주식-파생형)
KR70210E0004,20260813,FGSC.25,경기소비재,5.2152,6.12,-.9,한화 PLUS 200커버드콜액티브증권상장지수투자신탁(주식-파생형)
KR70210E0004,20260813,FGSC.30,필수소비재,1.6482,1.91,-.26,한화 PLUS 200커버드콜액티브증권상장지수투자신탁(주식-파생형)
KR70210E0004,20260813,FGSC.35,의료,1.8672,5.15,-3.29,한화 PLUS 200커버드콜액티브증권상장지수투자신탁(주식-파생형)
KR70210E0004,20260813,FGSC.40,금융,7.6979,7.56,.14,한화 PLUS 200커버드콜액티브증권상장지수투자신탁(주식-파생형)
KR70210E0004,20260813,FGSC.45,IT,68.0483,59.71,8.34,한화 PLUS 200커버드콜액티브증권상장지수투자신탁(주식-파생형)
KR70210E0004,20260813,FGSC.50,통신서비스,.8345,.66,.17,한화 PLUS 200커버드콜액티브증권상장지수투자신탁(주식-파생형)
KR70210E0004,20260813,FGSC.55,유틸리티,.3932,.5,-.1,한화 PLUS 200커버드콜액티브증권상장지수투자신탁(주식-파생형)
KR7395750003,20260813,FGSC.10,에너지,2.6906,2,.69,한화 PLUS ESG가치주액티브증권상장지수투자신탁(주식)
KR7395750003,20260813,FGSC.15,소재,3.9801,2.8,1.18,한화 PLUS ESG가치주액티브증권상장지수투자신탁(주식)
KR7395750003,20260813,FGSC.20,산업재,14.6482,13.59,1.06,한화 PLUS ESG가치주액티브증권상장지수투자신탁(주식)
KR7395750003,20260813,FGSC.25,경기소비재,8.7587,6.12,2.64,한화 PLUS ESG가치주액티브증권상장지수투자신탁(주식)
KR7395750003,20260813,FGSC.30,필수소비재,1.97,1.91,.06,한화 PLUS ESG가치주액티브증권상장지수투자신탁(주식)
KR7395750003,20260813,FGSC.35,의료,2.5993,5.15,-2.55,한화 PLUS ESG가치주액티브증권상장지수투자신탁(주식)
KR7395750003,20260813,FGSC.40,금융,10.1258,7.56,2.57,한화 PLUS ESG가치주액티브증권상장지수투자신탁(주식)
KR7395750003,20260813,FGSC.45,IT,54.499,59.71,-5.21,한화 PLUS ESG가치주액티브증권상장지수투자신탁(주식)
KR7395750003,20260813,FGSC.50,통신서비스,.4595,.66,-.2,한화 PLUS ESG가치주액티브증권상장지수투자신탁(주식)
KR7395750003,20260813,FGSC.55,유틸리티,.2694,.5,-.23,한화 PLUS ESG가치주액티브증권상장지수투자신탁(주식)
KR7395760002,20260813,FGSC.10,에너지,2.522,2,.52,한화 PLUS ESG성장주액티브증권상장지수투자신탁(주식)
KR7395760002,20260813,FGSC.15,소재,.9877,2.8,-1.81,한화 PLUS ESG성장주액티브증권상장지수투자신탁(주식)
KR7395760002,20260813,FGSC.20,산업재,14.2521,13.59,.66,한화 PLUS ESG성장주액티브증권상장지수투자신탁(주식)
KR7395760002,20260813,FGSC.25,경기소비재,4.5181,6.12,-1.6,한화 PLUS ESG성장주액티브증권상장지수투자신탁(주식)
KR7395760002,20260813,FGSC.30,필수소비재,4.7778,1.91,2.87,한화 PLUS ESG성장주액티브증권상장지수투자신탁(주식)
KR7395760002,20260813,FGSC.35,의료,6.1392,5.15,.98,한화 PLUS ESG성장주액티브증권상장지수투자신탁(주식)
KR7395760002,20260813,FGSC.40,금융,4.3685,7.56,-3.19,한화 PLUS ESG성장주액티브증권상장지수투자신탁(주식)
KR7395760002,20260813,FGSC.45,IT,61.6753,59.71,1.96,한화 PLUS ESG성장주액티브증권상장지수투자신탁(주식)
KR7395760002,20260813,FGSC.50,통신서비스,.2388,.66,-.42,한화 PLUS ESG성장주액티브증권상장지수투자신탁(주식)
KR7395760002,20260813,FGSC.55,유틸리티,.5204,.5,.02,한화 PLUS ESG성장주액티브증권상장지수투자신탁(주식)
KR7453010001,,FGSC.10,에너지,,,,
KR7453010001,,FGSC.15,소재,,,,
KR7453010001,,FGSC.20,산업재,,,,
KR7453010001,,FGSC.25,경기소비재,,,,
KR7453010001,,FGSC.30,필수소비재,,,,
KR7453010001,,FGSC.35,의료,,,,
KR7453010001,,FGSC.40,금융,,,,
KR7453010001,,FGSC.45,IT,,,,
KR7453010001,,FGSC.50,통신서비스,,,,
KR7453010001,,FGSC.55,유틸리티,,,,
KR7227830007,20260813,FGSC.10,에너지,2.1242,2,.12,한화 PLUS 코스피증권상장지수투자신탁(주식)
KR7227830007,20260813,FGSC.15,소재,2.8314,2.8,.03,한화 PLUS 코스피증권상장지수투자신탁(주식)
KR7227830007,20260813,FGSC.20,산업재,13.932,13.59,.34,한화 PLUS 코스피증권상장지수투자신탁(주식)
KR7227830007,20260813,FGSC.25,경기소비재,6.1974,6.12,.08,한화 PLUS 코스피증권상장지수투자신탁(주식)
KR7227830007,20260813,FGSC.30,필수소비재,1.8896,1.91,-.02,한화 PLUS 코스피증권상장지수투자신탁(주식)
KR7227830007,20260813,FGSC.35,의료,3.3207,5.15,-1.83,한화 PLUS 코스피증권상장지수투자신탁(주식)
KR7227830007,20260813,FGSC.40,금융,8.4328,7.56,.87,한화 PLUS 코스피증권상장지수투자신탁(주식)
KR7227830007,20260813,FGSC.45,IT,59.9453,59.71,.23,한화 PLUS 코스피증권상장지수투자신탁(주식)
KR7227830007,20260813,FGSC.50,통신서비스,.7386,.66,.08,한화 PLUS 코스피증권상장지수투자신탁(주식)
KR7227830007,20260813,FGSC.55,유틸리티,.5881,.5,.09,한화 PLUS 코스피증권상장지수투자신탁(주식)
KR7122090004,20260813,FGSC.10,에너지,1.0381,2,-.96,한화 PLUS 코스피50증권상장지수투자신탁(주식)
KR7122090004,20260813,FGSC.15,소재,1.7844,2.8,-1.02,한화 PLUS 코스피50증권상장지수투자신탁(주식)
KR7122090004,20260813,FGSC.20,산업재,7.9449,13.59,-5.64,한화 PLUS 코스피50증권상장지수투자신탁(주식)
KR7122090004,20260813,FGSC.25,경기소비재,5.2993,6.12,-.82,한화 PLUS 코스피50증권상장지수투자신탁(주식)
KR7122090004,20260813,FGSC.30,필수소비재,.574,1.91,-1.33,한화 PLUS 코스피50증권상장지수투자신탁(주식)
KR7122090004,20260813,FGSC.35,의료,1.8398,5.15,-3.31,한화 PLUS 코스피50증권상장지수투자신탁(주식)
KR7122090004,20260813,FGSC.40,금융,7.8008,7.56,.24,한화 PLUS 코스피50증권상장지수투자신탁(주식)
KR7122090004,20260813,FGSC.45,IT,72.4174,59.71,12.71,한화 PLUS 코스피50증권상장지수투자신탁(주식)
KR7122090004,20260813,FGSC.50,통신서비스,.8941,.66,.23,한화 PLUS 코스피50증권상장지수투자신탁(주식)
KR7122090004,20260813,FGSC.55,유틸리티,.4068,.5,-.09,한화 PLUS 코스피50증권상장지수투자신탁(주식)
KR7429740004,,FGSC.10,에너지,,,,
KR7429740004,,FGSC.15,소재,,,,
KR7429740004,,FGSC.20,산업재,,,,
KR7429740004,,FGSC.25,경기소비재,,,,
KR7429740004,,FGSC.30,필수소비재,,,,
KR7429740004,,FGSC.35,의료,,,,
KR7429740004,20260813,FGSC.40,금융,100,7.56,92.44,한화 PLUS K리츠부동산상장지수투자신탁(재간접형)
KR7429740004,,FGSC.45,IT,,,,
KR7429740004,,FGSC.50,통신서비스,,,,
KR7429740004,,FGSC.55,유틸리티,,,,
KR70104G0001,,FGSC.10,에너지,,,,
KR70104G0001,,FGSC.15,소재,,,,
KR70104G0001,,FGSC.20,산업재,,,,
KR70104G0001,,FGSC.25,경기소비재,,,,
KR70104G0001,,FGSC.30,필수소비재,,,,
KR70104G0001,,FGSC.35,의료,,,,
KR70104G0001,,FGSC.40,금융,,,,
KR70104G0001,,FGSC.45,IT,,,,
KR70104G0001,,FGSC.50,통신서비스,,,,
KR70104G0001,,FGSC.55,유틸리티,,,,
KR70090B0002,,FGSC.10,에너지,,,,
KR70090B0002,20260813,FGSC.15,소재,5.0443,2.8,2.24,한화 PLUS K방산소부장증권상장지수투자신탁(주식)
KR70090B0002,20260813,FGSC.20,산업재,71.0599,13.59,57.47,한화 PLUS K방산소부장증권상장지수투자신탁(주식)
KR70090B0002,20260813,FGSC.25,경기소비재,16.0107,6.12,9.9,한화 PLUS K방산소부장증권상장지수투자신탁(주식)
KR70090B0002,,FGSC.30,필수소비재,,,,
KR70090B0002,,FGSC.35,의료,,,,
KR70090B0002,,FGSC.40,금융,,,,
KR70090B0002,20260813,FGSC.45,IT,7.885,59.71,-51.83,한화 PLUS K방산소부장증권상장지수투자신탁(주식)
KR70090B0002,,FGSC.50,통신서비스,,,,
KR70090B0002,,FGSC.55,유틸리티,,,,
KR7449450006,,FGSC.10,에너지,,,,
KR7449450006,20260813,FGSC.15,소재,2.1232,2.8,-.68,한화 PLUS K방산증권상장지수투자신탁(주식)
KR7449450006,20260813,FGSC.20,산업재,97.4108,13.59,83.82,한화 PLUS K방산증권상장지수투자신탁(주식)
KR7449450006,20260813,FGSC.25,경기소비재,.466,6.12,-5.65,한화 PLUS K방산증권상장지수투자신탁(주식)
KR7449450006,,FGSC.30,필수소비재,,,,
KR7449450006,,FGSC.35,의료,,,,
KR7449450006,,FGSC.40,금융,,,,
KR7449450006,,FGSC.45,IT,,,,
KR7449450006,,FGSC.50,통신서비스,,,,
KR7449450006,,FGSC.55,유틸리티,,,,
KR70166S0002,20260813,FGSC.10,에너지,.3605,2,-1.64,한화 PLUS K제조업핵심기업액티브증권상장지수투자신탁(주식)
KR70166S0002,,FGSC.15,소재,,,,
KR70166S0002,20260813,FGSC.20,산업재,23.8843,13.59,10.3,한화 PLUS K제조업핵심기업액티브증권상장지수투자신탁(주식)
KR70166S0002,20260813,FGSC.25,경기소비재,1.6545,6.12,-4.46,한화 PLUS K제조업핵심기업액티브증권상장지수투자신탁(주식)
KR70166S0002,,FGSC.30,필수소비재,,,,
KR70166S0002,,FGSC.35,의료,,,,
KR70166S0002,,FGSC.40,금융,,,,
KR70166S0002,20260813,FGSC.45,IT,74.1009,59.71,14.39,한화 PLUS K제조업핵심기업액티브증권상장지수투자신탁(주식)
KR70166S0002,,FGSC.50,통신서비스,,,,
KR70166S0002,,FGSC.55,유틸리티,,,,
KR7269540001,,FGSC.10,에너지,,,,
KR7269540001,,FGSC.15,소재,,,,
KR7269540001,,FGSC.20,산업재,,,,
KR7269540001,,FGSC.25,경기소비재,,,,
KR7269540001,,FGSC.30,필수소비재,,,,
KR7269540001,,FGSC.35,의료,,,,
KR7269540001,,FGSC.40,금융,,,,
KR7269540001,,FGSC.45,IT,,,,
KR7269540001,,FGSC.50,통신서비스,,,,
KR7269540001,,FGSC.55,유틸리티,,,,
KR7269530002,,FGSC.10,에너지,,,,
KR7269530002,,FGSC.15,소재,,,,
KR7269530002,,FGSC.20,산업재,,,,
KR7269530002,,FGSC.25,경기소비재,,,,
KR7269530002,,FGSC.30,필수소비재,,,,
KR7269530002,,FGSC.35,의료,,,,
KR7269530002,,FGSC.40,금융,,,,
KR7269530002,,FGSC.45,IT,,,,
KR7269530002,,FGSC.50,통신서비스,,,,
KR7269530002,,FGSC.55,유틸리티,,,,
KR70226A0000,,FGSC.10,에너지,,,,
KR70226A0000,,FGSC.15,소재,,,,
KR70226A0000,,FGSC.20,산업재,,,,
KR70226A0000,,FGSC.25,경기소비재,,,,
KR70226A0000,,FGSC.30,필수소비재,,,,
KR70226A0000,,FGSC.35,의료,,,,
KR70226A0000,,FGSC.40,금융,,,,
KR70226A0000,,FGSC.45,IT,,,,
KR70226A0000,,FGSC.50,통신서비스,,,,
KR70226A0000,,FGSC.55,유틸리티,,,,
KR7251590006,,FGSC.10,에너지,,,,
KR7251590006,20260813,FGSC.15,소재,14.8466,2.8,12.05,한화 PLUS 고배당저변동50증권상장지수투자신탁(주식)
KR7251590006,20260813,FGSC.20,산업재,14.5964,13.59,1.01,한화 PLUS 고배당저변동50증권상장지수투자신탁(주식)
KR7251590006,20260813,FGSC.25,경기소비재,18.5556,6.12,12.44,한화 PLUS 고배당저변동50증권상장지수투자신탁(주식)
KR7251590006,20260813,FGSC.30,필수소비재,17.3549,1.91,15.45,한화 PLUS 고배당저변동50증권상장지수투자신탁(주식)
KR7251590006,20260813,FGSC.35,의료,2.8195,5.15,-2.33,한화 PLUS 고배당저변동50증권상장지수투자신탁(주식)
KR7251590006,20260813,FGSC.40,금융,20.6039,7.56,13.04,한화 PLUS 고배당저변동50증권상장지수투자신탁(주식)
KR7251590006,20260813,FGSC.45,IT,3.6361,59.71,-56.07,한화 PLUS 고배당저변동50증권상장지수투자신탁(주식)
KR7251590006,20260813,FGSC.50,통신서비스,5.136,.66,4.47,한화 PLUS 고배당저변동50증권상장지수투자신탁(주식)
KR7251590006,20260813,FGSC.55,유틸리티,2.4512,.5,1.95,한화 PLUS 고배당저변동50증권상장지수투자신탁(주식)
KR7161510003,20260813,FGSC.10,에너지,4.9252,2,2.92,한화 PLUS 고배당주증권상장지수투자신탁(주식)
KR7161510003,20260813,FGSC.15,소재,1.2696,2.8,-1.53,한화 PLUS 고배당주증권상장지수투자신탁(주식)
KR7161510003,20260813,FGSC.20,산업재,10.7288,13.59,-2.86,한화 PLUS 고배당주증권상장지수투자신탁(주식)
KR7161510003,20260813,FGSC.25,경기소비재,13.6684,6.12,7.55,한화 PLUS 고배당주증권상장지수투자신탁(주식)
KR7161510003,20260813,FGSC.30,필수소비재,2.9154,1.91,1.01,한화 PLUS 고배당주증권상장지수투자신탁(주식)
KR7161510003,,FGSC.35,의료,,,,
KR7161510003,20260813,FGSC.40,금융,55.4563,7.56,47.9,한화 PLUS 고배당주증권상장지수투자신탁(주식)
KR7161510003,,FGSC.45,IT,,,,
KR7161510003,20260813,FGSC.50,통신서비스,9.1601,.66,8.5,한화 PLUS 고배당주증권상장지수투자신탁(주식)
KR7161510003,20260813,FGSC.55,유틸리티,1.8761,.5,1.38,한화 PLUS 고배당주증권상장지수투자신탁(주식)
KR70018C0000,20260813,FGSC.10,에너지,4.9336,2,2.93,한화 PLUS 고배당주위클리고정커버드콜증권상장지수투자신탁(주식-파생형)
KR70018C0000,20260813,FGSC.15,소재,1.2712,2.8,-1.53,한화 PLUS 고배당주위클리고정커버드콜증권상장지수투자신탁(주식-파생형)
KR70018C0000,20260813,FGSC.20,산업재,10.7046,13.59,-2.88,한화 PLUS 고배당주위클리고정커버드콜증권상장지수투자신탁(주식-파생형)
KR70018C0000,20260813,FGSC.25,경기소비재,13.6737,6.12,7.56,한화 PLUS 고배당주위클리고정커버드콜증권상장지수투자신탁(주식-파생형)
KR70018C0000,20260813,FGSC.30,필수소비재,2.9242,1.91,1.02,한화 PLUS 고배당주위클리고정커버드콜증권상장지수투자신탁(주식-파생형)
KR70018C0000,,FGSC.35,의료,,,,
KR70018C0000,20260813,FGSC.40,금융,55.4529,7.56,47.89,한화 PLUS 고배당주위클리고정커버드콜증권상장지수투자신탁(주식-파생형)
KR70018C0000,,FGSC.45,IT,,,,
KR70018C0000,20260813,FGSC.50,통신서비스,9.1611,.66,8.5,한화 PLUS 고배당주위클리고정커버드콜증권상장지수투자신탁(주식-파생형)
KR70018C0000,20260813,FGSC.55,유틸리티,1.8787,.5,1.38,한화 PLUS 고배당주위클리고정커버드콜증권상장지수투자신탁(주식-파생형)
KR7489030007,20260813,FGSC.10,에너지,4.9345,2,2.93,한화 PLUS 고배당주위클리커버드콜증권상장지수투자신탁(주식-파생형)
KR7489030007,20260813,FGSC.15,소재,1.2697,2.8,-1.53,한화 PLUS 고배당주위클리커버드콜증권상장지수투자신탁(주식-파생형)
KR7489030007,20260813,FGSC.20,산업재,10.688,13.59,-2.9,한화 PLUS 고배당주위클리커버드콜증권상장지수투자신탁(주식-파생형)
KR7489030007,20260813,FGSC.25,경기소비재,13.6927,6.12,7.58,한화 PLUS 고배당주위클리커버드콜증권상장지수투자신탁(주식-파생형)
KR7489030007,20260813,FGSC.30,필수소비재,2.9089,1.91,1,한화 PLUS 고배당주위클리커버드콜증권상장지수투자신탁(주식-파생형)
KR7489030007,,FGSC.35,의료,,,,
KR7489030007,20260813,FGSC.40,금융,55.4361,7.56,47.88,한화 PLUS 고배당주위클리커버드콜증권상장지수투자신탁(주식-파생형)
KR7489030007,,FGSC.45,IT,,,,
KR7489030007,20260813,FGSC.50,통신서비스,9.1935,.66,8.53,한화 PLUS 고배당주위클리커버드콜증권상장지수투자신탁(주식-파생형)
KR7489030007,20260813,FGSC.55,유틸리티,1.8765,.5,1.38,한화 PLUS 고배당주위클리커버드콜증권상장지수투자신탁(주식-파생형)
KR7251600003,20260813,FGSC.10,에너지,4.9229,2,2.92,한화 PLUS 고배당주채권혼합증권상장지수투자신탁(채권혼합-파생형)
KR7251600003,20260813,FGSC.15,소재,1.2672,2.8,-1.53,한화 PLUS 고배당주채권혼합증권상장지수투자신탁(채권혼합-파생형)
KR7251600003,20260813,FGSC.20,산업재,10.705,13.59,-2.88,한화 PLUS 고배당주채권혼합증권상장지수투자신탁(채권혼합-파생형)
KR7251600003,20260813,FGSC.25,경기소비재,13.6681,6.12,7.55,한화 PLUS 고배당주채권혼합증권상장지수투자신탁(채권혼합-파생형)
KR7251600003,20260813,FGSC.30,필수소비재,2.9186,1.91,1.01,한화 PLUS 고배당주채권혼합증권상장지수투자신탁(채권혼합-파생형)
KR7251600003,,FGSC.35,의료,,,,
KR7251600003,20260813,FGSC.40,금융,55.4798,7.56,47.92,한화 PLUS 고배당주채권혼합증권상장지수투자신탁(채권혼합-파생형)
KR7251600003,,FGSC.45,IT,,,,
KR7251600003,20260813,FGSC.50,통신서비스,9.1618,.66,8.5,한화 PLUS 고배당주채권혼합증권상장지수투자신탁(채권혼합-파생형)
KR7251600003,20260813,FGSC.55,유틸리티,1.8766,.5,1.38,한화 PLUS 고배당주채권혼합증권상장지수투자신탁(채권혼합-파생형)
KR7461460008,,FGSC.10,에너지,,,,
KR7461460008,,FGSC.15,소재,,,,
KR7461460008,,FGSC.20,산업재,,,,
KR7461460008,,FGSC.25,경기소비재,,,,
KR7461460008,,FGSC.30,필수소비재,,,,
KR7461460008,,FGSC.35,의료,,,,
KR7461460008,,FGSC.40,금융,,,,
KR7461460008,,FGSC.45,IT,,,,
KR7461460008,,FGSC.50,통신서비스,,,,
KR7461460008,,FGSC.55,유틸리티,,,,
KR7451600001,,FGSC.10,에너지,,,,
KR7451600001,,FGSC.15,소재,,,,
KR7451600001,,FGSC.20,산업재,,,,
KR7451600001,,FGSC.25,경기소비재,,,,
KR7451600001,,FGSC.30,필수소비재,,,,
KR7451600001,,FGSC.35,의료,,,,
KR7451600001,,FGSC.40,금융,,,,
KR7451600001,,FGSC.45,IT,,,,
KR7451600001,,FGSC.50,통신서비스,,,,
KR7451600001,,FGSC.55,유틸리티,,,,
KR7491230009,,FGSC.10,에너지,,,,
KR7491230009,,FGSC.15,소재,,,,
KR7491230009,,FGSC.20,산업재,,,,
KR7491230009,,FGSC.25,경기소비재,,,,
KR7491230009,,FGSC.30,필수소비재,,,,
KR7491230009,,FGSC.35,의료,,,,
KR7491230009,,FGSC.40,금융,,,,
KR7491230009,,FGSC.45,IT,,,,
KR7491230009,,FGSC.50,통신서비스,,,,
KR7491230009,,FGSC.55,유틸리티,,,,
KR7289670002,,FGSC.10,에너지,,,,
KR7289670002,,FGSC.15,소재,,,,
KR7289670002,,FGSC.20,산업재,,,,
KR7289670002,,FGSC.25,경기소비재,,,,
KR7289670002,,FGSC.30,필수소비재,,,,
KR7289670002,,FGSC.35,의료,,,,
KR7289670002,,FGSC.40,금융,,,,
KR7289670002,,FGSC.45,IT,,,,
KR7289670002,,FGSC.50,통신서비스,,,,
KR7289670002,,FGSC.55,유틸리티,,,,
KR7298340001,,FGSC.10,에너지,,,,
KR7298340001,,FGSC.15,소재,,,,
KR7298340001,,FGSC.20,산업재,,,,
KR7298340001,,FGSC.25,경기소비재,,,,
KR7298340001,,FGSC.30,필수소비재,,,,
KR7298340001,,FGSC.35,의료,,,,
KR7298340001,,FGSC.40,금융,,,,
KR7298340001,,FGSC.45,IT,,,,
KR7298340001,,FGSC.50,통신서비스,,,,
KR7298340001,,FGSC.55,유틸리티,,,,
KR7489010009,,FGSC.10,에너지,,,,
KR7489010009,,FGSC.15,소재,,,,
KR7489010009,,FGSC.20,산업재,,,,
KR7489010009,,FGSC.25,경기소비재,,,,
KR7489010009,,FGSC.30,필수소비재,,,,
KR7489010009,,FGSC.35,의료,,,,
KR7489010009,,FGSC.40,금융,,,,
KR7489010009,,FGSC.45,IT,,,,
KR7489010009,,FGSC.50,통신서비스,,,,
KR7489010009,,FGSC.55,유틸리티,,,,
KR7442580007,,FGSC.10,에너지,,,,
KR7442580007,,FGSC.15,소재,,,,
KR7442580007,,FGSC.20,산업재,,,,
KR7442580007,,FGSC.25,경기소비재,,,,
KR7442580007,,FGSC.30,필수소비재,,,,
KR7442580007,,FGSC.35,의료,,,,
KR7442580007,,FGSC.40,금융,,,,
KR7442580007,,FGSC.45,IT,,,,
KR7442580007,,FGSC.50,통신서비스,,,,
KR7442580007,,FGSC.55,유틸리티,,,,
KR7496770009,,FGSC.10,에너지,,,,
KR7496770009,,FGSC.15,소재,,,,
KR7496770009,,FGSC.20,산업재,,,,
KR7496770009,,FGSC.25,경기소비재,,,,
KR7496770009,,FGSC.30,필수소비재,,,,
KR7496770009,,FGSC.35,의료,,,,
KR7496770009,,FGSC.40,금융,,,,
KR7496770009,,FGSC.45,IT,,,,
KR7496770009,,FGSC.50,통신서비스,,,,
KR7496770009,,FGSC.55,유틸리티,,,,
KR7419650007,,FGSC.10,에너지,,,,
KR7419650007,,FGSC.15,소재,,,,
KR7419650007,,FGSC.20,산업재,,,,
KR7419650007,,FGSC.25,경기소비재,,,,
KR7419650007,,FGSC.30,필수소비재,,,,
KR7419650007,,FGSC.35,의료,,,,
KR7419650007,,FGSC.40,금융,,,,
KR7419650007,,FGSC.45,IT,,,,
KR7419650007,,FGSC.50,통신서비스,,,,
KR7419650007,,FGSC.55,유틸리티,,,,
KR70007G0009,,FGSC.10,에너지,,,,
KR70007G0009,,FGSC.15,소재,,,,
KR70007G0009,,FGSC.20,산업재,,,,
KR70007G0009,,FGSC.25,경기소비재,,,,
KR70007G0009,,FGSC.30,필수소비재,,,,
KR70007G0009,,FGSC.35,의료,,,,
KR70007G0009,,FGSC.40,금융,,,,
KR70007G0009,,FGSC.45,IT,,,,
KR70007G0009,,FGSC.50,통신서비스,,,,
KR70007G0009,,FGSC.55,유틸리티,,,,
KR70166T0001,,FGSC.10,에너지,,,,
KR70166T0001,,FGSC.15,소재,,,,
KR70166T0001,,FGSC.20,산업재,,,,
KR70166T0001,,FGSC.25,경기소비재,,,,
KR70166T0001,,FGSC.30,필수소비재,,,,
KR70166T0001,,FGSC.35,의료,,,,
KR70166T0001,,FGSC.40,금융,,,,
KR70166T0001,,FGSC.45,IT,,,,
KR70166T0001,,FGSC.50,통신서비스,,,,
KR70166T0001,,FGSC.55,유틸리티,,,,
KR70035T0000,,FGSC.10,에너지,,,,
KR70035T0000,,FGSC.15,소재,,,,
KR70035T0000,,FGSC.20,산업재,,,,
KR70035T0000,,FGSC.25,경기소비재,,,,
KR70035T0000,,FGSC.30,필수소비재,,,,
KR70035T0000,,FGSC.35,의료,,,,
KR70035T0000,,FGSC.40,금융,,,,
KR70035T0000,,FGSC.45,IT,,,,
KR70035T0000,,FGSC.50,통신서비스,,,,
KR70035T0000,,FGSC.55,유틸리티,,,,
KR7415920008,,FGSC.10,에너지,,,,
KR7415920008,,FGSC.15,소재,,,,
KR7415920008,,FGSC.20,산업재,,,,
KR7415920008,,FGSC.25,경기소비재,,,,
KR7415920008,,FGSC.30,필수소비재,,,,
KR7415920008,,FGSC.35,의료,,,,
KR7415920008,,FGSC.40,금융,,,,
KR7415920008,,FGSC.45,IT,,,,
KR7415920008,,FGSC.50,통신서비스,,,,
KR7415920008,,FGSC.55,유틸리티,,,,
KR70138Y0009,,FGSC.10,에너지,,,,
KR70138Y0009,,FGSC.15,소재,,,,
KR70138Y0009,,FGSC.20,산업재,,,,
KR70138Y0009,,FGSC.25,경기소비재,,,,
KR70138Y0009,,FGSC.30,필수소비재,,,,
KR70138Y0009,,FGSC.35,의료,,,,
KR70138Y0009,,FGSC.40,금융,,,,
KR70138Y0009,,FGSC.45,IT,,,,
KR70138Y0009,,FGSC.50,통신서비스,,,,
KR70138Y0009,,FGSC.55,유틸리티,,,,
KR7278620000,,FGSC.10,에너지,,,,
KR7278620000,,FGSC.15,소재,,,,
KR7278620000,,FGSC.20,산업재,,,,
KR7278620000,,FGSC.25,경기소비재,,,,
KR7278620000,,FGSC.30,필수소비재,,,,
KR7278620000,,FGSC.35,의료,,,,
KR7278620000,,FGSC.40,금융,,,,
KR7278620000,,FGSC.45,IT,,,,
KR7278620000,,FGSC.50,통신서비스,,,,
KR7278620000,,FGSC.55,유틸리티,,,,
KR7477050009,,FGSC.10,에너지,,,,
KR7477050009,,FGSC.15,소재,,,,
KR7477050009,,FGSC.20,산업재,,,,
KR7477050009,,FGSC.25,경기소비재,,,,
KR7477050009,,FGSC.30,필수소비재,,,,
KR7477050009,,FGSC.35,의료,,,,
KR7477050009,,FGSC.40,금융,,,,
KR7477050009,,FGSC.45,IT,,,,
KR7477050009,,FGSC.50,통신서비스,,,,
KR7477050009,,FGSC.55,유틸리티,,,,
KR70050E0007,,FGSC.10,에너지,,,,
KR70050E0007,,FGSC.15,소재,,,,
KR70050E0007,,FGSC.20,산업재,,,,
KR70050E0007,,FGSC.25,경기소비재,,,,
KR70050E0007,,FGSC.30,필수소비재,,,,
KR70050E0007,,FGSC.35,의료,,,,
KR70050E0007,,FGSC.40,금융,,,,
KR70050E0007,,FGSC.45,IT,,,,
KR70050E0007,,FGSC.50,통신서비스,,,,
KR70050E0007,,FGSC.55,유틸리티,,,,
KR7429760002,,FGSC.10,에너지,,,,
KR7429760002,,FGSC.15,소재,,,,
KR7429760002,,FGSC.20,산업재,,,,
KR7429760002,,FGSC.25,경기소비재,,,,
KR7429760002,,FGSC.30,필수소비재,,,,
KR7429760002,,FGSC.35,의료,,,,
KR7429760002,,FGSC.40,금융,,,,
KR7429760002,,FGSC.45,IT,,,,
KR7429760002,,FGSC.50,통신서비스,,,,
KR7429760002,,FGSC.55,유틸리티,,,,
KR70057H0007,,FGSC.10,에너지,,,,
KR70057H0007,,FGSC.15,소재,,,,
KR70057H0007,,FGSC.20,산업재,,,,
KR70057H0007,,FGSC.25,경기소비재,,,,
KR70057H0007,,FGSC.30,필수소비재,,,,
KR70057H0007,,FGSC.35,의료,,,,
KR70057H0007,,FGSC.40,금융,,,,
KR70057H0007,,FGSC.45,IT,,,,
KR70057H0007,,FGSC.50,통신서비스,,,,
KR70057H0007,,FGSC.55,유틸리티,,,,
KR7494410004,,FGSC.10,에너지,,,,
KR7494410004,,FGSC.15,소재,,,,
KR7494410004,,FGSC.20,산업재,,,,
KR7494410004,,FGSC.25,경기소비재,,,,
KR7494410004,,FGSC.30,필수소비재,,,,
KR7494410004,,FGSC.35,의료,,,,
KR7494410004,,FGSC.40,금융,,,,
KR7494410004,,FGSC.45,IT,,,,
KR7494410004,,FGSC.50,통신서비스,,,,
KR7494410004,,FGSC.55,유틸리티,,,,
KR70153X0000,,FGSC.10,에너지,,,,
KR70153X0000,,FGSC.15,소재,,,,
KR70153X0000,,FGSC.20,산업재,,,,
KR70153X0000,,FGSC.25,경기소비재,,,,
KR70153X0000,,FGSC.30,필수소비재,,,,
KR70153X0000,,FGSC.35,의료,,,,
KR70153X0000,,FGSC.40,금융,,,,
KR70153X0000,,FGSC.45,IT,,,,
KR70153X0000,,FGSC.50,통신서비스,,,,
KR70153X0000,,FGSC.55,유틸리티,,,,
KR70089B0005,,FGSC.10,에너지,,,,
KR70089B0005,,FGSC.15,소재,,,,
KR70089B0005,,FGSC.20,산업재,,,,
KR70089B0005,,FGSC.25,경기소비재,,,,
KR70089B0005,,FGSC.30,필수소비재,,,,
KR70089B0005,,FGSC.35,의료,,,,
KR70089B0005,,FGSC.40,금융,,,,
KR70089B0005,,FGSC.45,IT,,,,
KR70089B0005,,FGSC.50,통신서비스,,,,
KR70089B0005,,FGSC.55,유틸리티,,,,
KR7287180004,,FGSC.10,에너지,,,,
KR7287180004,,FGSC.15,소재,,,,
KR7287180004,,FGSC.20,산업재,,,,
KR7287180004,,FGSC.25,경기소비재,,,,
KR7287180004,,FGSC.30,필수소비재,,,,
KR7287180004,,FGSC.35,의료,,,,
KR7287180004,,FGSC.40,금융,,,,
KR7287180004,,FGSC.45,IT,,,,
KR7287180004,,FGSC.50,통신서비스,,,,
KR7287180004,,FGSC.55,유틸리티,,,,
KR7332610005,,FGSC.10,에너지,,,,
KR7332610005,,FGSC.15,소재,,,,
KR7332610005,,FGSC.20,산업재,,,,
KR7332610005,,FGSC.25,경기소비재,,,,
KR7332610005,,FGSC.30,필수소비재,,,,
KR7332610005,,FGSC.35,의료,,,,
KR7332610005,,FGSC.40,금융,,,,
KR7332610005,,FGSC.45,IT,,,,
KR7332610005,,FGSC.50,통신서비스,,,,
KR7332610005,,FGSC.55,유틸리티,,,,
KR7456200005,,FGSC.10,에너지,,,,
KR7456200005,,FGSC.15,소재,,,,
KR7456200005,,FGSC.20,산업재,,,,
KR7456200005,,FGSC.25,경기소비재,,,,
KR7456200005,,FGSC.30,필수소비재,,,,
KR7456200005,,FGSC.35,의료,,,,
KR7456200005,,FGSC.40,금융,,,,
KR7456200005,,FGSC.45,IT,,,,
KR7456200005,,FGSC.50,통신서비스,,,,
KR7456200005,,FGSC.55,유틸리티,,,,
KR70078V0004,,FGSC.10,에너지,,,,
KR70078V0004,,FGSC.15,소재,,,,
KR70078V0004,,FGSC.20,산업재,,,,
KR70078V0004,,FGSC.25,경기소비재,,,,
KR70078V0004,,FGSC.30,필수소비재,,,,
KR70078V0004,,FGSC.35,의료,,,,
KR70078V0004,,FGSC.40,금융,,,,
KR70078V0004,,FGSC.45,IT,,,,
KR70078V0004,,FGSC.50,통신서비스,,,,
KR70078V0004,,FGSC.55,유틸리티,,,,
KR7494420003,,FGSC.10,에너지,,,,
KR7494420003,,FGSC.15,소재,,,,
KR7494420003,,FGSC.20,산업재,,,,
KR7494420003,,FGSC.25,경기소비재,,,,
KR7494420003,,FGSC.30,필수소비재,,,,
KR7494420003,,FGSC.35,의료,,,,
KR7494420003,,FGSC.40,금융,,,,
KR7494420003,,FGSC.45,IT,,,,
KR7494420003,,FGSC.50,통신서비스,,,,
KR7494420003,,FGSC.55,유틸리티,,,,
KR70023B0004,,FGSC.10,에너지,,,,
KR70023B0004,,FGSC.15,소재,,,,
KR70023B0004,,FGSC.20,산업재,,,,
KR70023B0004,,FGSC.25,경기소비재,,,,
KR70023B0004,,FGSC.30,필수소비재,,,,
KR70023B0004,,FGSC.35,의료,,,,
KR70023B0004,,FGSC.40,금융,,,,
KR70023B0004,,FGSC.45,IT,,,,
KR70023B0004,,FGSC.50,통신서비스,,,,
KR70023B0004,,FGSC.55,유틸리티,,,,
KR7332620004,,FGSC.10,에너지,,,,
KR7332620004,,FGSC.15,소재,,,,
KR7332620004,,FGSC.20,산업재,,,,
KR7332620004,,FGSC.25,경기소비재,,,,
KR7332620004,,FGSC.30,필수소비재,,,,
KR7332620004,,FGSC.35,의료,,,,
KR7332620004,,FGSC.40,금융,,,,
KR7332620004,,FGSC.45,IT,,,,
KR7332620004,,FGSC.50,통신서비스,,,,
KR7332620004,,FGSC.55,유틸리티,,,,
KR7464470004,,FGSC.10,에너지,,,,
KR7464470004,,FGSC.15,소재,,,,
KR7464470004,,FGSC.20,산업재,,,,
KR7464470004,,FGSC.25,경기소비재,,,,
KR7464470004,,FGSC.30,필수소비재,,,,
KR7464470004,,FGSC.35,의료,,,,
KR7464470004,,FGSC.40,금융,,,,
KR7464470004,,FGSC.45,IT,,,,
KR7464470004,,FGSC.50,통신서비스,,,,
KR7464470004,,FGSC.55,유틸리티,,,,
KR7461900003,,FGSC.10,에너지,,,,
KR7461900003,,FGSC.15,소재,,,,
KR7461900003,,FGSC.20,산업재,,,,
KR7461900003,,FGSC.25,경기소비재,,,,
KR7461900003,,FGSC.30,필수소비재,,,,
KR7461900003,,FGSC.35,의료,,,,
KR7461900003,,FGSC.40,금융,,,,
KR7461900003,,FGSC.45,IT,,,,
KR7461900003,,FGSC.50,통신서비스,,,,
KR7461900003,,FGSC.55,유틸리티,,,,
KR70193K0007,,FGSC.10,에너지,,,,
KR70193K0007,,FGSC.15,소재,,,,
KR70193K0007,,FGSC.20,산업재,,,,
KR70193K0007,,FGSC.25,경기소비재,,,,
KR70193K0007,,FGSC.30,필수소비재,,,,
KR70193K0007,,FGSC.35,의료,,,,
KR70193K0007,,FGSC.40,금융,,,,
KR70193K0007,20260813,FGSC.45,IT,100,59.71,40.29,한화 PLUS 삼성전자단일종목레버리지증권상장지수투자신탁(주식-파생형)
KR70193K0007,,FGSC.50,통신서비스,,,,
KR70193K0007,,FGSC.55,유틸리티,,,,
KR70193L0006,,FGSC.10,에너지,,,,
KR70193L0006,,FGSC.15,소재,,,,
KR70193L0006,,FGSC.20,산업재,,,,
KR70193L0006,,FGSC.25,경기소비재,,,,
KR70193L0006,,FGSC.30,필수소비재,,,,
KR70193L0006,,FGSC.35,의료,,,,
KR70193L0006,,FGSC.40,금융,,,,
KR70193L0006,,FGSC.45,IT,,,,
KR70193L0006,,FGSC.50,통신서비스,,,,
KR70193L0006,,FGSC.55,유틸리티,,,,
KR7238670004,20260813,FGSC.10,에너지,2.5878,2,.59,한화 PLUS 스마트베타Quality채권혼합증권상장지수투자신탁(채권혼합-파생형)
KR7238670004,20260813,FGSC.15,소재,6.5092,2.8,3.71,한화 PLUS 스마트베타Quality채권혼합증권상장지수투자신탁(채권혼합-파생형)
KR7238670004,20260813,FGSC.20,산업재,28.5009,13.59,14.91,한화 PLUS 스마트베타Quality채권혼합증권상장지수투자신탁(채권혼합-파생형)
KR7238670004,20260813,FGSC.25,경기소비재,24.3156,6.12,18.2,한화 PLUS 스마트베타Quality채권혼합증권상장지수투자신탁(채권혼합-파생형)
KR7238670004,20260813,FGSC.30,필수소비재,13.4172,1.91,11.51,한화 PLUS 스마트베타Quality채권혼합증권상장지수투자신탁(채권혼합-파생형)
KR7238670004,20260813,FGSC.35,의료,7.9612,5.15,2.81,한화 PLUS 스마트베타Quality채권혼합증권상장지수투자신탁(채권혼합-파생형)
KR7238670004,20260813,FGSC.40,금융,.5538,7.56,-7.01,한화 PLUS 스마트베타Quality채권혼합증권상장지수투자신탁(채권혼합-파생형)
KR7238670004,20260813,FGSC.45,IT,12.1702,59.71,-47.54,한화 PLUS 스마트베타Quality채권혼합증권상장지수투자신탁(채권혼합-파생형)
KR7238670004,,FGSC.50,통신서비스,,,,
KR7238670004,20260813,FGSC.55,유틸리티,3.9841,.5,3.49,한화 PLUS 스마트베타Quality채권혼합증권상장지수투자신탁(채권혼합-파생형)
KR7256450008,,FGSC.10,에너지,,,,
KR7256450008,,FGSC.15,소재,,,,
KR7256450008,,FGSC.20,산업재,,,,
KR7256450008,,FGSC.25,경기소비재,,,,
KR7256450008,,FGSC.30,필수소비재,,,,
KR7256450008,,FGSC.35,의료,,,,
KR7256450008,,FGSC.40,금융,,,,
KR7256450008,,FGSC.45,IT,,,,
KR7256450008,,FGSC.50,통신서비스,,,,
KR7256450008,,FGSC.55,유틸리티,,,,
KR7447660002,,FGSC.10,에너지,,,,
KR7447660002,,FGSC.15,소재,,,,
KR7447660002,,FGSC.20,산업재,,,,
KR7447660002,,FGSC.25,경기소비재,,,,
KR7447660002,,FGSC.30,필수소비재,,,,
KR7447660002,,FGSC.35,의료,,,,
KR7447660002,,FGSC.40,금융,,,,
KR7447660002,,FGSC.45,IT,,,,
KR7447660002,,FGSC.50,통신서비스,,,,
KR7447660002,,FGSC.55,유틸리티,,,,
KR7239660004,,FGSC.10,에너지,,,,
KR7239660004,,FGSC.15,소재,,,,
KR7239660004,,FGSC.20,산업재,,,,
KR7239660004,,FGSC.25,경기소비재,,,,
KR7239660004,,FGSC.30,필수소비재,,,,
KR7239660004,,FGSC.35,의료,,,,
KR7239660004,,FGSC.40,금융,,,,
KR7239660004,,FGSC.45,IT,,,,
KR7239660004,,FGSC.50,통신서비스,,,,
KR7239660004,,FGSC.55,유틸리티,,,,
KR7421320003,,FGSC.10,에너지,,,,
KR7421320003,20260813,FGSC.15,소재,8.231,2.8,5.43,한화 PLUS 우주항공 증권상장지수투자신탁(주식)
KR7421320003,20260813,FGSC.20,산업재,75.0479,13.59,61.46,한화 PLUS 우주항공 증권상장지수투자신탁(주식)
KR7421320003,,FGSC.25,경기소비재,,,,
KR7421320003,,FGSC.30,필수소비재,,,,
KR7421320003,,FGSC.35,의료,,,,
KR7421320003,,FGSC.40,금융,,,,
KR7421320003,20260813,FGSC.45,IT,16.7212,59.71,-42.99,한화 PLUS 우주항공 증권상장지수투자신탁(주식)
KR7421320003,,FGSC.50,통신서비스,,,,
KR7421320003,,FGSC.55,유틸리티,,,,
KR70184N0005,,FGSC.10,에너지,,,,
KR70184N0005,,FGSC.15,소재,,,,
KR70184N0005,,FGSC.20,산업재,,,,
KR70184N0005,,FGSC.25,경기소비재,,,,
KR70184N0005,,FGSC.30,필수소비재,,,,
KR70184N0005,,FGSC.35,의료,,,,
KR70184N0005,,FGSC.40,금융,,,,
KR70184N0005,,FGSC.45,IT,,,,
KR70184N0005,,FGSC.50,통신서비스,,,,
KR70184N0005,,FGSC.55,유틸리티,,,,
KR7464920008,,FGSC.10,에너지,,,,
KR7464920008,,FGSC.15,소재,,,,
KR7464920008,,FGSC.20,산업재,,,,
KR7464920008,,FGSC.25,경기소비재,,,,
KR7464920008,,FGSC.30,필수소비재,,,,
KR7464920008,,FGSC.35,의료,,,,
KR7464920008,,FGSC.40,금융,,,,
KR7464920008,,FGSC.45,IT,,,,
KR7464920008,,FGSC.50,통신서비스,,,,
KR7464920008,,FGSC.55,유틸리티,,,,
KR7489000000,,FGSC.10,에너지,,,,
KR7489000000,,FGSC.15,소재,,,,
KR7489000000,,FGSC.20,산업재,,,,
KR7489000000,,FGSC.25,경기소비재,,,,
KR7489000000,,FGSC.30,필수소비재,,,,
KR7489000000,,FGSC.35,의료,,,,
KR7489000000,,FGSC.40,금융,,,,
KR7489000000,,FGSC.45,IT,,,,
KR7489000000,,FGSC.50,통신서비스,,,,
KR7489000000,,FGSC.55,유틸리티,,,,
KR70098N0000,20260813,FGSC.10,에너지,5.709,2,3.71,한화 PLUS 자사주매입고배당주증권상장지수투자신탁(주식)
KR70098N0000,20260813,FGSC.15,소재,2.094,2.8,-.71,한화 PLUS 자사주매입고배당주증권상장지수투자신탁(주식)
KR70098N0000,20260813,FGSC.20,산업재,10.2376,13.59,-3.35,한화 PLUS 자사주매입고배당주증권상장지수투자신탁(주식)
KR70098N0000,20260813,FGSC.25,경기소비재,16.9751,6.12,10.86,한화 PLUS 자사주매입고배당주증권상장지수투자신탁(주식)
KR70098N0000,20260813,FGSC.30,필수소비재,5.7703,1.91,3.86,한화 PLUS 자사주매입고배당주증권상장지수투자신탁(주식)
KR70098N0000,,FGSC.35,의료,,,,
KR70098N0000,20260813,FGSC.40,금융,53.4811,7.56,45.92,한화 PLUS 자사주매입고배당주증권상장지수투자신탁(주식)
KR70098N0000,,FGSC.45,IT,,,,
KR70098N0000,20260813,FGSC.50,통신서비스,3.8877,.66,3.23,한화 PLUS 자사주매입고배당주증권상장지수투자신탁(주식)
KR70098N0000,20260813,FGSC.55,유틸리티,1.8453,.5,1.35,한화 PLUS 자사주매입고배당주증권상장지수투자신탁(주식)
KR7433880002,,FGSC.10,에너지,,,,
KR7433880002,,FGSC.15,소재,,,,
KR7433880002,,FGSC.20,산업재,,,,
KR7433880002,,FGSC.25,경기소비재,,,,
KR7433880002,,FGSC.30,필수소비재,,,,
KR7433880002,,FGSC.35,의료,,,,
KR7433880002,,FGSC.40,금융,,,,
KR7433880002,,FGSC.45,IT,,,,
KR7433880002,,FGSC.50,통신서비스,,,,
KR7433880002,,FGSC.55,유틸리티,,,,
KR7451000004,,FGSC.10,에너지,,,,
KR7451000004,,FGSC.15,소재,,,,
KR7451000004,,FGSC.20,산업재,,,,
KR7451000004,,FGSC.25,경기소비재,,,,
KR7451000004,,FGSC.30,필수소비재,,,,
KR7451000004,,FGSC.35,의료,,,,
KR7451000004,,FGSC.40,금융,,,,
KR7451000004,,FGSC.45,IT,,,,
KR7451000004,,FGSC.50,통신서비스,,,,
KR7451000004,,FGSC.55,유틸리티,,,,
KR7280920000,20260813,FGSC.10,에너지,3.2855,2,1.28,한화 PLUS 주도업종증권상장지수투자신탁(주식)
KR7280920000,,FGSC.15,소재,,,,
KR7280920000,20260813,FGSC.20,산업재,28.3432,13.59,14.75,한화 PLUS 주도업종증권상장지수투자신탁(주식)
KR7280920000,20260813,FGSC.25,경기소비재,19.9136,6.12,13.8,한화 PLUS 주도업종증권상장지수투자신탁(주식)
KR7280920000,,FGSC.30,필수소비재,,,,
KR7280920000,,FGSC.35,의료,,,,
KR7280920000,20260813,FGSC.40,금융,7.4714,7.56,-.09,한화 PLUS 주도업종증권상장지수투자신탁(주식)
KR7280920000,20260813,FGSC.45,IT,39.3349,59.71,-20.38,한화 PLUS 주도업종증권상장지수투자신탁(주식)
KR7280920000,20260813,FGSC.50,통신서비스,1.6513,.66,.99,한화 PLUS 주도업종증권상장지수투자신탁(주식)
KR7280920000,,FGSC.55,유틸리티,,,,
KR70184L0007,,FGSC.10,에너지,,,,
KR70184L0007,,FGSC.15,소재,,,,
KR70184L0007,,FGSC.20,산업재,,,,
KR70184L0007,,FGSC.25,경기소비재,,,,
KR70184L0007,,FGSC.30,필수소비재,,,,
KR70184L0007,,FGSC.35,의료,,,,
KR70184L0007,,FGSC.40,금융,,,,
KR70184L0007,,FGSC.45,IT,,,,
KR70184L0007,,FGSC.50,통신서비스,,,,
KR70184L0007,,FGSC.55,유틸리티,,,,
KR7266550003,20260813,FGSC.10,에너지,3.1956,2,1.19,한화 PLUS 중형주저변동50증권상장지수투자신탁(주식)
KR7266550003,20260813,FGSC.15,소재,11.2173,2.8,8.42,한화 PLUS 중형주저변동50증권상장지수투자신탁(주식)
KR7266550003,20260813,FGSC.20,산업재,18.4416,13.59,4.85,한화 PLUS 중형주저변동50증권상장지수투자신탁(주식)
KR7266550003,20260813,FGSC.25,경기소비재,21.945,6.12,15.83,한화 PLUS 중형주저변동50증권상장지수투자신탁(주식)
KR7266550003,20260813,FGSC.30,필수소비재,14.4436,1.91,12.54,한화 PLUS 중형주저변동50증권상장지수투자신탁(주식)
KR7266550003,20260813,FGSC.35,의료,4.6597,5.15,-.49,한화 PLUS 중형주저변동50증권상장지수투자신탁(주식)
KR7266550003,20260813,FGSC.40,금융,17.0765,7.56,9.52,한화 PLUS 중형주저변동50증권상장지수투자신탁(주식)
KR7266550003,20260813,FGSC.45,IT,6.8101,59.71,-52.9,한화 PLUS 중형주저변동50증권상장지수투자신탁(주식)
KR7266550003,,FGSC.50,통신서비스,,,,
KR7266550003,20260813,FGSC.55,유틸리티,2.2109,.5,1.71,한화 PLUS 중형주저변동50증권상장지수투자신탁(주식)
KR70047N0002,,FGSC.10,에너지,,,,
KR70047N0002,,FGSC.15,소재,,,,
KR70047N0002,,FGSC.20,산업재,,,,
KR70047N0002,,FGSC.25,경기소비재,,,,
KR70047N0002,,FGSC.30,필수소비재,,,,
KR70047N0002,,FGSC.35,의료,,,,
KR70047N0002,,FGSC.40,금융,,,,
KR70047N0002,,FGSC.45,IT,,,,
KR70047N0002,,FGSC.50,통신서비스,,,,
KR70047N0002,,FGSC.55,유틸리티,,,,
KR70128D0006,,FGSC.10,에너지,,,,
KR70128D0006,,FGSC.15,소재,,,,
KR70128D0006,,FGSC.20,산업재,,,,
KR70128D0006,,FGSC.25,경기소비재,,,,
KR70128D0006,,FGSC.30,필수소비재,,,,
KR70128D0006,,FGSC.35,의료,,,,
KR70128D0006,,FGSC.40,금융,,,,
KR70128D0006,,FGSC.45,IT,,,,
KR70128D0006,,FGSC.50,통신서비스,,,,
KR70128D0006,,FGSC.55,유틸리티,,,,
KR7495040008,20260813,FGSC.10,에너지,.2288,2,-1.77,한화 PLUS 코리아밸류업증권상장지수투자신탁(주식)
KR7495040008,20260813,FGSC.15,소재,.3795,2.8,-2.42,한화 PLUS 코리아밸류업증권상장지수투자신탁(주식)
KR7495040008,20260813,FGSC.20,산업재,15.6267,13.59,2.04,한화 PLUS 코리아밸류업증권상장지수투자신탁(주식)
KR7495040008,20260813,FGSC.25,경기소비재,11.5382,6.12,5.42,한화 PLUS 코리아밸류업증권상장지수투자신탁(주식)
KR7495040008,20260813,FGSC.30,필수소비재,3.5919,1.91,1.68,한화 PLUS 코리아밸류업증권상장지수투자신탁(주식)
KR7495040008,20260813,FGSC.35,의료,.9066,5.15,-4.25,한화 PLUS 코리아밸류업증권상장지수투자신탁(주식)
KR7495040008,20260813,FGSC.40,금융,18.7827,7.56,11.22,한화 PLUS 코리아밸류업증권상장지수투자신탁(주식)
KR7495040008,20260813,FGSC.45,IT,46.7108,59.71,-13,한화 PLUS 코리아밸류업증권상장지수투자신탁(주식)
KR7495040008,20260813,FGSC.50,통신서비스,2.1348,.66,1.47,한화 PLUS 코리아밸류업증권상장지수투자신탁(주식)
KR7495040008,20260813,FGSC.55,유틸리티,.1003,.5,-.4,한화 PLUS 코리아밸류업증권상장지수투자신탁(주식)
KR70166N0007,20260813,FGSC.10,에너지,.6937,2,-1.31,한화 PLUS 코스닥150액티브증권상장지수투자신탁(주식)
KR70166N0007,20260813,FGSC.15,소재,.2136,2.8,-2.59,한화 PLUS 코스닥150액티브증권상장지수투자신탁(주식)
KR70166N0007,20260813,FGSC.20,산업재,20.986,13.59,7.4,한화 PLUS 코스닥150액티브증권상장지수투자신탁(주식)
KR70166N0007,20260813,FGSC.25,경기소비재,4.8105,6.12,-1.31,한화 PLUS 코스닥150액티브증권상장지수투자신탁(주식)
KR70166N0007,20260813,FGSC.30,필수소비재,.3601,1.91,-1.55,한화 PLUS 코스닥150액티브증권상장지수투자신탁(주식)
KR70166N0007,20260813,FGSC.35,의료,10.3828,5.15,5.23,한화 PLUS 코스닥150액티브증권상장지수투자신탁(주식)
KR70166N0007,20260813,FGSC.40,금융,.5649,7.56,-6.99,한화 PLUS 코스닥150액티브증권상장지수투자신탁(주식)
KR70166N0007,20260813,FGSC.45,IT,61.9882,59.71,2.28,한화 PLUS 코스닥150액티브증권상장지수투자신탁(주식)
KR70166N0007,,FGSC.50,통신서비스,,,,
KR70166N0007,,FGSC.55,유틸리티,,,,
KR7301400008,20260813,FGSC.10,에너지,.676,2,-1.33,한화 PLUS 코스닥150증권상장지수투자신탁(주식)
KR7301400008,20260813,FGSC.15,소재,1.4302,2.8,-1.37,한화 PLUS 코스닥150증권상장지수투자신탁(주식)
KR7301400008,20260813,FGSC.20,산업재,10.6882,13.59,-2.9,한화 PLUS 코스닥150증권상장지수투자신탁(주식)
KR7301400008,20260813,FGSC.25,경기소비재,4.446,6.12,-1.67,한화 PLUS 코스닥150증권상장지수투자신탁(주식)
KR7301400008,20260813,FGSC.30,필수소비재,1.9011,1.91,-.01,한화 PLUS 코스닥150증권상장지수투자신탁(주식)
KR7301400008,20260813,FGSC.35,의료,32.9722,5.15,27.82,한화 PLUS 코스닥150증권상장지수투자신탁(주식)
KR7301400008,20260813,FGSC.40,금융,.6205,7.56,-6.94,한화 PLUS 코스닥150증권상장지수투자신탁(주식)
KR7301400008,20260813,FGSC.45,IT,47.2652,59.71,-12.45,한화 PLUS 코스닥150증권상장지수투자신탁(주식)
KR7301400008,,FGSC.50,통신서비스,,,,
KR7301400008,,FGSC.55,유틸리티,,,,
KR7328370002,20260813,FGSC.10,에너지,2.0925,2,.09,한화 PLUS 코스피Total Return증권상장지수투자신탁(주식)
KR7328370002,20260813,FGSC.15,소재,2.8568,2.8,.06,한화 PLUS 코스피Total Return증권상장지수투자신탁(주식)
KR7328370002,20260813,FGSC.20,산업재,13.8476,13.59,.26,한화 PLUS 코스피Total Return증권상장지수투자신탁(주식)
KR7328370002,20260813,FGSC.25,경기소비재,6.2715,6.12,.16,한화 PLUS 코스피Total Return증권상장지수투자신탁(주식)
KR7328370002,20260813,FGSC.30,필수소비재,1.8577,1.91,-.05,한화 PLUS 코스피Total Return증권상장지수투자신탁(주식)
KR7328370002,20260813,FGSC.35,의료,3.3919,5.15,-1.76,한화 PLUS 코스피Total Return증권상장지수투자신탁(주식)
KR7328370002,20260813,FGSC.40,금융,8.3706,7.56,.81,한화 PLUS 코스피Total Return증권상장지수투자신탁(주식)
KR7328370002,20260813,FGSC.45,IT,60.0026,59.71,.29,한화 PLUS 코스피Total Return증권상장지수투자신탁(주식)
KR7328370002,20260813,FGSC.50,통신서비스,.7249,.66,.06,한화 PLUS 코스피Total Return증권상장지수투자신탁(주식)
KR7328370002,20260813,FGSC.55,유틸리티,.5838,.5,.09,한화 PLUS 코스피Total Return증권상장지수투자신탁(주식)
KR7457990000,20260813,FGSC.10,에너지,44.7882,2,42.79,한화 PLUS 태양광&ESS증권상장지수투자신탁(주식)
KR7457990000,20260813,FGSC.15,소재,25.8789,2.8,23.08,한화 PLUS 태양광&ESS증권상장지수투자신탁(주식)
KR7457990000,20260813,FGSC.20,산업재,7.3423,13.59,-6.25,한화 PLUS 태양광&ESS증권상장지수투자신탁(주식)
KR7457990000,,FGSC.25,경기소비재,,,,
KR7457990000,,FGSC.30,필수소비재,,,,
KR7457990000,,FGSC.35,의료,,,,
KR7457990000,,FGSC.40,금융,,,,
KR7457990000,20260813,FGSC.45,IT,21.9905,59.71,-37.72,한화 PLUS 태양광&ESS증권상장지수투자신탁(주식)
KR7457990000,,FGSC.50,통신서비스,,,,
KR7457990000,,FGSC.55,유틸리티,,,,
KR70132K0001,,FGSC.10,에너지,,,,
KR70132K0001,,FGSC.15,소재,,,,
KR70132K0001,,FGSC.20,산업재,,,,
KR70132K0001,,FGSC.25,경기소비재,,,,
KR70132K0001,,FGSC.30,필수소비재,,,,
KR70132K0001,,FGSC.35,의료,,,,
KR70132K0001,,FGSC.40,금융,,,,
KR70132K0001,,FGSC.45,IT,,,,
KR70132K0001,,FGSC.50,통신서비스,,,,
KR70132K0001,,FGSC.55,유틸리티,,,,
KR70000J0003,20260813,FGSC.10,에너지,15.9235,2,13.92,한화 PLUS 한화그룹주증권상장지수투자신탁(주식)
KR70000J0003,,FGSC.15,소재,,,,
KR70000J0003,20260813,FGSC.20,산업재,70.0357,13.59,56.45,한화 PLUS 한화그룹주증권상장지수투자신탁(주식)
KR70000J0003,20260813,FGSC.25,경기소비재,.5742,6.12,-5.54,한화 PLUS 한화그룹주증권상장지수투자신탁(주식)
KR70000J0003,,FGSC.30,필수소비재,,,,
KR70000J0003,,FGSC.35,의료,,,,
KR70000J0003,20260813,FGSC.40,금융,7.89,7.56,.33,한화 PLUS 한화그룹주증권상장지수투자신탁(주식)
KR70000J0003,20260813,FGSC.45,IT,5.5766,59.71,-54.13,한화 PLUS 한화그룹주증권상장지수투자신탁(주식)
KR70000J0003,,FGSC.50,통신서비스,,,,
KR70000J0003,,FGSC.55,유틸리티,,,,
KR7461910002,,FGSC.10,에너지,,,,
KR7461910002,,FGSC.15,소재,,,,
KR7461910002,,FGSC.20,산업재,,,,
KR7461910002,,FGSC.25,경기소비재,,,,
KR7461910002,,FGSC.30,필수소비재,,,,
KR7461910002,,FGSC.35,의료,,,,
KR7461910002,,FGSC.40,금융,,,,
KR7461910002,,FGSC.45,IT,,,,
KR7461910002,,FGSC.50,통신서비스,,,,
KR7461910002,,FGSC.55,유틸리티,,,,
KR7213630007,,FGSC.10,에너지,,,,
KR7213630007,,FGSC.15,소재,,,,
KR7213630007,,FGSC.20,산업재,,,,
KR7213630007,,FGSC.25,경기소비재,,,,
KR7213630007,,FGSC.30,필수소비재,,,,
KR7213630007,,FGSC.35,의료,,,,
KR7213630007,,FGSC.40,금융,,,,
KR7213630007,,FGSC.45,IT,,,,
KR7213630007,,FGSC.50,통신서비스,,,,
KR7213630007,,FGSC.55,유틸리티,,,,
KR7189400005,,FGSC.10,에너지,,,,
KR7189400005,,FGSC.15,소재,,,,
KR7189400005,,FGSC.20,산업재,,,,
KR7189400005,,FGSC.25,경기소비재,,,,
KR7189400005,,FGSC.30,필수소비재,,,,
KR7189400005,,FGSC.35,의료,,,,
KR7189400005,,FGSC.40,금융,,,,
KR7189400005,,FGSC.45,IT,,,,
KR7189400005,,FGSC.50,통신서비스,,,,
KR7189400005,,FGSC.55,유틸리티,,,,
KR7195970009,,FGSC.10,에너지,,,,
KR7195970009,,FGSC.15,소재,,,,
KR7195970009,,FGSC.20,산업재,,,,
KR7195970009,,FGSC.25,경기소비재,,,,
KR7195970009,,FGSC.30,필수소비재,,,,
KR7195970009,,FGSC.35,의료,,,,
KR7195970009,,FGSC.40,금융,,,,
KR7195970009,,FGSC.45,IT,,,,
KR7195970009,,FGSC.50,통신서비스,,,,
KR7195970009,,FGSC.55,유틸리티,,,,
KR7195980008,,FGSC.10,에너지,,,,
KR7195980008,,FGSC.15,소재,,,,
KR7195980008,,FGSC.20,산업재,,,,
KR7195980008,,FGSC.25,경기소비재,,,,
KR7195980008,,FGSC.30,필수소비재,,,,
KR7195980008,,FGSC.35,의료,,,,
KR7195980008,,FGSC.40,금융,,,,
KR7195980008,,FGSC.45,IT,,,,
KR7195980008,,FGSC.50,통신서비스,,,,
KR7195980008,,FGSC.55,유틸리티,,,,
KR70184V0005,,FGSC.10,에너지,,,,
KR70184V0005,,FGSC.15,소재,,,,
KR70184V0005,,FGSC.20,산업재,,,,
KR70184V0005,,FGSC.25,경기소비재,,,,
KR70184V0005,,FGSC.30,필수소비재,,,,
KR70184V0005,20260813,FGSC.35,의료,100,5.15,94.85,현대UNICORNK바이오액티브증권상장지수투자신탁[주식]
KR70184V0005,,FGSC.40,금융,,,,
KR70184V0005,,FGSC.45,IT,,,,
KR70184V0005,,FGSC.50,통신서비스,,,,
KR70184V0005,,FGSC.55,유틸리티,,,,
KR7433250008,,FGSC.10,에너지,,,,
KR7433250008,20260813,FGSC.15,소재,3.5805,2.8,.78,현대UNICORNR&D액티브증권상장지수투자신탁[주식]
KR7433250008,20260813,FGSC.20,산업재,15.0787,13.59,1.49,현대UNICORNR&D액티브증권상장지수투자신탁[주식]
KR7433250008,20260813,FGSC.25,경기소비재,15.4837,6.12,9.37,현대UNICORNR&D액티브증권상장지수투자신탁[주식]
KR7433250008,,FGSC.30,필수소비재,,,,
KR7433250008,20260813,FGSC.35,의료,6.1667,5.15,1.01,현대UNICORNR&D액티브증권상장지수투자신탁[주식]
KR7433250008,,FGSC.40,금융,,,,
KR7433250008,20260813,FGSC.45,IT,59.6906,59.71,-.02,현대UNICORNR&D액티브증권상장지수투자신탁[주식]
KR7433250008,,FGSC.50,통신서비스,,,,
KR7433250008,,FGSC.55,유틸리티,,,,
KR7494220007,,FGSC.10,에너지,,,,
KR7494220007,,FGSC.15,소재,,,,
KR7494220007,20260813,FGSC.20,산업재,2.9221,13.59,-10.67,현대UNICORNSK하이닉스밸류체인액티브증권상장지수투자신탁[주식]
KR7494220007,,FGSC.25,경기소비재,,,,
KR7494220007,,FGSC.30,필수소비재,,,,
KR7494220007,,FGSC.35,의료,,,,
KR7494220007,,FGSC.40,금융,,,,
KR7494220007,20260813,FGSC.45,IT,97.0778,59.71,37.37,현대UNICORNSK하이닉스밸류체인액티브증권상장지수투자신탁[주식]
KR7494220007,,FGSC.50,통신서비스,,,,
KR7494220007,,FGSC.55,유틸리티,,,,
KR7470310004,,FGSC.10,에너지,,,,
KR7470310004,,FGSC.15,소재,,,,
KR7470310004,20260813,FGSC.20,산업재,6.4805,13.59,-7.11,현대UNICORN생성형AI강소기업액티브증권상장지수투자신탁[주식]
KR7470310004,20260813,FGSC.25,경기소비재,9.5708,6.12,3.46,현대UNICORN생성형AI강소기업액티브증권상장지수투자신탁[주식]
KR7470310004,,FGSC.30,필수소비재,,,,
KR7470310004,20260813,FGSC.35,의료,15.1702,5.15,10.02,현대UNICORN생성형AI강소기업액티브증권상장지수투자신탁[주식]
KR7470310004,,FGSC.40,금융,,,,
KR7470310004,20260813,FGSC.45,IT,68.7785,59.71,9.07,현대UNICORN생성형AI강소기업액티브증권상장지수투자신탁[주식]
KR7470310004,,FGSC.50,통신서비스,,,,
KR7470310004,,FGSC.55,유틸리티,,,,
KR7476000005,,FGSC.10,에너지,,,,
KR7476000005,,FGSC.15,소재,,,,
KR7476000005,20260813,FGSC.20,산업재,15.3073,13.59,1.72,현대UNICORN포스트IPO액티브증권상장지수투자신탁[주식]
KR7476000005,20260813,FGSC.25,경기소비재,2.7076,6.12,-3.41,현대UNICORN포스트IPO액티브증권상장지수투자신탁[주식]
KR7476000005,,FGSC.30,필수소비재,,,,
KR7476000005,20260813,FGSC.35,의료,41.5899,5.15,36.44,현대UNICORN포스트IPO액티브증권상장지수투자신탁[주식]
KR7476000005,20260813,FGSC.40,금융,5.3873,7.56,-2.17,현대UNICORN포스트IPO액티브증권상장지수투자신탁[주식]
KR7476000005,20260813,FGSC.45,IT,35.0078,59.71,-24.7,현대UNICORN포스트IPO액티브증권상장지수투자신탁[주식]
KR7476000005,,FGSC.50,통신서비스,,,,
KR7476000005,,FGSC.55,유틸리티,,,,
KR7491700001,20260813,FGSC.10,에너지,1.3499,2,-.65,흥국HK200증권상장지수투자신탁[주식]
KR7491700001,20260813,FGSC.15,소재,2.1261,2.8,-.67,흥국HK200증권상장지수투자신탁[주식]
KR7491700001,20260813,FGSC.20,산업재,10.7275,13.59,-2.86,흥국HK200증권상장지수투자신탁[주식]
KR7491700001,20260813,FGSC.25,경기소비재,5.2508,6.12,-.86,흥국HK200증권상장지수투자신탁[주식]
KR7491700001,20260813,FGSC.30,필수소비재,1.5702,1.91,-.34,흥국HK200증권상장지수투자신탁[주식]
KR7491700001,20260813,FGSC.35,의료,1.9274,5.15,-3.23,흥국HK200증권상장지수투자신탁[주식]
KR7491700001,20260813,FGSC.40,금융,7.757,7.56,.2,흥국HK200증권상장지수투자신탁[주식]
KR7491700001,20260813,FGSC.45,IT,68.0648,59.71,8.35,흥국HK200증권상장지수투자신탁[주식]
KR7491700001,20260813,FGSC.50,통신서비스,.8298,.66,.17,흥국HK200증권상장지수투자신탁[주식]
KR7491700001,20260813,FGSC.55,유틸리티,.3962,.5,-.1,흥국HK200증권상장지수투자신탁[주식]
KR70000Y0004,,FGSC.10,에너지,,,,
KR70000Y0004,,FGSC.15,소재,,,,
KR70000Y0004,,FGSC.20,산업재,,,,
KR70000Y0004,,FGSC.25,경기소비재,,,,
KR70000Y0004,,FGSC.30,필수소비재,,,,
KR70000Y0004,,FGSC.35,의료,,,,
KR70000Y0004,,FGSC.40,금융,,,,
KR70000Y0004,,FGSC.45,IT,,,,
KR70000Y0004,,FGSC.50,통신서비스,,,,
KR70000Y0004,,FGSC.55,유틸리티,,,,
KR7215620006,,FGSC.10,에너지,,,,
KR7215620006,20260813,FGSC.15,소재,10.1987,2.8,7.4,흥국HK S&P코리아로우볼증권상장지수투자신탁[주식]
KR7215620006,20260813,FGSC.20,산업재,14.6392,13.59,1.05,흥국HK S&P코리아로우볼증권상장지수투자신탁[주식]
KR7215620006,20260813,FGSC.25,경기소비재,15.7937,6.12,9.68,흥국HK S&P코리아로우볼증권상장지수투자신탁[주식]
KR7215620006,20260813,FGSC.30,필수소비재,23.3557,1.91,21.45,흥국HK S&P코리아로우볼증권상장지수투자신탁[주식]
KR7215620006,20260813,FGSC.35,의료,9.6242,5.15,4.47,흥국HK S&P코리아로우볼증권상장지수투자신탁[주식]
KR7215620006,20260813,FGSC.40,금융,22.2421,7.56,14.68,흥국HK S&P코리아로우볼증권상장지수투자신탁[주식]
KR7215620006,20260813,FGSC.45,IT,2.3285,59.71,-57.38,흥국HK S&P코리아로우볼증권상장지수투자신탁[주식]
KR7215620006,20260813,FGSC.50,통신서비스,1.8178,.66,1.16,흥국HK S&P코리아로우볼증권상장지수투자신탁[주식]
KR7215620006,,FGSC.55,유틸리티,,,,
KR70113P0009,,FGSC.10,에너지,,,,
KR70113P0009,,FGSC.15,소재,,,,
KR70113P0009,,FGSC.20,산업재,,,,
KR70113P0009,,FGSC.25,경기소비재,,,,
KR70113P0009,,FGSC.30,필수소비재,,,,
KR70113P0009,,FGSC.35,의료,,,,
KR70113P0009,,FGSC.40,금융,,,,
KR70113P0009,,FGSC.45,IT,,,,
KR70113P0009,,FGSC.50,통신서비스,,,,
KR70113P0009,,FGSC.55,유틸리티,,,,
KR7391670007,20260813,FGSC.10,에너지,24.135,2,22.13,흥국HK베스트일레븐액티브증권상장지수투자신탁[주식]
KR7391670007,,FGSC.15,소재,,,,
KR7391670007,20260813,FGSC.20,산업재,3.8591,13.59,-9.73,흥국HK베스트일레븐액티브증권상장지수투자신탁[주식]
KR7391670007,20260813,FGSC.25,경기소비재,1.6329,6.12,-4.48,흥국HK베스트일레븐액티브증권상장지수투자신탁[주식]
KR7391670007,,FGSC.30,필수소비재,,,,
KR7391670007,,FGSC.35,의료,,,,
KR7391670007,,FGSC.40,금융,,,,
KR7391670007,20260813,FGSC.45,IT,62.8499,59.71,3.14,흥국HK베스트일레븐액티브증권상장지수투자신탁[주식]
KR7391670007,20260813,FGSC.50,통신서비스,7.5233,.66,6.86,흥국HK베스트일레븐액티브증권상장지수투자신탁[주식]
KR7391670007,,FGSC.55,유틸리티,,,,
KR7472920008,,FGSC.10,에너지,,,,
KR7472920008,,FGSC.15,소재,,,,
KR7472920008,,FGSC.20,산업재,,,,
KR7472920008,,FGSC.25,경기소비재,,,,
KR7472920008,,FGSC.30,필수소비재,,,,
KR7472920008,,FGSC.35,의료,,,,
KR7472920008,,FGSC.40,금융,,,,
KR7472920008,,FGSC.45,IT,,,,
KR7472920008,,FGSC.50,통신서비스,,,,
KR7472920008,,FGSC.55,유틸리티,,,,
