ISIN,종목명,지급기준일,배당구분,주당분배금,분배율,과표기준가,결산기준가,세금구분,배당확정여부,현금배당방법,총분배금,지급기간,청산분배금기준,청산차수
KR70151P0002,RISE 코리아전략산업액티브,20260731,이익분배,30,.00279864582857,"10,737.99",0.00,현금(배당소득),확정,정액,325500000,2026/08/04 ~ 2026/08/04,,
KR7337160006,KODEX 200ESG,20260731,이익분배,80,.00804735870598,"10,110.77",0.00,현금(배당소득),확정,정액,296000000,2026/08/04 ~ 2026/08/04,,
KR7337160006,KODEX 200ESG,20260430,이익분배,300,.03017759514744,"10,350.04",0.00,현금(배당소득),확정,정액,840000000,2026/05/06 ~ 2026/05/06,,
KR7337160006,KODEX 200ESG,20260130,이익분배,23,.00231361562797,"10,200.80",0.00,현금(배당소득),확정,정액,52900000,2026/02/03 ~ 2026/02/03,,
KR7337160006,KODEX 200ESG,20250430,이익분배,305,.03068055506657,"10,333.54",0.00,현금(배당소득),확정,정액,854000000,2025/05/07 ~ 2025/05/07,,
KR7337150007,KODEX 200exTOP,20260731,이익분배,79,.00808249464663,"9,867.03",0.00,현금(배당소득),확정,정액,47400000,2026/08/04 ~ 2026/08/04,,
KR7337150007,KODEX 200exTOP,20260430,이익분배,221,.02261052299879,"10,062.50",0.00,현금(배당소득),확정,정액,154700000,2026/05/06 ~ 2026/05/06,,
KR7337150007,KODEX 200exTOP,20250430,이익분배,281,.02874912652787,"10,009.07",0.00,현금(배당소득),확정,정액,224800000,2025/05/07 ~ 2025/05/07,,
KR7337120000,KODEX 멀티팩터,20260731,이익분배,83,.00832077698012,"10,195.86",0.00,현금(배당소득),확정,정액,49800000,2026/08/04 ~ 2026/08/04,,
KR7337120000,KODEX 멀티팩터,20260430,이익분배,204,.02045106631258,"10,382.85",0.00,현금(배당소득),확정,정액,122400000,2026/05/06 ~ 2026/05/06,,
KR7337120000,KODEX 멀티팩터,20250430,이익분배,288,.02887209361776,"10,395.33",0.00,현금(배당소득),확정,정액,172800000,2025/05/07 ~ 2025/05/07,,
KR7336160007,RISE 금융채액티브,20260731,이익분배,317,.00317001077804,"101,012.37",0.00,현금(배당소득),확정,정액,166108000,2026/08/04 ~ 2026/08/04,,
KR7336160007,RISE 금융채액티브,20260630,이익분배,331,.00331001125404,"101,206.62",0.00,현금(배당소득),확정,정액,161197000,2026/07/02 ~ 2026/07/02,,
KR7336160007,RISE 금융채액티브,20260529,이익분배,251,.00251000853403,"101,332.56",0.00,현금(배당소득),확정,정액,149094000,2026/06/02 ~ 2026/06/02,,
KR7336160007,RISE 금융채액티브,20260430,이익분배,159,.00159000540602,"101,549.97",0.00,현금(배당소득),확정,정액,91743000,2026/05/06 ~ 2026/05/06,,
KR7336160007,RISE 금융채액티브,20260331,이익분배,227,.00227000771803,"101,292.75",0.00,현금(배당소득),확정,정액,93751000,2026/04/02 ~ 2026/04/02,,
KR7336160007,RISE 금융채액티브,20260227,이익분배,215,.00215000731002,"102,481.27",0.00,현금(배당소득),확정,정액,89440000,2026/03/04 ~ 2026/03/04,,
KR7336160007,RISE 금융채액티브,20260130,이익분배,320,.00320001088004,"102,831.54",0.00,현금(배당소득),확정,정액,134400000,2026/02/03 ~ 2026/02/03,,
KR7336160007,RISE 금융채액티브,20251230,이익분배,242,.00242000822803,"103,000.00",0.00,현금(배당소득),확정,정액,99220000,2026/01/05 ~ 2026/01/05,,
KR7336160007,RISE 금융채액티브,20251128,이익분배,360,.00360001224004,"103,209.50",0.00,현금(배당소득),확정,정액,155520000,2025/12/02 ~ 2025/12/02,,
KR7336160007,RISE 금융채액티브,20251031,이익분배,214,.00214000727602,"103,909.61",0.00,현금(배당소득),확정,정액,92448000,2025/11/04 ~ 2025/11/04,,
KR7336160007,RISE 금융채액티브,20250930,이익분배,401,.00401001363405,"104,291.25",0.00,현금(배당소득),확정,정액,172430000,2025/10/02 ~ 2025/10/02,,
KR7336160007,RISE 금융채액티브,20250829,이익분배,203,.00203000690202,"104,601.83",0.00,현금(배당소득),확정,정액,87290000,2025/09/02 ~ 2025/09/02,,
KR7336160007,RISE 금융채액티브,20250731,이익분배,200,.00200000680002,"104,454.44",0.00,현금(배당소득),확정,정액,86000000,2025/08/04 ~ 2025/08/04,,
KR7336160007,RISE 금융채액티브,20250630,이익분배,445,.00445001513005,"104,483.43",0.00,현금(배당소득),확정,정액,191350000,2025/07/02 ~ 2025/07/02,,
KR7336160007,RISE 금융채액티브,20250530,이익분배,155,.00155000527002,"104,666.69",0.00,현금(배당소득),확정,정액,66650000,2025/06/04 ~ 2025/06/04,,
KR7336160007,RISE 금융채액티브,20250430,이익분배,170,.00170000578002,"104,488.40",0.00,현금(배당소득),확정,정액,73100000,2025/05/07 ~ 2025/05/07,,
KR7336160007,RISE 금융채액티브,20250331,이익분배,400,.00400001360005,"103,874.90",0.00,현금(배당소득),확정,정액,164000000,2025/04/02 ~ 2025/04/02,,
KR7336160007,RISE 금융채액티브,20250228,이익분배,190,.00190000646002,"103,952.88",0.00,현금(배당소득),확정,정액,77140000,2025/03/05 ~ 2025/03/05,,
KR7336160007,RISE 금융채액티브,20250131,이익분배,200,.00200000680002,"103,826.92",0.00,현금(배당소득),확정,정액,79800000,2025/02/04 ~ 2025/02/04,,
KR7336160007,RISE 금융채액티브,20241230,이익분배,485,.00485001649006,"103,433.72",0.00,현금(배당소득),확정,정액,190120000,2025/01/03 ~ 2025/01/03,,
KR7336160007,RISE 금융채액티브,20241129,이익분배,275,.00275000935003,"103,519.21",0.00,현금(배당소득),확정,정액,107800000,2024/12/03 ~ 2024/12/03,,
KR7336160007,RISE 금융채액티브,20241031,이익분배,205,.00205000697002,"103,045.35",0.00,현금(배당소득),확정,정액,80360000,2024/11/04 ~ 2024/11/04,,
KR7336160007,RISE 금융채액티브,20240930,이익분배,280,.00280000952003,"103,294.79",0.00,현금(배당소득),확정,정액,111160000,2024/10/04 ~ 2024/10/04,,
KR7336160007,RISE 금융채액티브,20240830,이익분배,270,.00270000918003,"103,021.25",0.00,현금(배당소득),확정,정액,107190000,2024/09/03 ~ 2024/09/03,,
KR7245350004,TIGER 유로스탁스배당30,20260731,이익분배,520,.052,"20,428.10",0.00,현금(배당소득),확정,정액,832000000,2026/08/04 ~ 2026/08/04,,
KR7245350004,TIGER 유로스탁스배당30,20260430,이익분배,110,.011,"19,678.04",0.00,현금(배당소득),확정,정액,176000000,2026/05/06 ~ 2026/05/06,,
KR7245350004,TIGER 유로스탁스배당30,20260130,이익분배,60,.006,"18,930.28",0.00,현금(배당소득),확정,정액,93000000,2026/02/03 ~ 2026/02/03,,
KR7245350004,TIGER 유로스탁스배당30,20251031,이익분배,70,.007,"17,290.81",0.00,현금(배당소득),확정,정액,112000000,2025/11/04 ~ 2025/11/04,,
KR7245350004,TIGER 유로스탁스배당30,20250731,이익분배,480,.048,"16,829.24",0.00,현금(배당소득),확정,정액,768000000,2025/08/04 ~ 2025/08/04,,
KR7245350004,TIGER 유로스탁스배당30,20250430,이익분배,54,.0054,"15,724.64",0.00,현금(배당소득),확정,정액,132300000,2025/05/07 ~ 2025/05/07,,
KR7245350004,TIGER 유로스탁스배당30,20250131,이익분배,70,.007,"12,812.55",0.00,현금(배당소득),확정,정액,73500000,2025/02/04 ~ 2025/02/04,,
KR7245350004,TIGER 유로스탁스배당30,20241031,이익분배,70,.007,"12,647.33",0.00,현금(배당소득),확정,정액,73500000,2024/11/04 ~ 2024/11/04,,
KR70065G0008,KODEX 차이나테크TOP10,20260731,이익분배,53,.0053,"9,730.18",0.00,현금(배당소득),확정,정액,148400000,2026/08/04 ~ 2026/08/04,,
KR70065G0008,KODEX 차이나테크TOP10,20260430,이익분배,9,.0009,"10,170.53",0.00,현금(배당소득),확정,정액,28800000,2026/05/06 ~ 2026/05/06,,
KR70065G0008,KODEX 차이나테크TOP10,20260130,이익분배,4,.0004,"11,126.09",0.00,현금(배당소득),확정,정액,17400000,2026/02/03 ~ 2026/02/03,,
KR70065G0008,KODEX 차이나테크TOP10,20251031,이익분배,14,.0014,"11,919.52",0.00,현금(배당소득),확정,정액,60900000,2025/11/04 ~ 2025/11/04,,
KR7495750002,HANARO 코리아밸류업,20260731,이익분배,85,.0088458644543,"9,716.26",0.00,현금(배당소득),확정,정액,208250000,2026/08/04 ~ 2026/08/04,,
KR7495750002,HANARO 코리아밸류업,20260430,이익분배,170,.0176917289086,"9,827.02",0.00,현금(배당소득),확정,정액,382500000,2026/05/06 ~ 2026/05/06,,
KR7495750002,HANARO 코리아밸류업,20260130,이익분배,30,.0031220698074,"9,690.05",0.00,현금(배당소득),확정,정액,64500000,2026/02/03 ~ 2026/02/03,,
KR7495750002,HANARO 코리아밸류업,20251031,이익분배,35,.0036424147753,"9,668.48",0.00,현금(배당소득),확정,정액,80500000,2025/11/04 ~ 2025/11/04,,
KR7495750002,HANARO 코리아밸류업,20250731,이익분배,40,.0041627597432,"9,666.40",0.00,현금(배당소득),확정,정액,88000000,2025/08/04 ~ 2025/08/04,,
KR7495750002,HANARO 코리아밸류업,20250430,이익분배,165,.0171713839407,"9,790.55",0.00,현금(배당소득),확정,정액,363000000,2025/05/07 ~ 2025/05/07,,
KR70000D0009,TIGER 엔비디아미국채커버드콜밸런스(합성),20260731,이익분배,95,.0095,"9,907.51",0.00,현금(배당소득),확정,정액,650750000,2026/08/04 ~ 2026/08/04,,
KR70000D0009,TIGER 엔비디아미국채커버드콜밸런스(합성),20260630,이익분배,104,.0104,"10,767.10",0.00,현금(배당소득),확정,정액,707200000,2026/07/02 ~ 2026/07/02,,
KR70000D0009,TIGER 엔비디아미국채커버드콜밸런스(합성),20260529,이익분배,103,.0103,"10,725.36",0.00,현금(배당소득),확정,정액,726150000,2026/06/02 ~ 2026/06/02,,
KR70000D0009,TIGER 엔비디아미국채커버드콜밸런스(합성),20260430,이익분배,102,.0102,"10,737.45",0.00,현금(배당소득),확정,정액,642600000,2026/05/06 ~ 2026/05/06,,
KR70000D0009,TIGER 엔비디아미국채커버드콜밸런스(합성),20260331,이익분배,100,.01,"10,277.93",0.00,현금(배당소득),확정,정액,625000000,2026/04/02 ~ 2026/04/02,,
KR70000D0009,TIGER 엔비디아미국채커버드콜밸런스(합성),20260227,이익분배,100,.01,"10,435.59",0.00,현금(배당소득),확정,정액,620000000,2026/03/04 ~ 2026/03/04,,
KR70000D0009,TIGER 엔비디아미국채커버드콜밸런스(합성),20260130,이익분배,99,.0099,"10,241.87",0.00,현금(배당소득),확정,정액,608850000,2026/02/03 ~ 2026/02/03,,
KR70000D0009,TIGER 엔비디아미국채커버드콜밸런스(합성),20251230,이익분배,101,.0101,"10,510.74",0.00,현금(배당소득),확정,정액,600950000,2026/01/05 ~ 2026/01/05,,
KR70000D0009,TIGER 엔비디아미국채커버드콜밸런스(합성),20251128,이익분배,104,.0104,"10,736.24",0.00,현금(배당소득),확정,정액,598000000,2025/12/02 ~ 2025/12/02,,
KR70000D0009,TIGER 엔비디아미국채커버드콜밸런스(합성),20251031,이익분배,105,.0105,"11,071.76",0.00,현금(배당소득),확정,정액,577500000,2025/11/04 ~ 2025/11/04,,
KR70000D0009,TIGER 엔비디아미국채커버드콜밸런스(합성),20250930,이익분배,99,.0099,"10,406.50",0.00,현금(배당소득),확정,정액,544500000,2025/10/02 ~ 2025/10/02,,
KR70000D0009,TIGER 엔비디아미국채커버드콜밸런스(합성),20250829,이익분배,98,.0098,"10,315.47",0.00,현금(배당소득),확정,정액,539000000,2025/09/02 ~ 2025/09/02,,
KR70000D0009,TIGER 엔비디아미국채커버드콜밸런스(합성),20250731,이익분배,97,.0097,"10,184.68",0.00,현금(배당소득),확정,정액,485000000,2025/08/04 ~ 2025/08/04,,
KR70000D0009,TIGER 엔비디아미국채커버드콜밸런스(합성),20250630,이익분배,92,.0092,"9,626.37",0.00,현금(배당소득),확정,정액,460000000,2025/07/02 ~ 2025/07/02,,
KR70000D0009,TIGER 엔비디아미국채커버드콜밸런스(합성),20250530,이익분배,89,.0089,"9,226.87",0.00,현금(배당소득),확정,정액,445000000,2025/06/04 ~ 2025/06/04,,
KR70000D0009,TIGER 엔비디아미국채커버드콜밸런스(합성),20250430,이익분배,89,.0089,"9,303.67",0.00,현금(배당소득),확정,정액,445000000,2025/05/07 ~ 2025/05/07,,
KR70000D0009,TIGER 엔비디아미국채커버드콜밸런스(합성),20250331,이익분배,96,.0096,"9,492.34",0.00,현금(배당소득),확정,정액,480000000,2025/04/02 ~ 2025/04/02,,
KR70000D0009,TIGER 엔비디아미국채커버드콜밸런스(합성),20250228,이익분배,97,.0097,"9,687.15",0.00,현금(배당소득),확정,정액,485000000,2025/03/05 ~ 2025/03/05,,
KR70000D0009,TIGER 엔비디아미국채커버드콜밸런스(합성),20250131,이익분배,101,.0101,"10,113.00",0.00,현금(배당소득),확정,정액,454500000,2025/02/04 ~ 2025/02/04,,
KR70000D0009,TIGER 엔비디아미국채커버드콜밸런스(합성),20241230,이익분배,50,.005,"10,202.41",0.00,현금(배당소득),확정,정액,200000000,2025/01/03 ~ 2025/01/03,,
KR70144M0005,KODEX 미국드론UAM TOP10,20260731,이익분배,2,.0002,"7,560.38",0.00,현금(배당소득),확정,정액,5700000,2026/08/04 ~ 2026/08/04,,
KR70144M0005,KODEX 미국드론UAM TOP10,20260430,이익분배,4,.0004,"8,322.92",0.00,현금(배당소득),확정,정액,14400000,2026/05/06 ~ 2026/05/06,,
KR70144L0006,KODEX 미국성장커버드콜액티브,20260731,이익분배,99,.0099,"10,011.16",0.00,현금(배당소득),확정,정액,3588750000,2026/08/04 ~ 2026/08/04,,
KR70144L0006,KODEX 미국성장커버드콜액티브,20260630,이익분배,106,.0106,"10,783.90",0.00,현금(배당소득),확정,정액,3805400000,2026/07/02 ~ 2026/07/02,,
KR70144L0006,KODEX 미국성장커버드콜액티브,20260529,이익분배,107,.0107,"11,103.43",0.00,현금(배당소득),확정,정액,3889450000,2026/06/02 ~ 2026/06/02,,
KR70144L0006,KODEX 미국성장커버드콜액티브,20260430,이익분배,99,.0099,"10,334.48",0.00,현금(배당소득),확정,정액,3628350000,2026/05/06 ~ 2026/05/06,,
KR70144L0006,KODEX 미국성장커버드콜액티브,20260331,이익분배,93,.0093,"9,364.57",0.00,현금(배당소득),확정,정액,3357300000,2026/04/02 ~ 2026/04/02,,
KR70144L0006,KODEX 미국성장커버드콜액티브,20260227,이익분배,94,.0094,"9,445.77",0.00,현금(배당소득),확정,정액,3257100000,2026/03/04 ~ 2026/03/04,,
KR70144L0006,KODEX 미국성장커버드콜액티브,20260130,이익분배,97,.0097,"9,706.45",0.00,현금(배당소득),확정,정액,2851800000,2026/02/03 ~ 2026/02/03,,
KR7381180009,TIGER 미국필라델피아반도체나스닥,20260731,이익분배,49,.0049,"41,917.63",0.00,현금(배당소득),확정,정액,6595400000,2026/08/04 ~ 2026/08/04,,
KR7381180009,TIGER 미국필라델피아반도체나스닥,20260430,이익분배,46,.0046,"40,281.15",0.00,현금(배당소득),확정,정액,5416500000,2026/05/06 ~ 2026/05/06,,
KR7381180009,TIGER 미국필라델피아반도체나스닥,20260130,이익분배,37,.0037,"30,337.31",0.00,현금(배당소득),확정,정액,4552850000,2026/02/03 ~ 2026/02/03,,
KR7381180009,TIGER 미국필라델피아반도체나스닥,20251031,이익분배,37,.0037,"27,157.58",0.00,현금(배당소득),확정,정액,4301250000,2025/11/04 ~ 2025/11/04,,
KR7381180009,TIGER 미국필라델피아반도체나스닥,20250731,이익분배,37,.0037,"21,071.64",0.00,현금(배당소득),확정,정액,4506600000,2025/08/04 ~ 2025/08/04,,
KR7381180009,TIGER 미국필라델피아반도체나스닥,20250430,이익분배,20,.002,"16,228.62",0.00,현금(배당소득),확정,정액,2730000000,2025/05/07 ~ 2025/05/07,,
KR7381180009,TIGER 미국필라델피아반도체나스닥,20250131,이익분배,37,.0037,"20,823.73",0.00,현금(배당소득),확정,정액,4859950000,2025/02/04 ~ 2025/02/04,,
KR7381180009,TIGER 미국필라델피아반도체나스닥,20241031,이익분배,43,.0043,"19,201.66",0.00,현금(배당소득),확정,정액,6336050000,2024/11/04 ~ 2024/11/04,,
KR70007N0000,아이엠에셋 200,20260731,이익분배,150,.00448465083406,"33,615.63",0.00,현금(배당소득),확정,정액,135000000,2026/08/04 ~ 2026/08/04,,
KR70007N0000,아이엠에셋 200,20260430,이익분배,1200,.03587720667244,"34,698.77",0.00,현금(배당소득),확정,정액,1080000000,2026/05/06 ~ 2026/05/06,,
KR7433980000,KODEX TDF2040액티브 적격,20260731,이익분배,103,.0103,"15,683.41",0.00,현금(배당소득),확정,정액,1194800000,2026/08/04 ~ 2026/08/04,,
KR7433980000,KODEX TDF2040액티브 적격,20260430,이익분배,30,.003,"15,766.32",0.00,현금(배당소득),확정,정액,277500000,2026/05/06 ~ 2026/05/06,,
KR7433980000,KODEX TDF2040액티브 적격,20260130,이익분배,96,.0096,"15,318.26",0.00,현금(배당소득),확정,정액,710400000,2026/02/03 ~ 2026/02/03,,
KR7433980000,KODEX TDF2040액티브 적격,20251031,이익분배,50,.005,"15,236.68",0.00,현금(배당소득),확정,정액,247500000,2025/11/04 ~ 2025/11/04,,
KR7433980000,KODEX TDF2040액티브 적격,20250731,이익분배,40,.004,"14,268.85",0.00,현금(배당소득),확정,정액,130000000,2025/08/04 ~ 2025/08/04,,
KR7433980000,KODEX TDF2040액티브 적격,20250430,이익분배,40,.004,"13,599.21",0.00,현금(배당소득),확정,정액,114000000,2025/05/07 ~ 2025/05/07,,
KR7433980000,KODEX TDF2040액티브 적격,20250131,이익분배,75,.0075,"13,902.65",0.00,현금(배당소득),확정,정액,150000000,2025/02/04 ~ 2025/02/04,,
KR7433980000,KODEX TDF2040액티브 적격,20241031,이익분배,75,.0075,"13,337.27",0.00,현금(배당소득),확정,정액,105000000,2024/11/04 ~ 2024/11/04,,
KR7496120007,ACE 코리아밸류업,20260731,이익분배,48,.00489208369132,"9,872.24",0.00,현금(배당소득),확정,정액,36000000,2026/08/04 ~ 2026/08/04,,
KR7496120007,ACE 코리아밸류업,20260430,이익분배,150,.01528776153538,"9,969.98",0.00,현금(배당소득),확정,정액,127500000,2026/05/06 ~ 2026/05/06,,
KR7496120007,ACE 코리아밸류업,20260130,이익분배,50,.00509592051179,"9,863.77",0.00,현금(배당소득),확정,정액,42500000,2026/02/03 ~ 2026/02/03,,
KR7496120007,ACE 코리아밸류업,20251031,이익분배,40,.00407673640943,"9,852.46",0.00,현금(배당소득),확정,정액,34000000,2025/11/04 ~ 2025/11/04,,
KR7496120007,ACE 코리아밸류업,20250731,이익분배,40,.00407673640943,"9,854.49",0.00,현금(배당소득),확정,정액,36000000,2025/08/04 ~ 2025/08/04,,
KR7496120007,ACE 코리아밸류업,20250430,이익분배,175,.01714308105249,"9,994.32",0.00,현금(배당소득),확정,정액,332500000,2025/05/07 ~ 2025/05/07,,
KR7419420005,KODEX 미국클린에너지나스닥,20260731,이익분배,8,.0008,"9,209.40",0.00,현금(배당소득),확정,정액,9600000,2026/08/04 ~ 2026/08/04,,
KR7419420005,KODEX 미국클린에너지나스닥,20260430,이익분배,6,.0006,"11,154.65",0.00,현금(배당소득),확정,정액,8400000,2026/05/06 ~ 2026/05/06,,
KR7419420005,KODEX 미국클린에너지나스닥,20260130,이익분배,10,.001,"9,546.57",0.00,현금(배당소득),확정,정액,16000000,2026/02/03 ~ 2026/02/03,,
KR7419420005,KODEX 미국클린에너지나스닥,20251031,이익분배,8,.0008,"8,749.61",0.00,현금(배당소득),확정,정액,12000000,2025/11/04 ~ 2025/11/04,,
KR7419420005,KODEX 미국클린에너지나스닥,20250731,이익분배,7,.0007,"6,856.21",0.00,현금(배당소득),확정,정액,10500000,2025/08/04 ~ 2025/08/04,,
KR7419420005,KODEX 미국클린에너지나스닥,20250131,이익분배,5,.0005,"6,501.89",0.00,현금(배당소득),확정,정액,7500000,2025/02/04 ~ 2025/02/04,,
KR7484790001,KODEX 미국30년국채액티브(H),20260731,이익분배,35,.0035,"9,267.85",0.00,현금(배당소득),확정,정액,2556400000,2026/08/04 ~ 2026/08/04,,
KR7484790001,KODEX 미국30년국채액티브(H),20260630,이익분배,37,.0037,"9,560.71",0.00,현금(배당소득),확정,정액,2773150000,2026/07/02 ~ 2026/07/02,,
KR7484790001,KODEX 미국30년국채액티브(H),20260529,이익분배,36,.0036,"9,307.26",0.00,현금(배당소득),확정,정액,2778480000,2026/06/02 ~ 2026/06/02,,
KR7484790001,KODEX 미국30년국채액티브(H),20260430,이익분배,37,.0037,"9,401.06",0.00,현금(배당소득),확정,정액,2639210000,2026/05/06 ~ 2026/05/06,,
KR7484790001,KODEX 미국30년국채액티브(H),20260331,이익분배,32,.0032,"9,360.18",0.00,현금(배당소득),확정,정액,2187200000,2026/04/02 ~ 2026/04/02,,
KR7484790001,KODEX 미국30년국채액티브(H),20260227,이익분배,36,.0036,"9,724.34",0.00,현금(배당소득),확정,정액,2566080000,2026/03/04 ~ 2026/03/04,,
KR7484790001,KODEX 미국30년국채액티브(H),20260130,이익분배,37,.0037,"9,498.05",0.00,현금(배당소득),확정,정액,2847520000,2026/02/03 ~ 2026/02/03,,
KR7484790001,KODEX 미국30년국채액티브(H),20251230,이익분배,36,.0036,"9,519.64",0.00,현금(배당소득),확정,정액,2838600000,2026/01/05 ~ 2026/01/05,,
KR7484790001,KODEX 미국30년국채액티브(H),20251128,이익분배,37,.0037,"9,717.38",0.00,현금(배당소득),확정,정액,2874530000,2025/12/02 ~ 2025/12/02,,
KR7484790001,KODEX 미국30년국채액티브(H),20251031,이익분배,36,.0036,"9,886.20",0.00,현금(배당소득),확정,정액,2761200000,2025/11/04 ~ 2025/11/04,,
KR7484790001,KODEX 미국30년국채액티브(H),20250930,이익분배,35,.0035,"9,547.99",0.00,현금(배당소득),확정,정액,2774450000,2025/10/02 ~ 2025/10/02,,
KR7484790001,KODEX 미국30년국채액티브(H),20250829,이익분배,37,.0037,"9,300.22",0.00,현금(배당소득),확정,정액,2944830000,2025/09/02 ~ 2025/09/02,,
KR7484790001,KODEX 미국30년국채액티브(H),20250731,이익분배,35,.0035,"9,201.84",0.00,현금(배당소득),확정,정액,2585800000,2025/08/04 ~ 2025/08/04,,
KR7484790001,KODEX 미국30년국채액티브(H),20250630,이익분배,36,.0036,"9,361.12",0.00,현금(배당소득),확정,정액,2316960000,2025/07/02 ~ 2025/07/02,,
KR7484790001,KODEX 미국30년국채액티브(H),20250530,이익분배,37,.0037,"9,145.62",0.00,현금(배당소득),확정,정액,2377990000,2025/06/04 ~ 2025/06/04,,
KR7484790001,KODEX 미국30년국채액티브(H),20250430,이익분배,37,.0037,"9,476.71",0.00,현금(배당소득),확정,정액,1899950000,2025/05/07 ~ 2025/05/07,,
KR7484790001,KODEX 미국30년국채액티브(H),20250331,이익분배,39,.0039,"9,477.93",0.00,현금(배당소득),확정,정액,1682850000,2025/04/02 ~ 2025/04/02,,
KR7484790001,KODEX 미국30년국채액티브(H),20250228,이익분배,38,.0038,"9,670.57",0.00,현금(배당소득),확정,정액,1510500000,2025/03/05 ~ 2025/03/05,,
KR7484790001,KODEX 미국30년국채액티브(H),20250131,이익분배,38,.0038,"9,264.45",0.00,현금(배당소득),확정,정액,1465280000,2025/02/04 ~ 2025/02/04,,
KR7484790001,KODEX 미국30년국채액티브(H),20241230,이익분배,45,.0045,"9,306.04",0.00,현금(배당소득),확정,정액,1538550000,2025/01/03 ~ 2025/01/03,,
KR7484790001,KODEX 미국30년국채액티브(H),20241129,이익분배,30,.003,"9,744.01",0.00,현금(배당소득),확정,정액,979500000,2024/12/03 ~ 2024/12/03,,
KR7484790001,KODEX 미국30년국채액티브(H),20241031,이익분배,38,.0038,"9,670.19",0.00,현금(배당소득),확정,정액,1065900000,2024/11/04 ~ 2024/11/04,,
KR7484790001,KODEX 미국30년국채액티브(H),20240930,이익분배,37,.0037,"10,324.94",0.00,현금(배당소득),확정,정액,870610000,2024/10/04 ~ 2024/10/04,,
KR7484790001,KODEX 미국30년국채액티브(H),20240830,이익분배,37,.0037,"10,361.56",0.00,현금(배당소득),확정,정액,784400000,2024/09/03 ~ 2024/09/03,,
KR7453080004,KIWOOM 미국나스닥100(H),20260731,이익분배,30,.003,"21,649.05",0.00,현금(배당소득),확정,정액,114000000,2026/08/04 ~ 2026/08/04,,
KR7453080004,KIWOOM 미국나스닥100(H),20260430,이익분배,29,.0029,"21,396.17",0.00,현금(배당소득),확정,정액,92800000,2026/05/06 ~ 2026/05/06,,
KR7453080004,KIWOOM 미국나스닥100(H),20260130,이익분배,26,.0026,"20,441.02",0.00,현금(배당소득),확정,정액,91000000,2026/02/03 ~ 2026/02/03,,
KR7453080004,KIWOOM 미국나스닥100(H),20251031,이익분배,26,.0026,"20,664.67",0.00,현금(배당소득),확정,정액,75400000,2025/11/04 ~ 2025/11/04,,
KR7453080004,KIWOOM 미국나스닥100(H),20250731,이익분배,25,.0025,"18,649.14",0.00,현금(배당소득),확정,정액,85000000,2025/08/04 ~ 2025/08/04,,
KR7453080004,KIWOOM 미국나스닥100(H),20250430,이익분배,50,.005,"15,724.03",0.00,현금(배당소득),확정,정액,205000000,2025/05/07 ~ 2025/05/07,,
KR7465660009,TIGER 일본반도체FACTSET,20260731,이익분배,25,.0025,"23,546.17",0.00,현금(배당소득),확정,정액,37500000,2026/08/04 ~ 2026/08/04,,
KR7465660009,TIGER 일본반도체FACTSET,20260430,이익분배,80,.008,"24,772.89",0.00,현금(배당소득),확정,정액,80000000,2026/05/06 ~ 2026/05/06,,
KR7465660009,TIGER 일본반도체FACTSET,20260130,이익분배,100,.01,"20,963.08",0.00,현금(배당소득),확정,정액,90000000,2026/02/03 ~ 2026/02/03,,
KR7465660009,TIGER 일본반도체FACTSET,20251031,이익분배,15,.0015,"16,289.45",0.00,현금(배당소득),확정,정액,20250000,2025/11/04 ~ 2025/11/04,,
KR7465660009,TIGER 일본반도체FACTSET,20250731,이익분배,10,.001,"12,942.16",0.00,현금(배당소득),확정,정액,13000000,2025/08/04 ~ 2025/08/04,,
KR7465660009,TIGER 일본반도체FACTSET,20250430,이익분배,10,.001,"10,795.94",0.00,현금(배당소득),확정,정액,27000000,2025/05/07 ~ 2025/05/07,,
KR7465660009,TIGER 일본반도체FACTSET,20250131,이익분배,10,.001,"12,595.09",0.00,현금(배당소득),확정,정액,39000000,2025/02/04 ~ 2025/02/04,,
KR7465660009,TIGER 일본반도체FACTSET,20241031,이익분배,15,.0015,"11,983.27",0.00,현금(배당소득),확정,정액,74250000,2024/11/04 ~ 2024/11/04,,
KR70048J0007,KODEX 미국머니마켓액티브,20260731,이익분배,60,.00428571428571,"14,598.75",0.00,현금(배당소득),확정,정액,3235140000,2026/08/04 ~ 2026/08/04,,
KR70048J0007,KODEX 미국머니마켓액티브,20260630,이익분배,60,.00428571428571,"15,462.94",0.00,현금(배당소득),확정,정액,2886900000,2026/07/02 ~ 2026/07/02,,
KR70048J0007,KODEX 미국머니마켓액티브,20260529,이익분배,43,.00307142857143,"15,136.84",0.00,현금(배당소득),확정,정액,1956500000,2026/06/02 ~ 2026/06/02,,
KR70048J0007,KODEX 미국머니마켓액티브,20260430,이익분배,49,.0035,"14,859.41",0.00,현금(배당소득),확정,정액,2088870000,2026/05/06 ~ 2026/05/06,,
KR70048J0007,KODEX 미국머니마켓액티브,20260331,이익분배,31,.00221428571429,"15,191.35",0.00,현금(배당소득),확정,정액,1241519000,2026/04/02 ~ 2026/04/02,,
KR70048J0007,KODEX 미국머니마켓액티브,20260227,이익분배,53,.00378571428571,"14,428.49",0.00,현금(배당소득),확정,정액,2208987000,2026/03/04 ~ 2026/03/04,,
KR70048J0007,KODEX 미국머니마켓액티브,20260130,이익분배,54,.00385714285714,"14,381.76",0.00,현금(배당소득),확정,정액,2221614000,2026/02/03 ~ 2026/02/03,,
KR70048J0007,KODEX 미국머니마켓액티브,20251230,이익분배,55,.00392857142857,"14,546.66",0.00,현금(배당소득),확정,정액,2048365000,2026/01/05 ~ 2026/01/05,,
KR70048J0007,KODEX 미국머니마켓액티브,20251128,이익분배,60,.00428571428571,"14,802.77",0.00,현금(배당소득),확정,정액,2066880000,2025/12/02 ~ 2025/12/02,,
KR70048J0007,KODEX 미국머니마켓액티브,20251031,이익분배,52,.00371428571429,"14,468.15",0.00,현금(배당소득),확정,정액,1654952000,2025/11/04 ~ 2025/11/04,,
KR70048J0007,KODEX 미국머니마켓액티브,20250930,이익분배,56,.004,"14,261.10",0.00,현금(배당소득),확정,정액,1614200000,2025/10/02 ~ 2025/10/02,,
KR70048J0007,KODEX 미국머니마켓액티브,20250829,이익분배,67,.00478571428571,"14,121.15",0.00,현금(배당소득),확정,정액,1747494000,2025/09/02 ~ 2025/09/02,,
KR70048J0007,KODEX 미국머니마켓액티브,20250731,이익분배,62,.00442857142857,"14,053.91",0.00,현금(배당소득),확정,정액,1360714000,2025/08/04 ~ 2025/08/04,,
KR70048J0007,KODEX 미국머니마켓액티브,20250630,이익분배,74,.00528571428571,"13,651.78",0.00,현금(배당소득),확정,정액,1141820000,2025/07/02 ~ 2025/07/02,,
KR7459580007,KODEX CD금리액티브(합성),20260731,이익분배,2470,.00247,###########,0.00,현금(배당소득),확정,정액,15498509000,2026/08/04 ~ 2026/08/04,,
KR7459580007,KODEX CD금리액티브(합성),20260630,이익분배,2663,.002663,###########,0.00,현금(배당소득),확정,정액,17339591900,2026/07/02 ~ 2026/07/02,,
KR7459580007,KODEX CD금리액티브(합성),20260529,이익분배,2468,.002468,###########,0.00,현금(배당소득),확정,정액,17878932400,2026/06/02 ~ 2026/06/02,,
KR7459580007,KODEX CD금리액티브(합성),20260430,이익분배,2389,.002389,###########,0.00,현금(배당소득),확정,정액,17974836000,2026/05/06 ~ 2026/05/06,,
KR7459580007,KODEX CD금리액티브(합성),20260331,이익분배,2308,.002308,###########,0.00,현금(배당소득),확정,정액,16916486000,2026/04/02 ~ 2026/04/02,,
KR7459580007,KODEX CD금리액티브(합성),20260227,이익분배,2616,.002616,###########,0.00,현금(배당소득),확정,정액,19547013600,2026/03/04 ~ 2026/03/04,,
KR7459580007,KODEX CD금리액티브(합성),20260130,이익분배,2572,.002572,###########,0.00,현금(배당소득),확정,정액,20158821600,2026/02/03 ~ 2026/02/03,,
KR7459580007,KODEX CD금리액티브(합성),20251230,이익분배,2461,.002461,###########,0.00,현금(배당소득),확정,정액,19960186600,2026/01/05 ~ 2026/01/05,,
KR7459580007,KODEX CD금리액티브(합성),20251128,이익분배,2328,.002328,###########,0.00,현금(배당소득),확정,정액,18812335200,2025/12/02 ~ 2025/12/02,,
KR7459580007,KODEX CD금리액티브(합성),20251031,이익분배,2195,.002195,###########,0.00,현금(배당소득),확정,정액,17936662000,2025/11/04 ~ 2025/11/04,,
KR7459580007,KODEX CD금리액티브(합성),20250930,이익분배,2355,.002355,###########,0.00,현금(배당소득),확정,정액,19285801500,2025/10/02 ~ 2025/10/02,,
KR7459580007,KODEX CD금리액티브(합성),20250829,이익분배,2291,.002291,###########,0.00,현금(배당소득),확정,정액,19169026100,2025/09/02 ~ 2025/09/02,,
KR7459580007,KODEX CD금리액티브(합성),20250731,이익분배,2185,.002185,###########,0.00,현금(배당소득),확정,정액,17608915000,2025/08/04 ~ 2025/08/04,,
KR7459560009,KODEX 테슬라밸류체인FactSet,20260731,이익분배,39,.0039,"21,242.43",0.00,현금(배당소득),확정,정액,60450000,2026/08/04 ~ 2026/08/04,,
KR7459560009,KODEX 테슬라밸류체인FactSet,20260430,이익분배,20,.002,"22,308.56",0.00,현금(배당소득),확정,정액,30000000,2026/05/06 ~ 2026/05/06,,
KR7459560009,KODEX 테슬라밸류체인FactSet,20260130,이익분배,55,.0055,"19,975.66",0.00,현금(배당소득),확정,정액,82500000,2026/02/03 ~ 2026/02/03,,
KR7459560009,KODEX 테슬라밸류체인FactSet,20251031,이익분배,28,.0028,"19,907.71",0.00,현금(배당소득),확정,정액,37800000,2025/11/04 ~ 2025/11/04,,
KR7459560009,KODEX 테슬라밸류체인FactSet,20250731,이익분배,20,.002,"16,163.92",0.00,현금(배당소득),확정,정액,26000000,2025/08/04 ~ 2025/08/04,,
KR7459560009,KODEX 테슬라밸류체인FactSet,20250131,이익분배,20,.002,"16,172.94",0.00,현금(배당소득),확정,정액,25000000,2025/02/04 ~ 2025/02/04,,
KR70073X0007,FOCUS 알리바바미국채커버드콜혼합,20260731,이익분배,95,.0095,"9,681.26",0.00,현금(배당소득),확정,정액,52250000,2026/08/04 ~ 2026/08/04,,
KR70073X0007,FOCUS 알리바바미국채커버드콜혼합,20260630,이익분배,100,.01,"10,187.18",0.00,현금(배당소득),확정,정액,55000000,2026/07/02 ~ 2026/07/02,,
KR70073X0007,FOCUS 알리바바미국채커버드콜혼합,20260529,이익분배,100,.01,"10,545.87",0.00,현금(배당소득),확정,정액,55000000,2026/06/02 ~ 2026/06/02,,
KR70073X0007,FOCUS 알리바바미국채커버드콜혼합,20260430,이익분배,105,.0105,"10,603.51",0.00,현금(배당소득),확정,정액,68250000,2026/05/06 ~ 2026/05/06,,
KR70073X0007,FOCUS 알리바바미국채커버드콜혼합,20260331,이익분배,108,.0108,"10,751.78",0.00,현금(배당소득),확정,정액,102600000,2026/04/02 ~ 2026/04/02,,
KR70073X0007,FOCUS 알리바바미국채커버드콜혼합,20260227,이익분배,112,.0112,"11,080.18",0.00,현금(배당소득),확정,정액,106400000,2026/03/04 ~ 2026/03/04,,
KR70073X0007,FOCUS 알리바바미국채커버드콜혼합,20260130,이익분배,116,.0116,"11,353.69",0.00,현금(배당소득),확정,정액,87000000,2026/02/03 ~ 2026/02/03,,
KR70073X0007,FOCUS 알리바바미국채커버드콜혼합,20251230,이익분배,110,.011,"11,137.07",0.00,현금(배당소득),확정,정액,93500000,2026/01/05 ~ 2026/01/05,,
KR70073X0007,FOCUS 알리바바미국채커버드콜혼합,20251128,이익분배,120,.012,"11,713.33",0.00,현금(배당소득),확정,정액,102000000,2025/12/02 ~ 2025/12/02,,
KR70073X0007,FOCUS 알리바바미국채커버드콜혼합,20251031,이익분배,122,.0122,"12,129.78",0.00,현금(배당소득),확정,정액,97600000,2025/11/04 ~ 2025/11/04,,
KR70073X0007,FOCUS 알리바바미국채커버드콜혼합,20250930,이익분배,114,.0114,"11,826.27",0.00,현금(배당소득),확정,정액,91200000,2025/10/02 ~ 2025/10/02,,
KR70073X0007,FOCUS 알리바바미국채커버드콜혼합,20250829,이익분배,105,.0105,"10,470.25",0.00,현금(배당소득),확정,정액,84000000,2025/09/03 ~ 2025/09/03,,
KR70073X0007,FOCUS 알리바바미국채커버드콜혼합,20250731,이익분배,95,.0095,"10,411.14",0.00,현금(배당소득),확정,정액,76000000,2025/08/05 ~ 2025/08/05,,
KR70080G0009,KODEX 방산TOP10,20260731,이익분배,5,.00050528068848,"9,882.02",0.00,현금(배당소득),확정,정액,172000000,2026/08/04 ~ 2026/08/04,,
KR7494300007,KODEX 미국나스닥100데일리커버드콜OTM,20260731,이익분배,166,.0166,"10,035.09",0.00,현금(배당소득),확정,정액,16699600000,2026/08/04 ~ 2026/08/04,,
KR7494300007,KODEX 미국나스닥100데일리커버드콜OTM,20260630,이익분배,185,.0185,"11,467.26",0.00,현금(배당소득),확정,정액,16724000000,2026/07/02 ~ 2026/07/02,,
KR7494300007,KODEX 미국나스닥100데일리커버드콜OTM,20260529,이익분배,182,.0182,"11,699.85",0.00,현금(배당소득),확정,정액,14596400000,2026/06/02 ~ 2026/06/02,,
KR7494300007,KODEX 미국나스닥100데일리커버드콜OTM,20260430,이익분배,169,.0169,"10,840.72",0.00,현금(배당소득),확정,정액,13401700000,2026/05/06 ~ 2026/05/06,,
KR7494300007,KODEX 미국나스닥100데일리커버드콜OTM,20260331,이익분배,164,.0164,"10,366.22",0.00,현금(배당소득),확정,정액,11414400000,2026/04/02 ~ 2026/04/02,,
KR7494300007,KODEX 미국나스닥100데일리커버드콜OTM,20260227,이익분배,161,.0161,"10,356.73",0.00,현금(배당소득),확정,정액,10368400000,2026/03/04 ~ 2026/03/04,,
KR7494300007,KODEX 미국나스닥100데일리커버드콜OTM,20260130,이익분배,167,.0167,"10,711.11",0.00,현금(배당소득),확정,정액,9669300000,2026/02/03 ~ 2026/02/03,,
KR7494300007,KODEX 미국나스닥100데일리커버드콜OTM,20251230,이익분배,172,.0172,"10,878.07",0.00,현금(배당소득),확정,정액,7894800000,2026/01/05 ~ 2026/01/05,,
KR7494300007,KODEX 미국나스닥100데일리커버드콜OTM,20251128,이익분배,167,.0167,"10,903.84",0.00,현금(배당소득),확정,정액,6913800000,2025/12/02 ~ 2025/12/02,,
KR7494300007,KODEX 미국나스닥100데일리커버드콜OTM,20251031,이익분배,170,.017,"11,217.66",0.00,현금(배당소득),확정,정액,6749000000,2025/11/04 ~ 2025/11/04,,
KR7494300007,KODEX 미국나스닥100데일리커버드콜OTM,20250930,이익분배,165,.0165,"10,643.10",0.00,현금(배당소득),확정,정액,6286500000,2025/10/02 ~ 2025/10/02,,
KR7494300007,KODEX 미국나스닥100데일리커버드콜OTM,20250829,이익분배,159,.0159,"10,299.53",0.00,현금(배당소득),확정,정액,5787600000,2025/09/02 ~ 2025/09/02,,
KR7494300007,KODEX 미국나스닥100데일리커버드콜OTM,20250731,이익분배,159,.0159,"10,441.26",0.00,현금(배당소득),확정,정액,5406000000,2025/08/04 ~ 2025/08/04,,
KR7494300007,KODEX 미국나스닥100데일리커버드콜OTM,20250630,이익분배,153,.0153,"9,734.32",0.00,현금(배당소득),확정,정액,4941900000,2025/07/02 ~ 2025/07/02,,
KR7494300007,KODEX 미국나스닥100데일리커버드콜OTM,20250530,이익분배,149,.0149,"9,457.67",0.00,현금(배당소득),확정,정액,4559400000,2025/06/04 ~ 2025/06/04,,
KR7494300007,KODEX 미국나스닥100데일리커버드콜OTM,20250430,이익분배,143,.0143,"9,224.73",0.00,현금(배당소득),확정,정액,4161300000,2025/05/07 ~ 2025/05/07,,
KR7494300007,KODEX 미국나스닥100데일리커버드콜OTM,20250331,이익분배,166,.0166,"9,971.20",0.00,현금(배당소득),확정,정액,4216400000,2025/04/02 ~ 2025/04/02,,
KR7494300007,KODEX 미국나스닥100데일리커버드콜OTM,20250228,이익분배,155,.0155,"10,123.70",0.00,현금(배당소득),확정,정액,3286000000,2025/03/05 ~ 2025/03/05,,
KR7494300007,KODEX 미국나스닥100데일리커버드콜OTM,20250131,이익분배,165,.0165,"10,585.03",0.00,현금(배당소득),확정,정액,2574000000,2025/02/04 ~ 2025/02/04,,
KR7494300007,KODEX 미국나스닥100데일리커버드콜OTM,20241230,이익분배,181,.0181,"11,061.81",0.00,현금(배당소득),확정,정액,2135800000,2025/01/03 ~ 2025/01/03,,
KR7494300007,KODEX 미국나스닥100데일리커버드콜OTM,20241129,이익분배,259,.0259,"10,567.47",0.00,현금(배당소득),확정,정액,2486400000,2024/12/03 ~ 2024/12/03,,
KR7498270008,KIWOOM 미국양자컴퓨팅,20260731,이익분배,14,.0014,"13,823.05",0.00,현금(배당소득),확정,정액,209300000,2026/08/04 ~ 2026/08/04,,
KR7498270008,KIWOOM 미국양자컴퓨팅,20260430,이익분배,12,.0012,"14,478.94",0.00,현금(배당소득),확정,정액,210000000,2026/05/06 ~ 2026/05/06,,
KR7498270008,KIWOOM 미국양자컴퓨팅,20260130,이익분배,20,.002,"13,495.26",0.00,현금(배당소득),확정,정액,391000000,2026/02/03 ~ 2026/02/03,,
KR7498270008,KIWOOM 미국양자컴퓨팅,20250731,이익분배,10,.001,"11,334.61",0.00,현금(배당소득),확정,정액,134000000,2025/08/04 ~ 2025/08/04,,
KR7498270008,KIWOOM 미국양자컴퓨팅,20250430,이익분배,11,.0011,"8,054.36",0.00,현금(배당소득),확정,정액,184800000,2025/05/07 ~ 2025/05/07,,
KR7497570002,TIGER 미국필라델피아AI반도체나스닥,20260731,이익분배,22,.0022,"21,125.89",0.00,현금(배당소득),확정,정액,1148400000,2026/08/04 ~ 2026/08/04,,
KR7497570002,TIGER 미국필라델피아AI반도체나스닥,20260430,이익분배,22,.0022,"20,933.35",0.00,현금(배당소득),확정,정액,1117600000,2026/05/06 ~ 2026/05/06,,
KR7497570002,TIGER 미국필라델피아AI반도체나스닥,20260130,이익분배,15,.0015,"16,917.35",0.00,현금(배당소득),확정,정액,906750000,2026/02/03 ~ 2026/02/03,,
KR7497570002,TIGER 미국필라델피아AI반도체나스닥,20251031,이익분배,16,.0016,"16,017.52",0.00,현금(배당소득),확정,정액,778400000,2025/11/04 ~ 2025/11/04,,
KR7497570002,TIGER 미국필라델피아AI반도체나스닥,20250731,이익분배,16,.0016,"12,566.74",0.00,현금(배당소득),확정,정액,661600000,2025/08/04 ~ 2025/08/04,,
KR7497570002,TIGER 미국필라델피아AI반도체나스닥,20250430,이익분배,17,.0017,"9,222.94",0.00,현금(배당소득),확정,정액,569500000,2025/05/07 ~ 2025/05/07,,
KR7497570002,TIGER 미국필라델피아AI반도체나스닥,20250131,이익분배,9,.0009,"11,867.75",0.00,현금(배당소득),확정,정액,272250000,2025/02/04 ~ 2025/02/04,,
KR7488200007,KIWOOM K-2차전지북미공급망,20260731,이익분배,15,.00153412037118,"9,696.83",0.00,현금(배당소득),확정,정액,6750000,2026/08/04 ~ 2026/08/04,,
KR7488200007,KIWOOM K-2차전지북미공급망,20260430,이익분배,10,.00102274691412,"9,715.49",0.00,현금(배당소득),확정,정액,22500000,2026/05/06 ~ 2026/05/06,,
KR7488200007,KIWOOM K-2차전지북미공급망,20250430,이익분배,15,.00153412037118,"9,747.80",0.00,현금(배당소득),확정,정액,14250000,2025/05/07 ~ 2025/05/07,,
KR7483280004,KODEX 미국AI테크TOP10타겟커버드콜,20260731,이익분배,117,.0117,"11,667.30",0.00,현금(배당소득),확정,정액,4633200000,2026/08/04 ~ 2026/08/04,,
KR7483280004,KODEX 미국AI테크TOP10타겟커버드콜,20260630,이익분배,158,.0158,"12,716.39",0.00,현금(배당소득),확정,정액,6320000000,2026/07/02 ~ 2026/07/02,,
KR7483280004,KODEX 미국AI테크TOP10타겟커버드콜,20260529,이익분배,169,.0169,"13,830.34",0.00,현금(배당소득),확정,정액,7081100000,2026/06/02 ~ 2026/06/02,,
KR7483280004,KODEX 미국AI테크TOP10타겟커버드콜,20260430,이익분배,160,.016,"13,411.00",0.00,현금(배당소득),확정,정액,7168000000,2026/05/06 ~ 2026/05/06,,
KR7483280004,KODEX 미국AI테크TOP10타겟커버드콜,20260331,이익분배,148,.0148,"11,661.44",0.00,현금(배당소득),확정,정액,6748800000,2026/04/02 ~ 2026/04/02,,
KR7483280004,KODEX 미국AI테크TOP10타겟커버드콜,20260227,이익분배,149,.0149,"12,054.60",0.00,현금(배당소득),확정,정액,7166900000,2026/03/04 ~ 2026/03/04,,
KR7483280004,KODEX 미국AI테크TOP10타겟커버드콜,20260130,이익분배,159,.0159,"12,845.43",0.00,현금(배당소득),확정,정액,7647900000,2026/02/03 ~ 2026/02/03,,
KR7483280004,KODEX 미국AI테크TOP10타겟커버드콜,20251230,이익분배,163,.0163,"13,147.23",0.00,현금(배당소득),확정,정액,7432800000,2026/01/05 ~ 2026/01/05,,
KR7483280004,KODEX 미국AI테크TOP10타겟커버드콜,20251128,이익분배,162,.0162,"13,167.62",0.00,현금(배당소득),확정,정액,7063200000,2025/12/02 ~ 2025/12/02,,
KR7483280004,KODEX 미국AI테크TOP10타겟커버드콜,20251031,이익분배,159,.0159,"13,522.76",0.00,현금(배당소득),확정,정액,6614400000,2025/11/04 ~ 2025/11/04,,
KR7483280004,KODEX 미국AI테크TOP10타겟커버드콜,20250930,이익분배,153,.0153,"12,634.55",0.00,현금(배당소득),확정,정액,6089400000,2025/10/02 ~ 2025/10/02,,
KR7483280004,KODEX 미국AI테크TOP10타겟커버드콜,20250829,이익분배,142,.0142,"11,941.76",0.00,현금(배당소득),확정,정액,5467000000,2025/09/02 ~ 2025/09/02,,
KR7483280004,KODEX 미국AI테크TOP10타겟커버드콜,20250731,이익분배,139,.0139,"11,762.72",0.00,현금(배당소득),확정,정액,5282000000,2025/08/04 ~ 2025/08/04,,
KR7483280004,KODEX 미국AI테크TOP10타겟커버드콜,20250630,이익분배,129,.0129,"10,773.47",0.00,현금(배당소득),확정,정액,5005200000,2025/07/02 ~ 2025/07/02,,
KR7483280004,KODEX 미국AI테크TOP10타겟커버드콜,20250530,이익분배,122,.0122,"10,406.53",0.00,현금(배당소득),확정,정액,4697000000,2025/06/04 ~ 2025/06/04,,
KR7483280004,KODEX 미국AI테크TOP10타겟커버드콜,20250430,이익분배,112,.0112,"9,769.27",0.00,현금(배당소득),확정,정액,4312000000,2025/05/07 ~ 2025/05/07,,
KR7483280004,KODEX 미국AI테크TOP10타겟커버드콜,20250331,이익분배,129,.0129,"10,191.82",0.00,현금(배당소득),확정,정액,4540800000,2025/04/02 ~ 2025/04/02,,
KR7483280004,KODEX 미국AI테크TOP10타겟커버드콜,20250228,이익분배,135,.0135,"10,761.75",0.00,현금(배당소득),확정,정액,4536000000,2025/03/05 ~ 2025/03/05,,
KR7483280004,KODEX 미국AI테크TOP10타겟커버드콜,20250131,이익분배,146,.0146,"12,025.12",0.00,현금(배당소득),확정,정액,4774200000,2025/02/04 ~ 2025/02/04,,
KR7483280004,KODEX 미국AI테크TOP10타겟커버드콜,20241230,이익분배,145,.0145,"12,437.33",0.00,현금(배당소득),확정,정액,4364500000,2025/01/03 ~ 2025/01/03,,
KR7483280004,KODEX 미국AI테크TOP10타겟커버드콜,20241129,이익분배,134,.0134,"10,910.04",0.00,현금(배당소득),확정,정액,4127200000,2024/12/03 ~ 2024/12/03,,
KR7483280004,KODEX 미국AI테크TOP10타겟커버드콜,20241031,이익분배,133,.0133,"10,892.43",0.00,현금(배당소득),확정,정액,4269300000,2024/11/04 ~ 2024/11/04,,
KR7483280004,KODEX 미국AI테크TOP10타겟커버드콜,20240930,이익분배,125,.0125,"10,177.17",0.00,현금(배당소득),확정,정액,3962500000,2024/10/04 ~ 2024/10/04,,
KR7483280004,KODEX 미국AI테크TOP10타겟커버드콜,20240830,이익분배,124,.0124,"10,016.94",0.00,현금(배당소득),확정,정액,3744800000,2024/09/03 ~ 2024/09/03,,
KR7480310002,TIGER 글로벌온디바이스AI,20260731,이익분배,25,.0025,"18,787.60",0.00,현금(배당소득),확정,정액,68750000,2026/08/04 ~ 2026/08/04,,
KR7480310002,TIGER 글로벌온디바이스AI,20260430,이익분배,15,.0015,"17,802.14",0.00,현금(배당소득),확정,정액,42750000,2026/05/06 ~ 2026/05/06,,
KR7480310002,TIGER 글로벌온디바이스AI,20260130,이익분배,8,.0008,"13,743.58",0.00,현금(배당소득),확정,정액,32000000,2026/02/03 ~ 2026/02/03,,
KR7480310002,TIGER 글로벌온디바이스AI,20251031,이익분배,19,.0019,"14,112.95",0.00,현금(배당소득),확정,정액,82650000,2025/11/04 ~ 2025/11/04,,
KR7480310002,TIGER 글로벌온디바이스AI,20250731,이익분배,8,.0008,"11,756.39",0.00,현금(배당소득),확정,정액,52800000,2025/08/04 ~ 2025/08/04,,
KR7480310002,TIGER 글로벌온디바이스AI,20250430,이익분배,20,.002,"9,607.05",0.00,현금(배당소득),확정,정액,161000000,2025/05/07 ~ 2025/05/07,,
KR7480310002,TIGER 글로벌온디바이스AI,20250131,이익분배,11,.0011,"11,551.25",0.00,현금(배당소득),확정,정액,95150000,2025/02/04 ~ 2025/02/04,,
KR7480310002,TIGER 글로벌온디바이스AI,20241031,이익분배,50,.005,"10,509.43",0.00,현금(배당소득),확정,정액,847500000,2024/11/04 ~ 2024/11/04,,
KR7453650004,KODEX 미국S&P500금융,20260731,이익분배,62,.0062,"20,434.71",0.00,현금(배당소득),확정,정액,139500000,2026/08/04 ~ 2026/08/04,,
KR7453650004,KODEX 미국S&P500금융,20260430,이익분배,75,.0075,"18,766.67",0.00,현금(배당소득),확정,정액,172500000,2026/05/06 ~ 2026/05/06,,
KR7453650004,KODEX 미국S&P500금융,20260130,이익분배,63,.0063,"18,579.50",0.00,현금(배당소득),확정,정액,148050000,2026/02/03 ~ 2026/02/03,,
KR7453650004,KODEX 미국S&P500금융,20251031,이익분배,54,.0054,"18,705.92",0.00,현금(배당소득),확정,정액,126900000,2025/11/04 ~ 2025/11/04,,
KR7453650004,KODEX 미국S&P500금융,20250731,이익분배,53,.0053,"18,243.45",0.00,현금(배당소득),확정,정액,140450000,2025/08/04 ~ 2025/08/04,,
KR7453650004,KODEX 미국S&P500금융,20250430,이익분배,60,.006,"17,139.30",0.00,현금(배당소득),확정,정액,180000000,2025/05/07 ~ 2025/05/07,,
KR7453650004,KODEX 미국S&P500금융,20250131,이익분배,45,.0045,"17,941.88",0.00,현금(배당소득),확정,정액,90000000,2025/02/04 ~ 2025/02/04,,
KR7453650004,KODEX 미국S&P500금융,20241031,이익분배,40,.004,"16,254.89",0.00,현금(배당소득),확정,정액,68000000,2024/11/04 ~ 2024/11/04,,
KR7453640005,KODEX 미국S&P500헬스케어,20260731,이익분배,56,.0056,"14,667.20",0.00,현금(배당소득),확정,정액,240800000,2026/08/04 ~ 2026/08/04,,
KR7453640005,KODEX 미국S&P500헬스케어,20260430,이익분배,52,.0052,"12,835.01",0.00,현금(배당소득),확정,정액,228800000,2026/05/06 ~ 2026/05/06,,
KR7453640005,KODEX 미국S&P500헬스케어,20260130,이익분배,48,.0048,"13,443.23",0.00,현금(배당소득),확정,정액,232800000,2026/02/03 ~ 2026/02/03,,
KR7453640005,KODEX 미국S&P500헬스케어,20251031,이익분배,47,.0047,"12,671.02",0.00,현금(배당소득),확정,정액,185650000,2025/11/04 ~ 2025/11/04,,
KR7453640005,KODEX 미국S&P500헬스케어,20250731,이익분배,48,.0048,"11,481.94",0.00,현금(배당소득),확정,정액,129600000,2025/08/04 ~ 2025/08/04,,
KR7453640005,KODEX 미국S&P500헬스케어,20250430,이익분배,37,.0037,"12,139.53",0.00,현금(배당소득),확정,정액,72150000,2025/05/07 ~ 2025/05/07,,
KR7453640005,KODEX 미국S&P500헬스케어,20250131,이익분배,34,.0034,"12,460.94",0.00,현금(배당소득),확정,정액,64600000,2025/02/04 ~ 2025/02/04,,
KR7453640005,KODEX 미국S&P500헬스케어,20241031,이익분배,32,.0032,"12,608.73",0.00,현금(배당소득),확정,정액,64000000,2024/11/04 ~ 2024/11/04,,
KR7449770007,KIWOOM 미국S&P500,20260731,이익분배,47,.0047,"21,322.12",0.00,현금(배당소득),확정,정액,211500000,2026/08/04 ~ 2026/08/04,,
KR7449770007,KIWOOM 미국S&P500,20260430,이익분배,55,.0055,"21,013.20",0.00,현금(배당소득),확정,정액,148500000,2026/05/06 ~ 2026/05/06,,
KR7449770007,KIWOOM 미국S&P500,20260130,이익분배,63,.0063,"19,767.19",0.00,현금(배당소득),확정,정액,195300000,2026/02/03 ~ 2026/02/03,,
KR7449770007,KIWOOM 미국S&P500,20251031,이익분배,47,.0047,"19,664.86",0.00,현금(배당소득),확정,정액,183300000,2025/11/04 ~ 2025/11/04,,
KR7449770007,KIWOOM 미국S&P500,20250731,이익분배,45,.0045,"17,742.50",0.00,현금(배당소득),확정,정액,175500000,2025/08/04 ~ 2025/08/04,,
KR7449770007,KIWOOM 미국S&P500,20250430,이익분배,95,.0095,"15,981.08",0.00,현금(배당소득),확정,정액,446500000,2025/05/07 ~ 2025/05/07,,
KR7449770007,KIWOOM 미국S&P500,20241031,이익분배,30,.003,"16,136.80",0.00,현금(배당소득),확정,정액,153000000,2024/11/04 ~ 2024/11/04,,
KR7445910003,TIGER MKF배당귀족,20260731,이익분배,25,.00247719003417,"10,242.87",0.00,현금(배당소득),확정,정액,25000000,2026/08/04 ~ 2026/08/04,,
KR7445910003,TIGER MKF배당귀족,20260430,이익분배,277,.02744726557855,"10,474.97",0.00,현금(배당소득),확정,정액,318550000,2026/05/06 ~ 2026/05/06,,
KR7445910003,TIGER MKF배당귀족,20260130,이익분배,19,.00188266442597,"10,148.79",0.00,현금(배당소득),확정,정액,12350000,2026/02/03 ~ 2026/02/03,,
KR7445910003,TIGER MKF배당귀족,20251031,이익분배,75,.0074315701025,"10,154.32",0.00,현금(배당소득),확정,정액,52500000,2025/11/04 ~ 2025/11/04,,
KR7445910003,TIGER MKF배당귀족,20250731,이익분배,65,.00644069408883,"10,155.68",0.00,현금(배당소득),확정,정액,45500000,2025/08/04 ~ 2025/08/04,,
KR7445910003,TIGER MKF배당귀족,20250430,이익분배,265,.02625821436215,"10,408.62",0.00,현금(배당소득),확정,정액,172250000,2025/05/07 ~ 2025/05/07,,
KR7445910003,TIGER MKF배당귀족,20250131,이익분배,29,.00287354043963,"10,159.03",0.00,현금(배당소득),확정,정액,18850000,2025/02/04 ~ 2025/02/04,,
KR7445910003,TIGER MKF배당귀족,20241031,이익분배,30,.002972628041,"10,143.69",0.00,현금(배당소득),확정,정액,19500000,2024/11/04 ~ 2024/11/04,,
KR7435540000,KIWOOM TDF2040액티브 적격,20260731,이익분배,235,.0235,"16,390.11",0.00,현금(배당소득),확정,정액,117500000,2026/08/04 ~ 2026/08/04,,
KR7435540000,KIWOOM TDF2040액티브 적격,20250731,이익분배,195,.0195,"14,672.09",0.00,현금(배당소득),확정,정액,97500000,2025/08/04 ~ 2025/08/04,,
KR7429740004,PLUS K리츠,20260731,이익분배,28,.0028079070663,"10,034.76",0.00,현금(배당소득),확정,정액,30800000,2026/08/04 ~ 2026/08/04,,
KR7429740004,PLUS K리츠,20260630,이익분배,27,.00270762467107,"10,037.27",0.00,현금(배당소득),확정,정액,32400000,2026/07/02 ~ 2026/07/02,,
KR7429740004,PLUS K리츠,20260529,이익분배,27,.00270762467107,"10,007.41",0.00,현금(배당소득),확정,정액,32400000,2026/06/02 ~ 2026/06/02,,
KR7429740004,PLUS K리츠,20260430,이익분배,35,.00350988383287,"9,974.93",0.00,현금(배당소득),확정,정액,45500000,2026/05/06 ~ 2026/05/06,,
KR7429740004,PLUS K리츠,20260331,이익분배,30,.00300847185675,"10,012.30",0.00,현금(배당소득),확정,정액,39000000,2026/04/02 ~ 2026/04/02,,
KR7429740004,PLUS K리츠,20260227,이익분배,30,.00300847185675,"10,016.00",0.00,현금(배당소득),확정,정액,39000000,2026/03/04 ~ 2026/03/04,,
KR7429740004,PLUS K리츠,20260130,이익분배,40,.004011295809,"10,055.20",0.00,현금(배당소득),확정,정액,54000000,2026/02/03 ~ 2026/02/03,,
KR7429740004,PLUS K리츠,20251230,이익분배,40,.004011295809,"10,040.92",0.00,현금(배당소득),확정,정액,56000000,2026/01/05 ~ 2026/01/05,,
KR7429740004,PLUS K리츠,20251128,이익분배,40,.004011295809,"9,991.04",0.00,현금(배당소득),확정,정액,56000000,2025/12/02 ~ 2025/12/02,,
KR7429740004,PLUS K리츠,20251031,이익분배,40,.004011295809,"10,005.52",0.00,현금(배당소득),확정,정액,56000000,2025/11/04 ~ 2025/11/04,,
KR7429740004,PLUS K리츠,20250930,이익분배,40,.004011295809,"10,025.77",0.00,현금(배당소득),확정,정액,56000000,2025/10/02 ~ 2025/10/02,,
KR7429740004,PLUS K리츠,20250829,이익분배,40,.004011295809,"10,048.17",0.00,현금(배당소득),확정,정액,60000000,2025/09/02 ~ 2025/09/02,,
KR7429740004,PLUS K리츠,20250731,이익분배,40,.004011295809,"10,070.52",0.00,현금(배당소득),확정,정액,60000000,2025/08/04 ~ 2025/08/04,,
KR7429740004,PLUS K리츠,20250630,이익분배,40,.004011295809,"10,054.42",0.00,현금(배당소득),확정,정액,62000000,2025/07/02 ~ 2025/07/02,,
KR7429740004,PLUS K리츠,20250530,이익분배,40,.004011295809,"10,050.57",0.00,현금(배당소득),확정,정액,54000000,2025/06/04 ~ 2025/06/04,,
KR7429740004,PLUS K리츠,20250430,이익분배,50,.00501411976125,"10,080.91",0.00,현금(배당소득),확정,정액,65000000,2025/05/07 ~ 2025/05/07,,
KR7429740004,PLUS K리츠,20250331,이익분배,45,.00451270778512,"10,083.55",0.00,현금(배당소득),확정,정액,58500000,2025/04/02 ~ 2025/04/02,,
KR7429740004,PLUS K리츠,20250228,이익분배,40,.004011295809,"10,122.67",0.00,현금(배당소득),확정,정액,54000000,2025/03/05 ~ 2025/03/05,,
KR7429740004,PLUS K리츠,20250131,이익분배,40,.004011295809,"10,146.26",0.00,현금(배당소득),확정,정액,52000000,2025/02/04 ~ 2025/02/04,,
KR7429740004,PLUS K리츠,20241230,이익분배,45,.00451270778512,"10,101.45",0.00,현금(배당소득),확정,정액,58500000,2025/01/03 ~ 2025/01/03,,
KR7429740004,PLUS K리츠,20241129,이익분배,50,.00501411976125,"10,086.83",0.00,현금(배당소득),확정,정액,62500000,2024/12/03 ~ 2024/12/03,,
KR7429740004,PLUS K리츠,20241031,이익분배,50,.00501411976125,"10,136.04",0.00,현금(배당소득),확정,정액,60000000,2024/11/04 ~ 2024/11/04,,
KR7429740004,PLUS K리츠,20240930,이익분배,50,.00501411976125,"10,142.58",0.00,현금(배당소득),확정,정액,60000000,2024/10/04 ~ 2024/10/04,,
KR7429740004,PLUS K리츠,20240830,이익분배,50,.00501411976125,"10,190.64",0.00,현금(배당소득),확정,정액,55000000,2024/09/03 ~ 2024/09/03,,
KR7411860000,KIWOOM 독일DAX,20260731,이익분배,350,.035,"17,650.40",0.00,현금(배당소득),확정,정액,105000000,2026/08/04 ~ 2026/08/04,,
KR7411860000,KIWOOM 독일DAX,20260430,이익분배,109,.0109,"17,696.45",0.00,현금(배당소득),확정,정액,65400000,2026/05/06 ~ 2026/05/06,,
KR7411860000,KIWOOM 독일DAX,20260130,이익분배,5,.0005,"18,182.73",0.00,현금(배당소득),확정,정액,5000000,2026/02/03 ~ 2026/02/03,,
KR7411860000,KIWOOM 독일DAX,20250731,이익분배,200,.02,"16,794.24",0.00,현금(배당소득),확정,정액,370000000,2025/08/04 ~ 2025/08/04,,
KR7411860000,KIWOOM 독일DAX,20250430,이익분배,30,.003,"16,024.36",0.00,현금(배당소득),확정,정액,55500000,2025/05/07 ~ 2025/05/07,,
KR7407300003,HANARO Fn골프테마,20260731,이익분배,10,.00101307063736,"9,886.37",0.00,현금(배당소득),확정,정액,5500000,2026/08/04 ~ 2026/08/04,,
KR7407300003,HANARO Fn골프테마,20260430,이익분배,140,.01418298892309,"10,041.23",0.00,현금(배당소득),확정,정액,77000000,2026/05/06 ~ 2026/05/06,,
KR7407300003,HANARO Fn골프테마,20260130,이익분배,5,.00050653531868,"9,939.21",0.00,현금(배당소득),확정,정액,2750000,2026/02/03 ~ 2026/02/03,,
KR7407300003,HANARO Fn골프테마,20250430,이익분배,85,.00861110041759,"9,980.17",0.00,현금(배당소득),확정,정액,34000000,2025/05/07 ~ 2025/05/07,,
KR7399580000,RISE 글로벌클린에너지,20260731,이익분배,57,.0057,"9,612.31",0.00,현금(배당소득),확정,정액,57000000,2026/08/04 ~ 2026/08/04,,
KR7399580000,RISE 글로벌클린에너지,20251230,이익분배,141,.0141,"9,229.07",0.00,현금(배당소득),확정,정액,141000000,2026/01/05 ~ 2026/01/05,,
KR7321410003,KODEX 멀티에셋하이인컴(H),20260731,이익분배,88,.0088,"10,709.97",0.00,현금(배당소득),확정,정액,44000000,2026/08/04 ~ 2026/08/04,,
KR7321410003,KODEX 멀티에셋하이인컴(H),20260430,이익분배,60,.006,"10,671.11",0.00,현금(배당소득),확정,정액,30000000,2026/05/06 ~ 2026/05/06,,
KR7321410003,KODEX 멀티에셋하이인컴(H),20260130,이익분배,169,.0169,"10,859.49",0.00,현금(배당소득),확정,정액,84500000,2026/02/03 ~ 2026/02/03,,
KR7321410003,KODEX 멀티에셋하이인컴(H),20251031,이익분배,85,.0085,"10,529.40",0.00,현금(배당소득),확정,정액,42500000,2025/11/04 ~ 2025/11/04,,
KR7292190006,KODEX KRX300,20260731,이익분배,93,.00641163083622,"14,871.04",0.00,현금(배당소득),확정,정액,139500000,2026/08/04 ~ 2026/08/04,,
KR7292190006,KODEX KRX300,20260430,이익분배,339,.02337142853203,"15,155.51",0.00,현금(배당소득),확정,정액,576300000,2026/05/06 ~ 2026/05/06,,
KR7292190006,KODEX KRX300,20250430,이익분배,349,.02406085120259,"15,131.85",0.00,현금(배당소득),확정,정액,383900000,2025/05/07 ~ 2025/05/07,,
KR7277630000,TIGER 코스피,20260731,이익분배,60,.00252920174178,"24,648.14",0.00,현금(배당소득),확정,정액,384000000,2026/08/04 ~ 2026/08/04,,
KR7277630000,TIGER 코스피,20260430,이익분배,330,.01391060957977,"24,924.73",0.00,현금(배당소득),확정,정액,2211000000,2026/05/06 ~ 2026/05/06,,
KR7277630000,TIGER 코스피,20260130,이익분배,50,.00210766811815,"24,652.09",0.00,현금(배당소득),확정,정액,332500000,2026/02/03 ~ 2026/02/03,,
KR7277630000,TIGER 코스피,20251031,이익분배,95,.00400456942448,"24,591.13",0.00,현금(배당소득),확정,정액,650750000,2025/11/04 ~ 2025/11/04,,
KR7277630000,TIGER 코스피,20250731,이익분배,60,.00252920174178,"24,582.28",0.00,현금(배당소득),확정,정액,420000000,2025/08/04 ~ 2025/08/04,,
KR7277630000,TIGER 코스피,20250430,이익분배,330,.01391060957977,"24,852.66",0.00,현금(배당소득),확정,정액,2211000000,2025/05/07 ~ 2025/05/07,,
KR7277630000,TIGER 코스피,20250131,이익분배,61,.00257135510414,"24,618.42",0.00,현금(배당소득),확정,정액,396500000,2025/02/04 ~ 2025/02/04,,
KR7277630000,TIGER 코스피,20241031,이익분배,70,.00295073536541,"24,573.26",0.00,현금(배당소득),확정,정액,357000000,2024/11/04 ~ 2024/11/04,,
KR7251350005,KODEX MSCI선진국,20260731,이익분배,179,.0179,"39,851.89",0.00,현금(배당소득),확정,정액,2291200000,2026/08/04 ~ 2026/08/04,,
KR7251350005,KODEX MSCI선진국,20260430,이익분배,137,.0137,"39,155.32",0.00,현금(배당소득),확정,정액,1787850000,2026/05/06 ~ 2026/05/06,,
KR7251350005,KODEX MSCI선진국,20260130,이익분배,99,.0099,"37,242.87",0.00,현금(배당소득),확정,정액,1326600000,2026/02/03 ~ 2026/02/03,,
KR7251350005,KODEX MSCI선진국,20251031,이익분배,107,.0107,"36,367.57",0.00,현금(배당소득),확정,정액,1300050000,2025/11/04 ~ 2025/11/04,,
KR7251350005,KODEX MSCI선진국,20250731,이익분배,153,.0153,"32,911.80",0.00,현금(배당소득),확정,정액,1820700000,2025/08/04 ~ 2025/08/04,,
KR7251350005,KODEX MSCI선진국,20250430,이익분배,125,.0125,"30,028.57",0.00,현금(배당소득),확정,정액,1462500000,2025/05/07 ~ 2025/05/07,,
KR7251350005,KODEX MSCI선진국,20250131,이익분배,77,.0077,"31,793.08",0.00,현금(배당소득),확정,정액,958650000,2025/02/04 ~ 2025/02/04,,
KR7251350005,KODEX MSCI선진국,20241031,이익분배,76,.0076,"29,712.05",0.00,현금(배당소득),확정,정액,984200000,2024/11/04 ~ 2024/11/04,,
KR7226980001,KODEX 200 중소형,20260731,이익분배,111,.00965894357263,"11,629.58",0.00,현금(배당소득),확정,정액,99900000,2026/08/04 ~ 2026/08/04,,
KR7226980001,KODEX 200 중소형,20260430,이익분배,293,.02549613033135,"11,917.03",0.00,현금(배당소득),확정,정액,293000000,2026/05/06 ~ 2026/05/06,,
KR7226980001,KODEX 200 중소형,20250430,이익분배,327,.0284547256599,"11,916.38",0.00,현금(배당소득),확정,정액,228900000,2025/05/07 ~ 2025/05/07,,
KR7223190000,KODEX 200가치저변동,20260731,이익분배,94,.01347480927411,"7,236.19",0.00,현금(배당소득),확정,정액,94000000,2026/08/04 ~ 2026/08/04,,
KR7223190000,KODEX 200가치저변동,20260430,이익분배,295,.04228796527513,"7,489.03",0.00,현금(배당소득),확정,정액,324500000,2026/05/06 ~ 2026/05/06,,
KR7223190000,KODEX 200가치저변동,20250430,이익분배,373,.05346918999194,"7,500.96",0.00,현금(배당소득),확정,정액,373000000,2025/05/07 ~ 2025/05/07,,
KR7157500000,TIGER 증권,20260731,이익분배,443,.11458397996979,"4,232.47",0.00,현금(배당소득),확정,정액,8532180000,2026/08/04 ~ 2026/08/04,,
KR7157500000,TIGER 증권,20250430,이익분배,265,.06854346431601,"4,080.45",0.00,현금(배당소득),확정,정액,349800000,2025/05/07 ~ 2025/05/07,,
KR7139260004,TIGER 200 IT,20260731,이익분배,142,.01031871757234,"13,639.16",0.00,현금(배당소득),확정,정액,2837160000,2026/08/04 ~ 2026/08/04,,
KR7139260004,TIGER 200 IT,20260430,이익분배,200,.01453340503146,"13,908.44",0.00,현금(배당소득),확정,정액,2280000000,2026/05/06 ~ 2026/05/06,,
KR7139260004,TIGER 200 IT,20260130,이익분배,43,.00312468208176,"13,823.95",0.00,현금(배당소득),확정,정액,393880000,2026/02/03 ~ 2026/02/03,,
KR7139260004,TIGER 200 IT,20251031,이익분배,85,.00617669713837,"13,807.55",0.00,현금(배당소득),확정,정액,712300000,2025/11/04 ~ 2025/11/04,,
KR7139260004,TIGER 200 IT,20250731,이익분배,50,.00363335125787,"13,776.73",0.00,현금(배당소득),확정,정액,892000000,2025/08/04 ~ 2025/08/04,,
KR7139260004,TIGER 200 IT,20250430,이익분배,260,.0188934265409,"14,008.76",0.00,현금(배당소득),확정,정액,4992000000,2025/05/07 ~ 2025/05/07,,
KR7139260004,TIGER 200 IT,20250131,이익분배,42,.00305201505661,"13,877.10",0.00,현금(배당소득),확정,정액,813960000,2025/02/04 ~ 2025/02/04,,
KR7139260004,TIGER 200 IT,20241031,이익분배,50,.00363335125787,"13,867.15",0.00,현금(배당소득),확정,정액,1019000000,2024/11/04 ~ 2024/11/04,,
KR70176P0003,FOCUS AI반도체위클리고정커버드콜,20260731,이익분배,165,.0165,"9,656.79",0.00,현금(배당소득),확정,정액,82500000,2026/08/04 ~ 2026/08/04,,
KR70176P0003,FOCUS AI반도체위클리고정커버드콜,20260630,이익분배,325,.0325,"9,656.10",0.00,현금(배당소득),확정,정액,162500000,2026/07/02 ~ 2026/07/02,,
KR70176P0003,FOCUS AI반도체위클리고정커버드콜,20260529,이익분배,175,.0175,"9,659.67",0.00,현금(배당소득),확정,정액,157500000,2026/06/02 ~ 2026/06/02,,
KR70176P0003,FOCUS AI반도체위클리고정커버드콜,20260430,이익분배,195,.0195,"9,662.32",0.00,현금(배당소득),확정,정액,175500000,2026/05/06 ~ 2026/05/06,,
KR70107F0009,KIWOOM 미국고배당&AI테크,20260731,이익분배,34,.0034,"12,025.12",0.00,현금(배당소득),확정,정액,86700000,2026/08/04 ~ 2026/08/04,,
KR70107F0009,KIWOOM 미국고배당&AI테크,20260630,이익분배,34,.0034,"12,457.48",0.00,현금(배당소득),확정,정액,86700000,2026/07/02 ~ 2026/07/02,,
KR70107F0009,KIWOOM 미국고배당&AI테크,20260529,이익분배,34,.0034,"12,216.39",0.00,현금(배당소득),확정,정액,86700000,2026/06/02 ~ 2026/06/02,,
KR70107F0009,KIWOOM 미국고배당&AI테크,20260430,이익분배,33,.0033,"11,689.88",0.00,현금(배당소득),확정,정액,84150000,2026/05/06 ~ 2026/05/06,,
KR70107F0009,KIWOOM 미국고배당&AI테크,20260331,이익분배,32,.0032,"11,156.88",0.00,현금(배당소득),확정,정액,80000000,2026/04/02 ~ 2026/04/02,,
KR70107F0009,KIWOOM 미국고배당&AI테크,20260227,이익분배,32,.0032,"10,645.10",0.00,현금(배당소득),확정,정액,84800000,2026/03/04 ~ 2026/03/04,,
KR70107F0009,KIWOOM 미국고배당&AI테크,20260130,이익분배,32,.0032,"10,467.00",0.00,현금(배당소득),확정,정액,88000000,2026/02/03 ~ 2026/02/03,,
KR70107F0009,KIWOOM 미국고배당&AI테크,20251230,이익분배,32,.0032,"10,431.79",0.00,현금(배당소득),확정,정액,86400000,2026/01/05 ~ 2026/01/05,,
KR70107F0009,KIWOOM 미국고배당&AI테크,20251128,이익분배,32,.0032,"10,376.60",0.00,현금(배당소득),확정,정액,86400000,2025/12/02 ~ 2025/12/02,,
KR70107F0009,KIWOOM 미국고배당&AI테크,20251031,이익분배,31,.0031,"10,151.14",0.00,현금(배당소득),확정,정액,99200000,2025/11/04 ~ 2025/11/04,,
KR70049M0001,ACE 미국배당퀄리티+커버드콜액티브,20260731,이익분배,70,.007,"11,511.96",0.00,현금(배당소득),확정,정액,483000000,2026/08/04 ~ 2026/08/04,,
KR70049M0001,ACE 미국배당퀄리티+커버드콜액티브,20260630,이익분배,74,.0074,"12,272.91",0.00,현금(배당소득),확정,정액,510600000,2026/07/02 ~ 2026/07/02,,
KR70049M0001,ACE 미국배당퀄리티+커버드콜액티브,20260529,이익분배,73,.0073,"12,172.43",0.00,현금(배당소득),확정,정액,525600000,2026/06/02 ~ 2026/06/02,,
KR70049M0001,ACE 미국배당퀄리티+커버드콜액티브,20260430,이익분배,71,.0071,"11,779.39",0.00,현금(배당소득),확정,정액,518300000,2026/05/06 ~ 2026/05/06,,
KR70049M0001,ACE 미국배당퀄리티+커버드콜액티브,20260331,이익분배,69,.0069,"11,400.68",0.00,현금(배당소득),확정,정액,507150000,2026/04/02 ~ 2026/04/02,,
KR70049M0001,ACE 미국배당퀄리티+커버드콜액티브,20260227,이익분배,69,.0069,"11,444.89",0.00,현금(배당소득),확정,정액,500250000,2026/03/04 ~ 2026/03/04,,
KR70049M0001,ACE 미국배당퀄리티+커버드콜액티브,20260130,이익분배,69,.0069,"11,395.60",0.00,현금(배당소득),확정,정액,486450000,2026/02/03 ~ 2026/02/03,,
KR70049M0001,ACE 미국배당퀄리티+커버드콜액티브,20251230,이익분배,69,.0069,"11,385.93",0.00,현금(배당소득),확정,정액,458850000,2026/01/05 ~ 2026/01/05,,
KR70049M0001,ACE 미국배당퀄리티+커버드콜액티브,20251128,이익분배,68,.0068,"11,370.32",0.00,현금(배당소득),확정,정액,411400000,2025/12/02 ~ 2025/12/02,,
KR70049M0001,ACE 미국배당퀄리티+커버드콜액티브,20251031,이익분배,68,.0068,"11,290.30",0.00,현금(배당소득),확정,정액,374000000,2025/11/04 ~ 2025/11/04,,
KR70049M0001,ACE 미국배당퀄리티+커버드콜액티브,20250930,이익분배,65,.0065,"10,894.66",0.00,현금(배당소득),확정,정액,276250000,2025/10/02 ~ 2025/10/02,,
KR70049M0001,ACE 미국배당퀄리티+커버드콜액티브,20250829,이익분배,64,.0064,"10,683.77",0.00,현금(배당소득),확정,정액,230400000,2025/09/02 ~ 2025/09/02,,
KR70049M0001,ACE 미국배당퀄리티+커버드콜액티브,20250731,이익분배,63,.0063,"10,600.29",0.00,현금(배당소득),확정,정액,163800000,2025/08/04 ~ 2025/08/04,,
KR70049M0001,ACE 미국배당퀄리티+커버드콜액티브,20250630,이익분배,101,.0101,"10,089.50",0.00,현금(배당소득),확정,정액,166650000,2025/07/02 ~ 2025/07/02,,
KR70041D0000,KODEX 미국AI소프트웨어TOP10,20260731,이익분배,12,.0012,"11,758.14",0.00,현금(배당소득),확정,정액,44400000,2026/08/04 ~ 2026/08/04,,
KR70041D0000,KODEX 미국AI소프트웨어TOP10,20260430,이익분배,6,.0006,"12,303.10",0.00,현금(배당소득),확정,정액,30600000,2026/05/06 ~ 2026/05/06,,
KR70041D0000,KODEX 미국AI소프트웨어TOP10,20260130,이익분배,9,.0009,"13,658.48",0.00,현금(배당소득),확정,정액,41850000,2026/02/03 ~ 2026/02/03,,
KR70041D0000,KODEX 미국AI소프트웨어TOP10,20251031,이익분배,6,.0006,"16,446.55",0.00,현금(배당소득),확정,정액,29400000,2025/11/04 ~ 2025/11/04,,
KR70041D0000,KODEX 미국AI소프트웨어TOP10,20250731,이익분배,5,.0005,"13,933.93",0.00,현금(배당소득),확정,정액,16750000,2025/08/04 ~ 2025/08/04,,
KR7499660009,TIGER CD금리플러스액티브(합성),20260731,이익분배,2520,.00252,###########,0.00,현금(배당소득),확정,정액,1256472000,2026/08/04 ~ 2026/08/04,,
KR7499660009,TIGER CD금리플러스액티브(합성),20260630,이익분배,2720,.00272,###########,0.00,현금(배당소득),확정,정액,1375232000,2026/07/02 ~ 2026/07/02,,
KR7499660009,TIGER CD금리플러스액티브(합성),20260529,이익분배,2270,.00227,###########,0.00,현금(배당소득),확정,정액,1045335000,2026/06/02 ~ 2026/06/02,,
KR7499660009,TIGER CD금리플러스액티브(합성),20260430,이익분배,2270,.00227,###########,0.00,현금(배당소득),확정,정액,1011285000,2026/05/06 ~ 2026/05/06,,
KR7499660009,TIGER CD금리플러스액티브(합성),20260331,이익분배,2590,.00259,###########,0.00,현금(배당소득),확정,정액,1150737000,2026/04/02 ~ 2026/04/02,,
KR7499660009,TIGER CD금리플러스액티브(합성),20260227,이익분배,2140,.00214,###########,0.00,현금(배당소득),확정,정액,948020000,2026/03/04 ~ 2026/03/04,,
KR7499660009,TIGER CD금리플러스액티브(합성),20260130,이익분배,2260,.00226,###########,0.00,현금(배당소득),확정,정액,969992000,2026/02/03 ~ 2026/02/03,,
KR7499660009,TIGER CD금리플러스액티브(합성),20251230,이익분배,2580,.00258,###########,0.00,현금(배당소득),확정,정액,1073280000,2026/01/05 ~ 2026/01/05,,
KR7499660009,TIGER CD금리플러스액티브(합성),20251128,이익분배,2040,.00204,###########,0.00,현금(배당소득),확정,정액,837216000,2025/12/02 ~ 2025/12/02,,
KR7499660009,TIGER CD금리플러스액티브(합성),20251031,이익분배,2140,.00214,###########,0.00,현금(배당소득),확정,정액,832460000,2025/11/04 ~ 2025/11/04,,
KR7499660009,TIGER CD금리플러스액티브(합성),20250930,이익분배,2280,.00228,###########,0.00,현금(배당소득),확정,정액,917472000,2025/10/02 ~ 2025/10/02,,
KR7499660009,TIGER CD금리플러스액티브(합성),20250829,이익분배,2080,.00208,###########,0.00,현금(배당소득),확정,정액,761488000,2025/09/02 ~ 2025/09/02,,
KR7499660009,TIGER CD금리플러스액티브(합성),20250731,이익분배,2400,.0024,###########,0.00,현금(배당소득),확정,정액,782160000,2025/08/04 ~ 2025/08/04,,
KR7499660009,TIGER CD금리플러스액티브(합성),20250630,이익분배,2100,.0021,###########,0.00,현금(배당소득),확정,정액,742770000,2025/07/02 ~ 2025/07/02,,
KR7499660009,TIGER CD금리플러스액티브(합성),20250530,이익분배,2600,.0026,###########,0.00,현금(배당소득),확정,정액,955240000,2025/06/04 ~ 2025/06/04,,
KR7499660009,TIGER CD금리플러스액티브(합성),20250430,이익분배,2160,.00216,###########,0.00,현금(배당소득),확정,정액,795528000,2025/05/07 ~ 2025/05/07,,
KR7499660009,TIGER CD금리플러스액티브(합성),20250331,이익분배,2390,.00239,###########,0.00,현금(배당소득),확정,정액,868048000,2025/04/02 ~ 2025/04/02,,
KR7499660009,TIGER CD금리플러스액티브(합성),20250228,이익분배,2873,.002873,###########,0.00,현금(배당소득),확정,정액,926255200,2025/03/05 ~ 2025/03/05,,
KR7499660009,TIGER CD금리플러스액티브(합성),20250131,이익분배,2405,.002405,###########,0.00,현금(배당소득),확정,정액,615680000,2025/02/04 ~ 2025/02/04,,
KR7499660009,TIGER CD금리플러스액티브(합성),20241230,이익분배,1283,.001283,###########,0.00,현금(배당소득),확정,정액,221959000,2025/01/03 ~ 2025/01/03,,
KR7498410000,KODEX 금융고배당TOP10타겟위클리커버드콜,20260731,이익분배,154,.01552887412637,"9,909.38",0.00,현금(배당소득),확정,정액,10318000000,2026/08/04 ~ 2026/08/04,,
KR7498410000,KODEX 금융고배당TOP10타겟위클리커버드콜,20260630,이익분배,140,.0141171582967,"9,913.01",0.00,현금(배당소득),확정,정액,10416000000,2026/07/02 ~ 2026/07/02,,
KR7498410000,KODEX 금융고배당TOP10타겟위클리커버드콜,20260529,이익분배,155,.01562971097135,"9,964.22",0.00,현금(배당소득),확정,정액,9811500000,2026/06/02 ~ 2026/06/02,,
KR7498410000,KODEX 금융고배당TOP10타겟위클리커버드콜,20260430,이익분배,165,.01663807942112,"10,002.93",0.00,현금(배당소득),확정,정액,9388500000,2026/05/06 ~ 2026/05/06,,
KR7498410000,KODEX 금융고배당TOP10타겟위클리커버드콜,20260331,이익분배,162,.01633556888619,"10,032.69",0.00,현금(배당소득),확정,정액,8602200000,2026/04/02 ~ 2026/04/02,,
KR7498410000,KODEX 금융고배당TOP10타겟위클리커버드콜,20260227,이익분배,189,.01905816370055,"9,930.85",0.00,현금(배당소득),확정,정액,8694000000,2026/03/04 ~ 2026/03/04,,
KR7498410000,KODEX 금융고배당TOP10타겟위클리커버드콜,20260130,이익분배,155,.01562971097135,"9,946.65",0.00,현금(배당소득),확정,정액,7796500000,2026/02/03 ~ 2026/02/03,,
KR7498410000,KODEX 금융고배당TOP10타겟위클리커버드콜,20251230,이익분배,152,.01532720043642,"9,912.14",0.00,현금(배당소득),확정,정액,7189600000,2026/01/05 ~ 2026/01/05,,
KR7498410000,KODEX 금융고배당TOP10타겟위클리커버드콜,20251128,이익분배,154,.01552887412637,"9,967.10",0.00,현금(배당소득),확정,정액,6298600000,2025/12/02 ~ 2025/12/02,,
KR7498410000,KODEX 금융고배당TOP10타겟위클리커버드콜,20251031,이익분배,154,.01552887412637,"9,907.24",0.00,현금(배당소득),확정,정액,6575800000,2025/11/04 ~ 2025/11/04,,
KR7498410000,KODEX 금융고배당TOP10타겟위클리커버드콜,20250930,이익분배,158,.01593222150628,"9,912.24",0.00,현금(배당소득),확정,정액,6351600000,2025/10/02 ~ 2025/10/02,,
KR7498410000,KODEX 금융고배당TOP10타겟위클리커버드콜,20250829,이익분배,154,.01552887412637,"9,975.24",0.00,현금(배당소득),확정,정액,5559400000,2025/09/02 ~ 2025/09/02,,
KR7498410000,KODEX 금융고배당TOP10타겟위클리커버드콜,20250731,이익분배,163,.01643640573116,"9,908.70",0.00,현금(배당소득),확정,정액,5411600000,2025/08/04 ~ 2025/08/04,,
KR7498410000,KODEX 금융고배당TOP10타겟위클리커버드콜,20250630,이익분배,149,.01502468990149,"9,913.59",0.00,현금(배당소득),확정,정액,4082600000,2025/07/02 ~ 2025/07/02,,
KR7498410000,KODEX 금융고배당TOP10타겟위클리커버드콜,20250530,이익분배,137,.01381464776177,"10,048.39",0.00,현금(배당소득),확정,정액,3219500000,2025/06/04 ~ 2025/06/04,,
KR7498410000,KODEX 금융고배당TOP10타겟위클리커버드콜,20250430,이익분배,122,.01230209508713,"10,099.16",0.00,현금(배당소득),확정,정액,2781600000,2025/05/07 ~ 2025/05/07,,
KR7498410000,KODEX 금융고배당TOP10타겟위클리커버드콜,20250331,이익분배,123,.0124029319321,"10,116.77",0.00,현금(배당소득),확정,정액,2644500000,2025/04/02 ~ 2025/04/02,,
KR7498410000,KODEX 금융고배당TOP10타겟위클리커버드콜,20250228,이익분배,123,.0124029319321,"9,930.44",0.00,현금(배당소득),확정,정액,1783500000,2025/03/05 ~ 2025/03/05,,
KR7498410000,KODEX 금융고배당TOP10타겟위클리커버드콜,20250131,이익분배,185,.01865481632065,"9,933.67",0.00,현금(배당소득),확정,정액,814000000,2025/02/04 ~ 2025/02/04,,
KR7139270003,TIGER 200 금융,20260731,이익분배,60,.00658927924267,"9,169.85",0.00,현금(배당소득),확정,정액,124800000,2026/08/04 ~ 2026/08/04,,
KR7139270003,TIGER 200 금융,20260430,이익분배,250,.0274553301778,"9,354.13",0.00,현금(배당소득),확정,정액,565000000,2026/05/06 ~ 2026/05/06,,
KR7139270003,TIGER 200 금융,20260130,이익분배,48,.00527142339414,"9,201.36",0.00,현금(배당소득),확정,정액,101760000,2026/02/03 ~ 2026/02/03,,
KR7139270003,TIGER 200 금융,20251031,이익분배,60,.00658927924267,"9,151.79",0.00,현금(배당소득),확정,정액,146400000,2025/11/04 ~ 2025/11/04,,
KR7139270003,TIGER 200 금융,20250731,이익분배,55,.00604017263912,"9,152.42",0.00,현금(배당소득),확정,정액,151800000,2025/08/04 ~ 2025/08/04,,
KR7139270003,TIGER 200 금융,20250430,이익분배,230,.02525890376358,"9,303.21",0.00,현금(배당소득),확정,정액,363400000,2025/05/07 ~ 2025/05/07,,
KR7139270003,TIGER 200 금융,20250131,이익분배,45,.004941959432,"9,156.09",0.00,현금(배당소득),확정,정액,74700000,2025/02/04 ~ 2025/02/04,,
KR7139270003,TIGER 200 금융,20241031,이익분배,40,.00439285282845,"9,162.80",0.00,현금(배당소득),확정,정액,62400000,2024/11/04 ~ 2024/11/04,,
KR7302450002,RISE 코스피,20260731,이익분배,58,.00255584296548,"22,929.46",0.00,현금(배당소득),확정,정액,176900000,2026/08/04 ~ 2026/08/04,,
KR7302450002,RISE 코스피,20260430,이익분배,700,.0308463806179,"23,555.95",0.00,현금(배당소득),확정,정액,2380000000,2026/05/06 ~ 2026/05/06,,
KR7302450002,RISE 코스피,20260130,이익분배,100,.00440662580256,"23,326.04",0.00,현금(배당소득),확정,정액,540000000,2026/02/03 ~ 2026/02/03,,
KR7302450002,RISE 코스피,20251031,이익분배,170,.00749126386435,"23,325.62",0.00,현금(배당소득),확정,정액,926500000,2025/11/04 ~ 2025/11/04,,
KR7302450002,RISE 코스피,20250731,이익분배,400,.01762650321023,"23,651.89",0.00,현금(배당소득),확정,정액,1920000000,2025/08/04 ~ 2025/08/04,,
KR7302450002,RISE 코스피,20250430,이익분배,120,.00528795096307,"23,714.49",0.00,현금(배당소득),확정,정액,546000000,2025/05/07 ~ 2025/05/07,,
KR7302450002,RISE 코스피,20241031,이익분배,90,.0039659632223,"23,398.23",0.00,현금(배당소득),확정,정액,355500000,2024/11/04 ~ 2024/11/04,,
KR7292150000,TIGER 코리아TOP10,20260731,이익분배,85,.00889258076294,"9,828.68",0.00,현금(배당소득),확정,정액,4590000000,2026/08/04 ~ 2026/08/04,,
KR7292150000,TIGER 코리아TOP10,20260430,이익분배,130,.01360041763744,"9,890.40",0.00,현금(배당소득),확정,정액,8528000000,2026/05/06 ~ 2026/05/06,,
KR7292150000,TIGER 코리아TOP10,20260130,이익분배,52,.00544016705498,"9,777.84",0.00,현금(배당소득),확정,정액,3372200000,2026/02/03 ~ 2026/02/03,,
KR7292150000,TIGER 코리아TOP10,20251031,이익분배,55,.00575402284661,"9,780.92",0.00,현금(배당소득),확정,정액,3844500000,2025/11/04 ~ 2025/11/04,,
KR7292150000,TIGER 코리아TOP10,20250731,이익분배,55,.00575402284661,"9,789.54",0.00,현금(배당소득),확정,정액,4710750000,2025/08/04 ~ 2025/08/04,,
KR7292150000,TIGER 코리아TOP10,20250430,이익분배,130,.01360041763744,"9,868.69",0.00,현금(배당소득),확정,정액,11843000000,2025/05/07 ~ 2025/05/07,,
KR7292150000,TIGER 코리아TOP10,20250131,이익분배,40,.00418474388844,"9,778.16",0.00,현금(배당소득),확정,정액,2610000000,2025/02/04 ~ 2025/02/04,,
KR7292150000,TIGER 코리아TOP10,20241031,이익분배,35,.00366165090239,"9,797.37",0.00,현금(배당소득),확정,정액,3269000000,2024/11/04 ~ 2024/11/04,,
KR7446690000,KODEX 아시아AI반도체exChina액티브,20260731,이익분배,56,.0056,"35,010.44",0.00,현금(배당소득),확정,정액,28000000,2026/08/04 ~ 2026/08/04,,
KR7446690000,KODEX 아시아AI반도체exChina액티브,20260430,이익분배,100,.01,"36,445.43",0.00,현금(배당소득),확정,정액,50000000,2026/05/06 ~ 2026/05/06,,
KR7446690000,KODEX 아시아AI반도체exChina액티브,20260130,이익분배,52,.0052,"24,025.85",0.00,현금(배당소득),확정,정액,26000000,2026/02/03 ~ 2026/02/03,,
KR7446690000,KODEX 아시아AI반도체exChina액티브,20251031,이익분배,73,.0073,"18,841.99",0.00,현금(배당소득),확정,정액,36500000,2025/11/04 ~ 2025/11/04,,
KR7446690000,KODEX 아시아AI반도체exChina액티브,20250731,이익분배,20,.002,"15,302.01",0.00,현금(배당소득),확정,정액,10000000,2025/08/04 ~ 2025/08/04,,
KR7446690000,KODEX 아시아AI반도체exChina액티브,20250430,이익분배,47,.0047,"12,865.86",0.00,현금(배당소득),확정,정액,23500000,2025/05/07 ~ 2025/05/07,,
KR7446690000,KODEX 아시아AI반도체exChina액티브,20250131,이익분배,20,.002,"14,416.20",0.00,현금(배당소득),확정,정액,10000000,2025/02/04 ~ 2025/02/04,,
KR7446690000,KODEX 아시아AI반도체exChina액티브,20241031,이익분배,30,.003,"13,748.87",0.00,현금(배당소득),확정,정액,15000000,2024/11/04 ~ 2024/11/04,,
KR7270800006,RISE KQ고배당,20260731,이익분배,35,.00356883570304,"10,147.88",0.00,현금(배당소득),확정,정액,19250000,2026/08/04 ~ 2026/08/04,,
KR7270800006,RISE KQ고배당,20260430,이익분배,200,.02039334687452,"10,329.72",0.00,현금(배당소득),확정,정액,110000000,2026/05/06 ~ 2026/05/06,,
KR7270800006,RISE KQ고배당,20260130,이익분배,70,.00713767140608,"10,230.71",0.00,현금(배당소득),확정,정액,38500000,2026/02/03 ~ 2026/02/03,,
KR7270800006,RISE KQ고배당,20251031,이익분배,20,.00203933468745,"10,068.91",0.00,현금(배당소득),확정,정액,11000000,2025/11/04 ~ 2025/11/04,,
KR7270800006,RISE KQ고배당,20250731,이익분배,150,.01529501015589,"10,229.62",0.00,현금(배당소득),확정,정액,90000000,2025/08/04 ~ 2025/08/04,,
KR7270800006,RISE KQ고배당,20250430,이익분배,140,.01427534281216,"10,376.22",0.00,현금(배당소득),확정,정액,84000000,2025/05/07 ~ 2025/05/07,,
KR70167Z0002,KODEX 미국우주항공,20260731,이익분배,8,.0008,"7,237.97",0.00,현금(배당소득),확정,정액,363200000,2026/08/04 ~ 2026/08/04,,
KR70000Z0003,RISE 바이오TOP10액티브,20260731,이익분배,2,.00020738153848,"9,564.53",0.00,현금(배당소득),확정,정액,11200000,2026/08/04 ~ 2026/08/04,,
KR70000Z0003,RISE 바이오TOP10액티브,20251230,이익분배,2,.00020738153848,"9,599.47",0.00,현금(배당소득),확정,정액,5500000,2026/01/05 ~ 2026/01/05,,
KR70000H0005,KODEX 인도Nifty미드캡100,20260731,이익분배,15,.0015,"10,832.67",0.00,현금(배당소득),확정,정액,21750000,2026/08/04 ~ 2026/08/04,,
KR70000H0005,KODEX 인도Nifty미드캡100,20260430,이익분배,14,.0014,"10,828.60",0.00,현금(배당소득),확정,정액,20300000,2026/05/06 ~ 2026/05/06,,
KR70000H0005,KODEX 인도Nifty미드캡100,20260130,이익분배,10,.001,"10,287.41",0.00,현금(배당소득),확정,정액,16000000,2026/02/03 ~ 2026/02/03,,
KR70000H0005,KODEX 인도Nifty미드캡100,20251031,이익분배,33,.0033,"11,251.32",0.00,현금(배당소득),확정,정액,59400000,2025/11/04 ~ 2025/11/04,,
KR70000H0005,KODEX 인도Nifty미드캡100,20250731,이익분배,24,.0024,"10,732.16",0.00,현금(배당소득),확정,정액,44400000,2025/08/04 ~ 2025/08/04,,
KR7447770009,TIGER 테슬라채권혼합Fn,20260731,이익분배,65,.0065,"13,418.93",0.00,현금(배당소득),확정,정액,2112500000,2026/08/04 ~ 2026/08/04,,
KR7447770009,TIGER 테슬라채권혼합Fn,20260430,이익분배,57,.0057,"14,356.37",0.00,현금(배당소득),확정,정액,2362650000,2026/05/06 ~ 2026/05/06,,
KR7447770009,TIGER 테슬라채권혼합Fn,20260130,이익분배,68,.0068,"14,881.97",0.00,현금(배당소득),확정,정액,3080400000,2026/02/03 ~ 2026/02/03,,
KR7447770009,TIGER 테슬라채권혼합Fn,20251031,이익분배,10,.001,"15,353.48",0.00,현금(배당소득),확정,정액,408500000,2025/11/04 ~ 2025/11/04,,
KR7447770009,TIGER 테슬라채권혼합Fn,20250731,이익분배,72,.0072,"13,760.55",0.00,현금(배당소득),확정,정액,2566800000,2025/08/04 ~ 2025/08/04,,
KR7447770009,TIGER 테슬라채권혼합Fn,20250430,이익분배,12,.0012,"13,353.68",0.00,현금(배당소득),확정,정액,415800000,2025/05/07 ~ 2025/05/07,,
KR7447770009,TIGER 테슬라채권혼합Fn,20241230,이익분배,57,.0057,"14,899.50",0.00,현금(배당소득),확정,정액,1273950000,2025/01/03 ~ 2025/01/03,,
KR7447770009,TIGER 테슬라채권혼합Fn,20241031,이익분배,7,.0007,"12,218.13",0.00,현금(배당소득),확정,정액,95900000,2024/11/04 ~ 2024/11/04,,
KR7463690008,KODEX 미국S&P500커뮤니케이션,20260731,이익분배,45,.0045,"18,399.57",0.00,현금(배당소득),확정,정액,22500000,2026/08/04 ~ 2026/08/04,,
KR7463690008,KODEX 미국S&P500커뮤니케이션,20260430,이익분배,45,.0045,"19,816.75",0.00,현금(배당소득),확정,정액,27000000,2026/05/06 ~ 2026/05/06,,
KR7463690008,KODEX 미국S&P500커뮤니케이션,20260130,이익분배,40,.004,"19,116.59",0.00,현금(배당소득),확정,정액,26000000,2026/02/03 ~ 2026/02/03,,
KR7463690008,KODEX 미국S&P500커뮤니케이션,20251031,이익분배,37,.0037,"19,197.18",0.00,현금(배당소득),확정,정액,22200000,2025/11/04 ~ 2025/11/04,,
KR7463690008,KODEX 미국S&P500커뮤니케이션,20250731,이익분배,29,.0029,"17,046.83",0.00,현금(배당소득),확정,정액,18850000,2025/08/04 ~ 2025/08/04,,
KR7463690008,KODEX 미국S&P500커뮤니케이션,20250430,이익분배,28,.0028,"15,597.94",0.00,현금(배당소득),확정,정액,18200000,2025/05/07 ~ 2025/05/07,,
KR7463690008,KODEX 미국S&P500커뮤니케이션,20250131,이익분배,26,.0026,"16,250.71",0.00,현금(배당소득),확정,정액,20800000,2025/02/04 ~ 2025/02/04,,
KR7463690008,KODEX 미국S&P500커뮤니케이션,20241031,이익분배,30,.003,"14,439.94",0.00,현금(배당소득),확정,정액,27000000,2024/11/04 ~ 2024/11/04,,
KR7496090002,KIWOOM 코리아밸류업,20260731,이익분배,50,.00520251843512,"9,722.81",0.00,현금(배당소득),확정,정액,162500000,2026/08/04 ~ 2026/08/04,,
KR7496090002,KIWOOM 코리아밸류업,20260430,이익분배,150,.01560755530537,"9,815.09",0.00,현금(배당소득),확정,정액,622500000,2026/05/06 ~ 2026/05/06,,
KR7496090002,KIWOOM 코리아밸류업,20260130,이익분배,60,.00624302212215,"9,706.58",0.00,현금(배당소득),확정,정액,252000000,2026/02/03 ~ 2026/02/03,,
KR7496090002,KIWOOM 코리아밸류업,20251031,이익분배,40,.0041620147481,"9,687.18",0.00,현금(배당소득),확정,정액,166000000,2025/11/04 ~ 2025/11/04,,
KR7496090002,KIWOOM 코리아밸류업,20250731,이익분배,15,.00156075553054,"9,655.93",0.00,현금(배당소득),확정,정액,63000000,2025/08/04 ~ 2025/08/04,,
KR7496090002,KIWOOM 코리아밸류업,20250430,이익분배,180,.01872906636645,"9,793.94",0.00,현금(배당소득),확정,정액,828000000,2025/05/07 ~ 2025/05/07,,
KR7495850000,KODEX 코리아밸류업,20260731,이익분배,30,.00312221927346,"9,742.84",0.00,현금(배당소득),확정,정액,661500000,2026/08/04 ~ 2026/08/04,,
KR7495850000,KODEX 코리아밸류업,20260630,이익분배,30,.00312221927346,"9,747.15",0.00,현금(배당소득),확정,정액,661500000,2026/07/02 ~ 2026/07/02,,
KR7495850000,KODEX 코리아밸류업,20260529,이익분배,25,.00260184939455,"9,757.78",0.00,현금(배당소득),확정,정액,582500000,2026/06/02 ~ 2026/06/02,,
KR7495850000,KODEX 코리아밸류업,20260430,이익분배,25,.00260184939455,"9,756.95",0.00,현금(배당소득),확정,정액,591250000,2026/05/06 ~ 2026/05/06,,
KR7495850000,KODEX 코리아밸류업,20260331,이익분배,20,.00208147951564,"9,747.11",0.00,현금(배당소득),확정,정액,534000000,2026/04/02 ~ 2026/04/02,,
KR7495850000,KODEX 코리아밸류업,20260227,이익분배,25,.00260184939455,"9,651.00",0.00,현금(배당소득),확정,정액,621250000,2026/03/04 ~ 2026/03/04,,
KR7495850000,KODEX 코리아밸류업,20260130,이익분배,84,.00874221396569,"9,719.68",0.00,현금(배당소득),확정,정액,1814400000,2026/02/03 ~ 2026/02/03,,
KR7495850000,KODEX 코리아밸류업,20251230,이익분배,25,.00260184939455,"9,715.34",0.00,현금(배당소득),확정,정액,423750000,2026/01/05 ~ 2026/01/05,,
KR7495850000,KODEX 코리아밸류업,20251128,이익분배,20,.00208147951564,"9,726.06",0.00,현금(배당소득),확정,정액,357000000,2025/12/02 ~ 2025/12/02,,
KR7495850000,KODEX 코리아밸류업,20251031,이익분배,20,.00208147951564,"9,726.57",0.00,현금(배당소득),확정,정액,327000000,2025/11/04 ~ 2025/11/04,,
KR7495850000,KODEX 코리아밸류업,20250930,이익분배,20,.00208147951564,"9,736.26",0.00,현금(배당소득),확정,정액,344000000,2025/10/02 ~ 2025/10/02,,
KR7495850000,KODEX 코리아밸류업,20250829,이익분배,20,.00208147951564,"9,744.33",0.00,현금(배당소득),확정,정액,347000000,2025/09/02 ~ 2025/09/02,,
KR7495850000,KODEX 코리아밸류업,20250731,이익분배,20,.00208147951564,"9,742.19",0.00,현금(배당소득),확정,정액,359000000,2025/08/04 ~ 2025/08/04,,
KR7495850000,KODEX 코리아밸류업,20250630,이익분배,20,.00208147951564,"9,748.72",0.00,현금(배당소득),확정,정액,338000000,2025/07/02 ~ 2025/07/02,,
KR7495850000,KODEX 코리아밸류업,20250530,이익분배,20,.00208147951564,"9,757.05",0.00,현금(배당소득),확정,정액,336000000,2025/06/04 ~ 2025/06/04,,
KR7495850000,KODEX 코리아밸류업,20250430,이익분배,15,.00156110963673,"9,754.63",0.00,현금(배당소득),확정,정액,252000000,2025/05/07 ~ 2025/05/07,,
KR7495850000,KODEX 코리아밸류업,20250331,이익분배,20,.00208147951564,"9,755.19",0.00,현금(배당소득),확정,정액,330000000,2025/04/02 ~ 2025/04/02,,
KR7495850000,KODEX 코리아밸류업,20250228,이익분배,10,.00104073975782,"9,644.38",0.00,현금(배당소득),확정,정액,166500000,2025/03/05 ~ 2025/03/05,,
KR7495850000,KODEX 코리아밸류업,20250131,이익분배,10,.00104073975782,"9,644.77",0.00,현금(배당소득),확정,정액,156000000,2025/02/04 ~ 2025/02/04,,
KR7495850000,KODEX 코리아밸류업,20241230,이익분배,10,.00104073975782,"9,610.79",0.00,현금(배당소득),확정,정액,201500000,2025/01/03 ~ 2025/01/03,,
KR7454180001,KIWOOM 차이나내수소비TOP CSI,20260731,이익분배,15,.0015,"8,503.02",0.00,현금(배당소득),확정,정액,6000000,2026/08/04 ~ 2026/08/04,,
KR7454180001,KIWOOM 차이나내수소비TOP CSI,20260430,이익분배,29,.0029,"8,958.21",0.00,현금(배당소득),확정,정액,11600000,2026/05/06 ~ 2026/05/06,,
KR7454180001,KIWOOM 차이나내수소비TOP CSI,20260130,이익분배,39,.0039,"9,341.52",0.00,현금(배당소득),확정,정액,15600000,2026/02/03 ~ 2026/02/03,,
KR7454180001,KIWOOM 차이나내수소비TOP CSI,20251031,이익분배,47,.0047,"9,788.53",0.00,현금(배당소득),확정,정액,23500000,2025/11/04 ~ 2025/11/04,,
KR7454180001,KIWOOM 차이나내수소비TOP CSI,20250731,이익분배,110,.011,"9,238.04",0.00,현금(배당소득),확정,정액,49500000,2025/08/04 ~ 2025/08/04,,
KR7454180001,KIWOOM 차이나내수소비TOP CSI,20241031,이익분배,80,.008,"8,727.84",0.00,현금(배당소득),확정,정액,44000000,2024/11/04 ~ 2024/11/04,,
KR7485690002,RISE 미국AI밸류체인TOP3Plus,20260731,이익분배,30,.003,"20,273.99",0.00,현금(배당소득),확정,정액,127500000,2026/08/04 ~ 2026/08/04,,
KR7485690002,RISE 미국AI밸류체인TOP3Plus,20251230,이익분배,45,.0045,"17,375.11",0.00,현금(배당소득),확정,정액,238500000,2026/01/05 ~ 2026/01/05,,
KR7483290003,KODEX 미국배당다우존스타겟커버드콜,20260731,이익분배,133,.0133,"11,633.94",0.00,현금(배당소득),확정,정액,2167900000,2026/08/04 ~ 2026/08/04,,
KR7483290003,KODEX 미국배당다우존스타겟커버드콜,20260630,이익분배,109,.0109,"11,733.04",0.00,현금(배당소득),확정,정액,1678600000,2026/07/02 ~ 2026/07/02,,
KR7483290003,KODEX 미국배당다우존스타겟커버드콜,20260529,이익분배,110,.011,"11,630.18",0.00,현금(배당소득),확정,정액,1661000000,2026/06/02 ~ 2026/06/02,,
KR7483290003,KODEX 미국배당다우존스타겟커버드콜,20260430,이익분배,107,.0107,"11,176.83",0.00,현금(배당소득),확정,정액,1679900000,2026/05/06 ~ 2026/05/06,,
KR7483290003,KODEX 미국배당다우존스타겟커버드콜,20260331,이익분배,108,.0108,"11,623.56",0.00,현금(배당소득),확정,정액,1544400000,2026/04/02 ~ 2026/04/02,,
KR7483290003,KODEX 미국배당다우존스타겟커버드콜,20260227,이익분배,106,.0106,"11,262.17",0.00,현금(배당소득),확정,정액,1526400000,2026/03/04 ~ 2026/03/04,,
KR7483290003,KODEX 미국배당다우존스타겟커버드콜,20260130,이익분배,98,.0098,"10,463.27",0.00,현금(배당소득),확정,정액,1470000000,2026/02/03 ~ 2026/02/03,,
KR7483290003,KODEX 미국배당다우존스타겟커버드콜,20251230,이익분배,96,.0096,"10,104.90",0.00,현금(배당소득),확정,정액,1507200000,2026/01/05 ~ 2026/01/05,,
KR7483290003,KODEX 미국배당다우존스타겟커버드콜,20251128,이익분배,93,.0093,"10,245.14",0.00,현금(배당소득),확정,정액,1534500000,2025/12/02 ~ 2025/12/02,,
KR7483290003,KODEX 미국배당다우존스타겟커버드콜,20251031,이익분배,92,.0092,"9,788.86",0.00,현금(배당소득),확정,정액,1665200000,2025/11/04 ~ 2025/11/04,,
KR7483290003,KODEX 미국배당다우존스타겟커버드콜,20250930,이익분배,90,.009,"9,670.50",0.00,현금(배당소득),확정,정액,1746000000,2025/10/02 ~ 2025/10/02,,
KR7483290003,KODEX 미국배당다우존스타겟커버드콜,20250829,이익분배,93,.0093,"9,781.57",0.00,현금(배당소득),확정,정액,1739100000,2025/09/02 ~ 2025/09/02,,
KR7483290003,KODEX 미국배당다우존스타겟커버드콜,20250731,이익분배,90,.009,"9,596.49",0.00,현금(배당소득),확정,정액,1683000000,2025/08/04 ~ 2025/08/04,,
KR7483290003,KODEX 미국배당다우존스타겟커버드콜,20250630,이익분배,92,.0092,"9,161.58",0.00,현금(배당소득),확정,정액,1748000000,2025/07/02 ~ 2025/07/02,,
KR7483290003,KODEX 미국배당다우존스타겟커버드콜,20250530,이익분배,89,.0089,"9,276.85",0.00,현금(배당소득),확정,정액,1708800000,2025/06/04 ~ 2025/06/04,,
KR7483290003,KODEX 미국배당다우존스타겟커버드콜,20250430,이익분배,96,.0096,"9,672.85",0.00,현금(배당소득),확정,정액,1699200000,2025/05/07 ~ 2025/05/07,,
KR7483290003,KODEX 미국배당다우존스타겟커버드콜,20250331,이익분배,105,.0105,"10,734.68",0.00,현금(배당소득),확정,정액,1606500000,2025/04/02 ~ 2025/04/02,,
KR7483290003,KODEX 미국배당다우존스타겟커버드콜,20250228,이익분배,106,.0106,"10,734.19",0.00,현금(배당소득),확정,정액,1399200000,2025/03/05 ~ 2025/03/05,,
KR7483290003,KODEX 미국배당다우존스타겟커버드콜,20250131,이익분배,106,.0106,"10,662.10",0.00,현금(배당소득),확정,정액,1346200000,2025/02/04 ~ 2025/02/04,,
KR7483290003,KODEX 미국배당다우존스타겟커버드콜,20241230,이익분배,106,.0106,"10,862.09",0.00,현금(배당소득),확정,정액,1166000000,2025/01/03 ~ 2025/01/03,,
KR7483290003,KODEX 미국배당다우존스타겟커버드콜,20241129,이익분배,109,.0109,"10,961.98",0.00,현금(배당소득),확정,정액,1068200000,2024/12/03 ~ 2024/12/03,,
KR7483290003,KODEX 미국배당다우존스타겟커버드콜,20241031,이익분배,105,.0105,"10,607.42",0.00,현금(배당소득),확정,정액,934500000,2024/11/04 ~ 2024/11/04,,
KR7483290003,KODEX 미국배당다우존스타겟커버드콜,20240930,이익분배,101,.0101,"10,061.89",0.00,현금(배당소득),확정,정액,919100000,2024/10/04 ~ 2024/10/04,,
KR7483290003,KODEX 미국배당다우존스타겟커버드콜,20240830,이익분배,102,.0102,"10,208.45",0.00,현금(배당소득),확정,정액,622200000,2024/09/03 ~ 2024/09/03,,
KR7472840008,IBK 200,20260731,이익분배,114,.00325638458473,"35,135.01",0.00,현금(배당소득),확정,정액,42750000,2026/08/04 ~ 2026/08/04,,
KR7472840008,IBK 200,20260430,이익분배,512,.01462516585424,"35,508.58",0.00,현금(배당소득),확정,정액,166400000,2026/05/06 ~ 2026/05/06,,
KR7472840008,IBK 200,20260130,이익분배,110,.0031421254765,"35,196.14",0.00,현금(배당소득),확정,정액,30250000,2026/02/03 ~ 2026/02/03,,
KR7472840008,IBK 200,20251031,이익분배,151,.00431328133592,"35,151.75",0.00,현금(배당소득),확정,정액,41525000,2025/11/04 ~ 2025/11/04,,
KR7472840008,IBK 200,20250731,이익분배,120,.00342777324709,"35,150.21",0.00,현금(배당소득),확정,정액,36000000,2025/08/04 ~ 2025/08/04,,
KR7472840008,IBK 200,20250430,이익분배,477,.01362539865717,"35,517.16",0.00,현금(배당소득),확정,정액,155025000,2025/05/07 ~ 2025/05/07,,
KR7472840008,IBK 200,20250131,이익분배,110,.0031421254765,"35,239.64",0.00,현금(배당소득),확정,정액,35750000,2025/02/04 ~ 2025/02/04,,
KR7472840008,IBK 200,20241031,이익분배,110,.0031421254765,"35,217.32",0.00,현금(배당소득),확정,정액,38500000,2024/11/04 ~ 2024/11/04,,
KR7471990002,KODEX AI반도체핵심장비,20260731,이익분배,5,.00048996022503,"10,208.16",0.00,현금(배당소득),확정,정액,85000000,2026/08/04 ~ 2026/08/04,,
KR7471990002,KODEX AI반도체핵심장비,20260430,이익분배,24,.00235180908014,"10,252.63",0.00,현금(배당소득),확정,정액,427200000,2026/05/06 ~ 2026/05/06,,
KR7471990002,KODEX AI반도체핵심장비,20250430,이익분배,101,.00989719654558,"10,258.68",0.00,현금(배당소득),확정,정액,1227150000,2025/05/07 ~ 2025/05/07,,
KR70082V0008,KODEX TDF2060액티브 적격,20260731,이익분배,79,.0079,"11,366.90",0.00,현금(배당소득),확정,정액,1267950000,2026/08/04 ~ 2026/08/04,,
KR70082V0008,KODEX TDF2060액티브 적격,20260430,이익분배,16,.0016,"11,430.38",0.00,현금(배당소득),확정,정액,191200000,2026/05/06 ~ 2026/05/06,,
KR70082V0008,KODEX TDF2060액티브 적격,20260130,이익분배,65,.0065,"11,109.13",0.00,현금(배당소득),확정,정액,617500000,2026/02/03 ~ 2026/02/03,,
KR70082V0008,KODEX TDF2060액티브 적격,20251031,이익분배,10,.001,"10,970.63",0.00,현금(배당소득),확정,정액,46000000,2025/11/04 ~ 2025/11/04,,
KR7481340008,RISE 미국30년국채액티브,20260731,이익분배,34,.0034,"9,535.80",0.00,현금(배당소득),확정,정액,93500000,2026/08/04 ~ 2026/08/04,,
KR7481340008,RISE 미국30년국채액티브,20260630,이익분배,35,.0035,"10,486.35",0.00,현금(배당소득),확정,정액,89250000,2026/07/02 ~ 2026/07/02,,
KR7481340008,RISE 미국30년국채액티브,20260529,이익분배,35,.0035,"9,991.57",0.00,현금(배당소득),확정,정액,89250000,2026/06/02 ~ 2026/06/02,,
KR7481340008,RISE 미국30년국채액티브,20260430,이익분배,35,.0035,"9,940.25",0.00,현금(배당소득),확정,정액,89250000,2026/05/06 ~ 2026/05/06,,
KR7481340008,RISE 미국30년국채액티브,20260331,이익분배,37,.0037,"10,170.58",0.00,현금(배당소득),확정,정액,101750000,2026/04/02 ~ 2026/04/02,,
KR7481340008,RISE 미국30년국채액티브,20260227,이익분배,37,.0037,"10,203.21",0.00,현금(배당소득),확정,정액,112850000,2026/03/04 ~ 2026/03/04,,
KR7481340008,RISE 미국30년국채액티브,20260130,이익분배,37,.0037,"9,888.26",0.00,현금(배당소득),확정,정액,112850000,2026/02/03 ~ 2026/02/03,,
KR7481340008,RISE 미국30년국채액티브,20251230,이익분배,38,.0038,"10,063.82",0.00,현금(배당소득),확정,정액,115900000,2026/01/05 ~ 2026/01/05,,
KR7481340008,RISE 미국30년국채액티브,20251128,이익분배,39,.0039,"10,485.25",0.00,현금(배당소득),확정,정액,118950000,2025/12/02 ~ 2025/12/02,,
KR7481340008,RISE 미국30년국채액티브,20251031,이익분배,38,.0038,"10,507.43",0.00,현금(배당소득),확정,정액,115900000,2025/11/04 ~ 2025/11/04,,
KR7481340008,RISE 미국30년국채액티브,20250930,이익분배,34,.0034,"9,925.60",0.00,현금(배당소득),확정,정액,120700000,2025/10/02 ~ 2025/10/02,,
KR7481340008,RISE 미국30년국채액티브,20250829,이익분배,35,.0035,"9,531.56",0.00,현금(배당소득),확정,정액,115500000,2025/09/02 ~ 2025/09/02,,
KR7481340008,RISE 미국30년국채액티브,20250731,이익분배,34,.0034,"9,386.99",0.00,현금(배당소득),확정,정액,112200000,2025/08/04 ~ 2025/08/04,,
KR7481340008,RISE 미국30년국채액티브,20250630,이익분배,34,.0034,"9,379.73",0.00,현금(배당소득),확정,정액,112200000,2025/07/02 ~ 2025/07/02,,
KR7481340008,RISE 미국30년국채액티브,20250530,이익분배,35,.0035,"9,238.71",0.00,현금(배당소득),확정,정액,108500000,2025/06/04 ~ 2025/06/04,,
KR7481340008,RISE 미국30년국채액티브,20250430,이익분배,38,.0038,"10,053.71",0.00,현금(배당소득),확정,정액,106400000,2025/05/07 ~ 2025/05/07,,
KR7481340008,RISE 미국30년국채액티브,20250331,이익분배,44,.0044,"10,251.36",0.00,현금(배당소득),확정,정액,103400000,2025/04/02 ~ 2025/04/02,,
KR7481340008,RISE 미국30년국채액티브,20250228,이익분배,45,.0045,"10,357.09",0.00,현금(배당소득),확정,정액,81000000,2025/03/05 ~ 2025/03/05,,
KR7481340008,RISE 미국30년국채액티브,20250131,이익분배,44,.0044,"9,879.18",0.00,현금(배당소득),확정,정액,79200000,2025/02/04 ~ 2025/02/04,,
KR7481340008,RISE 미국30년국채액티브,20241230,이익분배,43,.0043,"10,121.06",0.00,현금(배당소득),확정,정액,77400000,2025/01/03 ~ 2025/01/03,,
KR7481340008,RISE 미국30년국채액티브,20241129,이익분배,42,.0042,"10,319.64",0.00,현금(배당소득),확정,정액,73500000,2024/12/03 ~ 2024/12/03,,
KR7481340008,RISE 미국30년국채액티브,20241031,이익분배,44,.0044,"10,210.45",0.00,현금(배당소득),확정,정액,68200000,2024/11/04 ~ 2024/11/04,,
KR7481340008,RISE 미국30년국채액티브,20240930,이익분배,43,.0043,"10,630.96",0.00,현금(배당소득),확정,정액,62350000,2024/10/04 ~ 2024/10/04,,
KR7481340008,RISE 미국30년국채액티브,20240830,이익분배,47,.0047,"10,729.64",0.00,현금(배당소득),확정,정액,72850000,2024/09/03 ~ 2024/09/03,,
KR7390390003,KODEX 미국반도체,20260731,이익분배,55,.0055,"52,141.16",0.00,현금(배당소득),확정,정액,1309000000,2026/08/04 ~ 2026/08/04,,
KR7390390003,KODEX 미국반도체,20260430,이익분배,67,.0067,"50,941.53",0.00,현금(배당소득),확정,정액,1386900000,2026/05/06 ~ 2026/05/06,,
KR7390390003,KODEX 미국반도체,20260130,이익분배,60,.006,"39,621.58",0.00,현금(배당소득),확정,정액,1299000000,2026/02/03 ~ 2026/02/03,,
KR7390390003,KODEX 미국반도체,20251031,이익분배,44,.0044,"35,493.74",0.00,현금(배당소득),확정,정액,781000000,2025/11/04 ~ 2025/11/04,,
KR7390390003,KODEX 미국반도체,20250731,이익분배,43,.0043,"27,740.08",0.00,현금(배당소득),확정,정액,776150000,2025/08/04 ~ 2025/08/04,,
KR7390390003,KODEX 미국반도체,20250430,이익분배,46,.0046,"21,013.27",0.00,현금(배당소득),확정,정액,915400000,2025/05/07 ~ 2025/05/07,,
KR7390390003,KODEX 미국반도체,20250131,이익분배,32,.0032,"26,437.69",0.00,현금(배당소득),확정,정액,640000000,2025/02/04 ~ 2025/02/04,,
KR7390390003,KODEX 미국반도체,20241031,이익분배,36,.0036,"23,866.99",0.00,현금(배당소득),확정,정액,887400000,2024/11/04 ~ 2024/11/04,,
KR7489860007,KIWOOM 글로벌전력GRID인프라,20260731,이익분배,50,.005,"14,941.06",0.00,현금(배당소득),확정,정액,42500000,2026/08/04 ~ 2026/08/04,,
KR7489860007,KIWOOM 글로벌전력GRID인프라,20260430,이익분배,30,.003,"16,269.65",0.00,현금(배당소득),확정,정액,21000000,2026/05/06 ~ 2026/05/06,,
KR7489860007,KIWOOM 글로벌전력GRID인프라,20260130,이익분배,30,.003,"13,908.56",0.00,현금(배당소득),확정,정액,16500000,2026/02/03 ~ 2026/02/03,,
KR7489860007,KIWOOM 글로벌전력GRID인프라,20251031,이익분배,15,.0015,"13,639.17",0.00,현금(배당소득),확정,정액,7500000,2025/11/04 ~ 2025/11/04,,
KR7489860007,KIWOOM 글로벌전력GRID인프라,20250731,이익분배,90,.009,"12,301.14",0.00,현금(배당소득),확정,정액,40500000,2025/08/04 ~ 2025/08/04,,
KR7489860007,KIWOOM 글로벌전력GRID인프라,20250430,이익분배,131,.0131,"10,594.51",0.00,현금(배당소득),확정,정액,85150000,2025/05/07 ~ 2025/05/07,,
KR7497510008,ACE 글로벌빅파마,20260731,이익분배,79,.0079,"13,772.25",0.00,현금(배당소득),확정,정액,55300000,2026/08/04 ~ 2026/08/04,,
KR7497510008,ACE 글로벌빅파마,20260430,이익분배,100,.01,"11,975.78",0.00,현금(배당소득),확정,정액,70000000,2026/05/06 ~ 2026/05/06,,
KR7497510008,ACE 글로벌빅파마,20260130,이익분배,58,.0058,"12,604.63",0.00,현금(배당소득),확정,정액,40600000,2026/02/03 ~ 2026/02/03,,
KR7497510008,ACE 글로벌빅파마,20251031,이익분배,51,.0051,"10,747.44",0.00,현금(배당소득),확정,정액,35700000,2025/11/04 ~ 2025/11/04,,
KR7497510008,ACE 글로벌빅파마,20250731,이익분배,60,.006,"10,119.38",0.00,현금(배당소득),확정,정액,48000000,2025/08/04 ~ 2025/08/04,,
KR7497510008,ACE 글로벌빅파마,20250430,이익분배,112,.0112,"10,467.97",0.00,현금(배당소득),확정,정액,89600000,2025/05/07 ~ 2025/05/07,,
KR7476310008,RISE 글로벌비만산업TOP2+,20260731,이익분배,114,.0114,"11,046.75",0.00,현금(배당소득),확정,정액,62700000,2026/08/04 ~ 2026/08/04,,
KR7476310008,RISE 글로벌비만산업TOP2+,20251230,이익분배,151,.0151,"10,452.11",0.00,현금(배당소득),확정,정액,83050000,2026/01/05 ~ 2026/01/05,,
KR7463640003,KODEX 미국S&P500유틸리티,20260731,이익분배,90,.009,"15,440.04",0.00,현금(배당소득),확정,정액,76500000,2026/08/04 ~ 2026/08/04,,
KR7463640003,KODEX 미국S&P500유틸리티,20260430,이익분배,87,.0087,"15,976.73",0.00,현금(배당소득),확정,정액,87000000,2026/05/06 ~ 2026/05/06,,
KR7463640003,KODEX 미국S&P500유틸리티,20260130,이익분배,90,.009,"14,548.31",0.00,현금(배당소득),확정,정액,90000000,2026/02/03 ~ 2026/02/03,,
KR7463640003,KODEX 미국S&P500유틸리티,20251031,이익분배,81,.0081,"15,191.71",0.00,현금(배당소득),확정,정액,76950000,2025/11/04 ~ 2025/11/04,,
KR7463640003,KODEX 미국S&P500유틸리티,20250731,이익분배,85,.0085,"13,750.80",0.00,현금(배당소득),확정,정액,97750000,2025/08/04 ~ 2025/08/04,,
KR7463640003,KODEX 미국S&P500유틸리티,20250430,이익분배,89,.0089,"13,386.17",0.00,현금(배당소득),확정,정액,84550000,2025/05/07 ~ 2025/05/07,,
KR7463640003,KODEX 미국S&P500유틸리티,20250131,이익분배,75,.0075,"13,366.41",0.00,현금(배당소득),확정,정액,75000000,2025/02/04 ~ 2025/02/04,,
KR7463640003,KODEX 미국S&P500유틸리티,20241031,이익분배,76,.0076,"13,322.15",0.00,현금(배당소득),확정,정액,102600000,2024/11/04 ~ 2024/11/04,,
KR7458760006,TIGER 미국배당다우존스타겟커버드콜2호,20260731,이익분배,93,.0093,"12,084.46",0.00,현금(배당소득),확정,정액,5896200000,2026/08/04 ~ 2026/08/04,,
KR7458760006,TIGER 미국배당다우존스타겟커버드콜2호,20260630,이익분배,97,.0097,"12,158.80",0.00,현금(배당소득),확정,정액,6038250000,2026/07/02 ~ 2026/07/02,,
KR7458760006,TIGER 미국배당다우존스타겟커버드콜2호,20260529,이익분배,96,.0096,"12,083.99",0.00,현금(배당소득),확정,정액,6072000000,2026/06/02 ~ 2026/06/02,,
KR7458760006,TIGER 미국배당다우존스타겟커버드콜2호,20260430,이익분배,92,.0092,"11,541.64",0.00,현금(배당소득),확정,정액,6030600000,2026/05/06 ~ 2026/05/06,,
KR7458760006,TIGER 미국배당다우존스타겟커버드콜2호,20260331,이익분배,94,.0094,"11,910.28",0.00,현금(배당소득),확정,정액,6175800000,2026/04/02 ~ 2026/04/02,,
KR7458760006,TIGER 미국배당다우존스타겟커버드콜2호,20260227,이익분배,94,.0094,"11,594.04",0.00,현금(배당소득),확정,정액,6528300000,2026/03/04 ~ 2026/03/04,,
KR7458760006,TIGER 미국배당다우존스타겟커버드콜2호,20260130,이익분배,88,.0088,"10,767.20",0.00,현금(배당소득),확정,정액,7000400000,2026/02/03 ~ 2026/02/03,,
KR7458760006,TIGER 미국배당다우존스타겟커버드콜2호,20251230,이익분배,88,.0088,"10,373.03",0.00,현금(배당소득),확정,정액,7484400000,2026/01/05 ~ 2026/01/05,,
KR7458760006,TIGER 미국배당다우존스타겟커버드콜2호,20251128,이익분배,87,.0087,"10,487.94",0.00,현금(배당소득),확정,정액,7669050000,2025/12/02 ~ 2025/12/02,,
KR7458760006,TIGER 미국배당다우존스타겟커버드콜2호,20251031,이익분배,83,.0083,"10,126.12",0.00,현금(배당소득),확정,정액,7897450000,2025/11/04 ~ 2025/11/04,,
KR7458760006,TIGER 미국배당다우존스타겟커버드콜2호,20250930,이익분배,86,.0086,"10,019.45",0.00,현금(배당소득),확정,정액,8750500000,2025/10/02 ~ 2025/10/02,,
KR7458760006,TIGER 미국배당다우존스타겟커버드콜2호,20250829,이익분배,86,.0086,"10,205.20",0.00,현금(배당소득),확정,정액,8737600000,2025/09/02 ~ 2025/09/02,,
KR7458760006,TIGER 미국배당다우존스타겟커버드콜2호,20250731,이익분배,86,.0086,"10,036.72",0.00,현금(배당소득),확정,정액,8823600000,2025/08/04 ~ 2025/08/04,,
KR7458760006,TIGER 미국배당다우존스타겟커버드콜2호,20250630,이익분배,85,.0085,"9,548.37",0.00,현금(배당소득),확정,정액,8721000000,2025/07/02 ~ 2025/07/02,,
KR7458760006,TIGER 미국배당다우존스타겟커버드콜2호,20250530,이익분배,86,.0086,"9,646.96",0.00,현금(배당소득),확정,정액,8862300000,2025/06/04 ~ 2025/06/04,,
KR7458760006,TIGER 미국배당다우존스타겟커버드콜2호,20250430,이익분배,82,.0082,"10,040.97",0.00,현금(배당소득),확정,정액,8019600000,2025/05/07 ~ 2025/05/07,,
KR7458760006,TIGER 미국배당다우존스타겟커버드콜2호,20250331,이익분배,96,.0096,"11,103.65",0.00,현금(배당소득),확정,정액,8832000000,2025/04/02 ~ 2025/04/02,,
KR7458760006,TIGER 미국배당다우존스타겟커버드콜2호,20250228,이익분배,98,.0098,"11,096.69",0.00,현금(배당소득),확정,정액,8922900000,2025/03/05 ~ 2025/03/05,,
KR7458760006,TIGER 미국배당다우존스타겟커버드콜2호,20250131,이익분배,94,.0094,"11,014.20",0.00,현금(배당소득),확정,정액,8333100000,2025/02/04 ~ 2025/02/04,,
KR7458760006,TIGER 미국배당다우존스타겟커버드콜2호,20241230,이익분배,96,.0096,"11,193.83",0.00,현금(배당소득),확정,정액,8020800000,2025/01/03 ~ 2025/01/03,,
KR7458760006,TIGER 미국배당다우존스타겟커버드콜2호,20241129,이익분배,100,.01,"11,338.03",0.00,현금(배당소득),확정,정액,7580000000,2024/12/03 ~ 2024/12/03,,
KR7458760006,TIGER 미국배당다우존스타겟커버드콜2호,20241031,이익분배,92,.0092,"10,950.94",0.00,현금(배당소득),확정,정액,6380200000,2024/11/04 ~ 2024/11/04,,
KR7458760006,TIGER 미국배당다우존스타겟커버드콜2호,20240930,이익분배,92,.0092,"10,429.85",0.00,현금(배당소득),확정,정액,6794200000,2024/10/04 ~ 2024/10/04,,
KR7458760006,TIGER 미국배당다우존스타겟커버드콜2호,20240830,이익분배,94,.0094,"10,553.39",0.00,현금(배당소득),확정,정액,6683400000,2024/09/03 ~ 2024/09/03,,
KR7445290000,KODEX 로봇액티브,20260731,이익분배,12,.00119004527131,"10,132.75",0.00,현금(배당소득),확정,정액,421200000,2026/08/04 ~ 2026/08/04,,
KR7445290000,KODEX 로봇액티브,20260430,이익분배,60,.00595022635653,"10,193.59",0.00,현금(배당소득),확정,정액,1929000000,2026/05/06 ~ 2026/05/06,,
KR7445290000,KODEX 로봇액티브,20250430,이익분배,152,.01507390676987,"10,258.20",0.00,현금(배당소득),확정,정액,1299600000,2025/05/07 ~ 2025/05/07,,
KR7445150006,KODEX 친환경조선해운액티브,20260731,이익분배,5,.00050885923936,"9,836.81",0.00,현금(배당소득),확정,정액,9500000,2026/08/04 ~ 2026/08/04,,
KR7445150006,KODEX 친환경조선해운액티브,20260430,이익분배,141,.01434983054987,"9,966.24",0.00,현금(배당소득),확정,정액,282000000,2026/05/06 ~ 2026/05/06,,
KR7445150006,KODEX 친환경조선해운액티브,20250430,이익분배,189,.0192348792477,"9,989.23",0.00,현금(배당소득),확정,정액,368550000,2025/05/07 ~ 2025/05/07,,
KR7441680006,TIGER 미국나스닥100커버드콜(합성),20260731,이익분배,111,.0111,"11,365.67",0.00,현금(배당소득),확정,정액,3019200000,2026/08/04 ~ 2026/08/04,,
KR7441680006,TIGER 미국나스닥100커버드콜(합성),20260630,이익분배,120,.012,"12,398.17",0.00,현금(배당소득),확정,정액,3264000000,2026/07/02 ~ 2026/07/02,,
KR7441680006,TIGER 미국나스닥100커버드콜(합성),20260529,이익분배,117,.0117,"12,144.65",0.00,현금(배당소득),확정,정액,3492450000,2026/06/02 ~ 2026/06/02,,
KR7441680006,TIGER 미국나스닥100커버드콜(합성),20260430,이익분배,114,.0114,"11,885.39",0.00,현금(배당소득),확정,정액,3516900000,2026/05/06 ~ 2026/05/06,,
KR7441680006,TIGER 미국나스닥100커버드콜(합성),20260331,이익분배,113,.0113,"11,565.26",0.00,현금(배당소득),확정,정액,3486050000,2026/04/02 ~ 2026/04/02,,
KR7441680006,TIGER 미국나스닥100커버드콜(합성),20260227,이익분배,110,.011,"11,339.09",0.00,현금(배당소득),확정,정액,3635500000,2026/03/04 ~ 2026/03/04,,
KR7441680006,TIGER 미국나스닥100커버드콜(합성),20260130,이익분배,112,.0112,"11,482.07",0.00,현금(배당소득),확정,정액,3903200000,2026/02/03 ~ 2026/02/03,,
KR7441680006,TIGER 미국나스닥100커버드콜(합성),20251230,이익분배,112,.0112,"11,555.62",0.00,현금(배당소득),확정,정액,3903200000,2026/01/05 ~ 2026/01/05,,
KR7441680006,TIGER 미국나스닥100커버드콜(합성),20251128,이익분배,111,.0111,"11,535.59",0.00,현금(배당소득),확정,정액,3868350000,2025/12/02 ~ 2025/12/02,,
KR7441680006,TIGER 미국나스닥100커버드콜(합성),20251031,이익분배,109,.0109,"11,309.00",0.00,현금(배당소득),확정,정액,3864050000,2025/11/04 ~ 2025/11/04,,
KR7441680006,TIGER 미국나스닥100커버드콜(합성),20250930,이익분배,103,.0103,"10,821.14",0.00,현금(배당소득),확정,정액,3821300000,2025/10/02 ~ 2025/10/02,,
KR7441680006,TIGER 미국나스닥100커버드콜(합성),20250829,이익분배,101,.0101,"10,592.83",0.00,현금(배당소득),확정,정액,3843050000,2025/09/02 ~ 2025/09/02,,
KR7441680006,TIGER 미국나스닥100커버드콜(합성),20250731,이익분배,101,.0101,"10,630.37",0.00,현금(배당소득),확정,정액,3903650000,2025/08/04 ~ 2025/08/04,,
KR7441680006,TIGER 미국나스닥100커버드콜(합성),20250630,이익분배,99,.0099,"10,295.21",0.00,현금(배당소득),확정,정액,3875850000,2025/07/02 ~ 2025/07/02,,
KR7441680006,TIGER 미국나스닥100커버드콜(합성),20250530,이익분배,98,.0098,"10,287.92",0.00,현금(배당소득),확정,정액,3797500000,2025/06/04 ~ 2025/06/04,,
KR7441680006,TIGER 미국나스닥100커버드콜(합성),20250430,이익분배,102,.0102,"10,709.19",0.00,현금(배당소득),확정,정액,3758700000,2025/05/07 ~ 2025/05/07,,
KR7441680006,TIGER 미국나스닥100커버드콜(합성),20250331,이익분배,109,.0109,"11,288.92",0.00,현금(배당소득),확정,정액,3907650000,2025/04/02 ~ 2025/04/02,,
KR7441680006,TIGER 미국나스닥100커버드콜(합성),20250228,이익분배,114,.0114,"11,806.64",0.00,현금(배당소득),확정,정액,4086900000,2025/03/05 ~ 2025/03/05,,
KR7441680006,TIGER 미국나스닥100커버드콜(합성),20250131,이익분배,117,.0117,"12,171.62",0.00,현금(배당소득),확정,정액,3814200000,2025/02/04 ~ 2025/02/04,,
KR7441680006,TIGER 미국나스닥100커버드콜(합성),20241230,이익분배,118,.0118,"12,231.21",0.00,현금(배당소득),확정,정액,3846800000,2025/01/03 ~ 2025/01/03,,
KR7441680006,TIGER 미국나스닥100커버드콜(합성),20241129,이익분배,110,.011,"11,434.70",0.00,현금(배당소득),확정,정액,3586000000,2024/12/03 ~ 2024/12/03,,
KR7441680006,TIGER 미국나스닥100커버드콜(합성),20241031,이익분배,109,.0109,"11,355.84",0.00,현금(배당소득),확정,정액,3651500000,2024/11/04 ~ 2024/11/04,,
KR7441680006,TIGER 미국나스닥100커버드콜(합성),20240930,이익분배,104,.0104,"10,785.20",0.00,현금(배당소득),확정,정액,3567200000,2024/10/04 ~ 2024/10/04,,
KR7441680006,TIGER 미국나스닥100커버드콜(합성),20240830,이익분배,103,.0103,"10,794.01",0.00,현금(배당소득),확정,정액,3532900000,2024/09/03 ~ 2024/09/03,,
KR7325020006,KODEX 배당가치,20260731,이익분배,156,.01568458697757,"10,143.97",0.00,현금(배당소득),확정,정액,514800000,2026/08/04 ~ 2026/08/04,,
KR7325020006,KODEX 배당가치,20260430,이익분배,335,.03368164511209,"10,399.79",0.00,현금(배당소득),확정,정액,2211000000,2026/05/06 ~ 2026/05/06,,
KR7325020006,KODEX 배당가치,20260130,이익분배,191,.0192035648251,"10,266.43",0.00,현금(배당소득),확정,정액,1241500000,2026/02/03 ~ 2026/02/03,,
KR7325020006,KODEX 배당가치,20251031,이익분배,158,.015885671426,"10,319.49",0.00,현금(배당소득),확정,정액,1058600000,2025/11/04 ~ 2025/11/04,,
KR7325020006,KODEX 배당가치,20250731,이익분배,143,.01437753806277,"10,387.29",0.00,현금(배당소득),확정,정액,915200000,2025/08/04 ~ 2025/08/04,,
KR7325020006,KODEX 배당가치,20250430,이익분배,90,.00904880017937,"10,430.17",0.00,현금(배당소득),확정,정액,612000000,2025/05/07 ~ 2025/05/07,,
KR7325020006,KODEX 배당가치,20250131,이익분배,50,.00502711121076,"10,125.47",0.00,현금(배당소득),확정,정액,285000000,2025/02/04 ~ 2025/02/04,,
KR7325020006,KODEX 배당가치,20241031,이익분배,55,.00552982233184,"10,096.21",0.00,현금(배당소득),확정,정액,440000000,2024/11/04 ~ 2024/11/04,,
KR7314700006,HANARO 농업융복합산업,20260731,이익분배,15,.00150704846567,"9,998.26",0.00,현금(배당소득),확정,정액,8250000,2026/08/04 ~ 2026/08/04,,
KR7314700006,HANARO 농업융복합산업,20260430,이익분배,130,.01306108670251,"10,137.50",0.00,현금(배당소득),확정,정액,71500000,2026/05/06 ~ 2026/05/06,,
KR7314700006,HANARO 농업융복합산업,20251031,이익분배,5,.00050234948856,"9,980.65",0.00,현금(배당소득),확정,정액,2750000,2025/11/04 ~ 2025/11/04,,
KR7314700006,HANARO 농업융복합산업,20250430,이익분배,120,.01205638772539,"10,099.97",0.00,현금(배당소득),확정,정액,66000000,2025/05/07 ~ 2025/05/07,,
KR7304760002,HANARO KRX300,20260731,이익분배,60,.00447862130122,"13,489.80",0.00,현금(배당소득),확정,정액,24000000,2026/08/04 ~ 2026/08/04,,
KR7304760002,HANARO KRX300,20260430,이익분배,250,.01866092208841,"13,695.54",0.00,현금(배당소득),확정,정액,100000000,2026/05/06 ~ 2026/05/06,,
KR7304760002,HANARO KRX300,20260130,이익분배,35,.00261252909238,"13,547.93",0.00,현금(배당소득),확정,정액,14000000,2026/02/03 ~ 2026/02/03,,
KR7304760002,HANARO KRX300,20251031,이익분배,40,.00298574753415,"13,508.61",0.00,현금(배당소득),확정,정액,16000000,2025/11/04 ~ 2025/11/04,,
KR7304760002,HANARO KRX300,20250731,이익분배,45,.00335896597591,"13,508.22",0.00,현금(배당소득),확정,정액,18000000,2025/08/04 ~ 2025/08/04,,
KR7304760002,HANARO KRX300,20250430,이익분배,180,.01343586390366,"13,647.45",0.00,현금(배당소득),확정,정액,72000000,2025/05/07 ~ 2025/05/07,,
KR7304760002,HANARO KRX300,20250131,이익분배,40,.00298574753415,"13,521.99",0.00,현금(배당소득),확정,정액,16000000,2025/02/04 ~ 2025/02/04,,
KR7304760002,HANARO KRX300,20241031,이익분배,40,.00298574753415,"13,512.95",0.00,현금(배당소득),확정,정액,16000000,2024/11/04 ~ 2024/11/04,,
KR7298770009,KODEX 한국대만IT프리미어,20260731,이익분배,109,.0109,"45,023.68",0.00,현금(배당소득),확정,정액,119900000,2026/08/04 ~ 2026/08/04,,
KR7298770009,KODEX 한국대만IT프리미어,20260430,이익분배,102,.0102,"44,460.83",0.00,현금(배당소득),확정,정액,112200000,2026/05/06 ~ 2026/05/06,,
KR7298770009,KODEX 한국대만IT프리미어,20260130,이익분배,65,.0065,"33,786.04",0.00,현금(배당소득),확정,정액,71500000,2026/02/03 ~ 2026/02/03,,
KR7298770009,KODEX 한국대만IT프리미어,20251031,이익분배,240,.024,"30,661.39",0.00,현금(배당소득),확정,정액,240000000,2025/11/04 ~ 2025/11/04,,
KR7298770009,KODEX 한국대만IT프리미어,20250731,이익분배,140,.014,"26,091.92",0.00,현금(배당소득),확정,정액,154000000,2025/08/04 ~ 2025/08/04,,
KR7298770009,KODEX 한국대만IT프리미어,20250430,이익분배,11,.0011,"21,769.32",0.00,현금(배당소득),확정,정액,12100000,2025/05/07 ~ 2025/05/07,,
KR7298770009,KODEX 한국대만IT프리미어,20250131,이익분배,12,.0012,"24,276.22",0.00,현금(배당소득),확정,정액,14400000,2025/02/04 ~ 2025/02/04,,
KR7298770009,KODEX 한국대만IT프리미어,20241031,이익분배,209,.0209,"23,960.12",0.00,현금(배당소득),확정,정액,313500000,2024/11/04 ~ 2024/11/04,,
KR7292160009,TIGER KRX300,20260731,이익분배,60,.00413718919366,"14,920.42",0.00,현금(배당소득),확정,정액,30000000,2026/08/04 ~ 2026/08/04,,
KR7292160009,TIGER KRX300,20260430,이익분배,277,.01910002344407,"15,150.23",0.00,현금(배당소득),확정,정액,138500000,2026/05/06 ~ 2026/05/06,,
KR7292160009,TIGER KRX300,20260130,이익분배,48,.00330975135493,"15,007.32",0.00,현금(배당소득),확정,정액,24000000,2026/02/03 ~ 2026/02/03,,
KR7292160009,TIGER KRX300,20251031,이익분배,65,.0044819549598,"14,991.17",0.00,현금(배당소득),확정,정액,32500000,2025/11/04 ~ 2025/11/04,,
KR7292160009,TIGER KRX300,20250731,이익분배,50,.00344765766138,"14,988.93",0.00,현금(배당소득),확정,정액,25000000,2025/08/04 ~ 2025/08/04,,
KR7292160009,TIGER KRX300,20250430,이익분배,161,.01110145766966,"15,105.15",0.00,현금(배당소득),확정,정액,80500000,2025/05/07 ~ 2025/05/07,,
KR7292160009,TIGER KRX300,20250131,이익분배,44,.00303393874202,"14,975.43",0.00,현금(배당소득),확정,정액,22000000,2025/02/04 ~ 2025/02/04,,
KR7292160009,TIGER KRX300,20241031,이익분배,50,.00344765766138,"14,968.52",0.00,현금(배당소득),확정,정액,25000000,2024/11/04 ~ 2024/11/04,,
KR7261140008,TIGER 우선주,20260731,이익분배,50,.00521078674543,"9,794.01",0.00,현금(배당소득),확정,정액,70000000,2026/08/04 ~ 2026/08/04,,
KR7261140008,TIGER 우선주,20260430,이익분배,315,.03282795649618,"10,075.54",0.00,현금(배당소득),확정,정액,510300000,2026/05/06 ~ 2026/05/06,,
KR7261140008,TIGER 우선주,20251031,이익분배,60,.00625294409451,"9,752.06",0.00,현금(배당소득),확정,정액,90000000,2025/11/04 ~ 2025/11/04,,
KR7261140008,TIGER 우선주,20250731,이익분배,45,.00468970807088,"9,737.62",0.00,현금(배당소득),확정,정액,76500000,2025/08/04 ~ 2025/08/04,,
KR7261140008,TIGER 우선주,20250430,이익분배,315,.03282795649618,"10,006.16",0.00,현금(배당소득),확정,정액,195300000,2025/05/07 ~ 2025/05/07,,
KR7261140008,TIGER 우선주,20241031,이익분배,45,.00468970807088,"9,702.57",0.00,현금(배당소득),확정,정액,25200000,2024/11/04 ~ 2024/11/04,,
KR7245340005,TIGER 미국다우존스30,20260731,이익분배,23,.0023,"37,153.90",0.00,현금(배당소득),확정,정액,92460000,2026/08/04 ~ 2026/08/04,,
KR7245340005,TIGER 미국다우존스30,20260630,이익분배,58,.0058,"38,686.49",0.00,현금(배당소득),확정,정액,228520000,2026/07/02 ~ 2026/07/02,,
KR7245340005,TIGER 미국다우존스30,20260529,이익분배,47,.0047,"36,864.50",0.00,현금(배당소득),확정,정액,178600000,2026/06/02 ~ 2026/06/02,,
KR7245340005,TIGER 미국다우존스30,20260430,이익분배,25,.0025,"35,265.65",0.00,현금(배당소득),확정,정액,100500000,2026/05/06 ~ 2026/05/06,,
KR7245340005,TIGER 미국다우존스30,20260331,이익분배,59,.0059,"33,805.88",0.00,현금(배당소득),확정,정액,240720000,2026/04/02 ~ 2026/04/02,,
KR7245340005,TIGER 미국다우존스30,20260227,이익분배,40,.004,"34,261.28",0.00,현금(배당소득),확정,정액,166400000,2026/03/04 ~ 2026/03/04,,
KR7245340005,TIGER 미국다우존스30,20260130,이익분배,22,.0022,"33,980.02",0.00,현금(배당소득),확정,정액,88880000,2026/02/03 ~ 2026/02/03,,
KR7245340005,TIGER 미국다우존스30,20251230,이익분배,55,.0055,"34,267.58",0.00,현금(배당소득),확정,정액,203500000,2026/01/05 ~ 2026/01/05,,
KR7245340005,TIGER 미국다우존스30,20251128,이익분배,36,.0036,"33,701.54",0.00,현금(배당소득),확정,정액,130320000,2025/12/02 ~ 2025/12/02,,
KR7245340005,TIGER 미국다우존스30,20251031,이익분배,22,.0022,"33,337.70",0.00,현금(배당소득),확정,정액,79200000,2025/11/04 ~ 2025/11/04,,
KR7245340005,TIGER 미국다우존스30,20250930,이익분배,48,.0048,"31,719.29",0.00,현금(배당소득),확정,정액,174720000,2025/10/02 ~ 2025/10/02,,
KR7245340005,TIGER 미국다우존스30,20250829,이익분배,40,.004,"31,005.34",0.00,현금(배당소득),확정,정액,145600000,2025/09/02 ~ 2025/09/02,,
KR7245340005,TIGER 미국다우존스30,20250731,이익분배,20,.002,"30,484.10",0.00,현금(배당소득),확정,정액,71600000,2025/08/04 ~ 2025/08/04,,
KR7245340005,TIGER 미국다우존스30,20250630,이익분배,45,.0045,"28,551.99",0.00,현금(배당소득),확정,정액,163800000,2025/07/02 ~ 2025/07/02,,
KR7245340005,TIGER 미국다우존스30,20250530,이익분배,37,.0037,"28,541.96",0.00,현금(배당소득),확정,정액,136900000,2025/06/04 ~ 2025/06/04,,
KR7245340005,TIGER 미국다우존스30,20250430,이익분배,22,.0022,"28,311.67",0.00,현금(배당소득),확정,정액,79640000,2025/05/07 ~ 2025/05/07,,
KR7245340005,TIGER 미국다우존스30,20250331,이익분배,52,.0052,"30,480.03",0.00,현금(배당소득),확정,정액,186160000,2025/04/02 ~ 2025/04/02,,
KR7245340005,TIGER 미국다우존스30,20250228,이익분배,37,.0037,"30,637.00",0.00,현금(배당소득),확정,정액,133200000,2025/03/05 ~ 2025/03/05,,
KR7245340005,TIGER 미국다우존스30,20250131,이익분배,16,.0016,"31,106.57",0.00,현금(배당소득),확정,정액,56960000,2025/02/04 ~ 2025/02/04,,
KR7245340005,TIGER 미국다우존스30,20241230,이익분배,58,.0058,"31,140.37",0.00,현금(배당소득),확정,정액,205320000,2025/01/03 ~ 2025/01/03,,
KR7245340005,TIGER 미국다우존스30,20241129,이익분배,35,.0035,"30,779.76",0.00,현금(배당소득),확정,정액,122500000,2024/12/03 ~ 2024/12/03,,
KR7245340005,TIGER 미국다우존스30,20241031,이익분배,60,.006,"28,904.43",0.00,현금(배당소득),확정,정액,208800000,2024/11/04 ~ 2024/11/04,,
KR7245340005,TIGER 미국다우존스30,20240930,이익분배,45,.0045,"27,409.75",0.00,현금(배당소득),확정,정액,154800000,2024/10/04 ~ 2024/10/04,,
KR7245340005,TIGER 미국다우존스30,20240830,이익분배,36,.0036,"27,210.21",0.00,현금(배당소득),확정,정액,126000000,2024/09/03 ~ 2024/09/03,,
KR7227830007,PLUS 코스피,20260731,이익분배,70,.0035,"20,096.69",0.00,현금(배당소득),확정,정액,17500000,2026/08/04 ~ 2026/08/04,,
KR7227830007,PLUS 코스피,20260430,이익분배,360,.018,"20,412.86",0.00,현금(배당소득),확정,정액,90000000,2026/05/06 ~ 2026/05/06,,
KR7227830007,PLUS 코스피,20260130,이익분배,120,.006,"20,228.92",0.00,현금(배당소득),확정,정액,30000000,2026/02/03 ~ 2026/02/03,,
KR7227830007,PLUS 코스피,20251031,이익분배,65,.00325,"20,126.51",0.00,현금(배당소득),확정,정액,16250000,2025/11/04 ~ 2025/11/04,,
KR7227830007,PLUS 코스피,20250731,이익분배,70,.0035,"20,135.74",0.00,현금(배당소득),확정,정액,17500000,2025/08/04 ~ 2025/08/04,,
KR7227830007,PLUS 코스피,20250430,이익분배,310,.0155,"20,391.47",0.00,현금(배당소득),확정,정액,77500000,2025/05/07 ~ 2025/05/07,,
KR7227830007,PLUS 코스피,20250131,이익분배,100,.005,"20,204.61",0.00,현금(배당소득),확정,정액,25000000,2025/02/04 ~ 2025/02/04,,
KR7227830007,PLUS 코스피,20241031,이익분배,100,.005,"20,194.60",0.00,현금(배당소득),확정,정액,25000000,2024/11/04 ~ 2024/11/04,,
KR7153270004,KIWOOM 코스피100,20260731,이익분배,120,.00609945155765,"19,800.90",0.00,현금(배당소득),확정,정액,50400000,2026/08/04 ~ 2026/08/04,,
KR7153270004,KIWOOM 코스피100,20260430,이익분배,300,.01524862889412,"20,025.26",0.00,현금(배당소득),확정,정액,126000000,2026/05/06 ~ 2026/05/06,,
KR7153270004,KIWOOM 코스피100,20260130,이익분배,140,.00711602681726,"19,870.45",0.00,현금(배당소득),확정,정액,53200000,2026/02/03 ~ 2026/02/03,,
KR7153270004,KIWOOM 코스피100,20251031,이익분배,60,.00304972577882,"19,807.68",0.00,현금(배당소득),확정,정액,19200000,2025/11/04 ~ 2025/11/04,,
KR7153270004,KIWOOM 코스피100,20250731,이익분배,65,.00330386959373,"19,788.51",0.00,현금(배당소득),확정,정액,20800000,2025/08/04 ~ 2025/08/04,,
KR7153270004,KIWOOM 코스피100,20250430,이익분배,440,.02236465571137,"20,152.35",0.00,현금(배당소득),확정,정액,114400000,2025/05/07 ~ 2025/05/07,,
KR7153270004,KIWOOM 코스피100,20241031,이익분배,280,.01423205363451,"20,071.85",0.00,현금(배당소득),확정,정액,72800000,2024/11/04 ~ 2024/11/04,,
KR7117700005,KODEX 건설,20260731,이익분배,19,.00356459419909,"5,368.52",0.00,현금(배당소득),확정,정액,552900000,2026/08/04 ~ 2026/08/04,,
KR7117700005,KODEX 건설,20260430,이익분배,15,.00281415331507,"5,391.03",0.00,현금(배당소득),확정,정액,498000000,2026/05/06 ~ 2026/05/06,,
KR7117700005,KODEX 건설,20250430,이익분배,59,.01106900303929,"5,385.57",0.00,현금(배당소득),확정,정액,767000000,2025/05/07 ~ 2025/05/07,,
KR7104520002,KIWOOM 블루칩,20260731,이익분배,20,.00460740317542,"4,362.15",0.00,현금(배당소득),확정,정액,20000000,2026/08/04 ~ 2026/08/04,,
KR7104520002,KIWOOM 블루칩,20260430,이익분배,110,.02534071746482,"4,460.16",0.00,현금(배당소득),확정,정액,121000000,2026/05/06 ~ 2026/05/06,,
KR7104520002,KIWOOM 블루칩,20260130,이익분배,30,.00691110476313,"4,381.26",0.00,현금(배당소득),확정,정액,36000000,2026/02/03 ~ 2026/02/03,,
KR7104520002,KIWOOM 블루칩,20251031,이익분배,20,.00460740317542,"4,364.28",0.00,현금(배당소득),확정,정액,24000000,2025/11/04 ~ 2025/11/04,,
KR7104520002,KIWOOM 블루칩,20250731,이익분배,15,.00345555238157,"4,367.68",0.00,현금(배당소득),확정,정액,18000000,2025/08/04 ~ 2025/08/04,,
KR7104520002,KIWOOM 블루칩,20250430,이익분배,180,.0414666285788,"4,538.68",0.00,현금(배당소득),확정,정액,216000000,2025/05/07 ~ 2025/05/07,,
KR7104520002,KIWOOM 블루칩,20241031,이익분배,80,.01842961270169,"4,479.09",0.00,현금(배당소득),확정,정액,96000000,2024/11/04 ~ 2024/11/04,,
KR70199C0001,ACE 고배당주Plus커버드콜액티브,20260731,이익분배,175,.0175,"10,149.70",0.00,현금(배당소득),확정,정액,2275000000,2026/08/04 ~ 2026/08/04,,
KR70199C0001,ACE 고배당주Plus커버드콜액티브,20260630,이익분배,168,.0168,"10,148.36",0.00,현금(배당소득),확정,정액,2100000000,2026/07/02 ~ 2026/07/02,,
KR70005G0001,IBK K-AI반도체코어테크,20260731,이익분배,11,.00107054085671,"10,279.80",0.00,현금(배당소득),확정,정액,37950000,2026/08/04 ~ 2026/08/04,,
KR70005G0001,IBK K-AI반도체코어테크,20260430,이익분배,66,.00642324514023,"10,369.82",0.00,현금(배당소득),확정,정액,165000000,2026/05/06 ~ 2026/05/06,,
KR70005G0001,IBK K-AI반도체코어테크,20260130,이익분배,12,.00116786275277,"10,357.02",0.00,현금(배당소득),확정,정액,15000000,2026/02/03 ~ 2026/02/03,,
KR70005G0001,IBK K-AI반도체코어테크,20251031,이익분배,17,.00165447223309,"10,280.46",0.00,현금(배당소득),확정,정액,14450000,2025/11/04 ~ 2025/11/04,,
KR70005G0001,IBK K-AI반도체코어테크,20250731,이익분배,16,.00155715033703,"10,282.99",0.00,현금(배당소득),확정,정액,13600000,2025/08/04 ~ 2025/08/04,,
KR70005G0001,IBK K-AI반도체코어테크,20250430,이익분배,24,.00233572550554,"10,299.46",0.00,현금(배당소득),확정,정액,20400000,2025/05/07 ~ 2025/05/07,,
KR7376410007,TIGER 탄소효율그린뉴딜,20260731,이익분배,58,.00574373437803,"10,229.67",0.00,현금(배당소득),확정,정액,52200000,2026/08/04 ~ 2026/08/04,,
KR7376410007,TIGER 탄소효율그린뉴딜,20260430,이익분배,85,.00841754176091,"10,297.69",0.00,현금(배당소득),확정,정액,76500000,2026/05/06 ~ 2026/05/06,,
KR7376410007,TIGER 탄소효율그린뉴딜,20260130,이익분배,24,.00237671767367,"10,223.60",0.00,현금(배당소득),확정,정액,24000000,2026/02/03 ~ 2026/02/03,,
KR7376410007,TIGER 탄소효율그린뉴딜,20251031,이익분배,30,.00297089709209,"10,210.69",0.00,현금(배당소득),확정,정액,30000000,2025/11/04 ~ 2025/11/04,,
KR7376410007,TIGER 탄소효율그린뉴딜,20250731,이익분배,30,.00297089709209,"10,216.62",0.00,현금(배당소득),확정,정액,33000000,2025/08/04 ~ 2025/08/04,,
KR7376410007,TIGER 탄소효율그린뉴딜,20250430,이익분배,85,.00841754176091,"10,280.83",0.00,현금(배당소득),확정,정액,93500000,2025/05/07 ~ 2025/05/07,,
KR7376410007,TIGER 탄소효율그린뉴딜,20250131,이익분배,20,.00198059806139,"10,213.83",0.00,현금(배당소득),확정,정액,22000000,2025/02/04 ~ 2025/02/04,,
KR7376410007,TIGER 탄소효율그린뉴딜,20241031,이익분배,20,.00198059806139,"10,199.12",0.00,현금(배당소득),확정,정액,32000000,2024/11/04 ~ 2024/11/04,,
KR7495230005,KoAct 코리아밸류업액티브,20260731,이익분배,55,.00566182049147,"9,719.80",0.00,현금(배당소득),확정,정액,459250000,2026/08/04 ~ 2026/08/04,,
KR7495230005,KoAct 코리아밸류업액티브,20260630,이익분배,83,.00854420183258,"9,709.26",0.00,현금(배당소득),확정,정액,722100000,2026/07/02 ~ 2026/07/02,,
KR7495230005,KoAct 코리아밸류업액티브,20260529,이익분배,76,.0078236064973,"9,737.59",0.00,현금(배당소득),확정,정액,756200000,2026/06/02 ~ 2026/06/02,,
KR7495230005,KoAct 코리아밸류업액티브,20260430,이익분배,60,.00617653144524,"9,790.14",0.00,현금(배당소득),확정,정액,606000000,2026/05/06 ~ 2026/05/06,,
KR7495230005,KoAct 코리아밸류업액티브,20260331,이익분배,49,.00504416734694,"9,818.87",0.00,현금(배당소득),확정,정액,477750000,2026/04/02 ~ 2026/04/02,,
KR7495230005,KoAct 코리아밸류업액티브,20260227,이익분배,53,.00545593610996,"9,720.62",0.00,현금(배당소득),확정,정액,386900000,2026/03/04 ~ 2026/03/04,,
KR7495230005,KoAct 코리아밸류업액티브,20260130,이익분배,44,.00452945639317,"9,738.53",0.00,현금(배당소득),확정,정액,228800000,2026/02/03 ~ 2026/02/03,,
KR7495230005,KoAct 코리아밸류업액티브,20251230,이익분배,34,.00350003448563,"9,718.88",0.00,현금(배당소득),확정,정액,141100000,2026/01/05 ~ 2026/01/05,,
KR7495230005,KoAct 코리아밸류업액티브,20251128,이익분배,32,.00329415010413,"9,726.12",0.00,현금(배당소득),확정,정액,108800000,2025/12/02 ~ 2025/12/02,,
KR7495230005,KoAct 코리아밸류업액티브,20251031,이익분배,31,.00319120791337,"9,744.11",0.00,현금(배당소득),확정,정액,110050000,2025/11/04 ~ 2025/11/04,,
KR7495230005,KoAct 코리아밸류업액티브,20250930,이익분배,26,.0026764969596,"9,765.08",0.00,현금(배당소득),확정,정액,83200000,2025/10/02 ~ 2025/10/02,,
KR7495230005,KoAct 코리아밸류업액티브,20250829,이익분배,25,.00257355476885,"9,786.11",0.00,현금(배당소득),확정,정액,91250000,2025/09/02 ~ 2025/09/02,,
KR7495230005,KoAct 코리아밸류업액티브,20250731,이익분배,25,.00257355476885,"9,793.23",0.00,현금(배당소득),확정,정액,98750000,2025/08/04 ~ 2025/08/04,,
KR7495230005,KoAct 코리아밸류업액티브,20250630,이익분배,25,.00257355476885,"9,809.38",0.00,현금(배당소득),확정,정액,75000000,2025/07/02 ~ 2025/07/02,,
KR7495230005,KoAct 코리아밸류업액티브,20250530,이익분배,21,.00216178600583,"9,825.31",0.00,현금(배당소득),확정,정액,60900000,2025/06/04 ~ 2025/06/04,,
KR7495230005,KoAct 코리아밸류업액티브,20250430,이익분배,20,.00205884381508,"9,836.84",0.00,현금(배당소득),확정,정액,60000000,2025/05/07 ~ 2025/05/07,,
KR7495230005,KoAct 코리아밸류업액티브,20250331,이익분배,21,.00216178600583,"9,837.68",0.00,현금(배당소득),확정,정액,58800000,2025/04/02 ~ 2025/04/02,,
KR7495230005,KoAct 코리아밸류업액티브,20250228,이익분배,20,.00205884381508,"9,764.55",0.00,현금(배당소득),확정,정액,53000000,2025/03/05 ~ 2025/03/05,,
KR7495230005,KoAct 코리아밸류업액티브,20250131,이익분배,21,.00216178600583,"9,785.14",0.00,현금(배당소득),확정,정액,59850000,2025/02/04 ~ 2025/02/04,,
KR7495230005,KoAct 코리아밸류업액티브,20241230,이익분배,19,.00195590162432,"9,706.99",0.00,현금(배당소득),확정,정액,57950000,2025/01/03 ~ 2025/01/03,,
KR7293180006,HANARO 200,20260731,이익분배,180,.00572612515974,"31,753.87",0.00,현금(배당소득),확정,정액,792000000,2026/08/04 ~ 2026/08/04,,
KR7293180006,HANARO 200,20260430,이익분배,500,.01590590322149,"32,124.31",0.00,현금(배당소득),확정,정액,2625000000,2026/05/06 ~ 2026/05/06,,
KR7293180006,HANARO 200,20260130,이익분배,100,.0031811806443,"31,789.65",0.00,현금(배당소득),확정,정액,890000000,2026/02/03 ~ 2026/02/03,,
KR7293180006,HANARO 200,20251031,이익분배,110,.00349929870873,"31,705.50",0.00,현금(배당소득),확정,정액,913000000,2025/11/04 ~ 2025/11/04,,
KR7293180006,HANARO 200,20250731,이익분배,125,.00397647580537,"31,702.60",0.00,현금(배당소득),확정,정액,1100000000,2025/08/04 ~ 2025/08/04,,
KR7293180006,HANARO 200,20250430,이익분배,450,.01431531289934,"32,035.16",0.00,현금(배당소득),확정,정액,4725000000,2025/05/07 ~ 2025/05/07,,
KR7293180006,HANARO 200,20250131,이익분배,110,.00349929870873,"31,742.72",0.00,현금(배당소득),확정,정액,1276000000,2025/02/04 ~ 2025/02/04,,
KR7293180006,HANARO 200,20241031,이익분배,125,.00397647580537,"31,735.06",0.00,현금(배당소득),확정,정액,1618750000,2024/11/04 ~ 2024/11/04,,
KR70194N0003,KIWOOM 삼성전자선물단일종목레버리지,20260731,이익분배,11,.00055,"20,012.66",0.00,현금(배당소득),확정,정액,10175000,2026/08/04 ~ 2026/08/04,,
KR70194N0003,KIWOOM 삼성전자선물단일종목레버리지,20260630,이익분배,28,.0014,"20,001.65",0.00,현금(배당소득),확정,정액,23100000,2026/07/02 ~ 2026/07/02,,
KR7283580009,KODEX 차이나CSI300,20260731,이익분배,126,.0126,"15,937.91",0.00,현금(배당소득),확정,정액,2091600000,2026/08/04 ~ 2026/08/04,,
KR7283580009,KODEX 차이나CSI300,20260430,이익분배,42,.0042,"16,653.28",0.00,현금(배당소득),확정,정액,716100000,2026/05/06 ~ 2026/05/06,,
KR7283580009,KODEX 차이나CSI300,20260130,이익분배,59,.0059,"15,642.06",0.00,현금(배당소득),확정,정액,1003000000,2026/02/03 ~ 2026/02/03,,
KR7283580009,KODEX 차이나CSI300,20251031,이익분배,120,.012,"15,428.18",0.00,현금(배당소득),확정,정액,1668000000,2025/11/04 ~ 2025/11/04,,
KR7283580009,KODEX 차이나CSI300,20250731,이익분배,142,.0142,"13,182.15",0.00,현금(배당소득),확정,정액,1661400000,2025/08/04 ~ 2025/08/04,,
KR7283580009,KODEX 차이나CSI300,20250131,이익분배,172,.0172,"12,300.37",0.00,현금(배당소득),확정,정액,1470600000,2025/02/04 ~ 2025/02/04,,
KR7245360003,TIGER 차이나HSCEI,20260731,이익분배,74,.0074,"13,212.50",0.00,현금(배당소득),확정,정액,162800000,2026/08/04 ~ 2026/08/04,,
KR7245360003,TIGER 차이나HSCEI,20260430,이익분배,15,.0015,"13,798.22",0.00,현금(배당소득),확정,정액,39750000,2026/05/06 ~ 2026/05/06,,
KR7245360003,TIGER 차이나HSCEI,20260130,이익분배,65,.0065,"14,201.39",0.00,현금(배당소득),확정,정액,208000000,2026/02/03 ~ 2026/02/03,,
KR7245360003,TIGER 차이나HSCEI,20251031,이익분배,70,.007,"14,566.94",0.00,현금(배당소득),확정,정액,255500000,2025/11/04 ~ 2025/11/04,,
KR7245360003,TIGER 차이나HSCEI,20250731,이익분배,180,.018,"13,873.28",0.00,현금(배당소득),확정,정액,747000000,2025/08/04 ~ 2025/08/04,,
KR7245360003,TIGER 차이나HSCEI,20250430,이익분배,55,.0055,"12,730.32",0.00,현금(배당소득),확정,정액,264000000,2025/05/07 ~ 2025/05/07,,
KR7245360003,TIGER 차이나HSCEI,20241230,이익분배,370,.037,"12,024.56",0.00,현금(배당소득),확정,정액,1517000000,2025/01/03 ~ 2025/01/03,,
KR70084D0008,KIWOOM 미국테크100월간목표헤지액티브,20260731,이익분배,14,.0014,"11,739.04",0.00,현금(배당소득),확정,정액,11200000,2026/08/04 ~ 2026/08/04,,
KR70084D0008,KIWOOM 미국테크100월간목표헤지액티브,20260630,이익분배,14,.0014,"12,786.47",0.00,현금(배당소득),확정,정액,11200000,2026/07/02 ~ 2026/07/02,,
KR70084D0008,KIWOOM 미국테크100월간목표헤지액티브,20260529,이익분배,14,.0014,"12,701.26",0.00,현금(배당소득),확정,정액,11200000,2026/06/02 ~ 2026/06/02,,
KR70084D0008,KIWOOM 미국테크100월간목표헤지액티브,20260430,이익분배,13,.0013,"11,612.41",0.00,현금(배당소득),확정,정액,10400000,2026/05/06 ~ 2026/05/06,,
KR70084D0008,KIWOOM 미국테크100월간목표헤지액티브,20260331,이익분배,13,.0013,"10,733.69",0.00,현금(배당소득),확정,정액,10400000,2026/04/02 ~ 2026/04/02,,
KR70084D0008,KIWOOM 미국테크100월간목표헤지액티브,20260227,이익분배,13,.0013,"10,330.66",0.00,현금(배당소득),확정,정액,11700000,2026/03/04 ~ 2026/03/04,,
KR70084D0008,KIWOOM 미국테크100월간목표헤지액티브,20260130,이익분배,13,.0013,"10,618.83",0.00,현금(배당소득),확정,정액,11700000,2026/02/03 ~ 2026/02/03,,
KR70084D0008,KIWOOM 미국테크100월간목표헤지액티브,20251230,이익분배,13,.0013,"10,808.14",0.00,현금(배당소득),확정,정액,11700000,2026/01/05 ~ 2026/01/05,,
KR70084D0008,KIWOOM 미국테크100월간목표헤지액티브,20251128,이익분배,13,.0013,"11,015.56",0.00,현금(배당소득),확정,정액,11700000,2025/12/02 ~ 2025/12/02,,
KR70084D0008,KIWOOM 미국테크100월간목표헤지액티브,20251031,이익분배,12,.0012,"11,049.22",0.00,현금(배당소득),확정,정액,10800000,2025/11/04 ~ 2025/11/04,,
KR70084D0008,KIWOOM 미국테크100월간목표헤지액티브,20250930,이익분배,12,.0012,"10,366.07",0.00,현금(배당소득),확정,정액,13200000,2025/10/02 ~ 2025/10/02,,
KR70084D0008,KIWOOM 미국테크100월간목표헤지액티브,20250829,이익분배,12,.0012,"10,071.51",0.00,현금(배당소득),확정,정액,13200000,2025/09/02 ~ 2025/09/02,,
KR7371160003,TIGER 차이나항셍테크,20260731,이익분배,25,.0025,"7,613.50",0.00,현금(배당소득),확정,정액,2092500000,2026/08/04 ~ 2026/08/04,,
KR7371160003,TIGER 차이나항셍테크,20260430,이익분배,20,.002,"8,088.79",0.00,현금(배당소득),확정,정액,2200000000,2026/05/06 ~ 2026/05/06,,
KR7371160003,TIGER 차이나항셍테크,20260130,이익분배,10,.001,"9,112.59",0.00,현금(배당소득),확정,정액,1189000000,2026/02/03 ~ 2026/02/03,,
KR7371160003,TIGER 차이나항셍테크,20251031,이익분배,15,.0015,"9,751.67",0.00,현금(배당소득),확정,정액,1895250000,2025/11/04 ~ 2025/11/04,,
KR7371160003,TIGER 차이나항셍테크,20250731,이익분배,35,.0035,"8,720.91",0.00,현금(배당소득),확정,정액,4326000000,2025/08/04 ~ 2025/08/04,,
KR7371160003,TIGER 차이나항셍테크,20250430,이익분배,20,.002,"8,031.72",0.00,현금(배당소득),확정,정액,2422000000,2025/05/07 ~ 2025/05/07,,
KR7371150004,RISE 차이나항셍테크,20260731,이익분배,55,.0055,"7,415.22",0.00,현금(배당소득),확정,정액,71500000,2026/08/04 ~ 2026/08/04,,
KR7371150004,RISE 차이나항셍테크,20251230,이익분배,65,.0065,"8,614.46",0.00,현금(배당소득),확정,정액,156000000,2026/01/05 ~ 2026/01/05,,
KR70139P0009,ACE 고배당주,20260731,이익분배,52,.0052,"11,182.20",0.00,현금(배당소득),확정,정액,208000000,2026/08/04 ~ 2026/08/04,,
KR70139P0009,ACE 고배당주,20260630,이익분배,52,.0052,"11,205.26",0.00,현금(배당소득),확정,정액,208000000,2026/07/02 ~ 2026/07/02,,
KR70139P0009,ACE 고배당주,20260529,이익분배,52,.0052,"11,247.85",0.00,현금(배당소득),확정,정액,215800000,2026/06/02 ~ 2026/06/02,,
KR70139P0009,ACE 고배당주,20260430,이익분배,44,.0044,"11,289.21",0.00,현금(배당소득),확정,정액,206800000,2026/05/06 ~ 2026/05/06,,
KR70139P0009,ACE 고배당주,20260331,이익분배,44,.0044,"11,188.01",0.00,현금(배당소득),확정,정액,215600000,2026/04/02 ~ 2026/04/02,,
KR70139P0009,ACE 고배당주,20260227,이익분배,44,.0044,"11,013.43",0.00,현금(배당소득),확정,정액,209000000,2026/03/04 ~ 2026/03/04,,
KR70139P0009,ACE 고배당주,20260130,이익분배,44,.0044,"11,060.74",0.00,현금(배당소득),확정,정액,156200000,2026/02/03 ~ 2026/02/03,,
KR70139P0009,ACE 고배당주,20251230,이익분배,22,.0022,"10,964.21",0.00,현금(배당소득),확정,정액,47300000,2026/01/05 ~ 2026/01/05,,
KR7458730009,TIGER 미국배당다우존스,20260731,이익분배,37,.0037,"15,631.43",0.00,현금(배당소득),확정,정액,10056600000,2026/08/04 ~ 2026/08/04,,
KR7458730009,TIGER 미국배당다우존스,20260630,이익분배,45,.0045,"15,668.95",0.00,현금(배당소득),확정,정액,11522250000,2026/07/02 ~ 2026/07/02,,
KR7458730009,TIGER 미국배당다우존스,20260529,이익분배,36,.0036,"15,606.64",0.00,현금(배당소득),확정,정액,8686800000,2026/06/02 ~ 2026/06/02,,
KR7458730009,TIGER 미국배당다우존스,20260430,이익분배,33,.0033,"14,643.45",0.00,현금(배당소득),확정,정액,7621350000,2026/05/06 ~ 2026/05/06,,
KR7458730009,TIGER 미국배당다우존스,20260331,이익분배,36,.0036,"14,798.07",0.00,현금(배당소득),확정,정액,7781400000,2026/04/02 ~ 2026/04/02,,
KR7458730009,TIGER 미국배당다우존스,20260227,이익분배,38,.0038,"14,443.71",0.00,현금(배당소득),확정,정액,7788100000,2026/03/04 ~ 2026/03/04,,
KR7458730009,TIGER 미국배당다우존스,20260130,이익분배,32,.0032,"13,388.83",0.00,현금(배당소득),확정,정액,6086400000,2026/02/03 ~ 2026/02/03,,
KR7458730009,TIGER 미국배당다우존스,20251230,이익분배,40,.004,"12,807.04",0.00,현금(배당소득),확정,정액,7058000000,2026/01/05 ~ 2026/01/05,,
KR7458730009,TIGER 미국배당다우존스,20251128,이익분배,38,.0038,"12,798.27",0.00,현금(배당소득),확정,정액,6648100000,2025/12/02 ~ 2025/12/02,,
KR7458730009,TIGER 미국배당다우존스,20251031,이익분배,30,.003,"12,402.19",0.00,현금(배당소득),확정,정액,5368500000,2025/11/04 ~ 2025/11/04,,
KR7458730009,TIGER 미국배당다우존스,20250930,이익분배,38,.0038,"12,276.91",0.00,현금(배당소득),확정,정액,6957800000,2025/10/02 ~ 2025/10/02,,
KR7458730009,TIGER 미국배당다우존스,20250829,이익분배,35,.0035,"12,396.64",0.00,현금(배당소득),확정,정액,6354250000,2025/09/02 ~ 2025/09/02,,
KR7458730009,TIGER 미국배당다우존스,20250731,이익분배,30,.003,"12,141.98",0.00,현금(배당소득),확정,정액,5412000000,2025/08/04 ~ 2025/08/04,,
KR7458730009,TIGER 미국배당다우존스,20250630,이익분배,34,.0034,"11,456.86",0.00,현금(배당소득),확정,정액,5985700000,2025/07/02 ~ 2025/07/02,,
KR7458730009,TIGER 미국배당다우존스,20250530,이익분배,39,.0039,"11,576.87",0.00,현금(배당소득),확정,정액,6838650000,2025/06/04 ~ 2025/06/04,,
KR7458730009,TIGER 미국배당다우존스,20250430,이익분배,26,.0026,"11,890.17",0.00,현금(배당소득),확정,정액,4382300000,2025/05/07 ~ 2025/05/07,,
KR7458730009,TIGER 미국배당다우존스,20250331,이익분배,40,.004,"13,111.48",0.00,현금(배당소득),확정,정액,6276000000,2025/04/02 ~ 2025/04/02,,
KR7458730009,TIGER 미국배당다우존스,20250228,이익분배,35,.0035,"13,046.24",0.00,현금(배당소득),확정,정액,5582500000,2025/03/05 ~ 2025/03/05,,
KR7458730009,TIGER 미국배당다우존스,20250131,이익분배,45,.0045,"12,904.22",0.00,현금(배당소득),확정,정액,7467750000,2025/02/04 ~ 2025/02/04,,
KR7458730009,TIGER 미국배당다우존스,20241230,이익분배,38,.0038,"13,025.24",0.00,현금(배당소득),확정,정액,5795000000,2025/01/03 ~ 2025/01/03,,
KR7458730009,TIGER 미국배당다우존스,20241129,이익분배,48,.0048,"13,187.43",0.00,현금(배당소득),확정,정액,6446400000,2024/12/03 ~ 2024/12/03,,
KR7458730009,TIGER 미국배당다우존스,20241031,이익분배,34,.0034,"12,626.55",0.00,현금(배당소득),확정,정액,4159900000,2024/11/04 ~ 2024/11/04,,
KR7458730009,TIGER 미국배당다우존스,20240930,이익분배,34,.0034,"11,916.99",0.00,현금(배당소득),확정,정액,3842000000,2024/10/04 ~ 2024/10/04,,
KR7458730009,TIGER 미국배당다우존스,20240830,이익분배,39,.0039,"11,970.49",0.00,현금(배당소득),확정,정액,4151550000,2024/09/03 ~ 2024/09/03,,
KR7441800000,TIME Korea플러스배당액티브,20260731,이익분배,134,.01377120277068,"9,712.74",0.00,현금(배당소득),확정,정액,3706440000,2026/08/04 ~ 2026/08/04,,
KR7441800000,TIME Korea플러스배당액티브,20260630,이익분배,368,.03781942253442,"9,720.21",0.00,현금(배당소득),확정,정액,10097920000,2026/07/02 ~ 2026/07/02,,
KR7441800000,TIME Korea플러스배당액티브,20260529,이익분배,181,.01860140075742,"9,740.00",0.00,현금(배당소득),확정,정액,5209180000,2026/06/02 ~ 2026/06/02,,
KR7441800000,TIME Korea플러스배당액티브,20260430,이익분배,154,.01582660616929,"9,828.59",0.00,현금(배당소득),확정,정액,4435200000,2026/05/06 ~ 2026/05/06,,
KR7441800000,TIME Korea플러스배당액티브,20260331,이익분배,267,.02743963537144,"9,834.28",0.00,현금(배당소득),확정,정액,6995400000,2026/04/02 ~ 2026/04/02,,
KR7441800000,TIME Korea플러스배당액티브,20260227,이익분배,148,.01520998514971,"9,726.41",0.00,현금(배당소득),확정,정액,3643760000,2026/03/04 ~ 2026/03/04,,
KR7441800000,TIME Korea플러스배당액티브,20260130,이익분배,117,.01202410988187,"9,817.93",0.00,현금(배당소득),확정,정액,1862640000,2026/02/03 ~ 2026/02/03,,
KR7441800000,TIME Korea플러스배당액티브,20251230,이익분배,294,.03021442995956,"9,725.38",0.00,현금(배당소득),확정,정액,4215960000,2026/01/05 ~ 2026/01/05,,
KR7441800000,TIME Korea플러스배당액티브,20251128,이익분배,93,.00955762580353,"9,750.04",0.00,현금(배당소득),확정,정액,1300140000,2025/12/02 ~ 2025/12/02,,
KR7441800000,TIME Korea플러스배당액티브,20251031,이익분배,94,.00966039597346,"9,729.53",0.00,현금(배당소득),확정,정액,1165600000,2025/11/04 ~ 2025/11/04,,
KR7441800000,TIME Korea플러스배당액티브,20250930,이익분배,85,.00873546444409,"9,729.98",0.00,현금(배당소득),확정,정액,892500000,2025/10/02 ~ 2025/10/02,,
KR7441800000,TIME Korea플러스배당액티브,20250829,이익분배,80,.00822161359444,"9,742.01",0.00,현금(배당소득),확정,정액,816000000,2025/09/02 ~ 2025/09/02,,
KR7441800000,TIME Korea플러스배당액티브,20250731,이익분배,164,.0168543078686,"9,736.22",0.00,현금(배당소득),확정,정액,1695760000,2025/08/04 ~ 2025/08/04,,
KR7441800000,TIME Korea플러스배당액티브,20250630,이익분배,83,.00852992410423,"9,823.00",0.00,현금(배당소득),확정,정액,712140000,2025/07/02 ~ 2025/07/02,,
KR7441800000,TIME Korea플러스배당액티브,20250530,이익분배,68,.00698837155527,"9,891.94",0.00,현금(배당소득),확정,정액,505920000,2025/06/04 ~ 2025/06/04,,
KR7441800000,TIME Korea플러스배당액티브,20250430,이익분배,63,.00647452070562,"9,936.93",0.00,현금(배당소득),확정,정액,466200000,2025/05/07 ~ 2025/05/07,,
KR7441800000,TIME Korea플러스배당액티브,20250331,이익분배,65,.00668006104548,"9,928.04",0.00,현금(배당소득),확정,정액,452400000,2025/04/02 ~ 2025/04/02,,
KR7441800000,TIME Korea플러스배당액티브,20250228,이익분배,66,.00678283121541,"9,724.49",0.00,현금(배당소득),확정,정액,502920000,2025/03/05 ~ 2025/03/05,,
KR7441800000,TIME Korea플러스배당액티브,20250131,이익분배,67,.00688560138534,"9,791.06",0.00,현금(배당소득),확정,정액,487760000,2025/02/04 ~ 2025/02/04,,
KR7441800000,TIME Korea플러스배당액티브,20241230,이익분배,66,.00678283121541,"9,715.10",0.00,현금(배당소득),확정,정액,513480000,2025/01/03 ~ 2025/01/03,,
KR7441800000,TIME Korea플러스배당액티브,20241129,이익분배,67,.00688560138534,"9,723.34",0.00,현금(배당소득),확정,정액,443540000,2024/12/03 ~ 2024/12/03,,
KR7441800000,TIME Korea플러스배당액티브,20241031,이익분배,280,.02877564758053,"9,779.06",0.00,현금(배당소득),확정,정액,1624000000,2024/11/04 ~ 2024/11/04,,
KR7441800000,TIME Korea플러스배당액티브,20240930,이익분배,67,.00688560138534,"9,722.59",0.00,현금(배당소득),확정,정액,364480000,2024/10/04 ~ 2024/10/04,,
KR7441800000,TIME Korea플러스배당액티브,20240830,이익분배,71,.00729668206506,"9,741.88",0.00,현금(배당소득),확정,정액,313820000,2024/09/03 ~ 2024/09/03,,
KR70117V0007,TIGER 코리아AI전력기기TOP3플러스,20260731,이익분배,93,.00901478133339,"10,341.18",0.00,현금(배당소득),확정,정액,4956900000,2026/08/04 ~ 2026/08/04,,
KR70036R0001,RISE 미국휴머노이드로봇,20260731,이익분배,39,.0039,"19,048.34",0.00,현금(배당소득),확정,정액,228150000,2026/08/04 ~ 2026/08/04,,
KR70036R0001,RISE 미국휴머노이드로봇,20251230,이익분배,21,.0021,"15,991.10",0.00,현금(배당소득),확정,정액,140700000,2026/01/05 ~ 2026/01/05,,
KR7455030007,KODEX 미국달러SOFR금리액티브(합성),20260731,이익분배,43,.00428981169722,"12,449.09",0.00,현금(배당소득),확정,정액,2319850000,2026/08/04 ~ 2026/08/04,,
KR7455030007,KODEX 미국달러SOFR금리액티브(합성),20260630,이익분배,43,.00428981169722,"13,184.11",0.00,현금(배당소득),확정,정액,2285450000,2026/07/02 ~ 2026/07/02,,
KR7455030007,KODEX 미국달러SOFR금리액티브(합성),20260529,이익분배,40,.00399052250904,"12,921.59",0.00,현금(배당소득),확정,정액,2108000000,2026/06/02 ~ 2026/06/02,,
KR7455030007,KODEX 미국달러SOFR금리액티브(합성),20260430,이익분배,37,.00369123332086,"12,685.91",0.00,현금(배당소득),확정,정액,1934730000,2026/05/06 ~ 2026/05/06,,
KR7455030007,KODEX 미국달러SOFR금리액티브(합성),20260331,이익분배,34,.00339194413268,"12,983.31",0.00,현금(배당소득),확정,정액,1725160000,2026/04/02 ~ 2026/04/02,,
KR7455030007,KODEX 미국달러SOFR금리액티브(합성),20260227,이익분배,37,.00369123332086,"12,300.46",0.00,현금(배당소득),확정,정액,1890330000,2026/03/04 ~ 2026/03/04,,
KR7455030007,KODEX 미국달러SOFR금리액티브(합성),20260130,이익분배,46,.0045891008854,"12,253.78",0.00,현금(배당소득),확정,정액,2343240000,2026/02/03 ~ 2026/02/03,,
KR7455030007,KODEX 미국달러SOFR금리액티브(합성),20251230,이익분배,38,.00379099638359,"12,404.64",0.00,현금(배당소득),확정,정액,1915960000,2026/01/05 ~ 2026/01/05,,
KR7455030007,KODEX 미국달러SOFR금리액티브(합성),20251128,이익분배,49,.00488839007358,"12,632.63",0.00,현금(배당소득),확정,정액,2047220000,2025/12/02 ~ 2025/12/02,,
KR7455030007,KODEX 미국달러SOFR금리액티브(합성),20251031,이익분배,42,.00419004863449,"12,345.59",0.00,현금(배당소득),확정,정액,1712340000,2025/11/04 ~ 2025/11/04,,
KR7455030007,KODEX 미국달러SOFR금리액티브(합성),20250930,이익분배,42,.00419004863449,"12,175.94",0.00,현금(배당소득),확정,정액,1702680000,2025/10/02 ~ 2025/10/02,,
KR7455030007,KODEX 미국달러SOFR금리액티브(합성),20250829,이익분배,46,.0045891008854,"12,041.67",0.00,현금(배당소득),확정,정액,1862540000,2025/09/02 ~ 2025/09/02,,
KR7455030007,KODEX 미국달러SOFR금리액티브(합성),20250731,이익분배,40,.00399052250904,"11,995.44",0.00,현금(배당소득),확정,정액,1562800000,2025/08/04 ~ 2025/08/04,,
KR7468630009,KODEX iShares미국투자등급회사채액티브,20260731,이익분배,40,.004,"11,443.79",0.00,현금(배당소득),확정,정액,128400000,2026/08/04 ~ 2026/08/04,,
KR7468630009,KODEX iShares미국투자등급회사채액티브,20260630,이익분배,43,.0043,"12,414.04",0.00,현금(배당소득),확정,정액,129430000,2026/07/02 ~ 2026/07/02,,
KR7468630009,KODEX iShares미국투자등급회사채액티브,20260529,이익분배,42,.0042,"12,084.44",0.00,현금(배당소득),확정,정액,126420000,2026/06/02 ~ 2026/06/02,,
KR7468630009,KODEX iShares미국투자등급회사채액티브,20260430,이익분배,46,.0046,"11,920.42",0.00,현금(배당소득),확정,정액,138460000,2026/05/06 ~ 2026/05/06,,
KR7468630009,KODEX iShares미국투자등급회사채액티브,20260331,이익분배,39,.0039,"12,040.61",0.00,현금(배당소득),확정,정액,117390000,2026/04/02 ~ 2026/04/02,,
KR7468630009,KODEX iShares미국투자등급회사채액티브,20260227,이익분배,40,.004,"11,807.39",0.00,현금(배당소득),확정,정액,120400000,2026/03/04 ~ 2026/03/04,,
KR7468630009,KODEX iShares미국투자등급회사채액티브,20260130,이익분배,49,.0049,"11,668.35",0.00,현금(배당소득),확정,정액,147490000,2026/02/03 ~ 2026/02/03,,
KR7468630009,KODEX iShares미국투자등급회사채액티브,20251230,이익분배,39,.0039,"11,837.03",0.00,현금(배당소득),확정,정액,113490000,2026/01/05 ~ 2026/01/05,,
KR7468630009,KODEX iShares미국투자등급회사채액티브,20251128,이익분배,40,.004,"12,107.70",0.00,현금(배당소득),확정,정액,104400000,2025/12/02 ~ 2025/12/02,,
KR7468630009,KODEX iShares미국투자등급회사채액티브,20251031,이익분배,39,.0039,"11,959.30",0.00,현금(배당소득),확정,정액,97890000,2025/11/04 ~ 2025/11/04,,
KR7468630009,KODEX iShares미국투자등급회사채액티브,20250930,이익분배,37,.0037,"11,605.70",0.00,현금(배당소득),확정,정액,78070000,2025/10/02 ~ 2025/10/02,,
KR7468630009,KODEX iShares미국투자등급회사채액티브,20250829,이익분배,42,.0042,"11,368.89",0.00,현금(배당소득),확정,정액,88620000,2025/09/02 ~ 2025/09/02,,
KR7468630009,KODEX iShares미국투자등급회사채액티브,20250731,이익분배,38,.0038,"11,197.52",0.00,현금(배당소득),확정,정액,72580000,2025/08/04 ~ 2025/08/04,,
KR7468630009,KODEX iShares미국투자등급회사채액티브,20250630,이익분배,38,.0038,"10,925.61",0.00,현금(배당소득),확정,정액,72580000,2025/07/02 ~ 2025/07/02,,
KR7468630009,KODEX iShares미국투자등급회사채액티브,20250530,이익분배,42,.0042,"10,930.45",0.00,현금(배당소득),확정,정액,80220000,2025/06/04 ~ 2025/06/04,,
KR7468630009,KODEX iShares미국투자등급회사채액티브,20250430,이익분배,43,.0043,"11,532.89",0.00,현금(배당소득),확정,정액,82130000,2025/05/07 ~ 2025/05/07,,
KR7468630009,KODEX iShares미국투자등급회사채액티브,20250331,이익분배,44,.0044,"11,714.21",0.00,현금(배당소득),확정,정액,75240000,2025/04/02 ~ 2025/04/02,,
KR7468630009,KODEX iShares미국투자등급회사채액티브,20250228,이익분배,40,.004,"11,603.32",0.00,현금(배당소득),확정,정액,64400000,2025/03/05 ~ 2025/03/05,,
KR7468630009,KODEX iShares미국투자등급회사채액티브,20250131,이익분배,39,.0039,"11,394.49",0.00,현금(배당소득),확정,정액,58890000,2025/02/04 ~ 2025/02/04,,
KR7468630009,KODEX iShares미국투자등급회사채액티브,20241230,이익분배,38,.0038,"11,645.14",0.00,현금(배당소득),확정,정액,53580000,2025/01/03 ~ 2025/01/03,,
KR7468630009,KODEX iShares미국투자등급회사채액티브,20241129,이익분배,38,.0038,"11,326.26",0.00,현금(배당소득),확정,정액,53580000,2024/12/03 ~ 2024/12/03,,
KR7468630009,KODEX iShares미국투자등급회사채액티브,20241031,이익분배,40,.004,"11,219.05",0.00,현금(배당소득),확정,정액,56400000,2024/11/04 ~ 2024/11/04,,
KR7468630009,KODEX iShares미국투자등급회사채액티브,20240930,이익분배,38,.0038,"11,084.34",0.00,현금(배당소득),확정,정액,57380000,2024/10/04 ~ 2024/10/04,,
KR7468630009,KODEX iShares미국투자등급회사채액티브,20240830,이익분배,37,.0037,"11,097.39",0.00,현금(배당소득),확정,정액,55870000,2024/09/03 ~ 2024/09/03,,
KR7468380001,KODEX iShares미국하이일드액티브,20260731,이익분배,65,.0065,"11,521.55",0.00,현금(배당소득),확정,정액,560300000,2026/08/04 ~ 2026/08/04,,
KR7468380001,KODEX iShares미국하이일드액티브,20260630,이익분배,65,.0065,"12,278.42",0.00,현금(배당소득),확정,정액,570050000,2026/07/02 ~ 2026/07/02,,
KR7468380001,KODEX iShares미국하이일드액티브,20260529,이익분배,61,.0061,"12,065.78",0.00,현금(배당소득),확정,정액,541070000,2026/06/02 ~ 2026/06/02,,
KR7468380001,KODEX iShares미국하이일드액티브,20260430,이익분배,71,.0071,"11,906.34",0.00,현금(배당소득),확정,정액,643970000,2026/05/06 ~ 2026/05/06,,
KR7468380001,KODEX iShares미국하이일드액티브,20260331,이익분배,59,.0059,"11,948.56",0.00,현금(배당소득),확정,정액,556960000,2026/04/02 ~ 2026/04/02,,
KR7468380001,KODEX iShares미국하이일드액티브,20260227,이익분배,64,.0064,"11,611.59",0.00,현금(배당소득),확정,정액,626560000,2026/03/04 ~ 2026/03/04,,
KR7468380001,KODEX iShares미국하이일드액티브,20260130,이익분배,73,.0073,"11,634.60",0.00,현금(배당소득),확정,정액,727080000,2026/02/03 ~ 2026/02/03,,
KR7468380001,KODEX iShares미국하이일드액티브,20251230,이익분배,68,.0068,"11,765.23",0.00,현금(배당소득),확정,정액,633760000,2026/01/05 ~ 2026/01/05,,
KR7468380001,KODEX iShares미국하이일드액티브,20251128,이익분배,63,.0063,"11,951.30",0.00,현금(배당소득),확정,정액,593460000,2025/12/02 ~ 2025/12/02,,
KR7468380001,KODEX iShares미국하이일드액티브,20251031,이익분배,62,.0062,"11,738.54",0.00,현금(배당소득),확정,정액,549940000,2025/11/04 ~ 2025/11/04,,
KR7468380001,KODEX iShares미국하이일드액티브,20250930,이익분배,62,.0062,"11,552.67",0.00,현금(배당소득),확정,정액,468100000,2025/10/02 ~ 2025/10/02,,
KR7468380001,KODEX iShares미국하이일드액티브,20250829,이익분배,60,.006,"11,415.08",0.00,현금(배당소득),확정,정액,412200000,2025/09/02 ~ 2025/09/02,,
KR7468380001,KODEX iShares미국하이일드액티브,20250731,이익분배,59,.0059,"11,311.26",0.00,현금(배당소득),확정,정액,274940000,2025/08/04 ~ 2025/08/04,,
KR7468380001,KODEX iShares미국하이일드액티브,20250630,이익분배,59,.0059,"11,005.78",0.00,현금(배당소득),확정,정액,262550000,2025/07/02 ~ 2025/07/02,,
KR7468380001,KODEX iShares미국하이일드액티브,20250530,이익분배,58,.0058,"11,066.12",0.00,현금(배당소득),확정,정액,291160000,2025/06/04 ~ 2025/06/04,,
KR7468380001,KODEX iShares미국하이일드액티브,20250430,이익분배,63,.0063,"11,522.01",0.00,현금(배당소득),확정,정액,316260000,2025/05/07 ~ 2025/05/07,,
KR7468380001,KODEX iShares미국하이일드액티브,20250331,이익분배,65,.0065,"11,763.37",0.00,현금(배당소득),확정,정액,287300000,2025/04/02 ~ 2025/04/02,,
KR7468380001,KODEX iShares미국하이일드액티브,20250228,이익분배,65,.0065,"11,652.05",0.00,현금(배당소득),확정,정액,261300000,2025/03/05 ~ 2025/03/05,,
KR7468380001,KODEX iShares미국하이일드액티브,20250131,이익분배,66,.0066,"11,641.63",0.00,현금(배당소득),확정,정액,238920000,2025/02/04 ~ 2025/02/04,,
KR7468380001,KODEX iShares미국하이일드액티브,20241230,이익분배,65,.0065,"11,789.42",0.00,현금(배당소득),확정,정액,194350000,2025/01/03 ~ 2025/01/03,,
KR7468380001,KODEX iShares미국하이일드액티브,20241129,이익분배,61,.0061,"11,350.44",0.00,현금(배당소득),확정,정액,167140000,2024/12/03 ~ 2024/12/03,,
KR7468380001,KODEX iShares미국하이일드액티브,20241031,이익분배,58,.0058,"11,252.75",0.00,현금(배당소득),확정,정액,150220000,2024/11/04 ~ 2024/11/04,,
KR7468380001,KODEX iShares미국하이일드액티브,20240930,이익분배,57,.0057,"10,866.61",0.00,현금(배당소득),확정,정액,142500000,2024/10/04 ~ 2024/10/04,,
KR7468380001,KODEX iShares미국하이일드액티브,20240830,이익분배,52,.0052,"10,859.81",0.00,현금(배당소득),확정,정액,130520000,2024/09/03 ~ 2024/09/03,,
KR7440340008,TIGER 글로벌멀티에셋TIF액티브,20260731,이익분배,44,.0044,"12,893.15",0.00,현금(배당소득),확정,정액,94600000,2026/08/04 ~ 2026/08/04,,
KR7440340008,TIGER 글로벌멀티에셋TIF액티브,20260630,이익분배,46,.0046,"13,705.54",0.00,현금(배당소득),확정,정액,98900000,2026/07/02 ~ 2026/07/02,,
KR7440340008,TIGER 글로벌멀티에셋TIF액티브,20260529,이익분배,46,.0046,"13,440.02",0.00,현금(배당소득),확정,정액,89700000,2026/06/02 ~ 2026/06/02,,
KR7440340008,TIGER 글로벌멀티에셋TIF액티브,20260430,이익분배,46,.0046,"12,973.75",0.00,현금(배당소득),확정,정액,87400000,2026/05/06 ~ 2026/05/06,,
KR7440340008,TIGER 글로벌멀티에셋TIF액티브,20260331,이익분배,42,.0042,"12,897.25",0.00,현금(배당소득),확정,정액,67200000,2026/04/02 ~ 2026/04/02,,
KR7440340008,TIGER 글로벌멀티에셋TIF액티브,20260227,이익분배,40,.004,"12,625.21",0.00,현금(배당소득),확정,정액,62000000,2026/03/04 ~ 2026/03/04,,
KR7440340008,TIGER 글로벌멀티에셋TIF액티브,20260130,이익분배,35,.0035,"12,263.02",0.00,현금(배당소득),확정,정액,54250000,2026/02/03 ~ 2026/02/03,,
KR7440340008,TIGER 글로벌멀티에셋TIF액티브,20251230,이익분배,35,.0035,"12,311.37",0.00,현금(배당소득),확정,정액,49000000,2026/01/05 ~ 2026/01/05,,
KR7440340008,TIGER 글로벌멀티에셋TIF액티브,20251128,이익분배,30,.003,"12,486.27",0.00,현금(배당소득),확정,정액,43500000,2025/12/02 ~ 2025/12/02,,
KR7440340008,TIGER 글로벌멀티에셋TIF액티브,20251031,이익분배,35,.0035,"12,332.25",0.00,현금(배당소득),확정,정액,50750000,2025/11/04 ~ 2025/11/04,,
KR7440340008,TIGER 글로벌멀티에셋TIF액티브,20250930,이익분배,33,.0033,"11,976.49",0.00,현금(배당소득),확정,정액,47850000,2025/10/02 ~ 2025/10/02,,
KR7440340008,TIGER 글로벌멀티에셋TIF액티브,20250829,이익분배,29,.0029,"11,688.21",0.00,현금(배당소득),확정,정액,40600000,2025/09/02 ~ 2025/09/02,,
KR7440340008,TIGER 글로벌멀티에셋TIF액티브,20250731,이익분배,39,.0039,"11,526.17",0.00,현금(배당소득),확정,정액,54600000,2025/08/04 ~ 2025/08/04,,
KR7440340008,TIGER 글로벌멀티에셋TIF액티브,20250630,이익분배,45,.0045,"11,151.94",0.00,현금(배당소득),확정,정액,63000000,2025/07/02 ~ 2025/07/02,,
KR7440340008,TIGER 글로벌멀티에셋TIF액티브,20250530,이익분배,45,.0045,"11,145.66",0.00,현금(배당소득),확정,정액,63000000,2025/06/04 ~ 2025/06/04,,
KR7440340008,TIGER 글로벌멀티에셋TIF액티브,20250430,이익분배,33,.0033,"11,502.35",0.00,현금(배당소득),확정,정액,57750000,2025/05/07 ~ 2025/05/07,,
KR7440340008,TIGER 글로벌멀티에셋TIF액티브,20250331,이익분배,39,.0039,"11,863.85",0.00,현금(배당소득),확정,정액,95550000,2025/04/02 ~ 2025/04/02,,
KR7440340008,TIGER 글로벌멀티에셋TIF액티브,20250228,이익분배,31,.0031,"11,876.79",0.00,현금(배당소득),확정,정액,75950000,2025/03/05 ~ 2025/03/05,,
KR7440340008,TIGER 글로벌멀티에셋TIF액티브,20250131,이익분배,29,.0029,"11,928.95",0.00,현금(배당소득),확정,정액,78300000,2025/02/04 ~ 2025/02/04,,
KR7440340008,TIGER 글로벌멀티에셋TIF액티브,20241230,이익분배,40,.004,"12,067.70",0.00,현금(배당소득),확정,정액,106000000,2025/01/03 ~ 2025/01/03,,
KR7440340008,TIGER 글로벌멀티에셋TIF액티브,20241129,이익분배,29,.0029,"11,820.14",0.00,현금(배당소득),확정,정액,73950000,2024/12/03 ~ 2024/12/03,,
KR7440340008,TIGER 글로벌멀티에셋TIF액티브,20241031,이익분배,36,.0036,"11,538.55",0.00,현금(배당소득),확정,정액,100800000,2024/11/04 ~ 2024/11/04,,
KR7440340008,TIGER 글로벌멀티에셋TIF액티브,20240930,이익분배,28,.0028,"11,157.76",0.00,현금(배당소득),확정,정액,78400000,2024/10/04 ~ 2024/10/04,,
KR7440340008,TIGER 글로벌멀티에셋TIF액티브,20240830,이익분배,31,.0031,"11,126.29",0.00,현금(배당소득),확정,정액,86800000,2024/09/03 ~ 2024/09/03,,
KR7489030007,PLUS 고배당주위클리커버드콜,20260731,이익분배,103,.01012898226346,"10,171.61",0.00,현금(배당소득),확정,정액,4578350000,2026/08/04 ~ 2026/08/04,,
KR7489030007,PLUS 고배당주위클리커버드콜,20260630,이익분배,90,.00885056702633,"10,175.39",0.00,현금(배당소득),확정,정액,4081500000,2026/07/02 ~ 2026/07/02,,
KR7489030007,PLUS 고배당주위클리커버드콜,20260529,이익분배,113,.01111237859972,"10,177.26",0.00,현금(배당소득),확정,정액,5277100000,2026/06/02 ~ 2026/06/02,,
KR7489030007,PLUS 고배당주위클리커버드콜,20260430,이익분배,130,.01278415237136,"10,247.77",0.00,현금(배당소득),확정,정액,4927000000,2026/05/06 ~ 2026/05/06,,
KR7489030007,PLUS 고배당주위클리커버드콜,20260331,이익분배,135,.01327585053949,"10,314.36",0.00,현금(배당소득),확정,정액,3928500000,2026/04/02 ~ 2026/04/02,,
KR7489030007,PLUS 고배당주위클리커버드콜,20260227,이익분배,156,.01534098284563,"10,171.48",0.00,현금(배당소득),확정,정액,3471000000,2026/03/04 ~ 2026/03/04,,
KR7489030007,PLUS 고배당주위클리커버드콜,20260130,이익분배,136,.01337419017312,"10,211.83",0.00,현금(배당소득),확정,정액,3318400000,2026/02/03 ~ 2026/02/03,,
KR7489030007,PLUS 고배당주위클리커버드콜,20251230,이익분배,135,.01327585053949,"10,175.64",0.00,현금(배당소득),확정,정액,2666250000,2026/01/05 ~ 2026/01/05,,
KR7489030007,PLUS 고배당주위클리커버드콜,20251128,이익분배,138,.01357086944037,"10,182.86",0.00,현금(배당소득),확정,정액,2408100000,2025/12/02 ~ 2025/12/02,,
KR7489030007,PLUS 고배당주위클리커버드콜,20251031,이익분배,136,.01337419017312,"10,166.82",0.00,현금(배당소득),확정,정액,2339200000,2025/11/04 ~ 2025/11/04,,
KR7489030007,PLUS 고배당주위클리커버드콜,20250930,이익분배,148,.01455426577663,"10,185.16",0.00,현금(배당소득),확정,정액,2234800000,2025/10/02 ~ 2025/10/02,,
KR7489030007,PLUS 고배당주위클리커버드콜,20250829,이익분배,156,.01534098284563,"10,196.53",0.00,현금(배당소득),확정,정액,1926600000,2025/09/02 ~ 2025/09/02,,
KR7489030007,PLUS 고배당주위클리커버드콜,20250731,이익분배,168,.01652105844914,"10,169.28",0.00,현금(배당소득),확정,정액,1764000000,2025/08/04 ~ 2025/08/04,,
KR7489030007,PLUS 고배당주위클리커버드콜,20250630,이익분배,157,.01543932247926,"10,172.15",0.00,현금(배당소득),확정,정액,1381600000,2025/07/02 ~ 2025/07/02,,
KR7489030007,PLUS 고배당주위클리커버드콜,20250530,이익분배,150,.01475094504388,"10,264.18",0.00,현금(배당소득),확정,정액,1335000000,2025/06/04 ~ 2025/06/04,,
KR7489030007,PLUS 고배당주위클리커버드콜,20250430,이익분배,140,.01376754870762,"10,380.99",0.00,현금(배당소득),확정,정액,1309000000,2025/05/07 ~ 2025/05/07,,
KR7489030007,PLUS 고배당주위클리커버드콜,20250331,이익분배,138,.01357086944037,"10,398.27",0.00,현금(배당소득),확정,정액,1352400000,2025/04/02 ~ 2025/04/02,,
KR7489030007,PLUS 고배당주위클리커버드콜,20250228,이익분배,130,.01278415237136,"10,170.42",0.00,현금(배당소득),확정,정액,1248000000,2025/03/05 ~ 2025/03/05,,
KR7489030007,PLUS 고배당주위클리커버드콜,20250131,이익분배,130,.01278415237136,"10,244.93",0.00,현금(배당소득),확정,정액,1150500000,2025/02/04 ~ 2025/02/04,,
KR7489030007,PLUS 고배당주위클리커버드콜,20241230,이익분배,140,.01376754870762,"10,165.56",0.00,현금(배당소득),확정,정액,1169000000,2025/01/03 ~ 2025/01/03,,
KR7489030007,PLUS 고배당주위클리커버드콜,20241129,이익분배,142,.01396422797487,"10,167.82",0.00,현금(배당소득),확정,정액,688700000,2024/12/03 ~ 2024/12/03,,
KR7489030007,PLUS 고배당주위클리커버드콜,20241031,이익분배,133,.01307917127224,"10,198.17",0.00,현금(배당소득),확정,정액,438900000,2024/11/04 ~ 2024/11/04,,
KR7489030007,PLUS 고배당주위클리커버드콜,20240930,이익분배,130,.01278415237136,"10,167.56",0.00,현금(배당소득),확정,정액,240500000,2024/10/04 ~ 2024/10/04,,
KR7489030007,PLUS 고배당주위클리커버드콜,20240830,이익분배,130,.01278415237136,"10,177.41",0.00,현금(배당소득),확정,정액,136500000,2024/09/03 ~ 2024/09/03,,
KR7488210006,KIWOOM K-반도체북미공급망,20260731,이익분배,15,.00157017915744,"9,465.25",0.00,현금(배당소득),확정,정액,3000000,2026/08/04 ~ 2026/08/04,,
KR7488210006,KIWOOM K-반도체북미공급망,20260430,이익분배,100,.01046786104961,"9,525.73",0.00,현금(배당소득),확정,정액,20000000,2026/05/06 ~ 2026/05/06,,
KR7488210006,KIWOOM K-반도체북미공급망,20250430,이익분배,50,.00523393052481,"9,606.30",0.00,현금(배당소득),확정,정액,42500000,2025/05/07 ~ 2025/05/07,,
KR7483030003,KIWOOM 미국블록버스터바이오테크의약품+,20260731,이익분배,40,.004,"12,636.46",0.00,현금(배당소득),확정,정액,18000000,2026/08/04 ~ 2026/08/04,,
KR7483030003,KIWOOM 미국블록버스터바이오테크의약품+,20260430,이익분배,50,.005,"11,174.13",0.00,현금(배당소득),확정,정액,22500000,2026/05/06 ~ 2026/05/06,,
KR7483030003,KIWOOM 미국블록버스터바이오테크의약품+,20260130,이익분배,42,.0042,"11,552.93",0.00,현금(배당소득),확정,정액,21000000,2026/02/03 ~ 2026/02/03,,
KR7483030003,KIWOOM 미국블록버스터바이오테크의약품+,20251031,이익분배,35,.0035,"10,127.11",0.00,현금(배당소득),확정,정액,15750000,2025/11/04 ~ 2025/11/04,,
KR7483030003,KIWOOM 미국블록버스터바이오테크의약품+,20250731,이익분배,145,.0145,"9,487.24",0.00,현금(배당소득),확정,정액,72500000,2025/08/04 ~ 2025/08/04,,
KR7483030003,KIWOOM 미국블록버스터바이오테크의약품+,20250430,이익분배,40,.004,"9,492.18",0.00,현금(배당소득),확정,정액,44000000,2025/05/07 ~ 2025/05/07,,
KR7483030003,KIWOOM 미국블록버스터바이오테크의약품+,20241031,이익분배,40,.004,"10,278.15",0.00,현금(배당소득),확정,정액,46000000,2024/11/04 ~ 2024/11/04,,
KR7476760004,ACE 미국30년국채액티브,20260731,이익분배,34,.0034,"9,825.85",0.00,현금(배당소득),확정,정액,1091400000,2026/08/04 ~ 2026/08/04,,
KR7476760004,ACE 미국30년국채액티브,20260630,이익분배,34,.0034,"10,782.36",0.00,현금(배당소득),확정,정액,1067600000,2026/07/02 ~ 2026/07/02,,
KR7476760004,ACE 미국30년국채액티브,20260529,이익분배,33,.0033,"10,276.56",0.00,현금(배당소득),확정,정액,999900000,2026/06/02 ~ 2026/06/02,,
KR7476760004,ACE 미국30년국채액티브,20260430,이익분배,33,.0033,"10,189.53",0.00,현금(배당소득),확정,정액,953700000,2026/05/06 ~ 2026/05/06,,
KR7476760004,ACE 미국30년국채액티브,20260331,이익분배,30,.003,"10,460.40",0.00,현금(배당소득),확정,정액,897000000,2026/04/02 ~ 2026/04/02,,
KR7476760004,ACE 미국30년국채액티브,20260227,이익분배,31,.0031,"10,294.04",0.00,현금(배당소득),확정,정액,979600000,2026/03/04 ~ 2026/03/04,,
KR7476760004,ACE 미국30년국채액티브,20260130,이익분배,31,.0031,"9,998.79",0.00,현금(배당소득),확정,정액,1147000000,2026/02/03 ~ 2026/02/03,,
KR7476760004,ACE 미국30년국채액티브,20251230,이익분배,34,.0034,"10,185.51",0.00,현금(배당소득),확정,정액,1166200000,2026/01/05 ~ 2026/01/05,,
KR7476760004,ACE 미국30년국채액티브,20251128,이익분배,35,.0035,"10,606.88",0.00,현금(배당소득),확정,정액,1197000000,2025/12/02 ~ 2025/12/02,,
KR7476760004,ACE 미국30년국채액티브,20251031,이익분배,38,.0038,"10,606.91",0.00,현금(배당소득),확정,정액,1269200000,2025/11/04 ~ 2025/11/04,,
KR7476760004,ACE 미국30년국채액티브,20250930,이익분배,31,.0031,"10,103.18",0.00,현금(배당소득),확정,정액,967200000,2025/10/02 ~ 2025/10/02,,
KR7476760004,ACE 미국30년국채액티브,20250829,이익분배,30,.003,"9,676.14",0.00,현금(배당소득),확정,정액,924000000,2025/09/02 ~ 2025/09/02,,
KR7476760004,ACE 미국30년국채액티브,20250731,이익분배,29,.0029,"9,537.86",0.00,현금(배당소득),확정,정액,864200000,2025/08/04 ~ 2025/08/04,,
KR7476760004,ACE 미국30년국채액티브,20250630,이익분배,27,.0027,"9,473.93",0.00,현금(배당소득),확정,정액,594000000,2025/07/02 ~ 2025/07/02,,
KR7476760004,ACE 미국30년국채액티브,20250530,이익분배,28,.0028,"9,380.70",0.00,현금(배당소득),확정,정액,431200000,2025/06/04 ~ 2025/06/04,,
KR7476760004,ACE 미국30년국채액티브,20250430,이익분배,29,.0029,"10,201.61",0.00,현금(배당소득),확정,정액,348000000,2025/05/07 ~ 2025/05/07,,
KR7476760004,ACE 미국30년국채액티브,20250331,이익분배,30,.003,"10,395.30",0.00,현금(배당소득),확정,정액,282000000,2025/04/02 ~ 2025/04/02,,
KR7476760004,ACE 미국30년국채액티브,20250228,이익분배,31,.0031,"10,424.66",0.00,현금(배당소득),확정,정액,279000000,2025/03/05 ~ 2025/03/05,,
KR7476760004,ACE 미국30년국채액티브,20250131,이익분배,32,.0032,"10,000.56",0.00,현금(배당소득),확정,정액,262400000,2025/02/04 ~ 2025/02/04,,
KR7476760004,ACE 미국30년국채액티브,20241230,이익분배,28,.0028,"10,262.94",0.00,현금(배당소득),확정,정액,207200000,2025/01/03 ~ 2025/01/03,,
KR7476760004,ACE 미국30년국채액티브,20241129,이익분배,27,.0027,"10,278.98",0.00,현금(배당소득),확정,정액,175500000,2024/12/03 ~ 2024/12/03,,
KR7476760004,ACE 미국30년국채액티브,20241031,이익분배,27,.0027,"10,148.81",0.00,현금(배당소득),확정,정액,159300000,2024/11/04 ~ 2024/11/04,,
KR7476760004,ACE 미국30년국채액티브,20240930,이익분배,28,.0028,"10,387.03",0.00,현금(배당소득),확정,정액,154000000,2024/10/04 ~ 2024/10/04,,
KR7476760004,ACE 미국30년국채액티브,20240830,이익분배,27,.0027,"10,502.66",0.00,현금(배당소득),확정,정액,140400000,2024/09/03 ~ 2024/09/03,,
KR7475080008,KODEX 테슬라커버드콜채권혼합액티브,20260731,이익분배,79,.0079,"9,497.93",0.00,현금(배당소득),확정,정액,2923000000,2026/08/04 ~ 2026/08/04,,
KR7475080008,KODEX 테슬라커버드콜채권혼합액티브,20260630,이익분배,105,.0105,"10,043.49",0.00,현금(배당소득),확정,정액,3937500000,2026/07/02 ~ 2026/07/02,,
KR7475080008,KODEX 테슬라커버드콜채권혼합액티브,20260529,이익분배,109,.0109,"10,384.26",0.00,현금(배당소득),확정,정액,4289150000,2026/06/02 ~ 2026/06/02,,
KR7475080008,KODEX 테슬라커버드콜채권혼합액티브,20260430,이익분배,107,.0107,"10,001.52",0.00,현금(배당소득),확정,정액,4408400000,2026/05/06 ~ 2026/05/06,,
KR7475080008,KODEX 테슬라커버드콜채권혼합액티브,20260331,이익분배,108,.0108,"9,977.87",0.00,현금(배당소득),확정,정액,4352400000,2026/04/02 ~ 2026/04/02,,
KR7475080008,KODEX 테슬라커버드콜채권혼합액티브,20260227,이익분배,108,.0108,"10,017.51",0.00,현금(배당소득),확정,정액,4401000000,2026/03/04 ~ 2026/03/04,,
KR7475080008,KODEX 테슬라커버드콜채권혼합액티브,20260130,이익분배,112,.0112,"10,196.89",0.00,현금(배당소득),확정,정액,4368000000,2026/02/03 ~ 2026/02/03,,
KR7475080008,KODEX 테슬라커버드콜채권혼합액티브,20251230,이익분배,116,.0116,"10,569.07",0.00,현금(배당소득),확정,정액,4135400000,2026/01/05 ~ 2026/01/05,,
KR7475080008,KODEX 테슬라커버드콜채권혼합액티브,20251128,이익분배,114,.0114,"10,443.35",0.00,현금(배당소득),확정,정액,4075500000,2025/12/02 ~ 2025/12/02,,
KR7475080008,KODEX 테슬라커버드콜채권혼합액티브,20251031,이익분배,116,.0116,"10,635.52",0.00,현금(배당소득),확정,정액,4077400000,2025/11/04 ~ 2025/11/04,,
KR7475080008,KODEX 테슬라커버드콜채권혼합액티브,20250930,이익분배,113,.0113,"10,477.83",0.00,현금(배당소득),확정,정액,4005850000,2025/10/02 ~ 2025/10/02,,
KR7475080008,KODEX 테슬라커버드콜채권혼합액티브,20250829,이익분배,108,.0108,"10,225.33",0.00,현금(배당소득),확정,정액,3844800000,2025/09/02 ~ 2025/09/02,,
KR7475080008,KODEX 테슬라커버드콜채권혼합액티브,20250731,이익분배,109,.0109,"10,020.31",0.00,현금(배당소득),확정,정액,3913100000,2025/08/04 ~ 2025/08/04,,
KR7475080008,KODEX 테슬라커버드콜채권혼합액티브,20250630,이익분배,109,.0109,"9,847.21",0.00,현금(배당소득),확정,정액,3891300000,2025/07/02 ~ 2025/07/02,,
KR7475080008,KODEX 테슬라커버드콜채권혼합액티브,20250530,이익분배,110,.011,"9,973.49",0.00,현금(배당소득),확정,정액,3866500000,2025/06/04 ~ 2025/06/04,,
KR7475080008,KODEX 테슬라커버드콜채권혼합액티브,20250430,이익분배,109,.0109,"9,812.00",0.00,현금(배당소득),확정,정액,3744150000,2025/05/07 ~ 2025/05/07,,
KR7475080008,KODEX 테슬라커버드콜채권혼합액티브,20250331,이익분배,110,.011,"9,589.25",0.00,현금(배당소득),확정,정액,3652000000,2025/04/02 ~ 2025/04/02,,
KR7475080008,KODEX 테슬라커버드콜채권혼합액티브,20250228,이익분배,112,.0112,"9,843.81",0.00,현금(배당소득),확정,정액,3287200000,2025/03/05 ~ 2025/03/05,,
KR7475080008,KODEX 테슬라커버드콜채권혼합액티브,20250131,이익분배,124,.0124,"10,594.86",0.00,현금(배당소득),확정,정액,3186800000,2025/02/04 ~ 2025/02/04,,
KR7475080008,KODEX 테슬라커버드콜채권혼합액티브,20241230,이익분배,123,.0123,"10,815.68",0.00,현금(배당소득),확정,정액,2859750000,2025/01/03 ~ 2025/01/03,,
KR7475080008,KODEX 테슬라커버드콜채권혼합액티브,20241129,이익분배,122,.0122,"10,441.79",0.00,현금(배당소득),확정,정액,2653500000,2024/12/03 ~ 2024/12/03,,
KR7475080008,KODEX 테슬라커버드콜채권혼합액티브,20241031,이익분배,119,.0119,"10,196.76",0.00,현금(배당소득),확정,정액,2665600000,2024/11/04 ~ 2024/11/04,,
KR7475080008,KODEX 테슬라커버드콜채권혼합액티브,20240930,이익분배,118,.0118,"10,141.35",0.00,현금(배당소득),확정,정액,2466200000,2024/10/04 ~ 2024/10/04,,
KR7475080008,KODEX 테슬라커버드콜채권혼합액티브,20240830,이익분배,117,.0117,"9,864.55",0.00,현금(배당소득),확정,정액,2322450000,2024/09/03 ~ 2024/09/03,,
KR7471460006,KIWOOM 국고채30년액티브,20260731,이익분배,127,.00254,"46,062.32",0.00,현금(배당소득),확정,정액,63500000,2026/08/04 ~ 2026/08/04,,
KR7471460006,KIWOOM 국고채30년액티브,20260630,이익분배,127,.00254,"47,489.19",0.00,현금(배당소득),확정,정액,63500000,2026/07/02 ~ 2026/07/02,,
KR7471460006,KIWOOM 국고채30년액티브,20260529,이익분배,127,.00254,"49,311.50",0.00,현금(배당소득),확정,정액,63500000,2026/06/02 ~ 2026/06/02,,
KR7471460006,KIWOOM 국고채30년액티브,20260430,이익분배,127,.00254,"52,937.59",0.00,현금(배당소득),확정,정액,66040000,2026/05/06 ~ 2026/05/06,,
KR7471460006,KIWOOM 국고채30년액티브,20260331,이익분배,127,.00254,"51,869.36",0.00,현금(배당소득),확정,정액,66040000,2026/04/02 ~ 2026/04/02,,
KR7471460006,KIWOOM 국고채30년액티브,20260227,이익분배,109,.00218,"54,823.88",0.00,현금(배당소득),확정,정액,65400000,2026/03/04 ~ 2026/03/04,,
KR7471460006,KIWOOM 국고채30년액티브,20260130,이익분배,109,.00218,"55,713.33",0.00,현금(배당소득),확정,정액,65400000,2026/02/03 ~ 2026/02/03,,
KR7471460006,KIWOOM 국고채30년액티브,20251230,이익분배,109,.00218,"57,577.67",0.00,현금(배당소득),확정,정액,65400000,2026/01/05 ~ 2026/01/05,,
KR7471460006,KIWOOM 국고채30년액티브,20251128,이익분배,109,.00218,"58,789.30",0.00,현금(배당소득),확정,정액,71940000,2025/12/02 ~ 2025/12/02,,
KR7471460006,KIWOOM 국고채30년액티브,20251031,이익분배,109,.00218,"62,411.83",0.00,현금(배당소득),확정,정액,80660000,2025/11/04 ~ 2025/11/04,,
KR7471460006,KIWOOM 국고채30년액티브,20250930,이익분배,109,.00218,"63,250.36",0.00,현금(배당소득),확정,정액,87200000,2025/10/02 ~ 2025/10/02,,
KR7471460006,KIWOOM 국고채30년액티브,20250829,이익분배,114,.00228,"64,018.31",0.00,현금(배당소득),확정,정액,95760000,2025/09/02 ~ 2025/09/02,,
KR7471460006,KIWOOM 국고채30년액티브,20250731,이익분배,114,.00228,"64,293.45",0.00,현금(배당소득),확정,정액,100320000,2025/08/04 ~ 2025/08/04,,
KR7471460006,KIWOOM 국고채30년액티브,20250630,이익분배,114,.00228,"64,963.61",0.00,현금(배당소득),확정,정액,114000000,2025/07/02 ~ 2025/07/02,,
KR7471460006,KIWOOM 국고채30년액티브,20250530,이익분배,114,.00228,"66,422.90",0.00,현금(배당소득),확정,정액,114000000,2025/06/04 ~ 2025/06/04,,
KR7471460006,KIWOOM 국고채30년액티브,20250430,이익분배,114,.00228,"67,900.69",0.00,현금(배당소득),확정,정액,104880000,2025/05/07 ~ 2025/05/07,,
KR7471460006,KIWOOM 국고채30년액티브,20250331,이익분배,114,.00228,"65,688.61",0.00,현금(배당소득),확정,정액,86640000,2025/04/02 ~ 2025/04/02,,
KR7471460006,KIWOOM 국고채30년액티브,20250228,이익분배,126,.00252,"66,029.58",0.00,현금(배당소득),확정,정액,75600000,2025/03/05 ~ 2025/03/05,,
KR7471460006,KIWOOM 국고채30년액티브,20250131,이익분배,126,.00252,"64,391.57",0.00,현금(배당소득),확정,정액,60480000,2025/02/04 ~ 2025/02/04,,
KR7471460006,KIWOOM 국고채30년액티브,20241230,이익분배,126,.00252,"63,519.77",0.00,현금(배당소득),확정,정액,52920000,2025/01/03 ~ 2025/01/03,,
KR7471460006,KIWOOM 국고채30년액티브,20241129,이익분배,126,.00252,"63,670.52",0.00,현금(배당소득),확정,정액,42840000,2024/12/03 ~ 2024/12/03,,
KR7471460006,KIWOOM 국고채30년액티브,20241031,이익분배,126,.00252,"61,199.27",0.00,현금(배당소득),확정,정액,37800000,2024/11/04 ~ 2024/11/04,,
KR7471460006,KIWOOM 국고채30년액티브,20240930,이익분배,126,.00252,"62,142.45",0.00,현금(배당소득),확정,정액,32760000,2024/10/02 ~ 2024/10/02,,
KR7471460006,KIWOOM 국고채30년액티브,20240830,이익분배,141,.00282,"61,483.42",0.00,현금(배당소득),확정,정액,33840000,2024/09/04 ~ 2024/09/04,,
KR7455660001,ACE 미국하이일드액티브(H),20260731,이익분배,55,.0055,"9,969.80",0.00,현금(배당소득),확정,정액,363000000,2026/08/04 ~ 2026/08/04,,
KR7455660001,ACE 미국하이일드액티브(H),20260630,이익분배,55,.0055,"9,999.34",0.00,현금(배당소득),확정,정액,363000000,2026/07/02 ~ 2026/07/02,,
KR7455660001,ACE 미국하이일드액티브(H),20260529,이익분배,54,.0054,"9,994.02",0.00,현금(배당소득),확정,정액,367200000,2026/06/02 ~ 2026/06/02,,
KR7455660001,ACE 미국하이일드액티브(H),20260430,이익분배,54,.0054,"10,013.51",0.00,현금(배당소득),확정,정액,361800000,2026/05/06 ~ 2026/05/06,,
KR7455660001,ACE 미국하이일드액티브(H),20260331,이익분배,50,.005,"9,804.03",0.00,현금(배당소득),확정,정액,310000000,2026/04/02 ~ 2026/04/02,,
KR7455660001,ACE 미국하이일드액티브(H),20260227,이익분배,53,.0053,"10,009.72",0.00,현금(배당소득),확정,정액,280900000,2026/03/04 ~ 2026/03/04,,
KR7455660001,ACE 미국하이일드액티브(H),20260130,이익분배,54,.0054,"10,077.57",0.00,현금(배당소득),확정,정액,253800000,2026/02/03 ~ 2026/02/03,,
KR7455660001,ACE 미국하이일드액티브(H),20251230,이익분배,53,.0053,"10,079.51",0.00,현금(배당소득),확정,정액,206700000,2026/01/05 ~ 2026/01/05,,
KR7455660001,ACE 미국하이일드액티브(H),20251128,이익분배,54,.0054,"10,104.33",0.00,현금(배당소득),확정,정액,189000000,2025/12/02 ~ 2025/12/02,,
KR7455660001,ACE 미국하이일드액티브(H),20251031,이익분배,53,.0053,"10,169.45",0.00,현금(배당소득),확정,정액,174900000,2025/11/04 ~ 2025/11/04,,
KR7455660001,ACE 미국하이일드액티브(H),20250930,이익분배,55,.0055,"10,170.43",0.00,현금(배당소득),확정,정액,143000000,2025/10/02 ~ 2025/10/02,,
KR7455660001,ACE 미국하이일드액티브(H),20250829,이익분배,55,.0055,"10,192.58",0.00,현금(배당소득),확정,정액,104500000,2025/09/02 ~ 2025/09/02,,
KR7455660001,ACE 미국하이일드액티브(H),20250731,이익분배,57,.0057,"10,174.37",0.00,현금(배당소득),확정,정액,85500000,2025/08/04 ~ 2025/08/04,,
KR7455660001,ACE 미국하이일드액티브(H),20250630,이익분배,54,.0054,"10,171.98",0.00,현금(배당소득),확정,정액,75600000,2025/07/02 ~ 2025/07/02,,
KR7455660001,ACE 미국하이일드액티브(H),20250530,이익분배,54,.0054,"10,127.64",0.00,현금(배당소득),확정,정액,70200000,2025/06/04 ~ 2025/06/04,,
KR7455660001,ACE 미국하이일드액티브(H),20250430,이익분배,54,.0054,"10,085.77",0.00,현금(배당소득),확정,정액,70200000,2025/05/07 ~ 2025/05/07,,
KR7455660001,ACE 미국하이일드액티브(H),20250331,이익분배,53,.0053,"10,182.46",0.00,현금(배당소득),확정,정액,63600000,2025/04/02 ~ 2025/04/02,,
KR7455660001,ACE 미국하이일드액티브(H),20250228,이익분배,53,.0053,"10,317.85",0.00,현금(배당소득),확정,정액,47700000,2025/03/05 ~ 2025/03/05,,
KR7455660001,ACE 미국하이일드액티브(H),20250131,이익분배,53,.0053,"10,310.48",0.00,현금(배당소득),확정,정액,31800000,2025/02/04 ~ 2025/02/04,,
KR7455660001,ACE 미국하이일드액티브(H),20241230,이익분배,53,.0053,"10,268.03",0.00,현금(배당소득),확정,정액,31800000,2025/01/03 ~ 2025/01/03,,
KR7455660001,ACE 미국하이일드액티브(H),20241129,이익분배,53,.0053,"10,380.25",0.00,현금(배당소득),확정,정액,31800000,2024/12/03 ~ 2024/12/03,,
KR7455660001,ACE 미국하이일드액티브(H),20241031,이익분배,53,.0053,"10,379.75",0.00,현금(배당소득),확정,정액,31800000,2024/11/04 ~ 2024/11/04,,
KR7455660001,ACE 미국하이일드액티브(H),20240930,이익분배,53,.0053,"10,482.02",0.00,현금(배당소득),확정,정액,31800000,2024/10/04 ~ 2024/10/04,,
KR7455660001,ACE 미국하이일드액티브(H),20240830,이익분배,53,.0053,"10,428.84",0.00,현금(배당소득),확정,정액,47700000,2024/09/03 ~ 2024/09/03,,
KR7447430000,ACE 주주환원가치주액티브,20260731,이익분배,29,.00285517658283,"10,182.14",0.00,현금(배당소득),확정,정액,85550000,2026/08/04 ~ 2026/08/04,,
KR7447430000,ACE 주주환원가치주액티브,20260430,이익분배,390,.03839720232077,"10,341.17",0.00,현금(배당소득),확정,정액,1287000000,2026/05/06 ~ 2026/05/06,,
KR7447430000,ACE 주주환원가치주액티브,20260130,이익분배,130,.01279906744026,"10,288.29",0.00,현금(배당소득),확정,정액,552500000,2026/02/03 ~ 2026/02/03,,
KR7447430000,ACE 주주환원가치주액티브,20251031,이익분배,40,.003938174597,"10,195.02",0.00,현금(배당소득),확정,정액,212000000,2025/11/04 ~ 2025/11/04,,
KR7447430000,ACE 주주환원가치주액티브,20250731,이익분배,30,.00295363094775,"10,201.98",0.00,현금(배당소득),확정,정액,156000000,2025/08/04 ~ 2025/08/04,,
KR7447430000,ACE 주주환원가치주액티브,20250430,이익분배,500,.05,"10,706.76",0.00,현금(배당소득),확정,정액,1525000000,2025/05/07 ~ 2025/05/07,,
KR7435550009,KIWOOM TDF2050액티브 적격,20260731,이익분배,180,.018,"16,759.27",0.00,현금(배당소득),확정,정액,126000000,2026/08/04 ~ 2026/08/04,,
KR7435550009,KIWOOM TDF2050액티브 적격,20250731,이익분배,200,.02,"14,912.63",0.00,현금(배당소득),확정,정액,100000000,2025/08/04 ~ 2025/08/04,,
KR7435530001,KIWOOM TDF2030액티브 적격,20260731,이익분배,250,.025,"14,982.86",0.00,현금(배당소득),확정,정액,125000000,2026/08/04 ~ 2026/08/04,,
KR7435530001,KIWOOM TDF2030액티브 적격,20250731,이익분배,215,.0215,"13,611.48",0.00,현금(배당소득),확정,정액,107500000,2025/08/04 ~ 2025/08/04,,
KR7429760002,PLUS 미국S&P500,20260731,이익분배,40,.004,"19,871.37",0.00,현금(배당소득),확정,정액,84000000,2026/08/04 ~ 2026/08/04,,
KR7429760002,PLUS 미국S&P500,20260430,이익분배,52,.0052,"19,543.98",0.00,현금(배당소득),확정,정액,104000000,2026/05/06 ~ 2026/05/06,,
KR7429760002,PLUS 미국S&P500,20260130,이익분배,40,.004,"18,418.25",0.00,현금(배당소득),확정,정액,88000000,2026/02/03 ~ 2026/02/03,,
KR7429760002,PLUS 미국S&P500,20251031,이익분배,50,.005,"18,267.47",0.00,현금(배당소득),확정,정액,65000000,2025/11/04 ~ 2025/11/04,,
KR7429760002,PLUS 미국S&P500,20250731,이익분배,40,.004,"16,454.45",0.00,현금(배당소득),확정,정액,52000000,2025/08/04 ~ 2025/08/04,,
KR7429760002,PLUS 미국S&P500,20250430,이익분배,38,.0038,"14,756.99",0.00,현금(배당소득),확정,정액,49400000,2025/05/07 ~ 2025/05/07,,
KR7429760002,PLUS 미국S&P500,20250131,이익분배,50,.005,"16,220.04",0.00,현금(배당소득),확정,정액,70000000,2025/02/04 ~ 2025/02/04,,
KR7429760002,PLUS 미국S&P500,20241031,이익분배,50,.005,"15,066.53",0.00,현금(배당소득),확정,정액,55000000,2024/11/04 ~ 2024/11/04,,
KR7422420000,RISE 2차전지액티브,20260731,이익분배,15,.00148341394864,"10,146.61",0.00,현금(배당소득),확정,정액,477300000,2026/08/04 ~ 2026/08/04,,
KR7422420000,RISE 2차전지액티브,20251230,이익분배,15,.00148341394864,"10,156.20",0.00,현금(배당소득),확정,정액,465600000,2026/01/05 ~ 2026/01/05,,
KR7417450004,RISE 글로벌수소경제,20260731,이익분배,107,.0107,"15,088.25",0.00,현금(배당소득),확정,정액,90950000,2026/08/04 ~ 2026/08/04,,
KR7417450004,RISE 글로벌수소경제,20251230,이익분배,99,.0099,"11,465.87",0.00,현금(배당소득),확정,정액,173250000,2026/01/05 ~ 2026/01/05,,
KR7404260002,KODEX 기후변화솔루션,20260731,이익분배,42,.00420597248092,"10,027.55",0.00,현금(배당소득),확정,정액,37800000,2026/08/04 ~ 2026/08/04,,
KR7404260002,KODEX 기후변화솔루션,20260430,이익분배,156,.01562218350057,"10,171.32",0.00,현금(배당소득),확정,정액,140400000,2026/05/06 ~ 2026/05/06,,
KR7404260002,KODEX 기후변화솔루션,20250430,이익분배,201,.02012858258727,"10,186.09",0.00,현금(배당소득),확정,정액,180900000,2025/05/07 ~ 2025/05/07,,
KR7395170004,KODEX Top10동일가중,20260731,이익분배,9,.00089786846028,"10,032.87",0.00,현금(배당소득),확정,정액,18000000,2026/08/04 ~ 2026/08/04,,
KR7395170004,KODEX Top10동일가중,20260430,이익분배,139,.01386707955314,"10,162.28",0.00,현금(배당소득),확정,정액,472600000,2026/05/06 ~ 2026/05/06,,
KR7395170004,KODEX Top10동일가중,20260130,이익분배,15,.00149644743379,"10,082.90",0.00,현금(배당소득),확정,정액,75000000,2026/02/03 ~ 2026/02/03,,
KR7395170004,KODEX Top10동일가중,20250430,이익분배,171,.01705950074523,"10,183.61",0.00,현금(배당소득),확정,정액,1179900000,2025/05/07 ~ 2025/05/07,,
KR7379800006,KODEX 미국S&P500,20260731,이익분배,132,.0132,"24,336.13",0.00,현금(배당소득),확정,정액,53757000000,2026/08/04 ~ 2026/08/04,,
KR7379800006,KODEX 미국S&P500,20260430,이익분배,118,.0118,"24,003.94",0.00,현금(배당소득),확정,정액,42928400000,2026/05/06 ~ 2026/05/06,,
KR7379800006,KODEX 미국S&P500,20260130,이익분배,119,.0119,"22,610.39",0.00,현금(배당소득),확정,정액,42274750000,2026/02/03 ~ 2026/02/03,,
KR7379800006,KODEX 미국S&P500,20251031,이익분배,110,.011,"22,529.79",0.00,현금(배당소득),확정,정액,30536000000,2025/11/04 ~ 2025/11/04,,
KR7379800006,KODEX 미국S&P500,20250731,이익분배,104,.0104,"20,352.73",0.00,현금(배당소득),확정,정액,25053600000,2025/08/04 ~ 2025/08/04,,
KR7379800006,KODEX 미국S&P500,20250430,이익분배,56,.0056,"18,261.59",0.00,현금(배당소득),확정,정액,13008800000,2025/05/07 ~ 2025/05/07,,
KR7377990007,TIGER Fn신재생에너지,20260731,이익분배,180,.01833217908502,"9,751.58",0.00,현금(배당소득),확정,정액,918000000,2026/08/04 ~ 2026/08/04,,
KR7377990007,TIGER Fn신재생에너지,20250430,이익분배,55,.00560149916487,"9,868.47",0.00,현금(배당소득),확정,정액,123750000,2025/05/07 ~ 2025/05/07,,
KR7373790005,KIWOOM 미국방어배당성장나스닥,20260731,이익분배,25,.0025,"16,736.54",0.00,현금(배당소득),확정,정액,7000000,2026/08/04 ~ 2026/08/04,,
KR7373790005,KIWOOM 미국방어배당성장나스닥,20260630,이익분배,25,.0025,"16,765.59",0.00,현금(배당소득),확정,정액,7000000,2026/07/02 ~ 2026/07/02,,
KR7373790005,KIWOOM 미국방어배당성장나스닥,20260529,이익분배,24,.0024,"16,320.04",0.00,현금(배당소득),확정,정액,6720000,2026/06/02 ~ 2026/06/02,,
KR7373790005,KIWOOM 미국방어배당성장나스닥,20260430,이익분배,24,.0024,"16,239.49",0.00,현금(배당소득),확정,정액,6720000,2026/05/06 ~ 2026/05/06,,
KR7373790005,KIWOOM 미국방어배당성장나스닥,20260331,이익분배,25,.0025,"16,732.09",0.00,현금(배당소득),확정,정액,12500000,2026/04/02 ~ 2026/04/02,,
KR7373790005,KIWOOM 미국방어배당성장나스닥,20260227,이익분배,24,.0024,"16,854.62",0.00,현금(배당소득),확정,정액,6720000,2026/03/04 ~ 2026/03/04,,
KR7373790005,KIWOOM 미국방어배당성장나스닥,20260130,이익분배,25,.0025,"15,743.04",0.00,현금(배당소득),확정,정액,12500000,2026/02/03 ~ 2026/02/03,,
KR7373790005,KIWOOM 미국방어배당성장나스닥,20251230,이익분배,25,.0025,"15,662.83",0.00,현금(배당소득),확정,정액,8500000,2026/01/05 ~ 2026/01/05,,
KR7373790005,KIWOOM 미국방어배당성장나스닥,20251128,이익분배,25,.0025,"16,239.06",0.00,현금(배당소득),확정,정액,8500000,2025/12/02 ~ 2025/12/02,,
KR7373790005,KIWOOM 미국방어배당성장나스닥,20251031,이익분배,25,.0025,"15,454.64",0.00,현금(배당소득),확정,정액,8500000,2025/11/04 ~ 2025/11/04,,
KR7373790005,KIWOOM 미국방어배당성장나스닥,20250930,이익분배,25,.0025,"15,109.81",0.00,현금(배당소득),확정,정액,12500000,2025/10/02 ~ 2025/10/02,,
KR7373790005,KIWOOM 미국방어배당성장나스닥,20250829,이익분배,25,.0025,"15,224.23",0.00,현금(배당소득),확정,정액,8500000,2025/09/02 ~ 2025/09/02,,
KR7373790005,KIWOOM 미국방어배당성장나스닥,20250731,이익분배,25,.0025,"15,052.93",0.00,현금(배당소득),확정,정액,12500000,2025/08/04 ~ 2025/08/04,,
KR7373790005,KIWOOM 미국방어배당성장나스닥,20250630,이익분배,25,.0025,"14,528.54",0.00,현금(배당소득),확정,정액,12500000,2025/07/02 ~ 2025/07/02,,
KR7373790005,KIWOOM 미국방어배당성장나스닥,20250530,이익분배,25,.0025,"14,926.94",0.00,현금(배당소득),확정,정액,8000000,2025/06/04 ~ 2025/06/04,,
KR7373790005,KIWOOM 미국방어배당성장나스닥,20250430,이익분배,20,.002,"15,427.44",0.00,현금(배당소득),확정,정액,5600000,2025/05/07 ~ 2025/05/07,,
KR7373790005,KIWOOM 미국방어배당성장나스닥,20250331,이익분배,20,.002,"16,126.99",0.00,현금(배당소득),확정,정액,6400000,2025/04/02 ~ 2025/04/02,,
KR7373790005,KIWOOM 미국방어배당성장나스닥,20250228,이익분배,20,.002,"15,792.25",0.00,현금(배당소득),확정,정액,10000000,2025/03/05 ~ 2025/03/05,,
KR7373790005,KIWOOM 미국방어배당성장나스닥,20250131,이익분배,20,.002,"15,026.92",0.00,현금(배당소득),확정,정액,6400000,2025/02/04 ~ 2025/02/04,,
KR7373790005,KIWOOM 미국방어배당성장나스닥,20241230,이익분배,20,.002,"15,365.20",0.00,현금(배당소득),확정,정액,10000000,2025/01/03 ~ 2025/01/03,,
KR7373790005,KIWOOM 미국방어배당성장나스닥,20241129,이익분배,20,.002,"15,631.61",0.00,현금(배당소득),확정,정액,6400000,2024/12/03 ~ 2024/12/03,,
KR7373790005,KIWOOM 미국방어배당성장나스닥,20241031,이익분배,20,.002,"15,228.13",0.00,현금(배당소득),확정,정액,7200000,2024/11/04 ~ 2024/11/04,,
KR7373790005,KIWOOM 미국방어배당성장나스닥,20240930,이익분배,20,.002,"14,739.38",0.00,현금(배당소득),확정,정액,7200000,2024/10/02 ~ 2024/10/02,,
KR7373790005,KIWOOM 미국방어배당성장나스닥,20240830,이익분배,30,.003,"14,814.28",0.00,현금(배당소득),확정,정액,11400000,2024/09/03 ~ 2024/09/03,,
KR7360200000,ACE 미국S&P500,20260731,이익분배,66,.0066,"26,979.83",0.00,현금(배당소득),확정,정액,9715200000,2026/08/04 ~ 2026/08/04,,
KR7360200000,ACE 미국S&P500,20260430,이익분배,62,.0062,"26,542.83",0.00,현금(배당소득),확정,정액,8512600000,2026/05/06 ~ 2026/05/06,,
KR7360200000,ACE 미국S&P500,20260130,이익분배,65,.0065,"24,939.68",0.00,현금(배당소득),확정,정액,8521500000,2026/02/03 ~ 2026/02/03,,
KR7360200000,ACE 미국S&P500,20251031,이익분배,60,.006,"24,792.94",0.00,현금(배당소득),확정,정액,6534000000,2025/11/04 ~ 2025/11/04,,
KR7360200000,ACE 미국S&P500,20250731,이익분배,58,.0058,"22,343.10",0.00,현금(배당소득),확정,정액,5788400000,2025/08/04 ~ 2025/08/04,,
KR7360200000,ACE 미국S&P500,20250430,이익분배,58,.0058,"20,052.53",0.00,현금(배당소득),확정,정액,5742000000,2025/05/07 ~ 2025/05/07,,
KR7360200000,ACE 미국S&P500,20250131,이익분배,65,.0065,"22,027.82",0.00,현금(배당소득),확정,정액,5284500000,2025/02/04 ~ 2025/02/04,,
KR7360200000,ACE 미국S&P500,20241031,이익분배,65,.0065,"20,362.11",0.00,현금(배당소득),확정,정액,4329000000,2024/11/04 ~ 2024/11/04,,
KR7341850006,TIGER 리츠부동산인프라채권,20260731,이익분배,24,.00458008274683,"5,612.08",0.00,현금(배당소득),확정,정액,48000000,2026/08/04 ~ 2026/08/04,,
KR7341850006,TIGER 리츠부동산인프라채권,20260630,이익분배,24,.00458008274683,"5,612.40",0.00,현금(배당소득),확정,정액,48000000,2026/07/02 ~ 2026/07/02,,
KR7341850006,TIGER 리츠부동산인프라채권,20260529,이익분배,24,.00458008274683,"5,616.08",0.00,현금(배당소득),확정,정액,48000000,2026/06/02 ~ 2026/06/02,,
KR7341850006,TIGER 리츠부동산인프라채권,20260430,이익분배,24,.00458008274683,"5,637.43",0.00,현금(배당소득),확정,정액,48000000,2026/05/06 ~ 2026/05/06,,
KR7341850006,TIGER 리츠부동산인프라채권,20260331,이익분배,24,.00458008274683,"5,636.54",0.00,현금(배당소득),확정,정액,48000000,2026/04/02 ~ 2026/04/02,,
KR7341850006,TIGER 리츠부동산인프라채권,20260227,이익분배,24,.00458008274683,"5,666.08",0.00,현금(배당소득),확정,정액,48000000,2026/03/04 ~ 2026/03/04,,
KR7341850006,TIGER 리츠부동산인프라채권,20260130,이익분배,24,.00458008274683,"5,703.86",0.00,현금(배당소득),확정,정액,48000000,2026/02/03 ~ 2026/02/03,,
KR7341850006,TIGER 리츠부동산인프라채권,20251230,이익분배,24,.00458008274683,"5,515.58",0.00,현금(배당소득),확정,정액,48000000,2026/01/05 ~ 2026/01/05,,
KR7341850006,TIGER 리츠부동산인프라채권,20251128,이익분배,24,.00458008274683,"5,507.88",0.00,현금(배당소득),확정,정액,88800000,2025/12/02 ~ 2025/12/02,,
KR7341850006,TIGER 리츠부동산인프라채권,20251031,이익분배,24,.00458008274683,"5,542.20",0.00,현금(배당소득),확정,정액,88800000,2025/11/04 ~ 2025/11/04,,
KR7341850006,TIGER 리츠부동산인프라채권,20250930,이익분배,24,.00458008274683,"5,555.39",0.00,현금(배당소득),확정,정액,88800000,2025/10/02 ~ 2025/10/02,,
KR7341850006,TIGER 리츠부동산인프라채권,20250829,이익분배,24,.00458008274683,"5,576.79",0.00,현금(배당소득),확정,정액,88800000,2025/09/02 ~ 2025/09/02,,
KR7341850006,TIGER 리츠부동산인프라채권,20250731,이익분배,24,.00458008274683,"5,606.64",0.00,현금(배당소득),확정,정액,88800000,2025/08/04 ~ 2025/08/04,,
KR7341850006,TIGER 리츠부동산인프라채권,20250630,이익분배,24,.00458008274683,"5,577.82",0.00,현금(배당소득),확정,정액,88800000,2025/07/02 ~ 2025/07/02,,
KR7341850006,TIGER 리츠부동산인프라채권,20250530,이익분배,24,.00458008274683,"5,592.40",0.00,현금(배당소득),확정,정액,88800000,2025/06/04 ~ 2025/06/04,,
KR7341850006,TIGER 리츠부동산인프라채권,20250430,이익분배,24,.00458008274683,"5,609.33",0.00,현금(배당소득),확정,정액,91200000,2025/05/07 ~ 2025/05/07,,
KR7341850006,TIGER 리츠부동산인프라채권,20250331,이익분배,24,.00458008274683,"5,586.64",0.00,현금(배당소득),확정,정액,91200000,2025/04/02 ~ 2025/04/02,,
KR7341850006,TIGER 리츠부동산인프라채권,20250228,이익분배,31,.00591594021465,"5,612.87",0.00,현금(배당소득),확정,정액,117800000,2025/03/05 ~ 2025/03/05,,
KR7341850006,TIGER 리츠부동산인프라채권,20250131,이익분배,7,.00133585746782,"5,617.27",0.00,현금(배당소득),확정,정액,28000000,2025/02/04 ~ 2025/02/04,,
KR7341850006,TIGER 리츠부동산인프라채권,20241230,이익분배,10,.00190836781118,"5,561.34",0.00,현금(배당소득),확정,정액,40000000,2025/01/03 ~ 2025/01/03,,
KR7341850006,TIGER 리츠부동산인프라채권,20241129,이익분배,9,.00171753103006,"5,546.94",0.00,현금(배당소득),확정,정액,36000000,2024/12/03 ~ 2024/12/03,,
KR7341850006,TIGER 리츠부동산인프라채권,20241031,이익분배,22,.00419840918459,"5,548.63",0.00,현금(배당소득),확정,정액,90200000,2024/11/04 ~ 2024/11/04,,
KR7341850006,TIGER 리츠부동산인프라채권,20240930,이익분배,32,.00610677699577,"5,550.82",0.00,현금(배당소득),확정,정액,131200000,2024/10/04 ~ 2024/10/04,,
KR7341850006,TIGER 리츠부동산인프라채권,20240830,이익분배,24,.00458008274683,"5,564.04",0.00,현금(배당소득),확정,정액,98400000,2024/09/03 ~ 2024/09/03,,
KR7314250002,KODEX 미국빅테크10(H),20260731,이익분배,74,.0074,"56,395.26",0.00,현금(배당소득),확정,정액,802160000,2026/08/04 ~ 2026/08/04,,
KR7314250002,KODEX 미국빅테크10(H),20260430,이익분배,67,.0067,"55,587.76",0.00,현금(배당소득),확정,정액,846210000,2026/05/06 ~ 2026/05/06,,
KR7314250002,KODEX 미국빅테크10(H),20260130,이익분배,113,.0113,"53,831.25",0.00,현금(배당소득),확정,정액,1463350000,2026/02/03 ~ 2026/02/03,,
KR7314250002,KODEX 미국빅테크10(H),20251031,이익분배,31,.0031,"58,876.69",0.00,현금(배당소득),확정,정액,417260000,2025/11/04 ~ 2025/11/04,,
KR7307520007,TIGER 지주회사,20260731,이익분배,64,.00619921366849,"10,349.46",0.00,현금(배당소득),확정,정액,825600000,2026/08/04 ~ 2026/08/04,,
KR7307520007,TIGER 지주회사,20260430,이익분배,183,.01772587658334,"10,541.07",0.00,현금(배당소득),확정,정액,3229950000,2026/05/06 ~ 2026/05/06,,
KR7307520007,TIGER 지주회사,20251031,이익분배,45,.00435882211066,"10,360.10",0.00,현금(배당소득),확정,정액,751500000,2025/11/04 ~ 2025/11/04,,
KR7307520007,TIGER 지주회사,20250731,이익분배,45,.00435882211066,"10,360.39",0.00,현금(배당소득),확정,정액,706500000,2025/08/04 ~ 2025/08/04,,
KR7307520007,TIGER 지주회사,20250430,이익분배,215,.02082548341759,"10,571.94",0.00,현금(배당소득),확정,정액,150500000,2025/05/07 ~ 2025/05/07,,
KR7307520007,TIGER 지주회사,20241031,이익분배,30,.00290588140711,"10,372.87",0.00,현금(배당소득),확정,정액,13500000,2024/11/04 ~ 2024/11/04,,
KR7307510008,TIGER 의료기기,20260731,이익분배,156,.01476889519197,"10,539.36",0.00,현금(배당소득),확정,정액,78000000,2026/08/04 ~ 2026/08/04,,
KR7307510008,TIGER 의료기기,20250430,이익분배,205,.01940784304073,"10,527.79",0.00,현금(배당소득),확정,정액,112750000,2025/05/07 ~ 2025/05/07,,
KR7279530000,KODEX 고배당주,20260731,이익분배,76,.00759485828094,"10,258.09",0.00,현금(배당소득),확정,정액,1383200000,2026/08/04 ~ 2026/08/04,,
KR7279530000,KODEX 고배당주,20260630,이익분배,76,.00759485828094,"10,332.88",0.00,현금(배당소득),확정,정액,1482000000,2026/07/02 ~ 2026/07/02,,
KR7279530000,KODEX 고배당주,20260529,이익분배,70,.00699526420613,"10,388.24",0.00,현금(배당소득),확정,정액,1526000000,2026/06/02 ~ 2026/06/02,,
KR7279530000,KODEX 고배당주,20260430,이익분배,70,.00699526420613,"10,444.15",0.00,현금(배당소득),확정,정액,1589000000,2026/05/06 ~ 2026/05/06,,
KR7279530000,KODEX 고배당주,20260331,이익분배,65,.00649560247712,"10,370.81",0.00,현금(배당소득),확정,정액,1469000000,2026/04/02 ~ 2026/04/02,,
KR7279530000,KODEX 고배당주,20260227,이익분배,47,.00469682025269,"10,112.27",0.00,현금(배당소득),확정,정액,963500000,2026/03/04 ~ 2026/03/04,,
KR7279530000,KODEX 고배당주,20260130,이익분배,45,.00449695556109,"10,156.53",0.00,현금(배당소득),확정,정액,805500000,2026/02/03 ~ 2026/02/03,,
KR7279530000,KODEX 고배당주,20251230,이익분배,50,.00499661729009,"10,120.77",0.00,현금(배당소득),확정,정액,905000000,2026/01/05 ~ 2026/01/05,,
KR7279530000,KODEX 고배당주,20251128,이익분배,50,.00499661729009,"10,154.01",0.00,현금(배당소득),확정,정액,1130000000,2025/12/02 ~ 2025/12/02,,
KR7279530000,KODEX 고배당주,20251031,이익분배,53,.0052964143275,"10,191.42",0.00,현금(배당소득),확정,정액,1197800000,2025/11/04 ~ 2025/11/04,,
KR7279530000,KODEX 고배당주,20250930,이익분배,53,.0052964143275,"10,248.20",0.00,현금(배당소득),확정,정액,1134200000,2025/10/02 ~ 2025/10/02,,
KR7279530000,KODEX 고배당주,20250829,이익분배,57,.00569614371071,"10,266.40",0.00,현금(배당소득),확정,정액,1214100000,2025/09/02 ~ 2025/09/02,,
KR7279530000,KODEX 고배당주,20250731,이익분배,59,.00589600840231,"10,301.71",0.00,현금(배당소득),확정,정액,1221300000,2025/08/04 ~ 2025/08/04,,
KR7279530000,KODEX 고배당주,20250630,이익분배,58,.00579607605651,"10,363.76",0.00,현금(배당소득),확정,정액,713400000,2025/07/02 ~ 2025/07/02,,
KR7279530000,KODEX 고배당주,20250530,이익분배,58,.00579607605651,"10,415.32",0.00,현금(배당소득),확정,정액,261000000,2025/06/04 ~ 2025/06/04,,
KR7279530000,KODEX 고배당주,20250430,이익분배,60,.00599594074811,"10,471.56",0.00,현금(배당소득),확정,정액,246000000,2025/05/07 ~ 2025/05/07,,
KR7279530000,KODEX 고배당주,20250331,이익분배,55,.0054962790191,"10,366.17",0.00,현금(배당소득),확정,정액,192500000,2025/04/02 ~ 2025/04/02,,
KR7279530000,KODEX 고배당주,20250228,이익분배,45,.00449695556109,"10,244.97",0.00,현금(배당소득),확정,정액,162000000,2025/03/05 ~ 2025/03/05,,
KR7279530000,KODEX 고배당주,20250131,이익분배,30,.00299797037406,"10,288.32",0.00,현금(배당소득),확정,정액,105000000,2025/02/04 ~ 2025/02/04,,
KR7279530000,KODEX 고배당주,20241230,이익분배,50,.00499661729009,"10,155.35",0.00,현금(배당소득),확정,정액,170000000,2025/01/03 ~ 2025/01/03,,
KR7279530000,KODEX 고배당주,20241129,이익분배,22,.00219851160764,"10,179.28",0.00,현금(배당소득),확정,정액,72600000,2024/12/03 ~ 2024/12/03,,
KR7279530000,KODEX 고배당주,20241031,이익분배,37,.00369749679467,"10,218.42",0.00,현금(배당소득),확정,정액,125800000,2024/11/04 ~ 2024/11/04,,
KR7279530000,KODEX 고배당주,20240930,이익분배,40,.00399729383208,"10,234.25",0.00,현금(배당소득),확정,정액,120000000,2024/10/04 ~ 2024/10/04,,
KR7279530000,KODEX 고배당주,20240830,이익분배,75,.00749492593514,"10,311.04",0.00,현금(배당소득),확정,정액,210000000,2024/09/03 ~ 2024/09/03,,
KR7269530002,PLUS S&P글로벌인프라,20260731,이익분배,260,.026,"21,809.38",0.00,현금(배당소득),확정,정액,156000000,2026/08/04 ~ 2026/08/04,,
KR7269530002,PLUS S&P글로벌인프라,20260430,이익분배,125,.0125,"22,246.29",0.00,현금(배당소득),확정,정액,81250000,2026/05/06 ~ 2026/05/06,,
KR7269530002,PLUS S&P글로벌인프라,20260130,이익분배,100,.01,"20,757.53",0.00,현금(배당소득),확정,정액,55000000,2026/02/03 ~ 2026/02/03,,
KR7269530002,PLUS S&P글로벌인프라,20251031,이익분배,160,.016,"19,939.73",0.00,현금(배당소득),확정,정액,80000000,2025/11/04 ~ 2025/11/04,,
KR7269530002,PLUS S&P글로벌인프라,20250731,이익분배,150,.015,"18,619.02",0.00,현금(배당소득),확정,정액,82500000,2025/08/04 ~ 2025/08/04,,
KR7269530002,PLUS S&P글로벌인프라,20250430,이익분배,120,.012,"18,355.78",0.00,현금(배당소득),확정,정액,60000000,2025/05/07 ~ 2025/05/07,,
KR7269530002,PLUS S&P글로벌인프라,20250131,이익분배,100,.01,"17,740.98",0.00,현금(배당소득),확정,정액,45000000,2025/02/04 ~ 2025/02/04,,
KR7269370003,TIGER S&P글로벌인프라(합성),20260731,이익분배,250,.025,"18,957.50",0.00,현금(배당소득),확정,정액,175000000,2026/08/04 ~ 2026/08/04,,
KR7269370003,TIGER S&P글로벌인프라(합성),20260430,이익분배,101,.0101,"19,406.37",0.00,현금(배당소득),확정,정액,70700000,2026/05/06 ~ 2026/05/06,,
KR7269370003,TIGER S&P글로벌인프라(합성),20260130,이익분배,120,.012,"18,062.55",0.00,현금(배당소득),확정,정액,84000000,2026/02/03 ~ 2026/02/03,,
KR7269370003,TIGER S&P글로벌인프라(합성),20251031,이익분배,100,.01,"17,360.82",0.00,현금(배당소득),확정,정액,80000000,2025/11/04 ~ 2025/11/04,,
KR7269370003,TIGER S&P글로벌인프라(합성),20250731,이익분배,80,.008,"16,205.76",0.00,현금(배당소득),확정,정액,56000000,2025/08/04 ~ 2025/08/04,,
KR7269370003,TIGER S&P글로벌인프라(합성),20250430,이익분배,80,.008,"15,903.05",0.00,현금(배당소득),확정,정액,56000000,2025/05/07 ~ 2025/05/07,,
KR7269370003,TIGER S&P글로벌인프라(합성),20250131,이익분배,100,.01,"15,396.81",0.00,현금(배당소득),확정,정액,85000000,2025/02/04 ~ 2025/02/04,,
KR7269370003,TIGER S&P글로벌인프라(합성),20241031,이익분배,105,.0105,"14,899.39",0.00,현금(배당소득),확정,정액,89250000,2024/11/04 ~ 2024/11/04,,
KR7266390004,KODEX 경기소비재,20260731,이익분배,114,.01103451480077,"10,459.90",0.00,현금(배당소득),확정,정액,102600000,2026/08/04 ~ 2026/08/04,,
KR7266390004,KODEX 경기소비재,20260430,이익분배,65,.00629160931623,"10,515.51",0.00,현금(배당소득),확정,정액,58500000,2026/05/06 ~ 2026/05/06,,
KR7266390004,KODEX 경기소비재,20250430,이익분배,162,.01568062629583,"10,535.77",0.00,현금(배당소득),확정,정액,97200000,2025/05/07 ~ 2025/05/07,,
KR7244670006,KODEX 밸류Plus,20260731,이익분배,179,.01767714424253,"10,312.41",0.00,현금(배당소득),확정,정액,107400000,2026/08/04 ~ 2026/08/04,,
KR7244670006,KODEX 밸류Plus,20260430,이익분배,76,.00750537967839,"10,381.27",0.00,현금(배당소득),확정,정액,45600000,2026/05/06 ~ 2026/05/06,,
KR7244670006,KODEX 밸류Plus,20260130,이익분배,78,.00770288966993,"10,246.73",0.00,현금(배당소득),확정,정액,46800000,2026/02/03 ~ 2026/02/03,,
KR7244670006,KODEX 밸류Plus,20250430,이익분배,206,.02034352912828,"10,394.71",0.00,현금(배당소득),확정,정액,103000000,2025/05/07 ~ 2025/05/07,,
KR7237350004,KODEX 코스피100,20260731,이익분배,134,.00800188223379,"17,531.31",0.00,현금(배당소득),확정,정액,1527600000,2026/08/04 ~ 2026/08/04,,
KR7237350004,KODEX 코스피100,20260430,이익분배,568,.03391842618503,"17,998.46",0.00,현금(배당소득),확정,정액,6049200000,2026/05/06 ~ 2026/05/06,,
KR7237350004,KODEX 코스피100,20250430,이익분배,604,.03606818559112,"17,977.81",0.00,현금(배당소득),확정,정액,1268400000,2025/05/07 ~ 2025/05/07,,
KR70127T0009,KIWOOM 미국S&P500&배당다우존스비중전환,20260731,이익분배,15,.0015,"11,294.63",0.00,현금(배당소득),확정,정액,18000000,2026/08/04 ~ 2026/08/04,,
KR70127T0009,KIWOOM 미국S&P500&배당다우존스비중전환,20260630,이익분배,15,.0015,"11,711.24",0.00,현금(배당소득),확정,정액,18000000,2026/07/02 ~ 2026/07/02,,
KR70127T0009,KIWOOM 미국S&P500&배당다우존스비중전환,20260529,이익분배,15,.0015,"11,719.09",0.00,현금(배당소득),확정,정액,18000000,2026/06/02 ~ 2026/06/02,,
KR70127T0009,KIWOOM 미국S&P500&배당다우존스비중전환,20260430,이익분배,15,.0015,"10,990.66",0.00,현금(배당소득),확정,정액,18000000,2026/05/06 ~ 2026/05/06,,
KR70127T0009,KIWOOM 미국S&P500&배당다우존스비중전환,20260331,이익분배,15,.0015,"10,394.25",0.00,현금(배당소득),확정,정액,18000000,2026/04/02 ~ 2026/04/02,,
KR70127T0009,KIWOOM 미국S&P500&배당다우존스비중전환,20260227,이익분배,15,.0015,"10,388.24",0.00,현금(배당소득),확정,정액,18000000,2026/03/04 ~ 2026/03/04,,
KR70127T0009,KIWOOM 미국S&P500&배당다우존스비중전환,20260130,이익분배,15,.0015,"10,250.96",0.00,현금(배당소득),확정,정액,18000000,2026/02/03 ~ 2026/02/03,,
KR70127T0009,KIWOOM 미국S&P500&배당다우존스비중전환,20251230,이익분배,23,.0023,"10,193.28",0.00,현금(배당소득),확정,정액,26450000,2026/01/05 ~ 2026/01/05,,
KR70127R0001,RISE 미국AI클라우드인프라,20260731,이익분배,8,.0008,"14,246.22",0.00,현금(배당소득),확정,정액,9600000,2026/08/04 ~ 2026/08/04,,
KR70127R0001,RISE 미국AI클라우드인프라,20251230,이익분배,1,.0001,"10,594.21",0.00,현금(배당소득),확정,정액,1000000,2026/01/05 ~ 2026/01/05,,
KR70102X0002,ACE 유럽방산TOP10,20260731,이익분배,32,.0032,"9,539.31",0.00,현금(배당소득),확정,정액,20800000,2026/08/04 ~ 2026/08/04,,
KR70102X0002,ACE 유럽방산TOP10,20260430,이익분배,32,.0032,"9,870.95",0.00,현금(배당소득),확정,정액,28800000,2026/05/06 ~ 2026/05/06,,
KR70102X0002,ACE 유럽방산TOP10,20251230,이익분배,9,.0009,"9,210.58",0.00,현금(배당소득),확정,정액,9000000,2026/01/05 ~ 2026/01/05,,
KR70060H0002,TIGER 토탈월드스탁액티브,20260731,이익분배,52,.0052,"12,702.36",0.00,현금(배당소득),확정,정액,1570400000,2026/08/04 ~ 2026/08/04,,
KR70060H0002,TIGER 토탈월드스탁액티브,20260430,이익분배,52,.0052,"12,610.82",0.00,현금(배당소득),확정,정액,1476800000,2026/05/06 ~ 2026/05/06,,
KR70060H0002,TIGER 토탈월드스탁액티브,20260130,이익분배,52,.0052,"11,999.15",0.00,현금(배당소득),확정,정액,1565200000,2026/02/03 ~ 2026/02/03,,
KR70060H0002,TIGER 토탈월드스탁액티브,20251031,이익분배,50,.005,"11,713.12",0.00,현금(배당소득),확정,정액,1345000000,2025/11/04 ~ 2025/11/04,,
KR70060H0002,TIGER 토탈월드스탁액티브,20250731,이익분배,50,.005,"10,612.16",0.00,현금(배당소득),확정,정액,565000000,2025/08/04 ~ 2025/08/04,,
KR70046A0008,TIGER 미국초단기(3개월이하)국채,20260731,이익분배,28,.0028,"10,184.92",0.00,현금(배당소득),확정,정액,967960000,2026/08/04 ~ 2026/08/04,,
KR70046A0008,TIGER 미국초단기(3개월이하)국채,20260630,이익분배,29,.0029,"10,768.76",0.00,현금(배당소득),확정,정액,954970000,2026/07/02 ~ 2026/07/02,,
KR70046A0008,TIGER 미국초단기(3개월이하)국채,20260529,이익분배,28,.0028,"10,563.40",0.00,현금(배당소득),확정,정액,999320000,2026/06/02 ~ 2026/06/02,,
KR70046A0008,TIGER 미국초단기(3개월이하)국채,20260430,이익분배,27,.0027,"10,376.01",0.00,현금(배당소득),확정,정액,979020000,2026/05/06 ~ 2026/05/06,,
KR70046A0008,TIGER 미국초단기(3개월이하)국채,20260331,이익분배,31,.0031,"10,625.24",0.00,현금(배당소득),확정,정액,1129950000,2026/04/02 ~ 2026/04/02,,
KR70046A0008,TIGER 미국초단기(3개월이하)국채,20260227,이익분배,29,.0029,"10,086.06",0.00,현금(배당소득),확정,정액,1180300000,2026/03/04 ~ 2026/03/04,,
KR70046A0008,TIGER 미국초단기(3개월이하)국채,20260130,이익분배,25,.0025,"10,037.47",0.00,현금(배당소득),확정,정액,1044750000,2026/02/03 ~ 2026/02/03,,
KR70046A0008,TIGER 미국초단기(3개월이하)국채,20251230,이익분배,27,.0027,"10,162.81",0.00,현금(배당소득),확정,정액,786780000,2026/01/05 ~ 2026/01/05,,
KR70046A0008,TIGER 미국초단기(3개월이하)국채,20251128,이익분배,27,.0027,"10,341.64",0.00,현금(배당소득),확정,정액,488970000,2025/12/02 ~ 2025/12/02,,
KR70046A0008,TIGER 미국초단기(3개월이하)국채,20251031,이익분배,35,.0035,"10,112.34",0.00,현금(배당소득),확정,정액,478450000,2025/11/04 ~ 2025/11/04,,
KR70046A0008,TIGER 미국초단기(3개월이하)국채,20250930,이익분배,32,.0032,"9,944.27",0.00,현금(배당소득),확정,정액,366720000,2025/10/02 ~ 2025/10/02,,
KR70046A0008,TIGER 미국초단기(3개월이하)국채,20250829,이익분배,32,.0032,"9,809.16",0.00,현금(배당소득),확정,정액,305920000,2025/09/02 ~ 2025/09/02,,
KR70046A0008,TIGER 미국초단기(3개월이하)국채,20250731,이익분배,35,.0035,"9,741.17",0.00,현금(배당소득),확정,정액,333900000,2025/08/04 ~ 2025/08/04,,
KR70046A0008,TIGER 미국초단기(3개월이하)국채,20250630,이익분배,30,.003,"9,473.87",0.00,현금(배당소득),확정,정액,286800000,2025/07/02 ~ 2025/07/02,,
KR70046A0008,TIGER 미국초단기(3개월이하)국채,20250530,이익분배,35,.0035,"9,581.09",0.00,현금(배당소득),확정,정액,350000000,2025/06/04 ~ 2025/06/04,,
KR7367380003,ACE 미국나스닥100,20260731,이익분배,45,.0045,"30,598.72",0.00,현금(배당소득),확정,정액,4941000000,2026/08/04 ~ 2026/08/04,,
KR7367380003,ACE 미국나스닥100,20260430,이익분배,40,.004,"30,667.39",0.00,현금(배당소득),확정,정액,3980000000,2026/05/06 ~ 2026/05/06,,
KR7367380003,ACE 미국나스닥100,20260130,이익분배,38,.0038,"28,140.21",0.00,현금(배당소득),확정,정액,3572000000,2026/02/03 ~ 2026/02/03,,
KR7367380003,ACE 미국나스닥100,20251031,이익분배,38,.0038,"28,420.78",0.00,현금(배당소득),확정,정액,2994400000,2025/11/04 ~ 2025/11/04,,
KR7367380003,ACE 미국나스닥100,20250731,이익분배,35,.0035,"24,806.42",0.00,현금(배당소득),확정,정액,2376500000,2025/08/04 ~ 2025/08/04,,
KR7367380003,ACE 미국나스닥100,20250430,이익분배,35,.0035,"21,417.64",0.00,현금(배당소득),확정,정액,2380000000,2025/05/07 ~ 2025/05/07,,
KR7367380003,ACE 미국나스닥100,20250131,이익분배,35,.0035,"24,015.94",0.00,현금(배당소득),확정,정액,2005500000,2025/02/04 ~ 2025/02/04,,
KR7367380003,ACE 미국나스닥100,20241031,이익분배,35,.0035,"21,602.31",0.00,현금(배당소득),확정,정액,1771000000,2024/11/04 ~ 2024/11/04,,
KR7309230001,ACE 미국WideMoat동일가중,20260731,이익분배,98,.0098,"31,596.70",0.00,현금(배당소득),확정,정액,364560000,2026/08/04 ~ 2026/08/04,,
KR7309230001,ACE 미국WideMoat동일가중,20260430,이익분배,90,.009,"30,240.37",0.00,현금(배당소득),확정,정액,392400000,2026/05/06 ~ 2026/05/06,,
KR7309230001,ACE 미국WideMoat동일가중,20260130,이익분배,100,.01,"30,986.93",0.00,현금(배당소득),확정,정액,460000000,2026/02/03 ~ 2026/02/03,,
KR7309230001,ACE 미국WideMoat동일가중,20251031,이익분배,70,.007,"29,524.03",0.00,현금(배당소득),확정,정액,320600000,2025/11/04 ~ 2025/11/04,,
KR7309230001,ACE 미국WideMoat동일가중,20250731,이익분배,40,.004,"27,904.36",0.00,현금(배당소득),확정,정액,212000000,2025/08/04 ~ 2025/08/04,,
KR7309230001,ACE 미국WideMoat동일가중,20250430,이익분배,72,.0072,"24,988.50",0.00,현금(배당소득),확정,정액,403200000,2025/05/07 ~ 2025/05/07,,
KR7309230001,ACE 미국WideMoat동일가중,20250131,이익분배,110,.011,"28,050.08",0.00,현금(배당소득),확정,정액,536800000,2025/02/04 ~ 2025/02/04,,
KR7309230001,ACE 미국WideMoat동일가중,20241031,이익분배,100,.01,"26,890.70",0.00,현금(배당소득),확정,정액,446000000,2024/11/04 ~ 2024/11/04,,
KR7105010003,TIGER 라틴35,20260731,이익분배,53,.01101552773731,"7,214.44",0.00,현금(배당소득),확정,정액,74200000,2026/08/04 ~ 2026/08/04,,
KR7105010003,TIGER 라틴35,20260430,이익분배,42,.00872928613145,"7,784.19",0.00,현금(배당소득),확정,정액,67200000,2026/05/06 ~ 2026/05/06,,
KR7105010003,TIGER 라틴35,20260130,이익분배,60,.01247040875922,"7,205.88",0.00,현금(배당소득),확정,정액,78000000,2026/02/03 ~ 2026/02/03,,
KR7105010003,TIGER 라틴35,20251031,이익분배,45,.00935280656941,"5,865.30",0.00,현금(배당소득),확정,정액,49500000,2025/11/04 ~ 2025/11/04,,
KR7105010003,TIGER 라틴35,20250731,이익분배,50,.01039200729935,"5,136.17",0.00,현금(배당소득),확정,정액,60000000,2025/08/04 ~ 2025/08/04,,
KR7105010003,TIGER 라틴35,20250430,이익분배,40,.00831360583948,"5,178.41",0.00,현금(배당소득),확정,정액,48000000,2025/05/07 ~ 2025/05/07,,
KR7105010003,TIGER 라틴35,20250131,이익분배,30,.00623520437961,"4,805.85",0.00,현금(배당소득),확정,정액,39000000,2025/02/04 ~ 2025/02/04,,
KR7105010003,TIGER 라틴35,20241031,이익분배,25,.00519600364967,"4,868.35",0.00,현금(배당소득),확정,정액,32500000,2024/11/04 ~ 2024/11/04,,
KR7322410002,HANARO K고배당,20260731,이익분배,70,.00706127776847,"10,333.78",0.00,현금(배당소득),확정,정액,126000000,2026/08/04 ~ 2026/08/04,,
KR7322410002,HANARO K고배당,20260630,이익분배,70,.00706127776847,"10,358.65",0.00,현금(배당소득),확정,정액,133000000,2026/07/02 ~ 2026/07/02,,
KR7322410002,HANARO K고배당,20260529,이익분배,60,.00605252380155,"10,391.92",0.00,현금(배당소득),확정,정액,129000000,2026/06/02 ~ 2026/06/02,,
KR7322410002,HANARO K고배당,20260430,이익분배,60,.00605252380155,"10,411.23",0.00,현금(배당소득),확정,정액,135000000,2026/05/06 ~ 2026/05/06,,
KR7322410002,HANARO K고배당,20260331,이익분배,50,.00504376983462,"10,251.27",0.00,현금(배당소득),확정,정액,107500000,2026/04/02 ~ 2026/04/02,,
KR7322410002,HANARO K고배당,20260227,이익분배,50,.00504376983462,"10,070.19",0.00,현금(배당소득),확정,정액,95000000,2026/03/04 ~ 2026/03/04,,
KR7322410002,HANARO K고배당,20260130,이익분배,50,.00504376983462,"10,108.65",0.00,현금(배당소득),확정,정액,72500000,2026/02/03 ~ 2026/02/03,,
KR7322410002,HANARO K고배당,20251230,이익분배,50,.00504376983462,"10,082.21",0.00,현금(배당소득),확정,정액,62500000,2026/01/05 ~ 2026/01/05,,
KR7322410002,HANARO K고배당,20251128,이익분배,50,.00504376983462,"10,110.77",0.00,현금(배당소득),확정,정액,60000000,2025/12/02 ~ 2025/12/02,,
KR7322410002,HANARO K고배당,20251031,이익분배,50,.00504376983462,"10,135.21",0.00,현금(배당소득),확정,정액,60000000,2025/11/04 ~ 2025/11/04,,
KR7322410002,HANARO K고배당,20250930,이익분배,62,.00625427459493,"10,198.12",0.00,현금(배당소득),확정,정액,74400000,2025/10/02 ~ 2025/10/02,,
KR7322410002,HANARO K고배당,20250731,이익분배,125,.01260942458656,"10,227.68",0.00,현금(배당소득),확정,정액,143750000,2025/08/04 ~ 2025/08/04,,
KR7322410002,HANARO K고배당,20250430,이익분배,470,.04741143644547,"10,636.84",0.00,현금(배당소득),확정,정액,258500000,2025/05/07 ~ 2025/05/07,,
KR7322410002,HANARO K고배당,20250131,이익분배,55,.00554814681809,"10,170.65",0.00,현금(배당소득),확정,정액,30250000,2025/02/04 ~ 2025/02/04,,
KR7322410002,HANARO K고배당,20241031,이익분배,90,.00907878570232,"10,211.27",0.00,현금(배당소득),확정,정액,49500000,2024/11/04 ~ 2024/11/04,,
KR7091230003,TIGER 반도체,20260731,이익분배,177,.02075223936594,"8,457.78",0.00,현금(배당소득),확정,정액,1862040000,2026/08/04 ~ 2026/08/04,,
KR7091230003,TIGER 반도체,20260430,이익분배,211,.02473854523285,"8,663.40",0.00,현금(배당소득),확정,정액,1928540000,2026/05/06 ~ 2026/05/06,,
KR7091230003,TIGER 반도체,20260130,이익분배,56,.00656568025137,"8,608.60",0.00,현금(배당소득),확정,정액,418880000,2026/02/03 ~ 2026/02/03,,
KR7091230003,TIGER 반도체,20251031,이익분배,55,.00644843596117,"8,536.30",0.00,현금(배당소득),확정,정액,377300000,2025/11/04 ~ 2025/11/04,,
KR7091230003,TIGER 반도체,20250731,이익분배,55,.00644843596117,"8,556.42",0.00,현금(배당소득),확정,정액,410300000,2025/08/04 ~ 2025/08/04,,
KR7091230003,TIGER 반도체,20250430,이익분배,240,.02813862964874,"8,781.44",0.00,현금(배당소득),확정,정액,1728000000,2025/05/07 ~ 2025/05/07,,
KR7091230003,TIGER 반도체,20241031,이익분배,20,.00234488580406,"8,539.89",0.00,현금(배당소득),확정,정액,148000000,2024/11/04 ~ 2024/11/04,,
KR7368680005,KODEX K-뉴딜디지털플러스,20260731,이익분배,9,.00085259891095,"10,584.78",0.00,현금(배당소득),확정,정액,8100000,2026/08/04 ~ 2026/08/04,,
KR7368680005,KODEX K-뉴딜디지털플러스,20260430,이익분배,44,.00416826134241,"10,626.07",0.00,현금(배당소득),확정,정액,39600000,2026/05/06 ~ 2026/05/06,,
KR7368680005,KODEX K-뉴딜디지털플러스,20250430,이익분배,35,.00331566243146,"10,627.33",0.00,현금(배당소득),확정,정액,38500000,2025/05/07 ~ 2025/05/07,,
KR7442560009,RISE TDF2040액티브 적격,20260731,이익분배,53,.0053,"15,629.98",0.00,현금(배당소득),확정,정액,159000000,2026/08/04 ~ 2026/08/04,,
KR7442560009,RISE TDF2040액티브 적격,20251230,이익분배,124,.0124,"14,844.59",0.00,현금(배당소득),확정,정액,148800000,2026/01/05 ~ 2026/01/05,,
KR7442320008,RISE 글로벌원자력,20260731,이익분배,86,.0086,"19,337.42",0.00,현금(배당소득),확정,정액,546960000,2026/08/04 ~ 2026/08/04,,
KR7442320008,RISE 글로벌원자력,20251230,이익분배,78,.0078,"26,176.82",0.00,현금(배당소득),확정,정액,752700000,2026/01/05 ~ 2026/01/05,,
KR70038A0008,KODEX 미국휴머노이드로봇,20260731,이익분배,14,.0014,"14,776.65",0.00,현금(배당소득),확정,정액,268800000,2026/08/04 ~ 2026/08/04,,
KR70038A0008,KODEX 미국휴머노이드로봇,20260430,이익분배,12,.0012,"17,287.34",0.00,현금(배당소득),확정,정액,219000000,2026/05/06 ~ 2026/05/06,,
KR70038A0008,KODEX 미국휴머노이드로봇,20260130,이익분배,15,.0015,"15,914.62",0.00,현금(배당소득),확정,정액,324000000,2026/02/03 ~ 2026/02/03,,
KR70038A0008,KODEX 미국휴머노이드로봇,20251031,이익분배,10,.001,"15,966.06",0.00,현금(배당소득),확정,정액,136500000,2025/11/04 ~ 2025/11/04,,
KR70038A0008,KODEX 미국휴머노이드로봇,20250731,이익분배,7,.0007,"13,290.00",0.00,현금(배당소득),확정,정액,44100000,2025/08/04 ~ 2025/08/04,,
KR70128D0006,PLUS 차이나항셍테크위클리타겟커버드콜,20260731,이익분배,95,.0095,"8,294.85",0.00,현금(배당소득),확정,정액,66500000,2026/08/04 ~ 2026/08/04,,
KR70128D0006,PLUS 차이나항셍테크위클리타겟커버드콜,20260630,이익분배,100,.01,"8,321.12",0.00,현금(배당소득),확정,정액,70000000,2026/07/02 ~ 2026/07/02,,
KR70128D0006,PLUS 차이나항셍테크위클리타겟커버드콜,20260529,이익분배,104,.0104,"8,928.76",0.00,현금(배당소득),확정,정액,72800000,2026/06/02 ~ 2026/06/02,,
KR70128D0006,PLUS 차이나항셍테크위클리타겟커버드콜,20260430,이익분배,105,.0105,"8,713.95",0.00,현금(배당소득),확정,정액,73500000,2026/05/06 ~ 2026/05/06,,
KR70128D0006,PLUS 차이나항셍테크위클리타겟커버드콜,20260331,이익분배,105,.0105,"8,569.72",0.00,현금(배당소득),확정,정액,68250000,2026/04/02 ~ 2026/04/02,,
KR70128D0006,PLUS 차이나항셍테크위클리타겟커버드콜,20260227,이익분배,108,.0108,"8,862.36",0.00,현금(배당소득),확정,정액,70200000,2026/03/04 ~ 2026/03/04,,
KR70128D0006,PLUS 차이나항셍테크위클리타겟커버드콜,20260130,이익분배,121,.0121,"9,555.65",0.00,현금(배당소득),확정,정액,90750000,2026/02/03 ~ 2026/02/03,,
KR70128D0006,PLUS 차이나항셍테크위클리타겟커버드콜,20251230,이익분배,117,.0117,"9,298.76",0.00,현금(배당소득),확정,정액,87750000,2026/01/05 ~ 2026/01/05,,
KR7495940009,RISE 미국AI테크액티브,20260731,이익분배,25,.0025,"18,913.11",0.00,현금(배당소득),확정,정액,78750000,2026/08/04 ~ 2026/08/04,,
KR7495940009,RISE 미국AI테크액티브,20251230,이익분배,29,.0029,"13,452.18",0.00,현금(배당소득),확정,정액,72500000,2026/01/05 ~ 2026/01/05,,
KR7453870008,TIGER 인도니프티50,20260731,이익분배,50,.005,"12,087.22",0.00,현금(배당소득),확정,정액,1262500000,2026/08/04 ~ 2026/08/04,,
KR7453870008,TIGER 인도니프티50,20260430,이익분배,15,.0015,"12,538.53",0.00,현금(배당소득),확정,정액,446250000,2026/05/06 ~ 2026/05/06,,
KR7453870008,TIGER 인도니프티50,20260130,이익분배,40,.004,"13,072.31",0.00,현금(배당소득),확정,정액,1264000000,2026/02/03 ~ 2026/02/03,,
KR7453870008,TIGER 인도니프티50,20251031,이익분배,35,.0035,"14,139.99",0.00,현금(배당소득),확정,정액,1181250000,2025/11/04 ~ 2025/11/04,,
KR7453870008,TIGER 인도니프티50,20250731,이익분배,21,.0021,"13,281.36",0.00,현금(배당소득),확정,정액,803250000,2025/08/04 ~ 2025/08/04,,
KR7453870008,TIGER 인도니프티50,20250430,이익분배,30,.003,"13,668.96",0.00,현금(배당소득),확정,정액,1281000000,2025/05/07 ~ 2025/05/07,,
KR7453870008,TIGER 인도니프티50,20250131,이익분배,40,.004,"12,973.36",0.00,현금(배당소득),확정,정액,2080000000,2025/02/04 ~ 2025/02/04,,
KR7453870008,TIGER 인도니프티50,20241031,이익분배,40,.004,"13,556.27",0.00,현금(배당소득),확정,정액,2178000000,2024/11/04 ~ 2024/11/04,,
KR7474800000,KIWOOM 미국원유에너지기업,20260731,이익분배,70,.007,"15,238.66",0.00,현금(배당소득),확정,정액,157500000,2026/08/04 ~ 2026/08/04,,
KR7474800000,KIWOOM 미국원유에너지기업,20260430,이익분배,85,.0085,"15,532.50",0.00,현금(배당소득),확정,정액,263500000,2026/05/06 ~ 2026/05/06,,
KR7474800000,KIWOOM 미국원유에너지기업,20260130,이익분배,41,.0041,"12,941.66",0.00,현금(배당소득),확정,정액,49200000,2026/02/03 ~ 2026/02/03,,
KR7474800000,KIWOOM 미국원유에너지기업,20251031,이익분배,75,.0075,"11,579.91",0.00,현금(배당소득),확정,정액,52500000,2025/11/04 ~ 2025/11/04,,
KR7474800000,KIWOOM 미국원유에너지기업,20250731,이익분배,85,.0085,"11,288.53",0.00,현금(배당소득),확정,정액,59500000,2025/08/04 ~ 2025/08/04,,
KR7474800000,KIWOOM 미국원유에너지기업,20250430,이익분배,180,.018,"10,988.21",0.00,현금(배당소득),확정,정액,99000000,2025/05/07 ~ 2025/05/07,,
KR7474800000,KIWOOM 미국원유에너지기업,20241031,이익분배,200,.02,"11,524.68",0.00,현금(배당소득),확정,정액,500000000,2024/11/04 ~ 2024/11/04,,
KR70098Z0006,FOCUS 200,20260731,이익분배,120,.003,"41,315.60",0.00,현금(배당소득),확정,정액,90000000,2026/08/04 ~ 2026/08/04,,
KR70098Z0006,FOCUS 200,20260430,이익분배,300,.0075,"41,545.17",0.00,현금(배당소득),확정,정액,195000000,2026/05/06 ~ 2026/05/06,,
KR7475720009,RISE 200위클리커버드콜,20260731,이익분배,235,.02296655580824,"10,237.45",0.00,현금(배당소득),확정,정액,15251500000,2026/08/04 ~ 2026/08/04,,
KR7475720009,RISE 200위클리커버드콜,20260630,이익분배,280,.02736440692046,"10,232.16",0.00,현금(배당소득),확정,정액,17654000000,2026/07/02 ~ 2026/07/02,,
KR7475720009,RISE 200위클리커버드콜,20260529,이익분배,265,.02589845654972,"10,232.57",0.00,현금(배당소득),확정,정액,16999750000,2026/06/02 ~ 2026/06/02,,
KR7475720009,RISE 200위클리커버드콜,20260430,이익분배,237,.02316201585767,"10,252.80",0.00,현금(배당소득),확정,정액,15499800000,2026/05/06 ~ 2026/05/06,,
KR7475720009,RISE 200위클리커버드콜,20260331,이익분배,210,.02052330519034,"10,269.11",0.00,현금(배당소득),확정,정액,13461000000,2026/04/02 ~ 2026/04/02,,
KR7475720009,RISE 200위클리커버드콜,20260227,이익분배,200,.01954600494318,"10,236.20",0.00,현금(배당소득),확정,정액,13020000000,2026/03/04 ~ 2026/03/04,,
KR7475720009,RISE 200위클리커버드콜,20260130,이익분배,180,.01759140444887,"10,255.51",0.00,현금(배당소득),확정,정액,11556000000,2026/02/03 ~ 2026/02/03,,
KR7475720009,RISE 200위클리커버드콜,20251230,이익분배,160,.01563680395455,"10,233.53",0.00,현금(배당소득),확정,정액,9856000000,2026/01/05 ~ 2026/01/05,,
KR7475720009,RISE 200위클리커버드콜,20251128,이익분배,160,.01563680395455,"10,237.80",0.00,현금(배당소득),확정,정액,8968000000,2025/12/02 ~ 2025/12/02,,
KR7475720009,RISE 200위클리커버드콜,20251031,이익분배,160,.01563680395455,"10,240.36",0.00,현금(배당소득),확정,정액,8608000000,2025/11/04 ~ 2025/11/04,,
KR7475720009,RISE 200위클리커버드콜,20250930,이익분배,143,.01397539353438,"10,235.92",0.00,현금(배당소득),확정,정액,7693400000,2025/10/02 ~ 2025/10/02,,
KR7475720009,RISE 200위클리커버드콜,20250829,이익분배,141,.01377993348495,"10,242.82",0.00,현금(배당소득),확정,정액,7134600000,2025/09/02 ~ 2025/09/02,,
KR7475720009,RISE 200위클리커버드콜,20250731,이익분배,142,.01387766350966,"10,242.91",0.00,현금(배당소득),확정,정액,6716600000,2025/08/04 ~ 2025/08/04,,
KR7475720009,RISE 200위클리커버드콜,20250630,이익분배,141,.01377993348495,"10,235.02",0.00,현금(배당소득),확정,정액,6084150000,2025/07/02 ~ 2025/07/02,,
KR7475720009,RISE 200위클리커버드콜,20250530,이익분배,126,.01231398311421,"10,239.40",0.00,현금(배당소득),확정,정액,5625900000,2025/06/04 ~ 2025/06/04,,
KR7475720009,RISE 200위클리커버드콜,20250430,이익분배,120,.01172760296591,"10,258.92",0.00,현금(배당소득),확정,정액,5304000000,2025/05/07 ~ 2025/05/07,,
KR7475720009,RISE 200위클리커버드콜,20250331,이익분배,128,.01250944316364,"10,291.81",0.00,현금(배당소득),확정,정액,5113600000,2025/04/02 ~ 2025/04/02,,
KR7475720009,RISE 200위클리커버드콜,20250228,이익분배,128,.01250944316364,"10,235.77",0.00,현금(배당소득),확정,정액,4876800000,2025/03/05 ~ 2025/03/05,,
KR7475720009,RISE 200위클리커버드콜,20250131,이익분배,127,.01241171313892,"10,261.72",0.00,현금(배당소득),확정,정액,4381500000,2025/02/04 ~ 2025/02/04,,
KR7475720009,RISE 200위클리커버드콜,20241230,이익분배,126,.01231398311421,"10,229.41",0.00,현금(배당소득),확정,정액,3843000000,2025/01/03 ~ 2025/01/03,,
KR7475720009,RISE 200위클리커버드콜,20241129,이익분배,134,.01309582331193,"10,230.96",0.00,현금(배당소득),확정,정액,3443800000,2024/12/03 ~ 2024/12/03,,
KR7475720009,RISE 200위클리커버드콜,20241031,이익분배,142,.01387766350966,"10,255.42",0.00,현금(배당소득),확정,정액,2648300000,2024/11/04 ~ 2024/11/04,,
KR7475720009,RISE 200위클리커버드콜,20240930,이익분배,140,.01368220346023,"10,229.89",0.00,현금(배당소득),확정,정액,2086000000,2024/10/04 ~ 2024/10/04,,
KR7475720009,RISE 200위클리커버드콜,20240830,이익분배,100,.00977300247159,"10,231.21",0.00,현금(배당소득),확정,정액,1425000000,2024/09/03 ~ 2024/09/03,,
KR7480460005,WON 한국부동산TOP3플러스,20260731,이익분배,50,.005,"10,893.22",0.00,현금(배당소득),확정,정액,50000000,2026/08/04 ~ 2026/08/04,,
KR7480460005,WON 한국부동산TOP3플러스,20260630,이익분배,50,.005,"10,820.19",0.00,현금(배당소득),확정,정액,50000000,2026/07/02 ~ 2026/07/02,,
KR7480460005,WON 한국부동산TOP3플러스,20260529,이익분배,50,.005,"10,786.15",0.00,현금(배당소득),확정,정액,50000000,2026/06/02 ~ 2026/06/02,,
KR7480460005,WON 한국부동산TOP3플러스,20260430,이익분배,50,.005,"10,891.62",0.00,현금(배당소득),확정,정액,50000000,2026/05/06 ~ 2026/05/06,,
KR7480460005,WON 한국부동산TOP3플러스,20260331,이익분배,50,.005,"10,887.03",0.00,현금(배당소득),확정,정액,50000000,2026/04/02 ~ 2026/04/02,,
KR7480460005,WON 한국부동산TOP3플러스,20260227,이익분배,50,.005,"10,902.81",0.00,현금(배당소득),확정,정액,50000000,2026/03/04 ~ 2026/03/04,,
KR7480460005,WON 한국부동산TOP3플러스,20260130,이익분배,50,.005,"11,009.64",0.00,현금(배당소득),확정,정액,50000000,2026/02/03 ~ 2026/02/03,,
KR7480460005,WON 한국부동산TOP3플러스,20251230,이익분배,50,.005,"10,322.52",0.00,현금(배당소득),확정,정액,50000000,2026/01/05 ~ 2026/01/05,,
KR7480460005,WON 한국부동산TOP3플러스,20251128,이익분배,50,.005,"10,224.64",0.00,현금(배당소득),확정,정액,50000000,2025/12/02 ~ 2025/12/02,,
KR7480460005,WON 한국부동산TOP3플러스,20251031,이익분배,50,.005,"10,253.30",0.00,현금(배당소득),확정,정액,50000000,2025/11/04 ~ 2025/11/04,,
KR7480460005,WON 한국부동산TOP3플러스,20250930,이익분배,50,.005,"10,264.47",0.00,현금(배당소득),확정,정액,50000000,2025/10/02 ~ 2025/10/02,,
KR7480460005,WON 한국부동산TOP3플러스,20250829,이익분배,50,.005,"10,308.81",0.00,현금(배당소득),확정,정액,50000000,2025/09/02 ~ 2025/09/02,,
KR7480460005,WON 한국부동산TOP3플러스,20250731,이익분배,50,.005,"10,418.42",0.00,현금(배당소득),확정,정액,50000000,2025/08/04 ~ 2025/08/04,,
KR7480460005,WON 한국부동산TOP3플러스,20250630,이익분배,50,.005,"10,372.53",0.00,현금(배당소득),확정,정액,50000000,2025/07/02 ~ 2025/07/02,,
KR7480460005,WON 한국부동산TOP3플러스,20250530,이익분배,50,.005,"10,331.16",0.00,현금(배당소득),확정,정액,50000000,2025/06/04 ~ 2025/06/04,,
KR7480460005,WON 한국부동산TOP3플러스,20250430,이익분배,50,.005,"10,352.27",0.00,현금(배당소득),확정,정액,50000000,2025/05/07 ~ 2025/05/07,,
KR7480460005,WON 한국부동산TOP3플러스,20250331,이익분배,50,.005,"10,316.55",0.00,현금(배당소득),확정,정액,50000000,2025/04/02 ~ 2025/04/02,,
KR7480460005,WON 한국부동산TOP3플러스,20250228,이익분배,50,.005,"10,350.34",0.00,현금(배당소득),확정,정액,50000000,2025/03/05 ~ 2025/03/05,,
KR7480460005,WON 한국부동산TOP3플러스,20250131,이익분배,50,.005,"10,435.01",0.00,현금(배당소득),확정,정액,50000000,2025/02/04 ~ 2025/02/04,,
KR7480460005,WON 한국부동산TOP3플러스,20241230,이익분배,50,.005,"10,371.74",0.00,현금(배당소득),확정,정액,50000000,2025/01/03 ~ 2025/01/03,,
KR7480460005,WON 한국부동산TOP3플러스,20241129,이익분배,50,.005,"10,282.52",0.00,현금(배당소득),확정,정액,50000000,2024/12/03 ~ 2024/12/03,,
KR7480460005,WON 한국부동산TOP3플러스,20241031,이익분배,50,.005,"10,304.21",0.00,현금(배당소득),확정,정액,50000000,2024/11/04 ~ 2024/11/04,,
KR7480460005,WON 한국부동산TOP3플러스,20240930,이익분배,50,.005,"10,185.20",0.00,현금(배당소득),확정,정액,50000000,2024/10/04 ~ 2024/10/04,,
KR7480460005,WON 한국부동산TOP3플러스,20240830,이익분배,50,.005,"10,230.83",0.00,현금(배당소득),확정,정액,50000000,2024/09/03 ~ 2024/09/03,,
KR7473490001,KIWOOM 글로벌AI반도체,20260731,이익분배,45,.0045,"29,545.26",0.00,현금(배당소득),확정,정액,69750000,2026/08/04 ~ 2026/08/04,,
KR7473490001,KIWOOM 글로벌AI반도체,20260430,이익분배,13,.0013,"28,521.27",0.00,현금(배당소득),확정,정액,14300000,2026/05/06 ~ 2026/05/06,,
KR7473490001,KIWOOM 글로벌AI반도체,20260130,이익분배,13,.0013,"23,400.74",0.00,현금(배당소득),확정,정액,17550000,2026/02/03 ~ 2026/02/03,,
KR7473490001,KIWOOM 글로벌AI반도체,20251031,이익분배,33,.0033,"22,559.50",0.00,현금(배당소득),확정,정액,47850000,2025/11/04 ~ 2025/11/04,,
KR7473490001,KIWOOM 글로벌AI반도체,20250731,이익분배,6,.0006,"18,969.29",0.00,현금(배당소득),확정,정액,7500000,2025/08/04 ~ 2025/08/04,,
KR7473490001,KIWOOM 글로벌AI반도체,20250430,이익분배,20,.002,"13,616.37",0.00,현금(배당소득),확정,정액,42000000,2025/05/07 ~ 2025/05/07,,
KR7473490001,KIWOOM 글로벌AI반도체,20241031,이익분배,50,.005,"15,786.07",0.00,현금(배당소득),확정,정액,140000000,2024/11/04 ~ 2024/11/04,,
KR7469790000,KIWOOM 코리아테크TOP10,20260731,이익분배,40,.00412560826937,"9,663.59",0.00,현금(배당소득),확정,정액,28000000,2026/08/04 ~ 2026/08/04,,
KR7469790000,KIWOOM 코리아테크TOP10,20260430,이익분배,80,.00825121653874,"9,739.26",0.00,현금(배당소득),확정,정액,56000000,2026/05/06 ~ 2026/05/06,,
KR7469790000,KIWOOM 코리아테크TOP10,20260130,이익분배,40,.00412560826937,"9,709.95",0.00,현금(배당소득),확정,정액,28000000,2026/02/03 ~ 2026/02/03,,
KR7469790000,KIWOOM 코리아테크TOP10,20251031,이익분배,20,.00206280413468,"9,692.85",0.00,현금(배당소득),확정,정액,14000000,2025/11/04 ~ 2025/11/04,,
KR7469790000,KIWOOM 코리아테크TOP10,20250731,이익분배,15,.00154710310101,"9,694.56",0.00,현금(배당소득),확정,정액,10500000,2025/08/04 ~ 2025/08/04,,
KR7469790000,KIWOOM 코리아테크TOP10,20250430,이익분배,150,.01547103101013,"9,729.12",0.00,현금(배당소득),확정,정액,90000000,2025/05/07 ~ 2025/05/07,,
KR7469790000,KIWOOM 코리아테크TOP10,20241031,이익분배,50,.00515701033671,"9,702.17",0.00,현금(배당소득),확정,정액,15000000,2024/11/04 ~ 2024/11/04,,
KR7463300004,RISE 중국본토CSI300,20260731,이익분배,114,.0114,"13,833.27",0.00,현금(배당소득),확정,정액,182400000,2026/08/04 ~ 2026/08/04,,
KR7463300004,RISE 중국본토CSI300,20251230,이익분배,204,.0204,"13,565.41",0.00,현금(배당소득),확정,정액,571200000,2026/01/05 ~ 2026/01/05,,
KR7460960008,ACE 글로벌인컴TOP10,20260731,이익분배,70,.007,"11,743.44",0.00,현금(배당소득),확정,정액,542500000,2026/08/04 ~ 2026/08/04,,
KR7460960008,ACE 글로벌인컴TOP10,20260630,이익분배,74,.0074,"12,427.40",0.00,현금(배당소득),확정,정액,555000000,2026/07/02 ~ 2026/07/02,,
KR7460960008,ACE 글로벌인컴TOP10,20260529,이익분배,73,.0073,"12,276.10",0.00,현금(배당소득),확정,정액,540200000,2026/06/02 ~ 2026/06/02,,
KR7460960008,ACE 글로벌인컴TOP10,20260430,이익분배,72,.0072,"12,101.68",0.00,현금(배당소득),확정,정액,532800000,2026/05/06 ~ 2026/05/06,,
KR7460960008,ACE 글로벌인컴TOP10,20260331,이익분배,71,.0071,"11,921.96",0.00,현금(배당소득),확정,정액,521850000,2026/04/02 ~ 2026/04/02,,
KR7460960008,ACE 글로벌인컴TOP10,20260227,이익분배,64,.0064,"11,804.16",0.00,현금(배당소득),확정,정액,476800000,2026/03/04 ~ 2026/03/04,,
KR7460960008,ACE 글로벌인컴TOP10,20260130,이익분배,64,.0064,"11,861.26",0.00,현금(배당소득),확정,정액,467200000,2026/02/03 ~ 2026/02/03,,
KR7460960008,ACE 글로벌인컴TOP10,20251230,이익분배,113,.0113,"11,900.92",0.00,현금(배당소득),확정,정액,745800000,2026/01/05 ~ 2026/01/05,,
KR7460960008,ACE 글로벌인컴TOP10,20251128,이익분배,60,.006,"11,958.06",0.00,현금(배당소득),확정,정액,354000000,2025/12/02 ~ 2025/12/02,,
KR7460960008,ACE 글로벌인컴TOP10,20251031,이익분배,63,.0063,"11,801.46",0.00,현금(배당소득),확정,정액,371700000,2025/11/04 ~ 2025/11/04,,
KR7460960008,ACE 글로벌인컴TOP10,20250930,이익분배,62,.0062,"11,494.59",0.00,현금(배당소득),확정,정액,365800000,2025/10/02 ~ 2025/10/02,,
KR7460960008,ACE 글로벌인컴TOP10,20250829,이익분배,62,.0062,"11,303.95",0.00,현금(배당소득),확정,정액,347200000,2025/09/02 ~ 2025/09/02,,
KR7460960008,ACE 글로벌인컴TOP10,20250731,이익분배,51,.0051,"11,142.02",0.00,현금(배당소득),확정,정액,293250000,2025/08/04 ~ 2025/08/04,,
KR7460960008,ACE 글로벌인컴TOP10,20250630,이익분배,64,.0064,"10,752.75",0.00,현금(배당소득),확정,정액,368000000,2025/07/02 ~ 2025/07/02,,
KR7460960008,ACE 글로벌인컴TOP10,20250530,이익분배,51,.0051,"10,738.74",0.00,현금(배당소득),확정,정액,293250000,2025/06/04 ~ 2025/06/04,,
KR7460960008,ACE 글로벌인컴TOP10,20250430,이익분배,50,.005,"11,042.22",0.00,현금(배당소득),확정,정액,285000000,2025/05/07 ~ 2025/05/07,,
KR7460960008,ACE 글로벌인컴TOP10,20250331,이익분배,55,.0055,"11,524.50",0.00,현금(배당소득),확정,정액,302500000,2025/04/02 ~ 2025/04/02,,
KR7460960008,ACE 글로벌인컴TOP10,20250228,이익분배,49,.0049,"11,564.96",0.00,현금(배당소득),확정,정액,257250000,2025/03/05 ~ 2025/03/05,,
KR7460960008,ACE 글로벌인컴TOP10,20250131,이익분배,89,.0089,"11,636.23",0.00,현금(배당소득),확정,정액,382700000,2025/02/04 ~ 2025/02/04,,
KR7460960008,ACE 글로벌인컴TOP10,20241230,이익분배,112,.0112,"11,863.28",0.00,현금(배당소득),확정,정액,408800000,2025/01/03 ~ 2025/01/03,,
KR7460960008,ACE 글로벌인컴TOP10,20241129,이익분배,61,.0061,"11,416.41",0.00,현금(배당소득),확정,정액,216550000,2024/12/03 ~ 2024/12/03,,
KR7460960008,ACE 글로벌인컴TOP10,20241031,이익분배,62,.0062,"11,406.84",0.00,현금(배당소득),확정,정액,179800000,2024/11/04 ~ 2024/11/04,,
KR7460960008,ACE 글로벌인컴TOP10,20240930,이익분배,73,.0073,"10,986.16",0.00,현금(배당소득),확정,정액,208050000,2024/10/04 ~ 2024/10/04,,
KR7460960008,ACE 글로벌인컴TOP10,20240830,이익분배,59,.0059,"10,904.93",0.00,현금(배당소득),확정,정액,162250000,2024/09/03 ~ 2024/09/03,,
KR7456250000,KODEX 유럽명품TOP10 STOXX,20260731,이익분배,75,.0075,"9,693.62",0.00,현금(배당소득),확정,정액,86250000,2026/08/04 ~ 2026/08/04,,
KR7456250000,KODEX 유럽명품TOP10 STOXX,20260430,이익분배,5,.0005,"9,451.44",0.00,현금(배당소득),확정,정액,5750000,2026/05/06 ~ 2026/05/06,,
KR7456250000,KODEX 유럽명품TOP10 STOXX,20260130,이익분배,16,.0016,"10,701.16",0.00,현금(배당소득),확정,정액,20000000,2026/02/03 ~ 2026/02/03,,
KR7456250000,KODEX 유럽명품TOP10 STOXX,20251031,이익분배,25,.0025,"11,482.69",0.00,현금(배당소득),확정,정액,33750000,2025/11/04 ~ 2025/11/04,,
KR7456250000,KODEX 유럽명품TOP10 STOXX,20250731,이익분배,95,.0095,"10,234.53",0.00,현금(배당소득),확정,정액,123500000,2025/08/04 ~ 2025/08/04,,
KR7456250000,KODEX 유럽명품TOP10 STOXX,20250430,이익분배,17,.0017,"10,219.11",0.00,현금(배당소득),확정,정액,21250000,2025/05/07 ~ 2025/05/07,,
KR7456250000,KODEX 유럽명품TOP10 STOXX,20241031,이익분배,30,.003,"9,448.14",0.00,현금(배당소득),확정,정액,51000000,2024/11/04 ~ 2024/11/04,,
KR7448100008,WON 200,20260731,이익분배,70,.00227896408711,"31,877.93",0.00,현금(배당소득),확정,정액,84000000,2026/08/04 ~ 2026/08/04,,
KR7448100008,WON 200,20260630,이익분배,60,.00195339778895,"31,872.62",0.00,현금(배당소득),확정,정액,58500000,2026/07/02 ~ 2026/07/02,,
KR7448100008,WON 200,20260529,이익분배,60,.00195339778895,"31,905.23",0.00,현금(배당소득),확정,정액,61500000,2026/06/02 ~ 2026/06/02,,
KR7448100008,WON 200,20260430,이익분배,60,.00195339778895,"31,919.27",0.00,현금(배당소득),확정,정액,72000000,2026/05/06 ~ 2026/05/06,,
KR7448100008,WON 200,20260331,이익분배,60,.00195339778895,"31,839.13",0.00,현금(배당소득),확정,정액,69000000,2026/04/02 ~ 2026/04/02,,
KR7448100008,WON 200,20260227,이익분배,60,.00195339778895,"31,661.67",0.00,현금(배당소득),확정,정액,66000000,2026/03/04 ~ 2026/03/04,,
KR7448100008,WON 200,20260130,이익분배,60,.00195339778895,"31,944.41",0.00,현금(배당소득),확정,정액,69000000,2026/02/03 ~ 2026/02/03,,
KR7448100008,WON 200,20251230,이익분배,60,.00195339778895,"31,570.07",0.00,현금(배당소득),확정,정액,67500000,2026/01/05 ~ 2026/01/05,,
KR7448100008,WON 200,20251128,이익분배,60,.00195339778895,"31,613.06",0.00,현금(배당소득),확정,정액,64500000,2025/12/02 ~ 2025/12/02,,
KR7448100008,WON 200,20251031,이익분배,60,.00195339778895,"31,640.76",0.00,현금(배당소득),확정,정액,64500000,2025/11/04 ~ 2025/11/04,,
KR7448100008,WON 200,20250930,이익분배,50,.00162783149079,"31,628.60",0.00,현금(배당소득),확정,정액,53750000,2025/10/02 ~ 2025/10/02,,
KR7448100008,WON 200,20250829,이익분배,50,.00162783149079,"31,649.48",0.00,현금(배당소득),확정,정액,50000000,2025/09/02 ~ 2025/09/02,,
KR7448100008,WON 200,20250731,이익분배,50,.00162783149079,"31,648.74",0.00,현금(배당소득),확정,정액,46250000,2025/08/04 ~ 2025/08/04,,
KR7448100008,WON 200,20250630,이익분배,70,.00227896408711,"31,679.39",0.00,현금(배당소득),확정,정액,15750000,2025/07/02 ~ 2025/07/02,,
KR7448100008,WON 200,20250530,이익분배,60,.00195339778895,"31,718.19",0.00,현금(배당소득),확정,정액,12000000,2025/06/04 ~ 2025/06/04,,
KR7448100008,WON 200,20250430,이익분배,60,.00195339778895,"31,741.64",0.00,현금(배당소득),확정,정액,12000000,2025/05/07 ~ 2025/05/07,,
KR7448100008,WON 200,20250331,이익분배,60,.00195339778895,"31,687.26",0.00,현금(배당소득),확정,정액,12000000,2025/04/02 ~ 2025/04/02,,
KR7448100008,WON 200,20250228,이익분배,60,.00195339778895,"31,481.84",0.00,현금(배당소득),확정,정액,12000000,2025/03/05 ~ 2025/03/05,,
KR7448100008,WON 200,20250131,이익분배,50,.00162783149079,"31,509.08",0.00,현금(배당소득),확정,정액,10000000,2025/02/04 ~ 2025/02/04,,
KR7448100008,WON 200,20241230,이익분배,50,.00162783149079,"31,428.76",0.00,현금(배당소득),확정,정액,10000000,2025/01/03 ~ 2025/01/03,,
KR7448100008,WON 200,20241129,이익분배,50,.00162783149079,"31,479.94",0.00,현금(배당소득),확정,정액,10000000,2024/12/03 ~ 2024/12/03,,
KR7448100008,WON 200,20241031,이익분배,50,.00162783149079,"31,529.99",0.00,현금(배당소득),확정,정액,10000000,2024/11/04 ~ 2024/11/04,,
KR7448100008,WON 200,20240930,이익분배,50,.00162783149079,"31,419.45",0.00,현금(배당소득),확정,정액,10000000,2024/10/04 ~ 2024/10/04,,
KR7448100008,WON 200,20240830,이익분배,50,.00162783149079,"31,470.69",0.00,현금(배당소득),확정,정액,10000000,2024/09/03 ~ 2024/09/03,,
KR7438900003,HANARO Fn K-푸드,20260731,이익분배,10,.00100173701198,"10,014.61",0.00,현금(배당소득),확정,정액,13000000,2026/08/04 ~ 2026/08/04,,
KR7438900003,HANARO Fn K-푸드,20260430,이익분배,220,.02203821426353,"10,214.30",0.00,현금(배당소득),확정,정액,286000000,2026/05/06 ~ 2026/05/06,,
KR7438900003,HANARO Fn K-푸드,20250430,이익분배,140,.0140243181677,"10,151.91",0.00,현금(배당소득),확정,정액,301000000,2025/05/07 ~ 2025/05/07,,
KR7402460000,HANARO Fn K-메타버스MZ,20260731,이익분배,15,.0014962414415,"10,062.28",0.00,현금(배당소득),확정,정액,8250000,2026/08/04 ~ 2026/08/04,,
KR7402460000,HANARO Fn K-메타버스MZ,20260430,이익분배,50,.00498747147166,"10,088.02",0.00,현금(배당소득),확정,정액,27500000,2026/05/06 ~ 2026/05/06,,
KR7402460000,HANARO Fn K-메타버스MZ,20251031,이익분배,5,.00049874714717,"10,040.33",0.00,현금(배당소득),확정,정액,3500000,2025/11/04 ~ 2025/11/04,,
KR7402460000,HANARO Fn K-메타버스MZ,20250731,이익분배,10,.00099749429433,"10,039.00",0.00,현금(배당소득),확정,정액,7500000,2025/08/04 ~ 2025/08/04,,
KR7402460000,HANARO Fn K-메타버스MZ,20250430,이익분배,45,.0044887243245,"10,076.58",0.00,현금(배당소득),확정,정액,33750000,2025/05/07 ~ 2025/05/07,,
KR7402460000,HANARO Fn K-메타버스MZ,20241031,이익분배,10,.00099749429433,"10,032.15",0.00,현금(배당소득),확정,정액,7000000,2024/11/04 ~ 2024/11/04,,
KR7289040008,KODEX MSCI KOREA ESG유니버설,20260731,이익분배,36,.0037687416381,"9,739.47",0.00,현금(배당소득),확정,정액,21600000,2026/08/04 ~ 2026/08/04,,
KR7289040008,KODEX MSCI KOREA ESG유니버설,20260430,이익분배,168,.01758746097782,"9,882.83",0.00,현금(배당소득),확정,정액,100800000,2026/05/06 ~ 2026/05/06,,
KR7289040008,KODEX MSCI KOREA ESG유니버설,20250430,이익분배,242,.02533431878948,"9,916.09",0.00,현금(배당소득),확정,정액,169400000,2025/05/07 ~ 2025/05/07,,
KR7277640009,TIGER 코스피대형주,20260731,이익분배,50,.00431888952712,"11,683.68",0.00,현금(배당소득),확정,정액,92500000,2026/08/04 ~ 2026/08/04,,
KR7277640009,TIGER 코스피대형주,20260430,이익분배,150,.01295666858137,"11,821.23",0.00,현금(배당소득),확정,정액,262500000,2026/05/06 ~ 2026/05/06,,
KR7277640009,TIGER 코스피대형주,20251031,이익분배,30,.00259133371627,"11,651.86",0.00,현금(배당소득),확정,정액,25500000,2025/11/04 ~ 2025/11/04,,
KR7277640009,TIGER 코스피대형주,20250731,이익분배,15,.00129566685814,"11,637.36",0.00,현금(배당소득),확정,정액,9750000,2025/08/04 ~ 2025/08/04,,
KR7277640009,TIGER 코스피대형주,20250430,이익분배,150,.01295666858137,"11,760.07",0.00,현금(배당소득),확정,정액,75000000,2025/05/07 ~ 2025/05/07,,
KR7277640009,TIGER 코스피대형주,20241031,이익분배,15,.00129566685814,"11,606.57",0.00,현금(배당소득),확정,정액,4500000,2024/11/04 ~ 2024/11/04,,
KR7244660007,KODEX 퀄리티Plus,20260731,이익분배,79,.00773081119695,"10,346.92",0.00,현금(배당소득),확정,정액,39500000,2026/08/04 ~ 2026/08/04,,
KR7244660007,KODEX 퀄리티Plus,20260430,이익분배,136,.01330873826311,"10,475.73",0.00,현금(배당소득),확정,정액,68000000,2026/05/06 ~ 2026/05/06,,
KR7244660007,KODEX 퀄리티Plus,20250430,이익분배,184,.01800594000303,"10,429.83",0.00,현금(배당소득),확정,정액,92000000,2025/05/07 ~ 2025/05/07,,
KR7228820007,TIGER KTOP30,20260731,이익분배,30,.00504095778198,"6,022.73",0.00,현금(배당소득),확정,정액,30000000,2026/08/04 ~ 2026/08/04,,
KR7228820007,TIGER KTOP30,20260430,이익분배,90,.01512287334594,"6,097.52",0.00,현금(배당소득),확정,정액,85500000,2026/05/06 ~ 2026/05/06,,
KR7228820007,TIGER KTOP30,20251031,이익분배,23,.00386473429952,"6,014.94",0.00,현금(배당소득),확정,정액,20700000,2025/11/04 ~ 2025/11/04,,
KR7228820007,TIGER KTOP30,20250731,이익분배,25,.00420079815165,"6,016.51",0.00,현금(배당소득),확정,정액,18750000,2025/08/04 ~ 2025/08/04,,
KR7228820007,TIGER KTOP30,20250430,이익분배,90,.01512287334594,"6,088.44",0.00,현금(배당소득),확정,정액,81000000,2025/05/07 ~ 2025/05/07,,
KR7228820007,TIGER KTOP30,20241031,이익분배,25,.00420079815165,"6,013.76",0.00,현금(배당소득),확정,정액,17500000,2024/11/04 ~ 2024/11/04,,
KR7227560000,TIGER 200 생활소비재,20260731,이익분배,30,.00202775318188,"14,795.34",0.00,현금(배당소득),확정,정액,7200000,2026/08/04 ~ 2026/08/04,,
KR7227560000,TIGER 200 생활소비재,20260430,이익분배,250,.01689794318236,"15,048.35",0.00,현금(배당소득),확정,정액,85000000,2026/05/06 ~ 2026/05/06,,
KR7227560000,TIGER 200 생활소비재,20251031,이익분배,45,.00304162977282,"14,813.39",0.00,현금(배당소득),확정,정액,21600000,2025/11/04 ~ 2025/11/04,,
KR7227560000,TIGER 200 생활소비재,20250731,이익분배,15,.00101387659094,"14,803.04",0.00,현금(배당소득),확정,정액,11700000,2025/08/04 ~ 2025/08/04,,
KR7227560000,TIGER 200 생활소비재,20250430,이익분배,140,.00946284818212,"14,952.27",0.00,현금(배당소득),확정,정액,89600000,2025/05/07 ~ 2025/05/07,,
KR7227560000,TIGER 200 생활소비재,20241031,이익분배,20,.00135183545459,"14,806.11",0.00,현금(배당소득),확정,정액,12800000,2024/11/04 ~ 2024/11/04,,
KR7213610009,KODEX 삼성그룹밸류,20260731,이익분배,3,.00049943896356,"6,129.76",0.00,현금(배당소득),확정,정액,33900000,2026/08/04 ~ 2026/08/04,,
KR7213610009,KODEX 삼성그룹밸류,20260430,이익분배,221,.03679200364923,"6,347.32",0.00,현금(배당소득),확정,정액,2607800000,2026/05/06 ~ 2026/05/06,,
KR7213610009,KODEX 삼성그룹밸류,20250430,이익분배,173,.02880098023221,"6,281.28",0.00,현금(배당소득),확정,정액,2162500000,2025/05/07 ~ 2025/05/07,,
KR7145850004,TREX 펀더멘탈 200,20260731,이익분배,500,.02175736878566,"23,074.91",0.00,현금(배당소득),확정,정액,125000000,2026/08/04 ~ 2026/08/04,,
KR7145850004,TREX 펀더멘탈 200,20260430,이익분배,1000,.04351473757132,"23,629.47",0.00,현금(배당소득),확정,정액,250000000,2026/05/06 ~ 2026/05/06,,
KR7145850004,TREX 펀더멘탈 200,20260130,이익분배,170,.00739750538712,"23,214.35",0.00,현금(배당소득),확정,정액,42500000,2026/02/03 ~ 2026/02/03,,
KR7145850004,TREX 펀더멘탈 200,20251031,이익분배,240,.01044353701712,"23,137.64",0.00,현금(배당소득),확정,정액,60000000,2025/11/04 ~ 2025/11/04,,
KR7145850004,TREX 펀더멘탈 200,20250731,이익분배,170,.00739750538712,"23,104.28",0.00,현금(배당소득),확정,정액,42500000,2025/08/04 ~ 2025/08/04,,
KR7145850004,TREX 펀더멘탈 200,20250430,이익분배,850,.03698752693562,"23,589.60",0.00,현금(배당소득),확정,정액,212500000,2025/05/07 ~ 2025/05/07,,
KR7145850004,TREX 펀더멘탈 200,20250131,이익분배,240,.01044353701712,"23,123.10",0.00,현금(배당소득),확정,정액,60000000,2025/02/04 ~ 2025/02/04,,
KR7145850004,TREX 펀더멘탈 200,20241031,이익분배,200,.00870294751426,"23,099.76",0.00,현금(배당소득),확정,정액,50000000,2024/11/04 ~ 2024/11/04,,
KR7140950007,파워 코스피100,20260731,이익분배,72,.00328923324318,"21,961.50",0.00,현금(배당소득),확정,정액,40320000,2026/08/04 ~ 2026/08/04,,
KR7140950007,파워 코스피100,20260430,이익분배,490,.02238505957167,"22,319.71",0.00,현금(배당소득),확정,정액,274400000,2026/05/06 ~ 2026/05/06,,
KR7140950007,파워 코스피100,20251031,이익분배,108,.00493384986478,"21,980.69",0.00,현금(배당소득),확정,정액,60480000,2025/11/04 ~ 2025/11/04,,
KR7140950007,파워 코스피100,20250731,이익분배,100,.00456837950442,"21,975.20",0.00,현금(배당소득),확정,정액,56000000,2025/08/04 ~ 2025/08/04,,
KR7140950007,파워 코스피100,20250430,이익분배,390,.01781668006725,"22,264.83",0.00,현금(배당소득),확정,정액,202800000,2025/05/07 ~ 2025/05/07,,
KR7140950007,파워 코스피100,20241031,이익분배,133,.00607594474088,"21,997.91",0.00,현금(배당소득),확정,정액,63840000,2024/11/04 ~ 2024/11/04,,
KR7139230007,TIGER 200 중공업,20260731,이익분배,88,.0109217728023,"8,083.09",0.00,현금(배당소득),확정,정액,1772320000,2026/08/04 ~ 2026/08/04,,
KR7139230007,TIGER 200 중공업,20251031,이익분배,25,.00310277636429,"8,064.37",0.00,현금(배당소득),확정,정액,599500000,2025/11/04 ~ 2025/11/04,,
KR7139230007,TIGER 200 중공업,20250430,이익분배,50,.00620555272858,"8,115.53",0.00,현금(배당소득),확정,정액,795000000,2025/05/07 ~ 2025/05/07,,
KR7102970001,KODEX 증권,20260731,이익분배,149,.01353856218652,"11,209.02",0.00,현금(배당소득),확정,정액,5498100000,2026/08/04 ~ 2026/08/04,,
KR7102970001,KODEX 증권,20260430,이익분배,340,.03089336337864,"11,566.50",0.00,현금(배당소득),확정,정액,13685000000,2026/05/06 ~ 2026/05/06,,
KR7102970001,KODEX 증권,20250430,이익분배,372,.03380097404957,"11,398.34",0.00,현금(배당소득),확정,정액,2101800000,2025/05/07 ~ 2025/05/07,,
KR7091180000,KODEX 자동차,20260731,이익분배,151,.02078801729122,"7,466.63",0.00,현금(배당소득),확정,정액,2227250000,2026/08/04 ~ 2026/08/04,,
KR7091180000,KODEX 자동차,20260430,이익분배,496,.06828381838707,"7,947.67",0.00,현금(배당소득),확정,정액,8556000000,2026/05/06 ~ 2026/05/06,,
KR7091180000,KODEX 자동차,20260130,이익분배,66,.00908615325312,"7,506.43",0.00,현금(배당소득),확정,정액,1221000000,2026/02/03 ~ 2026/02/03,,
KR7091180000,KODEX 자동차,20250430,이익분배,584,.08039868939123,"7,922.69",0.00,현금(배당소득),확정,정액,15154800000,2025/05/07 ~ 2025/05/07,,
KR70203D0004,PLUS 200위클리커버드콜채권혼합,20260731,이익분배,65,.00626449266283,"10,379.50",0.00,현금(배당소득),확정,정액,71500000,2026/08/04 ~ 2026/08/04,,
KR70203D0004,PLUS 200위클리커버드콜채권혼합,20260630,이익분배,74,.00713188395461,"10,393.45",0.00,현금(배당소득),확정,정액,74000000,2026/07/02 ~ 2026/07/02,,
KR70151S0009,KODEX 미국AI반도체TOP3플러스,20260731,이익분배,13,.0013,"14,462.82",0.00,현금(배당소득),확정,정액,183300000,2026/08/04 ~ 2026/08/04,,
KR70151S0009,KODEX 미국AI반도체TOP3플러스,20260430,이익분배,12,.0012,"14,512.38",0.00,현금(배당소득),확정,정액,144600000,2026/05/06 ~ 2026/05/06,,
KR70137V0003,KIWOOM 미국S&P500모멘텀,20260731,이익분배,16,.0016,"11,424.23",0.00,현금(배당소득),확정,정액,128000000,2026/08/04 ~ 2026/08/04,,
KR70137V0003,KIWOOM 미국S&P500모멘텀,20260430,이익분배,23,.0023,"10,949.67",0.00,현금(배당소득),확정,정액,77050000,2026/05/06 ~ 2026/05/06,,
KR70137V0003,KIWOOM 미국S&P500모멘텀,20260130,이익분배,10,.001,"9,571.64",0.00,현금(배당소득),확정,정액,37500000,2026/02/03 ~ 2026/02/03,,
KR70127V0005,KIWOOM 미국S&P500 TOP10&배당다우비중전환,20260731,이익분배,10,.001,"10,692.78",0.00,현금(배당소득),확정,정액,12500000,2026/08/04 ~ 2026/08/04,,
KR70127V0005,KIWOOM 미국S&P500 TOP10&배당다우비중전환,20260630,이익분배,10,.001,"10,920.28",0.00,현금(배당소득),확정,정액,13000000,2026/07/02 ~ 2026/07/02,,
KR70127V0005,KIWOOM 미국S&P500 TOP10&배당다우비중전환,20260529,이익분배,10,.001,"11,622.59",0.00,현금(배당소득),확정,정액,13000000,2026/06/02 ~ 2026/06/02,,
KR70127V0005,KIWOOM 미국S&P500 TOP10&배당다우비중전환,20260430,이익분배,10,.001,"10,982.92",0.00,현금(배당소득),확정,정액,13000000,2026/05/06 ~ 2026/05/06,,
KR70127V0005,KIWOOM 미국S&P500 TOP10&배당다우비중전환,20260331,이익분배,10,.001,"9,858.07",0.00,현금(배당소득),확정,정액,13000000,2026/04/02 ~ 2026/04/02,,
KR70127V0005,KIWOOM 미국S&P500 TOP10&배당다우비중전환,20260227,이익분배,10,.001,"9,972.91",0.00,현금(배당소득),확정,정액,13000000,2026/03/04 ~ 2026/03/04,,
KR70127V0005,KIWOOM 미국S&P500 TOP10&배당다우비중전환,20260130,이익분배,12,.0012,"10,097.19",0.00,현금(배당소득),확정,정액,15600000,2026/02/03 ~ 2026/02/03,,
KR70127V0005,KIWOOM 미국S&P500 TOP10&배당다우비중전환,20251230,이익분배,18,.0018,"10,184.30",0.00,현금(배당소득),확정,정액,22500000,2026/01/05 ~ 2026/01/05,,
KR70127P0003,ACE 미국대형성장주액티브,20260731,이익분배,18,.0018,"10,469.75",0.00,현금(배당소득),확정,정액,1139400000,2026/08/04 ~ 2026/08/04,,
KR70127P0003,ACE 미국대형성장주액티브,20251230,이익분배,2,.0002,"10,141.33",0.00,현금(배당소득),확정,정액,105000000,2026/01/05 ~ 2026/01/05,,
KR70104P0000,TIGER 코리아배당다우존스위클리커버드콜,20260731,이익분배,105,.01054774966272,"9,954.73",0.00,현금(배당소득),확정,정액,189000000,2026/08/04 ~ 2026/08/04,,
KR70104P0000,TIGER 코리아배당다우존스위클리커버드콜,20260630,이익분배,104,.01044729490403,"9,958.12",0.00,현금(배당소득),확정,정액,218400000,2026/07/02 ~ 2026/07/02,,
KR70104P0000,TIGER 코리아배당다우존스위클리커버드콜,20260529,이익분배,113,.01135138773226,"9,964.99",0.00,현금(배당소득),확정,정액,282500000,2026/06/02 ~ 2026/06/02,,
KR70104P0000,TIGER 코리아배당다우존스위클리커버드콜,20260430,이익분배,114,.01145184249096,"10,049.69",0.00,현금(배당소득),확정,정액,364800000,2026/05/06 ~ 2026/05/06,,
KR70104P0000,TIGER 코리아배당다우존스위클리커버드콜,20260331,이익분배,112,.01125093297357,"10,065.39",0.00,현금(배당소득),확정,정액,369600000,2026/04/02 ~ 2026/04/02,,
KR70104P0000,TIGER 코리아배당다우존스위클리커버드콜,20260227,이익분배,114,.01145184249096,"9,948.31",0.00,현금(배당소득),확정,정액,376200000,2026/03/04 ~ 2026/03/04,,
KR70104P0000,TIGER 코리아배당다우존스위클리커버드콜,20260130,이익분배,103,.01034684014534,"10,059.10",0.00,현금(배당소득),확정,정액,339900000,2026/02/03 ~ 2026/02/03,,
KR70104P0000,TIGER 코리아배당다우존스위클리커버드콜,20251230,이익분배,100,.01004547586926,"9,956.47",0.00,현금(배당소득),확정,정액,320000000,2026/01/05 ~ 2026/01/05,,
KR70104P0000,TIGER 코리아배당다우존스위클리커버드콜,20251128,이익분배,98,.00984456635187,"9,964.23",0.00,현금(배당소득),확정,정액,313600000,2025/12/02 ~ 2025/12/02,,
KR70104P0000,TIGER 코리아배당다우존스위클리커버드콜,20251031,이익분배,98,.00984456635187,"9,953.67",0.00,현금(배당소득),확정,정액,313600000,2025/11/04 ~ 2025/11/04,,
KR70097L0003,KIWOOM 한국고배당&미국AI테크,20260731,이익분배,50,.005,"10,703.24",0.00,현금(배당소득),확정,정액,102500000,2026/08/04 ~ 2026/08/04,,
KR70097L0003,KIWOOM 한국고배당&미국AI테크,20260630,이익분배,50,.005,"11,134.89",0.00,현금(배당소득),확정,정액,105000000,2026/07/02 ~ 2026/07/02,,
KR70097L0003,KIWOOM 한국고배당&미국AI테크,20260529,이익분배,45,.0045,"11,326.64",0.00,현금(배당소득),확정,정액,101250000,2026/06/02 ~ 2026/06/02,,
KR70097L0003,KIWOOM 한국고배당&미국AI테크,20260430,이익분배,45,.0045,"10,952.73",0.00,현금(배당소득),확정,정액,108000000,2026/05/06 ~ 2026/05/06,,
KR70097L0003,KIWOOM 한국고배당&미국AI테크,20260331,이익분배,40,.004,"10,206.40",0.00,현금(배당소득),확정,정액,96000000,2026/04/02 ~ 2026/04/02,,
KR70097L0003,KIWOOM 한국고배당&미국AI테크,20260227,이익분배,40,.004,"10,282.89",0.00,현금(배당소득),확정,정액,94000000,2026/03/04 ~ 2026/03/04,,
KR70097L0003,KIWOOM 한국고배당&미국AI테크,20260130,이익분배,30,.003,"10,437.20",0.00,현금(배당소득),확정,정액,70500000,2026/02/03 ~ 2026/02/03,,
KR70097L0003,KIWOOM 한국고배당&미국AI테크,20251230,이익분배,30,.003,"10,426.46",0.00,현금(배당소득),확정,정액,69000000,2026/01/05 ~ 2026/01/05,,
KR70097L0003,KIWOOM 한국고배당&미국AI테크,20251128,이익분배,30,.003,"10,444.38",0.00,현금(배당소득),확정,정액,69000000,2025/12/02 ~ 2025/12/02,,
KR70097L0003,KIWOOM 한국고배당&미국AI테크,20251031,이익분배,30,.003,"10,546.22",0.00,현금(배당소득),확정,정액,69000000,2025/11/04 ~ 2025/11/04,,
KR70097L0003,KIWOOM 한국고배당&미국AI테크,20250930,이익분배,30,.003,"10,294.95",0.00,현금(배당소득),확정,정액,75000000,2025/10/02 ~ 2025/10/02,,
KR70094L0006,RISE 차이나테크TOP10위클리타겟커버드콜,20260731,이익분배,83,.0083,"8,842.45",0.00,현금(배당소득),확정,정액,116200000,2026/08/04 ~ 2026/08/04,,
KR70094L0006,RISE 차이나테크TOP10위클리타겟커버드콜,20260630,이익분배,83,.0083,"8,618.67",0.00,현금(배당소득),확정,정액,116200000,2026/07/02 ~ 2026/07/02,,
KR70094L0006,RISE 차이나테크TOP10위클리타겟커버드콜,20260529,이익분배,84,.0084,"9,434.27",0.00,현금(배당소득),확정,정액,121800000,2026/06/02 ~ 2026/06/02,,
KR70094L0006,RISE 차이나테크TOP10위클리타겟커버드콜,20260430,이익분배,87,.0087,"9,571.73",0.00,현금(배당소득),확정,정액,126150000,2026/05/06 ~ 2026/05/06,,
KR70094L0006,RISE 차이나테크TOP10위클리타겟커버드콜,20260331,이익분배,89,.0089,"9,571.34",0.00,현금(배당소득),확정,정액,146850000,2026/04/02 ~ 2026/04/02,,
KR70094L0006,RISE 차이나테크TOP10위클리타겟커버드콜,20260227,이익분배,87,.0087,"9,257.35",0.00,현금(배당소득),확정,정액,143550000,2026/03/04 ~ 2026/03/04,,
KR70094L0006,RISE 차이나테크TOP10위클리타겟커버드콜,20260130,이익분배,101,.0101,"9,927.56",0.00,현금(배당소득),확정,정액,151500000,2026/02/03 ~ 2026/02/03,,
KR70094L0006,RISE 차이나테크TOP10위클리타겟커버드콜,20251230,이익분배,108,.0108,"10,118.60",0.00,현금(배당소득),확정,정액,151200000,2026/01/05 ~ 2026/01/05,,
KR70094L0006,RISE 차이나테크TOP10위클리타겟커버드콜,20251128,이익분배,87,.0087,"10,442.86",0.00,현금(배당소득),확정,정액,121800000,2025/12/02 ~ 2025/12/02,,
KR70094L0006,RISE 차이나테크TOP10위클리타겟커버드콜,20251031,이익분배,103,.0103,"11,053.21",0.00,현금(배당소득),확정,정액,139050000,2025/11/04 ~ 2025/11/04,,
KR70094L0006,RISE 차이나테크TOP10위클리타겟커버드콜,20250930,이익분배,102,.0102,"11,567.36",0.00,현금(배당소득),확정,정액,163200000,2025/10/02 ~ 2025/10/02,,
KR70053L0005,TIGER 차이나휴머노이드로봇,20260731,이익분배,38,.0038,"10,230.60",0.00,현금(배당소득),확정,정액,999400000,2026/08/04 ~ 2026/08/04,,
KR70053L0005,TIGER 차이나휴머노이드로봇,20260430,이익분배,12,.0012,"12,683.37",0.00,현금(배당소득),확정,정액,361800000,2026/05/06 ~ 2026/05/06,,
KR70053L0005,TIGER 차이나휴머노이드로봇,20260130,이익분배,12,.0012,"13,734.02",0.00,현금(배당소득),확정,정액,412200000,2026/02/03 ~ 2026/02/03,,
KR70053L0005,TIGER 차이나휴머노이드로봇,20251031,이익분배,14,.0014,"13,689.68",0.00,현금(배당소득),확정,정액,483700000,2025/11/04 ~ 2025/11/04,,
KR70053L0005,TIGER 차이나휴머노이드로봇,20250731,이익분배,12,.0012,"10,289.35",0.00,현금(배당소득),확정,정액,49800000,2025/08/04 ~ 2025/08/04,,
KR70041E0009,KODEX 미국S&P500액티브,20260731,이익분배,20,.002,"16,165.99",0.00,현금(배당소득),확정,정액,168000000,2026/08/04 ~ 2026/08/04,,
KR70041E0009,KODEX 미국S&P500액티브,20260430,이익분배,30,.003,"16,062.10",0.00,현금(배당소득),확정,정액,210000000,2026/05/06 ~ 2026/05/06,,
KR70041E0009,KODEX 미국S&P500액티브,20260130,이익분배,40,.004,"14,186.60",0.00,현금(배당소득),확정,정액,164000000,2026/02/03 ~ 2026/02/03,,
KR70041E0009,KODEX 미국S&P500액티브,20251031,이익분배,30,.003,"13,916.63",0.00,현금(배당소득),확정,정액,69000000,2025/11/04 ~ 2025/11/04,,
KR70041E0009,KODEX 미국S&P500액티브,20250731,이익분배,22,.0022,"12,220.16",0.00,현금(배당소득),확정,정액,44000000,2025/08/04 ~ 2025/08/04,,
KR70015F0000,KIWOOM 팔란티어미국30년국채혼합액티브(H),20260731,이익분배,20,.002,"9,988.91",0.00,현금(배당소득),확정,정액,26000000,2026/08/04 ~ 2026/08/04,,
KR70015F0000,KIWOOM 팔란티어미국30년국채혼합액티브(H),20260630,이익분배,20,.002,"9,913.66",0.00,현금(배당소득),확정,정액,28000000,2026/07/02 ~ 2026/07/02,,
KR70015F0000,KIWOOM 팔란티어미국30년국채혼합액티브(H),20260529,이익분배,20,.002,"10,186.16",0.00,현금(배당소득),확정,정액,32000000,2026/06/02 ~ 2026/06/02,,
KR70015F0000,KIWOOM 팔란티어미국30년국채혼합액티브(H),20260430,이익분배,20,.002,"10,377.41",0.00,현금(배당소득),확정,정액,36000000,2026/05/06 ~ 2026/05/06,,
KR70015F0000,KIWOOM 팔란티어미국30년국채혼합액티브(H),20260331,이익분배,20,.002,"10,445.27",0.00,현금(배당소득),확정,정액,36000000,2026/04/02 ~ 2026/04/02,,
KR70015F0000,KIWOOM 팔란티어미국30년국채혼합액티브(H),20260227,이익분배,20,.002,"10,403.54",0.00,현금(배당소득),확정,정액,38000000,2026/03/04 ~ 2026/03/04,,
KR70015F0000,KIWOOM 팔란티어미국30년국채혼합액티브(H),20260130,이익분배,20,.002,"10,835.99",0.00,현금(배당소득),확정,정액,40000000,2026/02/03 ~ 2026/02/03,,
KR70015F0000,KIWOOM 팔란티어미국30년국채혼합액티브(H),20251230,이익분배,20,.002,"11,272.74",0.00,현금(배당소득),확정,정액,42000000,2026/01/05 ~ 2026/01/05,,
KR70015F0000,KIWOOM 팔란티어미국30년국채혼합액티브(H),20251128,이익분배,20,.002,"11,028.99",0.00,현금(배당소득),확정,정액,44000000,2025/12/02 ~ 2025/12/02,,
KR70015F0000,KIWOOM 팔란티어미국30년국채혼합액티브(H),20251031,이익분배,20,.002,"11,568.09",0.00,현금(배당소득),확정,정액,42000000,2025/11/04 ~ 2025/11/04,,
KR70015F0000,KIWOOM 팔란티어미국30년국채혼합액티브(H),20250930,이익분배,20,.002,"11,145.20",0.00,현금(배당소득),확정,정액,42000000,2025/10/02 ~ 2025/10/02,,
KR70015F0000,KIWOOM 팔란티어미국30년국채혼합액티브(H),20250829,이익분배,20,.002,"10,678.16",0.00,현금(배당소득),확정,정액,38000000,2025/09/02 ~ 2025/09/02,,
KR70015F0000,KIWOOM 팔란티어미국30년국채혼합액티브(H),20250731,이익분배,20,.002,"10,584.81",0.00,현금(배당소득),확정,정액,36000000,2025/08/04 ~ 2025/08/04,,
KR70015F0000,KIWOOM 팔란티어미국30년국채혼합액티브(H),20250630,이익분배,20,.002,"10,464.77",0.00,현금(배당소득),확정,정액,34000000,2025/07/02 ~ 2025/07/02,,
KR70015F0000,KIWOOM 팔란티어미국30년국채혼합액티브(H),20250530,이익분배,20,.002,"9,984.22",0.00,현금(배당소득),확정,정액,34000000,2025/06/04 ~ 2025/06/04,,
KR70015F0000,KIWOOM 팔란티어미국30년국채혼합액티브(H),20250430,이익분배,15,.0015,"10,036.83",0.00,현금(배당소득),확정,정액,28500000,2025/05/07 ~ 2025/05/07,,
KR70015F0000,KIWOOM 팔란티어미국30년국채혼합액티브(H),20250331,이익분배,25,.0025,"9,628.35",0.00,현금(배당소득),확정,정액,42500000,2025/04/02 ~ 2025/04/02,,
KR70005A0007,KODEX 미국S&P500데일리커버드콜OTM,20260731,이익분배,126,.0126,"10,529.21",0.00,현금(배당소득),확정,정액,2507400000,2026/08/04 ~ 2026/08/04,,
KR70005A0007,KODEX 미국S&P500데일리커버드콜OTM,20260630,이익분배,132,.0132,"11,114.41",0.00,현금(배당소득),확정,정액,2402400000,2026/07/02 ~ 2026/07/02,,
KR70005A0007,KODEX 미국S&P500데일리커버드콜OTM,20260529,이익분배,131,.0131,"11,245.72",0.00,현금(배당소득),확정,정액,2200800000,2026/06/02 ~ 2026/06/02,,
KR70005A0007,KODEX 미국S&P500데일리커버드콜OTM,20260430,이익분배,124,.0124,"10,696.71",0.00,현금(배당소득),확정,정액,2145200000,2026/05/06 ~ 2026/05/06,,
KR70005A0007,KODEX 미국S&P500데일리커버드콜OTM,20260331,이익분배,121,.0121,"10,277.31",0.00,현금(배당소득),확정,정액,1972300000,2026/04/02 ~ 2026/04/02,,
KR70005A0007,KODEX 미국S&P500데일리커버드콜OTM,20260227,이익분배,119,.0119,"10,292.83",0.00,현금(배당소득),확정,정액,1832600000,2026/03/04 ~ 2026/03/04,,
KR70005A0007,KODEX 미국S&P500데일리커버드콜OTM,20260130,이익분배,123,.0123,"10,493.50",0.00,현금(배당소득),확정,정액,1795800000,2026/02/03 ~ 2026/02/03,,
KR70005A0007,KODEX 미국S&P500데일리커버드콜OTM,20251230,이익분배,125,.0125,"10,658.26",0.00,현금(배당소득),확정,정액,1487500000,2026/01/05 ~ 2026/01/05,,
KR70005A0007,KODEX 미국S&P500데일리커버드콜OTM,20251128,이익분배,122,.0122,"10,675.83",0.00,현금(배당소득),확정,정액,1427400000,2025/12/02 ~ 2025/12/02,,
KR70005A0007,KODEX 미국S&P500데일리커버드콜OTM,20251031,이익분배,120,.012,"10,764.60",0.00,현금(배당소득),확정,정액,1356000000,2025/11/04 ~ 2025/11/04,,
KR70005A0007,KODEX 미국S&P500데일리커버드콜OTM,20250930,이익분배,119,.0119,"10,297.62",0.00,현금(배당소득),확정,정액,1416100000,2025/10/02 ~ 2025/10/02,,
KR70005A0007,KODEX 미국S&P500데일리커버드콜OTM,20250829,이익분배,116,.0116,"10,085.44",0.00,현금(배당소득),확정,정액,1392000000,2025/09/02 ~ 2025/09/02,,
KR70005A0007,KODEX 미국S&P500데일리커버드콜OTM,20250731,이익분배,115,.0115,"10,090.64",0.00,현금(배당소득),확정,정액,1368500000,2025/08/04 ~ 2025/08/04,,
KR70005A0007,KODEX 미국S&P500데일리커버드콜OTM,20250630,이익분배,110,.011,"9,431.79",0.00,현금(배당소득),확정,정액,1331000000,2025/07/02 ~ 2025/07/02,,
KR70005A0007,KODEX 미국S&P500데일리커버드콜OTM,20250530,이익분배,108,.0108,"9,239.59",0.00,현금(배당소득),확정,정액,1231200000,2025/06/04 ~ 2025/06/04,,
KR70005A0007,KODEX 미국S&P500데일리커버드콜OTM,20250430,이익분배,105,.0105,"9,114.43",0.00,현금(배당소득),확정,정액,1270500000,2025/05/07 ~ 2025/05/07,,
KR70005A0007,KODEX 미국S&P500데일리커버드콜OTM,20250331,이익분배,120,.012,"9,784.51",0.00,현금(배당소득),확정,정액,1332000000,2025/04/02 ~ 2025/04/02,,
KR70005A0007,KODEX 미국S&P500데일리커버드콜OTM,20250228,이익분배,90,.009,"9,783.03",0.00,현금(배당소득),확정,정액,954000000,2025/03/05 ~ 2025/03/05,,
KR70005A0007,KODEX 미국S&P500데일리커버드콜OTM,20250131,이익분배,114,.0114,"10,010.14",0.00,현금(배당소득),확정,정액,1185600000,2025/02/04 ~ 2025/02/04,,
KR70132H0006,KODEX 미국원자력SMR,20260731,이익분배,4,.0004,"8,278.48",0.00,현금(배당소득),확정,정액,24000000,2026/08/04 ~ 2026/08/04,,
KR70132H0006,KODEX 미국원자력SMR,20260430,이익분배,8,.0008,"11,784.15",0.00,현금(배당소득),확정,정액,68000000,2026/05/06 ~ 2026/05/06,,
KR70132H0006,KODEX 미국원자력SMR,20260130,이익분배,4,.0004,"12,489.64",0.00,현금(배당소득),확정,정액,34600000,2026/02/03 ~ 2026/02/03,,
KR7494840002,TIGER 미국방산TOP10,20260731,이익분배,42,.0042,"14,222.11",0.00,현금(배당소득),확정,정액,149100000,2026/08/04 ~ 2026/08/04,,
KR7494840002,TIGER 미국방산TOP10,20260430,이익분배,40,.004,"13,290.25",0.00,현금(배당소득),확정,정액,208000000,2026/05/06 ~ 2026/05/06,,
KR7494840002,TIGER 미국방산TOP10,20260130,이익분배,40,.004,"14,638.24",0.00,현금(배당소득),확정,정액,174000000,2026/02/03 ~ 2026/02/03,,
KR7494840002,TIGER 미국방산TOP10,20251031,이익분배,36,.0036,"12,609.70",0.00,현금(배당소득),확정,정액,79200000,2025/11/04 ~ 2025/11/04,,
KR7494840002,TIGER 미국방산TOP10,20250731,이익분배,43,.0043,"11,241.65",0.00,현금(배당소득),확정,정액,79550000,2025/08/04 ~ 2025/08/04,,
KR7494840002,TIGER 미국방산TOP10,20250430,이익분배,27,.0027,"10,095.86",0.00,현금(배당소득),확정,정액,55350000,2025/05/07 ~ 2025/05/07,,
KR7494840002,TIGER 미국방산TOP10,20250131,이익분배,20,.002,"9,991.55",0.00,현금(배당소득),확정,정액,47000000,2025/02/04 ~ 2025/02/04,,
KR70219E0005,KODEX 200커버드콜액티브,20260731,이익분배,153,.01565014059554,"9,774.29",0.00,현금(배당소득),확정,정액,7894800000,2026/08/04 ~ 2026/08/04,,
KR7181480005,ACE 미국부동산리츠(합성 H),20260731,이익분배,245,.0049,"88,436.72",0.00,현금(배당소득),확정,정액,29400000,2026/08/04 ~ 2026/08/04,,
KR7181480005,ACE 미국부동산리츠(합성 H),20260630,이익분배,280,.0056,"85,900.13",0.00,현금(배당소득),확정,정액,33600000,2026/07/02 ~ 2026/07/02,,
KR7181480005,ACE 미국부동산리츠(합성 H),20260529,이익분배,210,.0042,"85,972.93",0.00,현금(배당소득),확정,정액,25200000,2026/06/02 ~ 2026/06/02,,
KR7181480005,ACE 미국부동산리츠(합성 H),20260430,이익분배,210,.0042,"84,406.19",0.00,현금(배당소득),확정,정액,25200000,2026/05/06 ~ 2026/05/06,,
KR7181480005,ACE 미국부동산리츠(합성 H),20260331,이익분배,220,.0044,"78,300.99",0.00,현금(배당소득),확정,정액,26400000,2026/04/02 ~ 2026/04/02,,
KR7181480005,ACE 미국부동산리츠(합성 H),20260227,이익분배,268,.00536,"84,753.44",0.00,현금(배당소득),확정,정액,32160000,2026/03/04 ~ 2026/03/04,,
KR7181480005,ACE 미국부동산리츠(합성 H),20260130,이익분배,250,.005,"81,029.90",0.00,현금(배당소득),확정,정액,30000000,2026/02/03 ~ 2026/02/03,,
KR7181480005,ACE 미국부동산리츠(합성 H),20251230,이익분배,220,.0044,"79,928.22",0.00,현금(배당소득),확정,정액,26400000,2026/01/05 ~ 2026/01/05,,
KR7181480005,ACE 미국부동산리츠(합성 H),20251128,이익분배,220,.0044,"81,205.57",0.00,현금(배당소득),확정,정액,26400000,2025/12/02 ~ 2025/12/02,,
KR7181480005,ACE 미국부동산리츠(합성 H),20251031,이익분배,260,.0052,"82,081.41",0.00,현금(배당소득),확정,정액,31200000,2025/11/04 ~ 2025/11/04,,
KR7181480005,ACE 미국부동산리츠(합성 H),20250930,이익분배,261,.00522,"81,780.20",0.00,현금(배당소득),확정,정액,31320000,2025/10/02 ~ 2025/10/02,,
KR7181480005,ACE 미국부동산리츠(합성 H),20250829,이익분배,250,.005,"82,773.99",0.00,현금(배당소득),확정,정액,30000000,2025/09/02 ~ 2025/09/02,,
KR7181480005,ACE 미국부동산리츠(합성 H),20250731,이익분배,280,.0056,"82,657.13",0.00,현금(배당소득),확정,정액,33600000,2025/08/04 ~ 2025/08/04,,
KR7181480005,ACE 미국부동산리츠(합성 H),20250630,이익분배,270,.0054,"81,466.31",0.00,현금(배당소득),확정,정액,32400000,2025/07/02 ~ 2025/07/02,,
KR7181480005,ACE 미국부동산리츠(합성 H),20250530,이익분배,221,.00442,"81,348.67",0.00,현금(배당소득),확정,정액,26520000,2025/06/04 ~ 2025/06/04,,
KR7181480005,ACE 미국부동산리츠(합성 H),20250430,이익분배,248,.00496,"80,389.87",0.00,현금(배당소득),확정,정액,29760000,2025/05/07 ~ 2025/05/07,,
KR7181480005,ACE 미국부동산리츠(합성 H),20250331,이익분배,241,.00482,"83,319.95",0.00,현금(배당소득),확정,정액,28920000,2025/04/02 ~ 2025/04/02,,
KR7181480005,ACE 미국부동산리츠(합성 H),20250228,이익분배,254,.00508,"85,635.41",0.00,현금(배당소득),확정,정액,30480000,2025/03/05 ~ 2025/03/05,,
KR7181480005,ACE 미국부동산리츠(합성 H),20250131,이익분배,250,.005,"82,525.74",0.00,현금(배당소득),확정,정액,30000000,2025/02/04 ~ 2025/02/04,,
KR7181480005,ACE 미국부동산리츠(합성 H),20241230,이익분배,280,.0056,"82,342.41",0.00,현금(배당소득),확정,정액,33600000,2025/01/03 ~ 2025/01/03,,
KR7181480005,ACE 미국부동산리츠(합성 H),20241129,이익분배,290,.0058,"89,998.24",0.00,현금(배당소득),확정,정액,46400000,2024/12/03 ~ 2024/12/03,,
KR7181480005,ACE 미국부동산리츠(합성 H),20241031,이익분배,303,.00606,"88,865.49",0.00,현금(배당소득),확정,정액,48480000,2024/11/04 ~ 2024/11/04,,
KR7181480005,ACE 미국부동산리츠(합성 H),20240930,이익분배,317,.00634,"90,226.25",0.00,현금(배당소득),확정,정액,50720000,2024/10/04 ~ 2024/10/04,,
KR7181480005,ACE 미국부동산리츠(합성 H),20240830,이익분배,300,.006,"87,727.97",0.00,현금(배당소득),확정,정액,48000000,2024/09/03 ~ 2024/09/03,,
KR7498610005,RISE 인도디지털성장,20260731,이익분배,55,.0055,"8,479.84",0.00,현금(배당소득),확정,정액,33000000,2026/08/04 ~ 2026/08/04,,
KR7498610005,RISE 인도디지털성장,20251230,이익분배,101,.0101,"10,673.06",0.00,현금(배당소득),확정,정액,60600000,2026/01/05 ~ 2026/01/05,,
KR7139280002,TIGER 경기방어,20260731,이익분배,12,.00146819522102,"8,206.75",0.00,현금(배당소득),확정,정액,40320000,2026/08/04 ~ 2026/08/04,,
KR7139280002,TIGER 경기방어,20260430,이익분배,120,.01468195221025,"8,304.45",0.00,현금(배당소득),확정,정액,472800000,2026/05/06 ~ 2026/05/06,,
KR7139280002,TIGER 경기방어,20251031,이익분배,45,.00550573207884,"8,212.06",0.00,현금(배당소득),확정,정액,242100000,2025/11/04 ~ 2025/11/04,,
KR7139280002,TIGER 경기방어,20250731,이익분배,25,.0030587400438,"8,220.63",0.00,현금(배당소득),확정,정액,147500000,2025/08/04 ~ 2025/08/04,,
KR7139280002,TIGER 경기방어,20250430,이익분배,95,.01162321216644,"8,305.74",0.00,현금(배당소득),확정,정액,592800000,2025/05/07 ~ 2025/05/07,,
KR7139280002,TIGER 경기방어,20241031,이익분배,30,.00367048805256,"8,224.49",0.00,현금(배당소득),확정,정액,193200000,2024/11/04 ~ 2024/11/04,,
KR7332610005,PLUS 미국단기회사채(AAA~A),20260731,이익분배,400,.004,"131,799.28",0.00,현금(배당소득),확정,정액,38400000,2026/08/04 ~ 2026/08/04,,
KR7332610005,PLUS 미국단기회사채(AAA~A),20260630,이익분배,414,.00414,"139,785.23",0.00,현금(배당소득),확정,정액,39744000,2026/07/02 ~ 2026/07/02,,
KR7332610005,PLUS 미국단기회사채(AAA~A),20260529,이익분배,398,.00398,"137,036.10",0.00,현금(배당소득),확정,정액,38208000,2026/06/02 ~ 2026/06/02,,
KR7332610005,PLUS 미국단기회사채(AAA~A),20260430,이익분배,392,.00392,"134,684.55",0.00,현금(배당소득),확정,정액,37632000,2026/05/06 ~ 2026/05/06,,
KR7332610005,PLUS 미국단기회사채(AAA~A),20260331,이익분배,382,.00382,"137,465.31",0.00,현금(배당소득),확정,정액,36672000,2026/04/02 ~ 2026/04/02,,
KR7332610005,PLUS 미국단기회사채(AAA~A),20260227,이익분배,397,.00397,"130,978.41",0.00,현금(배당소득),확정,정액,46052000,2026/03/04 ~ 2026/03/04,,
KR7332610005,PLUS 미국단기회사채(AAA~A),20260130,이익분배,402,.00402,"130,339.24",0.00,현금(배당소득),확정,정액,46632000,2026/02/03 ~ 2026/02/03,,
KR7332610005,PLUS 미국단기회사채(AAA~A),20251230,이익분배,406,.00406,"131,882.38",0.00,현금(배당소득),확정,정액,107996000,2026/01/05 ~ 2026/01/05,,
KR7332610005,PLUS 미국단기회사채(AAA~A),20251128,이익분배,404,.00404,"134,230.69",0.00,현금(배당소득),확정,정액,99384000,2025/12/02 ~ 2025/12/02,,
KR7332610005,PLUS 미국단기회사채(AAA~A),20251031,이익분배,395,.00395,"131,244.61",0.00,현금(배당소득),확정,정액,97170000,2025/11/04 ~ 2025/11/04,,
KR7332610005,PLUS 미국단기회사채(AAA~A),20250930,이익분배,382,.00382,"129,194.62",0.00,현금(배당소득),확정,정액,97792000,2025/10/02 ~ 2025/10/02,,
KR7332610005,PLUS 미국단기회사채(AAA~A),20250829,이익분배,381,.00381,"127,646.19",0.00,현금(배당소득),확정,정액,97536000,2025/09/02 ~ 2025/09/02,,
KR7332610005,PLUS 미국단기회사채(AAA~A),20250731,이익분배,377,.00377,"126,744.59",0.00,현금(배당소득),확정,정액,96512000,2025/08/04 ~ 2025/08/04,,
KR7332610005,PLUS 미국단기회사채(AAA~A),20250630,이익분배,377,.00377,"123,630.60",0.00,현금(배당소득),확정,정액,96512000,2025/07/02 ~ 2025/07/02,,
KR7332610005,PLUS 미국단기회사채(AAA~A),20250530,이익분배,374,.00374,"125,078.55",0.00,현금(배당소득),확정,정액,95744000,2025/06/04 ~ 2025/06/04,,
KR7332610005,PLUS 미국단기회사채(AAA~A),20250430,이익분배,386,.00386,"131,234.01",0.00,현금(배당소득),확정,정액,98816000,2025/05/07 ~ 2025/05/07,,
KR7332610005,PLUS 미국단기회사채(AAA~A),20250331,이익분배,398,.00398,"132,984.18",0.00,현금(배당소득),확정,정액,97908000,2025/04/02 ~ 2025/04/02,,
KR7316300003,ACE 싱가포르리츠,20260731,이익분배,65,.0065,"13,848.11",0.00,현금(배당소득),확정,정액,32500000,2026/08/04 ~ 2026/08/04,,
KR7316300003,ACE 싱가포르리츠,20260630,이익분배,68,.0068,"14,528.47",0.00,현금(배당소득),확정,정액,34000000,2026/07/02 ~ 2026/07/02,,
KR7316300003,ACE 싱가포르리츠,20260529,이익분배,67,.0067,"14,433.74",0.00,현금(배당소득),확정,정액,33500000,2026/06/02 ~ 2026/06/02,,
KR7316300003,ACE 싱가포르리츠,20260430,이익분배,64,.0064,"14,570.17",0.00,현금(배당소득),확정,정액,32000000,2026/05/06 ~ 2026/05/06,,
KR7316300003,ACE 싱가포르리츠,20260331,이익분배,61,.0061,"14,111.51",0.00,현금(배당소득),확정,정액,30500000,2026/04/02 ~ 2026/04/02,,
KR7316300003,ACE 싱가포르리츠,20260227,이익분배,69,.0069,"14,694.77",0.00,현금(배당소득),확정,정액,34500000,2026/03/04 ~ 2026/03/04,,
KR7316300003,ACE 싱가포르리츠,20260130,이익분배,57,.0057,"14,750.92",0.00,현금(배당소득),확정,정액,28500000,2026/02/03 ~ 2026/02/03,,
KR7316300003,ACE 싱가포르리츠,20251230,이익분배,69,.0069,"14,419.49",0.00,현금(배당소득),확정,정액,34500000,2026/01/05 ~ 2026/01/05,,
KR7316300003,ACE 싱가포르리츠,20251128,이익분배,69,.0069,"14,611.09",0.00,현금(배당소득),확정,정액,34500000,2025/12/02 ~ 2025/12/02,,
KR7316300003,ACE 싱가포르리츠,20251031,이익분배,65,.0065,"14,768.27",0.00,현금(배당소득),확정,정액,32500000,2025/11/04 ~ 2025/11/04,,
KR7316300003,ACE 싱가포르리츠,20250930,이익분배,61,.0061,"14,011.07",0.00,현금(배당소득),확정,정액,30500000,2025/10/02 ~ 2025/10/02,,
KR7316300003,ACE 싱가포르리츠,20250829,이익분배,57,.0057,"13,624.56",0.00,현금(배당소득),확정,정액,28500000,2025/09/02 ~ 2025/09/02,,
KR7316300003,ACE 싱가포르리츠,20250731,이익분배,60,.006,"13,223.58",0.00,현금(배당소득),확정,정액,30000000,2025/08/04 ~ 2025/08/04,,
KR7316300003,ACE 싱가포르리츠,20250630,이익분배,57,.0057,"12,508.63",0.00,현금(배당소득),확정,정액,28500000,2025/07/02 ~ 2025/07/02,,
KR7316300003,ACE 싱가포르리츠,20250530,이익분배,50,.005,"12,192.42",0.00,현금(배당소득),확정,정액,25000000,2025/06/04 ~ 2025/06/04,,
KR7316300003,ACE 싱가포르리츠,20250430,이익분배,56,.0056,"12,846.19",0.00,현금(배당소득),확정,정액,28000000,2025/05/07 ~ 2025/05/07,,
KR7316300003,ACE 싱가포르리츠,20250331,이익분배,56,.0056,"13,310.97",0.00,현금(배당소득),확정,정액,28000000,2025/04/02 ~ 2025/04/02,,
KR7316300003,ACE 싱가포르리츠,20250228,이익분배,55,.0055,"12,403.65",0.00,현금(배당소득),확정,정액,27500000,2025/03/05 ~ 2025/03/05,,
KR7316300003,ACE 싱가포르리츠,20250131,이익분배,60,.006,"12,558.04",0.00,현금(배당소득),확정,정액,30000000,2025/02/04 ~ 2025/02/04,,
KR7316300003,ACE 싱가포르리츠,20241230,이익분배,55,.0055,"12,800.47",0.00,현금(배당소득),확정,정액,27500000,2025/01/03 ~ 2025/01/03,,
KR7316300003,ACE 싱가포르리츠,20241129,이익분배,54,.0054,"12,478.20",0.00,현금(배당소득),확정,정액,27000000,2024/12/03 ~ 2024/12/03,,
KR7316300003,ACE 싱가포르리츠,20241031,이익분배,58,.0058,"13,396.14",0.00,현금(배당소득),확정,정액,29000000,2024/11/04 ~ 2024/11/04,,
KR7316300003,ACE 싱가포르리츠,20240930,이익분배,60,.006,"13,742.64",0.00,현금(배당소득),확정,정액,30000000,2024/10/04 ~ 2024/10/04,,
KR7316300003,ACE 싱가포르리츠,20240830,이익분배,55,.0055,"13,198.67",0.00,현금(배당소득),확정,정액,27500000,2024/09/03 ~ 2024/09/03,,
KR70013R0008,RISE 테슬라미국채타겟커버드콜혼합(합성),20260731,이익분배,102,.0102,"9,010.07",0.00,현금(배당소득),확정,정액,346800000,2026/08/04 ~ 2026/08/04,,
KR70013R0008,RISE 테슬라미국채타겟커버드콜혼합(합성),20260630,이익분배,121,.0121,"10,302.47",0.00,현금(배당소득),확정,정액,435600000,2026/07/02 ~ 2026/07/02,,
KR70013R0008,RISE 테슬라미국채타겟커버드콜혼합(합성),20260529,이익분배,120,.012,"10,395.04",0.00,현금(배당소득),확정,정액,456000000,2026/06/02 ~ 2026/06/02,,
KR70013R0008,RISE 테슬라미국채타겟커버드콜혼합(합성),20260430,이익분배,112,.0112,"9,945.58",0.00,현금(배당소득),확정,정액,425600000,2026/05/06 ~ 2026/05/06,,
KR70013R0008,RISE 테슬라미국채타겟커버드콜혼합(합성),20260331,이익분배,106,.0106,"10,179.48",0.00,현금(배당소득),확정,정액,402800000,2026/04/02 ~ 2026/04/02,,
KR70013R0008,RISE 테슬라미국채타겟커버드콜혼합(합성),20260227,이익분배,120,.012,"10,262.34",0.00,현금(배당소득),확정,정액,456000000,2026/03/04 ~ 2026/03/04,,
KR70013R0008,RISE 테슬라미국채타겟커버드콜혼합(합성),20260130,이익분배,125,.0125,"10,277.41",0.00,현금(배당소득),확정,정액,475000000,2026/02/03 ~ 2026/02/03,,
KR70013R0008,RISE 테슬라미국채타겟커버드콜혼합(합성),20251230,이익분배,110,.011,"10,852.10",0.00,현금(배당소득),확정,정액,363000000,2026/01/05 ~ 2026/01/05,,
KR70013R0008,RISE 테슬라미국채타겟커버드콜혼합(합성),20251128,이익분배,109,.0109,"10,852.59",0.00,현금(배당소득),확정,정액,359700000,2025/12/02 ~ 2025/12/02,,
KR70013R0008,RISE 테슬라미국채타겟커버드콜혼합(합성),20251031,이익분배,132,.0132,"11,084.27",0.00,현금(배당소득),확정,정액,369600000,2025/11/04 ~ 2025/11/04,,
KR70013R0008,RISE 테슬라미국채타겟커버드콜혼합(합성),20250930,이익분배,140,.014,"10,547.32",0.00,현금(배당소득),확정,정액,252000000,2025/10/02 ~ 2025/10/02,,
KR70013R0008,RISE 테슬라미국채타겟커버드콜혼합(합성),20250829,이익분배,127,.0127,"9,813.28",0.00,현금(배당소득),확정,정액,228600000,2025/09/02 ~ 2025/09/02,,
KR70013R0008,RISE 테슬라미국채타겟커버드콜혼합(합성),20250731,이익분배,118,.0118,"9,464.81",0.00,현금(배당소득),확정,정액,212400000,2025/08/04 ~ 2025/08/04,,
KR70013R0008,RISE 테슬라미국채타겟커버드콜혼합(합성),20250630,이익분배,109,.0109,"9,299.78",0.00,현금(배당소득),확정,정액,196200000,2025/07/02 ~ 2025/07/02,,
KR70013R0008,RISE 테슬라미국채타겟커버드콜혼합(합성),20250530,이익분배,113,.0113,"9,490.03",0.00,현금(배당소득),확정,정액,203400000,2025/06/04 ~ 2025/06/04,,
KR70013R0008,RISE 테슬라미국채타겟커버드콜혼합(합성),20250430,이익분배,112,.0112,"9,530.92",0.00,현금(배당소득),확정,정액,145600000,2025/05/07 ~ 2025/05/07,,
KR70013R0008,RISE 테슬라미국채타겟커버드콜혼합(합성),20250331,이익분배,170,.017,"9,496.96",0.00,현금(배당소득),확정,정액,221000000,2025/04/02 ~ 2025/04/02,,
KR70085P0003,ACE 미국10년국채액티브,20260731,이익분배,31,.0031,"10,366.93",0.00,현금(배당소득),확정,정액,325500000,2026/08/04 ~ 2026/08/04,,
KR70085P0003,ACE 미국10년국채액티브,20260630,이익분배,32,.0032,"11,150.35",0.00,현금(배당소득),확정,정액,307200000,2026/07/02 ~ 2026/07/02,,
KR70085P0003,ACE 미국10년국채액티브,20260529,이익분배,30,.003,"10,829.15",0.00,현금(배당소득),확정,정액,270000000,2026/06/02 ~ 2026/06/02,,
KR70085P0003,ACE 미국10년국채액티브,20260430,이익분배,30,.003,"10,727.77",0.00,현금(배당소득),확정,정액,267000000,2026/05/06 ~ 2026/05/06,,
KR70085P0003,ACE 미국10년국채액티브,20260331,이익분배,30,.003,"10,914.57",0.00,현금(배당소득),확정,정액,267000000,2026/04/02 ~ 2026/04/02,,
KR70085P0003,ACE 미국10년국채액티브,20260227,이익분배,30,.003,"10,623.75",0.00,현금(배당소득),확정,정액,273000000,2026/03/04 ~ 2026/03/04,,
KR70085P0003,ACE 미국10년국채액티브,20260130,이익분배,32,.0032,"10,441.35",0.00,현금(배당소득),확정,정액,243200000,2026/02/03 ~ 2026/02/03,,
KR70085P0003,ACE 미국10년국채액티브,20251230,이익분배,33,.0033,"10,618.85",0.00,현금(배당소득),확정,정액,181500000,2026/01/05 ~ 2026/01/05,,
KR70085P0003,ACE 미국10년국채액티브,20251128,이익분배,33,.0033,"10,910.26",0.00,현금(배당소득),확정,정액,138600000,2025/12/02 ~ 2025/12/02,,
KR70085P0003,ACE 미국10년국채액티브,20251031,이익분배,34,.0034,"10,699.36",0.00,현금(배당소득),확정,정액,98600000,2025/11/04 ~ 2025/11/04,,
KR70085P0003,ACE 미국10년국채액티브,20250930,이익분배,30,.003,"10,404.58",0.00,현금(배당소득),확정,정액,84000000,2025/10/02 ~ 2025/10/02,,
KR70085P0003,ACE 미국10년국채액티브,20250829,이익분배,32,.0032,"10,205.02",0.00,현금(배당소득),확정,정액,57600000,2025/09/02 ~ 2025/09/02,,
KR70085N0005,ACE 미국10년국채액티브(H),20260731,이익분배,32,.0032,"9,893.14",0.00,현금(배당소득),확정,정액,118400000,2026/08/04 ~ 2026/08/04,,
KR70085N0005,ACE 미국10년국채액티브(H),20260630,이익분배,32,.0032,"10,060.03",0.00,현금(배당소득),확정,정액,118400000,2026/07/02 ~ 2026/07/02,,
KR70085N0005,ACE 미국10년국채액티브(H),20260529,이익분배,29,.0029,"9,946.03",0.00,현금(배당소득),확정,정액,104400000,2026/06/02 ~ 2026/06/02,,
KR70085N0005,ACE 미국10년국채액티브(H),20260430,이익분배,30,.003,"10,041.22",0.00,현금(배당소득),확정,정액,357000000,2026/05/06 ~ 2026/05/06,,
KR70085N0005,ACE 미국10년국채액티브(H),20260331,이익분배,29,.0029,"9,960.27",0.00,현금(배당소득),확정,정액,374100000,2026/04/02 ~ 2026/04/02,,
KR70085N0005,ACE 미국10년국채액티브(H),20260227,이익분배,29,.0029,"10,234.38",0.00,현금(배당소득),확정,정액,342200000,2026/03/04 ~ 2026/03/04,,
KR70085N0005,ACE 미국10년국채액티브(H),20260130,이익분배,30,.003,"10,112.43",0.00,현금(배당소득),확정,정액,333000000,2026/02/03 ~ 2026/02/03,,
KR70085N0005,ACE 미국10년국채액티브(H),20251230,이익분배,30,.003,"10,164.13",0.00,현금(배당소득),확정,정액,54000000,2026/01/05 ~ 2026/01/05,,
KR70085N0005,ACE 미국10년국채액티브(H),20251128,이익분배,31,.0031,"10,285.87",0.00,현금(배당소득),확정,정액,62000000,2025/12/02 ~ 2025/12/02,,
KR70085N0005,ACE 미국10년국채액티브(H),20251031,이익분배,32,.0032,"10,334.72",0.00,현금(배당소득),확정,정액,44800000,2025/11/04 ~ 2025/11/04,,
KR70085N0005,ACE 미국10년국채액티브(H),20250930,이익분배,30,.003,"10,197.44",0.00,현금(배당소득),확정,정액,63000000,2025/10/02 ~ 2025/10/02,,
KR70085N0005,ACE 미국10년국채액티브(H),20250829,이익분배,32,.0032,"10,131.29",0.00,현금(배당소득),확정,정액,44800000,2025/09/02 ~ 2025/09/02,,
KR70084E0007,KIWOOM 미국대형주500월간목표헤지액티브,20260731,이익분배,16,.0016,"10,650.87",0.00,현금(배당소득),확정,정액,17600000,2026/08/04 ~ 2026/08/04,,
KR70084E0007,KIWOOM 미국대형주500월간목표헤지액티브,20260630,이익분배,16,.0016,"11,333.52",0.00,현금(배당소득),확정,정액,20000000,2026/07/02 ~ 2026/07/02,,
KR70084E0007,KIWOOM 미국대형주500월간목표헤지액티브,20260529,이익분배,16,.0016,"11,242.99",0.00,현금(배당소득),확정,정액,23200000,2026/06/02 ~ 2026/06/02,,
KR70084E0007,KIWOOM 미국대형주500월간목표헤지액티브,20260430,이익분배,16,.0016,"10,689.87",0.00,현금(배당소득),확정,정액,29600000,2026/05/06 ~ 2026/05/06,,
KR70084E0007,KIWOOM 미국대형주500월간목표헤지액티브,20260331,이익분배,16,.0016,"10,252.12",0.00,현금(배당소득),확정,정액,48000000,2026/04/02 ~ 2026/04/02,,
KR70084E0007,KIWOOM 미국대형주500월간목표헤지액티브,20260227,이익분배,16,.0016,"9,919.52",0.00,현금(배당소득),확정,정액,48000000,2026/03/04 ~ 2026/03/04,,
KR70084E0007,KIWOOM 미국대형주500월간목표헤지액티브,20260130,이익분배,16,.0016,"9,989.84",0.00,현금(배당소득),확정,정액,45600000,2026/02/03 ~ 2026/02/03,,
KR70084E0007,KIWOOM 미국대형주500월간목표헤지액티브,20251230,이익분배,16,.0016,"10,149.22",0.00,현금(배당소득),확정,정액,30400000,2026/01/05 ~ 2026/01/05,,
KR70084E0007,KIWOOM 미국대형주500월간목표헤지액티브,20251128,이익분배,20,.002,"10,301.65",0.00,현금(배당소득),확정,정액,23000000,2025/12/02 ~ 2025/12/02,,
KR7381560002,HANARO Fn전기&수소차,20260731,이익분배,30,.00294068059112,"10,235.68",0.00,현금(배당소득),확정,정액,33000000,2026/08/04 ~ 2026/08/04,,
KR7381560002,HANARO Fn전기&수소차,20260430,이익분배,60,.00588136118223,"10,307.47",0.00,현금(배당소득),확정,정액,165000000,2026/05/06 ~ 2026/05/06,,
KR7381560002,HANARO Fn전기&수소차,20250731,이익분배,20,.00196045372741,"10,240.61",0.00,현금(배당소득),확정,정액,42000000,2025/08/04 ~ 2025/08/04,,
KR7381560002,HANARO Fn전기&수소차,20250430,이익분배,85,.0083319283415,"10,320.88",0.00,현금(배당소득),확정,정액,191250000,2025/05/07 ~ 2025/05/07,,
KR7381560002,HANARO Fn전기&수소차,20241031,이익분배,10,.00098022686371,"10,220.55",0.00,현금(배당소득),확정,정액,22500000,2024/11/04 ~ 2024/11/04,,
KR70115E0000,KODEX 코리아소버린AI,20260731,이익분배,25,.0024549902095,"10,209.89",0.00,현금(배당소득),확정,정액,117500000,2026/08/04 ~ 2026/08/04,,
KR70115E0000,KODEX 코리아소버린AI,20260430,이익분배,41,.00402618394358,"10,251.75",0.00,현금(배당소득),확정,정액,291100000,2026/05/06 ~ 2026/05/06,,
KR7463680009,KODEX 미국S&P500테크놀로지,20260731,이익분배,23,.0023,"21,392.84",0.00,현금(배당소득),확정,정액,121900000,2026/08/04 ~ 2026/08/04,,
KR7463680009,KODEX 미국S&P500테크놀로지,20260430,이익분배,26,.0026,"20,483.81",0.00,현금(배당소득),확정,정액,94900000,2026/05/06 ~ 2026/05/06,,
KR7463680009,KODEX 미국S&P500테크놀로지,20260130,이익분배,30,.003,"18,310.97",0.00,현금(배당소득),확정,정액,112500000,2026/02/03 ~ 2026/02/03,,
KR7463680009,KODEX 미국S&P500테크놀로지,20251031,이익분배,23,.0023,"18,814.44",0.00,현금(배당소득),확정,정액,60950000,2025/11/04 ~ 2025/11/04,,
KR7463680009,KODEX 미국S&P500테크놀로지,20250731,이익분배,22,.0022,"16,063.19",0.00,현금(배당소득),확정,정액,35200000,2025/08/04 ~ 2025/08/04,,
KR7463680009,KODEX 미국S&P500테크놀로지,20250430,이익분배,23,.0023,"13,183.87",0.00,현금(배당소득),확정,정액,36800000,2025/05/07 ~ 2025/05/07,,
KR7463680009,KODEX 미국S&P500테크놀로지,20250131,이익분배,14,.0014,"15,224.45",0.00,현금(배당소득),확정,정액,21000000,2025/02/04 ~ 2025/02/04,,
KR7463680009,KODEX 미국S&P500테크놀로지,20241031,이익분배,12,.0012,"14,028.31",0.00,현금(배당소득),확정,정액,16200000,2024/11/04 ~ 2024/11/04,,
KR7433970001,KODEX TDF2030액티브 적격,20260731,이익분배,66,.0066,"13,840.89",0.00,현금(배당소득),확정,정액,438900000,2026/08/04 ~ 2026/08/04,,
KR7433970001,KODEX TDF2030액티브 적격,20260430,이익분배,32,.0032,"13,947.78",0.00,현금(배당소득),확정,정액,195200000,2026/05/06 ~ 2026/05/06,,
KR7433970001,KODEX TDF2030액티브 적격,20260130,이익분배,88,.0088,"13,717.52",0.00,현금(배당소득),확정,정액,519200000,2026/02/03 ~ 2026/02/03,,
KR7433970001,KODEX TDF2030액티브 적격,20251031,이익분배,60,.006,"13,845.75",0.00,현금(배당소득),확정,정액,279000000,2025/11/04 ~ 2025/11/04,,
KR7433970001,KODEX TDF2030액티브 적격,20250731,이익분배,50,.005,"13,257.94",0.00,현금(배당소득),확정,정액,190000000,2025/08/04 ~ 2025/08/04,,
KR7433970001,KODEX TDF2030액티브 적격,20250430,이익분배,50,.005,"12,912.68",0.00,현금(배당소득),확정,정액,137500000,2025/05/07 ~ 2025/05/07,,
KR7433970001,KODEX TDF2030액티브 적격,20250131,이익분배,80,.008,"13,063.06",0.00,현금(배당소득),확정,정액,160000000,2025/02/04 ~ 2025/02/04,,
KR7433970001,KODEX TDF2030액티브 적격,20241031,이익분배,80,.008,"12,605.81",0.00,현금(배당소득),확정,정액,124000000,2024/11/04 ~ 2024/11/04,,
KR70036Z0001,RISE 미국천연가스밸류체인,20260731,이익분배,250,.025,"13,036.84",0.00,현금(배당소득),확정,정액,137500000,2026/08/04 ~ 2026/08/04,,
KR70036Z0001,RISE 미국천연가스밸류체인,20251230,이익분배,254,.0254,"10,721.13",0.00,현금(배당소득),확정,정액,254000000,2026/01/05 ~ 2026/01/05,,
KR7476750005,ACE 미국30년국채엔화노출액티브(H),20260731,이익분배,22,.0022,"8,324.94",0.00,현금(배당소득),확정,정액,178200000,2026/08/04 ~ 2026/08/04,,
KR7476750005,ACE 미국30년국채엔화노출액티브(H),20260630,이익분배,22,.0022,"9,183.63",0.00,현금(배당소득),확정,정액,176000000,2026/07/02 ~ 2026/07/02,,
KR7476750005,ACE 미국30년국채엔화노출액티브(H),20260529,이익분배,21,.0021,"8,899.16",0.00,현금(배당소득),확정,정액,193200000,2026/06/02 ~ 2026/06/02,,
KR7476750005,ACE 미국30년국채엔화노출액티브(H),20260430,이익분배,20,.002,"8,817.49",0.00,현금(배당소득),확정,정액,192000000,2026/05/06 ~ 2026/05/06,,
KR7476750005,ACE 미국30년국채엔화노출액티브(H),20260331,이익분배,18,.0018,"9,065.77",0.00,현금(배당소득),확정,정액,183600000,2026/04/02 ~ 2026/04/02,,
KR7476750005,ACE 미국30년국채엔화노출액티브(H),20260227,이익분배,18,.0018,"9,109.94",0.00,현금(배당소득),확정,정액,199800000,2026/03/04 ~ 2026/03/04,,
KR7476750005,ACE 미국30년국채엔화노출액티브(H),20260130,이익분배,21,.0021,"9,071.62",0.00,현금(배당소득),확정,정액,260400000,2026/02/03 ~ 2026/02/03,,
KR7476750005,ACE 미국30년국채엔화노출액티브(H),20251230,이익분배,22,.0022,"9,027.20",0.00,현금(배당소득),확정,정액,246400000,2026/01/05 ~ 2026/01/05,,
KR7476750005,ACE 미국30년국채엔화노출액티브(H),20251128,이익분배,23,.0023,"9,399.38",0.00,현금(배당소득),확정,정액,246100000,2025/12/02 ~ 2025/12/02,,
KR7476750005,ACE 미국30년국채엔화노출액티브(H),20251031,이익분배,25,.0025,"9,619.07",0.00,현금(배당소득),확정,정액,287500000,2025/11/04 ~ 2025/11/04,,
KR7476750005,ACE 미국30년국채엔화노출액티브(H),20250930,이익분배,23,.0023,"9,323.38",0.00,현금(배당소득),확정,정액,289800000,2025/10/02 ~ 2025/10/02,,
KR7476750005,ACE 미국30년국채엔화노출액티브(H),20250829,이익분배,22,.0022,"9,095.74",0.00,현금(배당소득),확정,정액,290400000,2025/09/02 ~ 2025/09/02,,
KR7476750005,ACE 미국30년국채엔화노출액티브(H),20250731,이익분배,22,.0022,"8,979.28",0.00,현금(배당소득),확정,정액,299200000,2025/08/04 ~ 2025/08/04,,
KR7476750005,ACE 미국30년국채엔화노출액티브(H),20250630,이익분배,22,.0022,"9,178.71",0.00,현금(배당소득),확정,정액,290400000,2025/07/02 ~ 2025/07/02,,
KR7476750005,ACE 미국30년국채엔화노출액티브(H),20250530,이익분배,23,.0023,"9,120.70",0.00,현금(배당소득),확정,정액,296700000,2025/06/04 ~ 2025/06/04,,
KR7476750005,ACE 미국30년국채엔화노출액티브(H),20250430,이익분배,24,.0024,"9,935.64",0.00,현금(배당소득),확정,정액,264000000,2025/05/07 ~ 2025/05/07,,
KR7476750005,ACE 미국30년국채엔화노출액티브(H),20250331,이익분배,24,.0024,"9,724.37",0.00,현금(배당소득),확정,정액,259200000,2025/04/02 ~ 2025/04/02,,
KR7476750005,ACE 미국30년국채엔화노출액티브(H),20250228,이익분배,25,.0025,"9,775.27",0.00,현금(배당소득),확정,정액,305000000,2025/03/05 ~ 2025/03/05,,
KR7476750005,ACE 미국30년국채엔화노출액티브(H),20250131,이익분배,25,.0025,"9,035.32",0.00,현금(배당소득),확정,정액,322500000,2025/02/04 ~ 2025/02/04,,
KR7476750005,ACE 미국30년국채엔화노출액티브(H),20241230,이익분배,20,.002,"9,233.28",0.00,현금(배당소득),확정,정액,234000000,2025/01/03 ~ 2025/01/03,,
KR7476750005,ACE 미국30년국채엔화노출액티브(H),20241129,이익분배,20,.002,"9,572.00",0.00,현금(배당소득),확정,정액,244000000,2024/12/03 ~ 2024/12/03,,
KR7476750005,ACE 미국30년국채엔화노출액티브(H),20241031,이익분배,20,.002,"9,417.94",0.00,현금(배당소득),확정,정액,232000000,2024/11/04 ~ 2024/11/04,,
KR7476750005,ACE 미국30년국채엔화노출액티브(H),20240930,이익분배,22,.0022,"10,246.17",0.00,현금(배당소득),확정,정액,217800000,2024/10/04 ~ 2024/10/04,,
KR7476750005,ACE 미국30년국채엔화노출액티브(H),20240830,이익분배,21,.0021,"10,406.87",0.00,현금(배당소득),확정,정액,205800000,2024/09/03 ~ 2024/09/03,,
KR7496080003,TIGER 코리아밸류업,20260731,이익분배,28,.00289617921557,"9,821.76",0.00,현금(배당소득),확정,정액,470400000,2026/08/04 ~ 2026/08/04,,
KR7496080003,TIGER 코리아밸류업,20260630,이익분배,28,.00289617921557,"9,829.10",0.00,현금(배당소득),확정,정액,434000000,2026/07/02 ~ 2026/07/02,,
KR7496080003,TIGER 코리아밸류업,20260529,이익분배,28,.00289617921557,"9,842.96",0.00,현금(배당소득),확정,정액,463400000,2026/06/02 ~ 2026/06/02,,
KR7496080003,TIGER 코리아밸류업,20260430,이익분배,28,.00289617921557,"9,845.97",0.00,현금(배당소득),확정,정액,421400000,2026/05/06 ~ 2026/05/06,,
KR7496080003,TIGER 코리아밸류업,20260331,이익분배,28,.00289617921557,"9,843.97",0.00,현금(배당소득),확정,정액,505400000,2026/04/02 ~ 2026/04/02,,
KR7496080003,TIGER 코리아밸류업,20260227,이익분배,28,.00289617921557,"9,750.95",0.00,현금(배당소득),확정,정액,450800000,2026/03/04 ~ 2026/03/04,,
KR7496080003,TIGER 코리아밸류업,20260130,이익분배,24,.00248243932763,"9,759.40",0.00,현금(배당소득),확정,정액,237600000,2026/02/03 ~ 2026/02/03,,
KR7496080003,TIGER 코리아밸류업,20251230,이익분배,20,.00206869943969,"9,749.32",0.00,현금(배당소득),확정,정액,184000000,2026/01/05 ~ 2026/01/05,,
KR7496080003,TIGER 코리아밸류업,20251128,이익분배,20,.00206869943969,"9,759.95",0.00,현금(배당소득),확정,정액,188000000,2025/12/02 ~ 2025/12/02,,
KR7496080003,TIGER 코리아밸류업,20251031,이익분배,20,.00206869943969,"9,760.35",0.00,현금(배당소득),확정,정액,168000000,2025/11/04 ~ 2025/11/04,,
KR7496080003,TIGER 코리아밸류업,20250930,이익분배,20,.00206869943969,"9,770.10",0.00,현금(배당소득),확정,정액,180000000,2025/10/02 ~ 2025/10/02,,
KR7496080003,TIGER 코리아밸류업,20250829,이익분배,20,.00206869943969,"9,778.29",0.00,현금(배당소득),확정,정액,204000000,2025/09/02 ~ 2025/09/02,,
KR7496080003,TIGER 코리아밸류업,20250731,이익분배,20,.00206869943969,"9,776.05",0.00,현금(배당소득),확정,정액,216000000,2025/08/04 ~ 2025/08/04,,
KR7496080003,TIGER 코리아밸류업,20250630,이익분배,20,.00206869943969,"9,782.50",0.00,현금(배당소득),확정,정액,234000000,2025/07/02 ~ 2025/07/02,,
KR7496080003,TIGER 코리아밸류업,20250530,이익분배,20,.00206869943969,"9,790.62",0.00,현금(배당소득),확정,정액,307000000,2025/06/04 ~ 2025/06/04,,
KR7496080003,TIGER 코리아밸류업,20250430,이익분배,20,.00206869943969,"9,793.30",0.00,현금(배당소득),확정,정액,306000000,2025/05/07 ~ 2025/05/07,,
KR7496080003,TIGER 코리아밸류업,20250331,이익분배,20,.00206869943969,"9,793.55",0.00,현금(배당소득),확정,정액,282000000,2025/04/02 ~ 2025/04/02,,
KR7496080003,TIGER 코리아밸류업,20250228,이익분배,20,.00206869943969,"9,692.50",0.00,현금(배당소득),확정,정액,282000000,2025/03/05 ~ 2025/03/05,,
KR7496080003,TIGER 코리아밸류업,20250131,이익분배,20,.00206869943969,"9,701.92",0.00,현금(배당소득),확정,정액,290000000,2025/02/04 ~ 2025/02/04,,
KR7485540009,KODEX 미국AI테크TOP10,20260731,이익분배,19,.0019,"14,456.71",0.00,현금(배당소득),확정,정액,375250000,2026/08/04 ~ 2026/08/04,,
KR7485540009,KODEX 미국AI테크TOP10,20260430,이익분배,16,.0016,"16,068.73",0.00,현금(배당소득),확정,정액,317600000,2026/05/06 ~ 2026/05/06,,
KR7485540009,KODEX 미국AI테크TOP10,20260130,이익분배,14,.0014,"14,817.08",0.00,현금(배당소득),확정,정액,298900000,2026/02/03 ~ 2026/02/03,,
KR7485540009,KODEX 미국AI테크TOP10,20251031,이익분배,11,.0011,"15,076.59",0.00,현금(배당소득),확정,정액,193600000,2025/11/04 ~ 2025/11/04,,
KR7485540009,KODEX 미국AI테크TOP10,20250731,이익분배,12,.0012,"12,532.41",0.00,현금(배당소득),확정,정액,139200000,2025/08/04 ~ 2025/08/04,,
KR7485540009,KODEX 미국AI테크TOP10,20250430,이익분배,10,.001,"9,922.88",0.00,현금(배당소득),확정,정액,120500000,2025/05/07 ~ 2025/05/07,,
KR7485540009,KODEX 미국AI테크TOP10,20250131,이익분배,10,.001,"11,900.53",0.00,현금(배당소득),확정,정액,113000000,2025/02/04 ~ 2025/02/04,,
KR7485540009,KODEX 미국AI테크TOP10,20241031,이익분배,10,.001,"10,382.44",0.00,현금(배당소득),확정,정액,67000000,2024/11/04 ~ 2024/11/04,,
KR70048K0004,KODEX 차이나휴머노이드로봇,20260731,이익분배,23,.0023,"8,575.39",0.00,현금(배당소득),확정,정액,392150000,2026/08/04 ~ 2026/08/04,,
KR70048K0004,KODEX 차이나휴머노이드로봇,20260430,이익분배,21,.0021,"10,202.84",0.00,현금(배당소득),확정,정액,448350000,2026/05/06 ~ 2026/05/06,,
KR70048K0004,KODEX 차이나휴머노이드로봇,20260130,이익분배,8,.0008,"11,745.96",0.00,현금(배당소득),확정,정액,181600000,2026/02/03 ~ 2026/02/03,,
KR70048K0004,KODEX 차이나휴머노이드로봇,20251031,이익분배,6,.0006,"11,247.45",0.00,현금(배당소득),확정,정액,132000000,2025/11/04 ~ 2025/11/04,,
KR70048K0004,KODEX 차이나휴머노이드로봇,20250731,이익분배,33,.0033,"9,429.77",0.00,현금(배당소득),확정,정액,252450000,2025/08/04 ~ 2025/08/04,,
KR7479730004,TIGER 인도빌리언컨슈머,20260731,이익분배,34,.0034,"10,429.18",0.00,현금(배당소득),확정,정액,204000000,2026/08/04 ~ 2026/08/04,,
KR7479730004,TIGER 인도빌리언컨슈머,20260430,이익분배,13,.0013,"10,312.52",0.00,현금(배당소득),확정,정액,131300000,2026/05/06 ~ 2026/05/06,,
KR7479730004,TIGER 인도빌리언컨슈머,20260130,이익분배,15,.0015,"10,396.54",0.00,현금(배당소득),확정,정액,171000000,2026/02/03 ~ 2026/02/03,,
KR7479730004,TIGER 인도빌리언컨슈머,20251031,이익분배,21,.0021,"11,254.41",0.00,현금(배당소득),확정,정액,253050000,2025/11/04 ~ 2025/11/04,,
KR7479730004,TIGER 인도빌리언컨슈머,20250731,이익분배,20,.002,"10,142.27",0.00,현금(배당소득),확정,정액,258000000,2025/08/04 ~ 2025/08/04,,
KR7479730004,TIGER 인도빌리언컨슈머,20250430,이익분배,24,.0024,"10,216.69",0.00,현금(배당소득),확정,정액,320400000,2025/05/07 ~ 2025/05/07,,
KR7479730004,TIGER 인도빌리언컨슈머,20250131,이익분배,20,.002,"9,859.66",0.00,현금(배당소득),확정,정액,281000000,2025/02/04 ~ 2025/02/04,,
KR7479730004,TIGER 인도빌리언컨슈머,20241031,이익분배,25,.0025,"10,478.10",0.00,현금(배당소득),확정,정액,438750000,2024/11/04 ~ 2024/11/04,,
KR7477730006,KODEX 인도타타그룹,20260731,이익분배,60,.006,"8,098.41",0.00,현금(배당소득),확정,정액,213000000,2026/08/04 ~ 2026/08/04,,
KR7477730006,KODEX 인도타타그룹,20260430,이익분배,35,.0035,"8,550.02",0.00,현금(배당소득),확정,정액,124250000,2026/05/06 ~ 2026/05/06,,
KR7477730006,KODEX 인도타타그룹,20260130,이익분배,10,.001,"8,524.56",0.00,현금(배당소득),확정,정액,35500000,2026/02/03 ~ 2026/02/03,,
KR7477730006,KODEX 인도타타그룹,20251031,이익분배,11,.0011,"9,040.92",0.00,현금(배당소득),확정,정액,45100000,2025/11/04 ~ 2025/11/04,,
KR7477730006,KODEX 인도타타그룹,20250731,이익분배,106,.0106,"8,707.67",0.00,현금(배당소득),확정,정액,450500000,2025/08/04 ~ 2025/08/04,,
KR7472150002,TIGER 배당커버드콜액티브,20260731,이익분배,375,.03712011276595,"10,102.42",0.00,현금(배당소득),확정,정액,44583750000,2026/08/04 ~ 2026/08/04,,
KR7472150002,TIGER 배당커버드콜액티브,20260630,이익분배,580,.05741244107801,"10,098.72",0.00,현금(배당소득),확정,정액,55395800000,2026/07/02 ~ 2026/07/02,,
KR7472150002,TIGER 배당커버드콜액티브,20260529,이익분배,510,.0504833533617,"10,103.57",0.00,현금(배당소득),확정,정액,39601500000,2026/06/02 ~ 2026/06/02,,
KR7472150002,TIGER 배당커버드콜액티브,20260430,이익분배,415,.04107959146099,"10,127.68",0.00,현금(배당소득),확정,정액,28626700000,2026/05/06 ~ 2026/05/06,,
KR7472150002,TIGER 배당커버드콜액티브,20260331,이익분배,350,.03464543858156,"10,162.37",0.00,현금(배당소득),확정,정액,19694500000,2026/04/02 ~ 2026/04/02,,
KR7472150002,TIGER 배당커버드콜액티브,20260227,이익분배,375,.03712011276595,"10,103.66",0.00,현금(배당소득),확정,정액,15701250000,2026/03/04 ~ 2026/03/04,,
KR7472150002,TIGER 배당커버드콜액티브,20260130,이익분배,320,.03167582956028,"10,130.18",0.00,현금(배당소득),확정,정액,8108800000,2026/02/03 ~ 2026/02/03,,
KR7472150002,TIGER 배당커버드콜액티브,20251230,이익분배,270,.02672648119149,"10,101.84",0.00,현금(배당소득),확정,정액,4833000000,2026/01/05 ~ 2026/01/05,,
KR7472150002,TIGER 배당커버드콜액티브,20251128,이익분배,255,.02524167668085,"10,109.16",0.00,현금(배당소득),확정,정액,3835200000,2025/12/02 ~ 2025/12/02,,
KR7472150002,TIGER 배당커버드콜액티브,20251031,이익분배,273,.02702344209361,"10,112.01",0.00,현금(배당소득),확정,정액,3660930000,2025/11/04 ~ 2025/11/04,,
KR7472150002,TIGER 배당커버드콜액티브,20250930,이익분배,249,.02464775487659,"10,106.29",0.00,현금(배당소득),확정,정액,2933220000,2025/10/02 ~ 2025/10/02,,
KR7472150002,TIGER 배당커버드콜액티브,20250829,이익분배,230,.02276700249645,"10,117.67",0.00,현금(배당소득),확정,정액,2297700000,2025/09/02 ~ 2025/09/02,,
KR7472150002,TIGER 배당커버드콜액티브,20250731,이익분배,238,.02355889823546,"10,112.30",0.00,현금(배당소득),확정,정액,2189600000,2025/08/04 ~ 2025/08/04,,
KR7472150002,TIGER 배당커버드콜액티브,20250630,이익분배,73,.00722604861844,"10,106.40",0.00,현금(배당소득),확정,정액,653350000,2025/07/02 ~ 2025/07/02,,
KR7472150002,TIGER 배당커버드콜액티브,20250530,이익분배,73,.00722604861844,"10,112.28",0.00,현금(배당소득),확정,정액,660650000,2025/06/04 ~ 2025/06/04,,
KR7472150002,TIGER 배당커버드콜액티브,20250430,이익분배,73,.00722604861844,"10,138.29",0.00,현금(배당소득),확정,정액,660650000,2025/05/07 ~ 2025/05/07,,
KR7472150002,TIGER 배당커버드콜액티브,20250331,이익분배,100,.00989869673759,"10,191.17",0.00,현금(배당소득),확정,정액,876000000,2025/04/02 ~ 2025/04/02,,
KR7472150002,TIGER 배당커버드콜액티브,20250228,이익분배,72,.00712706165106,"10,103.36",0.00,현금(배당소득),확정,정액,618480000,2025/03/05 ~ 2025/03/05,,
KR7472150002,TIGER 배당커버드콜액티브,20250131,이익분배,70,.00692908771631,"10,137.48",0.00,현금(배당소득),확정,정액,597800000,2025/02/04 ~ 2025/02/04,,
KR7472150002,TIGER 배당커버드콜액티브,20241230,이익분배,200,.01979739347518,"10,095.90",0.00,현금(배당소득),확정,정액,1758000000,2025/01/03 ~ 2025/01/03,,
KR7472150002,TIGER 배당커버드콜액티브,20241129,이익분배,67,.00663212681418,"10,099.03",0.00,현금(배당소득),확정,정액,613720000,2024/12/03 ~ 2024/12/03,,
KR7472150002,TIGER 배당커버드콜액티브,20241031,이익분배,67,.00663212681418,"10,124.39",0.00,현금(배당소득),확정,정액,730970000,2024/11/04 ~ 2024/11/04,,
KR7472150002,TIGER 배당커버드콜액티브,20240930,이익분배,67,.00663212681418,"10,096.57",0.00,현금(배당소득),확정,정액,730970000,2024/10/04 ~ 2024/10/04,,
KR7472150002,TIGER 배당커버드콜액티브,20240830,이익분배,67,.00663212681418,"10,099.59",0.00,현금(배당소득),확정,정액,725610000,2024/09/03 ~ 2024/09/03,,
KR7390400000,KODEX 미국스마트모빌리티S&P,20260731,이익분배,10,.001,"7,651.01",0.00,현금(배당소득),확정,정액,10000000,2026/08/04 ~ 2026/08/04,,
KR7390400000,KODEX 미국스마트모빌리티S&P,20260430,이익분배,19,.0019,"7,969.67",0.00,현금(배당소득),확정,정액,20900000,2026/05/06 ~ 2026/05/06,,
KR7390400000,KODEX 미국스마트모빌리티S&P,20260130,이익분배,16,.0016,"7,555.73",0.00,현금(배당소득),확정,정액,19200000,2026/02/03 ~ 2026/02/03,,
KR7390400000,KODEX 미국스마트모빌리티S&P,20251031,이익분배,9,.0009,"7,656.71",0.00,현금(배당소득),확정,정액,12600000,2025/11/04 ~ 2025/11/04,,
KR7390400000,KODEX 미국스마트모빌리티S&P,20250731,이익분배,15,.0015,"6,535.11",0.00,현금(배당소득),확정,정액,21000000,2025/08/04 ~ 2025/08/04,,
KR7390400000,KODEX 미국스마트모빌리티S&P,20250131,이익분배,10,.001,"6,011.10",0.00,현금(배당소득),확정,정액,15000000,2025/02/04 ~ 2025/02/04,,
KR7491620001,RISE 미국테크100데일리고정커버드콜,20260731,이익분배,161,.0161,"11,259.13",0.00,현금(배당소득),확정,정액,8058050000,2026/08/04 ~ 2026/08/04,,
KR7491620001,RISE 미국테크100데일리고정커버드콜,20260630,이익분배,271,.0271,"12,284.91",0.00,현금(배당소득),확정,정액,11693650000,2026/07/02 ~ 2026/07/02,,
KR7491620001,RISE 미국테크100데일리고정커버드콜,20260529,이익분배,240,.024,"12,860.18",0.00,현금(배당소득),확정,정액,9012000000,2026/06/02 ~ 2026/06/02,,
KR7491620001,RISE 미국테크100데일리고정커버드콜,20260430,이익분배,276,.0276,"11,859.27",0.00,현금(배당소득),확정,정액,9453000000,2026/05/06 ~ 2026/05/06,,
KR7491620001,RISE 미국테크100데일리고정커버드콜,20260331,이익분배,160,.016,"10,785.02",0.00,현금(배당소득),확정,정액,5112000000,2026/04/02 ~ 2026/04/02,,
KR7491620001,RISE 미국테크100데일리고정커버드콜,20260227,이익분배,126,.0126,"10,915.39",0.00,현금(배당소득),확정,정액,4069800000,2026/03/04 ~ 2026/03/04,,
KR7491620001,RISE 미국테크100데일리고정커버드콜,20260130,이익분배,137,.0137,"11,486.17",0.00,현금(배당소득),확정,정액,4425100000,2026/02/03 ~ 2026/02/03,,
KR7491620001,RISE 미국테크100데일리고정커버드콜,20251230,이익분배,158,.0158,"11,675.43",0.00,현금(배당소득),확정,정액,3799900000,2026/01/05 ~ 2026/01/05,,
KR7491620001,RISE 미국테크100데일리고정커버드콜,20251128,이익분배,193,.0193,"11,806.84",0.00,현금(배당소득),확정,정액,3599450000,2025/12/02 ~ 2025/12/02,,
KR7491620001,RISE 미국테크100데일리고정커버드콜,20251031,이익분배,201,.0201,"12,165.92",0.00,현금(배당소득),확정,정액,3095400000,2025/11/04 ~ 2025/11/04,,
KR7491620001,RISE 미국테크100데일리고정커버드콜,20250930,이익분배,150,.015,"11,456.93",0.00,현금(배당소득),확정,정액,2032500000,2025/10/02 ~ 2025/10/02,,
KR7491620001,RISE 미국테크100데일리고정커버드콜,20250829,이익분배,138,.0138,"11,008.30",0.00,현금(배당소득),확정,정액,1573200000,2025/09/02 ~ 2025/09/02,,
KR7491620001,RISE 미국테크100데일리고정커버드콜,20250731,이익분배,122,.0122,"10,945.56",0.00,현금(배당소득),확정,정액,1445700000,2025/08/04 ~ 2025/08/04,,
KR7491620001,RISE 미국테크100데일리고정커버드콜,20250630,이익분배,167,.0167,"10,320.97",0.00,현금(배당소득),확정,정액,1519700000,2025/07/02 ~ 2025/07/02,,
KR7491620001,RISE 미국테크100데일리고정커버드콜,20250530,이익분배,190,.019,"9,996.16",0.00,현금(배당소득),확정,정액,1187500000,2025/06/04 ~ 2025/06/04,,
KR7491620001,RISE 미국테크100데일리고정커버드콜,20250430,이익분배,273,.0273,"9,513.12",0.00,현금(배당소득),확정,정액,1433250000,2025/05/07 ~ 2025/05/07,,
KR7491620001,RISE 미국테크100데일리고정커버드콜,20250331,이익분배,206,.0206,"10,110.89",0.00,현금(배당소득),확정,정액,618000000,2025/04/02 ~ 2025/04/02,,
KR7491620001,RISE 미국테크100데일리고정커버드콜,20250228,이익분배,185,.0185,"10,543.34",0.00,현금(배당소득),확정,정액,388500000,2025/03/05 ~ 2025/03/05,,
KR7491620001,RISE 미국테크100데일리고정커버드콜,20250131,이익분배,165,.0165,"11,202.13",0.00,현금(배당소득),확정,정액,305250000,2025/02/04 ~ 2025/02/04,,
KR7491620001,RISE 미국테크100데일리고정커버드콜,20241230,이익분배,182,.0182,"11,583.20",0.00,현금(배당소득),확정,정액,227500000,2025/01/03 ~ 2025/01/03,,
KR7491620001,RISE 미국테크100데일리고정커버드콜,20241129,이익분배,185,.0185,"10,838.90",0.00,현금(배당소득),확정,정액,148000000,2024/12/03 ~ 2024/12/03,,
KR7491620001,RISE 미국테크100데일리고정커버드콜,20241031,이익분배,166,.0166,"10,733.97",0.00,현금(배당소득),확정,정액,124500000,2024/11/04 ~ 2024/11/04,,
KR7488480005,RISE 일본섹터TOP4Plus,20260731,이익분배,115,.0115,"12,653.25",0.00,현금(배당소득),확정,정액,63250000,2026/08/04 ~ 2026/08/04,,
KR7488480005,RISE 일본섹터TOP4Plus,20251230,이익분배,188,.0188,"11,956.70",0.00,현금(배당소득),확정,정액,122200000,2026/01/05 ~ 2026/01/05,,
KR7476070008,KODEX 글로벌비만치료제TOP2 Plus,20260731,이익분배,15,.0015,"11,991.26",0.00,현금(배당소득),확정,정액,41250000,2026/08/04 ~ 2026/08/04,,
KR7476070008,KODEX 글로벌비만치료제TOP2 Plus,20260430,이익분배,110,.011,"10,523.74",0.00,현금(배당소득),확정,정액,429000000,2026/05/06 ~ 2026/05/06,,
KR7476070008,KODEX 글로벌비만치료제TOP2 Plus,20260130,이익분배,17,.0017,"12,113.06",0.00,현금(배당소득),확정,정액,81600000,2026/02/03 ~ 2026/02/03,,
KR7476070008,KODEX 글로벌비만치료제TOP2 Plus,20251031,이익분배,27,.0027,"10,404.90",0.00,현금(배당소득),확정,정액,172800000,2025/11/04 ~ 2025/11/04,,
KR7476070008,KODEX 글로벌비만치료제TOP2 Plus,20250731,이익분배,45,.0045,"9,901.55",0.00,현금(배당소득),확정,정액,292500000,2025/08/04 ~ 2025/08/04,,
KR7476070008,KODEX 글로벌비만치료제TOP2 Plus,20250430,이익분배,34,.0034,"9,453.84",0.00,현금(배당소득),확정,정액,226100000,2025/05/07 ~ 2025/05/07,,
KR7476070008,KODEX 글로벌비만치료제TOP2 Plus,20250131,이익분배,10,.001,"10,151.36",0.00,현금(배당소득),확정,정액,73000000,2025/02/04 ~ 2025/02/04,,
KR7476070008,KODEX 글로벌비만치료제TOP2 Plus,20241031,이익분배,15,.0015,"12,258.02",0.00,현금(배당소득),확정,정액,126750000,2024/11/04 ~ 2024/11/04,,
KR7472870005,RISE 미국30년국채엔화노출(합성 H),20260731,이익분배,18,.0018,"7,779.09",0.00,현금(배당소득),확정,정액,436500000,2026/08/04 ~ 2026/08/04,,
KR7472870005,RISE 미국30년국채엔화노출(합성 H),20260630,이익분배,20,.002,"8,602.05",0.00,현금(배당소득),확정,정액,485000000,2026/07/02 ~ 2026/07/02,,
KR7472870005,RISE 미국30년국채엔화노출(합성 H),20260529,이익분배,20,.002,"8,350.44",0.00,현금(배당소득),확정,정액,778000000,2026/06/02 ~ 2026/06/02,,
KR7472870005,RISE 미국30년국채엔화노출(합성 H),20260430,이익분배,19,.0019,"8,344.99",0.00,현금(배당소득),확정,정액,739100000,2026/05/06 ~ 2026/05/06,,
KR7472870005,RISE 미국30년국채엔화노출(합성 H),20260331,이익분배,20,.002,"8,494.37",0.00,현금(배당소득),확정,정액,820000000,2026/04/02 ~ 2026/04/02,,
KR7472870005,RISE 미국30년국채엔화노출(합성 H),20260227,이익분배,20,.002,"8,572.57",0.00,현금(배당소득),확정,정액,868000000,2026/03/04 ~ 2026/03/04,,
KR7472870005,RISE 미국30년국채엔화노출(합성 H),20260130,이익분배,20,.002,"8,557.02",0.00,현금(배당소득),확정,정액,908000000,2026/02/03 ~ 2026/02/03,,
KR7472870005,RISE 미국30년국채엔화노출(합성 H),20251230,이익분배,21,.0021,"8,456.39",0.00,현금(배당소득),확정,정액,953400000,2026/01/05 ~ 2026/01/05,,
KR7472870005,RISE 미국30년국채엔화노출(합성 H),20251128,이익분배,21,.0021,"8,792.37",0.00,현금(배당소득),확정,정액,953400000,2025/12/02 ~ 2025/12/02,,
KR7472870005,RISE 미국30년국채엔화노출(합성 H),20251031,이익분배,22,.0022,"8,999.34",0.00,현금(배당소득),확정,정액,1042800000,2025/11/04 ~ 2025/11/04,,
KR7472870005,RISE 미국30년국채엔화노출(합성 H),20250930,이익분배,20,.002,"8,749.44",0.00,현금(배당소득),확정,정액,1137000000,2025/10/02 ~ 2025/10/02,,
KR7472870005,RISE 미국30년국채엔화노출(합성 H),20250829,이익분배,21,.0021,"8,536.33",0.00,현금(배당소득),확정,정액,1063650000,2025/09/02 ~ 2025/09/02,,
KR7472870005,RISE 미국30년국채엔화노출(합성 H),20250731,이익분배,21,.0021,"8,459.75",0.00,현금(배당소득),확정,정액,1105650000,2025/08/04 ~ 2025/08/04,,
KR7472870005,RISE 미국30년국채엔화노출(합성 H),20250630,이익분배,21,.0021,"8,611.52",0.00,현금(배당소득),확정,정액,1130850000,2025/07/02 ~ 2025/07/02,,
KR7472870005,RISE 미국30년국채엔화노출(합성 H),20250530,이익분배,21,.0021,"8,540.30",0.00,현금(배당소득),확정,정액,1088850000,2025/06/04 ~ 2025/06/04,,
KR7472870005,RISE 미국30년국채엔화노출(합성 H),20250430,이익분배,22,.0022,"9,301.20",0.00,현금(배당소득),확정,정액,883300000,2025/05/07 ~ 2025/05/07,,
KR7472870005,RISE 미국30년국채엔화노출(합성 H),20250331,이익분배,23,.0023,"9,130.27",0.00,현금(배당소득),확정,정액,970600000,2025/04/02 ~ 2025/04/02,,
KR7472870005,RISE 미국30년국채엔화노출(합성 H),20250228,이익분배,21,.0021,"9,076.20",0.00,현금(배당소득),확정,정액,967050000,2025/03/05 ~ 2025/03/05,,
KR7472870005,RISE 미국30년국채엔화노출(합성 H),20250131,이익분배,21,.0021,"8,506.89",0.00,현금(배당소득),확정,정액,1017450000,2025/02/04 ~ 2025/02/04,,
KR7472870005,RISE 미국30년국채엔화노출(합성 H),20241230,이익분배,22,.0022,"8,643.96",0.00,현금(배당소득),확정,정액,977900000,2025/01/03 ~ 2025/01/03,,
KR7472870005,RISE 미국30년국채엔화노출(합성 H),20241129,이익분배,22,.0022,"8,965.07",0.00,현금(배당소득),확정,정액,1016400000,2024/12/03 ~ 2024/12/03,,
KR7472870005,RISE 미국30년국채엔화노출(합성 H),20241031,이익분배,23,.0023,"8,791.68",0.00,현금(배당소득),확정,정액,959100000,2024/11/04 ~ 2024/11/04,,
KR7472870005,RISE 미국30년국채엔화노출(합성 H),20240930,이익분배,24,.0024,"9,664.19",0.00,현금(배당소득),확정,정액,885600000,2024/10/04 ~ 2024/10/04,,
KR7472870005,RISE 미국30년국채엔화노출(합성 H),20240830,이익분배,24,.0024,"9,724.99",0.00,현금(배당소득),확정,정액,844800000,2024/09/03 ~ 2024/09/03,,
KR7453850000,ACE 미국30년국채액티브(H),20260731,이익분배,26,.0026,"8,323.00",0.00,현금(배당소득),확정,정액,5532800000,2026/08/04 ~ 2026/08/04,,
KR7453850000,ACE 미국30년국채액티브(H),20260630,이익분배,26,.0026,"8,583.31",0.00,현금(배당소득),확정,정액,5743400000,2026/07/02 ~ 2026/07/02,,
KR7453850000,ACE 미국30년국채액티브(H),20260529,이익분배,25,.0025,"8,348.74",0.00,현금(배당소득),확정,정액,6072500000,2026/06/02 ~ 2026/06/02,,
KR7453850000,ACE 미국30년국채액티브(H),20260430,이익분배,25,.0025,"8,404.42",0.00,현금(배당소득),확정,정액,6020000000,2026/05/06 ~ 2026/05/06,,
KR7453850000,ACE 미국30년국채액티브(H),20260331,이익분배,20,.002,"8,413.19",0.00,현금(배당소득),확정,정액,4804000000,2026/04/02 ~ 2026/04/02,,
KR7453850000,ACE 미국30년국채액티브(H),20260227,이익분배,23,.0023,"8,683.79",0.00,현금(배당소득),확정,정액,5798300000,2026/03/04 ~ 2026/03/04,,
KR7453850000,ACE 미국30년국채액티브(H),20260130,이익분배,23,.0023,"8,499.48",0.00,현금(배당소득),확정,정액,6228400000,2026/02/03 ~ 2026/02/03,,
KR7453850000,ACE 미국30년국채액티브(H),20251230,이익분배,24,.0024,"8,529.07",0.00,현금(배당소득),확정,정액,6866400000,2026/01/05 ~ 2026/01/05,,
KR7453850000,ACE 미국30년국채액티브(H),20251128,이익분배,25,.0025,"8,705.55",0.00,현금(배당소득),확정,정액,7155000000,2025/12/02 ~ 2025/12/02,,
KR7453850000,ACE 미국30년국채액티브(H),20251031,이익분배,28,.0028,"8,869.61",0.00,현금(배당소득),확정,정액,8114400000,2025/11/04 ~ 2025/11/04,,
KR7453850000,ACE 미국30년국채액티브(H),20250930,이익분배,26,.0026,"8,570.53",0.00,현금(배당소득),확정,정액,7709000000,2025/10/02 ~ 2025/10/02,,
KR7453850000,ACE 미국30년국채액티브(H),20250829,이익분배,25,.0025,"8,342.28",0.00,현금(배당소득),확정,정액,7605000000,2025/09/02 ~ 2025/09/02,,
KR7453850000,ACE 미국30년국채액티브(H),20250731,이익분배,25,.0025,"8,269.25",0.00,현금(배당소득),확정,정액,7482500000,2025/08/04 ~ 2025/08/04,,
KR7453850000,ACE 미국30년국채액티브(H),20250630,이익분배,23,.0023,"8,414.78",0.00,현금(배당소득),확정,정액,6736700000,2025/07/02 ~ 2025/07/02,,
KR7453850000,ACE 미국30년국채액티브(H),20250530,이익분배,24,.0024,"8,238.84",0.00,현금(배당소득),확정,정액,7082400000,2025/06/04 ~ 2025/06/04,,
KR7453850000,ACE 미국30년국채액티브(H),20250430,이익분배,25,.0025,"8,512.10",0.00,현금(배당소득),확정,정액,6662500000,2025/05/07 ~ 2025/05/07,,
KR7453850000,ACE 미국30년국채액티브(H),20250331,이익분배,25,.0025,"8,521.88",0.00,현금(배당소득),확정,정액,6340000000,2025/04/02 ~ 2025/04/02,,
KR7453850000,ACE 미국30년국채액티브(H),20250228,이익분배,26,.0026,"8,698.20",0.00,현금(배당소득),확정,정액,6515600000,2025/03/05 ~ 2025/03/05,,
KR7453850000,ACE 미국30년국채액티브(H),20250131,이익분배,28,.0028,"8,347.79",0.00,현금(배당소득),확정,정액,6893600000,2025/02/04 ~ 2025/02/04,,
KR7453850000,ACE 미국30년국채액티브(H),20241230,이익분배,26,.0026,"8,389.38",0.00,현금(배당소득),확정,정액,5977400000,2025/01/03 ~ 2025/01/03,,
KR7453850000,ACE 미국30년국채액티브(H),20241129,이익분배,25,.0025,"8,762.94",0.00,현금(배당소득),확정,정액,5510000000,2024/12/03 ~ 2024/12/03,,
KR7453850000,ACE 미국30년국채액티브(H),20241031,이익분배,26,.0026,"8,712.72",0.00,현금(배당소득),확정,정액,5428800000,2024/11/04 ~ 2024/11/04,,
KR7453850000,ACE 미국30년국채액티브(H),20240930,이익분배,28,.0028,"9,275.33",0.00,현금(배당소득),확정,정액,5196800000,2024/10/04 ~ 2024/10/04,,
KR7453850000,ACE 미국30년국채액티브(H),20240830,이익분배,27,.0027,"9,284.42",0.00,현금(배당소득),확정,정액,4835700000,2024/09/03 ~ 2024/09/03,,
KR7453810004,KODEX 인도Nifty50,20260731,이익분배,76,.0076,"12,300.48",0.00,현금(배당소득),확정,정액,2261000000,2026/08/04 ~ 2026/08/04,,
KR7453810004,KODEX 인도Nifty50,20260430,이익분배,27,.0027,"12,738.64",0.00,현금(배당소득),확정,정액,823500000,2026/05/06 ~ 2026/05/06,,
KR7453810004,KODEX 인도Nifty50,20260130,이익분배,25,.0025,"13,303.80",0.00,현금(배당소득),확정,정액,766250000,2026/02/03 ~ 2026/02/03,,
KR7453810004,KODEX 인도Nifty50,20251031,이익분배,45,.0045,"14,398.70",0.00,현금(배당소득),확정,정액,1444500000,2025/11/04 ~ 2025/11/04,,
KR7453810004,KODEX 인도Nifty50,20250731,이익분배,67,.0067,"13,590.14",0.00,현금(배당소득),확정,정액,2170800000,2025/08/04 ~ 2025/08/04,,
KR7453810004,KODEX 인도Nifty50,20250430,이익분배,33,.0033,"13,975.01",0.00,현금(배당소득),확정,정액,1089000000,2025/05/07 ~ 2025/05/07,,
KR7453810004,KODEX 인도Nifty50,20250131,이익분배,29,.0029,"13,277.16",0.00,현금(배당소득),확정,정액,972950000,2025/02/04 ~ 2025/02/04,,
KR7453810004,KODEX 인도Nifty50,20241031,이익분배,43,.0043,"13,895.89",0.00,현금(배당소득),확정,정액,1653350000,2024/11/04 ~ 2024/11/04,,
KR7448300004,TIGER 미국나스닥100(H),20260731,이익분배,30,.003,"21,646.81",0.00,현금(배당소득),확정,정액,474000000,2026/08/04 ~ 2026/08/04,,
KR7448300004,TIGER 미국나스닥100(H),20260430,이익분배,29,.0029,"21,370.70",0.00,현금(배당소득),확정,정액,462550000,2026/05/06 ~ 2026/05/06,,
KR7448300004,TIGER 미국나스닥100(H),20260130,이익분배,27,.0027,"20,459.40",0.00,현금(배당소득),확정,정액,422550000,2026/02/03 ~ 2026/02/03,,
KR7448300004,TIGER 미국나스닥100(H),20251031,이익분배,28,.0028,"20,664.52",0.00,현금(배당소득),확정,정액,438200000,2025/11/04 ~ 2025/11/04,,
KR7448300004,TIGER 미국나스닥100(H),20250731,이익분배,27,.0027,"18,662.53",0.00,현금(배당소득),확정,정액,373950000,2025/08/04 ~ 2025/08/04,,
KR7448300004,TIGER 미국나스닥100(H),20250430,이익분배,26,.0026,"15,648.16",0.00,현금(배당소득),확정,정액,416000000,2025/05/07 ~ 2025/05/07,,
KR7446770000,ACE 글로벌반도체TOP4 Plus,20260731,이익분배,128,.0128,"46,637.22",0.00,현금(배당소득),확정,정액,2624000000,2026/08/04 ~ 2026/08/04,,
KR7446770000,ACE 글로벌반도체TOP4 Plus,20260430,이익분배,119,.0119,"47,008.22",0.00,현금(배당소득),확정,정액,2177700000,2026/05/06 ~ 2026/05/06,,
KR7446770000,ACE 글로벌반도체TOP4 Plus,20260130,이익분배,79,.0079,"39,520.13",0.00,현금(배당소득),확정,정액,1335100000,2026/02/03 ~ 2026/02/03,,
KR7446770000,ACE 글로벌반도체TOP4 Plus,20251031,이익분배,100,.01,"35,619.01",0.00,현금(배당소득),확정,정액,1350000000,2025/11/04 ~ 2025/11/04,,
KR7446770000,ACE 글로벌반도체TOP4 Plus,20250731,이익분배,72,.0072,"28,526.62",0.00,현금(배당소득),확정,정액,817200000,2025/08/04 ~ 2025/08/04,,
KR7446770000,ACE 글로벌반도체TOP4 Plus,20250430,이익분배,50,.005,"22,708.24",0.00,현금(배당소득),확정,정액,647500000,2025/05/07 ~ 2025/05/07,,
KR7446770000,ACE 글로벌반도체TOP4 Plus,20250131,이익분배,60,.006,"27,112.69",0.00,현금(배당소득),확정,정액,807000000,2025/02/04 ~ 2025/02/04,,
KR7446770000,ACE 글로벌반도체TOP4 Plus,20241031,이익분배,60,.006,"24,781.52",0.00,현금(배당소득),확정,정액,1032000000,2024/11/04 ~ 2024/11/04,,
KR7435040001,ACE 글로벌브랜드TOP10,20260731,이익분배,32,.0032,"19,597.31",0.00,현금(배당소득),확정,정액,22400000,2026/08/04 ~ 2026/08/04,,
KR7435040001,ACE 글로벌브랜드TOP10,20260430,이익분배,30,.003,"19,367.43",0.00,현금(배당소득),확정,정액,21000000,2026/05/06 ~ 2026/05/06,,
KR7435040001,ACE 글로벌브랜드TOP10,20260130,이익분배,38,.0038,"19,270.79",0.00,현금(배당소득),확정,정액,24700000,2026/02/03 ~ 2026/02/03,,
KR7435040001,ACE 글로벌브랜드TOP10,20251031,이익분배,42,.0042,"19,798.53",0.00,현금(배당소득),확정,정액,27300000,2025/11/04 ~ 2025/11/04,,
KR7435040001,ACE 글로벌브랜드TOP10,20250731,이익분배,49,.0049,"17,925.05",0.00,현금(배당소득),확정,정액,34300000,2025/08/04 ~ 2025/08/04,,
KR7435040001,ACE 글로벌브랜드TOP10,20250430,이익분배,38,.0038,"16,723.60",0.00,현금(배당소득),확정,정액,28500000,2025/05/07 ~ 2025/05/07,,
KR7435040001,ACE 글로벌브랜드TOP10,20250131,이익분배,42,.0042,"18,008.08",0.00,현금(배당소득),확정,정액,33600000,2025/02/04 ~ 2025/02/04,,
KR7435040001,ACE 글로벌브랜드TOP10,20241031,이익분배,45,.0045,"16,041.45",0.00,현금(배당소득),확정,정액,36000000,2024/11/04 ~ 2024/11/04,,
KR7429000003,TIGER 미국S&P500배당귀족,20260731,이익분배,23,.0023,"14,413.27",0.00,현금(배당소득),확정,정액,308200000,2026/08/04 ~ 2026/08/04,,
KR7429000003,TIGER 미국S&P500배당귀족,20260630,이익분배,28,.0028,"14,598.02",0.00,현금(배당소득),확정,정액,330400000,2026/07/02 ~ 2026/07/02,,
KR7429000003,TIGER 미국S&P500배당귀족,20260529,이익분배,24,.0024,"13,762.94",0.00,현금(배당소득),확정,정액,283200000,2026/06/02 ~ 2026/06/02,,
KR7429000003,TIGER 미국S&P500배당귀족,20260430,이익분배,24,.0024,"13,591.70",0.00,현금(배당소득),확정,정액,295200000,2026/05/06 ~ 2026/05/06,,
KR7429000003,TIGER 미국S&P500배당귀족,20260331,이익분배,27,.0027,"13,589.21",0.00,현금(배당소득),확정,정액,315900000,2026/04/02 ~ 2026/04/02,,
KR7429000003,TIGER 미국S&P500배당귀족,20260227,이익분배,24,.0024,"13,900.96",0.00,현금(배당소득),확정,정액,262800000,2026/03/04 ~ 2026/03/04,,
KR7429000003,TIGER 미국S&P500배당귀족,20260130,이익분배,16,.0016,"13,322.78",0.00,현금(배당소득),확정,정액,162400000,2026/02/03 ~ 2026/02/03,,
KR7429000003,TIGER 미국S&P500배당귀족,20251230,이익분배,25,.0025,"12,980.02",0.00,현금(배당소득),확정,정액,232500000,2026/01/05 ~ 2026/01/05,,
KR7429000003,TIGER 미국S&P500배당귀족,20251128,이익분배,20,.002,"13,049.59",0.00,현금(배당소득),확정,정액,181000000,2025/12/02 ~ 2025/12/02,,
KR7429000003,TIGER 미국S&P500배당귀족,20251031,이익분배,20,.002,"12,578.91",0.00,현금(배당소득),확정,정액,183000000,2025/11/04 ~ 2025/11/04,,
KR7429000003,TIGER 미국S&P500배당귀족,20250930,이익분배,23,.0023,"12,317.03",0.00,현금(배당소득),확정,정액,217350000,2025/10/02 ~ 2025/10/02,,
KR7429000003,TIGER 미국S&P500배당귀족,20250829,이익분배,22,.0022,"12,511.38",0.00,현금(배당소득),확정,정액,203500000,2025/09/02 ~ 2025/09/02,,
KR7429000003,TIGER 미국S&P500배당귀족,20250731,이익분배,20,.002,"12,337.70",0.00,현금(배당소득),확정,정액,186000000,2025/08/04 ~ 2025/08/04,,
KR7429000003,TIGER 미국S&P500배당귀족,20250630,이익분배,22,.0022,"11,569.81",0.00,현금(배당소득),확정,정액,203500000,2025/07/02 ~ 2025/07/02,,
KR7429000003,TIGER 미국S&P500배당귀족,20250530,이익분배,22,.0022,"11,857.54",0.00,현금(배당소득),확정,정액,202400000,2025/06/04 ~ 2025/06/04,,
KR7429000003,TIGER 미국S&P500배당귀족,20250430,이익분배,23,.0023,"12,018.96",0.00,현금(배당소득),확정,정액,202400000,2025/05/07 ~ 2025/05/07,,
KR7429000003,TIGER 미국S&P500배당귀족,20250331,이익분배,24,.0024,"12,766.71",0.00,현금(배당소득),확정,정액,200400000,2025/04/02 ~ 2025/04/02,,
KR7429000003,TIGER 미국S&P500배당귀족,20250228,이익분배,23,.0023,"12,714.69",0.00,현금(배당소득),확정,정액,194350000,2025/03/05 ~ 2025/03/05,,
KR7429000003,TIGER 미국S&P500배당귀족,20250131,이익분배,20,.002,"12,495.52",0.00,현금(배당소득),확정,정액,167000000,2025/02/04 ~ 2025/02/04,,
KR7429000003,TIGER 미국S&P500배당귀족,20241230,이익분배,22,.0022,"12,713.16",0.00,현금(배당소득),확정,정액,173800000,2025/01/03 ~ 2025/01/03,,
KR7429000003,TIGER 미국S&P500배당귀족,20241129,이익분배,25,.0025,"12,944.10",0.00,현금(배당소득),확정,정액,173750000,2024/12/03 ~ 2024/12/03,,
KR7429000003,TIGER 미국S&P500배당귀족,20241031,이익분배,22,.0022,"12,572.05",0.00,현금(배당소득),확정,정액,135300000,2024/11/04 ~ 2024/11/04,,
KR7429000003,TIGER 미국S&P500배당귀족,20240930,이익분배,22,.0022,"12,054.09",0.00,현금(배당소득),확정,정액,121000000,2024/10/04 ~ 2024/10/04,,
KR7429000003,TIGER 미국S&P500배당귀족,20240830,이익분배,20,.002,"11,940.83",0.00,현금(배당소득),확정,정액,103000000,2024/09/03 ~ 2024/09/03,,
KR7325010007,KODEX 성장주,20260731,이익분배,4,.00040009282153,"10,013.04",0.00,현금(배당소득),확정,정액,12000000,2026/08/04 ~ 2026/08/04,,
KR7325010007,KODEX 성장주,20260430,이익분배,70,.00700162437686,"10,095.82",0.00,현금(배당소득),확정,정액,294000000,2026/05/06 ~ 2026/05/06,,
KR7325010007,KODEX 성장주,20250430,이익분배,153,.0153035504237,"10,120.33",0.00,현금(배당소득),확정,정액,918000000,2025/05/07 ~ 2025/05/07,,
KR7290080001,RISE 200고배당커버드콜ATM,20260731,이익분배,100,.01,"10,005.34",0.00,현금(배당소득),확정,정액,175000000,2026/08/04 ~ 2026/08/04,,
KR7290080001,RISE 200고배당커버드콜ATM,20260630,이익분배,47,.0047,"10,004.88",0.00,현금(배당소득),확정,정액,82250000,2026/07/02 ~ 2026/07/02,,
KR7290080001,RISE 200고배당커버드콜ATM,20260529,이익분배,50,.005,"10,040.92",0.00,현금(배당소득),확정,정액,87500000,2026/06/02 ~ 2026/06/02,,
KR7290080001,RISE 200고배당커버드콜ATM,20260430,이익분배,69,.0069,"10,103.87",0.00,현금(배당소득),확정,정액,117300000,2026/05/06 ~ 2026/05/06,,
KR7290080001,RISE 200고배당커버드콜ATM,20260331,이익분배,60,.006,"10,088.82",0.00,현금(배당소득),확정,정액,102000000,2026/04/02 ~ 2026/04/02,,
KR7290080001,RISE 200고배당커버드콜ATM,20260227,이익분배,60,.006,"10,003.75",0.00,현금(배당소득),확정,정액,105000000,2026/03/04 ~ 2026/03/04,,
KR7290080001,RISE 200고배당커버드콜ATM,20260130,이익분배,75,.0075,"10,066.66",0.00,현금(배당소득),확정,정액,146250000,2026/02/03 ~ 2026/02/03,,
KR7290080001,RISE 200고배당커버드콜ATM,20251230,이익분배,79,.0079,"10,000.96",0.00,현금(배당소득),확정,정액,154050000,2026/01/05 ~ 2026/01/05,,
KR7290080001,RISE 200고배당커버드콜ATM,20251128,이익분배,65,.0065,"10,010.42",0.00,현금(배당소득),확정,정액,133250000,2025/12/02 ~ 2025/12/02,,
KR7290080001,RISE 200고배당커버드콜ATM,20251031,이익분배,62,.0062,"9,998.48",0.00,현금(배당소득),확정,정액,124000000,2025/11/04 ~ 2025/11/04,,
KR7290080001,RISE 200고배당커버드콜ATM,20250930,이익분배,65,.0065,"10,013.39",0.00,현금(배당소득),확정,정액,126750000,2025/10/02 ~ 2025/10/02,,
KR7290080001,RISE 200고배당커버드콜ATM,20250829,이익분배,67,.0067,"10,020.32",0.00,현금(배당소득),확정,정액,130650000,2025/09/02 ~ 2025/09/02,,
KR7290080001,RISE 200고배당커버드콜ATM,20250731,이익분배,67,.0067,"10,003.84",0.00,현금(배당소득),확정,정액,130650000,2025/08/04 ~ 2025/08/04,,
KR7290080001,RISE 200고배당커버드콜ATM,20250630,이익분배,67,.0067,"10,033.71",0.00,현금(배당소득),확정,정액,117250000,2025/07/02 ~ 2025/07/02,,
KR7290080001,RISE 200고배당커버드콜ATM,20250530,이익분배,63,.0063,"10,095.80",0.00,현금(배당소득),확정,정액,110250000,2025/06/04 ~ 2025/06/04,,
KR7290080001,RISE 200고배당커버드콜ATM,20250430,이익분배,60,.006,"10,147.80",0.00,현금(배당소득),확정,정액,99000000,2025/05/07 ~ 2025/05/07,,
KR7290080001,RISE 200고배당커버드콜ATM,20250331,이익분배,61,.0061,"10,096.97",0.00,현금(배당소득),확정,정액,94550000,2025/04/02 ~ 2025/04/02,,
KR7290080001,RISE 200고배당커버드콜ATM,20250228,이익분배,60,.006,"10,024.42",0.00,현금(배당소득),확정,정액,81000000,2025/03/05 ~ 2025/03/05,,
KR7290080001,RISE 200고배당커버드콜ATM,20250131,이익분배,59,.0059,"10,077.13",0.00,현금(배당소득),확정,정액,76700000,2025/02/04 ~ 2025/02/04,,
KR7290080001,RISE 200고배당커버드콜ATM,20241230,이익분배,59,.0059,"9,997.09",0.00,현금(배당소득),확정,정액,76700000,2025/01/03 ~ 2025/01/03,,
KR7290080001,RISE 200고배당커버드콜ATM,20241129,이익분배,55,.0055,"9,999.03",0.00,현금(배당소득),확정,정액,74250000,2024/12/03 ~ 2024/12/03,,
KR7290080001,RISE 200고배당커버드콜ATM,20241031,이익분배,57,.0057,"10,014.76",0.00,현금(배당소득),확정,정액,76950000,2024/11/04 ~ 2024/11/04,,
KR7290080001,RISE 200고배당커버드콜ATM,20240930,이익분배,56,.0056,"9,998.65",0.00,현금(배당소득),확정,정액,75600000,2024/10/04 ~ 2024/10/04,,
KR7290080001,RISE 200고배당커버드콜ATM,20240830,이익분배,55,.0055,"10,005.59",0.00,현금(배당소득),확정,정액,79750000,2024/09/03 ~ 2024/09/03,,
KR7284980000,RISE 200금융,20260731,이익분배,110,.0107439606732,"10,977.53",0.00,현금(배당소득),확정,정액,92400000,2026/08/04 ~ 2026/08/04,,
KR7284980000,RISE 200금융,20260430,이익분배,380,.03711550050741,"11,263.25",0.00,현금(배당소득),확정,정액,448400000,2026/05/06 ~ 2026/05/06,,
KR7284980000,RISE 200금융,20260130,이익분배,130,.01269740806832,"11,118.96",0.00,현금(배당소득),확정,정액,119600000,2026/02/03 ~ 2026/02/03,,
KR7284980000,RISE 200금융,20251031,이익분배,70,.00683706588294,"11,052.99",0.00,현금(배당소득),확정,정액,72800000,2025/11/04 ~ 2025/11/04,,
KR7284980000,RISE 200금융,20250731,이익분배,70,.00683706588294,"11,055.50",0.00,현금(배당소득),확정,정액,100800000,2025/08/04 ~ 2025/08/04,,
KR7284980000,RISE 200금융,20250430,이익분배,300,.0293017109269,"11,290.09",0.00,현금(배당소득),확정,정액,162000000,2025/05/07 ~ 2025/05/07,,
KR7284980000,RISE 200금융,20250131,이익분배,20,.00195344739513,"11,050.41",0.00,현금(배당소득),확정,정액,10400000,2025/02/04 ~ 2025/02/04,,
KR7284980000,RISE 200금융,20241031,이익분배,70,.00683706588294,"11,069.23",0.00,현금(배당소득),확정,정액,33600000,2024/11/04 ~ 2024/11/04,,
KR7251590006,PLUS 고배당저변동50,20260731,이익분배,48,.00475539911173,"10,152.69",0.00,현금(배당소득),확정,정액,33600000,2026/08/04 ~ 2026/08/04,,
KR7251590006,PLUS 고배당저변동50,20260430,이익분배,450,.04458186667248,"10,550.70",0.00,현금(배당소득),확정,정액,292500000,2026/05/06 ~ 2026/05/06,,
KR7251590006,PLUS 고배당저변동50,20260130,이익분배,85,.00842101926036,"10,230.14",0.00,현금(배당소득),확정,정액,55250000,2026/02/03 ~ 2026/02/03,,
KR7251590006,PLUS 고배당저변동50,20251031,이익분배,30,.00297212444483,"10,126.19",0.00,현금(배당소득),확정,정액,19500000,2025/11/04 ~ 2025/11/04,,
KR7251590006,PLUS 고배당저변동50,20250731,이익분배,40,.00396283259311,"10,135.12",0.00,현금(배당소득),확정,정액,26000000,2025/08/04 ~ 2025/08/04,,
KR7251590006,PLUS 고배당저변동50,20250430,이익분배,520,.05151682371042,"10,641.94",0.00,현금(배당소득),확정,정액,260000000,2025/05/07 ~ 2025/05/07,,
KR7251590006,PLUS 고배당저변동50,20250131,이익분배,15,.00148606222242,"10,277.11",0.00,현금(배당소득),확정,정액,7500000,2025/02/04 ~ 2025/02/04,,
KR7251590006,PLUS 고배당저변동50,20241031,이익분배,110,.01089778963105,"10,211.80",0.00,현금(배당소득),확정,정액,55000000,2024/11/04 ~ 2024/11/04,,
KR7226490001,KODEX 코스피,20260731,이익분배,151,.00804705448495,"19,166.60",0.00,현금(배당소득),확정,정액,2332950000,2026/08/04 ~ 2026/08/04,,
KR7226490001,KODEX 코스피,20260430,이익분배,468,.0249405397282,"19,576.49",0.00,현금(배당소득),확정,정액,6739200000,2026/05/06 ~ 2026/05/06,,
KR7226490001,KODEX 코스피,20250430,이익분배,563,.03000325612602,"19,530.61",0.00,현금(배당소득),확정,정액,10809600000,2025/05/07 ~ 2025/05/07,,
KR7140710005,KODEX 운송,20260731,이익분배,93,.01349713730072,"6,986.83",0.00,현금(배당소득),확정,정액,167400000,2026/08/04 ~ 2026/08/04,,
KR7140710005,KODEX 운송,20260430,이익분배,26,.00377339322386,"7,019.27",0.00,현금(배당소득),확정,정액,65000000,2026/05/06 ~ 2026/05/06,,
KR7140710005,KODEX 운송,20250430,이익분배,105,.01523870340404,"6,984.34",0.00,현금(배당소득),확정,정액,315000000,2025/05/07 ~ 2025/05/07,,
KR7140700006,KODEX 보험,20260731,이익분배,24,.00322268772156,"7,469.59",0.00,현금(배당소득),확정,정액,64800000,2026/08/04 ~ 2026/08/04,,
KR7140700006,KODEX 보험,20260430,이익분배,328,.04404339886132,"7,816.28",0.00,현금(배당소득),확정,정액,1213600000,2026/05/06 ~ 2026/05/06,,
KR7140700006,KODEX 보험,20250430,이익분배,627,.08419271672575,"7,803.03",0.00,현금(배당소득),확정,정액,1692900000,2025/05/07 ~ 2025/05/07,,
KR7133690008,TIGER 미국나스닥100,20260731,이익분배,255,.0255,"178,022.82",0.00,현금(배당소득),확정,정액,15623850000,2026/08/04 ~ 2026/08/04,,
KR7133690008,TIGER 미국나스닥100,20260430,이익분배,235,.0235,"178,381.37",0.00,현금(배당소득),확정,정액,12177700000,2026/05/06 ~ 2026/05/06,,
KR7133690008,TIGER 미국나스닥100,20260130,이익분배,225,.0225,"163,725.65",0.00,현금(배당소득),확정,정액,10993500000,2026/02/03 ~ 2026/02/03,,
KR7133690008,TIGER 미국나스닥100,20251031,이익분배,222,.0222,"165,328.39",0.00,현금(배당소득),확정,정액,9048720000,2025/11/04 ~ 2025/11/04,,
KR7133690008,TIGER 미국나스닥100,20250731,이익분배,207,.0207,"144,263.14",0.00,현금(배당소득),확정,정액,7826670000,2025/08/04 ~ 2025/08/04,,
KR7133690008,TIGER 미국나스닥100,20250430,이익분배,389,.0389,"124,786.09",0.00,현금(배당소득),확정,정액,14638070000,2025/05/07 ~ 2025/05/07,,
KR7133690008,TIGER 미국나스닥100,20250131,이익분배,70,.007,"139,791.31",0.00,현금(배당소득),확정,정액,2391200000,2025/02/04 ~ 2025/02/04,,
KR7133690008,TIGER 미국나스닥100,20241031,이익분배,180,.018,"125,734.95",0.00,현금(배당소득),확정,정액,5572800000,2024/11/04 ~ 2024/11/04,,
KR7100910009,KIWOOM KRX100,20260731,이익분배,15,.00454761810922,"3,318.82",0.00,현금(배당소득),확정,정액,54000000,2026/08/04 ~ 2026/08/04,,
KR7100910009,KIWOOM KRX100,20260430,이익분배,60,.01819047243689,"3,369.27",0.00,현금(배당소득),확정,정액,126000000,2026/05/06 ~ 2026/05/06,,
KR7100910009,KIWOOM KRX100,20260130,이익분배,20,.0060634908123,"3,333.44",0.00,현금(배당소득),확정,정액,42000000,2026/02/03 ~ 2026/02/03,,
KR7100910009,KIWOOM KRX100,20251031,이익분배,15,.00454761810922,"3,325.64",0.00,현금(배당소득),확정,정액,31500000,2025/11/04 ~ 2025/11/04,,
KR7100910009,KIWOOM KRX100,20250731,이익분배,15,.00454761810922,"3,325.26",0.00,현금(배당소득),확정,정액,31500000,2025/08/04 ~ 2025/08/04,,
KR7100910009,KIWOOM KRX100,20250430,이익분배,80,.02425396324918,"3,392.17",0.00,현금(배당소득),확정,정액,168000000,2025/05/07 ~ 2025/05/07,,
KR7100910009,KIWOOM KRX100,20241031,이익분배,40,.01212698162459,"3,364.51",0.00,현금(배당소득),확정,정액,96000000,2024/11/04 ~ 2024/11/04,,
KR70162L0003,KODEX 차이나AI반도체TOP10,20260731,이익분배,17,.0017,"13,943.11",0.00,현금(배당소득),확정,정액,105400000,2026/08/04 ~ 2026/08/04,,
KR70162L0003,KODEX 차이나AI반도체TOP10,20260430,이익분배,6,.0006,"12,156.99",0.00,현금(배당소득),확정,정액,18000000,2026/05/06 ~ 2026/05/06,,
KR70153P0000,ACE 리츠부동산인프라액티브,20260731,이익분배,54,.0054,"10,308.14",0.00,현금(배당소득),확정,정액,86400000,2026/08/04 ~ 2026/08/04,,
KR70153P0000,ACE 리츠부동산인프라액티브,20260630,이익분배,54,.0054,"10,218.05",0.00,현금(배당소득),확정,정액,86400000,2026/07/02 ~ 2026/07/02,,
KR70153P0000,ACE 리츠부동산인프라액티브,20260529,이익분배,54,.0054,"10,213.37",0.00,현금(배당소득),확정,정액,94500000,2026/06/02 ~ 2026/06/02,,
KR70153P0000,ACE 리츠부동산인프라액티브,20260430,이익분배,54,.0054,"10,211.35",0.00,현금(배당소득),확정,정액,89100000,2026/05/06 ~ 2026/05/06,,
KR70153P0000,ACE 리츠부동산인프라액티브,20260331,이익분배,54,.0054,"10,147.20",0.00,현금(배당소득),확정,정액,89100000,2026/04/02 ~ 2026/04/02,,
KR70153P0000,ACE 리츠부동산인프라액티브,20260227,이익분배,72,.0072,"10,104.43",0.00,현금(배당소득),확정,정액,97200000,2026/03/04 ~ 2026/03/04,,
KR70111J0009,HANARO 증권고배당TOP3플러스,20260731,이익분배,40,.0038484258976,"10,638.86",0.00,현금(배당소득),확정,정액,184000000,2026/08/04 ~ 2026/08/04,,
KR70111J0009,HANARO 증권고배당TOP3플러스,20260630,이익분배,40,.0038484258976,"10,680.28",0.00,현금(배당소득),확정,정액,182000000,2026/07/02 ~ 2026/07/02,,
KR70111J0009,HANARO 증권고배당TOP3플러스,20260529,이익분배,40,.0038484258976,"10,713.78",0.00,현금(배당소득),확정,정액,236000000,2026/06/02 ~ 2026/06/02,,
KR70111J0009,HANARO 증권고배당TOP3플러스,20260430,이익분배,40,.0038484258976,"10,755.49",0.00,현금(배당소득),확정,정액,212000000,2026/05/06 ~ 2026/05/06,,
KR70111J0009,HANARO 증권고배당TOP3플러스,20260331,이익분배,30,.0028863194232,"10,610.67",0.00,현금(배당소득),확정,정액,156000000,2026/04/02 ~ 2026/04/02,,
KR70111J0009,HANARO 증권고배당TOP3플러스,20260227,이익분배,25,.002405266186,"10,509.04",0.00,현금(배당소득),확정,정액,166250000,2026/03/04 ~ 2026/03/04,,
KR70111J0009,HANARO 증권고배당TOP3플러스,20260130,이익분배,10,.0009621064744,"10,520.10",0.00,현금(배당소득),확정,정액,41500000,2026/02/03 ~ 2026/02/03,,
KR7099140006,KODEX 차이나H,20260731,이익분배,284,.01375942993325,"28,770.44",0.00,현금(배당소득),확정,정액,468600000,2026/08/04 ~ 2026/08/04,,
KR7099140006,KODEX 차이나H,20260430,이익분배,19,.00092052524201,"29,773.44",0.00,현금(배당소득),확정,정액,33250000,2026/05/06 ~ 2026/05/06,,
KR7099140006,KODEX 차이나H,20260130,이익분배,115,.00557160014903,"30,452.78",0.00,현금(배당소득),확정,정액,218500000,2026/02/03 ~ 2026/02/03,,
KR7099140006,KODEX 차이나H,20251031,이익분배,168,.00813938108728,"31,122.34",0.00,현금(배당소득),확정,정액,336000000,2025/11/04 ~ 2025/11/04,,
KR7099140006,KODEX 차이나H,20250731,이익분배,390,.01889499180975,"29,952.67",0.00,현금(배당소득),확정,정액,780000000,2025/08/04 ~ 2025/08/04,,
KR7099140006,KODEX 차이나H,20250131,이익분배,354,.01715083871962,"25,666.37",0.00,현금(배당소득),확정,정액,778800000,2025/02/04 ~ 2025/02/04,,
KR7487240004,KODEX AI전력핵심설비,20260731,이익분배,5,.00050181103603,"9,963.56",0.00,현금(배당소득),확정,정액,430500000,2026/08/04 ~ 2026/08/04,,
KR7487240004,KODEX AI전력핵심설비,20260430,이익분배,39,.00391412608103,"10,041.45",0.00,현금(배당소득),확정,정액,2648100000,2026/05/06 ~ 2026/05/06,,
KR7487240004,KODEX AI전력핵심설비,20250430,이익분배,119,.01194310265749,"10,050.57",0.00,현금(배당소득),확정,정액,2023000000,2025/05/07 ~ 2025/05/07,,
KR7494890007,KODEX 200액티브,20260731,이익분배,53,.00529447257064,"10,061.17",0.00,현금(배당소득),확정,정액,1945100000,2026/08/04 ~ 2026/08/04,,
KR7494890007,KODEX 200액티브,20260430,이익분배,132,.01318623357215,"10,153.79",0.00,현금(배당소득),확정,정액,5108400000,2026/05/06 ~ 2026/05/06,,
KR7494890007,KODEX 200액티브,20260130,이익분배,35,.0034963498108,"10,066.32",0.00,현금(배당소득),확정,정액,1246000000,2026/02/03 ~ 2026/02/03,,
KR7494890007,KODEX 200액티브,20251031,이익분배,38,.00379603693744,"10,051.50",0.00,현금(배당소득),확정,정액,1121000000,2025/11/04 ~ 2025/11/04,,
KR7494890007,KODEX 200액티브,20250731,이익분배,48,.00479499402624,"10,065.17",0.00,현금(배당소득),확정,정액,1368000000,2025/08/04 ~ 2025/08/04,,
KR7494890007,KODEX 200액티브,20250430,이익분배,120,.01198748506559,"10,156.64",0.00,현금(배당소득),확정,정액,2892000000,2025/05/07 ~ 2025/05/07,,
KR7105190003,ACE 200,20260731,이익분배,150,.0079575596817,"19,082.82",0.00,현금(배당소득),확정,정액,2482500000,2026/08/04 ~ 2026/08/04,,
KR7105190003,ACE 200,20260430,이익분배,550,.02917771883289,"19,478.72",0.00,현금(배당소득),확정,정액,8662500000,2026/05/06 ~ 2026/05/06,,
KR7105190003,ACE 200,20260130,이익분배,105,.00557029177719,"19,149.27",0.00,현금(배당소득),확정,정액,1443750000,2026/02/03 ~ 2026/02/03,,
KR7105190003,ACE 200,20251031,이익분배,165,.00875331564987,"19,111.28",0.00,현금(배당소득),확정,정액,1905750000,2025/11/04 ~ 2025/11/04,,
KR7105190003,ACE 200,20250731,이익분배,150,.0079575596817,"19,123.21",0.00,현금(배당소득),확정,정액,1740000000,2025/08/04 ~ 2025/08/04,,
KR7105190003,ACE 200,20250430,이익분배,820,.04350132625995,"19,836.11",0.00,현금(배당소득),확정,정액,10086000000,2025/05/07 ~ 2025/05/07,,
KR7251600003,PLUS 고배당주채권혼합,20260731,이익분배,50,.0049714094244,"10,614.20",0.00,현금(배당소득),확정,정액,1940000000,2026/08/04 ~ 2026/08/04,,
KR7251600003,PLUS 고배당주채권혼합,20260630,이익분배,48,.00477255304742,"10,657.98",0.00,현금(배당소득),확정,정액,1924800000,2026/07/02 ~ 2026/07/02,,
KR7251600003,PLUS 고배당주채권혼합,20260529,이익분배,48,.00477255304742,"10,675.15",0.00,현금(배당소득),확정,정액,2227200000,2026/06/02 ~ 2026/06/02,,
KR7251600003,PLUS 고배당주채권혼합,20260430,이익분배,48,.00477255304742,"10,738.39",0.00,현금(배당소득),확정,정액,2428800000,2026/05/06 ~ 2026/05/06,,
KR7251600003,PLUS 고배당주채권혼합,20260331,이익분배,48,.00477255304742,"10,683.25",0.00,현금(배당소득),확정,정액,2428800000,2026/04/02 ~ 2026/04/02,,
KR7251600003,PLUS 고배당주채권혼합,20260227,이익분배,48,.00477255304742,"10,685.99",0.00,현금(배당소득),확정,정액,2280000000,2026/03/04 ~ 2026/03/04,,
KR7251600003,PLUS 고배당주채권혼합,20260130,이익분배,48,.00477255304742,"10,718.23",0.00,현금(배당소득),확정,정액,1449600000,2026/02/03 ~ 2026/02/03,,
KR7251600003,PLUS 고배당주채권혼합,20251230,이익분배,45,.00447426848196,"10,739.58",0.00,현금(배당소득),확정,정액,1219500000,2026/01/05 ~ 2026/01/05,,
KR7251600003,PLUS 고배당주채권혼합,20251128,이익분배,45,.00447426848196,"10,786.40",0.00,현금(배당소득),확정,정액,1116000000,2025/12/02 ~ 2025/12/02,,
KR7251600003,PLUS 고배당주채권혼합,20251031,이익분배,45,.00447426848196,"10,865.04",0.00,현금(배당소득),확정,정액,1125000000,2025/11/04 ~ 2025/11/04,,
KR7251600003,PLUS 고배당주채권혼합,20250930,이익분배,45,.00447426848196,"10,919.39",0.00,현금(배당소득),확정,정액,1201500000,2025/10/02 ~ 2025/10/02,,
KR7251600003,PLUS 고배당주채권혼합,20250829,이익분배,45,.00447426848196,"10,979.53",0.00,현금(배당소득),확정,정액,1147500000,2025/09/02 ~ 2025/09/02,,
KR7251600003,PLUS 고배당주채권혼합,20250731,이익분배,45,.00447426848196,"10,982.17",0.00,현금(배당소득),확정,정액,1147500000,2025/08/04 ~ 2025/08/04,,
KR7251600003,PLUS 고배당주채권혼합,20250630,이익분배,45,.00447426848196,"11,009.86",0.00,현금(배당소득),확정,정액,733500000,2025/07/02 ~ 2025/07/02,,
KR7251600003,PLUS 고배당주채권혼합,20250530,이익분배,45,.00447426848196,"11,071.47",0.00,현금(배당소득),확정,정액,351000000,2025/06/04 ~ 2025/06/04,,
KR7251600003,PLUS 고배당주채권혼합,20250430,이익분배,45,.00447426848196,"11,094.95",0.00,현금(배당소득),확정,정액,243000000,2025/05/07 ~ 2025/05/07,,
KR7251600003,PLUS 고배당주채권혼합,20250331,이익분배,45,.00447426848196,"10,987.03",0.00,현금(배당소득),확정,정액,211500000,2025/04/02 ~ 2025/04/02,,
KR7251600003,PLUS 고배당주채권혼합,20250228,이익분배,45,.00447426848196,"10,903.35",0.00,현금(배당소득),확정,정액,198000000,2025/03/05 ~ 2025/03/05,,
KR7251600003,PLUS 고배당주채권혼합,20250131,이익분배,45,.00447426848196,"10,933.94",0.00,현금(배당소득),확정,정액,184500000,2025/02/04 ~ 2025/02/04,,
KR7251600003,PLUS 고배당주채권혼합,20241230,이익분배,40,.00397712753952,"10,885.42",0.00,현금(배당소득),확정,정액,156000000,2025/01/03 ~ 2025/01/03,,
KR7251600003,PLUS 고배당주채권혼합,20241129,이익분배,40,.00397712753952,"10,922.85",0.00,현금(배당소득),확정,정액,148000000,2024/12/03 ~ 2024/12/03,,
KR7251600003,PLUS 고배당주채권혼합,20241031,이익분배,40,.00397712753952,"10,904.33",0.00,현금(배당소득),확정,정액,148000000,2024/11/04 ~ 2024/11/04,,
KR7251600003,PLUS 고배당주채권혼합,20240930,이익분배,40,.00397712753952,"10,939.07",0.00,현금(배당소득),확정,정액,144000000,2024/10/04 ~ 2024/10/04,,
KR7251600003,PLUS 고배당주채권혼합,20240830,이익분배,40,.00397712753952,"10,950.07",0.00,현금(배당소득),확정,정액,132000000,2024/09/03 ~ 2024/09/03,,
KR70013P0000,RISE 미국은행TOP10,20260731,이익분배,22,.0022,"13,570.53",0.00,현금(배당소득),확정,정액,24200000,2026/08/04 ~ 2026/08/04,,
KR70013P0000,RISE 미국은행TOP10,20260630,이익분배,18,.0018,"13,882.71",0.00,현금(배당소득),확정,정액,18000000,2026/07/02 ~ 2026/07/02,,
KR70013P0000,RISE 미국은행TOP10,20260529,이익분배,21,.0021,"12,401.04",0.00,현금(배당소득),확정,정액,27300000,2026/06/02 ~ 2026/06/02,,
KR70013P0000,RISE 미국은행TOP10,20260430,이익분배,19,.0019,"12,188.68",0.00,현금(배당소득),확정,정액,24700000,2026/05/06 ~ 2026/05/06,,
KR70013P0000,RISE 미국은행TOP10,20260331,이익분배,17,.0017,"11,456.05",0.00,현금(배당소득),확정,정액,22100000,2026/04/02 ~ 2026/04/02,,
KR70013P0000,RISE 미국은행TOP10,20260227,이익분배,21,.0021,"11,249.58",0.00,현금(배당소득),확정,정액,27300000,2026/03/04 ~ 2026/03/04,,
KR70013P0000,RISE 미국은행TOP10,20260130,이익분배,22,.0022,"11,818.15",0.00,현금(배당소득),확정,정액,29700000,2026/02/03 ~ 2026/02/03,,
KR70013P0000,RISE 미국은행TOP10,20251230,이익분배,22,.0022,"12,472.83",0.00,현금(배당소득),확정,정액,27500000,2026/01/05 ~ 2026/01/05,,
KR70013P0000,RISE 미국은행TOP10,20251128,이익분배,19,.0019,"11,495.23",0.00,현금(배당소득),확정,정액,19950000,2025/12/02 ~ 2025/12/02,,
KR70013P0000,RISE 미국은행TOP10,20251031,이익분배,19,.0019,"11,426.52",0.00,현금(배당소득),확정,정액,19000000,2025/11/04 ~ 2025/11/04,,
KR70013P0000,RISE 미국은행TOP10,20250930,이익분배,19,.0019,"11,161.26",0.00,현금(배당소득),확정,정액,19000000,2025/10/02 ~ 2025/10/02,,
KR70013P0000,RISE 미국은행TOP10,20250829,이익분배,18,.0018,"10,593.49",0.00,현금(배당소득),확정,정액,15300000,2025/09/02 ~ 2025/09/02,,
KR70013P0000,RISE 미국은행TOP10,20250731,이익분배,18,.0018,"10,369.43",0.00,현금(배당소득),확정,정액,15300000,2025/08/04 ~ 2025/08/04,,
KR70013P0000,RISE 미국은행TOP10,20250630,이익분배,17,.0017,"9,509.98",0.00,현금(배당소득),확정,정액,14450000,2025/07/02 ~ 2025/07/02,,
KR70013P0000,RISE 미국은행TOP10,20250530,이익분배,18,.0018,"9,096.88",0.00,현금(배당소득),확정,정액,15300000,2025/06/04 ~ 2025/06/04,,
KR70013P0000,RISE 미국은행TOP10,20250430,이익분배,21,.0021,"8,633.41",0.00,현금(배당소득),확정,정액,18900000,2025/05/07 ~ 2025/05/07,,
KR7372330001,KODEX 차이나항셍테크,20260731,이익분배,51,.0051,"7,643.42",0.00,현금(배당소득),확정,정액,882300000,2026/08/04 ~ 2026/08/04,,
KR7372330001,KODEX 차이나항셍테크,20260430,이익분배,6,.0006,"8,101.22",0.00,현금(배당소득),확정,정액,115500000,2026/05/06 ~ 2026/05/06,,
KR7372330001,KODEX 차이나항셍테크,20260130,이익분배,8,.0008,"9,124.67",0.00,현금(배당소득),확정,정액,171200000,2026/02/03 ~ 2026/02/03,,
KR7372330001,KODEX 차이나항셍테크,20251031,이익분배,11,.0011,"9,757.16",0.00,현금(배당소득),확정,정액,220550000,2025/11/04 ~ 2025/11/04,,
KR7372330001,KODEX 차이나항셍테크,20250731,이익분배,52,.0052,"8,731.45",0.00,현금(배당소득),확정,정액,1110200000,2025/08/04 ~ 2025/08/04,,
KR7372330001,KODEX 차이나항셍테크,20250131,이익분배,8,.0008,"7,323.59",0.00,현금(배당소득),확정,정액,160000000,2025/02/04 ~ 2025/02/04,,
KR7447660002,PLUS 애플채권혼합,20260731,이익분배,25,.0025,"14,164.87",0.00,현금(배당소득),확정,정액,37500000,2026/08/04 ~ 2026/08/04,,
KR7447660002,PLUS 애플채권혼합,20260430,이익분배,20,.002,"13,236.55",0.00,현금(배당소득),확정,정액,25000000,2026/05/06 ~ 2026/05/06,,
KR7447660002,PLUS 애플채권혼합,20260130,이익분배,20,.002,"12,990.49",0.00,현금(배당소득),확정,정액,26000000,2026/02/03 ~ 2026/02/03,,
KR7447660002,PLUS 애플채권혼합,20251031,이익분배,20,.002,"13,248.47",0.00,현금(배당소득),확정,정액,29000000,2025/11/04 ~ 2025/11/04,,
KR7447660002,PLUS 애플채권혼합,20250731,이익분배,20,.002,"12,259.03",0.00,현금(배당소득),확정,정액,33000000,2025/08/04 ~ 2025/08/04,,
KR7447660002,PLUS 애플채권혼합,20250430,이익분배,30,.003,"12,321.05",0.00,현금(배당소득),확정,정액,51000000,2025/05/07 ~ 2025/05/07,,
KR7447660002,PLUS 애플채권혼합,20250131,이익분배,30,.003,"12,406.40",0.00,현금(배당소득),확정,정액,40500000,2025/02/04 ~ 2025/02/04,,
KR7447660002,PLUS 애플채권혼합,20241031,이익분배,40,.004,"12,305.39",0.00,현금(배당소득),확정,정액,52000000,2024/11/04 ~ 2024/11/04,,
KR7442550000,RISE TDF2030액티브 적격,20260731,이익분배,49,.0049,"14,209.42",0.00,현금(배당소득),확정,정액,75950000,2026/08/04 ~ 2026/08/04,,
KR7442550000,RISE TDF2030액티브 적격,20251230,이익분배,131,.0131,"13,904.46",0.00,현금(배당소득),확정,정액,111350000,2026/01/05 ~ 2026/01/05,,
KR7464470004,PLUS 미국채30년액티브,20260731,이익분배,100,.002,"51,423.59",0.00,현금(배당소득),확정,정액,82400000,2026/08/04 ~ 2026/08/04,,
KR7464470004,PLUS 미국채30년액티브,20260630,이익분배,109,.00218,"56,404.59",0.00,현금(배당소득),확정,정액,89816000,2026/07/02 ~ 2026/07/02,,
KR7464470004,PLUS 미국채30년액티브,20260529,이익분배,106,.00212,"53,858.49",0.00,현금(배당소득),확정,정액,87344000,2026/06/02 ~ 2026/06/02,,
KR7464470004,PLUS 미국채30년액티브,20260430,이익분배,108,.00216,"53,499.03",0.00,현금(배당소득),확정,정액,88992000,2026/05/06 ~ 2026/05/06,,
KR7464470004,PLUS 미국채30년액티브,20260331,이익분배,108,.00216,"54,667.49",0.00,현금(배당소득),확정,정액,94392000,2026/04/02 ~ 2026/04/02,,
KR7464470004,PLUS 미국채30년액티브,20260227,이익분배,108,.00216,"54,107.52",0.00,현금(배당소득),확정,정액,107352000,2026/03/04 ~ 2026/03/04,,
KR7464470004,PLUS 미국채30년액티브,20260130,이익분배,107,.00214,"52,536.81",0.00,현금(배당소득),확정,정액,106358000,2026/02/03 ~ 2026/02/03,,
KR7464470004,PLUS 미국채30년액티브,20251230,이익분배,108,.00216,"53,441.40",0.00,현금(배당소득),확정,정액,111672000,2026/01/05 ~ 2026/01/05,,
KR7464470004,PLUS 미국채30년액티브,20251128,이익분배,110,.0022,"55,602.01",0.00,현금(배당소득),확정,정액,113740000,2025/12/02 ~ 2025/12/02,,
KR7464470004,PLUS 미국채30년액티브,20251031,이익분배,110,.0022,"55,419.04",0.00,현금(배당소득),확정,정액,113740000,2025/11/04 ~ 2025/11/04,,
KR7464470004,PLUS 미국채30년액티브,20250930,이익분배,98,.00196,"52,761.33",0.00,현금(배당소득),확정,정액,120932000,2025/10/02 ~ 2025/10/02,,
KR7464470004,PLUS 미국채30년액티브,20250829,이익분배,100,.002,"50,764.75",0.00,현금(배당소득),확정,정액,117400000,2025/09/02 ~ 2025/09/02,,
KR7464470004,PLUS 미국채30년액티브,20250731,이익분배,99,.00198,"50,072.16",0.00,현금(배당소득),확정,정액,112266000,2025/08/04 ~ 2025/08/04,,
KR7464470004,PLUS 미국채30년액티브,20250630,이익분배,99,.00198,"49,654.41",0.00,현금(배당소득),확정,정액,104346000,2025/07/02 ~ 2025/07/02,,
KR7464470004,PLUS 미국채30년액티브,20250530,이익분배,96,.00192,"49,146.07",0.00,현금(배당소득),확정,정액,97344000,2025/06/04 ~ 2025/06/04,,
KR7464470004,PLUS 미국채30년액티브,20250430,이익분배,102,.00204,"53,336.85",0.00,현금(배당소득),확정,정액,97308000,2025/05/07 ~ 2025/05/07,,
KR7464470004,PLUS 미국채30년액티브,20250331,이익분배,110,.0022,"54,232.65",0.00,현금(배당소득),확정,정액,93940000,2025/04/02 ~ 2025/04/02,,
KR7449190008,KODEX 미국나스닥100(H),20260731,이익분배,33,.0033,"20,950.30",0.00,현금(배당소득),확정,정액,872850000,2026/08/04 ~ 2026/08/04,,
KR7449190008,KODEX 미국나스닥100(H),20260430,이익분배,30,.003,"20,715.52",0.00,현금(배당소득),확정,정액,789000000,2026/05/06 ~ 2026/05/06,,
KR7449190008,KODEX 미국나스닥100(H),20260130,이익분배,30,.003,"19,835.52",0.00,현금(배당소득),확정,정액,772500000,2026/02/03 ~ 2026/02/03,,
KR7449190008,KODEX 미국나스닥100(H),20251031,이익분배,25,.0025,"20,012.28",0.00,현금(배당소득),확정,정액,620000000,2025/11/04 ~ 2025/11/04,,
KR7449190008,KODEX 미국나스닥100(H),20250731,이익분배,23,.0023,"18,087.89",0.00,현금(배당소득),확정,정액,606050000,2025/08/04 ~ 2025/08/04,,
KR7449190008,KODEX 미국나스닥100(H),20250430,이익분배,26,.0026,"15,166.50",0.00,현금(배당소득),확정,정액,664300000,2025/05/07 ~ 2025/05/07,,
KR7449190008,KODEX 미국나스닥100(H),20250131,이익분배,23,.0023,"17,137.20",0.00,현금(배당소득),확정,정액,473800000,2025/02/04 ~ 2025/02/04,,
KR7449190008,KODEX 미국나스닥100(H),20241031,이익분배,22,.0022,"16,029.43",0.00,현금(배당소득),확정,정액,392700000,2024/11/04 ~ 2024/11/04,,
KR7476690003,TIGER 글로벌비만치료제TOP2Plus,20260731,이익분배,11,.0011,"11,719.76",0.00,현금(배당소득),확정,정액,35200000,2026/08/04 ~ 2026/08/04,,
KR7476690003,TIGER 글로벌비만치료제TOP2Plus,20260630,이익분배,15,.0015,"11,783.27",0.00,현금(배당소득),확정,정액,50250000,2026/07/02 ~ 2026/07/02,,
KR7476690003,TIGER 글로벌비만치료제TOP2Plus,20260529,이익분배,12,.0012,"10,986.89",0.00,현금(배당소득),확정,정액,46800000,2026/06/02 ~ 2026/06/02,,
KR7476690003,TIGER 글로벌비만치료제TOP2Plus,20260430,이익분배,12,.0012,"9,906.57",0.00,현금(배당소득),확정,정액,50400000,2026/05/06 ~ 2026/05/06,,
KR7476690003,TIGER 글로벌비만치료제TOP2Plus,20260331,이익분배,33,.0033,"10,033.53",0.00,현금(배당소득),확정,정액,146850000,2026/04/02 ~ 2026/04/02,,
KR7476690003,TIGER 글로벌비만치료제TOP2Plus,20260227,이익분배,12,.0012,"10,549.19",0.00,현금(배당소득),확정,정액,60000000,2026/03/04 ~ 2026/03/04,,
KR7476690003,TIGER 글로벌비만치료제TOP2Plus,20260130,이익분배,12,.0012,"11,295.74",0.00,현금(배당소득),확정,정액,64800000,2026/02/03 ~ 2026/02/03,,
KR7476690003,TIGER 글로벌비만치료제TOP2Plus,20251230,이익분배,12,.0012,"10,816.92",0.00,현금(배당소득),확정,정액,68400000,2026/01/05 ~ 2026/01/05,,
KR7476690003,TIGER 글로벌비만치료제TOP2Plus,20251128,이익분배,12,.0012,"10,791.80",0.00,현금(배당소득),확정,정액,70800000,2025/12/02 ~ 2025/12/02,,
KR7476690003,TIGER 글로벌비만치료제TOP2Plus,20251031,이익분배,12,.0012,"9,345.86",0.00,현금(배당소득),확정,정액,78600000,2025/11/04 ~ 2025/11/04,,
KR7476690003,TIGER 글로벌비만치료제TOP2Plus,20250930,이익분배,10,.001,"8,800.61",0.00,현금(배당소득),확정,정액,70500000,2025/10/02 ~ 2025/10/02,,
KR7476690003,TIGER 글로벌비만치료제TOP2Plus,20250829,이익분배,15,.0015,"8,899.25",0.00,현금(배당소득),확정,정액,108000000,2025/09/02 ~ 2025/09/02,,
KR7476690003,TIGER 글로벌비만치료제TOP2Plus,20250731,이익분배,12,.0012,"9,282.44",0.00,현금(배당소득),확정,정액,77400000,2025/08/04 ~ 2025/08/04,,
KR7476690003,TIGER 글로벌비만치료제TOP2Plus,20250630,이익분배,15,.0015,"8,866.05",0.00,현금(배당소득),확정,정액,105750000,2025/07/02 ~ 2025/07/02,,
KR7476690003,TIGER 글로벌비만치료제TOP2Plus,20250530,이익분배,14,.0014,"8,834.45",0.00,현금(배당소득),확정,정액,119700000,2025/06/04 ~ 2025/06/04,,
KR7476690003,TIGER 글로벌비만치료제TOP2Plus,20250430,이익분배,16,.0016,"9,496.40",0.00,현금(배당소득),확정,정액,134400000,2025/05/07 ~ 2025/05/07,,
KR7476690003,TIGER 글로벌비만치료제TOP2Plus,20250331,이익분배,18,.0018,"9,957.94",0.00,현금(배당소득),확정,정액,218700000,2025/04/02 ~ 2025/04/02,,
KR7476690003,TIGER 글로벌비만치료제TOP2Plus,20250228,이익분배,25,.0025,"10,643.83",0.00,현금(배당소득),확정,정액,318750000,2025/03/05 ~ 2025/03/05,,
KR7476690003,TIGER 글로벌비만치료제TOP2Plus,20250131,이익분배,12,.0012,"9,504.96",0.00,현금(배당소득),확정,정액,178200000,2025/02/04 ~ 2025/02/04,,
KR7476690003,TIGER 글로벌비만치료제TOP2Plus,20241230,이익분배,15,.0015,"9,951.49",0.00,현금(배당소득),확정,정액,260250000,2025/01/03 ~ 2025/01/03,,
KR7476690003,TIGER 글로벌비만치료제TOP2Plus,20241129,이익분배,12,.0012,"9,975.64",0.00,현금(배당소득),확정,정액,214200000,2024/12/03 ~ 2024/12/03,,
KR7476690003,TIGER 글로벌비만치료제TOP2Plus,20241031,이익분배,12,.0012,"11,015.03",0.00,현금(배당소득),확정,정액,226200000,2024/11/04 ~ 2024/11/04,,
KR7476690003,TIGER 글로벌비만치료제TOP2Plus,20240930,이익분배,15,.0015,"11,059.76",0.00,현금(배당소득),확정,정액,279750000,2024/10/04 ~ 2024/10/04,,
KR7476690003,TIGER 글로벌비만치료제TOP2Plus,20240830,이익분배,20,.002,"11,748.66",0.00,현금(배당소득),확정,정액,339000000,2024/09/03 ~ 2024/09/03,,
KR7437370000,RISE 글로벌농업경제,20260731,이익분배,72,.0072,"11,354.84",0.00,현금(배당소득),확정,정액,50400000,2026/08/04 ~ 2026/08/04,,
KR7437370000,RISE 글로벌농업경제,20251230,이익분배,221,.0221,"9,842.05",0.00,현금(배당소득),확정,정액,132600000,2026/01/05 ~ 2026/01/05,,
KR70018Z0003,RISE 미국양자컴퓨팅,20260731,이익분배,43,.0043,"16,951.92",0.00,현금(배당소득),확정,정액,43000000,2026/08/04 ~ 2026/08/04,,
KR70018Z0003,RISE 미국양자컴퓨팅,20251230,이익분배,48,.0048,"16,362.02",0.00,현금(배당소득),확정,정액,48000000,2026/01/05 ~ 2026/01/05,,
KR7469170005,ACE 포스코그룹포커스,20260731,이익분배,8,.00088820398493,"9,038.64",0.00,현금(배당소득),확정,정액,158000000,2026/08/04 ~ 2026/08/04,,
KR7469170005,ACE 포스코그룹포커스,20260430,이익분배,40,.00444101992464,"9,073.68",0.00,현금(배당소득),확정,정액,568000000,2026/05/06 ~ 2026/05/06,,
KR7469170005,ACE 포스코그룹포커스,20260130,이익분배,13,.00144333147551,"9,044.31",0.00,현금(배당소득),확정,정액,207350000,2026/02/03 ~ 2026/02/03,,
KR7469170005,ACE 포스코그룹포커스,20251031,이익분배,10,.00111025498116,"9,047.69",0.00,현금(배당소득),확정,정액,159000000,2025/11/04 ~ 2025/11/04,,
KR7469170005,ACE 포스코그룹포커스,20250731,이익분배,7,.00077717848681,"9,027.93",0.00,현금(배당소득),확정,정액,91000000,2025/08/04 ~ 2025/08/04,,
KR7469170005,ACE 포스코그룹포커스,20250430,이익분배,40,.004,"9,061.09",0.00,현금(배당소득),확정,정액,430000000,2025/05/07 ~ 2025/05/07,,
KR7469170005,ACE 포스코그룹포커스,20250131,이익분배,8,.0008,"9,003.46",0.00,현금(배당소득),확정,정액,62000000,2025/02/04 ~ 2025/02/04,,
KR7469170005,ACE 포스코그룹포커스,20241031,이익분배,12,.0012,"9,012.36",0.00,현금(배당소득),확정,정액,85200000,2024/11/04 ~ 2024/11/04,,
KR7469060008,RISE 미국반도체NYSE,20260731,이익분배,44,.0044,"34,139.50",0.00,현금(배당소득),확정,정액,92400000,2026/08/04 ~ 2026/08/04,,
KR7469060008,RISE 미국반도체NYSE,20260430,이익분배,43,.0043,"32,262.95",0.00,현금(배당소득),확정,정액,70950000,2026/05/06 ~ 2026/05/06,,
KR7469060008,RISE 미국반도체NYSE,20260130,이익분배,40,.004,"24,051.27",0.00,현금(배당소득),확정,정액,56000000,2026/02/03 ~ 2026/02/03,,
KR7469060008,RISE 미국반도체NYSE,20251031,이익분배,30,.003,"21,022.13",0.00,현금(배당소득),확정,정액,34500000,2025/11/04 ~ 2025/11/04,,
KR7469060008,RISE 미국반도체NYSE,20250731,이익분배,40,.004,"16,505.03",0.00,현금(배당소득),확정,정액,38000000,2025/08/04 ~ 2025/08/04,,
KR7469060008,RISE 미국반도체NYSE,20250430,이익분배,30,.003,"12,885.75",0.00,현금(배당소득),확정,정액,28500000,2025/05/07 ~ 2025/05/07,,
KR7469060008,RISE 미국반도체NYSE,20250131,이익분배,40,.004,"16,397.61",0.00,현금(배당소득),확정,정액,34000000,2025/02/04 ~ 2025/02/04,,
KR7469060008,RISE 미국반도체NYSE,20241031,이익분배,50,.005,"15,432.84",0.00,현금(배당소득),확정,정액,117500000,2024/11/04 ~ 2024/11/04,,
KR7465670008,TIGER 미국캐시카우100,20260731,이익분배,18,.0018,"16,867.98",0.00,현금(배당소득),확정,정액,14400000,2026/08/04 ~ 2026/08/04,,
KR7465670008,TIGER 미국캐시카우100,20260630,이익분배,25,.0025,"16,131.33",0.00,현금(배당소득),확정,정액,20000000,2026/07/02 ~ 2026/07/02,,
KR7465670008,TIGER 미국캐시카우100,20260529,이익분배,17,.0017,"16,001.08",0.00,현금(배당소득),확정,정액,13600000,2026/06/02 ~ 2026/06/02,,
KR7465670008,TIGER 미국캐시카우100,20260430,이익분배,16,.0016,"15,063.31",0.00,현금(배당소득),확정,정액,13600000,2026/05/06 ~ 2026/05/06,,
KR7465670008,TIGER 미국캐시카우100,20260331,이익분배,12,.0012,"15,026.40",0.00,현금(배당소득),확정,정액,10200000,2026/04/02 ~ 2026/04/02,,
KR7465670008,TIGER 미국캐시카우100,20260227,이익분배,21,.0021,"14,558.94",0.00,현금(배당소득),확정,정액,18900000,2026/03/04 ~ 2026/03/04,,
KR7465670008,TIGER 미국캐시카우100,20260130,이익분배,16,.0016,"14,540.90",0.00,현금(배당소득),확정,정액,14400000,2026/02/03 ~ 2026/02/03,,
KR7465670008,TIGER 미국캐시카우100,20251230,이익분배,35,.0035,"14,633.63",0.00,현금(배당소득),확정,정액,29750000,2026/01/05 ~ 2026/01/05,,
KR7465670008,TIGER 미국캐시카우100,20251128,이익분배,26,.0026,"14,258.14",0.00,현금(배당소득),확정,정액,20800000,2025/12/02 ~ 2025/12/02,,
KR7465670008,TIGER 미국캐시카우100,20251031,이익분배,15,.0015,"13,945.76",0.00,현금(배당소득),확정,정액,12750000,2025/11/04 ~ 2025/11/04,,
KR7465670008,TIGER 미국캐시카우100,20250930,이익분배,30,.003,"13,679.93",0.00,현금(배당소득),확정,정액,30000000,2025/10/02 ~ 2025/10/02,,
KR7465670008,TIGER 미국캐시카우100,20250829,이익분배,25,.0025,"13,325.02",0.00,현금(배당소득),확정,정액,22500000,2025/09/02 ~ 2025/09/02,,
KR7465670008,TIGER 미국캐시카우100,20250731,이익분배,34,.0034,"12,918.21",0.00,현금(배당소득),확정,정액,35700000,2025/08/04 ~ 2025/08/04,,
KR7465670008,TIGER 미국캐시카우100,20250630,이익분배,26,.0026,"11,855.89",0.00,현금(배당소득),확정,정액,27300000,2025/07/02 ~ 2025/07/02,,
KR7465670008,TIGER 미국캐시카우100,20250530,이익분배,20,.002,"12,044.90",0.00,현금(배당소득),확정,정액,21000000,2025/06/04 ~ 2025/06/04,,
KR7465670008,TIGER 미국캐시카우100,20250430,이익분배,30,.003,"11,852.65",0.00,현금(배당소득),확정,정액,31500000,2025/05/07 ~ 2025/05/07,,
KR7465670008,TIGER 미국캐시카우100,20250331,이익분배,30,.003,"12,906.20",0.00,현금(배당소득),확정,정액,31500000,2025/04/02 ~ 2025/04/02,,
KR7465670008,TIGER 미국캐시카우100,20250228,이익분배,23,.0023,"12,948.57",0.00,현금(배당소득),확정,정액,24150000,2025/03/05 ~ 2025/03/05,,
KR7465670008,TIGER 미국캐시카우100,20250131,이익분배,17,.0017,"13,021.76",0.00,현금(배당소득),확정,정액,17000000,2025/02/04 ~ 2025/02/04,,
KR7465670008,TIGER 미국캐시카우100,20241230,이익분배,26,.0026,"13,108.22",0.00,현금(배당소득),확정,정액,26000000,2025/01/03 ~ 2025/01/03,,
KR7465670008,TIGER 미국캐시카우100,20241129,이익분배,22,.0022,"13,252.64",0.00,현금(배당소득),확정,정액,22000000,2024/12/03 ~ 2024/12/03,,
KR7465670008,TIGER 미국캐시카우100,20241031,이익분배,20,.002,"12,457.66",0.00,현금(배당소득),확정,정액,27000000,2024/11/04 ~ 2024/11/04,,
KR7465670008,TIGER 미국캐시카우100,20240930,이익분배,18,.0018,"11,826.98",0.00,현금(배당소득),확정,정액,27000000,2024/10/04 ~ 2024/10/04,,
KR7465670008,TIGER 미국캐시카우100,20240830,이익분배,24,.0024,"11,971.69",0.00,현금(배당소득),확정,정액,39600000,2024/09/03 ~ 2024/09/03,,
KR7475350005,RISE 버크셔포트폴리오TOP10,20260731,이익분배,85,.0085,"15,535.41",0.00,현금(배당소득),확정,정액,391000000,2026/08/04 ~ 2026/08/04,,
KR7475350005,RISE 버크셔포트폴리오TOP10,20251230,이익분배,152,.0152,"14,371.41",0.00,현금(배당소득),확정,정액,775200000,2026/01/05 ~ 2026/01/05,,
KR7494410004,PLUS 미국S&P500성장주,20260731,이익분배,15,.0015,"14,114.33",0.00,현금(배당소득),확정,정액,33000000,2026/08/04 ~ 2026/08/04,,
KR7494410004,PLUS 미국S&P500성장주,20260430,이익분배,20,.002,"14,224.94",0.00,현금(배당소득),확정,정액,44000000,2026/05/06 ~ 2026/05/06,,
KR7494410004,PLUS 미국S&P500성장주,20260130,이익분배,20,.002,"13,230.46",0.00,현금(배당소득),확정,정액,46000000,2026/02/03 ~ 2026/02/03,,
KR7494410004,PLUS 미국S&P500성장주,20251031,이익분배,20,.002,"13,336.87",0.00,현금(배당소득),확정,정액,44000000,2025/11/04 ~ 2025/11/04,,
KR7494410004,PLUS 미국S&P500성장주,20250731,이익분배,25,.0025,"11,800.54",0.00,현금(배당소득),확정,정액,57500000,2025/08/04 ~ 2025/08/04,,
KR7494410004,PLUS 미국S&P500성장주,20250430,이익분배,20,.002,"10,103.37",0.00,현금(배당소득),확정,정액,50000000,2025/05/07 ~ 2025/05/07,,
KR7494410004,PLUS 미국S&P500성장주,20250131,이익분배,15,.0015,"11,355.20",0.00,현금(배당소득),확정,정액,30000000,2025/02/04 ~ 2025/02/04,,
KR70089C0004,KODEX 미국S&P500변동성확대시커버드콜,20260731,이익분배,9,.0009,"11,611.81",0.00,현금(배당소득),확정,정액,49050000,2026/08/04 ~ 2026/08/04,,
KR70089C0004,KODEX 미국S&P500변동성확대시커버드콜,20260630,이익분배,12,.0012,"12,192.83",0.00,현금(배당소득),확정,정액,65400000,2026/07/02 ~ 2026/07/02,,
KR70089C0004,KODEX 미국S&P500변동성확대시커버드콜,20260529,이익분배,10,.001,"12,212.90",0.00,현금(배당소득),확정,정액,65500000,2026/06/02 ~ 2026/06/02,,
KR70089C0004,KODEX 미국S&P500변동성확대시커버드콜,20260430,이익분배,7,.0007,"11,442.22",0.00,현금(배당소득),확정,정액,45850000,2026/05/06 ~ 2026/05/06,,
KR70089C0004,KODEX 미국S&P500변동성확대시커버드콜,20260331,이익분배,138,.0138,"11,056.38",0.00,현금(배당소득),확정,정액,1055700000,2026/04/02 ~ 2026/04/02,,
KR70089C0004,KODEX 미국S&P500변동성확대시커버드콜,20260227,이익분배,10,.001,"10,764.68",0.00,현금(배당소득),확정,정액,76500000,2026/03/04 ~ 2026/03/04,,
KR70089C0004,KODEX 미국S&P500변동성확대시커버드콜,20260130,이익분배,9,.0009,"11,006.95",0.00,현금(배당소득),확정,정액,68850000,2026/02/03 ~ 2026/02/03,,
KR70089C0004,KODEX 미국S&P500변동성확대시커버드콜,20251230,이익분배,11,.0011,"11,140.53",0.00,현금(배당소득),확정,정액,84150000,2026/01/05 ~ 2026/01/05,,
KR70089C0004,KODEX 미국S&P500변동성확대시커버드콜,20251128,이익분배,11,.0011,"11,066.86",0.00,현금(배당소득),확정,정액,101200000,2025/12/02 ~ 2025/12/02,,
KR70089C0004,KODEX 미국S&P500변동성확대시커버드콜,20251031,이익분배,7,.0007,"11,038.28",0.00,현금(배당소득),확정,정액,72100000,2025/11/04 ~ 2025/11/04,,
KR70089C0004,KODEX 미국S&P500변동성확대시커버드콜,20250930,이익분배,15,.0015,"10,475.39",0.00,현금(배당소득),확정,정액,126750000,2025/10/02 ~ 2025/10/02,,
KR7490590007,RISE 미국AI밸류체인데일리고정커버드콜,20260731,이익분배,218,.0218,"13,985.17",0.00,현금(배당소득),확정,정액,11815600000,2026/08/04 ~ 2026/08/04,,
KR7490590007,RISE 미국AI밸류체인데일리고정커버드콜,20260630,이익분배,377,.0377,"16,745.17",0.00,현금(배당소득),확정,정액,18473000000,2026/07/02 ~ 2026/07/02,,
KR7490590007,RISE 미국AI밸류체인데일리고정커버드콜,20260529,이익분배,323,.0323,"17,340.80",0.00,현금(배당소득),확정,정액,13630600000,2026/06/02 ~ 2026/06/02,,
KR7490590007,RISE 미국AI밸류체인데일리고정커버드콜,20260430,이익분배,374,.0374,"15,619.17",0.00,현금(배당소득),확정,정액,13557500000,2026/05/06 ~ 2026/05/06,,
KR7490590007,RISE 미국AI밸류체인데일리고정커버드콜,20260331,이익분배,199,.0199,"12,895.65",0.00,현금(배당소득),확정,정액,7203800000,2026/04/02 ~ 2026/04/02,,
KR7490590007,RISE 미국AI밸류체인데일리고정커버드콜,20260227,이익분배,152,.0152,"12,902.58",0.00,현금(배당소득),확정,정액,5935600000,2026/03/04 ~ 2026/03/04,,
KR7490590007,RISE 미국AI밸류체인데일리고정커버드콜,20260130,이익분배,168,.0168,"13,688.08",0.00,현금(배당소득),확정,정액,6812400000,2026/02/03 ~ 2026/02/03,,
KR7490590007,RISE 미국AI밸류체인데일리고정커버드콜,20251230,이익분배,186,.0186,"13,658.03",0.00,현금(배당소득),확정,정액,6826200000,2026/01/05 ~ 2026/01/05,,
KR7490590007,RISE 미국AI밸류체인데일리고정커버드콜,20251128,이익분배,227,.0227,"13,564.56",0.00,현금(배당소득),확정,정액,7422900000,2025/12/02 ~ 2025/12/02,,
KR7490590007,RISE 미국AI밸류체인데일리고정커버드콜,20251031,이익분배,258,.0258,"15,229.93",0.00,현금(배당소득),확정,정액,6746700000,2025/11/04 ~ 2025/11/04,,
KR7490590007,RISE 미국AI밸류체인데일리고정커버드콜,20250930,이익분배,185,.0185,"13,553.62",0.00,현금(배당소득),확정,정액,3912750000,2025/10/02 ~ 2025/10/02,,
KR7490590007,RISE 미국AI밸류체인데일리고정커버드콜,20250829,이익분배,155,.0155,"12,476.27",0.00,현금(배당소득),확정,정액,2503250000,2025/09/02 ~ 2025/09/02,,
KR7490590007,RISE 미국AI밸류체인데일리고정커버드콜,20250731,이익분배,145,.0145,"12,412.87",0.00,현금(배당소득),확정,정액,2059000000,2025/08/04 ~ 2025/08/04,,
KR7490590007,RISE 미국AI밸류체인데일리고정커버드콜,20250630,이익분배,183,.0183,"11,307.20",0.00,현금(배당소득),확정,정액,1738500000,2025/07/02 ~ 2025/07/02,,
KR7490590007,RISE 미국AI밸류체인데일리고정커버드콜,20250530,이익분배,200,.02,"10,321.38",0.00,현금(배당소득),확정,정액,1460000000,2025/06/04 ~ 2025/06/04,,
KR7490590007,RISE 미국AI밸류체인데일리고정커버드콜,20250430,이익분배,274,.0274,"9,448.19",0.00,현금(배당소득),확정,정액,1698800000,2025/05/07 ~ 2025/05/07,,
KR7490590007,RISE 미국AI밸류체인데일리고정커버드콜,20250331,이익분배,203,.0203,"10,012.71",0.00,현금(배당소득),확정,정액,852600000,2025/04/02 ~ 2025/04/02,,
KR7490590007,RISE 미국AI밸류체인데일리고정커버드콜,20250228,이익분배,185,.0185,"10,458.06",0.00,현금(배당소득),확정,정액,555000000,2025/03/05 ~ 2025/03/05,,
KR7490590007,RISE 미국AI밸류체인데일리고정커버드콜,20250131,이익분배,181,.0181,"11,935.62",0.00,현금(배당소득),확정,정액,325800000,2025/02/04 ~ 2025/02/04,,
KR7490590007,RISE 미국AI밸류체인데일리고정커버드콜,20241230,이익분배,200,.02,"11,852.46",0.00,현금(배당소득),확정,정액,230000000,2025/01/03 ~ 2025/01/03,,
KR7490590007,RISE 미국AI밸류체인데일리고정커버드콜,20241129,이익분배,196,.0196,"11,375.55",0.00,현금(배당소득),확정,정액,147000000,2024/12/03 ~ 2024/12/03,,
KR7490590007,RISE 미국AI밸류체인데일리고정커버드콜,20241031,이익분배,167,.0167,"11,044.89",0.00,현금(배당소득),확정,정액,125250000,2024/11/04 ~ 2024/11/04,,
KR7491090007,KODEX 미국테크TOP3플러스,20260731,이익분배,18,.0018,"17,800.78",0.00,현금(배당소득),확정,정액,32400000,2026/08/04 ~ 2026/08/04,,
KR7491090007,KODEX 미국테크TOP3플러스,20260430,이익분배,7,.0007,"17,824.55",0.00,현금(배당소득),확정,정액,13300000,2026/05/06 ~ 2026/05/06,,
KR7491090007,KODEX 미국테크TOP3플러스,20260130,이익분배,14,.0014,"16,369.08",0.00,현금(배당소득),확정,정액,26600000,2026/02/03 ~ 2026/02/03,,
KR7491090007,KODEX 미국테크TOP3플러스,20251031,이익분배,14,.0014,"16,763.46",0.00,현금(배당소득),확정,정액,26600000,2025/11/04 ~ 2025/11/04,,
KR7491090007,KODEX 미국테크TOP3플러스,20250731,이익분배,13,.0013,"13,788.89",0.00,현금(배당소득),확정,정액,25350000,2025/08/04 ~ 2025/08/04,,
KR7491090007,KODEX 미국테크TOP3플러스,20250430,이익분배,31,.0031,"11,023.40",0.00,현금(배당소득),확정,정액,77500000,2025/05/07 ~ 2025/05/07,,
KR7487950008,KODEX 대만테크고배당다우존스,20260731,이익분배,77,.0077,"12,945.99",0.00,현금(배당소득),확정,정액,111650000,2026/08/04 ~ 2026/08/04,,
KR7487950008,KODEX 대만테크고배당다우존스,20260630,이익분배,86,.0086,"15,346.49",0.00,현금(배당소득),확정,정액,124700000,2026/07/02 ~ 2026/07/02,,
KR7487950008,KODEX 대만테크고배당다우존스,20260529,이익분배,79,.0079,"14,528.99",0.00,현금(배당소득),확정,정액,110600000,2026/06/02 ~ 2026/06/02,,
KR7487950008,KODEX 대만테크고배당다우존스,20260430,이익분배,65,.0065,"12,648.96",0.00,현금(배당소득),확정,정액,91000000,2026/05/06 ~ 2026/05/06,,
KR7487950008,KODEX 대만테크고배당다우존스,20260331,이익분배,65,.0065,"11,847.89",0.00,현금(배당소득),확정,정액,87750000,2026/04/02 ~ 2026/04/02,,
KR7487950008,KODEX 대만테크고배당다우존스,20260227,이익분배,60,.006,"11,161.06",0.00,현금(배당소득),확정,정액,78000000,2026/03/04 ~ 2026/03/04,,
KR7487950008,KODEX 대만테크고배당다우존스,20260130,이익분배,63,.0063,"11,189.93",0.00,현금(배당소득),확정,정액,75600000,2026/02/03 ~ 2026/02/03,,
KR7487950008,KODEX 대만테크고배당다우존스,20251230,이익분배,58,.0058,"10,404.04",0.00,현금(배당소득),확정,정액,69600000,2026/01/05 ~ 2026/01/05,,
KR7487950008,KODEX 대만테크고배당다우존스,20251128,이익분배,58,.0058,"10,592.51",0.00,현금(배당소득),확정,정액,69600000,2025/12/02 ~ 2025/12/02,,
KR7487950008,KODEX 대만테크고배당다우존스,20251031,이익분배,61,.0061,"11,160.32",0.00,현금(배당소득),확정,정액,73200000,2025/11/04 ~ 2025/11/04,,
KR7487950008,KODEX 대만테크고배당다우존스,20250930,이익분배,60,.006,"10,828.01",0.00,현금(배당소득),확정,정액,72000000,2025/10/02 ~ 2025/10/02,,
KR7487950008,KODEX 대만테크고배당다우존스,20250829,이익분배,55,.0055,"9,867.02",0.00,현금(배당소득),확정,정액,63250000,2025/09/02 ~ 2025/09/02,,
KR7487950008,KODEX 대만테크고배당다우존스,20250731,이익분배,57,.0057,"10,455.56",0.00,현금(배당소득),확정,정액,65550000,2025/08/04 ~ 2025/08/04,,
KR7487950008,KODEX 대만테크고배당다우존스,20250630,이익분배,58,.0058,"10,129.61",0.00,현금(배당소득),확정,정액,69600000,2025/07/02 ~ 2025/07/02,,
KR7487950008,KODEX 대만테크고배당다우존스,20250530,이익분배,59,.0059,"9,921.09",0.00,현금(배당소득),확정,정액,70800000,2025/06/04 ~ 2025/06/04,,
KR7487950008,KODEX 대만테크고배당다우존스,20250430,이익분배,54,.0054,"9,128.98",0.00,현금(배당소득),확정,정액,64800000,2025/05/07 ~ 2025/05/07,,
KR7487950008,KODEX 대만테크고배당다우존스,20250331,이익분배,61,.0061,"10,215.18",0.00,현금(배당소득),확정,정액,73200000,2025/04/02 ~ 2025/04/02,,
KR7487950008,KODEX 대만테크고배당다우존스,20250228,이익분배,58,.0058,"10,271.62",0.00,현금(배당소득),확정,정액,69600000,2025/03/05 ~ 2025/03/05,,
KR7487950008,KODEX 대만테크고배당다우존스,20250131,이익분배,63,.0063,"9,900.84",0.00,현금(배당소득),확정,정액,75600000,2025/02/04 ~ 2025/02/04,,
KR7487950008,KODEX 대만테크고배당다우존스,20241230,이익분배,64,.0064,"9,966.57",0.00,현금(배당소득),확정,정액,83200000,2025/01/03 ~ 2025/01/03,,
KR7487950008,KODEX 대만테크고배당다우존스,20241129,이익분배,64,.0064,"9,449.30",0.00,현금(배당소득),확정,정액,108800000,2024/12/03 ~ 2024/12/03,,
KR7487950008,KODEX 대만테크고배당다우존스,20241031,이익분배,65,.0065,"9,955.30",0.00,현금(배당소득),확정,정액,110500000,2024/11/04 ~ 2024/11/04,,
KR7487950008,KODEX 대만테크고배당다우존스,20240930,이익분배,62,.0062,"9,506.15",0.00,현금(배당소득),확정,정액,108500000,2024/10/04 ~ 2024/10/04,,
KR7487950008,KODEX 대만테크고배당다우존스,20240830,이익분배,65,.0065,"9,834.42",0.00,현금(배당소득),확정,정액,113750000,2024/09/03 ~ 2024/09/03,,
KR7482730009,TIGER 미국S&P500타겟데일리커버드콜,20260731,이익분배,102,.0102,"12,149.75",0.00,현금(배당소득),확정,정액,5380500000,2026/08/04 ~ 2026/08/04,,
KR7482730009,TIGER 미국S&P500타겟데일리커버드콜,20260630,이익분배,108,.0108,"12,835.13",0.00,현금(배당소득),확정,정액,5335200000,2026/07/02 ~ 2026/07/02,,
KR7482730009,TIGER 미국S&P500타겟데일리커버드콜,20260529,이익분배,108,.0108,"12,938.95",0.00,현금(배당소득),확정,정액,5248800000,2026/06/02 ~ 2026/06/02,,
KR7482730009,TIGER 미국S&P500타겟데일리커버드콜,20260430,이익분배,101,.0101,"12,217.58",0.00,현금(배당소득),확정,정액,4908600000,2026/05/06 ~ 2026/05/06,,
KR7482730009,TIGER 미국S&P500타겟데일리커버드콜,20260331,이익분배,97,.0097,"11,445.50",0.00,현금(배당소득),확정,정액,4578400000,2026/04/02 ~ 2026/04/02,,
KR7482730009,TIGER 미국S&P500타겟데일리커버드콜,20260227,이익분배,97,.0097,"11,592.93",0.00,현금(배당소득),확정,정액,4476550000,2026/03/04 ~ 2026/03/04,,
KR7482730009,TIGER 미국S&P500타겟데일리커버드콜,20260130,이익분배,100,.01,"11,751.88",0.00,현금(배당소득),확정,정액,4350000000,2026/02/03 ~ 2026/02/03,,
KR7482730009,TIGER 미국S&P500타겟데일리커버드콜,20251230,이익분배,99,.0099,"11,915.88",0.00,현금(배당소득),확정,정액,3742200000,2026/01/05 ~ 2026/01/05,,
KR7482730009,TIGER 미국S&P500타겟데일리커버드콜,20251128,이익분배,99,.0099,"11,948.41",0.00,현금(배당소득),확정,정액,3499650000,2025/12/02 ~ 2025/12/02,,
KR7482730009,TIGER 미국S&P500타겟데일리커버드콜,20251031,이익분배,100,.01,"11,974.01",0.00,현금(배당소득),확정,정액,3310000000,2025/11/04 ~ 2025/11/04,,
KR7482730009,TIGER 미국S&P500타겟데일리커버드콜,20250930,이익분배,95,.0095,"11,427.22",0.00,현금(배당소득),확정,정액,3063750000,2025/10/02 ~ 2025/10/02,,
KR7482730009,TIGER 미국S&P500타겟데일리커버드콜,20250829,이익분배,93,.0093,"11,156.82",0.00,현금(배당소득),확정,정액,2887650000,2025/09/02 ~ 2025/09/02,,
KR7482730009,TIGER 미국S&P500타겟데일리커버드콜,20250731,이익분배,92,.0092,"11,064.39",0.00,현금(배당소득),확정,정액,2842800000,2025/08/04 ~ 2025/08/04,,
KR7482730009,TIGER 미국S&P500타겟데일리커버드콜,20250630,이익분배,87,.0087,"10,395.01",0.00,현금(배당소득),확정,정액,2636100000,2025/07/02 ~ 2025/07/02,,
KR7482730009,TIGER 미국S&P500타겟데일리커버드콜,20250530,이익분배,88,.0088,"10,319.39",0.00,현금(배당소득),확정,정액,2670800000,2025/06/04 ~ 2025/06/04,,
KR7482730009,TIGER 미국S&P500타겟데일리커버드콜,20250430,이익분배,84,.0084,"10,181.04",0.00,현금(배당소득),확정,정액,2646000000,2025/05/07 ~ 2025/05/07,,
KR7482730009,TIGER 미국S&P500타겟데일리커버드콜,20250331,이익분배,91,.0091,"10,784.35",0.00,현금(배당소득),확정,정액,2648100000,2025/04/02 ~ 2025/04/02,,
KR7482730009,TIGER 미국S&P500타겟데일리커버드콜,20250228,이익분배,92,.0092,"11,053.10",0.00,현금(배당소득),확정,정액,2737000000,2025/03/05 ~ 2025/03/05,,
KR7482730009,TIGER 미국S&P500타겟데일리커버드콜,20250131,이익분배,95,.0095,"11,408.15",0.00,현금(배당소득),확정,정액,2717000000,2025/02/04 ~ 2025/02/04,,
KR7482730009,TIGER 미국S&P500타겟데일리커버드콜,20241230,이익분배,97,.0097,"11,654.26",0.00,현금(배당소득),확정,정액,2104900000,2025/01/03 ~ 2025/01/03,,
KR7482730009,TIGER 미국S&P500타겟데일리커버드콜,20241129,이익분배,93,.0093,"11,175.02",0.00,현금(배당소득),확정,정액,1743750000,2024/12/03 ~ 2024/12/03,,
KR7482730009,TIGER 미국S&P500타겟데일리커버드콜,20241031,이익분배,90,.009,"10,826.24",0.00,현금(배당소득),확정,정액,1503000000,2024/11/04 ~ 2024/11/04,,
KR7482730009,TIGER 미국S&P500타겟데일리커버드콜,20240930,이익분배,85,.0085,"10,240.02",0.00,현금(배당소득),확정,정액,1411000000,2024/10/04 ~ 2024/10/04,,
KR7482730009,TIGER 미국S&P500타겟데일리커버드콜,20240830,이익분배,85,.0085,"10,235.98",0.00,현금(배당소득),확정,정액,1317500000,2024/09/03 ~ 2024/09/03,,
KR7476850003,KoAct 배당성장액티브,20260731,이익분배,290,.02949993540531,"9,840.29",0.00,현금(배당소득),확정,정액,1348500000,2026/08/04 ~ 2026/08/04,,
KR7476850003,KoAct 배당성장액티브,20260630,이익분배,136,.01383445246594,"9,822.03",0.00,현금(배당소득),확정,정액,652800000,2026/07/02 ~ 2026/07/02,,
KR7476850003,KoAct 배당성장액티브,20260529,이익분배,125,.01271548939884,"9,827.66",0.00,현금(배당소득),확정,정액,612500000,2026/06/02 ~ 2026/06/02,,
KR7476850003,KoAct 배당성장액티브,20260430,이익분배,107,.01088445892541,"9,876.12",0.00,현금(배당소득),확정,정액,513600000,2026/05/06 ~ 2026/05/06,,
KR7476850003,KoAct 배당성장액티브,20260331,이익분배,90,.00915515236717,"9,884.05",0.00,현금(배당소득),확정,정액,414000000,2026/04/02 ~ 2026/04/02,,
KR7476850003,KoAct 배당성장액티브,20260130,이익분배,417,.04241887263454,"9,869.94",0.00,현금(배당소득),확정,정액,1417800000,2026/02/03 ~ 2026/02/03,,
KR7476850003,KoAct 배당성장액티브,20251031,이익분배,200,.02034478303815,"9,851.40",0.00,현금(배당소득),확정,정액,550000000,2025/11/04 ~ 2025/11/04,,
KR7476850003,KoAct 배당성장액티브,20250731,이익분배,288,.02929648757493,"9,896.11",0.00,현금(배당소득),확정,정액,648000000,2025/08/04 ~ 2025/08/04,,
KR7476850003,KoAct 배당성장액티브,20250430,이익분배,140,.0142413481267,"10,018.50",0.00,현금(배당소득),확정,정액,427000000,2025/05/07 ~ 2025/05/07,,
KR7476850003,KoAct 배당성장액티브,20250131,이익분배,240,.02441373964578,"10,009.51",0.00,현금(배당소득),확정,정액,732000000,2025/02/04 ~ 2025/02/04,,
KR7476850003,KoAct 배당성장액티브,20241031,이익분배,67,.00681550231778,"9,942.23",0.00,현금(배당소득),확정,정액,609700000,2024/11/05 ~ 2024/11/05,,
KR7468370002,KODEX iShares미국인플레이션국채액티브,20260731,이익분배,98,.0098,"11,337.53",0.00,현금(배당소득),확정,정액,168560000,2026/08/04 ~ 2026/08/04,,
KR7468370002,KODEX iShares미국인플레이션국채액티브,20260630,이익분배,115,.0115,"12,195.22",0.00,현금(배당소득),확정,정액,197800000,2026/07/02 ~ 2026/07/02,,
KR7468370002,KODEX iShares미국인플레이션국채액티브,20260529,이익분배,47,.0047,"12,003.86",0.00,현금(배당소득),확정,정액,80840000,2026/06/02 ~ 2026/06/02,,
KR7468370002,KODEX iShares미국인플레이션국채액티브,20260130,이익분배,31,.0031,"11,316.61",0.00,현금(배당소득),확정,정액,47740000,2026/02/03 ~ 2026/02/03,,
KR7468370002,KODEX iShares미국인플레이션국채액티브,20251230,이익분배,32,.0032,"11,456.50",0.00,현금(배당소득),확정,정액,49280000,2026/01/05 ~ 2026/01/05,,
KR7468370002,KODEX iShares미국인플레이션국채액티브,20251128,이익분배,38,.0038,"11,752.80",0.00,현금(배당소득),확정,정액,53580000,2025/12/02 ~ 2025/12/02,,
KR7468370002,KODEX iShares미국인플레이션국채액티브,20251031,이익분배,17,.0017,"11,542.11",0.00,현금(배당소득),확정,정액,25500000,2025/11/04 ~ 2025/11/04,,
KR7468370002,KODEX iShares미국인플레이션국채액티브,20250930,이익분배,39,.0039,"11,316.91",0.00,현금(배당소득),확정,정액,45240000,2025/10/02 ~ 2025/10/02,,
KR7468370002,KODEX iShares미국인플레이션국채액티브,20250829,이익분배,25,.0025,"11,161.62",0.00,현금(배당소득),확정,정액,28500000,2025/09/02 ~ 2025/09/02,,
KR7468370002,KODEX iShares미국인플레이션국채액티브,20250731,이익분배,35,.0035,"11,003.08",0.00,현금(배당소득),확정,정액,39900000,2025/08/04 ~ 2025/08/04,,
KR7468370002,KODEX iShares미국인플레이션국채액티브,20250630,이익분배,25,.0025,"10,713.62",0.00,현금(배당소득),확정,정액,28500000,2025/07/02 ~ 2025/07/02,,
KR7468370002,KODEX iShares미국인플레이션국채액티브,20250530,이익분배,51,.0051,"10,823.10",0.00,현금(배당소득),확정,정액,58140000,2025/06/04 ~ 2025/06/04,,
KR7468370002,KODEX iShares미국인플레이션국채액티브,20250430,이익분배,90,.009,"11,472.62",0.00,현금(배당소득),확정,정액,102600000,2025/05/07 ~ 2025/05/07,,
KR7468370002,KODEX iShares미국인플레이션국채액티브,20250131,이익분배,15,.0015,"11,105.04",0.00,현금(배당소득),확정,정액,14100000,2025/02/04 ~ 2025/02/04,,
KR7468370002,KODEX iShares미국인플레이션국채액티브,20241230,이익분배,18,.0018,"11,283.90",0.00,현금(배당소득),확정,정액,13320000,2025/01/03 ~ 2025/01/03,,
KR7468370002,KODEX iShares미국인플레이션국채액티브,20241129,이익분배,8,.0008,"10,890.84",0.00,현금(배당소득),확정,정액,5920000,2024/12/03 ~ 2024/12/03,,
KR7468370002,KODEX iShares미국인플레이션국채액티브,20241031,이익분배,11,.0011,"10,809.04",0.00,현금(배당소득),확정,정액,8140000,2024/11/04 ~ 2024/11/04,,
KR7468370002,KODEX iShares미국인플레이션국채액티브,20240930,이익분배,2,.0002,"10,568.19",0.00,현금(배당소득),확정,정액,1480000,2024/10/04 ~ 2024/10/04,,
KR7468370002,KODEX iShares미국인플레이션국채액티브,20240830,이익분배,15,.0015,"10,574.77",0.00,현금(배당소득),확정,정액,11100000,2024/09/03 ~ 2024/09/03,,
KR7448290007,TIGER 미국S&P500(H),20260731,이익분배,42,.0042,"17,260.65",0.00,현금(배당소득),확정,정액,1077300000,2026/08/04 ~ 2026/08/04,,
KR7448290007,TIGER 미국S&P500(H),20260430,이익분배,40,.004,"16,744.48",0.00,현금(배당소득),확정,정액,1176000000,2026/05/06 ~ 2026/05/06,,
KR7448290007,TIGER 미국S&P500(H),20260130,이익분배,41,.0041,"16,389.43",0.00,현금(배당소득),확정,정액,1160300000,2026/02/03 ~ 2026/02/03,,
KR7448290007,TIGER 미국S&P500(H),20251031,이익분배,40,.004,"16,281.68",0.00,현금(배당소득),확정,정액,1028000000,2025/11/04 ~ 2025/11/04,,
KR7448290007,TIGER 미국S&P500(H),20250731,이익분배,40,.004,"15,174.78",0.00,현금(배당소득),확정,정액,1174000000,2025/08/04 ~ 2025/08/04,,
KR7448290007,TIGER 미국S&P500(H),20250430,이익분배,39,.0039,"13,236.65",0.00,현금(배당소득),확정,정액,1160250000,2025/05/07 ~ 2025/05/07,,
KR7379790009,RISE 유로스탁스50(H),20260731,이익분배,210,.021,"17,277.24",0.00,현금(배당소득),확정,정액,178500000,2026/08/04 ~ 2026/08/04,,
KR7379790009,RISE 유로스탁스50(H),20251230,이익분배,477,.0477,"16,106.84",0.00,현금(배당소득),확정,정액,333900000,2026/01/05 ~ 2026/01/05,,
KR7281990002,RISE 중소형고배당,20260731,이익분배,32,.00309027365339,"11,127.84",0.00,현금(배당소득),확정,정액,17600000,2026/08/04 ~ 2026/08/04,,
KR7281990002,RISE 중소형고배당,20260430,이익분배,270,.02607418395047,"11,382.51",0.00,현금(배당소득),확정,정액,189000000,2026/05/06 ~ 2026/05/06,,
KR7281990002,RISE 중소형고배당,20260130,이익분배,80,.00772568413347,"11,174.38",0.00,현금(배당소득),확정,정액,52000000,2026/02/03 ~ 2026/02/03,,
KR7281990002,RISE 중소형고배당,20251031,이익분배,100,.00965710516684,"11,063.69",0.00,현금(배당소득),확정,정액,65000000,2025/11/04 ~ 2025/11/04,,
KR7281990002,RISE 중소형고배당,20250430,이익분배,300,.02897131550052,"11,334.34",0.00,현금(배당소득),확정,정액,180000000,2025/05/07 ~ 2025/05/07,,
KR7279540009,KODEX 최소변동성,20260731,이익분배,71,.00711013193801,"10,039.92",0.00,현금(배당소득),확정,정액,42600000,2026/08/04 ~ 2026/08/04,,
KR7279540009,KODEX 최소변동성,20260430,이익분배,212,.02123025311068,"10,259.58",0.00,현금(배당소득),확정,정액,127200000,2026/05/06 ~ 2026/05/06,,
KR7279540009,KODEX 최소변동성,20250430,이익분배,295,.02954209748892,"10,252.06",0.00,현금(배당소득),확정,정액,177000000,2025/05/07 ~ 2025/05/07,,
KR7275300002,KODEX 우량주,20260731,이익분배,20,.002,"9,874.82",0.00,현금(배당소득),확정,정액,34000000,2026/08/04 ~ 2026/08/04,,
KR7275300002,KODEX 우량주,20260430,이익분배,106,.0106,"9,987.82",0.00,현금(배당소득),확정,정액,169600000,2026/05/06 ~ 2026/05/06,,
KR7275300002,KODEX 우량주,20250430,이익분배,190,.019,"10,022.19",0.00,현금(배당소득),확정,정액,266000000,2025/05/07 ~ 2025/05/07,,
KR7211900006,KODEX 코리아배당성장,20260731,이익분배,24,.00221959159515,"10,969.02",0.00,현금(배당소득),확정,정액,78000000,2026/08/04 ~ 2026/08/04,,
KR7211900006,KODEX 코리아배당성장,20260630,이익분배,24,.00221959159515,"10,950.92",0.00,현금(배당소득),확정,정액,78000000,2026/07/02 ~ 2026/07/02,,
KR7211900006,KODEX 코리아배당성장,20260529,이익분배,24,.00221959159515,"10,967.58",0.00,현금(배당소득),확정,정액,80400000,2026/06/02 ~ 2026/06/02,,
KR7211900006,KODEX 코리아배당성장,20260430,이익분배,449,.04152485942587,"11,404.47",0.00,현금(배당소득),확정,정액,1526600000,2026/05/06 ~ 2026/05/06,,
KR7211900006,KODEX 코리아배당성장,20260331,이익분배,30,.00277448949393,"11,208.90",0.00,현금(배당소득),확정,정액,105000000,2026/04/02 ~ 2026/04/02,,
KR7211900006,KODEX 코리아배당성장,20260227,이익분배,24,.00221959159515,"10,959.15",0.00,현금(배당소득),확정,정액,74400000,2026/03/04 ~ 2026/03/04,,
KR7211900006,KODEX 코리아배당성장,20260130,이익분배,24,.00221959159515,"10,984.06",0.00,현금(배당소득),확정,정액,66000000,2026/02/03 ~ 2026/02/03,,
KR7211900006,KODEX 코리아배당성장,20251230,이익분배,30,.00277448949393,"10,865.04",0.00,현금(배당소득),확정,정액,82500000,2026/01/05 ~ 2026/01/05,,
KR7211900006,KODEX 코리아배당성장,20251128,이익분배,30,.00277448949393,"10,886.93",0.00,현금(배당소득),확정,정액,87000000,2025/12/02 ~ 2025/12/02,,
KR7211900006,KODEX 코리아배당성장,20251031,이익분배,30,.00277448949393,"10,909.00",0.00,현금(배당소득),확정,정액,87000000,2025/11/04 ~ 2025/11/04,,
KR7211900006,KODEX 코리아배당성장,20250930,이익분배,30,.00277448949393,"10,938.56",0.00,현금(배당소득),확정,정액,87000000,2025/10/02 ~ 2025/10/02,,
KR7211900006,KODEX 코리아배당성장,20250430,이익분배,635,.05872669428825,"11,509.79",0.00,현금(배당소득),확정,정액,762000000,2025/05/07 ~ 2025/05/07,,
KR7210780003,TIGER 코스피고배당,20260731,이익분배,241,.02174511298887,"11,209.02",0.00,현금(배당소득),확정,정액,795300000,2026/08/04 ~ 2026/08/04,,
KR7210780003,TIGER 코스피고배당,20260430,이익분배,742,.06694968397403,"11,886.35",0.00,현금(배당소득),확정,정액,2626680000,2026/05/06 ~ 2026/05/06,,
KR7210780003,TIGER 코스피고배당,20260130,이익분배,47,.00424074817625,"11,361.11",0.00,현금(배당소득),확정,정액,148050000,2026/02/03 ~ 2026/02/03,,
KR7210780003,TIGER 코스피고배당,20251031,이익분배,70,.00631600792208,"11,277.03",0.00,현금(배당소득),확정,정액,226800000,2025/11/04 ~ 2025/11/04,,
KR7210780003,TIGER 코스피고배당,20250731,이익분배,45,.00406029080705,"11,270.77",0.00,현금(배당소득),확정,정액,148500000,2025/08/04 ~ 2025/08/04,,
KR7210780003,TIGER 코스피고배당,20250430,이익분배,470,.04240748176253,"11,697.28",0.00,현금(배당소득),확정,정액,789600000,2025/05/07 ~ 2025/05/07,,
KR7210780003,TIGER 코스피고배당,20250131,이익분배,38,.00342869001484,"11,239.09",0.00,현금(배당소득),확정,정액,55860000,2025/02/04 ~ 2025/02/04,,
KR7210780003,TIGER 코스피고배당,20241031,이익분배,70,.00631600792208,"11,145.66",0.00,현금(배당소득),확정,정액,96600000,2024/11/04 ~ 2024/11/04,,
KR7182480004,TIGER 미국MSCI리츠(합성 H),20260731,이익분배,46,.0046,"14,571.73",0.00,현금(배당소득),확정,정액,437000000,2026/08/04 ~ 2026/08/04,,
KR7182480004,TIGER 미국MSCI리츠(합성 H),20260630,이익분배,46,.0046,"14,089.70",0.00,현금(배당소득),확정,정액,439300000,2026/07/02 ~ 2026/07/02,,
KR7182480004,TIGER 미국MSCI리츠(합성 H),20260529,이익분배,19,.0019,"13,900.97",0.00,현금(배당소득),확정,정액,208050000,2026/06/02 ~ 2026/06/02,,
KR7182480004,TIGER 미국MSCI리츠(합성 H),20260430,이익분배,50,.005,"13,518.20",0.00,현금(배당소득),확정,정액,582500000,2026/05/06 ~ 2026/05/06,,
KR7182480004,TIGER 미국MSCI리츠(합성 H),20260331,이익분배,50,.005,"12,589.17",0.00,현금(배당소득),확정,정액,622500000,2026/04/02 ~ 2026/04/02,,
KR7182480004,TIGER 미국MSCI리츠(합성 H),20260227,이익분배,10,.001,"13,470.04",0.00,현금(배당소득),확정,정액,126000000,2026/03/04 ~ 2026/03/04,,
KR7182480004,TIGER 미국MSCI리츠(합성 H),20260130,이익분배,42,.0042,"12,532.06",0.00,현금(배당소득),확정,정액,535500000,2026/02/03 ~ 2026/02/03,,
KR7182480004,TIGER 미국MSCI리츠(합성 H),20251230,이익분배,50,.005,"12,403.24",0.00,현금(배당소득),확정,정액,665000000,2026/01/05 ~ 2026/01/05,,
KR7182480004,TIGER 미국MSCI리츠(합성 H),20251128,이익분배,20,.002,"12,602.06",0.00,현금(배당소득),확정,정액,247000000,2025/12/02 ~ 2025/12/02,,
KR7182480004,TIGER 미국MSCI리츠(합성 H),20251031,이익분배,45,.0045,"12,669.20",0.00,현금(배당소득),확정,정액,535500000,2025/11/04 ~ 2025/11/04,,
KR7182480004,TIGER 미국MSCI리츠(합성 H),20250930,이익분배,46,.0046,"12,561.99",0.00,현금(배당소득),확정,정액,515200000,2025/10/02 ~ 2025/10/02,,
KR7182480004,TIGER 미국MSCI리츠(합성 H),20250829,이익분배,23,.0023,"12,492.26",0.00,현금(배당소득),확정,정액,247250000,2025/09/02 ~ 2025/09/02,,
KR7182480004,TIGER 미국MSCI리츠(합성 H),20250731,이익분배,42,.0042,"12,350.04",0.00,현금(배당소득),확정,정액,428400000,2025/08/04 ~ 2025/08/04,,
KR7182480004,TIGER 미국MSCI리츠(합성 H),20250630,이익분배,45,.0045,"12,310.94",0.00,현금(배당소득),확정,정액,454500000,2025/07/02 ~ 2025/07/02,,
KR7182480004,TIGER 미국MSCI리츠(합성 H),20250530,이익분배,23,.0023,"12,401.51",0.00,현금(배당소득),확정,정액,234600000,2025/06/04 ~ 2025/06/04,,
KR7182480004,TIGER 미국MSCI리츠(합성 H),20250430,이익분배,35,.0035,"12,184.96",0.00,현금(배당소득),확정,정액,360500000,2025/05/07 ~ 2025/05/07,,
KR7182480004,TIGER 미국MSCI리츠(합성 H),20250331,이익분배,43,.0043,"12,704.77",0.00,현금(배당소득),확정,정액,470850000,2025/04/02 ~ 2025/04/02,,
KR7182480004,TIGER 미국MSCI리츠(합성 H),20250228,이익분배,35,.0035,"13,178.60",0.00,현금(배당소득),확정,정액,360500000,2025/03/05 ~ 2025/03/05,,
KR7182480004,TIGER 미국MSCI리츠(합성 H),20250131,이익분배,40,.004,"12,788.00",0.00,현금(배당소득),확정,정액,422000000,2025/02/04 ~ 2025/02/04,,
KR7182480004,TIGER 미국MSCI리츠(합성 H),20241230,이익분배,40,.004,"12,869.85",0.00,현금(배당소득),확정,정액,442000000,2025/01/03 ~ 2025/01/03,,
KR7182480004,TIGER 미국MSCI리츠(합성 H),20241129,이익분배,40,.004,"13,921.38",0.00,현금(배당소득),확정,정액,458000000,2024/12/03 ~ 2024/12/03,,
KR7182480004,TIGER 미국MSCI리츠(합성 H),20241031,이익분배,40,.004,"13,678.13",0.00,현금(배당소득),확정,정액,478000000,2024/11/04 ~ 2024/11/04,,
KR7182480004,TIGER 미국MSCI리츠(합성 H),20240930,이익분배,55,.0055,"13,902.77",0.00,현금(배당소득),확정,정액,638000000,2024/10/04 ~ 2024/10/04,,
KR7182480004,TIGER 미국MSCI리츠(합성 H),20240830,이익분배,40,.004,"13,519.09",0.00,현금(배당소득),확정,정액,428000000,2024/09/03 ~ 2024/09/03,,
KR7174350009,TIGER 로우볼,20260731,이익분배,60,.00541271989175,"11,124.54",0.00,현금(배당소득),확정,정액,22800000,2026/08/04 ~ 2026/08/04,,
KR7174350009,TIGER 로우볼,20260430,이익분배,525,.04736129905277,"11,614.38",0.00,현금(배당소득),확정,정액,262500000,2026/05/06 ~ 2026/05/06,,
KR7174350009,TIGER 로우볼,20251031,이익분배,25,.00225529995489,"11,116.97",0.00,현금(배당소득),확정,정액,8000000,2025/11/04 ~ 2025/11/04,,
KR7174350009,TIGER 로우볼,20250731,이익분배,40,.00360847992783,"11,100.55",0.00,현금(배당소득),확정,정액,19200000,2025/08/04 ~ 2025/08/04,,
KR7174350009,TIGER 로우볼,20250430,이익분배,525,.04736129905277,"11,615.90",0.00,현금(배당소득),확정,정액,262500000,2025/05/07 ~ 2025/05/07,,
KR7174350009,TIGER 로우볼,20241031,이익분배,15,.00135317997294,"11,132.24",0.00,현금(배당소득),확정,정액,9900000,2024/11/04 ~ 2024/11/04,,
KR7161510003,PLUS 고배당주,20260731,이익분배,103,.00970664264194,"10,985.55",0.00,현금(배당소득),확정,정액,9674790000,2026/08/04 ~ 2026/08/04,,
KR7161510003,PLUS 고배당주,20260630,이익분배,86,.00810457540978,"11,065.90",0.00,현금(배당소득),확정,정액,8098620000,2026/07/02 ~ 2026/07/02,,
KR7161510003,PLUS 고배당주,20260529,이익분배,86,.00810457540978,"11,130.66",0.00,현금(배당소득),확정,정액,8444340000,2026/06/02 ~ 2026/06/02,,
KR7161510003,PLUS 고배당주,20260430,이익분배,86,.00810457540978,"11,187.98",0.00,현금(배당소득),확정,정액,8859720000,2026/05/06 ~ 2026/05/06,,
KR7161510003,PLUS 고배당주,20260331,이익분배,86,.00810457540978,"11,059.60",0.00,현금(배당소득),확정,정액,8614620000,2026/04/02 ~ 2026/04/02,,
KR7161510003,PLUS 고배당주,20260227,이익분배,86,.00810457540978,"10,655.65",0.00,현금(배당소득),확정,정액,8039280000,2026/03/04 ~ 2026/03/04,,
KR7161510003,PLUS 고배당주,20260130,이익분배,86,.00810457540978,"10,736.84",0.00,현금(배당소득),확정,정액,7174980000,2026/02/03 ~ 2026/02/03,,
KR7161510003,PLUS 고배당주,20251230,이익분배,78,.00735066141817,"10,711.09",0.00,현금(배당소득),확정,정액,6863220000,2026/01/05 ~ 2026/01/05,,
KR7161510003,PLUS 고배당주,20251128,이익분배,78,.00735066141817,"10,772.95",0.00,현금(배당소득),확정,정액,6697080000,2025/12/02 ~ 2025/12/02,,
KR7161510003,PLUS 고배당주,20251031,이익분배,78,.00735066141817,"10,813.27",0.00,현금(배당소득),확정,정액,6631560000,2025/11/04 ~ 2025/11/04,,
KR7161510003,PLUS 고배당주,20250930,이익분배,78,.00735066141817,"10,896.00",0.00,현금(배당소득),확정,정액,6573060000,2025/10/02 ~ 2025/10/02,,
KR7161510003,PLUS 고배당주,20250829,이익분배,78,.00735066141817,"10,943.76",0.00,현금(배당소득),확정,정액,6322680000,2025/09/02 ~ 2025/09/02,,
KR7161510003,PLUS 고배당주,20250731,이익분배,78,.00735066141817,"10,969.82",0.00,현금(배당소득),확정,정액,6142500000,2025/08/04 ~ 2025/08/04,,
KR7161510003,PLUS 고배당주,20250630,이익분배,73,.00687946517341,"11,041.36",0.00,현금(배당소득),확정,정액,4283640000,2025/07/02 ~ 2025/07/02,,
KR7161510003,PLUS 고배당주,20250530,이익분배,73,.00687946517341,"11,108.44",0.00,현금(배당소득),확정,정액,3525900000,2025/06/04 ~ 2025/06/04,,
KR7161510003,PLUS 고배당주,20250430,이익분배,63,.00593707268391,"11,132.37",0.00,현금(배당소득),확정,정액,2823660000,2025/05/07 ~ 2025/05/07,,
KR7161510003,PLUS 고배당주,20250331,이익분배,63,.00593707268391,"10,993.83",0.00,현금(배당소득),확정,정액,2508030000,2025/04/02 ~ 2025/04/02,,
KR7161510003,PLUS 고배당주,20250228,이익분배,63,.00593707268391,"10,669.03",0.00,현금(배당소득),확정,정액,2341710000,2025/03/05 ~ 2025/03/05,,
KR7161510003,PLUS 고배당주,20250131,이익분배,63,.00593707268391,"10,729.50",0.00,현금(배당소득),확정,정액,2022300000,2025/02/04 ~ 2025/02/04,,
KR7161510003,PLUS 고배당주,20241230,이익분배,63,.00593707268391,"10,606.22",0.00,현금(배당소득),확정,정액,1984500000,2025/01/03 ~ 2025/01/03,,
KR7161510003,PLUS 고배당주,20241129,이익분배,63,.00593707268391,"10,609.56",0.00,현금(배당소득),확정,정액,1886220000,2024/12/03 ~ 2024/12/03,,
KR7161510003,PLUS 고배당주,20241031,이익분배,63,.00593707268391,"10,655.97",0.00,현금(배당소득),확정,정액,2020410000,2024/11/04 ~ 2024/11/04,,
KR7161510003,PLUS 고배당주,20240930,이익분배,63,.00593707268391,"10,608.09",0.00,현금(배당소득),확정,정액,1855980000,2024/10/04 ~ 2024/10/04,,
KR7161510003,PLUS 고배당주,20240830,이익분배,63,.00593707268391,"10,636.68",0.00,현금(배당소득),확정,정액,1954260000,2024/09/03 ~ 2024/09/03,,
KR7117680009,KODEX 철강,20260731,이익분배,70,.00844905521458,"8,354.15",0.00,현금(배당소득),확정,정액,147000000,2026/08/04 ~ 2026/08/04,,
KR7117680009,KODEX 철강,20260430,이익분배,135,.01629460648525,"8,471.26",0.00,현금(배당소득),확정,정액,283500000,2026/05/06 ~ 2026/05/06,,
KR7117680009,KODEX 철강,20260130,이익분배,10,.0012070078878,"8,357.80",0.00,현금(배당소득),확정,정액,18200000,2026/02/03 ~ 2026/02/03,,
KR7117680009,KODEX 철강,20251031,이익분배,25,.00301751971949,"8,308.45",0.00,현금(배당소득),확정,정액,57750000,2025/11/04 ~ 2025/11/04,,
KR7117680009,KODEX 철강,20250430,이익분배,331,.03995196108607,"8,559.85",0.00,현금(배당소득),확정,정액,556080000,2025/05/07 ~ 2025/05/07,,
KR7102110004,TIGER 200,20260731,이익분배,133,.00594386843046,"22,501.18",0.00,현금(배당소득),확정,정액,12495350000,2026/08/04 ~ 2026/08/04,,
KR7102110004,TIGER 200,20260430,이익분배,450,.0201108330354,"22,823.21",0.00,현금(배당소득),확정,정액,39510000000,2026/05/06 ~ 2026/05/06,,
KR7102110004,TIGER 200,20260130,이익분배,200,.00893814801573,"22,566.29",0.00,현금(배당소득),확정,정액,15410000000,2026/02/03 ~ 2026/02/03,,
KR7102110004,TIGER 200,20251031,이익분배,145,.00648015731141,"22,507.42",0.00,현금(배당소득),확정,정액,10251500000,2025/11/04 ~ 2025/11/04,,
KR7102110004,TIGER 200,20250731,이익분배,131,.0058544869503,"22,487.52",0.00,현금(배당소득),확정,정액,8842500000,2025/08/04 ~ 2025/08/04,,
KR7102110004,TIGER 200,20250430,이익분배,404,.01805505899178,"22,779.34",0.00,현금(배당소득),확정,정액,27936600000,2025/05/07 ~ 2025/05/07,,
KR7102110004,TIGER 200,20250131,이익분배,210,.00938505541652,"22,538.96",0.00,현금(배당소득),확정,정액,11959500000,2025/02/04 ~ 2025/02/04,,
KR7102110004,TIGER 200,20241031,이익분배,120,.00536288880944,"22,525.32",0.00,현금(배당소득),확정,정액,6906000000,2024/11/04 ~ 2024/11/04,,
KR7069500007,KODEX 200,20260731,이익분배,183,.02344613465166,"7,973.14",0.00,현금(배당소득),확정,정액,41358000000,2026/08/04 ~ 2026/08/04,,
KR7069500007,KODEX 200,20260430,이익분배,446,.05714194565378,"8,320.25",0.00,현금(배당소득),확정,정액,97785500000,2026/05/06 ~ 2026/05/06,,
KR7069500007,KODEX 200,20260130,이익분배,80,.01024967635045,"7,987.32",0.00,현금(배당소득),확정,정액,15304000000,2026/02/03 ~ 2026/02/03,,
KR7069500007,KODEX 200,20251031,이익분배,140,.01793693361329,"7,927.95",0.00,현금(배당소득),확정,정액,25200000000,2025/11/04 ~ 2025/11/04,,
KR7069500007,KODEX 200,20250731,이익분배,176,.022549287971,"7,950.89",0.00,현금(배당소득),확정,정액,28028000000,2025/08/04 ~ 2025/08/04,,
KR7069500007,KODEX 200,20250430,이익분배,429,.05496388942931,"8,271.39",0.00,현금(배당소득),확정,정액,77541750000,2025/05/07 ~ 2025/05/07,,
KR7069500007,KODEX 200,20250131,이익분배,110,.01409330498187,"7,995.79",0.00,현금(배당소득),확정,정액,18705500000,2025/02/04 ~ 2025/02/04,,
KR7069500007,KODEX 200,20241031,이익분배,120,.01537451452568,"7,978.30",0.00,현금(배당소득),확정,정액,20592000000,2024/11/04 ~ 2024/11/04,,
KR70198A0004,KIWOOM 코스닥150커버드콜액티브,20260731,이익분배,175,.0180528691167,"9,690.75",0.00,현금(배당소득),확정,정액,840000000,2026/08/04 ~ 2026/08/04,,
KR70190Y0004,TIGER 구글밸류체인,20260731,이익분배,31,.0031,"8,542.17",0.00,현금(배당소득),확정,정액,244900000,2026/08/04 ~ 2026/08/04,,
KR70127M0006,ACE 미국대형가치주액티브,20260731,이익분배,45,.0045,"12,630.25",0.00,현금(배당소득),확정,정액,542250000,2026/08/04 ~ 2026/08/04,,
KR70127M0006,ACE 미국대형가치주액티브,20260430,이익분배,41,.0041,"11,500.49",0.00,현금(배당소득),확정,정액,448950000,2026/05/06 ~ 2026/05/06,,
KR70127M0006,ACE 미국대형가치주액티브,20260130,이익분배,18,.0018,"10,609.71",0.00,현금(배당소득),확정,정액,297900000,2026/02/03 ~ 2026/02/03,,
KR70127M0006,ACE 미국대형가치주액티브,20251230,이익분배,14,.0014,"10,492.56",0.00,현금(배당소득),확정,정액,249900000,2026/01/05 ~ 2026/01/05,,
KR70049K0003,ACE 미국배당퀄리티채권혼합50,20260731,이익분배,21,.0021,"11,252.49",0.00,현금(배당소득),확정,정액,47250000,2026/08/04 ~ 2026/08/04,,
KR70049K0003,ACE 미국배당퀄리티채권혼합50,20260630,이익분배,24,.0024,"11,506.57",0.00,현금(배당소득),확정,정액,52800000,2026/07/02 ~ 2026/07/02,,
KR70049K0003,ACE 미국배당퀄리티채권혼합50,20260529,이익분배,21,.0021,"11,488.32",0.00,현금(배당소득),확정,정액,42000000,2026/06/02 ~ 2026/06/02,,
KR70049K0003,ACE 미국배당퀄리티채권혼합50,20260430,이익분배,20,.002,"11,241.93",0.00,현금(배당소득),확정,정액,42000000,2026/05/06 ~ 2026/05/06,,
KR70049K0003,ACE 미국배당퀄리티채권혼합50,20260331,이익분배,23,.0023,"10,954.95",0.00,현금(배당소득),확정,정액,47150000,2026/04/02 ~ 2026/04/02,,
KR70049K0003,ACE 미국배당퀄리티채권혼합50,20260227,이익분배,20,.002,"11,030.39",0.00,현금(배당소득),확정,정액,37000000,2026/03/04 ~ 2026/03/04,,
KR70049K0003,ACE 미국배당퀄리티채권혼합50,20260130,이익분배,16,.0016,"10,911.74",0.00,현금(배당소득),확정,정액,27200000,2026/02/03 ~ 2026/02/03,,
KR70049K0003,ACE 미국배당퀄리티채권혼합50,20251230,이익분배,20,.002,"10,883.31",0.00,현금(배당소득),확정,정액,29000000,2026/01/05 ~ 2026/01/05,,
KR70049K0003,ACE 미국배당퀄리티채권혼합50,20251128,이익분배,20,.002,"10,879.74",0.00,현금(배당소득),확정,정액,28000000,2025/12/02 ~ 2025/12/02,,
KR70049K0003,ACE 미국배당퀄리티채권혼합50,20251031,이익분배,16,.0016,"10,828.27",0.00,현금(배당소득),확정,정액,22400000,2025/11/04 ~ 2025/11/04,,
KR70049K0003,ACE 미국배당퀄리티채권혼합50,20250930,이익분배,20,.002,"10,639.98",0.00,현금(배당소득),확정,정액,30000000,2025/10/02 ~ 2025/10/02,,
KR70049K0003,ACE 미국배당퀄리티채권혼합50,20250829,이익분배,20,.002,"10,520.82",0.00,현금(배당소득),확정,정액,30000000,2025/09/02 ~ 2025/09/02,,
KR70049K0003,ACE 미국배당퀄리티채권혼합50,20250731,이익분배,25,.0025,"10,436.84",0.00,현금(배당소득),확정,정액,37500000,2025/08/04 ~ 2025/08/04,,
KR70049K0003,ACE 미국배당퀄리티채권혼합50,20250630,이익분배,34,.0034,"10,102.43",0.00,현금(배당소득),확정,정액,51000000,2025/07/02 ~ 2025/07/02,,
KR70046Y0000,ACE 미국배당퀄리티,20260731,이익분배,11,.0011,"12,830.37",0.00,현금(배당소득),확정,정액,46750000,2026/08/04 ~ 2026/08/04,,
KR70046Y0000,ACE 미국배당퀄리티,20260630,이익분배,17,.0017,"13,355.75",0.00,현금(배당소득),확정,정액,70550000,2026/07/02 ~ 2026/07/02,,
KR70046Y0000,ACE 미국배당퀄리티,20260529,이익분배,14,.0014,"13,322.22",0.00,현금(배당소득),확정,정액,58100000,2026/06/02 ~ 2026/06/02,,
KR70046Y0000,ACE 미국배당퀄리티,20260430,이익분배,13,.0013,"12,750.10",0.00,현금(배당소득),확정,정액,55250000,2026/05/06 ~ 2026/05/06,,
KR70046Y0000,ACE 미국배당퀄리티,20260331,이익분배,20,.002,"12,099.85",0.00,현금(배당소득),확정,정액,86000000,2026/04/02 ~ 2026/04/02,,
KR70046Y0000,ACE 미국배당퀄리티,20260227,이익분배,16,.0016,"12,252.80",0.00,현금(배당소득),확정,정액,66400000,2026/03/04 ~ 2026/03/04,,
KR70046Y0000,ACE 미국배당퀄리티,20260130,이익분배,10,.001,"11,988.98",0.00,현금(배당소득),확정,정액,40000000,2026/02/03 ~ 2026/02/03,,
KR70046Y0000,ACE 미국배당퀄리티,20251230,이익분배,18,.0018,"11,896.19",0.00,현금(배당소득),확정,정액,65700000,2026/01/05 ~ 2026/01/05,,
KR70046Y0000,ACE 미국배당퀄리티,20251128,이익분배,17,.0017,"11,861.77",0.00,현금(배당소득),확정,정액,61200000,2025/12/02 ~ 2025/12/02,,
KR70046Y0000,ACE 미국배당퀄리티,20251031,이익분배,11,.0011,"11,751.70",0.00,현금(배당소득),확정,정액,39600000,2025/11/04 ~ 2025/11/04,,
KR70046Y0000,ACE 미국배당퀄리티,20250930,이익분배,16,.0016,"11,337.70",0.00,현금(배당소득),확정,정액,55200000,2025/10/02 ~ 2025/10/02,,
KR70046Y0000,ACE 미국배당퀄리티,20250829,이익분배,16,.0016,"11,081.26",0.00,현금(배당소득),확정,정액,53600000,2025/09/02 ~ 2025/09/02,,
KR70046Y0000,ACE 미국배당퀄리티,20250731,이익분배,9,.0009,"10,885.46",0.00,현금(배당소득),확정,정액,30600000,2025/08/04 ~ 2025/08/04,,
KR70046Y0000,ACE 미국배당퀄리티,20250630,이익분배,29,.0029,"10,191.39",0.00,현금(배당소득),확정,정액,95700000,2025/07/02 ~ 2025/07/02,,
KR70028X0003,KODEX 미국금융테크액티브,20260731,이익분배,22,.0022,"12,188.05",0.00,현금(배당소득),확정,정액,25300000,2026/08/04 ~ 2026/08/04,,
KR70028X0003,KODEX 미국금융테크액티브,20260430,이익분배,46,.0046,"11,485.84",0.00,현금(배당소득),확정,정액,73600000,2026/05/06 ~ 2026/05/06,,
KR70028X0003,KODEX 미국금융테크액티브,20260130,이익분배,18,.0018,"12,002.03",0.00,현금(배당소득),확정,정액,28800000,2026/02/03 ~ 2026/02/03,,
KR70028X0003,KODEX 미국금융테크액티브,20251031,이익분배,17,.0017,"12,961.22",0.00,현금(배당소득),확정,정액,36550000,2025/11/04 ~ 2025/11/04,,
KR70028X0003,KODEX 미국금융테크액티브,20250731,이익분배,11,.0011,"11,817.87",0.00,현금(배당소득),확정,정액,22550000,2025/08/04 ~ 2025/08/04,,
KR7337140008,KODEX 코스피대형주,20260731,이익분배,61,.00614568703744,"10,134.86",0.00,현금(배당소득),확정,정액,134200000,2026/08/04 ~ 2026/08/04,,
KR7337140008,KODEX 코스피대형주,20260430,이익분배,214,.02156027911494,"10,319.47",0.00,현금(배당소득),확정,정액,449400000,2026/05/06 ~ 2026/05/06,,
KR7337140008,KODEX 코스피대형주,20250430,이익분배,260,.02619473163497,"10,304.63",0.00,현금(배당소득),확정,정액,260000000,2025/05/07 ~ 2025/05/07,,
KR7152100004,PLUS 200,20260731,이익분배,150,.00630199142929,"24,119.56",0.00,현금(배당소득),확정,정액,2002500000,2026/08/04 ~ 2026/08/04,,
KR7152100004,PLUS 200,20260430,이익분배,500,.02100663809764,"24,465.36",0.00,현금(배당소득),확정,정액,7450000000,2026/05/06 ~ 2026/05/06,,
KR7152100004,PLUS 200,20260130,이익분배,180,.00756238971515,"24,187.88",0.00,현금(배당소득),확정,정액,2943000000,2026/02/03 ~ 2026/02/03,,
KR7152100004,PLUS 200,20251031,이익분배,140,.00588185866734,"24,127.16",0.00,현금(배당소득),확정,정액,2639000000,2025/11/04 ~ 2025/11/04,,
KR7152100004,PLUS 200,20250731,이익분배,120,.00504159314343,"24,109.12",0.00,현금(배당소득),확정,정액,2100000000,2025/08/04 ~ 2025/08/04,,
KR7152100004,PLUS 200,20250430,이익분배,460,.01932610704983,"24,448.49",0.00,현금(배당소득),확정,정액,8303000000,2025/05/07 ~ 2025/05/07,,
KR7152100004,PLUS 200,20250131,이익분배,80,.00336106209562,"24,124.19",0.00,현금(배당소득),확정,정액,1312000000,2025/02/04 ~ 2025/02/04,,
KR7152100004,PLUS 200,20241031,이익분배,110,.00462146038148,"24,093.86",0.00,현금(배당소득),확정,정액,2090000000,2024/11/04 ~ 2024/11/04,,
KR7487230005,KODEX 미국AI전력핵심인프라,20260731,이익분배,15,.0015,"19,835.81",0.00,현금(배당소득),확정,정액,1134000000,2026/08/04 ~ 2026/08/04,,
KR7487230005,KODEX 미국AI전력핵심인프라,20260430,이익분배,20,.002,"24,860.82",0.00,현금(배당소득),확정,정액,1452000000,2026/05/06 ~ 2026/05/06,,
KR7487230005,KODEX 미국AI전력핵심인프라,20260130,이익분배,11,.0011,"18,023.99",0.00,현금(배당소득),확정,정액,936100000,2026/02/03 ~ 2026/02/03,,
KR7487230005,KODEX 미국AI전력핵심인프라,20251031,이익분배,14,.0014,"19,529.98",0.00,현금(배당소득),확정,정액,1024100000,2025/11/04 ~ 2025/11/04,,
KR7487230005,KODEX 미국AI전력핵심인프라,20250731,이익분배,15,.0015,"17,271.82",0.00,현금(배당소득),확정,정액,557250000,2025/08/04 ~ 2025/08/04,,
KR7487230005,KODEX 미국AI전력핵심인프라,20250430,이익분배,11,.0011,"11,360.32",0.00,현금(배당소득),확정,정액,441100000,2025/05/07 ~ 2025/05/07,,
KR7487230005,KODEX 미국AI전력핵심인프라,20250131,이익분배,25,.0025,"15,455.62",0.00,현금(배당소득),확정,정액,486250000,2025/02/04 ~ 2025/02/04,,
KR7091220004,TIGER 은행,20260731,이익분배,146,.01545104347458,"9,560.61",0.00,현금(배당소득),확정,정액,192720000,2026/08/04 ~ 2026/08/04,,
KR7091220004,TIGER 은행,20260430,이익분배,221,.02338822334166,"9,680.24",0.00,현금(배당소득),확정,정액,313820000,2026/05/06 ~ 2026/05/06,,
KR7091220004,TIGER 은행,20260130,이익분배,88,.00931295771071,"9,594.25",0.00,현금(배당소득),확정,정액,103840000,2026/02/03 ~ 2026/02/03,,
KR7091220004,TIGER 은행,20251031,이익분배,95,.01005376116497,"9,615.28",0.00,현금(배당소득),확정,정액,127300000,2025/11/04 ~ 2025/11/04,,
KR7091220004,TIGER 은행,20250731,이익분배,70,.00740803454261,"9,612.70",0.00,현금(배당소득),확정,정액,155400000,2025/08/04 ~ 2025/08/04,,
KR7091220004,TIGER 은행,20250430,이익분배,205,.02169495830335,"9,743.30",0.00,현금(배당소득),확정,정액,200900000,2025/05/07 ~ 2025/05/07,,
KR7091220004,TIGER 은행,20250131,이익분배,51,.00539728230961,"9,572.59",0.00,현금(배당소득),확정,정액,57120000,2025/02/04 ~ 2025/02/04,,
KR7091220004,TIGER 은행,20241031,이익분배,60,.00634974389366,"9,642.21",0.00,현금(배당소득),확정,정액,54000000,2024/11/04 ~ 2024/11/04,,
KR70178H0001,IBK 미국AI TOP10국채혼합50,20260731,이익분배,14,.0014,"9,595.49",0.00,현금(배당소득),확정,정액,65100000,2026/08/04 ~ 2026/08/04,,
KR70057H0007,PLUS 미국S&P500미국채혼합50액티브,20260731,이익분배,13,.0013,"12,031.43",0.00,현금(배당소득),확정,정액,88400000,2026/08/04 ~ 2026/08/04,,
KR70057H0007,PLUS 미국S&P500미국채혼합50액티브,20260630,이익분배,12,.0012,"12,668.99",0.00,현금(배당소득),확정,정액,72000000,2026/07/02 ~ 2026/07/02,,
KR70057H0007,PLUS 미국S&P500미국채혼합50액티브,20260529,이익분배,11,.0011,"12,516.68",0.00,현금(배당소득),확정,정액,60500000,2026/06/02 ~ 2026/06/02,,
KR70057H0007,PLUS 미국S&P500미국채혼합50액티브,20260430,이익분배,11,.0011,"11,991.85",0.00,현금(배당소득),확정,정액,58300000,2026/05/06 ~ 2026/05/06,,
KR70057H0007,PLUS 미국S&P500미국채혼합50액티브,20260331,이익분배,10,.001,"11,706.98",0.00,현금(배당소득),확정,정액,51000000,2026/04/02 ~ 2026/04/02,,
KR70057H0007,PLUS 미국S&P500미국채혼합50액티브,20260227,이익분배,12,.0012,"11,398.27",0.00,현금(배당소득),확정,정액,63600000,2026/03/04 ~ 2026/03/04,,
KR70057H0007,PLUS 미국S&P500미국채혼합50액티브,20260130,이익분배,11,.0011,"11,441.19",0.00,현금(배당소득),확정,정액,59400000,2026/02/03 ~ 2026/02/03,,
KR70057H0007,PLUS 미국S&P500미국채혼합50액티브,20251230,이익분배,34,.0034,"11,531.07",0.00,현금(배당소득),확정,정액,136000000,2026/01/05 ~ 2026/01/05,,
KR70057H0007,PLUS 미국S&P500미국채혼합50액티브,20251031,이익분배,53,.0053,"11,437.88",0.00,현금(배당소득),확정,정액,121900000,2025/11/04 ~ 2025/11/04,,
KR7411420003,KODEX 미국나스닥AI테크액티브,20260731,이익분배,35,.0035,"25,642.80",0.00,현금(배당소득),확정,정액,168000000,2026/08/04 ~ 2026/08/04,,
KR7411420003,KODEX 미국나스닥AI테크액티브,20260430,이익분배,9,.0009,"27,259.77",0.00,현금(배당소득),확정,정액,45900000,2026/05/06 ~ 2026/05/06,,
KR7411420003,KODEX 미국나스닥AI테크액티브,20260130,이익분배,11,.0011,"21,149.72",0.00,현금(배당소득),확정,정액,55550000,2026/02/03 ~ 2026/02/03,,
KR7411420003,KODEX 미국나스닥AI테크액티브,20251031,이익분배,9,.0009,"21,019.28",0.00,현금(배당소득),확정,정액,42750000,2025/11/04 ~ 2025/11/04,,
KR7411420003,KODEX 미국나스닥AI테크액티브,20250731,이익분배,10,.001,"17,560.40",0.00,현금(배당소득),확정,정액,38500000,2025/08/04 ~ 2025/08/04,,
KR7411420003,KODEX 미국나스닥AI테크액티브,20250131,이익분배,15,.0015,"15,947.10",0.00,현금(배당소득),확정,정액,58500000,2025/02/04 ~ 2025/02/04,,
KR7458260007,TIGER 미국투자등급회사채액티브(H),20260731,이익분배,175,.0035,"49,135.25",0.00,현금(배당소득),확정,정액,897400000,2026/08/04 ~ 2026/08/04,,
KR7458260007,TIGER 미국투자등급회사채액티브(H),20260630,이익분배,175,.0035,"50,406.82",0.00,현금(배당소득),확정,정액,933100000,2026/07/02 ~ 2026/07/02,,
KR7458260007,TIGER 미국투자등급회사채액티브(H),20260529,이익분배,210,.0042,"49,990.48",0.00,현금(배당소득),확정,정액,1199520000,2026/06/02 ~ 2026/06/02,,
KR7458260007,TIGER 미국투자등급회사채액티브(H),20260430,이익분배,150,.003,"50,046.49",0.00,현금(배당소득),확정,정액,889800000,2026/05/06 ~ 2026/05/06,,
KR7458260007,TIGER 미국투자등급회사채액티브(H),20260331,이익분배,224,.00448,"49,341.47",0.00,현금(배당소득),확정,정액,1343104000,2026/04/02 ~ 2026/04/02,,
KR7458260007,TIGER 미국투자등급회사채액티브(H),20260227,이익분배,196,.00392,"51,021.93",0.00,현금(배당소득),확정,정액,1187760000,2026/03/04 ~ 2026/03/04,,
KR7458260007,TIGER 미국투자등급회사채액티브(H),20260130,이익분배,170,.0034,"50,646.29",0.00,현금(배당소득),확정,정액,1037000000,2026/02/03 ~ 2026/02/03,,
KR7458260007,TIGER 미국투자등급회사채액티브(H),20251230,이익분배,180,.0036,"50,850.75",0.00,현금(배당소득),확정,정액,1109880000,2026/01/05 ~ 2026/01/05,,
KR7458260007,TIGER 미국투자등급회사채액티브(H),20251128,이익분배,220,.0044,"51,325.22",0.00,현금(배당소득),확정,정액,1360920000,2025/12/02 ~ 2025/12/02,,
KR7458260007,TIGER 미국투자등급회사채액티브(H),20251031,이익분배,191,.00382,"51,925.73",0.00,현금(배당소득),확정,정액,1161280000,2025/11/04 ~ 2025/11/04,,
KR7458260007,TIGER 미국투자등급회사채액티브(H),20250930,이익분배,215,.0043,"51,177.19",0.00,현금(배당소득),확정,정액,1161000000,2025/10/02 ~ 2025/10/02,,
KR7458260007,TIGER 미국투자등급회사채액티브(H),20250829,이익분배,200,.004,"50,800.83",0.00,현금(배당소득),확정,정액,970000000,2025/09/02 ~ 2025/09/02,,
KR7458260007,TIGER 미국투자등급회사채액티브(H),20250731,이익분배,150,.003,"50,342.11",0.00,현금(배당소득),확정,정액,703500000,2025/08/04 ~ 2025/08/04,,
KR7458260007,TIGER 미국투자등급회사채액티브(H),20250630,이익분배,195,.0039,"50,462.01",0.00,현금(배당소득),확정,정액,861120000,2025/07/02 ~ 2025/07/02,,
KR7458260007,TIGER 미국투자등급회사채액티브(H),20250530,이익분배,195,.0039,"49,681.18",0.00,현금(배당소득),확정,정액,873990000,2025/06/04 ~ 2025/06/04,,
KR7458260007,TIGER 미국투자등급회사채액티브(H),20250430,이익분배,205,.0041,"50,096.82",0.00,현금(배당소득),확정,정액,892160000,2025/05/07 ~ 2025/05/07,,
KR7458260007,TIGER 미국투자등급회사채액티브(H),20250331,이익분배,205,.0041,"50,252.92",0.00,현금(배당소득),확정,정액,841730000,2025/04/02 ~ 2025/04/02,,
KR7458260007,TIGER 미국투자등급회사채액티브(H),20250228,이익분배,205,.0041,"50,917.95",0.00,현금(배당소득),확정,정액,776950000,2025/03/05 ~ 2025/03/05,,
KR7458260007,TIGER 미국투자등급회사채액티브(H),20250131,이익분배,145,.0029,"49,808.22",0.00,현금(배당소득),확정,정액,517360000,2025/02/04 ~ 2025/02/04,,
KR7458260007,TIGER 미국투자등급회사채액티브(H),20241230,이익분배,130,.0026,"49,771.50",0.00,현금(배당소득),확정,정액,365820000,2025/01/03 ~ 2025/01/03,,
KR7458260007,TIGER 미국투자등급회사채액티브(H),20241129,이익분배,177,.00354,"50,791.64",0.00,현금(배당소득),확정,정액,553656000,2024/12/03 ~ 2024/12/03,,
KR7458260007,TIGER 미국투자등급회사채액티브(H),20241031,이익분배,200,.004,"50,767.78",0.00,현금(배당소득),확정,정액,590400000,2024/11/04 ~ 2024/11/04,,
KR7458260007,TIGER 미국투자등급회사채액티브(H),20240930,이익분배,234,.00468,"52,576.35",0.00,현금(배당소득),확정,정액,590616000,2024/10/04 ~ 2024/10/04,,
KR7458260007,TIGER 미국투자등급회사채액티브(H),20240830,이익분배,215,.0043,"52,326.47",0.00,현금(배당소득),확정,정액,480310000,2024/09/03 ~ 2024/09/03,,
KR7434060000,KODEX TDF2050액티브 적격,20260731,이익분배,117,.0117,"17,022.50",0.00,현금(배당소득),확정,정액,4276350000,2026/08/04 ~ 2026/08/04,,
KR7434060000,KODEX TDF2050액티브 적격,20260430,이익분배,26,.0026,"17,129.80",0.00,현금(배당소득),확정,정액,832000000,2026/05/06 ~ 2026/05/06,,
KR7434060000,KODEX TDF2050액티브 적격,20260130,이익분배,90,.009,"16,453.18",0.00,현금(배당소득),확정,정액,2551500000,2026/02/03 ~ 2026/02/03,,
KR7434060000,KODEX TDF2050액티브 적격,20251031,이익분배,40,.004,"16,246.77",0.00,현금(배당소득),확정,정액,854000000,2025/11/04 ~ 2025/11/04,,
KR7434060000,KODEX TDF2050액티브 적격,20250731,이익분배,35,.0035,"15,005.33",0.00,현금(배당소득),확정,정액,591500000,2025/08/04 ~ 2025/08/04,,
KR7434060000,KODEX TDF2050액티브 적격,20250430,이익분배,30,.003,"14,082.02",0.00,현금(배당소득),확정,정액,456000000,2025/05/07 ~ 2025/05/07,,
KR7434060000,KODEX TDF2050액티브 적격,20250131,이익분배,70,.007,"14,527.14",0.00,현금(배당소득),확정,정액,819000000,2025/02/04 ~ 2025/02/04,,
KR7434060000,KODEX TDF2050액티브 적격,20241031,이익분배,70,.007,"13,864.96",0.00,현금(배당소득),확정,정액,574000000,2024/11/04 ~ 2024/11/04,,
KR7461950008,KODEX 2차전지핵심소재10,20260731,이익분배,9,.00082712757891,"10,890.47",0.00,현금(배당소득),확정,정액,298800000,2026/08/04 ~ 2026/08/04,,
KR7461950008,KODEX 2차전지핵심소재10,20260430,이익분배,10,.00091903064324,"10,899.91",0.00,현금(배당소득),확정,정액,349500000,2026/05/06 ~ 2026/05/06,,
KR7461950008,KODEX 2차전지핵심소재10,20250430,이익분배,31,.00284899499404,"10,879.17",0.00,현금(배당소득),확정,정액,1100500000,2025/05/07 ~ 2025/05/07,,
KR7428560007,KODEX 미국ETF산업Top10 Indxx,20260731,이익분배,51,.0051,"16,615.64",0.00,현금(배당소득),확정,정액,40800000,2026/08/04 ~ 2026/08/04,,
KR7428560007,KODEX 미국ETF산업Top10 Indxx,20260430,이익분배,75,.0075,"16,554.78",0.00,현금(배당소득),확정,정액,60000000,2026/05/06 ~ 2026/05/06,,
KR7428560007,KODEX 미국ETF산업Top10 Indxx,20260130,이익분배,38,.0038,"17,138.81",0.00,현금(배당소득),확정,정액,30400000,2026/02/03 ~ 2026/02/03,,
KR7428560007,KODEX 미국ETF산업Top10 Indxx,20251031,이익분배,44,.0044,"16,884.26",0.00,현금(배당소득),확정,정액,37400000,2025/11/04 ~ 2025/11/04,,
KR7428560007,KODEX 미국ETF산업Top10 Indxx,20250731,이익분배,42,.0042,"17,686.15",0.00,현금(배당소득),확정,정액,35700000,2025/08/04 ~ 2025/08/04,,
KR7428560007,KODEX 미국ETF산업Top10 Indxx,20250430,이익분배,44,.0044,"16,636.32",0.00,현금(배당소득),확정,정액,37400000,2025/05/07 ~ 2025/05/07,,
KR7428560007,KODEX 미국ETF산업Top10 Indxx,20250131,이익분배,70,.007,"17,440.74",0.00,현금(배당소득),확정,정액,49000000,2025/02/04 ~ 2025/02/04,,
KR7428560007,KODEX 미국ETF산업Top10 Indxx,20241031,이익분배,27,.0027,"16,484.20",0.00,현금(배당소득),확정,정액,16200000,2024/11/04 ~ 2024/11/04,,
KR7428510002,KODEX 차이나AI테크액티브,20260731,이익분배,43,.0043,"23,197.69",0.00,현금(배당소득),확정,정액,98900000,2026/08/04 ~ 2026/08/04,,
KR7428510002,KODEX 차이나AI테크액티브,20260430,이익분배,12,.0012,"24,479.47",0.00,현금(배당소득),확정,정액,24600000,2026/05/06 ~ 2026/05/06,,
KR7428510002,KODEX 차이나AI테크액티브,20260130,이익분배,4,.0004,"18,768.15",0.00,현금(배당소득),확정,정액,8200000,2026/02/03 ~ 2026/02/03,,
KR7428510002,KODEX 차이나AI테크액티브,20251031,이익분배,13,.0013,"17,392.24",0.00,현금(배당소득),확정,정액,24700000,2025/11/04 ~ 2025/11/04,,
KR7437080005,KODEX 미국종합채권ESG액티브(H),20260731,이익분배,375,.00375,"98,579.03",0.00,현금(배당소득),확정,정액,909375000,2026/08/04 ~ 2026/08/04,,
KR7437080005,KODEX 미국종합채권ESG액티브(H),20260630,이익분배,393,.00393,"100,611.02",0.00,현금(배당소득),확정,정액,988395000,2026/07/02 ~ 2026/07/02,,
KR7437080005,KODEX 미국종합채권ESG액티브(H),20260529,이익분배,369,.00369,"99,901.70",0.00,현금(배당소득),확정,정액,1035045000,2026/06/02 ~ 2026/06/02,,
KR7437080005,KODEX 미국종합채권ESG액티브(H),20260430,이익분배,384,.00384,"100,055.79",0.00,현금(배당소득),확정,정액,1192320000,2026/05/06 ~ 2026/05/06,,
KR7437080005,KODEX 미국종합채권ESG액티브(H),20260331,이익분배,328,.00328,"99,134.53",0.00,현금(배당소득),확정,정액,1082400000,2026/04/02 ~ 2026/04/02,,
KR7437080005,KODEX 미국종합채권ESG액티브(H),20260227,이익분배,357,.00357,"101,818.37",0.00,현금(배당소득),확정,정액,1249500000,2026/03/04 ~ 2026/03/04,,
KR7437080005,KODEX 미국종합채권ESG액티브(H),20260130,이익분배,372,.00372,"101,178.42",0.00,현금(배당소득),확정,정액,1439640000,2026/02/03 ~ 2026/02/03,,
KR7437080005,KODEX 미국종합채권ESG액티브(H),20251230,이익분배,362,.00362,"101,578.41",0.00,현금(배당소득),확정,정액,1470082000,2026/01/05 ~ 2026/01/05,,
KR7437080005,KODEX 미국종합채권ESG액티브(H),20251128,이익분배,377,.00377,"102,436.04",0.00,현금(배당소득),확정,정액,1717989000,2025/12/02 ~ 2025/12/02,,
KR7437080005,KODEX 미국종합채권ESG액티브(H),20251031,이익분배,355,.00355,"103,077.95",0.00,현금(배당소득),확정,정액,1575845000,2025/11/04 ~ 2025/11/04,,
KR7437080005,KODEX 미국종합채권ESG액티브(H),20250930,이익분배,367,.00367,"102,011.07",0.00,현금(배당소득),확정,정액,1476441000,2025/10/02 ~ 2025/10/02,,
KR7437080005,KODEX 미국종합채권ESG액티브(H),20250829,이익분배,376,.00376,"101,634.30",0.00,현금(배당소득),확정,정액,1152440000,2025/09/02 ~ 2025/09/02,,
KR7437080005,KODEX 미국종합채권ESG액티브(H),20250731,이익분배,369,.00369,"101,050.57",0.00,현금(배당소득),확정,정액,1075266000,2025/08/04 ~ 2025/08/04,,
KR7437080005,KODEX 미국종합채권ESG액티브(H),20250630,이익분배,389,.00389,"101,513.88",0.00,현금(배당소득),확정,정액,1107094000,2025/07/02 ~ 2025/07/02,,
KR7437080005,KODEX 미국종합채권ESG액티브(H),20250530,이익분배,395,.00395,"100,590.80",0.00,현금(배당소득),확정,정액,1039245000,2025/06/04 ~ 2025/06/04,,
KR7437080005,KODEX 미국종합채권ESG액티브(H),20250430,이익분배,401,.00401,"101,621.43",0.00,현금(배당소득),확정,정액,932325000,2025/05/07 ~ 2025/05/07,,
KR7437080005,KODEX 미국종합채권ESG액티브(H),20250331,이익분배,430,.0043,"101,656.69",0.00,현금(배당소득),확정,정액,714660000,2025/04/02 ~ 2025/04/02,,
KR7437080005,KODEX 미국종합채권ESG액티브(H),20250228,이익분배,379,.00379,"102,426.99",0.00,현금(배당소득),확정,정액,544244000,2025/03/05 ~ 2025/03/05,,
KR7437070006,KODEX 아시아달러채권ESG플러스액티브,20260731,이익분배,249,.00498,"62,392.27",0.00,현금(배당소득),확정,정액,157368000,2026/08/04 ~ 2026/08/04,,
KR7437070006,KODEX 아시아달러채권ESG플러스액티브,20260630,이익분배,259,.00518,"66,974.07",0.00,현금(배당소득),확정,정액,163688000,2026/07/02 ~ 2026/07/02,,
KR7437070006,KODEX 아시아달러채권ESG플러스액티브,20260529,이익분배,243,.00486,"65,487.28",0.00,현금(배당소득),확정,정액,153576000,2026/06/02 ~ 2026/06/02,,
KR7437070006,KODEX 아시아달러채권ESG플러스액티브,20260430,이익분배,261,.00522,"64,589.02",0.00,현금(배당소득),확정,정액,164952000,2026/05/06 ~ 2026/05/06,,
KR7437070006,KODEX 아시아달러채권ESG플러스액티브,20260331,이익분배,219,.00438,"65,609.38",0.00,현금(배당소득),확정,정액,138408000,2026/04/02 ~ 2026/04/02,,
KR7437070006,KODEX 아시아달러채권ESG플러스액티브,20260227,이익분배,237,.00474,"63,501.02",0.00,현금(배당소득),확정,정액,149784000,2026/03/04 ~ 2026/03/04,,
KR7437070006,KODEX 아시아달러채권ESG플러스액티브,20260130,이익분배,239,.00478,"62,779.76",0.00,현금(배당소득),확정,정액,151048000,2026/02/03 ~ 2026/02/03,,
KR7437070006,KODEX 아시아달러채권ESG플러스액티브,20251230,이익분배,233,.00466,"63,690.39",0.00,현금(배당소득),확정,정액,147256000,2026/01/05 ~ 2026/01/05,,
KR7437070006,KODEX 아시아달러채권ESG플러스액티브,20251128,이익분배,274,.00548,"65,124.91",0.00,현금(배당소득),확정,정액,173168000,2025/12/02 ~ 2025/12/02,,
KR7437070006,KODEX 아시아달러채권ESG플러스액티브,20251031,이익분배,222,.00444,"63,919.66",0.00,현금(배당소득),확정,정액,229104000,2025/11/04 ~ 2025/11/04,,
KR7437070006,KODEX 아시아달러채권ESG플러스액티브,20250930,이익분배,228,.00456,"62,457.01",0.00,현금(배당소득),확정,정액,235296000,2025/10/02 ~ 2025/10/02,,
KR7437070006,KODEX 아시아달러채권ESG플러스액티브,20250829,이익분배,230,.0046,"61,532.49",0.00,현금(배당소득),확정,정액,237360000,2025/09/02 ~ 2025/09/02,,
KR7437070006,KODEX 아시아달러채권ESG플러스액티브,20250731,이익분배,225,.0045,"60,793.63",0.00,현금(배당소득),확정,정액,232200000,2025/08/04 ~ 2025/08/04,,
KR7453330003,RISE 미국S&P500(H),20260731,이익분배,15,.0015,"17,591.86",0.00,현금(배당소득),확정,정액,69000000,2026/08/04 ~ 2026/08/04,,
KR7453330003,RISE 미국S&P500(H),20260630,이익분배,16,.0016,"17,445.37",0.00,현금(배당소득),확정,정액,75200000,2026/07/02 ~ 2026/07/02,,
KR7453330003,RISE 미국S&P500(H),20260529,이익분배,15,.0015,"17,834.70",0.00,현금(배당소득),확정,정액,78000000,2026/06/02 ~ 2026/06/02,,
KR7453330003,RISE 미국S&P500(H),20260430,이익분배,15,.0015,"17,009.18",0.00,현금(배당소득),확정,정액,84000000,2026/05/06 ~ 2026/05/06,,
KR7453330003,RISE 미국S&P500(H),20260331,이익분배,15,.0015,"15,380.34",0.00,현금(배당소득),확정,정액,82500000,2026/04/02 ~ 2026/04/02,,
KR7453330003,RISE 미국S&P500(H),20260227,이익분배,16,.0016,"16,385.49",0.00,현금(배당소득),확정,정액,89600000,2026/03/04 ~ 2026/03/04,,
KR7453330003,RISE 미국S&P500(H),20260130,이익분배,15,.0015,"16,620.46",0.00,현금(배당소득),확정,정액,87000000,2026/02/03 ~ 2026/02/03,,
KR7453330003,RISE 미국S&P500(H),20251230,이익분배,16,.0016,"16,536.85",0.00,현금(배당소득),확정,정액,78400000,2026/01/05 ~ 2026/01/05,,
KR7453330003,RISE 미국S&P500(H),20251128,이익분배,15,.0015,"16,190.77",0.00,현금(배당소득),확정,정액,69000000,2025/12/02 ~ 2025/12/02,,
KR7453330003,RISE 미국S&P500(H),20251031,이익분배,15,.0015,"16,522.82",0.00,현금(배당소득),확정,정액,81000000,2025/11/04 ~ 2025/11/04,,
KR7453330003,RISE 미국S&P500(H),20250930,이익분배,15,.0015,"15,866.46",0.00,현금(배당소득),확정,정액,84000000,2025/10/02 ~ 2025/10/02,,
KR7453330003,RISE 미국S&P500(H),20250829,이익분배,15,.0015,"15,566.91",0.00,현금(배당소득),확정,정액,90000000,2025/09/02 ~ 2025/09/02,,
KR7453330003,RISE 미국S&P500(H),20250731,이익분배,15,.0015,"15,406.15",0.00,현금(배당소득),확정,정액,97500000,2025/08/04 ~ 2025/08/04,,
KR7453330003,RISE 미국S&P500(H),20250630,이익분배,15,.0015,"14,727.04",0.00,현금(배당소득),확정,정액,97500000,2025/07/02 ~ 2025/07/02,,
KR7453330003,RISE 미국S&P500(H),20250530,이익분배,14,.0014,"14,361.01",0.00,현금(배당소득),확정,정액,98000000,2025/06/04 ~ 2025/06/04,,
KR7453330003,RISE 미국S&P500(H),20250430,이익분배,13,.0013,"13,426.18",0.00,현금(배당소득),확정,정액,83200000,2025/05/07 ~ 2025/05/07,,
KR7453330003,RISE 미국S&P500(H),20250331,이익분배,13,.0013,"13,919.87",0.00,현금(배당소득),확정,정액,70200000,2025/04/02 ~ 2025/04/02,,
KR7453330003,RISE 미국S&P500(H),20250228,이익분배,14,.0014,"14,539.57",0.00,현금(배당소득),확정,정액,63000000,2025/03/05 ~ 2025/03/05,,
KR7453330003,RISE 미국S&P500(H),20250131,이익분배,15,.0015,"14,872.09",0.00,현금(배당소득),확정,정액,64500000,2025/02/04 ~ 2025/02/04,,
KR7453330003,RISE 미국S&P500(H),20241230,이익분배,15,.0015,"14,791.65",0.00,현금(배당소득),확정,정액,60000000,2025/01/03 ~ 2025/01/03,,
KR7453330003,RISE 미국S&P500(H),20241129,이익분배,15,.0015,"14,760.02",0.00,현금(배당소득),확정,정액,55500000,2024/12/03 ~ 2024/12/03,,
KR7453330003,RISE 미국S&P500(H),20241031,이익분배,16,.0016,"14,285.13",0.00,현금(배당소득),확정,정액,54400000,2024/11/04 ~ 2024/11/04,,
KR7453330003,RISE 미국S&P500(H),20240930,이익분배,15,.0015,"14,067.51",0.00,현금(배당소득),확정,정액,46500000,2024/10/04 ~ 2024/10/04,,
KR7453330003,RISE 미국S&P500(H),20240830,이익분배,15,.0015,"13,870.84",0.00,현금(배당소득),확정,정액,43500000,2024/09/03 ~ 2024/09/03,,
KR7494330004,ACE 라이프자산주주가치액티브,20260731,이익분배,100,.00975039952262,"10,356.44",0.00,현금(배당소득),확정,정액,500000000,2026/08/04 ~ 2026/08/04,,
KR7494330004,ACE 라이프자산주주가치액티브,20260430,이익분배,100,.00975039952262,"10,453.02",0.00,현금(배당소득),확정,정액,390000000,2026/05/06 ~ 2026/05/06,,
KR7494330004,ACE 라이프자산주주가치액티브,20260130,이익분배,100,.00975039952262,"10,395.87",0.00,현금(배당소득),확정,정액,305000000,2026/02/03 ~ 2026/02/03,,
KR7494330004,ACE 라이프자산주주가치액티브,20251031,이익분배,100,.00975039952262,"10,446.36",0.00,현금(배당소득),확정,정액,340000000,2025/11/04 ~ 2025/11/04,,
KR7494330004,ACE 라이프자산주주가치액티브,20250731,이익분배,100,.00975039952262,"10,498.02",0.00,현금(배당소득),확정,정액,385000000,2025/08/04 ~ 2025/08/04,,
KR7494330004,ACE 라이프자산주주가치액티브,20250430,이익분배,100,.01,"10,582.74",0.00,현금(배당소득),확정,정액,270000000,2025/05/07 ~ 2025/05/07,,
KR70089B0005,PLUS 미국나스닥100미국채혼합50,20260731,이익분배,11,.0011,"11,390.77",0.00,현금(배당소득),확정,정액,30800000,2026/08/04 ~ 2026/08/04,,
KR70089B0005,PLUS 미국나스닥100미국채혼합50,20260630,이익분배,10,.001,"12,405.12",0.00,현금(배당소득),확정,정액,25000000,2026/07/02 ~ 2026/07/02,,
KR70089B0005,PLUS 미국나스닥100미국채혼합50,20260529,이익분배,10,.001,"12,267.43",0.00,현금(배당소득),확정,정액,24000000,2026/06/02 ~ 2026/06/02,,
KR70089B0005,PLUS 미국나스닥100미국채혼합50,20260430,이익분배,10,.001,"11,462.43",0.00,현금(배당소득),확정,정액,22000000,2026/05/06 ~ 2026/05/06,,
KR70089B0005,PLUS 미국나스닥100미국채혼합50,20260331,이익분배,11,.0011,"10,887.49",0.00,현금(배당소득),확정,정액,19800000,2026/04/02 ~ 2026/04/02,,
KR70089B0005,PLUS 미국나스닥100미국채혼합50,20260227,이익분배,9,.0009,"10,608.34",0.00,현금(배당소득),확정,정액,19800000,2026/03/04 ~ 2026/03/04,,
KR70089B0005,PLUS 미국나스닥100미국채혼합50,20260130,이익분배,9,.0009,"10,777.44",0.00,현금(배당소득),확정,정액,19800000,2026/02/03 ~ 2026/02/03,,
KR70089B0005,PLUS 미국나스닥100미국채혼합50,20251230,이익분배,38,.0038,"10,871.13",0.00,현금(배당소득),확정,정액,76000000,2026/01/05 ~ 2026/01/05,,
KR7473460004,KODEX 미국서학개미,20260731,이익분배,15,.0015,"21,570.83",0.00,현금(배당소득),확정,정액,117750000,2026/08/04 ~ 2026/08/04,,
KR7473460004,KODEX 미국서학개미,20260430,이익분배,12,.0012,"24,478.44",0.00,현금(배당소득),확정,정액,135000000,2026/05/06 ~ 2026/05/06,,
KR7473460004,KODEX 미국서학개미,20260130,이익분배,13,.0013,"23,352.04",0.00,현금(배당소득),확정,정액,183300000,2026/02/03 ~ 2026/02/03,,
KR7473460004,KODEX 미국서학개미,20251031,이익분배,12,.0012,"25,346.54",0.00,현금(배당소득),확정,정액,180600000,2025/11/04 ~ 2025/11/04,,
KR7473460004,KODEX 미국서학개미,20250731,이익분배,13,.0013,"20,611.48",0.00,현금(배당소득),확정,정액,137150000,2025/08/04 ~ 2025/08/04,,
KR7473460004,KODEX 미국서학개미,20250430,이익분배,53,.0053,"16,340.05",0.00,현금(배당소득),확정,정액,726100000,2025/05/07 ~ 2025/05/07,,
KR7466940004,TIGER 은행고배당플러스TOP10,20260731,이익분배,100,.00982139787956,"10,387.81",0.00,현금(배당소득),확정,정액,2990000000,2026/08/04 ~ 2026/08/04,,
KR7466940004,TIGER 은행고배당플러스TOP10,20260630,이익분배,87,.00854461615522,"10,453.98",0.00,현금(배당소득),확정,정액,2683950000,2026/07/02 ~ 2026/07/02,,
KR7466940004,TIGER 은행고배당플러스TOP10,20260529,이익분배,87,.00854461615522,"10,548.15",0.00,현금(배당소득),확정,정액,3018900000,2026/06/02 ~ 2026/06/02,,
KR7466940004,TIGER 은행고배당플러스TOP10,20260430,이익분배,87,.00854461615522,"10,513.09",0.00,현금(배당소득),확정,정액,3314700000,2026/05/06 ~ 2026/05/06,,
KR7466940004,TIGER 은행고배당플러스TOP10,20260331,이익분배,87,.00854461615522,"10,446.94",0.00,현금(배당소득),확정,정액,3471300000,2026/04/02 ~ 2026/04/02,,
KR7466940004,TIGER 은행고배당플러스TOP10,20260227,이익분배,87,.00854461615522,"10,243.54",0.00,현금(배당소득),확정,정액,3062400000,2026/03/04 ~ 2026/03/04,,
KR7466940004,TIGER 은행고배당플러스TOP10,20260130,이익분배,73,.00716962045208,"10,287.50",0.00,현금(배당소득),확정,정액,2241100000,2026/02/03 ~ 2026/02/03,,
KR7466940004,TIGER 은행고배당플러스TOP10,20251230,이익분배,72,.00707140647328,"10,365.63",0.00,현금(배당소득),확정,정액,2250000000,2026/01/05 ~ 2026/01/05,,
KR7466940004,TIGER 은행고배당플러스TOP10,20251128,이익분배,72,.00707140647328,"10,443.98",0.00,현금(배당소득),확정,정액,2703600000,2025/12/02 ~ 2025/12/02,,
KR7466940004,TIGER 은행고배당플러스TOP10,20251031,이익분배,72,.00707140647328,"10,400.73",0.00,현금(배당소득),확정,정액,2530800000,2025/11/04 ~ 2025/11/04,,
KR7466940004,TIGER 은행고배당플러스TOP10,20250930,이익분배,72,.00707140647328,"10,478.34",0.00,현금(배당소득),확정,정액,2527200000,2025/10/02 ~ 2025/10/02,,
KR7466940004,TIGER 은행고배당플러스TOP10,20250829,이익분배,70,.00687497851569,"10,553.96",0.00,현금(배당소득),확정,정액,2506000000,2025/09/02 ~ 2025/09/02,,
KR7466940004,TIGER 은행고배당플러스TOP10,20250731,이익분배,68,.0066785505581,"10,506.79",0.00,현금(배당소득),확정,정액,2233800000,2025/08/04 ~ 2025/08/04,,
KR7466940004,TIGER 은행고배당플러스TOP10,20250630,이익분배,68,.0066785505581,"10,580.47",0.00,현금(배당소득),확정,정액,1696600000,2025/07/02 ~ 2025/07/02,,
KR7466940004,TIGER 은행고배당플러스TOP10,20250530,이익분배,68,.0066785505581,"10,652.67",0.00,현금(배당소득),확정,정액,1513000000,2025/06/04 ~ 2025/06/04,,
KR7466940004,TIGER 은행고배당플러스TOP10,20250430,이익분배,68,.0066785505581,"10,602.79",0.00,현금(배당소득),확정,정액,1666000000,2025/05/07 ~ 2025/05/07,,
KR7466940004,TIGER 은행고배당플러스TOP10,20250331,이익분배,68,.0066785505581,"10,520.80",0.00,현금(배당소득),확정,정액,1509600000,2025/04/02 ~ 2025/04/02,,
KR7466940004,TIGER 은행고배당플러스TOP10,20250228,이익분배,73,.00716962045208,"10,198.53",0.00,현금(배당소득),확정,정액,1573150000,2025/03/05 ~ 2025/03/05,,
KR7466940004,TIGER 은행고배당플러스TOP10,20250131,이익분배,73,.00716962045208,"10,180.82",0.00,현금(배당소득),확정,정액,1500150000,2025/02/04 ~ 2025/02/04,,
KR7466940004,TIGER 은행고배당플러스TOP10,20241230,이익분배,73,.00716962045208,"10,243.76",0.00,현금(배당소득),확정,정액,1237350000,2025/01/03 ~ 2025/01/03,,
KR7466940004,TIGER 은행고배당플러스TOP10,20241129,이익분배,73,.00716962045208,"10,320.53",0.00,현금(배당소득),확정,정액,908850000,2024/12/03 ~ 2024/12/03,,
KR7466940004,TIGER 은행고배당플러스TOP10,20241031,이익분배,73,.00716962045208,"10,397.43",0.00,현금(배당소득),확정,정액,1138800000,2024/11/04 ~ 2024/11/04,,
KR7466940004,TIGER 은행고배당플러스TOP10,20240930,이익분배,61,.00599105270653,"10,373.01",0.00,현금(배당소득),확정,정액,1192550000,2024/10/04 ~ 2024/10/04,,
KR7466940004,TIGER 은행고배당플러스TOP10,20240830,이익분배,61,.00599105270653,"10,437.46",0.00,현금(배당소득),확정,정액,1143750000,2024/09/03 ~ 2024/09/03,,
KR7460660004,RISE 미국S&P배당킹,20260731,이익분배,30,.003,"12,869.50",0.00,현금(배당소득),확정,정액,45000000,2026/08/04 ~ 2026/08/04,,
KR7460660004,RISE 미국S&P배당킹,20260630,이익분배,31,.0031,"12,982.86",0.00,현금(배당소득),확정,정액,46500000,2026/07/02 ~ 2026/07/02,,
KR7460660004,RISE 미국S&P배당킹,20260529,이익분배,29,.0029,"11,944.45",0.00,현금(배당소득),확정,정액,43500000,2026/06/02 ~ 2026/06/02,,
KR7460660004,RISE 미국S&P배당킹,20260430,이익분배,29,.0029,"11,840.95",0.00,현금(배당소득),확정,정액,43500000,2026/05/06 ~ 2026/05/06,,
KR7460660004,RISE 미국S&P배당킹,20260331,이익분배,29,.0029,"11,899.29",0.00,현금(배당소득),확정,정액,47850000,2026/04/02 ~ 2026/04/02,,
KR7460660004,RISE 미국S&P배당킹,20260227,이익분배,30,.003,"12,229.35",0.00,현금(배당소득),확정,정액,60000000,2026/03/04 ~ 2026/03/04,,
KR7460660004,RISE 미국S&P배당킹,20260130,이익분배,28,.0028,"11,537.94",0.00,현금(배당소득),확정,정액,42000000,2026/02/03 ~ 2026/02/03,,
KR7460660004,RISE 미국S&P배당킹,20251230,이익분배,28,.0028,"11,210.81",0.00,현금(배당소득),확정,정액,37800000,2026/01/05 ~ 2026/01/05,,
KR7460660004,RISE 미국S&P배당킹,20251128,이익분배,28,.0028,"11,285.56",0.00,현금(배당소득),확정,정액,40600000,2025/12/02 ~ 2025/12/02,,
KR7460660004,RISE 미국S&P배당킹,20251031,이익분배,28,.0028,"11,001.52",0.00,현금(배당소득),확정,정액,42000000,2025/11/04 ~ 2025/11/04,,
KR7460660004,RISE 미국S&P배당킹,20250930,이익분배,27,.0027,"10,832.20",0.00,현금(배당소득),확정,정액,40500000,2025/10/02 ~ 2025/10/02,,
KR7460660004,RISE 미국S&P배당킹,20250829,이익분배,27,.0027,"11,171.83",0.00,현금(배당소득),확정,정액,40500000,2025/09/02 ~ 2025/09/02,,
KR7460660004,RISE 미국S&P배당킹,20250731,이익분배,27,.0027,"10,913.57",0.00,현금(배당소득),확정,정액,39150000,2025/08/04 ~ 2025/08/04,,
KR7460660004,RISE 미국S&P배당킹,20250630,이익분배,27,.0027,"10,240.31",0.00,현금(배당소득),확정,정액,37800000,2025/07/02 ~ 2025/07/02,,
KR7460660004,RISE 미국S&P배당킹,20250530,이익분배,27,.0027,"10,648.86",0.00,현금(배당소득),확정,정액,35100000,2025/06/04 ~ 2025/06/04,,
KR7460660004,RISE 미국S&P배당킹,20250430,이익분배,27,.0027,"10,878.28",0.00,현금(배당소득),확정,정액,33750000,2025/05/07 ~ 2025/05/07,,
KR7460660004,RISE 미국S&P배당킹,20250331,이익분배,26,.0026,"11,376.89",0.00,현금(배당소득),확정,정액,29900000,2025/04/02 ~ 2025/04/02,,
KR7460660004,RISE 미국S&P배당킹,20250228,이익분배,30,.003,"11,488.95",0.00,현금(배당소득),확정,정액,34500000,2025/03/05 ~ 2025/03/05,,
KR7460660004,RISE 미국S&P배당킹,20250131,이익분배,30,.003,"11,039.29",0.00,현금(배당소득),확정,정액,33000000,2025/02/04 ~ 2025/02/04,,
KR7460660004,RISE 미국S&P배당킹,20241230,이익분배,30,.003,"11,380.28",0.00,현금(배당소득),확정,정액,31500000,2025/01/03 ~ 2025/01/03,,
KR7460660004,RISE 미국S&P배당킹,20241129,이익분배,30,.003,"11,539.12",0.00,현금(배당소득),확정,정액,28500000,2024/12/03 ~ 2024/12/03,,
KR7460660004,RISE 미국S&P배당킹,20241031,이익분배,30,.003,"11,318.84",0.00,현금(배당소득),확정,정액,30000000,2024/11/04 ~ 2024/11/04,,
KR7460660004,RISE 미국S&P배당킹,20240930,이익분배,30,.003,"10,969.84",0.00,현금(배당소득),확정,정액,27000000,2024/10/04 ~ 2024/10/04,,
KR7460660004,RISE 미국S&P배당킹,20240830,이익분배,30,.003,"11,041.94",0.00,현금(배당소득),확정,정액,27000000,2024/09/03 ~ 2024/09/03,,
KR7449780006,KIWOOM 미국S&P500(H),20260731,이익분배,43,.0043,"18,139.57",0.00,현금(배당소득),확정,정액,77400000,2026/08/04 ~ 2026/08/04,,
KR7449780006,KIWOOM 미국S&P500(H),20260430,이익분배,49,.0049,"17,609.32",0.00,현금(배당소득),확정,정액,88200000,2026/05/06 ~ 2026/05/06,,
KR7449780006,KIWOOM 미국S&P500(H),20260130,이익분배,46,.0046,"17,216.44",0.00,현금(배당소득),확정,정액,92000000,2026/02/03 ~ 2026/02/03,,
KR7449780006,KIWOOM 미국S&P500(H),20251031,이익분배,41,.0041,"17,130.96",0.00,현금(배당소득),확정,정액,73800000,2025/11/04 ~ 2025/11/04,,
KR7449780006,KIWOOM 미국S&P500(H),20250731,이익분배,40,.004,"15,929.56",0.00,현금(배당소득),확정,정액,72000000,2025/08/04 ~ 2025/08/04,,
KR7449780006,KIWOOM 미국S&P500(H),20250430,이익분배,80,.008,"13,955.79",0.00,현금(배당소득),확정,정액,120000000,2025/05/07 ~ 2025/05/07,,
KR7432840007,HANARO 미국S&P500,20260731,이익분배,13,.0013,"20,027.34",0.00,현금(배당소득),확정,정액,10400000,2026/08/04 ~ 2026/08/04,,
KR7432840007,HANARO 미국S&P500,20260630,이익분배,12,.0012,"21,003.99",0.00,현금(배당소득),확정,정액,9600000,2026/07/02 ~ 2026/07/02,,
KR7432840007,HANARO 미국S&P500,20260529,이익분배,10,.001,"21,028.72",0.00,현금(배당소득),확정,정액,8000000,2026/06/02 ~ 2026/06/02,,
KR7432840007,HANARO 미국S&P500,20260430,이익분배,13,.0013,"19,704.01",0.00,현금(배당소득),확정,정액,10400000,2026/05/06 ~ 2026/05/06,,
KR7432840007,HANARO 미국S&P500,20260331,이익분배,11,.0011,"18,237.16",0.00,현금(배당소득),확정,정액,8800000,2026/04/02 ~ 2026/04/02,,
KR7432840007,HANARO 미국S&P500,20260227,이익분배,10,.001,"18,377.68",0.00,현금(배당소득),확정,정액,8000000,2026/03/04 ~ 2026/03/04,,
KR7432840007,HANARO 미국S&P500,20260130,이익분배,9,.0009,"18,517.99",0.00,현금(배당소득),확정,정액,7200000,2026/02/03 ~ 2026/02/03,,
KR7432840007,HANARO 미국S&P500,20251230,이익분배,15,.0015,"18,629.71",0.00,현금(배당소득),확정,정액,12000000,2026/01/05 ~ 2026/01/05,,
KR7432840007,HANARO 미국S&P500,20251128,이익분배,8,.0008,"18,500.60",0.00,현금(배당소득),확정,정액,6400000,2025/12/02 ~ 2025/12/02,,
KR7432840007,HANARO 미국S&P500,20251031,이익분배,13,.0013,"18,412.08",0.00,현금(배당소득),확정,정액,10400000,2025/11/04 ~ 2025/11/04,,
KR7432840007,HANARO 미국S&P500,20250930,이익분배,15,.0015,"17,421.56",0.00,현금(배당소득),확정,정액,12000000,2025/10/02 ~ 2025/10/02,,
KR7432840007,HANARO 미국S&P500,20250829,이익분배,9,.0009,"16,873.36",0.00,현금(배당소득),확정,정액,6300000,2025/09/02 ~ 2025/09/02,,
KR7432840007,HANARO 미국S&P500,20250731,이익분배,12,.0012,"16,613.75",0.00,현금(배당소득),확정,정액,8400000,2025/08/04 ~ 2025/08/04,,
KR7432840007,HANARO 미국S&P500,20250630,이익분배,14,.0014,"15,469.31",0.00,현금(배당소득),확정,정액,9800000,2025/07/02 ~ 2025/07/02,,
KR7432840007,HANARO 미국S&P500,20250530,이익분배,9,.0009,"15,252.12",0.00,현금(배당소득),확정,정액,6300000,2025/06/04 ~ 2025/06/04,,
KR7432840007,HANARO 미국S&P500,20250430,이익분배,13,.0013,"14,907.95",0.00,현금(배당소득),확정,정액,9100000,2025/05/07 ~ 2025/05/07,,
KR7432840007,HANARO 미국S&P500,20250331,이익분배,11,.0011,"15,655.84",0.00,현금(배당소득),확정,정액,7700000,2025/04/02 ~ 2025/04/02,,
KR7432840007,HANARO 미국S&P500,20250228,이익분배,9,.0009,"15,975.11",0.00,현금(배당소득),확정,정액,6300000,2025/03/05 ~ 2025/03/05,,
KR7432840007,HANARO 미국S&P500,20250131,이익분배,8,.0008,"16,394.68",0.00,현금(배당소득),확정,정액,4800000,2025/02/04 ~ 2025/02/04,,
KR7432840007,HANARO 미국S&P500,20241230,이익분배,13,.0013,"16,587.91",0.00,현금(배당소득),확정,정액,7800000,2025/01/03 ~ 2025/01/03,,
KR7432840007,HANARO 미국S&P500,20241129,이익분배,7,.0007,"15,779.89",0.00,현금(배당소득),확정,정액,4200000,2024/12/03 ~ 2024/12/03,,
KR7432840007,HANARO 미국S&P500,20241031,이익분배,10,.001,"15,144.55",0.00,현금(배당소득),확정,정액,6000000,2024/11/04 ~ 2024/11/04,,
KR7432840007,HANARO 미국S&P500,20240930,이익분배,12,.0012,"14,255.27",0.00,현금(배당소득),확정,정액,7200000,2024/10/04 ~ 2024/10/04,,
KR7432840007,HANARO 미국S&P500,20240830,이익분배,10,.001,"14,150.39",0.00,현금(배당소득),확정,정액,6000000,2024/09/03 ~ 2024/09/03,,
KR7388420002,RISE 비메모리반도체액티브,20260731,이익분배,55,.00566774834785,"9,723.83",0.00,현금(배당소득),확정,정액,514800000,2026/08/04 ~ 2026/08/04,,
KR7388420002,RISE 비메모리반도체액티브,20250731,이익분배,50,.00515249849805,"9,780.72",0.00,현금(배당소득),확정,정액,1156000000,2025/08/04 ~ 2025/08/04,,
KR7375770005,KODEX 탄소효율그린뉴딜,20260731,이익분배,47,.00466551253137,"10,222.15",0.00,현금(배당소득),확정,정액,84600000,2026/08/04 ~ 2026/08/04,,
KR7375770005,KODEX 탄소효율그린뉴딜,20260430,이익분배,155,.01538626473111,"10,353.78",0.00,현금(배당소득),확정,정액,372000000,2026/05/06 ~ 2026/05/06,,
KR7375770005,KODEX 탄소효율그린뉴딜,20260130,이익분배,1,.00009926622407,"10,255.32",0.00,현금(배당소득),확정,정액,2400000,2026/02/03 ~ 2026/02/03,,
KR7375770005,KODEX 탄소효율그린뉴딜,20250430,이익분배,179,.01776865410883,"10,344.80",0.00,현금(배당소득),확정,정액,429600000,2025/05/07 ~ 2025/05/07,,
KR7364690008,KODEX 혁신기술테마액티브,20260731,이익분배,57,.00575833771944,"10,162.09",0.00,현금(배당소득),확정,정액,34200000,2026/08/04 ~ 2026/08/04,,
KR7364690008,KODEX 혁신기술테마액티브,20260430,이익분배,136,.01373919175164,"10,280.21",0.00,현금(배당소득),확정,정액,81600000,2026/05/06 ~ 2026/05/06,,
KR7364690008,KODEX 혁신기술테마액티브,20250430,이익분배,255,.02576098453432,"10,295.95",0.00,현금(배당소득),확정,정액,153000000,2025/05/07 ~ 2025/05/07,,
KR7266410000,KODEX 필수소비재,20260731,이익분배,51,.00498806288089,"10,283.58",0.00,현금(배당소득),확정,정액,71400000,2026/08/04 ~ 2026/08/04,,
KR7266410000,KODEX 필수소비재,20260430,이익분배,80,.00782441236218,"10,363.01",0.00,현금(배당소득),확정,정액,160000000,2026/05/06 ~ 2026/05/06,,
KR7266410000,KODEX 필수소비재,20250430,이익분배,148,.01447516287003,"10,358.89",0.00,현금(배당소득),확정,정액,266400000,2025/05/07 ~ 2025/05/07,,
KR7266160001,RISE 고배당,20260731,이익분배,80,.00796638980143,"10,168.00",0.00,현금(배당소득),확정,정액,508000000,2026/08/04 ~ 2026/08/04,,
KR7266160001,RISE 고배당,20260430,이익분배,400,.03983194900714,"10,510.67",0.00,현금(배당소득),확정,정액,3120000000,2026/05/06 ~ 2026/05/06,,
KR7266160001,RISE 고배당,20260130,이익분배,90,.00896218852661,"10,237.03",0.00,현금(배당소득),확정,정액,517500000,2026/02/03 ~ 2026/02/03,,
KR7266160001,RISE 고배당,20251031,이익분배,55,.00547689298848,"10,159.76",0.00,현금(배당소득),확정,정액,261250000,2025/11/04 ~ 2025/11/04,,
KR7266160001,RISE 고배당,20250731,이익분배,400,.03983194900714,"10,481.30",0.00,현금(배당소득),확정,정액,2160000000,2025/08/04 ~ 2025/08/04,,
KR7266160001,RISE 고배당,20250430,이익분배,160,.01593277960286,"10,577.90",0.00,현금(배당소득),확정,정액,736000000,2025/05/07 ~ 2025/05/07,,
KR7266160001,RISE 고배당,20250131,이익분배,90,.00896218852661,"10,304.32",0.00,현금(배당소득),확정,정액,409500000,2025/02/04 ~ 2025/02/04,,
KR7229720008,KODEX KTOP30,20260731,이익분배,31,.00260470056026,"11,933.19",0.00,현금(배당소득),확정,정액,15500000,2026/08/04 ~ 2026/08/04,,
KR7229720008,KODEX KTOP30,20260430,이익분배,287,.02411448583211,"12,188.50",0.00,현금(배당소득),확정,정액,172200000,2026/05/06 ~ 2026/05/06,,
KR7229720008,KODEX KTOP30,20250430,이익분배,325,.0273073445834,"12,181.21",0.00,현금(배당소득),확정,정액,162500000,2025/05/07 ~ 2025/05/07,,
KR7192720001,파워 고배당저변동성,20260731,이익분배,151,.00638342845064,"24,277.47",0.00,현금(배당소득),확정,정액,77010000,2026/08/04 ~ 2026/08/04,,
KR7192720001,파워 고배당저변동성,20260430,이익분배,1230,.05199746353836,"25,391.98",0.00,현금(배당소득),확정,정액,774900000,2026/05/06 ~ 2026/05/06,,
KR7192720001,파워 고배당저변동성,20251031,이익분배,112,.00473472838723,"23,874.57",0.00,현금(배당소득),확정,정액,30240000,2025/11/04 ~ 2025/11/04,,
KR7192720001,파워 고배당저변동성,20250731,이익분배,90,.00380469245403,"23,809.68",0.00,현금(배당소득),확정,정액,24300000,2025/08/04 ~ 2025/08/04,,
KR7192720001,파워 고배당저변동성,20250430,이익분배,1410,.05960684844642,"25,160.12",0.00,현금(배당소득),확정,정액,338400000,2025/05/07 ~ 2025/05/07,,
KR7192720001,파워 고배당저변동성,20241031,이익분배,67,.00283238216022,"24,004.67",0.00,현금(배당소득),확정,정액,16080000,2024/11/04 ~ 2024/11/04,,
KR7156080004,KODEX MSCI Korea,20260731,이익분배,81,.0069705001549,"12,137.53",0.00,현금(배당소득),확정,정액,48600000,2026/08/04 ~ 2026/08/04,,
KR7156080004,KODEX MSCI Korea,20260430,이익분배,317,.02727961171732,"12,403.79",0.00,현금(배당소득),확정,정액,221900000,2026/05/06 ~ 2026/05/06,,
KR7156080004,KODEX MSCI Korea,20250430,이익분배,358,.03080788957351,"12,397.99",0.00,현금(배당소득),확정,정액,250600000,2025/05/07 ~ 2025/05/07,,
KR7148020001,RISE 200,20260731,이익분배,120,.0049564247656,"24,447.55",0.00,현금(배당소득),확정,정액,5010000000,2026/08/04 ~ 2026/08/04,,
KR7148020001,RISE 200,20260430,이익분배,580,.02395605303374,"24,903.79",0.00,현금(배당소득),확정,정액,22272000000,2026/05/06 ~ 2026/05/06,,
KR7148020001,RISE 200,20260130,이익분배,150,.006195530957,"24,590.17",0.00,현금(배당소득),확정,정액,5317500000,2026/02/03 ~ 2026/02/03,,
KR7148020001,RISE 200,20251031,이익분배,160,.00660856635414,"24,541.60",0.00,현금(배당소득),확정,정액,5584000000,2025/11/04 ~ 2025/11/04,,
KR7148020001,RISE 200,20250731,이익분배,130,.00536946016274,"24,534.84",0.00,현금(배당소득),확정,정액,4556500000,2025/08/04 ~ 2025/08/04,,
KR7148020001,RISE 200,20250430,이익분배,470,.01941266366528,"24,890.36",0.00,현금(배당소득),확정,정액,16426500000,2025/05/07 ~ 2025/05/07,,
KR7148020001,RISE 200,20250131,이익분배,100,.00413035397134,"24,585.35",0.00,현금(배당소득),확정,정액,3220000000,2025/02/04 ~ 2025/02/04,,
KR7148020001,RISE 200,20241031,이익분배,120,.0049564247656,"24,568.33",0.00,현금(배당소득),확정,정액,4002000000,2024/11/04 ~ 2024/11/04,,
KR7139250005,TIGER 200 에너지화학,20260731,이익분배,50,.00295506527739,"17,134.80",0.00,현금(배당소득),확정,정액,68000000,2026/08/04 ~ 2026/08/04,,
KR7139250005,TIGER 200 에너지화학,20260430,이익분배,20,.00118202611096,"17,162.78",0.00,현금(배당소득),확정,정액,41200000,2026/05/06 ~ 2026/05/06,,
KR7139250005,TIGER 200 에너지화학,20251031,이익분배,20,.00118202611096,"17,066.24",0.00,현금(배당소득),확정,정액,35200000,2025/11/04 ~ 2025/11/04,,
KR7139250005,TIGER 200 에너지화학,20250731,이익분배,20,.00118202611096,"17,074.92",0.00,현금(배당소득),확정,정액,36400000,2025/08/04 ~ 2025/08/04,,
KR7139250005,TIGER 200 에너지화학,20250430,이익분배,165,.00975171541539,"17,243.08",0.00,현금(배당소득),확정,정액,462000000,2025/05/07 ~ 2025/05/07,,
KR7139250005,TIGER 200 에너지화학,20241031,이익분배,20,.00118202611096,"17,095.77",0.00,현금(배당소득),확정,정액,37200000,2024/11/04 ~ 2024/11/04,,
KR7117460006,KODEX 에너지화학,20260731,이익분배,35,.00434831223367,"8,204.85",0.00,현금(배당소득),확정,정액,71050000,2026/08/04 ~ 2026/08/04,,
KR7117460006,KODEX 에너지화학,20260430,이익분배,41,.00509373718801,"8,250.27",0.00,현금(배당소득),확정,정액,88970000,2026/05/06 ~ 2026/05/06,,
KR7117460006,KODEX 에너지화학,20250430,이익분배,110,.01366612416295,"8,286.03",0.00,현금(배당소득),확정,정액,254100000,2025/05/07 ~ 2025/05/07,,
KR7101280006,KODEX 일본TOPIX100,20260731,이익분배,50,.00584301911135,"32,987.87",0.00,현금(배당소득),확정,정액,81000000,2026/08/04 ~ 2026/08/04,,
KR7101280006,KODEX 일본TOPIX100,20260430,이익분배,214,.02500812179656,"32,609.79",0.00,현금(배당소득),확정,정액,385200000,2026/05/06 ~ 2026/05/06,,
KR7101280006,KODEX 일본TOPIX100,20260130,이익분배,29,.00338895108458,"31,098.69",0.00,현금(배당소득),확정,정액,58580000,2026/02/03 ~ 2026/02/03,,
KR7101280006,KODEX 일본TOPIX100,20251031,이익분배,182,.0212685895653,"29,667.74",0.00,현금(배당소득),확정,정액,232960000,2025/11/04 ~ 2025/11/04,,
KR7101280006,KODEX 일본TOPIX100,20250731,이익분배,32,.00373953223126,"26,404.31",0.00,현금(배당소득),확정,정액,34560000,2025/08/04 ~ 2025/08/04,,
KR7101280006,KODEX 일본TOPIX100,20250430,이익분배,247,.02886451441005,"25,722.48",0.00,현금(배당소득),확정,정액,489060000,2025/05/07 ~ 2025/05/07,,
KR7101280006,KODEX 일본TOPIX100,20241031,이익분배,204,.0238395179743,"24,081.87",0.00,현금(배당소득),확정,정액,236640000,2024/11/04 ~ 2024/11/04,,
KR7091170001,KODEX 은행,20260731,이익분배,60,.00634974389366,"9,474.70",0.00,현금(배당소득),확정,정액,1257000000,2026/08/04 ~ 2026/08/04,,
KR7091170001,KODEX 은행,20260630,이익분배,55,.00582059856919,"9,507.23",0.00,현금(배당소득),확정,정액,1619750000,2026/07/02 ~ 2026/07/02,,
KR7091170001,KODEX 은행,20260529,이익분배,58,.00613808576387,"9,568.74",0.00,현금(배당소득),확정,정액,2241700000,2026/06/02 ~ 2026/06/02,,
KR7091170001,KODEX 은행,20260430,이익분배,59,.00624391482877,"9,543.06",0.00,현금(배당소득),확정,정액,1734600000,2026/05/06 ~ 2026/05/06,,
KR7091170001,KODEX 은행,20260331,이익분배,52,.00550311137451,"9,565.09",0.00,현금(배당소득),확정,정액,1661400000,2026/04/02 ~ 2026/04/02,,
KR7091170001,KODEX 은행,20260227,이익분배,50,.00529145324472,"9,477.67",0.00,현금(배당소득),확정,정액,1612500000,2026/03/04 ~ 2026/03/04,,
KR7091170001,KODEX 은행,20260130,이익분배,45,.00476230792025,"9,491.14",0.00,현금(배당소득),확정,정액,1732500000,2026/02/03 ~ 2026/02/03,,
KR7091170001,KODEX 은행,20251230,이익분배,45,.00476230792025,"9,539.14",0.00,현금(배당소득),확정,정액,1563750000,2026/01/05 ~ 2026/01/05,,
KR7091170001,KODEX 은행,20251128,이익분배,42,.00444482072556,"9,584.07",0.00,현금(배당소득),확정,정액,1234800000,2025/12/02 ~ 2025/12/02,,
KR7091170001,KODEX 은행,20251031,이익분배,42,.00444482072556,"9,544.35",0.00,현금(배당소득),확정,정액,1073100000,2025/11/04 ~ 2025/11/04,,
KR7091170001,KODEX 은행,20250930,이익분배,42,.00444482072556,"9,588.90",0.00,현금(배당소득),확정,정액,1098300000,2025/10/02 ~ 2025/10/02,,
KR7091170001,KODEX 은행,20250829,이익분배,42,.00444482072556,"9,633.62",0.00,현금(배당소득),확정,정액,1425900000,2025/09/02 ~ 2025/09/02,,
KR7091170001,KODEX 은행,20250731,이익분배,42,.00444482072556,"9,595.23",0.00,현금(배당소득),확정,정액,1419600000,2025/08/04 ~ 2025/08/04,,
KR7091170001,KODEX 은행,20250630,이익분배,42,.00444482072556,"9,639.81",0.00,현금(배당소득),확정,정액,1320900000,2025/07/02 ~ 2025/07/02,,
KR7091170001,KODEX 은행,20250530,이익분배,30,.00317487194683,"9,671.61",0.00,현금(배당소득),확정,정액,1027500000,2025/06/04 ~ 2025/06/04,,
KR7091170001,KODEX 은행,20250430,이익분배,30,.00317487194683,"9,621.36",0.00,현금(배당소득),확정,정액,1110000000,2025/05/07 ~ 2025/05/07,,
KR7091170001,KODEX 은행,20250331,이익분배,30,.00317487194683,"9,617.48",0.00,현금(배당소득),확정,정액,1162500000,2025/04/02 ~ 2025/04/02,,
KR7091170001,KODEX 은행,20250228,이익분배,30,.00317487194683,"9,478.58",0.00,현금(배당소득),확정,정액,1161000000,2025/03/05 ~ 2025/03/05,,
KR7091170001,KODEX 은행,20250131,이익분배,30,.00317487194683,"9,493.93",0.00,현금(배당소득),확정,정액,1152000000,2025/02/04 ~ 2025/02/04,,
KR7091170001,KODEX 은행,20241230,이익분배,30,.00317487194683,"9,525.61",0.00,현금(배당소득),확정,정액,1170000000,2025/01/03 ~ 2025/01/03,,
KR7091170001,KODEX 은행,20241129,이익분배,30,.00317487194683,"9,557.38",0.00,현금(배당소득),확정,정액,1164000000,2024/12/03 ~ 2024/12/03,,
KR7091170001,KODEX 은행,20241031,이익분배,30,.00317487194683,"9,589.19",0.00,현금(배당소득),확정,정액,1425000000,2024/11/04 ~ 2024/11/04,,
KR7091170001,KODEX 은행,20240930,이익분배,30,.00317487194683,"9,555.95",0.00,현금(배당소득),확정,정액,1449000000,2024/10/04 ~ 2024/10/04,,
KR7091170001,KODEX 은행,20240830,이익분배,30,.00317487194683,"9,587.62",0.00,현금(배당소득),확정,정액,1447500000,2024/09/03 ~ 2024/09/03,,
KR7069660009,KIWOOM 200,20260731,이익분배,130,.01666453446085,"7,932.91",0.00,현금(배당소득),확정,정액,923000000,2026/08/04 ~ 2026/08/04,,
KR7069660009,KIWOOM 200,20260430,이익분배,480,.06153058877851,"8,254.76",0.00,현금(배당소득),확정,정액,3744000000,2026/05/06 ~ 2026/05/06,,
KR7069660009,KIWOOM 200,20260130,이익분배,180,.02307397079194,"8,003.42",0.00,현금(배당소득),확정,정액,1656000000,2026/02/03 ~ 2026/02/03,,
KR7069660009,KIWOOM 200,20251031,이익분배,280,.03589284345413,"8,088.29",0.00,현금(배당소득),확정,정액,2758000000,2025/11/04 ~ 2025/11/04,,
KR7069660009,KIWOOM 200,20250430,이익분배,570,.07306757417448,"8,421.29",0.00,현금(배당소득),확정,정액,6042000000,2025/05/07 ~ 2025/05/07,,
KR7069660009,KIWOOM 200,20241031,이익분배,240,.03076529438926,"8,136.24",0.00,현금(배당소득),확정,정액,2748000000,2024/11/04 ~ 2024/11/04,,
KR70210E0004,PLUS 200커버드콜액티브,20260731,이익분배,139,.01335005772219,"10,409.39",0.00,현금(배당소득),확정,정액,1028600000,2026/08/04 ~ 2026/08/04,,
KR70190G0006,KODEX 반도체타겟위클리커버드콜,20260731,이익분배,66,.00603780765374,"10,925.75",0.00,현금(배당소득),확정,정액,1333200000,2026/08/04 ~ 2026/08/04,,
KR70190G0006,KODEX 반도체타겟위클리커버드콜,20260630,이익분배,82,.00750151860011,"10,926.07",0.00,현금(배당소득),확정,정액,1517000000,2026/07/02 ~ 2026/07/02,,
KR70190G0006,KODEX 반도체타겟위클리커버드콜,20260529,이익분배,83,.00759300053425,"10,928.85",0.00,현금(배당소득),확정,정액,2257600000,2026/06/02 ~ 2026/06/02,,
KR70174J0003,DAISHIN343 오피스리츠플러스,20260731,이익분배,20,.0020371515325,"10,009.42",0.00,현금(배당소득),확정,정액,12000000,2026/08/04 ~ 2026/08/04,,
KR70174J0003,DAISHIN343 오피스리츠플러스,20260630,이익분배,10,.00101857576625,"9,982.45",0.00,현금(배당소득),확정,정액,6000000,2026/07/02 ~ 2026/07/02,,
KR70174J0003,DAISHIN343 오피스리츠플러스,20260529,이익분배,10,.00101857576625,"9,899.89",0.00,현금(배당소득),확정,정액,6000000,2026/06/02 ~ 2026/06/02,,
KR70174J0003,DAISHIN343 오피스리츠플러스,20260430,이익분배,10,.00101857576625,"9,843.80",0.00,현금(배당소득),확정,정액,6000000,2026/05/06 ~ 2026/05/06,,
KR70137W0002,KIWOOM 미국S&P500&GOLD,20260731,이익분배,10,.001,"10,500.77",0.00,현금(배당소득),확정,정액,27000000,2026/08/04 ~ 2026/08/04,,
KR70137W0002,KIWOOM 미국S&P500&GOLD,20260430,이익분배,28,.0028,"10,503.82",0.00,현금(배당소득),확정,정액,85400000,2026/05/06 ~ 2026/05/06,,
KR70137W0002,KIWOOM 미국S&P500&GOLD,20260130,이익분배,13,.0013,"9,988.58",0.00,현금(배당소득),확정,정액,36400000,2026/02/03 ~ 2026/02/03,,
KR70015E0001,KIWOOM 엔비디아미국30년국채혼합액티브(H),20260731,이익분배,20,.002,"10,538.28",0.00,현금(배당소득),확정,정액,10000000,2026/08/04 ~ 2026/08/04,,
KR70015E0001,KIWOOM 엔비디아미국30년국채혼합액티브(H),20260630,이익분배,20,.002,"10,817.61",0.00,현금(배당소득),확정,정액,10000000,2026/07/02 ~ 2026/07/02,,
KR70015E0001,KIWOOM 엔비디아미국30년국채혼합액티브(H),20260529,이익분배,20,.002,"10,851.27",0.00,현금(배당소득),확정,정액,10000000,2026/06/02 ~ 2026/06/02,,
KR70015E0001,KIWOOM 엔비디아미국30년국채혼합액티브(H),20260430,이익분배,20,.002,"10,928.00",0.00,현금(배당소득),확정,정액,12000000,2026/05/06 ~ 2026/05/06,,
KR70015E0001,KIWOOM 엔비디아미국30년국채혼합액티브(H),20260331,이익분배,20,.002,"10,350.41",0.00,현금(배당소득),확정,정액,10000000,2026/04/02 ~ 2026/04/02,,
KR70015E0001,KIWOOM 엔비디아미국30년국채혼합액티브(H),20260227,이익분배,20,.002,"10,909.75",0.00,현금(배당소득),확정,정액,12000000,2026/03/04 ~ 2026/03/04,,
KR70015E0001,KIWOOM 엔비디아미국30년국채혼합액티브(H),20260130,이익분배,20,.002,"10,714.45",0.00,현금(배당소득),확정,정액,12000000,2026/02/03 ~ 2026/02/03,,
KR70015E0001,KIWOOM 엔비디아미국30년국채혼합액티브(H),20251230,이익분배,20,.002,"10,768.81",0.00,현금(배당소득),확정,정액,16000000,2026/01/05 ~ 2026/01/05,,
KR70015E0001,KIWOOM 엔비디아미국30년국채혼합액티브(H),20251128,이익분배,20,.002,"10,803.49",0.00,현금(배당소득),확정,정액,16000000,2025/12/02 ~ 2025/12/02,,
KR70015E0001,KIWOOM 엔비디아미국30년국채혼합액티브(H),20251031,이익분배,20,.002,"11,263.75",0.00,현금(배당소득),확정,정액,12000000,2025/11/04 ~ 2025/11/04,,
KR70015E0001,KIWOOM 엔비디아미국30년국채혼합액티브(H),20250930,이익분배,20,.002,"10,675.26",0.00,현금(배당소득),확정,정액,12000000,2025/10/02 ~ 2025/10/02,,
KR70015E0001,KIWOOM 엔비디아미국30년국채혼합액티브(H),20250829,이익분배,20,.002,"10,569.66",0.00,현금(배당소득),확정,정액,12000000,2025/09/02 ~ 2025/09/02,,
KR70015E0001,KIWOOM 엔비디아미국30년국채혼합액티브(H),20250731,이익분배,20,.002,"10,471.43",0.00,현금(배당소득),확정,정액,12000000,2025/08/04 ~ 2025/08/04,,
KR70015E0001,KIWOOM 엔비디아미국30년국채혼합액티브(H),20250630,이익분배,20,.002,"10,278.36",0.00,현금(배당소득),확정,정액,20000000,2025/07/02 ~ 2025/07/02,,
KR70015E0001,KIWOOM 엔비디아미국30년국채혼합액티브(H),20250530,이익분배,20,.002,"9,852.56",0.00,현금(배당소득),확정,정액,20000000,2025/06/04 ~ 2025/06/04,,
KR70015E0001,KIWOOM 엔비디아미국30년국채혼합액티브(H),20250430,이익분배,15,.0015,"9,624.95",0.00,현금(배당소득),확정,정액,15000000,2025/05/07 ~ 2025/05/07,,
KR70015E0001,KIWOOM 엔비디아미국30년국채혼합액티브(H),20250331,이익분배,25,.0025,"9,687.48",0.00,현금(배당소득),확정,정액,25000000,2025/04/02 ~ 2025/04/02,,
KR7289480006,TIGER 200커버드콜,20260731,이익분배,78,.0078,"10,004.71",0.00,현금(배당소득),확정,정액,179400000,2026/08/04 ~ 2026/08/04,,
KR7289480006,TIGER 200커버드콜,20260630,이익분배,87,.0087,"9,999.35",0.00,현금(배당소득),확정,정액,200100000,2026/07/02 ~ 2026/07/02,,
KR7289480006,TIGER 200커버드콜,20260529,이익분배,82,.0082,"10,002.86",0.00,현금(배당소득),확정,정액,213200000,2026/06/02 ~ 2026/06/02,,
KR7289480006,TIGER 200커버드콜,20260430,이익분배,80,.008,"10,014.33",0.00,현금(배당소득),확정,정액,208000000,2026/05/06 ~ 2026/05/06,,
KR7289480006,TIGER 200커버드콜,20260331,이익분배,73,.0073,"10,028.06",0.00,현금(배당소득),확정,정액,167900000,2026/04/02 ~ 2026/04/02,,
KR7289480006,TIGER 200커버드콜,20260227,이익분배,71,.0071,"10,005.02",0.00,현금(배당소득),확정,정액,163300000,2026/03/04 ~ 2026/03/04,,
KR7289480006,TIGER 200커버드콜,20260130,이익분배,70,.007,"10,019.17",0.00,현금(배당소득),확정,정액,161000000,2026/02/03 ~ 2026/02/03,,
KR7289480006,TIGER 200커버드콜,20251230,이익분배,67,.0067,"10,002.59",0.00,현금(배당소득),확정,정액,174200000,2026/01/05 ~ 2026/01/05,,
KR7289480006,TIGER 200커버드콜,20251128,이익분배,62,.0062,"10,004.81",0.00,현금(배당소득),확정,정액,161200000,2025/12/02 ~ 2025/12/02,,
KR7289480006,TIGER 200커버드콜,20251031,이익분배,70,.007,"10,008.08",0.00,현금(배당소득),확정,정액,182000000,2025/11/04 ~ 2025/11/04,,
KR7289480006,TIGER 200커버드콜,20250930,이익분배,64,.0064,"10,003.57",0.00,현금(배당소득),확정,정액,166400000,2025/10/02 ~ 2025/10/02,,
KR7289480006,TIGER 200커버드콜,20250829,이익분배,61,.0061,"10,009.13",0.00,현금(배당소득),확정,정액,170800000,2025/09/02 ~ 2025/09/02,,
KR7289480006,TIGER 200커버드콜,20250731,이익분배,61,.0061,"10,010.31",0.00,현금(배당소득),확정,정액,183000000,2025/08/04 ~ 2025/08/04,,
KR7289480006,TIGER 200커버드콜,20250630,이익분배,61,.0061,"10,003.79",0.00,현금(배당소득),확정,정액,183000000,2025/07/02 ~ 2025/07/02,,
KR7289480006,TIGER 200커버드콜,20250530,이익분배,60,.006,"10,006.61",0.00,현금(배당소득),확정,정액,186000000,2025/06/04 ~ 2025/06/04,,
KR7289480006,TIGER 200커버드콜,20250430,이익분배,59,.0059,"10,026.51",0.00,현금(배당소득),확정,정액,182900000,2025/05/07 ~ 2025/05/07,,
KR7289480006,TIGER 200커버드콜,20250331,이익분배,61,.0061,"10,056.19",0.00,현금(배당소득),확정,정액,183000000,2025/04/02 ~ 2025/04/02,,
KR7289480006,TIGER 200커버드콜,20250228,이익분배,59,.0059,"10,003.22",0.00,현금(배당소득),확정,정액,177000000,2025/03/05 ~ 2025/03/05,,
KR7289480006,TIGER 200커버드콜,20250131,이익분배,57,.0057,"10,025.67",0.00,현금(배당소득),확정,정액,171000000,2025/02/04 ~ 2025/02/04,,
KR7289480006,TIGER 200커버드콜,20241230,이익분배,56,.0056,"9,996.57",0.00,현금(배당소득),확정,정액,168000000,2025/01/03 ~ 2025/01/03,,
KR7289480006,TIGER 200커버드콜,20241129,이익분배,59,.0059,"9,998.44",0.00,현금(배당소득),확정,정액,177000000,2024/12/03 ~ 2024/12/03,,
KR7289480006,TIGER 200커버드콜,20241031,이익분배,60,.006,"10,018.14",0.00,현금(배당소득),확정,정액,174000000,2024/11/04 ~ 2024/11/04,,
KR7289480006,TIGER 200커버드콜,20240930,이익분배,58,.0058,"9,996.51",0.00,현금(배당소득),확정,정액,168200000,2024/10/04 ~ 2024/10/04,,
KR7289480006,TIGER 200커버드콜,20240830,이익분배,62,.0062,"9,998.78",0.00,현금(배당소득),확정,정액,179800000,2024/09/03 ~ 2024/09/03,,
KR7166400002,TIGER 200커버드콜OTM,20260731,이익분배,83,.0083,"10,144.18",0.00,현금(배당소득),확정,정액,41500000,2026/08/04 ~ 2026/08/04,,
KR7166400002,TIGER 200커버드콜OTM,20260630,이익분배,100,.01,"10,233.61",0.00,현금(배당소득),확정,정액,50000000,2026/07/02 ~ 2026/07/02,,
KR7166400002,TIGER 200커버드콜OTM,20260529,이익분배,92,.0092,"10,324.48",0.00,현금(배당소득),확정,정액,46000000,2026/06/02 ~ 2026/06/02,,
KR7166400002,TIGER 200커버드콜OTM,20260430,이익분배,90,.009,"10,409.22",0.00,현금(배당소득),확정,정액,45000000,2026/05/06 ~ 2026/05/06,,
KR7166400002,TIGER 200커버드콜OTM,20260331,이익분배,78,.0078,"10,459.63",0.00,현금(배당소득),확정,정액,39000000,2026/04/02 ~ 2026/04/02,,
KR7166400002,TIGER 200커버드콜OTM,20260227,이익분배,78,.0078,"10,483.81",0.00,현금(배당소득),확정,정액,39000000,2026/03/04 ~ 2026/03/04,,
KR7166400002,TIGER 200커버드콜OTM,20260130,이익분배,75,.0075,"10,550.86",0.00,현금(배당소득),확정,정액,37500000,2026/02/03 ~ 2026/02/03,,
KR7166400002,TIGER 200커버드콜OTM,20251230,이익분배,68,.0068,"10,585.90",0.00,현금(배당소득),확정,정액,34000000,2026/01/05 ~ 2026/01/05,,
KR7166400002,TIGER 200커버드콜OTM,20251128,이익분배,63,.0063,"10,644.84",0.00,현금(배당소득),확정,정액,31500000,2025/12/02 ~ 2025/12/02,,
KR7166400002,TIGER 200커버드콜OTM,20251031,이익분배,67,.0067,"10,703.63",0.00,현금(배당소득),확정,정액,33500000,2025/11/04 ~ 2025/11/04,,
KR7166400002,TIGER 200커버드콜OTM,20250930,이익분배,63,.0063,"10,753.77",0.00,현금(배당소득),확정,정액,31500000,2025/10/02 ~ 2025/10/02,,
KR7166400002,TIGER 200커버드콜OTM,20250829,이익분배,57,.0057,"10,805.58",0.00,현금(배당소득),확정,정액,28500000,2025/09/02 ~ 2025/09/02,,
KR7166400002,TIGER 200커버드콜OTM,20250731,이익분배,57,.0057,"10,848.46",0.00,현금(배당소득),확정,정액,28500000,2025/08/04 ~ 2025/08/04,,
KR7166400002,TIGER 200커버드콜OTM,20250630,이익분배,56,.0056,"10,889.04",0.00,현금(배당소득),확정,정액,28000000,2025/07/02 ~ 2025/07/02,,
KR7166400002,TIGER 200커버드콜OTM,20250530,이익분배,52,.0052,"10,937.73",0.00,현금(배당소득),확정,정액,26000000,2025/06/04 ~ 2025/06/04,,
KR7166400002,TIGER 200커버드콜OTM,20250430,이익분배,50,.005,"10,977.94",0.00,현금(배당소득),확정,정액,25000000,2025/05/07 ~ 2025/05/07,,
KR7166400002,TIGER 200커버드콜OTM,20250331,이익분배,42,.0042,"10,980.35",0.00,현금(배당소득),확정,정액,21000000,2025/04/02 ~ 2025/04/02,,
KR7166400002,TIGER 200커버드콜OTM,20250228,이익분배,31,.0031,"10,923.53",0.00,현금(배당소득),확정,정액,15500000,2025/03/05 ~ 2025/03/05,,
KR7166400002,TIGER 200커버드콜OTM,20250131,이익분배,50,.005,"10,968.34",0.00,현금(배당소득),확정,정액,25000000,2025/02/04 ~ 2025/02/04,,
KR7166400002,TIGER 200커버드콜OTM,20241230,이익분배,48,.0048,"10,972.33",0.00,현금(배당소득),확정,정액,24000000,2025/01/03 ~ 2025/01/03,,
KR7166400002,TIGER 200커버드콜OTM,20241129,이익분배,49,.0049,"11,023.28",0.00,현금(배당소득),확정,정액,24500000,2024/12/03 ~ 2024/12/03,,
KR7166400002,TIGER 200커버드콜OTM,20241031,이익분배,50,.005,"11,074.63",0.00,현금(배당소득),확정,정액,25000000,2024/11/04 ~ 2024/11/04,,
KR7166400002,TIGER 200커버드콜OTM,20240930,이익분배,45,.0045,"11,085.87",0.00,현금(배당소득),확정,정액,22500000,2024/10/04 ~ 2024/10/04,,
KR7166400002,TIGER 200커버드콜OTM,20240830,이익분배,52,.0052,"11,139.64",0.00,현금(배당소득),확정,정액,26000000,2024/09/03 ~ 2024/09/03,,
KR7332620004,PLUS 미국장기우량회사채,20260731,이익분배,327,.00327,"96,522.55",0.00,현금(배당소득),확정,정액,61149000,2026/08/04 ~ 2026/08/04,,
KR7332620004,PLUS 미국장기우량회사채,20260630,이익분배,356,.00356,"106,010.25",0.00,현금(배당소득),확정,정액,66572000,2026/07/02 ~ 2026/07/02,,
KR7332620004,PLUS 미국장기우량회사채,20260529,이익분배,345,.00345,"102,689.65",0.00,현금(배당소득),확정,정액,64515000,2026/06/02 ~ 2026/06/02,,
KR7332620004,PLUS 미국장기우량회사채,20260430,이익분배,348,.00348,"100,921.89",0.00,현금(배당소득),확정,정액,72036000,2026/05/06 ~ 2026/05/06,,
KR7332620004,PLUS 미국장기우량회사채,20260331,이익분배,346,.00346,"101,730.59",0.00,현금(배당소득),확정,정액,71622000,2026/04/02 ~ 2026/04/02,,
KR7332620004,PLUS 미국장기우량회사채,20260227,이익분배,348,.00348,"100,917.38",0.00,현금(배당소득),확정,정액,78996000,2026/03/04 ~ 2026/03/04,,
KR7332620004,PLUS 미국장기우량회사채,20260130,이익분배,385,.00385,"99,052.10",0.00,현금(배당소득),확정,정액,87395000,2026/02/03 ~ 2026/02/03,,
KR7332620004,PLUS 미국장기우량회사채,20251230,이익분배,351,.00351,"100,574.94",0.00,현금(배당소득),확정,정액,121797000,2026/01/05 ~ 2026/01/05,,
KR7332620004,PLUS 미국장기우량회사채,20251128,이익분배,352,.00352,"103,589.55",0.00,현금(배당소득),확정,정액,122144000,2025/12/02 ~ 2025/12/02,,
KR7332620004,PLUS 미국장기우량회사채,20251031,이익분배,353,.00353,"103,442.36",0.00,현금(배당소득),확정,정액,122491000,2025/11/04 ~ 2025/11/04,,
KR7332620004,PLUS 미국장기우량회사채,20250930,이익분배,336,.00336,"98,862.74",0.00,현금(배당소득),확정,정액,113232000,2025/10/02 ~ 2025/10/02,,
KR7332620004,PLUS 미국장기우량회사채,20250829,이익분배,326,.00326,"95,400.78",0.00,현금(배당소득),확정,정액,109862000,2025/09/02 ~ 2025/09/02,,
KR7332620004,PLUS 미국장기우량회사채,20250731,이익분배,320,.0032,"93,671.28",0.00,현금(배당소득),확정,정액,114240000,2025/08/04 ~ 2025/08/04,,
KR7332620004,PLUS 미국장기우량회사채,20250630,이익분배,319,.00319,"91,496.93",0.00,현금(배당소득),확정,정액,113883000,2025/07/02 ~ 2025/07/02,,
KR7332620004,PLUS 미국장기우량회사채,20250530,이익분배,309,.00309,"90,206.32",0.00,현금(배당소득),확정,정액,110313000,2025/06/04 ~ 2025/06/04,,
KR7332620004,PLUS 미국장기우량회사채,20250430,이익분배,322,.00322,"96,362.19",0.00,현금(배당소득),확정,정액,114954000,2025/05/07 ~ 2025/05/07,,
KR7332620004,PLUS 미국장기우량회사채,20250331,이익분배,347,.00347,"97,566.49",0.00,현금(배당소득),확정,정액,123879000,2025/04/02 ~ 2025/04/02,,
KR7352560007,KODEX 미국부동산리츠(H),20260731,이익분배,39,.0039,"12,894.67",0.00,현금(배당소득),확정,정액,113100000,2026/08/04 ~ 2026/08/04,,
KR7352560007,KODEX 미국부동산리츠(H),20260630,이익분배,48,.0048,"12,536.23",0.00,현금(배당소득),확정,정액,136800000,2026/07/02 ~ 2026/07/02,,
KR7352560007,KODEX 미국부동산리츠(H),20260529,이익분배,58,.0058,"12,559.76",0.00,현금(배당소득),확정,정액,162400000,2026/06/02 ~ 2026/06/02,,
KR7352560007,KODEX 미국부동산리츠(H),20260331,이익분배,32,.0032,"11,454.46",0.00,현금(배당소득),확정,정액,91200000,2026/04/02 ~ 2026/04/02,,
KR7352560007,KODEX 미국부동산리츠(H),20260227,이익분배,33,.0033,"12,329.53",0.00,현금(배당소득),확정,정액,87450000,2026/03/04 ~ 2026/03/04,,
KR7352560007,KODEX 미국부동산리츠(H),20260130,이익분배,33,.0033,"11,774.45",0.00,현금(배당소득),확정,정액,85800000,2026/02/03 ~ 2026/02/03,,
KR7352560007,KODEX 미국부동산리츠(H),20251230,이익분배,33,.0033,"11,615.13",0.00,현금(배당소득),확정,정액,82500000,2026/01/05 ~ 2026/01/05,,
KR7352560007,KODEX 미국부동산리츠(H),20251128,이익분배,33,.0033,"11,821.30",0.00,현금(배당소득),확정,정액,94050000,2025/12/02 ~ 2025/12/02,,
KR7352560007,KODEX 미국부동산리츠(H),20251031,이익분배,37,.0037,"11,925.20",0.00,현금(배당소득),확정,정액,105450000,2025/11/04 ~ 2025/11/04,,
KR7352560007,KODEX 미국부동산리츠(H),20250930,이익분배,36,.0036,"11,864.87",0.00,현금(배당소득),확정,정액,102600000,2025/10/02 ~ 2025/10/02,,
KR7352560007,KODEX 미국부동산리츠(H),20250829,이익분배,38,.0038,"11,999.53",0.00,현금(배당소득),확정,정액,108300000,2025/09/02 ~ 2025/09/02,,
KR7352560007,KODEX 미국부동산리츠(H),20250731,이익분배,38,.0038,"11,963.98",0.00,현금(배당소득),확정,정액,106400000,2025/08/04 ~ 2025/08/04,,
KR7352560007,KODEX 미국부동산리츠(H),20250630,이익분배,38,.0038,"11,761.95",0.00,현금(배당소득),확정,정액,106400000,2025/07/02 ~ 2025/07/02,,
KR7352560007,KODEX 미국부동산리츠(H),20250530,이익분배,38,.0038,"11,761.40",0.00,현금(배당소득),확정,정액,106400000,2025/06/04 ~ 2025/06/04,,
KR7352560007,KODEX 미국부동산리츠(H),20250430,이익분배,38,.0038,"11,650.91",0.00,현금(배당소득),확정,정액,106400000,2025/05/07 ~ 2025/05/07,,
KR7352560007,KODEX 미국부동산리츠(H),20250331,이익분배,38,.0038,"12,050.62",0.00,현금(배당소득),확정,정액,106400000,2025/04/02 ~ 2025/04/02,,
KR7352560007,KODEX 미국부동산리츠(H),20250228,이익분배,38,.0038,"12,405.95",0.00,현금(배당소득),확정,정액,106400000,2025/03/05 ~ 2025/03/05,,
KR7352560007,KODEX 미국부동산리츠(H),20250131,이익분배,45,.0045,"11,964.53",0.00,현금(배당소득),확정,정액,121500000,2025/02/04 ~ 2025/02/04,,
KR7352560007,KODEX 미국부동산리츠(H),20241230,이익분배,43,.0043,"11,953.92",0.00,현금(배당소득),확정,정액,131150000,2025/01/03 ~ 2025/01/03,,
KR7352560007,KODEX 미국부동산리츠(H),20241129,이익분배,45,.0045,"13,092.20",0.00,현금(배당소득),확정,정액,137250000,2024/12/03 ~ 2024/12/03,,
KR7352560007,KODEX 미국부동산리츠(H),20241031,이익분배,43,.0043,"12,930.88",0.00,현금(배당소득),확정,정액,133300000,2024/11/04 ~ 2024/11/04,,
KR7352560007,KODEX 미국부동산리츠(H),20240930,이익분배,47,.0047,"13,149.62",0.00,현금(배당소득),확정,정액,145700000,2024/10/04 ~ 2024/10/04,,
KR7352560007,KODEX 미국부동산리츠(H),20240830,이익분배,40,.004,"12,794.35",0.00,현금(배당소득),확정,정액,90000000,2024/09/03 ~ 2024/09/03,,
KR7352540009,KODEX 일본부동산리츠(H),20260731,이익분배,64,.0064,"11,913.05",0.00,현금(배당소득),확정,정액,217600000,2026/08/04 ~ 2026/08/04,,
KR7352540009,KODEX 일본부동산리츠(H),20260630,이익분배,58,.0058,"11,418.26",0.00,현금(배당소득),확정,정액,203000000,2026/07/02 ~ 2026/07/02,,
KR7352540009,KODEX 일본부동산리츠(H),20260529,이익분배,110,.011,"11,483.36",0.00,현금(배당소득),확정,정액,418000000,2026/06/02 ~ 2026/06/02,,
KR7352540009,KODEX 일본부동산리츠(H),20260331,이익분배,64,.0064,"12,232.95",0.00,현금(배당소득),확정,정액,288000000,2026/04/02 ~ 2026/04/02,,
KR7352540009,KODEX 일본부동산리츠(H),20260227,이익분배,63,.0063,"12,847.91",0.00,현금(배당소득),확정,정액,283500000,2026/03/04 ~ 2026/03/04,,
KR7352540009,KODEX 일본부동산리츠(H),20260130,이익분배,60,.006,"12,614.24",0.00,현금(배당소득),확정,정액,270000000,2026/02/03 ~ 2026/02/03,,
KR7352540009,KODEX 일본부동산리츠(H),20251230,이익분배,63,.0063,"12,919.07",0.00,현금(배당소득),확정,정액,252000000,2026/01/05 ~ 2026/01/05,,
KR7352540009,KODEX 일본부동산리츠(H),20251128,이익분배,61,.0061,"12,915.35",0.00,현금(배당소득),확정,정액,231800000,2025/12/02 ~ 2025/12/02,,
KR7352540009,KODEX 일본부동산리츠(H),20251031,이익분배,65,.0065,"12,609.83",0.00,현금(배당소득),확정,정액,208000000,2025/11/04 ~ 2025/11/04,,
KR7352540009,KODEX 일본부동산리츠(H),20250930,이익분배,63,.0063,"12,412.47",0.00,현금(배당소득),확정,정액,176400000,2025/10/02 ~ 2025/10/02,,
KR7352540009,KODEX 일본부동산리츠(H),20250829,이익분배,62,.0062,"12,285.07",0.00,현금(배당소득),확정,정액,136400000,2025/09/02 ~ 2025/09/02,,
KR7352540009,KODEX 일본부동산리츠(H),20250731,이익분배,60,.006,"11,761.76",0.00,현금(배당소득),확정,정액,120000000,2025/08/04 ~ 2025/08/04,,
KR7352540009,KODEX 일본부동산리츠(H),20250630,이익분배,60,.006,"11,529.99",0.00,현금(배당소득),확정,정액,120000000,2025/07/02 ~ 2025/07/02,,
KR7352540009,KODEX 일본부동산리츠(H),20250530,이익분배,60,.006,"11,198.34",0.00,현금(배당소득),확정,정액,120000000,2025/06/04 ~ 2025/06/04,,
KR7352540009,KODEX 일본부동산리츠(H),20250430,이익분배,60,.006,"11,043.29",0.00,현금(배당소득),확정,정액,120000000,2025/05/07 ~ 2025/05/07,,
KR7352540009,KODEX 일본부동산리츠(H),20250331,이익분배,60,.006,"11,190.56",0.00,현금(배당소득),확정,정액,114000000,2025/04/02 ~ 2025/04/02,,
KR7352540009,KODEX 일본부동산리츠(H),20250228,이익분배,60,.006,"10,943.02",0.00,현금(배당소득),확정,정액,114000000,2025/03/05 ~ 2025/03/05,,
KR7352540009,KODEX 일본부동산리츠(H),20250131,이익분배,70,.007,"10,622.34",0.00,현금(배당소득),확정,정액,133000000,2025/02/04 ~ 2025/02/04,,
KR7352540009,KODEX 일본부동산리츠(H),20241230,이익분배,78,.0078,"10,643.87",0.00,현금(배당소득),확정,정액,140400000,2025/01/03 ~ 2025/01/03,,
KR7352540009,KODEX 일본부동산리츠(H),20241129,이익분배,77,.0077,"10,929.08",0.00,현금(배당소득),확정,정액,138600000,2024/12/03 ~ 2024/12/03,,
KR7352540009,KODEX 일본부동산리츠(H),20241031,이익분배,80,.008,"11,050.69",0.00,현금(배당소득),확정,정액,136000000,2024/11/04 ~ 2024/11/04,,
KR7352540009,KODEX 일본부동산리츠(H),20240930,이익분배,80,.008,"11,475.33",0.00,현금(배당소득),확정,정액,112000000,2024/10/04 ~ 2024/10/04,,
KR7352540009,KODEX 일본부동산리츠(H),20240830,이익분배,80,.008,"11,708.20",0.00,현금(배당소득),확정,정액,112000000,2024/09/03 ~ 2024/09/03,,
KR7252000005,TIGER 200동일가중,20260731,이익분배,60,.00607604166139,"10,110.49",0.00,현금(배당소득),확정,정액,33000000,2026/08/04 ~ 2026/08/04,,
KR7252000005,TIGER 200동일가중,20260430,이익분배,255,.02582317706092,"10,354.66",0.00,현금(배당소득),확정,정액,242250000,2026/05/06 ~ 2026/05/06,,
KR7252000005,TIGER 200동일가중,20251031,이익분배,35,.00354435763581,"10,134.07",0.00,현금(배당소득),확정,정액,19250000,2025/11/04 ~ 2025/11/04,,
KR7252000005,TIGER 200동일가중,20250731,이익분배,25,.00253168402558,"10,140.30",0.00,현금(배당소득),확정,정액,3750000,2025/08/04 ~ 2025/08/04,,
KR7252000005,TIGER 200동일가중,20250430,이익분배,255,.02582317706092,"10,394.13",0.00,현금(배당소득),확정,정액,153000000,2025/05/07 ~ 2025/05/07,,
KR7329200000,TIGER 리츠부동산인프라,20260731,이익분배,33,.00653504168564,"5,513.68",0.00,현금(배당소득),확정,정액,12338700000,2026/08/04 ~ 2026/08/04,,
KR7329200000,TIGER 리츠부동산인프라,20260630,이익분배,33,.00653504168564,"5,512.14",0.00,현금(배당소득),확정,정액,11924550000,2026/07/02 ~ 2026/07/02,,
KR7329200000,TIGER 리츠부동산인프라,20260529,이익분배,33,.00653504168564,"5,517.71",0.00,현금(배당소득),확정,정액,11919600000,2026/06/02 ~ 2026/06/02,,
KR7329200000,TIGER 리츠부동산인프라,20260430,이익분배,33,.00653504168564,"5,531.33",0.00,현금(배당소득),확정,정액,11820600000,2026/05/06 ~ 2026/05/06,,
KR7329200000,TIGER 리츠부동산인프라,20260331,이익분배,33,.00653504168564,"5,540.81",0.00,현금(배당소득),확정,정액,10797600000,2026/04/02 ~ 2026/04/02,,
KR7329200000,TIGER 리츠부동산인프라,20260227,이익분배,33,.00653504168564,"5,559.22",0.00,현금(배당소득),확정,정액,9535350000,2026/03/04 ~ 2026/03/04,,
KR7329200000,TIGER 리츠부동산인프라,20260130,이익분배,33,.00653504168564,"5,610.28",0.00,현금(배당소득),확정,정액,8779650000,2026/02/03 ~ 2026/02/03,,
KR7329200000,TIGER 리츠부동산인프라,20251230,이익분배,33,.00653504168564,"5,364.56",0.00,현금(배당소득),확정,정액,8038800000,2026/01/05 ~ 2026/01/05,,
KR7329200000,TIGER 리츠부동산인프라,20251128,이익분배,33,.00653504168564,"5,355.37",0.00,현금(배당소득),확정,정액,7740150000,2025/12/02 ~ 2025/12/02,,
KR7329200000,TIGER 리츠부동산인프라,20251031,이익분배,33,.00653504168564,"5,376.75",0.00,현금(배당소득),확정,정액,6741900000,2025/11/04 ~ 2025/11/04,,
KR7329200000,TIGER 리츠부동산인프라,20250930,이익분배,33,.00653504168564,"5,393.51",0.00,현금(배당소득),확정,정액,6261750000,2025/10/02 ~ 2025/10/02,,
KR7329200000,TIGER 리츠부동산인프라,20250829,이익분배,33,.00653504168564,"5,421.89",0.00,현금(배당소득),확정,정액,5735400000,2025/09/02 ~ 2025/09/02,,
KR7329200000,TIGER 리츠부동산인프라,20250731,이익분배,33,.00653504168564,"5,464.66",0.00,현금(배당소득),확정,정액,5585250000,2025/08/04 ~ 2025/08/04,,
KR7329200000,TIGER 리츠부동산인프라,20250630,이익분배,33,.00653504168564,"5,434.89",0.00,현금(배당소득),확정,정액,5388900000,2025/07/02 ~ 2025/07/02,,
KR7329200000,TIGER 리츠부동산인프라,20250530,이익분배,33,.00653504168564,"5,445.67",0.00,현금(배당소득),확정,정액,5002800000,2025/06/04 ~ 2025/06/04,,
KR7329200000,TIGER 리츠부동산인프라,20250430,이익분배,33,.00653504168564,"5,463.09",0.00,현금(배당소득),확정,정액,4890600000,2025/05/07 ~ 2025/05/07,,
KR7329200000,TIGER 리츠부동산인프라,20250331,이익분배,33,.00653504168564,"5,466.20",0.00,현금(배당소득),확정,정액,4837800000,2025/04/02 ~ 2025/04/02,,
KR7329200000,TIGER 리츠부동산인프라,20250228,이익분배,41,.0081192942155,"5,498.54",0.00,현금(배당소득),확정,정액,5893750000,2025/03/05 ~ 2025/03/05,,
KR7329200000,TIGER 리츠부동산인프라,20250131,이익분배,8,.00158425252985,"5,509.12",0.00,현금(배당소득),확정,정액,1161200000,2025/02/04 ~ 2025/02/04,,
KR7329200000,TIGER 리츠부동산인프라,20241230,이익분배,15,.00297047349347,"5,455.22",0.00,현금(배당소득),확정,정액,2133750000,2025/01/03 ~ 2025/01/03,,
KR7329200000,TIGER 리츠부동산인프라,20241129,이익분배,10,.00198031566232,"5,430.73",0.00,현금(배당소득),확정,정액,1386000000,2024/12/03 ~ 2024/12/03,,
KR7329200000,TIGER 리츠부동산인프라,20241031,이익분배,29,.00574291542072,"5,454.72",0.00,현금(배당소득),확정,정액,3854100000,2024/11/04 ~ 2024/11/04,,
KR7329200000,TIGER 리츠부동산인프라,20240930,이익분배,45,.00891142048042,"5,452.16",0.00,현금(배당소득),확정,정액,5557500000,2024/10/04 ~ 2024/10/04,,
KR7329200000,TIGER 리츠부동산인프라,20240830,이익분배,32,.00633701011941,"5,479.37",0.00,현금(배당소득),확정,정액,3704000000,2024/09/03 ~ 2024/09/03,,
KR7442570008,RISE TDF2050액티브 적격,20260731,이익분배,55,.0055,"16,512.16",0.00,현금(배당소득),확정,정액,987250000,2026/08/04 ~ 2026/08/04,,
KR7442570008,RISE TDF2050액티브 적격,20251230,이익분배,106,.0106,"15,450.56",0.00,현금(배당소득),확정,정액,540600000,2026/01/05 ~ 2026/01/05,,
KR7449180009,KODEX 미국S&P500(H),20260731,이익분배,40,.004,"16,701.36",0.00,현금(배당소득),확정,정액,2300000000,2026/08/04 ~ 2026/08/04,,
KR7449180009,KODEX 미국S&P500(H),20260430,이익분배,42,.0042,"16,213.05",0.00,현금(배당소득),확정,정액,2221800000,2026/05/06 ~ 2026/05/06,,
KR7449180009,KODEX 미국S&P500(H),20260130,이익분배,40,.004,"15,881.09",0.00,현금(배당소득),확정,정액,1844000000,2026/02/03 ~ 2026/02/03,,
KR7449180009,KODEX 미국S&P500(H),20251031,이익분배,38,.0038,"15,771.94",0.00,현금(배당소득),확정,정액,1658700000,2025/11/04 ~ 2025/11/04,,
KR7449180009,KODEX 미국S&P500(H),20250731,이익분배,33,.0033,"14,718.77",0.00,현금(배당소득),확정,정액,1744050000,2025/08/04 ~ 2025/08/04,,
KR7449180009,KODEX 미국S&P500(H),20250430,이익분배,38,.0038,"12,834.10",0.00,현금(배당소득),확정,정액,2063400000,2025/05/07 ~ 2025/05/07,,
KR7449180009,KODEX 미국S&P500(H),20250131,이익분배,35,.0035,"14,215.28",0.00,현금(배당소득),확정,정액,1044750000,2025/02/04 ~ 2025/02/04,,
KR7449180009,KODEX 미국S&P500(H),20241031,이익분배,34,.0034,"13,664.98",0.00,현금(배당소득),확정,정액,926500000,2024/11/04 ~ 2024/11/04,,
KR7433880002,PLUS TDF2060액티브 적격,20260731,이익분배,40,.004,"18,533.55",0.00,현금(배당소득),확정,정액,140000000,2026/08/04 ~ 2026/08/04,,
KR7433880002,PLUS TDF2060액티브 적격,20260430,이익분배,35,.0035,"18,547.88",0.00,현금(배당소득),확정,정액,103250000,2026/05/06 ~ 2026/05/06,,
KR7433880002,PLUS TDF2060액티브 적격,20260130,이익분배,35,.0035,"17,748.40",0.00,현금(배당소득),확정,정액,88200000,2026/02/03 ~ 2026/02/03,,
KR7433880002,PLUS TDF2060액티브 적격,20251031,이익분배,35,.0035,"17,461.10",0.00,현금(배당소득),확정,정액,49700000,2025/11/04 ~ 2025/11/04,,
KR7433880002,PLUS TDF2060액티브 적격,20250731,이익분배,35,.0035,"15,815.62",0.00,현금(배당소득),확정,정액,34300000,2025/08/04 ~ 2025/08/04,,
KR7476550009,TIGER 미국30년국채커버드콜액티브(H),20260731,이익분배,70,.007,"9,193.86",0.00,현금(배당소득),확정,정액,8123500000,2026/08/04 ~ 2026/08/04,,
KR7476550009,TIGER 미국30년국채커버드콜액티브(H),20260630,이익분배,73,.0073,"9,450.80",0.00,현금(배당소득),확정,정액,8621300000,2026/07/02 ~ 2026/07/02,,
KR7476550009,TIGER 미국30년국채커버드콜액티브(H),20260529,이익분배,72,.0072,"9,249.59",0.00,현금(배당소득),확정,정액,9583200000,2026/06/02 ~ 2026/06/02,,
KR7476550009,TIGER 미국30년국채커버드콜액티브(H),20260430,이익분배,74,.0074,"9,316.52",0.00,현금(배당소득),확정,정액,10648600000,2026/05/06 ~ 2026/05/06,,
KR7476550009,TIGER 미국30년국채커버드콜액티브(H),20260331,이익분배,75,.0075,"9,273.08",0.00,현금(배당소득),확정,정액,11081250000,2026/04/02 ~ 2026/04/02,,
KR7476550009,TIGER 미국30년국채커버드콜액티브(H),20260227,이익분배,77,.0077,"9,538.74",0.00,현금(배당소득),확정,정액,11869550000,2026/03/04 ~ 2026/03/04,,
KR7476550009,TIGER 미국30년국채커버드콜액티브(H),20260130,이익분배,77,.0077,"9,374.69",0.00,현금(배당소득),확정,정액,12635700000,2026/02/03 ~ 2026/02/03,,
KR7476550009,TIGER 미국30년국채커버드콜액티브(H),20251230,이익분배,77,.0077,"9,389.84",0.00,현금(배당소득),확정,정액,13178550000,2026/01/05 ~ 2026/01/05,,
KR7476550009,TIGER 미국30년국채커버드콜액티브(H),20251128,이익분배,80,.008,"9,551.33",0.00,현금(배당소득),확정,정액,13508000000,2025/12/02 ~ 2025/12/02,,
KR7476550009,TIGER 미국30년국채커버드콜액티브(H),20251031,이익분배,82,.0082,"9,677.01",0.00,현금(배당소득),확정,정액,13972800000,2025/11/04 ~ 2025/11/04,,
KR7476550009,TIGER 미국30년국채커버드콜액티브(H),20250930,이익분배,80,.008,"9,406.06",0.00,현금(배당소득),확정,정액,13840000000,2025/10/02 ~ 2025/10/02,,
KR7476550009,TIGER 미국30년국채커버드콜액티브(H),20250829,이익분배,79,.0079,"9,218.34",0.00,현금(배당소득),확정,정액,13560350000,2025/09/02 ~ 2025/09/02,,
KR7476550009,TIGER 미국30년국채커버드콜액티브(H),20250731,이익분배,79,.0079,"9,112.62",0.00,현금(배당소득),확정,정액,13279900000,2025/08/04 ~ 2025/08/04,,
KR7476550009,TIGER 미국30년국채커버드콜액티브(H),20250630,이익분배,81,.0081,"9,233.11",0.00,현금(배당소득),확정,정액,13150350000,2025/07/02 ~ 2025/07/02,,
KR7476550009,TIGER 미국30년국채커버드콜액티브(H),20250530,이익분배,81,.0081,"9,063.73",0.00,현금(배당소득),확정,정액,13207050000,2025/06/04 ~ 2025/06/04,,
KR7476550009,TIGER 미국30년국채커버드콜액티브(H),20250430,이익분배,82,.0082,"9,292.33",0.00,현금(배당소득),확정,정액,12906800000,2025/05/07 ~ 2025/05/07,,
KR7476550009,TIGER 미국30년국채커버드콜액티브(H),20250331,이익분배,85,.0085,"9,351.01",0.00,현금(배당소득),확정,정액,13162250000,2025/04/02 ~ 2025/04/02,,
KR7476550009,TIGER 미국30년국채커버드콜액티브(H),20250228,이익분배,86,.0086,"9,505.65",0.00,현금(배당소득),확정,정액,13020400000,2025/03/05 ~ 2025/03/05,,
KR7476550009,TIGER 미국30년국채커버드콜액티브(H),20250131,이익분배,86,.0086,"9,163.92",0.00,현금(배당소득),확정,정액,12551700000,2025/02/04 ~ 2025/02/04,,
KR7476550009,TIGER 미국30년국채커버드콜액티브(H),20241230,이익분배,85,.0085,"9,206.39",0.00,현금(배당소득),확정,정액,11717250000,2025/01/03 ~ 2025/01/03,,
KR7476550009,TIGER 미국30년국채커버드콜액티브(H),20241129,이익분배,92,.0092,"9,615.15",0.00,현금(배당소득),확정,정액,11923200000,2024/12/03 ~ 2024/12/03,,
KR7476550009,TIGER 미국30년국채커버드콜액티브(H),20241031,이익분배,94,.0094,"9,521.48",0.00,현금(배당소득),확정,정액,10908700000,2024/11/04 ~ 2024/11/04,,
KR7476550009,TIGER 미국30년국채커버드콜액티브(H),20240930,이익분배,100,.01,"10,152.10",0.00,현금(배당소득),확정,정액,9635000000,2024/10/04 ~ 2024/10/04,,
KR7476550009,TIGER 미국30년국채커버드콜액티브(H),20240830,이익분배,100,.01,"10,263.69",0.00,현금(배당소득),확정,정액,8390000000,2024/09/03 ~ 2024/09/03,,
KR7469050009,RISE 미국반도체NYSE(H),20260731,이익분배,42,.0042,"29,707.50",0.00,현금(배당소득),확정,정액,42000000,2026/08/04 ~ 2026/08/04,,
KR7469050009,RISE 미국반도체NYSE(H),20260430,이익분배,37,.0037,"27,597.10",0.00,현금(배당소득),확정,정액,27750000,2026/05/06 ~ 2026/05/06,,
KR7469050009,RISE 미국반도체NYSE(H),20260130,이익분배,31,.0031,"21,564.48",0.00,현금(배당소득),확정,정액,31000000,2026/02/03 ~ 2026/02/03,,
KR7469050009,RISE 미국반도체NYSE(H),20251031,이익분배,30,.003,"18,895.76",0.00,현금(배당소득),확정,정액,36000000,2025/11/04 ~ 2025/11/04,,
KR7469050009,RISE 미국반도체NYSE(H),20250731,이익분배,40,.004,"15,373.60",0.00,현금(배당소득),확정,정액,90000000,2025/08/04 ~ 2025/08/04,,
KR7469050009,RISE 미국반도체NYSE(H),20250430,이익분배,30,.003,"11,651.73",0.00,현금(배당소득),확정,정액,63000000,2025/05/07 ~ 2025/05/07,,
KR7469050009,RISE 미국반도체NYSE(H),20250131,이익분배,35,.0035,"14,961.50",0.00,현금(배당소득),확정,정액,68250000,2025/02/04 ~ 2025/02/04,,
KR7469050009,RISE 미국반도체NYSE(H),20241031,이익분배,50,.005,"14,656.17",0.00,현금(배당소득),확정,정액,110000000,2024/11/04 ~ 2024/11/04,,
KR7475380002,RISE 글로벌리얼티인컴,20260731,이익분배,33,.0033,"12,308.35",0.00,현금(배당소득),확정,정액,89100000,2026/08/04 ~ 2026/08/04,,
KR7475380002,RISE 글로벌리얼티인컴,20260630,이익분배,35,.0035,"12,548.84",0.00,현금(배당소득),확정,정액,94500000,2026/07/02 ~ 2026/07/02,,
KR7475380002,RISE 글로벌리얼티인컴,20260529,이익분배,35,.0035,"12,611.64",0.00,현금(배당소득),확정,정액,96250000,2026/06/02 ~ 2026/06/02,,
KR7475380002,RISE 글로벌리얼티인컴,20260430,이익분배,35,.0035,"12,458.92",0.00,현금(배당소득),확정,정액,98000000,2026/05/06 ~ 2026/05/06,,
KR7475380002,RISE 글로벌리얼티인컴,20260331,이익분배,33,.0033,"11,934.99",0.00,현금(배당소득),확정,정액,92400000,2026/04/02 ~ 2026/04/02,,
KR7475380002,RISE 글로벌리얼티인컴,20260227,이익분배,31,.0031,"12,075.44",0.00,현금(배당소득),확정,정액,89900000,2026/03/04 ~ 2026/03/04,,
KR7475380002,RISE 글로벌리얼티인컴,20260130,이익분배,31,.0031,"11,371.02",0.00,현금(배당소득),확정,정액,89900000,2026/02/03 ~ 2026/02/03,,
KR7475380002,RISE 글로벌리얼티인컴,20251230,이익분배,34,.0034,"10,646.86",0.00,현금(배당소득),확정,정액,105400000,2026/01/05 ~ 2026/01/05,,
KR7475380002,RISE 글로벌리얼티인컴,20251128,이익분배,34,.0034,"10,861.52",0.00,현금(배당소득),확정,정액,105400000,2025/12/02 ~ 2025/12/02,,
KR7475380002,RISE 글로벌리얼티인컴,20251031,이익분배,34,.0034,"10,876.74",0.00,현금(배당소득),확정,정액,110500000,2025/11/04 ~ 2025/11/04,,
KR7475380002,RISE 글로벌리얼티인컴,20250930,이익분배,33,.0033,"10,632.26",0.00,현금(배당소득),확정,정액,113850000,2025/10/02 ~ 2025/10/02,,
KR7475380002,RISE 글로벌리얼티인컴,20250829,이익분배,33,.0033,"10,538.34",0.00,현금(배당소득),확정,정액,113850000,2025/09/02 ~ 2025/09/02,,
KR7475380002,RISE 글로벌리얼티인컴,20250731,이익분배,33,.0033,"10,598.66",0.00,현금(배당소득),확정,정액,117150000,2025/08/04 ~ 2025/08/04,,
KR7475380002,RISE 글로벌리얼티인컴,20250630,이익분배,33,.0033,"10,407.84",0.00,현금(배당소득),확정,정액,118800000,2025/07/02 ~ 2025/07/02,,
KR7475380002,RISE 글로벌리얼티인컴,20250530,이익분배,32,.0032,"10,505.70",0.00,현금(배당소득),확정,정액,118400000,2025/06/04 ~ 2025/06/04,,
KR7475380002,RISE 글로벌리얼티인컴,20250430,이익분배,33,.0033,"10,735.36",0.00,현금(배당소득),확정,정액,120450000,2025/05/07 ~ 2025/05/07,,
KR7475380002,RISE 글로벌리얼티인컴,20250331,이익분배,34,.0034,"11,036.87",0.00,현금(배당소득),확정,정액,124100000,2025/04/02 ~ 2025/04/02,,
KR7475380002,RISE 글로벌리얼티인컴,20250228,이익분배,39,.0039,"11,019.43",0.00,현금(배당소득),확정,정액,146250000,2025/03/05 ~ 2025/03/05,,
KR7475380002,RISE 글로벌리얼티인컴,20250131,이익분배,40,.004,"10,846.87",0.00,현금(배당소득),확정,정액,156000000,2025/02/04 ~ 2025/02/04,,
KR7475380002,RISE 글로벌리얼티인컴,20241230,이익분배,40,.004,"10,884.76",0.00,현금(배당소득),확정,정액,150000000,2025/01/03 ~ 2025/01/03,,
KR7475380002,RISE 글로벌리얼티인컴,20241129,이익분배,40,.004,"11,122.07",0.00,현금(배당소득),확정,정액,156000000,2024/12/03 ~ 2024/12/03,,
KR7475380002,RISE 글로벌리얼티인컴,20241031,이익분배,40,.004,"11,192.72",0.00,현금(배당소득),확정,정액,154000000,2024/11/04 ~ 2024/11/04,,
KR7475380002,RISE 글로벌리얼티인컴,20240930,이익분배,41,.0041,"10,930.73",0.00,현금(배당소득),확정,정액,153750000,2024/10/04 ~ 2024/10/04,,
KR7475380002,RISE 글로벌리얼티인컴,20240830,이익분배,39,.0039,"10,764.19",0.00,현금(배당소득),확정,정액,148200000,2024/09/03 ~ 2024/09/03,,
KR7459750006,RISE 글로벌주식분산액티브,20260731,이익분배,92,.0092,"18,192.50",0.00,현금(배당소득),확정,정액,165600000,2026/08/04 ~ 2026/08/04,,
KR7459750006,RISE 글로벌주식분산액티브,20251230,이익분배,229,.0229,"16,844.33",0.00,현금(배당소득),확정,정액,377850000,2026/01/05 ~ 2026/01/05,,
KR7472830009,RISE 미국30년국채커버드콜(합성),20260731,이익분배,64,.0064,"9,640.87",0.00,현금(배당소득),확정,정액,355200000,2026/08/04 ~ 2026/08/04,,
KR7472830009,RISE 미국30년국채커버드콜(합성),20260630,이익분배,65,.0065,"10,530.91",0.00,현금(배당소득),확정,정액,360750000,2026/07/02 ~ 2026/07/02,,
KR7472830009,RISE 미국30년국채커버드콜(합성),20260529,이익분배,67,.0067,"10,127.12",0.00,현금(배당소득),확정,정액,371850000,2026/06/02 ~ 2026/06/02,,
KR7472830009,RISE 미국30년국채커버드콜(합성),20260430,이익분배,68,.0068,"10,126.66",0.00,현금(배당소득),확정,정액,377400000,2026/05/06 ~ 2026/05/06,,
KR7472830009,RISE 미국30년국채커버드콜(합성),20260331,이익분배,70,.007,"10,354.12",0.00,현금(배당소득),확정,정액,455000000,2026/04/02 ~ 2026/04/02,,
KR7472830009,RISE 미국30년국채커버드콜(합성),20260227,이익분배,72,.0072,"10,249.35",0.00,현금(배당소득),확정,정액,468000000,2026/03/04 ~ 2026/03/04,,
KR7472830009,RISE 미국30년국채커버드콜(합성),20260130,이익분배,80,.008,"9,966.23",0.00,현금(배당소득),확정,정액,520000000,2026/02/03 ~ 2026/02/03,,
KR7472830009,RISE 미국30년국채커버드콜(합성),20251230,이익분배,80,.008,"10,181.77",0.00,현금(배당소득),확정,정액,520000000,2026/01/05 ~ 2026/01/05,,
KR7472830009,RISE 미국30년국채커버드콜(합성),20251128,이익분배,80,.008,"10,588.73",0.00,현금(배당소득),확정,정액,520000000,2025/12/02 ~ 2025/12/02,,
KR7472830009,RISE 미국30년국채커버드콜(합성),20251031,이익분배,86,.0086,"10,584.91",0.00,현금(배당소득),확정,정액,533200000,2025/11/04 ~ 2025/11/04,,
KR7472830009,RISE 미국30년국채커버드콜(합성),20250930,이익분배,100,.01,"10,200.34",0.00,현금(배당소득),확정,정액,620000000,2025/10/02 ~ 2025/10/02,,
KR7472830009,RISE 미국30년국채커버드콜(합성),20250829,이익분배,97,.0097,"9,814.44",0.00,현금(배당소득),확정,정액,552900000,2025/09/02 ~ 2025/09/02,,
KR7472830009,RISE 미국30년국채커버드콜(합성),20250731,이익분배,95,.0095,"9,614.17",0.00,현금(배당소득),확정,정액,617500000,2025/08/04 ~ 2025/08/04,,
KR7472830009,RISE 미국30년국채커버드콜(합성),20250630,이익분배,90,.009,"9,468.70",0.00,현금(배당소득),확정,정액,495000000,2025/07/02 ~ 2025/07/02,,
KR7472830009,RISE 미국30년국채커버드콜(합성),20250530,이익분배,95,.0095,"9,371.39",0.00,현금(배당소득),확정,정액,475000000,2025/06/04 ~ 2025/06/04,,
KR7472830009,RISE 미국30년국채커버드콜(합성),20250430,이익분배,86,.0086,"10,055.60",0.00,현금(배당소득),확정,정액,430000000,2025/05/07 ~ 2025/05/07,,
KR7472830009,RISE 미국30년국채커버드콜(합성),20250331,이익분배,99,.0099,"10,320.92",0.00,현금(배당소득),확정,정액,316800000,2025/04/02 ~ 2025/04/02,,
KR7472830009,RISE 미국30년국채커버드콜(합성),20250228,이익분배,104,.0104,"10,239.70",0.00,현금(배당소득),확정,정액,332800000,2025/03/05 ~ 2025/03/05,,
KR7472830009,RISE 미국30년국채커버드콜(합성),20250131,이익분배,103,.0103,"9,908.72",0.00,현금(배당소득),확정,정액,314150000,2025/02/04 ~ 2025/02/04,,
KR7472830009,RISE 미국30년국채커버드콜(합성),20241230,이익분배,100,.01,"10,178.70",0.00,현금(배당소득),확정,정액,305000000,2025/01/03 ~ 2025/01/03,,
KR7472830009,RISE 미국30년국채커버드콜(합성),20241129,이익분배,98,.0098,"10,136.17",0.00,현금(배당소득),확정,정액,323400000,2024/12/03 ~ 2024/12/03,,
KR7472830009,RISE 미국30년국채커버드콜(합성),20241031,이익분배,101,.0101,"10,024.35",0.00,현금(배당소득),확정,정액,333300000,2024/11/04 ~ 2024/11/04,,
KR7472830009,RISE 미국30년국채커버드콜(합성),20240930,이익분배,86,.0086,"10,204.91",0.00,현금(배당소득),확정,정액,283800000,2024/10/04 ~ 2024/10/04,,
KR7472830009,RISE 미국30년국채커버드콜(합성),20240830,이익분배,91,.0091,"10,293.96",0.00,현금(배당소득),확정,정액,300300000,2024/09/03 ~ 2024/09/03,,
KR7481050003,KODEX CD1년금리플러스액티브(합성),20260731,이익분배,2638,.2638,###########,0.00,현금(배당소득),확정,정액,6892038800,2026/08/04 ~ 2026/08/04,,
KR7481050003,KODEX CD1년금리플러스액티브(합성),20260630,이익분배,2595,.2595,###########,0.00,현금(배당소득),확정,정액,7190745000,2026/07/02 ~ 2026/07/02,,
KR7481050003,KODEX CD1년금리플러스액티브(합성),20260529,이익분배,2380,.238,###########,0.00,현금(배당소득),확정,정액,6830124000,2026/06/02 ~ 2026/06/02,,
KR7481050003,KODEX CD1년금리플러스액티브(합성),20260430,이익분배,2363,.2363,###########,0.00,현금(배당소득),확정,정액,6675002400,2026/05/06 ~ 2026/05/06,,
KR7481050003,KODEX CD1년금리플러스액티브(합성),20260331,이익분배,2218,.002218,###########,0.00,현금(배당소득),확정,정액,6175133800,2026/04/02 ~ 2026/04/02,,
KR7481050003,KODEX CD1년금리플러스액티브(합성),20260227,이익분배,2541,.002541,###########,0.00,현금(배당소득),확정,정액,7549819200,2026/03/04 ~ 2026/03/04,,
KR7481050003,KODEX CD1년금리플러스액티브(합성),20260130,이익분배,2549,.002549,###########,0.00,현금(배당소득),확정,정액,7514452000,2026/02/03 ~ 2026/02/03,,
KR7481050003,KODEX CD1년금리플러스액티브(합성),20251230,이익분배,2477,.002477,###########,0.00,현금(배당소득),확정,정액,7283123100,2026/01/05 ~ 2026/01/05,,
KR7481050003,KODEX CD1년금리플러스액티브(합성),20251128,이익분배,2331,.002331,###########,0.00,현금(배당소득),확정,정액,5893001100,2025/12/02 ~ 2025/12/02,,
KR7481050003,KODEX CD1년금리플러스액티브(합성),20251031,이익분배,2334,.002334,###########,0.00,현금(배당소득),확정,정액,5929760400,2025/11/04 ~ 2025/11/04,,
KR7481050003,KODEX CD1년금리플러스액티브(합성),20250930,이익분배,2295,.002295,###########,0.00,현금(배당소득),확정,정액,5675535000,2025/10/02 ~ 2025/10/02,,
KR7481050003,KODEX CD1년금리플러스액티브(합성),20250829,이익분배,2159,.002159,###########,0.00,현금(배당소득),확정,정액,5083365500,2025/09/02 ~ 2025/09/02,,
KR7481050003,KODEX CD1년금리플러스액티브(합성),20250731,이익분배,2143,.002143,###########,0.00,현금(배당소득),확정,정액,4722743400,2025/08/04 ~ 2025/08/04,,
KR7481050003,KODEX CD1년금리플러스액티브(합성),20250630,이익분배,2371,.002371,###########,0.00,현금(배당소득),확정,정액,5171862300,2025/07/02 ~ 2025/07/02,,
KR7481050003,KODEX CD1년금리플러스액티브(합성),20250530,이익분배,2119,.002119,###########,0.00,현금(배당소득),확정,정액,4584668400,2025/06/04 ~ 2025/06/04,,
KR7481050003,KODEX CD1년금리플러스액티브(합성),20250430,이익분배,2331,.002331,###########,0.00,현금(배당소득),확정,정액,4826335500,2025/05/07 ~ 2025/05/07,,
KR7481050003,KODEX CD1년금리플러스액티브(합성),20250331,이익분배,2335,.002335,###########,0.00,현금(배당소득),확정,정액,4611625000,2025/04/02 ~ 2025/04/02,,
KR7481050003,KODEX CD1년금리플러스액티브(합성),20250228,이익분배,2579,.002579,###########,0.00,현금(배당소득),확정,정액,5089914400,2025/03/05 ~ 2025/03/05,,
KR7481050003,KODEX CD1년금리플러스액티브(합성),20250131,이익분배,2505,.002505,###########,0.00,현금(배당소득),확정,정액,4725432000,2025/02/04 ~ 2025/02/04,,
KR7481050003,KODEX CD1년금리플러스액티브(합성),20241230,이익분배,2805,.002805,###########,0.00,현금(배당소득),확정,정액,4946337000,2025/01/03 ~ 2025/01/03,,
KR7497780007,KoAct 미국천연가스인프라액티브,20260731,이익분배,45,.0045,"11,336.24",0.00,현금(배당소득),확정,정액,85500000,2026/08/04 ~ 2026/08/04,,
KR7497780007,KoAct 미국천연가스인프라액티브,20260630,이익분배,47,.0047,"12,278.44",0.00,현금(배당소득),확정,정액,101050000,2026/07/02 ~ 2026/07/02,,
KR7497780007,KoAct 미국천연가스인프라액티브,20260529,이익분배,48,.0048,"12,337.09",0.00,현금(배당소득),확정,정액,120000000,2026/06/02 ~ 2026/06/02,,
KR7497780007,KoAct 미국천연가스인프라액티브,20260430,이익분배,46,.0046,"11,799.59",0.00,현금(배당소득),확정,정액,110400000,2026/05/06 ~ 2026/05/06,,
KR7497780007,KoAct 미국천연가스인프라액티브,20260331,이익분배,49,.0049,"12,746.36",0.00,현금(배당소득),확정,정액,124950000,2026/04/02 ~ 2026/04/02,,
KR7497780007,KoAct 미국천연가스인프라액티브,20260227,이익분배,44,.0044,"11,339.80",0.00,현금(배당소득),확정,정액,83600000,2026/03/04 ~ 2026/03/04,,
KR7497780007,KoAct 미국천연가스인프라액티브,20260130,이익분배,40,.004,"10,378.29",0.00,현금(배당소득),확정,정액,88000000,2026/02/03 ~ 2026/02/03,,
KR7497780007,KoAct 미국천연가스인프라액티브,20251230,이익분배,38,.0038,"9,807.46",0.00,현금(배당소득),확정,정액,83600000,2026/01/05 ~ 2026/01/05,,
KR7497780007,KoAct 미국천연가스인프라액티브,20251128,이익분배,39,.0039,"10,037.18",0.00,현금(배당소득),확정,정액,89700000,2025/12/02 ~ 2025/12/02,,
KR7497780007,KoAct 미국천연가스인프라액티브,20251031,이익분배,37,.0037,"9,694.44",0.00,현금(배당소득),확정,정액,90650000,2025/11/04 ~ 2025/11/04,,
KR7497780007,KoAct 미국천연가스인프라액티브,20250930,이익분배,38,.0038,"9,914.76",0.00,현금(배당소득),확정,정액,98800000,2025/10/02 ~ 2025/10/02,,
KR7497780007,KoAct 미국천연가스인프라액티브,20250829,이익분배,37,.0037,"9,473.85",0.00,현금(배당소득),확정,정액,92500000,2025/09/02 ~ 2025/09/02,,
KR7497780007,KoAct 미국천연가스인프라액티브,20250731,이익분배,36,.0036,"9,269.82",0.00,현금(배당소득),확정,정액,84600000,2025/08/04 ~ 2025/08/04,,
KR7497780007,KoAct 미국천연가스인프라액티브,20250630,이익분배,35,.0035,"8,998.48",0.00,현금(배당소득),확정,정액,87500000,2025/07/02 ~ 2025/07/02,,
KR7497780007,KoAct 미국천연가스인프라액티브,20250530,이익분배,35,.0035,"9,042.48",0.00,현금(배당소득),확정,정액,92750000,2025/06/04 ~ 2025/06/04,,
KR7497780007,KoAct 미국천연가스인프라액티브,20250430,이익분배,36,.0036,"9,078.13",0.00,현금(배당소득),확정,정액,95400000,2025/05/07 ~ 2025/05/07,,
KR7497780007,KoAct 미국천연가스인프라액티브,20250331,이익분배,39,.0039,"9,717.74",0.00,현금(배당소득),확정,정액,101400000,2025/04/02 ~ 2025/04/02,,
KR7497780007,KoAct 미국천연가스인프라액티브,20250228,이익분배,37,.0037,"9,262.22",0.00,현금(배당소득),확정,정액,90650000,2025/03/05 ~ 2025/03/05,,
KR7497780007,KoAct 미국천연가스인프라액티브,20250131,이익분배,43,.0043,"10,465.94",0.00,현금(배당소득),확정,정액,146200000,2025/02/04 ~ 2025/02/04,,
KR7491830006,TIGER 미국AI반도체팹리스,20260731,이익분배,15,.0015,"20,765.08",0.00,현금(배당소득),확정,정액,27000000,2026/08/04 ~ 2026/08/04,,
KR7491830006,TIGER 미국AI반도체팹리스,20260430,이익분배,15,.0015,"19,741.94",0.00,현금(배당소득),확정,정액,24000000,2026/05/06 ~ 2026/05/06,,
KR7491830006,TIGER 미국AI반도체팹리스,20260130,이익분배,15,.0015,"14,766.60",0.00,현금(배당소득),확정,정액,27750000,2026/02/03 ~ 2026/02/03,,
KR7491830006,TIGER 미국AI반도체팹리스,20251031,이익분배,13,.0013,"16,769.05",0.00,현금(배당소득),확정,정액,23400000,2025/11/04 ~ 2025/11/04,,
KR7491830006,TIGER 미국AI반도체팹리스,20250731,이익분배,13,.0013,"13,668.56",0.00,현금(배당소득),확정,정액,21450000,2025/08/04 ~ 2025/08/04,,
KR7491830006,TIGER 미국AI반도체팹리스,20250430,이익분배,13,.0013,"9,675.48",0.00,현금(배당소득),확정,정액,20150000,2025/05/07 ~ 2025/05/07,,
KR7491830006,TIGER 미국AI반도체팹리스,20250131,이익분배,14,.0014,"12,695.76",0.00,현금(배당소득),확정,정액,18200000,2025/02/04 ~ 2025/02/04,,
KR7491510004,파워 K-주주가치액티브,20260731,이익분배,250,.02496170873879,"10,553.51",0.00,현금(배당소득),확정,정액,225000000,2026/08/04 ~ 2026/08/04,,
KR7491510004,파워 K-주주가치액티브,20250430,이익분배,344,.03434731122458,"10,420.55",0.00,현금(배당소득),확정,정액,498800000,2025/05/07 ~ 2025/05/07,,
KR7488500000,TIGER 미국S&P500동일가중,20260731,이익분배,49,.0049,"13,302.49",0.00,현금(배당소득),확정,정액,436100000,2026/08/04 ~ 2026/08/04,,
KR7488500000,TIGER 미국S&P500동일가중,20260430,이익분배,48,.0048,"12,577.11",0.00,현금(배당소득),확정,정액,448800000,2026/05/06 ~ 2026/05/06,,
KR7488500000,TIGER 미국S&P500동일가중,20260130,이익분배,42,.0042,"11,980.97",0.00,현금(배당소득),확정,정액,426300000,2026/02/03 ~ 2026/02/03,,
KR7488500000,TIGER 미국S&P500동일가중,20251031,이익분배,44,.0044,"11,553.63",0.00,현금(배당소득),확정,정액,459800000,2025/11/04 ~ 2025/11/04,,
KR7488500000,TIGER 미국S&P500동일가중,20250731,이익분배,41,.0041,"11,021.71",0.00,현금(배당소득),확정,정액,516600000,2025/08/04 ~ 2025/08/04,,
KR7488500000,TIGER 미국S&P500동일가중,20250430,이익분배,43,.0043,"10,268.49",0.00,현금(배당소득),확정,정액,608450000,2025/05/07 ~ 2025/05/07,,
KR7488500000,TIGER 미국S&P500동일가중,20250131,이익분배,50,.005,"11,097.01",0.00,현금(배당소득),확정,정액,952500000,2025/02/04 ~ 2025/02/04,,
KR7488500000,TIGER 미국S&P500동일가중,20241031,이익분배,19,.0019,"10,558.34",0.00,현금(배당소득),확정,정액,241300000,2024/11/04 ~ 2024/11/04,,
KR7486290000,TIGER 미국나스닥100타겟데일리커버드콜,20260731,이익분배,136,.0136,"11,344.83",0.00,현금(배당소득),확정,정액,28730000000,2026/08/04 ~ 2026/08/04,,
KR7486290000,TIGER 미국나스닥100타겟데일리커버드콜,20260630,이익분배,151,.0151,"12,773.97",0.00,현금(배당소득),확정,정액,27081850000,2026/07/02 ~ 2026/07/02,,
KR7486290000,TIGER 미국나스닥100타겟데일리커버드콜,20260529,이익분배,153,.0153,"12,919.65",0.00,현금(배당소득),확정,정액,22980600000,2026/06/02 ~ 2026/06/02,,
KR7486290000,TIGER 미국나스닥100타겟데일리커버드콜,20260430,이익분배,138,.0138,"11,800.40",0.00,현금(배당소득),확정,정액,18781800000,2026/05/06 ~ 2026/05/06,,
KR7486290000,TIGER 미국나스닥100타겟데일리커버드콜,20260331,이익분배,128,.0128,"10,746.17",0.00,현금(배당소득),확정,정액,15564800000,2026/04/02 ~ 2026/04/02,,
KR7486290000,TIGER 미국나스닥100타겟데일리커버드콜,20260227,이익분배,127,.0127,"10,868.73",0.00,현금(배당소득),확정,정액,14757400000,2026/03/04 ~ 2026/03/04,,
KR7486290000,TIGER 미국나스닥100타겟데일리커버드콜,20260130,이익분배,134,.0134,"11,302.74",0.00,현금(배당소득),확정,정액,14619400000,2026/02/03 ~ 2026/02/03,,
KR7486290000,TIGER 미국나스닥100타겟데일리커버드콜,20251230,이익분배,136,.0136,"11,467.89",0.00,현금(배당소득),확정,정액,12804400000,2026/01/05 ~ 2026/01/05,,
KR7486290000,TIGER 미국나스닥100타겟데일리커버드콜,20251128,이익분배,135,.0135,"11,522.29",0.00,현금(배당소득),확정,정액,12723750000,2025/12/02 ~ 2025/12/02,,
KR7486290000,TIGER 미국나스닥100타겟데일리커버드콜,20251031,이익분배,138,.0138,"11,815.16",0.00,현금(배당소득),확정,정액,11481600000,2025/11/04 ~ 2025/11/04,,
KR7486290000,TIGER 미국나스닥100타겟데일리커버드콜,20250930,이익분배,130,.013,"11,139.87",0.00,현금(배당소득),확정,정액,10718500000,2025/10/02 ~ 2025/10/02,,
KR7486290000,TIGER 미국나스닥100타겟데일리커버드콜,20250829,이익분배,125,.0125,"10,797.23",0.00,현금(배당소득),확정,정액,10168750000,2025/09/02 ~ 2025/09/02,,
KR7486290000,TIGER 미국나스닥100타겟데일리커버드콜,20250731,이익분배,125,.0125,"10,801.09",0.00,현금(배당소득),확정,정액,10050000000,2025/08/04 ~ 2025/08/04,,
KR7486290000,TIGER 미국나스닥100타겟데일리커버드콜,20250630,이익분배,119,.0119,"10,209.55",0.00,현금(배당소득),확정,정액,9615200000,2025/07/02 ~ 2025/07/02,,
KR7486290000,TIGER 미국나스닥100타겟데일리커버드콜,20250530,이익분배,117,.0117,"9,977.35",0.00,현금(배당소득),확정,정액,9430200000,2025/06/04 ~ 2025/06/04,,
KR7486290000,TIGER 미국나스닥100타겟데일리커버드콜,20250430,이익분배,111,.0111,"9,535.54",0.00,현금(배당소득),확정,정액,8746800000,2025/05/07 ~ 2025/05/07,,
KR7486290000,TIGER 미국나스닥100타겟데일리커버드콜,20250331,이익분배,121,.0121,"9,931.75",0.00,현금(배당소득),확정,정액,8772500000,2025/04/02 ~ 2025/04/02,,
KR7486290000,TIGER 미국나스닥100타겟데일리커버드콜,20250228,이익분배,125,.0125,"10,367.67",0.00,현금(배당소득),확정,정액,8406250000,2025/03/05 ~ 2025/03/05,,
KR7486290000,TIGER 미국나스닥100타겟데일리커버드콜,20250131,이익분배,131,.0131,"10,885.36",0.00,현금(배당소득),확정,정액,8102350000,2025/02/04 ~ 2025/02/04,,
KR7486290000,TIGER 미국나스닥100타겟데일리커버드콜,20241230,이익분배,135,.0135,"11,212.26",0.00,현금(배당소득),확정,정액,7533000000,2025/01/03 ~ 2025/01/03,,
KR7486290000,TIGER 미국나스닥100타겟데일리커버드콜,20241129,이익분배,126,.0126,"10,469.34",0.00,현금(배당소득),확정,정액,6797700000,2024/12/03 ~ 2024/12/03,,
KR7486290000,TIGER 미국나스닥100타겟데일리커버드콜,20241031,이익분배,124,.0124,"10,253.41",0.00,현금(배당소득),확정,정액,6615400000,2024/11/04 ~ 2024/11/04,,
KR7486290000,TIGER 미국나스닥100타겟데일리커버드콜,20240930,이익분배,118,.0118,"9,632.24",0.00,현금(배당소득),확정,정액,6100600000,2024/10/04 ~ 2024/10/04,,
KR7486290000,TIGER 미국나스닥100타겟데일리커버드콜,20240830,이익분배,117,.0117,"9,535.92",0.00,현금(배당소득),확정,정액,5265000000,2024/09/03 ~ 2024/09/03,,
KR7453660003,KODEX 미국S&P500경기소비재,20260731,이익분배,35,.0035,"17,591.44",0.00,현금(배당소득),확정,정액,24500000,2026/08/04 ~ 2026/08/04,,
KR7453660003,KODEX 미국S&P500경기소비재,20260430,이익분배,34,.0034,"18,776.66",0.00,현금(배당소득),확정,정액,25500000,2026/05/06 ~ 2026/05/06,,
KR7453660003,KODEX 미국S&P500경기소비재,20260130,이익분배,34,.0034,"18,862.46",0.00,현금(배당소득),확정,정액,25500000,2026/02/03 ~ 2026/02/03,,
KR7453660003,KODEX 미국S&P500경기소비재,20251031,이익분배,30,.003,"18,670.73",0.00,현금(배당소득),확정,정액,21000000,2025/11/04 ~ 2025/11/04,,
KR7453660003,KODEX 미국S&P500경기소비재,20250731,이익분배,40,.004,"17,054.75",0.00,현금(배당소득),확정,정액,28000000,2025/08/04 ~ 2025/08/04,,
KR7453660003,KODEX 미국S&P500경기소비재,20250430,이익분배,35,.0035,"15,480.50",0.00,현금(배당소득),확정,정액,24500000,2025/05/07 ~ 2025/05/07,,
KR7453660003,KODEX 미국S&P500경기소비재,20250131,이익분배,19,.0019,"17,929.81",0.00,현금(배당소득),확정,정액,14250000,2025/02/04 ~ 2025/02/04,,
KR7453660003,KODEX 미국S&P500경기소비재,20241031,이익분배,18,.0018,"15,143.08",0.00,현금(배당소득),확정,정액,14400000,2024/11/04 ~ 2024/11/04,,
KR7453630006,KODEX 미국S&P500필수소비재,20260731,이익분배,74,.0074,"13,410.42",0.00,현금(배당소득),확정,정액,99900000,2026/08/04 ~ 2026/08/04,,
KR7453630006,KODEX 미국S&P500필수소비재,20260430,이익분배,74,.0074,"12,934.14",0.00,현금(배당소득),확정,정액,96200000,2026/05/06 ~ 2026/05/06,,
KR7453630006,KODEX 미국S&P500필수소비재,20260130,이익분배,80,.008,"12,701.95",0.00,현금(배당소득),확정,정액,100000000,2026/02/03 ~ 2026/02/03,,
KR7453630006,KODEX 미국S&P500필수소비재,20251031,이익분배,65,.0065,"12,051.63",0.00,현금(배당소득),확정,정액,68250000,2025/11/04 ~ 2025/11/04,,
KR7453630006,KODEX 미국S&P500필수소비재,20250731,이익분배,72,.0072,"12,080.43",0.00,현금(배당소득),확정,정액,75600000,2025/08/04 ~ 2025/08/04,,
KR7453630006,KODEX 미국S&P500필수소비재,20250430,이익분배,72,.0072,"12,576.77",0.00,현금(배당소득),확정,정액,68400000,2025/05/07 ~ 2025/05/07,,
KR7453630006,KODEX 미국S&P500필수소비재,20250131,이익분배,70,.007,"11,998.93",0.00,현금(배당소득),확정,정액,66500000,2025/02/04 ~ 2025/02/04,,
KR7453630006,KODEX 미국S&P500필수소비재,20241031,이익분배,55,.0055,"12,143.56",0.00,현금(배당소득),확정,정액,52250000,2024/11/04 ~ 2024/11/04,,
KR7449580000,RISE 테슬라애플아마존채권혼합,20260731,이익분배,171,.0171,"16,257.66",0.00,현금(배당소득),확정,정액,188100000,2026/08/04 ~ 2026/08/04,,
KR7449580000,RISE 테슬라애플아마존채권혼합,20251230,이익분배,155,.0155,"16,809.12",0.00,현금(배당소득),확정,정액,170500000,2026/01/05 ~ 2026/01/05,,
KR7435420005,TIGER 미국나스닥100채권혼합50,20260731,이익분배,42,.0042,"13,961.26",0.00,현금(배당소득),확정,정액,1411200000,2026/08/04 ~ 2026/08/04,,
KR7435420005,TIGER 미국나스닥100채권혼합50,20260430,이익분배,50,.005,"14,032.43",0.00,현금(배당소득),확정,정액,1192500000,2026/05/06 ~ 2026/05/06,,
KR7435420005,TIGER 미국나스닥100채권혼합50,20260130,이익분배,59,.0059,"13,631.39",0.00,현금(배당소득),확정,정액,1339300000,2026/02/03 ~ 2026/02/03,,
KR7435420005,TIGER 미국나스닥100채권혼합50,20251031,이익분배,9,.0009,"13,840.94",0.00,현금(배당소득),확정,정액,172350000,2025/11/04 ~ 2025/11/04,,
KR7435420005,TIGER 미국나스닥100채권혼합50,20250731,이익분배,50,.005,"13,284.19",0.00,현금(배당소득),확정,정액,797500000,2025/08/04 ~ 2025/08/04,,
KR7435420005,TIGER 미국나스닥100채권혼합50,20250430,이익분배,10,.001,"12,768.27",0.00,현금(배당소득),확정,정액,143000000,2025/05/07 ~ 2025/05/07,,
KR7435420005,TIGER 미국나스닥100채권혼합50,20241230,이익분배,82,.0082,"13,107.03",0.00,현금(배당소득),확정,정액,967600000,2025/01/03 ~ 2025/01/03,,
KR7435420005,TIGER 미국나스닥100채권혼합50,20241031,이익분배,17,.0017,"12,543.74",0.00,현금(배당소득),확정,정액,168300000,2024/11/04 ~ 2024/11/04,,
KR7434960001,DAISHIN343 K200,20260731,이익분배,120,.00379511682318,"31,715.86",0.00,현금(배당소득),확정,정액,84000000,2026/08/04 ~ 2026/08/04,,
KR7434960001,DAISHIN343 K200,20260430,이익분배,500,.01581298676327,"32,077.94",0.00,현금(배당소득),확정,정액,350000000,2026/05/06 ~ 2026/05/06,,
KR7434960001,DAISHIN343 K200,20260130,이익분배,140,.00442763629371,"31,799.90",0.00,현금(배당소득),확정,정액,98000000,2026/02/03 ~ 2026/02/03,,
KR7434960001,DAISHIN343 K200,20251031,이익분배,140,.00442763629371,"31,744.06",0.00,현금(배당소득),확정,정액,126000000,2025/11/04 ~ 2025/11/04,,
KR7434960001,DAISHIN343 K200,20250731,이익분배,120,.00379511682318,"31,745.67",0.00,현금(배당소득),확정,정액,108000000,2025/08/04 ~ 2025/08/04,,
KR7434960001,DAISHIN343 K200,20250430,이익분배,500,.01581298676327,"32,145.32",0.00,현금(배당소득),확정,정액,450000000,2025/05/07 ~ 2025/05/07,,
KR7434960001,DAISHIN343 K200,20250131,이익분배,90,.00284633761739,"31,850.27",0.00,현금(배당소득),확정,정액,85500000,2025/02/04 ~ 2025/02/04,,
KR7434960001,DAISHIN343 K200,20241031,이익분배,100,.00316259735265,"31,823.82",0.00,현금(배당소득),확정,정액,95000000,2024/11/04 ~ 2024/11/04,,
KR7423920008,TIGER 미국필라델피아반도체레버리지(합성),20260731,이익분배,150,.015,"81,805.05",0.00,현금(배당소득),확정,정액,1048500000,2026/08/04 ~ 2026/08/04,,
KR7423920008,TIGER 미국필라델피아반도체레버리지(합성),20260430,이익분배,92,.0092,"85,006.48",0.00,현금(배당소득),확정,정액,690920000,2026/05/06 ~ 2026/05/06,,
KR7423920008,TIGER 미국필라델피아반도체레버리지(합성),20260130,이익분배,78,.0078,"50,038.25",0.00,현금(배당소득),확정,정액,634920000,2026/02/03 ~ 2026/02/03,,
KR7423920008,TIGER 미국필라델피아반도체레버리지(합성),20251031,이익분배,36,.0036,"41,345.07",0.00,현금(배당소득),확정,정액,308520000,2025/11/04 ~ 2025/11/04,,
KR7423920008,TIGER 미국필라델피아반도체레버리지(합성),20250731,이익분배,10,.001,"25,461.62",0.00,현금(배당소득),확정,정액,96500000,2025/08/04 ~ 2025/08/04,,
KR7423920008,TIGER 미국필라델피아반도체레버리지(합성),20250430,이익분배,20,.002,"15,542.29",0.00,현금(배당소득),확정,정액,229400000,2025/05/07 ~ 2025/05/07,,
KR7423920008,TIGER 미국필라델피아반도체레버리지(합성),20250131,이익분배,49,.0049,"28,819.18",0.00,현금(배당소득),확정,정액,412090000,2025/02/04 ~ 2025/02/04,,
KR7423920008,TIGER 미국필라델피아반도체레버리지(합성),20241031,이익분배,49,.0049,"25,059.71",0.00,현금(배당소득),확정,정액,488530000,2024/11/04 ~ 2024/11/04,,
KR7423160001,KODEX KOFR금리액티브(합성),20260731,이익분배,242,.00242,"110,863.81",0.00,현금(배당소득),확정,정액,7916788000,2026/08/04 ~ 2026/08/04,,
KR7423160001,KODEX KOFR금리액티브(합성),20260630,이익분배,246,.00246,"110,842.72",0.00,현금(배당소득),확정,정액,8232390000,2026/07/02 ~ 2026/07/02,,
KR7423160001,KODEX KOFR금리액티브(합성),20260529,이익분배,237,.00237,"110,837.31",0.00,현금(배당소득),확정,정액,9056718000,2026/06/02 ~ 2026/06/02,,
KR7423160001,KODEX KOFR금리액티브(합성),20260430,이익분배,240,.0024,"110,848.61",0.00,현금(배당소득),확정,정액,9555600000,2026/05/06 ~ 2026/05/06,,
KR7423160001,KODEX KOFR금리액티브(합성),20260331,이익분배,221,.00221,"110,819.64",0.00,현금(배당소득),확정,정액,8965307000,2026/04/02 ~ 2026/04/02,,
KR7423160001,KODEX KOFR금리액티브(합성),20260227,이익분배,248,.00248,"110,829.28",0.00,현금(배당소득),확정,정액,9894952000,2026/03/04 ~ 2026/03/04,,
KR7423160001,KODEX KOFR금리액티브(합성),20260130,이익분배,252,.00252,"110,860.44",0.00,현금(배당소득),확정,정액,10137456000,2026/02/03 ~ 2026/02/03,,
KR7423160001,KODEX KOFR금리액티브(합성),20251230,이익분배,229,.00229,"110,826.50",0.00,현금(배당소득),확정,정액,8931458000,2026/01/05 ~ 2026/01/05,,
KR7423160001,KODEX KOFR금리액티브(합성),20251128,이익분배,242,.00242,"110,828.28",0.00,현금(배당소득),확정,정액,9164782000,2025/12/02 ~ 2025/12/02,,
KR7423160001,KODEX KOFR금리액티브(합성),20251031,이익분배,235,.00235,"110,851.26",0.00,현금(배당소득),확정,정액,9202130000,2025/11/04 ~ 2025/11/04,,
KR7423160001,KODEX KOFR금리액티브(합성),20250930,이익분배,235,.00235,"110,829.67",0.00,현금(배당소득),확정,정액,8960550000,2025/10/02 ~ 2025/10/02,,
KR7423160001,KODEX KOFR금리액티브(합성),20250829,이익분배,235,.00235,"110,833.06",0.00,현금(배당소득),확정,정액,8551650000,2025/09/02 ~ 2025/09/02,,
KR7423160001,KODEX KOFR금리액티브(합성),20250731,이익분배,226,.00226,"110,838.00",0.00,현금(배당소득),확정,정액,8202896000,2025/08/04 ~ 2025/08/04,,
KR7407310002,HANARO 200 TOP10,20260731,이익분배,20,.00198065494317,"10,121.98",0.00,현금(배당소득),확정,정액,24000000,2026/08/04 ~ 2026/08/04,,
KR7407310002,HANARO 200 TOP10,20260430,이익분배,110,.01089360218744,"10,218.33",0.00,현금(배당소득),확정,정액,159500000,2026/05/06 ~ 2026/05/06,,
KR7407310002,HANARO 200 TOP10,20260130,이익분배,10,.00099032747159,"10,135.35",0.00,현금(배당소득),확정,정액,14000000,2026/02/03 ~ 2026/02/03,,
KR7407310002,HANARO 200 TOP10,20250731,이익분배,30,.00297098241476,"10,129.50",0.00,현금(배당소득),확정,정액,45000000,2025/08/04 ~ 2025/08/04,,
KR7407310002,HANARO 200 TOP10,20250430,이익분배,100,.00990327471585,"10,204.78",0.00,현금(배당소득),확정,정액,145000000,2025/05/07 ~ 2025/05/07,,
KR7407310002,HANARO 200 TOP10,20250131,이익분배,15,.00148549120738,"10,119.42",0.00,현금(배당소득),확정,정액,26250000,2025/02/04 ~ 2025/02/04,,
KR7407310002,HANARO 200 TOP10,20241031,이익분배,15,.00148549120738,"10,133.24",0.00,현금(배당소득),확정,정액,21750000,2024/11/04 ~ 2024/11/04,,
KR7404540007,TIGER KRX기후변화솔루션,20260731,이익분배,82,.0081783192756,"10,144.98",0.00,현금(배당소득),확정,정액,32800000,2026/08/04 ~ 2026/08/04,,
KR7404540007,TIGER KRX기후변화솔루션,20260430,이익분배,110,.01097091610142,"10,248.94",0.00,현금(배당소득),확정,정액,66000000,2026/05/06 ~ 2026/05/06,,
KR7404540007,TIGER KRX기후변화솔루션,20260130,이익분배,20,.00199471201844,"10,176.86",0.00,현금(배당소득),확정,정액,7000000,2026/02/03 ~ 2026/02/03,,
KR7404540007,TIGER KRX기후변화솔루션,20251031,이익분배,25,.00249339002305,"10,153.49",0.00,현금(배당소득),확정,정액,13750000,2025/11/04 ~ 2025/11/04,,
KR7404540007,TIGER KRX기후변화솔루션,20250731,이익분배,20,.00199471201844,"10,150.68",0.00,현금(배당소득),확정,정액,11000000,2025/08/04 ~ 2025/08/04,,
KR7404540007,TIGER KRX기후변화솔루션,20250430,이익분배,80,.00797884807376,"10,216.56",0.00,현금(배당소득),확정,정액,44000000,2025/05/07 ~ 2025/05/07,,
KR7404540007,TIGER KRX기후변화솔루션,20250131,이익분배,18,.0017952408166,"10,138.46",0.00,현금(배당소득),확정,정액,9000000,2025/02/04 ~ 2025/02/04,,
KR7379810005,KODEX 미국나스닥100,20260731,이익분배,83,.0083,"26,663.06",0.00,현금(배당소득),확정,정액,26647150000,2026/08/04 ~ 2026/08/04,,
KR7379810005,KODEX 미국나스닥100,20260430,이익분배,68,.0068,"26,736.77",0.00,현금(배당소득),확정,정액,17516800000,2026/05/06 ~ 2026/05/06,,
KR7379810005,KODEX 미국나스닥100,20260130,이익분배,68,.0068,"24,563.53",0.00,현금(배당소득),확정,정액,14810400000,2026/02/03 ~ 2026/02/03,,
KR7379810005,KODEX 미국나스닥100,20251031,이익분배,63,.0063,"24,831.79",0.00,현금(배당소득),확정,정액,10149300000,2025/11/04 ~ 2025/11/04,,
KR7379810005,KODEX 미국나스닥100,20250731,이익분배,59,.0059,"21,701.82",0.00,현금(배당소득),확정,정액,7891250000,2025/08/04 ~ 2025/08/04,,
KR7379810005,KODEX 미국나스닥100,20250430,이익분배,33,.0033,"18,738.03",0.00,현금(배당소득),확정,정액,4202550000,2025/05/07 ~ 2025/05/07,,
KR7375760006,HANARO 탄소효율그린뉴딜,20260731,이익분배,30,.00297729219245,"10,119.22",0.00,현금(배당소득),확정,정액,27000000,2026/08/04 ~ 2026/08/04,,
KR7375760006,HANARO 탄소효율그린뉴딜,20260430,이익분배,120,.01190916876979,"10,225.12",0.00,현금(배당소득),확정,정액,108000000,2026/05/06 ~ 2026/05/06,,
KR7375760006,HANARO 탄소효율그린뉴딜,20260130,이익분배,10,.00099243073082,"10,142.96",0.00,현금(배당소득),확정,정액,9000000,2026/02/03 ~ 2026/02/03,,
KR7375760006,HANARO 탄소효율그린뉴딜,20251031,이익분배,10,.00099243073082,"10,117.17",0.00,현금(배당소득),확정,정액,9000000,2025/11/04 ~ 2025/11/04,,
KR7375760006,HANARO 탄소효율그린뉴딜,20250731,이익분배,30,.00297729219245,"10,128.97",0.00,현금(배당소득),확정,정액,27000000,2025/08/04 ~ 2025/08/04,,
KR7375760006,HANARO 탄소효율그린뉴딜,20250430,이익분배,100,.00992430730816,"10,211.87",0.00,현금(배당소득),확정,정액,90000000,2025/05/07 ~ 2025/05/07,,
KR7375760006,HANARO 탄소효율그린뉴딜,20250131,이익분배,20,.00198486146163,"10,149.25",0.00,현금(배당소득),확정,정액,18000000,2025/02/04 ~ 2025/02/04,,
KR7375760006,HANARO 탄소효율그린뉴딜,20241031,이익분배,15,.00148864609622,"10,135.55",0.00,현금(배당소득),확정,정액,15000000,2024/11/04 ~ 2024/11/04,,
KR7360750004,TIGER 미국S&P500,20260731,이익분배,66,.0066,"26,708.70",0.00,현금(배당소득),확정,정액,49104000000,2026/08/04 ~ 2026/08/04,,
KR7360750004,TIGER 미국S&P500,20260430,이익분배,62,.0062,"26,274.06",0.00,현금(배당소득),확정,정액,39215000000,2026/05/06 ~ 2026/05/06,,
KR7360750004,TIGER 미국S&P500,20260130,이익분배,65,.0065,"24,692.30",0.00,현금(배당소득),확정,정액,37982750000,2026/02/03 ~ 2026/02/03,,
KR7360750004,TIGER 미국S&P500,20251031,이익분배,60,.006,"24,547.95",0.00,현금(배당소득),확정,정액,26676000000,2025/11/04 ~ 2025/11/04,,
KR7360750004,TIGER 미국S&P500,20250731,이익분배,58,.0058,"22,120.03",0.00,현금(배당소득),확정,정액,23220300000,2025/08/04 ~ 2025/08/04,,
KR7360750004,TIGER 미국S&P500,20250430,이익분배,80,.008,"19,874.97",0.00,현금(배당소득),확정,정액,31500000000,2025/05/07 ~ 2025/05/07,,
KR7360750004,TIGER 미국S&P500,20250131,이익분배,45,.0045,"21,805.81",0.00,현금(배당소득),확정,정액,16130250000,2025/02/04 ~ 2025/02/04,,
KR7360750004,TIGER 미국S&P500,20241031,이익분배,65,.0065,"20,159.19",0.00,현금(배당소득),확정,정액,16152500000,2024/11/04 ~ 2024/11/04,,
KR7315270009,TIGER 200커뮤니케이션서비스,20260731,이익분배,90,.00562022281061,"16,100.47",0.00,현금(배당소득),확정,정액,28800000,2026/08/04 ~ 2026/08/04,,
KR7315270009,TIGER 200커뮤니케이션서비스,20260430,이익분배,150,.00936703801768,"16,162.92",0.00,현금(배당소득),확정,정액,30000000,2026/05/06 ~ 2026/05/06,,
KR7315270009,TIGER 200커뮤니케이션서비스,20251031,이익분배,70,.00437128440825,"16,063.49",0.00,현금(배당소득),확정,정액,29400000,2025/11/04 ~ 2025/11/04,,
KR7315270009,TIGER 200커뮤니케이션서비스,20250731,이익분배,65,.00405904980766,"16,101.23",0.00,현금(배당소득),확정,정액,19500000,2025/08/04 ~ 2025/08/04,,
KR7315270009,TIGER 200커뮤니케이션서비스,20250430,이익분배,195,.01217714942299,"16,251.39",0.00,현금(배당소득),확정,정액,66300000,2025/05/07 ~ 2025/05/07,,
KR7315270009,TIGER 200커뮤니케이션서비스,20241031,이익분배,60,.00374681520707,"16,154.20",0.00,현금(배당소득),확정,정액,15600000,2024/11/04 ~ 2024/11/04,,
KR7289250003,TIGER MSCI KOREA ESG유니버설,20260731,이익분배,20,.00212509137893,"9,623.36",0.00,현금(배당소득),확정,정액,13800000,2026/08/04 ~ 2026/08/04,,
KR7289250003,TIGER MSCI KOREA ESG유니버설,20260430,이익분배,90,.00956291120518,"9,712.84",0.00,현금(배당소득),확정,정액,59400000,2026/05/06 ~ 2026/05/06,,
KR7289250003,TIGER MSCI KOREA ESG유니버설,20251031,이익분배,32,.00340014620629,"9,616.32",0.00,현금(배당소득),확정,정액,21120000,2025/11/04 ~ 2025/11/04,,
KR7289250003,TIGER MSCI KOREA ESG유니버설,20250731,이익분배,25,.00265636422366,"9,609.50",0.00,현금(배당소득),확정,정액,16500000,2025/08/04 ~ 2025/08/04,,
KR7289250003,TIGER MSCI KOREA ESG유니버설,20250430,이익분배,90,.00956291120518,"9,670.91",0.00,현금(배당소득),확정,정액,56700000,2025/05/07 ~ 2025/05/07,,
KR7289250003,TIGER MSCI KOREA ESG유니버설,20241031,이익분배,25,.00265636422366,"9,572.78",0.00,현금(배당소득),확정,정액,15000000,2024/11/04 ~ 2024/11/04,,
KR7275290005,KODEX 가치주,20260731,이익분배,88,.0088,"10,517.39",0.00,현금(배당소득),확정,정액,79200000,2026/08/04 ~ 2026/08/04,,
KR7275290005,KODEX 가치주,20260430,이익분배,217,.0217,"10,727.72",0.00,현금(배당소득),확정,정액,195300000,2026/05/06 ~ 2026/05/06,,
KR7275290005,KODEX 가치주,20250430,이익분배,348,.0348,"10,757.15",0.00,현금(배당소득),확정,정액,348000000,2025/05/07 ~ 2025/05/07,,
KR7275280006,KODEX 모멘텀주,20260731,이익분배,39,.0039,"10,204.30",0.00,현금(배당소득),확정,정액,35100000,2026/08/04 ~ 2026/08/04,,
KR7275280006,KODEX 모멘텀주,20260430,이익분배,156,.0156,"10,353.86",0.00,현금(배당소득),확정,정액,124800000,2026/05/06 ~ 2026/05/06,,
KR7275280006,KODEX 모멘텀주,20250430,이익분배,271,.0271,"10,422.83",0.00,현금(배당소득),확정,정액,189700000,2025/05/07 ~ 2025/05/07,,
KR7252650007,KODEX 200동일가중,20260731,이익분배,100,.01,"10,004.80",0.00,현금(배당소득),확정,정액,60000000,2026/08/04 ~ 2026/08/04,,
KR7252650007,KODEX 200동일가중,20260430,이익분배,138,.0138,"10,131.13",0.00,현금(배당소득),확정,정액,234600000,2026/05/06 ~ 2026/05/06,,
KR7252650007,KODEX 200동일가중,20260130,이익분배,8,.0008,"9,961.79",0.00,현금(배당소득),확정,정액,4000000,2026/02/03 ~ 2026/02/03,,
KR7252650007,KODEX 200동일가중,20250430,이익분배,249,.0249,"10,112.88",0.00,현금(배당소득),확정,정액,149400000,2025/05/07 ~ 2025/05/07,,
KR7211560008,TIGER 배당성장,20260731,이익분배,65,.00480911512282,"13,666.39",0.00,현금(배당소득),확정,정액,136500000,2026/08/04 ~ 2026/08/04,,
KR7211560008,TIGER 배당성장,20260430,이익분배,751,.05556377626517,"14,342.68",0.00,현금(배당소득),확정,정액,1937580000,2026/05/06 ~ 2026/05/06,,
KR7211560008,TIGER 배당성장,20251031,이익분배,90,.00665877478544,"13,587.60",0.00,현금(배당소득),확정,정액,199800000,2025/11/04 ~ 2025/11/04,,
KR7211560008,TIGER 배당성장,20250731,이익분배,55,.00406925125777,"13,566.69",0.00,현금(배당소득),확정,정액,127050000,2025/08/04 ~ 2025/08/04,,
KR7211560008,TIGER 배당성장,20250430,이익분배,785,.05807931340633,"14,342.21",0.00,현금(배당소득),확정,정액,1153950000,2025/05/07 ~ 2025/05/07,,
KR7152870002,파워 200,20260731,이익분배,92,.00352260979439,"26,212.42",0.00,현금(배당소득),확정,정액,124200000,2026/08/04 ~ 2026/08/04,,
KR7152870002,파워 200,20260430,이익분배,730,.02795114293372,"26,714.16",0.00,현금(배당소득),확정,정액,1058500000,2026/05/06 ~ 2026/05/06,,
KR7152870002,파워 200,20251031,이익분배,142,.00543707163916,"26,235.39",0.00,현금(배당소득),확정,정액,269800000,2025/11/04 ~ 2025/11/04,,
KR7152870002,파워 200,20250731,이익분배,110,.00421181605851,"26,224.46",0.00,현금(배당소득),확정,정액,209000000,2025/08/04 ~ 2025/08/04,,
KR7152870002,파워 200,20250430,이익분배,520,.01991040318566,"26,635.63",0.00,현금(배당소득),확정,정액,650000000,2025/05/07 ~ 2025/05/07,,
KR7152870002,파워 200,20241031,이익분배,176,.00673890569361,"26,287.08",0.00,현금(배당소득),확정,정액,167200000,2024/11/04 ~ 2024/11/04,,
KR7136340007,RISE 중기우량회사채,20260731,이익분배,188,.00188,"104,182.64",0.00,현금(배당소득),확정,정액,436160000,2026/08/04 ~ 2026/08/04,,
KR7136340007,RISE 중기우량회사채,20260630,이익분배,347,.00347,"104,424.79",0.00,현금(배당소득),확정,정액,460122000,2026/07/02 ~ 2026/07/02,,
KR7136340007,RISE 중기우량회사채,20260529,이익분배,113,.00113,"104,350.83",0.00,현금(배당소득),확정,정액,165771000,2026/06/02 ~ 2026/06/02,,
KR7136340007,RISE 중기우량회사채,20260430,이익분배,205,.00205,"104,661.95",0.00,현금(배당소득),확정,정액,288435000,2026/05/06 ~ 2026/05/06,,
KR7136340007,RISE 중기우량회사채,20260331,이익분배,368,.00368,"104,491.59",0.00,현금(배당소득),확정,정액,515936000,2026/04/02 ~ 2026/04/02,,
KR7136340007,RISE 중기우량회사채,20260227,이익분배,124,.00124,"105,765.08",0.00,현금(배당소득),확정,정액,168516000,2026/03/04 ~ 2026/03/04,,
KR7136340007,RISE 중기우량회사채,20260130,이익분배,281,.00281,"106,029.07",0.00,현금(배당소득),확정,정액,347035000,2026/02/03 ~ 2026/02/03,,
KR7136340007,RISE 중기우량회사채,20251230,이익분배,204,.00204,"106,130.12",0.00,현금(배당소득),확정,정액,235824000,2026/01/05 ~ 2026/01/05,,
KR7136340007,RISE 중기우량회사채,20251128,이익분배,210,.0021,"106,261.00",0.00,현금(배당소득),확정,정액,244860000,2025/12/02 ~ 2025/12/02,,
KR7136340007,RISE 중기우량회사채,20251031,이익분배,299,.00299,"107,210.63",0.00,현금(배당소득),확정,정액,430261000,2025/11/04 ~ 2025/11/04,,
KR7136340007,RISE 중기우량회사채,20250930,이익분배,365,.00365,"107,532.81",0.00,현금(배당소득),확정,정액,521220000,2025/10/02 ~ 2025/10/02,,
KR7136340007,RISE 중기우량회사채,20250829,이익분배,125,.00125,"107,812.44",0.00,현금(배당소득),확정,정액,209000000,2025/09/02 ~ 2025/09/02,,
KR7136340007,RISE 중기우량회사채,20250731,이익분배,200,.002,"107,647.46",0.00,현금(배당소득),확정,정액,333400000,2025/08/04 ~ 2025/08/04,,
KR7136340007,RISE 중기우량회사채,20250630,이익분배,365,.00365,"107,643.63",0.00,현금(배당소득),확정,정액,529980000,2025/07/02 ~ 2025/07/02,,
KR7136340007,RISE 중기우량회사채,20250530,이익분배,155,.00155,"107,779.16",0.00,현금(배당소득),확정,정액,183675000,2025/06/04 ~ 2025/06/04,,
KR7136340007,RISE 중기우량회사채,20250430,이익분배,205,.00205,"107,647.29",0.00,현금(배당소득),확정,정액,240465000,2025/05/07 ~ 2025/05/07,,
KR7136340007,RISE 중기우량회사채,20250331,이익분배,330,.0033,"106,866.12",0.00,현금(배당소득),확정,정액,288420000,2025/04/02 ~ 2025/04/02,,
KR7136340007,RISE 중기우량회사채,20250228,이익분배,180,.0018,"107,023.86",0.00,현금(배당소득),확정,정액,165420000,2025/03/05 ~ 2025/03/05,,
KR7136340007,RISE 중기우량회사채,20250131,이익분배,195,.00195,"106,840.36",0.00,현금(배당소득),확정,정액,159900000,2025/02/04 ~ 2025/02/04,,
KR7136340007,RISE 중기우량회사채,20241230,이익분배,370,.0037,"106,402.76",0.00,현금(배당소득),확정,정액,263070000,2025/01/03 ~ 2025/01/03,,
KR7136340007,RISE 중기우량회사채,20241129,이익분배,255,.00255,"106,492.41",0.00,현금(배당소득),확정,정액,175440000,2024/12/03 ~ 2024/12/03,,
KR7136340007,RISE 중기우량회사채,20241031,이익분배,180,.0018,"106,114.08",0.00,현금(배당소득),확정,정액,120780000,2024/11/04 ~ 2024/11/04,,
KR7136340007,RISE 중기우량회사채,20240930,이익분배,295,.00295,"106,272.57",0.00,현금(배당소득),확정,정액,199420000,2024/10/04 ~ 2024/10/04,,
KR7136340007,RISE 중기우량회사채,20240830,이익분배,305,.00305,"106,050.11",0.00,현금(배당소득),확정,정액,196420000,2024/09/03 ~ 2024/09/03,,
KR7122090004,PLUS 코스피50,20260731,이익분배,90,.0060267184518,"14,975.88",0.00,현금(배당소득),확정,정액,205200000,2026/08/04 ~ 2026/08/04,,
KR7122090004,PLUS 코스피50,20260430,이익분배,275,.01841497304718,"15,169.00",0.00,현금(배당소득),확정,정액,396000000,2026/05/06 ~ 2026/05/06,,
KR7122090004,PLUS 코스피50,20260130,이익분배,100,.00669635383534,"15,039.86",0.00,현금(배당소득),확정,정액,111000000,2026/02/03 ~ 2026/02/03,,
KR7122090004,PLUS 코스피50,20251031,이익분배,85,.00569190076004,"15,023.50",0.00,현금(배당소득),확정,정액,68850000,2025/11/04 ~ 2025/11/04,,
KR7122090004,PLUS 코스피50,20250731,이익분배,60,.0040178123012,"15,007.53",0.00,현금(배당소득),확정,정액,46800000,2025/08/04 ~ 2025/08/04,,
KR7122090004,PLUS 코스피50,20250430,이익분배,300,.02008906150601,"15,230.91",0.00,현금(배당소득),확정,정액,180000000,2025/05/07 ~ 2025/05/07,,
KR7122090004,PLUS 코스피50,20250131,이익분배,50,.00334817691767,"15,028.22",0.00,현금(배당소득),확정,정액,18000000,2025/02/04 ~ 2025/02/04,,
KR7122090004,PLUS 코스피50,20241031,이익분배,80,.00535708306827,"15,056.74",0.00,현금(배당소득),확정,정액,28800000,2024/11/04 ~ 2024/11/04,,
KR7108590001,TREX 200,20260731,이익분배,100,.00689132382331,"14,555.77",0.00,현금(배당소득),확정,정액,20000000,2026/08/04 ~ 2026/08/04,,
KR7108590001,TREX 200,20260430,이익분배,500,.03445661911653,"14,926.55",0.00,현금(배당소득),확정,정액,100000000,2026/05/06 ~ 2026/05/06,,
KR7108590001,TREX 200,20260130,이익분배,120,.00826958858797,"14,671.14",0.00,현금(배당소득),확정,정액,24000000,2026/02/03 ~ 2026/02/03,,
KR7108590001,TREX 200,20251031,이익분배,160,.01102611811729,"14,610.37",0.00,현금(배당소득),확정,정액,32000000,2025/11/04 ~ 2025/11/04,,
KR7108590001,TREX 200,20250731,이익분배,120,.00826958858797,"14,596.06",0.00,현금(배당소득),확정,정액,24000000,2025/08/04 ~ 2025/08/04,,
KR7108590001,TREX 200,20250430,이익분배,700,.04823926676315,"14,888.46",0.00,현금(배당소득),확정,정액,140000000,2025/05/07 ~ 2025/05/07,,
KR7108590001,TREX 200,20250131,이익분배,150,.01033698573496,"14,624.63",0.00,현금(배당소득),확정,정액,30000000,2025/02/04 ~ 2025/02/04,,
KR7108590001,TREX 200,20241031,이익분배,130,.0089587209703,"14,596.85",0.00,현금(배당소득),확정,정액,26000000,2024/11/04 ~ 2024/11/04,,
KR70189Z0006,DAISHIN343 금융&지주고배당,20260731,이익분배,10,.00103733794188,"9,644.53",0.00,현금(배당소득),확정,정액,10000000,2026/08/04 ~ 2026/08/04,,
KR70174R0003,KIWOOM 미국성장다우존스,20260731,이익분배,12,.0012,"11,320.96",0.00,현금(배당소득),확정,정액,10200000,2026/08/04 ~ 2026/08/04,,
KR70173Y0005,KODEX 미국AI광통신네트워크,20260731,이익분배,5,.0005,"9,673.36",0.00,현금(배당소득),확정,정액,178250000,2026/08/04 ~ 2026/08/04,,
KR70162Z0007,RISE 삼성전자SK하이닉스채권혼합50,20260731,이익분배,26,.00251450676983,"10,406.53",0.00,현금(배당소득),확정,정액,8099000000,2026/08/04 ~ 2026/08/04,,
KR70162Z0007,RISE 삼성전자SK하이닉스채권혼합50,20260430,이익분배,11,.00106382978723,"10,371.10",0.00,현금(배당소득),확정,정액,1434400000,2026/05/06 ~ 2026/05/06,,
KR70153X0000,PLUS 미국고배당주액티브,20260731,이익분배,47,.0047,"11,655.81",0.00,현금(배당소득),확정,정액,89300000,2026/08/04 ~ 2026/08/04,,
KR70153X0000,PLUS 미국고배당주액티브,20260630,이익분배,47,.0047,"11,401.25",0.00,현금(배당소득),확정,정액,94000000,2026/07/02 ~ 2026/07/02,,
KR70153X0000,PLUS 미국고배당주액티브,20260529,이익분배,48,.0048,"11,349.27",0.00,현금(배당소득),확정,정액,103200000,2026/06/02 ~ 2026/06/02,,
KR70153X0000,PLUS 미국고배당주액티브,20260430,이익분배,47,.0047,"11,102.86",0.00,현금(배당소득),확정,정액,112800000,2026/05/06 ~ 2026/05/06,,
KR70153X0000,PLUS 미국고배당주액티브,20260331,이익분배,47,.0047,"11,384.34",0.00,현금(배당소득),확정,정액,108100000,2026/04/02 ~ 2026/04/02,,
KR70153X0000,PLUS 미국고배당주액티브,20260227,이익분배,45,.0045,"10,821.76",0.00,현금(배당소득),확정,정액,101250000,2026/03/04 ~ 2026/03/04,,
KR70004G0002,1Q 미국배당TOP30,20260731,이익분배,26,.0026,"10,193.37",0.00,현금(배당소득),확정,정액,36400000,2026/08/03 ~ 2026/08/03,,
KR70004G0002,1Q 미국배당TOP30,20260630,이익분배,20,.002,"9,896.21",0.00,현금(배당소득),확정,정액,28000000,2026/07/01 ~ 2026/07/01,,
KR70004G0002,1Q 미국배당TOP30,20260529,이익분배,27,.0027,"9,554.24",0.00,현금(배당소득),확정,정액,37800000,2026/06/01 ~ 2026/06/01,,
KR70004G0002,1Q 미국배당TOP30,20260430,이익분배,28,.0028,"9,287.43",0.00,현금(배당소득),확정,정액,36400000,2026/05/04 ~ 2026/05/04,,
KR70004G0002,1Q 미국배당TOP30,20260331,이익분배,20,.002,"9,627.56",0.00,현금(배당소득),확정,정액,22000000,2026/04/01 ~ 2026/04/01,,
KR70004G0002,1Q 미국배당TOP30,20260227,이익분배,30,.003,"9,896.39",0.00,현금(배당소득),확정,정액,30000000,2026/03/03 ~ 2026/03/03,,
KR70004G0002,1Q 미국배당TOP30,20260130,이익분배,34,.0034,"9,397.71",0.00,현금(배당소득),확정,정액,34000000,2026/02/02 ~ 2026/02/02,,
KR70004G0002,1Q 미국배당TOP30,20251230,이익분배,23,.0023,"9,225.88",0.00,현금(배당소득),확정,정액,18400000,2026/01/02 ~ 2026/01/02,,
KR70004G0002,1Q 미국배당TOP30,20251128,이익분배,15,.0015,"9,310.26",0.00,현금(배당소득),확정,정액,10500000,2025/12/01 ~ 2025/12/01,,
KR70004G0002,1Q 미국배당TOP30,20251031,이익분배,33,.0033,"9,421.85",0.00,현금(배당소득),확정,정액,19800000,2025/11/03 ~ 2025/11/03,,
KR70004G0002,1Q 미국배당TOP30,20250930,이익분배,26,.0026,"9,365.01",0.00,현금(배당소득),확정,정액,13000000,2025/10/01 ~ 2025/10/01,,
KR70004G0002,1Q 미국배당TOP30,20250829,이익분배,12,.0012,"9,408.40",0.00,현금(배당소득),확정,정액,6000000,2025/09/01 ~ 2025/09/01,,
KR70004G0002,1Q 미국배당TOP30,20250731,이익분배,34,.0034,"9,120.74",0.00,현금(배당소득),확정,정액,17000000,2025/08/01 ~ 2025/08/01,,
KR70004G0002,1Q 미국배당TOP30,20250630,이익분배,22,.0022,"8,589.74",0.00,현금(배당소득),확정,정액,13200000,2025/07/01 ~ 2025/07/01,,
KR70004G0002,1Q 미국배당TOP30,20250530,이익분배,27,.0027,"8,955.21",0.00,현금(배당소득),확정,정액,16200000,2025/06/02 ~ 2025/06/02,,
KR70004G0002,1Q 미국배당TOP30,20250430,이익분배,28,.0028,"9,154.23",0.00,현금(배당소득),확정,정액,16800000,2025/05/02 ~ 2025/05/02,,
KR70004G0002,1Q 미국배당TOP30,20250331,이익분배,22,.0022,"9,841.98",0.00,현금(배당소득),확정,정액,15400000,2025/04/01 ~ 2025/04/01,,
KR7484880000,SOL 금융지주플러스고배당,20260731,이익분배,86,.0086,"10,254.35",0.00,현금(배당소득),확정,정액,1427600000,2026/08/03 ~ 2026/08/03,,
KR7484880000,SOL 금융지주플러스고배당,20260630,이익분배,78,.0078,"10,305.59",0.00,현금(배당소득),확정,정액,1205100000,2026/07/01 ~ 2026/07/01,,
KR7484880000,SOL 금융지주플러스고배당,20260529,이익분배,78,.0078,"10,389.91",0.00,현금(배당소득),확정,정액,1298700000,2026/06/01 ~ 2026/06/01,,
KR7484880000,SOL 금융지주플러스고배당,20260430,이익분배,76,.0076,"10,352.66",0.00,현금(배당소득),확정,정액,1390800000,2026/05/04 ~ 2026/05/04,,
KR7484880000,SOL 금융지주플러스고배당,20260331,이익분배,66,.0066,"10,371.25",0.00,현금(배당소득),확정,정액,1221000000,2026/04/01 ~ 2026/04/01,,
KR7484880000,SOL 금융지주플러스고배당,20260227,이익분배,50,.005,"10,212.93",0.00,현금(배당소득),확정,정액,867500000,2026/03/03 ~ 2026/03/03,,
KR7484880000,SOL 금융지주플러스고배당,20260130,이익분배,45,.0045,"10,179.46",0.00,현금(배당소득),확정,정액,688500000,2026/02/02 ~ 2026/02/02,,
KR7484880000,SOL 금융지주플러스고배당,20251230,이익분배,44,.0044,"10,228.70",0.00,현금(배당소득),확정,정액,776600000,2026/01/02 ~ 2026/01/02,,
KR7484880000,SOL 금융지주플러스고배당,20251128,이익분배,55,.0055,"10,288.85",0.00,현금(배당소득),확정,정액,992750000,2025/12/01 ~ 2025/12/01,,
KR7484880000,SOL 금융지주플러스고배당,20251031,이익분배,73,.0073,"10,188.80",0.00,현금(배당소득),확정,정액,1164350000,2025/11/03 ~ 2025/11/03,,
KR7484880000,SOL 금융지주플러스고배당,20250930,이익분배,72,.0072,"10,265.52",0.00,현금(배당소득),확정,정액,1083600000,2025/10/01 ~ 2025/10/01,,
KR7484880000,SOL 금융지주플러스고배당,20250829,이익분배,70,.007,"10,340.25",0.00,현금(배당소득),확정,정액,1011500000,2025/09/01 ~ 2025/09/01,,
KR7484880000,SOL 금융지주플러스고배당,20250731,이익분배,72,.0072,"10,303.55",0.00,현금(배당소득),확정,정액,1051200000,2025/08/01 ~ 2025/08/01,,
KR7484880000,SOL 금융지주플러스고배당,20250630,이익분배,67,.0067,"10,375.41",0.00,현금(배당소득),확정,정액,546050000,2025/07/01 ~ 2025/07/01,,
KR7484880000,SOL 금융지주플러스고배당,20250530,이익분배,59,.0059,"10,437.93",0.00,현금(배당소득),확정,정액,262550000,2025/06/02 ~ 2025/06/02,,
KR7484880000,SOL 금융지주플러스고배당,20250430,이익분배,52,.0052,"10,381.64",0.00,현금(배당소득),확정,정액,254800000,2025/05/02 ~ 2025/05/02,,
KR7484880000,SOL 금융지주플러스고배당,20250331,이익분배,52,.0052,"10,398.48",0.00,현금(배당소득),확정,정액,241800000,2025/04/01 ~ 2025/04/01,,
KR7484880000,SOL 금융지주플러스고배당,20250228,이익분배,53,.0053,"10,195.14",0.00,현금(배당소득),확정,정액,241150000,2025/03/04 ~ 2025/03/04,,
KR7484880000,SOL 금융지주플러스고배당,20250131,이익분배,51,.0051,"10,177.18",0.00,현금(배당소득),확정,정액,224400000,2025/02/03 ~ 2025/02/03,,
KR7484880000,SOL 금융지주플러스고배당,20241230,이익분배,55,.0055,"10,179.87",0.00,현금(배당소득),확정,정액,253000000,2025/01/02 ~ 2025/01/02,,
KR7484880000,SOL 금융지주플러스고배당,20241129,이익분배,51,.0051,"10,210.70",0.00,현금(배당소득),확정,정액,175950000,2024/12/02 ~ 2024/12/02,,
KR7484880000,SOL 금융지주플러스고배당,20241031,이익분배,47,.0047,"10,260.73",0.00,현금(배당소득),확정,정액,150400000,2024/11/01 ~ 2024/11/01,,
KR7484880000,SOL 금융지주플러스고배당,20240930,이익분배,46,.0046,"10,179.42",0.00,현금(배당소득),확정,정액,342700000,2024/10/02 ~ 2024/10/02,,
KR7484880000,SOL 금융지주플러스고배당,20240830,이익분배,50,.005,"10,223.49",0.00,현금(배당소득),확정,정액,325000000,2024/09/02 ~ 2024/09/02,,
KR7452360001,SOL 미국배당다우존스(H),20260731,이익분배,31,.0031,"13,353.95",0.00,현금(배당소득),확정,정액,502200000,2026/08/03 ~ 2026/08/03,,
KR7452360001,SOL 미국배당다우존스(H),20260630,이익분배,36,.0036,"12,669.81",0.00,현금(배당소득),확정,정액,586800000,2026/07/01 ~ 2026/07/01,,
KR7452360001,SOL 미국배당다우존스(H),20260529,이익분배,29,.0029,"12,887.48",0.00,현금(배당소득),확정,정액,481400000,2026/06/01 ~ 2026/06/01,,
KR7452360001,SOL 미국배당다우존스(H),20260430,이익분배,28,.0028,"12,330.86",0.00,현금(배당소득),확정,정액,473200000,2026/05/04 ~ 2026/05/04,,
KR7452360001,SOL 미국배당다우존스(H),20260331,이익분배,30,.003,"12,182.49",0.00,현금(배당소득),확정,정액,495000000,2026/04/01 ~ 2026/04/01,,
KR7452360001,SOL 미국배당다우존스(H),20260227,이익분배,33,.0033,"12,567.31",0.00,현금(배당소득),확정,정액,551100000,2026/03/03 ~ 2026/03/03,,
KR7452360001,SOL 미국배당다우존스(H),20260130,이익분배,28,.0028,"11,718.34",0.00,현금(배당소득),확정,정액,484400000,2026/02/02 ~ 2026/02/02,,
KR7452360001,SOL 미국배당다우존스(H),20251230,이익분배,34,.0034,"11,089.03",0.00,현금(배당소득),확정,정액,605200000,2026/01/02 ~ 2026/01/02,,
KR7452360001,SOL 미국배당다우존스(H),20251128,이익분배,32,.0032,"10,904.45",0.00,현금(배당소득),확정,정액,595200000,2025/12/01 ~ 2025/12/01,,
KR7452360001,SOL 미국배당다우존스(H),20251031,이익분배,32,.0032,"10,845.91",0.00,현금(배당소득),확정,정액,627200000,2025/11/03 ~ 2025/11/03,,
KR7452360001,SOL 미국배당다우존스(H),20250930,이익분배,34,.0034,"10,893.85",0.00,현금(배당소득),확정,정액,686800000,2025/10/01 ~ 2025/10/01,,
KR7452360001,SOL 미국배당다우존스(H),20250829,이익분배,31,.0031,"11,145.79",0.00,현금(배당소득),확정,정액,647900000,2025/09/01 ~ 2025/09/01,,
KR7452360001,SOL 미국배당다우존스(H),20250731,이익분배,27,.0027,"10,976.60",0.00,현금(배당소득),확정,정액,580500000,2025/08/01 ~ 2025/08/01,,
KR7452360001,SOL 미국배당다우존스(H),20250630,이익분배,32,.0032,"10,648.83",0.00,현금(배당소득),확정,정액,707200000,2025/07/01 ~ 2025/07/01,,
KR7452360001,SOL 미국배당다우존스(H),20250530,이익분배,29,.0029,"10,604.16",0.00,현금(배당소득),확정,정액,667000000,2025/06/02 ~ 2025/06/02,,
KR7452360001,SOL 미국배당다우존스(H),20250430,이익분배,25,.0025,"10,435.11",0.00,현금(배당소득),확정,정액,575000000,2025/05/02 ~ 2025/05/02,,
KR7452360001,SOL 미국배당다우존스(H),20250331,이익분배,34,.0034,"11,349.22",0.00,현금(배당소득),확정,정액,734400000,2025/04/01 ~ 2025/04/01,,
KR7452360001,SOL 미국배당다우존스(H),20250228,이익분배,30,.003,"11,574.41",0.00,현금(배당소득),확정,정액,645000000,2025/03/04 ~ 2025/03/04,,
KR7452360001,SOL 미국배당다우존스(H),20250131,이익분배,40,.004,"11,447.47",0.00,현금(배당소득),확정,정액,888000000,2025/02/03 ~ 2025/02/03,,
KR7452360001,SOL 미국배당다우존스(H),20241230,이익분배,33,.0033,"11,344.31",0.00,현금(배당소득),확정,정액,676500000,2025/01/02 ~ 2025/01/02,,
KR7452360001,SOL 미국배당다우존스(H),20241129,이익분배,45,.0045,"12,068.01",0.00,현금(배당소득),확정,정액,823500000,2024/12/02 ~ 2024/12/02,,
KR7452360001,SOL 미국배당다우존스(H),20241031,이익분배,33,.0033,"11,639.22",0.00,현금(배당소득),확정,정액,584100000,2024/11/01 ~ 2024/11/01,,
KR7452360001,SOL 미국배당다우존스(H),20240930,이익분배,31,.0031,"11,496.51",0.00,현금(배당소득),확정,정액,511500000,2024/10/02 ~ 2024/10/02,,
KR7452360001,SOL 미국배당다우존스(H),20240830,이익분배,36,.0036,"11,463.70",0.00,현금(배당소득),확정,정액,550800000,2024/09/02 ~ 2024/09/02,,
KR70052S0009,1Q 미국S&P500미국채혼합50액티브,20260731,이익분배,60,.006,"11,932.95",0.00,현금(배당소득),확정,정액,1620000000,2026/08/03 ~ 2026/08/03,,
KR70052S0009,1Q 미국S&P500미국채혼합50액티브,20260430,이익분배,35,.0035,"11,937.45",0.00,현금(배당소득),확정,정액,787500000,2026/05/04 ~ 2026/05/04,,
KR70052S0009,1Q 미국S&P500미국채혼합50액티브,20260130,이익분배,38,.0038,"11,343.14",0.00,현금(배당소득),확정,정액,843600000,2026/02/02 ~ 2026/02/02,,
KR70052S0009,1Q 미국S&P500미국채혼합50액티브,20251031,이익분배,54,.0054,"11,361.86",0.00,현금(배당소득),확정,정액,513000000,2025/11/03 ~ 2025/11/03,,
KR7404650004,SOL KRX기후변화솔루션,20260731,이익분배,21,.0021,"10,030.63",0.00,현금(배당소득),확정,정액,12600000,2026/08/03 ~ 2026/08/03,,
KR7404650004,SOL KRX기후변화솔루션,20260430,이익분배,97,.0097,"10,121.98",0.00,현금(배당소득),확정,정액,58200000,2026/05/04 ~ 2026/05/04,,
KR7404650004,SOL KRX기후변화솔루션,20260130,이익분배,37,.0037,"10,061.93",0.00,현금(배당소득),확정,정액,22200000,2026/02/02 ~ 2026/02/02,,
KR7404650004,SOL KRX기후변화솔루션,20251031,이익분배,16,.0016,"10,040.57",0.00,현금(배당소득),확정,정액,9600000,2025/11/03 ~ 2025/11/03,,
KR7404650004,SOL KRX기후변화솔루션,20250731,이익분배,65,.0065,"10,088.75",0.00,현금(배당소득),확정,정액,39000000,2025/08/01 ~ 2025/08/01,,
KR7404650004,SOL KRX기후변화솔루션,20250430,이익분배,85,.0085,"10,165.74",0.00,현금(배당소득),확정,정액,51000000,2025/05/02 ~ 2025/05/02,,
KR7404650004,SOL KRX기후변화솔루션,20250131,이익분배,15,.0015,"10,106.11",0.00,현금(배당소득),확정,정액,9000000,2025/02/03 ~ 2025/02/03,,
KR7404650004,SOL KRX기후변화솔루션,20241031,이익분배,16,.0016,"10,069.48",0.00,현금(배당소득),확정,정액,9600000,2024/11/01 ~ 2024/11/01,,
KR70167B0000,SOL 200타겟위클리커버드콜,20260731,이익분배,150,.015,"9,926.59",0.00,현금(배당소득),확정,정액,9015000000,2026/08/03 ~ 2026/08/03,,
KR70167B0000,SOL 200타겟위클리커버드콜,20260630,이익분배,223,.0223,"9,921.62",0.00,현금(배당소득),확정,정액,12577200000,2026/07/01 ~ 2026/07/01,,
KR70167B0000,SOL 200타겟위클리커버드콜,20260529,이익분배,217,.0217,"9,925.58",0.00,현금(배당소득),확정,정액,10806600000,2026/06/01 ~ 2026/06/01,,
KR70167B0000,SOL 200타겟위클리커버드콜,20260430,이익분배,250,.025,"9,947.32",0.00,현금(배당소득),확정,정액,8400000000,2026/05/04 ~ 2026/05/04,,
KR7473330009,SOL 미국30년국채커버드콜(합성),20260731,이익분배,65,.0065,"9,657.91",0.00,현금(배당소득),확정,정액,2268500000,2026/08/03 ~ 2026/08/03,,
KR7473330009,SOL 미국30년국채커버드콜(합성),20260630,이익분배,85,.0085,"10,525.83",0.00,현금(배당소득),확정,정액,2953750000,2026/07/01 ~ 2026/07/01,,
KR7473330009,SOL 미국30년국채커버드콜(합성),20260529,이익분배,75,.0075,"10,167.60",0.00,현금(배당소득),확정,정액,2880000000,2026/06/01 ~ 2026/06/01,,
KR7473330009,SOL 미국30년국채커버드콜(합성),20260430,이익분배,95,.0095,"10,190.44",0.00,현금(배당소득),확정,정액,3709750000,2026/05/04 ~ 2026/05/04,,
KR7473330009,SOL 미국30년국채커버드콜(합성),20260331,이익분배,77,.0077,"10,410.73",0.00,현금(배당소득),확정,정액,3033800000,2026/04/01 ~ 2026/04/01,,
KR7473330009,SOL 미국30년국채커버드콜(합성),20260227,이익분배,75,.0075,"10,291.48",0.00,현금(배당소득),확정,정액,3086250000,2026/03/03 ~ 2026/03/03,,
KR7473330009,SOL 미국30년국채커버드콜(합성),20260130,이익분배,75,.0075,"10,011.83",0.00,현금(배당소득),확정,정액,3150000000,2026/02/02 ~ 2026/02/02,,
KR7473330009,SOL 미국30년국채커버드콜(합성),20251230,이익분배,115,.0115,"10,243.35",0.00,현금(배당소득),확정,정액,4600000000,2026/01/02 ~ 2026/01/02,,
KR7473330009,SOL 미국30년국채커버드콜(합성),20251128,이익분배,130,.013,"10,660.97",0.00,현금(배당소득),확정,정액,5245500000,2025/12/01 ~ 2025/12/01,,
KR7473330009,SOL 미국30년국채커버드콜(합성),20251031,이익분배,80,.008,"10,596.37",0.00,현금(배당소득),확정,정액,3200000000,2025/11/03 ~ 2025/11/03,,
KR7473330009,SOL 미국30년국채커버드콜(합성),20250930,이익분배,85,.0085,"10,202.57",0.00,현금(배당소득),확정,정액,3391500000,2025/10/01 ~ 2025/10/01,,
KR7473330009,SOL 미국30년국채커버드콜(합성),20250829,이익분배,85,.0085,"9,852.27",0.00,현금(배당소득),확정,정액,3204500000,2025/09/01 ~ 2025/09/01,,
KR7473330009,SOL 미국30년국채커버드콜(합성),20250731,이익분배,125,.0125,"9,658.39",0.00,현금(배당소득),확정,정액,4256250000,2025/08/01 ~ 2025/08/01,,
KR7473330009,SOL 미국30년국채커버드콜(합성),20250630,이익분배,145,.0145,"9,484.69",0.00,현금(배당소득),확정,정액,4299250000,2025/07/01 ~ 2025/07/01,,
KR7473330009,SOL 미국30년국채커버드콜(합성),20250530,이익분배,125,.0125,"9,293.15",0.00,현금(배당소득),확정,정액,3681250000,2025/06/02 ~ 2025/06/02,,
KR7473330009,SOL 미국30년국채커버드콜(합성),20250430,이익분배,106,.0106,"9,837.11",0.00,현금(배당소득),확정,정액,2824900000,2025/05/02 ~ 2025/05/02,,
KR7473330009,SOL 미국30년국채커버드콜(합성),20250331,이익분배,96,.0096,"10,249.48",0.00,현금(배당소득),확정,정액,2232000000,2025/04/01 ~ 2025/04/01,,
KR7473330009,SOL 미국30년국채커버드콜(합성),20250228,이익분배,130,.013,"10,239.02",0.00,현금(배당소득),확정,정액,2964000000,2025/03/04 ~ 2025/03/04,,
KR7473330009,SOL 미국30년국채커버드콜(합성),20250131,이익분배,81,.0081,"9,919.22",0.00,현금(배당소득),확정,정액,1818450000,2025/02/03 ~ 2025/02/03,,
KR7473330009,SOL 미국30년국채커버드콜(합성),20241230,이익분배,155,.0155,"10,272.55",0.00,현금(배당소득),확정,정액,3084500000,2025/01/02 ~ 2025/01/02,,
KR7473330009,SOL 미국30년국채커버드콜(합성),20241129,이익분배,95,.0095,"10,179.24",0.00,현금(배당소득),확정,정액,1976000000,2024/12/02 ~ 2024/12/02,,
KR7473330009,SOL 미국30년국채커버드콜(합성),20241031,이익분배,84,.0084,"10,154.13",0.00,현금(배당소득),확정,정액,1659000000,2024/11/01 ~ 2024/11/01,,
KR7473330009,SOL 미국30년국채커버드콜(합성),20240930,이익분배,101,.0101,"10,363.14",0.00,현금(배당소득),확정,정액,1858400000,2024/10/02 ~ 2024/10/02,,
KR7473330009,SOL 미국30년국채커버드콜(합성),20240830,이익분배,85,.0085,"10,435.66",0.00,현금(배당소득),확정,정액,1610750000,2024/09/02 ~ 2024/09/02,,
KR7499150001,SOL 미국S&P500엔화노출(H),20260731,이익분배,10,.001,"10,789.19",0.00,현금(배당소득),확정,정액,5000000,2026/08/03 ~ 2026/08/03,,
KR7499150001,SOL 미국S&P500엔화노출(H),20260630,이익분배,10,.001,"11,503.53",0.00,현금(배당소득),확정,정액,8000000,2026/07/01 ~ 2026/07/01,,
KR7499150001,SOL 미국S&P500엔화노출(H),20260529,이익분배,10,.001,"11,722.86",0.00,현금(배당소득),확정,정액,8000000,2026/06/01 ~ 2026/06/01,,
KR7499150001,SOL 미국S&P500엔화노출(H),20260430,이익분배,10,.001,"11,027.11",0.00,현금(배당소득),확정,정액,8000000,2026/05/04 ~ 2026/05/04,,
KR7499150001,SOL 미국S&P500엔화노출(H),20260331,이익분배,10,.001,"10,208.89",0.00,현금(배당소득),확정,정액,8000000,2026/04/01 ~ 2026/04/01,,
KR7499150001,SOL 미국S&P500엔화노출(H),20260227,이익분배,10,.001,"10,594.45",0.00,현금(배당소득),확정,정액,8000000,2026/03/03 ~ 2026/03/03,,
KR7499150001,SOL 미국S&P500엔화노출(H),20260130,이익분배,10,.001,"10,917.46",0.00,현금(배당소득),확정,정액,8000000,2026/02/02 ~ 2026/02/02,,
KR7499150001,SOL 미국S&P500엔화노출(H),20251230,이익분배,10,.001,"10,791.42",0.00,현금(배당소득),확정,정액,8000000,2026/01/02 ~ 2026/01/02,,
KR7499150001,SOL 미국S&P500엔화노출(H),20251128,이익분배,9,.0009,"10,762.80",0.00,현금(배당소득),확정,정액,7200000,2025/12/01 ~ 2025/12/01,,
KR7499150001,SOL 미국S&P500엔화노출(H),20251031,이익분배,10,.001,"11,022.98",0.00,현금(배당소득),확정,정액,8000000,2025/11/03 ~ 2025/11/03,,
KR7499150001,SOL 미국S&P500엔화노출(H),20250930,이익분배,10,.001,"10,650.34",0.00,현금(배당소득),확정,정액,8000000,2025/10/01 ~ 2025/10/01,,
KR7499150001,SOL 미국S&P500엔화노출(H),20250829,이익분배,9,.0009,"10,506.36",0.00,현금(배당소득),확정,정액,7200000,2025/09/01 ~ 2025/09/01,,
KR7499150001,SOL 미국S&P500엔화노출(H),20250731,이익분배,9,.0009,"10,339.38",0.00,현금(배당소득),확정,정액,7200000,2025/08/01 ~ 2025/08/01,,
KR7499150001,SOL 미국S&P500엔화노출(H),20250630,이익분배,9,.0009,"9,927.09",0.00,현금(배당소득),확정,정액,7200000,2025/07/01 ~ 2025/07/01,,
KR7499150001,SOL 미국S&P500엔화노출(H),20250530,이익분배,9,.0009,"9,828.30",0.00,현금(배당소득),확정,정액,8100000,2025/06/02 ~ 2025/06/02,,
KR7499150001,SOL 미국S&P500엔화노출(H),20250430,이익분배,9,.0009,"9,672.18",0.00,현금(배당소득),확정,정액,9900000,2025/05/02 ~ 2025/05/02,,
KR7499150001,SOL 미국S&P500엔화노출(H),20250331,이익분배,10,.001,"9,721.27",0.00,현금(배당소득),확정,정액,11000000,2025/04/01 ~ 2025/04/01,,
KR7499150001,SOL 미국S&P500엔화노출(H),20250228,이익분배,10,.001,"10,000.85",0.00,현금(배당소득),확정,정액,10000000,2025/03/04 ~ 2025/03/04,,
KR7499150001,SOL 미국S&P500엔화노출(H),20250131,이익분배,10,.001,"9,836.41",0.00,현금(배당소득),확정,정액,11000000,2025/02/03 ~ 2025/02/03,,
KR70083S0002,1Q 미국메디컬AI,20260731,이익분배,19,.0019,"9,426.72",0.00,현금(배당소득),확정,정액,55100000,2026/08/03 ~ 2026/08/03,,
KR70083S0002,1Q 미국메디컬AI,20251031,이익분배,12,.0012,"12,475.43",0.00,현금(배당소득),확정,정액,56400000,2025/11/03 ~ 2025/11/03,,
KR7495330003,1Q 코리아밸류업,20260731,이익분배,15,.00156099916435,"9,662.05",0.00,현금(배당소득),확정,정액,64500000,2026/08/03 ~ 2026/08/03,,
KR7495330003,1Q 코리아밸류업,20260630,이익분배,54,.00561959699164,"9,692.93",0.00,현금(배당소득),확정,정액,232200000,2026/07/01 ~ 2026/07/01,,
KR7495330003,1Q 코리아밸류업,20260529,이익분배,41,.00426673104921,"9,715.46",0.00,현금(배당소득),확정,정액,172200000,2026/06/01 ~ 2026/06/01,,
KR7495330003,1Q 코리아밸류업,20260430,이익분배,31,.00322606493965,"9,719.65",0.00,현금(배당소득),확정,정액,127100000,2026/05/04 ~ 2026/05/04,,
KR7495330003,1Q 코리아밸류업,20260331,이익분배,81,.00842939548746,"9,770.02",0.00,현금(배당소득),확정,정액,340200000,2026/04/01 ~ 2026/04/01,,
KR7495330003,1Q 코리아밸류업,20260227,이익분배,17,.00176913238626,"9,664.67",0.00,현금(배당소득),확정,정액,61200000,2026/03/03 ~ 2026/03/03,,
KR7495330003,1Q 코리아밸류업,20260130,이익분배,10,.00104066610956,"9,657.41",0.00,현금(배당소득),확정,정액,33000000,2026/02/02 ~ 2026/02/02,,
KR7495330003,1Q 코리아밸류업,20251128,이익분배,22,.00228946544104,"9,641.47",0.00,현금(배당소득),확정,정액,74800000,2025/12/01 ~ 2025/12/01,,
KR7495330003,1Q 코리아밸류업,20251031,이익분배,14,.00145693255339,"9,635.81",0.00,현금(배당소득),확정,정액,42000000,2025/11/03 ~ 2025/11/03,,
KR7495330003,1Q 코리아밸류업,20250930,이익분배,28,.00291386510678,"9,654.28",0.00,현금(배당소득),확정,정액,75600000,2025/10/01 ~ 2025/10/01,,
KR7495330003,1Q 코리아밸류업,20250829,이익분배,16,.0016650657753,"9,653.53",0.00,현금(배당소득),확정,정액,41600000,2025/09/01 ~ 2025/09/01,,
KR7495330003,1Q 코리아밸류업,20250731,이익분배,3,.00031219983287,"9,633.63",0.00,현금(배당소득),확정,정액,7800000,2025/08/01 ~ 2025/08/01,,
KR7495330003,1Q 코리아밸류업,20250630,이익분배,90,.00936599498607,"9,711.32",0.00,현금(배당소득),확정,정액,225000000,2025/07/01 ~ 2025/07/01,,
KR7495330003,1Q 코리아밸류업,20250530,이익분배,23,.002393532052,"9,721.96",0.00,현금(배당소득),확정,정액,55200000,2025/06/02 ~ 2025/06/02,,
KR7495330003,1Q 코리아밸류업,20250430,이익분배,23,.002393532052,"9,727.01",0.00,현금(배당소득),확정,정액,55200000,2025/05/02 ~ 2025/05/02,,
KR7495330003,1Q 코리아밸류업,20250331,이익분배,23,.002393532052,"9,731.30",0.00,현금(배당소득),확정,정액,55200000,2025/04/01 ~ 2025/04/01,,
KR7495330003,1Q 코리아밸류업,20250228,이익분배,23,.002393532052,"9,627.55",0.00,현금(배당소득),확정,정액,55200000,2025/03/04 ~ 2025/03/04,,
KR7495330003,1Q 코리아밸류업,20250131,이익분배,23,.002393532052,"9,638.08",0.00,현금(배당소득),확정,정액,55200000,2025/02/03 ~ 2025/02/03,,
KR7495330003,1Q 코리아밸류업,20241230,이익분배,23,.002393532052,"9,608.57",0.00,현금(배당소득),확정,정액,43700000,2025/01/02 ~ 2025/01/02,,
KR7399110006,SOL 미국S&P500ESG,20260731,이익분배,46,.0046,"21,001.44",0.00,현금(배당소득),확정,정액,257600000,2026/08/03 ~ 2026/08/03,,
KR7399110006,SOL 미국S&P500ESG,20260430,이익분배,48,.0048,"20,795.91",0.00,현금(배당소득),확정,정액,283200000,2026/05/04 ~ 2026/05/04,,
KR7399110006,SOL 미국S&P500ESG,20260130,이익분배,48,.0048,"19,598.95",0.00,현금(배당소득),확정,정액,273600000,2026/02/02 ~ 2026/02/02,,
KR7399110006,SOL 미국S&P500ESG,20251031,이익분배,44,.0044,"19,281.91",0.00,현금(배당소득),확정,정액,198000000,2025/11/03 ~ 2025/11/03,,
KR7399110006,SOL 미국S&P500ESG,20250731,이익분배,44,.0044,"17,190.46",0.00,현금(배당소득),확정,정액,202400000,2025/08/01 ~ 2025/08/01,,
KR7399110006,SOL 미국S&P500ESG,20250430,이익분배,36,.0036,"15,416.29",0.00,현금(배당소득),확정,정액,162000000,2025/05/02 ~ 2025/05/02,,
KR7399110006,SOL 미국S&P500ESG,20250131,이익분배,36,.0036,"17,076.44",0.00,현금(배당소득),확정,정액,151200000,2025/02/03 ~ 2025/02/03,,
KR7399110006,SOL 미국S&P500ESG,20241031,이익분배,33,.0033,"16,027.47",0.00,현금(배당소득),확정,정액,108900000,2024/11/01 ~ 2024/11/01,,
KR70040Y0006,SOL 팔란티어커버드콜OTM채권혼합,20260731,이익분배,162,.0162,"9,255.69",0.00,현금(배당소득),확정,정액,7298100000,2026/08/03 ~ 2026/08/03,,
KR70040Y0006,SOL 팔란티어커버드콜OTM채권혼합,20260630,이익분배,162,.0162,"9,071.43",0.00,현금(배당소득),확정,정액,7298100000,2026/07/01 ~ 2026/07/01,,
KR70040Y0006,SOL 팔란티어커버드콜OTM채권혼합,20260529,이익분배,175,.0175,"9,658.81",0.00,현금(배당소득),확정,정액,8006250000,2026/06/01 ~ 2026/06/01,,
KR70040Y0006,SOL 팔란티어커버드콜OTM채권혼합,20260430,이익분배,177,.0177,"9,599.44",0.00,현금(배당소득),확정,정액,8186250000,2026/05/04 ~ 2026/05/04,,
KR70040Y0006,SOL 팔란티어커버드콜OTM채권혼합,20260331,이익분배,190,.019,"9,719.12",0.00,현금(배당소득),확정,정액,7267500000,2026/04/01 ~ 2026/04/01,,
KR70040Y0006,SOL 팔란티어커버드콜OTM채권혼합,20260227,이익분배,185,.0185,"9,234.98",0.00,현금(배당소득),확정,정액,6909750000,2026/03/03 ~ 2026/03/03,,
KR70040Y0006,SOL 팔란티어커버드콜OTM채권혼합,20260130,이익분배,194,.0194,"9,826.45",0.00,현금(배당소득),확정,정액,6809400000,2026/02/02 ~ 2026/02/02,,
KR70040Y0006,SOL 팔란티어커버드콜OTM채권혼합,20251230,이익분배,206,.0206,"10,458.21",0.00,현금(배당소득),확정,정액,5356000000,2026/01/02 ~ 2026/01/02,,
KR70040Y0006,SOL 팔란티어커버드콜OTM채권혼합,20251128,이익분배,200,.02,"9,977.67",0.00,현금(배당소득),확정,정액,4890000000,2025/12/01 ~ 2025/12/01,,
KR70040Y0006,SOL 팔란티어커버드콜OTM채권혼합,20251031,이익분배,210,.021,"10,451.94",0.00,현금(배당소득),확정,정액,4263000000,2025/11/03 ~ 2025/11/03,,
KR70040Y0006,SOL 팔란티어커버드콜OTM채권혼합,20250930,이익분배,210,.021,"10,332.53",0.00,현금(배당소득),확정,정액,3339000000,2025/10/01 ~ 2025/10/01,,
KR70040Y0006,SOL 팔란티어커버드콜OTM채권혼합,20250829,이익분배,210,.021,"10,329.86",0.00,현금(배당소득),확정,정액,2373000000,2025/09/01 ~ 2025/09/01,,
KR70040Y0006,SOL 팔란티어커버드콜OTM채권혼합,20250731,이익분배,240,.024,"10,676.07",0.00,현금(배당소득),확정,정액,1440000000,2025/08/01 ~ 2025/08/01,,
KR70040Y0006,SOL 팔란티어커버드콜OTM채권혼합,20250630,이익분배,230,.023,"10,600.98",0.00,현금(배당소득),확정,정액,460000000,2025/07/01 ~ 2025/07/01,,
KR70040Y0006,SOL 팔란티어커버드콜OTM채권혼합,20250530,이익분배,230,.023,"10,476.58",0.00,현금(배당소득),확정,정액,184000000,2025/06/02 ~ 2025/06/02,,
KR70111P0001,1Q 미국나스닥100미국채혼합50액티브,20260731,이익분배,29,.0029,"10,939.73",0.00,현금(배당소득),확정,정액,785900000,2026/08/03 ~ 2026/08/03,,
KR70111P0001,1Q 미국나스닥100미국채혼합50액티브,20260430,이익분배,29,.0029,"11,057.41",0.00,현금(배당소득),확정,정액,577100000,2026/05/04 ~ 2026/05/04,,
KR70111P0001,1Q 미국나스닥100미국채혼합50액티브,20260130,이익분배,29,.0029,"10,378.32",0.00,현금(배당소득),확정,정액,548100000,2026/02/02 ~ 2026/02/02,,
KR7494210008,SOL 미국500타겟데일리커버드콜액티브,20260731,이익분배,112,.0112,"11,367.18",0.00,현금(배당소득),확정,정액,78400000,2026/08/03 ~ 2026/08/03,,
KR7494210008,SOL 미국500타겟데일리커버드콜액티브,20260630,이익분배,120,.012,"12,127.94",0.00,현금(배당소득),확정,정액,96000000,2026/07/01 ~ 2026/07/01,,
KR7494210008,SOL 미국500타겟데일리커버드콜액티브,20260529,이익분배,121,.0121,"12,268.04",0.00,현금(배당소득),확정,정액,96800000,2026/06/01 ~ 2026/06/01,,
KR7494210008,SOL 미국500타겟데일리커버드콜액티브,20260430,이익분배,113,.0113,"11,605.41",0.00,현금(배당소득),확정,정액,90400000,2026/05/04 ~ 2026/05/04,,
KR7494210008,SOL 미국500타겟데일리커버드콜액티브,20260331,이익분배,107,.0107,"10,814.30",0.00,현금(배당소득),확정,정액,85600000,2026/04/01 ~ 2026/04/01,,
KR7494210008,SOL 미국500타겟데일리커버드콜액티브,20260227,이익분배,108,.0108,"11,026.78",0.00,현금(배당소득),확정,정액,86400000,2026/03/03 ~ 2026/03/03,,
KR7494210008,SOL 미국500타겟데일리커버드콜액티브,20260130,이익분배,111,.0111,"11,225.37",0.00,현금(배당소득),확정,정액,88800000,2026/02/02 ~ 2026/02/02,,
KR7494210008,SOL 미국500타겟데일리커버드콜액티브,20251230,이익분배,112,.0112,"11,395.67",0.00,현금(배당소득),확정,정액,89600000,2026/01/02 ~ 2026/01/02,,
KR7494210008,SOL 미국500타겟데일리커버드콜액티브,20251128,이익분배,111,.0111,"11,416.49",0.00,현금(배당소득),확정,정액,88800000,2025/12/01 ~ 2025/12/01,,
KR7494210008,SOL 미국500타겟데일리커버드콜액티브,20251031,이익분배,112,.0112,"11,473.68",0.00,현금(배당소득),확정,정액,89600000,2025/11/03 ~ 2025/11/03,,
KR7494210008,SOL 미국500타겟데일리커버드콜액티브,20250930,이익분배,107,.0107,"10,963.51",0.00,현금(배당소득),확정,정액,85600000,2025/10/01 ~ 2025/10/01,,
KR7494210008,SOL 미국500타겟데일리커버드콜액티브,20250829,이익분배,104,.0104,"10,716.32",0.00,현금(배당소득),확정,정액,93600000,2025/09/01 ~ 2025/09/01,,
KR7494210008,SOL 미국500타겟데일리커버드콜액티브,20250731,이익분배,103,.0103,"10,651.08",0.00,현금(배당소득),확정,정액,92700000,2025/08/01 ~ 2025/08/01,,
KR7494210008,SOL 미국500타겟데일리커버드콜액티브,20250630,이익분배,98,.0098,"9,925.06",0.00,현금(배당소득),확정,정액,98000000,2025/07/01 ~ 2025/07/01,,
KR7494210008,SOL 미국500타겟데일리커버드콜액티브,20250530,이익분배,94,.0094,"9,770.16",0.00,현금(배당소득),확정,정액,94000000,2025/06/02 ~ 2025/06/02,,
KR7494210008,SOL 미국500타겟데일리커버드콜액티브,20250430,이익분배,95,.0095,"9,546.19",0.00,현금(배당소득),확정,정액,95000000,2025/05/02 ~ 2025/05/02,,
KR7494210008,SOL 미국500타겟데일리커버드콜액티브,20250331,이익분배,105,.0105,"10,157.76",0.00,현금(배당소득),확정,정액,105000000,2025/04/01 ~ 2025/04/01,,
KR7494210008,SOL 미국500타겟데일리커버드콜액티브,20250228,이익분배,110,.011,"10,449.67",0.00,현금(배당소득),확정,정액,110000000,2025/03/04 ~ 2025/03/04,,
KR7494210008,SOL 미국500타겟데일리커버드콜액티브,20250131,이익분배,110,.011,"10,818.54",0.00,현금(배당소득),확정,정액,110000000,2025/02/03 ~ 2025/02/03,,
KR7494210008,SOL 미국500타겟데일리커버드콜액티브,20241230,이익분배,110,.011,"11,041.90",0.00,현금(배당소득),확정,정액,99000000,2025/01/02 ~ 2025/01/02,,
KR7494210008,SOL 미국500타겟데일리커버드콜액티브,20241129,이익분배,160,.016,"10,668.80",0.00,현금(배당소득),확정,정액,128000000,2024/12/02 ~ 2024/12/02,,
KR7292500006,SOL KRX300,20260731,이익분배,40,.004,"15,216.04",0.00,현금(배당소득),확정,정액,20000000,2026/08/03 ~ 2026/08/03,,
KR7292500006,SOL KRX300,20260430,이익분배,200,.02,"15,364.54",0.00,현금(배당소득),확정,정액,100000000,2026/05/04 ~ 2026/05/04,,
KR7292500006,SOL KRX300,20260130,이익분배,75,.0075,"15,242.38",0.00,현금(배당소득),확정,정액,37500000,2026/02/02 ~ 2026/02/02,,
KR7292500006,SOL KRX300,20251031,이익분배,28,.0028,"15,190.56",0.00,현금(배당소득),확정,정액,14000000,2025/11/03 ~ 2025/11/03,,
KR7292500006,SOL KRX300,20250731,이익분배,40,.004,"15,176.25",0.00,현금(배당소득),확정,정액,20000000,2025/08/01 ~ 2025/08/01,,
KR7292500006,SOL KRX300,20250430,이익분배,135,.0135,"15,266.00",0.00,현금(배당소득),확정,정액,67500000,2025/05/02 ~ 2025/05/02,,
KR7292500006,SOL KRX300,20250131,이익분배,41,.0041,"15,132.35",0.00,현금(배당소득),확정,정액,20500000,2025/02/03 ~ 2025/02/03,,
KR7292500006,SOL KRX300,20241031,이익분배,32,.0032,"15,107.24",0.00,현금(배당소득),확정,정액,22400000,2024/11/01 ~ 2024/11/01,,
KR70186S0008,1Q 코스닥150채권혼합50액티브,20260731,이익분배,20,.002,"10,017.04",0.00,현금(배당소득),확정,정액,83000000,2026/08/03 ~ 2026/08/03,,
KR70184E0006,1Q 200채권혼합50액티브,20260731,이익분배,30,.003,"10,034.67",0.00,현금(배당소득),확정,정액,75000000,2026/08/03 ~ 2026/08/03,,
KR7451060008,1Q 200액티브,20260731,이익분배,31,.00308138228821,"10,492.66",0.00,현금(배당소득),확정,정액,385950000,2026/08/03 ~ 2026/08/03,,
KR7451060008,1Q 200액티브,20260430,이익분배,143,.01421411829725,"10,577.56",0.00,현금(배당소득),확정,정액,1522950000,2026/05/04 ~ 2026/05/04,,
KR7451060008,1Q 200액티브,20260130,이익분배,212,.02107267887424,"10,636.82",0.00,현금(배당소득),확정,정액,1621800000,2026/02/02 ~ 2026/02/02,,
KR7451060008,1Q 200액티브,20251031,이익분배,39,.00387657771743,"10,610.21",0.00,현금(배당소득),확정,정액,345150000,2025/11/03 ~ 2025/11/03,,
KR70094X0002,1Q 샤오미밸류체인액티브,20260731,이익분배,61,.0061,"8,704.21",0.00,현금(배당소득),확정,정액,54900000,2026/08/03 ~ 2026/08/03,,
KR70094X0002,1Q 샤오미밸류체인액티브,20260130,이익분배,10,.001,"9,929.11",0.00,현금(배당소득),확정,정액,23000000,2026/02/02 ~ 2026/02/02,,
KR70040X0007,SOL 팔란티어미국채커버드콜혼합,20260731,이익분배,141,.0141,"9,459.10",0.00,현금(배당소득),확정,정액,2735400000,2026/08/03 ~ 2026/08/03,,
KR70040X0007,SOL 팔란티어미국채커버드콜혼합,20260630,이익분배,147,.0147,"9,717.10",0.00,현금(배당소득),확정,정액,2829750000,2026/07/01 ~ 2026/07/01,,
KR70040X0007,SOL 팔란티어미국채커버드콜혼합,20260529,이익분배,150,.015,"10,152.26",0.00,현금(배당소득),확정,정액,3270000000,2026/06/01 ~ 2026/06/01,,
KR70040X0007,SOL 팔란티어미국채커버드콜혼합,20260430,이익분배,175,.0175,"10,335.18",0.00,현금(배당소득),확정,정액,4165000000,2026/05/04 ~ 2026/05/04,,
KR70040X0007,SOL 팔란티어미국채커버드콜혼합,20260331,이익분배,210,.021,"10,794.83",0.00,현금(배당소득),확정,정액,4441500000,2026/04/01 ~ 2026/04/01,,
KR70040X0007,SOL 팔란티어미국채커버드콜혼합,20260227,이익분배,205,.0205,"10,032.06",0.00,현금(배당소득),확정,정액,4243500000,2026/03/03 ~ 2026/03/03,,
KR70040X0007,SOL 팔란티어미국채커버드콜혼합,20260130,이익분배,225,.0225,"10,846.14",0.00,현금(배당소득),확정,정액,4421250000,2026/02/02 ~ 2026/02/02,,
KR70040X0007,SOL 팔란티어미국채커버드콜혼합,20251230,이익분배,250,.025,"11,774.97",0.00,현금(배당소득),확정,정액,3187500000,2026/01/02 ~ 2026/01/02,,
KR70040X0007,SOL 팔란티어미국채커버드콜혼합,20251128,이익분배,250,.025,"11,720.28",0.00,현금(배당소득),확정,정액,2012500000,2025/12/01 ~ 2025/12/01,,
KR70040X0007,SOL 팔란티어미국채커버드콜혼합,20251031,이익분배,250,.025,"12,302.40",0.00,현금(배당소득),확정,정액,1387500000,2025/11/03 ~ 2025/11/03,,
KR70040X0007,SOL 팔란티어미국채커버드콜혼합,20250930,이익분배,150,.015,"11,831.12",0.00,현금(배당소득),확정,정액,645000000,2025/10/01 ~ 2025/10/01,,
KR70040X0007,SOL 팔란티어미국채커버드콜혼합,20250829,이익분배,150,.015,"11,325.66",0.00,현금(배당소득),확정,정액,465000000,2025/09/01 ~ 2025/09/01,,
KR70040X0007,SOL 팔란티어미국채커버드콜혼합,20250731,이익분배,150,.015,"11,202.83",0.00,현금(배당소득),확정,정액,292500000,2025/08/01 ~ 2025/08/01,,
KR70040X0007,SOL 팔란티어미국채커버드콜혼합,20250630,이익분배,150,.015,"10,814.13",0.00,현금(배당소득),확정,정액,195000000,2025/07/01 ~ 2025/07/01,,
KR70040X0007,SOL 팔란티어미국채커버드콜혼합,20250530,이익분배,150,.015,"10,469.44",0.00,현금(배당소득),확정,정액,165000000,2025/06/02 ~ 2025/06/02,,
KR7411540008,SOL 200 Top10,20260731,이익분배,23,.0023,"10,218.84",0.00,현금(배당소득),확정,정액,34500000,2026/08/03 ~ 2026/08/03,,
KR7411540008,SOL 200 Top10,20260430,이익분배,35,.0035,"10,232.46",0.00,현금(배당소득),확정,정액,63000000,2026/05/04 ~ 2026/05/04,,
KR7411540008,SOL 200 Top10,20260130,이익분배,10,.001,"10,142.81",0.00,현금(배당소득),확정,정액,33000000,2026/02/02 ~ 2026/02/02,,
KR7411540008,SOL 200 Top10,20251031,이익분배,29,.0029,"10,151.71",0.00,현금(배당소득),확정,정액,26100000,2025/11/03 ~ 2025/11/03,,
KR7411540008,SOL 200 Top10,20250731,이익분배,100,.01,"10,236.11",0.00,현금(배당소득),확정,정액,90000000,2025/08/01 ~ 2025/08/01,,
KR7411540008,SOL 200 Top10,20250430,이익분배,55,.0055,"10,267.19",0.00,현금(배당소득),확정,정액,44000000,2025/05/02 ~ 2025/05/02,,
KR7411540008,SOL 200 Top10,20250131,이익분배,20,.002,"10,191.63",0.00,현금(배당소득),확정,정액,20000000,2025/02/03 ~ 2025/02/03,,
KR7411540008,SOL 200 Top10,20241031,이익분배,16,.0016,"10,202.71",0.00,현금(배당소득),확정,정액,22400000,2024/11/01 ~ 2024/11/01,,
KR7497880005,SOL CD금리&머니마켓액티브,20260731,이익분배,140,.0028,"50,164.42",0.00,현금(배당소득),확정,정액,733040000,2026/08/03 ~ 2026/08/03,,
KR7497880005,SOL CD금리&머니마켓액티브,20260630,이익분배,130,.0026,"50,142.12",0.00,현금(배당소득),확정,정액,642460000,2026/07/01 ~ 2026/07/01,,
KR7497880005,SOL CD금리&머니마켓액티브,20260529,이익분배,125,.0025,"50,135.50",0.00,현금(배당소득),확정,정액,624000000,2026/06/01 ~ 2026/06/01,,
KR7497880005,SOL CD금리&머니마켓액티브,20260430,이익분배,145,.0029,"50,156.96",0.00,현금(배당소득),확정,정액,687590000,2026/05/04 ~ 2026/05/04,,
KR7497880005,SOL CD금리&머니마켓액티브,20260331,이익분배,130,.0026,"50,140.85",0.00,현금(배당소득),확정,정액,564980000,2026/04/01 ~ 2026/04/01,,
KR7497880005,SOL CD금리&머니마켓액티브,20260227,이익분배,120,.0024,"50,122.96",0.00,현금(배당소득),확정,정액,450720000,2026/03/03 ~ 2026/03/03,,
KR7497880005,SOL CD금리&머니마켓액티브,20260130,이익분배,145,.0029,"50,148.60",0.00,현금(배당소득),확정,정액,423400000,2026/02/02 ~ 2026/02/02,,
KR7497880005,SOL CD금리&머니마켓액티브,20251230,이익분배,130,.0026,"50,143.72",0.00,현금(배당소득),확정,정액,350220000,2026/01/02 ~ 2026/01/02,,
KR7497880005,SOL CD금리&머니마켓액티브,20251128,이익분배,105,.0021,"50,111.35",0.00,현금(배당소득),확정,정액,245490000,2025/12/01 ~ 2025/12/01,,
KR7497880005,SOL CD금리&머니마켓액티브,20251031,이익분배,115,.0023,"50,124.87",0.00,현금(배당소득),확정,정액,221950000,2025/11/03 ~ 2025/11/03,,
KR7497880005,SOL CD금리&머니마켓액티브,20250930,이익분배,115,.0023,"50,126.24",0.00,현금(배당소득),확정,정액,214130000,2025/10/01 ~ 2025/10/01,,
KR7497880005,SOL CD금리&머니마켓액티브,20250829,이익분배,115,.0023,"50,124.85",0.00,현금(배당소득),확정,정액,204930000,2025/09/01 ~ 2025/09/01,,
KR7497880005,SOL CD금리&머니마켓액티브,20250731,이익분배,125,.0025,"50,136.82",0.00,현금(배당소득),확정,정액,197750000,2025/08/01 ~ 2025/08/01,,
KR7497880005,SOL CD금리&머니마켓액티브,20250630,이익분배,130,.0026,"50,138.22",0.00,현금(배당소득),확정,정액,169780000,2025/07/01 ~ 2025/07/01,,
KR7497880005,SOL CD금리&머니마켓액티브,20250530,이익분배,125,.0025,"50,137.37",0.00,현금(배당소득),확정,정액,162250000,2025/06/02 ~ 2025/06/02,,
KR7497880005,SOL CD금리&머니마켓액티브,20250430,이익분배,150,.003,"50,154.17",0.00,현금(배당소득),확정,정액,182400000,2025/05/02 ~ 2025/05/02,,
KR7497880005,SOL CD금리&머니마켓액티브,20250331,이익분배,135,.0027,"50,140.01",0.00,현금(배당소득),확정,정액,155250000,2025/04/01 ~ 2025/04/01,,
KR7497880005,SOL CD금리&머니마켓액티브,20250228,이익분배,150,.003,"50,163.82",0.00,현금(배당소득),확정,정액,207000000,2025/03/04 ~ 2025/03/04,,
KR7497880005,SOL CD금리&머니마켓액티브,20250131,이익분배,135,.0027,"50,144.86",0.00,현금(배당소득),확정,정액,210870000,2025/02/03 ~ 2025/02/03,,
KR7497880005,SOL CD금리&머니마켓액티브,20241230,이익분배,180,.0036,"50,168.21",0.00,현금(배당소득),확정,정액,236880000,2025/01/02 ~ 2025/01/02,,
KR7476030002,SOL 미국나스닥100,20260731,이익분배,17,.0017,"16,859.13",0.00,현금(배당소득),확정,정액,128350000,2026/08/03 ~ 2026/08/03,,
KR7476030002,SOL 미국나스닥100,20260430,이익분배,22,.0022,"16,876.95",0.00,현금(배당소득),확정,정액,128700000,2026/05/04 ~ 2026/05/04,,
KR7476030002,SOL 미국나스닥100,20260130,이익분배,19,.0019,"15,488.42",0.00,현금(배당소득),확정,정액,97850000,2026/02/02 ~ 2026/02/02,,
KR7476030002,SOL 미국나스닥100,20251031,이익분배,18,.0018,"15,651.41",0.00,현금(배당소득),확정,정액,70200000,2025/11/03 ~ 2025/11/03,,
KR7476030002,SOL 미국나스닥100,20250731,이익분배,20,.002,"13,669.06",0.00,현금(배당소득),확정,정액,72000000,2025/08/01 ~ 2025/08/01,,
KR7476030002,SOL 미국나스닥100,20250430,이익분배,16,.0016,"11,805.77",0.00,현금(배당소득),확정,정액,60000000,2025/05/02 ~ 2025/05/02,,
KR7476030002,SOL 미국나스닥100,20250131,이익분배,25,.0025,"13,238.20",0.00,현금(배당소득),확정,정액,76250000,2025/02/03 ~ 2025/02/03,,
KR7476030002,SOL 미국나스닥100,20241031,이익분배,25,.0025,"11,920.78",0.00,현금(배당소득),확정,정액,60000000,2024/11/01 ~ 2024/11/01,,
KR7446720005,SOL 미국배당다우존스,20260731,이익분배,35,.0035,"14,617.50",0.00,현금(배당소득),확정,정액,2569000000,2026/08/03 ~ 2026/08/03,,
KR7446720005,SOL 미국배당다우존스,20260630,이익분배,42,.0042,"14,652.77",0.00,현금(배당소득),확정,정액,3003000000,2026/07/01 ~ 2026/07/01,,
KR7446720005,SOL 미국배당다우존스,20260529,이익분배,33,.0033,"14,598.98",0.00,현금(배당소득),확정,정액,2310000000,2026/06/01 ~ 2026/06/01,,
KR7446720005,SOL 미국배당다우존스,20260430,이익분배,30,.003,"13,716.57",0.00,현금(배당소득),확정,정액,2103000000,2026/05/04 ~ 2026/05/04,,
KR7446720005,SOL 미국배당다우존스,20260331,이익분배,33,.0033,"13,854.17",0.00,현금(배당소득),확정,정액,2267100000,2026/04/01 ~ 2026/04/01,,
KR7446720005,SOL 미국배당다우존스,20260227,이익분배,35,.0035,"13,527.34",0.00,현금(배당소득),확정,정액,2380000000,2026/03/03 ~ 2026/03/03,,
KR7446720005,SOL 미국배당다우존스,20260130,이익분배,30,.003,"12,561.61",0.00,현금(배당소득),확정,정액,2013000000,2026/02/02 ~ 2026/02/02,,
KR7446720005,SOL 미국배당다우존스,20251230,이익분배,37,.0037,"12,031.39",0.00,현금(배당소득),확정,정액,2349500000,2026/01/02 ~ 2026/01/02,,
KR7446720005,SOL 미국배당다우존스,20251128,이익분배,35,.0035,"12,022.37",0.00,현금(배당소득),확정,정액,2275000000,2025/12/01 ~ 2025/12/01,,
KR7446720005,SOL 미국배당다우존스,20251031,이익분배,34,.0034,"11,667.51",0.00,현금(배당소득),확정,정액,2305200000,2025/11/03 ~ 2025/11/03,,
KR7446720005,SOL 미국배당다우존스,20250930,이익분배,35,.0035,"11,549.29",0.00,현금(배당소득),확정,정액,2467500000,2025/10/01 ~ 2025/10/01,,
KR7446720005,SOL 미국배당다우존스,20250829,이익분배,32,.0032,"11,659.10",0.00,현금(배당소득),확정,정액,2281600000,2025/09/01 ~ 2025/09/01,,
KR7446720005,SOL 미국배당다우존스,20250731,이익분배,28,.0028,"11,426.43",0.00,현금(배당소득),확정,정액,2032800000,2025/08/01 ~ 2025/08/01,,
KR7446720005,SOL 미국배당다우존스,20250630,이익분배,33,.0033,"10,799.43",0.00,현금(배당소득),확정,정액,2379300000,2025/07/01 ~ 2025/07/01,,
KR7446720005,SOL 미국배당다우존스,20250530,이익분배,30,.003,"10,902.64",0.00,현금(배당소득),확정,정액,2178000000,2025/06/02 ~ 2025/06/02,,
KR7446720005,SOL 미국배당다우존스,20250430,이익분배,26,.0026,"11,188.70",0.00,현금(배당소득),확정,정액,1814800000,2025/05/02 ~ 2025/05/02,,
KR7446720005,SOL 미국배당다우존스,20250331,이익분배,38,.0038,"12,310.72",0.00,현금(배당소득),확정,정액,2546000000,2025/04/01 ~ 2025/04/01,,
KR7446720005,SOL 미국배당다우존스,20250228,이익분배,32,.0032,"12,266.97",0.00,현금(배당소득),확정,정액,2131200000,2025/03/04 ~ 2025/03/04,,
KR7446720005,SOL 미국배당다우존스,20250131,이익분배,42,.0042,"12,139.08",0.00,현금(배당소득),확정,정액,2881200000,2025/02/03 ~ 2025/02/03,,
KR7446720005,SOL 미국배당다우존스,20241230,이익분배,35,.0035,"12,248.77",0.00,현금(배당소득),확정,정액,2289000000,2025/01/02 ~ 2025/01/02,,
KR7446720005,SOL 미국배당다우존스,20241129,이익분배,46,.0046,"12,404.25",0.00,현금(배당소득),확정,정액,2838200000,2024/12/02 ~ 2024/12/02,,
KR7446720005,SOL 미국배당다우존스,20241031,이익분배,32,.0032,"11,884.60",0.00,현금(배당소득),확정,정액,1910400000,2024/11/01 ~ 2024/11/01,,
KR7446720005,SOL 미국배당다우존스,20240930,이익분배,30,.003,"11,227.83",0.00,현금(배당소득),확정,정액,1740000000,2024/10/02 ~ 2024/10/02,,
KR7446720005,SOL 미국배당다우존스,20240830,이익분배,35,.0035,"11,276.94",0.00,현금(배당소득),확정,정액,2002000000,2024/09/02 ~ 2024/09/02,,
KR7433330008,SOL 미국S&P500,20260731,이익분배,12,.0012,"22,293.88",0.00,현금(배당소득),확정,정액,156000000,2026/08/03 ~ 2026/08/03,,
KR7433330008,SOL 미국S&P500,20260630,이익분배,24,.0024,"23,389.93",0.00,현금(배당소득),확정,정액,300000000,2026/07/01 ~ 2026/07/01,,
KR7433330008,SOL 미국S&P500,20260529,이익분배,18,.0018,"23,420.86",0.00,현금(배당소득),확정,정액,237600000,2026/06/01 ~ 2026/06/01,,
KR7433330008,SOL 미국S&P500,20260430,이익분배,10,.001,"21,940.40",0.00,현금(배당소득),확정,정액,129000000,2026/05/04 ~ 2026/05/04,,
KR7433330008,SOL 미국S&P500,20260331,이익분배,21,.0021,"20,305.63",0.00,현금(배당소득),확정,정액,277200000,2026/04/01 ~ 2026/04/01,,
KR7433330008,SOL 미국S&P500,20260227,이익분배,14,.0014,"20,461.65",0.00,현금(배당소득),확정,정액,151200000,2026/03/03 ~ 2026/03/03,,
KR7433330008,SOL 미국S&P500,20260130,이익분배,12,.0012,"20,619.14",0.00,현금(배당소득),확정,정액,126000000,2026/02/02 ~ 2026/02/02,,
KR7433330008,SOL 미국S&P500,20251230,이익분배,19,.0019,"20,751.10",0.00,현금(배당소득),확정,정액,178600000,2026/01/02 ~ 2026/01/02,,
KR7433330008,SOL 미국S&P500,20251128,이익분배,17,.0017,"20,616.92",0.00,현금(배당소득),확정,정액,156400000,2025/12/01 ~ 2025/12/01,,
KR7433330008,SOL 미국S&P500,20251031,이익분배,11,.0011,"20,509.67",0.00,현금(배당소득),확정,정액,95700000,2025/11/03 ~ 2025/11/03,,
KR7433330008,SOL 미국S&P500,20250930,이익분배,19,.0019,"19,406.46",0.00,현금(배당소득),확정,정액,159600000,2025/10/01 ~ 2025/10/01,,
KR7433330008,SOL 미국S&P500,20250829,이익분배,16,.0016,"18,787.12",0.00,현금(배당소득),확정,정액,134400000,2025/09/01 ~ 2025/09/01,,
KR7433330008,SOL 미국S&P500,20250731,이익분배,10,.001,"18,491.22",0.00,현금(배당소득),확정,정액,84000000,2025/08/01 ~ 2025/08/01,,
KR7433330008,SOL 미국S&P500,20250630,이익분배,17,.0017,"17,212.54",0.00,현금(배당소득),확정,정액,144500000,2025/07/01 ~ 2025/07/01,,
KR7433330008,SOL 미국S&P500,20250530,이익분배,16,.0016,"16,975.14",0.00,현금(배당소득),확정,정액,134400000,2025/06/02 ~ 2025/06/02,,
KR7433330008,SOL 미국S&P500,20250430,이익분배,11,.0011,"16,589.30",0.00,현금(배당소득),확정,정액,91300000,2025/05/02 ~ 2025/05/02,,
KR7433330008,SOL 미국S&P500,20250331,이익분배,18,.0018,"17,426.69",0.00,현금(배당소득),확정,정액,142200000,2025/04/01 ~ 2025/04/01,,
KR7433330008,SOL 미국S&P500,20250228,이익분배,16,.0016,"17,774.76",0.00,현금(배당소득),확정,정액,124800000,2025/03/04 ~ 2025/03/04,,
KR7433330008,SOL 미국S&P500,20250131,이익분배,11,.0011,"18,214.23",0.00,현금(배당소득),확정,정액,84700000,2025/02/03 ~ 2025/02/03,,
KR7433330008,SOL 미국S&P500,20241230,이익분배,17,.0017,"18,425.40",0.00,현금(배당소득),확정,정액,122400000,2025/01/02 ~ 2025/01/02,,
KR7433330008,SOL 미국S&P500,20241129,이익분배,18,.0018,"17,528.17",0.00,현금(배당소득),확정,정액,122400000,2024/12/02 ~ 2024/12/02,,
KR7433330008,SOL 미국S&P500,20241031,이익분배,11,.0011,"16,817.91",0.00,현금(배당소득),확정,정액,71500000,2024/11/01 ~ 2024/11/01,,
KR7433330008,SOL 미국S&P500,20240930,이익분배,12,.0012,"15,823.43",0.00,현금(배당소득),확정,정액,76800000,2024/10/02 ~ 2024/10/02,,
KR7433330008,SOL 미국S&P500,20240830,이익분배,17,.0017,"15,700.76",0.00,현금(배당소득),확정,정액,108800000,2024/09/02 ~ 2024/09/02,,
KR70192S0000,SOL 코스피200채권혼합50,20260731,이익분배,10,.001,"9,815.68",0.00,현금(배당소득),확정,정액,20000000,2026/08/03 ~ 2026/08/03,,
KR70192S0000,SOL 코스피200채권혼합50,20260630,이익분배,14,.0014,"9,825.51",0.00,현금(배당소득),확정,정액,26600000,2026/07/01 ~ 2026/07/01,,
KR70152E0004,SOL 배당성향탑픽액티브,20260731,이익분배,50,.005,"10,126.63",0.00,현금(배당소득),확정,정액,122500000,2026/08/03 ~ 2026/08/03,,
KR70152E0004,SOL 배당성향탑픽액티브,20260630,이익분배,50,.005,"10,130.47",0.00,현금(배당소득),확정,정액,135000000,2026/07/01 ~ 2026/07/01,,
KR70152E0004,SOL 배당성향탑픽액티브,20260529,이익분배,50,.005,"10,183.00",0.00,현금(배당소득),확정,정액,167500000,2026/06/01 ~ 2026/06/01,,
KR70152E0004,SOL 배당성향탑픽액티브,20260430,이익분배,50,.005,"10,230.69",0.00,현금(배당소득),확정,정액,195000000,2026/05/04 ~ 2026/05/04,,
KR70152E0004,SOL 배당성향탑픽액티브,20260331,이익분배,50,.005,"10,215.59",0.00,현금(배당소득),확정,정액,215000000,2026/04/01 ~ 2026/04/01,,
KR70152E0004,SOL 배당성향탑픽액티브,20260227,이익분배,70,.007,"9,945.98",0.00,현금(배당소득),확정,정액,332500000,2026/03/03 ~ 2026/03/03,,
KR70022T0005,SOL 국제금커버드콜액티브,20260731,이익분배,44,.0044,"12,817.19",0.00,현금(배당소득),확정,정액,228800000,2026/08/03 ~ 2026/08/03,,
KR70022T0005,SOL 국제금커버드콜액티브,20260630,이익분배,46,.0046,"13,572.82",0.00,현금(배당소득),확정,정액,257600000,2026/07/01 ~ 2026/07/01,,
KR70022T0005,SOL 국제금커버드콜액티브,20260529,이익분배,50,.005,"14,860.01",0.00,현금(배당소득),확정,정액,280000000,2026/06/01 ~ 2026/06/01,,
KR70022T0005,SOL 국제금커버드콜액티브,20260430,이익분배,51,.0051,"15,177.81",0.00,현금(배당소득),확정,정액,285600000,2026/05/04 ~ 2026/05/04,,
KR70022T0005,SOL 국제금커버드콜액티브,20260331,이익분배,51,.0051,"14,527.16",0.00,현금(배당소득),확정,정액,275400000,2026/04/01 ~ 2026/04/01,,
KR70022T0005,SOL 국제금커버드콜액티브,20260227,이익분배,56,.0056,"16,337.43",0.00,현금(배당소득),확정,정액,285600000,2026/03/03 ~ 2026/03/03,,
KR70022T0005,SOL 국제금커버드콜액티브,20260130,이익분배,55,.0055,"16,279.97",0.00,현금(배당소득),확정,정액,269500000,2026/02/02 ~ 2026/02/02,,
KR70022T0005,SOL 국제금커버드콜액티브,20251230,이익분배,49,.0049,"14,434.64",0.00,현금(배당소득),확정,정액,200900000,2026/01/02 ~ 2026/01/02,,
KR70022T0005,SOL 국제금커버드콜액티브,20251128,이익분배,46,.0046,"13,600.06",0.00,현금(배당소득),확정,정액,170200000,2025/12/01 ~ 2025/12/01,,
KR70022T0005,SOL 국제금커버드콜액티브,20251031,이익분배,43,.0043,"12,780.42",0.00,현금(배당소득),확정,정액,163400000,2025/11/03 ~ 2025/11/03,,
KR70022T0005,SOL 국제금커버드콜액티브,20250930,이익분배,40,.004,"12,065.09",0.00,현금(배당소득),확정,정액,116000000,2025/10/01 ~ 2025/10/01,,
KR70022T0005,SOL 국제금커버드콜액티브,20250829,이익분배,37,.0037,"10,946.58",0.00,현금(배당소득),확정,정액,92500000,2025/09/01 ~ 2025/09/01,,
KR70022T0005,SOL 국제금커버드콜액티브,20250731,이익분배,36,.0036,"10,714.25",0.00,현금(배당소득),확정,정액,82800000,2025/08/01 ~ 2025/08/01,,
KR70022T0005,SOL 국제금커버드콜액티브,20250630,이익분배,36,.0036,"10,515.43",0.00,현금(배당소득),확정,정액,79200000,2025/07/01 ~ 2025/07/01,,
KR70022T0005,SOL 국제금커버드콜액티브,20250530,이익분배,36,.0036,"10,608.88",0.00,현금(배당소득),확정,정액,79200000,2025/06/02 ~ 2025/06/02,,
KR70022T0005,SOL 국제금커버드콜액티브,20250430,이익분배,40,.004,"11,169.74",0.00,현금(배당소득),확정,정액,80000000,2025/05/02 ~ 2025/05/02,,
KR7424460004,HANARO 글로벌워터MSCI(합성),20260720,청산분배,16117.97125,1.611797125,"16,117.97",0.00,현금(배당소득),확정,정액,3223594250,2026/07/21 ~ 2026/07/21,1차최종청산분배금,
KR7424460004,HANARO 글로벌워터MSCI(합성),20251230,이익분배,40,.004,"15,399.49",0.00,현금(배당소득),확정,정액,24000000,2026/01/05 ~ 2026/01/05,,
KR70008S0004,TIGER 미국배당다우존스타겟데일리커버드콜,20260715,이익분배,104,.0104,"11,360.67",0.00,현금(배당소득),확정,정액,2735200000,2026/07/20 ~ 2026/07/20,,
KR70008S0004,TIGER 미국배당다우존스타겟데일리커버드콜,20260615,이익분배,106,.0106,"11,525.27",0.00,현금(배당소득),확정,정액,2544000000,2026/06/17 ~ 2026/06/17,,
KR70008S0004,TIGER 미국배당다우존스타겟데일리커버드콜,20260515,이익분배,102,.0102,"11,210.66",0.00,현금(배당소득),확정,정액,2351100000,2026/05/19 ~ 2026/05/19,,
KR70008S0004,TIGER 미국배당다우존스타겟데일리커버드콜,20260415,이익분배,101,.0101,"10,941.57",0.00,현금(배당소득),확정,정액,2105850000,2026/04/17 ~ 2026/04/17,,
KR70008S0004,TIGER 미국배당다우존스타겟데일리커버드콜,20260313,이익분배,101,.0101,"10,945.89",0.00,현금(배당소득),확정,정액,1893750000,2026/03/17 ~ 2026/03/17,,
KR70008S0004,TIGER 미국배당다우존스타겟데일리커버드콜,20260213,이익분배,102,.0102,"11,053.45",0.00,현금(배당소득),확정,정액,1851300000,2026/02/20 ~ 2026/02/20,,
KR70008S0004,TIGER 미국배당다우존스타겟데일리커버드콜,20260115,이익분배,95,.0095,"10,397.49",0.00,현금(배당소득),확정,정액,1691000000,2026/01/19 ~ 2026/01/19,,
KR70008S0004,TIGER 미국배당다우존스타겟데일리커버드콜,20251215,이익분배,91,.0091,"10,205.62",0.00,현금(배당소득),확정,정액,1542450000,2025/12/17 ~ 2025/12/17,,
KR70008S0004,TIGER 미국배당다우존스타겟데일리커버드콜,20251114,이익분배,89,.0089,"9,946.46",0.00,현금(배당소득),확정,정액,1544150000,2025/11/18 ~ 2025/11/18,,
KR70008S0004,TIGER 미국배당다우존스타겟데일리커버드콜,20251015,이익분배,87,.0087,"9,496.60",0.00,현금(배당소득),확정,정액,1631250000,2025/10/17 ~ 2025/10/17,,
KR70008S0004,TIGER 미국배당다우존스타겟데일리커버드콜,20250915,이익분배,88,.0088,"9,517.68",0.00,현금(배당소득),확정,정액,1663200000,2025/09/17 ~ 2025/09/17,,
KR70008S0004,TIGER 미국배당다우존스타겟데일리커버드콜,20250814,이익분배,88,.0088,"9,287.36",0.00,현금(배당소득),확정,정액,1663200000,2025/08/19 ~ 2025/08/19,,
KR70008S0004,TIGER 미국배당다우존스타겟데일리커버드콜,20250715,이익분배,88,.0088,"9,425.82",0.00,현금(배당소득),확정,정액,1632400000,2025/07/17 ~ 2025/07/17,,
KR70008S0004,TIGER 미국배당다우존스타겟데일리커버드콜,20250613,이익분배,87,.0087,"9,163.33",0.00,현금(배당소득),확정,정액,1592100000,2025/06/17 ~ 2025/06/17,,
KR70008S0004,TIGER 미국배당다우존스타겟데일리커버드콜,20250515,이익분배,90,.009,"9,256.54",0.00,현금(배당소득),확정,정액,1597500000,2025/05/19 ~ 2025/05/19,,
KR70008S0004,TIGER 미국배당다우존스타겟데일리커버드콜,20250415,이익분배,92,.0092,"8,986.27",0.00,현금(배당소득),확정,정액,1550200000,2025/04/17 ~ 2025/04/17,,
KR70008S0004,TIGER 미국배당다우존스타겟데일리커버드콜,20250314,이익분배,100,.01,"9,874.27",0.00,현금(배당소득),확정,정액,1360000000,2025/03/18 ~ 2025/03/18,,
KR70008S0004,TIGER 미국배당다우존스타겟데일리커버드콜,20250214,이익분배,99,.0099,"9,926.93",0.00,현금(배당소득),확정,정액,1267200000,2025/02/18 ~ 2025/02/18,,
KR7481060002,KODEX 미국30년국채타겟커버드콜(합성 H),20260715,이익분배,78,.0078,"9,450.35",0.00,현금(배당소득),확정,정액,8022300000,2026/07/20 ~ 2026/07/20,,
KR7481060002,KODEX 미국30년국채타겟커버드콜(합성 H),20260615,이익분배,78,.0078,"9,490.85",0.00,현금(배당소득),확정,정액,8412300000,2026/06/17 ~ 2026/06/17,,
KR7481060002,KODEX 미국30년국채타겟커버드콜(합성 H),20260515,이익분배,79,.0079,"9,496.69",0.00,현금(배당소득),확정,정액,8761100000,2026/05/19 ~ 2026/05/19,,
KR7481060002,KODEX 미국30년국채타겟커버드콜(합성 H),20260415,이익분배,80,.008,"9,564.97",0.00,현금(배당소득),확정,정액,8788000000,2026/04/17 ~ 2026/04/17,,
KR7481060002,KODEX 미국30년국채타겟커버드콜(합성 H),20260313,이익분배,82,.0082,"9,679.54",0.00,현금(배당소득),확정,정액,9007700000,2026/03/17 ~ 2026/03/17,,
KR7481060002,KODEX 미국30년국채타겟커버드콜(합성 H),20260213,이익분배,83,.0083,"9,752.92",0.00,현금(배당소득),확정,정액,9515950000,2026/02/20 ~ 2026/02/20,,
KR7481060002,KODEX 미국30년국채타겟커버드콜(합성 H),20260115,이익분배,83,.0083,"9,631.69",0.00,현금(배당소득),확정,정액,8964000000,2026/01/19 ~ 2026/01/19,,
KR7481060002,KODEX 미국30년국채타겟커버드콜(합성 H),20251215,이익분배,83,.0083,"9,624.90",0.00,현금(배당소득),확정,정액,8964000000,2025/12/17 ~ 2025/12/17,,
KR7481060002,KODEX 미국30년국채타겟커버드콜(합성 H),20251114,이익분배,83,.0083,"9,704.68",0.00,현금(배당소득),확정,정액,8748200000,2025/11/18 ~ 2025/11/18,,
KR7481060002,KODEX 미국30년국채타겟커버드콜(합성 H),20251015,이익분배,87,.0087,"9,735.73",0.00,현금(배당소득),확정,정액,8743500000,2025/10/17 ~ 2025/10/17,,
KR7481060002,KODEX 미국30년국채타겟커버드콜(합성 H),20250915,이익분배,87,.0087,"9,647.91",0.00,현금(배당소득),확정,정액,8373750000,2025/09/17 ~ 2025/09/17,,
KR7481060002,KODEX 미국30년국채타겟커버드콜(합성 H),20250814,이익분배,87,.0087,"9,502.66",0.00,현금(배당소득),확정,정액,7207950000,2025/08/19 ~ 2025/08/19,,
KR7481060002,KODEX 미국30년국채타겟커버드콜(합성 H),20250715,이익분배,86,.0086,"9,451.16",0.00,현금(배당소득),확정,정액,6677900000,2025/07/17 ~ 2025/07/17,,
KR7481060002,KODEX 미국30년국채타겟커버드콜(합성 H),20250613,이익분배,88,.0088,"9,301.63",0.00,현금(배당소득),확정,정액,6547200000,2025/06/17 ~ 2025/06/17,,
KR7481060002,KODEX 미국30년국채타겟커버드콜(합성 H),20250515,이익분배,90,.009,"9,313.73",0.00,현금(배당소득),확정,정액,6070500000,2025/05/19 ~ 2025/05/19,,
KR7481060002,KODEX 미국30년국채타겟커버드콜(합성 H),20250415,이익분배,95,.0095,"9,282.68",0.00,현금(배당소득),확정,정액,6198750000,2025/04/17 ~ 2025/04/17,,
KR7481060002,KODEX 미국30년국채타겟커버드콜(합성 H),20250314,이익분배,95,.0095,"9,670.42",0.00,현금(배당소득),확정,정액,5975500000,2025/03/18 ~ 2025/03/18,,
KR7481060002,KODEX 미국30년국채타겟커버드콜(합성 H),20250214,이익분배,91,.0091,"9,510.16",0.00,현금(배당소득),확정,정액,5733000000,2025/02/18 ~ 2025/02/18,,
KR7481060002,KODEX 미국30년국채타겟커버드콜(합성 H),20250115,이익분배,91,.0091,"9,185.73",0.00,현금(배당소득),확정,정액,5059600000,2025/01/17 ~ 2025/01/17,,
KR7481060002,KODEX 미국30년국채타겟커버드콜(합성 H),20241213,이익분배,99,.0099,"9,933.29",0.00,현금(배당소득),확정,정액,4682700000,2024/12/17 ~ 2024/12/17,,
KR7481060002,KODEX 미국30년국채타겟커버드콜(합성 H),20241115,이익분배,99,.0099,"9,722.53",0.00,현금(배당소득),확정,정액,4435200000,2024/11/19 ~ 2024/11/19,,
KR7481060002,KODEX 미국30년국채타겟커버드콜(합성 H),20241015,이익분배,101,.0101,"10,085.38",0.00,현금(배당소득),확정,정액,3868300000,2024/10/17 ~ 2024/10/17,,
KR7481060002,KODEX 미국30년국채타겟커버드콜(합성 H),20240930,이익분배,107,.0107,"10,529.90",0.00,현금(배당소득),확정,정액,4290700000,2024/10/04 ~ 2024/10/04,,
KR7481060002,KODEX 미국30년국채타겟커버드콜(합성 H),20240830,이익분배,107,.0107,"10,642.20",0.00,현금(배당소득),확정,정액,3151150000,2024/09/03 ~ 2024/09/03,,
KR7480040005,ACE 미국반도체데일리타겟커버드콜(합성),20260715,이익분배,569,.0569,"19,673.11",0.00,현금(배당소득),확정,정액,6657300000,2026/07/20 ~ 2026/07/20,,
KR7480040005,ACE 미국반도체데일리타겟커버드콜(합성),20260615,이익분배,612,.0612,"20,432.68",0.00,현금(배당소득),확정,정액,5691600000,2026/06/17 ~ 2026/06/17,,
KR7480040005,ACE 미국반도체데일리타겟커버드콜(합성),20260515,이익분배,243,.0243,"19,532.73",0.00,현금(배당소득),확정,정액,2138400000,2026/05/19 ~ 2026/05/19,,
KR7480040005,ACE 미국반도체데일리타겟커버드콜(합성),20260415,이익분배,187,.0187,"16,019.48",0.00,현금(배당소득),확정,정액,1421200000,2026/04/17 ~ 2026/04/17,,
KR7480040005,ACE 미국반도체데일리타겟커버드콜(합성),20260313,이익분배,167,.0167,"14,398.71",0.00,현금(배당소득),확정,정액,1269200000,2026/03/17 ~ 2026/03/17,,
KR7480040005,ACE 미국반도체데일리타겟커버드콜(합성),20260213,이익분배,176,.0176,"14,767.57",0.00,현금(배당소득),확정,정액,1337600000,2026/02/20 ~ 2026/02/20,,
KR7480040005,ACE 미국반도체데일리타겟커버드콜(합성),20260115,이익분배,168,.0168,"14,253.22",0.00,현금(배당소득),확정,정액,1276800000,2026/01/19 ~ 2026/01/19,,
KR7480040005,ACE 미국반도체데일리타겟커버드콜(합성),20251215,이익분배,163,.0163,"13,927.32",0.00,현금(배당소득),확정,정액,1238800000,2025/12/17 ~ 2025/12/17,,
KR7480040005,ACE 미국반도체데일리타겟커버드콜(합성),20251114,이익분배,157,.0157,"12,981.93",0.00,현금(배당소득),확정,정액,1193200000,2025/11/18 ~ 2025/11/18,,
KR7480040005,ACE 미국반도체데일리타겟커버드콜(합성),20251015,이익분배,141,.0141,"11,941.24",0.00,현금(배당소득),확정,정액,1128000000,2025/10/17 ~ 2025/10/17,,
KR7480040005,ACE 미국반도체데일리타겟커버드콜(합성),20250915,이익분배,125,.0125,"10,965.98",0.00,현금(배당소득),확정,정액,1150000000,2025/09/17 ~ 2025/09/17,,
KR7480040005,ACE 미국반도체데일리타겟커버드콜(합성),20250814,이익분배,124,.0124,"10,564.66",0.00,현금(배당소득),확정,정액,1140800000,2025/08/19 ~ 2025/08/19,,
KR7480040005,ACE 미국반도체데일리타겟커버드콜(합성),20250715,이익분배,124,.0124,"10,649.85",0.00,현금(배당소득),확정,정액,1140800000,2025/07/17 ~ 2025/07/17,,
KR7480040005,ACE 미국반도체데일리타겟커버드콜(합성),20250613,이익분배,115,.0115,"9,830.55",0.00,현금(배당소득),확정,정액,1058000000,2025/06/17 ~ 2025/06/17,,
KR7480040005,ACE 미국반도체데일리타겟커버드콜(합성),20250515,이익분배,110,.011,"9,287.64",0.00,현금(배당소득),확정,정액,1012000000,2025/05/19 ~ 2025/05/19,,
KR7480040005,ACE 미국반도체데일리타겟커버드콜(합성),20250415,이익분배,95,.0095,"7,923.03",0.00,현금(배당소득),확정,정액,874000000,2025/04/17 ~ 2025/04/17,,
KR7480040005,ACE 미국반도체데일리타겟커버드콜(합성),20250314,이익분배,111,.0111,"9,141.23",0.00,현금(배당소득),확정,정액,999000000,2025/03/18 ~ 2025/03/18,,
KR7480040005,ACE 미국반도체데일리타겟커버드콜(합성),20250214,이익분배,128,.0128,"10,502.64",0.00,현금(배당소득),확정,정액,1088000000,2025/02/18 ~ 2025/02/18,,
KR7480040005,ACE 미국반도체데일리타겟커버드콜(합성),20250115,이익분배,133,.0133,"10,710.08",0.00,현금(배당소득),확정,정액,1130500000,2025/01/17 ~ 2025/01/17,,
KR7480040005,ACE 미국반도체데일리타겟커버드콜(합성),20241213,이익분배,152,.0152,"10,359.38",0.00,현금(배당소득),확정,정액,1292000000,2024/12/17 ~ 2024/12/17,,
KR7480040005,ACE 미국반도체데일리타겟커버드콜(합성),20241115,이익분배,146,.0146,"10,693.32",0.00,현금(배당소득),확정,정액,1197200000,2024/11/19 ~ 2024/11/19,,
KR7480040005,ACE 미국반도체데일리타겟커버드콜(합성),20241015,이익분배,133,.0133,"10,862.71",0.00,현금(배당소득),확정,정액,1090600000,2024/10/17 ~ 2024/10/17,,
KR7480040005,ACE 미국반도체데일리타겟커버드콜(합성),20240913,이익분배,120,.012,"9,688.95",0.00,현금(배당소득),확정,정액,1044000000,2024/09/20 ~ 2024/09/20,,
KR7480040005,ACE 미국반도체데일리타겟커버드콜(합성),20240814,이익분배,125,.0125,"9,987.09",0.00,현금(배당소득),확정,정액,1025000000,2024/08/19 ~ 2024/08/19,,
KR7448330001,KODEX 삼성전자채권혼합,20260715,이익분배,38,.00381476313333,"10,447.18",0.00,현금(배당소득),확정,정액,2823400000,2026/07/20 ~ 2026/07/20,,
KR7448330001,KODEX 삼성전자채권혼합,20260615,이익분배,36,.00361398612631,"10,413.01",0.00,현금(배당소득),확정,정액,2646000000,2026/06/17 ~ 2026/06/17,,
KR7448330001,KODEX 삼성전자채권혼합,20260515,이익분배,32,.00321243211227,"10,478.77",0.00,현금(배당소득),확정,정액,2227200000,2026/05/19 ~ 2026/05/19,,
KR7448330001,KODEX 삼성전자채권혼합,20260415,이익분배,30,.00301165510526,"10,566.33",0.00,현금(배당소득),확정,정액,2235000000,2026/04/17 ~ 2026/04/17,,
KR7448330001,KODEX 삼성전자채권혼합,20260313,이익분배,28,.00281087809824,"10,586.98",0.00,현금(배당소득),확정,정액,1836800000,2026/03/17 ~ 2026/03/17,,
KR7448330001,KODEX 삼성전자채권혼합,20260213,이익분배,28,.00281087809824,"10,606.12",0.00,현금(배당소득),확정,정액,1344000000,2026/02/20 ~ 2026/02/20,,
KR7448330001,KODEX 삼성전자채권혼합,20260115,이익분배,25,.00250971258771,"10,650.91",0.00,현금(배당소득),확정,정액,712500000,2026/01/19 ~ 2026/01/19,,
KR7448330001,KODEX 삼성전자채권혼합,20251215,이익분배,22,.00220854707719,"10,606.32",0.00,현금(배당소득),확정,정액,385000000,2025/12/17 ~ 2025/12/17,,
KR7448330001,KODEX 삼성전자채권혼합,20251114,이익분배,22,.00220854707719,"10,678.67",0.00,현금(배당소득),확정,정액,327800000,2025/11/18 ~ 2025/11/18,,
KR7448330001,KODEX 삼성전자채권혼합,20251015,이익분배,26,.00261010109122,"10,774.82",0.00,현금(배당소득),확정,정액,330200000,2025/10/17 ~ 2025/10/17,,
KR7448330001,KODEX 삼성전자채권혼합,20250915,이익분배,20,.00200777007017,"10,796.42",0.00,현금(배당소득),확정,정액,238000000,2025/09/17 ~ 2025/09/17,,
KR7448330001,KODEX 삼성전자채권혼합,20250814,이익분배,22,.00220854707719,"10,802.37",0.00,현금(배당소득),확정,정액,242000000,2025/08/19 ~ 2025/08/19,,
KR7448330001,KODEX 삼성전자채권혼합,20250715,이익분배,18,.00180699306315,"10,800.78",0.00,현금(배당소득),확정,정액,169200000,2025/07/17 ~ 2025/07/17,,
KR7448330001,KODEX 삼성전자채권혼합,20250613,이익분배,17,.00170660455965,"10,784.31",0.00,현금(배당소득),확정,정액,142800000,2025/06/17 ~ 2025/06/17,,
KR7448330001,KODEX 삼성전자채권혼합,20250515,이익분배,17,.00170660455965,"10,807.18",0.00,현금(배당소득),확정,정액,142800000,2025/05/19 ~ 2025/05/19,,
KR7448330001,KODEX 삼성전자채권혼합,20250415,이익분배,15,.00150582755263,"10,796.22",0.00,현금(배당소득),확정,정액,126000000,2025/04/17 ~ 2025/04/17,,
KR7448330001,KODEX 삼성전자채권혼합,20250314,이익분배,18,.00180699306315,"10,749.81",0.00,현금(배당소득),확정,정액,149400000,2025/03/18 ~ 2025/03/18,,
KR7448330001,KODEX 삼성전자채권혼합,20250214,이익분배,15,.00150582755263,"10,727.77",0.00,현금(배당소득),확정,정액,109500000,2025/02/18 ~ 2025/02/18,,
KR7448330001,KODEX 삼성전자채권혼합,20250115,이익분배,15,.00150582755263,"10,726.29",0.00,현금(배당소득),확정,정액,103500000,2025/01/17 ~ 2025/01/17,,
KR7448330001,KODEX 삼성전자채권혼합,20241213,이익분배,13,.00130505054561,"10,729.58",0.00,현금(배당소득),확정,정액,88400000,2024/12/17 ~ 2024/12/17,,
KR7448330001,KODEX 삼성전자채권혼합,20241115,이익분배,16,.00160621605614,"10,665.46",0.00,현금(배당소득),확정,정액,100800000,2024/11/19 ~ 2024/11/19,,
KR7448330001,KODEX 삼성전자채권혼합,20241015,이익분배,16,.00160621605614,"10,651.24",0.00,현금(배당소득),확정,정액,86400000,2024/10/17 ~ 2024/10/17,,
KR7329660005,KODEX TRF5050,20260715,이익분배,37,.00365828458092,"18,556.29",0.00,현금(배당소득),확정,정액,173900000,2026/07/20 ~ 2026/07/20,,
KR7329660005,KODEX TRF5050,20260615,이익분배,38,.00375715713716,"18,387.41",0.00,현금(배당소득),확정,정액,186200000,2026/06/17 ~ 2026/06/17,,
KR7329660005,KODEX TRF5050,20260515,이익분배,33,.00326279435596,"18,387.63",0.00,현금(배당소득),확정,정액,161700000,2026/05/19 ~ 2026/05/19,,
KR7329660005,KODEX TRF5050,20260415,이익분배,30,.00296617668724,"17,954.87",0.00,현금(배당소득),확정,정액,165000000,2026/04/17 ~ 2026/04/17,,
KR7329660005,KODEX TRF5050,20260313,이익분배,28,.00276843157475,"17,717.58",0.00,현금(배당소득),확정,정액,159600000,2026/03/17 ~ 2026/03/17,,
KR7329660005,KODEX TRF5050,20260213,이익분배,27,.00266955901851,"17,859.73",0.00,현금(배당소득),확정,정액,162000000,2026/02/20 ~ 2026/02/20,,
KR7329660005,KODEX TRF5050,20260115,이익분배,27,.00266955901851,"17,984.21",0.00,현금(배당소득),확정,정액,159300000,2026/01/19 ~ 2026/01/19,,
KR7329660005,KODEX TRF5050,20251215,이익분배,33,.00326279435596,"17,762.48",0.00,현금(배당소득),확정,정액,188100000,2025/12/17 ~ 2025/12/17,,
KR7329660005,KODEX TRF5050,20251114,이익분배,31,.00306504924348,"17,705.43",0.00,현금(배당소득),확정,정액,167400000,2025/11/18 ~ 2025/11/18,,
KR7329660005,KODEX TRF5050,20251015,이익분배,31,.00306504924348,"17,247.31",0.00,현금(배당소득),확정,정액,161200000,2025/10/17 ~ 2025/10/17,,
KR7329660005,KODEX TRF5050,20250915,이익분배,30,.00296617668724,"17,044.07",0.00,현금(배당소득),확정,정액,156000000,2025/09/17 ~ 2025/09/17,,
KR7329660005,KODEX TRF5050,20250814,이익분배,28,.00276843157475,"16,815.88",0.00,현금(배당소득),확정,정액,145600000,2025/08/19 ~ 2025/08/19,,
KR7498400001,KODEX 200타겟위클리커버드콜,20260715,이익분배,323,.03298762708662,"9,792.68",0.00,현금(배당소득),확정,정액,88889600000,2026/07/20 ~ 2026/07/20,,
KR7498400001,KODEX 200타겟위클리커버드콜,20260615,이익분배,350,.03574510675021,"9,790.85",0.00,현금(배당소득),확정,정액,94150000000,2026/06/17 ~ 2026/06/17,,
KR7498400001,KODEX 200타겟위클리커버드콜,20260515,이익분배,348,.03554084899735,"9,791.90",0.00,현금(배당소득),확정,정액,86269200000,2026/05/19 ~ 2026/05/19,,
KR7498400001,KODEX 200타겟위클리커버드콜,20260415,이익분배,262,.02675776562444,"9,834.95",0.00,현금(배당소득),확정,정액,61150800000,2026/04/17 ~ 2026/04/17,,
KR7498400001,KODEX 200타겟위클리커버드콜,20260313,이익분배,252,.02573647686015,"9,825.06",0.00,현금(배당소득),확정,정액,52365600000,2026/03/17 ~ 2026/03/17,,
KR7498400001,KODEX 200타겟위클리커버드콜,20260213,이익분배,244,.02491944584872,"9,793.32",0.00,현금(배당소득),확정,정액,43749200000,2026/02/20 ~ 2026/02/20,,
KR7498400001,KODEX 200타겟위클리커버드콜,20260115,이익분배,213,.02175345067941,"9,818.28",0.00,현금(배당소득),확정,정액,32120400000,2026/01/19 ~ 2026/01/19,,
KR7498400001,KODEX 200타겟위클리커버드콜,20251215,이익분배,196,.02001725978012,"9,795.05",0.00,현금(배당소득),확정,정액,26244400000,2025/12/17 ~ 2025/12/17,,
KR7498400001,KODEX 200타겟위클리커버드콜,20251114,이익분배,196,.02001725978012,"9,791.67",0.00,현금(배당소득),확정,정액,22696800000,2025/11/18 ~ 2025/11/18,,
KR7498400001,KODEX 200타겟위클리커버드콜,20251015,이익분배,172,.01756616674582,"9,800.49",0.00,현금(배당소득),확정,정액,16408800000,2025/10/17 ~ 2025/10/17,,
KR7498400001,KODEX 200타겟위클리커버드콜,20250915,이익분배,161,.0164427491051,"9,798.23",0.00,현금(배당소득),확정,정액,14522200000,2025/09/17 ~ 2025/09/17,,
KR7498400001,KODEX 200타겟위클리커버드콜,20250814,이익분배,163,.01664700685795,"9,799.63",0.00,현금(배당소득),확정,정액,13251900000,2025/08/19 ~ 2025/08/19,,
KR7498400001,KODEX 200타겟위클리커버드콜,20250715,이익분배,161,.0164427491051,"9,801.76",0.00,현금(배당소득),확정,정액,10626000000,2025/07/17 ~ 2025/07/17,,
KR7498400001,KODEX 200타겟위클리커버드콜,20250613,이익분배,150,.01531933146437,"9,796.26",0.00,현금(배당소득),확정,정액,7170000000,2025/06/17 ~ 2025/06/17,,
KR7498400001,KODEX 200타겟위클리커버드콜,20250515,이익분배,139,.01419591382365,"9,797.48",0.00,현금(배당소득),확정,정액,5990900000,2025/05/19 ~ 2025/05/19,,
KR7498400001,KODEX 200타겟위클리커버드콜,20250415,이익분배,132,.01348101168865,"9,849.89",0.00,현금(배당소득),확정,정액,4923600000,2025/04/17 ~ 2025/04/17,,
KR7498400001,KODEX 200타겟위클리커버드콜,20250314,이익분배,140,.01429804270008,"9,834.51",0.00,현금(배당소득),확정,정액,4676000000,2025/03/18 ~ 2025/03/18,,
KR7498400001,KODEX 200타겟위클리커버드콜,20250214,이익분배,142,.01450230045294,"9,789.18",0.00,현금(배당소득),확정,정액,3067200000,2025/02/18 ~ 2025/02/18,,
KR7498400001,KODEX 200타겟위클리커버드콜,20250115,이익분배,202,.02063003303869,"9,827.96",0.00,현금(배당소득),확정,정액,1070600000,2025/01/17 ~ 2025/01/17,,
KR7402970008,ACE 미국배당다우존스,20260715,이익분배,50,.005,"15,788.98",0.00,현금(배당소득),확정,정액,2985000000,2026/07/20 ~ 2026/07/20,,
KR7402970008,ACE 미국배당다우존스,20260615,이익분배,40,.004,"15,916.71",0.00,현금(배당소득),확정,정액,2308000000,2026/06/17 ~ 2026/06/17,,
KR7402970008,ACE 미국배당다우존스,20260515,이익분배,27,.0027,"15,311.19",0.00,현금(배당소득),확정,정액,1522800000,2026/05/19 ~ 2026/05/19,,
KR7402970008,ACE 미국배당다우존스,20260415,이익분배,44,.0044,"14,773.41",0.00,현금(배당소득),확정,정액,2420000000,2026/04/17 ~ 2026/04/17,,
KR7402970008,ACE 미국배당다우존스,20260313,이익분배,46,.0046,"14,641.63",0.00,현금(배당소득),확정,정액,2410400000,2026/03/17 ~ 2026/03/17,,
KR7402970008,ACE 미국배당다우존스,20260213,이익분배,24,.0024,"14,694.65",0.00,현금(배당소득),확정,정액,1221600000,2026/02/20 ~ 2026/02/20,,
KR7402970008,ACE 미국배당다우존스,20260115,이익분배,39,.0039,"13,643.56",0.00,현금(배당소득),확정,정액,1942200000,2026/01/19 ~ 2026/01/19,,
KR7402970008,ACE 미국배당다우존스,20251215,이익분배,53,.0053,"13,263.31",0.00,현금(배당소득),확정,정액,2575800000,2025/12/17 ~ 2025/12/17,,
KR7402970008,ACE 미국배당다우존스,20251114,이익분배,21,.0021,"12,913.01",0.00,현금(배당소득),확정,정액,1054200000,2025/11/18 ~ 2025/11/18,,
KR7402970008,ACE 미국배당다우존스,20251015,이익분배,37,.0037,"12,311.00",0.00,현금(배당소득),확정,정액,1938800000,2025/10/17 ~ 2025/10/17,,
KR7402970008,ACE 미국배당다우존스,20250915,이익분배,44,.0044,"12,379.40",0.00,현금(배당소득),확정,정액,2349600000,2025/09/17 ~ 2025/09/17,,
KR7402970008,ACE 미국배당다우존스,20250814,이익분배,20,.002,"12,070.16",0.00,현금(배당소득),확정,정액,1080000000,2025/08/19 ~ 2025/08/19,,
KR7402970008,ACE 미국배당다우존스,20250715,이익분배,38,.0038,"12,303.34",0.00,현금(배당소득),확정,정액,2036800000,2025/07/17 ~ 2025/07/17,,
KR7402970008,ACE 미국배당다우존스,20250613,이익분배,45,.0045,"11,992.86",0.00,현금(배당소득),확정,정액,2457000000,2025/06/17 ~ 2025/06/17,,
KR7402970008,ACE 미국배당다우존스,20250515,이익분배,21,.0021,"12,133.02",0.00,현금(배당소득),확정,정액,1125600000,2025/05/19 ~ 2025/05/19,,
KR7402970008,ACE 미국배당다우존스,20250415,이익분배,35,.0035,"11,779.11",0.00,현금(배당소득),확정,정액,1753500000,2025/04/17 ~ 2025/04/17,,
KR7402970008,ACE 미국배당다우존스,20250314,이익분배,46,.0046,"13,023.57",0.00,현금(배당소득),확정,정액,2189600000,2025/03/18 ~ 2025/03/18,,
KR7402970008,ACE 미국배당다우존스,20250214,이익분배,28,.0028,"13,137.82",0.00,현금(배당소득),확정,정액,1363600000,2025/02/18 ~ 2025/02/18,,
KR7402970008,ACE 미국배당다우존스,20250115,이익분배,39,.0039,"12,931.61",0.00,현금(배당소득),확정,정액,1840800000,2025/01/17 ~ 2025/01/17,,
KR7402970008,ACE 미국배당다우존스,20241213,이익분배,68,.0068,"13,316.75",0.00,현금(배당소득),확정,정액,2890000000,2024/12/17 ~ 2024/12/17,,
KR7402970008,ACE 미국배당다우존스,20241115,이익분배,30,.003,"13,218.17",0.00,현금(배당소득),확정,정액,1146000000,2024/11/19 ~ 2024/11/19,,
KR7402970008,ACE 미국배당다우존스,20241015,이익분배,45,.0045,"12,423.20",0.00,현금(배당소득),확정,정액,1588500000,2024/10/17 ~ 2024/10/17,,
KR7402970008,ACE 미국배당다우존스,20240913,이익분배,56,.0056,"12,053.23",0.00,현금(배당소득),확정,정액,1915200000,2024/09/20 ~ 2024/09/20,,
KR70052D0006,TIGER 코리아배당다우존스,20260715,이익분배,58,.00584265724051,"10,018.56",0.00,현금(배당소득),확정,정액,1302100000,2026/07/20 ~ 2026/07/20,,
KR70052D0006,TIGER 코리아배당다우존스,20260615,이익분배,58,.00584265724051,"10,080.49",0.00,현금(배당소득),확정,정액,1383300000,2026/06/17 ~ 2026/06/17,,
KR70052D0006,TIGER 코리아배당다우존스,20260515,이익분배,58,.00584265724051,"10,128.55",0.00,현금(배당소득),확정,정액,1621100000,2026/05/19 ~ 2026/05/19,,
KR70052D0006,TIGER 코리아배당다우존스,20260415,이익분배,58,.00584265724051,"10,178.40",0.00,현금(배당소득),확정,정액,1769000000,2026/04/17 ~ 2026/04/17,,
KR70052D0006,TIGER 코리아배당다우존스,20260313,이익분배,58,.00584265724051,"9,995.37",0.00,현금(배당소득),확정,정액,1777700000,2026/03/17 ~ 2026/03/17,,
KR70052D0006,TIGER 코리아배당다우존스,20260213,이익분배,51,.00513750895286,"10,013.25",0.00,현금(배당소득),확정,정액,1588650000,2026/02/20 ~ 2026/02/20,,
KR70052D0006,TIGER 코리아배당다우존스,20260115,이익분배,51,.00513750895286,"10,058.74",0.00,현금(배당소득),확정,정액,1677900000,2026/01/19 ~ 2026/01/19,,
KR70052D0006,TIGER 코리아배당다우존스,20251215,이익분배,50,.0050367734832,"9,933.39",0.00,현금(배당소득),확정,정액,1697500000,2025/12/17 ~ 2025/12/17,,
KR70052D0006,TIGER 코리아배당다우존스,20251114,이익분배,50,.0050367734832,"9,937.29",0.00,현금(배당소득),확정,정액,2245000000,2025/11/18 ~ 2025/11/18,,
KR70052D0006,TIGER 코리아배당다우존스,20251015,이익분배,50,.0050367734832,"9,927.78",0.00,현금(배당소득),확정,정액,2142500000,2025/10/17 ~ 2025/10/17,,
KR70052D0006,TIGER 코리아배당다우존스,20250915,이익분배,48,.00483530254387,"9,959.50",0.00,현금(배당소득),확정,정액,1660800000,2025/09/17 ~ 2025/09/17,,
KR70052D0006,TIGER 코리아배당다우존스,20250814,이익분배,48,.00483530254387,"9,947.60",0.00,현금(배당소득),확정,정액,1814400000,2025/08/19 ~ 2025/08/19,,
KR70052D0006,TIGER 코리아배당다우존스,20250715,이익분배,48,.00483530254387,"9,926.76",0.00,현금(배당소득),확정,정액,991200000,2025/07/17 ~ 2025/07/17,,
KR7458750007,TIGER 미국배당다우존스타겟커버드콜1호,20260715,이익분배,68,.0068,"13,633.94",0.00,현금(배당소득),확정,정액,346800000,2026/07/20 ~ 2026/07/20,,
KR7458750007,TIGER 미국배당다우존스타겟커버드콜1호,20260615,이익분배,69,.0069,"13,787.67",0.00,현금(배당소득),확정,정액,345000000,2026/06/17 ~ 2026/06/17,,
KR7458750007,TIGER 미국배당다우존스타겟커버드콜1호,20260515,이익분배,62,.0062,"13,281.52",0.00,현금(배당소득),확정,정액,300700000,2026/05/19 ~ 2026/05/19,,
KR7458750007,TIGER 미국배당다우존스타겟커버드콜1호,20260415,이익분배,63,.0063,"12,950.76",0.00,현금(배당소득),확정,정액,289800000,2026/04/17 ~ 2026/04/17,,
KR7458750007,TIGER 미국배당다우존스타겟커버드콜1호,20260313,이익분배,74,.0074,"12,891.10",0.00,현금(배당소득),확정,정액,340400000,2026/03/17 ~ 2026/03/17,,
KR7458750007,TIGER 미국배당다우존스타겟커버드콜1호,20260213,이익분배,62,.0062,"12,938.25",0.00,현금(배당소득),확정,정액,303800000,2026/02/20 ~ 2026/02/20,,
KR7458750007,TIGER 미국배당다우존스타겟커버드콜1호,20260115,이익분배,58,.0058,"12,025.60",0.00,현금(배당소득),확정,정액,316100000,2026/01/19 ~ 2026/01/19,,
KR7458750007,TIGER 미국배당다우존스타겟커버드콜1호,20251215,이익분배,73,.0073,"11,723.08",0.00,현금(배당소득),확정,정액,408800000,2025/12/17 ~ 2025/12/17,,
KR7458750007,TIGER 미국배당다우존스타겟커버드콜1호,20251114,이익분배,50,.005,"11,427.55",0.00,현금(배당소득),확정,정액,290000000,2025/11/18 ~ 2025/11/18,,
KR7458750007,TIGER 미국배당다우존스타겟커버드콜1호,20251015,이익분배,63,.0063,"10,929.86",0.00,현금(배당소득),확정,정액,390600000,2025/10/17 ~ 2025/10/17,,
KR7458750007,TIGER 미국배당다우존스타겟커버드콜1호,20250915,이익분배,68,.0068,"11,015.90",0.00,현금(배당소득),확정,정액,421600000,2025/09/17 ~ 2025/09/17,,
KR7458750007,TIGER 미국배당다우존스타겟커버드콜1호,20250814,이익분배,51,.0051,"10,806.87",0.00,현금(배당소득),확정,정액,311100000,2025/08/19 ~ 2025/08/19,,
KR7458750007,TIGER 미국배당다우존스타겟커버드콜1호,20250715,이익분배,53,.0053,"11,039.79",0.00,현금(배당소득),확정,정액,341850000,2025/07/17 ~ 2025/07/17,,
KR7458750007,TIGER 미국배당다우존스타겟커버드콜1호,20250613,이익분배,70,.007,"10,833.18",0.00,현금(배당소득),확정,정액,451500000,2025/06/17 ~ 2025/06/17,,
KR7458750007,TIGER 미국배당다우존스타겟커버드콜1호,20250515,이익분배,50,.005,"11,036.79",0.00,현금(배당소득),확정,정액,317500000,2025/05/19 ~ 2025/05/19,,
KR7458750007,TIGER 미국배당다우존스타겟커버드콜1호,20250415,이익분배,56,.0056,"10,804.84",0.00,현금(배당소득),확정,정액,352800000,2025/04/17 ~ 2025/04/17,,
KR7458750007,TIGER 미국배당다우존스타겟커버드콜1호,20250314,이익분배,70,.007,"11,951.44",0.00,현금(배당소득),확정,정액,434000000,2025/03/18 ~ 2025/03/18,,
KR7458750007,TIGER 미국배당다우존스타겟커버드콜1호,20250214,이익분배,60,.006,"12,080.14",0.00,현금(배당소득),확정,정액,378000000,2025/02/18 ~ 2025/02/18,,
KR7458750007,TIGER 미국배당다우존스타겟커버드콜1호,20250115,이익분배,66,.0066,"11,961.65",0.00,현금(배당소득),확정,정액,415800000,2025/01/17 ~ 2025/01/17,,
KR7458750007,TIGER 미국배당다우존스타겟커버드콜1호,20241213,이익분배,76,.0076,"12,262.81",0.00,현금(배당소득),확정,정액,452200000,2024/12/17 ~ 2024/12/17,,
KR7458750007,TIGER 미국배당다우존스타겟커버드콜1호,20241115,이익분배,60,.006,"12,200.68",0.00,현금(배당소득),확정,정액,321000000,2024/11/19 ~ 2024/11/19,,
KR7458750007,TIGER 미국배당다우존스타겟커버드콜1호,20241015,이익분배,68,.0068,"11,505.36",0.00,현금(배당소득),확정,정액,370600000,2024/10/17 ~ 2024/10/17,,
KR7458750007,TIGER 미국배당다우존스타겟커버드콜1호,20240913,이익분배,22,.0022,"11,179.74",0.00,현금(배당소득),확정,정액,118800000,2024/09/20 ~ 2024/09/20,,
KR7458750007,TIGER 미국배당다우존스타겟커버드콜1호,20240830,이익분배,64,.0064,"11,265.74",0.00,현금(배당소득),확정,정액,336000000,2024/09/03 ~ 2024/09/03,,
KR7273140004,KODEX 단기변동금리부채권액티브,20260715,이익분배,251,.00251,"114,746.01",0.00,현금(배당소득),확정,정액,609177000,2026/07/20 ~ 2026/07/20,,
KR7273140004,KODEX 단기변동금리부채권액티브,20260615,이익분배,248,.00248,"114,823.04",0.00,현금(배당소득),확정,정액,594456000,2026/06/17 ~ 2026/06/17,,
KR7273140004,KODEX 단기변동금리부채권액티브,20260515,이익분배,241,.00241,"114,873.15",0.00,현금(배당소득),확정,정액,657448000,2026/05/19 ~ 2026/05/19,,
KR7273140004,KODEX 단기변동금리부채권액티브,20260415,이익분배,251,.00251,"114,879.96",0.00,현금(배당소득),확정,정액,732920000,2026/04/17 ~ 2026/04/17,,
KR7273140004,KODEX 단기변동금리부채권액티브,20260313,이익분배,228,.00228,"114,841.09",0.00,현금(배당소득),확정,정액,649800000,2026/03/17 ~ 2026/03/17,,
KR7273140004,KODEX 단기변동금리부채권액티브,20260213,이익분배,238,.00238,"114,828.49",0.00,현금(배당소득),확정,정액,673540000,2026/02/20 ~ 2026/02/20,,
KR7273140004,KODEX 단기변동금리부채권액티브,20260115,이익분배,246,.00246,"114,899.09",0.00,현금(배당소득),확정,정액,662478000,2026/01/19 ~ 2026/01/19,,
KR7273140004,KODEX 단기변동금리부채권액티브,20251215,이익분배,232,.00232,"114,821.78",0.00,현금(배당소득),확정,정액,622920000,2025/12/17 ~ 2025/12/17,,
KR7273140004,KODEX 단기변동금리부채권액티브,20251114,이익분배,233,.00233,"114,823.64",0.00,현금(배당소득),확정,정액,581102000,2025/11/18 ~ 2025/11/18,,
KR7273140004,KODEX 단기변동금리부채권액티브,20251015,이익분배,228,.00228,"114,854.23",0.00,현금(배당소득),확정,정액,568632000,2025/10/17 ~ 2025/10/17,,
KR7273140004,KODEX 단기변동금리부채권액티브,20250915,이익분배,227,.00227,"114,828.04",0.00,현금(배당소득),확정,정액,565457000,2025/09/17 ~ 2025/09/17,,
KR7273140004,KODEX 단기변동금리부채권액티브,20250814,이익분배,238,.00238,"114,848.32",0.00,현금(배당소득),확정,정액,591668000,2025/08/19 ~ 2025/08/19,,
KR7153130000,KODEX 단기채권,20260715,이익분배,236,.00236,"113,360.14",0.00,현금(배당소득),확정,정액,1829944000,2026/07/20 ~ 2026/07/20,,
KR7153130000,KODEX 단기채권,20260615,이익분배,239,.00239,"113,318.06",0.00,현금(배당소득),확정,정액,1777682000,2026/06/17 ~ 2026/06/17,,
KR7153130000,KODEX 단기채권,20260515,이익분배,227,.00227,"113,399.23",0.00,현금(배당소득),확정,정액,1704089000,2026/05/19 ~ 2026/05/19,,
KR7153130000,KODEX 단기채권,20260415,이익분배,231,.00231,"113,437.66",0.00,현금(배당소득),확정,정액,1515129000,2026/04/17 ~ 2026/04/17,,
KR7153130000,KODEX 단기채권,20260313,이익분배,208,.00208,"113,450.38",0.00,현금(배당소득),확정,정액,1374464000,2026/03/17 ~ 2026/03/17,,
KR7153130000,KODEX 단기채권,20260213,이익분배,230,.0023,"113,480.32",0.00,현금(배당소득),확정,정액,1508570000,2026/02/20 ~ 2026/02/20,,
KR7153130000,KODEX 단기채권,20260115,이익분배,250,.0025,"113,575.59",0.00,현금(배당소득),확정,정액,1648500000,2026/01/19 ~ 2026/01/19,,
KR7153130000,KODEX 단기채권,20251215,이익분배,238,.00238,"113,515.50",0.00,현금(배당소득),확정,정액,1547714000,2025/12/17 ~ 2025/12/17,,
KR7153130000,KODEX 단기채권,20251114,이익분배,252,.00252,"113,576.99",0.00,현금(배당소득),확정,정액,1584072000,2025/11/18 ~ 2025/11/18,,
KR7153130000,KODEX 단기채권,20251015,이익분배,234,.00234,"113,726.48",0.00,현금(배당소득),확정,정액,1512108000,2025/10/17 ~ 2025/10/17,,
KR7153130000,KODEX 단기채권,20250915,이익분배,275,.00275,"113,813.51",0.00,현금(배당소득),확정,정액,1599400000,2025/09/17 ~ 2025/09/17,,
KR7153130000,KODEX 단기채권,20250814,이익분배,259,.00259,"113,859.73",0.00,현금(배당소득),확정,정액,1491840000,2025/08/19 ~ 2025/08/19,,
KR70177R0000,TIGER 반도체TOP10커버드콜액티브,20260715,이익분배,205,.01996954887328,"10,258.95",0.00,현금(배당소득),확정,정액,13817000000,2026/07/20 ~ 2026/07/20,,
KR70177R0000,TIGER 반도체TOP10커버드콜액티브,20260615,이익분배,215,.02094367320856,"10,258.17",0.00,현금(배당소득),확정,정액,11696000000,2026/06/17 ~ 2026/06/17,,
KR70177R0000,TIGER 반도체TOP10커버드콜액티브,20260515,이익분배,170,.01656011369979,"10,261.62",0.00,현금(배당소득),확정,정액,7565000000,2026/05/19 ~ 2026/05/19,,
KR70138T0006,RISE 미국S&P500데일리고정커버드콜,20260715,이익분배,144,.0144,"10,862.54",0.00,현금(배당소득),확정,정액,460800000,2026/07/20 ~ 2026/07/20,,
KR70138T0006,RISE 미국S&P500데일리고정커버드콜,20260615,이익분배,109,.0109,"10,729.43",0.00,현금(배당소득),확정,정액,354250000,2026/06/17 ~ 2026/06/17,,
KR70138T0006,RISE 미국S&P500데일리고정커버드콜,20260515,이익분배,163,.0163,"10,800.77",0.00,현금(배당소득),확정,정액,570500000,2026/05/19 ~ 2026/05/19,,
KR70138T0006,RISE 미국S&P500데일리고정커버드콜,20260415,이익분배,118,.0118,"10,059.15",0.00,현금(배당소득),확정,정액,377600000,2026/04/17 ~ 2026/04/17,,
KR70138T0006,RISE 미국S&P500데일리고정커버드콜,20260331,이익분배,119,.0119,"9,732.09",0.00,현금(배당소득),확정,정액,339150000,2026/04/02 ~ 2026/04/02,,
KR70138T0006,RISE 미국S&P500데일리고정커버드콜,20260227,이익분배,92,.0092,"9,747.50",0.00,현금(배당소득),확정,정액,280600000,2026/03/04 ~ 2026/03/04,,
KR70138T0006,RISE 미국S&P500데일리고정커버드콜,20260130,이익분배,103,.0103,"9,789.91",0.00,현금(배당소득),확정,정액,309000000,2026/02/03 ~ 2026/02/03,,
KR70138T0006,RISE 미국S&P500데일리고정커버드콜,20251230,이익분배,10,.001,"9,849.01",0.00,현금(배당소득),확정,정액,25000000,2026/01/05 ~ 2026/01/05,,
KR70086C0007,TIGER 리츠부동산인프라10채권혼합액티브,20260715,이익분배,28,.00280079822749,"10,692.11",0.00,현금(배당소득),확정,정액,49000000,2026/07/20 ~ 2026/07/20,,
KR70086C0007,TIGER 리츠부동산인프라10채권혼합액티브,20260615,이익분배,28,.00280079822749,"10,648.73",0.00,현금(배당소득),확정,정액,49000000,2026/06/17 ~ 2026/06/17,,
KR70086C0007,TIGER 리츠부동산인프라10채권혼합액티브,20260515,이익분배,28,.00280079822749,"10,629.97",0.00,현금(배당소득),확정,정액,49000000,2026/05/19 ~ 2026/05/19,,
KR70086C0007,TIGER 리츠부동산인프라10채권혼합액티브,20260415,이익분배,28,.00280079822749,"10,646.65",0.00,현금(배당소득),확정,정액,43400000,2026/04/17 ~ 2026/04/17,,
KR70086C0007,TIGER 리츠부동산인프라10채권혼합액티브,20260313,이익분배,28,.00280079822749,"10,604.59",0.00,현금(배당소득),확정,정액,43400000,2026/03/17 ~ 2026/03/17,,
KR70086C0007,TIGER 리츠부동산인프라10채권혼합액티브,20260213,이익분배,28,.00280079822749,"10,591.81",0.00,현금(배당소득),확정,정액,42000000,2026/02/20 ~ 2026/02/20,,
KR70086C0007,TIGER 리츠부동산인프라10채권혼합액티브,20260115,이익분배,28,.00280079822749,"10,670.43",0.00,현금(배당소득),확정,정액,42000000,2026/01/19 ~ 2026/01/19,,
KR70086C0007,TIGER 리츠부동산인프라10채권혼합액티브,20251215,이익분배,28,.00280079822749,"10,037.85",0.00,현금(배당소득),확정,정액,42000000,2025/12/17 ~ 2025/12/17,,
KR70086C0007,TIGER 리츠부동산인프라10채권혼합액티브,20251114,이익분배,28,.00280079822749,"10,020.11",0.00,현금(배당소득),확정,정액,42000000,2025/11/18 ~ 2025/11/18,,
KR70086C0007,TIGER 리츠부동산인프라10채권혼합액티브,20251015,이익분배,28,.00280079822749,"9,999.26",0.00,현금(배당소득),확정,정액,42000000,2025/10/17 ~ 2025/10/17,,
KR70086C0007,TIGER 리츠부동산인프라10채권혼합액티브,20250915,이익분배,27,.00270076971937,"9,957.30",0.00,현금(배당소득),확정,정액,40500000,2025/09/17 ~ 2025/09/17,,
KR70086B0008,TIGER 리츠부동산인프라TOP10액티브,20260715,이익분배,54,.00540498339469,"10,968.98",0.00,현금(배당소득),확정,정액,278100000,2026/07/20 ~ 2026/07/20,,
KR70086B0008,TIGER 리츠부동산인프라TOP10액티브,20260615,이익분배,54,.00540498339469,"10,904.18",0.00,현금(배당소득),확정,정액,280800000,2026/06/17 ~ 2026/06/17,,
KR70086B0008,TIGER 리츠부동산인프라TOP10액티브,20260515,이익분배,54,.00540498339469,"10,871.97",0.00,현금(배당소득),확정,정액,348300000,2026/05/19 ~ 2026/05/19,,
KR70086B0008,TIGER 리츠부동산인프라TOP10액티브,20260415,이익분배,54,.00540498339469,"10,931.43",0.00,현금(배당소득),확정,정액,459000000,2026/04/17 ~ 2026/04/17,,
KR70086B0008,TIGER 리츠부동산인프라TOP10액티브,20260313,이익분배,54,.00540498339469,"10,856.50",0.00,현금(배당소득),확정,정액,459000000,2026/03/17 ~ 2026/03/17,,
KR70086B0008,TIGER 리츠부동산인프라TOP10액티브,20260213,이익분배,54,.00540498339469,"10,860.79",0.00,현금(배당소득),확정,정액,459000000,2026/02/20 ~ 2026/02/20,,
KR70086B0008,TIGER 리츠부동산인프라TOP10액티브,20260115,이익분배,54,.00540498339469,"10,999.56",0.00,현금(배당소득),확정,정액,540000000,2026/01/19 ~ 2026/01/19,,
KR70086B0008,TIGER 리츠부동산인프라TOP10액티브,20251215,이익분배,54,.00540498339469,"10,064.78",0.00,현금(배당소득),확정,정액,540000000,2025/12/17 ~ 2025/12/17,,
KR70086B0008,TIGER 리츠부동산인프라TOP10액티브,20251114,이익분배,54,.00540498339469,"10,027.57",0.00,현금(배당소득),확정,정액,540000000,2025/11/18 ~ 2025/11/18,,
KR70086B0008,TIGER 리츠부동산인프라TOP10액티브,20251015,이익분배,54,.00540498339469,"9,989.64",0.00,현금(배당소득),확정,정액,540000000,2025/10/17 ~ 2025/10/17,,
KR70086B0008,TIGER 리츠부동산인프라TOP10액티브,20250915,이익분배,54,.00540498339469,"9,912.86",0.00,현금(배당소득),확정,정액,540000000,2025/09/17 ~ 2025/09/17,,
KR70098N0000,PLUS 자사주매입고배당주,20260715,이익분배,70,.00688089852739,"10,235.67",0.00,현금(배당소득),확정,정액,441000000,2026/07/20 ~ 2026/07/20,,
KR70098N0000,PLUS 자사주매입고배당주,20260615,이익분배,70,.00688089852739,"10,309.52",0.00,현금(배당소득),확정,정액,462000000,2026/06/17 ~ 2026/06/17,,
KR70098N0000,PLUS 자사주매입고배당주,20260515,이익분배,70,.00688089852739,"10,368.43",0.00,현금(배당소득),확정,정액,521500000,2026/05/19 ~ 2026/05/19,,
KR70098N0000,PLUS 자사주매입고배당주,20260415,이익분배,70,.00688089852739,"10,419.92",0.00,현금(배당소득),확정,정액,535500000,2026/04/17 ~ 2026/04/17,,
KR70098N0000,PLUS 자사주매입고배당주,20260313,이익분배,40,.00393194201565,"10,285.94",0.00,현금(배당소득),확정,정액,306000000,2026/03/17 ~ 2026/03/17,,
KR70098N0000,PLUS 자사주매입고배당주,20260213,이익분배,40,.00393194201565,"10,167.80",0.00,현금(배당소득),확정,정액,308000000,2026/02/20 ~ 2026/02/20,,
KR70098N0000,PLUS 자사주매입고배당주,20260115,이익분배,40,.00393194201565,"10,208.66",0.00,현금(배당소득),확정,정액,344000000,2026/01/19 ~ 2026/01/19,,
KR70098N0000,PLUS 자사주매입고배당주,20251215,이익분배,35,.00344044926369,"10,190.93",0.00,현금(배당소득),확정,정액,325500000,2025/12/17 ~ 2025/12/17,,
KR70098N0000,PLUS 자사주매입고배당주,20251114,이익분배,35,.00344044926369,"10,184.64",0.00,현금(배당소득),확정,정액,325500000,2025/11/18 ~ 2025/11/18,,
KR70098N0000,PLUS 자사주매입고배당주,20251015,이익분배,35,.00344044926369,"10,176.17",0.00,현금(배당소득),확정,정액,371000000,2025/10/17 ~ 2025/10/17,,
KR7490600004,RISE 미국배당100데일리고정커버드콜,20260715,이익분배,149,.0149,"10,826.84",0.00,현금(배당소득),확정,정액,2503200000,2026/07/20 ~ 2026/07/20,,
KR7490600004,RISE 미국배당100데일리고정커버드콜,20260615,이익분배,120,.012,"10,974.25",0.00,현금(배당소득),확정,정액,1854000000,2026/06/17 ~ 2026/06/17,,
KR7490600004,RISE 미국배당100데일리고정커버드콜,20260515,이익분배,157,.0157,"10,719.53",0.00,현금(배당소득),확정,정액,2315750000,2026/05/19 ~ 2026/05/19,,
KR7490600004,RISE 미국배당100데일리고정커버드콜,20260415,이익분배,114,.0114,"10,512.27",0.00,현금(배당소득),확정,정액,1425000000,2026/04/17 ~ 2026/04/17,,
KR7490600004,RISE 미국배당100데일리고정커버드콜,20260331,이익분배,142,.0142,"10,748.86",0.00,현금(배당소득),확정,정액,1732400000,2026/04/02 ~ 2026/04/02,,
KR7490600004,RISE 미국배당100데일리고정커버드콜,20260227,이익분배,103,.0103,"10,538.60",0.00,현금(배당소득),확정,정액,1215400000,2026/03/04 ~ 2026/03/04,,
KR7490600004,RISE 미국배당100데일리고정커버드콜,20260130,이익분배,99,.0099,"10,141.93",0.00,현금(배당소득),확정,정액,1272150000,2026/02/03 ~ 2026/02/03,,
KR7490600004,RISE 미국배당100데일리고정커버드콜,20251230,이익분배,115,.0115,"9,868.81",0.00,현금(배당소득),확정,정액,1374250000,2026/01/05 ~ 2026/01/05,,
KR7490600004,RISE 미국배당100데일리고정커버드콜,20251128,이익분배,120,.012,"9,865.48",0.00,현금(배당소득),확정,정액,1326000000,2025/12/02 ~ 2025/12/02,,
KR7490600004,RISE 미국배당100데일리고정커버드콜,20251031,이익분배,130,.013,"9,733.27",0.00,현금(배당소득),확정,정액,1319500000,2025/11/04 ~ 2025/11/04,,
KR7490600004,RISE 미국배당100데일리고정커버드콜,20250930,이익분배,120,.012,"9,683.44",0.00,현금(배당소득),확정,정액,1212000000,2025/10/02 ~ 2025/10/02,,
KR7490600004,RISE 미국배당100데일리고정커버드콜,20250829,이익분배,116,.0116,"9,640.08",0.00,현금(배당소득),확정,정액,1073000000,2025/09/02 ~ 2025/09/02,,
KR7490600004,RISE 미국배당100데일리고정커버드콜,20250731,이익분배,100,.01,"9,419.77",0.00,현금(배당소득),확정,정액,935000000,2025/08/04 ~ 2025/08/04,,
KR7490600004,RISE 미국배당100데일리고정커버드콜,20250630,이익분배,122,.0122,"8,919.70",0.00,현금(배당소득),확정,정액,957700000,2025/07/02 ~ 2025/07/02,,
KR7490600004,RISE 미국배당100데일리고정커버드콜,20250530,이익분배,155,.0155,"8,974.31",0.00,현금(배당소득),확정,정액,1023000000,2025/06/04 ~ 2025/06/04,,
KR7490600004,RISE 미국배당100데일리고정커버드콜,20250430,이익분배,200,.02,"9,169.38",0.00,현금(배당소득),확정,정액,1080000000,2025/05/07 ~ 2025/05/07,,
KR7490600004,RISE 미국배당100데일리고정커버드콜,20250331,이익분배,162,.0162,"10,115.70",0.00,현금(배당소득),확정,정액,753300000,2025/04/02 ~ 2025/04/02,,
KR7490600004,RISE 미국배당100데일리고정커버드콜,20250228,이익분배,112,.0112,"10,169.29",0.00,현금(배당소득),확정,정액,520800000,2025/03/05 ~ 2025/03/05,,
KR7490600004,RISE 미국배당100데일리고정커버드콜,20250131,이익분배,111,.0111,"10,170.57",0.00,현금(배당소득),확정,정액,549450000,2025/02/04 ~ 2025/02/04,,
KR7490600004,RISE 미국배당100데일리고정커버드콜,20241230,이익분배,112,.0112,"10,323.67",0.00,현금(배당소득),확정,정액,560000000,2025/01/03 ~ 2025/01/03,,
KR7490600004,RISE 미국배당100데일리고정커버드콜,20241129,이익분배,131,.0131,"10,554.43",0.00,현금(배당소득),확정,정액,504350000,2024/12/03 ~ 2024/12/03,,
KR7490600004,RISE 미국배당100데일리고정커버드콜,20241031,이익분배,135,.0135,"10,331.04",0.00,현금(배당소득),확정,정액,290250000,2024/11/04 ~ 2024/11/04,,
KR70153K0005,KODEX 주주환원고배당주,20260715,이익분배,44,.00430554074167,"10,307.56",0.00,현금(배당소득),확정,정액,580800000,2026/07/20 ~ 2026/07/20,,
KR70153K0005,KODEX 주주환원고배당주,20260615,이익분배,42,.00410983434432,"10,353.56",0.00,현금(배당소득),확정,정액,617400000,2026/06/17 ~ 2026/06/17,,
KR70153K0005,KODEX 주주환원고배당주,20260515,이익분배,40,.00391412794697,"10,384.98",0.00,현금(배당소득),확정,정액,728000000,2026/05/19 ~ 2026/05/19,,
KR70153K0005,KODEX 주주환원고배당주,20260415,이익분배,33,.00322915555625,"10,417.21",0.00,현금(배당소득),확정,정액,699600000,2026/04/17 ~ 2026/04/17,,
KR70153K0005,KODEX 주주환원고배당주,20260313,이익분배,32,.00313130235758,"10,262.03",0.00,현금(배당소득),확정,정액,736000000,2026/03/17 ~ 2026/03/17,,
KR70104N0002,TIGER 200타겟위클리커버드콜,20260715,이익분배,137,.01368375737999,"10,017.81",0.00,현금(배당소득),확정,정액,1465900000,2026/07/20 ~ 2026/07/20,,
KR70104N0002,TIGER 200타겟위클리커버드콜,20260615,이익분배,141,.01408328314291,"10,014.81",0.00,현금(배당소득),확정,정액,1494600000,2026/06/17 ~ 2026/06/17,,
KR70104N0002,TIGER 200타겟위클리커버드콜,20260515,이익분배,137,.01368375737999,"10,015.13",0.00,현금(배당소득),확정,정액,1397400000,2026/05/19 ~ 2026/05/19,,
KR70104N0002,TIGER 200타겟위클리커버드콜,20260415,이익분배,103,.01028778839517,"10,055.72",0.00,현금(배당소득),확정,정액,927000000,2026/04/17 ~ 2026/04/17,,
KR70104N0002,TIGER 200타겟위클리커버드콜,20260313,이익분배,97,.0096884997508,"10,044.78",0.00,현금(배당소득),확정,정액,873000000,2026/03/17 ~ 2026/03/17,,
KR70104N0002,TIGER 200타겟위클리커버드콜,20260213,이익분배,92,.00918909254715,"10,011.49",0.00,현금(배당소득),확정,정액,800400000,2026/02/20 ~ 2026/02/20,,
KR70104N0002,TIGER 200타겟위클리커버드콜,20260115,이익분배,80,.00799051525839,"10,036.30",0.00,현금(배당소득),확정,정액,304000000,2026/01/19 ~ 2026/01/19,,
KR70104N0002,TIGER 200타겟위클리커버드콜,20251215,이익분배,72,.00719146373255,"10,016.79",0.00,현금(배당소득),확정,정액,259200000,2025/12/17 ~ 2025/12/17,,
KR70104N0002,TIGER 200타겟위클리커버드콜,20251114,이익분배,71,.00709158229182,"10,014.38",0.00,현금(배당소득),확정,정액,255600000,2025/11/18 ~ 2025/11/18,,
KR70104N0002,TIGER 200타겟위클리커버드콜,20251015,이익분배,62,.00619264932525,"10,021.29",0.00,현금(배당소득),확정,정액,217000000,2025/10/17 ~ 2025/10/17,,
KR7495040008,PLUS 코리아밸류업,20260715,이익분배,45,.00467308159616,"9,760.03",0.00,현금(배당소득),확정,정액,126000000,2026/07/20 ~ 2026/07/20,,
KR7495040008,PLUS 코리아밸류업,20260615,이익분배,20,.00207692515385,"9,771.69",0.00,현금(배당소득),확정,정액,55000000,2026/06/17 ~ 2026/06/17,,
KR7495040008,PLUS 코리아밸류업,20260515,이익분배,20,.00207692515385,"9,773.73",0.00,현금(배당소득),확정,정액,59000000,2026/05/19 ~ 2026/05/19,,
KR7495040008,PLUS 코리아밸류업,20260415,이익분배,20,.00207692515385,"9,772.68",0.00,현금(배당소득),확정,정액,53000000,2026/04/17 ~ 2026/04/17,,
KR7495040008,PLUS 코리아밸류업,20260313,이익분배,20,.00207692515385,"9,705.36",0.00,현금(배당소득),확정,정액,52000000,2026/03/17 ~ 2026/03/17,,
KR7495040008,PLUS 코리아밸류업,20260213,이익분배,20,.00207692515385,"9,644.57",0.00,현금(배당소득),확정,정액,51000000,2026/02/20 ~ 2026/02/20,,
KR7495040008,PLUS 코리아밸류업,20260115,이익분배,20,.00207692515385,"9,658.38",0.00,현금(배당소득),확정,정액,49000000,2026/01/19 ~ 2026/01/19,,
KR7495040008,PLUS 코리아밸류업,20251215,이익분배,20,.00207692515385,"9,644.70",0.00,현금(배당소득),확정,정액,49000000,2025/12/17 ~ 2025/12/17,,
KR7495040008,PLUS 코리아밸류업,20251114,이익분배,20,.00207692515385,"9,643.99",0.00,현금(배당소득),확정,정액,49000000,2025/11/18 ~ 2025/11/18,,
KR7495040008,PLUS 코리아밸류업,20251015,이익분배,20,.00207692515385,"9,640.15",0.00,현금(배당소득),확정,정액,52000000,2025/10/17 ~ 2025/10/17,,
KR7495040008,PLUS 코리아밸류업,20250915,이익분배,20,.00207692515385,"9,649.07",0.00,현금(배당소득),확정,정액,50000000,2025/09/17 ~ 2025/09/17,,
KR7495040008,PLUS 코리아밸류업,20250814,이익분배,20,.00207692515385,"9,654.60",0.00,현금(배당소득),확정,정액,50000000,2025/08/19 ~ 2025/08/19,,
KR7495040008,PLUS 코리아밸류업,20250715,이익분배,20,.00207692515385,"9,653.38",0.00,현금(배당소득),확정,정액,51000000,2025/07/17 ~ 2025/07/17,,
KR7495040008,PLUS 코리아밸류업,20250613,이익분배,25,.00259615644231,"9,667.89",0.00,현금(배당소득),확정,정액,65000000,2025/06/17 ~ 2025/06/17,,
KR7495040008,PLUS 코리아밸류업,20250515,이익분배,20,.00207692515385,"9,676.60",0.00,현금(배당소득),확정,정액,54000000,2025/05/19 ~ 2025/05/19,,
KR7495040008,PLUS 코리아밸류업,20250415,이익분배,50,.00519231288462,"9,709.02",0.00,현금(배당소득),확정,정액,137500000,2025/04/17 ~ 2025/04/17,,
KR7495040008,PLUS 코리아밸류업,20250314,이익분배,80,.00830770061539,"9,716.44",0.00,현금(배당소득),확정,정액,220000000,2025/03/18 ~ 2025/03/18,,
KR7495040008,PLUS 코리아밸류업,20250214,이익분배,4,.00041538503077,"9,641.29",0.00,현금(배당소득),확정,정액,11400000,2025/02/18 ~ 2025/02/18,,
KR7495040008,PLUS 코리아밸류업,20250115,이익분배,20,.00207692515385,"9,662.16",0.00,현금(배당소득),확정,정액,57000000,2025/01/17 ~ 2025/01/17,,
KR7494420003,PLUS 미국배당증가성장주데일리커버드콜,20260715,이익분배,115,.0115,"10,862.54",0.00,현금(배당소득),확정,정액,195500000,2026/07/20 ~ 2026/07/20,,
KR7494420003,PLUS 미국배당증가성장주데일리커버드콜,20260615,이익분배,111,.0111,"10,794.71",0.00,현금(배당소득),확정,정액,199800000,2026/06/17 ~ 2026/06/17,,
KR7494420003,PLUS 미국배당증가성장주데일리커버드콜,20260515,이익분배,106,.0106,"10,549.00",0.00,현금(배당소득),확정,정액,190800000,2026/05/19 ~ 2026/05/19,,
KR7494420003,PLUS 미국배당증가성장주데일리커버드콜,20260415,이익분배,105,.0105,"10,467.10",0.00,현금(배당소득),확정,정액,189000000,2026/04/17 ~ 2026/04/17,,
KR7494420003,PLUS 미국배당증가성장주데일리커버드콜,20260313,이익분배,100,.01,"10,303.90",0.00,현금(배당소득),확정,정액,180000000,2026/03/17 ~ 2026/03/17,,
KR7494420003,PLUS 미국배당증가성장주데일리커버드콜,20260213,이익분배,100,.01,"10,528.79",0.00,현금(배당소득),확정,정액,180000000,2026/02/20 ~ 2026/02/20,,
KR7494420003,PLUS 미국배당증가성장주데일리커버드콜,20260115,이익분배,100,.01,"10,878.93",0.00,현금(배당소득),확정,정액,180000000,2026/01/19 ~ 2026/01/19,,
KR7494420003,PLUS 미국배당증가성장주데일리커버드콜,20251215,이익분배,115,.0115,"10,788.26",0.00,현금(배당소득),확정,정액,207000000,2025/12/17 ~ 2025/12/17,,
KR7494420003,PLUS 미국배당증가성장주데일리커버드콜,20251114,이익분배,110,.011,"10,698.70",0.00,현금(배당소득),확정,정액,198000000,2025/11/18 ~ 2025/11/18,,
KR7494420003,PLUS 미국배당증가성장주데일리커버드콜,20251015,이익분배,110,.011,"10,311.07",0.00,현금(배당소득),확정,정액,220000000,2025/10/17 ~ 2025/10/17,,
KR7494420003,PLUS 미국배당증가성장주데일리커버드콜,20250915,이익분배,110,.011,"10,300.36",0.00,현금(배당소득),확정,정액,220000000,2025/09/17 ~ 2025/09/17,,
KR7494420003,PLUS 미국배당증가성장주데일리커버드콜,20250814,이익분배,107,.0107,"9,917.58",0.00,현금(배당소득),확정,정액,214000000,2025/08/19 ~ 2025/08/19,,
KR7494420003,PLUS 미국배당증가성장주데일리커버드콜,20250715,이익분배,110,.011,"9,846.03",0.00,현금(배당소득),확정,정액,209000000,2025/07/17 ~ 2025/07/17,,
KR7494420003,PLUS 미국배당증가성장주데일리커버드콜,20250613,이익분배,101,.0101,"9,526.40",0.00,현금(배당소득),확정,정액,202000000,2025/06/17 ~ 2025/06/17,,
KR7494420003,PLUS 미국배당증가성장주데일리커버드콜,20250515,이익분배,105,.0105,"9,602.03",0.00,현금(배당소득),확정,정액,199500000,2025/05/19 ~ 2025/05/19,,
KR7494420003,PLUS 미국배당증가성장주데일리커버드콜,20250415,이익분배,104,.0104,"9,076.70",0.00,현금(배당소득),확정,정액,187200000,2025/04/17 ~ 2025/04/17,,
KR7494420003,PLUS 미국배당증가성장주데일리커버드콜,20250314,이익분배,110,.011,"9,700.99",0.00,현금(배당소득),확정,정액,187000000,2025/03/18 ~ 2025/03/18,,
KR7494420003,PLUS 미국배당증가성장주데일리커버드콜,20250214,이익분배,110,.011,"10,225.80",0.00,현금(배당소득),확정,정액,176000000,2025/02/18 ~ 2025/02/18,,
KR7494420003,PLUS 미국배당증가성장주데일리커버드콜,20250115,이익분배,110,.011,"9,885.75",0.00,현금(배당소득),확정,정액,176000000,2025/01/17 ~ 2025/01/17,,
KR7494420003,PLUS 미국배당증가성장주데일리커버드콜,20241213,이익분배,110,.011,"10,107.58",0.00,현금(배당소득),확정,정액,132000000,2024/12/17 ~ 2024/12/17,,
KR7494420003,PLUS 미국배당증가성장주데일리커버드콜,20241115,이익분배,100,.01,"10,069.63",0.00,현금(배당소득),확정,정액,70000000,2024/11/19 ~ 2024/11/19,,
KR70194R0009,KIWOOM SK하이닉스선물단일종목레버리지,20260715,이익분배,16,.0008,"20,001.82",0.00,현금(배당소득),확정,정액,23600000,2026/07/20 ~ 2026/07/20,,
KR70115C0002,RISE 미국고배당다우존스TOP10,20260715,이익분배,35,.0035,"11,854.58",0.00,현금(배당소득),확정,정액,77000000,2026/07/20 ~ 2026/07/20,,
KR70115C0002,RISE 미국고배당다우존스TOP10,20260615,이익분배,34,.0034,"11,928.70",0.00,현금(배당소득),확정,정액,73100000,2026/06/17 ~ 2026/06/17,,
KR70115C0002,RISE 미국고배당다우존스TOP10,20260515,이익분배,34,.0034,"11,138.57",0.00,현금(배당소득),확정,정액,76500000,2026/05/19 ~ 2026/05/19,,
KR70115C0002,RISE 미국고배당다우존스TOP10,20260415,이익분배,34,.0034,"11,246.06",0.00,현금(배당소득),확정,정액,61200000,2026/04/17 ~ 2026/04/17,,
KR70115C0002,RISE 미국고배당다우존스TOP10,20260313,이익분배,34,.0034,"11,507.60",0.00,현금(배당소득),확정,정액,51000000,2026/03/17 ~ 2026/03/17,,
KR70115C0002,RISE 미국고배당다우존스TOP10,20260213,이익분배,34,.0034,"11,706.58",0.00,현금(배당소득),확정,정액,52700000,2026/02/20 ~ 2026/02/20,,
KR70115C0002,RISE 미국고배당다우존스TOP10,20260115,이익분배,34,.0034,"11,042.62",0.00,현금(배당소득),확정,정액,45900000,2026/01/19 ~ 2026/01/19,,
KR70115C0002,RISE 미국고배당다우존스TOP10,20251215,이익분배,35,.0035,"10,836.97",0.00,현금(배당소득),확정,정액,43750000,2025/12/17 ~ 2025/12/17,,
KR70089D0003,KODEX 금융고배당TOP10,20260715,이익분배,66,.0066626152582,"9,916.78",0.00,현금(배당소득),확정,정액,1141800000,2026/07/20 ~ 2026/07/20,,
KR70089D0003,KODEX 금융고배당TOP10,20260615,이익분배,64,.00646071782613,"9,984.03",0.00,현금(배당소득),확정,정액,1139200000,2026/06/17 ~ 2026/06/17,,
KR70089D0003,KODEX 금융고배당TOP10,20260515,이익분배,67,.00676356397423,"10,053.98",0.00,현금(배당소득),확정,정액,1232800000,2026/05/19 ~ 2026/05/19,,
KR70089D0003,KODEX 금융고배당TOP10,20260415,이익분배,66,.0066626152582,"10,069.80",0.00,현금(배당소득),확정,정액,1194600000,2026/04/17 ~ 2026/04/17,,
KR70089D0003,KODEX 금융고배당TOP10,20260313,이익분배,62,.00625882039406,"9,970.99",0.00,현금(배당소득),확정,정액,1128400000,2026/03/17 ~ 2026/03/17,,
KR70089D0003,KODEX 금융고배당TOP10,20260213,이익분배,27,.0027256153329,"9,908.91",0.00,현금(배당소득),확정,정액,499500000,2026/02/20 ~ 2026/02/20,,
KR70089D0003,KODEX 금융고배당TOP10,20260115,이익분배,27,.0027256153329,"9,938.89",0.00,현금(배당소득),확정,정액,542700000,2026/01/19 ~ 2026/01/19,,
KR70089D0003,KODEX 금융고배당TOP10,20251215,이익분배,27,.0027256153329,"9,923.86",0.00,현금(배당소득),확정,정액,507600000,2025/12/17 ~ 2025/12/17,,
KR70089D0003,KODEX 금융고배당TOP10,20251114,이익분배,28,.00282656404893,"9,940.31",0.00,현금(배당소득),확정,정액,562800000,2025/11/18 ~ 2025/11/18,,
KR7489250001,KODEX 미국배당다우존스,20260715,이익분배,40,.004,"13,379.25",0.00,현금(배당소득),확정,정액,1752000000,2026/07/20 ~ 2026/07/20,,
KR7489250001,KODEX 미국배당다우존스,20260615,이익분배,29,.0029,"13,480.96",0.00,현금(배당소득),확정,정액,1209300000,2026/06/17 ~ 2026/06/17,,
KR7489250001,KODEX 미국배당다우존스,20260515,이익분배,26,.0026,"12,970.80",0.00,현금(배당소득),확정,정액,1068600000,2026/05/19 ~ 2026/05/19,,
KR7489250001,KODEX 미국배당다우존스,20260415,이익분배,33,.0033,"12,518.30",0.00,현금(배당소득),확정,정액,1270500000,2026/04/17 ~ 2026/04/17,,
KR7489250001,KODEX 미국배당다우존스,20260313,이익분배,32,.0032,"12,400.28",0.00,현금(배당소득),확정,정액,1139200000,2026/03/17 ~ 2026/03/17,,
KR7489250001,KODEX 미국배당다우존스,20260213,이익분배,28,.0028,"12,455.76",0.00,현금(배당소득),확정,정액,954800000,2026/02/20 ~ 2026/02/20,,
KR7489250001,KODEX 미국배당다우존스,20260115,이익분배,34,.0034,"11,561.04",0.00,현금(배당소득),확정,정액,1094800000,2026/01/19 ~ 2026/01/19,,
KR7489250001,KODEX 미국배당다우존스,20251215,이익분배,33,.0033,"11,225.70",0.00,현금(배당소득),확정,정액,1052700000,2025/12/17 ~ 2025/12/17,,
KR7489250001,KODEX 미국배당다우존스,20251114,이익분배,21,.0021,"10,926.87",0.00,현금(배당소득),확정,정액,695100000,2025/11/18 ~ 2025/11/18,,
KR7489250001,KODEX 미국배당다우존스,20251015,이익분배,31,.0031,"10,417.55",0.00,현금(배당소득),확정,정액,1072600000,2025/10/17 ~ 2025/10/17,,
KR7489250001,KODEX 미국배당다우존스,20250915,이익분배,28,.0028,"10,465.59",0.00,현금(배당소득),확정,정액,977200000,2025/09/17 ~ 2025/09/17,,
KR7489250001,KODEX 미국배당다우존스,20250814,이익분배,22,.0022,"10,208.41",0.00,현금(배당소득),확정,정액,765600000,2025/08/19 ~ 2025/08/19,,
KR7489250001,KODEX 미국배당다우존스,20250715,이익분배,31,.0031,"10,410.47",0.00,현금(배당소득),확정,정액,1044700000,2025/07/17 ~ 2025/07/17,,
KR7489250001,KODEX 미국배당다우존스,20250613,이익분배,30,.003,"10,137.75",0.00,현금(배당소득),확정,정액,1014000000,2025/06/17 ~ 2025/06/17,,
KR7489250001,KODEX 미국배당다우존스,20250515,이익분배,24,.0024,"10,264.97",0.00,현금(배당소득),확정,정액,816000000,2025/05/19 ~ 2025/05/19,,
KR7489250001,KODEX 미국배당다우존스,20250415,이익분배,34,.0034,"9,940.75",0.00,현금(배당소득),확정,정액,1030200000,2025/04/17 ~ 2025/04/17,,
KR7489250001,KODEX 미국배당다우존스,20250314,이익분배,29,.0029,"10,992.34",0.00,현금(배당소득),확정,정액,759800000,2025/03/18 ~ 2025/03/18,,
KR7489250001,KODEX 미국배당다우존스,20250214,이익분배,32,.0032,"11,093.64",0.00,현금(배당소득),확정,정액,857600000,2025/02/18 ~ 2025/02/18,,
KR7489250001,KODEX 미국배당다우존스,20250115,이익분배,40,.004,"10,931.43",0.00,현금(배당소득),확정,정액,1084000000,2025/01/17 ~ 2025/01/17,,
KR7489250001,KODEX 미국배당다우존스,20241213,이익분배,41,.0041,"11,240.70",0.00,현금(배당소득),확정,정액,1098800000,2024/12/17 ~ 2024/12/17,,
KR7489250001,KODEX 미국배당다우존스,20241115,이익분배,28,.0028,"11,160.10",0.00,현금(배당소득),확정,정액,680400000,2024/11/19 ~ 2024/11/19,,
KR7489250001,KODEX 미국배당다우존스,20241015,이익분배,33,.0033,"10,481.65",0.00,현금(배당소득),확정,정액,792000000,2024/10/17 ~ 2024/10/17,,
KR7489250001,KODEX 미국배당다우존스,20240913,이익분배,30,.003,"10,154.23",0.00,현금(배당소득),확정,정액,720000000,2024/09/20 ~ 2024/09/20,,
KR7476800008,KODEX 한국부동산리츠인프라,20260715,이익분배,29,.00569711018997,"5,422.88",0.00,현금(배당소득),확정,정액,3365450000,2026/07/20 ~ 2026/07/20,,
KR7476800008,KODEX 한국부동산리츠인프라,20260615,이익분배,29,.00569711018997,"5,404.10",0.00,현금(배당소득),확정,정액,3364000000,2026/06/17 ~ 2026/06/17,,
KR7476800008,KODEX 한국부동산리츠인프라,20260515,이익분배,30,.00589356226549,"5,398.53",0.00,현금(배당소득),확정,정액,3447000000,2026/05/19 ~ 2026/05/19,,
KR7476800008,KODEX 한국부동산리츠인프라,20260415,이익분배,30,.00589356226549,"5,420.47",0.00,현금(배당소득),확정,정액,3553500000,2026/04/17 ~ 2026/04/17,,
KR7476800008,KODEX 한국부동산리츠인프라,20260313,이익분배,29,.00569711018997,"5,423.18",0.00,현금(배당소득),확정,정액,3514800000,2026/03/17 ~ 2026/03/17,,
KR7476800008,KODEX 한국부동산리츠인프라,20260213,이익분배,29,.00569711018997,"5,453.95",0.00,현금(배당소득),확정,정액,3549600000,2026/02/20 ~ 2026/02/20,,
KR7476800008,KODEX 한국부동산리츠인프라,20260115,이익분배,29,.00569711018997,"5,522.78",0.00,현금(배당소득),확정,정액,3491600000,2026/01/19 ~ 2026/01/19,,
KR7476800008,KODEX 한국부동산리츠인프라,20251215,이익분배,29,.00569711018997,"5,122.04",0.00,현금(배당소득),확정,정액,3333550000,2025/12/17 ~ 2025/12/17,,
KR7476800008,KODEX 한국부동산리츠인프라,20251114,이익분배,31,.006090014341,"5,103.92",0.00,현금(배당소득),확정,정액,3529350000,2025/11/18 ~ 2025/11/18,,
KR7476800008,KODEX 한국부동산리츠인프라,20251015,이익분배,33,.00648291849203,"5,107.67",0.00,현금(배당소득),확정,정액,3506250000,2025/10/17 ~ 2025/10/17,,
KR7476800008,KODEX 한국부동산리츠인프라,20250915,이익분배,34,.00667937056755,"5,080.09",0.00,현금(배당소득),확정,정액,3394900000,2025/09/17 ~ 2025/09/17,,
KR7476800008,KODEX 한국부동산리츠인프라,20250814,이익분배,34,.00667937056755,"5,103.60",0.00,현금(배당소득),확정,정액,2997100000,2025/08/19 ~ 2025/08/19,,
KR7476800008,KODEX 한국부동산리츠인프라,20250715,이익분배,37,.0072687267941,"5,162.16",0.00,현금(배당소득),확정,정액,2850850000,2025/07/17 ~ 2025/07/17,,
KR7476800008,KODEX 한국부동산리츠인프라,20250613,이익분배,35,.00687582264307,"5,115.82",0.00,현금(배당소득),확정,정액,2413250000,2025/06/17 ~ 2025/06/17,,
KR7476800008,KODEX 한국부동산리츠인프라,20250515,이익분배,37,.0072687267941,"5,109.10",0.00,현금(배당소득),확정,정액,2157100000,2025/05/19 ~ 2025/05/19,,
KR7476800008,KODEX 한국부동산리츠인프라,20250415,이익분배,39,.00766163094513,"5,133.86",0.00,현금(배당소득),확정,정액,1936350000,2025/04/17 ~ 2025/04/17,,
KR7476800008,KODEX 한국부동산리츠인프라,20250314,이익분배,39,.00766163094513,"5,136.42",0.00,현금(배당소득),확정,정액,1694550000,2025/03/18 ~ 2025/03/18,,
KR7476800008,KODEX 한국부동산리츠인프라,20250214,이익분배,36,.00707227471858,"5,149.80",0.00,현금(배당소득),확정,정액,1240200000,2025/02/18 ~ 2025/02/18,,
KR7476800008,KODEX 한국부동산리츠인프라,20250115,이익분배,38,.00746517886961,"5,216.78",0.00,현금(배당소득),확정,정액,1151400000,2025/01/17 ~ 2025/01/17,,
KR7476800008,KODEX 한국부동산리츠인프라,20241213,이익분배,37,.0072687267941,"5,155.73",0.00,현금(배당소득),확정,정액,1050800000,2024/12/17 ~ 2024/12/17,,
KR7476800008,KODEX 한국부동산리츠인프라,20241115,이익분배,36,.00707227471858,"5,157.54",0.00,현금(배당소득),확정,정액,968400000,2024/11/19 ~ 2024/11/19,,
KR7476800008,KODEX 한국부동산리츠인프라,20241015,이익분배,35,.00687582264307,"5,140.03",0.00,현금(배당소득),확정,정액,784000000,2024/10/17 ~ 2024/10/17,,
KR7476800008,KODEX 한국부동산리츠인프라,20240913,이익분배,35,.00687582264307,"5,113.10",0.00,현금(배당소득),확정,정액,696500000,2024/09/20 ~ 2024/09/20,,
KR7476800008,KODEX 한국부동산리츠인프라,20240814,이익분배,36,.00707227471858,"5,145.31",0.00,현금(배당소득),확정,정액,552600000,2024/08/19 ~ 2024/08/19,,
KR7329650006,KODEX TRF3070,20260715,이익분배,31,.00307885748565,"14,468.59",0.00,현금(배당소득),확정,정액,511500000,2026/07/20 ~ 2026/07/20,,
KR7329650006,KODEX TRF3070,20260615,이익분배,33,.00327749345246,"14,416.69",0.00,현금(배당소득),확정,정액,551100000,2026/06/17 ~ 2026/06/17,,
KR7329650006,KODEX TRF3070,20260515,이익분배,31,.00307885748565,"14,545.39",0.00,현금(배당소득),확정,정액,536300000,2026/05/19 ~ 2026/05/19,,
KR7329650006,KODEX TRF3070,20260415,이익분배,33,.00327749345246,"14,479.35",0.00,현금(배당소득),확정,정액,584100000,2026/04/17 ~ 2026/04/17,,
KR7329650006,KODEX TRF3070,20260313,이익분배,31,.00307885748565,"14,345.88",0.00,현금(배당소득),확정,정액,554900000,2026/03/17 ~ 2026/03/17,,
KR7329650006,KODEX TRF3070,20260213,이익분배,26,.00258226756861,"14,394.75",0.00,현금(배당소득),확정,정액,473200000,2026/02/20 ~ 2026/02/20,,
KR7329650006,KODEX TRF3070,20260115,이익분배,29,.00288022151883,"14,529.54",0.00,현금(배당소득),확정,정액,527800000,2026/01/19 ~ 2026/01/19,,
KR7329650006,KODEX TRF3070,20251215,이익분배,34,.00337681143587,"14,422.54",0.00,현금(배당소득),확정,정액,608600000,2025/12/17 ~ 2025/12/17,,
KR7329650006,KODEX TRF3070,20251114,이익분배,26,.00258226756861,"14,410.10",0.00,현금(배당소득),확정,정액,457600000,2025/11/18 ~ 2025/11/18,,
KR7329650006,KODEX TRF3070,20251015,이익분배,28,.00278090353542,"14,225.30",0.00,현금(배당소득),확정,정액,490000000,2025/10/17 ~ 2025/10/17,,
KR7329650006,KODEX TRF3070,20250915,이익분배,25,.0024829495852,"14,123.44",0.00,현금(배당소득),확정,정액,427500000,2025/09/17 ~ 2025/09/17,,
KR7329650006,KODEX TRF3070,20250814,이익분배,23,.00228431361838,"14,013.32",0.00,현금(배당소득),확정,정액,384100000,2025/08/19 ~ 2025/08/19,,
KR70094M0005,RISE 코리아밸류업위클리고정커버드콜,20260715,이익분배,590,.05951762478274,"9,914.17",0.00,현금(배당소득),확정,정액,6136000000,2026/07/20 ~ 2026/07/20,,
KR70094M0005,RISE 코리아밸류업위클리고정커버드콜,20260615,이익분배,420,.0423684786589,"9,920.31",0.00,현금(배당소득),확정,정액,4326000000,2026/06/17 ~ 2026/06/17,,
KR70094M0005,RISE 코리아밸류업위클리고정커버드콜,20260515,이익분배,390,.03934215875469,"9,921.86",0.00,현금(배당소득),확정,정액,3646500000,2026/05/19 ~ 2026/05/19,,
KR70094M0005,RISE 코리아밸류업위클리고정커버드콜,20260415,이익분배,340,.03429829224768,"9,967.95",0.00,현금(배당소득),확정,정액,2142000000,2026/04/17 ~ 2026/04/17,,
KR70094M0005,RISE 코리아밸류업위클리고정커버드콜,20260313,이익분배,400,.04035093205609,"9,960.81",0.00,현금(배당소득),확정,정액,1120000000,2026/03/17 ~ 2026/03/17,,
KR70094M0005,RISE 코리아밸류업위클리고정커버드콜,20260213,이익분배,310,.03127197234347,"9,914.42",0.00,현금(배당소득),확정,정액,480500000,2026/02/20 ~ 2026/02/20,,
KR70094M0005,RISE 코리아밸류업위클리고정커버드콜,20260115,이익분배,190,.01916669272664,"9,931.90",0.00,현금(배당소득),확정,정액,247000000,2026/01/19 ~ 2026/01/19,,
KR70094M0005,RISE 코리아밸류업위클리고정커버드콜,20251215,이익분배,125,.01260966626753,"9,921.16",0.00,현금(배당소득),확정,정액,187500000,2025/12/17 ~ 2025/12/17,,
KR70094M0005,RISE 코리아밸류업위클리고정커버드콜,20251114,이익분배,210,.02118423932945,"9,921.15",0.00,현금(배당소득),확정,정액,189000000,2025/11/18 ~ 2025/11/18,,
KR70094M0005,RISE 코리아밸류업위클리고정커버드콜,20251015,이익분배,105,.0105,"9,916.31",0.00,현금(배당소득),확정,정액,105000000,2025/10/17 ~ 2025/10/17,,
KR7495050007,RISE 코리아밸류업,20260715,이익분배,37,.00385069302067,"9,755.72",0.00,현금(배당소득),확정,정액,1102600000,2026/07/20 ~ 2026/07/20,,
KR7495050007,RISE 코리아밸류업,20260615,이익분배,70,.00728509490397,"9,816.69",0.00,현금(배당소득),확정,정액,2226000000,2026/06/17 ~ 2026/06/17,,
KR7495050007,RISE 코리아밸류업,20260415,이익분배,26,.0027058923929,"9,806.19",0.00,현금(배당소득),확정,정액,924300000,2026/04/17 ~ 2026/04/17,,
KR7495050007,RISE 코리아밸류업,20260313,이익분배,20,.00208145568685,"9,735.44",0.00,현금(배당소득),확정,정액,646000000,2026/03/17 ~ 2026/03/17,,
KR7495050007,RISE 코리아밸류업,20260213,이익분배,20,.00208145568685,"9,679.68",0.00,현금(배당소득),확정,정액,545000000,2026/02/20 ~ 2026/02/20,,
KR7495050007,RISE 코리아밸류업,20260115,이익분배,20,.00208145568685,"9,694.28",0.00,현금(배당소득),확정,정액,330000000,2026/01/19 ~ 2026/01/19,,
KR7495050007,RISE 코리아밸류업,20251215,이익분배,30,.00312218353027,"9,692.49",0.00,현금(배당소득),확정,정액,615000000,2025/12/17 ~ 2025/12/17,,
KR7495050007,RISE 코리아밸류업,20251114,이익분배,40,.0041629113737,"9,717.53",0.00,현금(배당소득),확정,정액,678000000,2025/11/18 ~ 2025/11/18,,
KR7495050007,RISE 코리아밸류업,20251015,이익분배,20,.00208145568685,"9,722.55",0.00,현금(배당소득),확정,정액,207000000,2025/10/17 ~ 2025/10/17,,
KR7495050007,RISE 코리아밸류업,20250915,이익분배,20,.00208145568685,"9,732.81",0.00,현금(배당소득),확정,정액,306000000,2025/09/17 ~ 2025/09/17,,
KR7495050007,RISE 코리아밸류업,20250814,이익분배,20,.00208145568685,"9,737.53",0.00,현금(배당소득),확정,정액,314000000,2025/08/19 ~ 2025/08/19,,
KR7495050007,RISE 코리아밸류업,20250715,이익분배,40,.0041629113737,"9,755.19",0.00,현금(배당소득),확정,정액,426000000,2025/07/17 ~ 2025/07/17,,
KR7495050007,RISE 코리아밸류업,20250515,이익분배,20,.00208145568685,"9,754.25",0.00,현금(배당소득),확정,정액,89000000,2025/05/19 ~ 2025/05/19,,
KR7495050007,RISE 코리아밸류업,20250415,이익분배,20,.00208145568685,"9,756.34",0.00,현금(배당소득),확정,정액,89000000,2025/04/17 ~ 2025/04/17,,
KR7495050007,RISE 코리아밸류업,20250314,이익분배,12,.00124887341211,"9,695.77",0.00,현금(배당소득),확정,정액,54000000,2025/03/18 ~ 2025/03/18,,
KR7495050007,RISE 코리아밸류업,20250214,이익분배,12,.00124887341211,"9,628.91",0.00,현금(배당소득),확정,정액,55200000,2025/02/18 ~ 2025/02/18,,
KR7495050007,RISE 코리아밸류업,20250115,이익분배,12,.00124887341211,"9,641.57",0.00,현금(배당소득),확정,정액,55200000,2025/01/17 ~ 2025/01/17,,
KR7474220001,TIGER 미국테크TOP10타겟커버드콜,20260715,이익분배,132,.0132,"16,126.43",0.00,현금(배당소득),확정,정액,3748800000,2026/07/20 ~ 2026/07/20,,
KR7474220001,TIGER 미국테크TOP10타겟커버드콜,20260615,이익분배,133,.0133,"15,793.37",0.00,현금(배당소득),확정,정액,3916850000,2026/06/17 ~ 2026/06/17,,
KR7474220001,TIGER 미국테크TOP10타겟커버드콜,20260515,이익분배,138,.0138,"16,574.41",0.00,현금(배당소득),확정,정액,4402200000,2026/05/19 ~ 2026/05/19,,
KR7474220001,TIGER 미국테크TOP10타겟커버드콜,20260415,이익분배,126,.0126,"15,381.35",0.00,현금(배당소득),확정,정액,4126500000,2026/04/17 ~ 2026/04/17,,
KR7474220001,TIGER 미국테크TOP10타겟커버드콜,20260313,이익분배,126,.0126,"15,150.50",0.00,현금(배당소득),확정,정액,4082400000,2026/03/17 ~ 2026/03/17,,
KR7474220001,TIGER 미국테크TOP10타겟커버드콜,20260213,이익분배,129,.0129,"15,313.01",0.00,현금(배당소득),확정,정액,4366650000,2026/02/20 ~ 2026/02/20,,
KR7474220001,TIGER 미국테크TOP10타겟커버드콜,20260115,이익분배,134,.0134,"16,165.23",0.00,현금(배당소득),확정,정액,4582800000,2026/01/19 ~ 2026/01/19,,
KR7474220001,TIGER 미국테크TOP10타겟커버드콜,20251215,이익분배,136,.0136,"16,478.67",0.00,현금(배당소득),확정,정액,4556000000,2025/12/17 ~ 2025/12/17,,
KR7474220001,TIGER 미국테크TOP10타겟커버드콜,20251114,이익분배,137,.0137,"16,505.00",0.00,현금(배당소득),확정,정액,4479900000,2025/11/18 ~ 2025/11/18,,
KR7474220001,TIGER 미국테크TOP10타겟커버드콜,20251015,이익분배,126,.0126,"15,090.94",0.00,현금(배당소득),확정,정액,4227300000,2025/10/17 ~ 2025/10/17,,
KR7474220001,TIGER 미국테크TOP10타겟커버드콜,20250915,이익분배,122,.0122,"14,725.20",0.00,현금(배당소득),확정,정액,4172400000,2025/09/17 ~ 2025/09/17,,
KR7474220001,TIGER 미국테크TOP10타겟커버드콜,20250814,이익분배,120,.012,"14,470.53",0.00,현금(배당소득),확정,정액,4260000000,2025/08/19 ~ 2025/08/19,,
KR7474220001,TIGER 미국테크TOP10타겟커버드콜,20250715,이익분배,111,.0111,"13,507.65",0.00,현금(배당소득),확정,정액,4123650000,2025/07/17 ~ 2025/07/17,,
KR7474220001,TIGER 미국테크TOP10타겟커버드콜,20250613,이익분배,106,.0106,"12,925.92",0.00,현금(배당소득),확정,정액,3975000000,2025/06/17 ~ 2025/06/17,,
KR7474220001,TIGER 미국테크TOP10타겟커버드콜,20250515,이익분배,106,.0106,"12,688.06",0.00,현금(배당소득),확정,정액,4065100000,2025/05/19 ~ 2025/05/19,,
KR7474220001,TIGER 미국테크TOP10타겟커버드콜,20250415,이익분배,105,.0105,"11,662.76",0.00,현금(배당소득),확정,정액,3927000000,2025/04/17 ~ 2025/04/17,,
KR7474220001,TIGER 미국테크TOP10타겟커버드콜,20250314,이익분배,106,.0106,"12,406.95",0.00,현금(배당소득),확정,정액,3747100000,2025/03/18 ~ 2025/03/18,,
KR7474220001,TIGER 미국테크TOP10타겟커버드콜,20250214,이익분배,121,.0121,"14,302.67",0.00,현금(배당소득),확정,정액,4198700000,2025/02/18 ~ 2025/02/18,,
KR7474220001,TIGER 미국테크TOP10타겟커버드콜,20250115,이익분배,121,.0121,"14,652.84",0.00,현금(배당소득),확정,정액,3932500000,2025/01/17 ~ 2025/01/17,,
KR7474220001,TIGER 미국테크TOP10타겟커버드콜,20241213,이익분배,119,.0119,"14,329.09",0.00,현금(배당소득),확정,정액,3647350000,2024/12/17 ~ 2024/12/17,,
KR7474220001,TIGER 미국테크TOP10타겟커버드콜,20241115,이익분배,113,.0113,"13,591.75",0.00,현금(배당소득),확정,정액,3344800000,2024/11/19 ~ 2024/11/19,,
KR7474220001,TIGER 미국테크TOP10타겟커버드콜,20241015,이익분배,103,.0103,"12,466.81",0.00,현금(배당소득),확정,정액,3543200000,2024/10/17 ~ 2024/10/17,,
KR7474220001,TIGER 미국테크TOP10타겟커버드콜,20240913,이익분배,95,.0095,"11,466.36",0.00,현금(배당소득),확정,정액,3291750000,2024/09/20 ~ 2024/09/20,,
KR7474220001,TIGER 미국테크TOP10타겟커버드콜,20240814,이익분배,97,.0097,"11,596.92",0.00,현금(배당소득),확정,정액,3278600000,2024/08/19 ~ 2024/08/19,,
KR7493810006,TIGER 미국AI빅테크10타겟데일리커버드콜,20260715,이익분배,155,.0155,"12,838.48",0.00,현금(배당소득),확정,정액,3348000000,2026/07/20 ~ 2026/07/20,,
KR7493810006,TIGER 미국AI빅테크10타겟데일리커버드콜,20260615,이익분배,158,.0158,"12,667.48",0.00,현금(배당소득),확정,정액,3531300000,2026/06/17 ~ 2026/06/17,,
KR7493810006,TIGER 미국AI빅테크10타겟데일리커버드콜,20260515,이익분배,162,.0162,"13,268.91",0.00,현금(배당소득),확정,정액,3685500000,2026/05/19 ~ 2026/05/19,,
KR7493810006,TIGER 미국AI빅테크10타겟데일리커버드콜,20260415,이익분배,143,.0143,"11,983.92",0.00,현금(배당소득),확정,정액,3467750000,2026/04/17 ~ 2026/04/17,,
KR7493810006,TIGER 미국AI빅테크10타겟데일리커버드콜,20260313,이익분배,143,.0143,"11,828.59",0.00,현금(배당소득),확정,정액,3374800000,2026/03/17 ~ 2026/03/17,,
KR7493810006,TIGER 미국AI빅테크10타겟데일리커버드콜,20260213,이익분배,148,.0148,"12,086.91",0.00,현금(배당소득),확정,정액,3581600000,2026/02/20 ~ 2026/02/20,,
KR7493810006,TIGER 미국AI빅테크10타겟데일리커버드콜,20260115,이익분배,154,.0154,"12,736.79",0.00,현금(배당소득),확정,정액,3742200000,2026/01/19 ~ 2026/01/19,,
KR7493810006,TIGER 미국AI빅테크10타겟데일리커버드콜,20251215,이익분배,157,.0157,"12,974.83",0.00,현금(배당소득),확정,정액,3532500000,2025/12/17 ~ 2025/12/17,,
KR7493810006,TIGER 미국AI빅테크10타겟데일리커버드콜,20251114,이익분배,158,.0158,"12,935.53",0.00,현금(배당소득),확정,정액,3286400000,2025/11/18 ~ 2025/11/18,,
KR7493810006,TIGER 미국AI빅테크10타겟데일리커버드콜,20251015,이익분배,150,.015,"11,896.86",0.00,현금(배당소득),확정,정액,2775000000,2025/10/17 ~ 2025/10/17,,
KR7493810006,TIGER 미국AI빅테크10타겟데일리커버드콜,20250915,이익분배,140,.014,"11,581.94",0.00,현금(배당소득),확정,정액,2506000000,2025/09/17 ~ 2025/09/17,,
KR7493810006,TIGER 미국AI빅테크10타겟데일리커버드콜,20250814,이익분배,138,.0138,"11,381.62",0.00,현금(배당소득),확정,정액,2401200000,2025/08/19 ~ 2025/08/19,,
KR7493810006,TIGER 미국AI빅테크10타겟데일리커버드콜,20250715,이익분배,128,.0128,"10,676.70",0.00,현금(배당소득),확정,정액,2227200000,2025/07/17 ~ 2025/07/17,,
KR7493810006,TIGER 미국AI빅테크10타겟데일리커버드콜,20250613,이익분배,121,.0121,"10,225.58",0.00,현금(배당소득),확정,정액,2075150000,2025/06/17 ~ 2025/06/17,,
KR7493810006,TIGER 미국AI빅테크10타겟데일리커버드콜,20250515,이익분배,119,.0119,"9,854.33",0.00,현금(배당소득),확정,정액,2023000000,2025/05/19 ~ 2025/05/19,,
KR7493810006,TIGER 미국AI빅테크10타겟데일리커버드콜,20250415,이익분배,115,.0115,"8,818.56",0.00,현금(배당소득),확정,정액,1845750000,2025/04/17 ~ 2025/04/17,,
KR7493810006,TIGER 미국AI빅테크10타겟데일리커버드콜,20250314,이익분배,118,.0118,"9,392.29",0.00,현금(배당소득),확정,정액,1675600000,2025/03/18 ~ 2025/03/18,,
KR7493810006,TIGER 미국AI빅테크10타겟데일리커버드콜,20250214,이익분배,139,.0139,"10,970.88",0.00,현금(배당소득),확정,정액,1813950000,2025/02/18 ~ 2025/02/18,,
KR7493810006,TIGER 미국AI빅테크10타겟데일리커버드콜,20250115,이익분배,141,.0141,"11,288.14",0.00,현금(배당소득),확정,정액,1529850000,2025/01/17 ~ 2025/01/17,,
KR7493810006,TIGER 미국AI빅테크10타겟데일리커버드콜,20241213,이익분배,139,.0139,"11,118.73",0.00,현금(배당소득),확정,정액,1438650000,2024/12/17 ~ 2024/12/17,,
KR7493810006,TIGER 미국AI빅테크10타겟데일리커버드콜,20241115,이익분배,135,.0135,"10,795.96",0.00,현금(배당소득),확정,정액,1329750000,2024/11/19 ~ 2024/11/19,,
KR7480020007,ACE 미국빅테크7+데일리타겟커버드콜(합성),20260715,이익분배,359,.0359,"12,179.90",0.00,현금(배당소득),확정,정액,4918300000,2026/07/20 ~ 2026/07/20,,
KR7480020007,ACE 미국빅테크7+데일리타겟커버드콜(합성),20260615,이익분배,389,.0389,"12,807.36",0.00,현금(배당소득),확정,정액,5329300000,2026/06/17 ~ 2026/06/17,,
KR7480020007,ACE 미국빅테크7+데일리타겟커버드콜(합성),20260515,이익분배,168,.0168,"13,464.17",0.00,현금(배당소득),확정,정액,2436000000,2026/05/19 ~ 2026/05/19,,
KR7480020007,ACE 미국빅테크7+데일리타겟커버드콜(합성),20260415,이익분배,150,.015,"12,340.42",0.00,현금(배당소득),확정,정액,2175000000,2026/04/17 ~ 2026/04/17,,
KR7480020007,ACE 미국빅테크7+데일리타겟커버드콜(합성),20260313,이익분배,151,.0151,"12,222.05",0.00,현금(배당소득),확정,정액,2189500000,2026/03/17 ~ 2026/03/17,,
KR7480020007,ACE 미국빅테크7+데일리타겟커버드콜(합성),20260213,이익분배,154,.0154,"12,358.05",0.00,현금(배당소득),확정,정액,2356200000,2026/02/20 ~ 2026/02/20,,
KR7480020007,ACE 미국빅테크7+데일리타겟커버드콜(합성),20260115,이익분배,163,.0163,"13,196.51",0.00,현금(배당소득),확정,정액,2493900000,2026/01/19 ~ 2026/01/19,,
KR7480020007,ACE 미국빅테크7+데일리타겟커버드콜(합성),20251215,이익분배,166,.0166,"13,439.71",0.00,현금(배당소득),확정,정액,2373800000,2025/12/17 ~ 2025/12/17,,
KR7480020007,ACE 미국빅테크7+데일리타겟커버드콜(합성),20251114,이익분배,164,.0164,"13,218.51",0.00,현금(배당소득),확정,정액,2394400000,2025/11/18 ~ 2025/11/18,,
KR7480020007,ACE 미국빅테크7+데일리타겟커버드콜(합성),20251015,이익분배,150,.015,"12,140.42",0.00,현금(배당소득),확정,정액,2265000000,2025/10/17 ~ 2025/10/17,,
KR7480020007,ACE 미국빅테크7+데일리타겟커버드콜(합성),20250915,이익분배,148,.0148,"12,039.05",0.00,현금(배당소득),확정,정액,2323600000,2025/09/17 ~ 2025/09/17,,
KR7480020007,ACE 미국빅테크7+데일리타겟커버드콜(합성),20250814,이익분배,145,.0145,"11,634.64",0.00,현금(배당소득),확정,정액,2334500000,2025/08/19 ~ 2025/08/19,,
KR7480020007,ACE 미국빅테크7+데일리타겟커버드콜(합성),20250715,이익분배,135,.0135,"10,953.61",0.00,현금(배당소득),확정,정액,2281500000,2025/07/17 ~ 2025/07/17,,
KR7480020007,ACE 미국빅테크7+데일리타겟커버드콜(합성),20250613,이익분배,129,.0129,"10,499.88",0.00,현금(배당소득),확정,정액,2218800000,2025/06/17 ~ 2025/06/17,,
KR7480020007,ACE 미국빅테크7+데일리타겟커버드콜(합성),20250515,이익분배,125,.0125,"10,185.64",0.00,현금(배당소득),확정,정액,2150000000,2025/05/19 ~ 2025/05/19,,
KR7480020007,ACE 미국빅테크7+데일리타겟커버드콜(합성),20250415,이익분배,116,.0116,"9,235.54",0.00,현금(배당소득),확정,정액,1995200000,2025/04/17 ~ 2025/04/17,,
KR7480020007,ACE 미국빅테크7+데일리타겟커버드콜(합성),20250314,이익분배,130,.013,"10,343.62",0.00,현금(배당소득),확정,정액,2171000000,2025/03/18 ~ 2025/03/18,,
KR7480020007,ACE 미국빅테크7+데일리타겟커버드콜(합성),20250214,이익분배,149,.0149,"11,917.69",0.00,현금(배당소득),확정,정액,2413800000,2025/02/18 ~ 2025/02/18,,
KR7480020007,ACE 미국빅테크7+데일리타겟커버드콜(합성),20250115,이익분배,155,.0155,"12,314.08",0.00,현금(배당소득),확정,정액,2418000000,2025/01/17 ~ 2025/01/17,,
KR7480020007,ACE 미국빅테크7+데일리타겟커버드콜(합성),20241213,이익분배,186,.0186,"12,375.17",0.00,현금(배당소득),확정,정액,2659800000,2024/12/17 ~ 2024/12/17,,
KR7480020007,ACE 미국빅테크7+데일리타겟커버드콜(합성),20241115,이익분배,167,.0167,"11,914.64",0.00,현금(배당소득),확정,정액,2454900000,2024/11/19 ~ 2024/11/19,,
KR7480020007,ACE 미국빅테크7+데일리타겟커버드콜(합성),20241015,이익분배,139,.0139,"11,137.21",0.00,현금(배당소득),확정,정액,2210100000,2024/10/17 ~ 2024/10/17,,
KR7480020007,ACE 미국빅테크7+데일리타겟커버드콜(합성),20240913,이익분배,129,.0129,"10,260.26",0.00,현금(배당소득),확정,정액,1986600000,2024/09/20 ~ 2024/09/20,,
KR7480020007,ACE 미국빅테크7+데일리타겟커버드콜(합성),20240814,이익분배,132,.0132,"10,594.00",0.00,현금(배당소득),확정,정액,1993200000,2024/08/19 ~ 2024/08/19,,
KR7441640000,KODEX 미국배당커버드콜액티브,20260715,이익분배,103,.0103,"13,738.63",0.00,현금(배당소득),확정,정액,13065550000,2026/07/20 ~ 2026/07/20,,
KR7441640000,KODEX 미국배당커버드콜액티브,20260615,이익분배,101,.0101,"13,657.34",0.00,현금(배당소득),확정,정액,12205850000,2026/06/17 ~ 2026/06/17,,
KR7441640000,KODEX 미국배당커버드콜액티브,20260515,이익분배,100,.01,"13,453.42",0.00,현금(배당소득),확정,정액,12295000000,2026/05/19 ~ 2026/05/19,,
KR7441640000,KODEX 미국배당커버드콜액티브,20260415,이익분배,99,.0099,"13,198.87",0.00,현금(배당소득),확정,정액,11751300000,2026/04/17 ~ 2026/04/17,,
KR7441640000,KODEX 미국배당커버드콜액티브,20260313,이익분배,99,.0099,"13,121.05",0.00,현금(배당소득),확정,정액,10795950000,2026/03/17 ~ 2026/03/17,,
KR7441640000,KODEX 미국배당커버드콜액티브,20260213,이익분배,99,.0099,"13,395.93",0.00,현금(배당소득),확정,정액,10350450000,2026/02/20 ~ 2026/02/20,,
KR7441640000,KODEX 미국배당커버드콜액티브,20260115,이익분배,98,.0098,"13,354.65",0.00,현금(배당소득),확정,정액,9422700000,2026/01/19 ~ 2026/01/19,,
KR7441640000,KODEX 미국배당커버드콜액티브,20251215,이익분배,98,.0098,"13,178.52",0.00,현금(배당소득),확정,정액,7781200000,2025/12/17 ~ 2025/12/17,,
KR7441640000,KODEX 미국배당커버드콜액티브,20251114,이익분배,96,.0096,"13,209.69",0.00,현금(배당소득),확정,정액,6427200000,2025/11/18 ~ 2025/11/18,,
KR7441640000,KODEX 미국배당커버드콜액티브,20251015,이익분배,93,.0093,"12,436.18",0.00,현금(배당소득),확정,정액,5431200000,2025/10/17 ~ 2025/10/17,,
KR7441640000,KODEX 미국배당커버드콜액티브,20250915,이익분배,92,.0092,"12,167.90",0.00,현금(배당소득),확정,정액,4894400000,2025/09/17 ~ 2025/09/17,,
KR7441640000,KODEX 미국배당커버드콜액티브,20250814,이익분배,92,.0092,"12,038.11",0.00,현금(배당소득),확정,정액,4153800000,2025/08/19 ~ 2025/08/19,,
KR7441640000,KODEX 미국배당커버드콜액티브,20250715,이익분배,91,.0091,"11,962.91",0.00,현금(배당소득),확정,정액,3717350000,2025/07/17 ~ 2025/07/17,,
KR7441640000,KODEX 미국배당커버드콜액티브,20250613,이익분배,90,.009,"11,637.14",0.00,현금(배당소득),확정,정액,3357000000,2025/06/17 ~ 2025/06/17,,
KR7441640000,KODEX 미국배당커버드콜액티브,20250515,이익분배,92,.0092,"11,850.97",0.00,현금(배당소득),확정,정액,3206200000,2025/05/19 ~ 2025/05/19,,
KR7441640000,KODEX 미국배당커버드콜액티브,20250415,이익분배,92,.0092,"11,417.87",0.00,현금(배당소득),확정,정액,2714000000,2025/04/17 ~ 2025/04/17,,
KR7441640000,KODEX 미국배당커버드콜액티브,20250314,이익분배,97,.0097,"11,885.19",0.00,현금(배당소득),확정,정액,2483200000,2025/03/18 ~ 2025/03/18,,
KR7441640000,KODEX 미국배당커버드콜액티브,20250214,이익분배,97,.0097,"12,697.26",0.00,현금(배당소득),확정,정액,1566550000,2025/02/18 ~ 2025/02/18,,
KR7441640000,KODEX 미국배당커버드콜액티브,20250115,이익분배,100,.01,"12,252.21",0.00,현금(배당소득),확정,정액,1190000000,2025/01/17 ~ 2025/01/17,,
KR7441640000,KODEX 미국배당커버드콜액티브,20241213,이익분배,100,.01,"12,581.71",0.00,현금(배당소득),확정,정액,995000000,2024/12/17 ~ 2024/12/17,,
KR7441640000,KODEX 미국배당커버드콜액티브,20241115,이익분배,88,.0088,"12,261.74",0.00,현금(배당소득),확정,정액,730400000,2024/11/19 ~ 2024/11/19,,
KR7441640000,KODEX 미국배당커버드콜액티브,20241015,이익분배,82,.0082,"11,607.10",0.00,현금(배당소득),확정,정액,664200000,2024/10/17 ~ 2024/10/17,,
KR7441640000,KODEX 미국배당커버드콜액티브,20240930,이익분배,83,.0083,"11,379.46",0.00,현금(배당소득),확정,정액,668150000,2024/10/04 ~ 2024/10/04,,
KR7441640000,KODEX 미국배당커버드콜액티브,20240830,이익분배,83,.0083,"11,369.40",0.00,현금(배당소득),확정,정액,630800000,2024/09/03 ~ 2024/09/03,,
KR7237370002,KODEX 코리아배당성장채권혼합,20260715,이익분배,39,.00365417967883,"11,943.58",0.00,현금(배당소득),확정,정액,405600000,2026/07/20 ~ 2026/07/20,,
KR7237370002,KODEX 코리아배당성장채권혼합,20260615,이익분배,37,.00346678584914,"11,928.09",0.00,현금(배당소득),확정,정액,399600000,2026/06/17 ~ 2026/06/17,,
KR7237370002,KODEX 코리아배당성장채권혼합,20260515,이익분배,35,.00327939201946,"11,993.72",0.00,현금(배당소득),확정,정액,399000000,2026/05/19 ~ 2026/05/19,,
KR7237370002,KODEX 코리아배당성장채권혼합,20260415,이익분배,44,.00412266425303,"12,098.81",0.00,현금(배당소득),확정,정액,492800000,2026/04/17 ~ 2026/04/17,,
KR7237370002,KODEX 코리아배당성장채권혼합,20260313,이익분배,39,.00365417967883,"12,062.10",0.00,현금(배당소득),확정,정액,421200000,2026/03/17 ~ 2026/03/17,,
KR7237370002,KODEX 코리아배당성장채권혼합,20260213,이익분배,40,.00374787659367,"12,086.26",0.00,현금(배당소득),확정,정액,328000000,2026/02/20 ~ 2026/02/20,,
KR7237370002,KODEX 코리아배당성장채권혼합,20260115,이익분배,39,.00365417967883,"12,156.84",0.00,현금(배당소득),확정,정액,288600000,2026/01/19 ~ 2026/01/19,,
KR7237370002,KODEX 코리아배당성장채권혼합,20251215,이익분배,37,.00346678584914,"12,105.60",0.00,현금(배당소득),확정,정액,273800000,2025/12/17 ~ 2025/12/17,,
KR7237370002,KODEX 코리아배당성장채권혼합,20251114,이익분배,36,.0033730889343,"12,191.14",0.00,현금(배당소득),확정,정액,266400000,2025/11/18 ~ 2025/11/18,,
KR7237370002,KODEX 코리아배당성장채권혼합,20251015,이익분배,30,.00281090744525,"12,298.12",0.00,현금(배당소득),확정,정액,222000000,2025/10/17 ~ 2025/10/17,,
KR7237370002,KODEX 코리아배당성장채권혼합,20250915,이익분배,24,.0022487259562,"12,340.60",0.00,현금(배당소득),확정,정액,177600000,2025/09/17 ~ 2025/09/17,,
KR7237370002,KODEX 코리아배당성장채권혼합,20250814,이익분배,18,.00168654446715,"12,329.22",0.00,현금(배당소득),확정,정액,86400000,2025/08/19 ~ 2025/08/19,,
KR7237370002,KODEX 코리아배당성장채권혼합,20250715,이익분배,10,.00093696914842,"12,310.76",0.00,현금(배당소득),확정,정액,42000000,2025/07/17 ~ 2025/07/17,,
KR7237370002,KODEX 코리아배당성장채권혼합,20250613,이익분배,12,.0012,"12,303.35",0.00,현금(배당소득),확정,정액,33600000,2025/06/17 ~ 2025/06/17,,
KR7237370002,KODEX 코리아배당성장채권혼합,20250515,이익분배,10,.001,"12,321.27",0.00,현금(배당소득),확정,정액,22000000,2025/05/19 ~ 2025/05/19,,
KR7237370002,KODEX 코리아배당성장채권혼합,20250415,이익분배,12,.0012,"12,303.77",0.00,현금(배당소득),확정,정액,26400000,2025/04/17 ~ 2025/04/17,,
KR7237370002,KODEX 코리아배당성장채권혼합,20250314,이익분배,12,.0012,"12,159.15",0.00,현금(배당소득),확정,정액,21600000,2025/03/18 ~ 2025/03/18,,
KR7237370002,KODEX 코리아배당성장채권혼합,20250214,이익분배,12,.0012,"12,120.60",0.00,현금(배당소득),확정,정액,21600000,2025/02/18 ~ 2025/02/18,,
KR7237370002,KODEX 코리아배당성장채권혼합,20250115,이익분배,11,.0011,"12,116.50",0.00,현금(배당소득),확정,정액,19800000,2025/01/17 ~ 2025/01/17,,
KR7237370002,KODEX 코리아배당성장채권혼합,20241213,이익분배,10,.001,"12,086.27",0.00,현금(배당소득),확정,정액,18000000,2024/12/17 ~ 2024/12/17,,
KR7237370002,KODEX 코리아배당성장채권혼합,20241115,이익분배,11,.0011,"12,005.06",0.00,현금(배당소득),확정,정액,19800000,2024/11/19 ~ 2024/11/19,,
KR7237370002,KODEX 코리아배당성장채권혼합,20241015,이익분배,10,.001,"11,988.45",0.00,현금(배당소득),확정,정액,18000000,2024/10/17 ~ 2024/10/17,,
KR7104530001,KIWOOM 코리아고배당,20260715,이익분배,80,.0113921653231,"7,367.92",0.00,현금(배당소득),확정,정액,172000000,2026/07/20 ~ 2026/07/20,,
KR7104530001,KIWOOM 코리아고배당,20260615,이익분배,80,.0113921653231,"7,361.58",0.00,현금(배당소득),확정,정액,172000000,2026/06/17 ~ 2026/06/17,,
KR7104530001,KIWOOM 코리아고배당,20260515,이익분배,80,.0113921653231,"7,417.47",0.00,현금(배당소득),확정,정액,200000000,2026/05/19 ~ 2026/05/19,,
KR7104530001,KIWOOM 코리아고배당,20260415,이익분배,75,.01068015499041,"7,493.38",0.00,현금(배당소득),확정,정액,187500000,2026/04/17 ~ 2026/04/17,,
KR7104530001,KIWOOM 코리아고배당,20260313,이익분배,70,.00996814465772,"7,169.99",0.00,현금(배당소득),확정,정액,175000000,2026/03/17 ~ 2026/03/17,,
KR7104530001,KIWOOM 코리아고배당,20260213,이익분배,70,.00996814465772,"7,066.34",0.00,현금(배당소득),확정,정액,178500000,2026/02/20 ~ 2026/02/20,,
KR7104530001,KIWOOM 코리아고배당,20260115,이익분배,60,.00854412399233,"7,141.13",0.00,현금(배당소득),확정,정액,156000000,2026/01/19 ~ 2026/01/19,,
KR7104530001,KIWOOM 코리아고배당,20251215,이익분배,60,.00854412399233,"7,037.80",0.00,현금(배당소득),확정,정액,153000000,2025/12/17 ~ 2025/12/17,,
KR7104530001,KIWOOM 코리아고배당,20251114,이익분배,40,.00569608266155,"7,046.04",0.00,현금(배당소득),확정,정액,116000000,2025/11/18 ~ 2025/11/18,,
KR7104530001,KIWOOM 코리아고배당,20251015,이익분배,40,.00569608266155,"7,073.78",0.00,현금(배당소득),확정,정액,124000000,2025/10/17 ~ 2025/10/17,,
KR7104530001,KIWOOM 코리아고배당,20250915,이익분배,40,.00569608266155,"7,112.15",0.00,현금(배당소득),확정,정액,124000000,2025/09/17 ~ 2025/09/17,,
KR7104530001,KIWOOM 코리아고배당,20250814,이익분배,40,.00569608266155,"7,125.83",0.00,현금(배당소득),확정,정액,128000000,2025/08/19 ~ 2025/08/19,,
KR7104530001,KIWOOM 코리아고배당,20250630,이익분배,40,.00569608266155,"7,140.65",0.00,현금(배당소득),확정,정액,102000000,2025/07/02 ~ 2025/07/02,,
KR7104530001,KIWOOM 코리아고배당,20250530,이익분배,40,.00569608266155,"7,176.54",0.00,현금(배당소득),확정,정액,74000000,2025/06/04 ~ 2025/06/04,,
KR7104530001,KIWOOM 코리아고배당,20250430,이익분배,280,.03987257863086,"7,433.59",0.00,현금(배당소득),확정,정액,434000000,2025/05/07 ~ 2025/05/07,,
KR7104530001,KIWOOM 코리아고배당,20250331,이익분배,40,.00569608266155,"7,341.79",0.00,현금(배당소득),확정,정액,56000000,2025/04/02 ~ 2025/04/02,,
KR7104530001,KIWOOM 코리아고배당,20250228,이익분배,40,.00569608266155,"7,148.54",0.00,현금(배당소득),확정,정액,56000000,2025/03/05 ~ 2025/03/05,,
KR7104530001,KIWOOM 코리아고배당,20250131,이익분배,40,.00569608266155,"7,193.91",0.00,현금(배당소득),확정,정액,50000000,2025/02/04 ~ 2025/02/04,,
KR7104530001,KIWOOM 코리아고배당,20241230,이익분배,30,.00427206199616,"7,018.50",0.00,현금(배당소득),확정,정액,27000000,2025/01/03 ~ 2025/01/03,,
KR7104530001,KIWOOM 코리아고배당,20241129,이익분배,30,.00427206199616,"7,035.56",0.00,현금(배당소득),확정,정액,36000000,2024/12/03 ~ 2024/12/03,,
KR7104530001,KIWOOM 코리아고배당,20241031,이익분배,60,.00854412399233,"7,099.44",0.00,현금(배당소득),확정,정액,69000000,2024/11/04 ~ 2024/11/04,,
KR7104530001,KIWOOM 코리아고배당,20240930,이익분배,60,.00854412399233,"7,137.55",0.00,현금(배당소득),확정,정액,69000000,2024/10/02 ~ 2024/10/02,,
KR7104530001,KIWOOM 코리아고배당,20240830,이익분배,60,.00854412399233,"7,200.98",0.00,현금(배당소득),확정,정액,72000000,2024/09/03 ~ 2024/09/03,,
KR70091C0000,KODEX 미국10년국채액티브(H),20260715,이익분배,33,.0033,"9,801.39",0.00,현금(배당소득),확정,정액,642180000,2026/07/20 ~ 2026/07/20,,
KR70091C0000,KODEX 미국10년국채액티브(H),20260615,이익분배,34,.0034,"9,790.93",0.00,현금(배당소득),확정,정액,623220000,2026/06/17 ~ 2026/06/17,,
KR70091C0000,KODEX 미국10년국채액티브(H),20260515,이익분배,32,.0032,"9,827.61",0.00,현금(배당소득),확정,정액,589760000,2026/05/19 ~ 2026/05/19,,
KR70091C0000,KODEX 미국10년국채액티브(H),20260415,이익분배,33,.0033,"9,899.90",0.00,현금(배당소득),확정,정액,583440000,2026/04/17 ~ 2026/04/17,,
KR70091C0000,KODEX 미국10년국채액티브(H),20260313,이익분배,28,.0028,"10,034.30",0.00,현금(배당소득),확정,정액,450800000,2026/03/17 ~ 2026/03/17,,
KR70091C0000,KODEX 미국10년국채액티브(H),20260213,이익분배,32,.0032,"10,054.96",0.00,현금(배당소득),확정,정액,515200000,2026/02/20 ~ 2026/02/20,,
KR70091C0000,KODEX 미국10년국채액티브(H),20260115,이익분배,31,.0031,"10,029.01",0.00,현금(배당소득),확정,정액,508400000,2026/01/19 ~ 2026/01/19,,
KR70091C0000,KODEX 미국10년국채액티브(H),20251215,이익분배,30,.003,"10,078.40",0.00,현금(배당소득),확정,정액,471600000,2025/12/17 ~ 2025/12/17,,
KR70091C0000,KODEX 미국10년국채액티브(H),20251114,이익분배,31,.0031,"10,139.29",0.00,현금(배당소득),확정,정액,465620000,2025/11/18 ~ 2025/11/18,,
KR70091C0000,KODEX 미국10년국채액티브(H),20251015,이익분배,48,.0048,"10,184.19",0.00,현금(배당소득),확정,정액,719520000,2025/10/17 ~ 2025/10/17,,
KR7498860006,RISE 코리아금융고배당,20260715,이익분배,43,.00461548204416,"9,538.88",0.00,현금(배당소득),확정,정액,96750000,2026/07/20 ~ 2026/07/20,,
KR7498860006,RISE 코리아금융고배당,20260615,이익분배,45,.00483015562761,"9,585.56",0.00,현금(배당소득),확정,정액,96750000,2026/06/17 ~ 2026/06/17,,
KR7498860006,RISE 코리아금융고배당,20260515,이익분배,45,.00483015562761,"9,628.55",0.00,현금(배당소득),확정,정액,117000000,2026/05/19 ~ 2026/05/19,,
KR7498860006,RISE 코리아금융고배당,20260415,이익분배,50,.00536683958624,"9,646.91",0.00,현금(배당소득),확정,정액,142500000,2026/04/17 ~ 2026/04/17,,
KR7498860006,RISE 코리아금융고배당,20260313,이익분배,50,.00536683958624,"9,507.39",0.00,현금(배당소득),확정,정액,150000000,2026/03/17 ~ 2026/03/17,,
KR7498860006,RISE 코리아금융고배당,20260213,이익분배,50,.00536683958624,"9,393.19",0.00,현금(배당소득),확정,정액,102500000,2026/02/20 ~ 2026/02/20,,
KR7498860006,RISE 코리아금융고배당,20260115,이익분배,55,.00590352354486,"9,447.15",0.00,현금(배당소득),확정,정액,126500000,2026/01/19 ~ 2026/01/19,,
KR7498860006,RISE 코리아금융고배당,20251215,이익분배,60,.00644020750349,"9,362.99",0.00,현금(배당소득),확정,정액,141000000,2025/12/17 ~ 2025/12/17,,
KR7498860006,RISE 코리아금융고배당,20251114,이익분배,61,.00654754429521,"9,413.82",0.00,현금(배당소득),확정,정액,158600000,2025/11/18 ~ 2025/11/18,,
KR7498860006,RISE 코리아금융고배당,20251015,이익분배,55,.00590352354486,"9,452.72",0.00,현금(배당소득),확정,정액,154000000,2025/10/17 ~ 2025/10/17,,
KR7498860006,RISE 코리아금융고배당,20250915,이익분배,55,.00590352354486,"9,509.59",0.00,현금(배당소득),확정,정액,376750000,2025/09/17 ~ 2025/09/17,,
KR7498860006,RISE 코리아금융고배당,20250814,이익분배,55,.00590352354486,"9,563.35",0.00,현금(배당소득),확정,정액,459250000,2025/08/19 ~ 2025/08/19,,
KR7498860006,RISE 코리아금융고배당,20250715,이익분배,55,.00590352354486,"9,592.29",0.00,현금(배당소득),확정,정액,99000000,2025/07/17 ~ 2025/07/17,,
KR7498860006,RISE 코리아금융고배당,20250613,이익분배,45,.00483015562761,"9,638.41",0.00,현금(배당소득),확정,정액,27000000,2025/06/17 ~ 2025/06/17,,
KR7498860006,RISE 코리아금융고배당,20250515,이익분배,43,.00461548204416,"9,684.16",0.00,현금(배당소득),확정,정액,23650000,2025/05/19 ~ 2025/05/19,,
KR7498860006,RISE 코리아금융고배당,20250415,이익분배,35,.00375678771037,"9,671.46",0.00,현금(배당소득),확정,정액,19250000,2025/04/17 ~ 2025/04/17,,
KR7498860006,RISE 코리아금융고배당,20250314,이익분배,30,.00322010375174,"9,463.42",0.00,현금(배당소득),확정,정액,16500000,2025/03/18 ~ 2025/03/18,,
KR7498860006,RISE 코리아금융고배당,20250214,이익분배,20,.0021467358345,"9,313.39",0.00,현금(배당소득),확정,정액,12000000,2025/02/18 ~ 2025/02/18,,
KR7498860006,RISE 코리아금융고배당,20250115,이익분배,10,.00107336791725,"9,314.79",0.00,현금(배당소득),확정,정액,10000000,2025/01/17 ~ 2025/01/17,,
KR70183V0006,KIWOOM 삼성전자&SK하이닉스채권혼합50,20260715,이익분배,160,.01582986065765,"10,126.20",0.00,현금(배당소득),확정,정액,3088000000,2026/07/20 ~ 2026/07/20,,
KR70183V0006,KIWOOM 삼성전자&SK하이닉스채권혼합50,20260615,이익분배,159,.01573092402854,"10,117.84",0.00,현금(배당소득),확정,정액,2114700000,2026/06/17 ~ 2026/06/17,,
KR70183V0006,KIWOOM 삼성전자&SK하이닉스채권혼합50,20260515,이익분배,152,.01503836762477,"10,110.60",0.00,현금(배당소득),확정,정액,1231200000,2026/05/19 ~ 2026/05/19,,
KR70036D0007,TIME 미국배당다우존스액티브,20260715,이익분배,66,.0066,"13,249.71",0.00,현금(배당소득),확정,정액,330000000,2026/07/20 ~ 2026/07/20,,
KR70036D0007,TIME 미국배당다우존스액티브,20260615,이익분배,66,.0066,"13,251.88",0.00,현금(배당소득),확정,정액,290400000,2026/06/17 ~ 2026/06/17,,
KR70036D0007,TIME 미국배당다우존스액티브,20260515,이익분배,65,.0065,"12,892.05",0.00,현금(배당소득),확정,정액,253500000,2026/05/19 ~ 2026/05/19,,
KR70036D0007,TIME 미국배당다우존스액티브,20260415,이익분배,57,.0057,"11,513.82",0.00,현금(배당소득),확정,정액,162450000,2026/04/17 ~ 2026/04/17,,
KR70036D0007,TIME 미국배당다우존스액티브,20260313,이익분배,54,.0054,"10,875.03",0.00,현금(배당소득),확정,정액,118800000,2026/03/17 ~ 2026/03/17,,
KR70036D0007,TIME 미국배당다우존스액티브,20260213,이익분배,55,.0055,"10,946.00",0.00,현금(배당소득),확정,정액,121000000,2026/02/20 ~ 2026/02/20,,
KR70036D0007,TIME 미국배당다우존스액티브,20260115,이익분배,54,.0054,"10,864.87",0.00,현금(배당소득),확정,정액,108000000,2026/01/19 ~ 2026/01/19,,
KR70036D0007,TIME 미국배당다우존스액티브,20251215,이익분배,53,.0053,"10,726.33",0.00,현금(배당소득),확정,정액,106000000,2025/12/17 ~ 2025/12/17,,
KR70036D0007,TIME 미국배당다우존스액티브,20251114,이익분배,54,.0054,"10,787.51",0.00,현금(배당소득),확정,정액,102600000,2025/11/18 ~ 2025/11/18,,
KR70036D0007,TIME 미국배당다우존스액티브,20251015,이익분배,53,.0053,"10,316.41",0.00,현금(배당소득),확정,정액,100700000,2025/10/17 ~ 2025/10/17,,
KR70036D0007,TIME 미국배당다우존스액티브,20250915,이익분배,51,.0051,"10,186.17",0.00,현금(배당소득),확정,정액,96900000,2025/09/17 ~ 2025/09/17,,
KR70036D0007,TIME 미국배당다우존스액티브,20250814,이익분배,51,.0051,"10,115.34",0.00,현금(배당소득),확정,정액,89250000,2025/08/19 ~ 2025/08/19,,
KR70036D0007,TIME 미국배당다우존스액티브,20250715,이익분배,52,.0052,"10,404.23",0.00,현금(배당소득),확정,정액,88400000,2025/07/17 ~ 2025/07/17,,
KR70036D0007,TIME 미국배당다우존스액티브,20250613,이익분배,50,.005,"10,103.04",0.00,현금(배당소득),확정,정액,77500000,2025/06/17 ~ 2025/06/17,,
KR7329670004,KODEX TRF7030,20260715,이익분배,35,.00344487510851,"23,254.91",0.00,현금(배당소득),확정,정액,140000000,2026/07/20 ~ 2026/07/20,,
KR7329670004,KODEX TRF7030,20260615,이익분배,37,.00364172511471,"22,908.83",0.00,현금(배당소득),확정,정액,144300000,2026/06/17 ~ 2026/06/17,,
KR7329670004,KODEX TRF7030,20260515,이익분배,34,.00334645010541,"22,843.88",0.00,현금(배당소득),확정,정액,132600000,2026/05/19 ~ 2026/05/19,,
KR7329670004,KODEX TRF7030,20260415,이익분배,33,.00324802510231,"21,972.65",0.00,현금(배당소득),확정,정액,128700000,2026/04/17 ~ 2026/04/17,,
KR7329670004,KODEX TRF7030,20260313,이익분배,31,.00305117509611,"21,566.23",0.00,현금(배당소득),확정,정액,120900000,2026/03/17 ~ 2026/03/17,,
KR7329670004,KODEX TRF7030,20260213,이익분배,32,.00314960009921,"21,823.64",0.00,현금(배당소득),확정,정액,124800000,2026/02/20 ~ 2026/02/20,,
KR7329670004,KODEX TRF7030,20260115,이익분배,32,.00314960009921,"21,955.41",0.00,현금(배당소득),확정,정액,124800000,2026/01/19 ~ 2026/01/19,,
KR7329670004,KODEX TRF7030,20251215,이익분배,35,.00344487510851,"21,585.27",0.00,현금(배당소득),확정,정액,129500000,2025/12/17 ~ 2025/12/17,,
KR7329670004,KODEX TRF7030,20251114,이익분배,35,.00344487510851,"21,447.05",0.00,현금(배당소득),확정,정액,129500000,2025/11/18 ~ 2025/11/18,,
KR7329670004,KODEX TRF7030,20251015,이익분배,35,.00344487510851,"20,531.56",0.00,현금(배당소득),확정,정액,122500000,2025/10/17 ~ 2025/10/17,,
KR7329670004,KODEX TRF7030,20250915,이익분배,34,.00334645010541,"20,169.52",0.00,현금(배당소득),확정,정액,119000000,2025/09/17 ~ 2025/09/17,,
KR7329670004,KODEX TRF7030,20250814,이익분배,32,.00314960009921,"19,776.26",0.00,현금(배당소득),확정,정액,112000000,2025/08/19 ~ 2025/08/19,,
KR70132K0001,PLUS 테슬라위클리커버드콜채권혼합,20260715,이익분배,177,.0177,"10,032.30",0.00,현금(배당소득),확정,정액,2362950000,2026/07/20 ~ 2026/07/20,,
KR70132K0001,PLUS 테슬라위클리커버드콜채권혼합,20260615,이익분배,178,.0178,"9,837.28",0.00,현금(배당소득),확정,정액,2598800000,2026/06/17 ~ 2026/06/17,,
KR70132K0001,PLUS 테슬라위클리커버드콜채권혼합,20260515,이익분배,187,.0187,"9,992.90",0.00,현금(배당소득),확정,정액,2702150000,2026/05/19 ~ 2026/05/19,,
KR70132K0001,PLUS 테슬라위클리커버드콜채권혼합,20260415,이익분배,180,.018,"9,635.94",0.00,현금(배당소득),확정,정액,2466000000,2026/04/17 ~ 2026/04/17,,
KR70132K0001,PLUS 테슬라위클리커버드콜채권혼합,20260313,이익분배,195,.0195,"9,859.37",0.00,현금(배당소득),확정,정액,2135250000,2026/03/17 ~ 2026/03/17,,
KR70132K0001,PLUS 테슬라위클리커버드콜채권혼합,20260213,이익분배,200,.02,"9,882.34",0.00,현금(배당소득),확정,정액,1930000000,2026/02/20 ~ 2026/02/20,,
KR70132K0001,PLUS 테슬라위클리커버드콜채권혼합,20260115,이익분배,212,.0212,"10,030.62",0.00,현금(배당소득),확정,정액,1113000000,2026/01/19 ~ 2026/01/19,,
KR70132K0001,PLUS 테슬라위클리커버드콜채권혼합,20251215,이익분배,25,.0025,"9,979.21",0.00,현금(배당소득),확정,정액,41250000,2025/12/17 ~ 2025/12/17,,
KR70018C0000,PLUS 고배당주위클리고정커버드콜,20260715,이익분배,138,.01430400149259,"9,646.24",0.00,현금(배당소득),확정,정액,1000500000,2026/07/20 ~ 2026/07/20,,
KR70018C0000,PLUS 고배당주위클리고정커버드콜,20260615,이익분배,139,.01440765367732,"9,665.47",0.00,현금(배당소득),확정,정액,1132850000,2026/06/17 ~ 2026/06/17,,
KR70018C0000,PLUS 고배당주위클리고정커버드콜,20260515,이익분배,159,.0164806973719,"9,692.62",0.00,현금(배당소득),확정,정액,1311750000,2026/05/19 ~ 2026/05/19,,
KR70018C0000,PLUS 고배당주위클리고정커버드콜,20260415,이익분배,163,.01689530611081,"9,851.20",0.00,현금(배당소득),확정,정액,1246950000,2026/04/17 ~ 2026/04/17,,
KR70018C0000,PLUS 고배당주위클리고정커버드콜,20260313,이익분배,159,.0164806973719,"9,763.64",0.00,현금(배당소득),확정,정액,1089150000,2026/03/17 ~ 2026/03/17,,
KR70018C0000,PLUS 고배당주위클리고정커버드콜,20260213,이익분배,173,.0179318279581,"9,644.57",0.00,현금(배당소득),확정,정액,1046650000,2026/02/20 ~ 2026/02/20,,
KR70018C0000,PLUS 고배당주위클리고정커버드콜,20260115,이익분배,145,.01502956678569,"9,704.81",0.00,현금(배당소득),확정,정액,877250000,2026/01/19 ~ 2026/01/19,,
KR70018C0000,PLUS 고배당주위클리고정커버드콜,20251215,이익분배,150,.01554782770934,"9,662.59",0.00,현금(배당소득),확정,정액,802500000,2025/12/17 ~ 2025/12/17,,
KR70018C0000,PLUS 고배당주위클리고정커버드콜,20251114,이익분배,150,.01554782770934,"9,659.07",0.00,현금(배당소득),확정,정액,795000000,2025/11/18 ~ 2025/11/18,,
KR70018C0000,PLUS 고배당주위클리고정커버드콜,20251015,이익분배,140,.01451130586205,"9,644.56",0.00,현금(배당소득),확정,정액,826000000,2025/10/17 ~ 2025/10/17,,
KR70018C0000,PLUS 고배당주위클리고정커버드콜,20250915,이익분배,145,.01502956678569,"9,676.99",0.00,현금(배당소득),확정,정액,812000000,2025/09/17 ~ 2025/09/17,,
KR70018C0000,PLUS 고배당주위클리고정커버드콜,20250814,이익분배,150,.01554782770934,"9,669.03",0.00,현금(배당소득),확정,정액,720000000,2025/08/19 ~ 2025/08/19,,
KR70018C0000,PLUS 고배당주위클리고정커버드콜,20250715,이익분배,155,.01606608863298,"9,645.18",0.00,현금(배당소득),확정,정액,573500000,2025/07/17 ~ 2025/07/17,,
KR70018C0000,PLUS 고배당주위클리고정커버드콜,20250613,이익분배,145,.01502956678569,"9,694.45",0.00,현금(배당소득),확정,정액,340750000,2025/06/17 ~ 2025/06/17,,
KR70018C0000,PLUS 고배당주위클리고정커버드콜,20250515,이익분배,128,.0132674796453,"9,818.78",0.00,현금(배당소득),확정,정액,160000000,2025/05/19 ~ 2025/05/19,,
KR70018C0000,PLUS 고배당주위클리고정커버드콜,20250415,이익분배,114,.0118163490591,"9,908.66",0.00,현금(배당소득),확정,정액,102600000,2025/04/17 ~ 2025/04/17,,
KR70018C0000,PLUS 고배당주위클리고정커버드콜,20250314,이익분배,45,.0046643483128,"9,646.81",0.00,현금(배당소득),확정,정액,36000000,2025/03/18 ~ 2025/03/18,,
KR7480030006,ACE 미국500데일리타겟커버드콜(합성),20260715,이익분배,224,.0224,"11,606.05",0.00,현금(배당소득),확정,정액,3404800000,2026/07/20 ~ 2026/07/20,,
KR7480030006,ACE 미국500데일리타겟커버드콜(합성),20260615,이익분배,230,.023,"11,687.04",0.00,현금(배당소득),확정,정액,3312000000,2026/06/17 ~ 2026/06/17,,
KR7480030006,ACE 미국500데일리타겟커버드콜(합성),20260515,이익분배,142,.0142,"11,652.46",0.00,현금(배당소득),확정,정액,2044800000,2026/05/19 ~ 2026/05/19,,
KR7480030006,ACE 미국500데일리타겟커버드콜(합성),20260415,이익분배,133,.0133,"11,023.49",0.00,현금(배당소득),확정,정액,1915200000,2026/04/17 ~ 2026/04/17,,
KR7480030006,ACE 미국500데일리타겟커버드콜(합성),20260313,이익분배,134,.0134,"10,919.26",0.00,현금(배당소득),확정,정액,1929600000,2026/03/17 ~ 2026/03/17,,
KR7480030006,ACE 미국500데일리타겟커버드콜(합성),20260213,이익분배,134,.0134,"11,008.83",0.00,현금(배당소득),확정,정액,1956400000,2026/02/20 ~ 2026/02/20,,
KR7480030006,ACE 미국500데일리타겟커버드콜(합성),20260115,이익분배,139,.0139,"11,471.83",0.00,현금(배당소득),확정,정액,2029400000,2026/01/19 ~ 2026/01/19,,
KR7480030006,ACE 미국500데일리타겟커버드콜(합성),20251215,이익분배,137,.0137,"11,424.15",0.00,현금(배당소득),확정,정액,1945400000,2025/12/17 ~ 2025/12/17,,
KR7480030006,ACE 미국500데일리타겟커버드콜(합성),20251114,이익분배,138,.0138,"11,371.78",0.00,현금(배당소득),확정,정액,2028600000,2025/11/18 ~ 2025/11/18,,
KR7480030006,ACE 미국500데일리타겟커버드콜(합성),20251015,이익분배,131,.0131,"10,839.04",0.00,현금(배당소득),확정,정액,1991200000,2025/10/17 ~ 2025/10/17,,
KR7480030006,ACE 미국500데일리타겟커버드콜(합성),20250915,이익분배,128,.0128,"10,657.63",0.00,현금(배당소득),확정,정액,2022400000,2025/09/17 ~ 2025/09/17,,
KR7480030006,ACE 미국500데일리타겟커버드콜(합성),20250814,이익분배,128,.0128,"10,570.93",0.00,현금(배당소득),확정,정액,1984000000,2025/08/19 ~ 2025/08/19,,
KR7480030006,ACE 미국500데일리타겟커버드콜(합성),20250715,이익분배,126,.0126,"10,422.29",0.00,현금(배당소득),확정,정액,2003400000,2025/07/17 ~ 2025/07/17,,
KR7480030006,ACE 미국500데일리타겟커버드콜(합성),20250613,이익분배,121,.0121,"10,088.23",0.00,현금(배당소득),확정,정액,1911800000,2025/06/17 ~ 2025/06/17,,
KR7480030006,ACE 미국500데일리타겟커버드콜(합성),20250515,이익분배,122,.0122,"10,067.63",0.00,현금(배당소득),확정,정액,1927600000,2025/05/19 ~ 2025/05/19,,
KR7480030006,ACE 미국500데일리타겟커버드콜(합성),20250415,이익분배,116,.0116,"9,366.99",0.00,현금(배당소득),확정,정액,1832800000,2025/04/17 ~ 2025/04/17,,
KR7480030006,ACE 미국500데일리타겟커버드콜(합성),20250314,이익분배,128,.0128,"10,382.99",0.00,현금(배당소득),확정,정액,1868800000,2025/03/18 ~ 2025/03/18,,
KR7480030006,ACE 미국500데일리타겟커버드콜(합성),20250214,이익분배,140,.014,"11,325.09",0.00,현금(배당소득),확정,정액,1932000000,2025/02/18 ~ 2025/02/18,,
KR7480030006,ACE 미국500데일리타겟커버드콜(합성),20250115,이익분배,139,.0139,"11,136.87",0.00,현금(배당소득),확정,정액,1918200000,2025/01/17 ~ 2025/01/17,,
KR7480030006,ACE 미국500데일리타겟커버드콜(합성),20241213,이익분배,169,.0169,"11,382.91",0.00,현금(배당소득),확정,정액,1994200000,2024/12/17 ~ 2024/12/17,,
KR7480030006,ACE 미국500데일리타겟커버드콜(합성),20241115,이익분배,155,.0155,"11,169.28",0.00,현금(배당소득),확정,정액,1596500000,2024/11/19 ~ 2024/11/19,,
KR7480030006,ACE 미국500데일리타겟커버드콜(합성),20241015,이익분배,131,.0131,"10,566.78",0.00,현금(배당소득),확정,정액,1414800000,2024/10/17 ~ 2024/10/17,,
KR7480030006,ACE 미국500데일리타겟커버드콜(합성),20240913,이익분배,125,.0125,"9,991.63",0.00,현금(배당소득),확정,정액,1337500000,2024/09/20 ~ 2024/09/20,,
KR7480030006,ACE 미국500데일리타겟커버드콜(합성),20240814,이익분배,127,.0127,"10,146.32",0.00,현금(배당소득),확정,정액,1193800000,2024/08/19 ~ 2024/08/19,,
KR7284430006,KODEX 200미국채혼합50,20260715,이익분배,25,.00239980801536,"12,965.03",0.00,현금(배당소득),확정,정액,2488000000,2026/07/20 ~ 2026/07/20,,
KR7284430006,KODEX 200미국채혼합50,20260615,이익분배,54,.00518358531317,"13,139.49",0.00,현금(배당소득),확정,정액,5153760000,2026/06/17 ~ 2026/06/17,,
KR7284430006,KODEX 200미국채혼합50,20260515,이익분배,32,.00307175425966,"12,898.25",0.00,현금(배당소득),확정,정액,2754560000,2026/05/19 ~ 2026/05/19,,
KR7284430006,KODEX 200미국채혼합50,20260415,이익분배,20,.00191984641229,"12,991.63",0.00,현금(배당소득),확정,정액,1560000000,2026/04/17 ~ 2026/04/17,,
KR7284430006,KODEX 200미국채혼합50,20260313,이익분배,20,.00191984641229,"12,964.59",0.00,현금(배당소득),확정,정액,1464000000,2026/03/17 ~ 2026/03/17,,
KR7284430006,KODEX 200미국채혼합50,20260213,이익분배,26,.00249580033597,"12,832.64",0.00,현금(배당소득),확정,정액,1574560000,2026/02/20 ~ 2026/02/20,,
KR7284430006,KODEX 200미국채혼합50,20260115,이익분배,23,.00220782337413,"12,951.75",0.00,현금(배당소득),확정,정액,1013840000,2026/01/19 ~ 2026/01/19,,
KR7284430006,KODEX 200미국채혼합50,20251215,이익분배,39,.00374370050396,"12,972.43",0.00,현금(배당소득),확정,정액,1297920000,2025/12/17 ~ 2025/12/17,,
KR7284430006,KODEX 200미국채혼합50,20251114,이익분배,31,.00297576193904,"12,986.20",0.00,현금(배당소득),확정,정액,870480000,2025/11/18 ~ 2025/11/18,,
KR7284430006,KODEX 200미국채혼합50,20251015,이익분배,27,.00259179265659,"12,745.70",0.00,현금(배당소득),확정,정액,464400000,2025/10/17 ~ 2025/10/17,,
KR7284430006,KODEX 200미국채혼합50,20250915,이익분배,34,.00326373890089,"12,559.07",0.00,현금(배당소득),확정,정액,478720000,2025/09/17 ~ 2025/09/17,,
KR7284430006,KODEX 200미국채혼합50,20250814,이익분배,32,.00307175425966,"12,423.59",0.00,현금(배당소득),확정,정액,407040000,2025/08/19 ~ 2025/08/19,,
KR7214980005,KODEX 단기채권PLUS,20260715,이익분배,267,.00267,"114,620.59",0.00,현금(배당소득),확정,정액,4499484000,2026/07/20 ~ 2026/07/20,,
KR7214980005,KODEX 단기채권PLUS,20260615,이익분배,270,.0027,"114,645.10",0.00,현금(배당소득),확정,정액,4864050000,2026/06/17 ~ 2026/06/17,,
KR7214980005,KODEX 단기채권PLUS,20260515,이익분배,259,.00259,"114,851.53",0.00,현금(배당소득),확정,정액,4823098000,2026/05/19 ~ 2026/05/19,,
KR7214980005,KODEX 단기채권PLUS,20260415,이익분배,266,.00266,"114,856.70",0.00,현금(배당소득),확정,정액,4816994000,2026/04/17 ~ 2026/04/17,,
KR7214980005,KODEX 단기채권PLUS,20260313,이익분배,239,.00239,"114,888.11",0.00,현금(배당소득),확정,정액,4058698000,2026/03/17 ~ 2026/03/17,,
KR7214980005,KODEX 단기채권PLUS,20260213,이익분배,258,.00258,"114,855.56",0.00,현금(배당소득),확정,정액,4572792000,2026/02/20 ~ 2026/02/20,,
KR7214980005,KODEX 단기채권PLUS,20260115,이익분배,251,.00251,"115,030.22",0.00,현금(배당소득),확정,정액,4283315000,2026/01/19 ~ 2026/01/19,,
KR7214980005,KODEX 단기채권PLUS,20251215,이익분배,236,.00236,"114,877.65",0.00,현금(배당소득),확정,정액,3990996000,2025/12/17 ~ 2025/12/17,,
KR7214980005,KODEX 단기채권PLUS,20251114,이익분배,238,.00238,"114,937.50",0.00,현금(배당소득),확정,정액,3803954000,2025/11/18 ~ 2025/11/18,,
KR7214980005,KODEX 단기채권PLUS,20251015,이익분배,232,.00232,"115,116.46",0.00,현금(배당소득),확정,정액,3503664000,2025/10/17 ~ 2025/10/17,,
KR7214980005,KODEX 단기채권PLUS,20250915,이익분배,236,.00236,"115,138.20",0.00,현금(배당소득),확정,정액,3434036000,2025/09/17 ~ 2025/09/17,,
KR7214980005,KODEX 단기채권PLUS,20250814,이익분배,244,.00244,"115,167.46",0.00,현금(배당소득),확정,정액,3371836000,2025/08/19 ~ 2025/08/19,,
KR70177N0004,KODEX 삼성전자SK하이닉스채권혼합50,20260715,이익분배,22,.00209683568433,"10,491.28",0.00,현금(배당소득),확정,정액,2266000000,2026/07/20 ~ 2026/07/20,,
KR70177N0004,KODEX 삼성전자SK하이닉스채권혼합50,20260615,이익분배,20,.00190621425848,"10,451.50",0.00,현금(배당소득),확정,정액,1666000000,2026/06/17 ~ 2026/06/17,,
KR70177N0004,KODEX 삼성전자SK하이닉스채권혼합50,20260515,이익분배,15,.00142966069386,"10,475.38",0.00,현금(배당소득),확정,정액,808500000,2026/05/19 ~ 2026/05/19,,
KR7493420004,SOL 미국배당다우존스2호,20260715,이익분배,26,.0026,"13,149.77",0.00,현금(배당소득),확정,정액,54600000,2026/07/16 ~ 2026/07/16,,
KR7493420004,SOL 미국배당다우존스2호,20260615,이익분배,44,.0044,"13,267.72",0.00,현금(배당소득),확정,정액,105600000,2026/06/16 ~ 2026/06/16,,
KR7493420004,SOL 미국배당다우존스2호,20260515,이익분배,26,.0026,"12,767.54",0.00,현금(배당소득),확정,정액,67600000,2026/05/18 ~ 2026/05/18,,
KR7493420004,SOL 미국배당다우존스2호,20260415,이익분배,34,.0034,"12,323.51",0.00,현금(배당소득),확정,정액,88400000,2026/04/16 ~ 2026/04/16,,
KR7493420004,SOL 미국배당다우존스2호,20260313,이익분배,35,.0035,"12,209.02",0.00,현금(배당소득),확정,정액,91000000,2026/03/16 ~ 2026/03/16,,
KR7493420004,SOL 미국배당다우존스2호,20260213,이익분배,27,.0027,"12,261.53",0.00,현금(배당소득),확정,정액,70200000,2026/02/19 ~ 2026/02/19,,
KR7493420004,SOL 미국배당다우존스2호,20260115,이익분배,26,.0026,"11,373.54",0.00,현금(배당소득),확정,정액,67600000,2026/01/16 ~ 2026/01/16,,
KR7493420004,SOL 미국배당다우존스2호,20251215,이익분배,45,.0045,"11,057.58",0.00,현금(배당소득),확정,정액,126000000,2025/12/16 ~ 2025/12/16,,
KR7493420004,SOL 미국배당다우존스2호,20251114,이익분배,22,.0022,"10,766.42",0.00,현금(배당소득),확정,정액,66000000,2025/11/17 ~ 2025/11/17,,
KR7493420004,SOL 미국배당다우존스2호,20251015,이익분배,21,.0021,"10,259.05",0.00,현금(배당소득),확정,정액,67200000,2025/10/16 ~ 2025/10/16,,
KR7493420004,SOL 미국배당다우존스2호,20250915,이익분배,45,.0045,"10,326.08",0.00,현금(배당소득),확정,정액,144000000,2025/09/16 ~ 2025/09/16,,
KR7493420004,SOL 미국배당다우존스2호,20250814,이익분배,16,.0016,"10,069.45",0.00,현금(배당소득),확정,정액,46400000,2025/08/18 ~ 2025/08/18,,
KR7493420004,SOL 미국배당다우존스2호,20250715,이익분배,18,.0018,"10,255.23",0.00,현금(배당소득),확정,정액,54000000,2025/07/16 ~ 2025/07/16,,
KR7493420004,SOL 미국배당다우존스2호,20250613,이익분배,31,.0031,"9,959.99",0.00,현금(배당소득),확정,정액,99200000,2025/06/16 ~ 2025/06/16,,
KR70080X0008,SOL 미국S&P500미국채혼합50,20260715,이익분배,20,.002,"11,924.48",0.00,현금(배당소득),확정,정액,126000000,2026/07/16 ~ 2026/07/16,,
KR70080X0008,SOL 미국S&P500미국채혼합50,20260615,이익분배,22,.0022,"11,886.95",0.00,현금(배당소득),확정,정액,125400000,2026/06/16 ~ 2026/06/16,,
KR70080X0008,SOL 미국S&P500미국채혼합50,20260515,이익분배,18,.0018,"11,733.49",0.00,현금(배당소득),확정,정액,100800000,2026/05/18 ~ 2026/05/18,,
KR70080X0008,SOL 미국S&P500미국채혼합50,20260415,이익분배,22,.0022,"11,300.66",0.00,현금(배당소득),확정,정액,123200000,2026/04/16 ~ 2026/04/16,,
KR70080X0008,SOL 미국S&P500미국채혼합50,20260313,이익분배,20,.002,"11,175.25",0.00,현금(배당소득),확정,정액,108000000,2026/03/16 ~ 2026/03/16,,
KR70080X0008,SOL 미국S&P500미국채혼합50,20260213,이익분배,18,.0018,"11,179.57",0.00,현금(배당소득),확정,정액,97200000,2026/02/19 ~ 2026/02/19,,
KR70080X0008,SOL 미국S&P500미국채혼합50,20260115,이익분배,11,.0011,"11,365.19",0.00,현금(배당소득),확정,정액,51700000,2026/01/16 ~ 2026/01/16,,
KR70080X0008,SOL 미국S&P500미국채혼합50,20251215,이익분배,19,.0019,"11,309.69",0.00,현금(배당소득),확정,정액,70300000,2025/12/16 ~ 2025/12/16,,
KR70080X0008,SOL 미국S&P500미국채혼합50,20251114,이익분배,11,.0011,"11,235.30",0.00,현금(배당소득),확정,정액,35200000,2025/11/17 ~ 2025/11/17,,
KR70080X0008,SOL 미국S&P500미국채혼합50,20251015,이익분배,16,.0016,"10,727.17",0.00,현금(배당소득),확정,정액,27200000,2025/10/16 ~ 2025/10/16,,
KR70080X0008,SOL 미국S&P500미국채혼합50,20250915,이익분배,36,.0036,"10,483.36",0.00,현금(배당소득),확정,정액,57600000,2025/09/16 ~ 2025/09/16,,
KR7490490000,SOL 미국배당미국채혼합50,20260715,이익분배,27,.0027,"11,799.51",0.00,현금(배당소득),확정,정액,1096200000,2026/07/16 ~ 2026/07/16,,
KR7490490000,SOL 미국배당미국채혼합50,20260615,이익분배,34,.0034,"11,950.44",0.00,현금(배당소득),확정,정액,1319200000,2026/06/16 ~ 2026/06/16,,
KR7490490000,SOL 미국배당미국채혼합50,20260515,이익분배,22,.0022,"11,616.84",0.00,현금(배당소득),확정,정액,851400000,2026/05/18 ~ 2026/05/18,,
KR7490490000,SOL 미국배당미국채혼합50,20260415,이익분배,30,.003,"11,453.19",0.00,현금(배당소득),확정,정액,1149000000,2026/04/16 ~ 2026/04/16,,
KR7490490000,SOL 미국배당미국채혼합50,20260313,이익분배,30,.003,"11,396.02",0.00,현금(배당소득),확정,정액,1047000000,2026/03/16 ~ 2026/03/16,,
KR7490490000,SOL 미국배당미국채혼합50,20260213,이익분배,24,.0024,"11,359.03",0.00,현금(배당소득),확정,정액,777600000,2026/02/19 ~ 2026/02/19,,
KR7490490000,SOL 미국배당미국채혼합50,20260115,이익분배,31,.0031,"10,997.55",0.00,현금(배당소득),확정,정액,908300000,2026/01/16 ~ 2026/01/16,,
KR7490490000,SOL 미국배당미국채혼합50,20251215,이익분배,30,.003,"10,848.26",0.00,현금(배당소득),확정,정액,822000000,2025/12/16 ~ 2025/12/16,,
KR7490490000,SOL 미국배당미국채혼합50,20251114,이익분배,24,.0024,"10,693.87",0.00,현금(배당소득),확정,정액,655200000,2025/11/17 ~ 2025/11/17,,
KR7490490000,SOL 미국배당미국채혼합50,20251015,이익분배,21,.0021,"10,308.86",0.00,현금(배당소득),확정,정액,598500000,2025/10/16 ~ 2025/10/16,,
KR7490490000,SOL 미국배당미국채혼합50,20250915,이익분배,36,.0036,"10,233.14",0.00,현금(배당소득),확정,정액,1051200000,2025/09/16 ~ 2025/09/16,,
KR7490490000,SOL 미국배당미국채혼합50,20250814,이익분배,24,.0024,"10,024.70",0.00,현금(배당소득),확정,정액,696000000,2025/08/18 ~ 2025/08/18,,
KR7490490000,SOL 미국배당미국채혼합50,20250715,이익분배,23,.0023,"10,033.97",0.00,현금(배당소득),확정,정액,667000000,2025/07/16 ~ 2025/07/16,,
KR7490490000,SOL 미국배당미국채혼합50,20250613,이익분배,30,.003,"9,827.03",0.00,현금(배당소득),확정,정액,846000000,2025/06/16 ~ 2025/06/16,,
KR7490490000,SOL 미국배당미국채혼합50,20250515,이익분배,20,.002,"10,027.28",0.00,현금(배당소득),확정,정액,564000000,2025/05/16 ~ 2025/05/16,,
KR7490490000,SOL 미국배당미국채혼합50,20250415,이익분배,27,.0027,"10,038.86",0.00,현금(배당소득),확정,정액,720900000,2025/04/16 ~ 2025/04/16,,
KR7490490000,SOL 미국배당미국채혼합50,20250314,이익분배,30,.003,"10,580.50",0.00,현금(배당소득),확정,정액,720000000,2025/03/17 ~ 2025/03/17,,
KR7490490000,SOL 미국배당미국채혼합50,20250214,이익분배,25,.0025,"10,507.25",0.00,현금(배당소득),확정,정액,580000000,2025/02/17 ~ 2025/02/17,,
KR7490490000,SOL 미국배당미국채혼합50,20250115,이익분배,30,.003,"10,397.69",0.00,현금(배당소득),확정,정액,609000000,2025/01/16 ~ 2025/01/16,,
KR7490490000,SOL 미국배당미국채혼합50,20241213,이익분배,30,.003,"10,625.09",0.00,현금(배당소득),확정,정액,444000000,2024/12/16 ~ 2024/12/16,,
KR7490490000,SOL 미국배당미국채혼합50,20241115,이익분배,40,.004,"10,453.32",0.00,현금(배당소득),확정,정액,332000000,2024/11/18 ~ 2024/11/18,,
KR70105E0002,SOL 코리아고배당,20260715,이익분배,60,.006,"10,144.40",0.00,현금(배당소득),확정,정액,2493000000,2026/07/16 ~ 2026/07/16,,
KR70105E0002,SOL 코리아고배당,20260615,이익분배,60,.006,"10,206.49",0.00,현금(배당소득),확정,정액,2562000000,2026/06/16 ~ 2026/06/16,,
KR70105E0002,SOL 코리아고배당,20260515,이익분배,60,.006,"10,263.73",0.00,현금(배당소득),확정,정액,2865000000,2026/05/18 ~ 2026/05/18,,
KR70105E0002,SOL 코리아고배당,20260415,이익분배,60,.006,"10,304.51",0.00,현금(배당소득),확정,정액,2952000000,2026/04/16 ~ 2026/04/16,,
KR70105E0002,SOL 코리아고배당,20260313,이익분배,60,.006,"10,202.55",0.00,현금(배당소득),확정,정액,2673000000,2026/03/16 ~ 2026/03/16,,
KR70105E0002,SOL 코리아고배당,20260213,이익분배,60,.006,"10,081.44",0.00,현금(배당소득),확정,정액,2184000000,2026/02/19 ~ 2026/02/19,,
KR70105E0002,SOL 코리아고배당,20260115,이익분배,60,.006,"10,126.03",0.00,현금(배당소득),확정,정액,1971000000,2026/01/16 ~ 2026/01/16,,
KR70105E0002,SOL 코리아고배당,20251215,이익분배,61,.0061,"10,101.72",0.00,현금(배당소득),확정,정액,1357250000,2025/12/16 ~ 2025/12/16,,
KR70105E0002,SOL 코리아고배당,20251114,이익분배,95,.0095,"10,101.11",0.00,현금(배당소득),확정,정액,1306250000,2025/11/17 ~ 2025/11/17,,
KR70021C0005,ACE TDF장기자산배분액티브,20260712,청산분배,14725.2025,1.47252025,"14,562.11",0.00,현금(배당소득),확정,정액,8098861375,2026/07/13 ~ 2026/07/13,1차최종청산분배금,
KR70021C0005,ACE TDF장기자산배분액티브,20251230,이익분배,34,.0034,"12,597.54",0.00,현금(배당소득),확정,정액,34000000,2026/01/05 ~ 2026/01/05,,
KR70021E0003,ACE TDF2050액티브 적격,20260712,청산분배,13334.71355861111111,1.33347135586111,"13,234.87",0.00,현금(배당소득),확정,정액,48004968811,2026/07/13 ~ 2026/07/13,1차최종청산분배금,
KR70021E0003,ACE TDF2050액티브 적격,20251230,이익분배,43,.0043,"12,000.77",0.00,현금(배당소득),확정,정액,137600000,2026/01/05 ~ 2026/01/05,,
KR7483420006,ACE 애플밸류체인액티브,20260712,청산분배,26024.76877181818181,2.60247687718182,"22,242.05",0.00,현금(배당소득),확정,정액,28627245649,2026/07/13 ~ 2026/07/13,1차최종청산분배금,
KR7483420006,ACE 애플밸류체인액티브,20251230,이익분배,44,.0044,"13,872.03",0.00,현금(배당소득),확정,정액,55000000,2026/01/05 ~ 2026/01/05,,
KR70021D0004,ACE TDF2030액티브 적격,20260708,청산분배,11513.7624256,1.15137624256,"11,456.93",0.00,현금(배당소득),확정,정액,14392203032,2026/07/09 ~ 2026/07/09,1차최종청산분배금,
KR70021D0004,ACE TDF2030액티브 적격,20251230,이익분배,70,.007,"11,154.01",0.00,현금(배당소득),확정,정액,94500000,2026/01/05 ~ 2026/01/05,,
KR70047R0008,RISE 팔란티어고정테크100,20260630,이익분배,13,.0013,"14,415.76",0.00,현금(배당소득),확정,정액,22750000,2026/07/02 ~ 2026/07/02,,
KR70047R0008,RISE 팔란티어고정테크100,20260331,이익분배,12,.0012,"13,111.76",0.00,현금(배당소득),확정,정액,31200000,2026/04/02 ~ 2026/04/02,,
KR70047R0008,RISE 팔란티어고정테크100,20251230,이익분배,12,.0012,"14,403.88",0.00,현금(배당소득),확정,정액,32400000,2026/01/05 ~ 2026/01/05,,
KR70047R0008,RISE 팔란티어고정테크100,20250930,이익분배,11,.0011,"13,267.64",0.00,현금(배당소득),확정,정액,30250000,2025/10/02 ~ 2025/10/02,,
KR7368590006,RISE 미국나스닥100,20260630,이익분배,50,.005,"33,323.87",0.00,현금(배당소득),확정,정액,2450000000,2026/07/02 ~ 2026/07/02,,
KR7368590006,RISE 미국나스닥100,20260331,이익분배,40,.004,"26,284.40",0.00,현금(배당소득),확정,정액,1852000000,2026/04/02 ~ 2026/04/02,,
KR7368590006,RISE 미국나스닥100,20251230,이익분배,47,.0047,"27,313.24",0.00,현금(배당소득),확정,정액,2147900000,2026/01/05 ~ 2026/01/05,,
KR7368590006,RISE 미국나스닥100,20250930,이익분배,38,.0038,"25,476.69",0.00,현금(배당소득),확정,정액,1778400000,2025/10/02 ~ 2025/10/02,,
KR7368590006,RISE 미국나스닥100,20250630,이익분배,33,.0033,"22,331.56",0.00,현금(배당소득),확정,정액,1442100000,2025/07/02 ~ 2025/07/02,,
KR7368590006,RISE 미국나스닥100,20250331,이익분배,34,.0034,"21,590.96",0.00,현금(배당소득),확정,정액,1383800000,2025/04/02 ~ 2025/04/02,,
KR7368590006,RISE 미국나스닥100,20241230,이익분배,38,.0038,"23,634.58",0.00,현금(배당소득),확정,정액,1542800000,2025/01/03 ~ 2025/01/03,,
KR7368590006,RISE 미국나스닥100,20240930,이익분배,30,.003,"19,653.28",0.00,현금(배당소득),확정,정액,1038000000,2024/10/04 ~ 2024/10/04,,
KR7379780000,RISE 미국S&P500,20260630,이익분배,66,.0066,"24,469.30",0.00,현금(배당소득),확정,정액,4177800000,2026/07/02 ~ 2026/07/02,,
KR7379780000,RISE 미국S&P500,20260331,이익분배,60,.006,"21,192.23",0.00,현금(배당소득),확정,정액,3702000000,2026/04/02 ~ 2026/04/02,,
KR7379780000,RISE 미국S&P500,20251230,이익분배,77,.0077,"21,682.61",0.00,현금(배당소득),확정,정액,4781700000,2026/01/05 ~ 2026/01/05,,
KR7379780000,RISE 미국S&P500,20250930,이익분배,55,.0055,"20,266.83",0.00,현금(배당소득),확정,정액,3019500000,2025/10/02 ~ 2025/10/02,,
KR7379780000,RISE 미국S&P500,20250630,이익분배,54,.0054,"17,984.25",0.00,현금(배당소득),확정,정액,2797200000,2025/07/02 ~ 2025/07/02,,
KR7379780000,RISE 미국S&P500,20250331,이익분배,55,.0055,"18,217.73",0.00,현금(배당소득),확정,정액,2761000000,2025/04/02 ~ 2025/04/02,,
KR7379780000,RISE 미국S&P500,20241230,이익분배,65,.0065,"19,278.15",0.00,현금(배당소득),확정,정액,2632500000,2025/01/03 ~ 2025/01/03,,
KR7379780000,RISE 미국S&P500,20240930,이익분배,50,.005,"16,572.82",0.00,현금(배당소득),확정,정액,1595000000,2024/10/04 ~ 2024/10/04,,
KR70047P0000,RISE 테슬라고정테크100,20260630,이익분배,14,.0014,"15,574.45",0.00,현금(배당소득),확정,정액,21000000,2026/07/02 ~ 2026/07/02,,
KR70047P0000,RISE 테슬라고정테크100,20260331,이익분배,12,.0012,"13,116.10",0.00,현금(배당소득),확정,정액,18000000,2026/04/02 ~ 2026/04/02,,
KR70047P0000,RISE 테슬라고정테크100,20251230,이익분배,12,.0012,"14,424.48",0.00,현금(배당소득),확정,정액,16800000,2026/01/05 ~ 2026/01/05,,
KR70047P0000,RISE 테슬라고정테크100,20250930,이익분배,11,.0011,"13,149.81",0.00,현금(배당소득),확정,정액,12100000,2025/10/02 ~ 2025/10/02,,
KR70093B0009,RISE 엔비디아고정테크100,20260630,이익분배,16,.0016,"13,168.83",0.00,현금(배당소득),확정,정액,14400000,2026/07/02 ~ 2026/07/02,,
KR70093B0009,RISE 엔비디아고정테크100,20260331,이익분배,11,.0011,"10,777.79",0.00,현금(배당소득),확정,정액,11550000,2026/04/02 ~ 2026/04/02,,
KR70093B0009,RISE 엔비디아고정테크100,20251230,이익분배,11,.0011,"11,413.83",0.00,현금(배당소득),확정,정액,13200000,2026/01/05 ~ 2026/01/05,,
KR70093B0009,RISE 엔비디아고정테크100,20250930,이익분배,4,.0004,"10,610.47",0.00,현금(배당소득),확정,정액,4400000,2025/10/02 ~ 2025/10/02,,
KR7461270001,ACE 26-06 회사채(AA-이상)액티브,20260628,청산분배,11228.48961539039039,1.12121982912732,"11,228.49",0.00,현금(배당소득),확정,정액,149563481677,2026/06/29 ~ 2026/06/29,1차최종청산분배금,
KR7461270001,ACE 26-06 회사채(AA-이상)액티브,20251128,이익분배,167,.01667577010604,"11,206.26",0.00,현금(배당소득),확정,정액,3543740000,2025/12/02 ~ 2025/12/02,,
KR7301410007,PLUS 코스닥150선물인버스,20260628,청산분배,3480.572268,.3480572268,"10,534.51",0.00,현금(배당소득),확정,정액,870143067,2026/06/29 ~ 2026/06/29,1차최종청산분배금,
KR7422260000,VITA MZ소비액티브,20260628,청산분배,9321.44686,.93338608949903,"10,103.27",0.00,현금(배당소득),확정,정액,932144686,2026/06/29 ~ 2026/06/29,1차최종청산분배금,
KR7422260000,VITA MZ소비액티브,20251230,이익분배,14,.00140186447976,"10,051.51",0.00,현금(배당소득),확정,정액,21000000,2026/01/02 ~ 2026/01/02,,
KR7422260000,VITA MZ소비액티브,20250731,이익분배,61,.00610812380466,"10,141.55",0.00,현금(배당소득),확정,정액,91500000,2025/08/04 ~ 2025/08/04,,
KR7276970001,KODEX 미국S&P500배당귀족커버드콜(합성 H),20260624,이익분배,114,.0114,"9,770.59",0.00,현금(배당소득),확정,정액,535800000,2026/06/26 ~ 2026/06/26,,
KR7276970001,KODEX 미국S&P500배당귀족커버드콜(합성 H),20260325,이익분배,117,.0117,"9,785.44",0.00,현금(배당소득),확정,정액,549900000,2026/03/27 ~ 2026/03/27,,
KR7276970001,KODEX 미국S&P500배당귀족커버드콜(합성 H),20251224,이익분배,117,.0117,"9,760.29",0.00,현금(배당소득),확정,정액,549900000,2025/12/29 ~ 2025/12/29,,
KR7276970001,KODEX 미국S&P500배당귀족커버드콜(합성 H),20250924,이익분배,116,.0116,"9,504.15",0.00,현금(배당소득),확정,정액,545200000,2025/09/26 ~ 2025/09/26,,
KR7276970001,KODEX 미국S&P500배당귀족커버드콜(합성 H),20250625,이익분배,115,.0115,"9,454.09",0.00,현금(배당소득),확정,정액,540500000,2025/06/27 ~ 2025/06/27,,
KR7276970001,KODEX 미국S&P500배당귀족커버드콜(합성 H),20250326,이익분배,126,.0126,"9,957.14",0.00,현금(배당소득),확정,정액,592200000,2025/03/28 ~ 2025/03/28,,
KR7276970001,KODEX 미국S&P500배당귀족커버드콜(합성 H),20241226,이익분배,124,.0124,"9,888.90",0.00,현금(배당소득),확정,정액,582800000,2024/12/30 ~ 2024/12/30,,
KR7276970001,KODEX 미국S&P500배당귀족커버드콜(합성 H),20240925,이익분배,133,.0133,"10,362.42",0.00,현금(배당소득),확정,정액,625100000,2024/09/27 ~ 2024/09/27,,
KR70068M0007,KODEX 미국S&P500버퍼6월액티브,20260619,이익분배,85,.0085,"12,734.46",0.00,현금(배당소득),확정,정액,425000000,2026/06/23 ~ 2026/06/23,,
KR70026S0002,1Q 미국S&P500,20260615,이익분배,35,.0035,"13,497.00",0.00,현금(배당소득),확정,정액,791000000,2026/06/16 ~ 2026/06/16,,
KR70026S0002,1Q 미국S&P500,20260313,이익분배,29,.0029,"12,095.81",0.00,현금(배당소득),확정,정액,574200000,2026/03/16 ~ 2026/03/16,,
KR70026S0002,1Q 미국S&P500,20251215,이익분배,30,.003,"12,355.41",0.00,현금(배당소득),확정,정액,432000000,2025/12/16 ~ 2025/12/16,,
KR70026S0002,1Q 미국S&P500,20250915,이익분배,28,.0028,"11,089.57",0.00,현금(배당소득),확정,정액,316400000,2025/09/16 ~ 2025/09/16,,
KR70026S0002,1Q 미국S&P500,20250613,이익분배,16,.0016,"10,131.72",0.00,현금(배당소득),확정,정액,124800000,2025/06/16 ~ 2025/06/16,,
KR70069M0006,1Q 미국나스닥100,20260615,이익분배,21,.0021,"14,454.31",0.00,현금(배당소득),확정,정액,266700000,2026/06/16 ~ 2026/06/16,,
KR70069M0006,1Q 미국나스닥100,20260313,이익분배,15,.0015,"12,154.29",0.00,현금(배당소득),확정,정액,138000000,2026/03/16 ~ 2026/03/16,,
KR70069M0006,1Q 미국나스닥100,20251215,이익분배,17,.0017,"12,632.83",0.00,현금(배당소득),확정,정액,90100000,2025/12/16 ~ 2025/12/16,,
KR70069M0006,1Q 미국나스닥100,20250915,이익분배,6,.0006,"11,065.58",0.00,현금(배당소득),확정,정액,14400000,2025/09/16 ~ 2025/09/16,,
KR7495710006,BNK 26-06 특수채(AAA이상)액티브,20260610,청산분배,51737.4780930674264,1.03474956186135,"51,737.48",0.00,현금(배당소득),확정,정액,108959128864,2026/06/11 ~ 2026/06/11,1차최종청산분배금,
KR7495710006,BNK 26-06 특수채(AAA이상)액티브,20251230,이익분배,435,.0087,"51,564.10",0.00,현금(배당소득),확정,정액,916110000,2026/01/05 ~ 2026/01/05,,
KR7483240008,TIGER 미국나스닥100ETF선물,20260610,청산분배,15231.83124,1.523183124,"15,231.85",0.00,현금(배당소득),확정,정액,6092732496,2026/06/11 ~ 2026/06/11,1차최종청산분배금,
KR7483240008,TIGER 미국나스닥100ETF선물,20251230,이익분배,165,.0165,"12,617.51",0.00,현금(배당소득),확정,정액,330000000,2026/01/05 ~ 2026/01/05,,
KR7114470008,KIWOOM 국고채3년,20260609,이익분배,833,.00811911650367,"108,465.75",0.00,현금(배당소득),확정,정액,474810000,2026/06/12 ~ 2026/06/12,,
KR7114470008,KIWOOM 국고채3년,20260309,이익분배,416,.00405468483256,"110,009.86",0.00,현금(배당소득),확정,정액,224640000,2026/03/12 ~ 2026/03/12,,
KR7114470008,KIWOOM 국고채3년,20251209,이익분배,854,.008323800113,"110,611.80",0.00,현금(배당소득),확정,정액,333060000,2025/12/12 ~ 2025/12/12,,
KR7114470008,KIWOOM 국고채3년,20250909,이익분배,437,.0042593684419,"112,033.93",0.00,현금(배당소득),확정,정액,117990000,2025/09/12 ~ 2025/09/12,,
KR7114470008,KIWOOM 국고채3년,20250609,이익분배,1020,.00994177531061,"112,448.58",0.00,현금(배당소득),확정,정액,275400000,2025/06/12 ~ 2025/06/12,,
KR7114470008,KIWOOM 국고채3년,20250307,이익분배,500,.00487341926991,"111,861.20",0.00,현금(배당소득),확정,정액,75000000,2025/03/12 ~ 2025/03/12,,
KR7114470008,KIWOOM 국고채3년,20241209,이익분배,1187,.01156949734676,"112,515.65",0.00,현금(배당소득),확정,정액,178050000,2024/12/12 ~ 2024/12/12,,
KR7114470008,KIWOOM 국고채3년,20240909,이익분배,541,.00527303965004,"111,414.80",0.00,현금(배당소득),확정,정액,81150000,2024/09/12 ~ 2024/09/12,,
KR7464240001,KIWOOM 26-09회사채(AA-이상)액티브,20260609,이익분배,453,.00906,"52,517.84",0.00,현금(배당소득),확정,정액,1494900000,2026/06/12 ~ 2026/06/12,,
KR7464240001,KIWOOM 26-09회사채(AA-이상)액티브,20260309,이익분배,470,.0094,"52,606.81",0.00,현금(배당소득),확정,정액,1800100000,2026/03/12 ~ 2026/03/12,,
KR7464240001,KIWOOM 26-09회사채(AA-이상)액티브,20251209,이익분배,475,.0095,"52,654.52",0.00,현금(배당소득),확정,정액,2560250000,2025/12/12 ~ 2025/12/12,,
KR7464240001,KIWOOM 26-09회사채(AA-이상)액티브,20250909,이익분배,443,.00886,"52,953.55",0.00,현금(배당소득),확정,정액,1798580000,2025/09/12 ~ 2025/09/12,,
KR7464240001,KIWOOM 26-09회사채(AA-이상)액티브,20250609,이익분배,458,.00916,"53,042.80",0.00,현금(배당소득),확정,정액,1273240000,2025/06/12 ~ 2025/06/12,,
KR7464240001,KIWOOM 26-09회사채(AA-이상)액티브,20250307,이익분배,460,.0092,"52,926.69",0.00,현금(배당소득),확정,정액,1154600000,2025/03/12 ~ 2025/03/12,,
KR7464240001,KIWOOM 26-09회사채(AA-이상)액티브,20241209,이익분배,523,.01046,"52,949.33",0.00,현금(배당소득),확정,정액,726970000,2024/12/12 ~ 2024/12/12,,
KR7464240001,KIWOOM 26-09회사채(AA-이상)액티브,20240909,이익분배,300,.006,"52,526.60",0.00,현금(배당소득),확정,정액,393000000,2024/09/12 ~ 2024/09/12,,
KR7183700004,RISE 200채권혼합50,20260609,이익분배,350,.00698487634574,"55,301.11",0.00,현금(배당소득),확정,정액,126000000,2026/06/11 ~ 2026/06/11,,
KR7183700004,RISE 200채권혼합50,20251209,이익분배,450,.00898055530166,"55,644.46",0.00,현금(배당소득),확정,정액,108000000,2025/12/11 ~ 2025/12/11,,
KR7183700004,RISE 200채권혼합50,20250609,이익분배,460,.00918012319725,"56,214.88",0.00,현금(배당소득),확정,정액,110400000,2025/06/11 ~ 2025/06/11,,
KR7183700004,RISE 200채권혼합50,20241209,이익분배,450,.00898055530166,"55,773.34",0.00,현금(배당소득),확정,정액,108000000,2024/12/11 ~ 2024/12/11,,
KR7241390004,RISE V&S셀렉트밸류채권혼합,20260609,이익분배,250,.02494479716388,"10,227.85",0.00,현금(배당소득),확정,정액,550000000,2026/06/11 ~ 2026/06/11,,
KR7241390004,RISE V&S셀렉트밸류채권혼합,20251209,이익분배,130,.01297129452522,"10,397.84",0.00,현금(배당소득),확정,정액,156000000,2025/12/11 ~ 2025/12/11,,
KR7241390004,RISE V&S셀렉트밸류채권혼합,20250609,이익분배,130,.01297129452522,"10,551.08",0.00,현금(배당소득),확정,정액,156000000,2025/06/11 ~ 2025/06/11,,
KR7241390004,RISE V&S셀렉트밸류채권혼합,20241209,이익분배,120,.01197350263866,"10,505.00",0.00,현금(배당소득),확정,정액,144000000,2024/12/11 ~ 2024/12/11,,
KR7253290001,RISE 헬스케어채권혼합,20260609,이익분배,50,.00494722791978,"10,290.27",0.00,현금(배당소득),확정,정액,90000000,2026/06/11 ~ 2026/06/11,,
KR7253290001,RISE 헬스케어채권혼합,20251209,이익분배,50,.00494722791978,"10,439.93",0.00,현금(배당소득),확정,정액,60000000,2025/12/11 ~ 2025/12/11,,
KR7253290001,RISE 헬스케어채권혼합,20250609,이익분배,50,.00494722791978,"10,553.14",0.00,현금(배당소득),확정,정액,60000000,2025/06/11 ~ 2025/06/11,,
KR7253290001,RISE 헬스케어채권혼합,20241209,이익분배,90,.0089050102556,"10,535.65",0.00,현금(배당소득),확정,정액,108000000,2024/12/11 ~ 2024/12/11,,
KR7114100001,RISE 국고채3년,20260609,이익분배,942,.00917714967668,"107,383.15",0.00,현금(배당소득),확정,정액,938232000,2026/06/11 ~ 2026/06/11,,
KR7114100001,RISE 국고채3년,20260309,이익분배,546,.00531923962152,"109,041.32",0.00,현금(배당소득),확정,정액,917280000,2026/03/11 ~ 2026/03/11,,
KR7114100001,RISE 국고채3년,20251209,이익분배,757,.00737484321152,"109,574.14",0.00,현금(배당소득),확정,정액,975016000,2025/12/11 ~ 2025/12/11,,
KR7114100001,RISE 국고채3년,20250909,이익분배,665,.00647856107749,"111,247.33",0.00,현금(배당소득),확정,정액,381710000,2025/09/11 ~ 2025/09/11,,
KR7114100001,RISE 국고채3년,20250609,이익분배,1100,.0107164168199,"111,747.71",0.00,현금(배당소득),확정,정액,1519100000,2025/06/11 ~ 2025/06/11,,
KR7114100001,RISE 국고채3년,20250307,이익분배,650,.00633242812085,"111,310.31",0.00,현금(배당소득),확정,정액,278850000,2025/03/11 ~ 2025/03/11,,
KR7114100001,RISE 국고채3년,20241209,이익분배,1120,.01091126076208,"111,878.37",0.00,현금(배당소득),확정,정액,468160000,2024/12/11 ~ 2024/12/11,,
KR7114100001,RISE 국고채3년,20240909,이익분배,670,.00652727206303,"110,897.93",0.00,현금(배당소득),확정,정액,203010000,2024/09/11 ~ 2024/09/11,,
KR7183710003,RISE 주식혼합,20260609,이익분배,450,.0149248781135,"32,773.20",0.00,현금(배당소득),확정,정액,90000000,2026/06/11 ~ 2026/06/11,,
KR7183710003,RISE 주식혼합,20251209,이익분배,250,.00829159895194,"32,738.41",0.00,현금(배당소득),확정,정액,50000000,2025/12/11 ~ 2025/12/11,,
KR7183710003,RISE 주식혼합,20250609,이익분배,300,.00994991874233,"32,981.98",0.00,현금(배당소득),확정,정액,60000000,2025/06/11 ~ 2025/06/11,,
KR7183710003,RISE 주식혼합,20241209,이익분배,250,.00829159895194,"32,656.22",0.00,현금(배당소득),확정,정액,50000000,2024/12/11 ~ 2024/12/11,,
KR7114460009,ACE 국고채3년,20260609,이익분배,833,.00811340060086,"102,030.14",0.00,현금(배당소득),확정,정액,124950000,2026/06/11 ~ 2026/06/11,,
KR7114460009,ACE 국고채3년,20260309,이익분배,416,.00405183031207,"103,492.52",0.00,현금(배당소득),확정,정액,49920000,2026/03/11 ~ 2026/03/11,,
KR7114460009,ACE 국고채3년,20251209,이익분배,854,.00831794011181,"104,168.31",0.00,현금(배당소득),확정,정액,153720000,2025/12/11 ~ 2025/12/11,,
KR7114460009,ACE 국고채3년,20250909,이익분배,437,.00425636982302,"105,528.32",0.00,현금(배당소득),확정,정액,52440000,2025/09/11 ~ 2025/09/11,,
KR7114460009,ACE 국고채3년,20250609,이익분배,1020,.00993477624595,"106,005.38",0.00,현금(배당소득),확정,정액,122400000,2025/06/11 ~ 2025/06/11,,
KR7114460009,ACE 국고채3년,20250307,이익분배,500,.00486998835586,"105,520.17",0.00,현금(배당소득),확정,정액,90000000,2025/03/11 ~ 2025/03/11,,
KR7114460009,ACE 국고채3년,20241209,이익분배,1187,.01156135235681,"106,216.59",0.00,현금(배당소득),확정,정액,213660000,2024/12/11 ~ 2024/12/11,,
KR7114460009,ACE 국고채3년,20240909,이익분배,541,.00526932740104,"105,222.52",0.00,현금(배당소득),확정,정액,97380000,2024/09/11 ~ 2024/09/11,,
KR7452440001,VITA 밸류알파액티브,20260601,청산분배,20617.7497,2.06177497,"10,154.27",0.00,현금(배당소득),확정,정액,3092662455,2026/06/02 ~ 2026/06/02,1차최종청산분배금,
KR7452440001,VITA 밸류알파액티브,20251230,이익분배,40,.004,"10,030.74",0.00,현금(배당소득),확정,정액,28000000,2026/01/02 ~ 2026/01/02,,
KR7452440001,VITA 밸류알파액티브,20251031,이익분배,6,.0006,"10,053.06",0.00,현금(배당소득),확정,정액,4200000,2025/11/04 ~ 2025/11/04,,
KR7452440001,VITA 밸류알파액티브,20250731,이익분배,69,.0069,"10,114.20",0.00,현금(배당소득),확정,정액,48300000,2025/08/04 ~ 2025/08/04,,
KR7494670003,TIGER 조선TOP10,20260430,이익분배,130,.01294629875277,"10,103.01",0.00,현금(배당소득),확정,정액,3601000000,2026/05/06 ~ 2026/05/06,,
KR7494670003,TIGER 조선TOP10,20251031,이익분배,55,.00547728024156,"10,034.31",0.00,현금(배당소득),확정,정액,1441000000,2025/11/04 ~ 2025/11/04,,
KR7494670003,TIGER 조선TOP10,20250430,이익분배,50,.00497934567414,"10,091.23",0.00,현금(배당소득),확정,정액,705000000,2025/05/07 ~ 2025/05/07,,
KR70000J0003,PLUS 한화그룹주,20260430,이익분배,50,.00483134732749,"10,395.36",0.00,현금(배당소득),확정,정액,315000000,2026/05/06 ~ 2026/05/06,,
KR70000J0003,PLUS 한화그룹주,20250430,이익분배,60,.00579761679299,"10,412.85",0.00,현금(배당소득),확정,정액,342000000,2025/05/07 ~ 2025/05/07,,
KR7457990000,PLUS 태양광&ESS,20260430,이익분배,190,.01872400812031,"10,184.25",0.00,현금(배당소득),확정,정액,864500000,2026/05/06 ~ 2026/05/06,,
KR7457990000,PLUS 태양광&ESS,20250430,이익분배,100,.00985474111595,"10,301.90",0.00,현금(배당소득),확정,정액,60000000,2025/05/07 ~ 2025/05/07,,
KR70115D0001,KODEX 조선TOP10,20260430,이익분배,25,.00231071543447,"10,844.28",0.00,현금(배당소득),확정,정액,496250000,2026/05/06 ~ 2026/05/06,,
KR7471780007,TIGER 코리아테크액티브,20260430,이익분배,5,.0005,"10,058.88",0.00,현금(배당소득),확정,정액,27500000,2026/05/06 ~ 2026/05/06,,
KR7471780007,TIGER 코리아테크액티브,20250430,이익분배,5,.0005,"10,059.25",0.00,현금(배당소득),확정,정액,5000000,2025/05/07 ~ 2025/05/07,,
KR7471760009,TIGER AI반도체핵심공정,20260430,이익분배,5,.0005033660085,"9,961.88",0.00,현금(배당소득),확정,정액,51750000,2026/05/06 ~ 2026/05/06,,
KR7471760009,TIGER AI반도체핵심공정,20250430,이익분배,115,.01157741819547,"9,976.29",0.00,현금(배당소득),확정,정액,1253500000,2025/05/07 ~ 2025/05/07,,
KR7461340002,HANARO 글로벌생성형AI액티브,20260430,이익분배,17,.0017,"39,876.56",0.00,현금(배당소득),확정,정액,19550000,2026/05/06 ~ 2026/05/06,,
KR7461340002,HANARO 글로벌생성형AI액티브,20260130,이익분배,12,.0012,"29,682.56",0.00,현금(배당소득),확정,정액,18600000,2026/02/03 ~ 2026/02/03,,
KR7461340002,HANARO 글로벌생성형AI액티브,20251031,이익분배,24,.0024,"28,629.60",0.00,현금(배당소득),확정,정액,43200000,2025/11/04 ~ 2025/11/04,,
KR7461340002,HANARO 글로벌생성형AI액티브,20250731,이익분배,15,.0015,"23,664.27",0.00,현금(배당소득),확정,정액,21750000,2025/08/04 ~ 2025/08/04,,
KR7461340002,HANARO 글로벌생성형AI액티브,20250430,이익분배,7,.0007,"18,153.14",0.00,현금(배당소득),확정,정액,12250000,2025/05/07 ~ 2025/05/07,,
KR7395160005,KODEX AI반도체TOP2플러스,20260430,이익분배,35,.00355607214559,"9,912.23",0.00,현금(배당소득),확정,정액,2618000000,2026/05/06 ~ 2026/05/06,,
KR7395160005,KODEX AI반도체TOP2플러스,20250430,이익분배,122,.01239545147892,"9,955.18",0.00,현금(배당소득),확정,정액,2098400000,2025/05/07 ~ 2025/05/07,,
KR7354500001,ACE 코스닥150,20260430,이익분배,50,.00494071634458,"10,169.29",0.00,현금(배당소득),확정,정액,565000000,2026/05/06 ~ 2026/05/06,,
KR7354500001,ACE 코스닥150,20250430,이익분배,40,.00395257307567,"10,167.35",0.00,현금(배당소득),확정,정액,68000000,2025/05/07 ~ 2025/05/07,,
KR7305540007,TIGER 2차전지테마,20260430,이익분배,55,.00549613621624,"9,965.75",0.00,현금(배당소득),확정,정액,2942500000,2026/05/06 ~ 2026/05/06,,
KR7305540007,TIGER 2차전지테마,20250430,이익분배,10,.00099929749386,"9,964.31",0.00,현금(배당소득),확정,정액,615500000,2025/05/07 ~ 2025/05/07,,
KR7300950003,KODEX 게임산업,20260430,이익분배,4,.00041582721548,"9,623.54",0.00,현금(배당소득),확정,정액,19600000,2026/05/06 ~ 2026/05/06,,
KR7300950003,KODEX 게임산업,20250430,이익분배,34,.00353453133154,"9,628.15",0.00,현금(배당소득),확정,정액,122400000,2025/05/07 ~ 2025/05/07,,
KR7228790002,TIGER 화장품,20260430,이익분배,20,.0030573373038,"6,549.25",0.00,현금(배당소득),확정,정액,1490400000,2026/05/06 ~ 2026/05/06,,
KR7228790002,TIGER 화장품,20251031,이익분배,9,.00137580178671,"6,534.26",0.00,현금(배당소득),확정,정액,992790000,2025/11/04 ~ 2025/11/04,,
KR7228790002,TIGER 화장품,20250430,이익분배,10,.0015286686519,"6,542.46",0.00,현금(배당소득),확정,정액,744600000,2025/05/07 ~ 2025/05/07,,
KR7227540002,TIGER 200 헬스케어,20260430,이익분배,90,.00478301074583,"18,680.93",0.00,현금(배당소득),확정,정액,131400000,2026/05/06 ~ 2026/05/06,,
KR7227540002,TIGER 200 헬스케어,20250430,이익분배,65,.00345439664977,"18,721.03",0.00,현금(배당소득),확정,정액,111800000,2025/05/07 ~ 2025/05/07,,
KR7157490004,TIGER 소프트웨어,20260430,이익분배,62,.01290392404168,"4,833.08",0.00,현금(배당소득),확정,정액,751440000,2026/05/06 ~ 2026/05/06,,
KR7157490004,TIGER 소프트웨어,20250430,이익분배,45,.00936575132057,"4,819.48",0.00,현금(배당소득),확정,정액,607500000,2025/05/07 ~ 2025/05/07,,
KR70104G0001,PLUS K방산레버리지,20260430,이익분배,35,.0035,"9,902.86",0.00,현금(배당소득),확정,정액,75250000,2026/05/06 ~ 2026/05/06,,
KR70001P0004,마이티 바이오시밀러&CDMO액티브,20260430,이익분배,10,.0010411591016,"9,539.32",0.00,현금(배당소득),확정,정액,11200000,2026/05/06 ~ 2026/05/06,,
KR70001P0004,마이티 바이오시밀러&CDMO액티브,20250430,이익분배,10,.0010411591016,"9,614.59",0.00,현금(배당소득),확정,정액,12400000,2025/05/07 ~ 2025/05/07,,
KR7385600002,ACE 2차전지&친환경차액티브,20260430,이익분배,120,.01208082069042,"10,052.53",0.00,현금(배당소득),확정,정액,216000000,2026/05/06 ~ 2026/05/06,,
KR7385600002,ACE 2차전지&친환경차액티브,20250430,이익분배,30,.003,"9,965.42",0.00,현금(배당소득),확정,정액,63000000,2025/05/07 ~ 2025/05/07,,
KR7442260006,마이티 다이나믹퀀트액티브,20260430,이익분배,350,.03505573862441,"10,329.73",0.00,현금(배당소득),확정,정액,420000000,2026/05/06 ~ 2026/05/06,,
KR7442260006,마이티 다이나믹퀀트액티브,20250430,이익분배,275,.02754379463347,"10,304.54",0.00,현금(배당소득),확정,정액,473000000,2025/05/07 ~ 2025/05/07,,
KR7388280000,RISE K엔터&여행레저,20260430,이익분배,100,.00993006256932,"10,286.60",0.00,현금(배당소득),확정,정액,404000000,2026/05/06 ~ 2026/05/06,,
KR7388280000,RISE K엔터&여행레저,20250430,이익분배,75,.00744754692699,"10,227.50",0.00,현금(배당소득),확정,정액,402000000,2025/05/07 ~ 2025/05/07,,
KR7496770009,PLUS 글로벌방산,20260430,이익분배,180,.018,"18,415.20",0.00,현금(배당소득),확정,정액,432000000,2026/05/06 ~ 2026/05/06,,
KR7496770009,PLUS 글로벌방산,20250430,이익분배,30,.003,"14,377.62",0.00,현금(배당소득),확정,정액,91500000,2025/05/07 ~ 2025/05/07,,
KR7454320003,HANARO CAPEX설비투자iSelect,20260430,이익분배,80,.00752822850432,"10,708.46",0.00,현금(배당소득),확정,정액,188000000,2026/05/06 ~ 2026/05/06,,
KR7454320003,HANARO CAPEX설비투자iSelect,20250430,이익분배,140,.01317439988256,"10,720.27",0.00,현금(배당소득),확정,정액,413000000,2025/05/07 ~ 2025/05/07,,
KR7483020004,KIWOOM 의료AI,20260430,이익분배,30,.00305735911434,"9,747.05",0.00,현금(배당소득),확정,정액,19500000,2026/05/06 ~ 2026/05/06,,
KR7483020004,KIWOOM 의료AI,20250430,이익분배,25,.00254779926195,"9,789.22",0.00,현금(배당소득),확정,정액,17500000,2025/05/07 ~ 2025/05/07,,
KR7465330009,RISE 2차전지TOP10,20260430,이익분배,11,.00057684310549,"19,181.24",0.00,현금(배당소득),확정,정액,73700000,2026/05/06 ~ 2026/05/06,,
KR7465330009,RISE 2차전지TOP10,20250430,이익분배,10,.00052440282318,"19,154.20",0.00,현금(배당소득),확정,정액,72750000,2025/05/07 ~ 2025/05/07,,
KR7464920008,PLUS 일본반도체소부장,20260430,이익분배,215,.0215,"25,635.04",0.00,현금(배당소득),확정,정액,193500000,2026/05/06 ~ 2026/05/06,,
KR7464920008,PLUS 일본반도체소부장,20250430,이익분배,125,.0125,"11,288.69",0.00,현금(배당소득),확정,정액,268750000,2025/05/07 ~ 2025/05/07,,
KR7373490002,KODEX 코리아혁신성장액티브,20260430,이익분배,120,.01196768724444,"10,150.23",0.00,현금(배당소득),확정,정액,60000000,2026/05/06 ~ 2026/05/06,,
KR7373490002,KODEX 코리아혁신성장액티브,20250430,이익분배,200,.0199461454074,"10,190.15",0.00,현금(배당소득),확정,정액,100000000,2025/05/07 ~ 2025/05/07,,
KR7367770005,RISE 수소경제테마,20260430,이익분배,100,.00984179317472,"10,545.22",0.00,현금(배당소득),확정,정액,575000000,2026/05/06 ~ 2026/05/06,,
KR7367770005,RISE 수소경제테마,20250430,이익분배,85,.00836552419851,"10,474.16",0.00,현금(배당소득),확정,정액,1768000000,2025/05/07 ~ 2025/05/07,,
KR7367740008,HANARO Fn5G산업,20260430,이익분배,140,.01405877975817,"10,114.07",0.00,현금(배당소득),확정,정액,77000000,2026/05/06 ~ 2026/05/06,,
KR7367740008,HANARO Fn5G산업,20251031,이익분배,20,.00200839710831,"10,026.77",0.00,현금(배당소득),확정,정액,11000000,2025/11/04 ~ 2025/11/04,,
KR7367740008,HANARO Fn5G산업,20250731,이익분배,45,.0045188934937,"10,044.69",0.00,현금(배당소득),확정,정액,24750000,2025/08/04 ~ 2025/08/04,,
KR7367740008,HANARO Fn5G산업,20250430,이익분배,80,.00803358843324,"10,102.04",0.00,현금(배당소득),확정,정액,36000000,2025/05/07 ~ 2025/05/07,,
KR7367740008,HANARO Fn5G산업,20250131,이익분배,20,.00200839710831,"10,016.27",0.00,현금(배당소득),확정,정액,11000000,2025/02/04 ~ 2025/02/04,,
KR7367740008,HANARO Fn5G산업,20241031,이익분배,45,.0045188934937,"10,031.87",0.00,현금(배당소득),확정,정액,24750000,2024/11/04 ~ 2024/11/04,,
KR7364960005,TIGER BBIG,20260430,이익분배,30,.00291805517459,"10,293.30",0.00,현금(배당소득),확정,정액,420000000,2026/05/06 ~ 2026/05/06,,
KR7364960005,TIGER BBIG,20250430,이익분배,10,.0009726850582,"10,280.30",0.00,현금(배당소득),확정,정액,229000000,2025/05/07 ~ 2025/05/07,,
KR7301400008,PLUS 코스닥150,20260430,이익분배,25,.00184175494198,"13,573.94",0.00,현금(배당소득),확정,정액,16250000,2026/05/06 ~ 2026/05/06,,
KR7301400008,PLUS 코스닥150,20250430,이익분배,10,.00073670197679,"13,576.70",0.00,현금(배당소득),확정,정액,4000000,2025/05/07 ~ 2025/05/07,,
KR7300610003,TIGER K게임,20260430,이익분배,55,.00586147730543,"9,384.39",0.00,현금(배당소득),확정,정액,132000000,2026/05/06 ~ 2026/05/06,,
KR7300610003,TIGER K게임,20250430,이익분배,15,.00159858471966,"9,389.06",0.00,현금(배당소득),확정,정액,30000000,2025/05/07 ~ 2025/05/07,,
KR7266550003,PLUS 중형주저변동50,20260430,이익분배,400,.03905735083754,"10,650.35",0.00,현금(배당소득),확정,정액,200000000,2026/05/06 ~ 2026/05/06,,
KR7266550003,PLUS 중형주저변동50,20250430,이익분배,390,.0380809170666,"10,678.06",0.00,현금(배당소득),확정,정액,195000000,2025/05/07 ~ 2025/05/07,,
KR7266370006,KODEX IT,20260430,이익분배,51,.0051681262401,"9,968.87",0.00,현금(배당소득),확정,정액,66300000,2026/05/06 ~ 2026/05/06,,
KR7266370006,KODEX IT,20250430,이익분배,197,.01996315429998,"10,022.24",0.00,현금(배당소득),확정,정액,256100000,2025/05/07 ~ 2025/05/07,,
KR7266360007,KODEX K콘텐츠,20260430,이익분배,32,.00321779440305,"9,977.08",0.00,현금(배당소득),확정,정액,118400000,2026/05/06 ~ 2026/05/06,,
KR7266360007,KODEX K콘텐츠,20250430,이익분배,67,.00673725703138,"9,958.39",0.00,현금(배당소득),확정,정액,234500000,2025/05/07 ~ 2025/05/07,,
KR7227570009,TIGER 우량가치,20260430,이익분배,325,.02917181661429,"11,731.21",0.00,현금(배당소득),확정,정액,156000000,2026/05/06 ~ 2026/05/06,,
KR7227570009,TIGER 우량가치,20250430,이익분배,325,.02917181661429,"11,573.25",0.00,현금(배당소득),확정,정액,156000000,2025/05/07 ~ 2025/05/07,,
KR7140570003,RISE 수출주,20260430,이익분배,160,.01222370604432,"13,405.74",0.00,현금(배당소득),확정,정액,64000000,2026/05/06 ~ 2026/05/06,,
KR7140570003,RISE 수출주,20250731,이익분배,30,.00229194488331,"13,271.65",0.00,현금(배당소득),확정,정액,12000000,2025/08/04 ~ 2025/08/04,,
KR7140570003,RISE 수출주,20250430,이익분배,50,.00381990813885,"13,330.35",0.00,현금(배당소득),확정,정액,20000000,2025/05/07 ~ 2025/05/07,,
KR7138520002,TIGER 삼성그룹,20260430,이익분배,185,.02207197372361,"8,838.68",0.00,현금(배당소득),확정,정액,703000000,2026/05/06 ~ 2026/05/06,,
KR7138520002,TIGER 삼성그룹,20251031,이익분배,20,.00238615932147,"8,585.40",0.00,현금(배당소득),확정,정액,325200000,2025/11/04 ~ 2025/11/04,,
KR7138520002,TIGER 삼성그룹,20250430,이익분배,210,.02505467287545,"8,770.69",0.00,현금(배당소득),확정,정액,3444000000,2025/05/07 ~ 2025/05/07,,
KR7138520002,TIGER 삼성그룹,20241031,이익분배,10,.00119307966074,"8,532.41",0.00,현금(배당소득),확정,정액,25600000,2024/11/04 ~ 2024/11/04,,
KR7102960002,KODEX 기계장비,20260430,이익분배,8,.00027632324293,"28,959.73",0.00,현금(배당소득),확정,정액,11200000,2026/05/06 ~ 2026/05/06,,
KR7102960002,KODEX 기계장비,20250430,이익분배,59,.00203788391661,"28,978.67",0.00,현금(배당소득),확정,정액,101480000,2025/05/07 ~ 2025/05/07,,
KR70138D0004,RISE 동학개미,20260430,이익분배,90,.00904259060173,"10,027.96",0.00,현금(배당소득),확정,정액,72000000,2026/05/06 ~ 2026/05/06,,
KR70035T0000,PLUS 글로벌휴머노이드로봇액티브,20260430,이익분배,40,.004,"14,412.32",0.00,현금(배당소득),확정,정액,190000000,2026/05/06 ~ 2026/05/06,,
KR70035T0000,PLUS 글로벌휴머노이드로봇액티브,20251230,이익분배,89,.0089,"13,284.97",0.00,현금(배당소득),확정,정액,289250000,2026/01/05 ~ 2026/01/05,,
KR7446700007,RISE 배터리 리사이클링,20260430,이익분배,16,.00152102966103,"10,659.27",0.00,현금(배당소득),확정,정액,38720000,2026/05/06 ~ 2026/05/06,,
KR7446700007,RISE 배터리 리사이클링,20250430,이익분배,15,.00142596530721,"10,662.18",0.00,현금(배당소득),확정,정액,23400000,2025/05/07 ~ 2025/05/07,,
KR70166N0007,PLUS 코스닥150액티브,20260430,이익분배,5,.00048679566752,"10,274.30",0.00,현금(배당소득),확정,정액,21500000,2026/05/06 ~ 2026/05/06,,
KR7421320003,PLUS 우주항공,20260430,이익분배,60,.00583130047719,"10,342.02",0.00,현금(배당소득),확정,정액,411000000,2026/05/06 ~ 2026/05/06,,
KR7421320003,PLUS 우주항공,20250430,이익분배,130,.01263448436726,"10,418.38",0.00,현금(배당소득),확정,정액,260000000,2025/05/07 ~ 2025/05/07,,
KR70007G0009,PLUS 글로벌원자력밸류체인,20260430,이익분배,5,.0005,"17,835.06",0.00,현금(배당소득),확정,정액,17000000,2026/05/06 ~ 2026/05/06,,
KR70007G0009,PLUS 글로벌원자력밸류체인,20251230,이익분배,42,.0042,"14,506.93",0.00,현금(배당소득),확정,정액,161700000,2026/01/05 ~ 2026/01/05,,
KR7427120001,RISE AI플랫폼,20260430,이익분배,100,.01027940449354,"9,797.65",0.00,현금(배당소득),확정,정액,70000000,2026/05/06 ~ 2026/05/06,,
KR7427120001,RISE AI플랫폼,20251230,이익분배,5,.00051397022468,"9,680.89",0.00,현금(배당소득),확정,정액,12900000,2026/01/05 ~ 2026/01/05,,
KR7469070007,RISE AI&로봇,20260430,이익분배,10,.00109344947225,"9,112.32",0.00,현금(배당소득),확정,정액,335000000,2026/05/06 ~ 2026/05/06,,
KR7469070007,RISE AI&로봇,20250430,이익분배,5,.00054672473612,"9,116.11",0.00,현금(배당소득),확정,정액,42250000,2025/05/07 ~ 2025/05/07,,
KR70098F0000,KODEX 원자력SMR,20260430,이익분배,58,.00602235748299,"9,688.61",0.00,현금(배당소득),확정,정액,1180300000,2026/05/06 ~ 2026/05/06,,
KR70091P0005,TIGER 코리아원자력,20260430,이익분배,35,.00351656654499,"10,010.58",0.00,현금(배당소득),확정,정액,1482250000,2026/05/06 ~ 2026/05/06,,
KR70090B0002,PLUS K방산소부장,20260430,이익분배,55,.00524167954849,"10,546.53",0.00,현금(배당소득),확정,정액,137500000,2026/05/06 ~ 2026/05/06,,
KR70090B0002,PLUS K방산소부장,20251230,이익분배,10,.00095303264518,"10,487.03",0.00,현금(배당소득),확정,정액,13000000,2026/01/05 ~ 2026/01/05,,
KR7449450006,PLUS K방산,20260430,이익분배,75,.00796856771901,"9,464.93",0.00,현금(배당소득),확정,정액,1688250000,2026/05/06 ~ 2026/05/06,,
KR7449450006,PLUS K방산,20250430,이익분배,100,.01062475695868,"9,548.38",0.00,현금(배당소득),확정,정액,1925000000,2025/05/07 ~ 2025/05/07,,
KR7441540002,HANARO Fn조선해운,20260430,이익분배,200,.01998349363426,"10,212.78",0.00,현금(배당소득),확정,정액,610000000,2026/05/06 ~ 2026/05/06,,
KR7441540002,HANARO Fn조선해운,20250430,이익분배,120,.01199009618055,"10,105.47",0.00,현금(배당소득),확정,정액,426000000,2025/05/07 ~ 2025/05/07,,
KR7433500006,ACE 원자력TOP10,20260430,이익분배,280,.0240913475065,"11,904.19",0.00,현금(배당소득),확정,정액,1456000000,2026/05/06 ~ 2026/05/06,,
KR7433500006,ACE 원자력TOP10,20250430,이익분배,215,.01849871326392,"11,819.94",0.00,현금(배당소득),확정,정액,279500000,2025/05/07 ~ 2025/05/07,,
KR7387280001,TIGER 퓨처모빌리티액티브,20260430,이익분배,5,.0005,"10,245.77",0.00,현금(배당소득),확정,정액,7250000,2026/05/06 ~ 2026/05/06,,
KR7387280001,TIGER 퓨처모빌리티액티브,20250430,이익분배,5,.0005,"10,160.05",0.00,현금(배당소득),확정,정액,11050000,2025/05/07 ~ 2025/05/07,,
KR7380340000,ACE 코리아AI테크핵심산업,20260430,이익분배,75,.00798147446567,"9,471.21",0.00,현금(배당소득),확정,정액,45000000,2026/05/06 ~ 2026/05/06,,
KR7380340000,ACE 코리아AI테크핵심산업,20250430,이익분배,85,.00914015841508,"9,456.52",0.00,현금(배당소득),확정,정액,51000000,2025/05/07 ~ 2025/05/07,,
KR7367760006,RISE 네트워크인프라,20260430,이익분배,56,.00561700830114,"10,172.42",0.00,현금(배당소득),확정,정액,512400000,2026/05/06 ~ 2026/05/06,,
KR7367760006,RISE 네트워크인프라,20250430,이익분배,55,.00551670458147,"10,126.41",0.00,현금(배당소득),확정,정액,154000000,2025/05/07 ~ 2025/05/07,,
KR7365000009,TIGER 인터넷TOP10,20260430,이익분배,25,.00239453738974,"10,461.70",0.00,현금(배당소득),확정,정액,281250000,2026/05/06 ~ 2026/05/06,,
KR7365000009,TIGER 인터넷TOP10,20250430,이익분배,10,.0009578149559,"10,445.18",0.00,현금(배당소득),확정,정액,190500000,2025/05/07 ~ 2025/05/07,,
KR7304770001,HANARO 코스닥150,20260430,이익분배,10,.00080676651209,"12,412.09",0.00,현금(배당소득),확정,정액,16000000,2026/05/06 ~ 2026/05/06,,
KR7304770001,HANARO 코스닥150,20250430,이익분배,15,.00121014976814,"12,409.44",0.00,현금(배당소득),확정,정액,18000000,2025/05/07 ~ 2025/05/07,,
KR7300640000,RISE 게임테마,20260430,이익분배,31,.00323421676138,"9,625.73",0.00,현금(배당소득),확정,정액,113150000,2026/05/06 ~ 2026/05/06,,
KR7300640000,RISE 게임테마,20250430,이익분배,30,.00312988718843,"9,640.58",0.00,현금(배당소득),확정,정액,112500000,2025/05/07 ~ 2025/05/07,,
KR7277650008,TIGER 코스피중형주,20260430,이익분배,215,.01598227825518,"14,088.80",0.00,현금(배당소득),확정,정액,86000000,2026/05/06 ~ 2026/05/06,,
KR7277650008,TIGER 코스피중형주,20250430,이익분배,215,.01598227825518,"13,983.44",0.00,현금(배당소득),확정,정액,96750000,2025/05/07 ~ 2025/05/07,,
KR7229200001,KODEX 코스닥150,20260430,이익분배,28,.00262083696428,"10,711.32",0.00,현금(배당소득),확정,정액,8876000000,2026/05/06 ~ 2026/05/06,,
KR7229200001,KODEX 코스닥150,20250430,이익분배,44,.00411845808673,"10,727.77",0.00,현금(배당소득),확정,정액,4930200000,2025/05/07 ~ 2025/05/07,,
KR7150460004,TIGER 중국소비테마,20260430,이익분배,100,.01834990329601,"5,522.88",0.00,현금(배당소득),확정,정액,870000000,2026/05/06 ~ 2026/05/06,,
KR7150460004,TIGER 중국소비테마,20251031,이익분배,15,.0027524854944,"5,439.94",0.00,현금(배당소득),확정,정액,164700000,2025/11/04 ~ 2025/11/04,,
KR7150460004,TIGER 중국소비테마,20250430,이익분배,65,.01192743714241,"5,501.74",0.00,현금(배당소득),확정,정액,832650000,2025/05/07 ~ 2025/05/07,,
KR7147970008,TIGER 모멘텀,20260430,이익분배,750,.03963481014397,"19,928.12",0.00,현금(배당소득),확정,정액,345000000,2026/05/06 ~ 2026/05/06,,
KR7147970008,TIGER 모멘텀,20251031,이익분배,120,.00634156962304,"19,271.46",0.00,현금(배당소득),확정,정액,74400000,2025/11/04 ~ 2025/11/04,,
KR7147970008,TIGER 모멘텀,20250430,이익분배,750,.03963481014397,"19,932.23",0.00,현금(배당소득),확정,정액,225000000,2025/05/07 ~ 2025/05/07,,
KR7147970008,TIGER 모멘텀,20241031,이익분배,10,.00052846413525,"19,086.75",0.00,현금(배당소득),확정,정액,1200000,2024/11/04 ~ 2024/11/04,,
KR7139220008,TIGER 200 건설,20260430,이익분배,65,.00915854139661,"7,164.62",0.00,현금(배당소득),확정,정액,1476800000,2026/05/06 ~ 2026/05/06,,
KR7139220008,TIGER 200 건설,20250430,이익분배,50,.00704503184354,"7,145.11",0.00,현금(배당소득),확정,정액,522000000,2025/05/07 ~ 2025/05/07,,
KR7102780004,KODEX 삼성그룹,20260430,이익분배,138,.02830287356204,"5,069.16",0.00,현금(배당소득),확정,정액,18271200000,2026/05/06 ~ 2026/05/06,,
KR7102780004,KODEX 삼성그룹,20250430,이익분배,182,.03732697817602,"5,075.30",0.00,현금(배당소득),확정,정액,24551800000,2025/05/07 ~ 2025/05/07,,
KR7091160002,KODEX 반도체,20260430,이익분배,115,.01348309337335,"8,756.74",0.00,현금(배당소득),확정,정액,4841500000,2026/05/06 ~ 2026/05/06,,
KR7091160002,KODEX 반도체,20250430,이익분배,416,.04877362472448,"8,907.39",0.00,현금(배당소득),확정,정액,8403200000,2025/05/07 ~ 2025/05/07,,
KR7385590005,ACE ESG액티브,20260430,이익분배,135,.01363984937565,"10,034.26",0.00,현금(배당소득),확정,정액,297000000,2026/05/06 ~ 2026/05/06,,
KR7385590005,ACE ESG액티브,20250430,이익분배,180,.018,"10,086.11",0.00,현금(배당소득),확정,정액,432000000,2025/05/07 ~ 2025/05/07,,
KR7292050002,RISE KRX300,20260430,이익분배,380,.02620093358063,"15,408.88",0.00,현금(배당소득),확정,정액,152000000,2026/05/06 ~ 2026/05/06,,
KR7292050002,RISE KRX300,20251031,이익분배,50,.00344749126061,"15,161.26",0.00,현금(배당소득),확정,정액,17500000,2025/11/04 ~ 2025/11/04,,
KR7292050002,RISE KRX300,20250731,이익분배,200,.01378996504244,"15,306.18",0.00,현금(배당소득),확정,정액,70000000,2025/08/04 ~ 2025/08/04,,
KR7292050002,RISE KRX300,20250430,이익분배,80,.00551598601698,"15,340.53",0.00,현금(배당소득),확정,정액,28000000,2025/05/07 ~ 2025/05/07,,
KR7292050002,RISE KRX300,20241031,이익분배,45,.00310274213455,"15,152.03",0.00,현금(배당소득),확정,정액,20250000,2024/11/04 ~ 2024/11/04,,
KR7448630004,RISE 삼성그룹Top3채권혼합,20260430,이익분배,11,.00109956127505,"10,531.23",0.00,현금(배당소득),확정,정액,249700000,2026/05/06 ~ 2026/05/06,,
KR7448630004,RISE 삼성그룹Top3채권혼합,20250430,이익분배,10,.00099960115914,"10,562.28",0.00,현금(배당소득),확정,정액,16000000,2025/05/07 ~ 2025/05/07,,
KR7453950008,TIGER TSMC파운드리밸류체인,20260430,이익분배,35,.0035,"33,092.47",0.00,현금(배당소득),확정,정액,52500000,2026/05/06 ~ 2026/05/06,,
KR7453950008,TIGER TSMC파운드리밸류체인,20251031,이익분배,70,.007,"21,510.61",0.00,현금(배당소득),확정,정액,77000000,2025/11/04 ~ 2025/11/04,,
KR7453950008,TIGER TSMC파운드리밸류체인,20250430,이익분배,35,.0035,"13,664.00",0.00,현금(배당소득),확정,정액,47250000,2025/05/07 ~ 2025/05/07,,
KR70047N0002,PLUS 차이나AI테크TOP10,20260430,이익분배,40,.004,"11,271.34",0.00,현금(배당소득),확정,정액,40000000,2026/05/06 ~ 2026/05/06,,
KR70047N0002,PLUS 차이나AI테크TOP10,20251230,이익분배,25,.0025,"11,404.95",0.00,현금(배당소득),확정,정액,30000000,2026/01/05 ~ 2026/01/05,,
KR70093A0000,RISE AI반도체TOP10,20260430,이익분배,10,.000975333808,"10,323.00",0.00,현금(배당소득),확정,정액,68500000,2026/05/06 ~ 2026/05/06,,
KR70093A0000,RISE AI반도체TOP10,20251230,이익분배,5,.000487666904,"10,253.00",0.00,현금(배당소득),확정,정액,20000000,2026/01/05 ~ 2026/01/05,,
KR7417630001,TIGER KEDI혁신기업ESG30,20260430,이익분배,20,.00198944796798,"10,143.49",0.00,현금(배당소득),확정,정액,22000000,2026/05/06 ~ 2026/05/06,,
KR7417630001,TIGER KEDI혁신기업ESG30,20251031,이익분배,25,.00248680995997,"10,093.87",0.00,현금(배당소득),확정,정액,30000000,2025/11/04 ~ 2025/11/04,,
KR7417630001,TIGER KEDI혁신기업ESG30,20250430,이익분배,80,.00795779187191,"10,146.75",0.00,현금(배당소득),확정,정액,120000000,2025/05/07 ~ 2025/05/07,,
KR7396500001,TIGER 반도체TOP10,20260430,이익분배,60,.00608049357393,"9,984.51",0.00,현금(배당소득),확정,정액,15504000000,2026/05/06 ~ 2026/05/06,,
KR7396500001,TIGER 반도체TOP10,20251031,이익분배,15,.00152012339348,"9,923.18",0.00,현금(배당소득),확정,정액,1331250000,2025/11/04 ~ 2025/11/04,,
KR7396500001,TIGER 반도체TOP10,20250430,이익분배,60,.00608049357393,"9,973.33",0.00,현금(배당소득),확정,정액,4221000000,2025/05/07 ~ 2025/05/07,,
KR7396500001,TIGER 반도체TOP10,20241031,이익분배,10,.00101341559566,"9,897.33",0.00,현금(배당소득),확정,정액,646500000,2024/11/04 ~ 2024/11/04,,
KR7316670009,KIWOOM 코스닥150,20260430,이익분배,15,.002633648903,"5,751.62",0.00,현금(배당소득),확정,정액,83400000,2026/05/06 ~ 2026/05/06,,
KR7316670009,KIWOOM 코스닥150,20250430,이익분배,10,.00175576593533,"5,747.72",0.00,현금(배당소득),확정,정액,24000000,2025/05/07 ~ 2025/05/07,,
KR7316670009,KIWOOM 코스닥150,20241031,이익분배,10,.00175576593533,"5,743.03",0.00,현금(배당소득),확정,정액,21200000,2024/11/04 ~ 2024/11/04,,
KR7108450008,ACE 삼성그룹섹터가중,20260430,이익분배,370,.08201954281863,"4,914.43",0.00,현금(배당소득),확정,정액,999000000,2026/05/06 ~ 2026/05/06,,
KR7108450008,ACE 삼성그룹섹터가중,20250430,이익분배,270,.0598520988136,"4,844.94",0.00,현금(배당소득),확정,정액,783000000,2025/05/07 ~ 2025/05/07,,
KR7105780001,RISE 5대그룹주,20260430,이익분배,100,.03775836158917,"2,813.62",0.00,현금(배당소득),확정,정액,200000000,2026/05/06 ~ 2026/05/06,,
KR7105780001,RISE 5대그룹주,20250731,이익분배,10,.00377583615892,"2,713.88",0.00,현금(배당소득),확정,정액,20000000,2025/08/04 ~ 2025/08/04,,
KR7105780001,RISE 5대그룹주,20250430,이익분배,70,.02643085311242,"2,773.71",0.00,현금(배당소득),확정,정액,140000000,2025/05/07 ~ 2025/05/07,,
KR7105780001,RISE 5대그룹주,20250131,이익분배,20,.00755167231783,"2,710.29",0.00,현금(배당소득),확정,정액,36000000,2025/02/04 ~ 2025/02/04,,
KR7105780001,RISE 5대그룹주,20241031,이익분배,10,.00377583615892,"2,706.42",0.00,현금(배당소득),확정,정액,20000000,2024/11/04 ~ 2024/11/04,,
KR70166S0002,PLUS K제조업핵심기업액티브,20260430,이익분배,5,.00054784854398,"9,134.06",0.00,현금(배당소득),확정,정액,25250000,2026/05/06 ~ 2026/05/06,,
KR7442580007,PLUS 글로벌HBM반도체,20260430,이익분배,100,.01,"39,455.99",0.00,현금(배당소득),확정,정액,605000000,2026/05/06 ~ 2026/05/06,,
KR7442580007,PLUS 글로벌HBM반도체,20250430,이익분배,200,.02,"13,448.13",0.00,현금(배당소득),확정,정액,100000000,2025/05/07 ~ 2025/05/07,,
KR7401170006,RISE 메타버스,20260430,이익분배,16,.00159466902146,"10,051.90",0.00,현금(배당소득),확정,정액,184960000,2026/05/06 ~ 2026/05/06,,
KR7401170006,RISE 메타버스,20251230,이익분배,15,.00149500220762,"10,015.24",0.00,현금(배당소득),확정,정액,209100000,2026/01/05 ~ 2026/01/05,,
KR7419650007,PLUS 글로벌수소&차세대연료전지,20260430,이익분배,11,.0011,"6,386.23",0.00,현금(배당소득),확정,정액,43450000,2026/05/06 ~ 2026/05/06,,
KR7419650007,PLUS 글로벌수소&차세대연료전지,20250430,이익분배,7,.0007,"3,537.84",0.00,현금(배당소득),확정,정액,24150000,2025/05/07 ~ 2025/05/07,,
KR7461900003,PLUS 미국테크TOP10,20260430,이익분배,15,.0015,"23,482.53",0.00,현금(배당소득),확정,정액,12750000,2026/05/06 ~ 2026/05/06,,
KR7461900003,PLUS 미국테크TOP10,20250430,이익분배,10,.001,"15,831.45",0.00,현금(배당소득),확정,정액,7500000,2025/05/07 ~ 2025/05/07,,
KR7469150007,ACE AI반도체TOP3+,20260430,이익분배,120,.01108980431116,"10,939.46",0.00,현금(배당소득),확정,정액,1524000000,2026/05/06 ~ 2026/05/06,,
KR7469150007,ACE AI반도체TOP3+,20250430,이익분배,140,.014,"10,962.15",0.00,현금(배당소득),확정,정액,420000000,2025/05/07 ~ 2025/05/07,,
KR7365040005,TIGER AI코리아그로스액티브,20260430,이익분배,5,.00050145874348,"11,280.91",0.00,현금(배당소득),확정,정액,10000000,2026/05/06 ~ 2026/05/06,,
KR7365040005,TIGER AI코리아그로스액티브,20250430,이익분배,5,.00050145874348,"11,044.80",0.00,현금(배당소득),확정,정액,4000000,2025/05/07 ~ 2025/05/07,,
KR7287180004,PLUS 미국나스닥테크,20260430,이익분배,200,.02,"48,984.62",0.00,현금(배당소득),확정,정액,150000000,2026/05/06 ~ 2026/05/06,,
KR7287180004,PLUS 미국나스닥테크,20250430,이익분배,127,.0127,"32,722.06",0.00,현금(배당소득),확정,정액,101600000,2025/05/07 ~ 2025/05/07,,
KR7280920000,PLUS 주도업종,20260430,이익분배,150,.01514947991835,"10,175.10",0.00,현금(배당소득),확정,정액,75000000,2026/05/06 ~ 2026/05/06,,
KR7280920000,PLUS 주도업종,20250430,이익분배,290,.02928899450882,"10,246.06",0.00,현금(배당소득),확정,정액,159500000,2025/05/07 ~ 2025/05/07,,
KR7253150007,PLUS 200선물레버리지,20260430,이익분배,300,.015,"23,514.14",0.00,현금(배당소득),확정,정액,75000000,2026/05/06 ~ 2026/05/06,,
KR7253150007,PLUS 200선물레버리지,20251230,이익분배,906,.0453,"23,828.84",0.00,현금(배당소득),확정,정액,226500000,2026/01/05 ~ 2026/01/05,,
KR7228810008,TIGER 미디어컨텐츠,20260430,이익분배,5,.00067150508464,"7,378.05",0.00,현금(배당소득),확정,정액,116400000,2026/05/06 ~ 2026/05/06,,
KR7228810008,TIGER 미디어컨텐츠,20250430,이익분배,5,.00067150508464,"7,387.62",0.00,현금(배당소득),확정,정액,101400000,2025/05/07 ~ 2025/05/07,,
KR7143860005,TIGER 헬스케어,20260430,이익분배,72,.00534954045961,"13,770.82",0.00,현금(배당소득),확정,정액,290880000,2026/05/06 ~ 2026/05/06,,
KR7143860005,TIGER 헬스케어,20250430,이익분배,10,.0007429917305,"13,887.69",0.00,현금(배당소득),확정,정액,62400000,2025/05/07 ~ 2025/05/07,,
KR7131890006,ACE 삼성그룹동일가중,20260430,이익분배,700,.06399420761001,"11,786.54",0.00,현금(배당소득),확정,정액,280000000,2026/05/06 ~ 2026/05/06,,
KR7131890006,ACE 삼성그룹동일가중,20250430,이익분배,480,.04388174236115,"11,695.82",0.00,현금(배당소득),확정,정액,240000000,2025/05/07 ~ 2025/05/07,,
KR70078V0004,PLUS 미국로보택시,20260430,이익분배,5,.0005,"11,321.51",0.00,현금(배당소득),확정,정액,3250000,2026/05/06 ~ 2026/05/06,,
KR70078V0004,PLUS 미국로보택시,20251230,이익분배,7,.0007,"12,320.37",0.00,현금(배당소득),확정,정액,5250000,2026/01/05 ~ 2026/01/05,,
KR70053M0004,더제이 중소형포커스액티브,20260430,이익분배,263,.0267998165792,"9,977.23",0.00,현금(배당소득),확정,정액,118350000,2026/05/06 ~ 2026/05/06,,
KR7139290001,TIGER 200 경기소비재,20260430,이익분배,200,.00978708203043,"20,930.32",0.00,현금(배당소득),확정,정액,76000000,2026/05/06 ~ 2026/05/06,,
KR7139290001,TIGER 200 경기소비재,20251031,이익분배,80,.00391483281217,"20,534.82",0.00,현금(배당소득),확정,정액,28800000,2025/11/04 ~ 2025/11/04,,
KR7139290001,TIGER 200 경기소비재,20250430,이익분배,500,.02446770507607,"20,950.39",0.00,현금(배당소득),확정,정액,140000000,2025/05/07 ~ 2025/05/07,,
KR7139290001,TIGER 200 경기소비재,20241031,이익분배,40,.00195741640609,"20,482.88",0.00,현금(배당소득),확정,정액,11200000,2024/11/04 ~ 2024/11/04,,
KR7385520002,KODEX 자율주행액티브,20260430,이익분배,136,.01350636040332,"10,212.53",0.00,현금(배당소득),확정,정액,306000000,2026/05/06 ~ 2026/05/06,,
KR7385520002,KODEX 자율주행액티브,20250430,이익분배,155,.01539327840085,"10,230.02",0.00,현금(배당소득),확정,정액,333250000,2025/05/07 ~ 2025/05/07,,
KR7385510003,KODEX 신재생에너지액티브,20260430,이익분배,10,.00100032110307,"10,005.62",0.00,현금(배당소득),확정,정액,90000000,2026/05/06 ~ 2026/05/06,,
KR7385510003,KODEX 신재생에너지액티브,20250430,이익분배,209,.02090671105425,"10,176.13",0.00,현금(배당소득),확정,정액,616550000,2025/05/07 ~ 2025/05/07,,
KR7415920008,PLUS 글로벌희토류&전략자원생산기업,20260430,이익분배,70,.007,"10,158.17",0.00,현금(배당소득),확정,정액,406000000,2026/05/06 ~ 2026/05/06,,
KR7415920008,PLUS 글로벌희토류&전략자원생산기업,20250430,이익분배,5,.0005,"3,852.12",0.00,현금(배당소득),확정,정액,3500000,2025/05/07 ~ 2025/05/07,,
KR7395750003,PLUS ESG가치주액티브,20260430,이익분배,40,.00398134738749,"10,629.78",0.00,현금(배당소득),확정,정액,20000000,2026/05/06 ~ 2026/05/06,,
KR7395750003,PLUS ESG가치주액티브,20250430,이익분배,40,.00398134738749,"10,470.72",0.00,현금(배당소득),확정,정액,26000000,2025/05/07 ~ 2025/05/07,,
KR7462010000,TIGER 2차전지소재Fn,20260430,이익분배,10,.00101580800416,"9,855.74",0.00,현금(배당소득),확정,정액,1147000000,2026/05/06 ~ 2026/05/06,,
KR7462010000,TIGER 2차전지소재Fn,20250430,이익분배,5,.00050790400208,"9,845.15",0.00,현금(배당소득),확정,정액,612750000,2025/05/07 ~ 2025/05/07,,
KR7479850000,HANARO K-뷰티,20260430,이익분배,40,.00387552586042,"10,362.95",0.00,현금(배당소득),확정,정액,84000000,2026/05/06 ~ 2026/05/06,,
KR7479850000,HANARO K-뷰티,20250430,이익분배,35,.00339108512786,"10,337.45",0.00,현금(배당소득),확정,정액,33250000,2025/05/07 ~ 2025/05/07,,
KR7491820007,HANARO 전력설비투자,20260430,이익분배,80,.00725905385492,"11,107.32",0.00,현금(배당소득),확정,정액,264000000,2026/05/06 ~ 2026/05/06,,
KR7491820007,HANARO 전력설비투자,20250430,이익분배,115,.01043488991645,"11,132.45",0.00,현금(배당소득),확정,정액,126500000,2025/05/07 ~ 2025/05/07,,
KR7475050001,ACE KPOP포커스,20260430,이익분배,60,.00706722937517,"8,547.83",0.00,현금(배당소득),확정,정액,855000000,2026/05/06 ~ 2026/05/06,,
KR7475050001,ACE KPOP포커스,20250430,이익분배,5,.0005,"8,491.98",0.00,현금(배당소득),확정,정액,53250000,2025/05/07 ~ 2025/05/07,,
KR7463250001,TIGER K방산&우주,20260430,이익분배,55,.0054032918819,"10,261.11",0.00,현금(배당소득),확정,정액,1069750000,2026/05/06 ~ 2026/05/06,,
KR7463250001,TIGER K방산&우주,20250430,이익분배,15,.0014736250587,"10,254.18",0.00,현금(배당소득),확정,정액,78000000,2025/05/07 ~ 2025/05/07,,
KR7461580003,TIGER 코스닥글로벌,20260430,이익분배,20,.00205397011884,"9,782.80",0.00,현금(배당소득),확정,정액,16000000,2026/05/06 ~ 2026/05/06,,
KR7461580003,TIGER 코스닥글로벌,20250430,이익분배,30,.00308095517826,"9,771.89",0.00,현금(배당소득),확정,정액,18000000,2025/05/07 ~ 2025/05/07,,
KR7461450009,KODEX 코스닥글로벌,20260430,이익분배,37,.00379984471986,"9,800.09",0.00,현금(배당소득),확정,정액,62900000,2026/05/06 ~ 2026/05/06,,
KR7461450009,KODEX 코스닥글로벌,20250430,이익분배,52,.00534032230899,"9,804.35",0.00,현금(배당소득),확정,정액,52000000,2025/05/07 ~ 2025/05/07,,
KR7434730008,HANARO 원자력iSelect,20260430,이익분배,265,.02469701883684,"10,997.97",0.00,현금(배당소득),확정,정액,3286000000,2026/05/06 ~ 2026/05/06,,
KR7434730008,HANARO 원자력iSelect,20250430,이익분배,190,.01770729652452,"10,874.95",0.00,현금(배당소득),확정,정액,608000000,2025/05/07 ~ 2025/05/07,,
KR7290130004,RISE ESG사회책임투자,20260430,이익분배,170,.01675495872859,"10,901.82",0.00,현금(배당소득),확정,정액,1377000000,2026/05/06 ~ 2026/05/06,,
KR7290130004,RISE ESG사회책임투자,20250731,이익분배,200,.01971171615129,"10,853.82",0.00,현금(배당소득),확정,정액,1070000000,2025/08/04 ~ 2025/08/04,,
KR7290130004,RISE ESG사회책임투자,20250430,이익분배,70,.00689910065295,"10,885.53",0.00,현금(배당소득),확정,정액,1099000000,2025/05/07 ~ 2025/05/07,,
KR7269540001,PLUS 미국S&P500(H),20260430,이익분배,70,.007,"28,435.97",0.00,현금(배당소득),확정,정액,238000000,2026/05/06 ~ 2026/05/06,,
KR7269540001,PLUS 미국S&P500(H),20250430,이익분배,255,.0255,"22,337.41",0.00,현금(배당소득),확정,정액,688500000,2025/05/07 ~ 2025/05/07,,
KR7261060008,TIGER 코스닥150IT,20260430,이익분배,10,.00093555871566,"10,688.62",0.00,현금(배당소득),확정,정액,14000000,2026/05/06 ~ 2026/05/06,,
KR7261060008,TIGER 코스닥150IT,20250430,이익분배,155,.01450116009281,"10,742.40",0.00,현금(배당소득),확정,정액,77500000,2025/05/07 ~ 2025/05/07,,
KR7244620001,KODEX 모멘텀Plus,20260430,이익분배,129,.012468900243,"10,474.67",0.00,현금(배당소득),확정,정액,90300000,2026/05/06 ~ 2026/05/06,,
KR7244620001,KODEX 모멘텀Plus,20260130,이익분배,14,.00135321397986,"10,430.48",0.00,현금(배당소득),확정,정액,8400000,2026/02/03 ~ 2026/02/03,,
KR7244620001,KODEX 모멘텀Plus,20250430,이익분배,263,.02542109119309,"10,618.05",0.00,현금(배당소득),확정,정액,131500000,2025/05/07 ~ 2025/05/07,,
KR7227550001,TIGER 200 산업재,20260430,이익분배,270,.03462159874849,"7,874.13",0.00,현금(배당소득),확정,정액,178200000,2026/05/06 ~ 2026/05/06,,
KR7227550001,TIGER 200 산업재,20250430,이익분배,155,.01987536224451,"7,941.42",0.00,현금(배당소득),확정,정액,105400000,2025/05/07 ~ 2025/05/07,,
KR7226380004,ACE Fn성장소비주도주,20260430,이익분배,60,.00631823695916,"9,556.26",0.00,현금(배당소득),확정,정액,42000000,2026/05/06 ~ 2026/05/06,,
KR7226380004,ACE Fn성장소비주도주,20250430,이익분배,70,.00737127645235,"9,572.54",0.00,현금(배당소득),확정,정액,63000000,2025/05/07 ~ 2025/05/07,,
KR7139240006,TIGER 200 철강소재,20260430,이익분배,260,.02066362010729,"12,767.97",0.00,현금(배당소득),확정,정액,145600000,2026/05/06 ~ 2026/05/06,,
KR7139240006,TIGER 200 철강소재,20251031,이익분배,40,.00317901847804,"12,655.95",0.00,현금(배당소득),확정,정액,28800000,2025/11/04 ~ 2025/11/04,,
KR7139240006,TIGER 200 철강소재,20250430,이익분배,160,.01271607391218,"12,799.98",0.00,현금(배당소득),확정,정액,60800000,2025/05/07 ~ 2025/05/07,,
KR7139240006,TIGER 200 철강소재,20241031,이익분배,40,.00317901847804,"12,667.20",0.00,현금(배당소득),확정,정액,20800000,2024/11/04 ~ 2024/11/04,,
KR7138530001,TIGER LG그룹플러스,20260430,이익분배,110,.01548399447644,"7,230.60",0.00,현금(배당소득),확정,정액,231000000,2026/05/06 ~ 2026/05/06,,
KR7138530001,TIGER LG그룹플러스,20251031,이익분배,30,.00422290758448,"7,134.69",0.00,현금(배당소득),확정,정액,40800000,2025/11/04 ~ 2025/11/04,,
KR7138530001,TIGER LG그룹플러스,20250430,이익분배,160,.02252217378391,"7,260.61",0.00,현금(배당소득),확정,정액,256000000,2025/05/07 ~ 2025/05/07,,
KR7138530001,TIGER LG그룹플러스,20241031,이익분배,30,.00422290758448,"7,180.01",0.00,현금(배당소득),확정,정액,43200000,2024/11/04 ~ 2024/11/04,,
KR70050E0007,PLUS 미국AI에이전트,20260430,이익분배,15,.0015,"7,764.59",0.00,현금(배당소득),확정,정액,8250000,2026/05/06 ~ 2026/05/06,,
KR70050E0007,PLUS 미국AI에이전트,20251230,이익분배,97,.0097,"10,037.97",0.00,현금(배당소득),확정,정액,53350000,2026/01/05 ~ 2026/01/05,,
KR7322400003,HANARO e커머스,20260430,이익분배,140,.01414222839093,"10,061.57",0.00,현금(배당소득),확정,정액,546000000,2026/05/06 ~ 2026/05/06,,
KR7322400003,HANARO e커머스,20250430,이익분배,120,.01212191004937,"10,026.26",0.00,현금(배당소득),확정,정액,522000000,2025/05/07 ~ 2025/05/07,,
KR7270810005,RISE 코스닥150,20260430,이익분배,10,.00099534873536,"10,095.10",0.00,현금(배당소득),확정,정액,258800000,2026/05/06 ~ 2026/05/06,,
KR7270810005,RISE 코스닥150,20250430,이익분배,10,.00099534873536,"10,088.15",0.00,현금(배당소득),확정,정액,83800000,2025/05/07 ~ 2025/05/07,,
KR70023B0004,PLUS 미국양자컴퓨팅TOP10,20260430,이익분배,10,.001,"16,834.12",0.00,현금(배당소득),확정,정액,22500000,2026/05/06 ~ 2026/05/06,,
KR70023B0004,PLUS 미국양자컴퓨팅TOP10,20251230,이익분배,57,.0057,"17,495.44",0.00,현금(배당소득),확정,정액,88350000,2026/01/05 ~ 2026/01/05,,
KR7486240005,DAISHIN343 AI반도체&인프라액티브,20260430,이익분배,82,.00812023493226,"10,168.77",0.00,현금(배당소득),확정,정액,262400000,2026/05/06 ~ 2026/05/06,,
KR7486240005,DAISHIN343 AI반도체&인프라액티브,20250430,이익분배,63,.0062387170821,"10,170.30",0.00,현금(배당소득),확정,정액,201600000,2025/05/07 ~ 2025/05/07,,
KR7461490005,RISE 글로벌자산배분액티브,20260430,이익분배,13,.0012999987,"15,054.12",0.00,현금(배당소득),확정,정액,332150000,2026/05/06 ~ 2026/05/06,,
KR7461490005,RISE 글로벌자산배분액티브,20251230,이익분배,100,.00999999000001,"14,904.93",0.00,현금(배당소득),확정,정액,2510000000,2026/01/05 ~ 2026/01/05,,
KR7364970004,TIGER 바이오TOP10,20260430,이익분배,45,.00444911106761,"10,019.62",0.00,현금(배당소득),확정,정액,1635750000,2026/05/06 ~ 2026/05/06,,
KR7364970004,TIGER 바이오TOP10,20250430,이익분배,10,.00098869134836,"10,047.01",0.00,현금(배당소득),확정,정액,177000000,2025/05/07 ~ 2025/05/07,,
KR7326240009,RISE IT플러스,20260430,이익분배,100,.00986953462183,"10,470.52",0.00,현금(배당소득),확정,정액,230000000,2026/05/06 ~ 2026/05/06,,
KR7326240009,RISE IT플러스,20250430,이익분배,60,.0059217207731,"10,415.27",0.00,현금(배당소득),확정,정액,481200000,2025/05/07 ~ 2025/05/07,,
KR7326230000,RISE 내수주플러스,20260430,이익분배,80,.00792789578781,"10,320.86",0.00,현금(배당소득),확정,정액,65600000,2026/05/06 ~ 2026/05/06,,
KR7326230000,RISE 내수주플러스,20250731,이익분배,100,.00990986973476,"10,267.83",0.00,현금(배당소득),확정,정액,322000000,2025/08/04 ~ 2025/08/04,,
KR7326230000,RISE 내수주플러스,20250430,이익분배,20,.00198197394695,"10,282.10",0.00,현금(배당소득),확정,정액,58400000,2025/05/07 ~ 2025/05/07,,
KR7305720005,KODEX 2차전지산업,20260430,이익분배,18,.00181310512384,"9,945.72",0.00,현금(배당소득),확정,정액,2113200000,2026/05/06 ~ 2026/05/06,,
KR7305720005,KODEX 2차전지산업,20250430,이익분배,80,.00805824499482,"9,969.82",0.00,현금(배당소득),확정,정액,6536000000,2025/05/07 ~ 2025/05/07,,
KR7305050007,ACE 코스피,20260430,이익분배,940,.04109911269639,"23,813.19",0.00,현금(배당소득),확정,정액,564000000,2026/05/06 ~ 2026/05/06,,
KR7305050007,ACE 코스피,20250430,이익분배,550,.02322438983194,"23,706.63",0.00,현금(배당소득),확정,정액,165000000,2025/05/07 ~ 2025/05/07,,
KR7289260002,TIGER MSCI KOREA ESG리더스,20260430,이익분배,45,.00492780761839,"9,289.26",0.00,현금(배당소득),확정,정액,32400000,2026/05/06 ~ 2026/05/06,,
KR7289260002,TIGER MSCI KOREA ESG리더스,20251031,이익분배,20,.00219013671928,"9,221.12",0.00,현금(배당소득),확정,정액,16200000,2025/11/04 ~ 2025/11/04,,
KR7289260002,TIGER MSCI KOREA ESG리더스,20250430,이익분배,45,.00492780761839,"9,236.72",0.00,현금(배당소득),확정,정액,37800000,2025/05/07 ~ 2025/05/07,,
KR7289260002,TIGER MSCI KOREA ESG리더스,20241031,이익분배,10,.00109506835964,"9,169.27",0.00,현금(배당소득),확정,정액,10800000,2024/11/04 ~ 2024/11/04,,
KR7261070007,TIGER 코스닥150바이오테크,20260430,이익분배,100,.01195608768116,"8,251.03",0.00,현금(배당소득),확정,정액,436000000,2026/05/06 ~ 2026/05/06,,
KR7261070007,TIGER 코스닥150바이오테크,20250430,이익분배,40,.00478243507247,"8,296.70",0.00,현금(배당소득),확정,정액,66400000,2025/05/07 ~ 2025/05/07,,
KR7238670004,PLUS 스마트베타Quality채권혼합,20260430,이익분배,200,.01998515103278,"11,069.46",0.00,현금(배당소득),확정,정액,100000000,2026/05/06 ~ 2026/05/06,,
KR7238670004,PLUS 스마트베타Quality채권혼합,20250430,이익분배,105,.01049220429221,"11,150.54",0.00,현금(배당소득),확정,정액,52500000,2025/05/07 ~ 2025/05/07,,
KR7234310001,RISE V&S셀렉트밸류,20260430,이익분배,150,.0146771468018,"10,896.66",0.00,현금(배당소득),확정,정액,75000000,2026/05/06 ~ 2026/05/06,,
KR7234310001,RISE V&S셀렉트밸류,20250731,이익분배,150,.0146771468018,"10,797.38",0.00,현금(배당소득),확정,정액,75000000,2025/08/04 ~ 2025/08/04,,
KR7234310001,RISE V&S셀렉트밸류,20250430,이익분배,70,.00684933517417,"10,832.30",0.00,현금(배당소득),확정,정액,35000000,2025/05/07 ~ 2025/05/07,,
KR7232080002,TIGER 코스닥150,20260430,이익분배,40,.00378519044239,"10,761.48",0.00,현금(배당소득),확정,정액,4218400000,2026/05/06 ~ 2026/05/06,,
KR7232080002,TIGER 코스닥150,20250430,이익분배,35,.00331204163709,"10,772.89",0.00,현금(배당소득),확정,정액,379400000,2025/05/07 ~ 2025/05/07,,
KR7159800002,마이티 코스피100,20260430,이익분배,730,.0389576429025,"19,315.08",0.00,현금(배당소득),확정,정액,204400000,2026/05/06 ~ 2026/05/06,,
KR7159800002,마이티 코스피100,20250430,이익분배,490,.02614965071538,"19,280.51",0.00,현금(배당소득),확정,정액,176400000,2025/05/07 ~ 2025/05/07,,
KR7140580002,RISE 우량업종대표주,20260430,이익분배,150,.01310304584668,"12,307.11",0.00,현금(배당소득),확정,정액,90000000,2026/05/06 ~ 2026/05/06,,
KR7140580002,RISE 우량업종대표주,20250731,이익분배,10,.00087353638978,"11,955.47",0.00,현금(배당소득),확정,정액,5000000,2025/08/04 ~ 2025/08/04,,
KR7140580002,RISE 우량업종대표주,20250430,이익분배,150,.01310304584668,"12,089.37",0.00,현금(배당소득),확정,정액,75000000,2025/05/07 ~ 2025/05/07,,
KR7140580002,RISE 우량업종대표주,20250131,이익분배,10,.00087353638978,"11,903.41",0.00,현금(배당소득),확정,정액,5000000,2025/02/04 ~ 2025/02/04,,
KR7140580002,RISE 우량업종대표주,20241031,이익분배,30,.00262060916934,"11,846.60",0.00,현금(배당소득),확정,정액,15000000,2024/11/04 ~ 2024/11/04,,
KR7138540000,TIGER 현대차그룹플러스,20260430,이익분배,960,.03357442803689,"30,309.55",0.00,현금(배당소득),확정,정액,11865600000,2026/05/06 ~ 2026/05/06,,
KR7138540000,TIGER 현대차그룹플러스,20251031,이익분배,130,.00454653712999,"29,378.75",0.00,현금(배당소득),확정,정액,273000000,2025/11/04 ~ 2025/11/04,,
KR7138540000,TIGER 현대차그룹플러스,20250430,이익분배,700,.0244813537769,"29,875.85",0.00,현금(배당소득),확정,정액,1750000000,2025/05/07 ~ 2025/05/07,,
KR7138540000,TIGER 현대차그룹플러스,20241031,이익분배,80,.00279786900307,"29,091.18",0.00,현금(배당소득),확정,정액,236800000,2024/11/04 ~ 2024/11/04,,
KR70166T0001,PLUS 글로벌저작권핵심기업액티브,20260430,이익분배,5,.0005,"10,329.69",0.00,현금(배당소득),확정,정액,5000000,2026/05/06 ~ 2026/05/06,,
KR7381570001,HANARO Fn친환경에너지,20260430,이익분배,35,.00345262991753,"10,184.67",0.00,현금(배당소득),확정,정액,29750000,2026/05/06 ~ 2026/05/06,,
KR7381570001,HANARO Fn친환경에너지,20250731,이익분배,5,.00049323284536,"10,159.91",0.00,현금(배당소득),확정,정액,5000000,2025/08/04 ~ 2025/08/04,,
KR7381570001,HANARO Fn친환경에너지,20250430,이익분배,15,.00147969853608,"10,179.02",0.00,현금(배당소득),확정,정액,10500000,2025/05/07 ~ 2025/05/07,,
KR7395760002,PLUS ESG성장주액티브,20260430,이익분배,35,.00348106647942,"10,515.99",0.00,현금(배당소득),확정,정액,22750000,2026/05/06 ~ 2026/05/06,,
KR7395760002,PLUS ESG성장주액티브,20250430,이익분배,40,.00397836169076,"10,406.34",0.00,현금(배당소득),확정,정액,40000000,2025/05/07 ~ 2025/05/07,,
KR7401470000,KODEX 메타버스액티브,20260430,이익분배,31,.00305246397846,"10,186.48",0.00,현금(배당소득),확정,정액,279000000,2026/05/06 ~ 2026/05/06,,
KR7401470000,KODEX 메타버스액티브,20250430,이익분배,48,.00472639583762,"10,172.64",0.00,현금(배당소득),확정,정액,712800000,2025/05/07 ~ 2025/05/07,,
KR7400970000,TIGER Fn메타버스,20260430,이익분배,40,.00408817373103,"9,792.95",0.00,현금(배당소득),확정,정액,280000000,2026/05/06 ~ 2026/05/06,,
KR7400970000,TIGER Fn메타버스,20250430,이익분배,20,.00204408686552,"9,787.78",0.00,현금(배당소득),확정,정액,254000000,2025/05/07 ~ 2025/05/07,,
KR7448570002,FOCUS AI코리아액티브,20260430,이익분배,280,.02751155976788,"10,699.95",0.00,현금(배당소득),확정,정액,476000000,2026/05/06 ~ 2026/05/06,,
KR7448570002,FOCUS AI코리아액티브,20250430,이익분배,60,.00589533423597,"10,548.39",0.00,현금(배당소득),확정,정액,162000000,2025/05/07 ~ 2025/05/07,,
KR7395270002,HANARO Fn K-반도체,20260430,이익분배,75,.00752199431137,"10,071.41",0.00,현금(배당소득),확정,정액,4443750000,2026/05/06 ~ 2026/05/06,,
KR7395270002,HANARO Fn K-반도체,20250731,이익분배,10,.00100293257485,"9,999.75",0.00,현금(배당소득),확정,정액,217000000,2025/08/04 ~ 2025/08/04,,
KR7395270002,HANARO Fn K-반도체,20250430,이익분배,85,.00852492688622,"10,076.17",0.00,현금(배당소득),확정,정액,1908250000,2025/05/07 ~ 2025/05/07,,
KR7395270002,HANARO Fn K-반도체,20250131,이익분배,10,.00100293257485,"10,034.42",0.00,현금(배당소득),확정,정액,209000000,2025/02/04 ~ 2025/02/04,,
KR7364990002,TIGER 게임TOP10,20260430,이익분배,45,.0044108955,"10,292.85",0.00,현금(배당소득),확정,정액,245250000,2026/05/06 ~ 2026/05/06,,
KR7364990002,TIGER 게임TOP10,20250430,이익분배,10,.000980199,"10,295.32",0.00,현금(배당소득),확정,정액,69000000,2025/05/07 ~ 2025/05/07,,
KR7253280002,RISE 헬스케어,20260430,이익분배,25,.00241358869745,"10,381.55",0.00,현금(배당소득),확정,정액,16250000,2026/05/06 ~ 2026/05/06,,
KR7253280002,RISE 헬스케어,20250430,이익분배,20,.00193087095796,"10,360.52",0.00,현금(배당소득),확정,정액,10000000,2025/05/07 ~ 2025/05/07,,
KR7228800009,TIGER 여행레저,20260430,이익분배,45,.00891813155235,"5,073.71",0.00,현금(배당소득),확정,정액,1166400000,2026/05/06 ~ 2026/05/06,,
KR7228800009,TIGER 여행레저,20250430,이익분배,45,.00891813155235,"5,072.84",0.00,현금(배당소득),확정,정액,1435050000,2025/05/07 ~ 2025/05/07,,
KR70154F0001,WON 초대형IB&금융지주,20260430,이익분배,259,.0259,"10,342.49",0.00,현금(배당소득),확정,정액,1217300000,2026/05/06 ~ 2026/05/06,,
KR7475300000,SOL 반도체전공정,20260430,이익분배,40,.004,"10,779.25",0.00,현금(배당소득),확정,정액,170000000,2026/05/04 ~ 2026/05/04,,
KR7475300000,SOL 반도체전공정,20250430,이익분배,40,.004,"10,776.60",0.00,현금(배당소득),확정,정액,72000000,2025/05/02 ~ 2025/05/02,,
KR7455850008,SOL AI반도체소부장,20260430,이익분배,12,.0012,"9,778.46",0.00,현금(배당소득),확정,정액,485400000,2026/05/04 ~ 2026/05/04,,
KR7455850008,SOL AI반도체소부장,20250430,이익분배,24,.0024,"9,792.07",0.00,현금(배당소득),확정,정액,584400000,2025/05/02 ~ 2025/05/02,,
KR7444200000,SOL 코리아메가테크액티브,20260430,이익분배,128,.0128,"10,154.35",0.00,현금(배당소득),확정,정액,1894400000,2026/05/04 ~ 2026/05/04,,
KR7444200000,SOL 코리아메가테크액티브,20250430,이익분배,115,.0115,"10,170.66",0.00,현금(배당소득),확정,정액,120750000,2025/05/02 ~ 2025/05/02,,
KR7215620006,HK S&P코리아로우볼,20260430,이익분배,510,.04881952474671,"12,213.08",0.00,현금(배당소득),확정,정액,260100000,2026/05/04 ~ 2026/05/04,,
KR7215620006,HK S&P코리아로우볼,20250430,이익분배,270,.02584563074826,"12,015.13",0.00,현금(배당소득),확정,정액,170100000,2025/05/07 ~ 2025/05/07,,
KR70103T0007,1Q K소버린AI,20260430,이익분배,45,.00429884007742,"10,506.15",0.00,현금(배당소득),확정,정액,139500000,2026/05/04 ~ 2026/05/04,,
KR70103T0007,1Q K소버린AI,20260130,이익분배,41,.00391672095942,"10,481.39",0.00,현금(배당소득),확정,정액,104550000,2026/02/02 ~ 2026/02/02,,
KR70092B0000,SOL 한국원자력SMR,20260430,이익분배,25,.0025,"10,052.30",0.00,현금(배당소득),확정,정액,253750000,2026/05/04 ~ 2026/05/04,,
KR70092B0000,SOL 한국원자력SMR,20251230,이익분배,5,.0005,"9,981.26",0.00,현금(배당소득),확정,정액,28500000,2026/01/02 ~ 2026/01/02,,
KR7481180008,SOL 미국AI소프트웨어,20260430,이익분배,5,.0005,"12,398.44",0.00,현금(배당소득),확정,정액,62500000,2026/05/04 ~ 2026/05/04,,
KR7481180008,SOL 미국AI소프트웨어,20250430,이익분배,21,.0021,"12,722.28",0.00,현금(배당소득),확정,정액,521850000,2025/05/02 ~ 2025/05/02,,
KR7486450000,SOL 미국AI전력인프라,20260430,이익분배,120,.012,"24,818.43",0.00,현금(배당소득),확정,정액,1422000000,2026/05/04 ~ 2026/05/04,,
KR7486450000,SOL 미국AI전력인프라,20250430,이익분배,61,.0061,"12,439.16",0.00,현금(배당소득),확정,정액,765550000,2025/05/02 ~ 2025/05/02,,
KR70118S0001,SOL 미국넥스트테크TOP10액티브,20260430,이익분배,5,.0005,"11,752.29",0.00,현금(배당소득),확정,정액,23750000,2026/05/04 ~ 2026/05/04,,
KR70118S0001,SOL 미국넥스트테크TOP10액티브,20251230,이익분배,3,.0003,"8,978.64",0.00,현금(배당소득),확정,정액,22350000,2026/01/02 ~ 2026/01/02,,
KR7450910005,SOL 코스닥150,20260430,이익분배,30,.003,"10,091.89",0.00,현금(배당소득),확정,정액,75600000,2026/05/04 ~ 2026/05/04,,
KR7450910005,SOL 코스닥150,20250430,이익분배,19,.0019,"10,085.18",0.00,현금(배당소득),확정,정액,36480000,2025/05/02 ~ 2025/05/02,,
KR7429980006,SOL 한국형글로벌전기차&2차전지액티브,20260430,이익분배,75,.0075,"16,692.95",0.00,현금(배당소득),확정,정액,37500000,2026/05/04 ~ 2026/05/04,,
KR7429980006,SOL 한국형글로벌전기차&2차전지액티브,20250430,이익분배,65,.0065,"11,569.25",0.00,현금(배당소득),확정,정액,32500000,2025/05/02 ~ 2025/05/02,,
KR7475310009,SOL 반도체후공정,20260430,이익분배,5,.0005,"10,951.78",0.00,현금(배당소득),확정,정액,13250000,2026/05/04 ~ 2026/05/04,,
KR7475310009,SOL 반도체후공정,20250430,이익분배,26,.0026,"10,976.61",0.00,현금(배당소득),확정,정액,26000000,2025/05/02 ~ 2025/05/02,,
KR7466920006,SOL 조선TOP3플러스,20260430,이익분배,52,.0052,"9,399.11",0.00,현금(배당소득),확정,정액,2776800000,2026/05/04 ~ 2026/05/04,,
KR7466920006,SOL 조선TOP3플러스,20250430,이익분배,42,.0042,"9,388.01",0.00,현금(배당소득),확정,정액,1522500000,2025/05/02 ~ 2025/05/02,,
KR70105D0003,SOL 한국AI소프트웨어,20260430,이익분배,55,.0055,"10,235.28",0.00,현금(배당소득),확정,정액,77000000,2026/05/04 ~ 2026/05/04,,
KR70105D0003,SOL 한국AI소프트웨어,20251230,이익분배,4,.0004,"10,164.17",0.00,현금(배당소득),확정,정액,8000000,2026/01/02 ~ 2026/01/02,,
KR70131V0009,1Q 미국우주항공테크,20260430,이익분배,12,.0012,"12,308.80",0.00,현금(배당소득),확정,정액,584400000,2026/05/04 ~ 2026/05/04,,
KR7481190007,SOL 미국테크TOP10,20260430,이익분배,38,.0038,"17,647.76",0.00,현금(배당소득),확정,정액,704900000,2026/05/04 ~ 2026/05/04,,
KR7481190007,SOL 미국테크TOP10,20250430,이익분배,25,.0025,"11,551.97",0.00,현금(배당소득),확정,정액,372500000,2025/05/02 ~ 2025/05/02,,
KR7491700001,HK 200,20260430,이익분배,685,.02013280006395,"34,763.79",0.00,현금(배당소득),확정,정액,582250000,2026/05/04 ~ 2026/05/04,,
KR7491700001,HK 200,20251031,이익분배,438,.01287323566133,"34,568.25",0.00,현금(배당소득),확정,정액,219000000,2025/11/05 ~ 2025/11/05,,
KR7491700001,HK 200,20250731,이익분배,318,.00934632178151,"34,754.53",0.00,현금(배당소득),확정,정액,159000000,2025/08/05 ~ 2025/08/05,,
KR7464610005,SOL 의료기기소부장Fn,20260430,이익분배,12,.0012,"10,010.15",0.00,현금(배당소득),확정,정액,15600000,2026/05/04 ~ 2026/05/04,,
KR7464610005,SOL 의료기기소부장Fn,20250430,이익분배,15,.0015,"9,998.36",0.00,현금(배당소득),확정,정액,12000000,2025/05/02 ~ 2025/05/02,,
KR7464600006,SOL 자동차소부장Fn,20260430,이익분배,135,.0135,"10,093.45",0.00,현금(배당소득),확정,정액,121500000,2026/05/04 ~ 2026/05/04,,
KR7464600006,SOL 자동차소부장Fn,20250430,이익분배,60,.006,"10,042.82",0.00,현금(배당소득),확정,정액,51000000,2025/05/02 ~ 2025/05/02,,
KR70023A0005,SOL 미국양자컴퓨팅TOP10,20260430,이익분배,5,.0005,"27,721.44",0.00,현금(배당소득),확정,정액,84750000,2026/05/04 ~ 2026/05/04,,
KR70023A0005,SOL 미국양자컴퓨팅TOP10,20251230,이익분배,20,.002,"26,747.94",0.00,현금(배당소득),확정,정액,353000000,2026/01/02 ~ 2026/01/02,,
KR7466930005,SOL 자동차TOP3플러스,20260430,이익분배,392,.0392,"10,173.33",0.00,현금(배당소득),확정,정액,4194400000,2026/05/04 ~ 2026/05/04,,
KR7466930005,SOL 자동차TOP3플러스,20250430,이익분배,305,.0305,"10,087.43",0.00,현금(배당소득),확정,정액,1143750000,2025/05/02 ~ 2025/05/02,,
KR70141S0002,SOL 조선기자재,20260430,이익분배,10,.001,"10,038.97",0.00,현금(배당소득),확정,정액,54000000,2026/05/04 ~ 2026/05/04,,
KR70141S0002,SOL 조선기자재,20251230,이익분배,1,.0001,"10,019.91",0.00,현금(배당소득),확정,정액,1500000,2026/01/02 ~ 2026/01/02,,
KR7447620006,SOL 미국TOP5채권혼합50,20260430,이익분배,65,.0065,"15,792.38",0.00,현금(배당소득),확정,정액,442000000,2026/05/04 ~ 2026/05/04,,
KR7447620006,SOL 미국TOP5채권혼합50,20250430,이익분배,9,.0009,"12,887.56",0.00,현금(배당소득),확정,정액,36900000,2025/05/02 ~ 2025/05/02,,
KR7479620007,SOL 미국AI반도체칩메이커,20260430,이익분배,40,.004,"22,322.22",0.00,현금(배당소득),확정,정액,102000000,2026/05/04 ~ 2026/05/04,,
KR7479620007,SOL 미국AI반도체칩메이커,20250430,이익분배,46,.0046,"8,828.24",0.00,현금(배당소득),확정,정액,119600000,2025/05/02 ~ 2025/05/02,,
KR70008T0003,SOL 화장품TOP3플러스,20260430,이익분배,72,.0072,"10,648.30",0.00,현금(배당소득),확정,정액,349200000,2026/05/04 ~ 2026/05/04,,
KR70008T0003,SOL 화장품TOP3플러스,20251230,이익분배,17,.0017,"10,573.73",0.00,현금(배당소득),확정,정액,128350000,2026/01/02 ~ 2026/01/02,,
KR7490480001,SOL K방산,20260430,이익분배,11,.0011,"9,806.29",0.00,현금(배당소득),확정,정액,37950000,2026/05/04 ~ 2026/05/04,,
KR7490480001,SOL K방산,20250430,이익분배,55,.0055,"9,886.87",0.00,현금(배당소득),확정,정액,162250000,2025/05/02 ~ 2025/05/02,,
KR7455860007,SOL 2차전지소부장Fn,20260430,이익분배,16,.0016,"9,312.40",0.00,현금(배당소득),확정,정액,424000000,2026/05/04 ~ 2026/05/04,,
KR7455860007,SOL 2차전지소부장Fn,20250430,이익분배,5,.0005,"9,304.00",0.00,현금(배당소득),확정,정액,161750000,2025/05/02 ~ 2025/05/02,,
KR7423170000,SOL 글로벌AI반도체탑픽액티브,20260430,이익분배,250,.025,"35,736.30",0.00,현금(배당소득),확정,정액,770000000,2026/05/04 ~ 2026/05/04,,
KR7423170000,SOL 글로벌AI반도체탑픽액티브,20250430,이익분배,85,.0085,"15,999.24",0.00,현금(배당소득),확정,정액,232900000,2025/05/02 ~ 2025/05/02,,
KR7391670007,HK 베스트일레븐액티브,20260430,이익분배,130,.01299395780962,"10,110.92",0.00,현금(배당소득),확정,정액,123500000,2026/05/04 ~ 2026/05/04,,
KR7391670007,HK 베스트일레븐액티브,20251031,이익분배,175,.01749186628218,"10,165.05",0.00,현금(배당소득),확정,정액,166250000,2025/11/05 ~ 2025/11/05,,
KR7391670007,HK 베스트일레븐액티브,20250731,이익분배,155,.01549279584993,"10,306.56",0.00,현금(배당소득),확정,정액,147250000,2025/08/05 ~ 2025/08/05,,
KR70051G0004,SOL 미국원자력SMR,20260430,이익분배,30,.003,"17,722.49",0.00,현금(배당소득),확정,정액,474000000,2026/05/04 ~ 2026/05/04,,
KR70051G0004,SOL 미국원자력SMR,20251230,이익분배,27,.0027,"16,319.96",0.00,현금(배당소득),확정,정액,567000000,2026/01/02 ~ 2026/01/02,,
KR70001S0001,TIGER 26-04 회사채(A+이상)액티브,20260423,청산분배,51300.95991642055522,1.02601919832841,"51,300.96",0.00,현금(배당소득),확정,정액,173705050277,2026/04/24 ~ 2026/04/24,1차최종청산분배금,
KR70001S0001,TIGER 26-04 회사채(A+이상)액티브,20251128,이익분배,746,.01492,"51,565.34",0.00,현금(배당소득),확정,정액,3389824000,2025/12/02 ~ 2025/12/02,,
KR70010E0006,ACE FTSE WGBI Korea,20260421,청산분배,93516.44089583333333,.93516440895833,"94,618.44",0.00,현금(배당소득),확정,정액,4488789163,2026/04/22 ~ 2026/04/22,1차최종청산분배금,
KR70010E0006,ACE FTSE WGBI Korea,20251128,이익분배,1102,.01102,"97,469.07",0.00,현금(배당소득),확정,정액,220400000,2025/12/02 ~ 2025/12/02,,
KR7460280001,KIWOOM Fn유전자혁신기술,20260329,청산분배,13426.24718,1.30322813158227,"10,243.55",0.00,현금(배당소득),확정,정액,671312359,2026/03/30 ~ 2026/03/30,1차최종청산분배금,
KR7460280001,KIWOOM Fn유전자혁신기술,20250430,이익분배,20,.0019413140755,"10,268.72",0.00,현금(배당소득),확정,정액,15000000,2025/05/07 ~ 2025/05/07,,
KR7394350003,KIWOOM 글로벌퓨처모빌리티,20260329,청산분배,15393.91966333333333,1.53939196633333,"15,393.92",0.00,현금(배당소득),확정,정액,4618175899,2026/03/30 ~ 2026/03/30,1차최종청산분배금,
KR7394350003,KIWOOM 글로벌퓨처모빌리티,20251230,이익분배,1,.0001,"15,423.28",0.00,현금(배당소득),확정,정액,400000,2026/01/05 ~ 2026/01/05,,
KR7426330007,KIWOOM 미국ETF산업STOXX,20260329,청산분배,15511.18902,1.551118902,"15,511.19",0.00,현금(배당소득),확정,정액,3102237804,2026/03/30 ~ 2026/03/30,1차최종청산분배금,
KR7426330007,KIWOOM 미국ETF산업STOXX,20251031,이익분배,45,.0045,"15,527.90",0.00,현금(배당소득),확정,정액,9000000,2025/11/04 ~ 2025/11/04,,
KR7426330007,KIWOOM 미국ETF산업STOXX,20250731,이익분배,45,.0045,"15,856.79",0.00,현금(배당소득),확정,정액,22500000,2025/08/04 ~ 2025/08/04,,
KR7441330008,KIWOOM 차이나A50커넥트MSCI,20260329,청산분배,12561.851745,1.2561851745,"12,799.85",0.00,현금(배당소득),확정,정액,2512370349,2026/03/30 ~ 2026/03/30,1차최종청산분배금,
KR7441330008,KIWOOM 차이나A50커넥트MSCI,20251031,이익분배,40,.004,"12,995.05",0.00,현금(배당소득),확정,정액,26000000,2025/11/04 ~ 2025/11/04,,
KR7441330008,KIWOOM 차이나A50커넥트MSCI,20250731,이익분배,90,.009,"10,447.92",0.00,현금(배당소득),확정,정액,58500000,2025/08/04 ~ 2025/08/04,,
KR7441330008,KIWOOM 차이나A50커넥트MSCI,20250430,이익분배,38,.0038,"9,809.83",0.00,현금(배당소득),확정,정액,24700000,2025/05/07 ~ 2025/05/07,,
KR70026E0008,KODEX 미국S&P500버퍼3월액티브,20260320,이익분배,83,.0083,"11,530.25",0.00,현금(배당소득),확정,정액,560250000,2026/03/24 ~ 2026/03/24,,
KR7385560008,RISE KIS국고채30년Enhanced,20260309,이익분배,1278,.01278,"77,889.06",0.00,현금(배당소득),확정,정액,11767824000,2026/03/11 ~ 2026/03/11,,
KR7385560008,RISE KIS국고채30년Enhanced,20250909,이익분배,1112,.01112,"90,165.04",0.00,현금(배당소득),확정,정액,7076768000,2025/09/11 ~ 2025/09/11,,
KR7385560008,RISE KIS국고채30년Enhanced,20250307,이익분배,1060,.0106,"93,178.94",0.00,현금(배당소득),확정,정액,5164320000,2025/03/11 ~ 2025/03/11,,
KR7385560008,RISE KIS국고채30년Enhanced,20240909,이익분배,1350,.0135,"85,111.02",0.00,현금(배당소득),확정,정액,6750000000,2024/09/11 ~ 2024/09/11,,
KR7472350008,1Q 차이나H(H),20260305,청산분배,16593.95199,1.659395199,"16,593.95",0.00,현금(배당소득),확정,정액,1659395199,2026/03/06 ~ 2026/03/06,1차최종청산분배금,
KR7472350008,1Q 차이나H(H),20251230,이익분배,53,.0053,"16,247.30",0.00,현금(배당소득),확정,정액,21200000,2026/01/02 ~ 2026/01/02,,
KR7481200004,SOL 미국테크TOP10인버스(합성),20260224,청산분배,6211.1745325,.62111745325,"6,223.06",0.00,현금(배당소득),확정,정액,2484469813,2026/02/25 ~ 2026/02/25,1차최종청산분배금,
KR7481200004,SOL 미국테크TOP10인버스(합성),20251230,이익분배,12,.0012,"5,797.29",0.00,현금(배당소득),확정,정액,4800000,2026/01/02 ~ 2026/01/02,,
KR70040S0004,HANARO 글로벌피지컬AI액티브,20260130,이익분배,12,.0012,"17,407.23",0.00,현금(배당소득),확정,정액,25800000,2026/02/03 ~ 2026/02/03,,
KR7473640001,HANARO 글로벌금채굴기업,20260130,이익분배,80,.008,"40,105.93",0.00,현금(배당소득),확정,정액,264000000,2026/02/03 ~ 2026/02/03,,
KR7473640001,HANARO 글로벌금채굴기업,20250131,이익분배,150,.015,"14,185.53",0.00,현금(배당소득),확정,정액,82500000,2025/02/04 ~ 2025/02/04,,
KR70082F0008,HANARO 유럽방산,20260130,이익분배,12,.0012,"11,988.96",0.00,현금(배당소득),확정,정액,10800000,2026/02/03 ~ 2026/02/03,,
KR70067V0007,TIGER 차이나글로벌리더스TOP3+,20260130,이익분배,146,.0146,"11,733.99",0.00,현금(배당소득),확정,정액,788400000,2026/02/03 ~ 2026/02/03,,
KR70025N0008,TIGER TDF2045 적격,20251230,이익분배,140,.014,"11,626.38",0.00,현금(배당소득),확정,정액,5845000000,2026/01/05 ~ 2026/01/05,,
KR7292770005,KODEX 국채선물3년인버스,20251230,이익분배,625,.0125,"56,917.88",0.00,현금(배당소득),확정,정액,131250000,2026/01/05 ~ 2026/01/05,,
KR7371870007,ACE 차이나항셍테크,20251230,이익분배,20,.002,"8,552.44",0.00,현금(배당소득),확정,정액,36000000,2026/01/05 ~ 2026/01/05,,
KR7371460007,TIGER 차이나전기차SOLACTIVE,20251230,이익분배,140,.014,"12,595.10",0.00,현금(배당소득),확정,정액,17707200000,2026/01/05 ~ 2026/01/05,,
KR7430500009,KIWOOM 물가채KIS,20251230,이익분배,1325,.01325,"114,905.90",0.00,현금(배당소득),확정,정액,132500000,2026/01/05 ~ 2026/01/05,,
KR7430500009,KIWOOM 물가채KIS,20241230,이익분배,1500,.015,"115,132.85",0.00,현금(배당소득),확정,정액,150000000,2025/01/03 ~ 2025/01/03,,
KR7437350002,RISE 미국단기투자등급회사채액티브,20251230,이익분배,272,.0272,"12,860.89",0.00,현금(배당소득),확정,정액,598400000,2026/01/05 ~ 2026/01/05,,
KR7483320008,ACE 엔비디아밸류체인액티브,20251230,이익분배,57,.0057,"13,918.00",0.00,현금(배당소득),확정,정액,712500000,2026/01/05 ~ 2026/01/05,,
KR7460270002,KIWOOM 미국달러SOFR금리액티브(합성),20251230,이익분배,1,.0001,"12,759.40",0.00,현금(배당소득),확정,정액,810000,2026/01/05 ~ 2026/01/05,,
KR7488720004,WON 종합채권(AA-이상)액티브,20251230,이익분배,590,.0118,"51,036.24",0.00,현금(배당소득),확정,정액,783520000,2026/01/05 ~ 2026/01/05,,
KR7455960005,RISE 미국달러SOFR금리액티브(합성),20251230,이익분배,1,.0000992112704,"12,320.25",0.00,현금(배당소득),확정,정액,4350000,2026/01/05 ~ 2026/01/05,,
KR7419890009,KIWOOM 단기채권ESG액티브,20251230,이익분배,2864,.02864,"109,096.30",0.00,현금(배당소득),확정,정액,1861600000,2026/01/05 ~ 2026/01/05,,
KR7419890009,KIWOOM 단기채권ESG액티브,20241230,이익분배,3500,.035,"109,781.16",0.00,현금(배당소득),확정,정액,2905000000,2025/01/03 ~ 2025/01/03,,
KR7365780006,ACE 국고채10년,20251230,이익분배,2670,.0267,"98,188.08",0.00,현금(배당소득),확정,정액,14821170000,2026/01/05 ~ 2026/01/05,,
KR7365780006,ACE 국고채10년,20241230,이익분배,3100,.031,"98,416.52",0.00,현금(배당소득),확정,정액,7706600000,2025/01/03 ~ 2025/01/03,,
KR7334700002,RISE 팔라듐선물인버스(H),20251230,이익분배,59,.0059,"2,916.37",0.00,현금(배당소득),확정,정액,32450000,2026/01/05 ~ 2026/01/05,,
KR7334690005,RISE 팔라듐선물(H),20251230,이익분배,39,.0039,"8,630.37",0.00,현금(배당소득),확정,정액,27300000,2026/01/05 ~ 2026/01/05,,
KR7276000007,TIGER 글로벌자원생산기업(합성 H),20251230,이익분배,23,.0023,"17,519.85",0.00,현금(배당소득),확정,정액,19550000,2026/01/05 ~ 2026/01/05,,
KR7267490001,RISE 미국장기국채선물레버리지(합성 H),20251230,이익분배,94,.0094,"5,744.82",0.00,현금(배당소득),확정,정액,89300000,2026/01/05 ~ 2026/01/05,,
KR7267450005,RISE 미국장기국채선물인버스(H),20251230,이익분배,174,.0174,"10,869.64",0.00,현금(배당소득),확정,정액,87000000,2026/01/05 ~ 2026/01/05,,
KR7267440006,RISE 미국장기국채선물(H),20251230,이익분배,199,.0199,"8,653.32",0.00,현금(배당소득),확정,정액,159200000,2026/01/05 ~ 2026/01/05,,
KR7225050004,TIGER 유로스탁스레버리지(합성 H),20251230,이익분배,230,.023,"14,200.87",0.00,현금(배당소득),확정,정액,115000000,2026/01/05 ~ 2026/01/05,,
KR7195920004,TIGER 일본TOPIX(합성 H),20251230,이익분배,50,.005,"29,390.98",0.00,현금(배당소득),확정,정액,25000000,2026/01/05 ~ 2026/01/05,,
KR7167860006,KIWOOM 국고채10년레버리지,20251230,이익분배,3631,.03631,"105,595.26",0.00,현금(배당소득),확정,정액,1052990000,2026/01/05 ~ 2026/01/05,,
KR7167860006,KIWOOM 국고채10년레버리지,20241230,이익분배,4000,.04,"113,591.52",0.00,현금(배당소득),확정,정액,1080000000,2025/01/03 ~ 2025/01/03,,
KR70118Z0002,ACE 미국AI테크핵심산업액티브,20251230,이익분배,3,.0003,"8,606.27",0.00,현금(배당소득),확정,정액,46950000,2026/01/05 ~ 2026/01/05,,
KR70104H0000,KoAct 미국나스닥채권혼합50액티브,20251230,이익분배,33,.0033,"10,512.43",0.00,현금(배당소득),확정,정액,123750000,2026/01/05 ~ 2026/01/05,,
KR70008E0000,ACE 미국중심중소형제조업,20251230,이익분배,6,.0006,"11,677.91",0.00,현금(배당소득),확정,정액,6900000,2026/01/05 ~ 2026/01/05,,
KR70005C0005,RISE 미국S&P500엔화노출(합성 H),20251230,이익분배,196,.0196,"11,258.96",0.00,현금(배당소득),확정,정액,156800000,2026/01/05 ~ 2026/01/05,,
KR7152500005,ACE 레버리지,20251230,이익분배,236,.0472,"5,950.80",0.00,현금(배당소득),확정,정액,283200000,2026/01/05 ~ 2026/01/05,,
KR7409820008,KODEX 미국나스닥100레버리지(합성 H),20251230,이익분배,122,.0122,"16,266.05",0.00,현금(배당소득),확정,정액,1836100000,2026/01/05 ~ 2026/01/05,,
KR7371470006,TIGER 차이나바이오테크SOLACTIVE,20251230,이익분배,60,.006,"8,653.99",0.00,현금(배당소득),확정,정액,492000000,2026/01/05 ~ 2026/01/05,,
KR70138Y0009,PLUS 금채권혼합,20251230,이익분배,2,.0002,"10,127.40",0.00,현금(배당소득),확정,정액,3400000,2026/01/05 ~ 2026/01/05,,
KR70123G0008,TIGER 미국AI전력SMR,20251230,이익분배,4,.0004,"7,527.74",0.00,현금(배당소득),확정,정액,90400000,2026/01/05 ~ 2026/01/05,,
KR7426150009,WON 대한민국국고채액티브,20251230,이익분배,717,.01432985446304,"56,182.81",0.00,현금(배당소득),확정,정액,880476000,2026/01/05 ~ 2026/01/05,,
KR7381170000,TIGER 미국테크TOP10 INDXX,20251230,이익분배,77,.0077,"30,894.26",0.00,현금(배당소득),확정,정액,10244850000,2026/01/05 ~ 2026/01/05,,
KR7476450002,KIWOOM 머니마켓액티브,20251230,이익분배,1454,.02908,"53,113.32",0.00,현금(배당소득),확정,정액,7136232000,2026/01/05 ~ 2026/01/05,,
KR7496020009,WON 전단채플러스액티브,20251230,이익분배,736,.01472,"51,983.52",0.00,현금(배당소득),확정,정액,2243328000,2026/01/05 ~ 2026/01/05,,
KR7438080004,ACE 미국S&P500미국채혼합50액티브,20251230,이익분배,334,.0334,"14,099.12",0.00,현금(배당소득),확정,정액,17802200000,2026/01/05 ~ 2026/01/05,,
KR70019K0009,TIME 미국나스닥100채권혼합50액티브,20251230,이익분배,21,.0021,"11,543.21",0.00,현금(배당소득),확정,정액,257250000,2026/01/05 ~ 2026/01/05,,
KR7483340006,ACE 구글밸류체인액티브,20251230,이익분배,79,.0079,"15,338.91",0.00,현금(배당소득),확정,정액,525350000,2026/01/05 ~ 2026/01/05,,
KR7469160006,ACE 일본반도체,20251230,이익분배,231,.0231,"16,826.70",0.00,현금(배당소득),확정,정액,115500000,2026/01/05 ~ 2026/01/05,,
KR7465610004,ACE 미국빅테크TOP7 Plus레버리지(합성),20251230,이익분배,470,.047,"40,579.75",0.00,현금(배당소득),확정,정액,1457000000,2026/01/05 ~ 2026/01/05,,
KR7457480002,ACE 테슬라밸류체인액티브,20251230,이익분배,365,.0365,"23,522.75",0.00,현금(배당소득),확정,정액,21571500000,2026/01/05 ~ 2026/01/05,,
KR7456600006,TIME 글로벌AI인공지능액티브,20251230,이익분배,27,.0027,"31,649.86",0.00,현금(배당소득),확정,정액,819180000,2026/01/05 ~ 2026/01/05,,
KR7391600004,ACE 미국친환경그린테마,20251230,이익분배,54,.0054,"11,302.79",0.00,현금(배당소득),확정,정액,48600000,2026/01/05 ~ 2026/01/05,,
KR7387270002,TIGER 글로벌이노베이션액티브,20251230,이익분배,100,.01,"20,621.15",0.00,현금(배당소득),확정,정액,120000000,2026/01/05 ~ 2026/01/05,,
KR7261240006,KODEX 미국달러선물,20251230,이익분배,135,.0135,"14,719.43",0.00,현금(배당소득),확정,정액,654750000,2026/01/05 ~ 2026/01/05,,
KR7261120000,TIGER 미국달러선물인버스2X,20251230,이익분배,56,.0056,"5,069.48",0.00,현금(배당소득),확정,정액,341600000,2026/01/05 ~ 2026/01/05,,
KR7243880002,TIGER 200IT레버리지,20251230,이익분배,453,.0453,"10,972.54",0.00,현금(배당소득),확정,정액,317100000,2026/01/05 ~ 2026/01/05,,
KR7225030006,TIGER 미국S&P500선물인버스(H),20251230,이익분배,56,.0056,"2,524.92",0.00,현금(배당소득),확정,정액,145600000,2026/01/05 ~ 2026/01/05,,
KR7219900008,ACE 중국본토CSI300레버리지(합성),20251230,이익분배,37,.0037,"4,598.76",0.00,현금(배당소득),확정,정액,59200000,2026/01/05 ~ 2026/01/05,,
KR7204480008,TIGER 차이나CSI300레버리지(합성),20251230,이익분배,220,.022,"27,745.57",0.00,현금(배당소득),확정,정액,919600000,2026/01/05 ~ 2026/01/05,,
KR7195930003,TIGER 유로스탁스50(합성 H),20251230,이익분배,40,.004,"20,950.44",0.00,현금(배당소득),확정,정액,68000000,2026/01/05 ~ 2026/01/05,,
KR7148070006,KIWOOM 국고채10년,20251230,이익분배,3742,.03742,"112,791.39",0.00,현금(배당소득),확정,정액,19245106000,2026/01/05 ~ 2026/01/05,,
KR7148070006,KIWOOM 국고채10년,20241230,이익분배,4000,.04,"116,996.60",0.00,현금(배당소득),확정,정액,13080000000,2025/01/03 ~ 2025/01/03,,
KR7291890002,KODEX MSCI EM선물(H),20251230,이익분배,62,.0062,"10,311.84",0.00,현금(배당소득),확정,정액,37200000,2026/01/05 ~ 2026/01/05,,
KR70142D0008,TIGER 미국AI데이터센터TOP4Plus,20251230,이익분배,2,.0002,"8,892.47",0.00,현금(배당소득),확정,정액,9400000,2026/01/05 ~ 2026/01/05,,
KR7416090009,ACE 중국과창판STAR50,20251230,이익분배,8,.0008,"10,766.72",0.00,현금(배당소득),확정,정액,11200000,2026/01/05 ~ 2026/01/05,,
KR7304670003,KODEX 미국30년국채울트라선물인버스(H),20251230,이익분배,120,.012,"11,743.96",0.00,현금(배당소득),확정,정액,72000000,2026/01/05 ~ 2026/01/05,,
KR70114X0008,RISE 글로벌게임테크TOP3Plus,20251230,이익분배,7,.0007,"9,170.71",0.00,현금(배당소득),확정,정액,6300000,2026/01/05 ~ 2026/01/05,,
KR7485810006,TIME 글로벌바이오액티브,20251230,이익분배,33,.0033,"10,174.01",0.00,현금(배당소득),확정,정액,41250000,2026/01/05 ~ 2026/01/05,,
KR7472160001,TIGER 미국테크TOP10 INDXX(H),20251230,이익분배,45,.0045,"18,331.41",0.00,현금(배당소득),확정,정액,852750000,2026/01/05 ~ 2026/01/05,,
KR7494180003,TIME 글로벌소비트렌드액티브,20251230,이익분배,21,.0021,"12,686.30",0.00,현금(배당소득),확정,정액,26250000,2026/01/05 ~ 2026/01/05,,
KR7491630000,RISE 미국반도체인버스(합성 H),20251230,이익분배,496,.0248,"12,048.59",0.00,현금(배당소득),확정,정액,223200000,2026/01/05 ~ 2026/01/05,,
KR7465580009,ACE 미국빅테크TOP7 Plus,20251230,이익분배,54,.0054,"22,889.72",0.00,현금(배당소득),확정,정액,2481300000,2026/01/05 ~ 2026/01/05,,
KR7465350007,RISE 2차전지TOP10인버스(합성),20251230,이익분배,360,.018,"25,194.27",0.00,현금(배당소득),확정,정액,1044000000,2026/01/05 ~ 2026/01/05,,
KR7464930007,TIGER 글로벌혁신블루칩TOP10,20251230,이익분배,150,.015,"19,778.30",0.00,현금(배당소득),확정,정액,1117500000,2026/01/05 ~ 2026/01/05,,
KR7456880004,ACE 미국달러SOFR금리(합성),20251230,이익분배,1,.00009981215353,"12,351.64",0.00,현금(배당소득),확정,정액,28440000,2026/01/05 ~ 2026/01/05,,
KR7429010002,TIGER 미국나스닥넥스트100,20251230,이익분배,108,.0108,"17,222.58",0.00,현금(배당소득),확정,정액,54000000,2026/01/05 ~ 2026/01/05,,
KR7418660007,TIGER 미국나스닥100레버리지(합성),20251230,이익분배,380,.038,"35,345.56",0.00,현금(배당소득),확정,정액,2945000000,2026/01/05 ~ 2026/01/05,,
KR7407820000,에셋플러스 코리아플랫폼액티브,20251230,이익분배,5,.00048787389436,"10,318.35",0.00,현금(배당소득),확정,정액,10500000,2026/01/05 ~ 2026/01/05,,
KR7354240004,RISE 미국고정배당우선증권,20251230,이익분배,721,.0721,"12,030.38",0.00,현금(배당소득),확정,정액,901250000,2026/01/05 ~ 2026/01/05,,
KR7304940000,KODEX 미국나스닥100선물(H),20251230,이익분배,228,.0228,"28,976.94",0.00,현금(배당소득),확정,정액,912000000,2026/01/05 ~ 2026/01/05,,
KR7280930009,KODEX 미국러셀2000(H),20251230,이익분배,40,.004,"14,784.28",0.00,현금(배당소득),확정,정액,94000000,2026/01/05 ~ 2026/01/05,,
KR7236350005,TIGER 인도니프티50레버리지(합성),20251230,이익분배,1065,.1065,"43,901.88",0.00,현금(배당소득),확정,정액,681600000,2026/01/05 ~ 2026/01/05,,
KR7219390002,RISE 미국S&P원유생산기업(합성 H),20251230,이익분배,1,.0001,"5,631.43",0.00,현금(배당소득),확정,정액,2750000,2026/01/05 ~ 2026/01/05,,
KR7217780006,TIGER 차이나CSI300인버스(합성),20251230,이익분배,185,.0185,"5,210.64",0.00,현금(배당소득),확정,정액,296000000,2026/01/05 ~ 2026/01/05,,
KR7203780002,TIGER 미국나스닥바이오,20251230,이익분배,160,.01461989639976,"30,819.32",0.00,현금(배당소득),확정,정액,547200000,2026/01/05 ~ 2026/01/05,,
KR7203780002,TIGER 미국나스닥바이오,20241230,이익분배,10,.00091374352498,"23,541.41",0.00,현금(배당소득),확정,정액,24200000,2025/01/03 ~ 2025/01/03,,
KR7200250009,KIWOOM 인도Nifty50(합성),20251230,이익분배,2,.0002,"26,119.99",0.00,현금(배당소득),확정,정액,18000000,2026/01/05 ~ 2026/01/05,,
KR7195980008,PLUS 신흥국MSCI(합성 H),20251230,이익분배,5,.0005,"12,445.24",0.00,현금(배당소득),확정,정액,34800000,2026/01/05 ~ 2026/01/05,,
KR7190620005,ACE 단기통안채,20251230,이익분배,2580,.0258,"102,935.94",0.00,현금(배당소득),확정,정액,8712660000,2026/01/05 ~ 2026/01/05,,
KR7190620005,ACE 단기통안채,20241230,이익분배,3500,.035,"103,824.11",0.00,현금(배당소득),확정,정액,5495000000,2025/01/03 ~ 2025/01/03,,
KR7117690008,TIGER 차이나항셍30,20251230,이익분배,660,.05545552089119,"23,232.68",0.00,현금(배당소득),확정,정액,396000000,2026/01/05 ~ 2026/01/05,,
KR7117690008,TIGER 차이나항셍30,20241230,이익분배,500,.0420117582509,"19,107.65",0.00,현금(배당소득),확정,정액,225000000,2025/01/03 ~ 2025/01/03,,
KR7152380002,KODEX 국채선물10년,20251230,이익분배,750,.015,"68,422.34",0.00,현금(배당소득),확정,정액,886500000,2026/01/05 ~ 2026/01/05,,
KR7486830003,HANARO 머니마켓액티브,20251230,이익분배,200,.004,"52,383.50",0.00,현금(배당소득),확정,정액,192000000,2026/01/05 ~ 2026/01/05,,
KR7458210002,KIWOOM CD금리액티브(합성),20251230,이익분배,16,.00016,"108,524.78",0.00,현금(배당소득),확정,정액,26800000,2026/01/05 ~ 2026/01/05,,
KR7401590005,HANARO 글로벌탄소배출권선물ICE(합성),20251230,이익분배,30,.003,"12,418.52",0.00,현금(배당소득),확정,정액,15300000,2026/01/05 ~ 2026/01/05,,
KR7438100000,ACE 미국나스닥100미국채혼합50액티브,20251230,이익분배,288,.0288,"14,886.46",0.00,현금(배당소득),확정,정액,10051200000,2026/01/05 ~ 2026/01/05,,
KR7465620003,ACE 미국빅테크TOP7 Plus인버스(합성),20251230,이익분배,188,.0094,"7,379.73",0.00,현금(배당소득),확정,정액,47000000,2026/01/05 ~ 2026/01/05,,
KR7459790002,KIWOOM 미국성장기업30액티브,20251230,이익분배,80,.008,"18,695.45",0.00,현금(배당소득),확정,정액,108000000,2026/01/05 ~ 2026/01/05,,
KR70072R0006,TIGER KRX금현물,20251230,이익분배,1,.0001,"14,280.92",0.00,현금(배당소득),확정,정액,74100000,2026/01/05 ~ 2026/01/05,,
KR7489000000,PLUS 일본엔화초단기국채(합성),20251230,이익분배,120,.012,"9,871.26",0.00,현금(배당소득),확정,정액,240000000,2026/01/05 ~ 2026/01/05,,
KR7487910002,ACE 인도컨슈머파워액티브,20251230,이익분배,3,.0003,"9,437.72",0.00,현금(배당소득),확정,정액,3600000,2026/01/05 ~ 2026/01/05,,
KR7472920008,HK 종합채권(AA-이상)액티브,20251230,이익분배,7368,.07368,"109,249.95",0.00,현금(배당소득),확정,정액,11619336000,2026/01/05 ~ 2026/01/05,,
KR7466950003,TIGER 글로벌AI액티브,20251230,이익분배,50,.005,"22,718.25",0.00,현금(배당소득),확정,정액,806500000,2026/01/05 ~ 2026/01/05,,
KR7449690007,TIGER 한중반도체(합성),20251230,이익분배,13,.0013,"26,690.14",0.00,현금(배당소득),확정,정액,9750000,2026/01/05 ~ 2026/01/05,,
KR7396520009,TIGER 차이나반도체FACTSET,20251230,이익분배,25,.0025,"9,861.15",0.00,현금(배당소득),확정,정액,322000000,2026/01/05 ~ 2026/01/05,,
KR7280320003,ACE 미국IT인터넷(합성 H),20251230,이익분배,289,.0289,"21,002.41",0.00,현금(배당소득),확정,정액,231200000,2026/01/05 ~ 2026/01/05,,
KR7256450008,PLUS 심천차이넥스트(합성),20251230,이익분배,5,.0005,"14,509.34",0.00,현금(배당소득),확정,정액,2500000,2026/01/05 ~ 2026/01/05,,
KR7241180009,TIGER 일본니케이225,20251230,이익분배,350,.035,"28,246.41",0.00,현금(배당소득),확정,정액,4284000000,2026/01/05 ~ 2026/01/05,,
KR7241180009,TIGER 일본니케이225,20241230,이익분배,200,.02,"21,963.68",0.00,현금(배당소득),확정,정액,2228000000,2025/01/03 ~ 2025/01/03,,
KR7233160001,TIGER 코스닥150 레버리지,20251230,이익분배,27,.0027,"10,256.81",0.00,현금(배당소득),확정,정액,190350000,2026/01/05 ~ 2026/01/05,,
KR7225040005,TIGER 미국S&P500레버리지(합성 H),20251230,이익분배,510,.051,"58,175.11",0.00,현금(배당소득),확정,정액,591600000,2026/01/05 ~ 2026/01/05,,
KR7196030001,ACE 일본TOPIX레버리지(H),20251230,이익분배,406,.0406,"64,555.35",0.00,현금(배당소득),확정,정액,203000000,2026/01/05 ~ 2026/01/05,,
KR7168580009,ACE 중국본토CSI300,20251230,이익분배,775,.06769256569673,"35,292.40",0.00,현금(배당소득),확정,정액,2728000000,2026/01/05 ~ 2026/01/05,,
KR7143850006,TIGER 미국S&P500선물(H),20251230,이익분배,785,.05832615091984,"72,312.68",0.00,현금(배당소득),확정,정액,1177500000,2026/01/05 ~ 2026/01/05,,
KR70015K0003,TIGER 미국소비트렌드액티브,20251230,이익분배,50,.005,"8,365.38",0.00,현금(배당소득),확정,정액,44000000,2026/01/05 ~ 2026/01/05,,
KR7414270009,ACE 글로벌자율주행액티브,20251230,이익분배,58,.0058,"13,177.30",0.00,현금(배당소득),확정,정액,182700000,2026/01/05 ~ 2026/01/05,,
KR7426030003,TIME 미국나스닥100액티브,20251230,이익분배,30,.003,"35,054.58",0.00,현금(배당소득),확정,정액,904800000,2026/01/05 ~ 2026/01/05,,
KR7458030004,WON 국공채머니마켓액티브,20251230,이익분배,604,.01208,"54,610.92",0.00,현금(배당소득),확정,정액,736880000,2026/01/05 ~ 2026/01/05,,
KR7461910002,PLUS 미국테크TOP10레버리지(합성),20251230,이익분배,350,.035,"39,318.00",0.00,현금(배당소득),확정,정액,175000000,2026/01/05 ~ 2026/01/05,,
KR7465780005,마이티 26-09 특수채(AAA)액티브,20251230,이익분배,2940,.0294,"107,439.78",0.00,현금(배당소득),확정,정액,4889220000,2026/01/05 ~ 2026/01/05,,
KR7465780005,마이티 26-09 특수채(AAA)액티브,20241230,이익분배,3250,.0325,"107,401.98",0.00,현금(배당소득),확정,정액,3282500000,2025/01/03 ~ 2025/01/03,,
KR7478150006,TIME 글로벌우주테크&방산액티브,20251230,이익분배,85,.0085,"19,059.40",0.00,현금(배당소득),확정,정액,990250000,2026/01/05 ~ 2026/01/05,,
KR7494340003,ACE 글로벌AI맞춤형반도체,20251230,이익분배,26,.0026,"12,470.71",0.00,현금(배당소득),확정,정액,20800000,2026/01/05 ~ 2026/01/05,,
KR7456200005,PLUS 미국달러SOFR금리액티브(합성),20251230,이익분배,15,.00030331265954,"61,008.37",0.00,현금(배당소득),확정,정액,1650000,2026/01/05 ~ 2026/01/05,,
KR7453820003,KODEX 인도Nifty50레버리지(합성),20251230,이익분배,135,.0135,"17,420.65",0.00,현금(배당소득),확정,정액,175500000,2026/01/05 ~ 2026/01/05,,
KR7449680008,TIGER 한중전기차(합성),20251230,이익분배,6,.0006,"11,093.31",0.00,현금(배당소득),확정,정액,5100000,2026/01/05 ~ 2026/01/05,,
KR7414780007,TIGER 차이나과창판STAR50(합성),20251230,이익분배,20,.002,"11,470.57",0.00,현금(배당소득),확정,정액,330000000,2026/01/05 ~ 2026/01/05,,
KR7412770000,TIGER 글로벌AI플랫폼액티브,20251230,이익분배,40,.004,"13,598.36",0.00,현금(배당소득),확정,정액,356400000,2026/01/05 ~ 2026/01/05,,
KR7412560005,TIGER BBIG레버리지,20251230,이익분배,9,.0009,"9,966.18",0.00,현금(배당소득),확정,정액,7650000,2026/01/05 ~ 2026/01/05,,
KR7396510000,TIGER 차이나클린에너지SOLACTIVE,20251230,이익분배,110,.011,"7,967.65",0.00,현금(배당소득),확정,정액,277200000,2026/01/05 ~ 2026/01/05,,
KR7292560000,TIGER 일본엔선물,20251230,이익분배,170,.017,"8,717.41",0.00,현금(배당소득),확정,정액,1258000000,2026/01/05 ~ 2026/01/05,,
KR7276650009,RISE 글로벌테크놀로지(합성 H),20251230,이익분배,644,.0644,"39,454.81",0.00,현금(배당소득),확정,정액,483000000,2026/01/05 ~ 2026/01/05,,
KR7275980001,TIGER 글로벌4차산업혁신기술(합성 H),20251230,이익분배,137,.0137,"20,923.56",0.00,현금(배당소득),확정,정액,471280000,2026/01/05 ~ 2026/01/05,,
KR7269420006,KODEX S&P글로벌인프라(합성),20251230,이익분배,37,.0037,"21,742.29",0.00,현금(배당소득),확정,정액,37111000,2026/01/05 ~ 2026/01/05,,
KR7265690008,ACE 러시아MSCI(합성),20251230,이익분배,1,.00005,"1,590.00",0.00,현금(배당소득),확정,정액,1850000,2026/01/05 ~ 2026/01/05,,
KR7265690008,ACE 러시아MSCI(합성),20241230,이익분배,187,.00935,"1,589.23",0.00,현금(배당소득),확정,정액,345950000,2025/01/03 ~ 2025/01/03,,
KR7265690008,ACE 러시아MSCI(합성),20241129,이익분배,725,.03625,"1,401.86",0.00,현금(배당소득),확정,정액,1341250000,2024/12/03 ~ 2024/12/03,,
KR7261110001,TIGER 미국달러선물레버리지,20251230,이익분배,248,.0248,"17,320.18",0.00,현금(배당소득),확정,정액,173600000,2026/01/05 ~ 2026/01/05,,
KR7253250005,KIWOOM 200선물레버리지,20251230,이익분배,346,.0346,"11,154.25",0.00,현금(배당소득),확정,정액,173000000,2026/01/05 ~ 2026/01/05,,
KR7225130004,ACE 골드선물 레버리지(합성 H),20251230,이익분배,504,.0504,"59,440.51",0.00,현금(배당소득),확정,정액,252000000,2026/01/05 ~ 2026/01/05,,
KR7219480001,KODEX 미국S&P500선물(H),20251230,이익분배,245,.0245,"30,537.40",0.00,현금(배당소득),확정,정액,1225000000,2026/01/05 ~ 2026/01/05,,
KR7213630007,PLUS 미국다우존스고배당주(합성 H),20251230,이익분배,187,.0187,"18,745.35",0.00,현금(배당소득),확정,정액,172040000,2026/01/05 ~ 2026/01/05,,
KR7176950004,KODEX 국채선물10년인버스,20251230,이익분배,565,.0113,"57,033.18",0.00,현금(배당소득),확정,정액,233910000,2026/01/05 ~ 2026/01/05,,
KR7174360008,RISE 중국본토대형주CSI100,20251230,이익분배,260,.026,"23,712.71",0.00,현금(배당소득),확정,정액,754000000,2026/01/05 ~ 2026/01/05,,
KR7160580007,TIGER 구리실물,20251230,이익분배,2,.00022583890685,"14,934.53",0.00,현금(배당소득),확정,정액,11300000,2026/01/05 ~ 2026/01/05,,
KR7144600004,KODEX 은선물(H),20251230,이익분배,40,.004,"12,191.53",0.00,현금(배당소득),확정,정액,1980000000,2026/01/05 ~ 2026/01/05,,
KR7130680002,TIGER 원유선물Enhanced(H),20251230,이익분배,27,.0027,"3,873.59",0.00,현금(배당소득),확정,정액,180900000,2026/01/05 ~ 2026/01/05,,
KR7123320004,TIGER 레버리지,20251230,이익분배,300,.03,"13,085.96",0.00,현금(배당소득),확정,정액,870000000,2026/01/05 ~ 2026/01/05,,
KR70079X0001,ACE BYD밸류체인액티브,20251230,이익분배,34,.0034,"12,232.97",0.00,현금(배당소득),확정,정액,20400000,2026/01/05 ~ 2026/01/05,,
KR7189400005,PLUS 글로벌MSCI(합성 H),20251230,이익분배,5,.0005,"23,548.70",0.00,현금(배당소득),확정,정액,2550000,2026/01/05 ~ 2026/01/05,,
KR7291130003,ACE MSCI멕시코(합성),20251230,이익분배,246,.0246,"18,037.39",0.00,현금(배당소득),확정,정액,221400000,2026/01/05 ~ 2026/01/05,,
KR70113P0009,HK 머니마켓액티브,20251230,이익분배,246,.00246,"100,635.68",0.00,현금(배당소득),확정,정액,127428000,2026/01/05 ~ 2026/01/05,,
KR7454780008,KIWOOM 종합채권(AA-이상)액티브,20251230,이익분배,3028,.03028,"106,905.01",0.00,현금(배당소득),확정,정액,13822820000,2026/01/05 ~ 2026/01/05,,
KR7454780008,KIWOOM 종합채권(AA-이상)액티브,20241230,이익분배,3500,.035,"109,853.12",0.00,현금(배당소득),확정,정액,11536000000,2025/01/03 ~ 2025/01/03,,
KR7440650000,ACE 미국달러단기채권액티브,20251230,이익분배,370,.037,"12,214.53",0.00,현금(배당소득),확정,정액,1295000000,2026/01/05 ~ 2026/01/05,,
KR7488290008,MIDAS 일본테크액티브,20251230,이익분배,157,.00785,"31,245.29",0.00,현금(배당소득),확정,정액,43175000,2026/01/05 ~ 2026/01/05,,
KR7488080003,TIGER 반도체TOP10레버리지,20251230,이익분배,6,.0006,"9,765.03",0.00,현금(배당소득),확정,정액,75600000,2026/01/05 ~ 2026/01/05,,
KR7452250004,ACE 미국30년국채선물레버리지(합성 H),20251230,이익분배,101,.0101,"5,569.86",0.00,현금(배당소득),확정,정액,1277650000,2026/01/05 ~ 2026/01/05,,
KR7448540005,ACE 엔비디아채권혼합,20251230,이익분배,233,.0233,"25,405.25",0.00,현금(배당소득),확정,정액,2586300000,2026/01/05 ~ 2026/01/05,,
KR7448490003,HANARO 32-10 국고채액티브,20251230,이익분배,500,.00992948082717,"55,918.27",0.00,현금(배당소득),확정,정액,236000000,2026/01/05 ~ 2026/01/05,,
KR7448490003,HANARO 32-10 국고채액티브,20241230,이익분배,900,.0178730654889,"57,018.42",0.00,현금(배당소득),확정,정액,669600000,2025/01/03 ~ 2025/01/03,,
KR7394670004,TIGER 글로벌리튬&2차전지SOLACTIVE(합성),20251230,이익분배,10,.001,"10,698.82",0.00,현금(배당소득),확정,정액,273600000,2026/01/05 ~ 2026/01/05,,
KR7375270006,RISE 글로벌데이터센터리츠(합성),20251230,이익분배,230,.023,"12,895.71",0.00,현금(배당소득),확정,정액,161000000,2026/01/05 ~ 2026/01/05,,
KR7310080007,RISE 중국MSCI China(H),20251230,이익분배,205,.0205,"10,827.68",0.00,현금(배당소득),확정,정액,266500000,2026/01/05 ~ 2026/01/05,,
KR7267770006,TIGER 200선물레버리지,20251230,이익분배,295,.0295,"11,317.74",0.00,현금(배당소득),확정,정액,1062000000,2026/01/05 ~ 2026/01/05,,
KR7261920003,ACE MSCI필리핀(합성),20251230,이익분배,180,.012,"13,376.51",0.00,현금(배당소득),확정,정액,72000000,2026/01/05 ~ 2026/01/05,,
KR7261250005,KODEX 미국달러선물레버리지,20251230,이익분배,135,.0135,"17,284.36",0.00,현금(배당소득),확정,정액,311850000,2026/01/05 ~ 2026/01/05,,
KR7256440009,ACE MSCI인도네시아(합성),20251230,이익분배,42,.0042,"8,763.16",0.00,현금(배당소득),확정,정액,184800000,2026/01/05 ~ 2026/01/05,,
KR7248270001,TIGER S&P글로벌헬스케어(합성),20251230,이익분배,71,.0071,"25,987.26",0.00,현금(배당소득),확정,정액,78100000,2026/01/05 ~ 2026/01/05,,
KR7243890001,TIGER 200에너지화학레버리지,20251230,이익분배,50,.005,"10,954.04",0.00,현금(배당소득),확정,정액,36250000,2026/01/05 ~ 2026/01/05,,
KR7238720007,ACE 일본Nikkei225(H),20251230,이익분배,308,.0308,"36,364.35",0.00,현금(배당소득),확정,정액,246400000,2026/01/05 ~ 2026/01/05,,
KR7225060003,TIGER 이머징마켓MSCI레버리지(합성 H),20251230,이익분배,116,.0116,"11,799.07",0.00,현금(배당소득),확정,정액,122960000,2026/01/05 ~ 2026/01/05,,
KR7217770007,TIGER 원유선물인버스(H),20251230,이익분배,20,.002,"2,775.16",0.00,현금(배당소득),확정,정액,42000000,2026/01/05 ~ 2026/01/05,,
KR7205720006,ACE 일본TOPIX인버스(합성 H),20251230,이익분배,1,.0001,"1,838.81",0.00,현금(배당소득),확정,정액,3800000,2026/01/05 ~ 2026/01/05,,
KR70101N0005,RISE AI전력인프라,20251230,이익분배,1,.0001008013709,"9,912.40",0.00,현금(배당소득),확정,정액,4500000,2026/01/05 ~ 2026/01/05,,
KR70087F0003,ACE 차이나AI빅테크TOP2+액티브,20251230,이익분배,10,.001,"11,086.63",0.00,현금(배당소득),확정,정액,13500000,2026/01/05 ~ 2026/01/05,,
KR7308620004,KODEX 미국10년국채선물,20251230,이익분배,160,.016,"12,456.80",0.00,현금(배당소득),확정,정액,1344000000,2026/01/05 ~ 2026/01/05,,
KR7245710009,ACE 베트남VN30(합성),20251230,이익분배,89,.0089,"30,754.31",0.00,현금(배당소득),확정,정액,925600000,2026/01/05 ~ 2026/01/05,,
KR7411060007,ACE KRX금현물,20251230,이익분배,1,.0001,"29,881.76",0.00,현금(배당소득),확정,정액,126900000,2026/01/05 ~ 2026/01/05,,
KR7371450008,TIGER 글로벌클라우드컴퓨팅INDXX,20251230,이익분배,47,.0047,"11,910.07",0.00,현금(배당소득),확정,정액,103400000,2026/01/05 ~ 2026/01/05,,
KR7453060006,HANARO KOFR금리액티브(합성),20251230,이익분배,10,.0001,"109,464.28",0.00,현금(배당소득),확정,정액,1100000,2026/01/05 ~ 2026/01/05,,
KR7482030004,KoAct 반도체&2차전지핵심소재액티브,20251230,이익분배,17,.00178236673139,"9,552.62",0.00,현금(배당소득),확정,정액,10200000,2026/01/05 ~ 2026/01/05,,
KR7490090008,TIGER 미국AI빅테크10,20251230,이익분배,37,.0037,"15,072.23",0.00,현금(배당소득),확정,정액,569800000,2026/01/05 ~ 2026/01/05,,
KR7497520007,ACE 일라이릴리밸류체인,20251230,이익분배,88,.0088,"12,697.21",0.00,현금(배당소득),확정,정액,61600000,2026/01/05 ~ 2026/01/05,,
KR7491010005,TIGER 글로벌AI전력인프라액티브,20251230,이익분배,20,.002,"18,874.21",0.00,현금(배당소득),확정,정액,395800000,2026/01/05 ~ 2026/01/05,,
KR7473590008,ACE 미국주식베스트셀러,20251230,이익분배,24,.0024,"20,788.00",0.00,현금(배당소득),확정,정액,82800000,2026/01/05 ~ 2026/01/05,,
KR7456680008,TIGER 차이나전기차레버리지(합성),20251230,이익분배,90,.009,"9,722.23",0.00,현금(배당소득),확정,정액,641700000,2026/01/05 ~ 2026/01/05,,
KR7438740003,MIDAS 중소형액티브,20251230,이익분배,81,.00398676786823,"20,884.22",0.00,현금(배당소득),확정,정액,18225000,2026/01/05 ~ 2026/01/05,,
KR7412570004,TIGER 2차전지TOP10레버리지,20251230,이익분배,5,.0005,"9,967.19",0.00,현금(배당소득),확정,정액,522250000,2026/01/05 ~ 2026/01/05,,
KR7354350001,HANARO 글로벌럭셔리S&P(합성),20251230,이익분배,5,.0005,"22,643.57",0.00,현금(배당소득),확정,정액,3850000,2026/01/05 ~ 2026/01/05,,
KR7291680007,RISE 차이나H선물인버스(H),20251230,이익분배,143,.0143,"7,754.82",0.00,현금(배당소득),확정,정액,71500000,2026/01/05 ~ 2026/01/05,,
KR7250730009,RISE 차이나HSCEI(H),20251230,이익분배,355,.0355,"10,828.85",0.00,현금(배당소득),확정,정액,674500000,2026/01/05 ~ 2026/01/05,,
KR7192090009,TIGER 차이나CSI300,20251230,이익분배,310,.062,"12,826.75",0.00,현금(배당소득),확정,정액,4805000000,2026/01/05 ~ 2026/01/05,,
KR7192090009,TIGER 차이나CSI300,20241230,이익분배,80,.016,"10,630.51",0.00,현금(배당소득),확정,정액,1292000000,2025/01/03 ~ 2025/01/03,,
KR7138920004,KODEX 콩선물(H),20251230,이익분배,27,.0027,"11,164.44",0.00,현금(배당소득),확정,정액,13500000,2026/01/05 ~ 2026/01/05,,
KR7138230008,KIWOOM 미국달러선물,20251230,이익분배,180,.01440922190202,"17,634.25",0.00,현금(배당소득),확정,정액,295200000,2026/01/05 ~ 2026/01/05,,
KR7137610002,TIGER 농산물선물Enhanced(H),20251230,이익분배,49,.0049,"5,187.86",0.00,현금(배당소득),확정,정액,122500000,2026/01/05 ~ 2026/01/05,,
KR7132030008,KODEX 골드선물(H),20251230,이익분배,130,.013,"26,050.97",0.00,현금(배당소득),확정,정액,2158000000,2026/01/05 ~ 2026/01/05,,
KR7130730005,KIWOOM 단기자금,20251230,이익분배,3037,.03037,"104,264.14",0.00,현금(배당소득),확정,정액,4573722000,2026/01/05 ~ 2026/01/05,,
KR7130730005,KIWOOM 단기자금,20241230,이익분배,3500,.035,"104,951.25",0.00,현금(배당소득),확정,정액,3517500000,2025/01/03 ~ 2025/01/03,,
KR70102A0009,TIGER 미국AI소프트웨어TOP4Plus,20251230,이익분배,7,.0007,"10,937.79",0.00,현금(배당소득),확정,정액,82950000,2026/01/05 ~ 2026/01/05,,
KR7278240007,RISE 코스닥150선물레버리지,20251230,이익분배,60,.006,"10,324.95",0.00,현금(배당소득),확정,정액,483000000,2026/01/05 ~ 2026/01/05,,
KR7139320006,TIGER 금은선물(H),20251230,이익분배,56,.0056,"19,565.82",0.00,현금(배당소득),확정,정액,100800000,2026/01/05 ~ 2026/01/05,,
KR7319640009,TIGER 골드선물(H),20251230,이익분배,272,.0272,"27,582.51",0.00,현금(배당소득),확정,정액,1373600000,2026/01/05 ~ 2026/01/05,,
KR70000Y0004,HK 26-12 회사채(AA-이상)액티브,20251230,이익분배,3100,.031,"103,129.40",0.00,현금(배당소득),확정,정액,3735500000,2026/01/05 ~ 2026/01/05,,
KR7426020004,TIME 미국S&P500액티브,20251230,이익분배,54,.0054,"27,688.23",0.00,현금(배당소득),확정,정액,247320000,2026/01/05 ~ 2026/01/05,,
KR7403790009,MIDAS 코스피액티브,20251230,이익분배,72,.00359017548479,"21,525.92",0.00,현금(배당소득),확정,정액,259200000,2026/01/05 ~ 2026/01/05,,
KR70113G0000,KoAct 미국바이오헬스케어액티브,20251230,이익분배,3,.0003,"10,595.41",0.00,현금(배당소득),확정,정액,4650000,2026/01/05 ~ 2026/01/05,,
KR70113D0003,TIME 글로벌탑픽액티브,20251230,이익분배,16,.0016,"10,146.19",0.00,현금(배당소득),확정,정액,88800000,2026/01/05 ~ 2026/01/05,,
KR7464310002,TIGER 글로벌AI&로보틱스 INDXX,20251230,이익분배,89,.0089,"14,740.35",0.00,현금(배당소득),확정,정액,698650000,2026/01/05 ~ 2026/01/05,,
KR7438320004,TIGER 차이나항셍테크레버리지(합성 H),20251230,이익분배,50,.005,"8,361.20",0.00,현금(배당소득),확정,정액,202000000,2026/01/05 ~ 2026/01/05,,
KR70043Y0003,TIME 차이나AI테크액티브,20251230,이익분배,8,.0008,"14,020.92",0.00,현금(배당소득),확정,정액,106000000,2026/01/05 ~ 2026/01/05,,
KR7483330007,ACE 마이크로소프트밸류체인액티브,20251230,이익분배,63,.0063,"12,971.14",0.00,현금(배당소득),확정,정액,75600000,2026/01/05 ~ 2026/01/05,,
KR7487920001,ACE 인도시장대표BIG5그룹액티브,20251230,이익분배,3,.0003,"8,868.48",0.00,현금(배당소득),확정,정액,3300000,2026/01/05 ~ 2026/01/05,,
KR7451670004,RISE 국채30년레버리지(합성),20251230,이익분배,201,.01005,"20,183.54",0.00,현금(배당소득),확정,정액,100500000,2026/01/05 ~ 2026/01/05,,
KR7418670006,TIGER 글로벌AI사이버보안,20251230,이익분배,33,.0033,"13,708.05",0.00,현금(배당소득),확정,정액,83160000,2026/01/05 ~ 2026/01/05,,
KR7394660005,TIGER 글로벌자율주행&전기차SOLACTIVE,20251230,이익분배,141,.0141,"14,716.59",0.00,현금(배당소득),확정,정액,3051240000,2026/01/05 ~ 2026/01/05,,
KR7360140008,KODEX 200롱코스닥150숏선물,20251230,이익분배,27,.0027,"10,609.36",0.00,현금(배당소득),확정,정액,78300000,2026/01/05 ~ 2026/01/05,,
KR7277540001,ACE 아시아TOP50,20251230,이익분배,666,.0666,"20,844.42",0.00,현금(배당소득),확정,정액,532800000,2026/01/05 ~ 2026/01/05,,
KR7252400007,RISE 200선물레버리지,20251230,이익분배,380,.038,"11,278.15",0.00,현금(배당소득),확정,정액,380000000,2026/01/05 ~ 2026/01/05,,
KR7225800002,KIWOOM 미국달러선물레버리지,20251230,이익분배,160,.016,"16,343.06",0.00,현금(배당소득),확정,정액,100800000,2026/01/05 ~ 2026/01/05,,
KR7195970009,PLUS 선진국MSCI(합성 H),20251230,이익분배,5,.0005,"14,919.42",0.00,현금(배당소득),확정,정액,7500000,2026/01/05 ~ 2026/01/05,,
KR7122260003,KIWOOM 통안채1년,20251230,이익분배,2948,.02948,"105,574.78",0.00,현금(배당소득),확정,정액,1238160000,2026/01/05 ~ 2026/01/05,,
KR7122260003,KIWOOM 통안채1년,20241230,이익분배,3500,.035,"106,297.82",0.00,현금(배당소득),확정,정액,1400000000,2025/01/03 ~ 2025/01/03,,
KR70005D0004,SOL 전고체배터리&실리콘음극재,20251230,이익분배,13,.0013,"10,538.08",0.00,현금(배당소득),확정,정액,40300000,2026/01/02 ~ 2026/01/02,,
KR7492500004,1Q 현대차그룹채권(A+이상)&국고통안,20251230,이익분배,757,.01514,"51,737.49",0.00,현금(배당소득),확정,정액,1554878000,2026/01/02 ~ 2026/01/02,,
KR70141T0001,SOL 중기종합채권(AA-이상)액티브,20251230,이익분배,20,.0004,"50,152.58",0.00,현금(배당소득),확정,정액,17680000,2026/01/02 ~ 2026/01/02,,
KR7438560005,SOL 국고채3년,20251230,이익분배,2525,.02525,"102,794.46",0.00,현금(배당소득),확정,정액,757500000,2026/01/02 ~ 2026/01/02,,
KR7438560005,SOL 국고채3년,20241230,이익분배,5500,.055,"106,600.34",0.00,현금(배당소득),확정,정액,1292500000,2025/01/02 ~ 2025/01/02,,
KR70131A0004,SOL 차이나소비트렌드,20251230,이익분배,1,.0001,"9,466.28",0.00,현금(배당소득),확정,정액,1000000,2026/01/02 ~ 2026/01/02,,
KR7472720002,TRUSTON 주주가치액티브,20251230,이익분배,381,.03823623570783,"10,625.99",0.00,현금(배당소득),확정,정액,228600000,2026/01/02 ~ 2026/01/02,,
KR7400590006,SOL 글로벌탄소배출권선물ICE(합성),20251230,이익분배,2,.0002,"15,385.08",0.00,현금(배당소득),확정,정액,1000000,2026/01/02 ~ 2026/01/02,,
KR7415760008,SOL 차이나육성산업액티브(합성),20251230,이익분배,106,.0106,"11,027.72",0.00,현금(배당소득),확정,정액,235320000,2026/01/02 ~ 2026/01/02,,
KR7438570004,SOL 국고채10년,20251230,이익분배,3280,.0328,"105,827.36",0.00,현금(배당소득),확정,정액,3378400000,2026/01/02 ~ 2026/01/02,,
KR7438570004,SOL 국고채10년,20241230,이익분배,3500,.035,"109,693.55",0.00,현금(배당소득),확정,정액,3836000000,2025/01/02 ~ 2025/01/02,,
KR7220130009,SOL 차이나강소기업CSI500(합성 H),20251230,이익분배,2,.0002,"6,156.66",0.00,현금(배당소득),확정,정액,1600000,2026/01/02 ~ 2026/01/02,,
KR70066W0007,SOL 국제금,20251230,이익분배,3,.0003,"13,703.37",0.00,현금(배당소득),확정,정액,20700000,2026/01/02 ~ 2026/01/02,,
KR7400580007,SOL 유럽탄소배출권선물S&P(H),20251230,이익분배,100,.01,"12,635.50",0.00,현금(배당소득),확정,정액,50000000,2026/01/02 ~ 2026/01/02,,
KR7463290007,1Q 단기금융채액티브,20251230,이익분배,1819,.01819,"108,990.27",0.00,현금(배당소득),확정,정액,2837640000,2026/01/02 ~ 2026/01/02,,
KR7413220005,SOL 차이나태양광CSI(합성),20251230,이익분배,58,.0058,"5,529.53",0.00,현금(배당소득),확정,정액,69600000,2026/01/02 ~ 2026/01/02,,
KR7496130006,TRUSTON 코리아밸류업액티브,20251230,이익분배,344,.03521040262686,"10,056.24",0.00,현금(배당소득),확정,정액,206400000,2026/01/02 ~ 2026/01/02,,
KR70080Y0007,SOL 조선TOP3플러스레버리지,20251230,이익분배,15,.0015,"9,786.91",0.00,현금(배당소득),확정,정액,141000000,2026/01/02 ~ 2026/01/02,,
KR7373530005,PLUS 신흥국MSCI인버스(합성 H),20251222,청산분배,8886.26883333333333,.88862688333333,"8,886.27",0.00,현금(배당소득),확정,정액,533176130,2025/12/23 ~ 2025/12/23,1차최종청산분배금,
KR7459370003,SOL 유럽탄소배출권선물인버스ICE(H),20251221,청산분배,9633.855955,.9633855955,"9,633.86",0.00,현금(배당소득),확정,정액,1926771191,2025/12/22 ~ 2025/12/22,1차최종청산분배금,
KR7494900004,TIGER 25-12 금융채(AA-이상),20251218,청산분배,51909.25813169642857,1.03818516263393,"51,918.32",0.00,현금(배당소득),확정,정액,255808824073,2025/12/19 ~ 2025/12/19,1차최종청산분배금,
KR70119H0003,KODEX 28-12 회사채(AA-이상)액티브,20251215,이익분배,49,.00489654304061,"9,927.03",0.00,현금(배당소득),확정,정액,727160000,2025/12/17 ~ 2025/12/17,,
KR7385540000,RISE 종합채권(A-이상)액티브,20251215,이익분배,1147,.01146971555105,"107,603.07",0.00,현금(배당소득),확정,정액,17760148000,2025/12/17 ~ 2025/12/17,,
KR7451000004,PLUS 종합채권(AA-이상)액티브,20251215,이익분배,1465,.01464041492035,"112,878.45",0.00,현금(배당소득),확정,정액,4948770000,2025/12/17 ~ 2025/12/17,,
KR7432600005,RISE 국채선물3년,20251215,이익분배,108,.00216,"54,935.36",0.00,현금(배당소득),확정,정액,60048000,2025/12/17 ~ 2025/12/17,,
KR7479520009,RISE KOFR금리액티브(합성),20251215,이익분배,586,.00586,"104,977.62",0.00,현금(배당소득),확정,정액,3810758000,2025/12/17 ~ 2025/12/17,,
KR7363570003,KODEX 장기종합채권(AA-이상)액티브,20251215,이익분배,1469,.01468769696912,"97,051.07",0.00,현금(배당소득),확정,정액,4099979000,2025/12/17 ~ 2025/12/17,,
KR7298340001,PLUS 국채선물3년,20251215,이익분배,602,.01204,"56,546.53",0.00,현금(배당소득),확정,정액,257656000,2025/12/17 ~ 2025/12/17,,
KR70122W0009,RISE 26-11 회사채(AA-이상)액티브,20251215,이익분배,135,.0027,"50,061.27",0.00,현금(배당소득),확정,정액,377190000,2025/12/17 ~ 2025/12/17,,
KR70117L0009,KODEX 26-12 금융채(AA-이상)액티브,20251215,이익분배,53,.00529983040543,"9,999.36",0.00,현금(배당소득),확정,정액,7729520000,2025/12/17 ~ 2025/12/17,,
KR7491230009,PLUS 국공채머니마켓액티브,20251215,이익분배,627,.01254,"51,983.96",0.00,현금(배당소득),확정,정액,1635216000,2025/12/17 ~ 2025/12/17,,
KR7461460008,PLUS 국고채10년액티브,20251215,이익분배,681,.01362,"54,125.66",0.00,현금(배당소득),확정,정액,607452000,2025/12/17 ~ 2025/12/17,,
KR7455890004,RISE 머니마켓액티브,20251215,이익분배,765,.0153,"54,962.81",0.00,현금(배당소득),확정,정액,33476400000,2025/12/17 ~ 2025/12/17,,
KR7439860008,KODEX ESG종합채권(A-이상)액티브,20251215,이익분배,1936,.01936,"115,319.37",0.00,현금(배당소득),확정,정액,8249296000,2025/12/17 ~ 2025/12/17,,
KR7278620000,PLUS 단기채권액티브,20251215,이익분배,1595,.01595,"118,567.74",0.00,현금(배당소득),확정,정액,679470000,2025/12/17 ~ 2025/12/17,,
KR7385550009,RISE 단기채권알파액티브,20251215,이익분배,2052,.02052004104008,"113,893.24",0.00,현금(배당소득),확정,정액,4346136000,2025/12/17 ~ 2025/12/17,,
KR7453010001,PLUS KOFR금리,20251215,이익분배,1122,.01122,"109,026.51",0.00,현금(배당소득),확정,정액,270402000,2025/12/17 ~ 2025/12/17,,
KR7457690006,KODEX 33-06 국고채액티브,20251215,이익분배,170,.01703673119245,"10,875.26",0.00,현금(배당소득),확정,정액,402900000,2025/12/17 ~ 2025/12/17,,
KR70007F0000,KODEX 27-12 회사채(AA-이상)액티브,20251215,이익분배,157,.01569736284304,"10,217.43",0.00,현금(배당소득),확정,정액,7882970000,2025/12/17 ~ 2025/12/17,,
KR7451600001,PLUS 국고채30년액티브,20251215,이익분배,1296,.01296,"105,640.64",0.00,현금(배당소득),확정,정액,184032000,2025/12/17 ~ 2025/12/17,,
KR7239660004,PLUS 우량회사채50,20251215,이익분배,1413,.01413,"121,325.20",0.00,현금(배당소득),확정,정액,197820000,2025/12/17 ~ 2025/12/17,,
KR7473290005,KODEX 26-12 회사채(AA-이상)액티브,20251215,이익분배,195,.01946467162101,"10,881.98",0.00,현금(배당소득),확정,정액,12132900000,2025/12/17 ~ 2025/12/17,,
KR7397420001,RISE 국채선물5년추종,20251215,이익분배,298,.00596,"51,173.92",0.00,현금(배당소득),확정,정액,30396000,2025/12/17 ~ 2025/12/17,,
KR7282000009,RISE 국고채3년선물인버스,20251215,이익분배,1479,.01479,"113,819.58",0.00,현금(배당소득),확정,정액,542793000,2025/12/17 ~ 2025/12/17,,
KR7488770009,KODEX 머니마켓액티브,20251215,이익분배,1498,.0149755073478,"104,406.55",0.00,현금(배당소득),확정,정액,122127446000,2025/12/17 ~ 2025/12/17,,
KR7457700003,KODEX 53-09 국고채액티브,20251215,이익분배,184,.01849010226835,"11,273.68",0.00,현금(배당소득),확정,정액,281520000,2025/12/17 ~ 2025/12/17,,
KR7439870007,KODEX 국고채30년액티브,20251215,이익분배,1703,.01703,"110,458.84",0.00,현금(배당소득),확정,정액,8559278000,2025/12/17 ~ 2025/12/17,,
KR70061Z0009,RISE 단기특수은행채액티브,20251215,이익분배,612,.01224,"50,580.57",0.00,현금(배당소득),확정,정액,14045400000,2025/12/17 ~ 2025/12/17,,
KR7289670002,PLUS 국채선물10년,20251215,이익분배,487,.00974,"54,462.58",0.00,현금(배당소득),확정,정액,58440000,2025/12/17 ~ 2025/12/17,,
KR7481430007,RISE 국고채10년액티브,20251215,이익분배,1321,.01321,"103,647.56",0.00,현금(배당소득),확정,정액,2031698000,2025/12/17 ~ 2025/12/17,,
KR7471230003,KODEX 국고채10년액티브,20251215,이익분배,1613,.01615572799683,"109,749.69",0.00,현금(배당소득),확정,정액,8289207000,2025/12/17 ~ 2025/12/17,,
KR7272570003,RISE 중장기국공채액티브,20251215,이익분배,1381,.01381,"109,736.64",0.00,현금(배당소득),확정,정액,310725000,2025/12/17 ~ 2025/12/17,,
KR7272560004,RISE 단기국공채액티브,20251215,이익분배,1476,.01476,"114,293.63",0.00,현금(배당소득),확정,정액,2470824000,2025/12/17 ~ 2025/12/17,,
KR7196230007,RISE 단기통안채,20251215,이익분배,1458,.01458,"116,466.74",0.00,현금(배당소득),확정,정액,3133242000,2025/12/17 ~ 2025/12/17,,
KR7114260003,KODEX 국고채3년,20251215,이익분배,807,.01557407246942,"62,700.27",0.00,현금(배당소득),확정,정액,5426268000,2025/12/17 ~ 2025/12/17,,
KR7295020002,RISE 국채선물10년인버스,20251215,이익분배,698,.01396,"57,651.53",0.00,현금(배당소득),확정,정액,776176000,2025/12/17 ~ 2025/12/17,,
KR7295000004,RISE 국채선물10년,20251215,이익분배,347,.00694,"53,633.93",0.00,현금(배당소득),확정,정액,80504000,2025/12/17 ~ 2025/12/17,,
KR7477080006,RISE CD금리액티브(합성),20251215,이익분배,16,.00016,"105,335.55",0.00,현금(배당소득),확정,정액,196816000,2025/12/17 ~ 2025/12/17,,
KR7477050009,PLUS 머니마켓액티브,20251215,이익분배,689,.01378,"52,947.95",0.00,현금(배당소득),확정,정액,4492280000,2025/12/17 ~ 2025/12/17,,
KR7273130005,KODEX 종합채권(AA-이상)액티브,20251215,이익분배,1727,.01727,"115,796.19",0.00,현금(배당소득),확정,정액,51647662000,2025/12/17 ~ 2025/12/17,,
KR7469830004,SOL 초단기채권액티브,20251215,이익분배,850,.017,"53,947.02",0.00,현금(배당소득),확정,정액,15891600000,2025/12/16 ~ 2025/12/16,,
KR7436140008,SOL 종합채권(AA-이상)액티브,20251215,이익분배,2380,.0238,"112,283.14",0.00,현금(배당소득),확정,정액,21793660000,2025/12/16 ~ 2025/12/16,,
KR7474390002,SOL 국고채30년액티브,20251215,이익분배,915,.0183,"51,444.76",0.00,현금(배당소득),확정,정액,122610000,2025/12/16 ~ 2025/12/16,,
KR7488980004,SOL 26-12 회사채(AA-이상)액티브,20251215,이익분배,1255,.0251,"52,245.85",0.00,현금(배당소득),확정,정액,5328730000,2025/12/16 ~ 2025/12/16,,
KR7484890009,SOL 머니마켓액티브,20251215,이익분배,670,.0134,"52,219.66",0.00,현금(배당소득),확정,정액,152760000,2025/12/16 ~ 2025/12/16,,
KR70092C0009,SOL 27-12 회사채(AA-이상)액티브,20251215,이익분배,340,.0068,"49,818.91",0.00,현금(배당소득),확정,정액,1314440000,2025/12/16 ~ 2025/12/16,,
KR7363510009,SOL KIS단기통안채,20251215,이익분배,1425,.01425,"111,684.76",0.00,현금(배당소득),확정,정액,467400000,2025/12/16 ~ 2025/12/16,,
KR70016X0007,SOL 중단기회사채(A-이상)액티브,20251215,이익분배,675,.0135,"51,147.03",0.00,현금(배당소득),확정,정액,4006800000,2025/12/16 ~ 2025/12/16,,
KR7489570002,HANARO 25-12 은행채(AA+이상)액티브,20251209,청산분배,10365.63764851485148,1.03656376485149,"10,365.64",0.00,현금(배당소득),확정,정액,73285058175,2025/12/10 ~ 2025/12/10,1차최종청산분배금,
KR7491080008,KODEX 25-12 은행채(AAA)액티브,20251209,청산분배,104046.92651526433358,1.04024010025856,"104,050.78",0.00,현금(배당소득),확정,정액,139735022310,2025/12/10 ~ 2025/12/10,1차최종청산분배금,
KR7098560006,TIGER 방송통신,20251207,청산분배,8279.72195,.81604166584534,"10,231.54",0.00,현금(배당소득),확정,정액,3808672097,2025/12/08 ~ 2025/12/08,1차최종청산분배금,
KR7098560006,TIGER 방송통신,20251031,이익분배,75,.00739192998364,"10,290.17",0.00,현금(배당소득),확정,정액,31500000,2025/11/04 ~ 2025/11/04,,
KR7098560006,TIGER 방송통신,20250430,이익분배,150,.01478385996728,"10,362.85",0.00,현금(배당소득),확정,정액,75000000,2025/05/07 ~ 2025/05/07,,
KR7098560006,TIGER 방송통신,20241031,이익분배,80,.00788472531588,"10,308.56",0.00,현금(배당소득),확정,정액,35200000,2024/11/04 ~ 2024/11/04,,
KR7498180009,파워 종합채권(AA-이상)액티브,20251128,이익분배,3354,.03354,"100,923.91",0.00,현금(배당소득),확정,정액,4262934000,2025/12/05 ~ 2025/12/05,,
KR7487340002,ACE 머니마켓액티브,20251128,이익분배,1377,.01376698778307,"104,572.16",0.00,현금(배당소득),확정,정액,7112205000,2025/12/02 ~ 2025/12/02,,
KR7114820004,TIGER 국채3년,20251128,이익분배,553,.00538280713879,"106,162.78",0.00,현금(배당소득),확정,정액,625996000,2025/12/02 ~ 2025/12/02,,
KR7114820004,TIGER 국채3년,20250909,이익분배,459,.00446782726348,"107,365.25",0.00,현금(배당소득),확정,정액,455328000,2025/09/11 ~ 2025/09/11,,
KR7114820004,TIGER 국채3년,20250609,이익분배,1771,.01723861020397,"108,582.95",0.00,현금(배당소득),확정,정액,1409716000,2025/06/11 ~ 2025/06/11,,
KR7114820004,TIGER 국채3년,20250307,이익분배,1050,.01022051988378,"108,618.80",0.00,현금(배당소득),확정,정액,574350000,2025/03/11 ~ 2025/03/11,,
KR7114820004,TIGER 국채3년,20241209,이익분배,1246,.01212835026208,"109,327.78",0.00,현금(배당소득),확정,정액,1105202000,2024/12/11 ~ 2024/12/11,,
KR7114820004,TIGER 국채3년,20240909,이익분배,530,.00515892908419,"108,292.26",0.00,현금(배당소득),확정,정액,454740000,2024/09/11 ~ 2024/09/11,,
KR7472170000,TIGER 미국테크TOP10채권혼합,20251128,이익분배,51,.0051,"14,091.00",0.00,현금(배당소득),확정,정액,1241850000,2025/12/02 ~ 2025/12/02,,
KR7472170000,TIGER 미국테크TOP10채권혼합,20241230,이익분배,240,.024,"13,290.48",0.00,현금(배당소득),확정,정액,2940000000,2025/01/03 ~ 2025/01/03,,
KR7480260009,TIGER 27-04회사채(A+이상)액티브,20251128,이익분배,581,.01162,"53,645.20",0.00,현금(배당소득),확정,정액,5999406000,2025/12/02 ~ 2025/12/02,,
KR7456610005,TIGER 미국달러SOFR금리액티브(합성),20251128,이익분배,41,.00082909634767,"61,903.75",0.00,현금(배당소득),확정,정액,379660000,2025/12/02 ~ 2025/12/02,,
KR7305080004,TIGER 미국채10년선물,20251128,이익분배,65,.0065,"13,529.62",0.00,현금(배당소득),확정,정액,1137500000,2025/12/02 ~ 2025/12/02,,
KR7302190004,TIGER 중장기국채,20251128,이익분배,515,.0103,"52,635.95",0.00,현금(배당소득),확정,정액,3162100000,2025/12/02 ~ 2025/12/02,,
KR7302190004,TIGER 중장기국채,20241230,이익분배,800,.016,"52,901.09",0.00,현금(배당소득),확정,정액,5264000000,2025/01/03 ~ 2025/01/03,,
KR7237440003,TIGER 경기방어채권혼합,20251128,이익분배,42,.00418461734663,"10,384.27",0.00,현금(배당소득),확정,정액,33600000,2025/12/02 ~ 2025/12/02,,
KR7237440003,TIGER 경기방어채권혼합,20250609,이익분배,89,.00886740342501,"10,461.04",0.00,현금(배당소득),확정,정액,71200000,2025/06/11 ~ 2025/06/11,,
KR7237440003,TIGER 경기방어채권혼합,20241209,이익분배,89,.00886740342501,"10,416.77",0.00,현금(배당소득),확정,정액,71200000,2024/12/11 ~ 2024/12/11,,
KR7475630000,TIGER CD1년금리액티브(합성),20251128,이익분배,6133,.006133,###########,0.00,현금(배당소득),확정,정액,8921061800,2025/12/02 ~ 2025/12/02,,
KR7440640001,ACE 단기채권알파액티브,20251128,이익분배,1635,.01635,"111,745.62",0.00,현금(배당소득),확정,정액,1126515000,2025/12/02 ~ 2025/12/02,,
KR7475270005,ACE 5월만기자동연장회사채AA-이상액티브,20251128,이익분배,123,.01229425858124,"10,619.29",0.00,현금(배당소득),확정,정액,516600000,2025/12/02 ~ 2025/12/02,,
KR7473440006,ACE 11월만기자동연장회사채AA-이상액티브,20251128,이익분배,167,.01662123198164,"10,772.59",0.00,현금(배당소득),확정,정액,1492980000,2025/12/02 ~ 2025/12/02,,
KR7451540009,TIGER 종합채권(AA-이상)액티브,20251128,이익분배,700,.014,"55,892.68",0.00,현금(배당소득),확정,정액,12958400000,2025/12/02 ~ 2025/12/02,,
KR7182490003,TIGER 단기선진하이일드(합성 H),20251128,이익분배,46,.0046,"13,728.28",0.00,현금(배당소득),확정,정액,27600000,2025/12/02 ~ 2025/12/02,,
KR7182490003,TIGER 단기선진하이일드(합성 H),20241230,이익분배,133,.0133,"13,257.73",0.00,현금(배당소득),확정,정액,119700000,2025/01/03 ~ 2025/01/03,,
KR7451530000,TIGER 국고채30년스트립액티브,20251128,이익분배,612,.01224,"53,423.58",0.00,현금(배당소득),확정,정액,1474920000,2025/12/02 ~ 2025/12/02,,
KR7356540005,ACE 종합채권(AA-이상)액티브,20251128,이익분배,1302,.01302,"106,804.94",0.00,현금(배당소득),확정,정액,10362618000,2025/12/02 ~ 2025/12/02,,
KR7475260006,ACE 2월만기자동연장회사채AA-이상액티브,20251128,이익분배,135,.01349059705385,"10,656.45",0.00,현금(배당소득),확정,정액,635850000,2025/12/02 ~ 2025/12/02,,
KR7329750004,TIGER 미국달러단기채권액티브,20251128,이익분배,106,.0106,"13,634.83",0.00,현금(배당소득),확정,정액,3818120000,2025/12/02 ~ 2025/12/02,,
KR7329750004,TIGER 미국달러단기채권액티브,20241230,이익분배,250,.025,"13,346.37",0.00,현금(배당소득),확정,정액,12237500000,2025/01/03 ~ 2025/01/03,,
KR7272910001,ACE 중장기국공채액티브,20251128,이익분배,1202,.01202,"110,236.96",0.00,현금(배당소득),확정,정액,730816000,2025/12/02 ~ 2025/12/02,,
KR7272580002,TIGER 단기채권액티브,20251128,이익분배,437,.00874,"56,363.73",0.00,현금(배당소득),확정,정액,6614432000,2025/12/02 ~ 2025/12/02,,
KR7449170000,TIGER KOFR금리액티브(합성),20251128,이익분배,680,.0068,"110,244.90",0.00,현금(배당소득),확정,정액,16545760000,2025/12/02 ~ 2025/12/02,,
KR70043B0000,TIGER 머니마켓액티브,20251128,이익분배,721,.00721,"101,686.57",0.00,현금(배당소득),확정,정액,24259487000,2025/12/02 ~ 2025/12/02,,
KR70099L0001,ACE 우량회사채(AA-이상)액티브,20251128,이익분배,744,.00743791143447,"99,715.20",0.00,현금(배당소득),확정,정액,982824000,2025/12/02 ~ 2025/12/02,,
KR7475280004,ACE 8월만기자동연장회사채AA-이상액티브,20251128,이익분배,128,.01279058612861,"10,617.21",0.00,현금(배당소득),확정,정액,970240000,2025/12/02 ~ 2025/12/02,,
KR7438330003,TIGER 우량회사채액티브,20251128,이익분배,232,.00232,"115,875.35",0.00,현금(배당소득),확정,정액,1605208000,2025/12/02 ~ 2025/12/02,,
KR7438330003,TIGER 우량회사채액티브,20251031,이익분배,235,.00235,"117,158.43",0.00,현금(배당소득),확정,정액,1731715000,2025/11/04 ~ 2025/11/04,,
KR7438330003,TIGER 우량회사채액티브,20250930,이익분배,235,.00235,"117,354.00",0.00,현금(배당소득),확정,정액,1390965000,2025/10/02 ~ 2025/10/02,,
KR7438330003,TIGER 우량회사채액티브,20250829,이익분배,235,.00235,"117,864.81",0.00,현금(배당소득),확정,정액,1151735000,2025/09/02 ~ 2025/09/02,,
KR7438330003,TIGER 우량회사채액티브,20250731,이익분배,235,.00235,"117,613.10",0.00,현금(배당소득),확정,정액,1083820000,2025/08/04 ~ 2025/08/04,,
KR7438330003,TIGER 우량회사채액티브,20250630,이익분배,235,.00235,"117,328.09",0.00,현금(배당소득),확정,정액,1019195000,2025/07/02 ~ 2025/07/02,,
KR7438330003,TIGER 우량회사채액티브,20250530,이익분배,240,.0024,"117,623.19",0.00,현금(배당소득),확정,정액,978480000,2025/06/04 ~ 2025/06/04,,
KR7438330003,TIGER 우량회사채액티브,20250430,이익분배,236,.00236,"117,571.79",0.00,현금(배당소득),확정,정액,969488000,2025/05/07 ~ 2025/05/07,,
KR7157450008,TIGER 단기통안채,20251128,이익분배,1131,.01131,"111,661.68",0.00,현금(배당소득),확정,정액,11061180000,2025/12/02 ~ 2025/12/02,,
KR7458250008,TIGER 미국30년국채스트립액티브(합성 H),20251128,이익분배,187,.00374,"39,958.30",0.00,현금(배당소득),확정,정액,3959912000,2025/12/02 ~ 2025/12/02,,
KR7357870005,TIGER CD금리투자KIS(합성),20251128,이익분배,65,.0013,"56,807.43",0.00,현금(배당소득),확정,정액,5994300000,2025/12/02 ~ 2025/12/02,,
KR7461600009,SOL 미국30년국채액티브(H),20251128,이익분배,204,.0204,"9,199.31",0.00,현금(배당소득),확정,정액,1213800000,2025/12/01 ~ 2025/12/01,,
KR7482870003,HANARO 주주가치성장코리아액티브,20251127,청산분배,14972.06619,1.47397819659978,"10,187.78",0.00,현금(배당소득),확정,정액,1497206619,2025/11/28 ~ 2025/11/28,1차최종청산분배금,
KR7482870003,HANARO 주주가치성장코리아액티브,20250731,이익분배,447,.0440065015422,"10,504.74",0.00,현금(배당소득),확정,정액,379950000,2025/08/04 ~ 2025/08/04,,
KR7448600007,RISE 25-11 회사채(AA-이상)액티브,20251124,청산분배,52507.07440857605177,1.05014148817152,"52,509.81",0.00,현금(배당소득),확정,정액,64898743969,2025/11/25 ~ 2025/11/25,1차최종청산분배금,
KR7448600007,RISE 25-11 회사채(AA-이상)액티브,20251031,이익분배,111,.00222,"52,534.45",0.00,현금(배당소득),확정,정액,249306000,2025/11/04 ~ 2025/11/04,,
KR7448600007,RISE 25-11 회사채(AA-이상)액티브,20250930,이익분배,110,.0022,"52,533.60",0.00,현금(배당소득),확정,정액,255860000,2025/10/02 ~ 2025/10/02,,
KR7448600007,RISE 25-11 회사채(AA-이상)액티브,20250829,이익분배,155,.0031,"52,584.58",0.00,현금(배당소득),확정,정액,381610000,2025/09/02 ~ 2025/09/02,,
KR7448600007,RISE 25-11 회사채(AA-이상)액티브,20250731,이익분배,105,.0021,"52,584.15",0.00,현금(배당소득),확정,정액,262710000,2025/08/04 ~ 2025/08/04,,
KR7448600007,RISE 25-11 회사채(AA-이상)액티브,20250630,이익분배,185,.0037,"52,647.31",0.00,현금(배당소득),확정,정액,470270000,2025/07/02 ~ 2025/07/02,,
KR7448600007,RISE 25-11 회사채(AA-이상)액티브,20250530,이익분배,195,.0039,"52,721.55",0.00,현금(배당소득),확정,정액,647790000,2025/06/04 ~ 2025/06/04,,
KR7448600007,RISE 25-11 회사채(AA-이상)액티브,20250430,이익분배,110,.0022,"52,691.27",0.00,현금(배당소득),확정,정액,376420000,2025/05/07 ~ 2025/05/07,,
KR7448600007,RISE 25-11 회사채(AA-이상)액티브,20250331,이익분배,145,.0029,"52,654.45",0.00,현금(배당소득),확정,정액,388890000,2025/04/02 ~ 2025/04/02,,
KR7448600007,RISE 25-11 회사채(AA-이상)액티브,20250228,이익분배,150,.003,"52,687.16",0.00,현금(배당소득),확정,정액,423300000,2025/03/05 ~ 2025/03/05,,
KR7448600007,RISE 25-11 회사채(AA-이상)액티브,20250131,이익분배,140,.0028,"52,662.09",0.00,현금(배당소득),확정,정액,397880000,2025/02/04 ~ 2025/02/04,,
KR7448600007,RISE 25-11 회사채(AA-이상)액티브,20241230,이익분배,200,.004,"52,642.86",0.00,현금(배당소득),확정,정액,562000000,2025/01/03 ~ 2025/01/03,,
KR7448600007,RISE 25-11 회사채(AA-이상)액티브,20241129,이익분배,185,.0037,"52,664.52",0.00,현금(배당소득),확정,정액,476190000,2024/12/03 ~ 2024/12/03,,
KR7448600007,RISE 25-11 회사채(AA-이상)액티브,20241031,이익분배,145,.0029,"52,687.77",0.00,현금(배당소득),확정,정액,373230000,2024/11/04 ~ 2024/11/04,,
KR7448600007,RISE 25-11 회사채(AA-이상)액티브,20240930,이익분배,155,.0031,"52,689.17",0.00,현금(배당소득),확정,정액,243970000,2024/10/04 ~ 2024/10/04,,
KR7448600007,RISE 25-11 회사채(AA-이상)액티브,20240830,이익분배,130,.0026,"52,608.71",0.00,현금(배당소득),확정,정액,210600000,2024/09/03 ~ 2024/09/03,,
KR7476810007,KODEX 25-11 은행채(AA-이상)PLUS액티브,20251120,청산분배,10683.72312364672364,1.06818110794635,"10,683.75",0.00,현금(배당소득),확정,정액,37499868164,2025/11/21 ~ 2025/11/21,1차최종청산분배금,
KR7467940003,KODEX 25-11 회사채(A+이상)액티브,20251117,청산분배,11000.34933039215686,1.09787322066772,"11,000.38",0.00,현금(배당소득),확정,정액,33661068951,2025/11/18 ~ 2025/11/18,1차최종청산분배금,
KR70017Y0005,1Q 종합채권(AA-이상)액티브,20251114,이익분배,1065,.01065,"99,252.91",0.00,현금(배당소득),확정,정액,603855000,2025/11/17 ~ 2025/11/17,,
KR7491610002,1Q CD금리액티브(합성),20251114,이익분배,742,.00742,"103,299.63",0.00,현금(배당소득),확정,정액,1366022000,2025/11/17 ~ 2025/11/17,,
KR7479080004,1Q 머니마켓액티브,20251114,이익분배,455,.0091,"52,881.91",0.00,현금(배당소득),확정,정액,6653010000,2025/11/17 ~ 2025/11/17,,
KR70052T0008,1Q 중단기회사채(A-이상)액티브,20251114,이익분배,620,.0124,"50,439.70",0.00,현금(배당소득),확정,정액,1372680000,2025/11/17 ~ 2025/11/17,,
KR7346000003,HANARO KAP초장기국고채,20251106,청산분배,39597.59206578947368,.79195184131579,"44,804.59",0.00,현금(배당소득),확정,정액,3009416997,2025/11/07 ~ 2025/11/07,1차최종청산분배금,
KR7346000003,HANARO KAP초장기국고채,20250909,이익분배,350,.007,"45,755.64",0.00,현금(배당소득),확정,정액,31500000,2025/09/11 ~ 2025/09/11,,
KR7346000003,HANARO KAP초장기국고채,20250609,이익분배,150,.003,"45,535.42",0.00,현금(배당소득),확정,정액,17700000,2025/06/11 ~ 2025/06/11,,
KR7346000003,HANARO KAP초장기국고채,20250307,이익분배,350,.007,"46,265.45",0.00,현금(배당소득),확정,정액,48300000,2025/03/11 ~ 2025/03/11,,
KR7346000003,HANARO KAP초장기국고채,20241209,이익분배,120,.0024,"46,302.37",0.00,현금(배당소득),확정,정액,17760000,2024/12/11 ~ 2024/12/11,,
KR7346000003,HANARO KAP초장기국고채,20240909,이익분배,480,.0096,"43,930.44",0.00,현금(배당소득),확정,정액,87360000,2024/09/11 ~ 2024/09/11,,
KR7464060003,HANARO 글로벌반도체TOP10 SOLACTIVE,20251106,청산분배,26137.52402857142857,2.61375240285714,"26,157.52",0.00,현금(배당소득),확정,정액,9148133410,2025/11/07 ~ 2025/11/07,1차최종청산분배금,
KR7464060003,HANARO 글로벌반도체TOP10 SOLACTIVE,20250430,이익분배,30,.003,"15,017.69",0.00,현금(배당소득),확정,정액,15000000,2025/05/07 ~ 2025/05/07,,
KR7464060003,HANARO 글로벌반도체TOP10 SOLACTIVE,20250131,이익분배,40,.004,"18,713.52",0.00,현금(배당소득),확정,정액,20000000,2025/02/04 ~ 2025/02/04,,
KR7464060003,HANARO 글로벌반도체TOP10 SOLACTIVE,20241031,이익분배,45,.0045,"16,765.09",0.00,현금(배당소득),확정,정액,24750000,2024/11/04 ~ 2024/11/04,,
KR70047A0007,TIGER 차이나테크TOP10,20251031,이익분배,30,.003,"13,725.57",0.00,현금(배당소득),확정,정액,798000000,2025/11/04 ~ 2025/11/04,,
KR70047A0007,TIGER 차이나테크TOP10,20250731,이익분배,18,.0018,"10,544.38",0.00,현금(배당소득),확정,정액,200700000,2025/08/04 ~ 2025/08/04,,
KR70067Y0004,TIGER 차이나AI소프트웨어,20251031,이익분배,12,.0012,"13,244.73",0.00,현금(배당소득),확정,정액,27000000,2025/11/04 ~ 2025/11/04,,
KR7169950003,KODEX 차이나A50,20251031,이익분배,255,.0255,"26,334.86",0.00,현금(배당소득),확정,정액,255000000,2025/11/04 ~ 2025/11/04,,
KR7440910008,WON 미국우주항공방산,20251031,이익분배,45,.0045,"24,669.31",0.00,현금(배당소득),확정,정액,72000000,2025/11/04 ~ 2025/11/04,,
KR7461500001,HANARO 종합채권(AA-이상)액티브,20251031,이익분배,3500,.035,"114,682.85",0.00,현금(배당소득),확정,정액,3181500000,2025/11/04 ~ 2025/11/04,,
KR7444490007,WON 미국S&P500,20251031,이익분배,57,.0057,"18,712.62",0.00,현금(배당소득),확정,정액,148200000,2025/11/04 ~ 2025/11/04,,
KR7292730009,FOCUS KRX300,20251030,청산분배,26659.896725,1.83808495935996,"15,447.58",0.00,현금(배당소득),확정,정액,5331979345,2025/10/31 ~ 2025/10/31,1차최종청산분배금,
KR7292730009,FOCUS KRX300,20250430,이익분배,134,.00923872238122,"15,521.99",0.00,현금(배당소득),확정,정액,53600000,2025/05/07 ~ 2025/05/07,,
KR7453540007,TIGER 25-10 회사채(A+이상)액티브,20251016,청산분배,55500.89168963420338,1.11001783379268,"55,499.95",0.00,현금(배당소득),확정,정액,1186498062541,2025/10/17 ~ 2025/10/17,1차최종청산분배금,
KR7489870006,KIWOOM 25-09 회사채(AA-이상)액티브,20250929,청산분배,51759.90305,1.035198061,"51,759.99",0.00,현금(배당소득),확정,정액,14492772854,2025/09/30 ~ 2025/09/30,1차최종청산분배금,
KR7468820006,WON 25-09 회사채(AA-이상)액티브,20250929,청산분배,55168.73378935698447,1.10337467578714,"55,168.73",0.00,현금(배당소득),확정,정액,49762197878,2025/09/30 ~ 2025/09/30,1차최종청산분배금,
KR7467620001,KIWOOM 25-09 미국채권(AA-이상)액티브,20250929,청산분배,54893.60675833333333,1.09787213516667,"54,893.61",0.00,현금(배당소득),확정,정액,13174465622,2025/09/30 ~ 2025/09/30,1차최종청산분배금,
KR7467620001,KIWOOM 25-09 미국채권(AA-이상)액티브,20250909,이익분배,226,.00452,"54,957.88",0.00,현금(배당소득),확정,정액,63280000,2025/09/12 ~ 2025/09/12,,
KR7467620001,KIWOOM 25-09 미국채권(AA-이상)액티브,20250609,이익분배,347,.00694,"53,999.95",0.00,현금(배당소득),확정,정액,97160000,2025/06/12 ~ 2025/06/12,,
KR7467620001,KIWOOM 25-09 미국채권(AA-이상)액티브,20250307,이익분배,347,.00694,"57,006.45",0.00,현금(배당소득),확정,정액,97160000,2025/03/12 ~ 2025/03/12,,
KR7467620001,KIWOOM 25-09 미국채권(AA-이상)액티브,20241209,이익분배,317,.00634,"55,257.55",0.00,현금(배당소득),확정,정액,88760000,2024/12/12 ~ 2024/12/12,,
KR7467620001,KIWOOM 25-09 미국채권(AA-이상)액티브,20240909,이익분배,300,.006,"52,254.67",0.00,현금(배당소득),확정,정액,84000000,2024/09/12 ~ 2024/09/12,,
KR7407170000,KCGI 스마트커머스액티브,20250921,청산분배,9944.968864,.98115417083087,"10,626.35",0.00,현금(배당소득),확정,정액,2486242216,2025/09/22 ~ 2025/09/22,1차최종청산분배금,
KR7433870003,PLUS TDF2050액티브,20250921,청산분배,15312.67447142857142,1.53126744714286,"15,274.22",0.00,현금(배당소득),확정,정액,3215661639,2025/09/22 ~ 2025/09/22,1차최종청산분배금,
KR7407160001,KCGI 테크미디어텔레콤액티브,20250921,청산분배,10152.26956666666666,.98242667719515,"10,838.03",0.00,현금(배당소득),확정,정액,3045680870,2025/09/22 ~ 2025/09/22,1차최종청산분배금,
KR7486780000,HANARO 200선물레버리지1.5X,20250917,청산분배,18735.98254166666666,1.24906550277778,"15,336.04",0.00,현금(배당소득),확정,정액,4496635810,2025/09/18 ~ 2025/09/18,1차최종청산분배금,
KR7486790009,HANARO 코스닥150선물레버리지1.5X,20250917,청산분배,14249.702675,.94998017833333,"15,276.29",0.00,현금(배당소득),확정,정액,2279952428,2025/09/18 ~ 2025/09/18,1차최종청산분배금,
KR7462540006,SOL 25-09 회사채(AA-이상)액티브,20250910,청산분배,54736.30717207207207,1.09472614344144,"54,736.31",0.00,현금(배당소득),확정,정액,60757300961,2025/09/11 ~ 2025/09/11,1차최종청산분배금,
KR7466400009,1Q 25-08 회사채(A+이상)액티브,20250828,청산분배,109389.75378181818181,1.09389753781818,"109,389.75",0.00,현금(배당소득),확정,정액,6016436458,2025/08/29 ~ 2025/08/29,1차최종청산분배금,
KR7433860004,PLUS TDF2040액티브,20250824,청산분배,13375.69687619047619,1.33756968761905,"13,421.28",0.00,현금(배당소득),확정,정액,2808896344,2025/08/25 ~ 2025/08/25,1차최종청산분배금,
KR7411050008,ACE 글로벌메타버스테크액티브,20250818,청산분배,16116.02041333333333,1.61160204133333,"16,140.44",0.00,현금(배당소득),확정,정액,4834806124,2025/08/19 ~ 2025/08/19,1차최종청산분배금,
KR7139310007,TIGER 금속선물(H),20250805,청산분배,5819.55216,.581955216,"5,694.70",0.00,현금(배당소득),확정,정액,2327820864,2025/08/06 ~ 2025/08/06,1차최종청산분배금,
KR7433850005,PLUS TDF2030액티브,20250717,청산분배,12656.492665,1.2656492665,"12,725.79",0.00,현금(배당소득),확정,정액,2531298533,2025/07/18 ~ 2025/07/18,1차최종청산분배금,
KR7461260002,ACE 25-06 회사채(AA-이상)액티브,20250626,청산분배,10903.97014736842105,1.0895003559439,"10,903.97",0.00,현금(배당소득),확정,정액,16574034624,2025/06/27 ~ 2025/06/27,1차최종청산분배금,
KR7483230009,RISE 25-06 은행채(AA+이상)액티브,20250626,청산분배,51752.51487268847795,1.03505029745377,"51,752.51",0.00,현금(배당소득),확정,정액,72764035911,2025/06/27 ~ 2025/06/27,1차최종청산분배금,
KR7432850006,HANARO 글로벌백신치료제MSCI,20250625,청산분배,10079.08935333333333,1.00790893533333,"10,079.09",0.00,현금(배당소득),확정,정액,1511863403,2025/06/26 ~ 2025/06/26,1차최종청산분배금,
KR7471290007,HANARO CD금리액티브(합성),20250625,청산분배,105302.43567567567567,1.05302435675676,"105,302.44",0.00,현금(배당소득),확정,정액,3896190120,2025/06/26 ~ 2025/06/26,1차최종청산분배금,
KR7472490002,HANARO 미국애그테크,20250625,청산분배,12574.97274,1.257497274,"12,574.97",0.00,현금(배당소득),확정,정액,1886245911,2025/06/26 ~ 2025/06/26,1차최종청산분배금,
KR7472490002,HANARO 미국애그테크,20241031,이익분배,35,.0035,"11,373.55",0.00,현금(배당소득),확정,정액,10500000,2024/11/04 ~ 2024/11/04,,
KR7419170006,HANARO 미국메타버스iSelect,20250625,청산분배,16997.270508,1.6997270508,"17,057.27",0.00,현금(배당소득),확정,정액,4249317627,2025/06/26 ~ 2025/06/26,1차최종청산분배금,
KR7419170006,HANARO 미국메타버스iSelect,20250131,이익분배,50,.005,"16,879.24",0.00,현금(배당소득),확정,정액,12500000,2025/02/04 ~ 2025/02/04,,
KR7437550007,KIWOOM 글로벌리츠이지스액티브,20250604,청산분배,10514.97947,1.051497947,"10,714.98",0.00,현금(배당소득),확정,정액,3154493841,2025/06/05 ~ 2025/06/05,1차최종청산분배금,
KR7437550007,KIWOOM 글로벌리츠이지스액티브,20241031,이익분배,60,.006,"11,318.32",0.00,현금(배당소득),확정,정액,33000000,2024/11/04 ~ 2024/11/04,,
KR7429870009,KIWOOM 리츠이지스액티브,20250604,청산분배,7238.638984,.72570064673689,"10,143.49",0.00,현금(배당소득),확정,정액,1809659746,2025/06/05 ~ 2025/06/05,1차최종청산분배금,
KR7429870009,KIWOOM 리츠이지스액티브,20250430,이익분배,80,.00802029937773,"10,171.45",0.00,현금(배당소득),확정,정액,40000000,2025/05/07 ~ 2025/05/07,,
KR7429870009,KIWOOM 리츠이지스액티브,20250331,이익분배,20,.00200507484443,"10,143.28",0.00,현금(배당소득),확정,정액,10000000,2025/04/02 ~ 2025/04/02,,
KR7429870009,KIWOOM 리츠이지스액티브,20250228,이익분배,20,.00200507484443,"10,165.92",0.00,현금(배당소득),확정,정액,11000000,2025/03/05 ~ 2025/03/05,,
KR7429870009,KIWOOM 리츠이지스액티브,20250131,이익분배,20,.00200507484443,"10,185.25",0.00,현금(배당소득),확정,정액,10000000,2025/02/04 ~ 2025/02/04,,
KR7429870009,KIWOOM 리츠이지스액티브,20241230,이익분배,40,.00401014968886,"10,114.95",0.00,현금(배당소득),확정,정액,22000000,2025/01/03 ~ 2025/01/03,,
KR7429870009,KIWOOM 리츠이지스액티브,20241129,이익분배,40,.00401014968886,"10,096.94",0.00,현금(배당소득),확정,정액,24000000,2024/12/03 ~ 2024/12/03,,
KR7429870009,KIWOOM 리츠이지스액티브,20241031,이익분배,40,.00401014968886,"10,137.69",0.00,현금(배당소득),확정,정액,24000000,2024/11/04 ~ 2024/11/04,,
KR7429870009,KIWOOM 리츠이지스액티브,20240930,이익분배,40,.00401014968886,"10,136.59",0.00,현금(배당소득),확정,정액,24000000,2024/10/02 ~ 2024/10/02,,
KR7429870009,KIWOOM 리츠이지스액티브,20240830,이익분배,40,.00401014968886,"10,177.47",0.00,현금(배당소득),확정,정액,24000000,2024/09/03 ~ 2024/09/03,,
KR7473500007,KIWOOM 글로벌전력반도체,20250604,청산분배,6711.5625625,.67115625625,"6,803.40",0.00,현금(배당소득),확정,정액,2684625025,2025/06/05 ~ 2025/06/05,1차최종청산분배금,
KR7473500007,KIWOOM 글로벌전력반도체,20250430,이익분배,15,.0015,"6,309.85",0.00,현금(배당소득),확정,정액,6750000,2025/05/07 ~ 2025/05/07,,
KR7473500007,KIWOOM 글로벌전력반도체,20241031,이익분배,20,.002,"8,982.83",0.00,현금(배당소득),확정,정액,12000000,2024/11/04 ~ 2024/11/04,,
KR7450120001,KIWOOM SK그룹대표주,20250604,청산분배,12599.54313,1.26570059369538,"10,099.94",0.00,현금(배당소득),확정,정액,1259954313,2025/06/05 ~ 2025/06/05,1차최종청산분배금,
KR7450120001,KIWOOM SK그룹대표주,20250430,이익분배,150,.01506841058405,"10,220.74",0.00,현금(배당소득),확정,정액,60000000,2025/05/07 ~ 2025/05/07,,
KR7450120001,KIWOOM SK그룹대표주,20241031,이익분배,190,.01908665340647,"10,271.81",0.00,현금(배당소득),확정,정액,104500000,2024/11/04 ~ 2024/11/04,,
KR7467540001,KIWOOM 코스닥글로벌,20250604,청산분배,11291.97566666666666,1.18543084989304,"9,500.10",0.00,현금(배당소득),확정,정액,1693796350,2025/06/05 ~ 2025/06/05,1차최종청산분배금,
KR7467540001,KIWOOM 코스닥글로벌,20250430,이익분배,80,.00839839464686,"9,562.67",0.00,현금(배당소득),확정,정액,40000000,2025/05/07 ~ 2025/05/07,,
KR7467540001,KIWOOM 코스닥글로벌,20241031,이익분배,40,.00419919732343,"9,517.53",0.00,현금(배당소득),확정,정액,28000000,2024/11/04 ~ 2024/11/04,,
KR7397410002,RISE 국채선물5년추종인버스,20250525,청산분배,56024.63566666666666,1.12049271333333,"56,005.90",0.00,현금(배당소득),확정,정액,336147814,2025/05/26 ~ 2025/05/26,1차최종청산분배금,
KR7489010009,PLUS 글로벌AI인프라,20250430,이익분배,42,.0042,"10,978.70",0.00,현금(배당소득),확정,정액,21000000,2025/05/07 ~ 2025/05/07,,
KR7244580007,KODEX 바이오,20250430,이익분배,15,.00144165478903,"10,257.27",0.00,현금(배당소득),확정,정액,258000000,2025/05/07 ~ 2025/05/07,,
KR7476260005,HANARO 반도체핵심공정주도주,20250430,이익분배,40,.0038858643911,"10,307.31",0.00,현금(배당소득),확정,정액,26000000,2025/05/07 ~ 2025/05/07,,
KR7285690004,FOCUS ESG리더스,20250430,이익분배,121,.01245819811212,"10,415.11",0.00,현금(배당소득),확정,정액,108900000,2025/05/07 ~ 2025/05/07,,
KR7395280001,HANARO Fn K-게임,20250430,이익분배,10,.00100180525307,"9,985.89",0.00,현금(배당소득),확정,정액,30000000,2025/05/07 ~ 2025/05/07,,
KR7364980003,TIGER 2차전지TOP10,20250430,이익분배,40,.00378765281995,"10,637.72",0.00,현금(배당소득),확정,정액,1670000000,2025/05/07 ~ 2025/05/07,,
KR7266420009,KODEX 헬스케어,20250430,이익분배,43,.00426916806821,"10,034.87",0.00,현금(배당소득),확정,정액,184900000,2025/05/07 ~ 2025/05/07,,
KR7395150006,KODEX 웹툰&드라마,20250430,이익분배,7,.00071661838024,"9,717.19",0.00,현금(배당소득),확정,정액,37800000,2025/05/07 ~ 2025/05/07,,
KR7438210007,PLUS 글로벌AI,20250427,청산분배,12812.4506,1.28124506,"12,812.45",0.00,현금(배당소득),확정,정액,3203112650,2025/04/28 ~ 2025/04/28,1차최종청산분배금,
KR7390950004,HANARO 단기채권액티브,20250327,청산분배,109512.3802,1.095123802,"109,512.38",0.00,현금(배당소득),확정,정액,1095123802,2025/03/28 ~ 2025/03/28,1차최종청산분배금,
KR7473380004,HANARO K-메디테크,20250327,청산분배,9183.91414666666666,.87411736988214,"10,489.39",0.00,현금(배당소득),확정,정액,2755174244,2025/03/28 ~ 2025/03/28,1차최종청산분배금,
KR7448510008,HANARO 글로벌신재생에너지MSCI(합성),20250327,청산분배,7259.3132125,.72593132125,"7,259.31",0.00,현금(배당소득),확정,정액,2903725285,2025/03/28 ~ 2025/03/28,1차최종청산분배금,
KR7464540004,RISE 25-03 회사채(AA-이상)액티브,20250320,청산분배,50747.05838801906058,1.01494116776038,"50,745.35",0.00,현금(배당소득),확정,정액,149094857544,2025/03/21 ~ 2025/03/21,1차최종청산분배금,
KR7464540004,RISE 25-03 회사채(AA-이상)액티브,20250228,이익분배,50,.001,"50,713.53",0.00,현금(배당소득),확정,정액,146900000,2025/03/05 ~ 2025/03/05,,
KR7464540004,RISE 25-03 회사채(AA-이상)액티브,20250131,이익분배,240,.0048,"50,805.08",0.00,현금(배당소득),확정,정액,375840000,2025/02/04 ~ 2025/02/04,,
KR7464540004,RISE 25-03 회사채(AA-이상)액티브,20241230,이익분배,390,.0078,"51,053.87",0.00,현금(배당소득),확정,정액,610740000,2025/01/03 ~ 2025/01/03,,
KR7464540004,RISE 25-03 회사채(AA-이상)액티브,20241129,이익분배,140,.0028,"51,062.24",0.00,현금(배당소득),확정,정액,457520000,2024/12/03 ~ 2024/12/03,,
KR7464540004,RISE 25-03 회사채(AA-이상)액티브,20241031,이익분배,167,.00334,"51,098.65",0.00,현금(배당소득),확정,정액,712756000,2024/11/04 ~ 2024/11/04,,
KR7464540004,RISE 25-03 회사채(AA-이상)액티브,20240930,이익분배,180,.0036,"51,120.06",0.00,현금(배당소득),확정,정액,768240000,2024/10/04 ~ 2024/10/04,,
KR7464540004,RISE 25-03 회사채(AA-이상)액티브,20240830,이익분배,88,.00176,"51,069.83",0.00,현금(배당소득),확정,정액,357104000,2024/09/03 ~ 2024/09/03,,
KR7426410007,PLUS 미국대체투자Top10,20250223,청산분배,23025.31991,2.302531991,"23,025.32",0.00,현금(배당소득),확정,정액,4605063982,2025/02/24 ~ 2025/02/24,1차최종청산분배금,
KR7426410007,PLUS 미국대체투자Top10,20241031,이익분배,400,.04,"21,230.73",0.00,현금(배당소득),확정,정액,200000000,2024/11/04 ~ 2024/11/04,,
KR7427110002,RISE 창업투자회사,20250123,청산분배,6325.23334166666666,.66813563145907,"9,519.29",0.00,현금(배당소득),확정,정액,759028001,2025/01/24 ~ 2025/01/24,1차최종청산분배금,
KR7469580005,RISE KP달러채권액티브,20250123,청산분배,57956.300675,1.1591260135,"57,956.30",0.00,현금(배당소득),확정,정액,2318252027,2025/01/24 ~ 2025/01/24,1차최종청산분배금,
KR7411720006,RISE 글로벌메타버스,20250123,청산분배,17301.75243,1.730175243,"17,932.40",0.00,현금(배당소득),확정,정액,3460350486,2025/01/24 ~ 2025/01/24,1차최종청산분배금,
KR7429990005,SOL 한국형글로벌플랫폼&메타버스액티브,20250119,청산분배,16075.50281666666666,1.60755028166667,"16,397.56",0.00,현금(배당소득),확정,정액,964530169,2025/01/20 ~ 2025/01/20,1차최종청산분배금,
KR7371130006,ACE 베트남VN30선물블룸버그레버리지(H),20241225,청산분배,11250.88915,1.125088915,"11,250.89",0.00,현금(배당소득),확정,정액,3375266745,2024/12/26 ~ 2024/12/26,1차최종청산분배금,
KR7143460004,ACE 밸류대형,20241219,청산분배,9153.83743,1.46530326745701,"6,415.49",0.00,현금(배당소득),확정,정액,1830767486,2024/12/20 ~ 2024/12/20,1차최종청산분배금,
KR7448880005,ACE 24-12 회사채(AA-이상)액티브,20241219,청산분배,106500.32831703470031,1.06500328317035,"106,500.33",0.00,현금(배당소득),확정,정액,67521208153,2024/12/20 ~ 2024/12/20,1차최종청산분배금,
KR7470260001,TIGER 24-12 금융채(AA-이상),20241219,청산분배,52309.18814656657642,1.04618376293133,"52,304.92",0.00,현금(배당소득),확정,정액,425064462879,2024/12/20 ~ 2024/12/20,1차최종청산분배금,
KR7456100007,HANARO 유로존국채25년플러스(합성 H),20241216,청산분배,54111.696875,1.0822339375,"54,111.70",0.00,현금(배당소득),확정,정액,1731574300,2024/12/17 ~ 2024/12/17,1차최종청산분배금,
KR7391680006,HK 하이볼액티브,20241211,청산분배,6854.386595,.68777158070174,"10,239.52",0.00,현금(배당소득),확정,정액,2741754638,2024/12/12 ~ 2024/12/12,1차최종청산분배금,
KR7469820005,SOL 24-12 회사채(AA-이상)액티브,20241210,청산분배,52437.52295208970438,1.04875045904179,"52,437.52",0.00,현금(배당소득),확정,정액,102882420032,2024/12/11 ~ 2024/12/11,1차최종청산분배금,
KR7465680007,KODEX 24-12 은행채(AA+이상)액티브,20241209,청산분배,10491.46116716216216,1.04948090112367,"10,491.64",0.00,현금(배당소득),확정,정액,155273625274,2024/12/10 ~ 2024/12/10,1차최종청산분배금,
KR7470320003,BNK 24-11 회사채(AA-이상)액티브,20241128,청산분배,52470.86309701492537,1.0494172619403,"52,470.86",0.00,현금(배당소득),확정,정액,7031095655,2024/11/29 ~ 2024/11/29,1차최종청산분배금,
KR7331910000,KOSEF Fn중소형,20241106,청산분배,20427.10033333333333,1.28246808337875,"16,318.49",0.00,현금(배당소득),확정,정액,1225626020,2024/11/07 ~ 2024/11/07,1차최종청산분배금,
KR7394340004,KOSEF 글로벌디지털경제,20241106,청산분배,11551.86749,1.155186749,"11,551.87",0.00,현금(배당소득),확정,정액,4620746996,2024/11/07 ~ 2024/11/07,1차최종청산분배금,
KR7445950009,KOSEF 차이나A50커넥트인버스MSCI(합성 H),20241106,청산분배,8839.10024,.883910024,"8,838.90",0.00,현금(배당소득),확정,정액,1767820048,2024/11/07 ~ 2024/11/07,1차최종청산분배금,
KR7445930001,KOSEF 차이나A50커넥트레버리지MSCI(합성H),20241106,청산분배,9561.331485,.9561331485,"9,561.29",0.00,현금(배당소득),확정,정액,1912266297,2024/11/07 ~ 2024/11/07,1차최종청산분배금,
KR7475070009,KoAct 글로벌친환경전력인프라액티브,20241031,이익분배,31,.0031,"13,609.39",0.00,현금(배당소득),확정,정액,71300000,2024/11/05 ~ 2024/11/05,,
KR7333970002,PLUS KS밸류가중TR,20241027,청산분배,15646.56368,1.53599018321074,"12,098.93",0.00,현금(배당소득),확정,정액,1564656368,2024/10/28 ~ 2024/10/28,1차최종청산분배금,
KR7333950004,PLUS KS로우사이즈가중TR,20241027,청산분배,15141.32264,1.49604212265288,"11,388.31",0.00,현금(배당소득),확정,정액,757066132,2024/10/28 ~ 2024/10/28,1차최종청산분배금,
KR7447820002,TIGER 24-10 회사채(A+이상)액티브,20241010,청산분배,55711.09769878105954,1.11422195397562,"55,702.39",0.00,현금(배당소득),확정,정액,475327085566,2024/10/11 ~ 2024/10/11,1차최종청산분배금,
KR7333960003,PLUS KS모멘텀가중TR,20240929,청산분배,15292.48214,1.49537497995408,"11,315.38",0.00,현금(배당소득),확정,정액,764624107,2024/09/30 ~ 2024/09/30,1차최종청산분배금,
KR7464230002,히어로즈 24-09 회사채(AA-이상)액티브,20240929,청산분배,51952.69566565217391,1.03905391331304,"51,952.24",0.00,현금(배당소득),확정,정액,119491200031,2024/09/30 ~ 2024/09/30,1차최종청산분배금,
KR7333940005,PLUS KS로우볼가중TR,20240929,청산분배,14107.82784,1.39131412544268,"11,802.75",0.00,현금(배당소득),확정,정액,705391392,2024/09/30 ~ 2024/09/30,1차최종청산분배금,
KR7404470007,HANARO KRX기후변화솔루션,20240912,청산분배,10209.05708,1.02229398322923,"9,993.32",0.00,현금(배당소득),확정,정액,2041811416,2024/09/13 ~ 2024/09/13,1차최종청산분배금,
KR7402520001,FOCUS 혁신기업액티브,20240905,청산분배,8675.80909,.88396880670755,"9,904.89",0.00,현금(배당소득),확정,정액,867580909,2024/09/06 ~ 2024/09/06,1차최종청산분배금,
KR7436180004,PLUS K-유니콘투자기업액티브,20240828,청산분배,10057.15948,1.03050368360545,"9,793.62",0.00,현금(배당소득),확정,정액,1005715948,2024/08/29 ~ 2024/08/29,1차최종청산분배금,
KR7333980001,PLUS KS퀄리티가중TR,20240828,청산분배,15203.48894,1.48660155216432,"11,507.48",0.00,현금(배당소득),확정,정액,760174447,2024/08/29 ~ 2024/08/29,1차최종청산분배금,
