티커,종목명,거래소,운용사,통화,시가총액,총보수,종가,지급횟수_12개월,중앙값간격_일,최근_주당분배금,최근_분배율,연간주당분배금,연간분배율,분배금성장률,YTD수익률,1년수익률,변동성,최대낙폭,최근_지급기준일,일평균거래대금,카테고리,환율,기준일자,NAV,베타,3년평균수익률,5년평균수익률,설정일,괴리율
VXUS,Vanguard Total International Stock ETF,NASDAQ,Vanguard,USD,928359011838624.0,0.05,123479.77481546624,4,91.0,549.4632724609376,0.445,3115.9976772460936,2.52,12.08,13.33,24.44,16.98,-11.37,2026-06-18,521510279.6465565,Foreign Large Blend,1423.47998046875,20260806,122945.96591308597,0.92,18.82596,8.999880000000001,1996-04-29,0.43
QQQ,"Invesco QQQ Trust, Series 1",NASDAQ,Invesco,USD,644552650556368.0,0.18,1021446.5400108396,4,91.0,1157.2892241210936,0.1133,4318.838260742187,0.42,7.63,17.04,26.48,19.58,-12.19,2026-06-22,33493270101.313736,Large Growth,1423.47998046875,20260806,1021119.1291894532,1.26,25.17986,14.86164,1999-03-10,0.03
BND,Vanguard Total Bond Market ETF,NASDAQ,Vanguard,USD,568145590383520.0,0.03,103017.25009622796,12,30.0,358.716955078125,0.3482,4153.714583007812,4.03,5.04,-2.26,-1.68,3.86,-4.02,2026-08-03,597160535.8630877,Intermediate Core Bond,1423.47998046875,20260806,103145.35938476562,0.98,4.1835297,-0.29872998,2001-11-12,-0.12
AGG,iShares Core U.S. Aggregate Bond ETF,NYSE/AMEX,iShares,USD,195172774009776.0,0.03,138867.58992904052,12,30.0,481.1362333984375,0.3465,5618.475482910157,4.05,3.84,-2.3,-1.67,3.98,-4.08,2026-08-03,886475682.9670599,Intermediate Core Bond,1423.47998046875,20260806,139059.40342199706,0.99,4.22397,-0.26264,2003-09-22,-0.14
BNDX,Vanguard Total International Bond ETF,NASDAQ,Vanguard,USD,175042658969036.0,0.07,68298.42762749828,12,30.0,169.39411767578125,0.248,3098.915917480469,4.54,1.92,-0.68,-2.91,4.17,-4.69,2026-08-03,225685804.9438617,Global Bond-USD Hedged,1423.47998046875,20260806,68184.69106445312,0.63,4.2258803,0.00748,2013-05-31,0.17
QQQM,Invesco NASDAQ 100 ETF,NASDAQ,Invesco,USD,138230105599496.0,0.15,420638.3342285156,4,91.0,501.064953125,0.1191,1857.641374511719,0.44,4.9,17.06,26.54,19.43,-12.19,2026-06-22,1149721309.0321782,Large Growth,1423.47998046875,20260806,420424.8122314453,1.26,25.262392,14.942351,2020-10-13,0.05
VTIP,Vanguard Short-Term Inflation-Protected Securities Index Fund ETF Shares,NASDAQ,Vanguard,USD,101862518315340.0,0.03,70640.19403076172,4,91.0,967.96638671875,1.3703,2935.2157197265624,4.16,51.51,0.35,-1.2,2.77,-2.68,2026-07-01,111172653.14676967,Short-Term Inflation-Protected Bond,1423.47998046875,20260806,70633.07663085937,0.2,5.0180003,3.12976,2012-10-17,0.01
VCIT,Vanguard Intermediate-Term Corporate Bond ETF,NASDAQ,Vanguard,USD,99394343051956.0,0.03,115814.33207976072,12,30.0,486.83015332031255,0.4204,5642.674642578126,4.87,5.71,-2.84,-2.16,4.32,-4.37,2026-08-03,919254617.9357848,Corporate Bond,1423.47998046875,20260806,116056.3228076172,1.07,6.0459,0.79572,2010-03-02,-0.21
SMH,VanEck Semiconductor ETF,NASDAQ,VanEck,USD,96936931028176.0,0.35,822700.2720883787,1,,1572.9453784179686,0.1912,1572.9453784179686,0.19,3.17,54.82,101.64,38.87,-24.62,2025-12-22,4017249837.390911,Technology,1423.47998046875,20260806,812095.3288574219,2.05,55.26495,34.17669,2011-12-20,1.31
IXUS,iShares Core MSCI Total International Stock ETF,NASDAQ,iShares,USD,83110185402522.0,0.07,137743.75622040033,2,181.0,1755.1508159179689,1.2742,3990.0143852539054,2.9,19.12,12.71,24.07,17.24,-11.36,2026-06-15,188681627.17360952,Foreign Large Blend,1423.47998046875,20260806,137347.58333668456,0.93,19.01437,8.9775495,2012-10-18,0.29
VONG,Vanguard Russell 1000 Growth ETF,NASDAQ,Vanguard,USD,74024087087326.0,0.06,181942.0971789062,4,89.0,226.3333168945313,0.1244,827.0418686523439,0.45,6.02,5.25,12.16,17.57,-16.43,2026-06-18,239145231.8233206,Large Growth,1423.47998046875,20260806,181579.10630859376,1.2,22.279711,12.540209999999998,2010-12-06,0.2
VCSH,Vanguard Short-Term Corporate Bond ETF,NASDAQ,Vanguard,USD,74019894904620.0,0.03,111793.00547905266,12,30.0,425.6205141601562,0.3807,4993.567771484375,4.47,4.84,-1.54,-1.21,2.29,-2.23,2026-08-03,398285614.1604104,Short-Term Bond,1423.47998046875,20260806,111885.52646484374,0.41,5.49746,2.3831,2009-11-19,-0.08
VGIT,Vanguard Intermediate-Term Treasury ETF,NASDAQ,Vanguard,USD,72270652737732.0,0.03,83102.76278020628,12,30.0,277.57859619140623,0.334,3236.9934755859376,3.9,1.29,-2.55,-2.26,3.48,-4.12,2026-08-03,184522504.40685385,Intermediate Government,1423.47998046875,20260806,83202.40485839844,0.78,3.79332,-0.1283,2010-03-19,-0.12
IEF,iShares 7-10 Year Treasury Bond ETF,NASDAQ,iShares,USD,67170375622954.0,0.15,132604.27584291995,12,30.0,452.6666337890625,0.3414,5242.676768066406,3.95,2.99,-3.04,-2.63,4.82,-5.28,2026-08-03,806599249.3409245,Long Government,1423.47998046875,20260806,132784.9883640869,1.15,3.0868499000000003,-1.6767401000000002,2002-07-22,-0.14
SOXX,iShares PHLX SOX Semiconductor Sector Index Fund,NASDAQ,iShares,USD,63611509864834.0,0.33,769746.7994384766,4,91.0,402.8448344726562,0.0523,2089.668611328125,0.27,-11.25,72.38,128.23,44.99,-29.01,2026-06-15,3133486466.930684,Technology,1423.47998046875,20260806,755610.6467964356,2.32,46.83853,28.75979,2001-07-10,1.87
IUSB,iShares Core Universal USD Bond ETF,NASDAQ,iShares,USD,61214438451380.0,0.06,64789.690442211926,12,30.0,240.5681166992188,0.3713,2777.209441894531,4.29,1.93,-2.18,-1.57,3.78,-3.88,2026-08-03,186273658.8370068,Intermediate Core-Plus Bond,1423.47998046875,20260806,64851.69809898437,0.96,4.68226,0.1134,2014-06-10,-0.1
TLT,iShares 20+ Year Treasury Bond ETF,NASDAQ,iShares,USD,59136812526238.0,0.15,117906.84938869624,12,30.0,469.74839355468754,0.3984,5555.842363769531,4.71,1.35,-4.83,-5.68,9.49,-10.72,2026-08-03,2847778809.569121,Long Government,1423.47998046875,20260806,118110.375949834,2.4,-0.82789,-8.0584295,2002-07-22,-0.17
JEPQ,JPMorgan Nasdaq Equity Premium Income ETF,NASDAQ,JPMorgan,USD,56763815552830.0,0.35,84561.82650209963,12,30.0,1003.5533862304688,1.1868,9286.783392578129,10.98,5.29,2.26,8.36,14.98,-10.32,2026-08-03,363667064.8423002,Derivative Income,1423.47998046875,20260806,84508.44774047851,0.8,19.30145,,2022-05-03,0.06
MBB,iShares MBS ETF,NASDAQ,iShares,USD,55414416659140.0,0.04,132718.15684782714,12,30.0,485.4066733398438,0.3657,5749.435641113282,4.33,5.02,-2.0,-0.63,4.66,-4.32,2026-08-03,262238679.3346213,Government Mortgage-Backed Bond,1423.47998046875,20260806,132938.72420197754,1.14,4.7373902,0.24428,2007-03-13,-0.17
VGSH,Vanguard Short-Term Treasury ETF,NASDAQ,Vanguard,USD,49389748681254.0,0.03,82590.3091184143,12,30.0,259.07335644531247,0.3137,3157.278596679688,3.82,-8.57,-1.24,-1.06,1.69,-1.76,2026-08-03,191156368.45560744,Short Government,1423.47998046875,20260806,82618.77806640624,0.22,4.27077,1.91249,2010-08-23,-0.03
TQQQ,ProShares UltraPro QQQ,NASDAQ,ProShares,USD,46734531519237.0,0.82,103928.13523112984,4,91.0,243.41507666015627,0.2342,538.0754326171875,0.52,-17.92,39.46,64.36,58.21,-37.17,2026-06-24,5287527248.076593,Trading--Leveraged Equity,1423.47998046875,20260806,103717.31364091796,4.02,54.17465,17.23038,2010-02-09,0.2
ACWI,iShares MSCI ACWI ETF,NASDAQ,iShares,USD,46246632002204.0,0.32,228596.6448505372,2,181.0,1437.7147802734376,0.6289,3195.712556152344,1.4,10.75,12.7,22.79,14.03,-9.73,2026-06-15,573457219.465503,Global Large-Stock Blend,1423.47998046875,20260806,228461.3482913329,0.97,20.396139,11.1759394,2008-03-26,0.06
IUSG,iShares Core S&P U.S. Growth ETF,NASDAQ,iShares,USD,45715594983432.0,0.04,275564.3815760985,4,91.0,335.941275390625,0.1219,1313.8720219726565,0.48,3.48,15.13,24.07,17.85,-13.3,2026-06-15,103683807.30060944,Large Growth,1423.47998046875,20260806,274660.60457944334,1.2,26.24825,13.6762,2000-07-24,0.33
AVUV,Avantis U.S. Small Cap Value ETF,NYSE/AMEX,Avantis Investors,USD,42968878623633.0,0.25,182034.6159926392,4,84.0,630.6016313476563,0.3464,2222.052249511719,1.22,-2.19,24.01,38.02,16.86,-8.19,2026-06-09,114694293.52103388,Small Value,1423.47998046875,20260806,181114.0553989746,0.96,17.05949,13.57966,2019-09-24,0.51
IUSV,iShares Core S&P U.S. Value ETF,NASDAQ,iShares,USD,38745307022504.0,0.04,162063.1936043091,4,91.0,640.5659912109376,0.3953,2656.213643554688,1.64,-3.17,10.59,19.58,10.1,-6.72,2026-06-15,92332201.93419884,Large Value,1423.47998046875,20260806,162337.85623859864,0.79,15.01946,11.6780005,2000-07-24,-0.17
AVEM,Avantis Emerging Markets Equity ETF,NYSE/AMEX,Avantis Investors,USD,36664920320573.0,0.33,131301.7903575562,3,87.5,755.8678696289063,0.5757,2498.207365722656,1.9,-13.03,16.94,31.83,24.2,-14.28,2026-06-09,135725650.07479525,Diversified Emerging Mkts,1423.47998046875,20260806,130901.93787192384,1.04,21.889691,9.69776,2019-09-17,0.31
SHY,iShares 1-3 Year Treasury Bond ETF,NASDAQ,iShares,USD,35701875667132.0,0.15,116504.7207391113,12,30.0,357.29347509765626,0.3067,4236.276421874999,3.64,-8.71,-1.22,-1.01,1.73,-1.7,2026-08-03,339396624.34550613,Short Government,1423.47998046875,20260806,116559.1813455176,0.22,4.15695,1.8244801,2002-07-22,-0.05
RDVY,First Trust Rising Dividend Achievers ETF,NASDAQ,First Trust,USD,35423949696274.0,0.47,119038.51336669922,4,91.0,209.25155712890623,0.1758,963.6959467773438,0.81,-25.77,19.21,31.11,14.71,-9.27,2026-06-25,92999691.86777262,Large Value,1423.47998046875,20260806,118618.58677246094,0.93,21.16928,13.364490000000002,2014-01-06,0.35
EMXC,iShares MSCI Emerging Markets ex China ETF,NASDAQ,iShares,USD,33660655846046.0,0.25,134661.20398028567,2,181.0,837.0062285156249,0.6216,2738.775482421875,2.03,12.45,27.12,49.35,27.9,-18.43,2026-06-15,214786672.1148428,Diversified Emerging Mkts,1423.47998046875,20260806,135323.6225612549,1.21,25.01353,11.47829,2017-07-18,-0.49
DVY,iShares Select Dividend ETF,NASDAQ,iShares,USD,33404442932764.0,0.38,230034.3735319823,4,91.0,1775.0795356445317,0.7717,7484.657737304687,3.25,2.14,13.3,19.46,11.59,-7.6,2026-06-15,65089574.64703357,Mid-Cap Value,1423.47998046875,20260806,230136.7130543457,0.56,16.1915,10.72203,2003-11-03,-0.04
IGSB,iShares 1-5 Year Investment Grade Corporate Bond ETF,NASDAQ,iShares,USD,33082353279143.0,0.04,74124.01770992018,12,30.0,281.8490361328125,0.3802,3420.6223930664064,4.61,6.85,-1.55,-1.3,2.37,-2.31,2026-08-03,168652422.41024727,Short-Term Bond,1423.47998046875,20260806,74194.69471599121,0.4,5.62426,2.4895899,2007-01-05,-0.1
VONV,Vanguard Russell 1000 Value ETF,NASDAQ,Vanguard,USD,32775965361304.0,0.06,159992.0276262574,4,89.0,583.6267919921875,0.3648,2446.962086425781,1.53,3.62,20.7,31.59,11.3,-7.22,2026-06-18,105001908.40055344,Large Value,1423.47998046875,20260806,159942.21060546875,0.79,19.26778,12.10226,2010-12-10,0.03
VYMI,Vanguard International High Dividend Yield ETF,NASDAQ,Vanguard,USD,31054949003150.0,0.07,149052.58745164797,4,91.0,1789.3143354492186,1.2005,5130.221849609374,3.44,7.97,15.18,27.98,13.48,-10.82,2026-06-18,102558293.17114004,Foreign Large Value,1423.47998046875,20260806,147970.74396972658,0.73,22.88668,13.9248,2016-03-02,0.73
AVDV,Avantis International Small Cap Value ETF,NYSE/AMEX,Avantis Investors,USD,26906172005293.0,0.36,154447.57788085938,3,87.5,1974.3667329101563,1.2783,4172.219822753907,2.7,-4.4,14.44,31.63,17.11,-13.29,2026-06-09,74999962.27541324,Foreign Small/Mid Value,1423.47998046875,20260806,153317.90416835938,0.95,26.15499,14.27209,2019-09-24,0.74
IGIB,iShares 5-10 Year Investment Grade Corporate Bond ETF,NASDAQ,iShares,USD,26461818130179.0,0.04,74512.06131528318,12,30.0,313.165595703125,0.4203,3655.49658984375,4.91,7.54,-2.81,-2.07,4.4,-4.31,2026-08-03,147010268.45378703,Corporate Bond,1423.47998046875,20260806,74649.14069975585,1.05,6.23061,0.95074,2007-01-05,-0.18
AVDE,Avantis International Equity ETF,NYSE/AMEX,Avantis Investors,USD,25889967093407.0,0.23,132860.50267381594,3,87.5,1659.7776572265625,1.2493,3140.1968369140623,2.36,5.15,12.22,24.56,15.42,-11.58,2026-06-09,85348189.46549952,Foreign Large Blend,1423.47998046875,20260806,132101.3621034668,0.88,20.604339,10.8590804,2019-09-24,0.57
AVLV,Avantis U.S. Large Cap Value ETF,NYSE/AMEX,Avantis Investors,USD,25403761358121.0,0.15,133636.2966567017,4,84.0,402.8448344726562,0.3014,1386.4695009765624,1.04,-13.42,22.1,35.37,12.4,-6.66,2026-06-09,68326133.35451137,Large Value,1423.47998046875,20260806,133187.19263256836,0.86,21.20771,,2021-09-21,0.34
ESGU,iShares ESG Aware MSCI USA ETF,NASDAQ,iShares,USD,25266981922655.0,0.15,240311.9007286132,4,91.0,488.2536333007813,0.2032,2182.1948100585937,0.91,2.34,13.16,22.0,13.13,-9.49,2026-06-15,83343912.867508,Large Blend,1423.47998046875,20260806,240286.851289878,1.03,21.098761,12.14431,2016-12-01,0.01
IEI,iShares 3-7 Year Treasury Bond ETF,NASDAQ,iShares,USD,25220725063826.0,0.15,165805.95375681296,12,30.0,539.4989125976563,0.3254,6136.622195800781,3.7,8.81,-2.38,-2.12,3.19,-3.78,2026-08-03,214936077.49022755,Intermediate Government,1423.47998046875,20260806,165966.46329161132,0.67,3.84707,0.15040999,2007-01-05,-0.1
VTWO,Vanguard Russell 2000 ETF,NASDAQ,Vanguard,USD,24951262171129.0,0.06,173251.74711961672,4,89.0,428.46747412109374,0.2473,1863.3352944335936,1.08,18.35,21.06,36.48,19.3,-11.22,2026-06-18,303328749.6181608,Small Blend,1423.47998046875,20260806,172582.71283203125,1.26,17.133760000000002,7.69861,2010-12-22,0.39
USIG,iShares Broad USD Investment Grade Corporate Bond ETF,NASDAQ,iShares,USD,24657412902677.0,0.04,71694.70650591701,12,30.0,293.2368759765625,0.409,3460.479832519531,4.83,3.76,-2.69,-2.3,4.36,-4.69,2026-08-03,107884564.89490518,Corporate Bond,1423.47998046875,20260806,71838.39406952148,1.05,5.3894,0.12887999,2007-01-05,-0.2
VMBS,Vanguard Mortgage-Backed Securities ETF,NASDAQ,Vanguard,USD,24522283519653.0,0.03,65760.93164089136,12,30.0,239.14463671875,0.3637,2785.750321777344,4.24,1.77,-1.75,-0.35,4.44,-3.84,2026-08-03,78295255.95483059,Government Mortgage-Backed Bond,1423.47998046875,20260806,65736.30549804687,1.12,4.8533402,0.38378998,2013-10-31,0.04
DGRW,WisdomTree U.S. Quality Dividend Growth Fund,NASDAQ,WisdomTree,USD,23755848736779.0,0.28,141750.13906154782,12,30.0,92.52619873046876,0.0653,1755.1508159179689,1.24,-2.84,10.97,16.28,10.54,-8.53,2026-07-28,74696807.9519325,Large Blend,1423.47998046875,20260806,141412.77169970702,0.82,15.891421,12.01223,2013-05-22,0.24
VGLT,Vanguard Long-Term Treasury ETF,NASDAQ,Vanguard,USD,21297811383937.5,0.03,75657.96313397214,12,30.0,306.04819580078123,0.4045,3594.2869506835937,4.75,2.23,-4.56,-4.95,8.62,-9.64,2026-08-03,123627073.434664,Long Government,1423.47998046875,20260806,75757.60456054687,2.25,0.26780998,-6.94307,2010-07-30,-0.13
EMB,iShares J.P. Morgan USD Emerging Markets Bond ETF,NASDAQ,iShares,USD,20793084830340.5,0.39,135451.23580385745,12,30.0,589.3207119140625,0.4351,6935.19446484375,5.12,-3.94,-1.19,2.05,5.91,-4.9,2026-08-03,742139864.0768356,Emerging Markets Bond,1423.47998046875,20260806,135278.08543667968,1.1,8.88696,1.6410701,2007-12-17,0.13
CIBR,First Trust NASDAQ Cybersecurity ETF,NASDAQ,First Trust,USD,20376359130125.5,0.58,137764.39077211916,4,91.0,102.49055859375,0.0744,556.5806723632812,0.4,110.22,36.93,32.5,26.2,-22.34,2026-06-25,96783869.7359506,Technology,1423.47998046875,20260806,138732.35889648437,1.0,29.93244,15.0651,2015-07-06,-0.7
AVUS,Avantis U.S. Equity ETF,NYSE/AMEX,Avantis Investors,USD,19756795048668.0,0.15,186589.75844631344,4,84.0,478.2892734375,0.2563,1686.8237768554689,0.9,-6.99,16.46,27.15,12.98,-8.05,2026-06-09,34122140.98661148,Large Blend,1423.47998046875,20260806,186256.09213242185,0.99,20.91392,13.15749,2019-09-24,0.18
QQQI,NEOS Nasdaq 100 High Income ETF,NASDAQ,Neos Funds,USD,19073005736957.0,0.68,78120.58284856565,12,28.0,903.9097875976564,1.1571,10855.458331054686,13.9,3.78,2.08,3.74,16.94,-13.73,2026-07-22,286510102.87826747,Derivative Income,1423.47998046875,20260806,78093.67755649413,0.0,,,2024-01-29,0.03
SCZ,iShares MSCI EAFE Small-Cap ETF,NASDAQ,iShares,USD,18794216841147.0,0.4,122803.6131365113,2,181.0,1665.4715771484373,1.3562,3796.421107910156,3.09,16.67,10.31,16.39,15.4,-11.43,2026-06-15,115590499.36972292,Foreign Small/Mid Blend,1423.47998046875,20260806,122202.7385456836,1.0,16.464719,5.5756796,2007-12-10,0.49
PFF,iShares Preferred and Income Securities ETF,NASDAQ,iShares,USD,18723467198587.5,0.45,43644.03988281358,12,30.0,202.13415722656248,0.4631,2358.706327636718,5.4,-18.77,-1.95,-1.54,7.38,-6.32,2026-08-03,100639999.6035838,Preferred Stock,1423.47998046875,20260806,43649.24848589844,0.96,6.33425,0.88066,2007-03-26,-0.01
AMLP,Alerian MLP ETF,NYSE/AMEX,ALPS,USD,18500146010883.0,1.01,78006.70184365846,4,91.0,1466.1843798828124,1.8796,5722.389521484376,7.34,4.69,15.54,11.18,13.0,-8.98,2026-05-13,78076456.84305304,Energy Limited Partnership,1423.47998046875,20260806,77351.90213867188,0.26,19.128941,20.0771,2010-08-25,0.85
ESGD,iShares ESG Aware MSCI EAFE ETF,NASDAQ,iShares,USD,17012403630251.5,0.2,152184.24992485344,2,181.0,2318.8488881835938,1.5237,4873.995453125,3.2,29.89,11.25,20.49,16.16,-11.68,2026-06-15,29677774.568790145,Foreign Large Blend,1423.47998046875,20260806,151310.46999550294,0.88,17.45196,9.001109999999999,2016-06-28,0.58
GRID,First Trust NASDAQ Clean Edge Smart Grid Infrastructure Index Fund,NASDAQ,First Trust,USD,16614579193301.0,0.56,267614.236328125,4,91.0,1076.150865234375,0.4021,2035.5763720703128,0.76,-4.54,20.65,32.51,23.27,-16.16,2026-06-25,90811637.69746186,Infrastructure,1423.47998046875,20260806,265393.60755859374,1.44,23.786461,15.05154,2009-11-16,0.84
SDVY,First Trust SMID Cap Rising Dividend Achievers ETF,NASDAQ,First Trust,USD,16479016890157.5,0.58,63907.134374761954,4,91.0,128.1131982421875,0.2005,589.3207119140626,0.92,-30.54,15.95,23.99,15.12,-9.5,2026-06-25,53610820.26505391,Small Value,1423.47998046875,20260806,63572.61592773437,0.97,15.66405,10.87186,2017-11-01,0.53
VONE,Vanguard Russell 1000 ETF,NASDAQ,Vanguard,USD,16431459813326.5,0.06,496338.989163965,4,89.0,1229.886703125,0.2478,4920.970292480469,0.99,6.4,12.54,21.31,12.92,-9.12,2026-06-18,28253304.087519307,Large Blend,1423.47998046875,20260806,495755.3727978515,1.01,21.117331,12.55819,2010-10-15,0.12
ACWX,iShares MSCI ACWI ex U.S. ETF,NASDAQ,iShares,USD,16396302909750.0,0.32,109558.13148383796,2,181.0,1212.8049433593749,1.107,2706.035442871093,2.47,17.78,12.97,25.58,17.42,-11.42,2026-06-15,137513967.12804368,Foreign Large Blend,1423.47998046875,20260806,109309.36933539064,0.92,19.09494,9.10099,2008-03-26,0.23
IGF,iShares Global Infrastructure ETF,NASDAQ,iShares,USD,15559243841657.5,0.37,94191.52651737258,2,181.0,1329.5303017578126,1.4115,2747.316362304688,2.92,5.35,6.83,10.17,10.96,-5.87,2026-06-15,54658340.57335994,Infrastructure,1423.47998046875,20260806,94069.0375072998,0.59,16.633011,10.67682,2007-12-10,0.13
ONEQ,Fidelity Nasdaq Composite Index ETF,NASDAQ,Fidelity Investments,USD,14734676778360.0,0.21,148155.7989736572,4,91.0,203.55763720703123,0.1374,765.8322294921876,0.52,9.8,13.92,24.98,18.36,-13.09,2026-06-18,30380341.918557823,Large Growth,1423.47998046875,20260806,147838.30339234375,1.3,24.79143,13.25025,2003-09-25,0.21
AIQ,Global X Artificial Intelligence & Technology ETF,NASDAQ,Global X Funds,USD,14721859719064.5,0.68,88355.4019532837,1,,64.05659912109375,0.0725,64.05659912109375,0.07,-25.0,20.69,39.05,28.94,-20.19,2025-12-30,109029492.58568804,Technology,1423.47998046875,20260806,88825.15078124999,1.66,30.19926,15.22676,2018-05-11,-0.53
AIRR,First Trust RBA American Industrial Renaissance ETF,NASDAQ,First Trust,USD,14486550871216.0,0.69,176084.46923986822,3,91.0,95.37315869140626,0.0542,155.15931787109378,0.09,-54.39,21.85,41.48,28.19,-17.18,2026-03-26,75851572.30720502,Industrials,1423.47998046875,20260806,173707.26201660157,1.48,31.677460000000004,24.32293,2014-03-10,1.37
VBIL,Vanguard 0-3 Month Treasury Bill ETF,NASDAQ,Vanguard,USD,14365167066397.0,0.06,107508.32769696042,12,30.0,321.7064755859375,0.2992,3856.207267089844,3.59,134.75,0.1,0.17,1.03,-0.44,2026-08-03,151145761.86216134,Ultrashort Bond,1423.47998046875,20260806,107501.208125,0.0,,,2025-02-10,0.01
VCLT,Vanguard Long-Term Corporate Bond ETF,NASDAQ,Vanguard,USD,13895050800064.0,0.03,103024.36358642578,12,30.0,498.2179931640625,0.4836,5807.7983203125,5.64,-1.83,-4.48,-4.77,8.0,-9.13,2026-08-03,379438433.3338063,Long-Term Bond,1423.47998046875,20260806,103373.11618164064,1.99,4.06078,-3.27892,2009-11-19,-0.34
VIGI,Vanguard International Dividend Appreciation ETF,NASDAQ,Vanguard,USD,13425820780979.0,0.07,140283.95641931146,4,91.0,760.1383095703126,0.5419,2838.4190810546875,2.02,21.66,7.36,13.04,13.02,-11.21,2026-06-18,31993761.736348733,Foreign Large Growth,1423.47998046875,20260806,139799.96888183593,0.74,11.90846,5.2479,2016-03-02,0.35
IBB,iShares Biotechnology ETF,NASDAQ,iShares,USD,13113912767205.5,0.44,273763.6802696288,4,91.0,34.16351953125,0.0125,586.4737519531251,0.21,7.57,13.8,46.26,20.46,-9.7,2026-06-15,293713891.6847216,Health,1423.47998046875,20260806,273089.509725,0.7,14.948620000000002,2.13942,2001-02-05,0.25
VFLO,VictoryShares Free Cash Flow ETF,NASDAQ,Victory Capital Management Inc.,USD,13072884475611.0,0.39,71159.7666128967,9,30.5,35.58699951171875,0.05,753.0209096679688,1.06,11.84,26.81,44.77,15.47,-6.54,2026-07-09,42310063.51625336,Mid-Cap Value,1423.47998046875,20260806,71743.39101562499,0.81,25.61641,,2023-06-21,-0.81
IJT,iShares S&P SmallCap 600 Growth ETF,NASDAQ,iShares,USD,11690268073021.25,0.18,253108.97185185552,4,91.0,365.83435498046873,0.1445,1725.257736328125,0.68,-14.59,24.64,32.45,17.91,-9.22,2026-06-15,20089728.74505956,Small Growth,1423.47998046875,20260806,252770.0162741992,1.08,15.48072,6.9857605000000005,2000-07-24,0.13
QYLD,Global X NASDAQ 100 Covered Call ETF,NASDAQ,Global X Funds,USD,11516683868002.0,0.6,25736.517938272096,12,28.0,253.37943652343748,0.9845,3004.966238769532,11.68,-5.8,2.26,7.43,11.69,-7.02,2026-07-20,121281578.38762765,Derivative Income,1423.47998046875,20260806,25722.283247070314,0.49,15.341959999999998,9.15725,2013-12-11,0.06
FTCS,First Trust Capital Strength ETF,NASDAQ,First Trust,USD,11164562385350.5,0.53,142020.59287283942,4,91.0,375.79871484375,0.2646,1516.0061791992186,1.07,-4.05,7.85,8.9,10.5,-8.02,2026-06-25,47502574.95264909,Large Blend,1423.47998046875,20260806,142248.3544482422,0.51,11.2101406,6.35004,2006-07-06,-0.16
CORO,iShares International Country Rotation Active ETF,NASDAQ,BlackRock,USD,11129539584976.0,0.55,52199.00827731937,3,106.0,424.1970341796875,0.8127,1444.832180175781,2.77,58.1,16.28,28.64,17.52,-11.25,2026-07-02,37826909.63671711,Foreign Large Blend,1423.47998046875,20260806,52026.74133655273,0.0,,,2024-12-03,0.33
VCRB,Vanguard Core Bond ETF,NASDAQ,Vanguard,USD,10649820363265.0,0.1,108269.8838391602,12,30.0,429.8909541015625,0.3971,5067.588730468749,4.68,4.18,-2.32,-1.98,3.78,-4.23,2026-08-03,36400543.78033581,Intermediate Core Bond,1423.47998046875,20260806,108284.1221142578,0.0,,,2023-12-14,-0.01
TBIL,F/m US Treasury 3 Month Bill Fund,NASDAQ,F/m Investments LLC,USD,10274602519356.0,0.15,71024.5342771057,12,29.0,213.5219970703125,0.3006,2622.050124023437,3.69,-16.35,-0.01,0.05,1.09,-0.36,2026-07-28,101671859.56315918,Ultrashort Bond,1423.47998046875,20260806,71016.56213759766,0.0,4.5521002,,2026-02-12,0.01
KBWB,Invesco KBW Bank ETF,NASDAQ,Invesco,USD,9532702063052.25,0.35,140433.41573549807,4,91.0,673.3060307617187,0.4794,2646.249283691406,1.88,15.75,15.04,36.38,20.43,-16.38,2026-06-22,177552866.38081622,Financial,1423.47998046875,20260806,140440.53487304688,1.2,33.33133,12.18263,2011-11-01,-0.01
VWOB,Vanguard Emerging Markets Government Bond ETF,NASDAQ,Vanguard,USD,9521957043992.0,0.15,94127.6137084961,12,30.0,493.9475532226562,0.5248,5503.173604492187,5.85,-5.04,-1.96,0.65,5.61,-4.93,2026-08-03,42566417.4325998,Emerging Markets Bond,1423.47998046875,20260806,94077.7919091797,1.12,8.58954,1.8513,2013-05-31,0.05
JGLO,JPMorgan Global Select Equity ETF,NASDAQ,JPMorgan,USD,9486677698361.5,0.47,105465.6265399903,1,,1157.2892241210936,1.0973,1157.2892241210936,1.1,-32.31,8.88,13.74,12.69,-9.47,2025-12-16,18153802.883628327,Global Large-Stock Blend,1423.47998046875,20260806,105491.82378457033,0.0,,,2023-09-13,-0.02
ESGE,iShares ESG Aware MSCI EM ETF,NASDAQ,iShares,USD,9442851460068.75,0.25,74576.11530793458,2,181.0,572.2389521484375,0.7673,1614.2262978515623,2.16,22.46,15.29,31.2,24.65,-13.9,2026-06-15,44019839.86598419,Diversified Emerging Mkts,1423.47998046875,20260806,75173.06674136719,1.04,20.57157,6.955890000000001,2016-06-28,-0.79
FTSM,First Trust Enhanced Short Maturity ETF,NASDAQ,First Trust,USD,9257117067655.25,0.29,85074.28016389161,12,31.0,293.2368759765625,0.3447,3504.6077119140623,4.12,-9.59,-0.31,-0.28,1.15,-0.67,2026-07-31,48053181.82818932,Ultrashort Bond,1423.47998046875,20260806,85081.39843261719,0.05,4.78589,3.58634,2014-08-05,-0.01
BLCR,iShares Large Cap Core Active ETF,NASDAQ,BlackRock,USD,9170296905508.25,0.36,71899.97142421268,4,91.0,82.5618388671875,0.1148,202.1341572265625,0.28,-27.92,18.57,34.3,17.31,-10.26,2026-06-15,27098646.849401284,Large Blend,1423.47998046875,20260806,71676.53016094238,0.0,,,2023-10-24,0.31
PDBC,Invesco Optimum Yield Diversified Commodity Strategy No K-1 ETF,NASDAQ,Invesco,USD,9103509137981.75,0.59,24341.508209030144,1,,724.5513100585938,2.9766,724.5513100585938,2.98,-11.48,28.77,31.74,19.94,-16.55,2025-12-22,110099943.23529056,Commodities Broad Basket,1423.47998046875,20260806,24213.39446777344,1.08,9.3838304,10.9036595,2014-11-07,0.53
LMBS,First Trust Low Duration Opportunities ETF,NASDAQ,First Trust,USD,9046168357978.75,0.66,70640.19403076172,12,30.0,241.99159667968752,0.3426,2903.89916015625,4.11,0.0,-0.65,0.34,2.39,-2.14,2026-07-21,26506711.547650702,Short Government,1423.47998046875,20260806,70604.60703125001,0.45,5.9201103,3.18169,2014-11-04,0.05
MCHI,iShares MSCI China ETF,NASDAQ,iShares,USD,8933123002801.5,0.59,79451.53315501101,2,181.0,513.8762729492188,0.6468,1560.13405859375,1.96,-23.2,-10.32,-4.36,20.6,-24.65,2026-06-15,186854796.37664863,Greater China Region,1423.47998046875,20260806,79561.17153795899,0.53,8.037759999999999,-2.58641,2011-03-29,-0.14
VTHR,Vanguard Russell 3000 ETF,NASDAQ,Vanguard,USD,8670510305732.75,0.06,484751.88471235335,4,89.0,1191.4527436523438,0.2458,4838.408453613281,1.0,6.72,13.08,22.03,13.15,-9.18,2026-06-18,10553014.65187164,Large Blend,1423.47998046875,20260806,483029.4617724609,1.02,20.8645,12.180801,,0.36
IALT,iShares Systematic Alternatives Active ETF,NASDAQ,iShares,USD,7573159109023.5,0.99,41010.45747708436,2,167.0,112.45491845703124,0.2742,160.85323779296874,0.39,,13.54,,7.99,-2.27,2026-06-15,44830970.039200425,Multistrategy,1423.47998046875,20260806,40802.70133415528,0.0,,,2025-12-09,0.51
QTUM,Defiance Quantum ETF,NASDAQ,Defiance ETFs LLC,USD,7432171456773.0,0.4,214867.19607773423,4,91.0,384.33959472656255,0.1789,1676.859416992187,0.78,90.92,34.32,63.57,32.21,-21.64,2026-06-24,67577129.53553231,Technology,1423.47998046875,20260806,213663.34863237303,1.72,44.2043,25.59104,2018-09-04,0.56
GPIQ,Goldman Sachs Nasdaq-100 Premium Income ETF,NASDAQ,Goldman Sachs,USD,7309094599028.75,0.29,80910.60230704956,12,30.0,691.8112705078125,0.855,8058.320169433593,9.96,12.72,8.66,13.16,17.02,-12.05,2026-08-03,56829011.29628109,Derivative Income,1423.47998046875,20260806,80967.5412890625,0.0,,,2023-10-24,-0.07
ISTB,iShares Core 1-5 Year USD Bond ETF,NASDAQ,iShares,USD,7296976479791.5,0.06,68291.4498909302,12,30.0,247.68551660156248,0.3627,2920.980919921876,4.28,4.8,-1.61,-1.33,2.2,-2.28,2026-08-03,21616916.532560524,Short-Term Bond,1423.47998046875,20260806,68305.11747080077,0.39,5.0234698,1.93528,2012-10-18,-0.02
GPIX,Goldman Sachs S&P 500 Premium Income ETF,NASDAQ,Goldman Sachs,USD,7207535474631.5,0.29,79992.45706802979,12,30.0,558.00415234375,0.6976,6438.399951660157,8.05,9.22,6.98,11.9,11.29,-8.86,2026-08-03,39217021.495966,Derivative Income,1423.47998046875,20260806,79956.87050292968,0.0,,,2023-10-24,0.04
AIA,iShares Asia 50 ETF,NASDAQ,iShares,USD,6692388227653.0,0.5,191756.99772600085,2,181.0,733.0921899414062,0.3823,3046.2471582031253,1.59,-8.0,32.48,61.06,31.88,-17.11,2026-06-15,44998268.80703139,Pacific/Asia ex-Japan Stk,1423.47998046875,20260806,193013.2519561084,1.22,34.258288,12.51954,2007-11-13,-0.65
BSCR,Invesco BulletShares 2027 Corporate Bond ETF,NASDAQ,Invesco,USD,6533378999990.25,0.1,27942.91082196962,12,28.0,98.22011865234376,0.3515,1190.0292636718748,4.26,-0.36,-0.58,-0.33,1.56,-1.09,2026-07-20,15990441.313010575,Target Maturity,1423.47998046875,20260806,27942.91201660156,0.43,5.3341098,1.3315099,2017-09-27,-0.0
QTEC,First Trust NASDAQ-100-Technology Sector Index Fund,NASDAQ,First Trust,USD,6503693361291.0,0.55,446645.2978328616,1,,46.97483935546875,0.0105,46.97483935546875,0.01,312.5,35.4,47.87,28.66,-16.03,2026-06-25,52518763.82006216,Technology,1423.47998046875,20260806,449036.7598388672,1.7,28.30324,13.847,2006-04-19,-0.53
IDEF,iShares Defense Industrials Active ETF,NASDAQ,BlackRock,USD,6068618115876.25,0.55,49658.09672938846,2,181.0,76.8679189453125,0.1548,150.88887792968748,0.3,,10.24,17.85,23.28,-15.92,2026-06-15,24869647.626890205,Industrials,1423.47998046875,20260806,48977.98885358399,0.0,,,2025-05-19,1.39
EUFN,iShares MSCI Europe Financials ETF,NASDAQ,iShares,USD,5983139714571.0,0.49,60462.30999835208,2,181.0,1618.4967377929688,2.6769,2353.012407714844,3.89,28.74,13.18,28.71,20.36,-14.77,2026-06-15,49424423.04358278,Europe Stock,1423.47998046875,20260806,60048.44960088868,0.87,35.31125,21.88342,2010-01-20,0.69
TDIV,First Trust NASDAQ Technology Dividend Index Fund,NASDAQ,First Trust,USD,5946122493477.625,0.5,165223.3208985962,4,91.0,602.1320317382813,0.3644,2148.031290527344,1.3,17.8,19.4,28.42,21.12,-16.65,2026-06-25,11712290.96863799,Technology,1423.47998046875,20260806,163287.3885595703,1.36,27.21506,16.677139999999998,2012-08-13,1.19
VNQI,Vanguard Global ex-U.S. Real Estate ETF,NASDAQ,Vanguard,USD,5487477881489.625,0.12,65480.0791015625,1,,3069.0228378906254,4.687,3069.0228378906254,4.69,5.69,-0.04,-1.18,14.55,-14.78,2025-12-19,14149920.860205358,Global Real Estate,1423.47998046875,20260806,65622.42709960938,0.93,8.6389996,-0.92942,2011-02-10,-0.22
XT,iShares Future Exponential Technologies ETF,NASDAQ,iShares,USD,5432174522688.75,0.46,116611.47739353032,2,181.0,509.60583300781246,0.437,8099.601088867187,6.95,1187.33,16.68,24.42,19.49,-13.56,2026-06-15,8011459.072994521,Technology,1423.47998046875,20260806,116271.22558026855,1.35,16.94234,6.89181,,0.29
AAXJ,iShares MSCI All Country Asia ex Japan ETF,NASDAQ,iShares,USD,5289006964584.0,0.72,160952.88095718995,2,181.0,599.2850717773438,0.3723,2200.700049804688,1.37,-5.39,17.74,34.1,25.41,-14.94,2026-06-15,71063371.43369998,Pacific/Asia ex-Japan Stk,1423.47998046875,20260806,162142.98182927244,1.06,20.923269,7.1369,2008-08-13,-0.73
AOR,iShares Core 60/40 Balanced Allocation ETF,NYSE/AMEX,iShares,USD,5184695809258.75,0.15,99501.2528068237,4,91.0,743.0565498046875,0.7468,2516.71260546875,2.53,10.78,7.06,13.09,9.26,-6.64,2026-07-02,22533043.55563798,Global Moderate Allocation,1423.47998046875,20260806,99425.59267380372,0.93,13.92562,6.8562895,2008-11-04,0.08
BSCQ,Invesco BulletShares 2026 Corporate Bond ETF,NASDAQ,Invesco,USD,5175289271342.375,0.1,27807.681201251224,12,28.0,91.10271875,0.3276,1138.783984375,4.1,-1.96,-0.2,0.0,1.33,-0.61,2026-07-20,16682601.567386275,Target Maturity,1423.47998046875,20260806,27829.033618164063,0.25,5.15312,1.4695801,2016-09-14,-0.08
FV,First Trust Dorsey Wright Focus 5 ETF,NASDAQ,First Trust,USD,5134675314912.75,0.89,101814.40777508542,4,91.0,108.184478515625,0.1063,518.146712890625,0.51,67.74,11.75,18.02,17.87,-13.52,2026-06-25,7414289.232773039,Mid-Cap Blend,1423.47998046875,20260806,101479.8878076172,1.26,14.82968,9.05613,,0.33
USMC,Principal U.S. Mega-Cap ETF,NASDAQ,Principal Funds,USD,5088974547079.0,0.12,108696.93217741698,4,91.0,197.86371728515627,0.182,804.2661889648439,0.74,4.63,12.18,20.35,12.56,-10.48,2026-07-01,8771739.656402953,Large Blend,1423.47998046875,20260806,108549.1598518213,0.94,21.180469,14.553738999999998,,0.14
BSCS,Invesco BulletShares 2028 Corporate Bond ETF,NASDAQ,Invesco,USD,5071233932451.375,0.1,28967.67424670607,12,28.0,108.184478515625,0.3735,1286.8259023437497,4.44,-1.95,-1.26,-0.97,2.0,-1.98,2026-07-20,13416818.416377094,Target Maturity,1423.47998046875,20260806,28982.05240234375,0.58,5.558,1.14601,2018-08-09,-0.05
ARTY,iShares Future AI & Tech ETF,NYSE/AMEX,iShares,USD,4983200646501.5,0.47,103116.89326044916,1,,61.20963916015624,0.0594,61.20963916015624,0.06,-38.57,45.99,70.17,37.94,-24.05,2026-06-15,35391336.38939092,Technology,1423.47998046875,20260806,102724.84916373536,2.1,30.398318000000003,11.36288,2018-06-26,0.38
JIVE,JPMorgan International Value ETF,NASDAQ,JPMorgan,USD,4974490133356.375,0.55,138233.42499297857,2,1.0,2609.2388041992185,1.8876,3286.815274902344,2.38,68.79,19.6,36.35,15.57,-10.57,2025-12-16,20801071.77282496,Foreign Large Value,1423.47998046875,20260806,137176.63762583007,0.0,,,2023-09-13,0.77
MUU,Direxion Daily MU Bull 2X ETF,NASDAQ,Direxion Funds,USD,4837648748041.625,1.01,39685.90931181703,5,84.5,145.69317600097656,0.3671,483.7696713623047,1.22,2380.66,358.05,2915.63,162.18,-68.12,2026-06-23,755870826.9566251,Trading--Leveraged Equity,1423.47998046875,20260806,39378.45267449707,0.0,,,2024-10-09,0.78
DFGP,Dimensional Global Core Plus Fixed Income ETF,NASDAQ,Dimensional Fund Advisors,USD,4801912431173.875,0.22,76369.70312420651,6,28.0,734.515669921875,0.9618,4150.8676230468745,5.44,81.12,-0.7,-2.18,4.67,-5.15,2026-07-21,13109123.596613424,Global Bond-USD Hedged,1423.47998046875,20260806,76307.637225,0.0,,,2023-11-07,0.08
ACWV,iShares MSCI Global Min Vol Factor ETF,NYSE/AMEX,iShares,USD,4726301911952.75,0.2,178817.5590561889,2,181.0,1518.8531391601562,0.8494,3365.1066738281247,1.88,-15.93,5.85,6.47,8.24,-6.37,2026-06-15,15041148.06443355,Global Large-Stock Blend,1423.47998046875,20260806,178385.05922401857,0.43,11.19059,5.83568,2011-10-18,0.24
BOTZ,Global X Robotics & Artificial Intelligence ETF,NASDAQ,Global X Funds,USD,4715319661412.875,0.68,52882.28344647214,2,181.0,25.6226396484375,0.0485,250.5324765625,0.47,122.78,1.2,10.57,26.57,-19.34,2026-06-29,31198204.761823524,Technology,1423.47998046875,20260806,53095.80327148437,1.84,10.97829,1.6593799,2016-09-12,-0.4
FIXD,First Trust Smith Opportunistic Fixed Income ETF,NASDAQ,First Trust,USD,4590776414307.625,0.65,61309.28232437745,12,30.0,234.87419677734377,0.3831,2925.2513598632813,4.77,11.08,-2.74,-2.06,4.39,-4.73,2026-07-21,16326983.23240224,Intermediate Core-Plus Bond,1423.47998046875,20260806,61423.16115722656,1.13,4.13424,-0.75264,2017-02-14,-0.19
AOA,iShares Core 80/20 Aggressive Allocation ETF,NYSE/AMEX,iShares,USD,4540125853558.75,0.15,140917.40457620844,4,91.0,962.272466796875,0.6829,2935.2157197265624,2.08,11.64,9.93,17.88,11.54,-8.2,2026-07-02,10467790.354668727,Global Moderately Aggressive Allocation,1423.47998046875,20260806,140487.1111380078,1.09,16.88182,9.088001,,0.31
TSLL,Direxion Daily TSLA Bull 2X ETF,NASDAQ,Direxion Funds,USD,4395244471108.875,0.83,11084.069376650266,5,84.5,149.46539794921875,1.3485,1400.70430078125,12.64,41.79,-57.03,-32.05,92.54,-70.73,2026-06-23,1514506263.4164758,Trading--Leveraged Equity,1423.47998046875,20260806,11080.368167968749,3.37,-18.088539,,2022-08-08,0.03
ANGL,VanEck Fallen Angel High Yield Bond ETF,NASDAQ,VanEck,USD,4338477638234.0,0.25,41245.33297709655,12,30.0,239.14463671875,0.5798,2690.3771630859374,6.52,4.48,-1.45,-0.46,4.62,-4.5,2026-08-03,22839815.44137749,High Yield Bond,1423.47998046875,20260806,41252.44983398438,0.81,8.22274,3.05708,2012-04-10,-0.02
AVSC,Avantis U.S Small Cap Equity ETF,NYSE/AMEX,Avantis Investors,USD,4337951064519.625,0.25,106020.93490761518,4,84.0,310.3186357421875,0.2927,955.1550668945312,0.9,5.01,26.29,41.25,17.55,-8.02,2026-06-09,7575878.528778319,Small Value,1423.47998046875,20260806,105141.0783173828,1.08,16.421579,,,0.84
BDYN,iShares Dynamic Equity Active ETF,NASDAQ,BlackRock,USD,4286940101415.375,0.4,40391.24444580078,1,,792.8783491210938,1.963,792.8783491210938,1.96,,10.34,,15.09,-10.85,2025-12-16,10925532.412239142,Global Large-Stock Blend,1423.47998046875,20260806,40102.07872256836,0.96,18.09868,9.49001,,0.72
FTGC,First Trust Global Tactical Commodity Strategy Fund,NASDAQ,First Trust,USD,4277381968575.0,0.98,40754.37454503589,4,91.0,240.5681166992188,0.5903,6273.276273925781,15.39,562.71,23.25,16.08,21.77,-17.08,2026-06-25,17942060.494722284,Commodities Broad Basket,1423.47998046875,20260806,40754.23184082032,0.91,14.52873,12.987280000000002,2013-10-22,0.0
BSCT,Invesco BulletShares 2029 Corporate Bond ETF,NASDAQ,Invesco,USD,4143532396544.0,0.1,26391.32014112547,12,28.0,99.64359863281253,0.3776,1202.8405834960938,4.56,-0.35,-1.62,-1.3,2.51,-2.67,2026-07-20,11867928.977887278,Target Maturity,1423.47998046875,20260806,26419.7884375,0.74,5.689370299999999,0.87749,2019-09-12,-0.11
USCL,iShares Climate Conscious & Transition MSCI USA ETF,NASDAQ,iShares,USD,4006003732319.0,0.08,123529.59096743166,4,91.0,294.66035595703124,0.2385,1315.2955019531248,1.06,3.47,9.48,15.8,13.05,-10.63,2026-06-15,559663.767543352,Large Blend,1423.47998046875,20260806,,,,,,
FSTB,Fidelity Short-Term Bond ETF,NASDAQ,Fidelity Investments,USD,3978397786483.375,0.2,28441.1293581482,2,33.0,95.37315869140626,0.3353,136.654078125,0.48,,0.0,,1.56,-0.35,2026-08-03,5083238.096908345,Short-Term Bond,1423.47998046875,20260806,28398.42561035156,0.24,,,,0.15
PRFZ,Invesco RAFI US 1500 Small-Mid ETF,NASDAQ,Invesco,USD,3932462702457.0,0.34,79287.83599813841,4,91.0,140.92451806640625,0.1777,612.0963916015626,0.77,-15.85,20.64,33.61,18.06,-10.58,2026-06-22,5272852.907446827,Small Blend,1423.47998046875,20260806,78618.79932128906,1.15,16.58364,9.7671606,,0.85
BSCU,Invesco BulletShares 2030 Corporate Bond ETF,NASDAQ,Invesco,USD,3791531533892.125,0.1,23572.827716342174,12,28.0,91.10271875,0.3865,1087.538705078125,4.61,-1.04,-2.13,-1.78,3.16,-3.32,2026-07-20,11522927.638173822,Target Maturity,1423.47998046875,20260806,23601.29807617187,0.93,5.76578,0.28224,2020-09-16,-0.12
UITB,VictoryShares Core Intermediate Bond ETF,NASDAQ,Victory Capital Management Inc.,USD,3753292078724.0,0.25,65914.24093001708,11,30.0,256.226396484375,0.3887,2587.8866044921874,3.93,-9.46,-2.16,-1.61,3.68,-4.04,2026-07-09,7729947.43149518,Intermediate Core Bond,1423.47998046875,20260806,65821.714296875,0.96,4.3996,0.19539,,0.14
SOXQ,Invesco PHLX Semiconductor ETF,NASDAQ,Invesco,USD,3618736642828.125,0.19,136782.1861103028,4,91.0,109.60795849609374,0.0801,404.268314453125,0.3,1.43,65.7,119.84,43.95,-28.56,2026-06-22,108378430.79805444,Technology,1423.47998046875,20260806,134547.32775390623,2.27,48.945382,29.597250000000003,2021-06-11,1.66
PABU,iShares Paris-Aligned Climate Optimized MSCI USA ETF,NASDAQ,iShares,USD,3467137710308.5,0.1,111311.8620344214,4,91.0,229.18027685546875,0.2059,1007.8238261718752,0.91,6.95,7.8,14.81,14.81,-13.88,2026-06-15,3454784.036817209,Large Growth,1423.47998046875,20260806,111284.20581669436,1.12,17.92635,,,0.02
BSVO,EA Bridgeway Omni Small-Cap Value ETF,NASDAQ,Bridgeway,USD,3449241127826.375,0.45,42661.552853447385,1,,503.9119130859375,1.1812,503.9119130859375,1.18,1.72,28.08,44.36,18.05,-8.31,2025-12-16,4123041.308134702,Small Value,1423.47998046875,20260806,42220.13152470703,0.95,16.82769,11.98629,,1.05
APUE,ActivePassive U.S. Equity ETF,NYSE/AMEX,Active Passive Funds,USD,3440854211538.25,0.31,67786.11514948122,1,,493.9475532226562,0.7287,493.9475532226562,0.73,23.05,14.06,23.56,12.97,-8.98,2025-12-23,5033810.09246042,Large Blend,1423.47998046875,20260806,67581.27790073243,1.0,21.09988,,,0.3
FTHI,First Trust BuyWrite Income ETF,NASDAQ,First Trust,USD,3433981422435.75,0.75,34179.60362130031,12,30.0,254.80291650390623,0.7455,2987.884479003906,8.74,3.2,1.1,3.77,9.81,-6.89,2026-07-21,15006487.169466391,Derivative Income,1423.47998046875,20260806,34135.04993164063,0.56,14.27964,11.3881,2014-01-06,0.13
SLQD,iShares 0-5 Year Investment Grade Corporate Bond ETF,NASDAQ,iShares,USD,3386181647962.0,0.06,71294.9935185425,12,30.0,266.19075634765625,0.3734,3114.5741972656247,4.37,9.07,-1.23,-0.98,1.98,-1.86,2026-08-03,11529428.347269949,Short-Term Bond,1423.47998046875,20260806,71322.63880299804,0.32,5.3394098,2.60022,2013-10-15,-0.04
ACIO,Aptus Collared Investment Opportunity ETF,NYSE/AMEX,APTUS ETFs,USD,3350011682153.0,0.79,67302.13173891604,4,91.0,68.3270390625,0.1015,247.68551660156248,0.37,-2.79,8.12,12.95,9.28,-7.44,2026-06-29,5993917.991642925,Equity Hedged,1423.47998046875,20260806,67261.27960112305,0.74,15.3364,9.72987,,0.06
USTB,VictoryShares Short-Term Bond ETF,NASDAQ,Victory Capital Management Inc.,USD,3318413979592.625,0.34,71964.03084700927,11,30.0,288.9664360351563,0.4015,3019.2010385742187,4.2,-18.04,-0.54,-0.34,1.75,-1.43,2026-07-09,11109399.3251682,Short-Term Bond,1423.47998046875,20260806,71914.20861328125,0.26,5.87502,3.55809,2017-10-24,0.07
FTSL,First Trust Senior Loan Fund,NASDAQ,First Trust,USD,3299871661040.0,0.7,63885.78304387815,12,30.0,320.2829956054688,0.5013,4064.035344238281,6.36,-11.83,-2.24,-2.35,2.86,-3.49,2026-07-21,12699280.277437264,Bank Loan,1423.47998046875,20260806,63814.60752441406,0.06,6.80299,5.20386,2013-05-01,0.11
ICLN,iShares Global Clean Energy ETF,NASDAQ,iShares,USD,3282395608707.625,0.39,26149.32843584288,2,181.0,79.71487890625001,0.3048,261.92031640625,1.0,-27.56,7.43,35.07,30.97,-28.97,2026-06-15,87946718.42213255,Miscellaneous Sector,1423.47998046875,20260806,25817.8841625586,1.49,3.4630403,-3.3555802000000003,2008-06-24,1.28
DTCR,Global X Data Center & Digital Infrastructure ETF,NASDAQ,Global X Funds,USD,3269704635574.875,0.5,40014.02311979979,2,181.0,159.4297578125,0.3984,351.59955517578123,0.88,-9.52,28.06,49.36,25.0,-18.18,2026-06-29,21671645.46644064,Real Estate,1423.47998046875,20260806,40156.37024902344,1.54,29.65503,11.80515,2020-10-27,-0.35
IBTH,iShares iBonds Dec 2027 Term Treasury ETF,NASDAQ,iShares,USD,3240824344909.375,0.07,31779.19164999388,12,30.0,99.64359863281253,0.3135,1205.687543457031,3.79,-5.26,-0.67,-0.45,1.42,-1.11,2026-08-03,11090681.117128776,Target Maturity,1423.47998046875,20260806,31760.89884621582,0.39,4.2874597,0.40206998,,0.06
PKW,Invesco BuyBack Achievers ETF,NASDAQ,Invesco,USD,3231426917264.875,0.62,212070.04140847176,4,91.0,367.2578349609375,0.1732,1602.8384580078125,0.76,-0.35,9.91,19.32,13.19,-8.02,2026-06-22,4003046.799267104,Mid-Cap Value,1423.47998046875,20260806,211870.7602929688,0.81,18.10977,11.0965796,,0.09
PSC,Principal U.S. Small-Cap ETF,NASDAQ,Principal Funds,USD,3195582370367.25,0.38,99556.19501584768,4,91.0,123.84275830078124,0.1244,513.8762729492188,0.52,-11.3,20.5,32.31,18.73,-9.95,2026-07-01,9227029.92941728,Small Blend,1423.47998046875,20260806,98518.30923865236,1.1,17.49015,9.577309,,1.05
IBTG,iShares iBonds Dec 2026 Term Treasury ETF,NASDAQ,iShares,USD,3164548411430.5,0.07,32505.16405076906,12,30.0,103.91403857421876,0.3197,1265.4737026367184,3.89,-4.92,-0.22,-0.11,1.15,-0.57,2026-08-03,12447384.41485164,Target Maturity,1423.47998046875,20260806,32502.4180376416,0.23,4.39536,0.8014,2020-02-25,0.01
COWG,Pacer US Large Cap Cash Cows Growth Leaders ETF,NASDAQ,Pacer,USD,3145552401338.5,0.49,54732.80633505248,4,91.0,46.97483935546875,0.0858,202.1341572265625,0.37,49.47,8.65,9.39,18.39,-10.97,2026-06-04,18412087.20025013,Mid-Cap Growth,1423.47998046875,20260806,55548.60162583008,1.07,21.89044,,2022-12-21,-1.47
CLOA,iShares AAA CLO Active ETF,NASDAQ,iShares,USD,3143618472824.875,0.2,73771.851073822,12,30.0,293.2368759765625,0.3975,3580.0521508789066,4.85,-15.32,0.11,0.17,1.48,-0.81,2026-08-03,24367506.26247909,Securitized Bond - Focused,1423.47998046875,20260806,73739.30923543946,0.02,6.34406,,2023-01-10,0.04
FMB,First Trust Managed Municipal ETF,NASDAQ,First Trust,USD,2913311710852.0625,0.39,71857.26876244508,12,30.0,223.48635693359373,0.311,2590.733564453125,3.61,8.01,-1.39,1.58,2.96,-3.37,2026-07-21,7928544.462895808,Muni National Interm,1423.47998046875,20260806,71871.50421386719,0.86,3.4645200000000003,0.37527,,-0.02
RING,iShares MSCI Global Gold Miners ETF,NASDAQ,iShares,USD,2907053865101.125,0.39,103031.4770766236,2,181.0,748.7504697265625,0.7267,1285.4024223632812,1.25,98.9,-1.6,47.99,49.14,-39.08,2026-06-15,40883018.17921548,Equity Precious Metals,1423.47998046875,20260806,102760.8347376416,0.82,48.86921,22.82885,2012-01-31,0.26
PHO,Invesco Water Resources ETF,NASDAQ,Invesco,USD,2850320193615.875,0.59,103785.93058891594,4,91.0,175.08803759765624,0.1687,575.0859121093749,0.55,16.76,2.88,2.88,16.29,-14.02,2026-06-22,5782683.015217572,Natural Resources,1423.47998046875,20260806,103600.87297851565,0.9,8.92493,5.43531,,0.18
SQQQ,ProShares UltraPro Short QQQ,NASDAQ,ProShares,USD,2843041815209.5,0.95,54405.406591162086,4,91.0,908.1802275390626,1.6693,5689.649481933594,10.46,-65.26,-44.58,-57.84,58.63,-60.94,2026-06-24,2863102783.2568283,Trading--Inverse Equity,1423.47998046875,20260806,54464.621620703125,-3.27,-53.35606000000001,-45.482263,2010-02-09,-0.11
AVIV,Avantis International Large Cap Value ETF,NYSE/AMEX,Avantis Investors,USD,2840489117030.125,0.25,117326.0627798438,3,87.5,1238.4275830078125,1.0555,2842.689520996093,2.42,13.14,14.42,29.7,14.89,-10.9,2026-06-09,7025210.4820246,Foreign Large Value,1423.47998046875,20260806,116583.43744438476,0.81,22.2275,,,0.64
JPEF,JPMorgan Equity Focus ETF,NASDAQ,JPMorgan,USD,2816026943813.125,0.44,117465.56320975348,1,,744.4800297851563,0.6338,744.4800297851563,0.63,8.96,10.7,16.06,12.59,-8.25,2025-12-16,8302248.214021903,Large Blend,1423.47998046875,20260806,117166.6371923828,0.96,19.43309,12.764039999999998,,0.26
UBND,VictoryShares Core Plus Bond ETF,NASDAQ,Victory Capital Management Inc.,USD,2812747428143.5625,0.4,30604.678396303207,11,30.0,129.53667822265623,0.4233,1395.010380859375,4.56,-6.67,-2.14,-1.56,3.68,-3.98,2026-07-09,5798530.009006485,Intermediate Core-Plus Bond,1423.47998046875,20260806,30519.41078125,0.94,5.04575,,,0.28
AVIG,Avantis Core Fixed Income ETF,NYSE/AMEX,Avantis Investors,USD,2777435649945.1875,0.15,58101.18512748927,11,29.0,207.8280771484375,0.3577,2323.1193281250003,4.0,-12.49,-2.6,-2.02,3.96,-4.19,2026-07-07,10860190.650230924,Intermediate Core Bond,1423.47998046875,20260806,58034.8517597168,1.0,4.54341,-0.22375,,0.11
IBTI,iShares iBonds Dec 2028 Term Treasury ETF,NASDAQ,iShares,USD,2737389263453.375,0.07,31409.08652926329,12,30.0,98.22011865234376,0.3127,1184.33534375,3.77,-4.04,-1.39,-1.12,1.97,-2.0,2026-08-03,7987575.384817655,Target Maturity,1423.47998046875,20260806,31380.73004783203,0.55,4.11598,0.00685,,0.09
BNDW,Vanguard Total World Bond ETF,NASDAQ,Vanguard,USD,2686698253097.375,0.05,96362.47684342042,12,30.0,286.1194760742188,0.2969,4118.127583496094,4.27,3.77,-1.51,-2.3,3.69,-4.07,2026-08-03,7842486.86211839,Global Bond-USD Hedged,1423.47998046875,20260806,96184.54228027342,0.82,4.12639,-0.11576,,0.18
ARKQ,ARK Autonomous Technology & Robotics ETF,NYSE/AMEX,ARK ETF Trust,USD,2643023427523.1875,0.75,176924.32807569578,1,,435.5848740234375,0.2462,435.5848740234375,0.25,,4.94,26.48,35.13,-23.82,2025-12-26,28209043.436064884,Mid-Cap Growth,1423.47998046875,20260806,174172.73997021484,1.77,29.56683,8.76607,2014-09-30,1.58
VRIG,Invesco Variable Rate Investment Grade ETF,NASDAQ,Invesco,USD,2598463630139.0625,0.3,35701.018985328265,12,28.0,130.960158203125,0.3668,1661.2011372070313,4.65,-14.51,-0.1,-0.12,1.32,-0.66,2026-07-20,10605511.253580157,Ultrashort Bond,1423.47998046875,20260806,35700.87791015625,0.02,5.7449296,4.55722,,0.0
USVM,VictoryShares US Small Mid Cap Value Momentum ETF,NASDAQ,Victory Capital Management Inc.,USD,2514896746078.625,0.29,158945.77983208,11,30.0,431.31443408203126,0.2714,2751.5868022460936,1.73,11.67,21.05,34.01,14.65,-8.53,2026-07-09,5049555.275553062,Small Value,1423.47998046875,20260806,157180.6594433594,0.99,19.16779,10.98783,,1.12
BSCV,Invesco BulletShares 2031 Corporate Bond ETF,NASDAQ,Invesco,USD,2509650322711.25,0.1,23185.500890144147,12,28.0,92.52619873046876,0.3991,1088.9621850585938,4.7,-1.92,-2.44,-2.0,3.57,-3.89,2026-07-20,8109738.325885506,Target Maturity,1423.47998046875,20260806,23160.019282226564,1.06,5.8693398,,,0.11
BMOP,BNY Mellon Municipal Opportunities ETF,NASDAQ,BNY Mellon,USD,2497297340665.0625,0.49,35117.251226766966,7,30.0,119.572318359375,0.3405,659.0712309570313,1.88,,-0.98,,3.54,-3.09,2026-08-03,2914749.568658242,Muni National Interm,1423.47998046875,20260806,,,,,,
VPLS,Vanguard Core Plus Bond ETF,NASDAQ,Vanguard,USD,2487087641180.1875,0.2,108924.68332694098,12,30.0,435.5848740234375,0.3999,5224.171528320312,4.8,3.58,-2.03,-1.64,3.84,-3.96,2026-08-03,11293509.127788862,Intermediate Core-Plus Bond,1423.47998046875,20260806,108825.04450683594,0.0,,,2023-12-07,0.09
QQEW,First Trust Nasdaq-100 Select Equal Weight ETF,NASDAQ,First Trust,USD,2484896256383.375,0.55,227329.7485367432,3,91.0,28.469599609375,0.0125,449.819673828125,0.2,-43.27,12.99,17.27,18.59,-15.86,2026-03-26,6973215.10870416,Large Growth,1423.47998046875,20260806,226703.4216894531,1.1,14.202609999999998,7.28302,,0.28
AOM,iShares Core 40/60 Moderate Allocation ETF,NYSE/AMEX,iShares,USD,2483462117384.8125,0.15,70907.09652709961,4,91.0,579.3563520507812,0.8171,2160.8426103515626,3.05,7.74,4.1,7.94,7.27,-5.11,2026-07-02,7449244.854951106,Global Moderately Conservative Allocation,1423.47998046875,20260806,70741.63121416993,0.77,10.71548,4.63906,,0.23
BDVL,iShares Disciplined Volatility Equity Active ETF,NASDAQ,BlackRock,USD,2462821338808.5,0.4,38120.65095553175,2,181.0,318.85951562500003,0.8364,1303.907662109375,3.42,,8.07,,10.01,-7.71,2026-06-15,7413294.167424689,Global Large-Stock Blend,1423.47998046875,20260806,38073.37775880371,0.63,14.46624,8.4823,,0.12
DFGX,Dimensional International Core Fixed Income ETF,NASDAQ,Dimensional Fund Advisors,USD,2451240361201.0,0.2,74810.99080794677,3,122.5,995.0125063476562,1.33,3074.7167578125004,4.11,22.94,0.04,-2.0,4.79,-4.93,2026-07-21,7024309.428233174,Global Bond-USD Hedged,1423.47998046875,20260806,74684.01595927734,0.0,,,,0.17
BAFE,Brown Advisory Flexible Equity ETF,NASDAQ,Brown Advisory,USD,2445594361309.1875,0.54,43124.326116903685,1,,115.30187841796877,0.2674,115.30187841796877,0.27,406.25,10.65,16.05,13.57,-12.73,2025-12-30,1951382.379937267,Large Blend,1423.47998046875,20260806,,,,,,
VTC,Vanguard Total Corporate Bond ETF,NASDAQ,Vanguard,USD,2434331149984.6875,0.03,107301.91701802984,12,30.0,464.0544736328125,0.4325,5382.177806152344,5.02,4.74,-2.86,-2.72,4.55,-5.1,2026-08-03,8224601.807778317,Corporate Bond,1423.47998046875,20260806,107131.10333007811,1.12,5.06416,-0.0682,,0.16
VTWG,Vanguard Russell 2000 Growth ETF,NASDAQ,Vanguard,USD,2421936625098.75,0.06,403585.02842368186,4,89.0,604.9789916992187,0.1499,2377.2115673828125,0.59,35.66,18.68,33.01,22.66,-15.0,2026-06-18,5397746.042946622,Small Growth,1423.47998046875,20260806,399585.0653173828,1.44,16.914931,5.67567,,1.0
BKMI,BNY Mellon Municipal Intermediate ETF,NASDAQ,BNY Mellon,USD,2371350565074.75,0.35,36925.0714535797,7,30.0,108.184478515625,0.293,585.0502719726563,1.58,,-2.09,,3.09,-3.68,2026-08-03,2345841.122542868,Muni National Interm,1423.47998046875,20260806,,,,,,
JEMA,JPMorgan ActiveBuilders Emerging Markets Equity ETF,NASDAQ,JPMorgan,USD,2315175353255.437,0.33,86590.28981838375,1,,2041.270291992188,2.3574,2041.270291992188,2.36,57.24,20.85,38.83,25.19,-14.65,2025-12-16,5712966.291918203,Diversified Emerging Mkts,1423.47998046875,20260806,85688.7973402832,1.05,20.842550000000003,6.98106,,1.05
HYLS,First Trust Tactical High Yield ETF,NASDAQ,First Trust,USD,2302586779578.5625,0.69,57900.04711953737,12,30.0,327.4003955078125,0.5655,3911.722986328125,6.76,6.64,-2.83,-2.74,4.1,-5.27,2026-07-21,9612542.237680458,High Yield Bond,1423.47998046875,20260806,57821.756806640624,0.67,7.58187,2.98403,,0.14
FALN,iShares Fallen Angels USD Bond ETF,NASDAQ,iShares,USD,2298758461131.25,0.25,38362.78655966185,12,30.0,210.67503710937493,0.5492,2503.901285644531,6.53,4.58,-1.39,-0.3,4.92,-4.93,2026-08-03,27143716.03571517,High Yield Bond,1423.47998046875,20260806,38346.14499266113,0.81,8.847389999999999,3.56904,2016-06-14,0.04
ALLW,State Street Bridgewater All Weather ETF,NASDAQ,State Street Investment Management,USD,2298653693004.6875,0.85,42113.65391893312,1,,1829.171774902344,4.3434,1829.171774902344,4.34,,7.08,12.47,12.36,-7.23,2025-12-29,16741026.029575698,Tactical Allocation,1423.47998046875,20260806,42142.13905657715,0.0,,,2025-03-05,-0.07
ARKW,ARK Next Generation Internet ETF,NYSE/AMEX,ARK ETF Trust,USD,2287196432889.25,0.76,205401.0411752686,1,,3348.0249140625,1.63,3348.0249140625,1.63,,-3.24,-8.15,33.55,-37.18,2025-12-26,26495908.868531063,Mid-Cap Growth,1423.47998046875,20260806,207079.32667871093,2.33,33.76353,0.0123399999999999,2014-09-30,-0.81
UYLD,Angel Oak UltraShort Income ETF,NASDAQ,Angel Oak,USD,2235862601749.75,0.35,72640.04048189893,12,31.0,276.15511621093754,0.3802,3356.5657939453126,4.62,-14.69,-0.21,-0.23,1.3,-0.76,2026-07-31,8526249.097197028,Ultrashort Bond,1423.47998046875,20260806,72605.877535791,0.07,5.836130300000001,,,0.05
FEX,First Trust Large Cap Core AlphaDEX Fund,NASDAQ,First Trust,USD,2229028986816.3125,0.57,198653.73824843764,4,91.0,380.0691547851563,0.1913,1841.9830947265625,0.93,-3.36,16.28,24.81,13.39,-6.45,2026-06-25,2511715.122561025,Large Blend,1423.47998046875,20260806,,,,,,
ASHR,Xtrackers Harvest CSI 300 China A-Shares ETF,NYSE/AMEX,Xtrackers,USD,2210857820739.875,0.65,49408.98881883547,1,,1078.9978251953123,2.1838,1078.9978251953123,2.18,153.51,4.17,20.52,19.98,-9.84,2025-12-19,206655364.637494,Greater China Region,1423.47998046875,20260806,49316.46392333985,0.68,8.74547,-0.58723004,2013-11-06,0.19
IGOV,iShares International Treasury Bond ETF,NASDAQ,iShares,USD,2175653361544.1875,0.35,58875.27404478565,1,,835.5827485351562,1.4192,835.5827485351562,1.42,158.59,-0.58,-2.45,8.05,-6.36,2025-12-19,13952679.352984212,Global Bond,1423.47998046875,20260806,58965.57991014649,1.39,2.3569400000000003,-4.44393,2009-01-21,-0.15
BSCW,Invesco BulletShares 2032 Corporate Bond ETF,NASDAQ,Invesco,USD,2133907727142.25,0.1,28946.464099597182,12,28.0,118.14883837890626,0.4082,1404.9747407226562,4.85,-2.76,-2.59,-2.0,4.04,-4.29,2026-07-20,6323210.795003215,Target Maturity,1423.47998046875,20260806,28910.878403320312,1.14,5.75406,,,0.12
PWRD,TCW Transform Systems ETF,NASDAQ,TCW,USD,2069955258428.6875,0.75,161984.90177097172,1,,86.83227880859374,0.0536,86.83227880859374,0.05,-81.95,15.07,20.96,28.08,-17.46,2026-06-23,9062724.23110287,Large Blend,1423.47998046875,20260806,159389.60144225098,1.21,28.6749,,,1.63
PDP,Invesco Dorsey Wright Momentum ETF,NASDAQ,Invesco,USD,2058057789976.25,0.62,199379.7269396484,1,,160.85323779296874,0.0807,160.85323779296874,0.08,-49.33,18.05,24.87,26.07,-17.58,2025-09-22,3194663.559993425,Large Growth,1423.47998046875,20260806,195685.79291503903,1.24,20.43561,8.3921805,,1.89
USXF,iShares ESG Advanced MSCI USA ETF,NASDAQ,iShares,USD,2037640395266.3125,0.1,98531.42887603864,4,91.0,175.08803759765624,0.1777,782.9139892578125,0.79,2.8,19.25,24.67,18.86,-10.39,2026-06-15,4549842.211423653,Large Growth,1423.47998046875,20260806,97985.03093356936,1.21,25.2786,14.21184,,0.56
AVES,Avantis Emerging Markets Value ETF,NYSE/AMEX,Avantis Investors,USD,2012554532836.75,0.36,92739.72289959714,3,87.5,632.025111328125,0.6815,2297.4966884765627,2.48,-25.14,10.09,19.15,20.48,-12.99,2026-06-09,5700322.940072231,Diversified Emerging Mkts,1423.47998046875,20260806,92275.09686191406,0.97,17.17137,,,0.5
VTWV,Vanguard Russell 2000 Value ETF,NASDAQ,Vanguard,USD,2004059204313.3125,0.06,283244.04043190926,4,89.0,1014.9412260742188,0.3583,4458.339298828125,1.57,16.09,23.51,40.07,17.62,-8.64,2026-06-18,4614483.562566993,Small Value,1423.47998046875,20260806,280994.9481445313,1.07,16.91767,9.0156004,,0.8
FTA,First Trust Large Cap Value AlphaDEX Fund,NASDAQ,First Trust,USD,1989995859825.3125,0.58,144710.9800273925,4,91.0,482.5597133789063,0.3335,2313.1549682617188,1.6,0.93,16.97,28.65,11.62,-5.13,2026-06-25,2948721.8119410784,Mid-Cap Value,1423.47998046875,20260806,,,,,,
PMBS,PIMCO Mortgage-Backed Securities Active Exchange-Traded Fund,NASDAQ,PIMCO,USD,1968596013396.375,0.71,69249.8813771084,12,30.0,256.226396484375,0.37,3430.5867529296884,4.95,18.14,-1.99,-0.85,4.5,-4.59,2026-08-03,5498918.022187982,Government Mortgage-Backed Bond,1423.47998046875,20260806,69095.71825195312,1.11,5.3604297,0.65972,,0.22
CARY,Angel Oak Income ETF,NASDAQ,Angel Oak,USD,1967646358656.125,0.8,29430.44751016237,12,31.0,142.347998046875,0.4837,1555.8636186523438,5.29,-15.99,-0.72,-0.89,2.47,-2.25,2026-07-31,6917272.579796674,Multisector Bond,1423.47998046875,20260806,29388.313588769528,0.45,7.23466,,,0.14
AVLC,Avantis U.S. Large Cap Equity ETF,NYSE/AMEX,Avantis Investors,USD,1961546120608.625,0.15,130746.6340339966,4,84.0,320.2829956054688,0.245,1040.563865722656,0.8,-3.69,16.05,26.36,13.49,-8.17,2026-06-09,4536483.738646427,Large Blend,1423.47998046875,20260806,130279.45007646484,0.0,,,,0.36
ACYN,FT Vest Laddered Autocallable Barrier & Income ETF,NYSE/AMEX,First Trust,USD,1957274678537.3125,0.75,29366.39080243837,4,31.0,267.614236328125,0.9113,1040.563865722656,3.54,,2.38,,6.74,-1.96,2026-08-03,22883192.34266869,Derivative Income,1423.47998046875,20260806,29224.04399902344,0.0,,,,0.49
FNX,First Trust Mid Cap Core AlphaDEX Fund,NASDAQ,First Trust,USD,1956495021470.25,0.62,208938.38979555664,4,91.0,378.64567480468753,0.1812,1658.3541772460935,0.79,-20.75,14.83,25.8,16.2,-9.39,2026-06-25,2767443.303013167,Mid-Cap Blend,1423.47998046875,20260806,,,,,,
FYX,First Trust Small Cap Core AlphaDEX Fund,NASDAQ,First Trust,USD,1949507625147.5625,0.58,207237.3425135985,4,91.0,622.0607514648437,0.3002,1822.054375,0.88,4.92,27.58,45.86,17.88,-7.55,2026-06-25,3172238.922511249,Small Blend,1423.47998046875,20260806,205265.8131835937,1.08,19.485639,10.60072,,0.96
EVSD,Eaton Vance Short Duration Income ETF,NASDAQ,Eaton Vance ETFs,USD,1923727377795.6875,0.24,72277.90952937864,12,31.0,281.8490361328125,0.39,3336.6370742187496,4.62,-3.18,-1.27,-0.92,1.94,-1.99,2026-07-31,7095065.349072065,Short-Term Bond,1423.47998046875,20260806,72198.904609375,0.26,5.93673,3.11504,,0.11
IBTJ,iShares iBonds Dec 2029 Term Treasury ETF,NASDAQ,iShares,USD,1923310491754.6875,0.07,30656.634025473148,12,30.0,98.22011865234376,0.3204,1160.1361840820311,3.78,-2.98,-1.86,-1.59,2.52,-2.85,2026-08-03,6288598.997778326,Target Maturity,1423.47998046875,20260806,30619.623771875,0.7,3.95874,-0.33478,,0.12
BUG,Global X Cybersecurity ETF,NASDAQ,Global X Funds,USD,1903764039036.0,0.5,58070.863196752965,1,,17.081759765625,0.0294,17.081759765625,0.03,-60.0,37.13,19.88,32.89,-35.19,2025-12-30,24693412.737474024,Technology,1423.47998046875,20260806,58690.07959472656,1.15,20.19564,6.73197,2019-10-25,-1.06
QQQE,Direxion NASDAQ-100 Equal Weighted Index ETF,NASDAQ,Direxion Funds,USD,1891928702637.75,0.35,171458.1593033448,4,91.0,269.03771630859376,0.1569,967.96638671875,0.56,12.77,17.67,22.95,16.17,-9.56,2026-06-23,22571199.348902542,Large Growth,1423.47998046875,20260806,172372.03779492187,1.1,16.58996,8.619449,2012-03-21,-0.53
UNIY,WisdomTree Voya Yield Enhanced USD Universal Bond Fund,NASDAQ,WisdomTree,USD,1884113364807.0625,0.15,68123.47920979373,12,30.0,284.69599609375,0.4179,3309.590954589844,4.86,-6.44,-2.39,-2.11,3.9,-4.71,2026-07-28,1524455.6953506165,Intermediate Core Bond,1423.47998046875,20260806,,,,,,
FTC,First Trust Large Cap Growth AlphaDEX Fund,NASDAQ,First Trust,USD,1877048166762.5625,0.58,261991.4947493896,4,91.0,59.7861591796875,0.0228,381.492634765625,0.15,-49.43,13.65,17.92,21.56,-12.39,2026-06-25,2761907.4350738525,Large Growth,1423.47998046875,20260806,,,,,,
CATH,Global X S&P 500 Catholic Values ETF,NASDAQ,Global X Funds,USD,1853564801155.8125,0.29,130646.9908697754,2,181.0,401.42135449218745,0.3073,975.083786621094,0.75,-0.72,11.55,18.99,13.04,-9.42,2026-06-29,3238665.79796573,Large Blend,1423.47998046875,20260806,130276.8878125,1.03,19.84084,11.89124,,0.28
SUSB,iShares ESG Aware 1-5 Year USD Corporate Bond ETF,NASDAQ,iShares,USD,1849535145700.0625,0.12,35337.89160116576,12,30.0,135.23059814453126,0.3827,1599.9914980468748,4.53,5.84,-1.61,-1.35,2.38,-2.36,2026-08-03,4746959.740989427,Short-Term Bond,1423.47998046875,20260806,35302.673620419926,0.4,5.36693,2.27279,,0.1
FYC,First Trust Small Cap Growth AlphaDEX Fund,NASDAQ,First Trust,USD,1848008446339.25,0.7,176169.8854236938,2,273.0,185.0523974609375,0.105,296.0838359375,0.17,-57.64,27.6,52.36,21.77,-10.48,2026-06-25,6337587.855528843,Small Growth,1423.47998046875,20260806,174034.66241210938,1.33,26.09598,11.49761,,1.23
FTGS,First Trust Growth Strength ETF,NASDAQ,First Trust,USD,1842278631946.1875,0.6,56369.80505450442,2,78.0,8.5408798828125,0.0152,42.7043994140625,0.08,-74.14,12.15,12.66,13.41,-9.49,2025-12-12,4833061.182263226,Large Blend,1423.47998046875,20260806,56127.81562988281,0.95,18.05452,,,0.43
FDT,First Trust Developed Markets Ex-US AlphaDEX Fund,NASDAQ,First Trust,USD,1839671818751.875,0.8,132867.61616401374,4,91.0,1113.1613447265624,0.8378,3736.6349487304688,2.81,23.88,16.07,30.36,21.06,-13.73,2026-06-25,8666479.504499702,Foreign Large Value,1423.47998046875,20260806,132098.94218749998,1.1,24.824458,11.7307395,,0.58
SUSC,iShares ESG Aware USD Corporate Bond ETF,NASDAQ,iShares,USD,1836027163385.5625,0.18,32344.312289975584,12,30.0,125.26623828125,0.3873,1484.6896196289065,4.59,3.06,-2.75,-2.4,4.57,-4.87,2026-08-03,6264733.581250589,Corporate Bond,1423.47998046875,20260806,32297.778555649413,1.11,4.91539,-0.2336599899999999,,0.14
FTXL,First Trust Nasdaq Semiconductor ETF,NASDAQ,First Trust,USD,1803551412821.875,0.6,333037.3857875243,4,91.0,51.245279296875,0.0154,350.17607519531254,0.11,-43.96,72.04,145.45,46.84,-32.65,2026-06-25,39514610.10344037,Technology,1423.47998046875,20260806,328681.5274902344,2.39,48.052442,27.90505,2016-09-20,1.33
SEIE,SEI Select International Equity ETF,NASDAQ,SEI Investments Co,USD,1741629988120.125,0.5,52626.05661557615,4,91.0,515.2997529296874,0.9792,1147.3248642578124,2.18,45.23,12.75,25.86,15.06,-12.33,2026-07-06,3480653.5158155523,Foreign Large Blend,1423.47998046875,20260806,52412.53288085938,0.0,,,,0.41
GOVI,Invesco Equal Weight 0-30 Year Treasury ETF,NASDAQ,Invesco,USD,1733478845668.125,0.15,37764.92485926207,12,28.0,130.960158203125,0.3468,1483.2661396484373,3.93,3.48,-3.6,-3.53,6.39,-6.96,2026-07-20,10369119.49552358,Long Government,1423.47998046875,20260806,37665.28028320312,1.57,1.42608,-3.65054,,0.26
PTNQ,Pacer Trendpilot 100 ETF,NASDAQ,Pacer,USD,1700208497191.5,0.65,123073.93662431836,1,,986.4716264648436,0.8015,986.4716264648436,0.8,-52.17,10.12,18.06,18.94,-12.52,2025-12-30,3043269.3374466,Large Growth,1423.47998046875,20260806,122652.01729711914,0.82,12.85564,9.85166,,0.34
COMT,iShares GSCI Commodity Dynamic Roll Strategy ETF,NASDAQ,iShares,USD,1690954829637.1875,0.48,46021.11037502438,1,,2743.045922363281,5.9604,2743.045922363281,5.96,55.4,29.9,24.42,23.33,-17.57,2025-12-16,12476973.174260296,Commodities Broad Basket,1423.47998046875,20260806,45959.05827620605,1.14,10.69849,11.59776,2014-10-15,0.14
SUSL,iShares ESG MSCI USA Leaders ETF,NASDAQ,iShares,USD,1652706446402.625,0.1,195742.7242948488,4,91.0,405.6917944335937,0.2073,1776.5030156249998,0.91,5.67,13.29,23.55,14.0,-11.59,2026-06-15,3660326.644311426,Large Blend,1423.47998046875,20260806,195171.3472500977,1.08,21.960779,13.37224,,0.29
IMCV,iShares Morningstar Mid-Cap Value ETF,NASDAQ,iShares,USD,1622095932902.625,0.06,137607.80710544437,4,91.0,595.0146318359375,0.4324,2461.1968862304684,1.79,-10.6,16.51,25.51,11.66,-7.29,2026-06-15,2522059.421482162,Mid-Cap Value,1423.47998046875,20260806,,,,,,
APIE,ActivePassive International Equity ETF,NYSE/AMEX,Active Passive Funds,USD,1620621162091.5,0.45,56590.44814397581,1,,1876.1466142578129,3.3153,1876.1466142578129,3.32,120.03,10.02,19.35,17.1,-12.41,2025-12-23,2235006.5824688,Foreign Large Blend,1423.47998046875,20260806,,,,,,
PEY,Invesco High Yield Equity Dividend Achievers ETF,NASDAQ,Invesco,USD,1606846795427.375,0.54,35345.00780643616,12,28.0,138.07755810546877,0.3907,1464.7608999023437,4.14,7.41,20.89,20.59,14.34,-9.68,2026-07-20,7119006.426005079,Mid-Cap Value,1423.47998046875,20260806,35216.89471679687,0.61,11.99454,8.8754304,,0.36
QQQJ,Invesco NASDAQ Next Gen 100 ETF,NASDAQ,Invesco,USD,1591867321999.625,0.15,64512.112280432135,4,91.0,12.81131982421875,0.0199,347.32911523437497,0.54,14.02,20.82,35.61,19.31,-11.97,2026-06-22,6157712.573159419,Mid-Cap Growth,1423.47998046875,20260806,64284.35591796874,1.2,21.01143,6.672589499999999,,0.35
AVGE,Avantis All Equity Markets ETF,NYSE/AMEX,Avantis Investors,USD,1578580901497.125,0.23,144226.9911866821,3,87.5,701.7756303710937,0.4866,1977.2136928710936,1.37,-4.99,16.73,28.5,13.2,-8.76,2026-06-11,4106406.9604762713,Global Large-Stock Blend,1423.47998046875,20260806,143549.84219438478,0.95,20.139380000000003,,,0.47
VOTE,TCW Transform 500 ETF,NASDAQ,TCW,USD,1562124106382.125,0.05,129479.73772020264,4,91.0,318.85951562500003,0.2463,1180.0649038085935,0.91,0.73,13.24,22.1,13.18,-9.31,2026-06-23,2062589.4207940577,Large Blend,1423.47998046875,20260806,,,,,,
DGCB,Dimensional Global Credit ETF,NASDAQ,Dimensional Fund Advisors,USD,1525336190831.8438,0.2,76241.58970875852,6,28.0,973.6603066406252,1.2771,4062.6118642578126,5.33,69.38,-1.16,-2.16,4.62,-5.22,2026-07-21,4569263.684325716,Global Bond-USD Hedged,1423.47998046875,20260806,76082.44269208984,0.0,,,,0.21
GGLL,Direxion Daily GOOGL Bull 2X ETF,NASDAQ,Direxion Funds,USD,1518277825491.25,0.96,159956.30813120306,5,84.5,827.0418686523437,0.517,6713.131587890624,4.2,225.92,14.51,165.46,65.44,-40.64,2026-06-23,155254298.48256043,Trading--Leveraged Equity,1423.47998046875,20260806,161676.0092216797,2.58,62.85879,,2022-09-06,-1.06
JSMD,Janus Henderson Small/Mid Cap Growth Alpha ETF,NASDAQ,Janus Henderson,USD,1497995080599.625,0.3,137323.11545346677,4,91.0,116.7253583984375,0.085,579.3563520507813,0.42,-36.11,17.02,22.62,22.63,-14.85,2026-06-30,5891262.566428986,Small Growth,1423.47998046875,20260806,135629.1725390625,1.24,15.40253,7.61965,,1.25
FTXR,First Trust Nasdaq Transportation ETF,NASDAQ,First Trust,USD,1474653288617.8125,0.6,64631.401709947735,4,91.0,180.7819575195313,0.2797,620.6372714843751,0.96,-48.1,16.19,39.07,21.55,-14.57,2026-06-25,8804999.148575922,Industrials,1423.47998046875,20260806,63828.84232421876,1.31,15.67903,8.78537,,1.26
MODL,VictoryShares WestEnd U.S. Sector ETF,NASDAQ,Victory Capital Management Inc.,USD,1470232802498.625,0.46,74903.51505182497,11,30.0,31.3165595703125,0.0418,481.1362333984375,0.64,-1.17,10.72,19.78,11.87,-9.57,2026-07-09,3080155.620980221,Large Blend,1423.47998046875,20260806,74661.52497558594,0.95,20.244521,,,0.32
LEND,SEI High Yield Bond & Alternative Credit ETF,NASDAQ,SEI,USD,1467495712416.5,0.65,35430.41584504396,2,30.0,200.71067724609367,0.5665,549.4632724609376,1.55,,-0.76,,4.11,-1.39,2026-08-05,2295054.7805427825,High Yield Bond,1423.47998046875,20260806,,,,,,
VGUS,Vanguard Ultra-Short Treasury ETF,NASDAQ,Vanguard,USD,1465113922937.5,0.07,107465.62503519282,12,30.0,328.82387548828126,0.306,3864.7481469726567,3.6,132.45,0.02,0.13,1.05,-0.4,2026-08-03,11015317.496425036,Ultrashort Bond,1423.47998046875,20260806,107444.26892578126,0.0,,,,0.02
BSCX,Invesco BulletShares 2033 Corporate Bond ETF,NASDAQ,Invesco,USD,1457958442098.7188,0.1,29644.824212085456,12,28.0,125.26623828125,0.4226,1463.3374199218747,4.94,-1.81,-2.93,-2.32,4.27,-4.56,2026-07-20,4343261.661187951,Target Maturity,1423.47998046875,20260806,29636.853193359377,0.0,,,,0.03
BAB,Invesco Taxable Municipal Bond ETF,NYSE/AMEX,Invesco,USD,1433529521374.0625,0.28,37707.98435680848,12,28.0,142.347998046875,0.3775,1585.7566982421877,4.21,5.19,-2.5,-0.93,5.71,-5.23,2026-07-20,4578022.460350515,Muni National Long,1423.47998046875,20260806,37608.34108398438,0.98,4.543059700000001,-1.07994,,0.26
APCB,ActivePassive Core Bond ETF,NYSE/AMEX,Active Passive Funds,USD,1430517756594.9062,0.36,41295.15455920715,12,30.0,143.77147802734376,0.3482,1812.0900151367184,4.39,-6.81,-2.06,-1.95,3.64,-4.07,2026-08-03,1988235.122567401,Intermediate Core-Plus Bond,1423.47998046875,20260806,,,,,,
FMHI,First Trust Municipal High Income ETF,NASDAQ,First Trust,USD,1415427502261.1562,0.49,67999.63931860961,12,30.0,251.95595654296875,0.3705,2949.45051953125,4.34,5.45,-0.46,3.13,3.4,-2.68,2026-07-21,4996326.085977729,High Yield Muni,1423.47998046875,20260806,67971.16906738281,0.97,4.9888402,0.4252599999999999,,0.04
IBTK,iShares iBonds Dec 2030 Term Treasury ETF,NASDAQ,iShares,USD,1388447796514.2188,0.07,27608.39487280883,12,30.0,85.408798828125,0.3094,1043.4108256835937,3.78,-3.68,-2.22,-2.02,3.11,-3.59,2026-08-03,4786488.465185735,Target Maturity,1423.47998046875,20260806,27572.2378296875,0.87,3.7002,-1.1168701,,0.13
PBPH,Portfolio Building Block World Pharma and Biotech Index ETF,NASDAQ,Portfolio Building Block ETFs,USD,1355494849909.7188,0.13,39031.82117305603,1,,32.74003955078125,0.0839,32.74003955078125,0.08,,8.33,,17.87,-11.1,2025-12-24,6348538.612705856,Health,1423.47998046875,20260806,39026.12714453125,0.0,,,,0.01
DMXF,iShares ESG Advanced MSCI EAFE ETF,NASDAQ,iShares,USD,1325033198252.1562,0.12,123102.55348946528,2,181.0,1470.4548198242187,1.1945,5034.848690917968,4.09,74.67,13.73,18.77,17.72,-11.84,2026-06-15,6166846.583676099,Foreign Large Blend,1423.47998046875,20260806,122290.98006967283,0.96,16.42164,7.5159796,,0.66
PID,Invesco International Dividend Achievers ETF,NASDAQ,Invesco,USD,1317980572382.8438,0.53,32818.33138411865,4,91.0,445.5492338867188,1.3576,1141.6309443359376,3.48,8.82,4.37,11.43,9.87,-8.31,2026-06-22,1710638.994657053,Foreign Large Value,1423.47998046875,20260806,,,,,,
PPH,VanEck Pharmaceutical ETF,NASDAQ,VanEck,USD,1317572249997.4062,0.36,156113.04685153812,4,91.0,889.6749877929688,0.5699,3093.221997558594,1.98,11.32,5.74,30.81,17.66,-11.49,2026-07-01,39469218.08594206,Health,1423.47998046875,20260806,156411.98025390625,0.4,13.641441000000002,9.94631,2011-12-20,-0.19
IUS,Invesco RAFI Strategic US ETF,NASDAQ,Invesco,USD,1311445409956.0312,0.19,98405.16714010017,4,91.0,291.81339599609373,0.2965,1202.8405834960938,1.22,2.55,20.29,33.51,10.63,-6.49,2026-06-22,2798091.972310769,Large Value,1423.47998046875,20260806,,,,,,
AGGY,WisdomTree Yield Enhanced U.S. Aggregate Bond Fund,NYSE/AMEX,WisdomTree,USD,1308599998741.3125,0.12,60981.88258048706,12,30.0,241.99159667968752,0.3968,2781.479881835937,4.56,-0.56,-2.64,-2.12,4.36,-4.95,2026-07-28,3930735.599681672,Intermediate Core Bond,1423.47998046875,20260806,60869.42744482422,1.0,4.6163302,-0.36459,,0.18
HLAL,Wahed FTSE USA Shariah ETF,NASDAQ,Wahed Invest,USD,1301547828385.5938,0.5,103586.63340018316,4,91.0,27.04611962890625,0.0261,459.7840336914063,0.44,-9.27,17.18,32.33,15.46,-10.32,2026-06-25,4392622.865322524,Large Blend,1423.47998046875,20260806,103332.11995820313,1.08,20.05,14.03103,,0.25
FTXH,First Trust Nasdaq Pharmaceuticals ETF,NASDAQ,First Trust,USD,1296924729819.9062,0.6,55878.70815374144,4,91.0,130.960158203125,0.2344,602.1320317382813,1.08,-3.86,18.51,50.98,17.03,-7.47,2026-06-25,5703797.572958897,Health,1423.47998046875,20260806,55686.5368359375,0.45,16.092461,9.31136,,0.35
FTQI,First Trust Nasdaq BuyWrite Income ETF,NASDAQ,First Trust,USD,1292398473444.25,0.75,31515.84589875489,12,30.0,316.0125556640625,1.0027,3480.4085522460937,11.04,1.96,6.34,10.81,11.84,-8.35,2026-07-21,5686822.761353056,Derivative Income,1423.47998046875,20260806,31401.968369140624,0.69,17.299788999999997,12.1156596,,0.36
AUSF,Global X Adaptive U.S. Factor ETF,NYSE/AMEX,Global X Funds,USD,1283914806068.8125,0.27,73536.97557380982,6,91.0,462.63099365234376,0.6291,2380.05852734375,3.24,31.55,10.74,15.91,10.5,-5.84,2026-08-05,3417853.948851703,Mid-Cap Value,1423.47998046875,20260806,73693.55858886719,0.61,19.98921,14.52746,,-0.21
AIPO,Defiance AI & Power Infrastructure ETF,NASDAQ,Defiance ETFs LLC,USD,1264394135419.5312,0.69,43458.84478113707,1,,4.27043994140625,0.0098,4.27043994140625,0.01,,31.88,48.42,37.71,-24.36,2025-12-30,17348464.039889954,Technology,1423.47998046875,20260806,42881.19562763671,0.0,,,2025-07-24,1.35
BSJQ,Invesco BulletShares 2026 High Yield Corporate Bond ETF,NASDAQ,Invesco,USD,1255029413651.0625,0.43,32604.809930062853,12,28.0,142.347998046875,0.4366,1863.335294433594,5.71,-12.03,-1.82,-1.91,2.08,-2.76,2026-07-20,6501400.144940707,Target Maturity,1423.47998046875,20260806,32640.39595214844,0.27,6.531689999999999,3.74805,,-0.11
AVRE,Avantis Real Estate ETF,NYSE/AMEX,Avantis Investors,USD,1247316475276.25,0.17,69024.54664219357,4,84.0,555.1571923828125,0.8043,2317.425408203125,3.36,-5.73,11.13,10.13,12.29,-9.45,2026-06-09,2787243.751042886,Global Real Estate,1423.47998046875,20260806,,,,,,
BSJR,Invesco BulletShares 2027 High Yield Corporate Bond ETF,NASDAQ,Invesco,USD,1232241252891.0938,0.42,31843.104458870366,12,28.0,140.92451806640625,0.4426,1772.232575683594,5.57,-16.16,-1.08,-1.52,2.45,-2.82,2026-07-20,3911477.0225900295,Target Maturity,1423.47998046875,20260806,31843.24716308594,0.49,7.66254,3.42912,,-0.0
AMJB,Alerian MLP Index ETN,NYSE/AMEX,JPMorgan,USD,1231893969327.2188,0.85,51985.48953833617,4,91.0,723.127830078125,1.391,2852.653880859375,5.49,8.27,20.85,18.88,16.76,-11.8,2026-05-29,1418548.5393188903,Energy Limited Partnership,1423.47998046875,20260806,,,,,,
MSFU,Direxion Daily MSFT Bull 2X ETF,NASDAQ,Direxion Funds,USD,1225784621007.8438,0.98,53650.95850901492,5,84.5,204.9811171875,0.3821,4315.991300781249,8.04,12.01,-4.87,-31.07,64.25,-64.85,2026-06-23,115629574.91007294,Trading--Leveraged Equity,1423.47998046875,20260806,51887.26876806641,2.26,8.65123,,2022-09-06,3.4
ARGT,Global X MSCI Argentina ETF,NYSE/AMEX,Global X Funds,USD,1205705581795.3438,0.59,131956.58984533697,2,181.0,468.3249135742188,0.3549,1466.1843798828124,1.11,0.68,1.72,7.01,37.34,-21.6,2026-06-29,26007741.4764304,Focused Region,1423.47998046875,20260806,134433.44935546874,0.48,28.87374,25.49859,2011-03-02,-1.84
EEMA,iShares MSCI Emerging Markets Asia ETF,NASDAQ,iShares,USD,1195009029381.4688,0.49,162205.5394302979,2,181.0,482.5597133789063,0.2975,2196.4296098632813,1.35,30.21,17.7,35.24,23.95,-14.3,2026-06-15,15687572.54761575,Pacific/Asia ex-Japan Stk,1423.47998046875,20260806,162960.07357286132,1.07,21.190990000000003,7.47331,2012-02-08,-0.46
ISHG,iShares 1-3 Year International Treasury Bond ETF,NASDAQ,iShares,USD,1176096287174.4062,0.35,107354.8717939146,1,,1554.440138671875,1.4479,1554.440138671875,1.45,-36.66,0.44,-0.18,6.28,-5.02,2025-12-19,6480087.156029629,Global Bond,1423.47998046875,20260806,107119.5304378369,0.84,3.73891,-0.58704,,0.22
AQEC,AQE Core ETF,NYSE/AMEX,ARLINGTON PARTNERS LLC,USD,1154597594295.625,0.49,36967.7741153473,3,88.0,145.1949580078125,0.3928,327.40039550781245,0.89,,0.66,,14.09,-13.16,2026-06-24,1008758.6841320166,Large Blend,1423.47998046875,20260806,,,,,,
PFM,Invesco Dividend Achievers ETF,NASDAQ,Invesco,USD,1124236793347.7188,0.52,81949.74204117432,4,91.0,274.7316362304688,0.3352,1060.492585449219,1.29,3.33,11.44,18.17,9.44,-7.44,2026-06-22,1295872.2443085932,Large Value,1423.47998046875,20260806,,,,,,
AOK,iShares Core 30/70 Conservative Allocation ETF,NYSE/AMEX,iShares,USD,1112564166405.1562,0.15,58874.99167723581,12,30.0,120.99579833984376,0.2055,1974.3667329101563,3.35,7.1,2.58,5.54,6.11,-4.68,2026-08-04,6692032.920180089,Global Conservative Allocation,1423.47998046875,20260806,58738.19321806641,0.69,9.15514,3.54045,,0.23
QQA,Invesco QQQ Income Advantage ETF,NASDAQ,Invesco,USD,1105703129553.375,0.29,80067.19215626828,12,28.0,677.576470703125,0.8463,7866.150372070312,9.82,8.8,6.29,10.09,15.6,-10.91,2026-07-20,5858700.407569627,Derivative Income,1423.47998046875,20260806,79828.7573046875,0.0,,,,0.3
AVTM,Avantis Total Equity Markets ETF,NYSE/AMEX,Avantis Investors,USD,1098227604863.625,0.22,79312.46170657128,2,91.0,153.735837890625,0.1938,214.94547705078125,0.27,,11.61,,15.81,-9.28,2026-06-09,159728.02330312802,Global Large-Stock Blend,1423.47998046875,20260806,,,,,,
VOLT,Tema Electrification ETF,NASDAQ,Tema ETFs,USD,1071612674402.5624,0.75,55159.84924316406,1,,187.899357421875,0.3406,187.899357421875,0.34,13100.0,30.34,42.05,24.63,-17.22,2025-12-10,8277177.140763575,Mid-Cap Blend,1423.47998046875,20260806,54157.29229291992,0.0,,,,1.85
FEM,First Trust Emerging Markets AlphaDEX Fund,NASDAQ,First Trust,USD,1066256927772.6876,0.8,45784.38319550268,4,91.0,270.4611962890625,0.5907,1017.7881860351564,2.22,-14.17,15.61,26.03,20.53,-11.41,2026-06-25,2922634.8664688626,Diversified Emerging Mkts,1423.47998046875,20260806,,,,,,
XBIL,US Treasury 6 Month Bill ETF,NASDAQ,F/m Investments LLC,USD,1054761495618.0938,0.15,71259.26316319779,12,29.0,226.3333168945313,0.3176,2620.626644042969,3.68,-14.53,-0.04,0.08,1.09,-0.45,2026-07-28,6133181.671501403,Ultrashort Bond,1423.47998046875,20260806,71253.85625034179,0.01,4.5792498,,,0.01
CDC,VictoryShares US EQ Income Enhanced Volatility Wtd ETF,NASDAQ,Victory Capital Management Inc.,USD,1050185952671.5938,0.35,108824.89897894488,11,30.0,287.5429560546875,0.2642,3164.395996582032,2.91,-2.16,15.26,18.34,10.4,-5.99,2026-07-09,1270027.0840527965,Large Value,1423.47998046875,20260806,,,,,,
AVMV,Avantis U.S. Mid Cap Value ETF,NYSE/AMEX,Avantis Investors,USD,1049150661375.7188,0.2,118319.65988626704,4,84.0,354.44651513671874,0.2996,1201.417103515625,1.02,-5.59,14.92,25.32,13.56,-7.85,2026-06-09,2676929.2463067044,Mid-Cap Value,1423.47998046875,20260806,,,,,,
SKOR,FlexShares Credit-Scored US Corporate Bond Index Fund,NASDAQ,Flexshares Trust,USD,1048664446165.75,0.15,68308.25076014549,12,30.0,271.88467626953127,0.398,3209.947355957031,4.7,-4.0,-2.29,-1.72,3.07,-3.25,2026-08-03,2766332.702449297,Corporate Bond,1423.47998046875,20260806,,,,,,
BRTR,iShares Total Return Active ETF,NASDAQ,BlackRock,USD,1046238289662.7188,0.38,70526.31302585453,12,30.0,271.88467626953127,0.3855,3333.790114257812,4.73,-14.93,-2.38,-1.84,3.99,-4.42,2026-08-03,4646514.890745307,Intermediate Core-Plus Bond,1423.47998046875,20260806,70256.21030603028,0.0,,,,0.38
BSJS,Invesco BulletShares 2028 High Yield Corporate Bond ETF,NASDAQ,Invesco,USD,1040947863682.1876,0.42,31016.20466453675,12,28.0,155.15931787109375,0.5003,1903.192733886719,6.14,-10.81,-0.96,-1.14,3.14,-3.13,2026-07-20,3359844.301879723,Target Maturity,1423.47998046875,20260806,30989.15917480469,0.57,8.2480095,3.2128602,,0.09
ROBT,First Trust Nasdaq Artificial Intelligence and Robotics ETF,NASDAQ,First Trust,USD,1031706950508.5,0.65,82326.96336717531,1,,12.81131982421875,0.0156,12.81131982421875,0.02,-95.96,10.24,15.93,25.23,-21.66,2026-06-25,3802076.138463967,Technology,1423.47998046875,20260806,82006.68167480468,1.56,9.28592,1.41782,,0.39
PIZ,Invesco Dorsey Wright Developed Markets Momentum ETF,NASDAQ,Invesco,USD,1030388511962.75,0.8,76782.5081916321,4,91.0,640.5659912109376,0.8343,1184.33534375,1.54,-2.23,8.9,16.53,23.71,-16.63,2026-06-22,3926528.646421668,Foreign Large Growth,1423.47998046875,20260806,76284.29215332032,1.16,22.042999,7.8635104,,0.65
EWJV,iShares MSCI Japan Value ETF,NASDAQ,iShares,USD,1026253997277.7188,0.15,67885.75831370242,2,181.0,687.5408305664063,1.0128,3177.2073164062504,4.68,88.04,19.52,30.68,19.97,-14.74,2026-06-15,7255598.879879423,Japan Stock,1423.47998046875,20260806,67431.78403318359,0.66,24.67458,15.49229,,0.67
AFLG,First Trust Active Factor Large Cap ETF,NYSE/AMEX,First Trust,USD,1017527358951.375,0.55,64056.59912109375,4,91.0,95.37315869140626,0.1489,442.7022739257813,0.69,14.76,14.45,21.92,12.14,-8.31,2026-06-25,2925612.9142347844,Large Blend,1423.47998046875,20260806,,,,,,
MYCH,State Street My2028 Corporate Bond ETF,NASDAQ,State Street Investment Management,USD,1007591696444.5,0.15,35330.77268082276,12,30.0,126.68971826171874,0.3586,1533.0879389648435,4.34,13.61,-1.1,-0.72,1.98,-1.66,2026-08-03,3712430.935609309,Target Maturity,1423.47998046875,20260806,35279.25737474121,0.0,,,,0.15
ARKF,ARK Blockchain & Fintech Innovation ETF,NYSE/AMEX,ARK ETF Trust,USD,997588982336.625,0.75,59885.8023439087,1,,61.20963916015624,0.1022,61.20963916015624,0.1,,-12.65,-21.9,33.69,-38.56,2025-12-26,14513725.875359096,Technology,1423.47998046875,20260806,60433.84257080078,2.12,24.616079,-4.3983597,2019-02-01,-0.91
AVNM,Avantis All International Markets Equity ETF,NYSE/AMEX,Avantis Investors,USD,993099713664.7812,0.31,120348.11234226078,3,87.5,1204.2640634765626,1.0007,2762.974642089844,2.3,-3.14,13.65,27.17,16.31,-11.68,2026-06-11,4042195.86838261,Foreign Large Blend,1423.47998046875,20260806,119519.64960009763,0.88,21.10462,,,0.69
SFLO,VictoryShares Small Cap Free Cash Flow ETF,NASDAQ,Victory Capital Management Inc.,USD,974579533072.8124,0.49,54106.4716683533,10,30.0,35.58699951171875,0.0658,368.68131494140624,0.68,-28.65,28.96,40.47,17.65,-7.89,2026-07-09,2243483.080304256,Small Value,1423.47998046875,20260806,,,,,,
KAT,Scharf ETF,NASDAQ,Scharf Investments,USD,963073897413.7188,0.75,82654.3631110657,3,90.5,65.4800791015625,0.0792,374.37523486328126,0.45,,5.59,,10.55,-9.25,2026-06-29,1056531.306100582,Large Blend,1423.47998046875,20260806,,,,,,
EBI,Longview Advantage ETF,NASDAQ,Longview Funds,USD,959313177183.7188,0.24,95599.48714289068,2,181.0,526.6875927734375,0.5509,1033.4464658203124,1.08,205.04,17.67,30.13,12.39,-7.09,2026-06-29,452690.1177075754,Large Blend,1423.47998046875,20260806,,,,,,
BRES,Burney U.S. Equity Select ETF,NASDAQ,The Burney Company,USD,957715053291.4062,0.79,39416.161419400014,1,,62.633119140625,0.1589,62.633119140625,0.16,,11.25,,16.28,-9.33,2026-03-30,492833.8447341919,Large Blend,1423.47998046875,20260806,,,,,,
FEPI,REX FANG & Innovation Equity Premium Income ETF,NASDAQ,Rex,USD,932521143037.4062,0.65,59074.419189453125,20,7.0,277.57859619140623,0.4699,15440.487348144534,26.14,-10.23,-8.12,-10.31,20.47,-23.33,2026-08-05,7662438.571709196,Derivative Income,1423.47998046875,20260806,58932.07119140625,0.0,,,,0.24
IBTL,iShares iBonds Dec 2031 Term Treasury ETF,NASDAQ,iShares,USD,926014040247.9688,0.07,28469.45842560008,12,30.0,93.9496787109375,0.33,1124.549184570313,3.95,-3.07,-2.51,-2.27,3.61,-4.13,2026-08-03,3379422.549497232,Target Maturity,1423.47998046875,20260806,28423.749319204104,1.03,3.41869,-1.27513,,0.16
AVSF,Avantis Short-Term Fixed Income ETF,NYSE/AMEX,Avantis Investors,USD,924230249014.8438,0.15,65921.35985036008,11,29.0,232.02723681640623,0.352,2629.167523925781,3.99,-8.38,-1.63,-1.44,2.2,-2.34,2026-07-07,3178587.962837144,Short-Term Bond,1423.47998046875,20260806,65873.6713161621,0.35,4.7824796,1.8924499,,0.07
SMRI,Bushido Capital US Equity ETF,NASDAQ,Bushido,USD,917176894323.7812,0.71,63558.38329998776,4,91.0,41.28091943359375,0.0649,538.0754326171876,0.85,-24.4,23.53,39.74,14.88,-6.98,2026-06-29,429876.58376640535,Mid-Cap Value,1423.47998046875,20260806,,,,,,
LVHD,Franklin U.S. Low Volatility High Dividend Index ETF,NASDAQ,Franklin Templeton Investments,USD,897800621483.7188,0.27,63250.48320747167,5,72.5,459.7840336914063,0.7269,2044.1172519531249,3.23,2.28,11.22,8.93,10.73,-6.17,2026-05-07,2331263.2539660083,Mid-Cap Value,1423.47998046875,20260806,,,,,,
HNDL,Strategy Shares Nasdaq 7HANDL Index ETF,NASDAQ,Strategy Shares,USD,896867547438.2812,0.95,32327.229053210467,12,30.0,189.32283740234377,0.5856,2233.440089355469,6.91,4.39,2.9,4.27,7.73,-5.52,2026-07-14,1580053.7788550693,Moderately Conservative Allocation,1423.47998046875,20260806,,,,,,
SEEM,SEI Select Emerging Markets Equity ETF,NASDAQ,SEI Investments Co,USD,881615039162.4375,0.6,54633.16317083128,4,91.0,414.2326743164063,0.7582,1456.2200200195311,2.67,118.12,20.11,37.54,23.87,-14.01,2026-07-06,1982856.484898328,Diversified Emerging Mkts,1423.47998046875,20260806,,,,,,
SLVR,Sprott Silver Miners & Physical Silver ETF,NASDAQ,Sprott,USD,867465602605.2188,0.65,77793.18310467526,1,,2925.2513598632813,3.7603,2925.2513598632813,3.76,,-1.69,68.83,65.78,-43.7,2025-12-18,19842070.28899949,Equity Precious Metals,1423.47998046875,20260806,78441.29136772461,0.0,,,2025-01-14,-0.83
RAA,SMI 3Fourteen REAL Asset Allocation ETF,NASDAQ,3fourteensmi,USD,864684965423.5312,0.9,42469.52391405031,4,91.0,140.92451806640625,0.3318,893.945427734375,2.1,455.75,8.36,14.51,10.61,-6.09,2026-06-17,1394230.67955394,Moderate Allocation,1423.47998046875,20260806,,,,,,
TSMX,Direxion Daily TSM Bull 2X ETF,NASDAQ,Direxion Funds,USD,861453187578.5938,0.99,112739.61010900883,5,84.5,508.1823530273437,0.4508,5920.253238769532,5.25,654.81,45.64,138.2,81.07,-39.94,2026-06-23,50296697.7447724,Trading--Leveraged Equity,1423.47998046875,20260806,108580.20595019532,0.0,,,2024-10-02,3.83
EMEQ,Nomura Focused Emerging Markets Equity ETF,NASDAQ,Nomura,USD,848920550971.0312,0.85,89479.95244108886,1,,1578.6392983398437,1.7642,1578.6392983398437,1.76,155.53,49.82,105.3,40.79,-26.25,2025-12-24,6203397.151095265,Diversified Emerging Mkts,1423.47998046875,20260806,88383.8719873047,0.0,,,,1.24
PTF,Invesco Dorsey Wright Technology Momentum ETF,NASDAQ,Invesco,USD,848716207572.875,0.6,153493.848900415,1,,11.38783984375,0.0074,11.38783984375,0.01,-94.63,36.48,56.21,51.48,-38.59,2025-09-22,6954074.339059351,Technology,1423.47998046875,20260806,150404.89473632813,2.08,29.73808,15.56887,,2.05
QVAL,Alpha Architect U.S. Quantitative Value ETF,NASDAQ,Alpha Architect,USD,836962772518.7812,0.28,84924.81541755982,4,97.0,264.7672763671875,0.3118,1181.4883837890627,1.39,32.17,21.15,38.79,14.35,-6.04,2026-06-29,1126244.7642119054,Mid-Cap Value,1423.47998046875,20260806,,,,,,
UFO,Procure Space ETF,NASDAQ,Procure ETF Trust II,USD,835915364561.3125,0.75,67842.9144681599,2,182.0,82.5618388671875,0.1217,210.67503710937493,0.31,-70.69,18.2,53.73,42.18,-36.79,2026-06-29,30073861.76052296,Miscellaneous Sector,1423.47998046875,20260806,66372.88574531251,1.92,35.227582,10.98975,2019-04-10,2.21
QCLN,First Trust NASDAQ Clean Edge Green Energy Index Fund,NASDAQ,First Trust,USD,835027659669.8125,0.59,75259.38504694216,3,91.0,9.964359863281253,0.0132,118.14883837890626,0.16,-46.45,13.75,54.1,41.02,-32.12,2026-03-26,7556862.686187304,Miscellaneous Sector,1423.47998046875,20260806,73323.45379394531,2.16,1.18452,-4.7162298,,2.64
BRNY,Burney U.S. Factor Rotation ETF,NASDAQ,The Burney Company,USD,825285590440.2812,0.79,84436.56391287595,3,99.5,69.75051904296875,0.0826,166.54715771484376,0.2,23.16,16.96,29.96,15.5,-9.43,2026-03-30,931832.038526801,Mid-Cap Blend,1423.47998046875,20260806,,,,,,
FAD,First Trust Multi Cap Growth AlphaDEX Fund,NASDAQ,First Trust,USD,821958610254.25,0.63,272553.713597998,4,91.0,101.06707861328124,0.0371,253.37943652343748,0.09,-76.73,16.72,27.25,20.63,-10.67,2026-06-25,1848594.5169760413,Mid-Cap Growth,1423.47998046875,20260806,,,,,,
SEIS,SEI Select Small Cap ETF,NASDAQ,SEI Investments Co,USD,819279097090.375,0.55,47501.525427801535,4,91.0,35.58699951171875,0.0749,153.73583789062502,0.32,-28.48,18.48,29.03,19.48,-11.18,2026-07-06,1408808.0878901386,Small Blend,1423.47998046875,20260806,,,,,,
AGGH,Simplify Aggregate Bond ETF,NYSE/AMEX,Simplify Asset Management,USD,817213251840.0,0.3,28339.49333064258,12,30.0,170.81759765625,0.6028,2135.219970703125,7.53,-2.6,-3.87,-3.68,5.62,-5.95,2026-07-28,3870228.1671154737,Intermediate Core Bond,1423.47998046875,20260806,28248.96021240234,1.08,4.656960000000001,,,0.32
IPKW,Invesco International BuyBack Achievers ETF,NASDAQ,Invesco,USD,815318224187.2812,0.55,87387.43513215333,4,91.0,640.5659912109376,0.733,2912.4400400390623,3.33,12.23,9.21,21.54,14.78,-9.79,2026-06-22,3101573.517801049,Foreign Large Value,1423.47998046875,20260806,87245.08800292968,0.68,24.677731,11.34322,,0.16
BSJT,Invesco BulletShares 2029 High Yield Corporate Bond ETF,NASDAQ,Invesco,USD,808666359177.75,0.42,30116.13909392432,12,28.0,162.2767177734375,0.5388,1992.8719726562504,6.62,-5.28,-1.78,-1.46,4.1,-4.17,2026-07-20,2917244.0455804346,Target Maturity,1423.47998046875,20260806,,,,,,
INDY,iShares India 50 ETF,NASDAQ,iShares,USD,802297914726.25,0.65,62967.63780485839,2,181.0,140.92451806640625,0.2238,5827.727040039063,9.26,5017.5,-10.6,-13.79,16.8,-24.35,2026-06-15,5916095.849346753,India Equity,1423.47998046875,20260806,63004.66165032714,0.51,1.96269,2.19613,,-0.06
AGZ,iShares  Agency Bond ETF,NYSE/AMEX,iShares,USD,801411394170.0938,0.2,154369.28604752198,12,30.0,465.4779536132813,0.3015,5701.037321777345,3.69,-1.04,-1.66,-1.09,2.8,-2.39,2026-08-03,2026247.207691633,Short Government,1423.47998046875,20260806,,,,,,
IBTM,iShares iBonds Dec 2032 Term Treasury ETF,NASDAQ,iShares,USD,794865754930.625,0.07,31964.24285282288,12,30.0,106.76099853515623,0.334,1262.626742675781,3.95,-0.22,-2.64,-2.35,4.08,-4.52,2026-08-03,3427818.297082483,Target Maturity,1423.47998046875,20260806,31907.261057807616,1.11,3.30676,,,0.18
BSCY,Invesco BulletShares 2034 Corporate Bond ETF,NASDAQ,Invesco,USD,785328120201.9688,0.1,29051.659587274306,12,28.0,126.68971826171874,0.4361,1434.8678203124996,4.94,3.28,-2.81,-2.14,4.69,-4.59,2026-07-20,2719354.3780719787,Target Maturity,1423.47998046875,20260806,,,,,,
VGSR,Vert Global Sustainable Real Estate ETF,NASDAQ,Vert Asset Management,USD,778059307581.0625,0.45,16505.25075364532,4,91.0,135.23059814453126,0.8193,533.8049926757812,3.23,17.55,11.17,11.6,13.03,-10.55,2026-06-25,916401.710599052,Global Real Estate,1423.47998046875,20260806,,,,,,
ETHB,iShares Staked Ethereum Trust ETF,NASDAQ,iShares,USD,777362280679.9062,0.25,34903.72977271117,2,31.0,45.551359375,0.1305,66.90355908203125,0.19,,-8.06,,51.67,-35.97,2026-07-09,11737000.406571109,Digital Assets,1423.47998046875,20260806,35146.873736557616,0.0,,,2026-02-18,-0.69
TXUE,Thornburg International Equity ETF,NASDAQ,Thornburg,USD,770851442679.0,0.65,51992.60845867917,1,,481.1362333984375,0.9254,481.1362333984375,0.93,,15.67,23.23,14.14,-11.14,2025-12-18,1654495.4068265208,Foreign Large Blend,1423.47998046875,20260806,,,,,,
NXTG,First Trust Indxx NextG ETF,NASDAQ,First Trust,USD,767521729411.4062,0.7,213351.1864232421,4,91.0,821.3479487304687,0.385,2627.744043945312,1.23,24.98,37.2,54.04,22.79,-15.72,2026-06-25,1122244.5517490583,Technology,1423.47998046875,20260806,,,,,,
CFA,VictoryShares US 500 Volatility Wtd ETF,NASDAQ,Victory Capital Management Inc.,USD,766405721106.7188,0.35,144626.9865416065,12,30.0,143.77147802734376,0.0994,1729.528176269531,1.2,4.56,11.15,14.94,10.75,-7.28,2026-07-09,649992.3777910818,Large Blend,1423.47998046875,20260806,,,,,,
ABFL,Abacus FCF Leaders ETF,NYSE/AMEX,FCF Funds,USD,748870543109.875,0.49,119159.50786180422,4,91.0,165.123677734375,0.1386,634.8720712890624,0.53,-17.86,16.41,21.0,16.83,-7.33,2026-06-29,4158700.007222544,Large Blend,1423.47998046875,20260806,118279.79853710935,0.9,17.285949000000002,11.3577,,0.74
FEP,First Trust Europe AlphaDEX Fund,NASDAQ,First Trust,USD,744360138607.2812,0.8,85017.33966143802,4,91.0,1137.3605043945313,1.3378,2276.144488769531,2.68,-2.08,9.81,21.91,17.0,-12.14,2026-06-25,1764184.2067657714,Europe Stock,1423.47998046875,20260806,,,,,,
NVDU,Direxion Daily NVDA Bull 2X ETF,NASDAQ,Direxion Funds,USD,742152036461.5781,0.92,198418.87360871583,5,84.5,987.8951064453124,0.4979,9786.424865722656,4.93,-57.18,15.64,11.0,72.96,-45.0,2026-06-23,68580352.69416554,Trading--Leveraged Equity,1423.47998046875,20260806,198118.52020166017,0.0,,,2023-09-12,0.15
ACLO,TCW AAA CLO ETF,NYSE/AMEX,TCW,USD,740962599365.5781,0.2,71643.8912072368,12,30.0,270.4611962890625,0.3775,3501.760751953125,4.89,43.44,0.01,0.1,1.46,-0.83,2026-08-03,1356972.494727359,Securitized Bond - Focused,1423.47998046875,20260806,,,,,,
SETM,Sprott Critical Materials ETF,NASDAQ,Sprott,USD,726276112281.3281,0.65,45053.28473766893,1,,644.8364311523437,1.4313,644.8364311523437,1.43,45.19,4.94,60.91,47.2,-30.05,2025-12-18,8655549.162882071,Natural Resources,1423.47998046875,20260806,44725.74098632813,1.36,22.832140000000003,,,0.73
BGRN,iShares USD Green Bond ETF,NASDAQ,iShares,USD,712536592407.125,0.2,66746.26406633668,12,30.0,246.26203662109373,0.369,2896.7817602539058,4.34,1.9,-2.11,-1.61,3.26,-3.55,2026-08-03,1371389.8671726517,Global Bond-USD Hedged,1423.47998046875,20260806,,,,,,
AAEQ,Alpha Architect US Equity 2 ETF,NASDAQ,Alpha Architect,USD,706354407464.1094,0.15,78311.32755862549,1,,69.75051904296875,0.0891,69.75051904296875,0.09,,11.62,,13.99,-9.92,2025-12-30,112137.43610263611,Large Blend,1423.47998046875,20260806,,,,,,
PSCT,Invesco S&P SmallCap Information Technology ETF,NASDAQ,Invesco,USD,705935836022.8125,0.29,117522.50371220708,1,,5.6939199218750005,0.0048,5.6939199218750005,0.0,-60.0,42.64,80.38,34.35,-18.35,2025-09-22,1814212.8792426728,Technology,1423.47998046875,20260806,,,,,,
AAUS,Alpha Architect US Equity ETF,NASDAQ,Alpha Architect,USD,697687441418.5469,0.15,87971.06170693971,1,,288.9664360351563,0.3285,288.9664360351563,0.33,,12.14,22.0,12.73,-9.13,2025-12-23,194292.80557048845,Large Blend,1423.47998046875,20260806,,,,,,
MULL,GraniteShares 2x Long MU Daily ETF,NASDAQ,Graniteshares,USD,697102835272.3281,1.5,27715.15424230043,1,,19.75790212890625,0.0713,19.75790212890625,0.07,,349.28,2896.68,163.17,-68.16,2025-12-29,98891921.57041898,Trading--Leveraged Equity,1423.47998046875,20260806,27458.928823242182,0.0,,,2024-11-11,0.93
CXSE,WisdomTree China ex-State-Owned Enterprises Fund,NASDAQ,WisdomTree,USD,696472313355.8594,0.32,55145.61683262326,4,91.0,128.1131982421875,0.2323,822.7714287109376,1.49,7.24,-6.61,3.2,22.58,-18.39,2026-06-25,2395637.8296191,Greater China Region,1423.47998046875,20260806,,,,,,
ALAI,Alger AI Enablers & Adopters ETF,NYSE/AMEX,Alger,USD,695261421569.5938,0.58,63515.67520807497,1,,770.1026694335937,1.2125,770.1026694335937,1.21,212.72,22.89,36.08,27.46,-20.71,2025-12-18,3843057.9883007794,Technology,1423.47998046875,20260806,62830.98285791016,0.0,,,,1.09
UTWO,US Treasury 2 Year Note ETF,NASDAQ,F/m Investments LLC,USD,686747416988.8125,0.15,68220.13579416089,12,29.0,226.3333168945313,0.3318,2411.375086914062,3.53,-8.88,-1.35,-1.03,1.55,-1.78,2026-07-28,3689105.542759306,Short Government,1423.47998046875,20260806,68171.31035263672,0.23,3.8954202,,,0.07
AVMC,Avantis U.S. Mid Cap Equity ETF,NYSE/AMEX,Avantis Investors,USD,673185501864.8125,0.18,115116.82993021236,4,84.0,304.6247158203125,0.2646,1077.5743452148438,0.94,0.53,13.04,20.99,13.82,-8.08,2026-06-09,1646732.2081401567,Mid-Cap Blend,1423.47998046875,20260806,,,,,,
AMZA,InfraCap MLP ETF,NYSE/AMEX,Virtus,USD,671522786144.9062,1.72,69491.44681599364,12,31.0,483.98319335937504,0.6965,5451.928325195311,7.85,15.02,21.29,13.06,18.56,-11.62,2026-07-20,1768622.4376643207,Energy Limited Partnership,1423.47998046875,20260806,,,,,,
AVSU,Avantis Responsible U.S. Equity ETF,NYSE/AMEX,Avantis Investors,USD,670973618956.2812,0.15,128476.47495534272,4,84.0,310.3186357421875,0.2415,1121.702224609375,0.87,-5.85,17.64,29.01,14.47,-10.25,2026-06-09,1017502.4980175731,Large Blend,1423.47998046875,20260806,,,,,,
IBTO,iShares iBonds Dec 2033 Term Treasury ETF,NASDAQ,iShares,USD,660206644140.8125,0.07,33914.41162069701,12,30.0,122.41927832031249,0.361,1417.7860605468748,4.18,-0.5,-2.93,-2.62,4.47,-4.96,2026-08-03,1966463.6862078053,Target Maturity,1423.47998046875,20260806,,,,,,
ZAP,Global X U.S. Electrification ETF,NASDAQ,Global X Funds,USD,657256145940.0156,0.5,46604.73694981076,4,91.0,239.14463671875,0.5131,770.1026694335937,1.65,91.84,10.53,15.89,15.86,-8.63,2026-07-06,3767030.774344486,Utilities,1423.47998046875,20260806,46134.98616699218,0.0,,,,1.02
AGIX,KraneShares Public-Private AI & Technology ETF,NASDAQ,KraneShares,USD,653471739003.1406,0.99,63401.79963331297,1,,623.4842314453125,0.9834,623.4842314453125,0.98,298.18,22.88,36.21,28.99,-20.81,2025-12-22,6888615.15746353,Technology,1423.47998046875,20260806,62832.40633789063,0.0,,,,0.91
PBEU,Portfolio Building Block European Banks Index ETF,NASDAQ,Portfolio Building Block ETFs,USD,649990020849.3125,0.13,51222.50526795164,1,,4.27043994140625,0.0083,4.27043994140625,0.01,,22.7,,27.27,-17.26,2025-12-24,5185237.023901911,Financial,1423.47998046875,20260806,50890.83278173828,0.0,,,,0.65
PBOG,Portfolio Building Block Integrated Oil and Gas and Exploration and Production Index ETF,NASDAQ,Portfolio Building Block ETFs,USD,641041319646.0156,0.13,46330.71553312987,1,,62.633119140625,0.1352,62.633119140625,0.14,,26.32,,24.47,-19.24,2025-12-24,6164299.012756348,Equity Energy,1423.47998046875,20260806,46658.82679980469,0.0,,,,-0.7
AVSD,Avantis Responsible International Equity ETF,NYSE/AMEX,Avantis Investors,USD,639946674928.875,0.23,118247.62358018756,3,87.5,1507.465299316406,1.2748,2661.9075634765622,2.25,-2.15,10.79,21.82,16.09,-12.7,2026-06-09,2119324.179057452,Foreign Large Blend,1423.47998046875,20260806,,,,,,
CALI,iShares Short-Term California Muni Active ETF,NASDAQ,iShares,USD,633877639562.5469,0.2,71665.38372189552,12,30.0,143.77147802734376,0.2006,1810.66653515625,2.53,-9.85,-0.27,-0.2,1.03,-0.88,2026-08-03,3527101.1790704005,Muni Single State Short,1423.47998046875,20260806,71604.17467353515,0.15,3.1026298,,,0.09
ICOP,iShares Copper and Metals Mining ETF,NASDAQ,iShares,USD,613014707006.5625,0.47,77786.06418433227,3,90.5,385.7630747070313,0.4959,1271.1676225585938,1.63,23.86,21.6,84.13,41.19,-26.13,2026-06-15,7410440.811120721,Natural Resources,1423.47998046875,20260806,77050.4375484082,1.31,30.84212,,,0.95
MDIV,Multi-Asset Diversified Income Index Fund,NASDAQ,First Trust,USD,611067887458.2344,0.71,23857.52479846496,12,30.0,96.796638671875,0.4057,1612.8028178710938,6.76,8.01,6.21,5.14,6.89,-4.12,2026-07-21,1256267.1767015038,Aggressive Allocation,1423.47998046875,20260806,,,,,,
DWAS,Invesco Dorsey Wright SmallCap Momentum ETF,NASDAQ,Invesco,USD,609166072652.9688,0.6,167956.3998546265,1,,7.11739990234375,0.0042,7.11739990234375,0.0,-99.23,22.6,38.05,25.87,-15.09,2025-09-22,3406877.088742807,Small Blend,1423.47998046875,20260806,166860.32331054687,1.33,13.885769,7.20429,,0.66
BKMS,BNY Mellon Municipal Short Duration ETF,NASDAQ,BNY Mellon,USD,608619638545.9062,0.35,36157.67247515637,7,30.0,111.0314384765625,0.3071,604.9789916992188,1.67,,-0.91,,1.41,-1.53,2026-08-03,1187552.1429898855,Muni National Short,1423.47998046875,20260806,,,,,,
CCNR,ALPS/CoreCommodity Natural Resources ETF,NASDAQ,ALPS,USD,608480342488.9375,0.39,55199.70650885254,1,,1625.6141376953124,2.945,1625.6141376953124,2.94,287.12,15.92,44.12,19.16,-12.88,2025-12-08,1281026.3340535867,Natural Resources,1423.47998046875,20260806,,,,,,
AIVL,WisdomTree U.S. AI Enhanced Value Fund,NYSE/AMEX,WisdomTree,USD,608119712376.7656,0.38,192114.2795588672,4,91.0,782.9139892578125,0.4075,2745.892882324219,1.43,-4.65,17.15,20.69,11.89,-8.13,2026-06-25,357324.55198943,Mid-Cap Value,1423.47998046875,20260806,,,,,,
PRN,Invesco Dorsey Wright Industrials Momentum ETF,NASDAQ,Invesco,USD,604364594963.9688,0.6,323101.47988503426,1,,300.35427587890626,0.093,300.35427587890626,0.09,-63.05,25.81,39.38,34.48,-24.6,2025-09-22,4986819.788376827,Industrials,1423.47998046875,20260806,314162.0316894531,1.6,27.76221,17.41055,,2.85
AVGV,Avantis All Equity Markets Value ETF,NYSE/AMEX,Avantis Investors,USD,604291348378.0938,0.26,125109.6546145752,3,87.5,701.7756303710937,0.5609,1977.2136928710936,1.58,-5.25,18.51,32.28,13.21,-8.31,2026-06-11,2160564.7190942653,Global Small/Mid Stock,1423.47998046875,20260806,,,,,,
QMOM,Alpha Architect U.S. Quantitative Momentum ETF,NASDAQ,Alpha Architect,USD,599709154933.125,0.28,108796.57534163818,1,,503.9119130859375,0.4632,503.9119130859375,0.46,-60.71,14.95,19.96,25.9,-12.76,2025-12-23,1572814.7314077734,Mid-Cap Growth,1423.47998046875,20260806,,,,,,
GNMA,iShares GNMA Bond ETF,NASDAQ,iShares,USD,599636045001.3281,0.1,61906.71775837988,12,30.0,230.6037568359375,0.3725,2667.6014833984373,4.31,3.25,-2.01,-0.91,4.44,-4.2,2026-08-03,1452791.1192506584,Government Mortgage-Backed Bond,1423.47998046875,20260806,,,,,,
APLU,Allspring Core Plus ETF,NYSE/AMEX,Allspring Global Investments,USD,597504104728.5,0.31,34589.139741322026,11,29.5,133.8071181640625,0.3868,1595.7210581054687,4.61,59.69,-2.57,-2.82,4.15,-5.56,2026-06-24,1430980.1798201937,Intermediate Core-Plus Bond,1423.47998046875,20260806,,,,,,
CFO,VictoryShares US 500 Enhanced Volatility Wtd ETF,NASDAQ,Victory Capital Management Inc.,USD,592474915793.9844,0.35,117226.4196156226,12,30.0,115.30187841796877,0.0984,1399.2808208007812,1.19,3.47,10.98,14.97,10.77,-7.25,2026-07-09,538094.0075087833,Large Blend,1423.47998046875,20260806,,,,,,
FLDB,Fidelity Low Duration Bond ETF,NASDAQ,Fidelity Investments,USD,591163583260.2969,0.2,71444.6048787944,13,30.0,234.87419677734377,0.3288,3125.962037109375,4.38,-8.61,-0.47,-0.75,1.49,-1.06,2026-07-30,334451.9258925297,Ultrashort Bond,1423.47998046875,20260806,,,,,,
BASV,Brown Advisory Sustainable Value ETF,NASDAQ,Brown Advisory,USD,590491791812.2344,0.71,45522.8891237732,1,,163.70019775390625,0.3596,163.70019775390625,0.36,,13.89,24.47,14.07,-9.43,2025-12-30,1012700.606105166,Large Value,1423.47998046875,20260806,,,,,,
DRIV,Global X Autonomous & Electric Vehicles ETF,NASDAQ,Global X Funds,USD,586562713757.9844,0.68,49821.79931640625,2,181.0,105.33751855468748,0.2114,311.7421157226562,0.63,-52.6,14.9,44.51,29.62,-24.85,2026-06-29,2069676.385983319,Miscellaneous Sector,1423.47998046875,20260806,,,,,,
GEME,Pacific North of South EM Equity Active ETF,NASDAQ,Pacific Capital Partners Limited,USD,580748538247.3594,0.75,60255.91017971188,1,,3209.947355957031,5.3272,3209.947355957031,5.33,,29.23,49.36,24.85,-13.45,2025-12-30,2047084.8049449844,Diversified Emerging Mkts,1423.47998046875,20260806,,,,,,
TDI,Touchstone Dynamic International ETF,NASDAQ,Touchstone,USD,580728131238.3594,0.65,65919.79053840041,1,,1067.6099853515625,1.6196,1067.6099853515625,1.62,-19.7,18.05,33.3,19.38,-12.09,2025-12-30,1995107.6853353188,Foreign Large Blend,1423.47998046875,20260806,,,,,,
ROCQ,JPMorgan Nasdaq Equity Premium Yield ETF,NASDAQ,JPMorgan,USD,580388591405.5781,0.35,79287.83599813841,4,31.0,1007.823826171875,1.2711,3409.234553222657,4.3,,11.49,,20.35,-9.4,2026-08-03,8889170.707236528,Derivative Income,1423.47998046875,20260806,79219.36552504882,0.0,,,,0.09
KBWD,Invesco KBW High Dividend Yield Financial ETF,NASDAQ,Invesco,USD,577202774882.25,5.39,17508.804031272884,12,28.0,192.16979736328128,1.0976,2476.855166015625,14.15,-1.86,-11.0,-10.8,16.85,-18.69,2026-07-20,4325350.710062677,Financial,1423.47998046875,20260806,17622.682158203126,0.79,3.6338102,1.42036,,-0.65
AIPI,REX AI Equity Premium Income ETF,NASDAQ,Rex,USD,576247198465.2812,0.65,52414.95429120213,20,7.0,334.5177954101562,0.6382,18760.04266259765,35.79,-19.47,-7.37,-14.31,20.34,-27.79,2026-08-05,6181166.878324227,Derivative Income,1423.47998046875,20260806,52255.95008300781,0.0,,,,0.3
DGRS,WisdomTree U.S. SmallCap Quality Dividend Growth Fund,NASDAQ,WisdomTree,USD,573903990987.6719,0.38,87572.48905005492,12,30.0,71.1739990234375,0.0813,1735.222096191406,1.98,-3.25,23.06,29.38,17.07,-10.2,2026-07-28,1531211.924237559,Small Value,1423.47998046875,20260806,,,,,,
CDL,VictoryShares US Large Cap High Div Volatility Wtd ETF,NASDAQ,Victory Capital Management Inc.,USD,570280289246.6719,0.35,113550.99326346442,11,30.0,298.9307958984375,0.2633,3293.9326748046874,2.9,-1.91,15.19,18.32,10.4,-5.98,2026-07-09,649852.5821965435,Large Value,1423.47998046875,20260806,,,,,,
BBH,VanEck Biotech ETF,NASDAQ,VanEck,USD,569216619453.9062,0.35,298845.3905749023,1,,1362.2703413085935,0.4558,1362.2703413085935,0.46,-23.56,10.36,33.1,19.27,-10.55,2025-12-22,1204901.76982524,Health,1423.47998046875,20260806,,,,,,
LRND,NYLI U.S. Large Cap R&D Leaders ETF,NASDAQ,New York Life Investment Management LLC,USD,567195551189.7969,0.14,67245.19666660763,4,91.0,65.4800791015625,0.0974,266.19075634765625,0.4,-44.51,16.15,27.65,16.85,-13.88,2026-06-30,1757349.8375594302,Large Growth,1423.47998046875,20260806,,,,,,
ROCY,JPMorgan Equity Premium Yield ETF,NASDAQ,JPMorgan,USD,566244848768.2812,0.35,78917.72816233523,4,31.0,432.7379140625,0.5483,2213.5113696289063,2.8,,10.97,,11.69,-3.79,2026-08-03,6286071.908723025,Derivative Income,1423.47998046875,20260806,78750.47121948242,0.0,,,,0.21
RUNN,Running Oak Efficient Growth ETF,NASDAQ,Running Oak Capital LLC,USD,562437575049.0,0.58,49850.26956763305,1,,263.34379638671874,0.5283,263.34379638671874,0.53,43.41,4.54,3.27,13.77,-10.34,2025-12-23,1659106.982410066,Mid-Cap Blend,1423.47998046875,20260806,,,,,,
IQQQ,ProShares Nasdaq-100 High Income ETF,NASDAQ,ProShares,USD,561373768602.1562,0.55,68782.55222183838,12,30.0,340.21171533203125,0.4946,3944.463025878906,5.73,-50.13,8.88,16.1,18.58,-12.99,2026-08-03,2830061.738848652,Derivative Income,1423.47998046875,20260806,,,,,,
SLVO,"ETRACS Silver Shares Covered Call ETNs due April 21, 2033",NASDAQ,UBS AG,USD,556663439183.2656,0.65,93999.6469069682,12,30.0,2852.653880859375,3.0347,65336.30762353515,69.51,164.56,-34.12,-21.45,37.33,-42.45,2026-07-22,7630862.526378374,Commodities Focused,1423.47998046875,20260806,94456.72227998047,0.38,29.37958,14.7108,,-0.48
AVXC,Avantis Emerging Markets ex-China Equity ETF,NASDAQ,Avantis Investors,USD,555536680757.7656,0.33,113963.8037610352,3,87.5,630.6016313476563,0.5533,1906.0396938476565,1.67,74.58,23.07,41.62,25.48,-16.43,2026-06-09,2122767.745210017,Diversified Emerging Mkts,1423.47998046875,20260806,,,,,,
AMZU,Direxion Daily AMZN Bull 2X ETF,NASDAQ,Direxion Funds,USD,548660657508.75,0.99,59985.445508129895,5,84.5,244.83855664062497,0.4082,2869.735640625,4.78,26.55,25.34,14.54,68.51,-45.63,2026-06-23,103526571.01097068,Trading--Leveraged Equity,1423.47998046875,20260806,59705.020820800775,2.92,23.39098,,2022-09-06,0.47
AMDY,Yieldmax AMD Option Income Strategy ETF,NYSE/AMEX,YieldMax ETFs,USD,544878938102.0781,1.0,65380.4359373413,44,7.0,898.2158676757813,1.3738,50103.648352539065,76.63,9.33,17.98,9.75,62.77,-43.83,2026-07-30,13747010.720925502,Derivative Income,1423.47998046875,20260806,65721.92835024414,0.0,,,2023-09-18,-0.52
QQQH,NEOS Nasdaq-100 Hedged Equity Income ETF,NASDAQ,Neos Funds,USD,532744511478.1719,0.68,77928.41001032107,12,28.0,572.2389521484375,0.7343,6997.827583984375,8.98,9.29,1.04,2.88,11.86,-9.81,2026-07-29,1522076.3307927651,Equity Hedged,1423.47998046875,20260806,,,,,,
PLTU,Direxion Daily PLTR Bull 2X ETF,NASDAQ,Direxion Funds,USD,532331041789.125,0.97,59843.099682141095,5,84.5,313.165595703125,0.5233,24589.193182617186,41.09,3638.96,-35.67,-59.38,118.71,-83.25,2026-06-23,140777671.38957778,Trading--Leveraged Equity,1423.47998046875,20260806,60586.09798951172,0.0,,,2024-12-10,-1.23
AGOX,Adaptive Alpha Opportunities ETF,NYSE/AMEX,Adaptive ETF,USD,531243867494.9219,1.33,49330.69698549807,1,,1311.0250620117188,2.6576,1311.0250620117188,2.66,-14.01,19.96,16.43,19.6,-17.98,2025-12-18,1996975.309864364,Tactical Allocation,1423.47998046875,20260806,,,,,,
LRGE,ClearBridge Large Cap Growth Select ETF,NASDAQ,Franklin Templeton Investments,USD,519488929245.9688,0.48,124325.03121561185,1,,148.04191796875,0.1191,148.04191796875,0.12,-21.21,6.37,10.15,18.12,-16.43,2025-12-26,1352797.7701674078,Large Growth,1423.47998046875,20260806,,,,,,
JSML,Janus Henderson Small Cap Growth Alpha ETF,NASDAQ,Janus Henderson,USD,516270315743.8906,0.3,130405.00187956542,4,91.0,65.4800791015625,0.0502,429.8909541015625,0.33,-73.81,23.59,33.3,22.76,-14.84,2026-06-30,1732720.9505928312,Small Growth,1423.47998046875,20260806,,,,,,
METU,Direxion Daily META Bull 2X ETF,NASDAQ,Direxion Funds,USD,516043561076.9219,1.02,30434.000787789933,5,84.5,203.55763720703123,0.6688,1249.8154228515627,4.11,1.04,-31.47,-55.83,77.05,-64.64,2026-06-23,115188127.34544352,Trading--Leveraged Equity,1423.47998046875,20260806,30199.12778564453,0.0,,,2024-06-05,0.78
FEMB,First Trust Emerging Markets Local Currency Bond ETF,NASDAQ,First Trust,USD,515110168171.9688,0.85,42085.18638277892,12,30.0,234.87419677734377,0.5581,2587.8866044921874,6.15,10.45,-0.95,2.41,8.56,-8.18,2026-07-21,3193019.828954636,Emerging-Markets Local-Currency Bond,1423.47998046875,20260806,42021.1290234375,1.25,7.164750000000001,3.2630600000000003,,0.15
AGEM,abrdn Emerging Markets Dividend Active ETF,NASDAQ,abrdn Funds,USD,507923074689.78125,0.7,68561.91456251219,4,91.0,387.1865546875,0.5647,1313.8720219726565,1.92,163.71,22.33,40.87,24.63,-14.27,2026-06-23,964206.5719746746,Diversified Emerging Mkts,1423.47998046875,20260806,,,,,,
GUSE,Goldman Sachs Enhanced U.S. Equity ETF,NASDAQ,Goldman Sachs,USD,503094949455.5469,0.3,65821.71668613888,1,,419.9265942382812,0.638,419.9265942382812,0.64,,14.05,,13.89,-8.54,2025-12-23,493332.6298452377,Large Blend,1423.47998046875,20260806,,,,,,
BSMR,Invesco BulletShares 2027 Municipal Bond ETF,NASDAQ,Invesco,USD,492478111920.5781,0.18,33636.6895600697,12,28.0,78.29139892578125,0.2328,905.3332675781252,2.69,-5.36,-0.19,0.17,1.5,-1.32,2026-07-20,1209584.233884173,Muni Target Maturity,1423.47998046875,20260806,,,,,,
RGLO,Russell Investments Global Equity ETF,NASDAQ,Russell Investment Management Limited,USD,489382304883.375,0.49,48063.80067170411,1,,267.614236328125,0.5568,267.614236328125,0.56,,13.52,25.26,13.61,-9.61,2025-12-17,894070.4880065918,Global Large-Stock Blend,1423.47998046875,20260806,,,,,,
UIVM,VictoryShares International Value Momentum ETF,NASDAQ,Victory Capital Management Inc.,USD,486965167549.5,0.35,109081.26699361578,9,30.5,388.6100346679688,0.3563,3308.1674746093754,3.03,-7.19,17.48,28.9,15.59,-11.04,2026-07-09,310287.92145900044,Foreign Large Value,1423.47998046875,20260806,,,,,,
PABD,iShares Paris-Aligned Climate Optimized MSCI World ex USA ETF,NASDAQ,iShares,USD,470155076091.1875,0.12,101096.9769926928,2,181.0,1443.4087001953126,1.4277,2962.2618393554685,2.93,42.14,9.06,19.14,16.36,-12.55,2026-06-15,674479.6009914809,Foreign Large Blend,1423.47998046875,20260806,,,,,,
FFUT,Fidelity Managed Futures ETF,NASDAQ,Fidelity Investments,USD,468031289511.6875,0.8,84882.11275579222,2,11.0,21.35219970703125,0.0252,1590.0271381835937,1.87,,10.98,18.48,11.89,-5.59,2025-12-30,1085259.6429205814,Systematic Trend,1423.47998046875,20260806,,,,,,
ESN,Essential 40 Stock ETF,NASDAQ,KKM Financial LLC,USD,456486980748.4844,0.7,29060.345104504377,1,,222.062876953125,0.7641,222.062876953125,0.76,38.05,18.54,27.16,10.02,-6.42,2025-12-11,1034779.3432146808,Large Value,1423.47998046875,20260806,,,,,,
AVDS,Avantis International Small Cap Equity ETF,NYSE/AMEX,Avantis Investors,USD,455296131560.34375,0.3,112198.69162613526,3,87.5,1202.8405834960938,1.0721,2492.513445800781,2.22,12.53,12.04,23.32,16.18,-12.48,2026-06-09,1733638.097061826,Foreign Small/Mid Blend,1423.47998046875,20260806,,,,,,
URNJ,Sprott Junior Uranium Miners ETF,NASDAQ,Sprott,USD,452580997233.4375,0.8,33601.24428734742,1,,2361.5532875976564,7.0282,2361.5532875976564,7.03,106.09,-16.8,8.28,62.61,-48.36,2025-12-18,11056139.098617524,Natural Resources,1423.47998046875,20260806,33067.439946289065,1.09,17.06065,,,1.61
KBWY,Invesco KBW Premium Yield Equity REIT ETF,NASDAQ,Invesco,USD,447064044342.7344,0.35,25885.98268460389,12,28.0,170.81759765625,0.6599,2123.832130859375,8.2,-2.04,16.8,17.93,16.77,-10.04,2026-07-20,2509679.6583588663,Real Estate,1423.47998046875,20260806,,,,,,
BSMS,Invesco BulletShares 2028 Municipal Bond ETF,NASDAQ,Invesco,USD,444060569910.9844,0.18,33272.27794656996,12,28.0,79.71487890625001,0.2396,922.4150273437502,2.77,-1.97,-0.58,0.34,1.69,-1.83,2026-07-20,1214388.9626543643,Muni Target Maturity,1423.47998046875,20260806,,,,,,
FTXO,First Trust Nasdaq Bank ETF,NASDAQ,First Trust,USD,440548241243.65625,0.6,61764.79548371583,4,91.0,365.83435498046873,0.5923,1036.29342578125,1.68,4.75,13.32,31.45,20.74,-16.69,2026-06-25,13178467.916950544,Financial,1423.47998046875,20260806,61736.326752929686,1.11,25.70039,9.81491,2016-09-20,0.05
UAE,iShares MSCI UAE ETF,NASDAQ,iShares,USD,440513485556.4531,0.59,28049.67290653381,2,181.0,943.7672270507812,3.3646,1211.381463378906,4.32,38.37,2.55,-2.69,23.13,-21.5,2026-06-15,7664190.538039492,Focused Region,1423.47998046875,20260806,27932.634491142577,0.63,13.14314,10.6736206,,0.42
TSPY,TappAlpha S&P 500 Growth & Daily Income ETF,NASDAQ,TappAlpha,USD,438248808622.4063,0.71,36611.90412023012,12,28.0,427.043994140625,1.1664,5074.706130371093,13.86,3.63,0.59,5.24,13.13,-12.86,2026-08-04,5312046.395485517,Derivative Income,1423.47998046875,20260806,36500.5889631836,0.0,,,,0.3
OBIL,US Treasury 12 Month Bill ETF,NASDAQ,F/m Investments LLC,USD,436116777246.8594,0.15,71202.32809088938,12,29.0,234.87419677734377,0.3299,2565.110924804688,3.6,-11.84,-0.4,-0.11,1.11,-0.77,2026-07-28,2106082.368536185,Short Government,1423.47998046875,20260806,,,,,,
PDBA,Invesco Agriculture Commodity Strategy No K-1 ETF,NASDAQ,Invesco,USD,433676727579.2188,0.59,52355.59194399416,1,,1608.5323779296873,3.0723,1608.5323779296873,3.07,-75.48,8.0,6.38,11.43,-8.71,2025-12-22,5316820.259997242,Commodities Focused,1423.47998046875,20260806,52184.77608398437,0.32,12.785940000000002,,,0.33
BSJU,Invesco BulletShares 2030 High Yield Corporate Bond ETF,NASDAQ,Invesco,USD,433117083577.9375,0.42,36647.49329179991,12,28.0,210.67503710937493,0.5749,2439.844686523437,6.66,-3.87,-1.4,-1.04,4.32,-4.08,2026-07-20,1650941.9302041407,Target Maturity,1423.47998046875,20260806,,,,,,
USDX,SGI Enhanced Core ETF,NASDAQ,Summit Global Investments,USD,429476937796.2031,1.08,36369.912414947525,12,30.0,71.1739990234375,0.1957,2421.339446777344,6.66,7.25,-0.25,-0.41,3.18,-2.25,2026-07-28,2361125.1853599395,Intermediate Core Bond,1423.47998046875,20260806,,,,,,
TURF,T. Rowe Price Natural Resources ETF,NASDAQ,T. Rowe Price,USD,426476515305.53125,0.44,46973.41665742919,1,,614.9433515625,1.3091,614.9433515625,1.31,,12.1,29.6,17.21,-13.24,2025-12-23,923351.290632909,Natural Resources,1423.47998046875,20260806,,,,,,
AQLT,iShares MSCI Global Quality Factor ETF,NYSE/AMEX,iShares,USD,424358832608.1875,0.2,45752.215015402064,2,181.0,246.26203662109373,0.5383,442.7022739257813,0.97,94.38,13.5,25.62,14.4,-10.68,2026-06-15,649599.5178748507,Global Large-Stock Blend,1423.47998046875,20260806,,,,,,
ADME,Aptus Drawdown Managed Equity ETF,NYSE/AMEX,APTUS ETFs,USD,417464269955.9063,0.79,80996.01306072995,4,91.0,75.44443896484374,0.0931,280.42555615234374,0.35,-9.63,10.96,16.29,11.13,-7.62,2026-06-29,702985.0503913302,Equity Hedged,1423.47998046875,20260806,,,,,,
KOID,KraneShares Global Humanoid Robotics and Physical AI Index ETF,NASDAQ,KraneShares,USD,413606160919.5625,0.69,55487.24898705445,1,,382.9161147460938,0.6901,382.9161147460938,0.69,,20.22,40.06,28.7,-19.63,2025-12-22,3381854.3592496165,Technology,1423.47998046875,20260806,54576.22245117188,0.0,,,,1.67
ACYS,FT Vest Laddered Autocallable Barrier & Resilient Income ETF,NYSE/AMEX,First Trust,USD,411663440993.5781,0.75,29053.22618416138,2,33.0,192.16979736328128,0.6614,367.2578349609375,1.26,,1.59,,4.19,-1.12,2026-08-03,5579142.108570569,Derivative Income,1423.47998046875,20260806,28910.878403320312,0.0,,,,0.49
UTEN,US Treasury 10 Year Note ETF,NASDAQ,F/m Investments LLC,USD,408135123799.1094,0.15,60583.30992360227,12,29.0,214.94547705078125,0.3548,2485.396045898437,4.1,-2.95,-3.28,-2.82,5.03,-5.78,2026-07-28,2419517.720511615,Long Government,1423.47998046875,20260806,,,,,,
AVUQ,Avantis U.S. Quality ETF,NASDAQ,Avantis Investors,USD,408093444305.28125,0.15,96163.19051497802,4,84.0,92.52619873046876,0.0962,286.1194760742188,0.3,111.58,12.15,20.07,16.7,-11.75,2026-06-09,845194.8891439552,Large Growth,1423.47998046875,20260806,,,,,,
CAIQ,Calamos Nasdaq Autocallable Income ETF,NASDAQ,Calamos,USD,407665170424.4375,0.74,36782.5790136708,8,30.0,542.3458725585938,1.4745,4334.496540527343,11.78,,1.54,,14.14,-11.94,2026-08-03,4050194.7204641774,Derivative Income,1423.47998046875,20260806,36626.13989746094,0.0,,,,0.43
AFOS,ARS Focused Opportunity Strategy ETF,NASDAQ,"ARS Investment Partners, LLC",USD,406627146047.0,0.45,64803.92828289792,1,,145.1949580078125,0.2241,145.1949580078125,0.22,,29.1,68.97,23.3,-11.8,2025-12-23,347613.5065159285,Large Blend,1423.47998046875,20260806,,,,,,
UMMA,Wahed Dow Jones Islamic World ETF,NASDAQ,Wahed Invest,USD,405165858438.25,0.65,52369.82978468016,4,91.0,5.6939199218750005,0.0109,509.60583300781246,0.97,64.98,21.59,42.82,24.56,-15.26,2026-06-25,1431222.475531103,Foreign Large Growth,1423.47998046875,20260806,,,,,,
IBTP,iShares iBonds Dec 2034 Term Treasury ETF,NASDAQ,iShares,USD,405131922675.5156,0.07,35622.58596821595,12,30.0,122.41927832031249,0.3437,1449.1026201171871,4.07,6.49,-2.99,-2.53,4.77,-5.17,2026-08-03,1449477.0016085864,Target Maturity,1423.47998046875,20260806,,,,,,
FPXI,First Trust International Equity Opportunities ETF,NASDAQ,First Trust,USD,401614127845.0625,0.7,101534.40776855126,3,97.5,486.83015332031255,0.4795,661.9181909179688,0.65,-4.52,18.33,28.2,30.6,-24.44,2026-06-25,1530181.3731216493,Foreign Large Growth,1423.47998046875,20260806,,,,,,
BSMT,Invesco BulletShares 2029 Municipal Bond ETF,NASDAQ,Invesco,USD,400242713068.3594,0.18,32740.03955078125,12,28.0,76.8679189453125,0.2348,891.0984677734376,2.72,-4.28,-0.67,0.55,1.99,-2.59,2026-07-20,957431.6505652803,Muni Target Maturity,1423.47998046875,20260806,,,,,,
OPPJ,WisdomTree Japan Opportunities Fund,NASDAQ,WisdomTree,USD,398079524563.0,0.58,82035.15279485472,4,91.0,483.98319335937504,0.59,918.1445874023436,1.12,-60.06,22.36,51.1,21.21,-9.82,2026-06-25,2952652.049333428,Japan Stock,1423.47998046875,20260806,,,,,,
GARY,Mango Growth ETF,NASDAQ,Mango Growth ETF,USD,397242017269.53125,0.77,37954.24687128235,1,,15.65827978515625,0.0413,15.65827978515625,0.04,,28.48,,22.86,-12.67,2025-12-30,172042.69905951715,Large Growth,1423.47998046875,20260806,,,,,,
AAAA,Amplius Aggressive Asset Allocation ETF,NYSE/AMEX,Amplius,USD,396180533942.0156,0.49,43843.46739503089,4,91.0,209.25155712890623,0.4773,553.7337124023437,1.26,,12.29,21.09,12.03,-7.92,2026-06-29,281089.9287782342,Aggressive Allocation,1423.47998046875,20260806,,,,,,
PTIR,GraniteShares 2x Long PLTR Daily ETF,NASDAQ,Graniteshares,USD,394934020992.7188,1.04,22305.931402548216,1,,2210.664409667969,9.9107,2210.664409667969,9.91,,-34.02,-52.18,118.83,-80.41,2025-12-29,97887687.71554008,Trading--Leveraged Equity,1423.47998046875,20260806,14989.244194335935,0.0,,,2024-09-04,48.81
QTOP,iShares Nasdaq Top 30 Stocks ETF,NASDAQ,iShares,USD,393826940754.4688,0.2,53480.14243179932,4,91.0,48.3983193359375,0.0905,177.93499755859375,0.33,40.45,17.77,27.83,21.6,-13.1,2026-06-15,5851479.988877042,Large Growth,1423.47998046875,20260806,53296.0157307373,0.0,,,,0.35
BSCZ,Invesco BulletShares 2035 Corporate Bond ETF,NASDAQ,Invesco,USD,393479292779.7188,0.1,28697.356189044192,12,28.0,129.53667822265623,0.4514,1319.565941894531,4.6,965.52,-3.03,-2.14,5.16,-5.0,2026-07-20,1944119.0405719348,Target Maturity,1423.47998046875,20260806,,,,,,
AFIF,Anfield Universal Fixed Income ETF,NYSE/AMEX,Anfield,USD,393051884374.7031,0.85,13395.088940316346,12,29.0,17.081759765625,0.1275,501.0649531250001,3.74,-6.88,0.0,0.43,3.22,-2.21,2026-07-17,1362326.7474559958,Multisector Bond,1423.47998046875,20260806,,,,,,
BSMU,Invesco BulletShares 2030 Municipal Bond ETF,NASDAQ,Invesco,USD,390975607863.03125,0.18,30932.0781401936,12,28.0,75.44443896484374,0.2439,868.3227880859376,2.81,-4.24,-1.43,0.25,2.3,-3.2,2026-07-20,1012596.4779994404,Muni Target Maturity,1423.47998046875,20260806,,,,,,
GRIN,VictoryShares International Free Cash Flow Growth ETF,NASDAQ,Victory Capital Management Inc.,USD,389300502173.375,0.56,46974.83935546875,9,30.5,7.11739990234375,0.0152,246.26203662109373,0.52,2783.33,17.95,28.81,24.54,-14.36,2026-07-09,1273429.454456223,Foreign Large Growth,1423.47998046875,20260806,,,,,,
PIO,Invesco Global Water ETF,NASDAQ,Invesco,USD,389136335074.1875,0.75,66262.99200479127,4,91.0,435.5848740234375,0.6574,575.085912109375,0.87,-16.36,4.65,4.63,15.57,-13.24,2026-06-22,459490.469076149,Natural Resources,1423.47998046875,20260806,,,,,,
KBWP,Invesco KBW Property & Casualty Insurance ETF,NASDAQ,Invesco,USD,387973454420.7031,0.35,193920.6716574952,4,91.0,710.3165102539062,0.3663,3506.031191894532,1.81,14.66,8.85,14.42,17.81,-10.31,2026-06-22,2831998.5268067745,Financial,1423.47998046875,20260806,,,,,,
BSMQ,Invesco BulletShares 2026 Municipal Bond ETF,NASDAQ,Invesco,USD,385542287268.1406,0.18,33515.83624873962,12,28.0,81.13835888671875,0.2421,923.838507324219,2.76,-1.82,-0.38,0.13,1.53,-0.86,2026-07-20,1615472.6638726315,Muni Target Maturity,1423.47998046875,20260806,,,,,,
CSB,VictoryShares US Small Cap High Div Volatility Wtd ETF,NASDAQ,Victory Capital Management Inc.,USD,383526411859.0,0.35,96269.94716939704,11,30.0,250.5324765625,0.2602,2824.1842812499995,2.93,-4.62,14.55,20.56,13.87,-7.66,2026-07-09,722845.7948787127,Small Value,1423.47998046875,20260806,,,,,,
ROE,Astoria US Equal Weight Quality Kings ETF,NASDAQ,Astoria Portfolio Advisors LLC,USD,381964182437.875,0.49,62177.605981286615,4,91.0,118.14883837890626,0.19,607.8259516601562,0.98,35.13,22.22,34.3,15.14,-8.92,2026-06-29,1178073.989808132,Large Blend,1423.47998046875,20260806,,,,,,
WOOD,iShares Global Timber & Forestry ETF,NASDAQ,iShares,USD,379743371462.9063,0.39,104768.12439044192,2,181.0,895.3689077148438,0.8546,2397.140287109375,2.29,55.21,1.02,0.77,18.32,-21.64,2026-06-15,1390954.6621095573,Natural Resources,1423.47998046875,20260806,,,,,,
ULVM,VictoryShares US Value Momentum ETF,NASDAQ,Victory Capital Management Inc.,USD,378701589098.3203,0.2,156269.6305182129,11,30.0,277.57859619140623,0.1776,2380.0585273437505,1.52,2.7,18.77,28.17,10.77,-6.69,2026-07-09,287803.02529542474,Large Value,1423.47998046875,20260806,,,,,,
AMZY,YieldMax AMZN Option Income Strategy ETF,NYSE/AMEX,YieldMax ETFs,USD,378417918007.8125,1.09,16288.027298106812,44,7.0,101.06707861328124,0.6205,7664.01621484375,47.05,-35.96,-11.98,-25.55,28.48,-36.63,2026-07-30,6270108.509431535,Derivative Income,1423.47998046875,20260806,16262.68938486328,1.13,21.783261,,,0.16
COPP,Sprott Copper Miners ETF,NASDAQ,Sprott,USD,374375485395.7578,0.66,60440.95866746828,1,,1172.94750390625,1.9407,1172.94750390625,1.94,55.18,20.08,92.13,46.57,-28.91,2025-12-18,6437689.519320181,Natural Resources,1423.47998046875,20260806,59886.22982231446,0.0,,,,0.93
XQQI,NEOS Boosted Nasdaq-100 High Income ETF,NASDAQ,Neos Funds,USD,369862757773.836,0.98,69821.69195596315,7,28.0,1172.94750390625,1.6799,8412.766684570312,12.05,,-0.45,,28.85,-18.35,2026-08-05,9338842.001929462,Derivative Income,1423.47998046875,20260806,69557.63750561523,0.0,,,,0.38
FCTE,SMI 3Fourteen Full-Cycle Trend ETF,NASDAQ,3fourteensmi,USD,368982546080.9531,0.85,43216.85307585448,1,,31.3165595703125,0.0725,31.3165595703125,0.07,-68.57,20.72,16.59,15.47,-12.85,2025-12-24,1527108.8230271358,Large Blend,1423.47998046875,20260806,,,,,,
OPTZ,Optimize Strategy Index ETF,NASDAQ,Optimize Financial Inc,USD,368671521399.1406,0.25,66305.70009670407,1,,298.9307958984375,0.4508,298.9307958984375,0.45,118.75,28.31,43.48,22.13,-13.39,2025-12-23,244146.0357267828,Mid-Cap Blend,1423.47998046875,20260806,,,,,,
HYZD,WisdomTree Interest Rate Hedged High Yield Bond Fund,NASDAQ,WisdomTree,USD,368601007894.8281,0.43,32142.17785038147,12,30.0,163.70019775390625,0.5093,1890.3814140625,5.88,-4.94,0.04,1.26,3.54,-3.3,2026-07-28,1289440.1000514086,Nontraditional Bond,1423.47998046875,20260806,,,,,,
RTH,VanEck Retail ETF,NASDAQ,VanEck,USD,367236243616.59375,0.35,386588.67398159206,1,,3446.2450327148435,0.8915,3446.2450327148435,0.89,39.78,8.91,10.53,13.24,-7.83,2025-12-22,1279618.9545075314,Consumer Cyclical,1423.47998046875,20260806,,,,,,
SDSI,American Century Short Duration Strategic Income ETF,NASDAQ,American Century Investments,USD,364039881953.5703,0.32,72796.76533234864,10,29.0,283.27251611328126,0.3891,2896.7817602539067,3.98,-25.78,-0.89,-0.68,2.04,-1.56,2026-07-07,1373897.8839451156,Short-Term Bond,1423.47998046875,20260806,,,,,,
FJP,First Trust Japan AlphaDEX Fund,NASDAQ,First Trust,USD,362290185912.9375,0.8,109550.87680986524,3,97.5,690.3877905273438,0.6302,2754.433762207031,2.51,34.84,14.13,23.18,21.61,-14.43,2026-06-25,771111.0603133122,Japan Stock,1423.47998046875,20260806,,,,,,
USOI,"ETRACS Crude Oil Shares Covered Call ETNs due April 24, 2037",NASDAQ,UBS AG,USD,361142086675.5703,0.85,63885.78304387815,12,30.0,2989.307958984375,4.6791,29797.70643115235,46.64,29.5,-5.02,-13.69,29.2,-30.91,2026-07-22,7452804.144109156,Commodities Focused,1423.47998046875,20260806,63281.37192373047,0.98,9.1481104,13.222921,,0.96
FMTM,MarketDesk Focused U.S. Momentum ETF,NASDAQ,MarketDesk,USD,359071321878.3828,0.45,55572.659740734845,1,,135.23059814453126,0.2433,135.23059814453126,0.24,,18.03,43.86,26.85,-15.4,2025-12-23,3052838.7241581767,Large Growth,1423.47998046875,20260806,54993.72912944336,0.0,,,,1.05
UEVM,VictoryShares Emerging Markets Value Momentum ETF,NASDAQ,Victory Capital Management Inc.,USD,357544053125.5781,0.45,85871.43090780638,7,32.0,650.5303510742187,0.7576,2269.027088867188,2.64,-47.03,6.87,14.25,15.99,-9.79,2026-07-09,473023.71838482254,Diversified Emerging Mkts,1423.47998046875,20260806,,,,,,
SMHX,VanEck Fabless Semiconductor ETF,NASDAQ,VanEck,USD,355051277759.46094,0.35,84184.60517609864,1,,12.81131982421875,0.0152,12.81131982421875,0.02,-18.18,51.33,71.07,40.11,-24.93,2025-12-22,6251291.616077012,Technology,1423.47998046875,20260806,83600.97925292968,0.0,,,,0.7
FDIG,Fidelity Crypto Industry and Digital Payments ETF,NASDAQ,Fidelity Investments,USD,352385498330.4375,0.39,60056.61842112429,4,91.0,217.7924370117188,0.3626,891.0984677734375,1.48,64.74,4.26,14.31,50.91,-47.31,2026-06-18,2811624.589973541,Equity Digital Assets,1423.47998046875,20260806,,,,,,
ESPO,VanEck Video Gaming and eSports ETF,NASDAQ,VanEck,USD,350036574157.22656,0.55,136696.7807867676,1,,1834.8656948242187,1.3423,1834.8656948242187,1.34,253.15,-8.56,-13.53,19.59,-30.29,2025-12-22,3620042.576848004,Communications,1423.47998046875,20260806,136981.4785205078,0.88,20.79594,9.2917,,-0.21
VSDA,VictoryShares Dividend Accelerator ETF,NASDAQ,Victory Capital Management Inc.,USD,349645310755.875,0.35,86090.64586909302,12,30.0,254.80291650390623,0.296,2056.928571777344,2.39,6.64,14.02,14.22,11.63,-9.67,2026-07-09,616327.9128298817,Large Value,1423.47998046875,20260806,,,,,,
LDRX,SGI Enhanced Market Leaders ETF,NASDAQ,Summit Global Investments,USD,348586765491.03906,0.59,52351.32384987548,4,91.0,56.93919921875,0.1088,559.4276323242187,1.07,403.85,12.01,22.79,13.86,-11.38,2026-06-29,237734.0233373452,Derivative Income,1423.47998046875,20260806,,,,,,
APMU,ActivePassive Intermediate Municipal Bond ETF,NYSE/AMEX,Active Passive Funds,USD,346896513974.3906,0.35,35188.424139761366,12,30.0,86.83227880859374,0.2468,962.2724667968748,2.73,4.97,-1.57,-0.7,2.63,-3.46,2026-08-03,618258.8661608677,Muni National Interm,1423.47998046875,20260806,,,,,,
AESR,Anfield U.S. Equity Sector Rotation ETF,NYSE/AMEX,Anfield,USD,345800844351.66406,0.97,28668.885937817395,1,,1665.4715771484373,5.8093,1665.4715771484373,5.81,3674.19,17.32,3.85,27.86,-23.77,2025-12-12,892808.3117797365,Large Blend,1423.47998046875,20260806,,,,,,
FMUB,Fidelity Municipal Bond Opportunities ETF,NASDAQ,Fidelity Investments,USD,345426047766.72656,0.3,72284.31167055666,13,30.0,202.13415722656248,0.2796,2546.6056850585933,3.52,240.11,-0.51,1.94,2.83,-2.49,2026-07-30,1300419.4555574695,Muni National Interm,1423.47998046875,20260806,,,,,,
FEMS,First Trust Emerging Markets Small Cap AlphaDEX Fund,NASDAQ,First Trust,USD,343903106393.0625,0.8,64183.28983850218,4,91.0,633.4485913085938,0.9869,2745.892882324219,4.28,37.59,6.27,6.07,17.87,-13.27,2026-06-25,1151535.6718748177,Diversified Emerging Mkts,1423.47998046875,20260806,,,,,,
TMB,Thornburg Multi Sector Bond ETF,NASDAQ,Thornburg,USD,335634236452.7578,0.55,35900.16412999574,12,31.0,146.61843798828124,0.4084,1540.2053388671873,4.29,103.77,-1.29,-1.28,3.13,-2.96,2026-07-30,1178629.9794613963,Multisector Bond,1423.47998046875,20260806,,,,,,
PTH,Invesco Dorsey Wright Healthcare Momentum ETF,NASDAQ,Invesco,USD,334819254306.5,0.6,85024.45858178101,1,,2172.2304501953126,2.5548,2172.2304501953126,2.55,,21.3,60.26,24.99,-14.58,2025-12-22,1073998.5345627074,Health,1423.47998046875,20260806,,,,,,
PY,Principal Value ETF,NASDAQ,Principal Funds,USD,334246855924.59375,0.15,81394.58571761474,4,91.0,374.37523486328126,0.46,1525.9705390625002,1.87,0.28,9.38,14.27,10.63,-6.2,2026-07-01,1029691.709001488,Large Value,1423.47998046875,20260806,,,,,,
IBTQ,iShares iBonds Dec 2035 Term Treasury ETF,NASDAQ,iShares,USD,332779919947.28125,0.07,35131.486352380365,12,30.0,125.26623828125,0.3566,1372.234701171875,3.91,203.14,-3.06,-2.37,5.03,-5.43,2026-08-03,1401305.3097318064,Target Maturity,1423.47998046875,20260806,,,,,,
YOKE,YOKE Core ETF,NASDAQ,Yoke ETF,USD,332433706840.3516,0.31,46006.87253433839,4,91.0,79.71487890625001,0.1733,331.6708354492187,0.72,202.6,17.84,20.91,14.72,-8.81,2026-06-29,216116.0503501436,Large Blend,1423.47998046875,20260806,,,,,,
SRET,Global X SuperDividend REIT ETF,NASDAQ,Global X Funds,USD,331735267847.0547,0.58,31686.805874818005,12,29.0,259.07335644531247,0.8176,2590.733564453125,8.18,1.85,1.37,5.45,11.67,-10.09,2026-08-05,979728.2790997798,Real Estate,1423.47998046875,20260806,,,,,,
DAX,Global X DAX Germany ETF,NASDAQ,Global X Funds,USD,326045197015.0469,0.2,66590.39174868166,2,181.0,1219.9223432617189,1.832,1340.9181416015624,2.01,38.94,2.16,5.31,17.86,-14.82,2026-06-29,2315568.301730152,Focused Region,1423.47998046875,20260806,,,,,,
PIE,Invesco Dorsey Wright Emerging Markets Momentum ETF,NASDAQ,Invesco,USD,324970253260.83594,0.9,46191.926452239975,4,91.0,310.3186357421875,0.6718,807.1131489257814,1.75,42.46,35.26,46.11,27.55,-17.26,2026-06-22,1441351.459574042,Diversified Emerging Mkts,1423.47998046875,20260806,,,,,,
FNK,First Trust Mid Cap Value AlphaDEX Fund,NASDAQ,First Trust,USD,324638069972.59375,0.74,91330.48075981438,4,91.0,239.14463671875,0.2618,1288.2493823242187,1.41,-0.77,14.2,21.84,14.78,-9.12,2026-06-25,398435.6405843301,Small Value,1423.47998046875,20260806,,,,,,
EWZS,iShares MSCI Brazil Small-Cap ETF,NASDAQ,iShares,USD,324270083315.8828,0.59,18499.829963949043,3,90.5,196.4402373046875,1.0618,725.9747900390626,3.92,37.1,-0.11,4.81,31.08,-22.33,2026-06-15,5340071.682731461,Focused Region,1423.47998046875,20260806,18428.61381874512,1.28,-1.62283,-2.5022399,,0.39
IFV,First Trust Dorsey Wright International Focus 5 ETF,NASDAQ,First Trust,USD,323891597070.83594,1.14,37167.06315886229,4,91.0,357.29347509765626,0.9613,681.8469106445312,1.83,-1.64,3.63,11.38,18.14,-13.14,2026-06-25,1121162.2110845558,Foreign Large Blend,1423.47998046875,20260806,,,,,,
ATFV,Alger 35 ETF,NYSE/AMEX,Alger,USD,320687537228.0781,0.56,56124.970668215305,1,,101.06707861328124,0.1801,101.06707861328124,0.18,73.17,12.39,26.06,26.88,-18.46,2025-12-18,1674630.1273310385,Large Growth,1423.47998046875,20260806,,,,,,
IVAL,Alpha Architect International Quantitative Value ETF,NASDAQ,Alpha Architect,USD,315472043233.71875,0.38,52142.073205010965,4,97.0,567.9685122070313,1.0893,1345.188581542969,2.58,27.36,15.51,28.58,15.56,-11.24,2026-06-29,518394.31209199456,Foreign Large Value,1423.47998046875,20260806,,,,,,
ECOW,Pacer Emerging Markets Cash Cows 100 ETF,NASDAQ,Pacer,USD,313930949643.34375,0.7,39316.51825517882,3,136.5,132.38363818359375,0.3367,1736.645576171875,4.42,32.32,12.1,20.88,15.19,-8.35,2026-06-04,1049566.3794276628,Diversified Emerging Mkts,1423.47998046875,20260806,,,,,,
HYBI,NEOS Enhanced Income Credit Select ETF,NASDAQ,Neos Funds,USD,312244979954.47656,0.68,69978.27562263794,12,28.0,469.74839355468754,0.6713,5794.9870004882805,8.28,11.05,-2.4,-2.67,4.16,-4.74,2026-07-15,1240788.7568867444,Nontraditional Bond,1423.47998046875,20260806,,,,,,
FCAL,First Trust California Municipal High income ETF,NASDAQ,First Trust,USD,311372375338.6094,0.49,69408.88145839237,12,30.0,203.55763720703123,0.2933,2374.364607421875,3.42,7.75,-1.16,2.04,3.07,-3.17,2026-07-21,1024119.8575399938,Muni California Long,1423.47998046875,20260806,,,,,,
ASLV,Allspring Special Large Value ETF,NYSE/AMEX,Allspring Global Investments,USD,311269839228.65625,0.35,44654.56818193663,1,,347.32911523437497,0.7778,347.32911523437497,0.78,,11.4,19.15,12.23,-8.69,2025-12-22,307675.56622877537,Large Value,1423.47998046875,20260806,,,,,,
AINP,Allspring Income Plus ETF,NYSE/AMEX,Allspring Global Investments,USD,308891078915.0547,0.36,35387.85436705127,11,29.5,162.2767177734375,0.4586,1718.1403364257812,4.86,73.92,-1.51,-1.68,3.46,-3.79,2026-06-24,241911.04938017705,Multisector Bond,1423.47998046875,20260806,,,,,,
AVGX,Defiance Daily Target 2X Long AVGO ETF,NASDAQ,Defiance ETFs LLC,USD,302661019493.33594,1.3,81423.05596884154,1,,1103.1969848632814,1.3549,1103.1969848632814,1.35,195.8,21.24,36.81,95.74,-54.82,2025-12-30,41753597.73307974,Trading--Leveraged Equity,1423.47998046875,20260806,78958.86868862304,0.0,,,2024-08-21,3.12
FICS,First Trust International Developed Capital Strength ETF,NASDAQ,First Trust,USD,302097594729.22656,0.7,61408.925488598645,4,91.0,634.8720712890625,1.0338,1091.8091450195311,1.78,-15.44,7.67,12.37,13.3,-10.77,2026-06-25,1051681.438865753,Foreign Large Growth,1423.47998046875,20260806,,,,,,
BSMW,Invesco BulletShares 2032 Municipal Bond ETF,NASDAQ,Invesco,USD,301633130293.3594,0.18,35302.30242959596,12,28.0,103.91403857421876,0.2944,1147.3248642578126,3.25,-22.87,-1.43,1.41,2.81,-3.68,2026-07-20,822671.745153769,Muni Target Maturity,1423.47998046875,20260806,,,,,,
CHPX,Global X AI Semiconductor & Quantum ETF,NASDAQ,Global X Funds,USD,301106875438.5,0.5,134689.67966165766,1,,44.12787939453125,0.0328,44.12787939453125,0.03,,65.71,,45.14,-27.1,2025-12-30,3933416.487053419,Technology,1423.47998046875,20260806,133038.43897460937,0.0,,,,1.24
AVSE,Avantis Responsible Emerging Markets Equity ETF,NYSE/AMEX,Avantis Investors,USD,300126564633.3906,0.33,108768.11052055655,3,87.5,644.8364311523437,0.5929,2313.154968261719,2.13,-5.74,14.88,28.48,24.35,-14.82,2026-06-09,709751.8134614252,Diversified Emerging Mkts,1423.47998046875,20260806,,,,,,
CPLS,AB Core Plus Bond ETF,NASDAQ,AllianceBernstein,USD,299583136916.0469,0.3,49280.87540338747,12,30.0,186.47587744140623,0.3784,2314.578448242188,4.7,-2.28,-2.71,-2.49,4.11,-4.72,2026-08-03,656455.1456329832,Intermediate Core-Plus Bond,1423.47998046875,20260806,,,,,,
FBOT,Fidelity Disruptive Automation ETF,NASDAQ,Fidelity Investments,USD,298833930932.72656,0.5,56725.67504962161,3,91.0,42.7043994140625,0.0753,237.72115673828125,0.42,2.45,18.2,25.74,22.7,-15.24,2026-03-20,762703.8692414485,Global Large-Stock Growth,1423.47998046875,20260806,,,,,,
SNSR,Global X Internet of Things ETF,NASDAQ,Global X Funds,USD,297754135958.7422,0.68,69359.05987628177,2,181.0,113.8783984375,0.1642,327.40039550781245,0.47,-0.43,30.1,33.24,27.78,-18.01,2026-06-29,889828.874868051,Technology,1423.47998046875,20260806,,,,,,
TUR,iShares MSCI Turkey ETF,NASDAQ,iShares,USD,297562250857.375,0.59,55145.61683262326,2,181.0,681.8469106445312,1.2364,1192.8762236328123,2.16,36.93,10.94,12.42,24.67,-16.07,2026-06-15,9475281.113277512,Focused Region,1423.47998046875,20260806,55253.813156674805,0.3,6.14481,14.71973,,-0.2
PATN,Pacer Nasdaq International Patent Leaders ETF,NASDAQ,Pacer,USD,294261986543.6172,0.65,50288.840673981234,3,136.5,69.75051904296875,0.1387,831.3123085937501,1.65,356.25,27.91,50.13,25.54,-14.4,2026-06-04,1357030.6932496151,Foreign Large Blend,1423.47998046875,20260806,,,,,,
BKCH,Global X Blockchain ETF,NASDAQ,Global X Funds,USD,293291173196.9375,0.5,93458.57638002932,1,,1733.7986162109376,1.8552,1733.7986162109376,1.86,-68.07,-6.87,14.5,73.42,-57.07,2025-12-30,8437101.151285727,Equity Digital Assets,1423.47998046875,20260806,91358.9451464844,4.4,28.342830000000003,-7.875669999999999,,2.3
MQQQ,Tradr 2X Long Innovation 100 Monthly ETF,NASDAQ,AXS,USD,285233547685.7344,0.95,326959.1201891601,1,,5208.513248535156,1.593,5208.513248535156,1.59,10354.29,27.22,41.38,39.48,-26.68,2025-12-23,6805711.759922711,Trading--Leveraged Equity,1423.47998046875,20260806,324208.09930361324,0.0,,,,0.85
AFIX,Allspring Broad Market Core Bond ETF,NYSE/AMEX,Allspring Global Investments,USD,284043495646.3828,0.2,34846.78927025758,11,29.5,136.654078125,0.3922,1516.0061791992186,4.35,165.59,-2.37,-2.47,4.04,-4.93,2026-06-24,467275.2176276432,Intermediate Core Bond,1423.47998046875,20260806,,,,,,
FAAR,First Trust Alternative Absolute Return Strategy ETF,NASDAQ,First Trust,USD,281290234831.6797,0.98,43885.88768924866,4,91.0,204.9811171875,0.4671,4381.4713798828125,9.98,260.0,13.39,7.59,16.24,-13.31,2026-06-25,1300667.2290029717,Commodities Broad Basket,1423.47998046875,20260806,,,,,,
IFLO,VictoryShares International Free Cash Flow ETF,NASDAQ,Victory Capital Management Inc.,USD,279962890995.1719,0.56,50376.814456190914,8,31.0,76.8679189453125,0.1526,745.903509765625,1.48,1915.38,23.53,34.92,14.44,-6.52,2026-07-09,667981.6387024533,Foreign Large Value,1423.47998046875,20260806,,,,,,
PCMM,BondBloxx Private Credit CLO ETF,NASDAQ,BondBloxx Investment Management,USD,277980427508.1328,0.68,70803.89661777951,12,30.0,364.410875,0.5147,4506.737618164062,6.37,48.57,-0.68,-1.54,3.51,-3.52,2026-08-03,1861822.103877322,Securitized Bond - Focused,1423.47998046875,20260806,,,,,,
QALT,SEI DBi Multi-Strategy Alternative ETF,NASDAQ,SEI,USD,277108825022.1719,0.8,37608.34119258728,4,91.0,216.36895703125,0.5753,2259.062729003906,6.01,,5.54,,8.43,-4.91,2026-07-06,300247.3453984919,Multistrategy,1423.47998046875,20260806,,,,,,
FYT,First Trust Small Cap Value AlphaDEX Fund,NASDAQ,First Trust,USD,276935957613.34375,0.7,103785.93058891594,4,91.0,424.1970341796875,0.4087,1464.760899902344,1.41,31.75,27.73,40.02,17.88,-8.67,2026-06-25,841322.4060481098,Small Value,1423.47998046875,20260806,,,,,,
HYXF,iShares ESG Advanced High Yield Corporate Bond ETF,NASDAQ,iShares,USD,276729177217.46094,0.35,67672.23957471922,12,30.0,344.4821552734375,0.509,3999.9787451171874,5.91,-5.86,0.64,0.92,4.72,-3.62,2026-08-03,775435.7476846459,High Yield Bond,1423.47998046875,20260806,,,,,,
CANC,Tema Oncology ETF,NASDAQ,Tema ETFs,USD,275172915024.41406,0.75,59558.40260001831,1,,28.469599609375,0.0478,28.469599609375,0.05,-97.25,20.96,61.95,22.69,-9.3,2025-12-10,944761.2558998624,Health,1423.47998046875,20260806,,,,,,
QQMG,Invesco ESG NASDAQ 100 ETF,NASDAQ,Invesco,USD,274729950830.17188,0.2,71415.9880136475,4,91.0,72.59747900390624,0.1017,259.07335644531247,0.36,3.41,18.64,28.96,20.27,-12.85,2026-06-22,1103161.8966741676,Large Growth,1423.47998046875,20260806,,,,,,
AFMC,First Trust Active Factor Mid Cap ETF,NYSE/AMEX,First Trust,USD,273889664903.78125,0.68,59323.52710000612,4,91.0,74.020958984375,0.1248,402.8448344726562,0.68,-9.0,19.33,29.42,15.16,-8.35,2026-06-25,910432.0899490264,Mid-Cap Blend,1423.47998046875,20260806,,,,,,
NZAC,State Street SPDR MSCI ACWI Climate Paris Aligned ETF,NASDAQ,State Street Investment Management,USD,273425405449.03125,0.12,67003.20224625245,2,188.0,419.9265942382812,0.6267,1343.7651015625,2.01,65.32,9.49,17.38,14.11,-10.11,2026-06-01,360214.88247312873,Global Large-Stock Blend,1423.47998046875,20260806,,,,,,
ELFY,ALPS Electrification Infrastructure ETF,NASDAQ,ALPS,USD,273096342428.90625,0.5,60013.91575935669,4,91.0,150.88887792968748,0.2514,612.0963916015625,1.02,777.55,16.77,24.46,20.87,-13.82,2026-06-18,1500554.137111816,Utilities,1423.47998046875,20260806,,,,,,
BEDY,BNY Mellon Enhanced Dividend and Income ETF,NASDAQ,BNY Mellon,USD,271647467565.586,0.5,42590.521124227904,8,30.0,280.42555615234374,0.6584,1913.15709375,4.49,,11.54,,11.97,-6.88,2026-08-03,1326368.3689723276,Large Value,1423.47998046875,20260806,,,,,,
AVL,Direxion Daily AVGO Bull 2X ETF,NASDAQ,Direxion Funds,USD,270516290658.22656,1.0,77010.2647713013,5,84.5,284.69599609375,0.3697,18415.56050732421,23.91,3142.36,21.96,18.64,96.4,-60.15,2026-06-23,25538156.143604293,Trading--Leveraged Equity,1423.47998046875,20260806,74858.91894447754,0.0,,,2024-10-09,2.87
TAXE,Intermediate Municipal Income ETF,NASDAQ,T. Rowe Price,USD,269981768231.64062,0.24,71942.67951612547,12,30.0,214.94547705078125,0.2988,2600.697924316406,3.61,1.22,-1.24,1.32,2.49,-3.19,2026-07-28,746974.1601951568,Muni National Interm,1423.47998046875,20260806,,,,,,
PSCI,Invesco S&P SmallCap Industrials ETF,NASDAQ,Invesco,USD,266897827323.5547,0.29,263658.3755578175,4,91.0,279.002076171875,0.1058,3376.494513671876,1.28,150.74,21.5,31.11,21.89,-14.9,2026-06-22,683921.1411422183,Industrials,1423.47998046875,20260806,,,,,,
BSMV,Invesco BulletShares 2031 Municipal Bond ETF,NASDAQ,Invesco,USD,264758963244.1016,0.18,29615.50142806396,12,28.0,75.44443896484374,0.2547,861.2053881835939,2.91,-5.17,-1.61,0.53,2.6,-3.77,2026-07-20,837248.2173171329,Muni Target Maturity,1423.47998046875,20260806,,,,,,
LEXI,Alexis Practical Tactical ETF,NASDAQ,Alexis Practical Tactical,USD,264018207037.9453,1.0,58328.518155833706,1,,478.2892734375,0.82,478.2892734375,0.82,-48.62,14.5,24.83,11.54,-8.12,2025-12-31,333419.5951363005,Tactical Allocation,1423.47998046875,20260806,,,,,,
RNIN,Bushido Capital US SMID Cap Equity ETF,NASDAQ,Bushido,USD,259663702062.8125,0.68,51515.738538311794,4,91.0,66.90355908203125,0.1299,407.11527441406247,0.79,5620.0,30.06,38.48,16.25,-5.7,2026-06-29,211174.42409770703,Mid-Cap Value,1423.47998046875,20260806,,,,,,
QQQY,Defiance Nasdaq 100 Weekly Distribution ETF,NASDAQ,Defiance ETFs LLC,USD,257209804781.92188,1.01,32398.26078242995,52,7.0,177.93499755859375,0.5492,11412.039003417967,35.22,-48.55,-3.35,-11.85,18.32,-23.1,2026-07-30,3629649.3697588034,Trading--Miscellaneous,1423.47998046875,20260806,32291.78570493164,0.0,,,,0.33
TRUT,VanEck Technology TruSector ETF,NASDAQ,VanEck,USD,256824986897.92188,0.14,45394.77570832521,4,91.0,46.97483935546875,0.1035,135.23059814453126,0.3,,20.59,,24.08,-18.62,2026-07-01,5511519.541491971,Technology,1423.47998046875,20260806,45451.71577636719,0.0,,,,-0.13
FMUN,Fidelity Systematic Municipal Bond Index ETF,NASDAQ,Fidelity Investments,USD,256605269915.97656,0.05,70618.84269987792,12,31.0,193.59327734375,0.2741,2348.741967773438,3.33,217.31,-1.32,1.75,3.17,-3.71,2026-07-30,535600.4478576174,Muni National Interm,1423.47998046875,20260806,,,,,,
GTOQ,Invesco High Yield Systematic Bond ETF,NASDAQ,Invesco,USD,256580057238.5625,0.39,31786.307855264284,12,28.0,180.7819575195313,0.5687,2175.07741015625,6.84,-6.03,-1.36,-1.28,4.07,-4.98,2026-07-20,827587.5549890662,High Yield Bond,1423.47998046875,20260806,,,,,,
IEUS,iShares MSCI Europe Small-Cap ETF,NASDAQ,iShares,USD,256451534078.086,0.41,104426.49223601072,2,181.0,2054.081611816406,1.967,3209.947355957031,3.07,17.08,6.47,11.08,16.57,-12.81,2026-06-15,1053712.2160786176,Europe Stock,1423.47998046875,20260806,,,,,,
UTHY,US Treasury 30 Year Bond ETF,NASDAQ,F/m Investments LLC,USD,255984769298.5703,0.15,55727.81527922489,12,29.0,227.756796875,0.4087,2678.989323242188,4.81,-0.26,-4.85,-5.69,8.92,-10.83,2026-07-28,1951547.0176495404,Long Government,1423.47998046875,20260806,,,,,,
ADPV,Adaptiv Select ETF,NYSE/AMEX,Adaptive ETF,USD,253944136725.60938,1.0,64811.18838701584,1,,424.1970341796875,0.6545,424.1970341796875,0.65,24.69,4.12,13.38,25.29,-13.88,2025-12-23,625372.3256301272,Mid-Cap Blend,1423.47998046875,20260806,,,,,,
NPFI,Nuveen Preferred and Income ETF,NASDAQ,Nuveen,USD,247729655868.79688,0.56,36853.89582551271,12,30.0,192.16979736328128,0.5214,2381.482007324219,6.46,9.85,-1.28,-0.58,3.49,-3.82,2026-08-03,678194.2585825521,Preferred Stock,1423.47998046875,20260806,,,,,,
CHGX,Stance Sustainable Beta ETF,NASDAQ,Stance Funds,USD,242744811182.6328,0.49,47330.70935058594,1,,260.4968364257812,0.5504,260.4968364257812,0.55,-13.74,21.77,26.21,14.82,-8.5,2025-12-16,394595.19433940266,Large Blend,1423.47998046875,20260806,,,,,,
SDG,iShares MSCI Global Sustainable Development Goals ETF,NASDAQ,iShares,USD,241709747643.5547,0.5,129308.91621284188,2,181.0,940.9202670898438,0.7277,2153.7252104492186,1.67,6.47,6.5,14.29,15.14,-8.68,2026-06-15,409235.4426070133,Global Large-Stock Blend,1423.47998046875,20260806,,,,,,
AVMU,Avantis Core Municipal Fixed Income ETF,NYSE/AMEX,Avantis Investors,USD,241606983776.8047,0.15,64867.98227554932,11,29.0,183.6289174804688,0.2831,2095.3625312500003,3.23,-7.94,-1.6,2.92,3.4,-4.05,2026-07-07,485203.535991228,Muni National Interm,1423.47998046875,20260806,,,,,,
TAXI,Northern Trust Intermediate Tax-Exempt Bond ETF,NASDAQ,Northern Trust,USD,240590231884.1953,0.05,72127.72800388187,12,30.0,180.7819575195313,0.2506,1802.1256552734376,2.5,,-1.46,,2.1,-3.05,2026-08-03,838683.912319042,Muni National Interm,1423.47998046875,20260806,,,,,,
YLDE,Franklin ClearBridge Enhanced Income ETF,NASDAQ,Franklin Templeton Investments,USD,240583239750.53125,0.48,81608.10988674313,12,30.0,911.0271875,1.1163,5752.282601074218,7.05,106.17,5.53,9.63,9.78,-8.05,2026-08-03,1022634.388051128,Derivative Income,1423.47998046875,20260806,,,,,,
FAB,First Trust Multi Cap Value AlphaDEX Fund,NASDAQ,First Trust,USD,239798617585.29688,0.66,151557.91525815427,4,91.0,493.9475532226562,0.3259,2281.838408691406,1.51,4.91,18.42,29.18,13.39,-6.65,2026-06-25,471642.85706381017,Mid-Cap Value,1423.47998046875,20260806,,,,,,
FID,First Trust S&P International Dividend Aristocrats ETF,NASDAQ,First Trust,USD,238815505371.586,0.6,32270.291265829463,4,91.0,548.0397924804688,1.6983,1299.6372221679687,4.03,24.56,9.73,15.49,10.47,-9.14,2026-06-25,471453.25651918846,Foreign Large Value,1423.47998046875,20260806,,,,,,
XMAG,Defiance Large Cap ex-Mag 7 ETF,NASDAQ,Defiance ETFs LLC,USD,238699189975.42188,0.35,37067.419994641095,1,,165.123677734375,0.4455,165.123677734375,0.45,146.81,15.27,22.6,12.17,-7.29,2025-12-30,1471326.9600663811,Large Blend,1423.47998046875,20260806,,,,,,
FINX,Global X FinTech ETF,NASDAQ,Global X Funds,USD,238350266562.60938,0.68,37124.357782022096,2,181.0,61.20963916015624,0.1649,304.62471582031253,0.82,27.38,-11.54,-21.78,30.22,-36.81,2026-06-29,2059118.6235241373,Technology,1423.47998046875,20260806,,,,,,
GLDI,"ETRACS Gold Shares Covered Call ETNs due February 2, 2033",NASDAQ,UBS AG,USD,236945257658.3672,0.65,208539.81713867188,12,30.0,2260.486208984375,1.084,52583.35047851562,25.22,44.47,-15.86,-8.71,18.14,-24.08,2026-07-22,3871456.020593165,Commodities Focused,1423.47998046875,20260806,207915.47881923828,0.14,17.996388999999997,11.4567496,,0.3
RFDI,First Trust RiverFront Dynamic Developed International ETF,NASDAQ,First Trust,USD,235394621058.20312,0.83,129788.63695943356,4,91.0,1523.1235791015629,1.1735,3985.7439453125,3.07,-15.28,11.94,24.97,15.05,-10.39,2026-06-25,323306.6038519263,Foreign Large Value,1423.47998046875,20260806,,,,,,
PSCH,Invesco S&P SmallCap Health Care ETF,NASDAQ,Invesco,USD,234937535942.5547,0.29,76796.7460323181,1,,4.27043994140625,0.0056,4.27043994140625,0.01,-91.18,23.03,43.22,20.13,-15.36,2025-09-22,753356.621507865,Health,1423.47998046875,20260806,,,,,,
RKLX,Defiance Daily Target 2X Long RKLB ETF,NASDAQ,Defiance ETFs LLC,USD,233927935613.3672,1.29,34419.74636214599,1,,8464.011963867188,24.5906,8464.011963867188,24.59,,-48.44,-11.14,192.6,-88.14,2025-12-30,99908491.3459573,Trading--Leveraged Equity,1423.47998046875,20260806,30588.73425629883,0.0,,,2025-03-12,12.52
GKAT,Scharf Global Opportunity ETF,NASDAQ,Scharf Investments,USD,233266552650.92188,0.59,64399.659403709695,3,90.5,125.26623828125,0.1945,408.5387543945313,0.63,,10.17,,12.27,-10.41,2026-06-29,246973.23844492936,Global Large-Stock Value,1423.47998046875,20260806,,,,,,
XAIX,Xtrackers Artificial Intelligence and Big Data ETF,NASDAQ,Xtrackers,USD,231879969271.54688,0.35,78789.61474688724,2,181.0,139.5010380859375,0.1771,313.165595703125,0.4,60.58,28.65,42.5,26.12,-17.1,2026-06-18,1088172.550314641,Technology,1423.47998046875,20260806,,,,,,
LDSF,First Trust Low Duration Strategic Focus ETF,NASDAQ,First Trust,USD,230298380522.6875,0.77,26839.71438012086,12,30.0,105.33751855468748,0.3925,1255.509342773437,4.68,1.73,-1.55,-0.92,2.56,-2.47,2026-07-21,550990.5992625719,Short-Term Bond,1423.47998046875,20260806,,,,,,
EMXF,iShares ESG Advanced MSCI EM ETF,NASDAQ,iShares,USD,227371477926.04688,0.16,79814.5220704712,2,181.0,663.3416708984375,0.8311,2182.1948100585937,2.73,16.93,18.41,29.54,21.82,-12.53,2026-06-15,365053.138332139,Diversified Emerging Mkts,1423.47998046875,20260806,,,,,,
FTXN,First Trust Nasdaq Oil & Gas ETF,NASDAQ,First Trust,USD,226769972225.5,0.6,51686.56004567258,4,91.0,166.54715771484376,0.3222,925.2619873046876,1.79,-16.24,27.27,33.68,23.69,-16.71,2026-06-25,12544290.052702883,Equity Energy,1423.47998046875,20260806,50889.40930175781,-0.12,9.93381,20.202601,2016-09-20,1.57
FBL,GraniteShares 2x Long META Daily ETF,NASDAQ,Graniteshares,USD,225852453969.28903,1.09,31458.90811137389,1,,959.4255068359377,3.0498,959.4255068359377,3.05,,-30.06,-54.75,77.14,-63.83,2025-12-29,44890289.199949205,Trading--Leveraged Equity,1423.47998046875,20260806,31216.91597167969,3.06,18.56476,,2022-12-12,0.78
PFDE,Pathfinder Disciplined US Equity ETF,NASDAQ,Pathfinder ETFs,USD,225732038950.78125,0.59,40908.96534842625,2,91.0,28.469599609375,0.0696,71.1739990234375,0.17,,15.23,,16.76,-10.49,2026-06-29,1207784.4612668864,Large Blend,1423.47998046875,20260806,,,,,,
QYLG,Global X Nasdaq 100 Covered Call & Growth ETF,NASDAQ,Global X Funds,USD,225290395745.9609,0.35,42006.89454944152,13,28.0,381.492634765625,0.9082,7201.385221191405,17.14,-29.69,8.55,4.16,17.9,-17.51,2026-07-20,1234962.9135181534,Derivative Income,1423.47998046875,20260806,,,,,,
ASCE,Allspring SMID Core ETF,NYSE/AMEX,Allspring Global Investments,USD,224350921734.53125,0.38,50189.48530745506,1,,82.5618388671875,0.1645,82.5618388671875,0.16,,29.73,42.37,19.92,-9.22,2025-12-22,909842.217362058,Small Blend,1423.47998046875,20260806,,,,,,
PPI,Astoria Real Assets ETF,NASDAQ,AXS,USD,224019148408.52344,0.58,30505.176415856928,4,92.0,165.123677734375,0.5413,395.7274345703125,1.3,90.41,12.77,25.54,16.67,-7.98,2026-06-25,695437.6107814835,Global Moderately Aggressive Allocation,1423.47998046875,20260806,,,,,,
AAPU,Direxion Daily AAPL Bull 2X ETF,NASDAQ,Direxion Funds,USD,222318579508.97656,0.96,56860.9073854126,5,84.5,310.3186357421875,0.5458,4227.735541992188,7.44,-46.33,19.78,71.07,50.86,-33.81,2026-06-23,78405299.96072017,Trading--Leveraged Equity,1423.47998046875,20260806,56197.56614892578,1.66,24.60722,,2022-08-08,1.18
VSMV,VictoryShares US Multi-Factor Minimum Volatility ETF,NASDAQ,Victory Capital Management Inc.,USD,220773955688.25,0.35,85625.16839333251,11,30.0,83.98531884765625,0.0981,1083.2682651367186,1.27,7.18,8.42,20.93,9.46,-5.35,2026-07-09,480258.73761831335,Large Value,1423.47998046875,20260806,,,,,,
QQXT,First Trust NASDAQ-100 Ex-Technology Sector Index Fund,NASDAQ,First Trust,USD,220726240639.3047,0.57,144910.2663558349,4,91.0,266.19075634765625,0.1837,1748.0334160156249,1.21,69.38,2.86,3.23,11.19,-7.78,2026-06-25,4900414.30083195,Large Blend,1423.47998046875,20260806,143899.59122558593,0.66,6.853040000000001,3.85395,,0.7
IMOM,Alpha Architect International Quantitative Momentum ETF,NASDAQ,Alpha Architect,USD,220463386520.03125,0.38,59188.30019436032,1,,1372.234701171875,2.3184,1372.234701171875,2.32,-19.67,7.47,22.05,22.39,-16.75,2025-12-23,687615.8166466823,Foreign Large Blend,1423.47998046875,20260806,,,,,,
RBIL,F/m Ultrashort Treasury Inflation-Protected Security (TIPS) ETF,NASDAQ,"F/m investments, LLC",USD,218627598410.1797,0.17,71003.32412999682,12,30.0,142.347998046875,0.2005,2959.4148793945315,4.17,169.3,0.36,-0.51,1.58,-1.19,2026-07-16,1315969.5524400354,Short-Term Inflation-Protected Bond,1423.47998046875,20260806,,,,,,
SMCX,Defiance Daily Target 2X Long SMCI ETF,NASDAQ,Defiance ETFs LLC,USD,218316619279.72656,1.43,12455.449829101562,1,,1423.47998046875,11.4286,1423.47998046875,11.43,,-65.52,-89.08,176.68,-95.03,2025-12-30,57670708.80083297,Trading--Leveraged Equity,1423.47998046875,20260806,12093.174174072265,0.0,,,2024-08-21,3.0
GQQQ,Astoria US Quality Growth Kings ETF,NASDAQ,Astoria Portfolio Advisors LLC,USD,218080640462.4844,0.35,51287.9819586426,4,91.0,44.12787939453125,0.086,232.02723681640623,0.45,108.97,19.74,29.98,18.43,-11.16,2026-06-29,486985.6154279975,Large Growth,1423.47998046875,20260806,,,,,,
ACVF,American Conservative Values ETF,NYSE/AMEX,ACV ETFs,USD,216772587626.67188,0.75,79387.47916235961,4,91.0,95.37315869140626,0.1201,399.9978745117188,0.5,-2.43,12.69,16.58,12.49,-7.84,2026-06-24,324203.17536199803,Large Blend,1423.47998046875,20260806,,,,,,
RINT,Russell Investments International Developed Equity ETF,NASDAQ,Russell Investment Management Limited,USD,215789111002.086,0.49,47060.25010914914,1,,368.68131494140624,0.7834,368.68131494140624,0.78,,12.24,23.43,15.53,-11.91,2025-12-17,424327.2231683161,Foreign Large Blend,1423.47998046875,20260806,,,,,,
SWP,SWP Growth & Income ETF,NASDAQ,"SWP Investment Management, LLC",USD,214492673762.9141,0.99,41636.78942871094,4,91.0,876.86366796875,2.106,3487.5259521484377,8.38,412.55,4.4,8.74,13.16,-12.13,2026-06-29,440491.2505538758,Large Blend,1423.47998046875,20260806,,,,,,
ENDW,Cambria Endowment Style ETF,NASDAQ,Cambria,USD,213077028616.2578,0.22,49416.107739178464,4,91.0,214.94547705078125,0.435,1188.6057836914065,2.41,1291.67,11.67,20.3,10.45,-6.52,2026-06-29,254506.11338094887,Tactical Allocation,1423.47998046875,20260806,,,,,,
MOOD,Relative Sentiment Tactical Allocation ETF,NASDAQ,Relative Sentiment,USD,209887659086.89844,0.77,62512.12464552,1,,220.63939697265624,0.353,220.63939697265624,0.35,-60.66,13.88,30.53,14.69,-9.71,2025-12-30,708226.8258752709,Tactical Allocation,1423.47998046875,20260806,,,,,,
MBS,Angel Oak Mortgage-Backed Securities ETF,NASDAQ,Angel Oak,USD,207971313397.9922,0.49,12150.968012982048,12,31.0,56.93919921875,0.4686,674.7295107421874,5.55,6.04,-2.33,-1.13,3.33,-4.39,2026-07-31,714252.0378458548,Securitized Bond - Diversified,1423.47998046875,20260806,,,,,,
COPJ,Sprott Junior Copper Miners ETF,NASDAQ,Sprott,USD,206924725364.9922,0.75,62142.01680971682,1,,6472.563471191406,10.4158,6472.563471191406,10.42,111.69,8.76,72.52,47.58,-32.28,2025-12-18,4822892.638403752,Natural Resources,1423.47998046875,20260806,61949.848750000005,1.35,40.479302,,,0.31
HIDE,Alpha Architect High Inflation and Deflation ETF,NASDAQ,Alpha Architect,USD,206282861160.03903,0.29,34619.032690588385,1,,1023.4821059570312,2.9564,1023.4821059570312,2.96,12.87,7.14,6.39,5.54,-3.49,2025-12-23,750586.3668538128,Equity Hedged,1423.47998046875,20260806,,,,,,
DGRE,WisdomTree Emerging Markets Quality Dividend Growth Fund,NASDAQ,WisdomTree,USD,205180495487.4844,0.32,56255.92947974242,4,91.0,291.81339599609373,0.5187,733.0921899414062,1.3,-0.19,23.73,43.37,24.51,-14.0,2026-06-25,618097.0946946315,Diversified Emerging Mkts,1423.47998046875,20260806,,,,,,
ABEQ,Absolute Select Value ETF,NYSE/AMEX,Absolute Investment Advisers,USD,203864721696.2578,0.85,54789.74683750607,2,178.0,323.12995556640624,0.5898,643.412951171875,1.17,-11.37,7.35,11.61,9.14,-7.89,2026-06-26,476097.9325725054,Large Value,1423.47998046875,20260806,,,,,,
IONX,Defiance Daily Target 2X Long IONQ ETF,NASDAQ,Defiance ETFs LLC,USD,203541512025.8125,1.29,38177.73264176026,1,,2361.5532875976564,6.1857,2361.5532875976564,6.19,,-61.83,-70.1,189.56,-94.19,2025-12-30,80712524.18936394,Trading--Leveraged Equity,1423.47998046875,20260806,36547.563802539065,0.0,,,2025-03-11,4.46
SMCO,Hilton Small-MidCap Opportunity ETF,NASDAQ,"Hilton Capital Management, LLC",USD,202278851119.6172,0.55,43548.52362893615,1,,384.33959472656255,0.8826,384.33959472656255,0.88,126.89,12.54,17.38,16.25,-9.55,2025-12-30,510982.1855514648,Mid-Cap Blend,1423.47998046875,20260806,,,,,,
GEW,Cambria Global EW ETF,NASDAQ,Cambria,USD,202020870995.79688,0.3,80931.95363793336,3,94.0,233.450716796875,0.2885,983.6246665039064,1.22,,10.22,,14.05,-8.66,2026-06-29,186395.47065172327,Global Large-Stock Blend,1423.47998046875,20260806,,,,,,
GBUG,Sprott Active Gold & Silver Miners ETF,NASDAQ,Sprott,USD,199613208344.67188,0.9,62917.81622274779,1,,967.96638671875,1.5385,967.96638671875,1.54,,2.55,64.07,52.05,-37.35,2025-12-18,3533976.706874285,Equity Precious Metals,1423.47998046875,20260806,62946.284736328125,0.0,,,,-0.05
BSMY,Invesco BulletShares 2034 Municipal Bond ETF,NASDAQ,Invesco,USD,198033100014.9922,0.18,34234.83634309191,12,28.0,106.76099853515623,0.3118,1237.0041030273435,3.61,33.08,-2.35,1.67,3.7,-4.03,2026-07-20,579600.6954567974,Muni Target Maturity,1423.47998046875,20260806,,,,,,
LGRO,Level Four Large Cap Growth Active ETF,NASDAQ,ALPS,USD,195843673926.6328,0.5,65835.94909667969,4,91.0,58.36267919921875,0.0886,223.48635693359373,0.34,46.73,12.57,23.36,16.35,-15.31,2026-06-18,399026.9174285524,Large Growth,1423.47998046875,20260806,,,,,,
NFXL,Direxion Daily NFLX Bull 2X ETF,NASDAQ,Direxion Funds,USD,194782964972.22656,1.05,22832.47629110608,5,84.5,119.572318359375,0.5237,3074.7167578125004,13.47,179.07,-44.38,-71.24,70.28,-78.26,2026-06-23,24362157.20774248,Trading--Leveraged Equity,1423.47998046875,20260806,23384.929119140623,0.0,,,2024-10-02,-2.36
BRHY,iShares High Yield Active ETF,NASDAQ,iShares,USD,194552520645.14844,0.45,72412.42508600466,11,30.0,384.33959472656255,0.5308,5143.033169433595,7.1,-6.98,-1.19,-1.41,4.07,-4.88,2026-08-03,793255.3537186398,High Yield Bond,1423.47998046875,20260806,,,,,,
AGZD,WisdomTree Interest Rate Hedged U.S. Aggregate Bond Fund,NASDAQ,WisdomTree,USD,192924492285.40625,0.23,32156.41297599487,12,30.0,99.64359863281253,0.3099,1276.8615424804689,3.97,-5.08,0.58,1.12,2.89,-1.06,2026-07-28,825156.6361759839,Nontraditional Bond,1423.47998046875,20260806,,,,,,
BSSX,Invesco BulletShares 2033 Municipal Bond ETF,NASDAQ,Invesco,USD,190460721747.3711,0.18,36199.09633773193,12,28.0,105.33751855468748,0.291,1202.8405834960936,3.32,-0.94,-1.62,1.86,3.32,-3.87,2026-07-20,568387.5331732153,Muni Target Maturity,1423.47998046875,20260806,,,,,,
FEUZ,First Trust Eurozone AlphaDEX ETF,NASDAQ,First Trust,USD,188370927869.8047,0.8,97467.09869838132,4,91.0,1544.4757788085938,1.5846,2557.993524902344,2.62,17.37,10.08,22.05,17.38,-12.49,2026-06-25,646450.8611321924,Europe Stock,1423.47998046875,20260806,,,,,,
GPRF,Goldman Sachs Access U.S. Preferred Stock and Hybrid Securities ETF,NASDAQ,Goldman Sachs,USD,187428265263.21875,0.45,70519.19953565672,12,30.0,300.35427587890626,0.4259,3994.284825195312,5.66,4.98,-2.44,-2.0,3.95,-5.3,2026-08-03,1043933.4233196608,Preferred Stock,1423.47998046875,20260806,,,,,,
BNDP,Vanguard Core-Plus Bond Index ETF,NASDAQ,Vanguard,USD,187224627911.1328,0.05,104241.44374825431,8,30.0,405.6917944335937,0.3892,2977.9201191406246,2.86,,-2.38,,3.89,-4.0,2026-08-03,1134753.4726515724,Intermediate Core-Plus Bond,1423.47998046875,20260806,,,,,,
AHLT,AHL Trend ETF,NYSE/AMEX,American Beacon,USD,186996916665.6172,0.96,41038.92772831116,1,,636.2955512695313,1.5505,636.2955512695313,1.55,,8.45,31.95,17.19,-6.63,2025-12-22,693728.3851861764,Systematic Trend,1423.47998046875,20260806,,,,,,
LEGR,First Trust Indxx Innovative Transaction & Process ETF,NASDAQ,First Trust,USD,186560694072.5625,0.65,94642.9127663672,4,91.0,883.9810678710937,0.934,1671.1654970703123,1.77,0.6,10.24,24.45,14.91,-10.62,2026-06-25,360037.937153668,Large Value,1423.47998046875,20260806,,,,,,
TAXS,Northern Trust Short-Term Tax-Exempt Bond ETF,NASDAQ,Northern Trust,USD,185348151049.5196,0.05,71437.34477467649,12,30.0,155.15931787109375,0.2172,1608.5323779296878,2.25,,-0.41,,1.22,-1.39,2026-08-03,785319.8734819397,Muni National Short,1423.47998046875,20260806,,,,,,
AOHY,Angel Oak High Yield Opportunities ETF,NASDAQ,Angel Oak,USD,177043409413.70703,0.55,15658.422326467466,12,31.0,88.2557587890625,0.5636,1029.1760258789063,6.57,-0.28,-1.03,-1.21,3.48,-3.46,2026-07-31,702477.7292298169,High Yield Bond,1423.47998046875,20260806,,,,,,
FTRI,First Trust Indxx Global Natural Resources Income ETF,NASDAQ,First Trust,USD,176225523368.28906,0.7,24441.15137325134,4,91.0,135.23059814453126,0.5533,496.7945131835937,2.03,-22.1,7.85,19.74,18.51,-17.69,2026-06-25,700871.6163160317,Natural Resources,1423.47998046875,20260806,,,,,,
KQQQ,Kurv Technology Titans Select ETF,NASDAQ,Kurv Investment Management LLC,USD,176019164322.48047,0.99,41828.95955188293,12,28.0,498.2179931640625,1.1911,6533.7731103515625,15.62,126.55,5.13,4.74,20.61,-23.61,2026-07-29,1544192.869401544,Derivative Income,1423.47998046875,20260806,,,,,,
AIEQ,Amplify AI Powered Equity ETF,NYSE/AMEX,Amplify ETFs,USD,171411951793.375,0.75,72070.79293157347,1,,276.15511621093754,0.3832,276.15511621093754,0.38,252.73,12.24,17.55,12.93,-9.44,2025-12-30,219159.8056558404,Mid-Cap Blend,1423.47998046875,20260806,,,,,,
AFSM,First Trust Active Factor Small Cap ETF,NYSE/AMEX,First Trust,USD,170555859545.28125,0.75,58376.911609759554,4,91.0,112.45491845703124,0.1926,287.5429560546875,0.49,-3.81,24.4,35.73,18.35,-9.67,2026-06-25,667298.5472382777,Small Blend,1423.47998046875,20260806,,,,,,
APLY,YieldMax AAPL Option Income Strategy ETF,NYSE/AMEX,YieldMax ETFs,USD,170079472041.09766,1.04,16619.555309877265,44,7.0,202.13415722656248,1.2162,5897.477559082032,35.49,-14.38,-11.95,-8.93,21.91,-21.35,2026-07-30,2140978.577516472,Derivative Income,1423.47998046875,20260806,,,,,,
KEAT,Keating Active ETF,NASDAQ,Keating Investment Counselors Inc,USD,169757070907.28125,0.85,47381.9536307361,4,91.0,575.085912109375,1.2137,1184.33534375,2.5,35.95,8.59,21.24,11.05,-11.85,2026-06-29,121617.47675967882,Global Moderately Aggressive Allocation,1423.47998046875,20260806,,,,,,
ACII,Innovator Index Autocallable Income Strategy ETF,NYSE/AMEX,Innovator ETFs,USD,169081635350.46875,0.79,36320.090832836926,8,30.0,279.002076171875,0.7682,2152.30173046875,5.93,,0.77,,7.05,-3.25,2026-06-30,1179099.7624406947,Derivative Income,1423.47998046875,20260806,,,,,,
NFTY,First Trust India Nifty 50 Equal Weight ETF,NASDAQ,First Trust,USD,168237933072.125,0.8,78739.79316477664,2,104.0,434.1613940429688,0.5514,1460.4904599609376,1.85,34.82,-5.75,-1.87,15.09,-17.67,2026-03-26,1434008.3861855587,India Equity,1423.47998046875,20260806,,,,,,
ACES,ALPS Clean Energy ETF,NYSE/AMEX,ALPS,USD,165734863098.78906,0.55,45636.77012868039,4,91.0,28.469599609375,0.0624,316.0125556640625,0.69,-7.5,-5.33,21.99,34.88,-31.09,2026-06-18,2362078.990781123,Miscellaneous Sector,1423.47998046875,20260806,,,,,,
CPTL,Global X Morningstar Capital Allocation Leaders ETF,NASDAQ,Global X Funds,USD,164987843580.71875,0.35,70147.66900181398,2,181.0,243.41507666015627,0.347,1618.4967377929688,2.31,205.65,13.28,20.58,13.15,-10.05,2026-06-29,1284317.5822558156,Large Blend,1423.47998046875,20260806,,,,,,
AMDW,Roundhill AMD WeeklyPay ETF,NYSE/AMEX,Roundhill Investments,USD,162398886519.28125,1.0,122590.09982767329,52,7.0,2345.8950078125,1.9136,66364.06016943361,54.13,,62.4,68.12,85.56,-47.58,2026-08-03,4709822.263357945,Trading--Miscellaneous,1423.47998046875,20260806,122717.7820722168,0.0,,,,-0.1
REMG,Russell Investments Emerging Markets Equity ETF,NASDAQ,Russell Investment Management Limited,USD,162366385624.3672,0.64,50960.441030977294,1,,576.5093920898438,1.1313,576.5093920898438,1.13,,18.38,35.97,24.92,-14.13,2025-12-17,362477.365411918,Diversified Emerging Mkts,1423.47998046875,20260806,,,,,,
AIVC,Amplify Bloomberg AI Equal Weight ETF,NYSE/AMEX,Amplify ETFs,USD,161538580770.4453,0.59,153821.2432141602,1,,165.123677734375,0.1073,165.123677734375,0.11,24.73,56.07,94.8,35.66,-23.29,2025-12-30,857697.5035766966,Technology,1423.47998046875,20260806,,,,,,
AGRW,Allspring LT Large Growth ETF,NYSE/AMEX,Allspring Global Investments,USD,160514153473.78125,0.35,46923.87744286843,1,,54.0922392578125,0.1153,54.0922392578125,0.12,,9.57,13.25,17.11,-16.57,2025-12-22,120044.83354054789,Large Growth,1423.47998046875,20260806,,,,,,
AVEE,Avantis Emerging Markets Small Cap Equity ETF,NYSE/AMEX,Avantis Investors,USD,157984003217.29688,0.42,95729.02868652344,3,87.5,661.9181909179688,0.6914,2187.8887299804687,2.29,-7.63,6.32,10.05,19.66,-14.48,2026-06-09,729227.8826466595,Diversified Emerging Mkts,1423.47998046875,20260806,,,,,,
TSLQ,Tradr 2X Short TSLA Daily ETF,NASDAQ,AXS,USD,157883220834.6797,1.15,35971.339758062735,1,,2730.2346025390625,7.59,2730.2346025390625,7.59,-51.71,32.23,-49.65,93.67,-69.11,2025-12-22,310533482.68951625,Trading--Inverse Equity,1423.47998046875,20260806,35985.57390625,-2.25,-61.36497,,2022-07-13,-0.04
AMID,Argent Mid Cap ETF,NASDAQ,Argent,USD,157749459267.875,0.52,52341.35953345336,1,,170.81759765625,0.3264,170.81759765625,0.33,5.26,8.54,8.62,16.61,-12.31,2025-12-23,340749.87970040616,Mid-Cap Blend,1423.47998046875,20260806,,,,,,
LVDS,JPMorgan Fundamental Data Science Large Value ETF,NASDAQ,JPMorgan,USD,157704727832.96875,0.3,86519.11147524416,5,87.0,270.4611962890625,0.3126,6320.251113281252,7.31,,21.49,22.62,12.62,-8.07,2026-06-23,277973.6293059573,Large Value,1423.47998046875,20260806,,,,,,
CEPI,REX Crypto Equity Premium Income ETF,NASDAQ,Rex,USD,156773361963.5078,0.85,44860.97071564943,20,7.0,362.9873950195313,0.8091,20481.02995898437,45.65,39.85,-8.44,-20.03,31.2,-37.27,2026-08-05,1471115.250397762,Derivative Income,1423.47998046875,20260806,,,,,,
NFRX,Harrison Street Infrastructure Active ETF,NASDAQ,Harrison Street,USD,151219182224.35547,0.8,37807.62752102967,2,91.0,296.0838359375,0.7831,378.64567480468753,1.0,,5.48,,13.53,-7.28,2026-06-25,809184.067606926,Infrastructure,1423.47998046875,20260806,,,,,,
ORCU,Direxion Daily ORCL Bull 2X ETF,NASDAQ,Direxion Funds,USD,150689750162.1797,0.97,11074.532005393645,3,91.0,89.67923876953125,0.8098,226.3333168945313,2.04,,-58.08,,121.34,-80.96,2026-06-23,18325275.78698544,Trading--Leveraged Equity,1423.47998046875,20260806,10933.749729980467,0.0,,,2025-11-19,1.29
BSJV,Invesco BulletShares 2031 High Yield Corporate Bond ETF,NASDAQ,Invesco,USD,150601118604.67578,0.42,37074.5361999115,12,28.0,209.25155712890623,0.5644,2454.0794863281253,6.62,-2.1,-2.31,-2.01,4.65,-4.54,2026-07-20,577892.2329571941,Target Maturity,1423.47998046875,20260806,,,,,,
SOLT,2x Solana ETF,NASDAQ,Volatility Shares LLC,USD,150279457680.44922,2.92,44127.87939453125,12,28.0,76.8679189453125,0.1742,2569.3813647460943,5.82,501.67,-78.2,-90.98,145.35,-96.32,2026-07-22,79583374.29017,Digital Assets,1423.47998046875,20260806,45999.75556884765,0.0,,,2025-03-19,-4.07
XBCI,NEOS Boosted Bitcoin High Income ETF,NASDAQ,Neos Funds,USD,149718435750.54688,0.98,44939.26254898682,7,28.0,1460.4904599609376,3.2499,13192.812458984374,29.36,,-36.16,,62.44,-40.86,2026-08-05,3725491.933127165,Digital Assets,1423.47998046875,20260806,44751.93301796875,0.0,,,,0.42
HYPG,Grayscale Hyperliquid Staking ETF,NASDAQ,Grayscale,USD,149431177490.48828,0.29,28056.789111804217,1,,41.28091943359375,0.1471,41.28091943359375,0.15,,-24.13,,83.1,-28.79,2026-08-04,2318548.8818808664,Digital Assets,1423.47998046875,20260806,,,,,,
DYTA,SGI Dynamic Tactical ETF,NASDAQ,Summit Global Investments,USD,148867422479.02344,1.32,45394.77570832521,1,,680.4234306640625,1.4989,680.4234306640625,1.5,-84.05,9.44,13.17,11.09,-9.33,2025-12-30,357963.52841958584,Tactical Allocation,1423.47998046875,20260806,,,,,,
CRWG,Leverage Shares 2X Long CRWV Daily ETF,NASDAQ,Themes ETF Trust,USD,148466798273.3203,0.77,30135.07129512634,1,,2846.9599609375,9.4473,2846.9599609375,9.45,,-36.04,,195.94,-94.42,2025-12-30,61682974.07664565,Trading--Leveraged Equity,1423.47998046875,20260806,31215.492491699217,0.0,,,2025-08-08,-3.46
FVC,First Trust Dorsey Wright Dynamic Focus 5 ETF,NASDAQ,First Trust,USD,148248835018.71094,0.87,58739.90052521974,2,78.0,459.7840336914063,0.7827,781.4905092773438,1.33,18.06,11.5,15.2,16.71,-13.32,2025-12-12,197816.7288479748,Tactical Allocation,1423.47998046875,20260806,,,,,,
FPA,First Trust Asia Pacific Ex-Japan AlphaDEX Fund,NASDAQ,First Trust,USD,147993394383.17578,0.8,68270.0985600464,4,91.0,214.94547705078125,0.3148,2550.876125,3.74,74.15,25.95,32.6,31.23,-25.61,2026-06-25,653690.3299035304,Pacific/Asia ex-Japan Stk,1423.47998046875,20260806,,,,,,
NATO,Themes Transatlantic Defense ETF,NASDAQ,Themes ETF Trust,USD,146197634530.375,0.35,62233.406153250486,1,,244.83855664062497,0.3934,244.83855664062497,0.39,719.05,12.01,19.57,22.15,-15.99,2025-12-18,1120717.3143327872,Industrials,1423.47998046875,20260806,,,,,,
GINX,SGI Enhanced Global Income ETF,NASDAQ,Summit Global Investments,USD,145242160603.96484,1.02,51895.810690537095,4,91.0,284.69599609375,0.5486,1047.681265625,2.02,-26.33,15.17,29.51,11.95,-8.91,2026-06-29,390913.363297907,Global Large-Stock Value,1423.47998046875,20260806,,,,,,
IBGA,iShares iBonds Dec 2044 Term Treasury ETF,NASDAQ,iShares,USD,145167501925.94922,0.07,33665.30099507142,12,30.0,135.23059814453126,0.4017,1598.5680180664062,4.75,4.66,-4.21,-4.72,8.07,-8.74,2026-08-03,285262.8966760825,Target Maturity,1423.47998046875,20260806,,,,,,
ARB,AltShares Merger Arbitrage ETF,NYSE/AMEX,AltShares,USD,145109093695.39062,0.76,42213.1558993794,1,,179.3584775390625,0.4249,179.3584775390625,0.42,-59.22,2.33,3.03,3.47,-1.54,2025-12-18,409251.1670262006,Event Driven,1423.47998046875,20260806,,,,,,
FDIF,Fidelity Disruptors ETF,NASDAQ,Fidelity Investments,USD,145036644258.3047,0.5,57697.91539501585,4,91.0,48.3983193359375,0.0839,148.04191796875,0.26,-27.78,12.93,19.07,18.92,-14.84,2026-06-18,260051.22728461763,Large Growth,1423.47998046875,20260806,,,,,,
TDSC,ETC Cabana Target Drawdown 10 ETF,NASDAQ,Cabana,USD,143998893189.02344,0.9,39971.3177429596,4,91.0,113.8783984375,0.2849,634.8720712890625,1.59,-46.14,10.59,15.39,9.43,-5.55,2026-06-26,404459.7753449854,Moderate Allocation,1423.47998046875,20260806,,,,,,
WTBN,WisdomTree Bianco Total Return Fund,NASDAQ,WisdomTree,USD,143858367245.35156,0.6,35345.00780643616,12,30.0,113.8783984375,0.3222,1444.832180175781,4.09,7.75,-2.47,-2.57,3.86,-5.07,2026-07-28,369907.63951817545,Intermediate Core Bond,1423.47998046875,20260806,,,,,,
FCVT,First Trust SSI Strategic Convertible Securities ETF,NASDAQ,First Trust,USD,143530238028.09375,0.95,72298.54951124266,12,30.0,64.05659912109375,0.0886,797.1487890625001,1.1,-30.43,15.99,28.86,19.36,-14.02,2026-07-21,1578747.6426272448,Convertibles,1423.47998046875,20260806,,,,,,
CHPS,Xtrackers Semiconductor Select Equity ETF,NASDAQ,Xtrackers,USD,142917150894.42578,0.15,120284.05834960938,4,91.0,96.796638671875,0.0805,435.5848740234375,0.36,-43.02,71.54,150.87,46.16,-32.74,2026-06-18,1523313.1755081117,Technology,1423.47998046875,20260806,,,,,,
ASEA,Global X FTSE Southeast Asia ETF,NYSE/AMEX,Global X Funds,USD,142530317362.77344,0.65,30263.184710574336,2,181.0,577.9328720703126,1.9097,1104.62046484375,3.65,29.98,15.42,25.35,14.6,-8.28,2026-06-29,689039.6343926586,Pacific/Asia ex-Japan Stk,1423.47998046875,20260806,,,,,,
QGRD,Horizon Nasdaq-100 Defined Risk ETF,NASDAQ,Horizon Investments,USD,142389404232.54688,0.85,41864.54600838013,1,,595.0146318359375,1.4213,595.0146318359375,1.42,,10.62,15.9,15.1,-10.79,2025-12-24,487163.6569655369,Equity Hedged,1423.47998046875,20260806,,,,,,
HERD,Pacer Cash Cows Fund of Funds ETF,NASDAQ,Pacer,USD,142208109822.23438,0.74,72268.6565619763,2,117.0,1672.5889770507813,2.3144,1938.7797333984377,2.68,131.24,15.97,25.56,12.21,-5.68,2025-12-31,298244.68232417013,Global Large-Stock Value,1423.47998046875,20260806,,,,,,
MILN,Global X Millennial Consumer ETF,NASDAQ,Global X Funds,USD,141999792067.97266,0.5,65323.35425111279,2,181.0,55.51571923828125,0.085,196.4402373046875,0.3,33.98,-1.75,-5.14,18.25,-22.48,2026-06-29,455420.3676031348,Large Growth,1423.47998046875,20260806,,,,,,
PSCE,Invesco S&P SmallCap Energy ETF,NASDAQ,Invesco,USD,140841466550.42578,0.29,81415.93704849854,4,91.0,583.6267919921875,0.7168,1822.054375,2.24,34.88,29.99,45.98,27.12,-16.8,2026-06-22,1610262.1360379406,Equity Energy,1423.47998046875,20260806,,,,,,
HISF,First Trust High Income Strategic Focus ETF,NASDAQ,First Trust,USD,140220339601.82812,0.83,62654.4704715088,12,30.0,264.7672763671875,0.4226,3191.442116210937,5.09,8.26,-2.58,-1.73,3.74,-4.14,2026-07-21,380987.6240870867,Multisector Bond,1423.47998046875,20260806,,,,,,
WEEI,Westwood Salient Enhanced Energy Income ETF,NASDAQ,Westwood,USD,140037428118.2578,0.85,33608.36320769042,12,31.0,320.2829956054688,0.953,3843.395947265625,11.44,0.0,8.4,14.81,14.95,-12.29,2026-07-30,803020.1942702214,Equity Energy,1423.47998046875,20260806,,,,,,
PGJ,Invesco Golden Dragon China ETF,NASDAQ,Invesco,USD,139999836858.9336,0.7,35843.22634261474,4,91.0,98.22011865234376,0.274,1090.3856650390626,3.04,51.98,-16.26,-13.2,25.06,-36.55,2026-06-22,807643.4470789024,Greater China Region,1423.47998046875,20260806,,,,,,
EMCB,WisdomTree Emerging Markets Corporate Bond Fund,NASDAQ,WisdomTree,USD,139987856851.41797,0.61,93864.2733874023,12,30.0,434.1613940429688,0.4625,5044.81305078125,5.37,-4.94,-1.27,-0.42,3.87,-3.54,2026-07-28,375638.7262564731,Emerging Markets Bond,1423.47998046875,20260806,,,,,,
FGM,First Trust Germany AlphaDEX Fund,NASDAQ,First Trust,USD,139197392724.34375,0.8,91003.0755857788,2,195.0,1198.5701435546875,1.3171,1254.0858627929688,1.38,115.93,0.71,14.14,20.91,-17.76,2026-06-25,625551.1236654335,Focused Region,1423.47998046875,20260806,,,,,,
JOYT,JPMorgan Equity and Options Total Return ETF,NASDAQ,JPMorgan,USD,138637794274.42188,0.35,83938.34266162477,4,91.0,142.347998046875,0.1696,509.60583300781246,0.61,,8.16,,9.71,-7.16,2026-06-23,633982.4818303762,Derivative Income,1423.47998046875,20260806,,,,,,
DALI,First Trust Dorsey Wright DALI Equity ETF,NASDAQ,First Trust,USD,138119818379.1289,0.91,41343.553443278186,4,91.0,351.59955517578123,0.8504,482.5597133789063,1.17,313.41,-0.5,7.71,19.33,-12.64,2026-06-25,182793.34135397497,Tactical Allocation,1423.47998046875,20260806,,,,,,
EXUS,Nomura Focused International Core ETF,NASDAQ,Nomura,USD,137834655481.60156,0.59,40433.94982264098,1,,12.81131982421875,0.0317,12.81131982421875,0.03,,7.52,12.79,19.55,-15.28,2025-12-24,327982.5294081015,Foreign Large Blend,1423.47998046875,20260806,,,,,,
IBOT,VanEck Robotics ETF,NASDAQ,VanEck,USD,137461612624.0,0.47,96511.9470198974,1,,284.69599609375,0.295,284.69599609375,0.29,-82.68,26.59,45.82,25.28,-16.74,2025-12-22,817041.109757868,Technology,1423.47998046875,20260806,,,,,,
AFK,VanEck Africa Index ETF,NYSE/AMEX,VanEck,USD,137437105992.65623,0.76,38989.11579621583,1,,387.1865546875,0.9931,387.1865546875,0.99,,3.4,26.81,27.24,-19.54,2025-12-22,1810252.1243545103,Focused Region,1423.47998046875,20260806,,,,,,
CLSM,ETC Cabana Target Leading Sector Moderate ETF,NASDAQ,Cabana,USD,134651788408.79295,0.82,39003.35092182923,1,,297.50731591796875,0.7628,297.50731591796875,0.76,-51.73,17.8,25.68,14.88,-8.5,2025-12-30,399079.6214115097,Tactical Allocation,1423.47998046875,20260806,,,,,,
AGGA,EA Astoria Beacon Dynamic Core US Fixed Income ETF,NASDAQ,Astoria Investment Management,USD,133314890174.65623,0.55,35416.18071943056,12,29.0,119.572318359375,0.3376,1501.771379394531,4.24,458.2,-1.68,-1.72,2.55,-2.48,2026-07-08,365209.6297845423,Multisector Bond,1423.47998046875,20260806,,,,,,
QABA,First Trust NASDAQ ABA Community Bank Index Fund,NASDAQ,First Trust,USD,132706494831.0039,0.6,99600.8959710449,4,91.0,498.2179931640625,0.5002,2182.1948100585937,2.19,28.07,23.64,29.86,22.01,-12.5,2026-06-25,922348.5702621036,Financial,1423.47998046875,20260806,,,,,,
XSPI,NEOS Boosted S&P 500 High Income ETF,NASDAQ,Neos Funds,USD,132247041044.66795,0.98,71259.4097771179,7,28.0,995.0125063476562,1.3963,6854.056105957032,9.62,,0.99,,18.4,-13.27,2026-08-05,2479397.349485576,Derivative Income,1423.47998046875,20260806,,,,,,
HYDR,Global X Hydrogen ETF,NASDAQ,Global X Funds,USD,131631619403.83205,0.5,62569.0651479736,2,181.0,525.2641127929687,0.8395,1877.5700942382807,3.0,270.51,29.74,83.72,58.59,-50.28,2026-06-29,2575075.3981920825,Miscellaneous Sector,1423.47998046875,20260806,,,,,,
ALTL,Pacer Lunt Large Cap Alternator ETF,NYSE/AMEX,Pacer,USD,131085151133.25,0.6,67729.18007717282,4,91.0,49.821799316406256,0.0736,623.4842314453124,0.92,7.35,11.19,21.98,22.67,-14.23,2026-06-04,402881.176913136,Large Blend,1423.47998046875,20260806,,,,,,
SOCL,Global X Social Media ETF,NASDAQ,Global X Funds,USD,129344337607.69531,0.65,66433.80808200687,2,181.0,125.26623828125,0.1886,307.47167578125,0.46,96.36,-17.78,-18.01,25.01,-33.67,2026-06-29,577947.0682987653,Communications,1423.47998046875,20260806,,,,,,
MRVU,Direxion Daily MRVL Bull 2X ETF,NASDAQ,Direxion Funds,USD,129087849290.89452,0.97,155529.42570689693,2,91.0,501.064953125,0.3222,569.3919921874999,0.37,,381.32,,196.82,-78.65,2026-06-23,34215112.37050856,Trading--Leveraged Equity,1423.47998046875,20260806,146086.05647558594,0.0,,,2026-02-10,6.46
PCPI,PIMCO Inflation PLUS Active Exchange-Traded Fund,NASDAQ,PIMCO,USD,126744778467.36328,0.25,70618.84269987792,3,31.5,455.51359375,0.645,1309.6015820312498,1.85,,-0.82,,2.34,-2.17,2026-08-03,875148.9884125466,Short-Term Inflation-Protected Bond,1423.47998046875,20260806,,,,,,
PFOE,Pathfinder Focused Opportunities ETF,NASDAQ,Pathfinder ETFs,USD,126572935964.1211,0.59,32768.50980200805,2,91.0,56.93919921875,0.1738,71.1739990234375,0.22,,-8.21,,18.36,-18.23,2026-06-29,1365270.419704183,Large Growth,1423.47998046875,20260806,,,,,,
AGNG,Global X Aging Population ETF,NASDAQ,Global X Funds,USD,124183311651.3086,0.5,53265.19556463137,2,181.0,222.062876953125,0.4169,466.9014335937499,0.88,13.89,3.79,16.9,13.96,-11.45,2026-06-29,589880.8850476998,Health,1423.47998046875,20260806,,,,,,
XRPI,Volatility Shares Trust XRP ETF,NASDAQ,Volatility Shares LLC,USD,123805656718.57031,1.68,8128.070742778014,12,28.0,17.081759765625,0.2102,351.59955517578135,4.33,814.81,-50.26,-69.77,72.37,-72.93,2026-07-22,5166367.562765505,Digital Assets,1423.47998046875,20260806,8051.20276953125,0.0,,,,0.95
PBSC,Pacer Barings Secured Credit Flex ETF,NASDAQ,Pacer,USD,122113776740.82422,0.49,35885.92900438234,1,,101.06707861328124,0.2816,101.06707861328124,0.28,,0.52,,,-0.44,2026-07-31,2767997.6327773063,Securitized Bond - Focused,1423.47998046875,20260806,,,,,,
SOLZ,Solana ETF,NASDAQ,Volatility Shares LLC,USD,121413572632.35156,1.64,10384.286566122437,12,28.0,21.35219970703125,0.2056,387.1865546875,3.73,267.57,-45.72,-60.46,73.13,-76.08,2026-07-22,21282685.75863153,Digital Assets,1423.47998046875,20260806,10598.093150585935,0.0,,,2025-03-19,-2.02
PSL,Invesco Dorsey Wright Consumer Staples Momentum ETF,NASDAQ,Invesco,USD,120579026177.2422,0.6,163472.43574409187,4,91.0,274.7316362304688,0.1681,1192.8762236328123,0.73,3.97,14.44,5.07,13.52,-13.8,2026-06-22,265191.52526746044,Consumer Defensive,1423.47998046875,20260806,,,,,,
HBDC,Hilton BDC Corporate Bond ETF,NASDAQ,"Hilton Capital Management, LLC",USD,119942798953.01172,0.39,35188.424139761366,12,31.0,163.70019775390625,0.4652,1723.8342563476565,4.9,892.62,-1.63,-1.34,2.85,-3.83,2026-07-30,847561.6232701031,Corporate Bond,1423.47998046875,20260806,,,,,,
BCLO,iShares BBB-B CLO Active ETF,NASDAQ,iShares,USD,119776490939.9336,0.45,70433.78878197633,12,30.0,365.83435498046873,0.5194,4575.064657226562,6.5,78.65,-0.33,-0.52,2.7,-3.06,2026-08-03,278882.8852786486,Securitized Bond - Focused,1423.47998046875,20260806,,,,,,
IFGL,iShares International Developed Real Estate ETF,NASDAQ,iShares,USD,118176829689.2422,0.48,32853.917840615846,4,90.0,455.51359375,1.3865,1326.6833417968749,4.04,18.42,-0.17,2.21,14.31,-14.8,2026-06-15,333361.17054000794,Global Real Estate,1423.47998046875,20260806,,,,,,
JPY,Lazard Japanese Equity ETF,NASDAQ,Lazard,USD,117555623025.76562,0.6,54476.579504156485,2,181.0,327.4003955078125,0.601,626.33119140625,1.15,-20.43,18.8,31.05,19.99,-15.13,2026-06-18,282974.6534219567,Japan Stock,1423.47998046875,20260806,,,,,,
AVMA,Avantis Moderate Allocation ETF,NYSE/AMEX,Avantis Investors,USD,117195471202.8672,0.21,105045.98491977157,3,87.5,683.270390625,0.6504,2086.821651367188,1.99,-1.48,10.64,18.19,9.48,-6.73,2026-06-11,368140.93322893727,Moderate Allocation,1423.47998046875,20260806,,,,,,
ENZL,iShares MSCI New Zealand ETF,NASDAQ,iShares,USD,116734218137.83594,0.5,68170.4553958252,2,181.0,622.0607514648437,0.9125,1440.561740234375,2.11,-3.62,5.32,4.95,16.08,-12.92,2026-06-15,1574924.883510696,Focused Region,1423.47998046875,20260806,,,,,,
AMUU,Direxion Daily AMD Bull 2X ETF,NASDAQ,Direxion Funds,USD,116713218961.16406,1.06,268809.95429877937,5,84.5,962.272466796875,0.358,11612.74968066406,4.32,7820.39,218.56,336.73,144.07,-60.94,2026-06-23,16539765.13095342,Trading--Leveraged Equity,1423.47998046875,20260806,262503.94319824217,0.0,,,2025-02-11,2.4
FCEF,First Trust Income Opportunities ETF,NASDAQ,First Trust,USD,115089529368.40234,3.69,34218.18208779674,12,30.0,196.4402373046875,0.5741,2327.389768066406,6.8,1.24,4.61,6.84,7.91,-7.59,2026-07-14,387755.9177206047,Global Moderately Conservative Allocation,1423.47998046875,20260806,,,,,,
TSLS,Direxion Daily TSLA Bear 1X ETF,NASDAQ,Direxion Funds,USD,114947352187.95312,0.95,91871.39924268796,4,91.0,486.83015332031255,0.5299,2234.8635693359374,2.43,-52.99,23.64,-15.52,46.73,-38.48,2026-06-23,178042401.58138424,Trading--Inverse Equity,1423.47998046875,20260806,91889.90317919922,-1.44,-29.00837,,2022-08-08,-0.02
DDIV,First Trust Dorsey Wright Momentum & Dividend ETF,NASDAQ,First Trust,USD,113512393264.92188,0.6,67572.59641049802,4,91.0,261.92031640625,0.3876,1022.0586259765624,1.51,-14.11,12.67,23.27,14.54,-11.51,2026-06-25,278608.964775663,Mid-Cap Value,1423.47998046875,20260806,,,,,,
GNOM,Global X Genomics & Biotechnology ETF,NASDAQ,Global X Funds,USD,113377925652.04688,0.5,79565.4141599182,2,181.0,82.5618388671875,0.1038,923.8385073242188,1.16,1928.12,22.4,60.34,27.54,-18.17,2026-06-29,666460.6240043032,Health,1423.47998046875,20260806,,,,,,
TUGN,STF Tactical Growth & Income ETF,NASDAQ,STFM,USD,113028387295.8828,0.65,39544.27483484801,12,28.0,394.3039545898438,0.9971,4385.7418198242185,11.09,9.14,9.72,11.66,18.54,-17.18,2026-07-23,744356.3495095242,Tactical Allocation,1423.47998046875,20260806,,,,,,
RUSC,Russell Investments U.S. Small Cap Equity ETF,NASDAQ,Russell Investment Management Limited,USD,112537639725.65623,0.64,55330.66532037966,1,,169.39411767578125,0.3061,169.39411767578125,0.31,,24.05,38.32,18.53,-9.18,2025-12-17,267820.19201202696,Small Blend,1423.47998046875,20260806,,,,,,
FAAA,Fidelity AAA CLO ETF,NASDAQ,Fidelity Investments,USD,112337475664.72266,0.0,71472.92851610109,6,31.0,251.95595654296875,0.3525,1450.5261000976564,2.03,,0.26,,1.38,-0.76,2026-07-30,1448254.2691869184,Securitized Bond - Focused,1423.47998046875,20260806,,,,,,
RFEM,First Trust RiverFront Dynamic Emerging Markets ETF,NASDAQ,First Trust,USD,111965241343.75,0.99,136476.1431274414,4,91.0,1595.7210581054687,1.1692,3523.1129516601563,2.58,35.02,19.07,33.61,19.51,-11.7,2026-06-25,384174.156559796,Diversified Emerging Mkts,1423.47998046875,20260806,,,,,,
QXQ,SGI Enhanced Nasdaq-100 ETF,NASDAQ,Summit Global Investments,USD,111859539414.32031,0.98,45390.50489913393,4,91.0,113.8783984375,0.2509,6975.051904296875,15.37,531.44,16.37,10.35,23.95,-24.61,2026-06-29,411653.0195342592,Derivative Income,1423.47998046875,20260806,,,,,,
ASCI,abrdn International Small Cap Active ETF,NASDAQ,Aberdeen,USD,111478456741.78906,0.7,53067.33193422854,1,,392.880474609375,0.7403,392.880474609375,0.74,,7.71,,19.22,-11.22,2025-12-19,196838.49623466493,Foreign Small/Mid Growth,1423.47998046875,20260806,,,,,,
BIB,ProShares Ultra Nasdaq Biotechnology,NASDAQ,ProShares,USD,111345731468.41016,0.95,147551.81478455663,3,91.0,9.964359863281253,0.0068,459.7840336914063,0.31,-62.04,30.16,106.36,40.54,-16.93,2026-03-25,952041.8284895696,Trading--Leveraged Equity,1423.47998046875,20260806,,,,,,
EGGQ,NestYield Visionary ETF,NASDAQ,NestYield,USD,111132106980.78123,0.93,75458.67137538455,12,31.0,569.3919921875,0.7546,5399.259565917969,7.16,169.58,13.87,16.86,42.51,-34.09,2026-07-30,290981.10581689054,Equity Hedged,1423.47998046875,20260806,,,,,,
UNHG,Leverage Shares 2X Long UNH Daily ETF,NASDAQ,Themes ETF Trust,USD,110465690593.125,0.77,30369.944080065936,1,,2701.7650029296874,8.8962,2701.7650029296874,8.9,,22.69,92.55,75.73,-61.4,2025-12-30,40464548.194315575,Industrials,1423.47998046875,20260806,31409.51281303711,0.0,,,2025-07-21,-3.31
METL,Sprott Active Metals & Miners ETF,NASDAQ,Sprott,USD,109677720402.97656,0.99,38419.72434704285,1,,357.29347509765626,0.93,357.29347509765626,0.93,,3.45,,43.99,-28.8,2025-12-18,1356508.6311136463,Natural Resources,1423.47998046875,20260806,,,,,,
PBQQ,PGIM Laddered Nasdaq-100 Buffer 12 ETF,NASDAQ,PGIM,USD,109095346273.3672,0.5,44882.32476160582,1,,5.6939199218750005,0.0127,5.6939199218750005,0.01,,9.48,15.56,7.8,-4.71,2025-12-30,481681.9684737688,Defined Outcome,1423.47998046875,20260806,,,,,,
IBBQ,Invesco Nasdaq Biotechnology ETF,NASDAQ,Invesco,USD,108822368364.47266,0.19,47288.006688818336,4,91.0,48.3983193359375,0.1023,365.83435498046873,0.77,16.82,17.07,49.37,20.13,-8.45,2026-06-22,705299.3384520087,Health,1423.47998046875,20260806,,,,,,
DVOL,First Trust Dorsey Wright Momentum & Low Volatility ETF,NASDAQ,First Trust,USD,104686384648.10156,0.6,54492.52241043188,4,91.0,140.92451806640625,0.2586,401.4213544921876,0.74,1.44,8.51,9.59,11.83,-9.89,2026-06-25,472016.5903190066,Large Blend,1423.47998046875,20260806,,,,,,
ARP,PMV Adaptive Risk Parity ETF,NYSE/AMEX,PMV CAPITAL,USD,103706757113.3828,1.42,47316.47694004513,1,,2809.9494814453124,5.9386,2809.9494814453124,5.94,37.18,9.6,15.62,16.28,-10.13,2025-12-30,218532.4125253897,Tactical Allocation,1423.47998046875,20260806,,,,,,
SEMY,GraniteShares YieldBOOST Semiconductor ETF,NASDAQ,Graniteshares,USD,103446237501.27734,1.07,19985.6588714798,37,7.0,260.4968364257812,1.3034,23141.514042480467,115.79,,-33.02,,30.08,-44.33,2026-07-31,3726517.145327169,Derivative Income,1423.47998046875,20260806,20014.128525390624,0.0,,,,-0.14
PYZ,Invesco Dorsey Wright Basic Materials Momentum ETF,NASDAQ,Invesco,USD,102689310562.54295,0.6,180660.96302442625,4,91.0,202.13415722656248,0.1119,845.5471083984374,0.47,-38.25,12.5,30.05,26.79,-17.75,2026-06-22,489859.83923780586,Natural Resources,1423.47998046875,20260806,,,,,,
DVAL,BrandywineGLOBAL-Dynamic US Large Cap Value ETF,NASDAQ,Franklin Templeton Investments,USD,102063081861.69531,0.49,23658.238470022567,1,,409.962234375,1.7329,409.962234375,1.73,-24.41,14.87,17.21,10.79,-6.2,2025-12-19,305731.0803217793,Large Value,1423.47998046875,20260806,,,,,,
GTR,WisdomTree Target Range Fund,NASDAQ,WisdomTree,USD,101889576733.83594,0.7,39335.0214749109,5,83.0,213.5219970703125,0.5428,2062.6224916992187,5.24,25.13,8.72,12.13,10.13,-6.78,2026-06-25,136957.79451621007,Equity Hedged,1423.47998046875,20260806,,,,,,
KNGZ,First Trust S&P 500 Diversified Dividend Aristocrats ETF,NASDAQ,First Trust,USD,101741557591.54688,0.5,59779.0402593445,4,91.0,435.5848740234375,0.7287,1467.6078598632814,2.46,18.78,16.76,24.61,14.0,-9.41,2026-06-25,224117.3537840368,Large Value,1423.47998046875,20260806,,,,,,
SMOM,Symmetry Panoramic Sector Momentum ETF,NASDAQ,Symmetry Partners,USD,99871275714.8086,0.63,40811.171148641966,1,,59.7861591796875,0.1465,59.7861591796875,0.15,,11.38,,12.5,-7.45,2025-12-30,398550.8206542333,Large Blend,1423.47998046875,20260806,,,,,,
QQQA,ProShares Nasdaq-100 Dorsey Wright Momentum ETF,NASDAQ,ProShares,USD,98343403406.4922,0.58,102568.8504270874,2,182.0,21.35219970703125,0.0208,25.6226396484375,0.02,-73.53,43.21,59.74,34.03,-22.43,2026-06-24,1195320.4608712366,Large Growth,1423.47998046875,20260806,,,,,,
SOFX,Defiance Daily Target 2X Long SOFI ETF,NASDAQ,Defiance ETFs LLC,USD,97799656829.6328,1.29,14384.264551019296,1,,5121.680969726563,35.6061,5121.680969726563,35.61,,-67.6,-62.85,114.94,-86.46,2025-12-30,19434732.556884203,Trading--Leveraged Equity,1423.47998046875,20260806,14201.917417138671,0.0,,,2025-01-15,1.28
IBAT,iShares Energy Storage & Materials ETF,NASDAQ,iShares,USD,97588435176.21094,0.47,57843.10661708377,2,181.0,260.4968364257812,0.4504,432.7379140625,0.75,-7.6,38.55,68.34,31.93,-25.85,2026-06-15,979088.6376467852,Miscellaneous Sector,1423.47998046875,20260806,,,,,,
HYP,Golden Eagle Dynamic Hypergrowth ETF,NASDAQ,"Golden Eagle Strategies, LLC",USD,97414702291.55469,0.85,37295.17657431029,1,,45.551359375,0.1221,45.551359375,0.12,,8.65,,46.52,-28.79,2025-12-24,652946.6610269764,Large Growth,1423.47998046875,20260806,,,,,,
SPCT,Liberty One Spectrum ETF,NASDAQ,Liberty One Investment Management,USD,95702791103.52344,0.85,40257.437523121946,9,28.5,15.65827978515625,0.0389,304.62471582031253,0.76,,10.73,,9.43,-7.4,2026-07-17,430652.1386722349,Large Blend,1423.47998046875,20260806,,,,,,
AMAX,Adaptive Hedged Multi-Asset Income ETF,NYSE/AMEX,Adaptive ETF,USD,95449485687.95898,1.36,10668.982290708926,12,31.0,105.33751855468748,0.9873,1256.932822753906,11.78,33.99,-4.9,-5.78,11.22,-12.17,2026-07-30,384012.84426404943,Nontraditional Bond,1423.47998046875,20260806,,,,,,
SYZ,Lazard US Systematic Small Cap Equity ETF,NASDAQ,Lazard,USD,94865750711.48828,0.61,43729.304022573866,2,90.0,42.7043994140625,0.0977,102.49055859375,0.23,,20.73,,16.51,-8.0,2026-06-18,108897.10064618428,Small Blend,1423.47998046875,20260806,,,,,,
DEMZ,Democratic Large Cap Core ETF,NASDAQ,DEMZ,USD,93101108131.06056,0.45,68882.19538605958,1,,592.167671875,0.8597,592.167671875,0.86,116.67,13.33,21.32,15.0,-12.28,2025-12-30,160354.53515843852,Large Blend,1423.47998046875,20260806,,,,,,
HERO,Global X Video Games & Esports ETF,NASDAQ,Global X Funds,USD,92812056286.22656,0.5,37828.98156698607,2,181.0,182.2054375,0.4817,656.2242709960938,1.73,28.77,-11.8,-18.0,20.5,-31.54,2026-06-29,937861.7708726708,Communications,1423.47998046875,20260806,,,,,,
GRW,TCW Durable Growth ETF,NASDAQ,TCW,USD,92255270632.7461,0.75,46727.15414295532,1,,118.14883837890626,0.2528,118.14883837890626,0.25,-97.77,5.57,-0.79,15.12,-19.18,2025-09-22,596015.3687237743,Large Growth,1423.47998046875,20260806,,,,,,
AVNV,Avantis All International Markets Value ETF,NYSE/AMEX,Avantis Investors,USD,91848035786.01369,0.34,121332.02206966652,3,87.5,1217.0753833007811,1.0031,3125.9620371093747,2.58,-2.4,12.75,26.33,15.95,-11.76,2026-06-11,825369.3871690667,Foreign Large Value,1423.47998046875,20260806,,,,,,
USOY,Defiance Oil Enhanced Options Income ETF,NASDAQ,Defiance ETFs LLC,USD,91688224535.5664,1.12,9494.611578329466,52,7.0,95.37315869140626,1.0045,5921.67671875,62.37,-53.79,2.38,-22.8,35.98,-31.6,2026-07-30,2954539.4823999065,Equity Hedged,1423.47998046875,20260806,,,,,,
PSTR,PeakShares Sector Rotation ETF,NASDAQ,PeakShares LLC,USD,90888410991.98048,1.06,45413.281643129885,4,92.0,548.0397924804688,1.2068,2123.832130859375,4.68,38.4,10.04,15.39,10.15,-7.86,2026-06-23,185331.4390045713,Derivative Income,1423.47998046875,20260806,,,,,,
GLOW,VictoryShares WestEnd Global Equity ETF,NASDAQ,Victory Capital Management Inc.,USD,90388815070.19531,0.72,49931.40679704957,5,77.0,200.71067724609367,0.402,602.1320317382813,1.21,13.4,13.12,23.85,13.12,-9.33,2026-07-09,381974.0703331997,Global Large-Stock Blend,1423.47998046875,20260806,,,,,,
QAT,iShares MSCI Qatar ETF,NASDAQ,iShares,USD,89269322086.51562,0.6,25309.47503016051,2,181.0,888.2515078125,3.5096,1211.381463378906,4.79,17.87,-5.55,-10.43,13.25,-15.47,2026-06-15,584442.8803476888,Focused Region,1423.47998046875,20260806,,,,,,
AIVI,WisdomTree International AI Enhanced Value Fund,NYSE/AMEX,WisdomTree,USD,88403703910.39258,0.58,85923.10416942649,4,91.0,2320.2723681640623,2.7004,4175.066782714844,4.86,60.1,15.57,23.54,13.91,-10.92,2026-06-25,128256.50873573271,Foreign Large Value,1423.47998046875,20260806,,,,,,
DYNB,Hartford Dynamic Bond ETF,NASDAQ,Hartford Mutual Funds,USD,88220729793.70312,0.6,55472.86996259354,10,31.0,195.0167573242188,0.3516,1873.2996542968751,3.38,,-1.96,,3.14,-3.78,2026-07-30,336123.21029803075,Multisector Bond,1423.47998046875,20260806,,,,,,
AHYB,American Century Select High Yield ETF,NYSE/AMEX,American Century Investments,USD,88134466906.88672,0.45,65181.29079267383,11,29.0,334.5177954101562,0.5132,3609.94523046875,5.54,-6.28,-1.92,-1.27,3.78,-3.05,2026-07-07,179153.457395394,High Yield Bond,1423.47998046875,20260806,,,,,,
LINT,Direxion Daily INTC Bull 2X ETF,NASDAQ,Direxion Funds,USD,87897377775.25977,0.97,174575.58393586427,3,91.0,730.2452299804688,0.4183,1063.3395454101562,0.61,,293.59,,169.91,-69.08,2026-06-23,16272969.994087003,Trading--Leveraged Equity,1423.47998046875,20260806,174571.3143647461,0.0,,,2025-11-18,0.0
OZEM,Roundhill GLP-1 & Weight Loss ETF,NASDAQ,Roundhill Investments,USD,87373144261.97266,0.59,46675.90986280516,1,,583.6267919921875,1.2504,583.6267919921875,1.25,673.58,-4.51,37.08,23.42,-19.5,2025-12-30,677872.3540410806,Health,1423.47998046875,20260806,,,,,,
TSYY,GraniteShares YieldBOOST TSLA ETF,NASDAQ,Graniteshares,USD,86703004050.6875,1.15,28953.583019940183,52,7.0,277.57859619140623,0.9587,71111.36590429686,245.6,-38.22,-51.29,-70.3,33.23,-71.13,2026-07-31,10462031.366089037,Derivative Income,1423.47998046875,20260806,28967.817602539064,0.0,,,,-0.05
EASY,Liberty One Defensive Dividend Growth ETF,NASDAQ,Liberty One Investment Management,USD,86644629983.64844,0.85,38893.74344118592,9,28.5,14.2347998046875,0.0366,298.9307958984375,0.77,,7.64,,11.62,-8.1,2026-07-17,454827.4482511125,Large Blend,1423.47998046875,20260806,,,,,,
WSGE,Warren Street Global Equity ETF,NASDAQ,Warren Street Wealth Advisors,USD,86188797530.38281,0.8,40786.97170660645,1,,96.796638671875,0.2373,96.796638671875,0.24,,14.05,,15.41,-9.25,2025-12-30,152953.21974191605,Global Large-Stock Blend,1423.47998046875,20260806,,,,,,
TAXT,Northern Trust Tax-Exempt Bond ETF,NASDAQ,Northern Trust,USD,85434990859.76562,0.05,72455.13317791745,12,30.0,219.2159169921875,0.3026,2284.685368652344,3.15,,-1.25,,2.75,-3.13,2026-08-03,314900.50086029305,Muni National Long,1423.47998046875,20260806,,,,,,
MUD,Direxion Daily MU Bear 1X ETF,NASDAQ,Direxion Funds,USD,85085190583.28516,1.02,16056.853799577337,4,91.0,72.59747900390624,0.4521,15975.71582080078,99.49,-80.1,-97.85,-99.36,120.71,-99.46,2026-06-23,78188366.38187015,Trading--Inverse Equity,1423.47998046875,20260806,16135.757675004885,0.0,,,2024-10-09,-0.49
BOTT,Themes Humanoid Robotics ETF,NASDAQ,Themes ETF Trust,USD,85052342359.25586,0.35,64782.57152186893,1,,82.5618388671875,0.1274,82.5618388671875,0.13,-87.87,3.09,39.93,42.12,-38.54,2025-12-18,994962.5008659668,Technology,1423.47998046875,20260806,,,,,,
APPX,Tradr 2X Long APP Daily ETF,NASDAQ,AXS,USD,84619143237.67969,1.36,21621.806415673345,1,,14199.21280517578,65.6708,14199.21280517578,65.67,,-82.9,-67.67,149.49,-89.72,2025-12-26,28714689.37136591,Trading--Leveraged Equity,1423.47998046875,20260806,35615.46911132812,0.0,,,2025-04-24,-39.29
PFI,Invesco Dorsey Wright Financial Momentum ETF,NASDAQ,Invesco,USD,84453529882.83203,0.6,90632.96774997562,4,91.0,372.9517548828125,0.4115,869.7462680664063,0.96,-48.83,9.1,14.06,18.89,-14.12,2026-06-22,352117.02200785483,Financial,1423.47998046875,20260806,,,,,,
TRUC,VanEck Communication Services TruSector ETF,NASDAQ,VanEck,USD,83673519792.73438,0.14,36341.44487879332,1,,81.13835888671875,0.2233,81.13835888671875,0.22,,1.67,,21.86,-12.59,2026-07-01,1886169.7014364705,Communications,1423.47998046875,20260806,,,,,,
FDIV,MarketDesk Focused U.S. Dividend ETF,NASDAQ,MarketDesk,USD,83522465791.12695,0.35,40113.66628402099,4,91.0,196.4402373046875,0.4897,942.3437470703126,2.35,-20.72,4.02,7.5,12.38,-8.08,2026-06-29,459261.8618892959,Mid-Cap Value,1423.47998046875,20260806,,,,,,
REIT,ALPS Active REIT ETF,NASDAQ,ALPS,USD,82977278652.52734,0.68,43700.83648641966,4,91.0,300.35427587890626,0.6873,1175.7944638671877,2.69,1.72,16.74,18.1,13.45,-7.95,2026-06-18,296350.7504581892,Real Estate,1423.47998046875,20260806,,,,,,
FSCS,First Trust SMID Capital Strength ETF,NASDAQ,First Trust,USD,82584557607.67578,0.6,54539.21079876833,4,91.0,173.66455761718748,0.3184,525.2641127929687,0.96,25.94,7.16,5.85,12.61,-8.02,2026-06-25,209093.4314879763,Mid-Cap Blend,1423.47998046875,20260806,,,,,,
EVYM,Eaton Vance High Income Municipal ETF,NASDAQ,Eaton Vance ETFs,USD,82337822975.70117,0.4,71188.2314339783,12,31.0,303.2012358398437,0.4259,3467.597232421875,4.87,179.68,0.1,4.36,3.85,-3.0,2026-07-31,310361.6531801718,High Yield Muni,1423.47998046875,20260806,,,,,,
ABIG,Argent Large Cap ETF,NASDAQ,Argent,USD,82077286281.83594,0.49,51500.08342973143,1,,44.12787939453125,0.0857,44.12787939453125,0.09,,13.05,18.84,14.13,-13.7,2025-12-23,171878.77977530795,Large Blend,1423.47998046875,20260806,,,,,,
DYFI,IDX Dynamic Fixed Income ETF,NASDAQ,"IDX Advisors, LLC",USD,80264353566.55078,1.13,32241.82101460267,11,28.0,152.31235791015624,0.4724,1481.8426596679687,4.6,-13.25,-1.82,-2.27,2.84,-4.01,2026-07-22,287323.9793329125,Multisector Bond,1423.47998046875,20260806,,,,,,
TRUD,VanEck Consumer Discretionary TruSector ETF,NASDAQ,VanEck,USD,80207123977.41602,0.16,37821.86264664307,4,91.0,51.245279296875,0.1355,177.93499755859375,0.47,,2.86,,22.23,-15.96,2026-07-01,1623773.079525896,Consumer Cyclical,1423.47998046875,20260806,,,,,,
CEFA,Global X S&P Catholic Values Developed ex-U.S. ETF,NASDAQ,Global X Funds,USD,80061980264.6875,0.35,58596.13200119138,2,181.0,596.4381118164063,1.0179,1543.052298828125,2.63,55.97,10.46,20.24,16.26,-11.54,2026-06-29,208574.4754882448,Foreign Large Blend,1423.47998046875,20260806,,,,,,
AGQI,First Trust Active Global Quality Income ETF,NYSE/AMEX,First Trust,USD,79486142755.14844,0.85,26693.09774494078,4,91.0,145.1949580078125,0.5439,444.12575390625,1.66,-13.81,12.58,21.22,12.41,-9.58,2026-06-25,116653.19679452508,Global Large-Stock Value,1423.47998046875,20260806,,,,,,
ADIV,Guinness Atkinson Asia Pacific Dividend Builder ETF,NYSE/AMEX,Guinness Atkinson,USD,78896941615.55273,0.78,27942.05828917492,4,90.0,213.5219970703125,0.7642,798.5722690429689,2.86,-28.99,7.03,9.02,14.41,-10.85,2026-06-18,242384.16842144515,Pacific/Asia ex-Japan Stk,1423.47998046875,20260806,,,,,,
NCPB,Nuveen Core Plus Bond ETF,NASDAQ,Nuveen,USD,78702363290.0625,0.31,35053.19451904297,12,30.0,155.15931787109375,0.4426,1863.335294433594,5.32,-2.6,-2.38,-1.72,3.85,-4.26,2026-08-03,100654.95082353691,Intermediate Core-Plus Bond,1423.47998046875,20260806,,,,,,
THMZ,Lazard Equity Megatrends ETF,NASDAQ,Lazard,USD,78665665976.16602,0.5,49608.27514727786,3,90.5,52.66875927734375,0.1062,112.45491845703124,0.23,-16.84,6.71,14.8,17.1,-16.1,2026-06-18,167409.2560095312,Global Large-Stock Blend,1423.47998046875,20260806,,,,,,
RAUS,RACWI US ETF,NASDAQ,RAFI Indices LLC,USD,78483967297.53906,0.0,43060.26940917969,1,,93.9496787109375,0.2182,93.9496787109375,0.22,,14.29,,13.01,-8.63,2025-12-23,401748.6168317879,Large Blend,1423.47998046875,20260806,,,,,,
BSMZ,Invesco BulletShares 2035 Municipal Bond ETF,NASDAQ,Invesco,USD,77953288266.90039,0.18,35615.46976294555,10,28.0,123.84275830078124,0.3477,979.3542265625,2.75,,-1.88,,3.82,-3.8,2026-07-20,367298.0354420774,Muni Target Maturity,1423.47998046875,20260806,,,,,,
PUI,Invesco Dorsey Wright Utilities Momentum ETF,NASDAQ,Invesco,USD,77721050355.04688,0.6,64270.12329022214,4,91.0,297.50731591796875,0.4629,1329.5303017578124,2.07,0.32,2.2,0.78,14.94,-11.59,2026-06-22,604217.1615281428,Utilities,1423.47998046875,20260806,,,,,,
HRTS,Tema Heart & Health ETF,NASDAQ,Tema ETFs,USD,77248819412.40625,0.75,52275.87741261721,1,,673.3060307617187,1.288,673.3060307617187,1.29,0.85,3.83,29.81,16.11,-11.01,2025-12-10,227613.47991973755,Health,1423.47998046875,20260806,,,,,,
AVGG,Leverage Shares 2X Long AVGO Daily ETF,NASDAQ,Themes ETF Trust,USD,76021227359.00977,0.76,47312.91476480104,1,,869.7462680664063,1.8383,869.7462680664063,1.84,,21.88,38.31,95.57,-54.77,2025-12-30,6401399.838012361,Trading--Leveraged Equity,1423.47998046875,20260806,46538.54274145508,0.0,,,,1.66
ARMG,Leverage Shares 2X Long ARM Daily ETF,NASDAQ,Themes ETF Trust,USD,75749348376.66016,0.78,34021.170990188606,1,,394.3039545898438,1.159,394.3039545898438,1.16,,281.79,125.47,151.94,-76.64,2025-12-30,21795216.62619859,Trading--Leveraged Equity,1423.47998046875,20260806,30151.86825029297,0.0,,,2025-01-13,12.83
AMUN,abrdn Ultra Short Municipal Income Active ETF,NASDAQ,Aberdeen,USD,75740277962.22461,0.25,37031.8308230713,10,30.0,91.10271875,0.246,881.1341079101562,2.38,,-0.19,,1.3,-0.82,2026-08-03,192787.8161459258,Muni National Short,1423.47998046875,20260806,,,,,,
EFAS,Global X MSCI SuperDividend EAFE ETF,NASDAQ,Global X Funds,USD,75054895127.3086,0.55,32747.15575605165,12,29.0,128.1131982421875,0.3912,1496.077459472656,4.57,9.25,17.28,23.75,10.89,-5.69,2026-08-05,431765.0818957751,Foreign Large Value,1423.47998046875,20260806,,,,,,
PXI,Invesco Dorsey Wright Energy Momentum ETF,NASDAQ,Invesco,USD,74665618904.00977,0.6,82447.95786228031,4,91.0,259.07335644531247,0.3142,1053.375185546875,1.28,-3.65,24.72,36.89,22.68,-12.68,2026-06-22,725092.6933501347,Equity Energy,1423.47998046875,20260806,,,,,,
NIKL,Sprott Nickel Miners ETF,NASDAQ,Sprott,USD,73851496539.66016,0.75,19969.14715749584,1,,566.5450322265625,2.8371,566.5450322265625,2.84,6.99,-15.59,14.8,43.13,-40.15,2025-12-18,2939332.0728052147,Natural Resources,1423.47998046875,20260806,,,,,,
ASIA,Matthews Pacific Tiger Active ETF,NYSE/AMEX,Matthews Asia Funds,USD,73155699525.20703,0.79,58456.20258981176,1,,508.1823530273437,0.8693,508.1823530273437,0.87,134.87,17.16,36.09,27.63,-18.52,2025-12-17,131755.21504779832,Pacific/Asia ex-Japan Stk,1423.47998046875,20260806,,,,,,
HIMZ,Defiance Daily Target 2X Long HIMS ETF,NASDAQ,Defiance ETFs LLC,USD,73069425250.55078,1.29,47027.08278233372,1,,2809.9494814453124,5.9752,2809.9494814453124,5.98,,-61.44,-88.4,183.36,-96.28,2025-12-30,56023843.48602498,Trading--Leveraged Equity,1423.47998046875,20260806,50488.27264326172,0.0,,,2025-03-12,-6.86
QQWZ,Pacer Cash COWZ 100-Nasdaq 100 Rotator ETF,NASDAQ,Pacer,USD,72317298286.31055,0.49,39725.91047635302,4,91.0,102.49055859375,0.258,230.60375683593747,0.58,5300.0,9.78,19.49,17.08,-11.52,2026-06-04,280940.1344226366,Large Value,1423.47998046875,20260806,,,,,,
NVD,GraniteShares 2x Short NVDA Daily ETF,NASDAQ,Graniteshares,USD,72040978046.42188,1.35,5900.324491892243,1,,1204.2640634765626,20.4101,1204.2640634765626,20.41,-67.56,-40.62,-57.0,74.04,-64.22,2025-12-29,350114584.74265754,Trading--Inverse Equity,1423.47998046875,20260806,5907.441918945313,0.0,,,2023-08-21,-0.12
XRPT,Volatility Shares Trust XRP 2X ETF,NASDAQ,Volatility Shares LLC,USD,71992773320.36328,3.13,30078.130792672742,12,28.0,38.43395947265625,0.1278,2269.027088867187,7.54,7870.0,-81.63,-94.64,143.11,-95.65,2026-07-22,13107863.524341583,Trading--Miscellaneous,1423.47998046875,20260806,31680.828097314454,0.0,,,2025-05-22,-5.06
HOOG,Leverage Shares 2X Long HOOD Daily ETF,NASDAQ,Themes ETF Trust,USD,71756635073.36328,0.85,33964.233202807605,1,,9517.387149414062,28.0218,9517.387149414062,28.02,,-57.6,-64.91,140.73,-88.27,2025-12-30,18116413.00581691,Trading--Leveraged Equity,1423.47998046875,20260806,34545.58155800781,0.0,,,2025-03-20,-1.68
FDIQ,Invesco Bloomberg Financial Data Providers ETF,NASDAQ,Invesco,USD,71150551461.19922,0.35,102305.5101059936,4,91.0,317.4360356445313,0.3103,2175.07741015625,2.13,-4.68,15.57,24.62,22.39,-15.29,2026-06-22,255856.3937016217,Financial,1423.47998046875,20260806,,,,,,
VBCA,Vanguard Target Maturity 2027 Corporate Bond ETF,NASDAQ,Vanguard,USD,70978982266.11328,0.08,107408.68453273922,4,31.0,355.8699951171875,0.3313,1151.5953041992186,1.07,,0.61,,1.33,-0.34,2026-08-03,869103.8544931826,Target Maturity,1423.47998046875,20260806,,,,,,
RGTX,Defiance Daily Target 2X Long RGTI ETF,NASDAQ,Defiance ETFs LLC,USD,69803626234.08008,1.29,17864.674026390072,1,,375.79871484375,2.1036,375.79871484375,2.1,,-77.1,-74.97,213.07,-98.35,2025-12-30,70104002.98358202,Trading--Leveraged Equity,1423.47998046875,20260806,17341.544862060546,0.0,,,2025-03-31,3.02
QLDY,Defiance Nasdaq 100 LightningSpread Income ETF,NASDAQ,Defiance ETFs LLC,USD,69746954649.09766,1.04,60483.66675938107,89,3.5,227.756796875,0.3766,22354.32961328125,36.96,,-8.87,,22.6,-27.93,2026-08-05,1517382.7745400334,Derivative Income,1423.47998046875,20260806,,,,,,
TDSB,ETC Cabana Target Beta ETF,NASDAQ,Cabana,USD,69359437847.05469,0.91,35085.935579461046,4,91.0,179.3584775390625,0.5112,797.1487890625001,2.27,-20.9,2.9,9.13,6.44,-5.08,2026-06-26,210309.4371742461,Moderately Conservative Allocation,1423.47998046875,20260806,,,,,,
GSIB,Themes Global Systemically Important Banks ETF,NASDAQ,Themes ETF Trust,USD,68668344010.45703,0.35,92506.27009762453,1,,1426.3269404296875,1.5419,1426.3269404296875,1.54,81.19,21.61,43.68,17.85,-13.9,2025-12-18,626868.8261396857,Financial,1423.47998046875,20260806,,,,,,
MYCF,State Street My2026 Corporate Bond ETF,NASDAQ,State Street Investment Management,USD,67787187126.86719,0.15,35594.11571698915,12,30.0,126.68971826171874,0.3559,1551.5931787109373,4.36,13.9,-0.1,-0.1,1.41,-0.64,2026-08-03,305419.8546846549,Target Maturity,1423.47998046875,20260806,,,,,,
CNQQ,Rayliant-ChinaAMC Transformative China Tech ETF,NASDAQ,Rayliant,USD,67757834969.66992,0.75,34334.33832353819,5,31.5,8.5408798828125,0.0249,132.38363818359375,0.39,,0.41,,27.79,-17.89,2026-07-30,372587.3920396699,Greater China Region,1423.47998046875,20260806,,,,,,
DVLU,First Trust Dorsey Wright Momentum & Value ETF,NASDAQ,First Trust,USD,66924376053.265625,0.6,59871.56993336789,4,91.0,140.92451806640625,0.2354,384.33959472656255,0.64,-10.89,16.22,40.43,16.54,-12.29,2026-06-25,184703.80626816768,Mid-Cap Value,1423.47998046875,20260806,,,,,,
LOTI,Liberty One Tactical Income ETF,NASDAQ,Liberty One Investment Management,USD,66820074828.13672,1.01,37337.87923607789,9,28.5,69.75051904296875,0.1868,657.6477509765624,1.76,,4.31,,6.04,-4.67,2026-07-17,351597.00156300503,Moderate Allocation,1423.47998046875,20260806,,,,,,
SARK,Tradr 1X Short Innovation Daily ETF,NASDAQ,AXS,USD,66558074796.85156,0.99,40127.90140963439,1,,1212.8049433593749,3.0223,1212.8049433593749,3.02,-86.92,-4.89,-16.13,36.44,-26.34,2025-12-23,18997251.76697573,Trading--Inverse Equity,1423.47998046875,20260806,40213.30944824219,-2.74,-28.33836,,2021-11-05,-0.21
AVGW,Roundhill AVGO WeeklyPay ETF,NYSE/AMEX,Roundhill Investments,USD,66270856394.23242,1.0,62042.37364549562,52,7.0,639.1425112304688,1.0302,39238.22566162109,63.24,,-8.89,-19.16,57.61,-46.3,2026-08-03,1995964.987997868,Trading--Miscellaneous,1423.47998046875,20260806,,,,,,
MYCJ,State Street My2030 Corporate Bond ETF,NASDAQ,State Street Investment Management,USD,66153806482.39844,0.15,34818.31901903078,12,30.0,132.38363818359375,0.3802,1609.9558579101565,4.62,15.64,-2.1,-1.81,3.07,-3.18,2026-08-03,190644.93738665333,Target Maturity,1423.47998046875,20260806,,,,,,
VBCD,Vanguard Target Maturity 2030 Corporate Bond ETF,NASDAQ,Vanguard,USD,66059435453.61328,0.08,106668.46886113286,4,31.0,378.64567480468753,0.355,1262.626742675781,1.18,,0.22,,3.03,-1.66,2026-08-03,732983.373104593,Target Maturity,1423.47998046875,20260806,,,,,,
ZHOG,F/m Opportunistic Income ETF,NASDAQ,"F/m investments, LLC",USD,65941491596.35156,0.43,72739.82482989505,12,29.0,380.0691547851563,0.5225,3655.49658984375,5.03,-10.4,-1.87,-1.09,2.1,-2.75,2026-07-28,123887.2153339158,Intermediate Core-Plus Bond,1423.47998046875,20260806,,,,,,
CARZ,First Trust S-Network Future Vehicles & Technology ETF,NASDAQ,First Trust,USD,65886556656.94531,0.7,151472.50993461907,2,78.0,1533.0879389648435,1.0121,1944.473653320312,1.28,112.44,32.73,67.6,32.25,-21.44,2025-12-12,339194.44666402746,Technology,1423.47998046875,20260806,,,,,,
SDTY,YieldMax S&P 500 0DTE Covered Call Strategy ETF,NASDAQ,YieldMax ETFs,USD,65817757022.5293,1.08,59515.69993825071,53,7.0,301.77775585937496,0.5071,16249.02397705078,27.3,113.44,-5.9,-7.69,12.08,-15.86,2026-08-05,481387.5752145228,Derivative Income,1423.47998046875,20260806,,,,,,
QQQT,Defiance Nasdaq 100 Income Target ETF,NASDAQ,Defiance ETFs LLC,USD,65592329038.90234,1.2,25565.699145983905,12,30.0,414.2326743164063,1.6203,5192.85496875,20.31,-2.51,2.98,0.36,18.81,-19.94,2026-08-03,614211.8509802496,Derivative Income,1423.47998046875,20260806,,,,,,
CCSO,Carbon Collective Climate Solutions U.S. Equity ETF,NASDAQ,Carbon Collective Funds,USD,65039557598.9668,0.35,38533.60263687745,1,,222.062876953125,0.5763,222.062876953125,0.58,45.79,7.18,15.12,23.1,-14.75,2025-12-29,107422.49884151747,Mid-Cap Growth,1423.47998046875,20260806,,,,,,
ALTY,Global X Alternative Income ETF,NASDAQ,Global X Funds,USD,64973957947.54688,0.5,17487.451342852786,12,29.0,112.45491845703124,0.6431,1320.9894218749998,7.55,-3.03,2.4,5.27,6.13,-4.94,2026-08-05,222800.9014746525,Global Moderate Allocation,1423.47998046875,20260806,,,,,,
BSJW,Invesco BulletShares 2032 High Yield Corporate Bond ETF,NASDAQ,Invesco,USD,64203376988.83984,0.42,36006.926214559935,12,28.0,196.4402373046875,0.5456,2399.9872470703126,6.67,-5.6,-1.9,-1.28,4.61,-4.6,2026-07-20,222644.22917818167,Target Maturity,1423.47998046875,20260806,,,,,,
AAA,Alternative Access First Priority CLO Bond ETF,NYSE/AMEX,Alternative Access Funds,USD,63914091693.28906,0.19,35572.76438610535,11,30.5,122.41927832031249,0.3441,1571.5218984375,4.42,-19.59,0.16,0.21,2.45,-1.05,2026-06-30,239597.9491086329,Securitized Bond - Focused,1423.47998046875,20260806,,,,,,
VBCE,Vanguard Target Maturity 2031 Corporate Bond ETF,NASDAQ,Vanguard,USD,63860158883.78906,0.08,106561.71220671386,4,31.0,391.4569946289063,0.3674,1282.555462402344,1.2,,0.19,,3.68,-2.06,2026-08-03,725294.5122138314,Target Maturity,1423.47998046875,20260806,,,,,,
FMET,Fidelity Metaverse ETF,NASDAQ,Fidelity Investments,USD,63219518871.61914,0.39,54440.99033258669,4,91.0,95.37315869140626,0.1752,269.03771630859376,0.49,-35.71,4.88,8.97,21.55,-23.22,2026-06-18,213194.85903684457,Communications,1423.47998046875,20260806,,,,,,
RIFR,Russell Investments Global Infrastructure ETF,NASDAQ,Russell Investment Management Limited,USD,63059360292.05664,0.59,40863.27067665942,1,,358.716955078125,0.8778,358.716955078125,0.88,,10.76,11.98,10.87,-6.8,2025-12-17,149936.053298935,Infrastructure,1423.47998046875,20260806,,,,,,
FDFF,Fidelity Disruptive Finance ETF,NASDAQ,Fidelity Investments,USD,62963878948.88672,0.5,52075.16838613525,4,91.0,267.614236328125,0.5139,498.2179931640625,0.96,27.74,2.18,-3.07,18.55,-20.97,2026-06-18,152759.502355416,Financial,1423.47998046875,20260806,,,,,,
SPBC,Simplify US Equity PLUS Bitcoin Strategy ETF,NASDAQ,Simplify Asset Management,USD,62514531870.41211,0.54,69935.57296087034,4,91.0,142.347998046875,0.2035,569.3919921875,0.81,11.11,9.53,15.3,15.35,-12.64,2026-06-25,480028.7612842849,Digital Assets,1423.47998046875,20260806,,,,,,
TCHI,iShares MSCI China Multisector Tech ETF,NASDAQ,iShares,USD,62508006638.18164,0.59,34220.460033703595,2,181.0,112.45491845703124,0.3286,770.1026694335937,2.25,11.09,-1.23,12.81,28.8,-22.28,2026-06-15,578359.8200131906,Greater China Region,1423.47998046875,20260806,,,,,,
AUGZ,TrueShares Structured Outcome (August) ETF,NYSE/AMEX,TrueShares,USD,60837439002.703125,0.79,65947.97842207737,1,,2183.6182900390627,3.3111,2183.6182900390627,3.31,-2.54,9.53,12.65,11.01,-9.61,2025-12-24,451317.8170152793,Defined Outcome,1423.47998046875,20260806,,,,,,
BDGS,Bridges Capital Tactical ETF,NASDAQ,Bridges,USD,60263622834.73633,0.87,52591.17879302613,1,,273.30815625,0.5197,273.30815625,0.52,-66.37,6.7,10.4,7.22,-4.76,2025-12-23,164255.65470557954,Tactical Allocation,1423.47998046875,20260806,,,,,,
GVLE,Goldman Sachs Value Opportunities ETF,NASDAQ,Goldman Sachs,USD,60220024489.89453,0.45,70191.79979176633,1,,674.7295107421875,0.9613,674.7295107421875,0.96,,20.12,,14.1,-7.88,2025-12-23,127987.82309106192,Large Value,1423.47998046875,20260806,,,,,,
ZTRE,F/m 3-Year Investment Grade Corporate Bond ETF,NASDAQ,"F/m investments, LLC",USD,60180144274.76172,0.15,71985.38217789307,12,29.0,257.6498764648437,0.3579,3036.282798339844,4.22,-7.78,-1.34,-0.89,2.16,-2.3,2026-07-28,614651.4487080364,Short-Term Bond,1423.47998046875,20260806,,,,,,
BRKU,Direxion Daily BRKB Bull 2X ETF,NASDAQ,Direxion Funds,USD,60171227596.16406,1.02,34719.957369074225,4,91.0,159.4297578125,0.4592,838.4297084960937,2.41,144.4,0.66,5.86,27.84,-23.51,2026-06-23,6927932.716781404,Trading--Leveraged Equity,1423.47998046875,20260806,35592.90695363769,0.0,,,,-2.45
AAPW,Roundhill AAPL WeeklyPay ETF,NYSE/AMEX,Roundhill Investments,USD,58551182112.15234,1.0,56512.15631063841,52,7.0,324.553435546875,0.5743,16984.963126953124,30.06,97.91,-1.02,12.4,31.2,-24.11,2026-08-03,908092.931001686,Trading--Miscellaneous,1423.47998046875,20260806,,,,,,
QVOL,Infrastructure Capital Nasdaq Option Income ETF,NASDAQ,InfraCap,USD,58042231079.93555,0.82,143173.61904201657,3,31.5,1480.4191796875,1.034,4384.31833984375,3.06,,1.85,,30.07,-14.19,2026-07-30,1418248.5059595744,Derivative Income,1423.47998046875,20260806,,,,,,
NVDG,Leverage Shares 2X Long NVDA Daily ETF,NASDAQ,Themes ETF Trust,USD,57939569703.74414,0.76,28426.894232534803,1,,2832.7251611328124,9.9649,2832.7251611328124,9.96,,16.06,4.45,73.55,-48.67,2025-12-30,6421452.548768207,Trading--Leveraged Equity,1423.47998046875,20260806,28308.74637158203,0.0,,,,0.42
NSI,National Security Emerging Markets Index ETF,NASDAQ,National security index,USD,57894377061.32422,0.75,53793.30976514891,3,91.0,74.020958984375,0.1376,653.3773110351563,1.21,-46.19,10.23,27.11,21.47,-13.66,2026-05-22,107196.74701918644,Diversified Emerging Mkts,1423.47998046875,20260806,,,,,,
BTGD,STKd 100% Bitcoin & 100% Gold ETF,NASDAQ,Quantify Funds,USD,57759584895.01367,1.09,31409.08652926329,1,,1642.6958974609374,5.23,1642.6958974609374,5.23,2208.0,-37.48,-43.11,58.55,-60.14,2025-12-30,3460459.20290662,Digital Assets,1423.47998046875,20260806,31263.606115039063,0.0,,,,0.47
COWS,Amplify Cash Flow Dividend Leaders ETF,NASDAQ,Amplify ETFs,USD,57509297257.00781,0.19,56103.61390718632,12,31.0,74.020958984375,0.1319,797.1487890625001,1.42,-18.49,17.83,30.35,16.06,-6.53,2026-07-30,206718.49739257083,Mid-Cap Value,1423.47998046875,20260806,,,,,,
NIXT,Research Affiliates Deletions ETF,NASDAQ,Research Affiliates LLC,USD,57101538569.64258,0.19,49018.95778033324,4,91.0,200.71067724609367,0.4095,613.5198715820313,1.25,-23.99,28.9,40.33,20.98,-11.71,2026-06-29,102633.89841968796,Small Value,1423.47998046875,20260806,,,,,,
AMZW,Roundhill AMZN WeeklyPay ETF,NYSE/AMEX,Roundhill Investments,USD,55240127820.14258,1.0,57907.166039880365,52,7.0,190.7463173828125,0.3294,23095.96268310547,39.88,493.67,-1.69,-17.28,41.8,-36.63,2026-08-03,1288708.1083514148,Trading--Miscellaneous,1423.47998046875,20260806,,,,,,
EART,Global X Rare Earth & Critical Materials ETF,NASDAQ,Global X Funds,USD,55219191276.58984,0.59,41979.27954608202,2,181.0,195.0167573242188,0.4646,266.19075634765625,0.63,-17.26,3.66,59.8,40.48,-30.17,2026-06-29,676093.767346933,Natural Resources,1423.47998046875,20260806,,,,,,
PSCC,Invesco S&P SmallCap Consumer Staples ETF,NASDAQ,Invesco,USD,55131869320.66797,0.29,53451.672180572525,4,91.0,165.123677734375,0.3089,859.781908203125,1.61,-21.05,21.84,6.83,16.57,-14.6,2026-06-22,308031.43603894056,Consumer Defensive,1423.47998046875,20260806,,,,,,
FTDS,First Trust Dividend Strength ETF,NASDAQ,First Trust,USD,55001097061.822266,0.7,92595.95437556878,4,91.0,274.7316362304688,0.2967,1402.127780761719,1.51,-1.2,14.02,21.84,12.82,-7.05,2026-06-25,127428.66984819512,Mid-Cap Value,1423.47998046875,20260806,,,,,,
FKU,First Trust United Kingdom AlphaDEX Fund,NASDAQ,First Trust,USD,54937439037.0957,0.8,80127.68940382078,4,91.0,1561.5575385742188,1.9488,2891.087840332032,3.61,26.38,10.33,19.97,17.98,-14.28,2026-06-25,735389.1679668959,Focused Region,1423.47998046875,20260806,,,,,,
AADR,AdvisorShares Dorsey Wright ADR ETF,NASDAQ,AdvisorShares,USD,54292186949.78906,1.09,120201.21605460346,4,91.0,620.637271484375,0.5163,987.8951064453124,0.82,17.63,-3.68,4.37,22.01,-19.34,2026-06-23,243758.18434684115,Foreign Large Growth,1423.47998046875,20260806,,,,,,
FLN,First Trust Latin America AlphaDEX Fund,NASDAQ,First Trust,USD,53935895604.59766,0.8,37045.21341589,4,91.0,360.14043505859377,0.9722,1256.9328227539063,3.39,16.49,13.99,33.39,21.35,-13.09,2026-06-25,369519.5300017353,Focused Region,1423.47998046875,20260806,,,,,,
MYCG,State Street My2027 Corporate Bond ETF,NASDAQ,State Street Investment Management,USD,53306660514.03125,0.15,35473.121221884154,12,30.0,128.1131982421875,0.3612,1520.2766191406247,4.29,16.98,-0.5,-0.18,1.49,-0.9,2026-08-03,151243.84167811784,Target Maturity,1423.47998046875,20260806,,,,,,
TRBF,Angel Oak Total Return ETF,NASDAQ,Angel Oak,USD,52446992484.22656,0.44,69551.23271452636,9,30.5,274.7316362304688,0.395,2700.341522949219,3.88,,-1.97,,4.14,-4.34,2026-07-31,244588.1469909961,Intermediate Core-Plus Bond,1423.47998046875,20260806,,,,,,
EVPF,Eaton Vance Preferred Securities and Income ETF,NASDAQ,Eaton Vance ETFs,USD,52260983508.21875,0.39,71117.0585209839,5,30.5,354.44651513671874,0.4984,1484.6896196289065,2.09,,-0.5,,3.92,-2.37,2026-07-31,452337.33440499,Preferred Stock,1423.47998046875,20260806,,,,,,
FSZ,First Trust Switzerland AlphaDEX Fund,NASDAQ,First Trust,USD,52158982626.73828,0.8,118205.77888135985,3,97.5,1150.17182421875,0.973,2330.236728027344,1.97,27.59,2.99,7.34,14.44,-10.39,2026-06-25,310981.80816468014,Focused Region,1423.47998046875,20260806,,,,,,
LITP,Sprott Lithium Miners ETF,NASDAQ,Sprott,USD,51311721648.44336,0.65,15230.38162917737,1,,1271.1676225585938,8.3463,1271.1676225585938,8.35,103.88,-15.29,57.46,59.37,-45.5,2025-12-18,1298826.634516826,Natural Resources,1423.47998046875,20260806,,,,,,
MYCI,State Street My2029 Corporate Bond ETF,NASDAQ,State Street Investment Management,USD,50889016421.2832,0.15,35103.01610115357,12,30.0,132.38363818359375,0.3771,1597.1445380859373,4.55,17.12,-1.44,-1.14,2.5,-2.44,2026-08-03,137863.3765622781,Target Maturity,1423.47998046875,20260806,,,,,,
ZMUN,F/m Ultrashort Tax-Free Municipal ETF,NASDAQ,F/m Investments LLC,USD,49745722852.33008,0.3,71195.3503543213,10,30.0,226.3333168945313,0.3179,2075.4338115234373,2.92,,-0.15,,1.12,-0.53,2026-07-28,245947.2893173146,Muni National Short,1423.47998046875,20260806,,,,,,
NVYY,GraniteShares YieldBOOST NVDA ETF,NASDAQ,Graniteshares,USD,49734505830.083984,1.15,17437.629760742188,52,7.0,152.31235791015624,0.8735,23080.30440332031,132.36,226.5,-34.81,-56.2,26.8,-56.93,2026-07-31,2972306.26202809,Derivative Income,1423.47998046875,20260806,,,,,,
TSLG,Leverage Shares 2X Long TSLA Daily ETF,NASDAQ,Themes ETF Trust,USD,49668997281.38281,0.8,5499.757274802658,1,,868.3227880859375,15.7884,868.3227880859375,15.79,,-56.24,-32.45,93.11,-71.86,2025-12-30,207594067.7043016,Trading--Leveraged Equity,1423.47998046875,20260806,5501.750124511719,0.0,,,2024-12-12,-0.04
PLTD,Direxion Daily PLTR Bear 1X ETF,NASDAQ,Direxion Funds,USD,49361337706.24414,0.98,8384.155032362789,4,91.0,54.0922392578125,0.6452,323.12995556640624,3.85,9.66,-15.37,-16.22,59.54,-40.73,2026-06-23,288677768.7228806,Trading--Inverse Equity,1423.47998046875,20260806,8334.916564438478,0.0,,,2024-12-10,0.59
INRO,iShares U.S. Industry Rotation Active ETF,NASDAQ,BlackRock,USD,48926151406.615234,0.42,52654.52686680295,4,91.0,56.93919921875,0.1081,310.3186357421875,0.59,8.46,14.75,24.87,14.47,-9.53,2026-06-15,114537.20268006343,Large Blend,1423.47998046875,20260806,,,,,,
GLDB,IDX Alternative FIAT ETF,NASDAQ,"IDX Advisors, LLC",USD,48008115003.69141,0.95,29192.726614071056,1,,65.4800791015625,0.2243,65.4800791015625,0.22,,-17.02,,39.13,-38.3,2025-12-23,580863.9727636484,Miscellaneous Sector,1423.47998046875,20260806,,,,,,
ASMG,Leverage Shares 2X Long ASML Daily ETF,NASDAQ,Themes ETF Trust,USD,47661657058.20508,0.77,66775.44566658325,1,,3602.827830566406,5.3954,3602.827830566406,5.4,,76.89,305.45,92.88,-41.1,2025-12-30,4549354.751320569,Trading--Leveraged Equity,1423.47998046875,20260806,65329.474919628905,0.0,,,,2.21
SPIT,F/m Emerald Special Situations ETF,NASDAQ,Emerald,USD,47499135501.875,0.89,48263.08700014651,1,,2651.943203613281,5.4948,2651.943203613281,5.49,,28.04,,29.06,-16.38,2025-11-13,152498.03146106776,Large Growth,1423.47998046875,20260806,,,,,,
AUSM,Allspring Ultra Short Municipal ETF,NYSE/AMEX,Allspring Global Investments,USD,46999502569.61035,0.18,35679.526470669545,12,30.0,75.44443896484374,0.2115,896.7923876953126,2.51,,-0.1,-0.12,1.07,-1.02,2026-07-24,159385.01047469515,Muni National Short,1423.47998046875,20260806,,,,,,
EQRR,ProShares Equities for Rising Rates ETF,NASDAQ,ProShares,USD,46970566068.56738,0.35,119503.99627260493,4,91.0,281.8490361328125,0.2358,1256.9328227539063,1.05,-30.36,28.78,39.0,14.99,-4.95,2026-06-24,945596.5880779251,Mid-Cap Value,1423.47998046875,20260806,,,,,,
FCA,First Trust China AlphaDEX Fund,NASDAQ,First Trust,USD,46961247968.615234,0.8,38868.832650130615,3,136.5,572.2389521484375,1.4722,1121.702224609375,2.89,-15.45,-7.41,4.42,23.33,-25.17,2026-06-25,1213531.6823938834,Greater China Region,1423.47998046875,20260806,,,,,,
TSDD,GraniteShares 2x Short TSLA Daily ETF,NASDAQ,Graniteshares,USD,46817943392.021484,0.95,15167.178811784368,1,,926.6854672851564,6.1098,926.6854672851564,6.11,,31.22,-49.12,92.57,-67.1,2025-12-29,198563300.61515668,Trading--Inverse Equity,1423.47998046875,20260806,15160.061791992188,0.0,,,2023-08-21,0.05
LDEM,iShares ESG MSCI EM Leaders ETF,NASDAQ,iShares,USD,46760394943.37109,0.16,86726.93942206912,2,181.0,706.0460703125,0.8141,2519.559565429688,2.91,20.16,2.59,11.14,19.76,-13.21,2026-06-15,124847.7030385538,Diversified Emerging Mkts,1423.47998046875,20260806,,,,,,
AAPD,Direxion Daily AAPL Bear 1X ETF,NASDAQ,Direxion Funds,USD,46461509698.83203,0.96,15815.00463560596,4,91.0,112.45491845703124,0.7111,563.698072265625,3.56,-27.61,-15.64,-34.26,25.28,-37.22,2026-06-23,74319648.04747762,Trading--Inverse Equity,1423.47998046875,20260806,15911.659221679687,-0.82,-16.71819,,2022-08-08,-0.61
TUG,STF Tactical Growth ETF,NASDAQ,STFM,USD,46455106885.87988,0.65,66462.27833323367,2,91.0,946.6141870117189,1.4243,952.3081069335938,1.43,-59.58,17.95,25.79,19.06,-13.43,2025-12-24,966589.2751964554,Tactical Allocation,1423.47998046875,20260806,,,,,,
APRJ,Innovator Premium Income 30 Barrier ETF - April,NYSE/AMEX,Innovator ETFs,USD,46024882837.46289,0.79,35451.76989100035,4,91.0,606.4024716796874,1.7105,2025.612012207031,5.71,3.49,1.08,0.55,3.32,-1.98,2026-06-30,139330.94412818088,Defined Outcome,1423.47998046875,20260806,,,,,,
TSMG,Leverage Shares 2X Long TSM Daily ETF,NASDAQ,Themes ETF Trust,USD,44655090827.9375,0.76,54643.409854803234,1,,3881.829906738281,7.1039,3881.829906738281,7.1,,45.9,130.8,82.82,-40.35,2025-12-30,2795290.953812633,Trading--Leveraged Equity,1423.47998046875,20260806,,,,,,
FCLO,Fidelity CLO ETF,NASDAQ,Fidelity Investments,USD,44511037500.87402,0.0,71158.19730093703,6,31.0,371.52827490234375,0.5221,1832.0187348632808,2.57,,-0.28,,1.97,-0.82,2026-07-30,207381.91309211668,Securitized Bond - Focused,1423.47998046875,20260806,,,,,,
RDTY,YieldMax R2000 0DTE Covered Strategy ETF,NASDAQ,YieldMax ETFs,USD,43955376396.578125,1.73,53764.83951392211,53,7.0,435.5848740234375,0.8102,23537.241477050786,43.78,147.49,-4.51,-15.65,17.69,-23.1,2026-08-05,537115.1494005515,Derivative Income,1423.47998046875,20260806,,,,,,
UFIV,US Treasury 5 Year Note ETF,NASDAQ,F/m Investments LLC,USD,43531167974.55859,0.15,68255.8661495056,12,29.0,226.3333168945313,0.3316,2466.8908061523434,3.61,-7.23,-2.63,-2.47,3.13,-3.91,2026-07-28,447739.4450581311,Intermediate Government,1423.47998046875,20260806,,,,,,
FDNI,First Trust Dow Jones International Internet ETF,NASDAQ,First Trust,USD,43287892398.93652,0.65,41017.57639742736,1,,538.0754326171875,1.3118,538.0754326171875,1.31,70.27,-17.48,-17.34,24.94,-38.1,2025-12-12,804259.5416366227,Diversified Emerging Mkts,1423.47998046875,20260806,,,,,,
CAFG,Pacer US Small Cap Cash Cows Growth Leaders ETF,NASDAQ,Pacer,USD,42920899331.25195,0.59,48604.72458472289,4,91.0,34.16351953125,0.0703,145.19495800781252,0.3,64.52,33.09,38.29,17.64,-8.13,2026-06-04,198899.524991556,Small Growth,1423.47998046875,20260806,,,,,,
HEQQ,JPMorgan Nasdaq Hedged Equity Laddered Overlay ETF,NASDAQ,JPMorgan,USD,42585817837.76953,0.5,86967.51114438474,4,91.0,44.12787939453125,0.0507,185.0523974609375,0.21,712.5,4.64,12.31,9.36,-7.64,2026-06-23,143948.44453332908,Equity Hedged,1423.47998046875,20260806,,,,,,
ASMF,Virtus AlphaSimplex Managed Futures ETF,NYSE/AMEX,Virtus,USD,42296942504.453125,0.8,36395.108288625255,1,,74.020958984375,0.2034,74.020958984375,0.2,-86.84,5.96,13.94,11.58,-5.02,2025-12-22,196959.1585649437,Systematic Trend,1423.47998046875,20260806,,,,,,
ZTEN,F/m 10-Year Investment Grade Corporate Bond ETF,NASDAQ,"F/m investments, LLC",USD,42141831584.90137,0.15,70960.47485430911,12,29.0,318.85951562500003,0.4493,3607.0982705078127,5.08,-5.31,-2.69,-1.88,5.06,-5.31,2026-07-28,117918.45935502376,Long-Term Bond,1423.47998046875,20260806,,,,,,
ISTM,iShares Strategic Metals ETF,NASDAQ,iShares,USD,41605444399.541016,0.47,43501.54744290467,1,,5981.462877929687,13.75,5981.462877929687,13.75,-33.68,6.2,28.05,34.14,-22.48,2025-12-16,192920.0335810384,Commodities Focused,1423.47998046875,20260806,,,,,,
SQLV,Royce Quant Small-Cap Quality Value ETF,NASDAQ,Franklin Templeton Investments,USD,41571998313.91992,0.6,77608.12918677367,4,91.0,176.511517578125,0.2274,718.8573901367188,0.93,3.7,26.68,35.04,17.33,-8.85,2026-06-15,123471.05402191891,Small Value,1423.47998046875,20260806,,,,,,
PQJA,PGIM Nasdaq-100 Buffer 12 ETF - January,NASDAQ,PGIM,USD,41507588691.76367,0.5,45366.30817217101,1,,2.8469599609375003,0.0063,2.8469599609375003,0.01,,9.26,17.3,8.87,-6.77,2025-12-30,196808.4199174372,Defined Outcome,1423.47998046875,20260806,,,,,,
HEAL,Global X HealthTech ETF,NASDAQ,Global X Funds,USD,40476829756.14648,0.5,39643.91799906921,1,,102.49055859375,0.2585,102.49055859375,0.26,200.0,-4.95,-8.9,22.67,-30.88,2025-12-30,256936.0102991887,Health,1423.47998046875,20260806,,,,,,
EBIZ,Global X E-commerce ETF,NASDAQ,Global X Funds,USD,40440508240.96484,0.5,44006.88489942625,2,181.0,118.14883837890626,0.2685,216.36895703125003,0.49,44.76,-5.43,-4.57,20.85,-27.88,2026-06-29,224093.0097431624,Consumer Cyclical,1423.47998046875,20260806,,,,,,
PSET,Principal Quality ETF,NASDAQ,Principal Funds,USD,40108501464.24024,0.15,115116.82993021236,4,91.0,217.7924370117188,0.1892,767.2557094726563,0.67,22.22,6.2,8.58,13.06,-12.94,2026-07-01,284521.69044287934,Large Blend,1423.47998046875,20260806,,,,,,
QQUP,ProShares Ultra QQQ Mega,NASDAQ,ProShares,USD,39983289318.19824,0.95,92540.43657115474,4,91.0,145.1949580078125,0.1569,538.0754326171875,0.58,,14.43,32.13,42.11,-37.92,2026-06-24,1092331.7882185553,Trading--Leveraged Equity,1423.47998046875,20260806,,,,,,
IVSS,Applied Finance IVS US SMID ETF,NASDAQ,Applied Finance,USD,39944180629.21484,0.59,44376.98730508424,1,,27.04611962890625,0.0609,27.04611962890625,0.06,,23.13,,14.61,-8.31,2025-12-24,206061.7726000483,Mid-Cap Blend,1423.47998046875,20260806,,,,,,
PSCF,Invesco S&P SmallCap Financials ETF,NASDAQ,Invesco,USD,39134436889.28516,0.29,96796.638671875,4,91.0,445.5492338867188,0.4603,2028.4589721679688,2.1,1.57,17.91,23.79,17.11,-10.16,2026-06-22,182102.24745397075,Financial,1423.47998046875,20260806,,,,,,
PALU,Direxion Daily PANW Bull 2X ETF,NASDAQ,Direxion Funds,USD,38921922716.041016,1.08,78832.32283880003,5,84.5,167.9706376953125,0.2131,2758.7042021484376,3.5,1501.65,225.96,200.18,83.59,-64.97,2026-06-23,2982724.4797351733,Trading--Leveraged Equity,1423.47998046875,20260806,,,,,,
AMDG,Leverage Shares 2X Long AMD Daily ETF,NASDAQ,Themes ETF Trust,USD,38580640543.76367,0.78,129493.97556088863,1,,4224.88858203125,3.2626,4224.88858203125,3.26,,217.24,337.99,144.49,-60.82,2025-12-30,6430541.352914909,Trading--Leveraged Equity,1423.47998046875,20260806,129755.04005166017,0.0,,,,-0.2
WISE,Themes Generative Artificial Intelligence ETF,NASDAQ,Themes ETF Trust,USD,38568819966.00586,0.35,52483.70535944216,1,,2287.532328613281,4.3586,2287.532328613281,4.36,,-7.64,-3.0,35.61,-36.77,2025-12-18,352808.48876726674,Technology,1423.47998046875,20260806,,,,,,
TMED,T. Rowe Price Health Care ETF,NASDAQ,T. Rowe Price,USD,38516484301.043945,0.44,49235.32734554075,1,,230.6037568359375,0.4684,230.6037568359375,0.47,,16.52,41.72,18.25,-11.11,2025-12-23,104463.55574710436,Health,1423.47998046875,20260806,,,,,,
AIYY,YieldMax AI Option Income Strategy ETF,NYSE/AMEX,YieldMax ETFs,USD,37784966479.96094,0.99,11205.207091834627,44,7.0,148.04191796875,1.3212,15158.638312011715,135.28,-80.49,-54.92,-78.67,56.16,-80.12,2026-07-30,2277287.404264777,Derivative Income,1423.47998046875,20260806,,,,,,
PQAP,PGIM Nasdaq-100 Buffer 12 ETF - April,NASDAQ,PGIM,USD,37575441614.67578,0.5,45907.22937011719,1,,7.11739990234375,0.0155,7.11739990234375,0.02,,12.68,18.19,5.38,-2.52,2025-12-30,119811.01478485472,Defined Outcome,1423.47998046875,20260806,,,,,,
THYM,T. Rowe Price High Income Municipal ETF,NASDAQ,T. Rowe Price,USD,37278851019.865234,0.32,71383.24966830201,8,30.0,267.614236328125,0.3749,2125.2556108398435,2.98,,0.0,,4.59,-3.44,2026-07-28,100370.75388663156,High Yield Muni,1423.47998046875,20260806,,,,,,
RNRG,Global X Renewable Energy Producers ETF,NASDAQ,Global X Funds,USD,37000492356.64453,0.65,48348.4977538269,2,181.0,303.2012358398437,0.6271,835.5827485351562,1.73,89.97,0.24,14.65,16.27,-15.25,2026-06-29,176011.00980469145,Equity Energy,1423.47998046875,20260806,,,,,,
JAPN,Horizon Kinetics Japan Owner Operator ETF,NASDAQ,Horizon Kinetics,USD,36817603648.75391,0.85,36640.374371456914,1,,88.2557587890625,0.2409,88.2557587890625,0.24,,-0.14,-9.14,20.03,-24.13,2025-12-23,287095.5010487682,Japan Stock,1423.47998046875,20260806,,,,,,
MYCK,State Street My2031 Corporate Bond ETF,NASDAQ,State Street Investment Management,USD,36675358141.265625,0.15,34946.432434478775,12,30.0,132.38363818359375,0.3788,1594.2975781249995,4.56,16.06,-2.13,-1.66,3.51,-3.47,2026-08-03,133100.49068716893,Target Maturity,1423.47998046875,20260806,,,,,,
PLTG,Leverage Shares 2X Long PLTR Daily ETF,NASDAQ,Themes ETF Trust,USD,36608206896.66699,0.78,21309.49568772735,1,,6757.2594672851565,31.7101,6757.2594672851565,31.71,,-35.7,-58.87,120.06,-82.96,2025-12-30,5961647.380132375,Trading--Leveraged Equity,1423.47998046875,20260806,20869.92468964844,0.0,,,,2.11
APRH,Innovator Premium Income 20 Barrier ETF - April,NYSE/AMEX,Innovator ETFs,USD,35706119163.444336,0.79,35814.75609138794,4,91.0,744.4800297851563,2.0787,2478.278645996094,6.92,7.8,1.88,1.13,4.03,-2.59,2026-06-30,107781.52716605502,Defined Outcome,1423.47998046875,20260806,,,,,,
MAXI,Simplify Bitcoin Strategy ETF,NASDAQ,Simplify Asset Management,USD,34921696285.40723,1.31,12920.927304862067,10,32.0,42.7043994140625,0.3305,7523.091696777344,58.22,-42.37,-38.69,-70.83,65.73,-76.07,2026-07-28,806495.9354239384,Digital Assets,1423.47998046875,20260806,,,,,,
MNZL,Manzil Russell Halal USA Broad Market ETF,NASDAQ,Manzil,USD,34821799307.33789,0.4,85712.00184505247,1,,28.469599609375,0.0332,28.469599609375,0.03,,16.2,,17.24,-9.66,2025-12-30,232559.1509113204,Large Blend,1423.47998046875,20260806,,,,,,
DUKH,Ocean Park High Income ETF,NASDAQ,Ocean Park Asset Management ETF,USD,34820409990.87695,1.07,33794.837108558975,11,30.0,149.46539794921875,0.4423,1850.523974609375,5.48,-13.22,-2.9,-2.36,3.98,-4.13,2026-08-05,150809.309882183,High Yield Bond,1423.47998046875,20260806,,,,,,
QDTY,YieldMax Nasdaq 100 0DTE Covered Call Strategy ETF,NASDAQ,YieldMax ETFs,USD,34547346673.18359,1.17,55700.77315618284,53,7.0,432.7379140625,0.7769,20239.038362304687,36.34,150.23,-9.43,-13.08,18.9,-21.71,2026-08-05,606390.424838959,Derivative Income,1423.47998046875,20260806,,,,,,
ULTI,REX IncomeMax Option Strategy ETF,NASDAQ,Rex,USD,34377590991.59277,1.32,10989.265150560765,38,7.0,128.1131982421875,1.1658,10903.856650390626,99.22,,-48.24,,62.02,-73.02,2026-07-30,1000103.4277339256,Derivative Income,1423.47998046875,20260806,,,,,,
FTXG,First Trust Nasdaq Food & Beverage ETF,NASDAQ,First Trust,USD,34200302253.945312,0.6,32626.161260946654,4,91.0,183.6289174804688,0.5628,818.5009887695312,2.51,-6.96,9.5,2.81,14.6,-11.29,2026-06-25,465448.516353706,Consumer Defensive,1423.47998046875,20260806,,,,,,
AMOM,QRAFT AI-Enhanced U.S. Large Cap Momentum ETF,NYSE/AMEX,Exchange Traded Concepts,USD,34008656297.214844,0.75,82533.3686159607,1,,28.469599609375,0.0345,28.469599609375,0.03,-16.67,17.59,25.4,28.26,-18.03,2025-09-29,281375.2431744579,Large Growth,1423.47998046875,20260806,,,,,,
CTEC,Global X ClimateTech ETF,NASDAQ,Global X Funds,USD,33748233481.748047,0.5,81878.56912817992,2,181.0,106.76099853515623,0.1304,505.3353930664063,0.62,-31.73,2.71,41.85,39.6,-34.93,2026-06-29,259775.4106965996,Global Small/Mid Stock,1423.47998046875,20260806,,,,,,
JMID,Janus Henderson Mid Cap Growth Alpha ETF,NASDAQ,Janus Henderson,USD,33648729384.15332,0.3,45316.48387498781,4,91.0,56.93919921875,0.1256,251.9559565429688,0.56,26.43,8.79,8.52,17.24,-11.05,2026-06-30,176471.62549220232,Mid-Cap Growth,1423.47998046875,20260806,,,,,,
PSCD,Invesco S&P SmallCap Consumer Discretionary ETF,NASDAQ,Invesco,USD,33513063201.13477,0.29,174390.53544810787,4,91.0,418.50311425781246,0.24,1661.2011372070313,0.95,-1.77,15.48,19.45,24.19,-17.33,2026-06-22,245688.83072446543,Consumer Cyclical,1423.47998046875,20260806,,,,,,
JHAI,Janus Henderson Global Artificial Intelligence ETF,NASDAQ,Janus Henderson,USD,33257958506.875,0.59,48550.62947834842,3,91.0,34.16351953125,0.0704,159.4297578125,0.33,,23.74,,30.5,-19.4,2026-03-31,232784.9478456489,Technology,1423.47998046875,20260806,,,,,,
BITS,Global X Blockchain & Bitcoin Strategy ETF,NASDAQ,Global X Funds,USD,32943232777.11328,0.65,80600.28579992428,2,181.0,263.34379638671874,0.3267,20250.42620214844,25.12,-27.39,-15.15,-25.91,57.51,-57.71,2026-06-29,338851.2920896371,Equity Digital Assets,1423.47998046875,20260806,,,,,,
AIBU,Direxion Daily AI and Big Data Bull 2X ETF,NYSE/AMEX,Direxion Funds,USD,32682929533.964844,0.96,93465.7007305175,1,,1511.7357392578126,1.6174,1511.7357392578126,1.62,106.21,32.38,41.84,53.3,-49.69,2025-12-10,1163074.8976964457,Trading--Leveraged Equity,1423.47998046875,20260806,,,,,,
GOLI,Defiance Gold Enhanced Options Income ETF,NASDAQ,Defiance ETFs LLC,USD,32235407356.825195,1.04,18249.440539131407,52,7.0,101.06707861328124,0.5538,8785.718439453125,48.14,126.83,-22.07,-26.49,26.3,-35.71,2026-07-30,859153.1672826896,Equity Hedged,1423.47998046875,20260806,,,,,,
USSH,WisdomTree 1-3 Year Laddered Treasury Fund,NASDAQ,WisdomTree,USD,32119869180.73047,0.15,71529.86901855469,13,30.0,213.5219970703125,0.2985,2540.9117651367183,3.55,-5.2,-1.17,-0.95,1.58,-1.78,2026-07-28,107006.89891799988,Short Government,1423.47998046875,20260806,,,,,,
PEZ,Invesco Dorsey Wright Consumer Cyclicals Momentum ETF,NASDAQ,Invesco,USD,31975206604.23535,0.6,149565.04111343995,2,91.0,214.94547705078125,0.1437,354.44651513671874,0.24,112.82,0.43,6.5,20.07,-15.92,2026-06-22,299567.3270297715,Consumer Cyclical,1423.47998046875,20260806,,,,,,
PQOC,PGIM Nasdaq-100 Buffer 12 ETF - October,NASDAQ,PGIM,USD,31798100072.02539,0.5,44947.80416736938,1,,1.42347998046875,0.0032,1.42347998046875,0.0,,10.56,17.06,9.14,-6.68,2025-12-30,139016.97564675988,Defined Outcome,1423.47998046875,20260806,,,,,,
AQWA,Global X Clean Water ETF,NASDAQ,Global X Funds,USD,31600293293.939453,0.5,28398.4266963806,2,181.0,180.7819575195313,0.6366,425.6205141601562,1.5,16.34,5.3,4.07,15.34,-12.34,2026-06-29,616389.55280576,Natural Resources,1423.47998046875,20260806,,,,,,
ARMW,Roundhill ARM WeeklyPay ETF,NYSE/AMEX,Roundhill Investments,USD,31368937939.67383,1.0,73764.73215347901,40,7.0,1117.4317846679687,1.5149,38146.41651660157,51.71,,81.48,,98.98,-61.47,2026-08-03,1913863.69434318,Trading--Miscellaneous,1423.47998046875,20260806,,,,,,
PQJL,PGIM Nasdaq-100 Buffer 12 ETF - July,NASDAQ,PGIM,USD,31244229705.54492,0.5,43954.215206163935,1,,2.8469599609375003,0.0065,2.8469599609375003,0.01,,6.56,13.48,9.18,-6.13,2025-12-30,114319.90738598949,Defined Outcome,1423.47998046875,20260806,,,,,,
KPDD,KraneShares 2x Long PDD Daily ETF,NASDAQ,KraneShares,USD,31050465610.60352,1.27,8806.216461031465,1,,9464.71839013672,107.4777,9464.71839013672,107.48,,-48.22,-69.52,75.98,-85.07,2025-12-22,1389215.2377132685,Trading--Leveraged Equity,1423.47998046875,20260806,,,,,,
QQQS,Invesco NASDAQ Future Gen 200 ETF,NASDAQ,Invesco,USD,30768143979.117188,0.2,62263.01673496701,4,91.0,41.28091943359375,0.0663,1597.1445380859373,2.57,256.19,27.54,55.68,27.32,-13.78,2026-06-22,260979.9989105164,Small Blend,1423.47998046875,20260806,,,,,,
AUMI,Themes Gold Miners ETF,NASDAQ,Themes ETF Trust,USD,30707771346.185547,0.35,123442.7629458569,1,,1131.6665844726565,0.9168,1131.6665844726565,0.92,22.87,-4.41,51.68,51.3,-39.84,2025-12-18,782852.5802901067,Equity Precious Metals,1423.47998046875,20260806,,,,,,
BOEU,Direxion Daily BA Bull 2X ETF,NASDAQ,Direxion Funds,USD,30663848447.908203,1.06,56597.56163417362,5,84.5,212.0985170898437,0.3747,1088.9621850585938,1.92,688.66,-4.84,-11.97,67.4,-45.95,2026-06-23,1740708.9847528222,Trading--Leveraged Equity,1423.47998046875,20260806,,,,,,
DIVD,Altrius Global Dividend ETF,NASDAQ,"Altrius Capital Management,Inc.",USD,30466559816.53516,0.49,63572.61571052857,12,31.0,140.92451806640625,0.2217,1726.6812163085938,2.72,14.54,14.67,26.07,11.1,-6.93,2026-07-30,102633.41147130229,Global Large-Stock Value,1423.47998046875,20260806,,,,,,
WTIP,WisdomTree Inflation Plus Fund,NASDAQ,WisdomTree,USD,30116870571.493164,0.65,50547.77171718143,11,30.0,284.69599609375,0.5632,2069.7398916015622,4.09,1977.14,5.23,18.11,17.18,-17.06,2026-07-28,197155.4853697697,Commodities Broad Basket,1423.47998046875,20260806,,,,,,
WDAF,WisdomTree Asia Defense Fund,NASDAQ,WisdomTree,USD,30099649310.689453,0.45,44140.69182210509,1,,54.0922392578125,0.1225,54.0922392578125,0.12,,7.06,,34.32,-28.19,2025-12-26,570358.3908131918,Industrials,1423.47998046875,20260806,,,,,,
CANQ,Calamos Nasdaq Equity & Income ETF,NASDAQ,Calamos,USD,29958844364.941406,0.94,43518.63067966979,12,30.0,158.00627783203126,0.3631,1953.0145332031248,4.49,-10.62,3.03,5.76,11.75,-12.53,2026-08-03,219625.50056579104,Miscellaneous Allocation,1423.47998046875,20260806,,,,,,
AMZP,Kurv Yield Premium Strategy Amazon (AMZN) ETF,NYSE/AMEX,Kurv Investment Management LLC,USD,29093024054.661133,0.99,40754.23064618837,12,28.0,498.2179931640625,1.2225,7402.095898437497,18.16,-17.59,2.65,-1.35,34.06,-29.96,2026-07-15,425290.5712100709,Derivative Income,1423.47998046875,20260806,,,,,,
QQQG,Pacer Nasdaq 100 Top 50 Cash Cows Growth Leaders ETF,NASDAQ,Pacer,USD,29005750497.0586,0.49,43159.912573400885,3,136.5,7.11739990234375,0.0165,21.35219970703125,0.05,-44.44,25.19,31.14,24.73,-13.79,2026-06-04,180258.6201051203,Large Growth,1423.47998046875,20260806,,,,,,
AVGB,Avantis Credit ETF,NASDAQ,Avantis Investors,USD,28946186400.75586,0.19,72758.33076469973,3,129.5,385.7630747070313,0.5302,2354.4358876953124,3.24,326.29,0.62,-0.03,3.29,-2.87,2026-06-09,109745.32522072356,Global Bond-USD Hedged,1423.47998046875,20260806,,,,,,
QEW,Invesco QQQ Equal Weight ETF,NASDAQ,Invesco,USD,28926024230.3125,0.25,42320.05916771852,1,,45.551359375,0.1076,45.551359375,0.11,,19.78,,19.14,-5.98,2026-06-22,803486.3522828938,Large Growth,1423.47998046875,20260806,,,,,,
PSCM,Invesco S&P SmallCap Materials ETF,NASDAQ,Invesco,USD,28780681230.38672,0.29,146148.68698825687,4,91.0,381.492634765625,0.261,1429.173900390625,0.98,31.76,20.42,39.8,23.95,-14.33,2026-06-22,198396.8757761921,Natural Resources,1423.47998046875,20260806,,,,,,
NVDD,Direxion Daily NVDA Bear 1X ETF,NASDAQ,Direxion Funds,USD,28640351726.95215,1.01,43814.71477625426,4,91.0,392.880474609375,0.8967,1753.7273359375,4.0,-49.3,-18.83,-24.93,36.51,-33.26,2026-06-23,23619356.335324746,Trading--Inverse Equity,1423.47998046875,20260806,43827.525118652346,0.0,,,2023-09-12,-0.03
ASEC,American Century Securitized Credit ETF,NASDAQ,American Century Investments,USD,28464233089.84864,0.29,71045.8856079895,1,,323.12995556640624,0.4548,323.12995556640624,0.45,,-0.46,,2.12,-0.66,2026-07-07,448365.6581234835,Securitized Bond - Diversified,1423.47998046875,20260806,,,,,,
BSJX,Invesco BulletShares 2033 High Yield Corporate Bond ETF,NASDAQ,Invesco,USD,28353193110.492188,0.42,35779.16963489074,12,28.0,170.81759765625,0.4774,2449.809046386719,6.85,1244.53,-1.26,-1.17,4.75,-4.8,2026-07-20,120250.0535585016,Target Maturity,1423.47998046875,20260806,,,,,,
UBRL,GraniteShares 2x Long UBER Daily ETF,NASDAQ,Graniteshares,USD,27695021518.88281,1.15,19132.994395759888,1,,3154.4316367187503,16.4869,3154.4316367187503,16.49,,-38.46,-55.39,69.43,-66.31,2025-12-29,3482352.2850028262,Trading--Leveraged Equity,1423.47998046875,20260806,19886.01532714844,0.0,,,,-3.79
MCHS,Matthews China Innovators Active ETF,NASDAQ,Matthews Asia Funds,USD,27396107804.74414,0.89,59559.82529805787,1,,1646.9663374023437,2.7652,1646.9663374023437,2.77,-17.65,25.77,34.05,30.28,-24.83,2025-12-17,218939.8979521368,Greater China Region,1423.47998046875,20260806,,,,,,
COYY,GraniteShares YieldBOOST COIN ETF,NASDAQ,Graniteshares,USD,26724908524.35352,1.07,23914.46258584596,52,7.0,357.29347509765626,1.494,106883.41781347658,446.94,1388.03,-64.78,-87.06,34.52,-87.36,2026-07-31,3457175.2609110298,Derivative Income,1423.47998046875,20260806,23757.88087402344,0.0,,,,0.66
GGLS,Direxion Daily GOOGL Bear 1X ETF,NASDAQ,Direxion Funds,USD,26391962250.8418,1.02,79606.2651421763,4,91.0,469.74839355468754,0.5901,2434.1507666015623,3.06,-64.96,-16.9,-49.83,32.61,-53.83,2026-06-23,58932709.57599594,Trading--Inverse Equity,1423.47998046875,20260806,79156.87475390625,-1.11,-31.3257,,2022-09-06,0.57
QSIX,Pacer Metaurus Nasdaq 100 Dividend Multiplier 600 ETF,NASDAQ,Pacer,USD,26125948006.01172,0.6,60483.66675938107,12,31.0,101.06707861328124,0.1671,2196.4296098632813,3.63,30.32,13.53,20.11,17.82,-12.45,2026-07-31,129003.88249741512,Derivative Income,1423.47998046875,20260806,,,,,,
ELIL,Direxion Daily LLY Bull 2X ETF,NASDAQ,Direxion Funds,USD,25999548677.666016,1.07,41836.07575715333,5,84.5,182.2054375,0.4355,4505.314138183594,10.77,2972.82,3.01,73.77,71.44,-52.2,2026-06-23,3270768.2003807127,Trading--Leveraged Equity,1423.47998046875,20260806,42836.78305224609,0.0,,,,-2.34
QCMU,Direxion Daily QCOM Bull 2X ETF,NASDAQ,Direxion Funds,USD,25551482731.17383,1.07,25337.942566314712,4,91.0,167.9706376953125,0.6629,952.3081069335936,3.76,,-35.61,-16.82,106.81,-68.8,2026-06-23,3974931.197791476,Trading--Leveraged Equity,1423.47998046875,20260806,25444.704650878903,0.0,,,,-0.42
BABO,YieldMax BABA Option Income Strategy ETF,NYSE/AMEX,YieldMax ETFs,USD,25352918661.73828,1.0,12149.401416094974,45,7.0,177.93499755859375,1.4646,11581.433121093747,95.33,-15.36,-38.11,-44.86,39.96,-63.3,2026-07-30,1061428.304658206,Derivative Income,1423.47998046875,20260806,,,,,,
PSCU,Invesco S&P SmallCap Utilities & Communication Services ETF,NASDAQ,Invesco,USD,24663111651.04297,0.29,91828.69658092035,4,91.0,39.85743945312501,0.0434,905.3332675781252,0.99,9.28,12.5,18.02,15.72,-8.31,2026-06-22,170224.9024015024,Miscellaneous Sector,1423.47998046875,20260806,,,,,,
BALQ,iShares Nasdaq Premium Income Active ETF,NASDAQ,iShares,USD,24659148682.777344,0.35,79757.5815680176,8,30.0,721.7043500976563,0.9049,5498.903164550781,6.89,,13.61,,21.75,-13.17,2026-08-03,154540.48496557833,Derivative Income,1423.47998046875,20260806,,,,,,
AMDD,Direxion Daily AMD Bear 1X ETF,NASDAQ,Direxion Funds,USD,24480416536.429688,1.03,41893.01625960693,4,91.0,355.8699951171875,0.8495,5679.685122070313,13.56,54.05,-67.31,-79.8,72.24,-82.96,2026-06-23,76849898.39269419,Trading--Inverse Equity,1423.47998046875,20260806,42404.0451381836,0.0,,,2025-02-11,-1.21
HCOW,Amplify COWS Covered Call ETF,NASDAQ,Amplify ETFs,USD,24466489208.30078,0.65,36426.70901855361,12,31.0,362.9873950195313,0.9965,4112.433663574218,11.29,26.54,5.28,9.87,14.2,-8.69,2026-07-30,109542.2328208984,Derivative Income,1423.47998046875,20260806,,,,,,
AAPB,GraniteShares 2x Long AAPL Daily ETF,NASDAQ,Graniteshares,USD,24315492145.89258,1.15,55397.85250680521,1,,2005.6832924804687,3.6205,2005.6832924804687,3.62,,22.19,81.35,51.57,-31.1,2025-12-29,4863988.023831645,Trading--Leveraged Equity,1423.47998046875,20260806,55174.084042968745,1.72,22.66396,,,0.41
IBTR,iShares iBonds Dec 2036 Term Treasury ETF,NASDAQ,iShares,USD,24305237396.11328,0.07,34846.78927025758,4,31.0,95.37315869140626,0.2737,445.5492338867188,1.28,,-1.29,,5.35,-3.33,2026-08-03,220722.3306869424,Target Maturity,1423.47998046875,20260806,,,,,,
TSYX,TSPY Lift ETF,NASDAQ,TappAlpha,USD,22992599531.28369,0.98,33800.53333086241,27,7.0,126.68971826171874,0.3748,3137.3498769531247,9.28,,-0.29,,18.56,-16.11,2026-08-05,476694.57353640255,Trading--Leveraged Equity,1423.47998046875,20260806,,,,,,
NVDS,Tradr 1.5X Short NVDA Daily ETF,NASDAQ,AXS,USD,22795975665.061523,1.15,27515.86791385804,1,,5658.332922363282,20.5639,5658.332922363282,20.56,-63.05,-29.66,-45.67,57.09,-53.54,2025-12-23,18389726.197172057,Trading--Inverse Equity,1423.47998046875,20260806,27572.80722167969,-2.29,-63.22057,,2022-07-13,-0.21
TEKX,State Street Galaxy Transformative Tech Accelerators ETF,NASDAQ,State Street Investment Management,USD,22707530583.43506,0.65,94297.01251781732,1,,200.71067724609367,0.2128,200.71067724609367,0.21,-85.46,59.65,106.34,41.28,-20.41,2025-12-29,142195.3633813744,Mid-Cap Growth,1423.47998046875,20260806,,,,,,
MUYY,GraniteShares YieldBOOST MU ETF,NASDAQ,Graniteshares,USD,22176441590.56201,1.07,28283.83434245363,15,7.0,387.1865546875,1.3689,9558.668068847655,33.8,,-22.42,,23.04,-26.3,2026-07-31,1241514.166209221,Derivative Income,1423.47998046875,20260806,,,,,,
YQQQ,YieldMax Short N100 Option Income Strategy ETF,NASDAQ,YieldMax ETFs,USD,22170478632.92383,1.11,13907.40006079711,44,7.0,92.52619873046876,0.6653,4192.14854248047,30.14,-26.78,-19.79,-28.48,14.67,-29.03,2026-07-30,714140.3074833388,Derivative Income,1423.47998046875,20260806,,,,,,
ASMU,Direxion Daily ASML Bull 2X ETF,NASDAQ,Direxion Funds,USD,21587044010.729004,0.97,43754.214813629165,2,91.0,189.32283740234377,0.4327,264.7672763671875,0.61,,18.91,,106.52,-41.09,2026-06-23,2944964.2729520327,Trading--Leveraged Equity,1423.47998046875,20260806,,,,,,
CSCL,Direxion Daily CSCO Bull 2X ETF,NASDAQ,Direxion Funds,USD,21276204381.313965,1.07,93820.7127626948,4,91.0,260.4968364257812,0.2777,1078.9978251953123,1.15,,123.64,155.07,66.25,-30.83,2026-06-23,976945.0397207252,Trading--Leveraged Equity,1423.47998046875,20260806,,,,,,
BULD,Pacer BlueStar Engineering the Future ETF,NASDAQ,Pacer,USD,21158400025.09033,0.49,51845.9891084265,1,,427.043994140625,0.8237,427.043994140625,0.82,757.14,36.94,59.75,32.17,-16.04,2025-12-30,111247.66452075,Technology,1423.47998046875,20260806,,,,,,
TPLS,Thornburg Core Plus Bond ETF,NASDAQ,Thornburg,USD,21035318828.5791,0.45,35259.59976782836,12,31.0,182.2054375,0.5168,1706.752496582031,4.84,115.26,-2.64,-2.46,3.95,-5.03,2026-07-30,111168.58350138266,Intermediate Core-Plus Bond,1423.47998046875,20260806,,,,,,
CONI,GraniteShares 2x Short COIN Daily ETF,NASDAQ,Graniteshares,USD,20374630524.364258,1.15,75444.43896484375,1,,849.8175483398437,1.1264,849.8175483398437,1.13,-81.8,-14.24,-5.69,135.52,-75.12,2025-12-29,15986053.799157526,Trading--Inverse Equity,1423.47998046875,20260806,74063.66338378907,0.0,,,2024-09-04,1.86
QRMI,Global X NASDAQ 100 Risk Managed Income ETF,NASDAQ,Global X Funds,USD,20351824951.597168,0.6,21700.95213934173,12,28.0,213.5219970703125,0.9839,2697.4945629882804,12.43,-6.33,-4.72,-3.57,7.45,-8.22,2026-07-20,123202.6606593949,Derivative Income,1423.47998046875,20260806,,,,,,
FTAG,First Trust Indxx Global Agriculture ETF,NASDAQ,First Trust,USD,20351379402.36328,0.7,41893.01625960693,4,91.0,256.226396484375,0.6116,540.922392578125,1.29,-36.35,10.72,12.33,14.29,-9.67,2026-06-25,128634.66227296623,Natural Resources,1423.47998046875,20260806,,,,,,
SPYQ,Tradr 2X Long SPY Quarterly ETF,NASDAQ,AXS,USD,20338773063.65625,0.95,280140.8645003661,1,,385.7630747070313,0.1377,385.7630747070313,0.14,,21.38,39.84,25.39,-18.7,2025-12-23,766080.9366780923,Trading--Leveraged Equity,1423.47998046875,20260806,,,,,,
ARWG,Archer Growth ETF,NYSE/AMEX,Archer,USD,19869770573.61133,0.85,38121.93246979639,1,,48.3983193359375,0.127,48.3983193359375,0.13,,8.91,,22.88,-12.92,2026-03-25,125443.97891103984,Large Growth,1423.47998046875,20260806,,,,,,
BTF,CoinShares Bitcoin and Ether ETF,NASDAQ,CoinShares,USD,19416453409.47119,1.27,24996.307696810924,4,90.0,85.408798828125,0.3417,53722.13446289063,214.92,-1.35,-35.08,-78.61,80.96,-84.27,2026-06-17,488764.1375148743,Digital Assets,1423.47998046875,20260806,,,,,,
ILIT,iShares Lithium Miners and Producers ETF,NASDAQ,iShares,USD,19253511926.546875,0.47,20683.16373610077,2,181.0,32.74003955078125,0.1583,458.3605537109375,2.22,-41.67,-9.67,61.09,50.95,-43.99,2026-06-15,543119.0770835383,Natural Resources,1423.47998046875,20260806,,,,,,
TSUI,21Shares Sui ETF,NASDAQ,21Shares US LLC,USD,18958048727.88086,0.3,19145.805465797428,1,,24.19915966796875,0.1264,24.19915966796875,0.13,,-22.43,,77.1,-48.86,2026-06-29,275384.84626524075,Digital Assets,1423.47998046875,20260806,,,,,,
FDTS,First Trust Developed Markets ex-US Small Cap AlphaDEX Fund,NASDAQ,First Trust,USD,18624157263.66211,0.8,96554.649681665,4,91.0,1060.4925854492187,1.0983,2670.448443359375,2.77,16.59,15.04,30.04,19.76,-14.1,2026-06-25,112619.97677624464,Foreign Small/Mid Value,1423.47998046875,20260806,,,,,,
MST,Defiance Leveraged Long + Income MSTR ETF,NASDAQ,Defiance ETFs LLC,USD,18435620187.208984,1.91,11928.619857921263,51,7.0,106.76099853515623,0.895,109159.56230224608,915.11,-13.39,-80.75,-97.94,134.3,-98.49,2026-08-05,3122002.903918673,Trading--Miscellaneous,1423.47998046875,20260806,11900.862028710935,0.0,,,,0.23
TARK,Tradr 2X Long Innovation ETF,NASDAQ,AXS,USD,18070686895.056152,1.48,58576.20336834714,1,,20935.120072753907,35.74,20935.120072753907,35.74,5600.39,-17.72,-33.07,75.92,-66.51,2025-12-23,2699531.0331629417,Trading--Leveraged Equity,1423.47998046875,20260806,,,,,,
MEMA,Man Active Emerging Markets Alternative ETF,NASDAQ,Man Group PLC,USD,17110975268.74414,0.85,43053.153203909285,1,,126.68971826171874,0.2943,126.68971826171874,0.29,,14.6,,29.25,-14.97,2026-06-24,176403.1494847986,Diversified Emerging Mkts,1423.47998046875,20260806,,,,,,
XBTY,GraniteShares YieldBOOST Bitcoin ETF,NASDAQ,Graniteshares,USD,16233321569.38623,1.15,7900.314163108822,52,7.0,59.7861591796875,0.7568,15019.137273925782,190.11,131.58,-50.41,-76.74,28.19,-77.24,2026-07-31,1158476.2347969192,Derivative Income,1423.47998046875,20260806,,,,,,
METD,Direxion Daily META Bear 1X ETF,NASDAQ,Direxion Funds,USD,15360766775.31836,1.02,23103.07943139039,4,91.0,139.5010380859375,0.6038,617.7903115234376,2.67,-35.42,0.86,16.99,38.76,-26.45,2026-06-23,6657178.903001215,Trading--Inverse Equity,1423.47998046875,20260806,23135.820122558594,0.0,,,,-0.14
PDDL,GraniteShares 2x Long PDD Daily ETF,NASDAQ,Graniteshares,USD,15301789152.767578,1.5,21224.08629158325,1,,133.8071181640625,0.6304,133.8071181640625,0.63,,-49.1,-51.23,67.65,-76.14,2025-12-29,579327.3509710395,Trading--Leveraged Equity,1423.47998046875,20260806,,,,,,
AGMI,Themes Silver Miners ETF,NASDAQ,Themes ETF Trust,USD,14534245900.338867,0.35,95785.96918897703,1,,4078.270144042969,4.2577,4078.270144042969,4.26,543.82,4.9,74.63,53.73,-35.67,2025-12-18,245836.72368311783,Equity Precious Metals,1423.47998046875,20260806,,,,,,
YSPY,GraniteShares YieldBOOST SPY ETF,NASDAQ,Graniteshares,USD,14474456894.19922,1.15,21352.19970703125,52,7.0,48.3983193359375,0.2267,10789.978251953124,50.53,125.6,-15.87,-23.59,19.36,-28.95,2026-07-31,569413.2330119372,Derivative Income,1423.47998046875,20260806,,,,,,
ORCS,Direxion Daily ORCL Bear 1X ETF,NASDAQ,Direxion Funds,USD,14434834328.942871,0.97,42675.9291628357,3,91.0,220.63939697265624,0.517,552.3102324218751,1.29,,9.98,,60.79,-50.5,2026-06-23,2727811.1133713885,Trading--Inverse Equity,1423.47998046875,20260806,,,,,,
XOMX,Direxion Daily XOM Bull 2X ETF,NASDAQ,Direxion Funds,USD,14200923828.112305,1.07,60611.921358603984,4,91.0,307.47167578125,0.5073,1074.7273852539065,1.77,513.82,42.08,81.73,50.05,-40.01,2026-06-23,1096213.009072809,Trading--Leveraged Equity,1423.47998046875,20260806,,,,,,
HOOX,Defiance Daily Target 2X Long HOOD ETF,NASDAQ,Defiance ETFs LLC,USD,14000274360.505371,1.29,38348.55143404845,1,,12465.414188964844,32.5056,12465.414188964844,32.51,,-57.87,-66.4,141.2,-88.6,2025-12-30,5691632.7054323,Trading--Leveraged Equity,1423.47998046875,20260806,37256.456832812495,0.0,,,,2.93
SHPU,Direxion Daily SHOP Bull 2X ETF,NASDAQ,Direxion Funds,USD,13680496700.292969,1.09,24505.20808097534,5,84.5,85.408798828125,0.3485,8520.951163085938,34.77,,-37.94,-52.12,114.41,-81.73,2026-06-23,1878124.32808354,Trading--Leveraged Equity,1423.47998046875,20260806,,,,,,
IBGC,iShares iBonds Dec 2046 Term Treasury ETF,NASDAQ,iShares,USD,13643049212.446775,0.07,34369.92478003539,4,31.0,138.07755810546877,0.4017,559.4276323242187,1.63,,-2.56,,8.53,-5.45,2026-08-03,310493.25496478705,Target Maturity,1423.47998046875,20260806,,,,,,
KMLI,KraneShares 2x Long MELI Daily ETF,NASDAQ,KraneShares,USD,13598386104.57959,1.26,12640.644930778071,2,8.0,21.35219970703125,0.1689,2088.245131347656,16.52,,-33.07,-61.07,81.38,-72.45,2025-12-30,558663.9303150785,Trading--Leveraged Equity,1423.47998046875,20260806,,,,,,
AVXX,Defiance Daily Target 2x Long AVAV ETF,NASDAQ,Defiance ETFs LLC,USD,13432315812.658203,1.31,9722.36815799866,1,,123.84275830078124,1.2738,123.84275830078124,1.27,,-74.38,,158.82,-92.82,2025-12-30,3080977.980128006,Trading--Leveraged Equity,1423.47998046875,20260806,9516.675409423828,0.0,,,,2.16
HODU,Direxion Daily HOOD Bull 2X ETF,NASDAQ,Direxion Funds,USD,13077003821.69336,0.97,13984.979187578429,3,91.0,82.5618388671875,0.5904,281.8490361328125,2.02,,-58.0,,143.73,-81.83,2026-06-23,1659621.24197542,Trading--Leveraged Equity,1423.47998046875,20260806,,,,,,
AMYY,GraniteShares YieldBOOST AMD ETF,NASDAQ,Graniteshares,USD,13063270086.841797,1.07,20668.92996802368,46,7.0,318.85951562500003,1.5427,22338.67133349609,108.08,,-35.74,,26.67,-45.34,2026-07-31,508339.2689542941,Derivative Income,1423.47998046875,20260806,,,,,,
UTRE,US Treasury 3 Year Note ETF,NASDAQ,F/m Investments LLC,USD,12856081152.20459,0.15,69696.42936673947,12,29.0,230.6037568359375,0.3309,2448.38556640625,3.51,-8.17,-1.75,-1.47,2.09,-2.51,2026-07-28,153183.8125282075,Short Government,1423.47998046875,20260806,,,,,,
SOUX,Defiance Daily Target 2X Long SOUN ETF,NASDAQ,Defiance ETFs LLC,USD,12575642784.732422,1.29,19644.02400197601,1,,12577.869107421877,64.029,12577.869107421877,64.03,,-71.91,-85.42,162.12,-97.08,2025-12-30,6891383.023827397,Trading--Leveraged Equity,1423.47998046875,20260806,18188.08840644532,0.0,,,,8.0
AAPX,T-Rex 2X Long Apple Daily Target ETF,NYSE/AMEX,Rex,USD,12532407427.285645,1.05,51316.4522098694,1,,288.9664360351563,0.5631,288.9664360351563,0.56,-97.07,19.49,78.73,50.65,-30.59,2025-12-24,4073861.189086944,Trading--Leveraged Equity,1423.47998046875,20260806,51159.87049804687,0.0,,,,0.31
LMTL,Direxion Daily LMT Bull 2X ETF,NASDAQ,Direxion Funds,USD,12527869373.10791,1.07,55359.13557160646,5,84.5,324.553435546875,0.5863,1931.6623334960937,3.49,,23.19,51.03,54.32,-50.03,2026-06-23,802132.4657397631,Trading--Leveraged Equity,1423.47998046875,20260806,,,,,,
SOFA,Direxion Daily SOFI Bull 2X ETF,NASDAQ,Direxion Funds,USD,11481393795.026367,0.97,21409.138851948548,2,91.0,71.1739990234375,0.3324,145.19495800781252,0.68,,-36.19,,110.47,-55.45,2026-06-23,808040.3145298567,Trading--Leveraged Equity,1423.47998046875,20260806,,,,,,
AIBD,Direxion Daily AI and Big Data Bear 2X ETF,NYSE/AMEX,Direxion Funds,USD,10602636898.683594,1.05,70327.02669741213,4,91.0,640.5659912109376,0.9108,2790.02076171875,3.97,-70.3,-36.58,-45.04,57.26,-58.74,2026-06-23,551108.0797555627,Trading--Inverse Equity,1423.47998046875,20260806,,,,,,
SMYY,GraniteShares YieldBOOST SMCI ETF,NASDAQ,Graniteshares,USD,10449180062.86914,1.07,8882.514752316289,44,7.0,128.1131982421875,1.4423,19086.019578125,214.87,,-54.24,,32.57,-76.51,2026-07-31,522046.2673619797,Derivative Income,1423.47998046875,20260806,,,,,,
AMZD,Direxion Daily AMZN Bear 1X ETF,NASDAQ,Direxion Funds,USD,10370092938.634275,1.02,11430.5438630539,4,91.0,88.2557587890625,0.7721,438.431833984375,3.84,-27.53,-21.77,-25.23,34.63,-33.53,2026-06-23,73349188.27941237,Trading--Inverse Equity,1423.47998046875,20260806,11450.472962890626,-1.33,-22.60457,,2022-09-06,-0.17
PANG,Leverage Shares 2X Long PANW Daily ETF,NASDAQ,Themes ETF Trust,USD,10198824097.82422,0.76,48199.03300749511,1,,1846.2535346679688,3.8305,1846.2535346679688,3.83,,224.05,187.93,83.5,-66.23,2025-12-30,873863.4402230252,Trading--Leveraged Equity,1423.47998046875,20260806,,,,,,
BAIG,Leverage Shares 2X Long BBAI Daily ETF,NASDAQ,Themes ETF Trust,USD,10119309929.595217,0.78,23629.76821879577,1,,6761.5299072265625,28.6145,6761.5299072265625,28.61,,-83.48,,172.96,-96.15,2025-12-30,5566445.536583303,Trading--Leveraged Equity,1423.47998046875,20260806,23072.617611425783,0.0,,,,2.41
UCYB,ProShares Ultra Nasdaq Cybersecurity,NASDAQ,ProShares,USD,10096411830.629396,0.95,123287.60197722168,4,91.0,355.8699951171875,0.2887,1715.293376464844,1.39,29.43,68.6,50.38,52.95,-43.81,2026-06-24,172438.16822541377,Trading--Leveraged Equity,1423.47998046875,20260806,,,,,,
EVMT,Invesco Electric Vehicle Metals Commodity Strategy No K-1 ETF,NASDAQ,Invesco,USD,10072141496.962402,0.59,25380.64794315491,1,,2848.3834409179685,11.2227,2848.3834409179685,11.22,278.26,5.2,16.16,18.59,-11.35,2025-12-22,114673.7878993213,Commodities Focused,1423.47998046875,20260806,,,,,,
AVS,Direxion Daily AVGO Bear 1X ETF,NASDAQ,Direxion Funds,USD,9423410424.583496,1.03,9836.246447833257,4,91.0,51.245279296875,0.521,385.7630747070312,3.92,-63.23,-26.57,-41.74,48.01,-47.89,2026-06-23,28786888.42380364,Trading--Inverse Equity,1423.47998046875,20260806,9987.83304815918,0.0,,,2024-10-09,-1.52
NUGY,GraniteShares YieldBOOST Gold Miners ETF,NASDAQ,Graniteshares,USD,9390745829.47168,1.07,18732.996325762942,36,7.0,223.48635693359373,1.193,17238.342563476563,92.02,,-41.5,,26.04,-48.91,2026-07-31,647758.962644545,Derivative Income,1423.47998046875,20260806,,,,,,
BABU,Direxion Daily BABA Bull 2X ETF,NASDAQ,Direxion Funds,USD,9261832635.480469,0.97,17907.37804569397,2,91.0,69.75051904296875,0.3895,138.07755810546877,0.77,,-44.48,,84.68,-67.61,2026-06-23,1074276.571507241,Trading--Leveraged Equity,1423.47998046875,20260806,,,,,,
DWSH,AdvisorShares Dorsey Wright Short ETF,NASDAQ,AdvisorShares,USD,9201421568.589355,6.22,8014.192452943418,1,,577.9328720703126,7.2114,577.9328720703126,7.21,-6.45,-12.58,-21.87,23.56,-25.91,2025-12-22,319571.93535364384,Trading--Inverse Equity,1423.47998046875,20260806,,,,,,
AAPY,Kurv Yield Premium Strategy Apple (AAPL) ETF,NYSE/AMEX,Kurv Investment Management LLC,USD,9186588907.192871,0.99,37665.27897996828,12,28.0,355.8699951171875,0.9448,4341.613940429687,11.53,-36.84,6.84,19.41,26.3,-18.08,2026-07-22,102746.58734264602,Derivative Income,1423.47998046875,20260806,,,,,,
MSFD,Direxion Daily MSFT Bear 1X ETF,NASDAQ,Direxion Funds,USD,9095954513.356443,1.02,14790.383752180727,4,91.0,253.37943652343748,1.7131,637.7190312500001,4.31,-1.54,-11.72,-2.85,32.25,-32.13,2026-06-23,13507728.794400511,Trading--Inverse Equity,1423.47998046875,20260806,15051.877313476562,-1.15,-12.905289,,2022-09-06,-1.74
TQQY,GraniteShares YieldBOOST QQQ ETF,NASDAQ,Graniteshares,USD,8919635165.575684,1.15,17591.365316265263,52,7.0,115.30187841796877,0.6554,10590.691054687502,60.2,78.89,-19.86,-34.25,22.32,-37.0,2026-07-31,381219.8433331949,Derivative Income,1423.47998046875,20260806,,,,,,
ASMH,ASML Holding NV ADRhedged,NYSE/AMEX,ADRH,USD,8876246072.291016,0.19,16686.17504613055,3,91.0,116.7253583984375,0.6995,282.41842812500005,1.69,,48.7,150.07,43.85,-21.65,2026-06-16,147188.63328670792,Technology,1423.47998046875,20260806,,,,,,
HOYY,GraniteShares YieldBOOST HOOD ETF,NASDAQ,Graniteshares,USD,8507038069.756836,1.07,7316.545047011226,43,7.0,102.49055859375,1.4008,16831.2272890625,230.04,,-62.37,,36.8,-80.86,2026-07-31,943886.4606697938,Derivative Income,1423.47998046875,20260806,,,,,,
IOYY,GraniteShares YieldBOOST IONQ ETF,NASDAQ,Graniteshares,USD,8166194329.313477,1.07,9672.54657588806,39,7.0,130.960158203125,1.3539,17608.447358398436,182.05,,-60.81,,33.74,-74.1,2026-07-31,473183.2768094098,Derivative Income,1423.47998046875,20260806,,,,,,
WDGF,WisdomTree Global Defense Fund,NASDAQ,WisdomTree,USD,7838520625.649414,0.45,48035.33042047732,1,,21.35219970703125,0.0445,21.35219970703125,0.04,,7.69,,23.19,-18.0,2025-12-26,169294.02429275174,Industrials,1423.47998046875,20260806,,,,,,
SMCZ,Defiance Daily Target 2X Short SMCI ETF,NASDAQ,Defiance ETFs LLC,USD,7801306588.52002,1.29,8368.639071252896,1,,1681.1298569335938,20.0884,1681.1298569335938,20.09,,-88.51,-83.67,176.69,-91.49,2025-12-30,19865773.747480165,Trading--Inverse Equity,1423.47998046875,20260806,8621.875893701172,0.0,,,2025-03-31,-2.94
SKRE,Tuttle Capital Daily 2X Inverse Regional Banks ETF,NASDAQ,"Tuttle Capital Management, LLC",USD,7249505961.931152,0.75,8327.357749988558,1,,32.74003955078125,0.3932,32.74003955078125,0.39,-94.52,-35.09,-50.24,45.83,-51.63,2025-12-24,792305.6175299013,Trading--Inverse Equity,1423.47998046875,20260806,,,,,,
ARMH,Arm Holdings PLC ADRhedged,NYSE/AMEX,ADRH,USD,7217339584.8125,0.19,17594.212069880683,2,90.0,47.97127534179688,0.2727,222.6322689453125,1.27,,152.74,109.13,73.31,-48.81,2026-03-16,229200.3357268748,Technology,1423.47998046875,20260806,,,,,,
QQXL,ProShares Ultra QQQ Top 30,NASDAQ,ProShares,USD,7172531281.987305,0.95,78645.84622285888,4,91.0,226.3333168945313,0.2878,617.7903115234376,0.79,,28.63,,43.22,-27.85,2026-06-24,258138.153993888,Trading--Leveraged Equity,1423.47998046875,20260806,,,,,,
NFXS,Direxion Daily NFLX Bear 1X ETF,NASDAQ,Direxion Funds,USD,6837321675.306641,1.03,29750.73104878236,4,91.0,212.0985170898437,0.7129,861.2053881835938,2.89,49.01,17.3,46.92,35.07,-31.63,2026-06-23,1370856.6828426877,Trading--Inverse Equity,1423.47998046875,20260806,,,,,,
RTXG,Leverage Shares 2X Long RTX Daily ETF,NASDAQ,Themes ETF Trust,USD,6657432239.734863,0.77,43871.65256363526,1,,2058.352051757812,4.6918,2058.352051757812,4.69,,31.04,68.3,52.55,-37.49,2025-12-30,408872.32240578096,Trading--Leveraged Equity,1423.47998046875,20260806,,,,,,
XDEF,Xtrackers Europe Defense Technologies ETF,NASDAQ,Xtrackers,USD,6393274212.799316,0.35,34063.8763670288,1,,456.9370737304688,1.3414,456.9370737304688,1.34,,-99.11,,147.29,-99.3,2026-06-18,362363.4808216568,Industrials,1423.47998046875,20260806,,,,,,
CONX,Direxion Daily COIN Bull 2X ETF,NASDAQ,Direxion Funds,USD,6047173560.788086,0.97,7088.930329885101,3,91.0,45.551359375,0.6426,249.10899658203127,3.51,,-74.2,,142.56,-82.09,2026-06-23,543667.7256906354,Trading--Leveraged Equity,1423.47998046875,20260806,,,,,,
IBGM,iShares iBonds Dec 2056 Term Treasury ETF,NASDAQ,iShares,USD,5287361228.133301,0.07,34135.0492800232,4,31.0,143.77147802734376,0.4212,567.9685122070313,1.66,,-3.42,,8.65,-5.97,2026-08-03,425416.26884753886,Target Maturity,1423.47998046875,20260806,,,,,,
KBAB,KraneShares 2x Long BABA Daily ETF,NASDAQ,KraneShares,USD,5170641563.654785,1.0,12927.333518648986,2,8.0,71.1739990234375,0.5506,12162.212953125,94.08,,-43.3,-47.4,97.23,-86.63,2025-12-30,355516.4669171139,Trading--Leveraged Equity,1423.47998046875,20260806,,,,,,
TXXD,21Shares 2x Long Dogecoin ETF,NASDAQ,21Shares US LLC,USD,4447535085.776367,3.36,4049.800585159682,1,,4.27043994140625,0.1054,4.27043994140625,0.11,,-84.12,,138.99,-89.04,2026-02-25,396474.75293082034,Digital Assets,1423.47998046875,20260806,,,,,,
RTYY,GraniteShares YieldBoost RIOT ETF,NASDAQ,Graniteshares,USD,4420628467.185547,1.07,14092.310079851188,34,7.0,253.37943652343748,1.798,16992.08052685547,120.58,,-47.98,,31.48,-61.35,2026-07-31,236563.5964841169,Derivative Income,1423.47998046875,20260806,,,,,,
ODTE,VegaShares SPX NDX RTY Premium Income ETF,NASDAQ,Vega Capital Partners LLC,USD,4404557378.206055,0.76,37030.40812503174,16,7.0,105.33751855468748,0.2845,1665.4715771484373,4.5,,3.77,,14.72,-9.06,2026-07-30,146235.77756798404,Derivative Income,1423.47998046875,20260806,,,,,,
TSMZ,Direxion Daily TSM Bear 1X ETF,NASDAQ,Direxion Funds,USD,4375146858.32959,1.01,11174.317710926058,4,91.0,85.408798828125,0.7643,511.0293129882812,4.57,-35.2,-31.62,-52.75,40.55,-57.9,2026-06-23,686607.9875387177,Trading--Inverse Equity,1423.47998046875,20260806,,,,,,
XYZG,Leverage Shares 2X Long XYZ Daily ETF,NASDAQ,Themes ETF Trust,USD,4299325197.169922,0.78,25010.54282242432,1,,1403.5512607421874,5.6118,1403.5512607421874,5.61,,19.37,-28.02,93.01,-70.64,2025-12-30,335347.74114479584,Trading--Leveraged Equity,1423.47998046875,20260806,,,,,,
YBMN,Defiance BMNR Option Income ETF,NASDAQ,Defiance ETFs LLC,USD,4267795115.602539,0.85,18137.981378978584,36,7.0,155.15931787109375,0.8554,9473.259270019533,52.23,,-48.19,,78.85,-68.75,2026-08-05,106076.34854619902,Derivative Income,1423.47998046875,20260806,,,,,,
MAAY,GraniteShares YieldBOOST MARA ETF,NASDAQ,Graniteshares,USD,4128752438.070313,1.07,8298.888177529909,39,7.0,145.1949580078125,1.7496,14748.676077636725,177.72,,-58.92,,30.58,-76.24,2026-07-31,204814.9578847431,Derivative Income,1423.47998046875,20260806,,,,,,
RGYY,GraniteShares YieldBoost RGTI ETF,NASDAQ,Graniteshares,USD,4071061641.421875,1.07,9636.816899311496,36,7.0,149.46539794921875,1.551,15185.68443164063,157.58,,-64.6,,32.13,-73.28,2026-07-31,144991.18841149614,Derivative Income,1423.47998046875,20260806,,,,,,
AALG,Leverage Shares 2X Long AAL Daily ETF,NASDAQ,Themes ETF Trust,USD,4025067579.772949,0.78,23216.957721224982,1,,392.880474609375,1.6922,392.880474609375,1.69,,-9.71,36.19,98.02,-64.76,2025-12-30,391214.0055146921,Trading--Leveraged Equity,1423.47998046875,20260806,,,,,,
PLYY,GraniteShares YieldBOOST PLTR ETF,NASDAQ,Graniteshares,USD,3812611769.208008,1.07,12163.636541708373,44,7.0,129.53667822265623,1.065,16670.37405126953,137.05,,-52.13,,29.74,-67.51,2026-07-31,256087.30116984167,Derivative Income,1423.47998046875,20260806,,,,,,
QCMD,Direxion Daily QCOM Bear 1X ETF,NASDAQ,Direxion Funds,USD,3639358597.305176,1.0,26690.249633789062,4,91.0,180.7819575195313,0.6773,911.0271875,3.41,,-12.65,-29.64,52.56,-56.03,2026-06-23,332166.7647578327,Trading--Inverse Equity,1423.47998046875,20260806,,,,,,
PALD,Direxion Daily PANW Bear 1X ETF,NASDAQ,Direxion Funds,USD,3389523625.933105,1.02,15814.862094294744,3,136.5,49.821799316406256,0.315,879.7106279296875,5.56,202.94,-54.52,-57.42,41.19,-64.78,2026-06-23,237168.94651183853,Trading--Inverse Equity,1423.47998046875,20260806,,,,,,
QBY,GraniteShares YieldBoost QBTS ETF,NASDAQ,Graniteshares,USD,3326143179.8027344,1.07,9636.959440622712,34,7.0,153.735837890625,1.5953,13604.198173339844,141.17,,-65.69,,32.01,-71.62,2026-07-31,108920.10752589522,Derivative Income,1423.47998046875,20260806,,,,,,
BIS,ProShares UltraShort Nasdaq Biotechnology,NASDAQ,ProShares,USD,3306289904.5151367,0.95,18889.57999243773,4,91.0,195.0167573242188,1.0324,1123.1257045898435,5.95,-34.14,-30.08,-57.22,40.88,-61.01,2026-06-24,142215.32652881517,Trading--Inverse Equity,1423.47998046875,20260806,,,,,,
YBTY,GraniteShares YieldBoost TopYielders ETF,NASDAQ,Graniteshares,USD,2537643455.1015625,1.38,15829.097219908144,33,7.0,160.85323779296874,1.0162,11101.720367675782,70.13,,-51.8,,21.73,-56.19,2026-08-03,178699.920743078,Derivative Income,1423.47998046875,20260806,,,,,,
TXXS,21Shares 2x Long Sui ETF,NASDAQ,21Shares US LLC,USD,2405765152.311035,4.55,26974.94671591185,1,,85.408798828125,0.3166,85.408798828125,0.32,,-90.84,,169.52,-93.21,2026-02-25,266127.3556006749,Digital Assets,1423.47998046875,20260806,,,,,,
MTYY,GraniteShares YieldBOOST MSTR ETF,NASDAQ,Graniteshares,USD,2198796857.070801,1.07,26234.73647445068,45,7.0,246.26203662109373,0.9387,63306.42517138672,241.31,,-64.15,,32.21,-87.55,2026-07-31,132846.0331545226,Derivative Income,1423.47998046875,20260806,,,,,,
BABW,Roundhill BABA WeeklyPay ETF,NYSE/AMEX,Roundhill Investments,USD,2069312847.6074216,1.0,36425.85648575891,40,7.0,230.6037568359375,0.6331,16661.83317138672,45.74,,-38.96,,49.79,-66.12,2026-08-03,309458.5862971175,Trading--Miscellaneous,1423.47998046875,20260806,,,,,,
YBST,GraniteShares YieldBoost Single Stock Universe ETF,NASDAQ,Graniteshares,USD,1806155527.0981443,1.38,18078.195480445866,33,7.0,158.00627783203126,0.874,10170.764460449218,56.26,,-46.37,,17.49,-50.36,2026-08-03,122964.12605249656,Derivative Income,1423.47998046875,20260806,,,,,,
CRY,GraniteShares YieldBOOST CRCL ETF,NASDAQ,Graniteshares,USD,1510391974.15625,1.07,24725.84845537413,13,7.0,444.12575390625,1.7962,7386.437618652345,29.87,,-30.41,,26.46,-33.09,2026-07-31,130362.28791457583,Derivative Income,1423.47998046875,20260806,,,,,,
AAAP,Pacer Barings CLO Market Flex ETF,NASDAQ,Pacer,USD,122895768315.05469,0.39,36042.512671057135,1,,81.13835888671875,0.2251,81.13835888671875,0.23,,0.88,,,-0.2,2026-07-31,2263824.828461678,,1423.47998046875,20260806,,,,,,
BITA,iShares Bitcoin Premium Income ETF,NASDAQ,iShares,USD,82573583032.53996,0.65,73213.27375879325,2,33.0,1137.3605043945313,1.5535,1877.5700942382807,2.56,,-2.59,,26.5,-8.67,2026-08-04,2651767.461025132,Digital Assets,1423.47998046875,20260806,,,,,,
BSCA,Invesco BulletShares 2036 Corporate Bond ETF,NASDAQ,Invesco,USD,7043050119.483887,0.1,28248.95923497621,1,,172.24107763671876,0.6097,172.24107763671876,0.61,,-0.92,,5.79,-3.15,2026-07-20,216552.67844319344,,1423.47998046875,20260806,,,,,,
CSEN,Cohen & Steers Future of Energy Active ETF,NASDAQ,Cohen & Steers,USD,263975001573.5781,0.8,35020.45345862489,1,,113.8783984375,0.3252,113.8783984375,0.33,,-0.24,,17.3,-5.43,2026-06-29,720289.5970196079,,1423.47998046875,20260806,,,,,,
DUSG,U.S. Small Cap Growth Portfolio: ETF Class Shares,NASDAQ,Dimensional Fund Advisors,USD,2815561044509.437,0.32,76141.94654453732,1,,103.91403857421876,0.1365,103.91403857421876,0.14,,6.24,,14.91,-4.19,2026-06-29,122504.49497283452,,1423.47998046875,20260806,,,,,,
FREI,Fidelity Real Estate Income ETF,NASDAQ,Fidelity Investments,USD,6268547769514.5,0.57,35444.65097065736,1,,253.37943652343748,0.7149,253.37943652343748,0.71,,0.16,,6.96,-1.97,2026-07-10,907621.4965979632,,1423.47998046875,20260806,,,,,,
GENZ,VanEck Digital Native Economy ETF,NASDAQ,VanEck,USD,23891836034.10547,0.51,54177.79119526781,1,,1941.6266933593752,3.5838,1941.6266933593752,3.58,16.88,-6.97,-15.61,20.86,-28.79,2025-12-22,101081.88636623246,,1423.47998046875,20260806,,,,,,
THYP,21shares Hyperliquid ETF,NASDAQ,21Shares US LLC,USD,75132138844.96875,0.3,45637.62266147509,1,,52.66875927734375,0.1154,52.66875927734375,0.12,,36.49,,91.93,-29.21,2026-06-29,8411445.440559132,,1423.47998046875,20260806,46307.227244628906,0.0,,,,-1.45
UFOX,Defiance Space and Connective Tech ETF,NASDAQ,Defiance ETFs LLC,USD,1188808396137.9062,0.3,121963.76516097412,4,91.0,158.00627783203126,0.1296,543.7693525390625,0.45,4.95,32.29,51.27,31.35,-28.8,2026-06-24,2907388.656988684,,1423.47998046875,20260806,,,,,,
VBCB,Vanguard Target Maturity 2028 Corporate Bond ETF,NASDAQ,Vanguard,USD,96622974114.2578,0.08,107252.10086606444,4,31.0,345.90563525390627,0.3225,1111.7378647460937,1.04,,0.55,,1.66,-0.61,2026-08-03,1185957.1763428398,,1423.47998046875,20260806,,,,,,
VBCC,Vanguard Target Maturity 2029 Corporate Bond ETF,NASDAQ,Vanguard,USD,64201794079.10156,0.08,106938.93353271484,4,31.0,387.1865546875,0.3621,1234.1571430664062,1.15,,0.35,,2.36,-1.17,2026-08-03,818994.0663226583,,1423.47998046875,20260806,,,,,,
VBCF,Vanguard Target Maturity 2032 Corporate Bond ETF,NASDAQ,Vanguard,USD,57404961868.359375,0.08,106490.53386357428,4,31.0,412.8091943359375,0.3876,1360.846861328125,1.28,,0.19,,4.27,-2.42,2026-08-03,586324.9689685988,,1423.47998046875,20260806,,,,,,
VBCG,Vanguard Target Maturity 2033 Corporate Bond ETF,NASDAQ,Vanguard,USD,16908664600.0,0.08,105906.91271893308,4,31.0,394.3039545898438,0.3723,1669.7420170898438,1.58,,-0.47,,4.37,-2.74,2026-08-03,218654.07241522748,,1423.47998046875,20260806,,,,,,
VBCH,Vanguard Target Maturity 2034 Corporate Bond ETF,NASDAQ,Vanguard,USD,12676373922.070312,0.08,106148.90170914309,4,31.0,428.46747412109374,0.4036,1837.712654785156,1.73,,-0.2,,4.87,-2.97,2026-08-03,235085.3410406427,,1423.47998046875,20260806,,,,,,
VBCI,Vanguard Target Maturity 2035 Corporate Bond ETF,NASDAQ,Vanguard,USD,16872223512.5,0.08,105978.08020178229,4,31.0,464.0544736328125,0.4379,1832.0187348632808,1.73,,-0.31,,5.39,-3.27,2026-08-03,206803.91279786496,,1423.47998046875,20260806,,,,,,
VBCJ,Vanguard Target Maturity 2036 Corporate Bond ETF,NASDAQ,Vanguard,USD,16817561881.25,0.08,105422.9238782227,4,31.0,472.59535351562505,0.4483,1859.064854492188,1.76,,-0.83,,5.78,-3.54,2026-08-03,281298.309822746,,1423.47998046875,20260806,,,,,,
WAMA,WisdomTree US Adaptive Moving Average Fund,NASDAQ,WisdomTree,USD,268291903901.54688,0.32,38476.66484949645,1,,156.5827978515625,0.407,156.5827978515625,0.41,,9.88,,14.04,-5.77,2026-06-25,1822437.4636206296,,1423.47998046875,20260806,,,,,,
WIMA,WisdomTree International Adaptive Moving Average Fund,NASDAQ,WisdomTree,USD,101080334058.85938,0.42,62263.01673496701,1,,597.861591796875,0.9602,597.861591796875,0.96,,11.81,,19.09,-4.81,2026-06-25,684661.6242512618,,1423.47998046875,20260806,,,,,,
WRTH,Worth Charting Options Income ETF,NASDAQ,Worth Charting,USD,83220898710.30469,1.02,36441.08804301452,1,,582.2033120117187,1.5977,582.2033120117187,1.6,,2.24,,14.17,-6.2,2026-06-29,1932214.6628033505,,1423.47998046875,20260806,,,,,,
WSML,iShares MSCI World Small-Cap ETF,NASDAQ,iShares,USD,956852691268.7994,0.3,50690.12297331542,2,181.0,412.8091943359375,0.8144,1386.4695009765624,2.74,1045.88,15.91,25.43,16.01,-10.7,2026-06-15,1461022.3018055342,Equity,1423.47998046875,20260806,,,,,,
AAAC,Columbia AAA CLO ETF,NYSE/AMEX,,USD,147145125581.0547,0.2,28562.126568325795,8,30.0,61.20963916015624,0.2143,818.5009887695313,2.87,,0.0,,1.56,-1.29,2026-08-03,634466.6801626638,,1423.47998046875,20260806,,,,,,
ABLD,Abacus FCF Real Assets Leaders ETF,NYSE/AMEX,,USD,134219927358.39844,0.39,46334.272278228775,3,136.5,142.347998046875,0.3072,1561.5575385742188,3.37,-58.54,11.0,14.47,15.72,-12.73,2026-06-29,462497.2985993648,,1423.47998046875,20260806,,,,,,
ABLG,Abacus FCF International Leaders ETF,NYSE/AMEX,,USD,23373541279.29688,0.54,44868.08963599242,4,91.0,372.9517548828125,0.8312,1076.150865234375,2.4,-5.74,-1.27,7.75,19.73,-13.75,2026-06-29,113712.21339393708,,1423.47998046875,20260806,,,,,,
ACEI,Innovator Equity Autocallable Income Strategy ETF,NYSE/AMEX,,USD,61835970351.5625,0.79,33134.20021469984,8,30.0,418.50311425781246,1.2631,2861.194760742187,8.64,,-4.36,,14.06,-13.06,2026-06-30,498260.47700787033,,1423.47998046875,20260806,,,,,,
ACKY,VistaShares Target 15 ACKtivist Distribution ETF,NYSE/AMEX,VistaShares Advisors LLC,USD,63988186673.23242,0.95,25708.0476870453,11,28.0,303.2012358398437,1.1794,3708.1653491210936,14.42,,-8.5,,16.49,-18.12,2026-07-27,909895.2801326268,,1423.47998046875,20260806,,,,,,
ACLC,American Century Large Cap Equity ETF,NYSE/AMEX,,USD,458147031713.8672,0.39,124070.52031059565,4,84.0,206.4045971679688,0.1664,650.5303510742189,0.52,-27.8,11.03,18.4,13.28,-10.39,2026-06-09,1115092.679725191,,1423.47998046875,20260806,,,,,,
ACVU,Hartford Alpha Capture Value ETF,NYSE/AMEX,,USD,261735264008.78906,0.45,46149.218360327184,1,,768.6791894531251,1.6656,768.6791894531251,1.67,-43.4,17.72,29.8,11.39,-7.56,2025-12-23,335827.4091843685,,1423.47998046875,20260806,,,,,,
ADBU,Direxion Daily ADBE Bull 2X ETF,NYSE/AMEX,,USD,6064024716.796875,0.97,35103.01610115357,1,,85.408798828125,0.2433,85.408798828125,0.24,,0.0,,97.26,-51.81,2026-06-23,920080.596130412,,1423.47998046875,20260806,,,,,,
AGIQ,SoFi Agentic AI ETF,NYSE/AMEX,SoFi,USD,15108921850.213867,0.69,35131.486352380365,2,181.0,519.5701928710937,1.4789,643.412951171875,1.83,,8.15,,23.88,-20.02,2026-06-29,259562.3768757505,,1423.47998046875,20260806,,,,,,
AMHI,American Beacon Aberdeen Municipal High Income ETF,NYSE/AMEX,,USD,27914442416.992188,0.55,35145.721477993764,1,,173.66455761718748,0.4941,173.66455761718748,0.49,,-1.75,,,-2.42,2026-08-04,169111.39909909567,,1423.47998046875,20260806,,,,,,
ATCL,REX Autocallable Income ETF,NYSE/AMEX,,USD,60839534365.234375,0.65,35359.24293204956,5,28.0,399.9978745117188,1.1312,2011.3772124023435,5.69,,-0.96,,7.99,-7.13,2026-07-14,739057.6991920471,,1423.47998046875,20260806,,,,,,
AUAU,Global X Gold Miners ETF,NYSE/AMEX,,USD,7430565498.046875,0.35,51276.59494418092,1,,325.9769155273437,0.6357,325.9769155273437,0.64,,-1.34,,50.91,-38.85,2026-06-29,251025.4208364605,,1423.47998046875,20260806,,,,,,
BAGY,Amplify Bitcoin Max Income Covered Call ETF,NYSE/AMEX,Amplify ETFs,,14924510018.74414,0.65,32895.62678581383,12,31.0,824.1949086914062,2.5055,17858.97983496094,54.29,187.09,-38.46,-59.67,44.72,-64.32,2026-07-30,338362.6608568093,,1423.47998046875,20260806,,,,,,
BAI,iShares A.I. Innovation and Tech Active ETF,NYSE/AMEX,iShares,,19400013510237.94,0.55,63316.38887963258,1,,844.1236284179687,1.3332,844.1236284179687,1.33,14725.0,31.52,41.25,43.51,-30.85,2025-12-16,118354989.55415256,Equity,1423.47998046875,20260806,62929.84354255371,0.0,,,2024-10-21,0.61
BALI,iShares U.S. Large Cap Premium Income Active ETF,NYSE/AMEX,iShares,,1925035132213.1567,0.35,49508.77859697677,12,30.0,269.03771630859376,0.5434,3779.3393481445314,7.63,0.49,9.82,14.22,10.81,-7.57,2026-08-03,7614917.0205847295,Equity,1423.47998046875,20260806,49456.69093621582,0.0,,,,0.11
BAMA,Brookstone Active ETF,NYSE/AMEX,Brookstone Asset Management,,71580892234.97461,0.99,52753.7410495542,4,91.0,58.36267919921875,0.1106,686.1173505859374,1.3,10.3,8.96,14.31,10.63,-7.35,2026-05-28,210545.336031758,,1423.47998046875,20260806,,,,,,
BAMB,Brookstone Intermediate Bond ETF,NYSE/AMEX,Brookstone Asset Management,,82502792917.59766,1.03,36856.88512043934,5,76.5,270.4611962890625,0.7338,1088.9621850585938,2.95,5.52,-1.78,-2.22,3.86,-4.35,2026-05-28,208770.90678692245,,1423.47998046875,20260806,,,,,,
BAMD,Brookstone Dividend Stock ETF,NYSE/AMEX,Brookstone Asset Management,,140109615635.02734,0.89,48967.71350018308,5,76.5,445.5492338867188,0.9099,1621.343697753906,3.31,-19.62,14.02,11.98,10.65,-7.52,2026-05-28,503098.556515971,,1423.47998046875,20260806,,,,,,
BAMO,Brookstone Opportunities ETF,NYSE/AMEX,Brookstone Asset Management,,65409958477.72461,1.06,50217.09759574197,4,91.0,118.14883837890626,0.2353,714.5869501953125,1.42,15.67,8.02,12.28,7.13,-5.45,2026-05-28,197113.34118039865,,1423.47998046875,20260806,,,,,,
BAMU,Brookstone Ultra-Short Bond ETF,NYSE/AMEX,Brookstone Asset Management,,95063728307.17188,1.05,36014.04241983034,5,76.5,236.29767675781247,0.6561,1096.0795849609376,3.04,-16.76,0.56,-0.32,1.51,-1.16,2026-05-28,367768.1374827229,,1423.47998046875,20260806,,,,,,
BAMV,Brookstone Value Stock ETF,NYSE/AMEX,Brookstone Asset Management,,147326328888.64844,0.91,53451.672180572525,5,76.5,183.6289174804688,0.3435,640.5659912109376,1.2,-60.77,14.83,19.74,11.96,-6.23,2026-05-28,475678.0427566316,,1423.47998046875,20260806,,,,,,
BAMY,Brookstone Yield ETF,NYSE/AMEX,Brookstone Asset Management,,62058864540.82422,1.46,39216.87237588503,5,76.5,562.2745922851562,1.4338,2957.991399414063,7.54,4.16,-0.93,0.22,5.72,-4.31,2026-05-28,221315.0394298356,,1423.47998046875,20260806,,,,,,
BATT,Amplify Lithium & Battery Technology ETF,NYSE/AMEX,Amplify ETFs,,165407906829.03516,0.59,21665.36568284454,1,,364.410875,1.682,364.410875,1.68,-8.24,7.94,51.59,33.92,-23.02,2025-12-30,1126665.9907261024,,1423.47998046875,20260806,,,,,,
BBAG,JPMorgan BetaBuilders U.S. Aggregate Bond ETF,NYSE/AMEX,JPMorgan,,1416774455957.875,0.03,64398.23670567013,12,30.0,246.26203662109373,0.3824,2848.3834409179685,4.42,3.2,-2.46,-1.93,4.11,-4.33,2026-08-03,4545542.194678014,,1423.47998046875,20260806,64256.028666357415,1.0,4.09624,-0.34142,,0.22
BBAX,JPMorgan BetaBuilders Developed Asia Pacific-ex Japan ETF,NYSE/AMEX,JPMorgan,,9576842423519.25,0.19,92348.26373291016,4,91.0,760.1383095703126,0.8231,3204.253436035157,3.47,10.51,13.8,16.03,15.39,-9.74,2026-06-23,14619646.947993914,,1423.47998046875,20260806,92232.10776650392,0.85,14.81906,6.757639999999999,2018-08-07,0.13
BBBI,BondBloxx BBB Rated 5-10 Year Corporate Bond ETF,NYSE/AMEX,BondBloxx Investment Management,,241270177025.586,0.19,72145.66377344169,12,30.0,306.04819580078123,0.4242,3525.9599116210934,4.89,-0.48,-2.59,-1.93,4.29,-4.2,2026-08-03,1033337.5621272996,,1423.47998046875,20260806,,,,,,
BBBS,BondBloxx BBB Rated 1-5 Year Corporate Bond ETF,NYSE/AMEX,BondBloxx Investment Management,,256513347272.7578,0.19,72188.37186535448,12,30.0,274.7316362304688,0.3806,3303.897034667969,4.58,-3.41,-1.49,-1.3,2.3,-2.32,2026-08-03,1692919.91784364,,1423.47998046875,20260806,,,,,,
BBC,Virtus Biotech Clinical Trials ETF,NYSE/AMEX,Virtus,,66035384335.86328,0.65,74348.35872826539,1,,932.3793872070312,1.2541,932.3793872070312,1.25,172.92,38.8,142.25,36.52,-15.1,2025-12-22,880978.2240803023,,1423.47998046875,20260806,,,,,,
BBCA,JPMorgan BetaBuilders Canada ETF,NYSE/AMEX,JPMorgan,,15457716056595.5,0.19,149266.11162077636,4,91.0,639.1425112304688,0.4282,2522.406525390625,1.69,7.65,12.25,26.09,13.77,-8.43,2026-06-23,25845205.05867856,,1423.47998046875,20260806,149170.87994125977,0.79,22.497101,12.63912,2018-08-07,0.06
BBCB,JPMorgan BetaBuilders USD Investment Grade Corporate Bond ETF,NYSE/AMEX,JPMorgan,,64748159859.125,0.04,63315.6775306128,12,30.0,271.88467626953127,0.4294,3235.569995605468,5.11,-1.52,-2.84,-2.71,4.63,-5.09,2026-08-03,163935.94824887463,,1423.47998046875,20260806,,,,,,
BBEM,JPMorgan BetaBuilders Emerging Markets Equity ETF,NYSE/AMEX,JPMorgan,,1101816869776.9375,0.15,107842.8463611938,5,87.0,639.1425112304688,0.5927,5209.936728515625,4.83,136.13,15.99,27.6,24.42,-13.84,2026-06-23,3858917.466122449,,1423.47998046875,20260806,106876.15806557616,1.02,18.87395,,,0.9
BBEU,JPMorgan BetaBuilders Europe ETF,NYSE/AMEX,JPMorgan,,13322157548189.5,0.09,114540.3114154786,4,91.0,1775.0795356445317,1.5497,3241.263915527344,2.83,-5.56,8.63,20.87,16.17,-12.23,2026-06-23,47582721.38086096,,1423.47998046875,20260806,114236.54600058592,0.88,18.089849,9.76567,2018-06-15,0.27
BBHY,JPMorgan BetaBuilders USD High Yield Corporate Bond ETF,NYSE/AMEX,JPMorgan,,876466369012.2812,0.07,65088.61993487552,12,30.0,384.33959472656255,0.5905,4613.4986166992185,7.09,-7.53,-1.69,-1.52,4.23,-3.69,2026-08-03,4195108.691295031,,1423.47998046875,20260806,64927.34182514648,0.65,8.468580000000001,4.029859999999999,,0.25
BBIB,JPMorgan BetaBuilders U.S. Treasury Bond 3-10 Year ETF,NYSE/AMEX,JPMorgan,,77112529745.15625,0.04,137901.18698972464,12,30.0,483.98319335937504,0.351,5444.810925292968,3.95,7.5,-2.44,-2.23,3.56,-4.09,2026-08-03,168580.99472520076,,1423.47998046875,20260806,,,,,,
BBIN,JPMorgan BetaBuilders International Equity ETF,NYSE/AMEX,JPMorgan,,9400747427571.25,0.07,115429.98640327156,4,91.0,1397.8573408203124,1.211,4088.2345039062498,3.54,41.76,10.67,20.56,16.32,-11.64,2026-06-23,14018237.38749312,,1423.47998046875,20260806,114921.66691518556,0.86,17.82988,9.44164,2019-12-03,0.44
BBJP,JPMorgan BetaBuilders Japan ETF,NYSE/AMEX,JPMorgan,,25591634113549.0,0.19,110184.46615053712,1,,5034.848690917968,4.5695,5034.848690917968,4.57,130.42,16.63,23.14,21.14,-13.6,2025-12-23,114712490.53147528,,1423.47998046875,20260806,108953.15770507812,0.83,18.56024,9.52149,2018-06-15,1.13
BBLB,JPMorgan BetaBuilders U.S. Treasury Bond 20+ Year ETF,NYSE/AMEX,JPMorgan,,44508455308.18945,0.04,111573.3561061509,12,30.0,501.064953125,0.4491,5551.571923828124,4.98,-8.6,-4.6,-5.63,9.53,-10.77,2026-08-03,158906.77301885598,,1423.47998046875,20260806,,,,,,
BBLU,EA Bridgeway Blue Chip ETF,NYSE/AMEX,Bridgeway,,633306698824.1406,0.15,24626.202576080337,1,,271.88467626953127,1.104,271.88467626953127,1.1,5.52,13.59,22.61,11.57,-7.87,2025-12-16,1416302.703885143,,1423.47998046875,20260806,,,,,,
BBMC,JPMorgan BetaBuilders U.S. Mid Cap Equity ETF,NYSE/AMEX,JPMorgan,,2887092530601.25,0.07,181579.10283330083,4,91.0,464.0544736328125,0.2556,2002.8363325195312,1.1,9.75,17.98,28.98,16.88,-9.94,2026-06-23,3940130.607495554,,1423.47998046875,20260806,180365.3049292481,1.12,17.83121,8.63941,,0.67
BBRE,JPMorgan BetaBuilders MSCI U.S. REIT ETF,NYSE/AMEX,JPMorgan,,1832396537837.9373,0.11,154643.30203405768,4,91.0,973.6603066406252,0.6296,4041.259664550782,2.61,-1.97,17.28,18.81,14.01,-8.46,2026-06-23,2954075.6389981457,,1423.47998046875,20260806,,,,,,
BBSB,JPMorgan BetaBuilders U.S. Treasury Bond 1-3 Year ETF,NYSE/AMEX,JPMorgan,,78572633018.5625,0.04,139557.9785883911,12,30.0,455.51359375,0.3264,5281.110727539062,3.78,-7.39,-1.12,-0.98,1.66,-1.71,2026-08-03,191470.22636027544,,1423.47998046875,20260806,,,,,,
BBSC,JPMorgan BetaBuilders U.S. Small Cap Equity ETF,NYSE/AMEX,JPMorgan,,990806749336.5624,0.09,131057.95511798188,4,91.0,269.03771630859376,0.2053,1286.8259023437502,0.98,8.39,22.66,35.45,18.98,-9.74,2026-06-23,1042808.449629248,,1423.47998046875,20260806,,,,,,
BBUS,JPMorgan BetaBuilders U.S. Equity ETF,NYSE/AMEX,JPMorgan,,12651758149669.5,0.02,198134.18195673823,4,91.0,488.2536333007813,0.2464,1943.050173339844,0.98,4.44,12.67,21.44,12.97,-9.43,2026-06-23,30476530.014696702,,1423.47998046875,20260806,197595.3913088379,1.01,21.43198,12.785691,2019-03-12,0.27
BCCC,Global X Bitcoin Covered Call ETF,NYSE/AMEX,Global X Funds,,12430523271.163574,0.75,16953.78889148822,51,7.0,99.64359863281253,0.5877,9545.856749023436,56.31,343.81,-36.39,-55.02,35.65,-58.71,2026-08-03,345581.3848231798,,1423.47998046875,20260806,,,,,,
BCD,abrdn Bloomberg All Commodity Longer Dated Strategy K-1 Free ETF,NYSE/AMEX,Aberdeen Standard Investments,,570872639123.9844,0.3,51081.57670985721,1,,7585.724815917968,14.8502,7585.724815917968,14.85,372.43,15.8,9.57,20.05,-16.53,2025-12-30,2179384.658910911,,1423.47998046875,20260806,,,,,,
BCGS,Bancreek Global Select ETF,NYSE/AMEX,"Bancreek Capital Advisors, LLC",,59734002873.203125,0.8,40312.2412634436,2,91.0,162.2767177734375,0.4025,170.81759765625,0.42,,11.8,,22.7,-7.22,2026-06-26,352389.83171588933,,1423.47998046875,20260806,,,,,,
BCI,abrdn Bloomberg All Commodity Strategy K-1 Free ETF,NYSE/AMEX,Aberdeen Standard Investments,,4238795594253.875,0.26,33567.365611512214,1,,4583.605537109375,13.6549,4583.605537109375,13.65,394.62,20.56,14.97,22.26,-16.29,2025-12-30,30853272.635993503,,1423.47998046875,20260806,33505.587084277344,1.0,11.5269296,9.75745,2017-03-30,0.18
BCIL,Bancreek International Large Cap ETF,NYSE/AMEX,"Bancreek Capital Advisors, LLC",,128772531393.46094,0.8,42589.66587636061,3,135.0,217.7924370117188,0.5114,313.165595703125,0.74,-31.46,6.83,0.85,19.34,-15.5,2026-06-26,455826.25699408783,,1423.47998046875,20260806,,,,,,
BCPL,BNY Mellon Core Plus ETF,NYSE/AMEX,BNY Mellon,,422600595687.6719,0.4,34861.024395870976,6,30.0,128.1131982421875,0.3675,678.9999506835937,1.95,,-2.27,,4.24,-3.92,2026-07-01,1488194.1563814736,,1423.47998046875,20260806,,,,,,
BCUS,Bancreek U.S. Large Cap ETF,NYSE/AMEX,"Bancreek Capital Advisors, LLC",,217509426415.92188,0.7,51838.0176552888,2,92.0,49.821799316406256,0.0961,140.92451806640625,0.27,6.45,12.66,15.47,16.34,-9.81,2025-12-30,696760.98934321,,1423.47998046875,20260806,,,,,,
BDBT,Bluemonte Core Bond ETF,NYSE/AMEX,Bluemonte Funds,,683280366372.7031,0.23,35473.121221884154,10,31.0,116.7253583984375,0.3291,1281.1319824218751,3.61,1223.53,-1.89,-1.7,4.01,-4.23,2026-06-26,1281166.337483015,,1423.47998046875,20260806,,,,,,
BETE,ProShares Bitcoin & Ether Equal Weight ETF,NYSE/AMEX,ProShares,,10258628762.243652,0.95,44005.88846778404,12,30.0,31.3165595703125,0.0712,27619.782061035155,62.76,55.9,-35.15,-60.92,57.57,-71.66,2026-08-03,271107.0451715249,,1423.47998046875,20260806,,,,,,
BETH,ProShares Bitcoin & Ether Market Cap Weight ETF,NYSE/AMEX,ProShares,,13898524011.501465,0.95,51151.18574103713,12,30.0,49.821799316406256,0.0974,20892.415673339845,40.84,-14.32,-31.67,-57.24,49.04,-65.28,2026-08-03,263143.5329967362,,1423.47998046875,20260806,,,,,,
BETZ,Roundhill Sports Betting & iGaming ETF,NYSE/AMEX,Roundhill Investments,,70858237000.25,0.75,26676.014508175664,1,,1365.1173012695313,5.1174,1365.1173012695313,5.12,491.98,-10.42,-23.04,21.67,-32.29,2025-12-30,448172.4089212304,,1423.47998046875,20260806,,,,,,
BFOR,Barron's 400 ETF,NYSE/AMEX,ALPS,,327492614234.8672,0.65,34490.91927514039,1,,174.37629760742186,0.5056,174.37629760742186,0.51,-2.78,17.02,24.21,14.86,-8.98,2025-12-18,517546.02470478497,,1423.47998046875,20260806,,,,,,
BFRZ,Innovator Equity Managed 100 Buffer ETF,NYSE/AMEX,Innovator ETFs,,197267859953.17188,0.89,38647.48092671204,4,91.0,22.7756796875,0.0589,101.06707861328124,0.26,407.14,1.15,5.4,5.88,-3.12,2026-06-30,1378900.9517778268,,1423.47998046875,20260806,,,,,,
BGDV,Bahl & Gaynor Dividend ETF,NYSE/AMEX,Bahl & Gaynor Inc.,,1156084937281.9375,0.45,45280.89741849061,11,30.0,34.16351953125,0.0754,381.492634765625,0.84,37.44,15.27,24.12,11.32,-8.62,2026-06-29,316302.3105535241,,1423.47998046875,20260806,,,,,,
BGIG,Bahl & Gaynor Income Growth ETF,NYSE/AMEX,Bahl & Gaynor Investment Counsel,,3148826997461.25,0.45,52960.575279809535,12,31.0,74.020958984375,0.1398,876.8636679687502,1.66,1.99,14.51,21.03,8.94,-5.95,2026-07-30,2612867.235114656,,1423.47998046875,20260806,,,,,,
BGLD,FT Vest Gold Strategy Quarterly Buffer ETF,NYSE/AMEX,First Trust,,72451447039.66992,0.91,23857.52479846496,1,,10794.248691894532,45.2446,10794.248691894532,45.24,64.99,-2.61,-23.54,34.53,-36.07,2025-12-29,649654.9164175892,,1423.47998046875,20260806,,,,,,
BHYB,Xtrackers USD High Yield BB-B ex Financials ETF,NYSE/AMEX,Xtrackers,,3690919513359.0,0.2,76710.05376437306,12,30.0,384.33959472656255,0.501,4805.6684140625,6.26,-9.2,-1.16,-0.63,3.89,-3.01,2026-08-03,9958440.484616648,,1423.47998046875,20260806,76605.99862890625,0.0,,,,0.14
BIBL,Inspire 100 ETF,NYSE/AMEX,Inspire,,682153607947.2031,0.35,80402.42216952145,4,91.0,149.46539794921875,0.1859,733.0921899414062,0.91,21.75,22.87,33.21,17.62,-9.33,2026-06-26,2453793.1124346,,1423.47998046875,20260806,,,,,,
BIDD,iShares International Dividend Active ETF,NYSE/AMEX,iShares,,595723284967.1299,0.59,43601.19060712587,4,90.0,2599.274444335937,5.9615,3298.203114746094,7.56,565.8,4.79,15.63,17.68,-12.38,2026-06-15,2463325.050109864,Equity,1423.47998046875,20260806,,,,,,
BIGY,YieldMax Target 12 Big 50 Option Income ETF,NYSE/AMEX,YieldMax ETFs,,77385456408.77148,1.09,74789.63947706297,12,28.0,745.903509765625,0.9973,8953.689077148438,11.97,60.5,0.26,4.52,11.6,-12.71,2026-08-05,516807.363118601,,1423.47998046875,20260806,,,,,,
BIL,State Street SPDR Bloomberg 1-3 Month T-Bill ETF,NYSE/AMEX,SPDR,,67019401882841.8,0.1353,130170.12637955324,12,30.0,388.6100346679688,0.2985,4901.041572753907,3.77,-14.63,0.03,-0.07,1.07,-0.54,2026-08-03,900615574.601799,Fixed Income Bloomberg 1-3 Month U.S. Treasury Bill Index,1423.47998046875,20260806,130154.5254733789,0.0,4.54239,3.54098,2007-05-25,0.01
BILS,State Street SPDR Bloomberg 3-12 Month T-Bill ETF,NYSE/AMEX,SPDR,,5540198318784.18,0.1354,141187.85838750005,12,30.0,435.5848740234375,0.3085,5264.028967773437,3.73,-15.38,-0.07,-0.03,1.08,-0.44,2026-08-03,40569586.59058675,Fixed Income Bloomberg 3-12 Month U.S. Treasury Bill Index,1423.47998046875,20260806,141169.41356224607,0.01,4.5781597,3.4291998,2020-09-24,0.01
BILT,iShares Infrastructure Active ETF,NYSE/AMEX,iShares,,161349824051.03122,0.6,39700.99968529772,4,91.0,1740.916016113281,4.3851,2288.95580859375,5.77,,7.32,9.03,11.45,-6.55,2026-06-15,524234.26791316486,Equity,1423.47998046875,20260806,,,,,,
BILZ,PIMCO Ultra Short Government Active Exchange-Traded Fund,NYSE/AMEX,PIMCO,,1431569355277.4375,0.14,143351.55403957516,12,30.0,441.2787939453125,0.3078,5679.685122070313,3.96,-8.8,-0.08,-0.2,1.15,-0.59,2026-08-03,23915760.128875792,,1423.47998046875,20260806,143330.19923339842,0.0,4.6063600000000005,,2023-06-21,0.01
BINC,iShares Flexible Income Active ETF,NYSE/AMEX,iShares,,23050206315794.92,0.4,74042.3103152588,12,30.0,327.4003955078125,0.4422,4334.496540527344,5.85,-8.06,-1.45,-1.51,2.91,-3.48,2026-08-03,113442731.86048804,Fixed Income,1423.47998046875,20260806,73867.02385928712,0.52,6.82249,,2023-05-19,0.24
BINT,Bluemonte Global Equity ETF,NYSE/AMEX,Bluemonte Funds,,583563338948.5781,0.23,46618.96936035156,4,91.0,338.7882353515625,0.7267,799.9957490234376,1.72,,14.11,25.48,16.46,-11.0,2026-06-26,1129805.227204919,,1423.47998046875,20260806,,,,,,
BINV,Brandes International ETF,NYSE/AMEX,Brandes,,754061302716.0938,0.7,64768.339111328125,4,91.0,777.2200693359375,1.2,1323.8363818359376,2.04,20.62,12.38,25.91,13.84,-11.5,2026-06-29,2138136.430723396,,1423.47998046875,20260806,,,,,,
BITC,Bitwise Trendwise Bitcoin and Treasuries Rotation Strategy ETF,NYSE/AMEX,Bitwise Investments,,20398213317.200684,0.88,51003.290306665,1,,1745.1864560546874,3.4217,1745.1864560546874,3.42,-93.94,-1.72,-27.1,25.43,-30.23,2025-12-26,261419.76266078264,,1423.47998046875,20260806,,,,,,
BITI,ProShares Short Bitcoin ETF,NYSE/AMEX,ProShares,,184664812331.85547,1.01,33750.42666612938,12,30.0,1891.8048940429687,5.6053,7427.718538085937,22.01,888.26,5.0,29.28,45.67,-29.95,2026-08-03,51093677.97177817,,1423.47998046875,20260806,33576.47638730468,-31.92,-32.63283,,2022-06-21,0.52
BITO,ProShares Bitcoin ETF,NYSE/AMEX,ProShares,,2001072492781.8125,0.95,12419.863372604364,12,30.0,19.928719726562505,0.1605,5776.481760742187,46.51,-62.94,-30.03,-58.23,45.89,-64.17,2026-08-03,1000183247.0420544,,1423.47998046875,20260806,12479.933684765629,0.0,23.20326,,2021-10-18,-0.48
BITU,ProShares Ultra Bitcoin ETF,NYSE/AMEX,ProShares,,481087037930.3125,0.98,13537.43748137774,12,30.0,27.04611962890625,0.1998,10674.676373535156,78.85,101.15,-59.03,-83.28,90.9,-87.39,2026-08-03,98071199.1172432,,1423.47998046875,20260806,13691.030452148438,0.0,,,2024-04-01,-1.12
BITX,2x Bitcoin ETF,NYSE/AMEX,Volatility Shares Trust,,1213029511561.0938,2.75,17437.629760742188,12,28.0,19.928719726562505,0.1143,4630.580376464843,26.56,-45.16,-58.02,-79.5,88.6,-84.78,2026-07-22,275773630.3722498,,1423.47998046875,20260806,17622.966854199218,0.0,8.03947,,2023-06-27,-1.05
BITY,Amplify Bitcoin 2% Monthly Option Income ETF,NYSE/AMEX,Amplify ETFs,,16827489230.63379,0.65,36554.96633284912,12,31.0,735.9391499023437,2.0132,13417.722295898438,36.71,169.24,-36.0,-55.85,42.18,-60.89,2026-07-30,358903.6725335292,,1423.47998046875,20260806,,,,,,
BIV,Vanguard Intermediate-Term Bond ETF,NYSE/AMEX,Vanguard,,74270836979006.0,0.03,107693.37618471682,12,30.0,407.11527441406247,0.378,4639.1212563476565,4.31,8.31,-2.82,-2.31,4.18,-4.57,2026-08-03,140463713.7715781,,1423.47998046875,20260806,107842.8433203125,1.02,4.5861702,-0.13594,2006-01-26,-0.14
BIZD,VanEck BDC Income ETF,NYSE/AMEX,VanEck,,2231203062096.5625,9.69,18462.678268101063,4,91.0,340.21171533203125,1.8427,2169.383490234375,11.75,-14.24,-9.05,-18.73,20.54,-25.02,2026-07-01,41669950.91532547,,1423.47998046875,20260806,18106.6653515625,0.35,3.9003998,5.0672498,2013-02-11,1.97
BKAG,BNY Mellon Core Bond ETF,NYSE/AMEX,BNY Mellon,,3159635059602.875,0.0,58846.66260978393,11,30.0,222.062876953125,0.3774,2320.272368164062,3.94,-7.49,-2.57,-1.92,4.04,-4.3,2026-07-01,6742281.334348032,,1423.47998046875,20260806,58747.01879394532,1.0,4.037509999999999,-0.29148,,0.17
BKCG,BNY Mellon Concentrated Growth ETF,NYSE/AMEX,BNY Mellon,,170597037974.15625,0.5,56231.72732263431,4,91.0,91.10271875,0.162,328.82387548828126,0.58,80.47,8.44,14.01,14.11,-12.12,2026-07-01,100437.6256238778,,1423.47998046875,20260806,,,,,,
BKCI,BNY Mellon Concentrated International ETF,NYSE/AMEX,BNY Mellon,,187044495060.4844,0.65,78118.73116905615,1,,1019.2116660156248,1.3047,1019.2116660156248,1.3,94.04,5.27,10.01,14.58,-11.3,2025-12-29,608067.2553899089,,1423.47998046875,20260806,,,,,,
BKDV,BNY Mellon Dynamic Value ETF,NYSE/AMEX,BNY Mellon,,2617793076181.6875,0.6,49437.459070062265,1,,254.80291650390623,0.5154,254.80291650390623,0.52,163.24,18.61,30.91,12.24,-6.65,2025-12-29,9303272.379674844,,1423.47998046875,20260806,49327.85176318359,0.0,,,,0.22
BKEM,BNY Mellon Emerging Markets Equity ETF,NYSE/AMEX,BNY Mellon,,127036443821.4414,0.11,43117.20991163328,3,136.5,403.7942956196289,0.9365,825.144369838379,1.91,0.46,18.29,34.13,24.11,-14.67,2026-07-01,274148.08440645377,,1423.47998046875,20260806,,,,,,
BKF,iShares MSCI BIC ETF,NYSE/AMEX,iShares,,111858154567.58652,0.72,58714.845835316926,2,181.0,216.36895703125,0.3685,903.9097875976564,1.54,-36.88,-8.22,-1.11,16.07,-16.09,2026-06-15,445274.5592981164,Equity,1423.47998046875,20260806,,,,,,
BKFI,BNY Mellon Active Core Bond ETF,NYSE/AMEX,BNY Mellon,,353340619233.8125,0.4,33537.18757962342,6,30.0,125.26623828125,0.3735,724.5513100585936,2.16,,-2.85,,4.45,-4.6,2026-07-01,1231858.5588611923,,1423.47998046875,20260806,,,,,,
BKGI,BNY Mellon Global Infrastructure Income ETF,NYSE/AMEX,BNY Mellon,,1863623998949.3125,0.55,63928.48570564576,4,91.0,814.2305488281249,1.2737,1861.9118144531249,2.91,3.48,9.86,14.6,11.71,-6.16,2026-07-01,7759098.538134069,,1423.47998046875,20260806,63515.67672851562,0.56,21.746099,,,0.65
BKHY,BNY Mellon High Yield ETF,NYSE/AMEX,BNY Mellon,,228200079928.7578,0.22,67219.0016462151,11,30.0,385.7630747070313,0.5739,4586.452497070311,6.82,-8.93,-1.83,-1.87,4.24,-3.86,2026-07-01,2302665.292423598,,1423.47998046875,20260806,,,,,,
BKIE,BNY Mellon International Equity ETF,NYSE/AMEX,BNY Mellon,,1858713015792.375,0.04,49337.67472206615,4,91.0,412.8091943359375,0.8367,1518.3791203266603,3.08,35.08,11.48,22.13,15.32,-11.41,2026-07-01,6425855.025887204,,1423.47998046875,20260806,49038.88532714844,0.92,18.71165,10.1119004,,0.61
BKLC,BNY Mellon US Large Cap Core Equity ETF,NYSE/AMEX,BNY Mellon,,7789116281766.0,0.0,70020.97828440554,4,91.0,181.7314186665039,0.2595,720.2822935971681,1.03,11.62,12.6,21.5,13.11,-9.1,2026-07-01,24932619.22379248,,1423.47998046875,20260806,69949.80624023438,1.01,22.265351,13.426569999999998,2020-04-07,0.1
BKLN,Invesco Senior Loan ETF,NYSE/AMEX,Invesco,,9598918434326.75,0.65,29159.2769197058,12,28.0,155.15931787109375,0.5321,1896.075333984375,6.5,-17.73,-2.5,-2.22,3.26,-4.04,2026-07-20,257094303.5972938,,1423.47998046875,20260806,29181.33959960937,0.02,7.04967,5.4543800000000005,2011-03-03,-0.08
BKMC,BNY Mellon US Mid Cap Core Equity ETF,NYSE/AMEX,BNY Mellon,,922164585969.9062,0.04,58832.43019924313,4,91.0,179.3584775390625,0.3049,813.7551065146484,1.38,11.07,12.33,19.43,15.45,-9.82,2026-07-01,2873674.841537476,,1423.47998046875,20260806,,,,,,
BKSE,BNY Mellon US Small Cap Core Equity ETF,NYSE/AMEX,BNY Mellon,,124298169403.97266,0.04,64481.507982146,4,91.0,200.71067724609367,0.3113,760.1383095703126,1.18,14.27,19.54,34.27,17.43,-9.4,2026-07-01,274026.13280900446,,1423.47998046875,20260806,,,,,,
BKUI,BNY Mellon Ultra Short Income ETF,NYSE/AMEX,BNY Mellon,,828203883830.0,0.12,70606.1741711516,11,30.0,249.10899658203124,0.3528,2680.4128032226563,3.8,-20.28,-0.31,-0.32,1.2,-0.73,2026-07-01,3202828.25263512,,1423.47998046875,20260806,70601.76007128906,0.08,5.04729,,,0.01
BLCV,iShares Large Cap Value Active ETF,NYSE/AMEX,iShares,,497039029549.7756,0.45,61736.32523248904,5,80.0,167.9706376953125,0.2721,740.20958984375,1.2,3.17,15.38,25.55,12.36,-10.2,2026-06-15,802972.2384198253,Equity,1423.47998046875,20260806,,,,,,
BLDG,Cambria Global Real Estate ETF,NYSE/AMEX,Cambria,,95676428254.28516,0.59,38953.52933971863,4,91.0,119.572318359375,0.307,2018.494612304688,5.18,-6.53,11.69,8.64,12.18,-11.02,2026-06-18,375764.5366781774,,1423.47998046875,20260806,,,,,,
BLDX,Impax Global Sustainable Infrastructure ETF,NYSE/AMEX,Impax Asset Management,,169112428069.40625,0.6,37444.215054244734,1,,361.5639150390625,0.9656,361.5639150390625,0.97,,3.81,,16.74,-8.26,2026-06-22,212272.33367222548,,1423.47998046875,20260806,,,,,,
BLES,Inspire Global Hope ETF,NYSE/AMEX,Inspire,,228618560267.336,0.6,70586.81570355222,4,91.0,575.085912109375,0.8147,1245.5449829101562,1.76,21.7,13.82,21.0,12.92,-8.36,2026-06-26,446693.4511013259,,1423.47998046875,20260806,,,,,,
BLGR,Bluemonte Large Cap Growth ETF,NYSE/AMEX,Bluemonte Funds,,394295299831.5625,0.24,46448.153283135965,4,91.0,41.28091943359375,0.0889,148.04191796875,0.32,,11.74,20.05,16.82,-14.17,2026-06-26,722512.4655295444,,1423.47998046875,20260806,,,,,,
BLOK,Amplify Blockchain Technology ETF,NYSE/AMEX,Amplify ETFs,,1512212844195.9062,0.7,85850.07957692258,2,181.0,113.8783984375,0.1326,694.6582304687499,0.81,-81.16,1.81,5.33,40.23,-36.09,2026-06-29,21722970.14727596,,1423.47998046875,20260806,86108.1545425293,2.54,39.068088,9.41616,2018-01-16,-0.3
BLOX,Nicholas Crypto Income ETF,NYSE/AMEX,"Nicholas Wealth, LLC",,405101539918.8125,0.99,18989.365697970148,52,7.0,130.960158203125,0.6896,9466.141870117186,49.85,772.7,-28.09,-38.67,57.11,-55.7,2026-07-31,6765884.907310942,,1423.47998046875,20260806,18658.26384399414,0.0,,,,1.77
BLST,Bluemonte Short Term Bond ETF,NYSE/AMEX,Bluemonte Funds,,238214272979.1953,0.23,35402.08949266467,10,31.0,113.8783984375,0.3217,1222.7693032226562,3.45,1201.52,-1.47,-1.35,2.48,-2.67,2026-06-26,461001.4228196543,,1423.47998046875,20260806,,,,,,
BLTD,Bluemonte Long Term Bond ETF,NYSE/AMEX,Bluemonte Funds,,231046447722.02344,0.23,34892.3400431769,10,31.0,132.38363818359375,0.3794,1432.0208603515623,4.1,1223.68,-3.48,-3.76,6.89,-8.06,2026-06-26,473996.6331130252,,1423.47998046875,20260806,,,,,,
BLUC,Bluemonte Large Cap Core ETF,NYSE/AMEX,Bluemonte Funds,,480434924669.5,0.23,45594.0620367676,4,91.0,51.245279296875,0.1124,280.42555615234374,0.62,,11.76,20.1,14.13,-10.78,2026-06-26,851646.7478656844,,1423.47998046875,20260806,,,,,,
BLUI,Bluemonte Diversified Income ETF,NYSE/AMEX,Bluemonte Funds,,152668512601.26953,0.75,36619.16422434803,11,30.0,123.84275830078124,0.3382,1725.257736328125,4.71,1325.88,1.72,1.68,4.15,-3.2,2026-06-26,287984.4343955583,,1423.47998046875,20260806,,,,,,
BLUX,Bluemonte Dynamic Total Market ETF,NYSE/AMEX,Bluemonte Funds,,813833796487.9688,0.25,46704.38011403196,4,91.0,111.0314384765625,0.2377,488.2536333007813,1.05,,16.31,24.79,14.47,-9.23,2026-06-26,1361419.5793616157,,1423.47998046875,20260806,,,,,,
BLV,Vanguard Long-Term Bond ETF,NYSE/AMEX,Vanguard,,12025444449985.25,0.03,94490.59719381107,12,30.0,399.9978745117188,0.4233,4667.590855957032,4.94,1.8,-4.34,-4.56,8.0,-9.08,2026-08-03,54728993.405228086,,1423.47998046875,20260806,94718.35790039063,2.11,2.22262,-4.9200702,2006-02-02,-0.24
BMVP,Invesco Bloomberg MVP Multi-factor ETF,NYSE/AMEX,Invesco,,148185700834.6172,0.29,77294.96185342409,4,91.0,333.0943154296875,0.4309,1303.907662109375,1.69,12.39,10.39,12.21,10.0,-6.87,2026-06-22,122602.13762152624,,1423.47998046875,20260806,,,,,,
BNDC,FlexShares Core Select Bond Fund,NYSE/AMEX,Flexshares Trust,,241111999930.15625,0.35,31124.389447140507,12,30.0,105.33751855468748,0.3384,1301.0607021484377,4.18,2.58,-2.21,-2.1,3.98,-4.45,2026-07-08,309667.8085064907,,1423.47998046875,20260806,,,,,,
BNDD,Quadratic Deflation ETF,NYSE/AMEX,KraneShares,,29544278596.30957,1.02,137241.54381243512,11,30.5,429.8909541015625,0.3132,4633.427336425781,3.38,-15.93,1.0,-2.15,10.21,-7.09,2026-06-29,853953.0190963745,,1423.47998046875,20260806,,,,,,
BNDI,NEOS Enhanced Income Aggregate Bond ETF,NYSE/AMEX,Neos Funds,,264175586984.586,0.58,66277.22984547727,12,28.0,318.85951562500003,0.4811,3896.06470654297,5.88,0.92,-2.08,-1.62,4.49,-4.18,2026-07-15,1054442.4548274493,,1423.47998046875,20260806,,,,,,
BNDS,Infrastructure Capital Bond Income ETF,NYSE/AMEX,InfraCap,,136868260616.78123,0.88,71458.69610556029,12,31.0,483.98319335937504,0.6773,5770.787840820311,8.08,73.4,-0.41,0.9,4.17,-4.41,2026-07-30,908086.733619766,,1423.47998046875,20260806,,,,,,
BNDY,Horizon Core Bond ETF,NYSE/AMEX,Horizon Investments,,354574878867.4375,0.66,35279.5284006726,6,59.0,351.59955517578123,0.9966,2088.2451313476563,5.92,,-3.77,-1.81,5.68,-6.27,2026-06-29,1188140.223458613,,1423.47998046875,20260806,,,,,,
BOAT,SonicShares Global Shipping ETF,NYSE/AMEX,SonicShares,,111440330253.9922,0.69,62234.54648374021,4,92.0,1432.0208603515623,2.301,3984.3204653320313,6.4,-31.56,38.79,40.19,21.39,-13.16,2026-06-29,963272.172621404,,1423.47998046875,20260806,,,,,,
BOND,PIMCO Active Bond Exchange-Traded Fund Exchange-Traded Fund,NYSE/AMEX,PIMCO,,12030225520665.25,0.54,129109.62988439947,12,30.0,569.3919921875,0.441,6761.5299072265625,5.24,1.28,-2.5,-1.65,4.37,-4.54,2026-08-03,41889602.78009605,,1423.47998046875,20260806,129237.74742675782,1.03,5.26196,0.12604999,2012-02-29,-0.1
BOUT,CapForce IBD Breakout Opportunities ETF,NYSE/AMEX,Capital-FORCE ETF,,23028381547.55273,0.8,66476.51617391966,1,,177.93499755859375,0.2677,177.93499755859375,0.27,-45.18,28.54,26.08,22.62,-11.76,2025-12-31,123564.21986576096,,1423.47998046875,20260806,,,,,,
BOXA,Alpha Architect Aggregate Bond ETF,NYSE/AMEX,Alpha Architect,,20776207038.17432,0.23,149602.0529830493,1,,195.0167573242188,0.1304,195.0167573242188,0.13,,-0.22,1.35,3.64,-3.22,2025-12-23,127342.26534894358,,1423.47998046875,20260806,,,,,,
BRCE,MFS Blended Research Core Equity ETF,NYSE/AMEX,MFS,,49223607477.25391,0.24,43058.98789491504,3,98.0,75.44443896484374,0.1752,214.94547705078125,0.5,,16.36,,14.23,-8.95,2026-06-25,186007.06165699044,,1423.47998046875,20260806,,,,,,
BRF,VanEck Brazil Small-Cap ETF,NYSE/AMEX,VanEck,,31244078816.666992,0.6,22818.3850643402,1,,1265.4737026367188,5.5459,1265.4737026367188,5.55,98.44,0.0,8.9,29.67,-20.47,2025-12-22,112969.33011428104,,1423.47998046875,20260806,,,,,,
BRIB,FIS Bright Portfolios Core Bond ETF,NYSE/AMEX,,,76013830957.03125,0.49,35373.47805766296,5,30.5,126.68971826171874,0.3581,491.1005932617187,1.39,,-0.8,,4.17,-2.06,2026-07-31,633798.336482048,,1423.47998046875,20260806,,,,,,
BRIE,MFS Blended Research International Equity ETF,NYSE/AMEX,MFS,,584127765842.5938,0.34,43786.24452502746,1,,102.49055859375,0.2341,102.49055859375,0.23,,14.09,,18.15,-11.39,2025-12-16,3240592.2109497627,,1423.47998046875,20260806,43494.259985625,0.0,,,,0.67
BRIF,FIS Bright Portfolios Focused Equity ETF,NYSE/AMEX,Faith Investor,,220368206954.6172,0.65,53865.19402716309,2,76.0,222.062876953125,0.4123,7282.523580078125,13.52,56744.44,25.8,34.16,14.5,-6.6,2025-12-09,299651.0703671216,,1423.47998046875,20260806,,,,,,
BRKC,YieldMax BRK.B Option Income Strategy ETF,NYSE/AMEX,YieldMax ETFs,,16008297854.07373,1.01,58718.54919433594,45,7.0,210.67503710937493,0.3588,12895.305143066407,21.96,1700.99,-7.46,-14.03,12.27,-19.26,2026-07-30,626439.828148648,,1423.47998046875,20260806,,,,,,
BRKW,Roundhill BRKB WeeklyPay ETF,NYSE/AMEX,Roundhill Investments,,21802184504.53711,1.0,58063.74970655516,52,7.0,192.16979736328128,0.331,12975.020021972656,22.35,456.81,-7.25,-11.93,17.53,-23.43,2026-08-03,515284.06666294415,,1423.47998046875,20260806,,,,,,
BRLN,iShares Floating Rate Loan Active ETF,NYSE/AMEX,iShares,,76146635902.58466,0.55,71999.62001857907,12,30.0,361.5639150390625,0.5022,4493.926298339844,6.24,-16.13,-1.96,-2.97,3.66,-3.98,2026-08-03,373629.5401841122,Fixed Income,1423.47998046875,20260806,,,,,,
BRZU,Direxion Daily Brazil Bull 2X ETF,NYSE/AMEX,Direxion Funds,,149804425329.20703,1.32,136995.7102794312,4,91.0,610.6729116210937,0.4458,2533.794365234375,1.85,-33.93,17.78,63.78,49.86,-35.97,2026-06-23,4048124.540753217,,1423.47998046875,20260806,134957.28998828126,0.75,7.3501304,1.0683300999999998,,1.51
BSMC,Brandes U.S. Small-Mid Cap Value ETF,NYSE/AMEX,Brandes,,245600289247.77344,0.71,58769.36992316134,4,91.0,133.8071181640625,0.2277,515.2997529296874,0.88,-3.72,18.43,32.36,14.51,-9.02,2026-06-29,511986.0882829005,,1423.47998046875,20260806,,,,,,
BSV,Vanguard Short-Term Bond ETF,NYSE/AMEX,Vanguard,,100649770584488.0,0.03,110326.81197652592,12,30.0,378.64567480468753,0.3432,4445.527979003907,4.03,8.36,-1.64,-1.42,2.09,-2.37,2026-08-03,221496986.80649623,,1423.47998046875,20260806,110390.87248535156,0.37,4.5433898,1.68648,2001-11-12,-0.06
BTAL,AGF U.S. Market Neutral Anti-Beta Fund,NYSE/AMEX,AGF Investments LLC,,450905436030.1875,1.4,16967.881475790404,1,,509.60583300781246,3.0034,509.60583300781246,3.0,-44.5,-15.16,-28.15,23.82,-36.18,2025-12-30,10923294.057282588,,1423.47998046875,20260806,17295.139414697267,-0.95,-9.64816,-4.1090596,,-1.89
BTCC,Grayscale Bitcoin Covered Call ETF,NYSE/AMEX,Grayscale,,20386676011.958984,0.65,18604.882910314947,24,15.0,375.79871484375,2.0199,16809.875089355468,90.35,84.43,-39.94,-62.71,35.98,-65.59,2026-07-30,520185.2700051692,,1423.47998046875,20260806,,,,,,
BTCI,NEOS Bitcoin High Income ETF,NYSE/AMEX,,,1580062778320.3125,0.99,40735.442343833856,12,28.0,919.5680673828124,2.2574,16432.65289453125,40.34,-17.39,-36.27,-54.18,40.64,-59.22,2026-07-22,27193992.365304865,,1423.47998046875,20260806,,,,,,
BTCL,T-Rex 2X Long Bitcoin Daily Target ETF,NYSE/AMEX,Rex,,34670591569.89258,0.95,17693.856591638178,1,,697.5051904296874,3.9421,697.5051904296874,3.94,-76.84,-59.19,-79.23,88.7,-84.27,2025-12-24,3550395.05739668,,1423.47998046875,20260806,17764.887808251955,0.0,,,,-0.4
BTCU,Direxion Daily Bitcoin Bull 2X ETF,NYSE/AMEX,,,6021320317.3828125,1.13,24170.689416741952,1,,61.20963916015624,0.2532,61.20963916015624,0.25,,-30.27,,77.93,-40.82,2026-06-23,255146.26205101013,,1423.47998046875,20260806,,,,,,
BUCK,Simplify Treasury Option Income ETF,NYSE/AMEX,Simplify Asset Management,,693763829527.4219,0.35,33188.43650484923,12,30.0,170.81759765625,0.5147,2391.446367187501,7.21,-8.65,-1.81,-1.83,3.15,-2.89,2026-07-28,3892434.375814613,,1423.47998046875,20260806,33238.8269359375,0.08,5.16225,,,-0.15
BUFP,PGIM Laddered S&P 500 Buffer 12 ETF,NYSE/AMEX,PGIM,,322142219889.71875,0.5,46533.55860667117,1,,2.8469599609375003,0.0061,2.8469599609375003,0.01,-60.0,8.57,14.45,6.41,-4.41,2025-12-30,1058232.6901615795,,1423.47998046875,20260806,,,,,,
BUL,Pacer US Cash Cows Growth ETF,NYSE/AMEX,Pacer,,186997155810.2539,0.6,89971.05477199703,3,136.5,8.5408798828125,0.0095,185.0523974609375,0.21,80.56,13.75,23.25,16.86,-8.93,2026-06-04,662597.6271128255,,1423.47998046875,20260806,,,,,,
BUSA,Brandes U.S. Value ETF,NYSE/AMEX,Brandes,,442836149370.9844,0.6,59102.88944067992,4,91.0,230.6037568359375,0.3902,824.1949086914063,1.39,10.08,12.58,25.82,11.99,-7.81,2026-06-29,966538.884114938,,1423.47998046875,20260806,,,,,,
BUXX,Strive Enhanced Income Short Maturity ETF,NYSE/AMEX,Strive AM,,696629328891.625,0.26,28775.64802238159,12,31.0,91.10271875,0.3166,1349.459021484375,4.69,-6.69,-0.07,-0.76,1.87,-1.22,2026-07-30,6213650.0403586,,1423.47998046875,20260806,28776.35954516601,0.0,,,,-0.0
BUYB,ProShares S&P 500 Buyback Aristocrats ETF,NYSE/AMEX,ProShares,,31265513578.21289,0.39,62590.4164788574,1,,69.75051904296875,0.1114,69.75051904296875,0.11,,11.04,,11.88,-1.95,2026-06-24,154251.6378973098,,1423.47998046875,20260806,,,,,,
BUYW,Main BuyWrite ETF,NYSE/AMEX,Main Management ETFs,,1844865402542.375,0.99,20711.63398732757,12,30.0,103.91403857421876,0.5017,1222.769303222656,5.9,2.51,1.89,2.68,5.16,-3.55,2026-07-24,4896319.129034457,,1423.47998046875,20260806,20711.63371582032,0.21,8.9769095,8.04327,,0.0
BVAL,Bluemonte Large Cap Value ETF,NYSE/AMEX,Bluemonte Funds,,401532272052.2656,0.24,45679.472790448,4,91.0,160.85323779296874,0.3521,589.3207119140626,1.29,,14.44,23.76,10.48,-7.02,2026-06-26,762804.8414811974,,1423.47998046875,20260806,,,,,,
BWX,State Street SPDR Bloomberg International Treasury Bond ETF,NYSE/AMEX,SPDR,,1860103994877.9297,0.35,31195.5650752075,12,30.0,64.05659912109375,0.2053,743.0565498046874,2.38,15.74,-2.51,-4.84,7.51,-8.21,2026-08-03,13804335.906516967,Fixed Income Bloomberg Global Treasury ex-US Capped Index,1423.47998046875,20260806,31175.10836465332,1.36,1.22867,-4.30447,2007-10-02,0.07
BWZ,State Street SPDR Bloomberg Short Term International Treasury Bond ETF,NYSE/AMEX,SPDR,,408923093989.2578,0.35,38647.48092671204,12,30.0,69.75051904296875,0.1805,805.6896689453126,2.08,-6.6,-0.51,-1.74,6.78,-6.02,2026-08-03,3395848.7498891307,Fixed Income Bloomberg 1-3 Year Global Treasury ex-US Capped Index,1423.47998046875,20260806,38598.85539359375,0.9,2.50322,-1.30242,,0.13
BYLD,iShares Yield Optimized Bond ETF,NYSE/AMEX,iShares,,629934260587.8472,0.13,31772.072729650885,12,30.0,143.77147802734376,0.4525,1720.9872963867188,5.42,-0.66,-2.02,-1.28,4.0,-3.47,2026-08-04,1900597.2603655204,Fixed Income,1423.47998046875,20260806,,,,,,
BYRE,Principal Real Estate Active Opportunities ETF,NYSE/AMEX,Principal Funds,,39377698230.10742,0.6,39459.86051280983,4,91.0,360.14043505859377,0.9127,1054.7986655273437,2.67,17.62,13.31,11.14,12.75,-7.76,2026-07-01,100747.626141248,,1423.47998046875,20260806,,,,,,
BZQ,ProShares UltraShort MSCI Brazil Capped,NYSE/AMEX,ProShares,,3310213015.3413086,0.95,29651.08788456116,4,91.0,459.7840336914063,1.5506,2350.165447753906,7.93,-35.1,-30.33,-55.22,50.01,-64.49,2026-06-24,341729.2770207166,,1423.47998046875,20260806,,,,,,
CAAA,First Trust AAA CMBS ETF,NYSE/AMEX,First Trust,,50113031932.57031,0.3,28789.883147994988,12,30.0,99.64359863281253,0.3461,1441.9852202148438,5.01,-18.04,-1.32,-1.25,3.42,-3.39,2026-07-21,180773.3052268921,,1423.47998046875,20260806,,,,,,
CAFX,Congress Intermediate Bond ETF,NYSE/AMEX,Congress,,454522578375.4375,0.35,34917.96489832457,12,31.0,130.960158203125,0.3751,1414.9391005859372,4.05,25.35,-1.9,-1.81,3.0,-3.56,2026-07-30,1153419.9506595505,,1423.47998046875,20260806,,,,,,
CAIE,Calamos Autocallable Income ETF,NYSE/AMEX,Calamos,,1685925777356.75,0.74,38789.82946777344,12,30.0,445.5492338867188,1.1486,5469.010084960938,14.1,895.34,1.87,4.29,12.31,-11.17,2026-08-03,11032073.920838254,,1423.47998046875,20260806,38661.71626953125,0.0,,,,0.33
CALF,Pacer US Small Cap Cash Cows ETF,NYSE/AMEX,Pacer,,5224745293243.0,0.59,78654.38784124143,4,91.0,64.05659912109375,0.0814,864.0523481445313,1.1,40.51,23.42,37.69,16.1,-6.16,2026-06-04,40231956.64082085,,1423.47998046875,20260806,79139.50829814453,0.93,9.84432,6.757059999999999,2017-06-16,-0.61
CAM,AB California Intermediate Municipal ETF,NYSE/AMEX,AllianceBernstein,,1711928679753.25,0.27,35373.47805766296,10,30.0,88.2557587890625,0.2495,975.083786621094,2.76,,-1.08,,2.44,-2.94,2026-08-03,2387167.4082159223,,1423.47998046875,20260806,,,,,,
CAPE,DoubleLine Shiller CAPE U.S. Equities ETF,NYSE/AMEX,DoubleLine ETF Trust,,343348085854.7578,0.65,47259.53643759154,4,91.0,158.00627783203126,0.3343,641.9894711914063,1.36,13.89,3.4,4.78,11.6,-9.68,2026-07-01,1071540.783871928,,1423.47998046875,20260806,,,,,,
CARK,CastleArk Large Growth ETF,NYSE/AMEX,CastleArk Management LLC,,454442863496.53125,0.54,69239.63469313644,1,,9.964359863281253,0.0144,9.964359863281253,0.01,-22.22,10.25,15.44,18.46,-16.52,2025-12-30,501595.69324991904,,1423.47998046875,20260806,,,,,,
CATF,American Century California Municipal Bond ETF,NYSE/AMEX,American Century Investments,,115934985374.08205,0.27,70554.78327708133,11,29.0,206.4045971679688,0.2925,2348.741967773438,3.33,1.73,-1.06,2.11,3.32,-3.69,2026-07-07,285545.60116522433,,1423.47998046875,20260806,,,,,,
CBIL,Corgi 3-12 Month T-Bill ETF,NYSE/AMEX,Corgi Funds,,38830506831.69531,0.05,35643.940014172345,2,31.0,113.8783984375,0.3195,170.81759765625,0.48,,0.12,,0.94,-0.28,2026-07-31,648774.2947689323,,1423.47998046875,20260806,,,,,,
CBLS,Clough Hedged Equity ETF,NYSE/AMEX,Clough Capital Partners L.P.,,79151864104.375,1.89,43222.83166570775,1,,351.59955517578123,0.8135,351.59955517578123,0.81,28.65,8.68,4.52,17.48,-13.02,2025-12-30,153705.2078513643,,1423.47998046875,20260806,,,,,,
CBOJ,Calamos Bitcoin Structured Alt Protection ETF - January,NYSE/AMEX,Calamos,,25359856703.16309,0.69,33743.592828408815,1,,1080.4213051757813,3.2019,1080.4213051757813,3.2,,-1.63,-8.67,5.66,-11.22,2025-12-12,229968.5018020873,,1423.47998046875,20260806,,,,,,
CBON,VanEck China Bond ETF,NYSE/AMEX,VanEck,,37337441455.86133,0.5,34248.9275698578,12,30.0,37.0104794921875,0.1081,503.9119130859376,1.47,-14.29,5.18,8.13,3.71,-1.46,2026-08-03,102545.76536073723,,1423.47998046875,20260806,,,,,,
CBSE,Clough Select Equity ETF,NYSE/AMEX,Clough Capital Partners L.P.,,73675679680.3125,0.85,67501.41806735843,1,,193.59327734375,0.2868,193.59327734375,0.29,9.68,16.58,23.12,25.65,-13.57,2025-12-30,249285.1552679662,,1423.47998046875,20260806,,,,,,
CBTJ,Calamos Bitcoin 80 Series Structured Alt Protection ETF - January,NYSE/AMEX,Calamos,,33897585001.29883,0.69,25282.571375820786,1,,451.2431538085938,1.7848,451.2431538085938,1.78,,-20.85,-37.71,26.67,-43.19,2025-12-12,306010.554751666,,1423.47998046875,20260806,,,,,,
CBTO,Calamos Bitcoin 80 Series Structured Alt Protection ETF - October,NYSE/AMEX,Calamos,,39361003656.89648,0.69,28156.43499109801,1,,68.3270390625,0.2427,68.3270390625,0.24,,-8.93,,11.51,-21.44,2025-12-12,463661.1083948966,,1423.47998046875,20260806,,,,,,
CBTY,Calamos Bitcoin 80 Series Structured Alt Protection ETF - July,NYSE/AMEX,Calamos,,6942867021.938477,0.69,28232.16379590612,1,,459.7840336914063,1.6286,459.7840336914063,1.63,,-10.74,-23.02,16.41,-28.8,2025-12-12,178688.64372657685,,1423.47998046875,20260806,,,,,,
CBXJ,Calamos Bitcoin 90 Series Structured Alt Protection ETF - January,NYSE/AMEX,Calamos,,24269436874.60449,0.69,28540.490154819563,1,,634.8720712890625,2.2245,634.8720712890625,2.22,,-12.72,-27.16,17.54,-31.45,2025-12-12,181680.44091251263,,1423.47998046875,20260806,,,,,,
CBXO,Calamos Bitcoin 90 Series Structured Alt Protection ETF - October,NYSE/AMEX,Calamos,,14175506169.581057,0.69,31487.37836260069,1,,165.123677734375,0.5244,165.123677734375,0.52,,-3.85,,6.5,-11.92,2025-12-12,158507.63492325047,,1423.47998046875,20260806,,,,,,
CCEF,Calamos CEF Income & Arbitrage ETF,NYSE/AMEX,Calamos,,48226989285.48828,3.19,42028.245880325325,11,30.0,281.8490361328125,0.6706,3106.033317382813,7.39,-4.76,2.45,4.23,8.74,-8.27,2026-07-01,143405.25671195984,,1423.47998046875,20260806,,,,,,
CCOR,Core Alternative ETF,NYSE/AMEX,Core Alternative Capital,,39746032215.93359,1.29,37480.22777713928,4,91.0,71.1739990234375,0.1899,370.104794921875,0.99,-10.34,0.28,-0.58,8.25,-9.28,2026-06-18,170268.73385416463,,1423.47998046875,20260806,,,,,,
CCRP,Columbia Corporate Bond ETF,NYSE/AMEX,,,74206011381.83594,0.35,27679.56778580323,8,30.0,115.30187841796877,0.4166,794.3018291015626,2.87,,-2.6,,4.85,-4.22,2026-08-03,314437.7281918938,,1423.47998046875,20260806,,,,,,
CDEI,"Calvert US Large-Cap Diversity, Equity and Inclusion Index ETF",NYSE/AMEX,Calvert ETFs,,26020673120.57617,0.14,134128.3981343247,4,91.0,287.5429560546875,0.2144,1275.4380625,0.95,11.86,14.08,24.66,13.03,-10.1,2026-06-22,115248.86181479528,,1423.47998046875,20260806,,,,,,
CDX,Simplify High Yield ETF,NYSE/AMEX,Simplify Asset Management,,537043922084.1406,0.25,29501.623138229363,12,30.0,185.0523974609375,0.6273,2448.38556640625,8.3,-35.02,-6.64,-11.17,6.54,-12.1,2026-07-28,4153502.8330444777,,1423.47998046875,20260806,29573.935378222657,0.57,7.2469205,,,-0.24
CEFS,Saba Closed-End Funds ETF,NYSE/AMEX,SABA ETF,,604696937681.9688,2.61,35820.44959861878,11,30.0,199.28719726562505,0.5564,2371.517647460938,6.62,-11.48,10.61,12.54,11.12,-6.26,2026-06-26,2108914.4835718544,,1423.47998046875,20260806,,,,,,
CEFZ,RiverNorth Active Income ETF,NYSE/AMEX,RiverNorth Funds,,56056670100.45898,3.36,11772.03754878277,12,30.0,95.37315869140626,0.8102,1167.2535839843752,9.92,,0.78,4.09,10.65,-8.33,2026-07-30,108097.33006326135,,1423.47998046875,20260806,,,,,,
CEMB,iShares J.P. Morgan EM Corporate Bond ETF,NYSE/AMEX,iShares,,584333226985.7003,0.5,64383.99886498414,12,30.0,269.03771630859376,0.4179,3360.836233886719,5.22,0.81,-1.31,-0.75,3.55,-3.29,2026-08-03,2538042.0878642565,Fixed Income,1423.47998046875,20260806,,,,,,
CERY,State Street SPDR Bloomberg Enhanced Roll Yield Commodity Strategy No K-1 ETF,NYSE/AMEX,SPDR,,1402455181157.2266,0.28,50618.95006032102,1,,2029.882452148437,4.0101,2029.882452148437,4.01,948.53,23.99,30.54,17.55,-14.33,2025-12-29,5494977.203270931,Alternative Bloomberg Enhanced Roll Yield Total Return Index,1423.47998046875,20260806,50774.705284931646,0.0,,,,-0.31
CEW,WisdomTree Emerging Currency Strategy Fund,NYSE/AMEX,WisdomTree,,25188199252.31836,0.55,28142.19986548461,1,,664.7651508789063,2.3622,664.7651508789063,2.36,-49.07,4.16,6.35,6.83,-3.83,2025-12-26,127142.22973438278,,1423.47998046875,20260806,,,,,,
CFIT,Cambria Fixed Income Trend ETF,NYSE/AMEX,Cambria,,59364587042.5918,0.5,36853.89582551271,4,91.0,146.61843798828124,0.3978,1432.0208603515623,3.89,491.76,2.5,4.16,6.77,-5.29,2026-06-18,216015.66585635,,1423.47998046875,20260806,,,,,,
CGBL,Capital Group Core Balanced ETF,NYSE/AMEX,Capital Group,,10278070253242.5,0.33,54512.16324558109,4,91.0,232.02723681640623,0.4256,997.8594663085938,1.83,8.85,7.72,13.91,10.44,-7.88,2026-06-30,46643337.72943298,,1423.47998046875,20260806,54376.93525390625,0.0,,,2023-09-26,0.25
CGCB,Capital Group Core Bond ETF,NYSE/AMEX,Capital Group,,8150620615627.0,0.27,36846.77962024231,11,31.0,115.30187841796877,0.3129,1424.9034604492183,3.87,-9.0,-2.25,-1.88,3.9,-4.28,2026-06-29,28182922.98529693,,1423.47998046875,20260806,36896.60109375,0.0,,,2023-09-26,-0.14
CGCP,Capital Group Core Plus Income ETF,NYSE/AMEX,Capital Group,,11990075459279.5,0.34,31366.3811524231,11,31.0,116.7253583984375,0.3721,1456.2200200195311,4.64,-10.34,-2.67,-2.41,3.81,-4.66,2026-06-29,32821898.56841029,,1423.47998046875,20260806,31416.203168945314,0.95,5.062139999999999,,2022-02-22,-0.16
CGCV,Capital Group Conservative Equity ETF,NYSE/AMEX,Capital Group,,2811126164160.6875,0.33,48063.80067170411,4,91.0,169.39411767578125,0.3524,680.4234306640625,1.42,22.56,10.09,16.39,9.78,-7.93,2026-06-30,11162213.668267572,,1423.47998046875,20260806,48056.684140625,0.0,,,2024-06-25,0.01
CGDG,Capital Group Dividend Growers ETF,NYSE/AMEX,Capital Group,,7823852655192.75,0.47,55231.02215615846,4,91.0,550.8867524414063,0.9974,1221.3458232421874,2.21,30.79,7.9,15.79,10.74,-7.72,2026-06-30,24774264.85500328,,1423.47998046875,20260806,55088.67524414063,0.0,,,2023-09-26,0.26
CGDV,Capital Group Dividend Value ETF,NYSE/AMEX,Capital Group,,53289038332938.0,0.33,72896.40849656984,4,91.0,209.25155712890623,0.2871,834.1592685546874,1.14,2.45,16.47,26.16,12.54,-9.75,2026-06-30,185818779.29534245,,1423.47998046875,20260806,72697.12260253906,0.85,24.52821,,2022-02-22,0.27
CGGE,Capital Group Global Equity ETF,NYSE/AMEX,Capital Group,,4216866441029.0,0.47,50960.58221475221,1,,182.2054375,0.3575,182.2054375,0.36,43.82,11.98,21.44,15.23,-10.93,2025-12-26,21891637.444027144,,1423.47998046875,20260806,50818.23530273438,0.0,,,2024-06-25,0.28
CGGG,Capital Group U.S. Large Growth ETF,NYSE/AMEX,Capital Group,,100865957973.80078,0.39,41700.846136434935,2,186.0,7.11739990234375,0.0171,35.58699951171875,0.09,,2.54,6.15,19.19,-17.8,2026-06-30,965618.951186336,,1423.47998046875,20260806,,,,,,
CGGO,Capital Group Global Growth Equity ETF,NYSE/AMEX,Capital Group,,16354013756528.0,0.47,57907.166039880365,1,,566.5450322265625,0.9784,566.5450322265625,0.98,-7.44,15.73,25.79,20.52,-13.15,2025-12-26,43050997.210543536,,1423.47998046875,20260806,58106.45280273438,1.17,20.65707,,2022-02-22,-0.34
CGGR,Capital Group Growth ETF,NYSE/AMEX,Capital Group,,33972976372930.0,0.39,66682.92142270505,2,186.0,38.43395947265625,0.0576,98.22011865234376,0.15,6.15,5.15,12.15,18.17,-15.21,2026-06-30,135309182.29211187,,1423.47998046875,20260806,66590.39348632813,1.27,22.608142,,2022-02-22,0.14
CGHM,Capital Group Municipal High-Income ETF,NYSE/AMEX,Capital Group,,4588569906459.5,0.34,36248.917919842526,11,31.0,226.3333168945313,0.6244,1396.4338608398436,3.85,5.14,-0.02,3.98,3.24,-2.89,2026-06-29,14221308.868098164,,1423.47998046875,20260806,36170.62630371094,0.0,,,2024-06-25,0.22
CGHY,Capital Group High Yield Bond ETF,NYSE/AMEX,Capital Group,,173164141770.9336,0.39,35850.34254788514,11,31.0,130.960158203125,0.3653,1786.4673754882815,4.98,904.0,-0.67,-0.16,3.58,-3.01,2026-06-29,794578.9967781614,,1423.47998046875,20260806,,,,,,
CGIB,Capital Group International Bond ETF (USD-Hedged),NYSE/AMEX,Capital Group,,431579041928.6406,0.45,36184.86121211853,11,31.0,35.58699951171875,0.0983,486.8301533203126,1.35,-72.53,0.41,0.63,3.9,-2.98,2026-06-29,2251537.8207685538,,1423.47998046875,20260806,,,,,,
CGIC,Capital Group International Core Equity ETF,NYSE/AMEX,Capital Group,,3326022514251.75,0.54,52248.83528957516,4,91.0,492.52407324218746,0.9427,862.6288681640625,1.65,35.87,10.82,25.19,16.72,-11.3,2026-06-30,15436865.490273677,,1423.47998046875,20260806,52028.19328613281,0.0,,,2024-06-25,0.42
CGIE,Capital Group International Equity ETF,NYSE/AMEX,Capital Group,,3394559818389.125,0.54,53814.66109603271,2,186.0,522.4171528320312,0.9708,713.1634702148438,1.33,42.33,7.22,16.18,17.05,-11.94,2026-06-30,16135923.69097025,,1423.47998046875,20260806,53636.7256640625,0.0,,,2023-09-26,0.33
CGMM,Capital Group U.S. Small and Mid Cap ETF,NYSE/AMEX,Capital Group,,4490791180479.5,0.51,47010.428527038544,2,186.0,56.93919921875,0.1211,175.08803759765624,0.37,272.73,13.02,21.46,16.05,-10.09,2026-06-30,28298067.954875443,,1423.47998046875,20260806,46860.96095703125,0.0,,,2025-01-14,0.32
CGMS,Capital Group U.S. Multi-Sector Income ETF,NYSE/AMEX,Capital Group,,7605041416477.25,0.39,38654.59984705504,11,31.0,203.55763720703123,0.5266,2122.408650878906,5.49,-7.28,-1.72,-1.86,3.86,-3.54,2026-06-29,25797740.41061256,,1423.47998046875,20260806,38704.42066894531,0.73,7.67519,,2022-10-25,-0.13
CGMU,Capital Group Municipal Income ETF,NYSE/AMEX,Capital Group,,9155122107851.5,0.27,38597.659344601445,11,31.0,96.796638671875,0.2508,1180.0649038085935,3.06,-9.0,-1.04,1.33,2.5,-3.3,2026-06-29,27275587.704350803,,1423.47998046875,20260806,38547.83787109375,0.79,4.332380000000001,,2022-10-25,0.13
CGNG,Capital Group New Geography Equity ETF,NYSE/AMEX,Capital Group,,3972299006079.375,0.64,52127.83536432497,1,,308.89515576171874,0.5926,308.89515576171874,0.59,223.88,12.4,26.93,21.77,-13.75,2025-12-26,18983837.02324732,,1423.47998046875,20260806,52255.95008300781,0.0,,,2024-06-25,-0.25
CGOV,Corgi 0-3 Month T-Bill ETF,NYSE/AMEX,Corgi Funds,,30643447132.828125,0.05,35665.14744620863,2,31.0,119.572318359375,0.3353,163.70019775390625,0.46,,0.18,,1.15,-0.36,2026-07-31,536961.2035980225,,1423.47998046875,20260806,,,,,,
CGSD,Capital Group Short Duration Income ETF,NYSE/AMEX,Capital Group,,3431610565283.0,0.25,36554.96633284912,11,31.0,123.84275830078124,0.3388,1470.4548198242187,4.02,-12.46,-1.19,-1.08,1.77,-1.91,2026-06-29,11648991.861271346,,1423.47998046875,20260806,36569.20069824219,0.25,5.33003,,2022-10-25,-0.04
CGSM,Capital Group Short Duration Municipal Income ETF,NYSE/AMEX,Capital Group,,2216936194134.875,0.25,37416.171069415286,11,31.0,133.8071181640625,0.3576,1064.7630253906252,2.85,-9.11,-0.32,0.25,1.59,-1.8,2026-06-29,7619422.907812035,,1423.47998046875,20260806,37366.34948730469,0.0,,,,0.13
CGUI,Capital Group Ultra Short Income ETF,NYSE/AMEX,Capital Group,,453088849339.1094,0.18,35999.81000928953,11,31.0,105.33751855468748,0.2926,1248.3919428710935,3.47,-26.61,-0.08,0.04,1.26,-0.57,2026-06-29,2919145.510575405,,1423.47998046875,20260806,,,,,,
CGUS,Capital Group Core Equity ETF,NYSE/AMEX,Capital Group,,16504643720531.0,0.33,65771.89510402828,4,91.0,118.14883837890626,0.1796,528.1110727539063,0.8,-3.13,14.48,21.59,13.26,-9.59,2026-06-30,46288386.53428638,,1423.47998046875,20260806,65537.01830078124,0.95,22.22333,,2022-02-22,0.36
CGV,Conductor Global Equity Value ETF,NYSE/AMEX,IronHorse,,183846174689.0078,1.25,22647.566272052005,4,91.0,244.83855664062497,1.0811,1071.8804252929683,4.73,62.63,7.28,14.11,15.31,-12.13,2026-06-29,283279.0358300684,,1423.47998046875,20260806,,,,,,
CGVV,Capital Group U.S. Large Value ETF,NYSE/AMEX,Capital Group,,198954626790.8281,0.33,45807.58620589599,2,186.0,153.735837890625,0.3356,372.9517548828125,0.81,,18.33,29.71,13.99,-10.11,2026-06-30,1156732.3493785174,,1423.47998046875,20260806,,,,,,
CGW,Invesco S&P Global Water Index ETF,NYSE/AMEX,Invesco,,1495309372450.875,0.58,95045.75351737069,1,,1417.786060546875,1.4917,1417.786060546875,1.49,-18.96,4.97,5.8,13.99,-10.86,2025-12-22,2158006.4340380784,,1423.47998046875,20260806,,,,,,
CGXU,Capital Group International Focus Equity ETF,NYSE/AMEX,Capital Group,,9001369871471.5,0.54,49337.81590584107,2,186.0,586.473751953125,1.1887,2398.563767089844,4.86,333.16,14.62,28.04,22.98,-13.14,2026-06-30,24679669.21050597,,1423.47998046875,20260806,49366.28572265625,1.05,16.65059,,2022-02-22,-0.06
CHAT,Roundhill Generative AI & Technology ETF,NYSE/AMEX,Roundhill Investments,,2528300142472.0,0.75,127543.80407794192,1,,2392.8698471679686,1.8761,2392.8698471679686,1.88,,48.37,70.73,39.76,-28.34,2025-12-29,36344493.645701006,,1423.47998046875,20260806,127080.32116835935,2.03,45.97639,,2023-05-17,0.36
CHAU,Direxion Daily CSI 300 China A Share Bull 2X ETF,NYSE/AMEX,Direxion Funds,,130237372008.2422,1.19,31494.494567871094,4,91.0,175.08803759765624,0.5559,646.2599111328125,2.05,19.47,2.57,37.34,39.54,-19.65,2026-06-23,4234478.556264444,,1423.47998046875,20260806,31541.469407226563,0.94,6.4408995,-8.3164304,,-0.15
CHIQ,Global X MSCI China Consumer Discretionary ETF,NYSE/AMEX,Global X Funds,,184566979399.7578,0.65,25964.4184167888,2,181.0,133.8071181640625,0.5153,405.69179443359377,1.56,-42.77,-16.56,-15.12,23.2,-36.1,2026-06-29,1043167.508708498,,1423.47998046875,20260806,,,,,,
CHPY,YieldMax Semiconductor Portfolio Option Income ETF,NYSE/AMEX,YieldMax ETFs,,1455059280279.9375,1.03,101263.94309696928,53,7.0,753.0209096679688,0.7436,37915.81275976562,37.44,320.26,23.33,34.15,38.99,-31.07,2026-08-05,25379267.278381955,,1423.47998046875,20260806,99359.47202871094,0.0,,,2025-04-02,1.92
CHYG,Corgi 0-5 Year High Yield Corporate Bond ETF,NYSE/AMEX,Corgi Funds,,58971114400.31055,0.15,35635.254496942274,2,31.0,74.020958984375,0.2077,156.5827978515625,0.44,,0.06,,3.03,-0.8,2026-07-31,1122238.3484703412,,1423.47998046875,20260806,,,,,,
CIEI,Corgi 3-7 Year Treasury Bond ETF,NYSE/AMEX,Corgi Funds,,4241056467.649414,0.05,35530.344091887586,2,31.0,159.4297578125,0.4487,206.4045971679688,0.58,,-0.28,,3.52,-1.31,2026-07-31,132880.1526719007,,1423.47998046875,20260806,,,,,,
CLCG,Crossmark Large Cap Growth ETF,NYSE/AMEX,Crossmark Inc,,40213520123.2793,0.5,41457.5729168877,1,,25.6226396484375,0.0618,25.6226396484375,0.06,,8.62,14.42,17.95,-16.38,2025-12-18,152723.38930900543,,1423.47998046875,20260806,,,,,,
CLIP,Global X 1-3 Month T-Bill ETF,NYSE/AMEX,Global X Funds,,3686441996937.875,0.07,142511.6952037476,12,30.0,437.0083540039062,0.3066,5430.576125488281,3.81,-14.88,-0.02,-0.03,1.09,-0.38,2026-08-03,29981554.76078793,,1423.47998046875,20260806,142490.34604492187,0.0,4.6097398,,2023-06-20,0.01
CLOB,VanEck AA-BB CLO ETF,NYSE/AMEX,VanEck,,265698323377.1328,0.45,71480.04743644409,12,30.0,357.29347509765626,0.4999,4455.492338867187,6.23,13.12,-0.97,-0.86,3.04,-3.15,2026-08-03,855333.0017786823,,1423.47998046875,20260806,,,,,,
CLOC,AAM Crescent CLO ETF,NYSE/AMEX,,,86618756811.52344,0.18,35544.29413487855,9,30.5,185.0523974609375,0.5206,1676.859416992187,4.72,,-0.42,,2.04,-1.7,2026-07-31,304689.59945951187,,1423.47998046875,20260806,,,,,,
CLOI,VanEck CLO ETF,NYSE/AMEX,VanEck,,2178809706338.0,0.36,75145.50947218016,12,30.0,306.04819580078123,0.4073,3914.569946289062,5.21,-14.38,-0.09,-0.13,1.68,-1.24,2026-08-03,11518721.944214445,,1423.47998046875,20260806,75145.5081689453,0.03,6.704490000000001,,2022-06-21,0.0
CLOO,NYLI Investment Grade CLO ETF,NYSE/AMEX,,,66106410292.96875,0.25,35793.40476050414,2,32.0,99.64359863281253,0.2784,213.52199707031247,0.6,,0.42,,1.14,-0.36,2026-06-30,325193.36930024624,,1423.47998046875,20260806,,,,,,
CLOX,Eldridge AAA CLO ETF,NYSE/AMEX,Eldridge Capital Management,,460495227065.3281,0.2,36309.70025001746,12,30.0,142.347998046875,0.392,1770.8090957031254,4.88,-12.27,-0.01,-0.01,1.76,-1.11,2026-08-04,3753474.686388031,,1423.47998046875,20260806,36291.62210205078,0.02,6.15165,,,0.05
CLOZ,Eldridge BBB-B CLO ETF,NYSE/AMEX,Eldridge Capital Management,,1130456649264.9375,0.5,37430.406195028685,12,30.0,196.4402373046875,0.5248,2698.91804296875,7.21,-13.82,-0.77,-1.55,3.93,-5.53,2026-08-04,11868429.58236122,,1423.47998046875,20260806,37171.90212197266,0.04,9.05776,,2023-01-23,0.7
CLSE,Convergence Long/Short Equity ETF,NYSE/AMEX,Convergence,,1198474212391.8438,1.52,48156.3303457275,1,,370.104794921875,0.7685,370.104794921875,0.77,22.64,22.66,39.33,13.67,-4.85,2025-12-15,4392204.351069902,,1423.47998046875,20260806,48002.30720537109,0.73,29.941788000000003,18.84902,,0.32
CLUB,Billionaires Club ETF,NYSE/AMEX,,,18277482949.21875,0.75,37094.89109915309,1,,27.04611962890625,0.0729,27.04611962890625,0.07,,1.28,,20.26,-10.83,2026-06-26,284072.726606071,,1423.47998046875,20260806,,,,,,
CMBS,iShares CMBS Bond ETF,NYSE/AMEX,iShares,,674054423026.943,0.25,68937.71319047362,12,30.0,210.67503710937493,0.3056,2486.819525878906,3.61,5.3,-1.47,-0.72,3.87,-3.55,2026-08-03,2520351.7087078323,Fixed Income,1423.47998046875,20260806,,,,,,
CMDT,PIMCO Commodity Strategy Active Exchange-Traded Fund,NYSE/AMEX,PIMCO,,1137639187611.1875,0.65,46013.99145468138,4,91.0,313.165595703125,0.6806,1195.72318359375,2.6,-60.0,17.5,24.66,13.31,-13.23,2026-07-01,3438753.2148342207,,1423.47998046875,20260806,46021.10776855469,0.76,12.0009094,,,-0.02
CMDY,iShares Bloomberg Roll Select Commodity Strategy ETF,NYSE/AMEX,iShares,,792768847653.1349,0.28,83109.87627040409,1,,8947.995157226562,10.7665,8947.995157226562,10.77,212.58,19.59,17.07,20.89,-14.44,2025-12-16,3124812.3719462818,Commodity,1423.47998046875,20260806,83261.63586038574,0.92,11.98349,9.8054506,,-0.18
CMF,iShares California Muni Bond ETF,NYSE/AMEX,iShares,,6548653255908.54,0.08,80689.96464772336,12,30.0,199.28719726562505,0.247,2402.83420703125,2.98,1.5,-1.42,1.95,2.98,-3.49,2026-08-03,27117164.688474223,Fixed Income,1423.47998046875,20260806,80499.72882828125,0.9,3.01924,0.39465,2007-10-04,0.24
CNEQ,Alger Concentrated Equity ETF,NYSE/AMEX,Alger,,1377975174583.0312,0.56,56653.79078760743,1,,256.226396484375,0.4523,256.226396484375,0.45,339.02,15.13,26.63,25.35,-19.74,2025-12-18,5115876.563300175,,1423.47998046875,20260806,56042.406831054686,0.0,,,,1.09
CNRG,State Street SPDR S&P Kensho Clean Power ETF,NYSE/AMEX,SPDR,,303357818637.6953,0.45,132881.85400469974,4,91.0,229.18027685546875,0.1725,1738.0690561523436,1.31,88.43,-0.82,39.39,40.65,-31.66,2026-06-22,1276050.649008428,Equity S&P Kensho Clean Power Index,1423.47998046875,20260806,,,,,,
CNXT,VanEck ChiNext Innovators ETF,NYSE/AMEX,VanEck,,146266166550.5547,0.65,72227.37659824826,1,,112.45491845703124,0.1557,112.45491845703124,0.16,97.5,13.33,61.33,37.12,-24.23,2025-12-22,3424279.151299496,,1423.47998046875,20260806,71757.62581542968,0.91,20.359619,0.95715,,0.65
CNYA,iShares MSCI China A ETF,NYSE/AMEX,iShares,,290095124841.8577,0.6,51245.279296875,2,181.0,139.5010380859375,0.2722,922.41502734375,1.8,-11.96,3.12,18.69,20.39,-10.53,2026-06-15,3183667.3942820635,Equity,1423.47998046875,20260806,51163.51460679688,0.66,8.3642796,-0.6974199999999999,,0.16
COAL,Range Global Coal Index ETF,NYSE/AMEX,Exchange Traded Concepts,,68220278063.96484,0.85,34110.1384889679,1,,854.08798828125,2.5039,854.08798828125,2.5,60.43,2.76,20.48,29.25,-21.69,2025-12-30,1756703.0456503837,,1423.47998046875,20260806,,,,,,
COIA,ProShares Ultra COIN,NYSE/AMEX,ProShares,,1689549741.0180664,0.95,8896.749877929688,3,91.0,86.83227880859374,0.976,670.4590708007813,7.54,,-75.23,,139.61,-92.32,2026-06-24,511645.69998812256,,1423.47998046875,20260806,,,,,,
COIW,Roundhill COIN WeeklyPay ETF,NYSE/AMEX,Roundhill Investments,,43444882312.0625,0.99,10804.21326896362,52,7.0,175.08803759765624,1.6206,24621.93322216797,227.89,47.26,-63.77,-81.58,81.33,-83.94,2026-08-03,3520120.540012276,,1423.47998046875,20260806,10555.958143164064,0.0,,,,2.35
COLO,Global X MSCI Colombia ETF,NYSE/AMEX,Global X Funds,,297146025311.08594,0.62,66924.91041291505,2,181.0,237.72115673828125,0.3552,2841.266041015625,4.25,8.13,33.11,55.17,24.32,-17.79,2026-06-29,5365048.877795854,,1423.47998046875,20260806,66690.03708496095,0.4,37.04311,20.41353,,0.35
COM,Direxion Auspice Broad Commodity Strategy ETF,NYSE/AMEX,Direxion Funds,,290901958846.3594,0.72,48070.91959204711,4,91.0,384.33959472656255,0.7995,1207.1110234375,2.51,-14.94,14.05,22.42,10.16,-8.39,2026-06-23,3210962.148878956,,1423.47998046875,20260806,48052.41370068359,0.45,8.032110000000001,8.17754,,0.04
COMB,GraniteShares Bloomberg Commodity Broad Strategy No K-1 ETF,NYSE/AMEX,Graniteshares,,211700398208.90625,0.25,36213.33146334533,1,,2718.8467626953125,7.5079,2718.8467626953125,7.51,286.64,20.3,22.71,20.46,-14.84,2025-12-29,1450440.8538761444,,1423.47998046875,20260806,,,,,,
CONY,YieldMax COIN Option Income Strategy ETF,NYSE/AMEX,YieldMax ETFs,,464147853919.53125,1.04,25651.109899664298,44,7.0,418.50311425781246,1.6315,43306.53144580079,168.83,-74.97,-55.41,-74.62,59.19,-76.82,2026-07-30,50339206.7047297,,1423.47998046875,20260806,26199.86078051757,0.0,,,2023-08-14,-2.09
COPA,Themes Copper Miners ETF,NYSE/AMEX,Themes ETF Trust,,16385330726.060549,0.35,75289.1368124336,1,,2619.2031640625,3.4789,2619.2031640625,3.48,517.45,21.9,88.06,43.9,-28.05,2025-12-18,225934.4544274076,,1423.47998046875,20260806,,,,,,
COPX,Global X Copper Miners ETF,NYSE/AMEX,Global X Funds,,10448035129451.25,0.65,123864.10963166504,2,181.0,367.2578349609375,0.2965,2747.316362304688,2.22,147.44,19.1,96.56,46.31,-27.82,2026-06-29,272008191.1522915,,1423.47998046875,20260806,123244.89670898438,1.46,31.96739,21.251711,2010-04-19,0.5
COPY,"Tweedy, Browne Insider + Value ETF",NYSE/AMEX,"Tweedy, Browne",,545717720833.6094,0.8,22448.27994360961,1,,175.08803759765624,0.78,175.08803759765624,0.78,,20.66,33.98,13.24,-9.07,2025-12-30,2363104.521639516,,1423.47998046875,20260806,,,,,,
CORB,AB Core Bond ETF,NYSE/AMEX,AllianceBernstein,,1580356311280.125,0.28,41455.294970980845,9,30.0,143.77147802734376,0.3468,1286.82590234375,3.1,,-2.41,,4.33,-4.41,2026-08-03,2926760.9097346435,,1423.47998046875,20260806,,,,,,
CORP,PIMCO Investment Grade Corporate Bond Index Exchange-Traded Fund,NYSE/AMEX,PIMCO,,2237283621956.8125,0.41,135503.3326168023,12,30.0,612.0963916015625,0.4517,6747.2951074218745,4.98,2.6,-2.69,-2.33,4.4,-4.76,2026-08-03,7606463.325718245,,1423.47998046875,20260806,135316.0069433594,1.06,5.3288102,0.36956999,,0.14
COSW,Roundhill COST WeeklyPay ETF,NYSE/AMEX,Roundhill Investments,,15490273560.461426,0.99,56434.14684485085,40,7.0,239.14463671875,0.4238,13027.68878125,23.08,,-5.74,,26.15,-22.52,2026-08-03,440878.54980418406,,1423.47998046875,20260806,,,,,,
COWZ,Pacer US Cash Cows 100 ETF,NYSE/AMEX,Pacer,,26609457009720.0,0.49,96462.1200076416,4,91.0,159.4297578125,0.1653,1762.2682158203124,1.83,40.84,12.12,22.19,11.95,-6.12,2026-06-04,91007612.086267,,1423.47998046875,20260806,96818.70261157228,0.61,12.3908795,11.175279,2016-12-16,-0.37
CPAI,Counterpoint Quantitative Equity ETF,NYSE/AMEX,Counterpoint Funds,,574644428334.3125,0.75,71928.44167543948,1,,509.60583300781246,0.7085,509.60583300781246,0.71,153.9,24.67,40.4,19.9,-10.48,2025-12-12,1725364.6403797043,,1423.47998046875,20260806,,,,,,
CPLB,NYLI MacKay Core Plus Bond ETF,NYSE/AMEX,New York Life Investment Management LLC,,533163675087.1406,0.3,29520.12907303404,11,29.5,136.654078125,0.4629,1498.9244194335936,5.08,-6.9,-2.09,-2.09,3.96,-4.39,2026-06-30,690951.8913040314,,1423.47998046875,20260806,,,,,,
CPXR,USCF Daily Target 2X Copper Index ETF,NYSE/AMEX,USCF Investments,,19272454174.646973,1.22,47992.627758709714,1,,264.7672763671875,0.5517,264.7672763671875,0.55,,27.15,95.63,55.44,-31.64,2025-12-23,1412871.8438032994,,1423.47998046875,20260806,,,,,,
CQQQ,Invesco China Technology ETF,NYSE/AMEX,Invesco,,4343129707464.25,0.65,74248.71556404419,1,,1602.8384580078125,2.1587,1602.8384580078125,2.16,914.41,-3.99,8.8,32.6,-26.05,2025-12-22,71088248.62191682,,1423.47998046875,20260806,73964.01978515626,1.06,7.74058,-5.5067,2009-12-08,0.38
CRAK,VanEck Oil Refiners ETF,NYSE/AMEX,VanEck,,357694509265.59375,0.61,76412.40578597412,1,,1076.150865234375,1.4083,1076.150865234375,1.41,-50.88,41.56,58.39,20.31,-13.59,2025-12-22,4263074.934156197,,1423.47998046875,20260806,76996.0321435547,0.34,22.22102,18.273461,,-0.76
CRBN,iShares Low Carbon Optimized MSCI ACWI ETF,NYSE/AMEX,iShares,,1674694537421.0808,0.2,368980.23357377946,2,181.0,2455.502966308594,0.6655,7268.288780273438,1.97,28.65,11.7,20.8,14.34,-10.08,2026-06-15,2111722.7229228835,Equity,1423.47998046875,20260806,,,,,,
CRCA,ProShares Ultra CRCL,NYSE/AMEX,ProShares,,111795323385.4414,0.95,17416.27707232209,4,91.0,257.6498764648437,1.4794,1249.8154228515627,7.18,,-72.38,,192.44,-95.64,2026-06-24,50838055.08664441,,1423.47998046875,20260806,17139.837748828126,0.0,,,,1.61
CRCO,YieldMax CRCL Option Income Strategy ETF,NYSE/AMEX,YieldMax ETFs,,25780218882.27539,1.01,17579.97830180358,42,7.0,306.04819580078123,1.7409,27907.325017089843,158.74,,-50.54,,85.51,-78.12,2026-07-30,1724961.297979524,,1423.47998046875,20260806,,,,,,
CRDT,Simplify Opportunistic Income ETF,NYSE/AMEX,Simplify Asset Management,,51277962397.22656,0.99,33275.97859051637,12,30.0,142.347998046875,0.4278,1978.637172851563,5.95,-20.57,0.11,-2.93,9.7,-9.35,2026-07-28,434172.9772040226,,1423.47998046875,20260806,,,,,,
CRDX,2x Cardano ETF,NYSE/AMEX,Volatility Shares LLC,,1163686343.1533203,1.85,13594.234084983822,4,28.0,9.964359863281253,0.0733,74.020958984375,0.54,,-55.56,,138.45,-78.0,2026-07-22,133129.6797853925,,1423.47998046875,20260806,,,,,,
CRPT,First Trust SkyBridge Crypto Industry and Digital Economy ETF,NYSE/AMEX,First Trust,,117666392543.92578,0.85,16128.028070108034,1,,160.85323779296874,0.9974,160.85323779296874,1.0,-63.31,-28.02,-47.74,59.64,-55.69,2025-12-12,1412833.556662434,,1423.47998046875,20260806,,,,,,
CRSH,YieldMax Short TSLA Option Income Strategy ETF,NYSE/AMEX,YieldMax ETFs,,24378353021.83008,1.05,32170.64810160827,45,7.0,509.60583300781246,1.5841,24946.48665771485,77.54,-73.72,-13.61,-49.1,36.14,-53.4,2026-07-30,919127.5000979968,,1423.47998046875,20260806,,,,,,
CRTC,Xtrackers US National Critical Technologies ETF,NYSE/AMEX,Xtrackers,,192651844623.8672,0.35,57878.69578865357,4,91.0,66.90355908203125,0.1156,492.52407324218746,0.85,-7.49,10.85,16.38,14.07,-9.26,2026-06-18,481387.5182957288,,1423.47998046875,20260806,,,,,,
CRUX,Columbia Core Bond ETF,NYSE/AMEX,Columbia Threadneedle,,3020618505775.25,0.32,42039.6356098596,5,30.5,169.39411767578125,0.4029,760.1383095703126,1.81,,-2.01,,4.12,-2.91,2026-08-03,14222771.894704018,,1423.47998046875,20260806,42006.894223632815,1.08,5.4108903,-0.042270002,2009-07-15,0.08
CRWU,T-REX 2X Long CRWV Daily Target ETF,NYSE/AMEX,Rex,,38180494627.333984,1.5,5807.798211709596,1,,609.249431640625,10.4902,609.249431640625,10.49,,-33.44,-79.94,196.08,-94.27,2025-12-24,13268255.826174976,,1423.47998046875,20260806,5972.352606054687,0.0,,,2025-07-24,-2.76
CSD,Invesco S&P Spin-Off ETF,NYSE/AMEX,Invesco,,322474744813.15625,0.65,191885.10571130365,1,,224.9098369140625,0.1172,224.9098369140625,0.12,15.33,31.81,57.9,26.0,-12.02,2025-12-22,1010392.6067115206,,1423.47998046875,20260806,,,,,,
CSHI,NEOS Enhanced Income 1-3 Month T-Bill ETF,NYSE/AMEX,Neos Funds,,2193455197198.8125,0.38,70939.12352342531,12,28.0,277.57859619140623,0.3913,3427.73979296875,4.83,-9.75,0.24,0.07,1.58,-0.69,2026-07-15,17920842.67300789,,1423.47998046875,20260806,70922.75480688477,0.0,5.468249699999999,,2022-08-29,0.02
CSHP,iShares Dynamic Short-Term Active ETF,NYSE/AMEX,iShares,,273750783620.4092,0.2,141232.8417102471,12,30.0,300.35427587890626,0.2127,5812.0687602539065,4.12,-20.29,0.2,-0.37,1.81,-0.98,2026-08-03,1513942.1825962143,Fixed Income,1423.47998046875,20260806,,,,,,
CSIO,Cohen & Steers Infrastructure Opportunities Active ETF,NYSE/AMEX,,,66106410292.96875,0.65,40651.74208588805,2,91.0,330.24735546875,0.8124,595.0146318359375,1.46,,13.16,,11.3,-5.86,2026-06-29,365109.378807633,,1423.47998046875,20260806,,,,,,
CSM,ProShares Large Cap Core Plus,NYSE/AMEX,ProShares,,733838457862.0469,0.45,126829.7834267281,4,91.0,324.553435546875,0.2559,1275.4380625,1.01,19.31,11.61,23.82,12.72,-9.65,2026-06-24,601822.42067679,,1423.47998046875,20260806,,,,,,
CSNR,Cohen & Steers Natural Resources Active ETF,NYSE/AMEX,Cohen & Steers,,137841488185.5078,0.5,50953.463294409215,4,91.0,324.553435546875,0.637,953.7315869140624,1.87,55.45,14.21,33.31,17.95,-13.34,2026-06-29,504248.8202133179,,1423.47998046875,20260806,,,,,,
CSPF,Cohen & Steers Preferred and Income Opportunities Active ETF,NYSE/AMEX,Cohen & Steers,,422150684911.125,0.59,37053.1848690277,11,30.5,193.59327734375,0.5225,1799.2786953125003,4.86,97.5,0.08,1.52,4.25,-3.79,2026-06-29,1436749.844757726,,1423.47998046875,20260806,,,,,,
CSRE,Cohen & Steers Real Estate Active ETF,NYSE/AMEX,Cohen & Steers,,732539469746.75,0.7,41423.26797465514,4,91.0,186.47587744140623,0.4502,892.5219477539063,2.15,104.23,13.81,13.41,13.56,-8.6,2026-06-29,2638358.490107632,,1423.47998046875,20260806,,,,,,
CSSD,Cohen & Steers Short Duration Preferred and Income Active ETF,NYSE/AMEX,Cohen & Steers,,81756018238.08398,0.49,35764.934509277344,7,31.0,183.6289174804688,0.5134,1127.39614453125,3.15,,-0.04,,3.41,-2.82,2026-06-29,328528.0207771489,,1423.47998046875,20260806,,,,,,
CSTK,Invesco Comstock Contrarian Equity ETF,NYSE/AMEX,Invesco,,249492903438.8437,0.35,48227.5032587219,4,91.0,192.16979736328128,0.3985,1004.9768662109376,2.08,,15.63,25.18,11.36,-9.35,2026-06-22,259284.7834372045,,1423.47998046875,20260806,,,,,,
CTA,Simplify Managed Futures Strategy ETF,NYSE/AMEX,Simplify Asset Management,,2188865077817.3125,0.75,36583.43658407591,12,30.0,185.0523974609375,0.5058,2078.280771484375,5.68,3.69,-5.38,-4.92,21.87,-21.96,2026-07-28,14249500.93566545,,1423.47998046875,20260806,36407.49337246094,-0.18,6.2030803,,2022-03-07,0.48
CTAP,Simplify US Equity PLUS Managed Futures Strategy ETF,NYSE/AMEX,,,206546945166.01562,0.1,38049.619226312265,2,91.0,427.043994140625,1.1223,711.739990234375,1.87,,4.67,,24.9,-21.39,2026-06-25,2461254.1867669034,,1423.47998046875,20260806,,,,,,
CTEF,Castellan Targeted Equity ETF,NYSE/AMEX,Castellan Group,,924689224511.9062,0.45,129878.31037708744,1,,72.59747900390624,0.0559,72.59747900390624,0.06,,33.86,60.97,23.73,-15.0,2025-12-23,342781.35804529686,,1423.47998046875,20260806,,,,,,
CTIF,Castellan Targeted Income ETF,NYSE/AMEX,Castellan Group,,277804348728.46875,0.45,79098.65516989306,4,91.0,916.721107421875,1.159,3648.3791899414064,4.61,,9.36,9.76,13.13,-10.61,2026-06-29,261303.9668198848,,1423.47998046875,20260806,,,,,,
CURE,Direxion Daily Healthcare Bull 3X ETF,NYSE/AMEX,Direxion Funds,,244476673866.0703,0.94,174732.16760253906,4,91.0,533.8049926757812,0.3055,1792.161295410156,1.03,14.56,8.65,75.08,45.76,-31.32,2026-06-23,9299402.40227396,,1423.47998046875,20260806,174168.46953027343,1.25,9.2175,1.11007,,0.32
CUST,Corgi 1-3 Year Treasury Bond ETF,NYSE/AMEX,Corgi Funds,,13144848301.04248,0.05,35601.37582110707,2,31.0,130.960158203125,0.3679,179.3584775390625,0.5,,-0.04,,1.77,-0.52,2026-07-31,183761.3163408366,,1423.47998046875,20260806,,,,,,
CUT,Invesco MSCI Global Timber ETF,NYSE/AMEX,Invesco,,46963272157.14746,0.76,43656.70841153991,1,,1019.2116660156248,2.3346,1019.2116660156248,2.33,-25.96,4.35,2.5,18.9,-19.63,2025-12-22,153174.43795809802,,1423.47998046875,20260806,,,,,,
CVIE,Calvert International Responsible Index ETF,NYSE/AMEX,Calvert ETFs,,662739891889.7344,0.18,120632.81485452875,4,91.0,1091.8091450195311,0.9051,2799.985121582032,2.32,21.57,17.25,30.67,18.71,-12.77,2026-06-22,1574390.7268315654,,1423.47998046875,20260806,,,,,,
CVLC,Calvert US Large-Cap Core Responsible Index ETF,NYSE/AMEX,Calvert ETFs,,1295411149250.5938,0.15,138049.09328438714,4,91.0,301.77775585937496,0.2186,1231.3101831054687,0.89,12.19,14.63,24.37,13.48,-9.8,2026-06-22,2336144.2903857594,,1423.47998046875,20260806,,,,,,
CVMC,Calvert US Mid-Cap Core Responsible Index ETF,NYSE/AMEX,Calvert ETFs,,145452892580.27344,0.15,110528.37896594778,4,91.0,314.58907568359376,0.2846,1274.0145825195314,1.15,11.04,19.9,26.44,14.41,-9.57,2026-06-22,394154.09644168685,,1423.47998046875,20260806,,,,,,
CVNY,YieldMax CVNA Option Income Strategy ETF,NYSE/AMEX,YieldMax ETFs,,27100872362.875,1.09,29928.66604634095,44,7.0,425.6205141601562,1.4221,32335.77123632813,108.04,27.0,-39.69,-50.28,52.44,-55.36,2026-07-30,1419719.0754316717,,1423.47998046875,20260806,,,,,,
CVRT,Calamos Convertible Equity Alternative ETF,NYSE/AMEX,Calamos,,87489152186.46094,0.69,68227.3958982788,12,30.0,65.4800791015625,0.096,1046.2577856445316,1.53,90.41,22.66,45.42,24.25,-15.84,2026-08-03,339096.07416063285,,1423.47998046875,20260806,,,,,,
CVSB,Calvert Ultra-Short Investment Grade ETF,NYSE/AMEX,Calvert ETFs,,313251938304.8203,0.24,72099.26318280026,11,30.5,236.29767675781247,0.3277,2835.572121093749,3.93,-19.45,-0.2,-0.1,1.45,-0.74,2026-06-30,1149587.1898761764,,1423.47998046875,20260806,,,,,,
CVY,Invesco Zacks Multi-Asset Income ETF,NYSE/AMEX,Invesco,,177575050716.8125,1.21,43302.26111446228,4,91.0,619.2137915039062,1.43,1772.2325756835935,4.09,29.02,12.75,16.91,10.87,-7.7,2026-06-22,122618.6354241694,,1423.47998046875,20260806,,,,,,
CWB,State Street SPDR Bloomberg Convertible Securities ETF,NYSE/AMEX,SPDR,,8236696445786.133,0.4,148355.0853020996,12,30.0,300.35427587890626,0.2025,2233.440089355469,1.51,-1.13,15.1,23.67,16.78,-11.15,2026-08-03,79249606.32299769,Fixed Income Bloomberg U.S. Convertible Liquid Bond Index,1423.47998046875,20260806,148589.54495203614,1.11,16.264519999999997,5.90701,2009-04-14,-0.16
CWEB,Direxion Daily CSI China Internet Index Bull 2X ETF,NYSE/AMEX,Direxion Funds,,363235057760.4531,1.27,35466.14620038867,3,87.0,133.8071181640625,0.3773,2048.387691894531,5.78,22.99,-43.12,-41.95,55.64,-70.56,2026-06-23,15425972.550962169,,1423.47998046875,20260806,36145.0036640625,1.05,-14.46991,-33.58601,2016-11-02,-1.88
CWI,State Street SPDR MSCI ACWI ex-US ETF,NYSE/AMEX,SPDR,,4007921763408.203,0.3,58583.31685854495,2,188.0,674.7295107421875,1.1517,1555.8636186523438,2.66,30.27,12.72,25.47,17.22,-11.47,2026-06-01,10923881.43483117,Equity MSCI ACWI ex USA Index,1423.47998046875,20260806,58258.195768652346,0.97,19.43826,9.65504,,0.56
CWS,AdvisorShares Focused Equity ETF,NYSE/AMEX,AdvisorShares,,186227030365.14062,0.65,103771.69274822997,1,,298.9307958984375,0.2881,298.9307958984375,0.29,-44.74,5.99,6.56,13.53,-11.92,2025-12-22,717648.3700452098,,1423.47998046875,20260806,,,,,,
CWVX,Tradr 2X Long CRWV Daily ETF,NYSE/AMEX,AXS,,96780991779.92969,1.3,25212.677262018435,1,,653.3773110351563,2.5915,653.3773110351563,2.59,,-33.41,-78.13,196.37,-93.96,2025-12-26,69292205.49619968,,1423.47998046875,20260806,25912.46017246094,0.0,,,2025-07-10,-2.7
CXRN,Teucrium 2x Daily Corn ETF,NYSE/AMEX,Teucrium,,5672729998.885742,0.95,23091.12225168385,12,30.0,39.85743945312501,0.1726,563.698072265625,2.44,5.04,-14.49,-6.99,37.87,-32.2,2026-07-27,151235.5405073432,,1423.47998046875,20260806,,,,,,
CZA,Invesco Zacks Mid-Cap ETF,NYSE/AMEX,Invesco,,270497751254.9609,0.69,181005.44057493657,1,,2455.502966308594,1.3566,2455.502966308594,1.36,30.68,14.0,20.06,12.52,-9.21,2025-12-22,241437.0344505766,,1423.47998046875,20260806,,,,,,
DABS,DoubleLine Asset-Backed Securities ETF,NYSE/AMEX,DoubleLine ETF Trust,,213707072243.45312,0.4,71615.27977223508,12,30.0,293.2368759765625,0.4095,3486.1024721679687,4.87,161.37,-1.02,-0.75,2.79,-2.28,2026-08-03,697780.7463459759,,1423.47998046875,20260806,,,,,,
DANA,Dana Limited Volatility ETF,NYSE/AMEX,Dana Investment Advisors Inc,,18670574098.865234,0.35,35615.46976294555,7,30.0,128.1131982421875,0.3597,650.5303510742189,1.83,,-0.93,,2.93,-2.43,2026-06-29,107035.37804205176,,1423.47998046875,20260806,,,,,,
DARP,Grizzle Growth ETF,NYSE/AMEX,Grizzle ETF,,47401570184.01367,0.75,79273.59815745242,1,,279.002076171875,0.3519,279.002076171875,0.35,-68.54,20.09,47.18,27.19,-15.76,2025-12-29,394406.7460628525,,1423.47998046875,20260806,,,,,,
DBA,Invesco DB Agriculture Fund,NYSE/AMEX,Invesco,,1720628807188.4375,0.85,39188.40483973082,1,,1298.2137421875,3.3127,1298.2137421875,3.31,-15.87,7.71,5.93,11.48,-8.85,2025-12-22,20996391.63517751,,1423.47998046875,20260806,39330.75186035157,0.32,12.92015,10.78795,2007-01-05,-0.36
DBAW,Xtrackers MSCI All World ex US Hedged Equity ETF,NYSE/AMEX,Xtrackers,,423160649651.1875,0.4,68569.02805271,2,181.0,27.04611962890625,0.0394,1150.17182421875,1.68,-28.05,15.1,28.38,14.75,-8.99,2026-06-18,786730.143704479,,1423.47998046875,20260806,,,,,,
DBB,Invesco DB Base Metals Fund,NYSE/AMEX,Invesco,,515938246334.0469,0.75,36355.68000440672,1,,854.08798828125,2.3493,854.08798828125,2.35,-33.04,11.0,31.04,19.0,-11.0,2025-12-22,7010075.965911562,,1423.47998046875,20260806,36256.03510253906,0.46,16.450110000000002,7.82765,,0.27
DBC,Invesco DB Commodity Index Tracking Fund,NYSE/AMEX,Invesco,,2430962900267.0625,0.85,40782.70089741517,1,,1059.06910546875,2.5969,1059.06910546875,2.6,-33.33,27.96,31.6,19.84,-16.54,2025-12-22,24890904.40040662,,1423.47998046875,20260806,40569.179443359375,1.06,9.96155,11.27526,2006-02-03,0.53
DBE,Invesco DB Energy Fund,NYSE/AMEX,Invesco,,140498328160.2539,0.75,41238.21405675355,1,,960.8489868164064,2.33,960.8489868164064,2.33,-42.41,66.49,54.92,38.02,-24.74,2025-12-22,1187276.762453535,,1423.47998046875,20260806,,,,,,
DBEF,Xtrackers MSCI EAFE Hedged Equity ETF,NYSE/AMEX,Xtrackers,,13081531216853.0,0.35,79914.1652346924,1,,1780.773455566406,2.2284,1780.773455566406,2.23,-27.1,15.4,26.56,13.04,-9.41,2025-12-19,31549771.79297331,,1423.47998046875,20260806,79376.09067089844,0.59,19.71146,13.805220000000002,2011-06-09,0.68
DBEM,Xtrackers MSCI Emerging Markets Hedged Equity ETF,NYSE/AMEX,Xtrackers,,152318507343.67188,0.66,55302.19506915286,2,181.0,586.473751953125,1.0605,1182.9118637695312,2.14,38.27,18.63,37.47,22.44,-14.9,2026-06-18,353479.6582932795,,1423.47998046875,20260806,,,,,,
DBEU,Xtrackers MSCI Europe Hedged Equity ETF,NYSE/AMEX,Xtrackers,,1097841693747.0,0.45,78604.56625913084,1,,1084.6917451171876,1.3799,1084.6917451171876,1.38,-46.45,13.3,25.1,13.1,-9.8,2025-12-19,2818424.451344646,,1423.47998046875,20260806,,,,,,
DBEZ,Xtrackers MSCI Eurozone Hedged Equity ETF,NYSE/AMEX,Xtrackers,,106820875797.05469,0.45,90744.28572635353,2,181.0,56.93919921875,0.0627,1124.5491845703125,1.24,-56.57,14.05,25.01,15.1,-11.03,2026-06-18,305102.2548108348,,1423.47998046875,20260806,,,,,,
DBJP,Xtrackers MSCI Japan Hedged Equity ETF,NYSE/AMEX,Xtrackers,,978264546943.5312,0.45,162532.9446043335,2,181.0,1987.178052734375,1.2226,2018.4946123046875,1.24,-46.33,19.52,43.41,20.01,-10.39,2026-06-18,2837854.017684693,,1423.47998046875,20260806,,,,,,
DBMF,iMGP DBi Managed Futures Strategy ETF,NYSE/AMEX,iM Global Partner Fund Management,,5920088616156.75,0.85,43949.944396972656,4,91.0,217.7924370117188,0.4955,2250.521849121093,5.12,9.64,9.68,20.42,13.33,-6.1,2026-06-29,36035019.2275321,,1423.47998046875,20260806,43681.3337246582,0.08,9.06225,8.36896,2019-05-07,0.61
DBND,DoubleLine Opportunistic Core Bond ETF,NYSE/AMEX,DoubleLine ETF Trust,,1059148091525.9062,0.45,64069.12646604516,12,30.0,286.1194760742188,0.4466,3101.762877441406,4.84,-3.75,-2.86,-2.47,3.49,-4.53,2026-08-03,3211869.4300270383,,1423.47998046875,20260806,63889.76726738282,0.98,4.681690000000001,,,0.28
DBO,Invesco DB Oil Fund,NYSE/AMEX,Invesco,,365972216169.6172,0.75,27530.10303947144,1,,609.249431640625,2.213,609.249431640625,2.21,-36.12,58.92,44.33,39.31,-27.73,2025-12-22,13904750.708539894,,1423.47998046875,20260806,27145.763227539064,1.86,9.8201,11.6936795,2007-01-05,1.42
DBP,Invesco DB Precious Metals Fund,NYSE/AMEX,Invesco,,294580868834.9219,0.75,139320.3988760747,1,,3564.39387109375,2.5584,3564.39387109375,2.56,-2.19,-5.76,26.91,34.46,-33.3,2025-12-22,1777006.4742592436,,1423.47998046875,20260806,,,,,,
DCMT,DoubleLine Commodity Strategy ETF,NYSE/AMEX,DoubleLine ETF Trust,,56890049301.984375,0.66,46562.74020691775,1,,1363.6938212890625,2.9287,1363.6938212890625,2.93,135.96,25.04,26.34,19.36,-15.96,2025-12-23,160040.01139662846,,1423.47998046875,20260806,,,,,,
DCOR,Dimensional US Core Equity 1 ETF,NYSE/AMEX,Dimensional Fund Advisors,,4753816026247.875,0.14,120976.29325832428,4,91.0,288.9664360351563,0.2389,1088.9621850585938,0.9,5.08,14.87,24.34,12.47,-8.49,2026-06-23,8044931.955437041,,1423.47998046875,20260806,120492.88286274414,0.0,,,,0.4
DCRE,DoubleLine Commercial Real Estate Debt ETF,NYSE/AMEX,DoubleLine ETF Trust,,652310543749.9531,0.39,73351.92165590823,12,30.0,313.165595703125,0.4269,3493.2198720703127,4.76,-7.81,-0.77,-0.71,1.79,-1.73,2026-08-03,1836267.4934873544,,1423.47998046875,20260806,,,,,,
DDLS,WisdomTree Dynamic International SmallCap Equity Fund,NYSE/AMEX,WisdomTree,,598783186899.75,0.48,65109.97669590451,4,91.0,1088.9621850585938,1.6725,2316.0019282226563,3.56,5.58,5.9,12.16,13.4,-10.89,2026-06-25,1099282.183468488,,1423.47998046875,20260806,,,,,,
DDM,ProShares Ultra Dow30,NYSE/AMEX,ProShares,,733026003816.2344,0.95,99729.0039563477,4,91.0,244.83855664062497,0.2455,870.4580080566406,0.87,28.87,21.78,43.01,25.18,-19.55,2026-06-24,20219800.24727196,,1423.47998046875,20260806,100026.94179155272,1.69,27.53269,14.510259,2006-06-19,-0.3
DDV,Defined Duration 5 ETF,NYSE/AMEX,Discipline Funds,,25573666243.189453,0.25,36220.44766861573,3,90.5,149.46539794921875,0.4127,585.0502719726562,1.62,,1.49,,2.84,-2.58,2026-06-29,135259.23639695722,,1423.47998046875,20260806,,,,,,
DDWM,WisdomTree Dynamic International Equity Fund,NYSE/AMEX,WisdomTree,,2106967924386.125,0.4,67786.11514948122,4,91.0,939.4967871093752,1.386,1681.1298569335938,2.48,2.07,8.38,18.08,12.94,-10.56,2026-06-25,5764782.32278222,,1423.47998046875,20260806,67632.38083203125,0.69,18.971701,13.12485,,0.23
DDX,Defined Duration 10 ETF,NYSE/AMEX,,,102277036596.67969,0.25,36014.04241983034,4,91.0,327.4003955078125,0.9091,1192.8762236328123,3.31,17.37,4.29,7.16,5.91,-4.56,2026-06-29,111612.10865355108,,1423.47998046875,20260806,,,,,,
DDXX,Defined Duration 20 ETF,NYSE/AMEX,Discipline Funds,,26157828263.654297,0.25,40590.245691620745,3,90.5,256.226396484375,0.6313,708.8930302734375,1.75,,12.62,,14.05,-9.36,2026-06-29,136826.54333702548,,1423.47998046875,20260806,,,,,,
DECZ,TrueShares Structured Outcome (December) ETF,NYSE/AMEX,TrueShares,,51591139380.76953,0.79,63116.103404475376,1,,1878.9935742187504,2.977,1878.9935742187504,2.98,39.83,10.16,13.2,10.98,-9.0,2025-12-24,349593.55110577284,,1423.47998046875,20260806,,,,,,
DEED,First Trust Securitized Plus ETF,NYSE/AMEX,First Trust,,91340166598.58205,0.66,30071.014587402344,12,30.0,128.1131982421875,0.426,1338.071181640625,4.45,-5.53,-2.19,-0.34,4.21,-4.41,2026-07-21,914515.5222499286,,1423.47998046875,20260806,,,,,,
DEHP,Dimensional Emerging Markets High Profitability ETF,NYSE/AMEX,Dimensional Fund Advisors,,598203181440.8281,0.41,57316.42054475099,4,91.0,269.03771630859376,0.4694,795.7253090820311,1.39,-5.89,21.83,40.89,27.14,-17.6,2026-06-23,1104259.180408797,,1423.47998046875,20260806,,,,,,
DEM,WisdomTree Emerging Markets High Dividend Fund,NYSE/AMEX,WisdomTree,,5541565565611.5,0.63,77759.30442884006,5,88.0,1032.0229858398436,1.3272,3195.712556152344,4.11,-0.44,15.54,19.19,15.43,-7.89,2026-06-25,11779412.520589774,,1423.47998046875,20260806,77336.24385888672,0.71,17.46344,10.29072,2007-07-13,0.55
DES,WisdomTree U.S. SmallCap Dividend Fund,NYSE/AMEX,WisdomTree,,3110909317095.75,0.38,59103.03062445484,12,30.0,64.05659912109375,0.1084,1306.7546220703127,2.21,-2.44,23.53,30.36,15.79,-8.02,2026-07-28,4631817.203949932,,1423.47998046875,20260806,58475.134117675785,0.84,13.72939,8.276459599999999,,1.07
DESK,VanEck Office and Commercial REIT ETF,NYSE/AMEX,VanEck,,18005322117.833008,0.51,59416.05677402951,4,91.0,519.5701928710937,0.8745,2807.102521484375,4.72,18.3,13.3,6.41,20.65,-26.9,2026-07-01,204683.8383918093,,1423.47998046875,20260806,,,,,,
DEUS,Xtrackers Russell US Multifactor ETF,NYSE/AMEX,Xtrackers,,426998898294.84375,0.17,96184.82421341166,4,91.0,350.1760751953125,0.3641,1313.8720219726565,1.37,10.67,15.35,19.26,11.18,-7.08,2026-06-18,1047349.1754572288,,1423.47998046875,20260806,,,,,,
DEW,WisdomTree Global High Dividend Fund,NYSE/AMEX,WisdomTree,,219628862840.6016,0.58,103074.19059868155,4,91.0,1274.0145825195314,1.236,3204.253436035157,3.11,0.85,16.79,24.69,9.75,-6.34,2026-06-25,326849.7785908976,,1423.47998046875,20260806,,,,,,
DEXC,Dimensional Emerging Markets ex China Core Equity ETF,NYSE/AMEX,Dimensional Fund Advisors,,438296273138.875,0.43,109323.40802789108,4,91.0,543.7693525390625,0.4974,1750.8803759765624,1.6,129.48,24.37,40.77,26.36,-18.67,2026-06-23,994119.3461660864,,1423.47998046875,20260806,,,,,,
DFAC,Dimensional U.S. Core Equity 2 ETF,NYSE/AMEX,Dimensional Fund Advisors,,68169718514832.0,0.17,65245.20360155031,4,91.0,153.735837890625,0.2356,573.6624321289063,0.88,5.22,15.19,25.1,12.7,-8.72,2026-06-23,102361602.11145166,,1423.47998046875,20260806,65089.476194921874,0.99,19.62153,12.3191796,2007-10-04,0.24
DFAE,Dimensional Emerging Core Equity Market ETF,NYSE/AMEX,Dimensional Fund Advisors,,13484759138258.0,0.29,55174.08165370487,4,91.0,301.77775585937496,0.547,996.435986328125,1.81,4.63,16.08,31.08,23.5,-14.21,2026-06-23,35632014.87024531,,1423.47998046875,20260806,55311.307513085936,1.1,19.95932,8.97246,2020-12-01,-0.25
DFAI,Dimensional International Core Equity Market ETF,NYSE/AMEX,Dimensional Fund Advisors,,24870027698874.0,0.18,61209.63916015625,4,91.0,673.3060307617187,1.1,1380.7755810546876,2.26,7.42,11.63,23.74,14.89,-10.95,2026-06-23,57905950.70238334,,1423.47998046875,20260806,60981.740015283205,0.9,19.16952,10.4204796,2020-11-17,0.37
DFAR,Dimensional US Real Estate ETF,NYSE/AMEX,Dimensional Fund Advisors,,2534320938948.75,0.19,37750.68973364867,4,91.0,199.28719726562505,0.5279,1003.5533862304688,2.66,6.5,15.61,14.52,13.88,-8.59,2026-06-23,36367851.77307161,,1423.47998046875,20260806,37999.37103461914,0.98,10.91503,,2022-02-23,-0.65
DFAS,Dimensional U.S. Small Cap ETF,NYSE/AMEX,Dimensional Fund Advisors,,21787436750874.5,0.26,119010.0485456176,4,91.0,341.6351953125,0.2871,1130.2431044921875,0.95,23.48,18.77,29.88,16.72,-9.43,2026-06-23,37382966.895053305,,1423.47998046875,20260806,118484.63730629884,1.05,14.789459999999998,9.2200495,1998-12-15,0.44
DFAT,Dimensional U.S. Targeted Value ETF,NYSE/AMEX,Dimensional Fund Advisors,,20601432405317.0,0.28,102960.30959377438,4,91.0,330.24735546875,0.3208,1365.1173012695313,1.33,17.52,20.49,32.98,16.05,-9.55,2026-06-23,22601186.75393549,,1423.47998046875,20260806,102570.70051665038,0.95,15.25635,11.95117,1998-12-11,0.38
DFAU,Dimensional US Core Equity Market ETF,NYSE/AMEX,Dimensional Fund Advisors,,17682597501038.0,0.12,75958.17414090037,4,91.0,170.81759765625,0.2249,669.0355908203124,0.88,0.0,13.61,23.09,12.99,-8.89,2026-06-23,33767062.02380602,,1423.47998046875,20260806,75836.0383074707,1.01,20.684642,12.852061,2020-11-17,0.16
DFAW,Dimensional World Equity ETF,NYSE/AMEX,Dimensional Fund Advisors,,2255485945163.0625,0.24,121408.60883741452,5,87.5,535.22847265625,0.4408,1850.523974609375,1.52,26.95,14.44,24.8,12.99,-9.09,2026-06-23,5689016.799874081,,1423.47998046875,20260806,120839.2155419922,0.0,,,,0.47
DFAX,Dimensional World ex U.S. Core Equity 2 ETF,NYSE/AMEX,Dimensional Fund Advisors,,17082224753901.5,0.28,53551.31534479372,4,91.0,548.0397924804688,1.0234,1221.3458232421876,2.28,1.3,13.31,25.99,16.89,-11.16,2026-06-23,26262544.68358167,,1423.47998046875,20260806,53391.46006342774,0.97,19.91342,10.18358,2008-03-06,0.3
DFCA,Dimensional California Municipal Bond ETF,NYSE/AMEX,Dimensional Fund Advisors,,1006366820390.9062,0.19,70604.60485919192,12,28.0,163.70019775390625,0.2319,1951.591053222656,2.76,-8.11,-1.02,0.67,2.11,-2.61,2026-07-21,2958972.4480070747,,1423.47998046875,20260806,,,,,,
DFCF,Dimensional Core Fixed Income ETF,NYSE/AMEX,Dimensional Fund Advisors,,15633034128558.0,0.17,59401.96011711843,12,28.0,236.29767675781247,0.3978,2607.81532421875,4.39,-4.53,-1.93,-1.67,4.16,-4.18,2026-07-21,43170341.62985084,,1423.47998046875,20260806,59501.03613959961,0.94,4.9011998000000006,,2021-11-15,-0.17
DFE,WisdomTree Europe SmallCap Dividend Fund,NYSE/AMEX,WisdomTree,,235945268666.0078,0.58,108868.60078742728,4,91.0,2249.098369140625,2.0659,4239.123381835937,3.89,-1.97,6.18,9.18,15.38,-11.45,2026-06-25,619764.7112035562,,1423.47998046875,20260806,,,,,,
DFEM,Dimensional Emerging Markets Core Equity 2 ETF,NYSE/AMEX,Dimensional Fund Advisors,,12748423236015.5,0.39,55800.41632040404,4,91.0,333.0943154296875,0.5969,1054.7986655273437,1.89,0.14,15.87,29.29,22.88,-14.31,2026-06-23,29542094.97105389,,1423.47998046875,20260806,55830.59300996094,1.07,19.58302,,2022-04-26,-0.05
DFEN,Direxion Daily Aerospace & Defense Bull 3X ETF,NYSE/AMEX,Direxion Funds,,546748229236.75,0.96,128739.09849727154,4,91.0,29.89307958984375,0.0232,8056.896689453125,6.26,49.3,28.54,54.23,69.02,-41.78,2026-06-23,18067938.79301848,,1423.47998046875,20260806,124392.22157324218,2.68,76.83149,38.00095,2017-05-03,3.49
DFEV,Dimensional Emerging Markets Value ETF,NYSE/AMEX,Dimensional Fund Advisors,,2822757066058.0625,0.43,58583.31685854495,4,91.0,345.90563525390627,0.5905,1224.192783203125,2.09,-6.62,19.67,34.85,21.88,-14.33,2026-06-23,7011954.649285609,,1423.47998046875,20260806,58273.99639643555,1.06,21.562731,,,0.53
DFGR,Dimensional Global Real Estate ETF,NYSE/AMEX,Dimensional Fund Advisors,,5498061102121.375,0.22,42049.59992628172,4,91.0,190.7463173828125,0.4536,1527.3940190429687,3.63,12.83,11.6,10.35,12.54,-9.49,2026-06-23,11648159.713219449,,1423.47998046875,20260806,42334.29461914062,0.99,10.65614,,2022-12-06,-0.67
DFIC,Dimensional International Core Equity 2 ETF,NYSE/AMEX,Dimensional Fund Advisors,,21090815803433.0,0.22,55444.54632528685,4,91.0,654.800791015625,1.181,1286.82590234375,2.32,6.98,11.93,23.95,14.71,-11.0,2026-06-23,42498059.856175184,,1423.47998046875,20260806,55231.0232421875,0.92,19.837691,,2022-03-23,0.39
DFII,FT Vest Bitcoin Strategy & Target Income ETF,NYSE/AMEX,First Trust,,24123567187.085938,0.85,16846.316815440543,12,30.0,253.37943652343748,1.5041,4297.486061035156,25.51,112.01,-33.95,-52.01,42.46,-57.19,2026-08-03,218092.12517771017,,1423.47998046875,20260806,,,,,,
DFIP,Dimensional Inflation-Protected Securities ETF,NYSE/AMEX,Dimensional Fund Advisors,,1601241973964.4375,0.11,57686.52838055417,9,28.0,659.0712309570313,1.1425,3141.6203168945312,5.45,41.47,-2.46,-3.64,3.95,-5.34,2026-07-21,3893411.9876578585,,1423.47998046875,20260806,57633.9997972168,0.74,3.92182,,,0.09
DFIS,Dimensional International Small Cap ETF,NYSE/AMEX,Dimensional Fund Advisors,,8171732395259.25,0.39,52626.05661557615,4,91.0,600.7085517578125,1.1415,1017.7881860351564,1.93,-0.28,11.42,21.85,15.49,-12.44,2026-06-23,20176056.1672114,,1423.47998046875,20260806,52469.47208007812,1.03,19.37941,,2022-03-23,0.3
DFIV,Dimensional International Value ETF,NYSE/AMEX,Dimensional Fund Advisors,,30444435430184.0,0.27,82357.9966469314,4,91.0,1141.6309443359376,1.3862,2103.9034111328124,2.55,0.68,14.52,31.85,14.17,-9.66,2026-06-23,67036136.94027529,,1423.47998046875,20260806,81833.44416118164,0.79,23.97262,16.003220000000002,1999-04-16,0.64
DFJ,WisdomTree Japan SmallCap Fund,NYSE/AMEX,WisdomTree,,546173006670.5625,0.58,159614.8063002564,3,136.5,1893.2283740234377,1.1861,3978.626545410156,2.49,32.84,15.74,23.15,17.75,-13.03,2026-06-25,2731578.2366859163,,1423.47998046875,20260806,,,,,,
DFLV,Dimensional US Large Cap Value ETF,NYSE/AMEX,Dimensional Fund Advisors,,9635040297900.25,0.21,58932.073363464326,4,91.0,204.9811171875,0.3478,790.0313891601563,1.34,1.09,19.55,33.16,11.25,-5.83,2026-06-23,32148131.74820919,,1423.47998046875,20260806,58837.40977270508,0.74,18.715680000000003,,2022-12-06,0.16
DFMC,U.S. Micro Cap Portfolio: ETF Class Shares,NYSE/AMEX,,,,,87899.88879394531,1,,186.47587744140623,0.2121,186.47587744140623,0.21,,25.41,,15.82,-4.29,2026-06-29,2496497.175562005,,1423.47998046875,20260806,,,,,,
DFNL,Davis Select Financial ETF,NYSE/AMEX,Davis ETFs,,682744181321.5,0.61,75003.15821604617,1,,939.4967871093752,1.2526,939.4967871093752,1.25,-20.77,8.33,22.36,14.93,-12.94,2025-12-29,2118880.0632221024,,1423.47998046875,20260806,,,,,,
DFNM,Dimensional National Municipal Bond ETF,NYSE/AMEX,Dimensional Fund Advisors,,3182455197417.125,0.17,68028.10956983641,12,28.0,169.39411767578125,0.249,2017.0711323242188,2.97,0.71,-0.79,0.82,2.1,-2.61,2026-07-21,8132976.640574452,,1423.47998046875,20260806,67944.1229477539,0.58,3.16425,,,0.12
DFSB,Dimensional Global Sustainability Fixed Income ETF,NYSE/AMEX,Dimensional Fund Advisors,,1028779820155.0624,0.24,72711.36000881344,6,28.0,879.7106279296875,1.2099,4082.540583984375,5.61,113.08,-1.26,-2.95,4.56,-5.83,2026-07-21,2106720.0709024253,,1423.47998046875,20260806,,,,,,
DFSD,Dimensional Short-Duration Fixed Income ETF,NYSE/AMEX,Dimensional Fund Advisors,,10136860310358.25,0.16,67501.27688358352,10,28.0,472.59535351562505,0.7001,3091.7985175781246,4.58,6.73,-1.17,-1.58,2.45,-2.72,2026-07-21,23881548.955001343,,1423.47998046875,20260806,67566.61605693359,0.26,5.2405402,,2021-11-15,-0.1
DFSE,Dimensional Emerging Markets Sustainability Core 1 ETF,NYSE/AMEX,Dimensional Fund Advisors,,857368688286.1562,0.41,67885.75831370242,4,91.0,380.0691547851563,0.5599,1296.7902622070312,1.91,13.31,12.48,22.66,22.56,-12.99,2026-06-23,1325549.9477704114,,1423.47998046875,20260806,,,,,,
DFSI,Dimensional International Sustainability Core 1 ETF,NYSE/AMEX,Dimensional Fund Advisors,,1634673938664.125,0.24,67017.44008693844,4,91.0,761.5617895507813,1.1364,1423.47998046875,2.12,10.62,9.12,19.18,15.65,-12.47,2026-06-23,2463797.9219687413,,1423.47998046875,20260806,,,,,,
DFSU,Dimensional US Sustainability Core 1 ETF,NYSE/AMEX,Dimensional Fund Advisors,,3236350108186.125,0.15,69269.38102848269,4,91.0,149.46539794921875,0.2158,556.5806723632812,0.8,-3.22,11.76,21.07,13.39,-10.33,2026-06-23,4321063.338903511,,1423.47998046875,20260806,68983.97507348633,1.03,19.61988,,,0.41
DFSV,Dimensional US Small Cap Value ETF,NYSE/AMEX,Dimensional Fund Advisors,,11687696061065.5,0.3,57643.82028864138,4,91.0,192.16979736328128,0.3334,762.9852695312501,1.32,18.32,21.9,36.07,16.8,-9.39,2026-06-23,39622995.59054507,,1423.47998046875,20260806,57381.75914467773,0.97,15.474479999999998,,2022-02-23,0.46
DFTT,DF Tactical 30 ETF,NYSE/AMEX,,,45380541777.34375,0.7,43669.51812404115,1,,56.93919921875,0.1304,56.93919921875,0.13,,20.89,,26.98,-16.4,2026-07-02,280609.5438642816,,1423.47998046875,20260806,,,,,,
DFUS,Dimensional U.S. Equity Market ETF,NYSE/AMEX,Dimensional Fund Advisors,,29718902123920.0,0.09,119935.30184469,4,91.0,283.27251611328126,0.2362,1002.12990625,0.84,0.43,13.32,22.73,13.35,-9.18,2026-06-23,56028617.821753785,,1423.47998046875,20260806,119747.5487449707,1.02,21.35471,13.0026,2001-09-25,0.16
DFUV,Dimensional US Marketwide Value ETF,NYSE/AMEX,Dimensional Fund Advisors,,21959524684841.0,0.21,80782.48889160156,4,91.0,266.19075634765625,0.3295,1030.5995058593749,1.28,1.4,20.44,34.19,12.01,-6.35,2026-06-23,21659064.00456335,,1423.47998046875,20260806,80613.52181791993,0.79,18.638068,11.85476,1998-12-16,0.21
DFVE,DoubleLine Fortune 500 Equal Weight ETF,NYSE/AMEX,DoubleLine ETF Trust,,52941076691.52734,0.2,52928.83065103367,4,91.0,186.47587744140623,0.3523,708.8930302734375,1.34,5.29,15.57,24.81,12.54,-7.79,2026-07-01,168734.2886815166,,1423.47998046875,20260806,,,,,,
DFVX,Dimensional US Large Cap Vector ETF,NYSE/AMEX,Dimensional Fund Advisors,,750107991338.6562,0.19,122618.5646487549,4,91.0,333.0943154296875,0.2717,1360.846861328125,1.11,9.13,15.35,23.52,11.37,-7.49,2026-06-23,934921.5291010032,,1423.47998046875,20260806,,,,,,
DGIN,VanEck Digital India ETF,NYSE/AMEX,VanEck,,22122811982.29785,0.7,52227.47852854617,1,,1107.4674248046874,2.1205,1107.4674248046874,2.12,,-11.33,-9.36,19.29,-29.87,2025-12-22,166255.41904827894,,1423.47998046875,20260806,,,,,,
DGRO,iShares Core Dividend Growth ETF,NYSE/AMEX,iShares,,61854998165627.86,0.08,112711.14528792724,4,91.0,471.1718735351563,0.418,2103.9034111328124,1.87,4.38,13.44,22.17,9.7,-6.9,2026-06-15,137521814.99018532,Equity,1423.47998046875,20260806,112781.47899935058,0.67,17.58277,11.32718,2014-06-10,-0.06
DGS,WisdomTree Emerging Market SmallCap Fund,NYSE/AMEX,WisdomTree,,2421723626942.3125,0.58,90732.616344342,4,91.0,1195.72318359375,1.3179,3436.2806728515625,3.79,59.34,10.49,13.92,17.89,-10.36,2026-06-25,5278899.062212834,,1423.47998046875,20260806,90771.0479145508,0.92,13.54297,7.596559999999999,,-0.04
DGT,State Street SPDR Global Dow ETF,NYSE/AMEX,SPDR,,888721256206.0547,0.5,272216.47986117005,4,91.0,1829.171774902344,0.672,6604.947109375,2.43,23.08,14.2,25.84,12.48,-8.58,2026-06-22,2611153.276657773,Equity The Global Dow,1423.47998046875,20260806,,,,,,
DHLX,Diamond Hill Large Cap Concentrated ETF,NYSE/AMEX,Diamond Hill Funds,,102643679488.28906,0.55,19729.432040583808,3,90.5,48.3983193359375,0.2453,123.84275830078126,0.63,,4.92,,11.76,-8.41,2026-06-29,606500.3507445757,,1423.47998046875,20260806,,,,,,
DHS,WisdomTree U.S. High Dividend Fund,NYSE/AMEX,WisdomTree,,2231125260374.75,0.38,166319.39570502937,12,30.0,434.1613940429688,0.261,5295.34552734375,3.18,9.09,14.09,20.14,10.51,-6.43,2026-07-28,3117919.719351111,,1423.47998046875,20260806,166095.91456103517,0.46,16.996379,12.107799,,0.13
DIA,State Street SPDR Dow Jones Industrial Average ETF Trust,NYSE/AMEX,SPDR,,67735597365415.04,0.16,771234.311691016,12,28.0,212.0985170898437,0.0275,10222.009739746094,1.33,6.64,12.03,22.59,12.57,-10.06,2026-07-17,2763277354.741658,Equity Dow Jones Industrial Average®,1423.47998046875,20260806,772648.4210306641,0.84,17.58634,11.0603504,1998-01-13,-0.18
DIAL,Columbia Diversified Fixed Income Allocation ETF,NYSE/AMEX,Columbia Threadneedle,,549949760979.0625,0.29,25558.582940713502,12,30.0,115.30187841796877,0.4511,1315.2955019531248,5.15,8.32,-2.14,-1.29,4.47,-3.95,2026-08-03,1643255.729552607,,1423.47998046875,20260806,,,,,,
DIEM,Franklin Emerging Market Core Dividend Tilt Index ETF,NYSE/AMEX,Franklin Templeton Investments,,106637429085.01172,0.19,58903.60311223753,5,85.5,738.7861098632812,1.2542,1752.3038559570316,2.97,19.28,20.85,35.3,23.15,-14.61,2026-06-26,524778.9351725483,,1423.47998046875,20260806,,,,,,
DIG,ProShares Ultra Energy,NYSE/AMEX,ProShares,,117825446503.02344,0.95,81529.81805340573,4,91.0,279.002076171875,0.3422,1261.2032626953123,1.55,-15.05,52.86,74.25,42.44,-30.07,2026-06-24,2650625.592631093,,1423.47998046875,20260806,,,,,,
DIHP,Dimensional International High Profitability ETF,NYSE/AMEX,Dimensional Fund Advisors,,9055729770517.0,0.27,50191.90172206424,4,91.0,408.5387543945312,0.814,943.7672270507812,1.88,4.08,10.17,21.09,14.53,-10.99,2026-06-23,18249725.34241469,,1423.47998046875,20260806,50021.08651367188,0.89,15.52749,,2022-03-23,0.34
DIM,WisdomTree International MidCap Dividend Fund,NYSE/AMEX,WisdomTree,,238537027136.04688,0.58,126482.46048013866,4,91.0,2320.2723681640623,1.8345,3725.247108886719,2.95,1.2,9.58,16.76,13.63,-10.56,2026-06-25,355965.69530605606,,1423.47998046875,20260806,,,,,,
DINT,Davis Select International ETF,NYSE/AMEX,Davis ETFs,,414039582104.0156,0.66,42754.2209961731,1,,676.1529907226562,1.5815,676.1529907226562,1.58,-6.86,2.65,16.29,18.81,-13.09,2025-12-29,474328.3591692191,,1423.47998046875,20260806,,,,,,
DIPS,YieldMax Short NVDA Option Income Strategy ETF,NYSE/AMEX,YieldMax ETFs,,11195321293.791504,1.05,48398.3193359375,45,7.0,435.5848740234375,0.9,34957.82136035156,72.23,-63.71,-32.81,-48.01,30.06,-49.16,2026-07-30,377609.7409710523,,1423.47998046875,20260806,,,,,,
DISV,Dimensional International Small Cap Value ETF,NYSE/AMEX,Dimensional Fund Advisors,,7037226594556.75,0.42,61887.50047455542,4,91.0,856.9349482421875,1.3847,1470.4548198242187,2.38,16.59,13.43,29.09,15.21,-12.69,2026-06-23,13703845.70609317,,1423.47998046875,20260806,61508.569956054685,0.94,23.97047,,2022-03-23,0.62
DIV,Global X Super Dividend ETF,NYSE/AMEX,Global X Funds,,1115681063721.75,0.45,28071.024237417616,12,29.0,150.88887792968748,0.5375,1806.396095214844,6.44,2.01,13.01,13.66,10.64,-6.28,2026-08-05,4820745.456103747,,1423.47998046875,20260806,27942.91201660156,0.39,12.19993,6.6602305,,0.46
DIVB,iShares Core Dividend ETF,NYSE/AMEX,iShares,,2487512397271.8945,0.05,94775.29970607908,4,91.0,472.59535351562505,0.4986,1984.3310927734376,2.09,5.93,24.57,33.48,12.64,-7.41,2026-06-15,7484704.322560588,Equity,1423.47998046875,20260806,95070.85424795408,0.79,22.81969,13.501869999999998,,-0.31
DIVE,Dana Concentrated Dividend ETF,NYSE/AMEX,,,66576158686.52344,0.65,39174.16971411742,3,90.5,48.3983193359375,0.1235,402.8448344726563,1.03,,7.42,,12.99,-11.46,2026-06-29,128534.45095267532,,1423.47998046875,20260806,,,,,,
DIVI,Franklin International Core Dividend Tilt Index ETF,NYSE/AMEX,Franklin Templeton Investments,,3850609824947.125,0.09,63295.037548748776,4,91.0,946.6141870117189,1.4956,2200.700049804688,3.48,35.97,12.88,24.45,15.63,-10.78,2026-06-26,8124898.631540337,,1423.47998046875,20260806,62993.2595756836,0.93,19.399111,14.00803,,0.48
DIVN,Horizon Dividend Income ETF,NYSE/AMEX,Horizon Investments,,284828892184.72656,0.7,42562.05087300111,6,59.0,156.5827978515625,0.3679,1451.949580078125,3.41,,12.07,18.3,10.53,-5.55,2026-06-29,916763.7045384668,,1423.47998046875,20260806,,,,,,
DIVO,Amplify CWP Enhanced Dividend Income ETF,NYSE/AMEX,Amplify ETFs,,10783648799465.25,0.56,68296.7171317637,12,31.0,267.614236328125,0.3918,4249.087741699219,6.22,50.15,7.33,11.71,9.63,-6.7,2026-07-30,36417444.25377391,,1423.47998046875,20260806,68192.94724833984,0.54,16.027459999999998,11.30758,2016-12-13,0.15
DIVP,Cullen Enhanced Equity Income ETF,NYSE/AMEX,"Cullen Capital Management, LLC",,80797697351.71289,0.55,39017.58604744263,12,31.0,186.47587744140623,0.4779,2273.2975288085936,5.83,-12.4,7.2,9.29,10.64,-6.7,2026-07-30,270818.9569985743,,1423.47998046875,20260806,,,,,,
DIVZ,Polen Dividend Income ETF,NYSE/AMEX,Polen Capital,,424243678771.6875,0.65,54490.81191469729,11,29.5,145.1949580078125,0.2665,1275.4380625,2.34,-9.77,4.62,7.45,9.95,-6.21,2026-06-29,1114313.7391663203,,1423.47998046875,20260806,,,,,,
DJD,Invesco Dow Jones Industrial Average Dividend ETF,NYSE/AMEX,Invesco,,691877684389.7812,0.07,93565.3438947387,4,91.0,583.6267919921875,0.6238,2230.5931293945314,2.38,7.99,14.81,23.21,10.58,-6.26,2026-06-22,2265831.941621849,,1423.47998046875,20260806,,,,,,
DJIA,Global X Dow 30 Covered Call ETF,NYSE/AMEX,Global X Funds,,262077719128.5703,0.6,32469.86267689429,13,28.0,177.93499755859375,0.548,3343.7544741210936,10.3,-13.96,3.26,6.0,8.31,-8.75,2026-07-20,1391788.1563865235,,1423.47998046875,20260806,,,,,,
DLN,WisdomTree U.S. LargeCap Dividend Fund,NYSE/AMEX,WisdomTree,,8904661784642.25,0.28,142917.39221112058,12,30.0,149.46539794921875,0.1046,2455.502966308594,1.72,6.94,13.34,20.31,9.05,-6.43,2026-07-28,15537152.72105186,,1423.47998046875,20260806,142797.81772070314,0.68,18.52684,12.73721,2006-06-16,0.08
DLS,WisdomTree International SmallCap Fund,NYSE/AMEX,WisdomTree,,1498616765552.375,0.58,125145.243786145,4,91.0,2042.6937719726564,1.6323,4303.179980957031,3.44,0.5,8.02,14.06,14.14,-11.22,2026-06-25,2458762.329130287,,1423.47998046875,20260806,,,,,,
DLUX,DoubleLine Ultrashort Income ETF,NYSE/AMEX,,,294589181958.0078,0.18,71551.22034943849,4,31.0,256.226396484375,0.3581,831.3123085937501,1.16,,0.41,,1.3,-0.42,2026-08-03,2337048.4142882605,,1423.47998046875,20260806,,,,,,
DMAX,iShares Large Cap Max Buffer Dec ETF,NYSE/AMEX,iShares,,198051470081.0793,0.5,39273.38661194127,1,,448.39619384765626,1.1417,448.39619384765626,1.14,,3.41,5.93,2.53,-1.85,2025-12-23,778883.344243137,Equity,1423.47998046875,20260806,,,,,,
DMBS,DoubleLine Mortgage ETF,NYSE/AMEX,DoubleLine ETF Trust,,993381038860.2812,0.39,68825.25488360599,12,30.0,321.7064755859375,0.4674,3607.098270507812,5.24,2.05,-2.44,-1.68,4.47,-4.67,2026-08-03,3740463.500996533,,1423.47998046875,20260806,68631.80612631836,1.1,4.7653798,,,0.28
DMX,DoubleLine Multi-Sector Income ETF,NYSE/AMEX,DoubleLine ETF Trust,,143649400384.21875,0.5,71137.557319073,12,30.0,337.36475537109374,0.4742,4157.985022949219,5.84,49.03,-1.09,-0.62,2.84,-1.84,2026-08-03,498048.3822692324,,1423.47998046875,20260806,,,,,,
DNL,WisdomTree Global ex-U.S. Quality Growth Fund,NYSE/AMEX,WisdomTree,,687487945438.1719,0.42,65665.13301946409,4,91.0,241.99159667968752,0.3685,845.5471083984377,1.29,-27.74,9.94,19.41,19.18,-12.45,2026-06-25,1660637.4381991078,,1423.47998046875,20260806,,,,,,
DOG,ProShares Short Dow30,NYSE/AMEX,ProShares,,142528472532.71875,0.95,29835.99790361524,4,91.0,232.02723681640623,0.7777,1041.987345703125,3.49,-38.59,-10.24,-18.0,12.77,-18.7,2026-06-24,79844394.80673434,,1423.47998046875,20260806,29771.656747509765,-0.81,-9.42294,-6.2408600000000005,2006-06-19,0.22
DOGG,FT Vest DJIA Dogs 10 Target Income ETF,NYSE/AMEX,First Trust,,126406696278.08205,0.75,31302.3244446991,12,30.0,230.6037568359375,0.7367,2693.224123046875,8.6,3.16,6.23,11.41,11.44,-9.67,2026-07-21,528207.6614805883,,1423.47998046875,20260806,,,,,,
DOL,WisdomTree True Developed International Fund,NYSE/AMEX,WisdomTree,,1187242431505.3125,0.48,108953.15900831296,4,91.0,1423.47998046875,1.3065,2633.437963867188,2.42,3.12,14.68,27.46,15.99,-11.6,2026-06-25,1426923.8907644567,,1423.47998046875,20260806,,,,,,
DON,WisdomTree U.S. MidCap Dividend Fund,NYSE/AMEX,WisdomTree,,5737043576000.75,0.38,83287.81126796268,13,30.0,135.23059814453126,0.1624,1881.840534179688,2.26,10.07,12.3,15.45,12.77,-9.06,2026-07-28,7351271.504595707,,1423.47998046875,20260806,82577.49714697266,0.8,12.642310000000002,9.23765,,0.86
DPST,Direxion Daily Regional Banks Bull 3X ETF,NYSE/AMEX,Direxion Funds,,618374462156.0625,0.92,219963.2352937013,4,91.0,955.1550668945312,0.4342,3106.033317382813,1.41,21.63,50.24,83.04,67.96,-40.44,2026-06-23,64070394.14880152,,1423.47998046875,20260806,217859.3405708008,3.26,23.139311000000003,-15.06007,2015-08-19,0.97
DRAI,Draco Evolution AI ETF,NYSE/AMEX,Draco Capital Partners,,29584918949.75196,1.34,47942.80617659912,4,91.0,196.4402373046875,0.4097,812.8070688476563,1.7,7.53,11.05,21.02,14.81,-8.96,2026-06-29,151966.39073558062,,1423.47998046875,20260806,,,,,,
DRAY,YieldMax DKNG Option Income Strategy ETF,NYSE/AMEX,YieldMax ETFs,,5724383816.937012,1.03,18932.284011741634,44,7.0,207.8280771484375,1.0977,23971.40287109375,126.62,,-57.8,-74.52,43.83,-75.11,2026-07-30,445231.9477917607,,1423.47998046875,20260806,,,,,,
DRES,GMO Domestic Resilience ETF,NYSE/AMEX,,,53323560068.359375,0.5,45209.72450549621,3,91.0,96.796638671875,0.2141,230.6037568359375,0.51,,21.52,,18.11,-10.41,2026-06-30,217811.02953900085,,1423.47998046875,20260806,,,,,,
DRGN,Themes China Generative Artificial Intelligence ETF,NYSE/AMEX,"Themes Management Company, LLC",,38186755092.288086,0.39,53024.62927246094,1,,563.698072265625,1.0631,563.698072265625,1.06,,10.63,34.59,36.91,-21.84,2025-12-18,694067.6858320807,,1423.47998046875,20260806,,,,,,
DRIP,Direxion Daily S&P Oil & Gas Exp. & Prod. Bear 2X ETF,NYSE/AMEX,Direxion Funds,,142783639860.09766,1.01,64625.993285339326,4,91.0,526.6875927734375,0.815,2220.62876953125,3.44,-52.0,-47.58,-54.87,57.63,-62.81,2026-06-23,90841057.3347308,,1423.47998046875,20260806,65088.6221069336,0.05,-22.053841,-44.00235,2015-05-28,-0.71
DRKY,VistaShares Target 15 DRUKMacro Distribution ETF,NYSE/AMEX,VistaShares Advisors LLC,,23852902433.159668,0.95,29124.39909715578,10,28.0,355.8699951171875,1.2219,3668.3079096679694,12.6,,-6.06,,21.15,-18.53,2026-07-27,317326.5619493631,,1423.47998046875,20260806,,,,,,
DRLL,Strive U.S. Energy ETF,NYSE/AMEX,Strive AM,,423122158752.5156,0.41,52797.01387656666,4,91.0,298.9307958984375,0.5662,1218.49886328125,2.31,4.01,27.72,36.31,23.4,-17.94,2026-06-29,855618.4039306641,,1423.47998046875,20260806,,,,,,
DRMP,Tuttle Capital Memory Stack Income Blast ETF,NYSE/AMEX,"Tuttle Capital Management, LLC",,8868560703.876465,0.95,30519.411541470326,5,7.5,227.756796875,0.7463,1366.54078125,4.48,,-22.71,,106.62,-46.85,2026-07-17,752151.8270475436,,1423.47998046875,20260806,,,,,,
DRN,Direxion Daily Real Estate Bull 3X ETF,NYSE/AMEX,Direxion Funds,,64101694966.875,0.98,15601.340640238952,4,91.0,81.13835888671875,0.5201,288.9664360351563,1.85,-16.12,28.64,16.72,41.84,-24.72,2026-06-23,8161809.565001298,,1423.47998046875,20260806,15541.554426757812,2.69,9.53302,-12.39234,,0.38
DRSK,Aptus Defined Risk ETF,NYSE/AMEX,APTUS ETFs,,2155946021424.1875,0.78,41295.15455920715,4,91.0,390.0335146484375,0.9445,1511.7357392578122,3.66,6.84,2.08,1.61,8.3,-8.62,2026-06-29,4062753.879671439,,1423.47998046875,20260806,41117.36158383789,1.22,8.8068105,2.78215,,0.43
DRV,Direxion Daily Real Estate Bear 3X ETF,NYSE/AMEX,Direxion Funds,,36472580571.08789,1.06,25836.161102493294,4,91.0,234.87419677734377,0.9091,999.2829462890626,3.87,-32.44,-31.56,-28.09,42.28,-38.91,2026-06-23,2927671.50708504,,1423.47998046875,20260806,,,,,,
DSCO,DoubleLine Securitized Credit ETF,NYSE/AMEX,DoubleLine,,347524894976.96875,0.5,35245.36464221496,6,30.0,156.5827978515625,0.4443,956.578546875,2.71,,-1.12,,2.97,-2.57,2026-08-03,1375415.7684102908,,1423.47998046875,20260806,,,,,,
DSI,iShares ESG MSCI KLD 400 ETF,NYSE/AMEX,iShares,,7844130377064.804,0.25,209080.74648183584,4,91.0,401.42135449218745,0.192,1757.9977758789064,0.84,2.24,13.94,22.66,14.5,-11.27,2026-06-15,17629403.1581934,Equity,1423.47998046875,20260806,208620.48574916503,1.11,21.176201,12.60586,2006-11-14,0.22
DSMC,Distillate Small/Mid Cash Flow ETF,NYSE/AMEX,Distillate Capital Partners,,195589611219.71875,0.55,61736.46641626395,4,91.0,175.08803759765624,0.2836,661.9181909179687,1.07,5.92,21.35,28.49,16.66,-10.54,2026-06-25,318651.4299872653,,1423.47998046875,20260806,,,,,,
DSPY,Tema S&P 500 Historical Weight ETF Strategy,NYSE/AMEX,Tema ETFs,,1381212236385.6562,0.18,95472.80185562743,4,91.0,244.83855664062497,0.2564,698.9286704101562,0.73,199.39,14.8,23.6,11.98,-7.66,2026-06-24,1169289.9287033994,,1423.47998046875,20260806,,,,,,
DSTL,Distillate U.S. Fundamental Stability & Value ETF,NYSE/AMEX,Distillate Capital Partners,,2810898042952.937,0.39,94134.7271986939,4,91.0,251.95595654296875,0.2677,1050.5282255859374,1.12,-5.14,12.18,20.28,13.36,-8.6,2026-06-25,5376072.398168921,,1423.47998046875,20260806,94801.7738272461,0.67,14.48388,10.91139,,-0.7
DSTX,Distillate International Fundamental Stability & Value ETF,NYSE/AMEX,Distillate Capital Partners,,92345929225.7422,0.55,50554.890637524426,4,91.0,549.4632724609376,1.0869,1436.2913002929686,2.84,68.45,11.28,26.07,16.49,-12.48,2026-06-25,196262.5729773776,,1423.47998046875,20260806,,,,,,
DTD,WisdomTree U.S. Total Dividend Fund,NYSE/AMEX,WisdomTree,,2352383525647.3125,0.28,138091.79594615474,12,30.0,156.5827978515625,0.1134,2474.008206054688,1.79,6.5,13.57,20.08,9.37,-6.63,2026-07-28,2351771.783858828,,1423.47998046875,20260806,,,,,,
DTEC,ALPS Disruptive Technologies ETF,NYSE/AMEX,ALPS,,102875262599.35156,0.5,73024.52191201784,1,,25.6226396484375,0.0351,25.6226396484375,0.04,-91.09,5.92,5.58,19.35,-20.34,2025-12-18,205266.94808906768,,1423.47998046875,20260806,,,,,,
DTH,WisdomTree International High Dividend Fund,NYSE/AMEX,WisdomTree,,929785055085.1876,0.58,82775.36303631589,4,91.0,1736.645576171875,2.098,3107.456797363281,3.75,13.58,11.96,22.06,13.16,-9.14,2026-06-25,2466778.6524231746,,1423.47998046875,20260806,,,,,,
DUBS,Aptus Large Cap Enhanced Yield ETF,NYSE/AMEX,APTUS ETFs,,565971267303.875,0.41,61309.28232437745,4,91.0,321.7064755859375,0.5247,1187.1823037109375,1.94,1.09,14.34,24.4,13.86,-8.81,2026-06-29,953448.017423774,,1423.47998046875,20260806,,,,,,
DUG,ProShares UltraShort Energy,NYSE/AMEX,ProShares,,29285646518.658203,0.95,25651.109899664298,4,91.0,176.511517578125,0.6881,1097.503064941406,4.28,-54.59,-42.24,-52.21,42.37,-57.93,2026-06-24,1904781.6893297927,,1423.47998046875,20260806,,,,,,
DUHP,Dimensional US High Profitability ETF,NYSE/AMEX,Dimensional Fund Advisors,,17480990828553.0,0.2,60426.72625692748,4,91.0,135.23059814453126,0.2238,542.3458725585938,0.9,-4.27,11.51,16.97,11.98,-9.22,2026-06-23,45464967.28273197,,1423.47998046875,20260806,60380.319723535154,0.89,18.05163,,2022-02-23,0.08
DUKZ,Ocean Park Diversified Income ETF,NYSE/AMEX,Ocean Park Asset Management ETF,,72025331154.47656,1.03,35914.39925560914,12,30.0,108.184478515625,0.3012,1396.4338608398436,3.89,-11.22,-0.47,0.84,4.84,-4.07,2026-08-05,268354.563903915,,1423.47998046875,20260806,,,,,,
DURA,VanEck Durable High Dividend ETF,NYSE/AMEX,VanEck,,54872909842.62109,0.3,54888.39085501246,4,91.0,384.33959472656255,0.7002,1722.4107763671875,3.14,-0.17,13.68,17.17,14.94,-9.13,2026-07-01,101556.8667186114,,1423.47998046875,20260806,,,,,,
DUSA,Davis Select U.S. Equity ETF,NYSE/AMEX,Davis ETFs,,1809747855340.375,0.59,81956.86096151732,1,,697.5051904296874,0.8511,697.5051904296874,0.85,36.49,12.34,25.74,12.54,-7.59,2025-12-29,2675978.7986990786,,1423.47998046875,20260806,,,,,,
DUSB,Dimensional Ultrashort Fixed Income ETF,NYSE/AMEX,Dimensional Fund Advisors,,3158821694529.875,0.15,72334.13325266726,12,28.0,239.14463671875,0.3306,2906.746120117188,4.02,-15.52,0.27,0.09,1.28,-0.65,2026-07-21,13463544.87690706,,1423.47998046875,20260806,72307.23143588868,0.0,,,2023-09-26,0.04
DUSL,Direxion Daily Industrials Bull 3X ETF,NYSE/AMEX,Direxion Funds,,80375276820.54883,0.97,150226.9649517089,5,84.5,126.68971826171874,0.0843,10834.106131347657,7.21,108.06,48.14,47.02,51.62,-33.77,2026-06-23,1505285.081601937,,1423.47998046875,20260806,,,,,,
DUST,Direxion Daily Gold Miners Index Bear 2X ETF,NYSE/AMEX,Direxion Funds,,100669483572.97656,0.94,69223.83297063597,4,91.0,454.0901137695313,0.656,3938.769105957032,5.69,-83.95,-34.9,-75.62,97.36,-82.71,2026-06-23,154229153.02518803,,1423.47998046875,20260806,69491.44568652344,-0.93,-64.491725,-50.291467,2010-12-08,-0.39
DVYA,iShares Asia / Pacific Dividend 30 Index Fund Exchange Traded Fund,NYSE/AMEX,iShares,,102171909710.4577,0.49,72767.87152979709,4,90.0,1199.9936235351563,1.6491,3187.171676269531,4.38,3.51,13.93,25.69,13.6,-9.31,2026-06-15,399207.058383972,Equity,1423.47998046875,20260806,,,,,,
DVYE,iShares Emerging Markets Dividend Index Fund Exchange Traded Fund,NYSE/AMEX,iShares,,1732510325362.6414,0.5,48853.832495275885,4,90.0,814.2305488281249,1.6667,2344.471527832032,4.8,-46.77,8.57,17.78,15.15,-10.76,2026-06-15,6361430.621670514,Equity,1423.47998046875,20260806,48791.69802854004,0.52,20.598641,6.1863597,,0.13
DWLD,Davis Select Worldwide ETF,NYSE/AMEX,Davis ETFs,,870195586675.2812,0.62,68486.75592294894,1,,1036.29342578125,1.5131,1036.29342578125,1.51,37.88,1.78,15.23,15.15,-11.27,2025-12-29,1014047.7001554938,,1423.47998046875,20260806,,,,,,
DWM,WisdomTree International Equity Fund,NYSE/AMEX,WisdomTree,,969081575098.9688,0.48,108924.68332694098,4,91.0,1537.3583789062502,1.4114,2883.970440429688,2.65,0.95,10.32,18.89,14.58,-10.92,2026-06-25,1030590.6463533076,,1423.47998046875,20260806,,,,,,
DWMF,WisdomTree International Multifactor Fund,NYSE/AMEX,WisdomTree,,48404673750.57031,0.4,48651.27178928442,4,91.0,811.3835888671874,1.6678,1488.9600595703123,3.06,15.2,4.07,8.09,12.42,-8.77,2026-06-25,111583.19539262383,,1423.47998046875,20260806,,,,,,
DWWN,Principal Long Duration ETF,NYSE/AMEX,Principal Funds,,15528540972.776367,0.19,34903.72977271117,1,,177.93499755859375,0.5098,177.93499755859375,0.51,,-2.23,,14.07,-10.23,2026-07-01,197268.6533304361,,1423.47998046875,20260806,,,,,,
DWX,State Street SPDR S&P International Dividend ETF,NYSE/AMEX,SPDR,,751611664487.3047,0.45,68156.2229852844,4,91.0,952.3081069335938,1.3972,2795.7146816406253,4.1,20.56,8.69,13.38,11.3,-8.59,2026-06-22,1011655.0630466872,Equity S&P International Dividend Opportunities Index,1423.47998046875,20260806,,,,,,
DXD,ProShares UltraShort Dow30,NYSE/AMEX,ProShares,,57602102457.81445,0.95,22846.8526004944,4,91.0,206.4045971679688,0.9034,980.7777065429688,4.29,-47.72,-20.78,-33.92,25.38,-34.88,2026-06-24,37830092.17661693,,1423.47998046875,20260806,22752.049919824218,-1.61,-22.585149,-16.44144,2006-07-11,0.42
DXIV,Dimensional International Vector Equity ETF,NYSE/AMEX,Dimensional Fund Advisors,,289888873838.1797,0.3,105067.05388310552,4,91.0,1154.4422641601564,1.0988,2421.339446777344,2.3,42.22,12.62,25.43,14.29,-10.84,2026-06-23,810847.8493883354,,1423.47998046875,20260806,,,,,,
DXJ,WisdomTree Japan Hedged Equity Fund,NYSE/AMEX,WisdomTree,,10255158283887.75,0.48,253642.7768445313,3,136.5,1644.1193774414062,0.6482,2391.4463671875,0.94,-61.45,22.89,47.64,18.26,-10.98,2026-06-25,69116217.73371759,,1423.47998046875,20260806,251235.6756728516,0.48,31.61217,27.43271,2006-06-16,0.96
DXUV,Dimensional US Vector Equity ETF,NYSE/AMEX,Dimensional Fund Advisors,,783587147246.6562,0.25,99668.65332271533,4,91.0,240.5681166992188,0.2414,938.0733071289064,0.94,46.12,16.48,26.41,12.9,-8.74,2026-06-23,1761429.4173648425,,1423.47998046875,20260806,,,,,,
DYLD,LeaderShares Dynamic Yield ETF,NYSE/AMEX,"Redwood Investment Management, LLC",,57043563076.99805,0.75,31722.251147540286,11,30.5,88.2557587890625,0.2782,1261.2032626953126,3.98,-12.36,-1.44,-1.48,2.71,-2.67,2026-07-24,123856.15709312409,,1423.47998046875,20260806,,,,,,
DYNF,iShares U.S. Equity Factor Rotation Active ETF,NYSE/AMEX,iShares,,56833235812958.84,0.26,99337.5556499511,4,91.0,176.511517578125,0.1777,767.2557094726563,0.77,-8.18,14.61,24.57,13.78,-8.91,2026-06-15,211309347.7800088,Equity,1423.47998046875,20260806,98956.57025503906,1.04,25.10649,15.3546,2019-03-19,0.39
EAGG,iShares ESG Aware U.S. Aggregate Bond ETF,NYSE/AMEX,iShares,,7096836920108.496,0.1,66497.86750480346,12,30.0,230.6037568359375,0.3468,2697.4945629882814,4.06,2.65,-2.33,-1.74,3.91,-4.1,2026-08-03,16532405.207663396,Fixed Income,1423.47998046875,20260806,66574.45051054687,1.0,4.102759799999999,-0.36008,2018-10-18,-0.12
EAGL,Eagle Capital Select Equity ETF,NYSE/AMEX,"Eagle Capital Management, LLC",,6398875674849.5,0.8,48825.36224404909,1,,253.37943652343748,0.519,253.37943652343748,0.52,119.75,4.96,15.6,14.04,-13.54,2025-12-30,8617943.550200444,,1423.47998046875,20260806,49137.10544580078,0.0,,,,-0.63
EAOR,iShares ESG Aware 60/40 Balanced Allocation ETF,NYSE/AMEX,iShares,,47365689620.22558,0.18,54147.18689698167,4,91.0,374.37523486328126,0.6914,1265.4737026367188,2.34,8.68,7.32,13.24,9.46,-6.62,2026-07-02,105815.68272241844,Multi Asset,1423.47998046875,20260806,,,,,,
EASG,Xtrackers MSCI EAFE Selection Equity ETF,NYSE/AMEX,Xtrackers,,96261045788.34377,0.14,55587.60350029543,2,181.0,797.1487890625001,1.434,2099.6329711914063,3.78,64.25,10.0,18.19,16.27,-11.74,2026-06-18,123668.10249979088,,1423.47998046875,20260806,,,,,,
EBND,State Street SPDR Bloomberg Emerging Markets Local Bond ETF,NYSE/AMEX,SPDR,,3218189305043.9453,0.3,29985.606548794545,12,30.0,152.31235791015624,0.508,1753.7273359375004,5.85,8.07,-1.52,-0.5,7.32,-7.02,2026-08-03,7973999.684373164,Fixed Income Bloomberg EM Local Currency Government Diversified Index,1423.47998046875,20260806,29939.228810810542,1.2,5.88194,1.08236,,0.15
ECH,iShares MSCI Chile ETF,NYSE/AMEX,iShares,,1499721698670.3616,0.59,59202.53260490112,3,90.5,918.1445874023436,1.5509,1118.8552646484377,1.89,3.97,3.02,38.22,25.75,-19.74,2026-06-15,28605877.95202205,Equity,1423.47998046875,20260806,58241.62646167969,1.03,14.05976,13.69814,2007-11-12,1.65
ECML,Euclidean Fundamental Value ETF,NYSE/AMEX,"Euclidean Technologies Management, LLC",,178469770517.65625,0.95,57722.112121978775,1,,653.3773110351563,1.1319,653.3773110351563,1.13,48.54,19.84,29.1,14.14,-7.01,2025-12-23,208865.8062369966,,1423.47998046875,20260806,,,,,,
ECNS,iShares MSCI China Small-Cap ETF,NYSE/AMEX,iShares,,94209184961.87968,0.59,41501.55980799254,2,181.0,646.2599111328125,1.5572,2703.1884829101564,6.51,16.65,-12.66,-18.74,21.18,-29.9,2026-06-15,1087281.6422334649,Equity,1423.47998046875,20260806,,,,,,
ECON,Columbia Research Enhanced Emerging Economies ETF,NYSE/AMEX,Columbia Threadneedle,,472816004300.4375,0.47,48070.91959204711,1,,688.964310546875,1.4332,688.964310546875,1.43,208.28,20.74,37.05,25.78,-16.12,2025-12-18,1274214.7289561846,,1423.47998046875,20260806,,,,,,
EDC,Direxion Emerging Markets Bull 3X ETF,NYSE/AMEX,Direxion Funds,,213987850822.64062,1.09,106013.66937335208,4,91.0,565.1215522460938,0.5331,1524.5470590820314,1.44,1.32,26.25,83.35,73.76,-40.3,2026-06-23,8593118.666909024,,1423.47998046875,20260806,104409.40960742188,2.59,35.51893,-1.5433,,1.54
EDEN,iShares MSCI Denmark ETF,NYSE/AMEX,iShares,,286460757349.70374,0.53,158903.06631002203,2,181.0,2691.8006430664063,1.694,4905.312012695312,3.09,73.08,-3.58,6.67,19.71,-21.17,2026-06-15,801166.673359054,Equity,1423.47998046875,20260806,,,,,,
EDGF,3EDGE Dynamic Fixed Income ETF,NYSE/AMEX,3EDGE Asset Management LP,,707527856032.9688,0.79,35103.01610115357,4,91.0,318.85951562500003,0.9084,1131.6665844726565,3.22,64.6,0.12,-0.74,2.53,-2.15,2026-06-29,3203902.2787559326,,1423.47998046875,20260806,35074.54671875,0.0,,,,0.08
EDGH,3EDGE Dynamic Hard Assets ETF,NYSE/AMEX,3EDGE Asset Management LP,,183326035104.14453,1.01,47828.92517169192,1,,509.60583300781246,1.0655,509.60583300781246,1.07,-53.02,10.25,26.82,18.43,-12.47,2025-12-30,1504591.9531357605,,1423.47998046875,20260806,,,,,,
EDGI,3EDGE Dynamic International Equity ETF,NYSE/AMEX,3EDGE Asset Management LP,,171304370870.3711,0.97,44910.792297760025,2,181.0,108.184478515625,0.2409,606.4024716796874,1.35,21.71,10.01,20.28,16.81,-12.84,2026-06-29,1780452.3473836132,,1423.47998046875,20260806,,,,,,
EDGQ,Global X Nasdaq-100 Income Edge ETF,NYSE/AMEX,Global X Funds,,12514712147.648438,0.0,39316.51825517882,24,7.0,95.37315869140626,0.2426,2273.2975288085936,5.78,,9.39,,20.16,-11.85,2026-08-03,252568.40733107875,,1423.47998046875,20260806,,,,,,
EDGU,3EDGE Dynamic US Equity ETF,NYSE/AMEX,3EDGE Asset Management LP,,213526005589.9375,0.91,45736.41329290159,4,91.0,55.51571923828125,0.1214,311.74211572265625,0.68,157.65,12.65,21.9,13.3,-7.26,2026-06-29,874891.3331618138,,1423.47998046875,20260806,,,,,,
EDGX,Global X U.S. 500 Income Edge ETF,NYSE/AMEX,Global X Funds,,7520757189.609375,0.0,38612.890901857056,24,7.0,65.4800791015625,0.1696,1524.5470590820314,3.95,,7.68,,13.32,-8.38,2026-08-03,127687.4325240507,,1423.47998046875,20260806,,,,,,
EDIV,State Street SPDR S&P Emerging Markets Dividend ETF,NYSE/AMEX,SPDR,,1739905345327.1484,0.49,59344.87843088992,4,91.0,734.515669921875,1.2377,2476.855166015625,4.17,3.63,6.38,8.68,13.1,-11.08,2026-06-22,5751856.234775938,Equity S&P Emerging Markets Dividend Opportunities Index,1423.47998046875,20260806,59343.713132158206,0.68,16.505049999999997,12.05679,,0.0
EDOW,First Trust Dow 30 Equal Weight ETF,NYSE/AMEX,First Trust,,451027832532.8281,0.5,66191.9602755718,4,91.0,185.0523974609375,0.2796,799.9957490234376,1.21,3.5,12.08,20.69,11.03,-9.02,2026-06-25,943651.7721731786,,1423.47998046875,20260806,,,,,,
EDV,Vanguard Extended Duration Treasury ETF,NYSE/AMEX,Vanguard,,5726977089989.75,0.05,86134.77122890018,4,91.0,1234.1571430664062,1.4328,4612.07513671875,5.35,0.93,-6.68,-8.94,14.28,-16.44,2026-07-01,75564095.14423685,,1423.47998046875,20260806,85835.84282226562,3.46,-4.16678,-12.499601,2007-11-28,0.35
EDZ,Direxion Emerging Markets Bear 3X ETF,NYSE/AMEX,Direxion Funds,,26117660505.56543,1.05,22633.33114643861,4,91.0,318.85951562500003,1.4088,1659.7776572265625,7.33,-61.26,-51.55,-69.19,73.03,-73.86,2026-06-23,4638021.336054897,,1423.47998046875,20260806,23000.589524414063,-2.23,-45.20081,-26.59829,,-1.6
EELV,Invesco S&P Emerging Markets Low Volatility ETF,NYSE/AMEX,Invesco,,608944693046.4062,0.29,41067.39797953796,4,91.0,617.7903115234375,1.5043,1568.6749384765626,3.82,-13.16,4.53,9.9,11.16,-8.22,2026-06-22,1530577.716290136,,1423.47998046875,20260806,,,,,,
EEM,iShares MSCI Emerging Index Fund,NYSE/AMEX,iShares,,42789328960561.805,0.72,93238.07990447804,2,181.0,499.6414731445312,0.5359,1585.7566982421874,1.7,-5.51,16.47,33.48,24.66,-14.24,2026-06-15,1851228015.488175,Equity,1423.47998046875,20260806,93497.93733913574,1.04,20.31052,7.14332,2003-04-07,-0.28
EEMO,Invesco S&P Emerging Markets Momentum ETF,NYSE/AMEX,Invesco,,32950543770.29297,0.29,29855.21518743969,4,91.0,165.123677734375,0.5531,563.698072265625,1.89,3.66,17.1,22.44,35.66,-27.42,2026-06-22,193231.6134580331,,1423.47998046875,20260806,,,,,,
EEMS,iShares MSCI Emerging Markets Small Cap ETF,NYSE/AMEX,iShares,,525091481140.895,0.72,105984.77014065534,2,181.0,680.4234306640625,0.642,3044.823678222657,2.87,27.4,9.12,14.62,20.53,-13.85,2026-06-15,2623625.56109534,Equity,1423.47998046875,20260806,,,,,,
EEMV,iShares MSCI Emerging Markets Min Vol Factor ETF,NYSE/AMEX,iShares,,5025950920903.111,0.25,104711.18388798831,2,181.0,920.9915473632813,0.8796,2308.8845283203123,2.21,-23.56,13.52,17.21,16.72,-9.5,2026-06-15,27637570.19711492,Equity,1423.47998046875,20260806,104272.8409380957,0.73,13.00483,5.92204,2011-10-18,0.42
EEMX,State Street SPDR MSCI Emerging Markets Fossil Fuel Reserves Free ETF,NYSE/AMEX,SPDR,,247187298608.39844,0.3,74106.3697380554,2,188.0,169.39411767578125,0.2286,1365.1173012695313,1.84,45.74,19.14,35.96,25.56,-14.47,2026-06-01,610298.9660289506,Equity MSCI Emerging Markets ex Fossil Fuels Index,1423.47998046875,20260806,,,,,,
EES,WisdomTree U.S. SmallCap Fund,NYSE/AMEX,WisdomTree,,1019124571816.5,0.38,98454.99415235594,4,91.0,362.9873950195313,0.3687,1096.0795849609376,1.11,6.8,21.9,33.63,16.8,-7.98,2026-06-25,1082753.5377543475,,1423.47998046875,20260806,,,,,,
EET,ProShares Ultra MSCI Emerging Markets,NYSE/AMEX,ProShares,,49140350980.15625,0.95,152298.12006947026,4,91.0,583.6267919921875,0.3832,2281.838408691406,1.5,-11.29,26.09,62.6,49.45,-27.69,2026-06-24,1273537.404670989,,1423.47998046875,20260806,,,,,,
EETH,ProShares Ether ETF,NYSE/AMEX,ProShares,,76977868539.0039,0.95,33110.14467151184,12,30.0,27.04611962890625,0.0817,23861.79491259765,72.07,248.07,-40.57,-63.75,69.8,-77.42,2026-08-03,5436449.065623751,,1423.47998046875,20260806,33069.00577426758,0.0,,,,0.12
EEV,ProShares UltraShort MSCI Emerging Markets,NYSE/AMEX,ProShares,,3607686167.739746,0.95,16128.028070108034,4,91.0,437.0083540039062,2.7096,1217.0753833007811,7.55,-39.36,-36.24,-53.37,49.86,-57.93,2026-06-24,476940.0829775457,,1423.47998046875,20260806,,,,,,
EFA,iShares MSCI EAFE ETF,NYSE/AMEX,iShares,,112916234916729.2,0.32,153587.50804463774,2,181.0,2328.813248046875,1.5163,4788.586654296875,3.12,30.59,11.19,21.2,15.96,-11.42,2026-06-15,1684954779.9118893,Equity,1423.47998046875,20260806,152754.6473748877,0.87,17.835079,9.32364,2001-08-14,0.55
EFAA,Invesco MSCI EAFE Income Advantage ETF,NYSE/AMEX,Invesco,,880688433410.0312,0.39,81122.41598044336,12,28.0,553.7337124023437,0.6826,6486.798270996094,8.0,14.84,4.71,10.92,12.51,-10.23,2026-07-20,3994500.071215565,,1423.47998046875,20260806,80711.31489257813,0.0,,,,0.51
EFAD,ProShares MSCI EAFE Dividend Growers ETF,NYSE/AMEX,ProShares,,89041576677.48047,0.5,63686.49671543576,4,91.0,529.534552734375,0.8315,1608.5323779296878,2.53,19.2,7.19,7.48,13.7,-10.28,2026-06-24,218868.8727193733,,1423.47998046875,20260806,,,,,,
EFAV,iShares MSCI EAFE Min Vol Factor ETF,NYSE/AMEX,iShares,,7707719000539.827,0.2,132810.68652185053,2,181.0,2397.140287109375,1.8049,4066.882304199219,3.06,16.61,7.66,11.28,11.08,-8.39,2026-06-15,42348659.2170657,Equity,1423.47998046875,20260806,131755.88351220702,0.53,14.90901,6.55429,2011-10-18,0.8
EFAX,State Street SPDR MSCI EAFE Fossil Fuel Reserves Free ETF,NYSE/AMEX,SPDR,,725462337246.0938,0.2,79680.71786286496,2,188.0,1143.0544243164063,1.4345,2427.0333666992187,3.05,43.52,9.93,19.02,16.58,-12.38,2026-06-01,1234881.5451577934,Equity MSCI EAFE ex Fossil Fuels Index,1423.47998046875,20260806,,,,,,
EFG,iShares MSCI EAFE Growth ETF,NYSE/AMEX,iShares,,24272518995863.887,0.34,178020.26169835404,2,181.0,1396.4338608398436,0.7844,3967.238705566406,2.23,57.55,8.59,14.89,18.78,-12.78,2026-06-15,164971046.7711672,Equity,1423.47998046875,20260806,177430.7013059131,1.0,12.23792,4.1050803,2005-08-01,0.33
EFIV,State Street SPDR S&P 500 ESG ETF,NYSE/AMEX,SPDR,,1466782241474.6094,0.1,106974.52270428464,4,91.0,277.57859619140623,0.2595,996.435986328125,0.93,1.01,13.19,24.88,12.95,-9.68,2026-06-22,3704785.4131686753,Equity S&P 500 Scored & Screened Index,1423.47998046875,20260806,106778.77780011232,0.98,21.47929,14.11415,,0.18
EFNL,iShares MSCI Finland ETF,NYSE/AMEX,iShares,,351238208199.09125,0.53,75021.52296707593,2,181.0,407.11527441406247,0.5427,770.1026694335936,1.03,-69.67,8.78,28.2,19.35,-12.63,2026-06-15,1196593.616592848,Equity,1423.47998046875,20260806,,,,,,
EFO,ProShares Ultra MSCI EAFE,NYSE/AMEX,ProShares,,43179107211.86914,0.95,110817.91430743413,4,91.0,415.656154296875,0.3751,1678.2828969726563,1.51,33.22,19.82,40.73,31.89,-22.18,2026-06-24,471994.67038052017,,1423.47998046875,20260806,,,,,,
EFV,iShares MSCI EAFE Value ETF,NYSE/AMEX,iShares,,42163509421297.98,0.31,116760.9475700073,2,181.0,2909.593080078125,2.4919,5199.972368652344,4.45,60.57,13.67,26.82,14.86,-10.9,2026-06-15,264020896.7799364,Equity,1423.47998046875,20260806,115833.81865187013,0.74,23.373261,14.40872,2005-08-01,0.8
EFZ,ProShares Short MSCI EAFE,NYSE/AMEX,ProShares,,14619088154.134766,0.95,31626.167443490587,4,91.0,372.9517548828125,1.1793,1303.907662109375,4.12,-42.32,-11.77,-20.48,16.74,-19.38,2026-06-24,568224.6208143196,,1423.47998046875,20260806,,,,,,
EGGS,NestYield Total Return Guard ETF,NYSE/AMEX,NestYield,,77959500333.53516,0.93,54633.16317083128,12,31.0,996.435986328125,1.8239,9900.30326416016,18.12,122.28,0.57,-5.2,30.51,-25.6,2026-07-30,352749.64365514624,,1423.47998046875,20260806,,,,,,
EGGY,NestYield Dynamic Income ETF,NYSE/AMEX,NestYield,,203424923321.4922,0.92,49473.04824163206,12,31.0,1423.47998046875,2.8773,16187.814337890624,32.72,100.99,-1.14,-10.16,41.53,-35.46,2026-07-30,1680908.7295558064,,1423.47998046875,20260806,,,,,,
EGUS,iShares ESG Aware MSCI USA Growth ETF,NYSE/AMEX,iShares,,40429291546.11915,0.18,84339.47834703885,4,91.0,48.3983193359375,0.0574,173.6645576171875,0.21,6.09,12.44,21.46,18.22,-15.75,2026-06-15,175124.45248206393,Equity,1423.47998046875,20260806,,,,,,
EHY,Amplify Ethereum Max Income Covered Call ETF,NYSE/AMEX,Amplify ETFs,,5411817506.305664,0.75,10946.41858994565,9,30.5,476.86579345703126,4.3564,6513.844390625,59.51,,-54.56,,60.74,-72.33,2026-07-30,107867.0260441453,,1423.47998046875,20260806,,,,,,
EIDO,iShares MSCI Indonesia ETF,NYSE/AMEX,iShares,,700016934606.0413,0.59,17985.669879031368,3,90.5,324.553435546875,1.8045,582.2033120117188,3.24,-47.77,-32.83,-28.45,26.12,-43.81,2026-06-15,13576955.505837563,Equity,1423.47998046875,20260806,18041.6692556543,0.57,-14.92168,-6.4422995,2010-05-05,-0.31
EINC,VanEck Energy Income ETF,NYSE/AMEX,VanEck,,119873617825.96094,0.46,167443.94619283453,5,72.0,2862.6182407226565,1.7096,7158.680821777343,4.28,50.66,21.06,22.65,15.95,-8.57,2026-08-03,1005398.2035839187,,1423.47998046875,20260806,,,,,,
EIPI,FT Energy Income Partners Enhanced Income ETF,NYSE/AMEX,First Trust,,1555093527370.75,1.11,31572.78640120849,12,30.0,177.93499755859375,0.5636,2135.219970703125,6.76,-30.56,10.46,12.19,10.2,-5.43,2026-07-21,2135460.8378622658,,1423.47998046875,20260806,,,,,,
EIPX,FT Energy Income Partners Strategy ETF,NYSE/AMEX,First Trust,,802073073216.375,0.95,45892.99695957638,4,91.0,343.0586752929688,0.7475,1244.1215029296875,2.71,3.43,20.3,25.01,11.53,-5.87,2026-06-25,988183.3953561971,,1423.47998046875,20260806,,,,,,
EIRL,iShares MSCI Ireland ETF,NYSE/AMEX,iShares,,109782426835.9167,0.5,115970.91574643552,2,181.0,1628.46109765625,1.4042,2686.106723144532,2.32,-1.97,9.93,23.61,18.14,-14.28,2026-06-15,591929.7498130038,Equity,1423.47998046875,20260806,,,,,,
EIS,iShares MSCI Israel ETF,NYSE/AMEX,iShares,,1253849834054.2837,0.59,172567.62484781444,2,181.0,1098.9265449218751,0.6368,2649.096243652344,1.54,78.94,8.24,35.8,23.4,-15.87,2026-06-15,11505950.766635606,Equity,1423.47998046875,20260806,171760.25456891602,1.07,30.40278,13.10704,2008-03-26,0.47
ELCV,Strategy Shares Eventide High Dividend ETF,NYSE/AMEX,Eventide Funds,,355607277651.9922,0.49,45010.43817705382,4,91.0,428.46747412109374,0.9519,959.4255068359374,2.13,75.06,17.46,21.8,12.8,-7.16,2026-06-29,1209341.6681214594,,1423.47998046875,20260806,,,,,,
ELD,WisdomTree Emerging Markets Local Debt Fund,NYSE/AMEX,WisdomTree,,201534701337.1875,0.55,40967.75481531676,12,30.0,206.4045971679688,0.5038,2434.1507666015623,5.94,14.38,-1.37,2.57,8.75,-8.07,2026-07-28,1068867.9934797478,,1423.47998046875,20260806,,,,,,
ELM,Elm Market Navigator ETF,NYSE/AMEX,Elm Partners Management LLC,,824142160217.25,0.24,42136.00439653173,2,8.0,185.0523974609375,0.4392,1051.9517055664062,2.5,,8.15,13.11,10.03,-7.52,2025-12-31,801126.4668627128,,1423.47998046875,20260806,,,,,,
EMBD,Global X Emerging Markets Bond ETF,NYSE/AMEX,Global X Funds,,353048042852.5469,0.39,33686.655041027814,12,30.0,162.2767177734375,0.4817,1928.8153735351568,5.73,-3.7,-1.11,1.48,6.23,-4.69,2026-08-03,1195404.9358781609,,1423.47998046875,20260806,,,,,,
EMBX,VanEck Emerging Markets Bond ETF,NYSE/AMEX,VanEck,,373450565043.6485,0.76,72896.40849656984,10,30.0,368.68131494140624,0.5058,3390.7293134765628,4.65,,0.95,4.64,6.29,-5.55,2026-08-03,1714957.6199794936,,1423.47998046875,20260806,,,,,,
EMC,Global X Emerging Markets Great Consumer ETF,NYSE/AMEX,Global X Funds,,79015426395.20703,0.65,52176.37543217093,2,181.0,111.0314384765625,0.2128,298.9307958984375,0.57,-27.34,15.66,25.13,24.72,-13.89,2026-06-29,321356.2966116491,,1423.47998046875,20260806,,,,,,
EMCR,Xtrackers Emerging Markets Carbon Reduction and Climate Improvers ETF,NYSE/AMEX,Xtrackers,,84982648779.41211,0.15,61408.925488598645,2,181.0,448.39619384765626,0.7302,913.8741474609376,1.49,-73.87,13.98,30.15,23.53,-13.84,2026-06-18,209910.30983414967,,1423.47998046875,20260806,,,,,,
EMCS,Xtrackers MSCI Emerging Markets Select ETF,NYSE/AMEX,Xtrackers,,1442817807961.5,0.15,62889.34597152099,2,181.0,350.1760751953125,0.5568,959.4255068359374,1.53,168.53,20.35,40.88,27.38,-15.25,2026-06-18,4723506.256794812,,1423.47998046875,20260806,62708.56357958984,1.18,23.411909,7.97008,,0.29
EMDM,First Trust Bloomberg Emerging Market Democracies ETF,NYSE/AMEX,First Trust,,55302629979.125,0.75,58388.8687894661,3,136.5,251.95595654296875,0.4315,1679.7063769531253,2.88,5.45,27.68,60.34,28.26,-15.65,2026-06-25,273242.0582516127,,1423.47998046875,20260806,,,,,,
EMET,VanEck Copper and Electrification Metals ETF,NYSE/AMEX,,,47757753344.72656,0.62,60640.244995910674,1,,972.2368266601565,1.6033,972.2368266601565,1.6,73.35,13.48,73.68,39.7,-25.58,2025-12-22,433439.20720013016,,1423.47998046875,20260806,,,,,,
EMFI,Pictet Emerging Markets Debt ETF,NYSE/AMEX,,,24910899658.203125,0.5,71470.93565281667,2,30.0,313.165595703125,0.4382,646.2599111328125,0.9,,0.42,,6.08,-3.03,2026-06-25,264171.6176453682,,1423.47998046875,20260806,,,,,,
EMGF,iShares Emerging Markets Equity Factor ETF,NYSE/AMEX,iShares,,2666777746010.447,0.26,99543.9554685913,2,181.0,871.1697480468749,0.8752,2054.081611816406,2.06,-19.25,17.93,31.82,24.4,-14.63,2026-06-15,8861368.440147644,Equity,1423.47998046875,20260806,99053.95052050293,1.03,22.43319,9.77964,,0.49
EMHC,State Street SPDR Bloomberg Emerging Markets USD Bond ETF,NYSE/AMEX,SPDR,,411741584350.58594,0.23,35594.11571698915,12,30.0,167.9706376953125,0.4719,2190.735689941406,6.15,3.01,-1.69,0.97,5.76,-4.81,2026-08-03,885054.4906774195,Fixed Income Bloomberg Emerging Market USD Sovereign and Sovereign Owned Index,1423.47998046875,20260806,,,,,,
EMHY,iShares J.P. Morgan EM High Yield Bond ETF,NYSE/AMEX,iShares,,889797957374.4148,0.5,57380.33335362747,12,30.0,317.4360356445313,0.5532,3716.706229003906,6.48,-4.95,-0.12,2.94,5.98,-4.83,2026-08-03,4421609.053657897,Fixed Income,1423.47998046875,20260806,57168.97735719726,0.78,11.935429,4.54568,,0.37
EMKT,Lazard Emerging Markets Opportunities ETF,NYSE/AMEX,Lazard,,237898784264.1641,0.74,43740.69375210814,1,,197.86371728515627,0.4524,197.86371728515627,0.45,,19.34,,25.82,-14.21,2026-06-18,513508.8661075494,,1423.47998046875,20260806,,,,,,
EMLC,VanEck J. P. Morgan EM Local Currency Bond ET,NYSE/AMEX,VanEck,,6826901027476.5,0.3,36419.73399705812,12,30.0,185.0523974609375,0.5081,2260.486208984375,6.21,4.68,-1.14,1.77,7.45,-6.62,2026-08-03,77580549.15181443,,1423.47998046875,20260806,36384.14830078125,1.1,6.77385,2.14086,2010-07-22,0.1
EMLP,First Trust North American Energy Infrastructure Fund,NYSE/AMEX,First Trust,,5876499973754.5,0.95,62049.49256583862,4,91.0,444.12575390625,0.7158,1728.1046962890623,2.79,4.3,14.02,14.83,10.41,-4.94,2026-06-25,10352375.396781374,,1423.47998046875,20260806,62063.7271484375,0.35,20.81617,16.277639999999998,,-0.02
EMM,Global X Emerging Markets ex-China ETF,NYSE/AMEX,Global X Funds,,77952257667.39453,0.66,60725.65574959107,2,181.0,176.511517578125,0.2907,462.63099365234376,0.76,37.71,22.71,42.29,26.9,-17.85,2026-06-29,628732.8137501264,,1423.47998046875,20260806,,,,,,
EMMF,WisdomTree Emerging Markets Multifactor Fund,NYSE/AMEX,WisdomTree,,244454080391.8203,0.48,53234.87906404026,5,88.0,320.2829956054688,0.6016,1051.9517055664062,1.98,42.94,16.36,28.96,21.09,-14.91,2026-06-25,539687.7724326996,,1423.47998046875,20260806,,,,,,
EMNT,PIMCO Enhanced Short Maturity Active ESG Exchange-Traded Fund,NYSE/AMEX,PIMCO,,301522599919.83594,0.24,140654.19457859918,12,30.0,469.74839355468754,0.334,5494.632724609375,3.91,-20.25,0.18,0.3,1.22,-0.39,2026-08-03,1040055.5958127328,,1423.47998046875,20260806,,,,,,
EMOP,AB Emerging Markets Opportunities ETF,NYSE/AMEX,AllianceBernstein,,2884248121516.437,0.7,70932.0100332275,1,,158.00627783203126,0.2228,158.00627783203126,0.22,,18.59,36.66,23.5,-13.31,2025-12-17,3636542.7671482647,,1423.47998046875,20260806,70584.39361552734,1.13,20.50192,7.59708,,0.49
EMPB,Efficient Market Portfolio Plus ETF,NYSE/AMEX,"NextGen EMP, Inc.",,35114537965.32129,2.21,49380.51856760867,1,,360.14043505859377,0.7293,360.14043505859377,0.73,256.34,19.99,19.51,12.18,-6.8,2025-12-30,162810.05906906736,,1423.47998046875,20260806,,,,,,
EMQQ,EMQQ The Emerging Markets Internet ETF,NYSE/AMEX,EMQQ,,390850296073.3906,0.86,49270.19973794557,1,,1775.0795356445317,3.6027,1775.0795356445317,3.6,112.8,-16.31,-15.43,21.44,-35.68,2025-12-30,1809082.4434525387,,1423.47998046875,20260806,,,,,,
EMSF,Matthews Emerging Markets Sustainable Future Active ETF,NYSE/AMEX,Matthews Asia Funds,,61578901254.92969,0.79,53964.125842364505,1,,2883.970440429687,5.3442,2883.970440429687,5.34,153.88,29.57,41.09,30.79,-19.49,2025-12-17,145328.40681182436,,1423.47998046875,20260806,,,,,,
ENFR,Alerian Energy Infrastructure ETF,NYSE/AMEX,ALPS,,739601980261.0469,0.35,55387.74700660817,4,91.0,549.4632724609376,0.992,2197.8530898437502,3.97,8.66,22.71,21.67,15.32,-8.63,2026-05-13,2698401.311542587,,1423.47998046875,20260806,,,,,,
ENOR,iShares MSCI Norway ETF,NYSE/AMEX,iShares,,137071139068.9852,0.53,49280.87540338747,2,181.0,2222.052249511719,4.509,2617.779684082031,5.31,64.93,17.96,25.75,19.19,-18.27,2026-06-15,1851855.1812867243,Equity,1423.47998046875,20260806,,,,,,
EPHE,iShares MSCI Philippines ETF,NYSE/AMEX,iShares,,208637997869.6332,0.59,36633.39934996143,2,181.0,683.270390625,1.8652,966.5429067382812,2.64,25.05,1.72,-2.56,19.45,-15.9,2026-06-15,3340928.8100188053,Equity,1423.47998046875,20260806,36569.14375904297,0.67,1.93538,0.07816,,0.18
EPOL,iShares MSCI Poland ETF,NYSE/AMEX,iShares,,1145422792813.3413,0.59,62846.925677303225,2,181.0,429.8909541015625,0.684,2093.939051269532,3.33,9.78,21.79,34.44,23.46,-11.04,2026-06-15,16209048.65122381,Equity,1423.47998046875,20260806,62251.242166264645,0.81,35.20013,18.87727,2010-05-25,0.96
EPP,iShares MSCI Pacific Ex-Japan Index Fund,NYSE/AMEX,iShares,,3219538840008.0864,0.47,82006.68254362792,2,181.0,1172.94750390625,1.4303,2661.9075634765627,3.25,2.41,12.63,14.53,15.68,-8.79,2026-06-15,19518886.65931896,Equity,1423.47998046875,20260806,81922.11272916503,0.85,15.11778,6.42512,2001-10-25,0.1
EPRF,Innovator S&P Investment Grade Preferred ETF,NYSE/AMEX,Innovator ETFs,,97043174016.65234,0.47,23722.5775452964,11,30.5,120.99579833984376,0.51,1338.071181640625,5.64,-15.54,-6.38,-7.21,7.69,-12.11,2026-06-30,242152.5835672508,,1423.47998046875,20260806,,,,,,
EPS,WisdomTree U.S. LargeCap Fund,NYSE/AMEX,WisdomTree,,2269653328955.875,0.08,115102.59208952636,4,91.0,320.2829956054688,0.2783,1274.0145825195311,1.11,-0.0,13.92,23.66,12.33,-8.66,2026-06-25,4086392.314005574,,1423.47998046875,20260806,114812.2013046875,0.94,21.02512,12.95072,,0.25
EPU,iShares MSCI Peru and Global Exposure ETF,NYSE/AMEX,iShares,,785527145379.2743,0.59,128127.4360828735,2,181.0,2024.1885322265623,1.5798,2428.456846679688,1.9,-22.24,23.79,79.37,32.12,-20.85,2026-06-15,6708597.397000682,Equity,1423.47998046875,20260806,127153.40263055664,1.11,44.91546,33.28766,,0.77
EPV,ProShares UltraShort FTSE Europe ETF,NYSE/AMEX,ProShares,,15713502267.518557,0.95,24227.629919195548,4,91.0,260.4968364257812,1.0752,1225.6162631835937,5.06,-46.29,-20.39,-36.23,32.48,-35.75,2026-06-24,621102.0157994427,,1423.47998046875,20260806,,,,,,
EQAL,Invesco Russell 1000 Equal Weight ETF,NYSE/AMEX,Invesco,,1159827345865.4688,0.2,86035.12806467898,4,91.0,351.59955517578123,0.4087,1426.3269404296875,1.66,16.24,13.82,21.66,12.1,-6.67,2026-06-22,2371881.139846285,,1423.47998046875,20260806,,,,,,
EQIN,Columbia U.S. Equity Income ETF,NYSE/AMEX,Columbia Threadneedle,,432912148012.1094,0.35,76583.22186318971,4,91.0,365.83435498046873,0.4777,1397.8573408203124,1.83,-50.6,12.47,20.63,10.55,-5.8,2026-06-25,929542.3243691644,,1423.47998046875,20260806,,,,,,
EQL,ALPS Equal Sector Weight ETF,NYSE/AMEX,ALPS,,1060452409150.25,0.19,73757.61323313601,4,91.0,96.796638671875,0.1312,985.0481464843748,1.34,-11.09,11.07,17.18,9.54,-6.54,2026-06-25,2967924.208092769,,1423.47998046875,20260806,,,,,,
EQTY,Kovitz Core Equity ETF,NYSE/AMEX,kovitzetf,,2028593895294.4373,0.99,42376.99967017211,1,,8.5408798828125,0.0202,8.5408798828125,0.02,-92.31,10.37,17.19,13.22,-11.85,2025-12-26,986786.2468610056,,1423.47998046875,20260806,,,,,,
EQWL,Invesco S&P 100 Equal Weight ETF,NYSE/AMEX,Invesco,,3837525652480.25,0.25,189244.5564292968,4,91.0,733.0921899414062,0.3874,2902.475680175781,1.53,5.59,12.26,20.88,10.74,-8.19,2026-06-22,11583159.37162872,,1423.47998046875,20260806,189892.22939453128,0.82,19.450621,12.38671,2006-12-01,-0.34
ERTH,Invesco MSCI Sustainable Future ETF,NYSE/AMEX,Invesco,,189990813924.0586,0.66,66448.04592269287,4,91.0,583.6267919921875,0.8783,1289.6728623046874,1.94,104.98,-2.57,7.66,17.48,-12.26,2026-06-22,240157.91154172985,,1423.47998046875,20260806,,,,,,
ERX,Direxion Energy Bull 2X ETF,NYSE/AMEX,Direxion Funds,,332372394710.6328,0.91,126362.31308768316,4,91.0,345.90563525390627,0.2737,2004.2598125,1.59,-4.86,52.58,74.64,42.4,-30.19,2026-06-23,28572223.39224064,,1423.47998046875,20260806,124790.79596777345,-0.14,14.9596,34.02977,2008-11-06,1.26
ERY,Direxion Daily Energy Bear 2X ETF,NYSE/AMEX,Direxion Funds,,54871178890.96484,0.99,15715.218930073548,4,91.0,128.1131982421875,0.8152,519.5701928710937,3.31,-55.05,-42.14,-51.73,42.44,-57.57,2026-06-23,17518461.709070854,,1423.47998046875,20260806,15940.128821289063,0.06,-22.62305,-39.90548,2008-11-06,-1.41
ESG,FlexShares STOXX US ESG Select Index Fund,NYSE/AMEX,Flexshares Trust,,187979607529.2539,0.32,258277.6229692921,4,91.0,580.77983203125,0.2249,2187.8887299804687,0.85,-3.58,14.64,22.67,11.79,-8.84,2026-06-18,249818.1459108026,,1423.47998046875,20260806,,,,,,
ESGG,FlexShares STOXX Global ESG Select Index Fund,NYSE/AMEX,Flexshares Trust,,157314887911.59766,0.42,340371.1443947852,4,91.0,1844.8300546875,0.542,4276.133861328125,1.26,-1.67,16.01,26.19,13.34,-9.32,2026-06-18,175347.68019377568,,1423.47998046875,20260806,,,,,,
ESGV,Vanguard ESG U.S. Stock ETF,NYSE/AMEX,Vanguard,,18701036980409.5,0.09,194262.3146722168,4,91.0,397.1509145507813,0.2044,1638.425457519531,0.84,4.83,12.75,21.72,14.55,-11.83,2026-06-18,26328497.1669624,,1423.47998046875,20260806,194077.26053710937,1.13,21.23453,11.81502,2018-09-18,0.1
ESIM,Eventide International ETF,NYSE/AMEX,,,25736518046.875,0.59,41900.13246487733,3,91.0,418.50311425781246,0.9988,496.7945131835937,1.19,,15.2,,17.0,-11.43,2026-06-29,378953.4348994871,,1423.47998046875,20260806,,,,,,
ESLG,Eventide Large Cap Growth ETF,NYSE/AMEX,Eventide Funds,,33107274610.0625,0.39,41138.57089253236,3,91.0,49.821799316406256,0.1211,111.0314384765625,0.27,,15.66,,16.81,-12.52,2026-06-29,170790.51734582064,,1423.47998046875,20260806,,,,,,
ESLV,Eventide Large Cap Value ETF,NYSE/AMEX,,,20469642119.140625,0.39,41380.56259781495,3,91.0,166.54715771484376,0.4025,371.52827490234375,0.9,,13.82,,9.82,-5.65,2026-06-29,108620.21777014218,,1423.47998046875,20260806,,,,,,
ESML,iShares ESG Aware MSCI USA Small-Cap ETF,NYSE/AMEX,iShares,,4145744585030.979,0.17,79003.13891601562,4,91.0,153.735837890625,0.1946,706.0460703125,0.89,-7.98,19.28,32.08,17.22,-9.25,2026-06-15,7829677.78177816,Equity,1423.47998046875,20260806,78269.0929944873,1.14,15.94176,7.99614,,0.94
ESSC,Eventide Small Cap ETF,NYSE/AMEX,,,,,44270.22793559264,3,91.0,108.184478515625,0.2444,177.93499755859375,0.4,,20.11,,18.66,-9.65,2026-06-29,240658.8352770939,,1423.47998046875,20260806,,,,,,
ESUM,Eventide US Market ETF,NYSE/AMEX,,,268767255112.3047,0.39,44014.001104696654,4,91.0,167.9706376953125,0.3816,414.2326743164063,0.94,162.16,14.14,17.21,13.95,-8.28,2026-06-29,791057.558145903,,1423.47998046875,20260806,,,,,,
ETCO,Grayscale Ethereum Covered Call ETF,NYSE/AMEX,,,5551571923.828125,0.65,12071.109582757575,21,15.0,293.2368759765625,2.4292,17994.21043310547,149.07,,-55.77,,53.07,-78.93,2026-07-30,211997.5935478046,,1423.47998046875,20260806,,,,,,
ETHD,ProShares UltraShort Ether ETF,NYSE/AMEX,ProShares,,86276062547.10547,0.99,81252.23989162594,11,30.5,2482.5490859375,3.0554,7510.280376953125,9.24,-95.28,28.21,-2.59,133.23,-55.91,2026-08-03,79184543.67162658,,1423.47998046875,20260806,80444.98178823243,0.0,,,2024-06-06,1.0
ETHE,Grayscale Ethereum Staking ETF Shares,NYSE/AMEX,Grayscale,,2027169230978.625,2.5,21907.35738812713,7,29.0,31.3165595703125,0.1429,313.1655957031249,1.43,,-39.86,-49.47,66.64,-68.48,2026-07-07,131601887.9092579,,1423.47998046875,20260806,21964.29609863281,0.0,11.1232795,-10.02469,2017-12-14,-0.26
ETHO,Amplify Etho Climate Leadership U.S. ETF,NYSE/AMEX,Amplify ETFs,,265556362565.64062,0.45,117009.3441315405,1,,795.7253090820313,0.6801,795.7253090820313,0.68,100.36,24.5,38.8,17.94,-9.25,2025-12-30,293162.6013502448,,1423.47998046875,20260806,,,,,,
ETHT,ProShares Ultra Ether ETF,NYSE/AMEX,ProShares,,254744975174.78125,0.94,14982.126251419077,11,30.0,17.081759765625,0.114,2562.2639648437503,17.1,8900.0,-74.53,-86.72,133.11,-94.4,2026-08-03,65792782.445859976,,1423.47998046875,20260806,15142.410640234377,0.0,,,2024-06-06,-1.06
ETHU,2x Ether ETF,NYSE/AMEX,Volatility Shares Trust,,1021951124768.4376,2.97,23202.722595611587,12,28.0,21.35219970703125,0.092,995.0125063476564,4.29,-40.41,-73.0,-85.62,134.16,-94.06,2026-07-22,391644777.241156,,1423.47998046875,20260806,23345.92576767578,0.0,,,2024-06-03,-0.61
EUAD,Select STOXX Europe Aerospace & Defense ETF,NYSE/AMEX,Select Funds,,1702418284737.5,0.5,67309.25065925904,1,,240.5681166992188,0.3574,240.5681166992188,0.36,634.78,8.43,9.94,29.1,-22.04,2025-12-30,19331612.659781724,,1423.47998046875,20260806,67365.87691008789,0.0,,,2024-10-21,-0.08
EUDG,WisdomTree Europe Quality Dividend Growth Fund,NYSE/AMEX,WisdomTree,,98784033093.5664,0.58,57480.12313176878,4,91.0,761.5617895507813,1.3249,1312.4485419921875,2.28,24.76,6.92,20.32,15.43,-12.5,2026-06-25,339933.512081283,,1423.47998046875,20260806,,,,,,
EUHY,iShares Euro High Yield Corporate Bond USD Hedged ETF,NYSE/AMEX,iShares,,348476980949.8514,0.35,76020.94661928713,8,30.0,330.24735546875,0.4344,4688.943055664063,6.17,37.14,0.03,-2.78,5.86,-7.39,2026-08-03,1620705.6502171247,Fixed Income,1423.47998046875,20260806,,,,,,
EUM,ProShares Short MSCI Emerging Markets,NYSE/AMEX,ProShares,,15828320162.743164,0.95,22989.2011415558,4,91.0,236.29767675781247,1.0279,949.4611469726564,4.13,-30.81,-17.43,-29.01,25.14,-33.41,2026-06-24,1510227.2734828887,,1423.47998046875,20260806,,,,,,
EURL,Direxion Daily FTSE Europe Bull 3X ETF,NYSE/AMEX,Direxion Funds,,76400174811.57031,1.04,73095.69482501224,4,91.0,560.8511123046875,0.7673,1050.5282255859374,1.44,6.03,20.0,54.39,47.88,-33.07,2026-06-23,1552213.3007560517,,1423.47998046875,20260806,,,,,,
EUSA,iShares MSCI USA Equal Weighted ETF,NYSE/AMEX,iShares,,2712752035223.513,0.09,166547.15771484375,4,91.0,435.5848740234375,0.2615,2364.400247558594,1.42,11.63,12.42,16.96,12.05,-8.14,2026-06-15,6333074.773243817,Equity,1423.47998046875,20260806,166158.9177849707,0.92,15.22028,7.9149395,,0.23
EUSB,iShares ESG Advanced Universal USD Bond ETF,NYSE/AMEX,iShares,,1014072833976.8925,0.12,61024.58524225466,12,30.0,204.9811171875,0.3359,2446.962086425781,4.01,4.31,-2.23,-1.54,3.71,-3.85,2026-08-03,2615560.98641448,Fixed Income,1423.47998046875,20260806,,,,,,
EVHY,Eaton Vance High Yield ETF,NYSE/AMEX,Eaton Vance ETFs,,33167194576.36035,0.48,74219.67514757253,11,30.5,377.2221948242188,0.5083,4883.959812988281,6.58,-14.1,-1.64,-1.82,3.79,-3.78,2026-06-30,239649.2694210797,,1423.47998046875,20260806,,,,,,
EVIM,Eaton Vance Intermediate Municipal Income ETF,NYSE/AMEX,Eaton Vance ETFs,,378790642005.8984,0.11,74768.28814617917,11,30.5,222.062876953125,0.297,2435.574246582032,3.26,-0.29,-0.95,2.19,2.91,-3.48,2026-06-30,1355570.763315786,,1423.47998046875,20260806,,,,,,
EVLN,Eaton Vance Floating-Rate ETF,NYSE/AMEX,Eaton Vance ETFs,,1989083192788.875,0.6,69095.86073896289,11,30.5,371.52827490234375,0.5377,4304.603460937501,6.23,-22.94,-1.82,-2.75,2.73,-3.85,2026-06-30,4560394.419527396,,1423.47998046875,20260806,69195.36185058593,0.0,,,,-0.14
EVLU,iShares MSCI Emerging Markets Value Factor ETF,NYSE/AMEX,iShares,,20881400671.372578,0.35,58462.32236343995,2,181.0,496.7945131835937,0.8498,2202.1235297851563,3.77,114.27,25.23,46.71,21.48,-12.9,2026-06-15,121666.77528326635,Equity,1423.47998046875,20260806,,,,,,
EVMO,Eaton Vance Mortgage Opportunities ETF,NYSE/AMEX,Eaton Vance ETFs,,1219006487630.125,0.45,70939.12352342531,11,30.5,314.58907568359376,0.4435,3212.794315917969,4.53,,-1.74,-0.23,3.25,-3.35,2026-06-30,4046467.59708137,,1423.47998046875,20260806,70775.42462890624,0.75,7.54683,3.2226600000000003,,0.23
EVMU,Direxion Daily Ether Bull 2X ETF,NYSE/AMEX,,,3302473554.6875,1.03,27273.87620857544,1,,64.05659912109375,0.2349,64.05659912109375,0.23,,-22.08,,113.22,-45.87,2026-06-23,105642.20779312134,,1423.47998046875,20260806,,,,,,
EVSB,Eaton Vance Ultra-Short Income ETF,NYSE/AMEX,Eaton Vance ETFs,,348554332923.16406,0.17,72312.78192178346,11,30.5,240.5681166992188,0.3327,3037.7062783203123,4.2,-9.54,-0.2,-0.22,1.5,-0.84,2026-06-30,2393639.4519736,,1423.47998046875,20260806,,,,,,
EVSM,Eaton Vance Short Duration Municipal Income ETF,NYSE/AMEX,Eaton Vance ETFs,,1111088393464.125,0.19,71366.1664315369,11,30.5,183.6289174804688,0.2573,1961.5554130859373,2.75,-16.69,-0.5,-0.23,1.52,-1.68,2026-06-30,4760331.522223864,,1423.47998046875,20260806,71302.1122216797,0.25,3.82031,2.9024601,,0.09
EVTR,Eaton Vance Total Return Bond ETF,NYSE/AMEX,Eaton Vance ETFs,,8045751911663.0,0.32,71458.69610556029,11,30.5,284.69599609375,0.3984,3114.574197265625,4.36,-6.89,-2.43,-1.76,4.04,-4.33,2026-06-30,27552849.25191013,,1423.47998046875,20260806,71529.86901855469,0.96,5.70402,0.6081300000000001,1984-11-14,-0.1
EVUS,iShares ESG Aware MSCI USA Value ETF,NYSE/AMEX,iShares,,533321479743.26825,0.18,52469.47294890136,4,91.0,179.3584775390625,0.3418,761.5617895507813,1.45,-5.31,14.33,22.12,10.75,-8.1,2026-06-15,2492141.704140834,Equity,1423.47998046875,20260806,,,,,,
EVX,VanEck Environmental Services ETF,NYSE/AMEX,VanEck,,141325916645.21875,0.55,58917.83552277833,1,,101.06707861328124,0.1715,101.06707861328124,0.17,-55.4,7.51,6.84,14.01,-10.85,2025-12-22,321087.124900058,,1423.47998046875,20260806,,,,,,
EWA,iShares MSCI Australia Index Fund,NYSE/AMEX,iShares,,2100350378083.9124,0.5,43117.20991163328,2,181.0,576.5093920898438,1.3371,1208.5345034179686,2.8,4.3,14.43,13.62,17.95,-10.01,2026-06-15,107223290.9099937,Equity,1423.47998046875,20260806,43039.9705846582,0.97,14.11938,7.0811704,1996-03-12,0.18
EWC,iShares MSCI Canada Index Fund,NYSE/AMEX,iShares,,9116643096048.846,0.5,86590.28981838375,2,181.0,391.4569946289063,0.4521,1067.6099853515625,1.23,-12.38,12.25,27.45,14.3,-8.51,2026-06-15,116423817.09723514,Equity,1423.47998046875,20260806,86495.6684976123,0.8,22.695619,12.43811,1996-03-12,0.11
EWD,iShares MSCI Sweden ETF,NYSE/AMEX,iShares,,845429143815.3074,0.51,76312.76262175292,2,181.0,1699.6350966796874,2.2272,2555.1465649414063,3.35,77.72,8.08,19.61,20.23,-14.49,2026-06-15,6953002.146119805,Equity,1423.47998046875,20260806,75740.50856598145,1.21,19.216749,5.39072,,0.76
EWG,iShares MSCI Germany Index Fund,NYSE/AMEX,iShares,,2347021358439.455,0.49,62077.96281706542,1,,1184.33534375,1.9078,1184.33534375,1.91,22.53,2.47,4.23,17.7,-14.54,2026-06-15,83770265.12851183,Equity,1423.47998046875,20260806,62090.51704166992,0.98,17.981371,7.22996,1996-03-12,-0.02
EWH,iShares MSCI Hong Kong Index Fund,NYSE/AMEX,iShares,,1746503443362.5974,0.5,32063.886017044075,2,181.0,498.2179931640625,1.5538,1473.3017797851564,4.59,35.47,2.99,8.19,17.02,-14.79,2026-06-15,83913105.61855799,Equity,1423.47998046875,20260806,32432.75292739746,0.69,10.72655,1.11341,1996-03-12,-1.14
EWI,iShares MSCI Italy ETF,NYSE/AMEX,iShares,,1537641624646.7048,0.5,90348.27609799802,2,181.0,1671.1654970703123,1.8497,2670.448443359375,2.96,35.84,15.07,28.17,18.38,-12.48,2026-06-15,24417743.38013304,Equity,1423.47998046875,20260806,89920.56133062013,0.89,29.61714,18.335159,1996-03-12,0.48
EWJ,iShares MSCI Japan Index Fund,NYSE/AMEX,iShares,,31842271173752.523,0.49,136525.9701396972,2,181.0,713.1634702148438,0.5224,5070.435690429687,3.71,115.23,17.93,26.15,21.49,-13.59,2026-06-15,602948482.1131692,Equity,1423.47998046875,20260806,135039.32513955567,0.84,18.90677,9.55647,1996-03-12,1.1
EWK,iShares MSCI Belgium ETF,NYSE/AMEX,iShares,,235822780790.1873,0.49,38818.29971900024,2,181.0,472.59535351562505,1.2175,701.7756303710937,1.81,1.02,11.49,21.58,15.69,-15.47,2026-06-15,940427.5720597224,Equity,1423.47998046875,20260806,,,,,,
EWL,iShares MSCI Switzerland ETF,NYSE/AMEX,iShares,,3153839344065.3325,0.5,91074.2484987732,1,,1551.5931787109375,1.7037,1551.5931787109375,1.7,6.55,6.03,20.76,15.74,-13.48,2026-06-15,31342294.632851027,Equity,1423.47998046875,20260806,91415.62811930664,0.9,13.464,6.990920000000001,1996-03-12,-0.37
EWM,iShares MSCI Malaysia Index Fund,NYSE/AMEX,iShares,,476421798207.7696,0.5,40078.07982752379,2,181.0,814.2305488281249,2.0316,1419.2095405273435,3.54,3.96,2.68,15.39,14.31,-12.43,2026-06-15,8752424.815044023,Equity,1423.47998046875,20260806,40225.1955060791,0.48,13.57954,6.7369200000000005,,-0.37
EWN,iShares MSCI Netherlands Index Fund,NYSE/AMEX,iShares,,1008226676301.6932,0.5,98533.28598569334,2,181.0,963.6959467773438,0.978,4039.836184570313,4.1,156.6,18.04,34.59,22.76,-13.24,2026-06-15,8162253.631062238,Equity,1423.47998046875,20260806,97454.49994484862,1.16,19.971849,8.94092,,1.11
EWO,iShares MSCI Austria ETF,NYSE/AMEX,iShares,,262207974436.4263,0.49,63295.037548748776,1,,1197.1466635742188,1.8914,1197.1466635742188,1.89,-40.98,24.24,46.56,19.59,-14.07,2026-06-15,1611593.8946500225,Equity,1423.47998046875,20260806,,,,,,
EWP,iShares MSCI Spain ETF,NYSE/AMEX,iShares,,3114223292325.975,0.5,89209.48776950687,2,181.0,1315.295501953125,1.4744,2368.6706875,2.66,27.71,14.57,35.77,19.17,-11.38,2026-06-15,28926514.425234,Equity,1423.47998046875,20260806,88346.76186421387,0.87,34.28115,21.004419,1996-03-12,0.98
EWQ,iShares MSCI France Index Fund,NYSE/AMEX,iShares,,472336999614.43146,0.5,68113.51489337161,2,181.0,1547.3227387695313,2.2717,1871.876174316406,2.75,7.26,5.61,13.87,17.5,-13.8,2026-06-15,16238420.428077577,Equity,1423.47998046875,20260806,67476.70906136719,0.88,10.88474,7.57478,1996-03-12,0.94
EWS,iShares MSCI Singapore ETF,NYSE/AMEX,iShares,,1544857313478.7231,0.5,46497.97486524656,2,181.0,734.515669921875,1.5797,1685.4002968750003,3.62,13.52,17.71,21.39,15.72,-9.52,2026-06-15,25229275.28364967,Equity,1423.47998046875,20260806,46046.41724260742,0.51,24.100189,11.72889,1996-03-12,0.98
EWT,iShares MSCI Taiwan ETF,NYSE/AMEX,iShares,,15551138566691.309,0.59,146219.86533139646,1,,4008.519625,2.7414,4008.519625,2.74,63.91,58.59,73.69,31.54,-19.83,2025-12-16,406781079.8754713,Equity,1423.47998046875,20260806,144661.75087672853,1.28,38.37651,18.13607,2000-06-20,1.08
EWU,iShares MSCI United Kingdom ETF,NYSE/AMEX,iShares,,5893430268702.195,0.5,68960.48721939698,2,181.0,948.0376669921876,1.3748,2128.102570800781,3.09,-2.73,8.96,19.97,15.31,-9.92,2026-06-15,88281290.27372049,Equity,1423.47998046875,20260806,68848.48824894532,0.7,18.886231,12.04356,1996-03-12,0.16
EWUS,iShares MSCI United Kingdom Small Cap ETF,NYSE/AMEX,iShares,,61179657497.40723,0.59,64640.22569588013,2,181.0,764.4087495117188,1.1826,1937.356253417969,3.0,-10.87,8.51,11.87,18.34,-15.21,2026-06-15,257971.8592809244,Equity,1423.47998046875,20260806,,,,,,
EWV,ProShares UltraShort MSCI Japan,NYSE/AMEX,ProShares,,7907476842.863281,0.95,24113.75162936095,4,91.0,267.614236328125,1.1098,1283.9789423828126,5.32,-20.74,-32.35,-45.37,42.89,-45.51,2026-06-24,440944.9425470269,,1423.47998046875,20260806,,,,,,
EWW,iShares MSCI Mexico ETF,NYSE/AMEX,iShares,,2772993714801.1846,0.5,110518.98481477052,2,181.0,1619.9202177734371,1.4657,3508.8781518554683,3.17,-7.44,11.46,27.78,22.25,-13.98,2026-06-15,114253679.32140426,Equity,1423.47998046875,20260806,109172.9857184619,1.05,10.7829705,12.92511,1996-03-12,1.23
EWX,State Street SPDR S&P Emerging Markets Small Cap ETF,NYSE/AMEX,SPDR,,962030475200.1952,0.65,101202.31094907224,2,182.0,812.8070688476562,0.8032,2624.8970839843746,2.59,-2.43,7.17,11.38,17.65,-13.47,2026-06-22,2701738.496768116,Equity S&P Emerging Under USD2 Billion Index,1423.47998046875,20260806,,,,,,
EWY,iShares MSCI South Korea ETF,NYSE/AMEX,iShares,,37080143414537.59,0.59,238005.84839025885,1,,2899.628720214844,1.2183,2899.628720214844,1.22,56.93,63.57,128.48,54.9,-34.21,2025-12-16,2099512398.938357,Equity,1423.47998046875,20260806,239613.1893891211,2.45,41.021332,15.48213,2000-05-09,-0.67
EWZ,iShares MSCI Brazil ETF,NYSE/AMEX,iShares,,13032815858262.229,0.59,51515.738538311794,3,90.5,471.1718735351563,0.9146,2083.97469140625,4.05,-8.9,12.39,31.84,25.62,-19.27,2026-06-15,1008167249.803188,Equity,1423.47998046875,20260806,51482.58764441895,0.9,10.2996595,7.471000399999999,2000-07-10,0.06
EXI,iShares Global Industrials ETF,NYSE/AMEX,iShares,,2098805623601.9585,0.38,292710.1953343749,2,181.0,1629.8845776367189,0.5568,3017.77755859375,1.03,-6.44,15.68,22.63,17.19,-12.35,2026-06-15,9011583.79946182,Equity,1423.47998046875,20260806,289264.398864668,1.04,20.656179,12.50805,,1.19
EYLD,Cambria Emerging Shareholder Yield ETF,NYSE/AMEX,Cambria,,1220349706115.375,0.65,66946.26174379885,4,91.0,489.67711328124994,0.7314,3278.274395019532,4.9,140.9,21.27,27.01,20.54,-11.03,2026-06-18,3246727.0066147763,,1423.47998046875,20260806,66678.50689711915,0.92,22.9621,10.35393,,0.4
EZA,iShares MSCI South Africa Index Fund,NYSE/AMEX,iShares,,793210083130.5845,0.59,95654.29902843012,2,181.0,2041.270291992188,2.134,7181.456501464843,7.51,65.9,-3.17,19.63,32.89,-25.94,2026-06-15,17462829.19643159,Equity,1423.47998046875,20260806,95567.47794354004,1.09,23.92916,11.6039,2003-02-03,0.09
EZJ,ProShares Ultra MSCI Japan,NYSE/AMEX,ProShares,,17948797151.288574,1.17,95205.89935928956,4,91.0,474.01883349609375,0.4979,1728.1046962890623,1.82,74.93,27.59,50.1,42.83,-27.28,2026-06-24,367123.2648754956,,1423.47998046875,20260806,,,,,,
EZM,WisdomTree U.S. MidCap Fund,NYSE/AMEX,WisdomTree,,1336674485859.4688,0.38,109793.00698385017,4,91.0,341.6351953125,0.3112,1302.4841821289062,1.19,10.24,14.52,23.39,14.77,-8.87,2026-06-25,2016642.4339306897,,1423.47998046875,20260806,,,,,,
EZU,iShares MSCI Eurozone ETF,NYSE/AMEX,iShares,,13980549160110.17,0.5,101650.71061821282,2,181.0,1752.3038559570314,1.7238,2620.626644042969,2.58,19.24,9.84,21.42,17.8,-13.06,2026-06-15,103848155.77639164,Equity,1423.47998046875,20260806,100942.59528898924,0.95,19.321221,10.16292,2000-07-25,0.7
FAN,First Trust Global Wind Energy ETF,NYSE/AMEX,First Trust,,395357010915.875,0.6,33967.93384675402,3,136.5,123.84275830078124,0.3646,334.5177954101562,0.98,17.5,12.35,24.8,20.78,-14.95,2026-06-25,1624489.0095993818,,1423.47998046875,20260806,,,,,,
FAS,Direxion Financial Bull 3X ETF,NYSE/AMEX,Direxion Funds,,3366226144036.125,0.88,259493.2804330811,5,84.5,757.2913496093751,0.2918,19941.53104638672,7.68,860.84,7.45,12.42,43.5,-41.18,2026-06-23,97929651.04639944,,1423.47998046875,20260806,261524.5889716797,2.33,43.33061,13.48691,2008-11-06,-0.78
FAZ,Direxion Financial Bear 3X ETF,NYSE/AMEX,Direxion Funds,,125325124801.08205,1.03,44569.15742825624,4,91.0,360.14043505859377,0.808,1672.5889770507813,3.75,-58.77,-17.95,-30.88,43.68,-44.44,2026-06-23,49183592.929873,,1423.47998046875,20260806,44231.79343310547,-2.06,-41.076487,-32.25215,2008-11-06,0.76
FBCG,Fidelity Blue Chip Growth ETF,NYSE/AMEX,Fidelity Investments,,9857229625427.0,0.57,89010.20144106448,2,91.0,28.469599609375,0.032,35.58699951171875,0.04,-55.36,13.79,23.53,20.67,-15.2,2025-12-19,30973730.307348367,,1423.47998046875,20260806,89033.98952918456,1.42,27.47044,13.44898,2020-06-02,-0.03
FBCV,Fidelity Blue Chip Value ETF,NYSE/AMEX,Fidelity Investments,,252015719926.46875,0.57,60255.91017971188,4,91.0,170.81759765625,0.2835,1447.6791401367186,2.4,78.11,18.51,29.32,10.7,-7.41,2026-06-18,753291.7764985589,,1423.47998046875,20260806,,,,,,
FBDC,FT Confluence BDC & Specialty Finance Income ETF,NYSE/AMEX,First Trust,,48152592527.78906,12.44,24804.13757363893,12,30.0,213.5219970703125,0.8608,2953.7209594726564,11.91,1085.71,-10.61,-17.67,18.7,-23.74,2026-07-21,181329.11888809508,,1423.47998046875,20260806,,,,,,
FBND,Fidelity Total Bond ETF,NYSE/AMEX,Fidelity Investments,,38529065609279.0,0.36,64033.254926925525,12,31.0,254.80291650390623,0.3979,3037.7062783203123,4.74,2.2,-2.29,-2.02,3.87,-4.55,2026-07-30,119451121.65042156,,1423.47998046875,20260806,64059.574194252935,0.99,4.83668,0.46459003,2014-10-06,-0.04
FBUF,Fidelity Dynamic Buffered Equity ETF,NYSE/AMEX,Fidelity Investments,,34018119592.125,0.48,47487.29301726073,4,91.0,64.05659912109375,0.1349,270.4611962890625,0.57,-13.24,8.01,16.85,8.4,-5.8,2026-06-18,176986.00918949934,,1423.47998046875,20260806,,,,,,
FBY,YieldMax META Option Income Strategy ETF,NYSE/AMEX,YieldMax ETFs,,144159006217.22656,1.06,12341.714080578182,45,7.0,125.26623828125,1.015,7486.081217285156,60.66,-32.29,-29.91,-49.85,33.53,-53.33,2026-07-30,2191903.146386899,,1423.47998046875,20260806,,,,,,
FCBD,Frontier Asset Core Bond ETF,NYSE/AMEX,"Frontier Asset Management, LLC",,57225979189.53516,0.84,35885.92900438234,4,91.0,345.90563525390627,0.9639,1493.2304995117186,4.16,115.4,-1.02,-1.56,3.04,-3.29,2026-06-29,117043.50660939617,,1423.47998046875,20260806,,,,,,
FCG,First Trust Natural Gas ETF,NYSE/AMEX,First Trust,,926377084582.1876,0.59,39978.43394823,4,91.0,217.7924370117188,0.5448,905.3332675781252,2.26,-3.93,17.86,22.75,27.66,-20.13,2026-06-25,24487738.29824267,,1423.47998046875,20260806,39416.16065917969,-0.18,5.04923,18.395479,2007-05-08,1.43
FCLD,Fidelity Cloud Computing ETF,NYSE/AMEX,Fidelity Investments,,163493383194.5039,0.39,57850.22553742677,1,,5.6939199218750005,0.0098,5.6939199218750005,0.01,-71.43,38.09,45.5,28.88,-17.49,2025-12-19,546831.210361739,,1423.47998046875,20260806,,,,,,
FCOM,Fidelity MSCI Communication Services Index ETF,NYSE/AMEX,Fidelity Investments,,2463072964517.6875,0.084,100220.10628725588,4,91.0,249.10899658203124,0.2486,999.2829462890624,1.0,21.45,-3.61,5.87,17.11,-13.69,2026-06-18,10657797.20485526,,1423.47998046875,20260806,100107.21182765136,1.0,20.51976,6.02636,,0.11
FCOR,Fidelity Corporate Bond ETF,NYSE/AMEX,Fidelity Investments,,492466314118.5,0.36,66092.17592757568,12,31.0,264.7672763671875,0.4006,3076.140237792969,4.65,2.71,-2.83,-2.42,4.52,-5.17,2026-07-30,1773799.9022835963,,1423.47998046875,20260806,,,,,,
FCPI,Fidelity Stocks for Inflation ETF,NYSE/AMEX,Fidelity Investments,,384735663796.3281,0.15,79593.884411145,4,91.0,249.10899658203124,0.313,1246.9684628906252,1.57,34.56,12.41,18.61,12.64,-8.25,2026-06-18,756759.5214352551,,1423.47998046875,20260806,,,,,,
FCTR,First Trust Lunt U.S. Factor Rotation ETF,NYSE/AMEX,First Trust,,76226760786.42969,0.65,56654.50213662721,3,136.5,111.0314384765625,0.196,270.4611962890625,0.48,-14.8,9.69,16.33,19.85,-11.18,2026-06-25,107277.0787229196,,1423.47998046875,20260806,,,,,,
FCUS,Pinnacle Focused Opportunities ETF,NYSE/AMEX,Pinnacle,,116786829957.91406,0.8,52860.92668544315,1,,1934.5092934570312,3.6596,1934.5092934570312,3.66,-57.8,13.19,34.55,42.24,-31.26,2025-12-29,800347.8098855646,,1423.47998046875,20260806,,,,,,
FDD,First Trust STOXX European Select Dividend Index Fund,NYSE/AMEX,First Trust,,1263120428308.6875,0.56,29074.57751504518,4,91.0,824.1949086914062,2.8348,1433.444340332031,4.93,36.45,14.75,30.34,16.16,-9.71,2026-06-25,4444839.849414369,,1423.47998046875,20260806,28910.878403320312,0.82,28.231582,13.210570999999998,,0.57
FDEM,Fidelity Emerging Markets Multifactor ETF,NYSE/AMEX,Fidelity Investments,,826775575405.4375,0.25,50462.36639364623,4,91.0,575.085912109375,1.1396,1513.1592192382816,3.0,1.82,12.11,23.95,21.29,-13.12,2026-06-18,3789365.873055325,,1423.47998046875,20260806,50032.64517111328,0.98,19.838710000000003,9.5787495,,0.86
FDEV,Fidelity International Multifactor ETF,NYSE/AMEX,Fidelity Investments,,403070996971.9531,0.18,53394.73167811893,4,91.0,538.0754326171875,1.0077,1558.7105786132813,2.92,27.92,7.63,15.77,12.32,-9.11,2026-06-18,1279541.561545079,,1423.47998046875,20260806,,,,,,
FDHY,Fidelity Enhanced High Yield ETF,NYSE/AMEX,Fidelity Investments,,812955566279.2188,0.35,69693.57854051515,12,31.0,375.79871484375,0.5392,4538.054177734374,6.51,-1.27,-0.61,0.06,4.03,-3.19,2026-07-30,3384367.7630086346,,1423.47998046875,20260806,69565.69440230468,0.63,8.6206906,3.88096,,0.18
FDIS,Fidelity MSCI Consumer Discretionary Index ETF,NYSE/AMEX,Fidelity Investments,,2393517314190.125,0.084,147529.46430695802,4,91.0,284.69599609375,0.193,1060.4925854492185,0.72,0.4,2.03,7.61,19.32,-15.67,2026-06-18,9438957.49733336,,1423.47998046875,20260806,146882.7639858545,1.2,12.1623,5.61937,,0.44
FDL,First Trust Morningstar ETF,NYSE/AMEX,First Trust,,11055201224119.5,0.43,73294.98658359982,4,91.0,673.3060307617187,0.9186,2630.5910039062496,3.59,-7.28,15.06,22.04,12.07,-5.2,2026-06-25,45205526.15976782,,1423.47998046875,20260806,73536.97579101562,0.36,18.71222,13.59529,2006-03-09,-0.33
FDLO,Fidelity Low Volatility Factor ETF,NYSE/AMEX,Fidelity Investments,,2024298402105.375,0.15,104044.56840427592,4,91.0,375.79871484375,0.3612,1397.8573408203124,1.34,9.72,9.53,15.47,9.19,-7.53,2026-06-18,5120944.431741874,,1423.47998046875,20260806,104309.26779079589,0.67,15.14536,9.96377,,-0.25
FDLS,Inspire Fidelis Multi Factor ETF,NYSE/AMEX,Inspire,,327939541397.375,0.66,61366.22282683104,4,91.0,128.1131982421875,0.2088,483.983193359375,0.79,-84.07,19.95,34.0,17.12,-9.55,2026-06-26,1115044.496301476,,1423.47998046875,20260806,,,,,,
FDM,First Trust DJ Select MicroCap ETF,NYSE/AMEX,First Trust,,372238375043.6406,0.6,136013.5164779052,4,91.0,539.4989125976563,0.3967,1777.926495605469,1.31,25.28,21.03,34.67,18.46,-9.3,2026-06-25,683677.3179656861,,1423.47998046875,20260806,,,,,,
FDMO,Fidelity Momentum Factor ETF,NYSE/AMEX,Fidelity Investments,,1286350892768.1875,0.15,136454.7917965576,4,91.0,213.5219970703125,0.1565,809.9601088867187,0.59,-12.33,13.47,22.63,19.26,-12.35,2026-06-18,4593565.165140828,,1423.47998046875,20260806,135361.0316151416,1.18,26.23892,14.41875,,0.81
FDRR,Fidelity Dividend ETF for Rising Rates,NYSE/AMEX,Fidelity Investments,,1048490622178.375,0.15,99358.9069808349,4,91.0,583.6267919921875,0.5874,2002.8363325195312,2.02,-2.76,13.83,25.47,11.59,-9.05,2026-06-18,1162926.112559953,,1423.47998046875,20260806,,,,,,
FDRV,Fidelity Electric Vehicles and Future Transportation ETF,NYSE/AMEX,Fidelity Investments,,36568261201.45508,0.39,25095.95086103212,4,91.0,102.49055859375,0.4084,330.24735546875,1.32,169.77,5.25,17.15,27.85,-19.15,2026-06-18,169031.18718465677,,1423.47998046875,20260806,,,,,,
FDV,Federated Hermes U.S. Strategic Dividend ETF,NYSE/AMEX,Federated,,1253532049365.6875,0.5,46953.48802458495,12,31.0,105.33751855468748,0.2243,1343.7651015625,2.86,11.06,15.01,18.4,10.69,-5.81,2026-07-31,4017739.083025199,,1423.47998046875,20260806,47003.30895507813,0.48,15.12619,,,-0.11
FDVV,Fidelity High Dividend ETF,NYSE/AMEX,Fidelity Investments,,14455456420074.0,0.15,90889.1945808716,4,91.0,738.7861098632812,0.8128,2461.196886230469,2.71,5.11,11.94,18.99,10.58,-10.02,2026-06-18,51481556.80831456,,1423.47998046875,20260806,91045.9361335791,0.78,20.08083,14.652499999999998,2016-09-12,-0.17
FEAC,Fidelity Enhanced U.S. All-Cap Equity ETF,NYSE/AMEX,Fidelity Investments,,24268802002.533203,0.18,47771.99009938352,4,91.0,69.75051904296875,0.146,355.8699951171875,0.74,40.45,15.33,26.0,13.56,-8.39,2026-06-18,193347.792553404,,1423.47998046875,20260806,,,,,,
FEBZ,TrueShares Structured Outcome (February) ETF,NYSE/AMEX,TrueShares,,42976699746.48633,0.79,58752.56905394606,1,,1713.869896484375,2.9171,1713.869896484375,2.92,-9.75,9.58,12.78,10.4,-9.15,2025-12-24,111670.3162073234,,1423.47998046875,20260806,,,,,,
FEDM,FlexShares ESG & Climate Developed Markets ex-US Core Index Fund,NYSE/AMEX,Flexshares Trust,,112604167486.02344,0.12,93125.05686251074,4,91.0,1268.3206625976563,1.362,2639.1318837890626,2.83,20.16,9.49,19.49,16.7,-12.16,2026-06-18,203335.56770768488,,1423.47998046875,20260806,,,,,,
FEGE,First Eagle Global Equity ETF,NYSE/AMEX,First Eagle,,3217259351266.625,0.5,74028.077904718,1,,838.4297084960937,1.1326,838.4297084960937,1.13,,11.79,27.12,12.8,-10.96,2025-12-30,13459577.1162496,,1423.47998046875,20260806,73968.00552910156,0.0,,,2024-12-19,0.08
FEIG,FlexShares ESG & Climate Investment Grade Corporate Core Index Fund,NYSE/AMEX,Flexshares Trust,,68296491182.11914,0.12,57010.3721317444,12,30.0,243.41507666015627,0.427,2751.5868022460936,4.83,-3.45,-3.02,-2.87,4.69,-5.25,2026-08-03,138597.21765408764,,1423.47998046875,20260806,,,,,,
FELC,Fidelity Enhanced Large Cap Core ETF,NYSE/AMEX,Fidelity Investments,,11456271104322.75,0.18,62384.01123007201,4,91.0,123.84275830078124,0.1985,506.75887304687495,0.81,0.28,14.61,24.79,12.92,-9.34,2026-06-18,38002925.20652654,,1423.47998046875,20260806,62294.871827666015,0.99,22.10983,14.13743,2007-04-19,0.14
FELG,Fidelity Enhanced Large Cap Growth ETF,NYSE/AMEX,Fidelity Investments,,7791541071728.25,0.18,63330.62672031857,4,91.0,65.4800791015625,0.1034,219.2159169921876,0.35,-8.33,6.95,15.83,17.37,-16.33,2026-06-18,23175656.52390564,,1423.47998046875,20260806,63177.6144679541,1.2,23.37526,13.41539,2007-04-19,0.24
FELV,Fidelity Enhanced Large Cap Value ETF,NYSE/AMEX,Fidelity Investments,,4683013179700.625,0.18,60754.126000817865,4,91.0,202.13415722656248,0.3327,844.1236284179687,1.39,4.04,22.12,34.0,11.21,-7.28,2026-06-18,5977316.980033814,,1423.47998046875,20260806,60679.90532022461,0.79,20.252791,12.830691,,0.12
FEMG,Fidelity Enhanced Mid Cap Growth ETF,NYSE/AMEX,,,9423437470.703125,0.23,37522.93315397948,1,,35.58699951171875,0.0948,35.58699951171875,0.09,,5.1,,17.19,-6.47,2026-06-18,129375.19370121742,,1423.47998046875,20260806,,,,,,
FEMR,Fidelity Enhanced Emerging Markets ETF,NYSE/AMEX,Fidelity Investments,,238197327873.5078,0.38,57203.96766802855,4,91.0,360.14043505859377,0.6296,876.8636679687502,1.53,44.26,20.68,40.03,25.54,-15.48,2026-06-18,1150500.536038038,,1423.47998046875,20260806,,,,,,
FEMV,Fidelity Enhanced Mid Cap Value ETF,NYSE/AMEX,,,9878951064.453125,0.23,39458.7228973927,1,,98.22011865234376,0.2489,98.22011865234376,0.25,,10.53,,11.52,-2.72,2026-06-18,114244.9342084492,,1423.47998046875,20260806,,,,,,
FENI,Fidelity Enhanced International ETF,NYSE/AMEX,Fidelity Investments,,15598779506308.0,0.28,59117.12185122073,4,91.0,528.1110727539062,0.8933,1674.0124570312505,2.83,33.03,12.12,24.68,16.55,-12.14,2026-06-18,56435340.0609929,,1423.47998046875,20260806,58765.79449488769,0.93,21.22868,11.07825,2007-12-20,0.6
FENY,Fidelity MSCI Energy Index ETF,NYSE/AMEX,Fidelity Investments,,2859842067574.1875,0.084,45636.77012868039,4,91.0,298.9307958984375,0.655,1106.043944824219,2.42,0.13,26.72,36.72,21.23,-15.55,2026-06-18,99993636.16303794,,1423.47998046875,20260806,45251.74530871094,-0.07,13.34726,22.97396,2013-10-21,0.85
FEOE,First Eagle Overseas Equity ETF,NYSE/AMEX,First Eagle,,2285497549390.0,0.5,79914.30641846731,1,,1050.5282255859374,1.3146,1050.5282255859374,1.31,,14.83,30.83,15.27,-12.27,2025-12-30,9735399.699362036,,1423.47998046875,20260806,79618.08226757812,0.0,,,,0.37
FESM,Fidelity Enhanced Small Cap Core ETF,NYSE/AMEX,Fidelity Investments,,8579003090911.5,0.28,68704.26038850099,4,91.0,162.2767177734375,0.2362,485.4066733398438,0.71,-15.17,26.81,45.82,19.25,-10.4,2026-06-18,25106352.230799094,,1423.47998046875,20260806,68606.78134826172,1.28,22.988519,12.3633206,2007-12-20,0.14
FEUS,FlexShares ESG & Climate US Large Cap Core Index Fund,NYSE/AMEX,Flexshares Trust,,159403417738.9414,0.09,119638.65301300584,4,91.0,317.4360356445313,0.2653,1145.9013842773438,0.96,-3.13,13.27,21.54,12.8,-9.77,2026-06-18,223869.110434118,,1423.47998046875,20260806,,,,,,
FEZ,State Street SPDR EURO STOXX 50 ETF,NYSE/AMEX,SPDR,,6403168822143.555,0.29,101892.69960842282,4,91.0,1582.9097382812502,1.5535,2535.217845214844,2.49,22.15,9.5,22.34,18.51,-13.76,2026-06-22,112200260.76667368,Equity EURO STOXX 50 Index,1423.47998046875,20260806,101283.30522231443,1.02,19.47447,11.68214,2002-10-15,0.6
FFEM,Fidelity Fundamental Emerging Markets ETF,NYSE/AMEX,Fidelity Investments,,88446829659.88086,0.6,59209.65152524412,4,91.0,240.5681166992188,0.4063,775.7965893554688,1.31,96.04,20.53,44.52,26.41,-14.53,2026-06-18,615066.2530824578,,1423.47998046875,20260806,,,,,,
FFGX,Fidelity Fundamental Global ex-U.S. ETF,NYSE/AMEX,Fidelity Investments,,77434122342.34375,0.55,48981.94591072388,4,91.0,317.4360356445313,0.6481,745.903509765625,1.52,51.88,11.42,20.04,20.48,-13.03,2026-06-18,280534.7362484116,,1423.47998046875,20260806,,,,,,
FFIU,UVA Unconstrained Medium-Term Fixed Income ETF,NYSE/AMEX,Spinnaker ETF Trust,,74351456872.32031,0.54,30640.406036575325,4,91.0,317.4360356445313,1.036,1264.05022265625,4.13,3.86,-2.01,-2.31,8.09,-7.21,2026-06-29,109187.7957157044,,1423.47998046875,20260806,,,,,,
FFLC,Fidelity Fundamental Large Cap Core ETF,NYSE/AMEX,,,1765115175781.25,0.38,85807.37148500979,4,91.0,182.2054375,0.2123,829.8888286132812,0.97,27.02,12.17,20.39,13.8,-10.18,2026-06-18,4925731.234068547,,1423.47998046875,20260806,,,,,,
FFLG,Fidelity Fundamental Large Cap Growth ETF,NYSE/AMEX,,,881717734702.1484,0.38,47665.22801481933,4,91.0,9.964359863281253,0.0209,62.633119140625006,0.13,41.94,11.36,19.94,21.39,-14.25,2026-06-18,2602852.41732016,,1423.47998046875,20260806,,,,,,
FFLS,The Future Fund Long/Short ETF,NYSE/AMEX,The Future Fund,,61144973311.60352,1.6,33524.23396827467,1,,2173.653930175781,6.4838,2173.653930175781,6.48,98.31,1.12,-7.46,12.13,-16.55,2025-12-26,132519.61245805048,,1423.47998046875,20260806,,,,,,
FFLV,Fidelity Fundamental Large Cap Value ETF,NYSE/AMEX,Fidelity Investments,,23407182381.675293,0.38,41352.09234658815,4,91.0,130.960158203125,0.3167,555.1571923828125,1.34,2.36,17.85,31.29,11.43,-7.64,2026-06-18,138762.5258299687,,1423.47998046875,20260806,,,,,,
FFND,One Global ETF,NYSE/AMEX,The Future Fund,,143221217606.09375,1.0,47544.233519714326,1,,277.57859619140623,0.5838,277.57859619140623,0.58,,10.05,17.73,13.62,-10.53,2025-12-26,459538.83849717706,,1423.47998046875,20260806,,,,,,
FFOX,FundX Future Fund Opportunities ETF,NYSE/AMEX,Fund X,,331028242422.5156,1.02,43323.61244534608,1,,703.1991103515625,1.6231,703.1991103515625,1.62,,10.05,16.97,18.32,-12.41,2025-12-31,622666.5538147626,,1423.47998046875,20260806,,,,,,
FFSM,Fidelity Fundamental Small-Mid Cap ETF,NYSE/AMEX,,,2135219970703.125,0.43,54234.44390002638,4,91.0,55.51571923828125,0.1024,230.6037568359375,0.43,-13.83,22.27,38.14,19.02,-10.48,2026-06-18,4812679.55224117,,1423.47998046875,20260806,,,,,,
FFTY,CapForce IBD 50 ETF,NYSE/AMEX,Capital-FORCE ETF,,113205730125.76952,0.8,53252.52703590505,1,,667.6121108398437,1.2537,667.6121108398437,1.25,81.08,7.32,8.81,36.46,-23.29,2025-12-31,4109944.493350238,,1423.47998046875,20260806,52695.093656982426,1.74,15.45324,-3.19862,,1.06
FGD,First Trust DJ Global Select Dividend,NYSE/AMEX,First Trust,,2220527645513.437,0.55,49563.86741992086,4,91.0,740.20958984375,1.4934,2469.7377661132814,4.98,29.77,13.64,23.17,13.04,-9.82,2026-06-25,6401904.473171158,,1423.47998046875,20260806,49394.75532226563,0.74,23.753111,12.36949,,0.34
FGSM,Frontier Asset Global Small Cap Equity ETF,NYSE/AMEX,"Frontier Asset Management, LLC",,72580334611.02148,0.82,50903.64171229862,4,91.0,270.4611962890625,0.5313,637.7190312500001,1.25,110.33,17.79,29.58,15.27,-9.84,2026-06-29,179643.1988438458,,1423.47998046875,20260806,,,,,,
FHEQ,Fidelity Hedged Equity ETF,NYSE/AMEX,Fidelity Investments,,1322266226478.2812,0.48,48863.51444414817,4,91.0,59.7861591796875,0.1224,257.64987646484377,0.53,-18.1,11.02,17.54,10.24,-7.96,2026-06-18,3601606.3373398497,,1423.47998046875,20260806,48655.45675960937,0.0,,,,0.43
FHLC,Fidelity MSCI Health Care Index ETF,NYSE/AMEX,Fidelity Investments,,4681237769917.625,0.084,113010.07478059085,4,91.0,374.37523486328126,0.3313,1451.949580078125,1.28,0.29,6.48,27.66,15.1,-10.68,2026-06-18,13238371.710220762,,1423.47998046875,20260806,113517.23309685546,0.57,9.88045,5.10686,2013-10-21,-0.45
FHYS,Federated Hermes Short Duration High Yield ETF,NYSE/AMEX,Federated,,78104091736.03125,0.5,32697.334173941053,12,31.0,186.47587744140623,0.5703,1931.662333496094,5.91,-5.7,-1.45,-1.01,3.11,-2.75,2026-07-31,443225.90844621696,,1423.47998046875,20260806,,,,,,
FIAT,YieldMax Short COIN Option Income Strategy ETF,NYSE/AMEX,YieldMax ETFs,,52465600214.53125,1.05,29836.139087390155,44,7.0,377.2221948242188,1.2643,30801.259817382816,103.23,-79.5,-21.97,-38.53,54.15,-46.24,2026-07-30,2816921.391451619,,1423.47998046875,20260806,,,,,,
FIAX,Nicholas Fixed Income Alternative ETF,NYSE/AMEX,Nicholas Wealth Management,,183983717018.64062,0.97,24853.95915574953,12,28.0,166.54715771484376,0.6701,2039.8468120117184,8.21,-10.44,-2.89,-4.17,4.45,-4.83,2026-07-16,301448.00950893085,,1423.47998046875,20260806,,,,,,
FIDI,Fidelity International High Dividend ETF,NYSE/AMEX,Fidelity Investments,,514927416118.15625,0.18,41534.29815333802,4,91.0,599.2850717773438,1.4429,1619.9202177734376,3.9,3.17,11.45,22.87,12.03,-7.85,2026-06-18,1943869.3773121475,,1423.47998046875,20260806,,,,,,
FIDU,Fidelity MSCI Industrials Index ETF,NYSE/AMEX,Fidelity Investments,,3278696109504.625,0.084,141605.23020702973,4,91.0,303.2012358398437,0.2141,1282.555462402344,0.91,-12.1,18.19,24.64,18.22,-12.5,2026-06-18,8709713.002171732,,1423.47998046875,20260806,139747.54211415528,1.11,21.050039,13.969219999999998,,1.33
FIGB,Fidelity Investment Grade Bond ETF,NYSE/AMEX,Fidelity Investments,,739829281544.3281,0.36,60324.80243172683,12,31.0,206.4045971679688,0.3422,2488.2430058593745,4.12,-2.89,-2.26,-2.01,4.07,-4.55,2026-07-30,3600616.7694636188,,1423.47998046875,20260806,60144.05051637696,1.02,4.1410998,-0.13855,,0.3
FIIG,First Trust Intermediate Duration Investment Grade Corporate ETF,NYSE/AMEX,First Trust Advisors L.P.,,919568978410.0,0.49,29145.75314311217,12,30.0,115.30187841796877,0.3956,1461.9139399414062,5.02,9.02,-3.21,-2.92,4.94,-5.4,2026-07-21,3971803.0239687,,1423.47998046875,20260806,29124.400400390627,0.0,5.1611400000000005,,,0.07
FINT,Frontier Asset Total International Equity ETF,NYSE/AMEX,"Frontier Asset Management, LLC",,109717771435.70705,0.87,51985.48953833617,3,136.5,408.5387543945312,0.7859,960.8489868164064,1.85,120.59,14.13,25.99,15.49,-10.08,2026-06-29,156417.79424609605,,1423.47998046875,20260806,,,,,,
FISR,State Street Fixed Income Sector Rotation ETF,NYSE/AMEX,SPDR,,704949990727.5391,0.5,35971.339758062735,12,30.0,109.60795849609374,0.3047,1528.8174990234372,4.25,7.72,-2.3,-2.13,4.48,-4.55,2026-08-03,3821845.718092672,Fixed Income Bloomberg U.S. Aggregate Bond Index,1423.47998046875,20260806,35902.86971938477,1.02,3.5896398000000005,-1.13671,,0.19
FITE,State Street SPDR S&P Kensho Future Security ETF,NYSE/AMEX,SPDR,,217806671811.52344,0.45,158646.83947912604,4,91.0,15.65827978515625,0.0099,203.5576372070313,0.13,13.49,28.67,43.52,27.91,-15.37,2026-06-22,856257.9625116477,Equity S&P Kensho Future Security Index,1423.47998046875,20260806,,,,,,
FIVA,Fidelity International Value Factor ETF,NYSE/AMEX,Fidelity Investments,,835796202205.1875,0.18,56981.9018805176,4,91.0,552.3102324218751,0.9693,1441.9852202148436,2.53,10.23,15.53,34.78,16.21,-12.49,2026-06-18,3975615.0992123424,,1423.47998046875,20260806,56587.31496757813,0.89,23.130889,14.229708999999998,,0.7
FIW,First Trust Water ETF,NYSE/AMEX,First Trust,,2643534513775.375,0.5,161849.66943518072,4,91.0,269.03771630859376,0.1662,1107.4674248046874,0.68,0.65,3.85,3.19,16.64,-13.97,2026-06-25,5384063.028277697,,1423.47998046875,20260806,160511.60259765625,0.97,8.7518305,5.65099,,0.83
FIXT,TCW Core Plus Bond ETF,NYSE/AMEX,TCW,,321141069337.6953,0.4,52967.68877000734,12,30.0,199.28719726562505,0.3762,2989.307958984375,5.64,707.69,-2.73,-2.69,4.08,-4.96,2026-08-03,1051776.5332599047,,1423.47998046875,20260806,,,,,,
FLAU,Franklin FTSE Australia ETF,NYSE/AMEX,Franklin Templeton Investments,,251625071468.46875,0.09,51344.9224610962,2,189.0,690.3877905273438,1.3446,1518.8531391601562,2.96,2.6,13.68,14.01,17.43,-10.01,2026-06-26,816819.261936507,,1423.47998046875,20260806,,,,,,
FLAX,Franklin FTSE Asia ex Japan ETF,NYSE/AMEX,Franklin Templeton Investments,,80671548555.84375,0.19,50967.55995132029,2,189.0,281.8490361328125,0.553,1047.681265625,2.06,42.91,17.7,34.37,23.95,-14.83,2026-06-26,283245.3407473013,,1423.47998046875,20260806,,,,,,
FLBL,Franklin Senior Loan ETF,NYSE/AMEX,Franklin Templeton Investments,,1211311314285.4688,0.45,32747.15575605165,12,30.0,200.71067724609367,0.6129,2452.6560063476563,7.49,-0.17,-1.81,-4.66,3.19,-6.57,2026-08-03,7736806.661185762,,1423.47998046875,20260806,32632.48140345704,0.04,6.519659999999999,5.56639,,0.35
FLBR,Franklin FTSE Brazil ETF,NYSE/AMEX,Franklin Templeton Investments,,795097429144.4062,0.19,31957.126647552475,3,94.5,371.52827490234375,1.1626,1841.9830947265625,5.76,29.66,16.56,29.47,25.33,-18.65,2026-06-26,3865454.804629626,,1423.47998046875,20260806,31745.02704443359,0.94,12.193771,8.06706,,0.67
FLCA,Franklin FTSE Canada ETF,NYSE/AMEX,Franklin Templeton Investments,,1158343738090.625,0.09,77173.96735831909,2,189.0,558.00415234375,0.723,1311.0250620117188,1.7,0.44,11.8,25.89,14.17,-8.55,2026-06-26,2714125.396352548,,1423.47998046875,20260806,,,,,,
FLCB,Franklin U.S. Core Bond ETF,NYSE/AMEX,Franklin Templeton Investments,,4313806657585.625,0.15,30013.362735928968,12,30.0,119.572318359375,0.3984,1316.7189819335936,4.39,4.99,-2.45,-1.93,4.03,-4.28,2026-08-03,9209763.404148225,,1423.47998046875,20260806,29962.91551768555,1.0,4.16865,-0.34079999,,0.17
FLCC,Federated Hermes MDT Large Cap Core ETF,NYSE/AMEX,Federated,,176929542403.10938,0.29,51871.60853342898,1,,233.450716796875,0.4501,233.450716796875,0.45,198.18,12.39,17.27,13.33,-9.38,2025-12-31,803564.9042110519,,1423.47998046875,20260806,,,,,,
FLCE,Frontier Asset U.S. Large Cap Equity ETF,NYSE/AMEX,"Frontier Asset Management, LLC",,114311068024.52344,0.86,45586.51956509985,4,91.0,7.11739990234375,0.0156,139.5010380859375,0.31,3166.67,11.78,20.26,12.22,-8.9,2026-06-29,176711.19376054133,,1423.47998046875,20260806,,,,,,
FLCG,Federated Hermes MDT Large Cap Growth ETF,NYSE/AMEX,Federated,,826477122898.8125,0.39,50219.37825672142,1,,22.7756796875,0.0454,22.7756796875,0.05,-11.11,7.1,12.94,16.82,-15.11,2025-12-31,2298019.8481888184,,1423.47998046875,20260806,,,,,,
FLCH,Franklin FTSE China ETF,NYSE/AMEX,Franklin Templeton Investments,,431318442601.65625,0.19,31487.37836260069,2,189.0,202.13415722656248,0.642,728.8217500000001,2.31,-14.95,-10.3,-4.12,19.8,-23.22,2026-06-26,3335562.2691748342,,1423.47998046875,20260806,31409.98256143066,0.61,8.42885,-1.94347,,0.25
FLCO,Franklin Investment Grade Corporate ETF,NYSE/AMEX,Franklin Templeton Investments,,790282923766.625,0.35,29935.784966683947,12,30.0,136.654078125,0.4565,1426.3269404296873,4.76,3.51,-2.75,-2.68,4.62,-5.17,2026-08-03,2040305.285296945,,1423.47998046875,20260806,,,,,,
FLCV,Federated Hermes MDT Large Cap Value ETF,NYSE/AMEX,Federated,,184268515505.29297,0.32,53378.64758806862,1,,365.83435498046873,0.6854,365.83435498046873,0.69,289.39,20.1,26.29,11.52,-5.7,2025-12-31,522020.607429778,,1423.47998046875,20260806,,,,,,
FLDR,Fidelity Low Duration Bond Factor ETF,NYSE/AMEX,Fidelity Investments,,2819954017607.5625,0.15,71271.36695682444,12,31.0,244.83855664062497,0.3435,3053.364558105469,4.28,-20.47,-0.33,-0.2,1.41,-0.92,2026-07-30,13699156.517685603,,1423.47998046875,20260806,71278.183523208,0.14,5.29254,3.73237,2018-06-12,-0.01
FLEE,Franklin FTSE Europe ETF,NYSE/AMEX,Franklin Templeton Investments,,168271618302.3828,0.09,56997.27462154813,2,189.0,1237.0041030273435,2.1703,1739.4925361328126,3.05,30.56,7.9,20.29,16.42,-12.37,2026-06-26,542911.3313006215,,1423.47998046875,20260806,,,,,,
FLEU,Franklin FTSE Eurozone ETF,NYSE/AMEX,Franklin Templeton Investments,,102123984029.17969,0.09,52476.59186924435,2,189.0,819.92446875,1.5625,1366.54078125,2.6,44.36,9.81,20.55,17.85,-13.41,2026-06-26,356665.58164104144,,1423.47998046875,20260806,,,,,,
FLGB,Franklin FTSE United Kingdom ETF,NYSE/AMEX,Franklin Templeton Investments,,1274066875480.0938,0.09,53181.07175536081,2,189.0,663.3416708984375,1.2473,1506.0418193359376,2.83,-4.43,9.75,20.32,14.95,-10.26,2026-06-26,5489265.317330957,,1423.47998046875,20260806,53053.29815926757,0.74,19.39321,12.22255,,0.24
FLGR,Franklin FTSE Germany ETF,NYSE/AMEX,Franklin Templeton Investments,,54600877124.43359,0.09,48356.89818843454,2,189.0,1422.0565004882812,2.9408,1575.7923383789062,3.26,135.53,1.15,2.78,17.95,-14.44,2026-06-26,329331.6183198724,,1423.47998046875,20260806,,,,,,
FLGV,Franklin U.S. Treasury Bond ETF,NYSE/AMEX,Franklin Templeton Investments,,1472425918247.0938,0.09,28453.797886874527,12,30.0,112.45491845703124,0.3952,1208.5345034179686,4.25,0.59,-2.56,-2.52,3.88,-4.62,2026-08-03,2371293.803889058,,1423.47998046875,20260806,,,,,,
FLHY,Franklin High Yield Corporate ETF,NYSE/AMEX,Franklin Templeton Investments,,1751988367242.0,0.4,34330.06751434691,12,30.0,203.55763720703123,0.5929,2229.1696494140624,6.49,-1.01,-1.18,-0.55,4.15,-3.05,2026-08-03,6024958.10716395,,1423.47998046875,20260806,34305.38354610351,0.62,8.9254,4.61842,,0.07
FLIA,Franklin International Aggregate Bond ETF,NYSE/AMEX,Franklin Templeton Investments,,1090509655839.2812,0.25,28982.05327116698,8,30.0,52.66875927734375,0.1817,837.0062285156249,2.89,-10.5,0.94,-0.97,3.9,-3.08,2026-08-03,2612691.532658033,,1423.47998046875,20260806,,,,,,
FLIN,Franklin FTSE India ETF,NYSE/AMEX,Franklin Templeton Investments,,3787515361638.75,0.19,51380.51163266599,1,,216.36895703125,0.4211,216.36895703125,0.42,-50.65,-7.45,-3.67,15.4,-18.58,2025-12-19,26110121.596372567,,1423.47998046875,20260806,51513.320577197264,0.59,5.78662,4.3905202,2018-02-06,-0.26
FLJH,Franklin FTSE Japan Hedged ETF,NYSE/AMEX,Franklin Templeton Investments,,255031311019.8125,0.09,64924.92277800292,2,189.0,407.11527441406247,0.6271,1604.2619379882813,2.47,34.49,20.44,35.18,19.61,-10.8,2026-06-26,1200055.768684843,,1423.47998046875,20260806,,,,,,
FLJP,Franklin FTSE Japan ETF,NYSE/AMEX,Franklin Templeton Investments,,5614026481640.0,0.09,58177.48409754224,2,189.0,240.5681166992188,0.4135,2404.257687011718,4.13,218.08,17.68,24.6,20.42,-13.3,2026-06-26,33652097.492258735,,1423.47998046875,20260806,57974.98019173828,0.95,19.03805,9.78574,2017-11-02,0.35
FLKR,Franklin FTSE South Korea ETF,NYSE/AMEX,Franklin Templeton Investments,,1980288865142.5,0.09,78775.38233634643,2,189.0,424.1970341796875,0.5385,2095.36253125,2.66,1106.56,65.64,122.52,54.01,-34.46,2026-06-26,21970061.672748625,,1423.47998046875,20260806,79963.00570164551,2.57,41.27178,15.252109,2017-11-02,-1.49
FLLA,Franklin FTSE Latin America ETF,NYSE/AMEX,Franklin Templeton Investments,,157734358992.2422,0.19,39473.099206781015,3,94.5,525.2641127929687,1.3307,1854.794414550781,4.7,13.9,14.12,30.74,21.76,-13.75,2026-06-26,972460.3431090396,,1423.47998046875,20260806,,,,,,
FLMB,Franklin Municipal Green Bond ETF,NYSE/AMEX,Franklin Templeton Investments,,106748312481.57031,0.3,33395.268020031974,12,30.0,130.960158203125,0.3922,1372.2347011718748,4.11,6.05,-1.34,2.53,3.65,-3.91,2026-08-03,325314.3718253968,,1423.47998046875,20260806,,,,,,
FLMI,Franklin Dynamic Municipal Bond ETF,NYSE/AMEX,Franklin Templeton Investments,,3307068775821.25,0.3,35088.92487438768,12,30.0,133.8071181640625,0.3813,1396.4338608398434,3.98,-1.41,-0.96,2.16,3.19,-3.46,2026-08-03,15215279.50830525,,1423.47998046875,20260806,35089.27973654785,0.9,5.6422,1.72736,2017-08-31,-0.0
FLMX,Franklin FTSE Mexico ETF,NYSE/AMEX,Franklin Templeton Investments,,122142007195.79688,0.19,53088.4008975625,3,94.5,1026.3290659179688,1.9332,2021.3415722656248,3.81,15.82,9.63,25.28,21.93,-14.18,2026-06-26,850190.0604400331,,1423.47998046875,20260806,,,,,,
FLOT,iShares Floating Rate Bond ETF,NYSE/AMEX,iShares,,14815991687497.186,0.15,72490.71691934206,12,30.0,251.95595654296875,0.3476,3194.2890761718754,4.41,-14.64,0.13,0.05,1.46,-0.72,2026-08-03,83787986.5989535,Fixed Income,1423.47998046875,20260806,72414.43371321778,0.0,5.5234097,4.31879,2011-06-14,0.11
FLQL,Franklin U.S. Large Cap Multifactor Index ETF,NYSE/AMEX,Franklin Templeton Investments,,2904833327434.3125,0.15,113209.36110903324,4,91.0,318.85951562500003,0.2817,1137.3605043945313,1.0,6.96,14.06,22.34,14.13,-9.25,2026-06-26,6249676.787935416,,1423.47998046875,20260806,112521.92165971192,0.98,22.53856,14.02871,,0.61
FLQM,Franklin U.S. Mid Cap Multifactor Index ETF,NYSE/AMEX,Franklin Templeton Investments,,2240949413153.875,0.3,86946.15981350094,4,91.0,505.3353930664062,0.5812,1403.5512607421874,1.61,28.89,8.07,10.89,12.42,-7.78,2026-06-26,7470858.391852026,,1423.47998046875,20260806,86991.59468800781,0.79,11.8537396,7.57791,,-0.05
FLQS,Franklin U.S. Small Cap Multifactor Index ETF,NYSE/AMEX,Franklin Templeton Investments,,73790207185.6211,0.35,71814.56610067748,4,91.0,197.86371728515627,0.2755,930.9559072265624,1.3,20.22,16.79,21.81,15.13,-9.24,2026-06-26,356840.57232883346,,1423.47998046875,20260806,,,,,,
FLRG,Fidelity U.S. Multifactor ETF,NYSE/AMEX,Fidelity Investments,,413443998080.1875,0.15,60690.06657802127,4,91.0,179.3584775390625,0.2955,808.5366289062499,1.33,11.15,12.36,16.65,10.62,-7.53,2026-06-18,796009.8107054965,,1423.47998046875,20260806,,,,,,
FLRN,State Street SPDR Bloomberg Investment Grade Floating Rate ETF,NYSE/AMEX,SPDR,,4344475135190.4297,0.15,43772.00939941406,12,30.0,153.735837890625,0.3512,1918.8510136718755,4.38,-14.95,0.03,0.0,1.45,-0.68,2026-08-03,31149533.88903836,Fixed Income Bloomberg U.S. Dollar Floating Rate Note < 5 Years Index,1423.47998046875,20260806,43755.65361443848,0.0,5.49305,4.3175302,2011-11-30,0.04
FLRT,Pacer Aristotle Pacific Floating Rate High Income ETF,NYSE/AMEX,Pacer,,938607715677.0938,0.6,66526.33775603026,12,29.0,321.7064755859375,0.4836,4456.915818847657,6.7,-7.23,-0.94,-1.59,2.49,-3.09,2026-07-23,4844314.844002287,,1423.47998046875,20260806,66484.91361977538,0.1,7.95818,6.12292,,0.06
FLSA,Franklin FTSE Saudi Arabia ETF,NYSE/AMEX,Franklin Templeton Investments,,6746809700.748535,0.39,46330.427735434845,2,189.0,837.0062285156249,1.8066,1416.362580566406,3.06,-27.37,3.13,0.33,16.53,-12.23,2026-06-26,153514.48027043135,,1423.47998046875,20260806,,,,,,
FLSP,Franklin Systematic Style Premia ETF,NYSE/AMEX,Franklin Templeton Investments,,1479831111637.9688,0.65,40078.07982752379,1,,1014.9412260742188,2.5324,1014.9412260742188,2.53,151.94,4.82,11.86,9.21,-4.03,2025-12-19,2410677.087938187,,1423.47998046875,20260806,,,,,,
FLSW,Franklin FTSE Switzerland ETF,NYSE/AMEX,Franklin Templeton Investments,,117710953161.23438,0.09,63449.34055444412,2,189.0,1338.071181640625,2.1089,1410.6686606445312,2.22,18.12,6.81,20.57,15.68,-13.38,2026-06-26,361637.4390615942,,1423.47998046875,20260806,,,,,,
FLTB,Fidelity Limited Term Bond ETF,NYSE/AMEX,Fidelity Investments,,616560470371.6719,0.25,71179.54863182083,12,31.0,279.002076171875,0.392,3134.5029169921872,4.4,2.47,-1.41,-1.04,2.32,-2.35,2026-07-30,2236289.4166954923,,1423.47998046875,20260806,,,,,,
FLTR,VanEck IG Floating Rate ETF,NYSE/AMEX,VanEck,,4277260255342.75,0.14,36334.325958450325,12,30.0,128.1131982421875,0.3526,1664.0480971679688,4.58,-12.96,0.14,0.18,1.43,-0.78,2026-08-03,21637052.66143496,,1423.47998046875,20260806,36327.2091015625,0.01,5.9384998,4.6269104,2011-04-25,0.02
FLTW,Franklin FTSE Taiwan ETF,NYSE/AMEX,Franklin Templeton Investments,,3787528116019.375,0.19,141165.08435857669,2,189.0,261.92031640625,0.1855,2334.50716796875,1.65,114.1,59.74,82.87,32.38,-21.48,2026-06-26,27774737.175380114,,1423.47998046875,20260806,139314.9465480908,1.53,40.0125,19.54043,2017-11-02,1.33
FLUD,Franklin Ultra Short Bond ETF,NYSE/AMEX,Franklin Templeton Investments,,799790130187.2188,0.15,35530.059009265155,12,30.0,132.38363818359375,0.3726,1457.6435,4.1,-12.78,-0.2,-0.06,1.92,-0.85,2026-08-03,2845784.6679433086,,1423.47998046875,20260806,,,,,,
FLV,American Century Focused Large Cap Value ETF,NYSE/AMEX,American Century Investments,,525623239710.28125,0.42,125536.70295283198,4,84.0,577.9328720703126,0.4604,1843.406574707031,1.47,-7.23,15.89,23.59,10.39,-7.77,2026-06-09,864230.4240320213,,1423.47998046875,20260806,,,,,,
FLXN,Horizon Flexible Income ETF,NYSE/AMEX,Horizon Investments,,71095263498.75781,0.82,35406.64538447838,6,59.0,318.85951562500003,0.9006,2985.0375190429686,8.43,,-2.0,-1.41,6.41,-5.94,2026-06-29,248955.8943219432,,1423.47998046875,20260806,,,,,,
FLXR,TCW Flexible Income ETF,NYSE/AMEX,TCW,,4958789855217.875,0.4,55323.55183018185,12,30.0,284.69599609375,0.5146,3316.7083544921875,6.0,3.23,-1.81,-1.73,2.99,-2.91,2026-08-03,16007141.52195261,,1423.47998046875,20260806,55247.39326196289,0.7,7.19046,3.20814,2018-11-30,0.14
FMAG,Fidelity Magellan ETF,NYSE/AMEX,Fidelity Investments,,350370625051.2031,0.57,52811.10510333255,1,,42.7043994140625,0.0809,42.7043994140625,0.08,-9.09,8.48,6.12,16.33,-13.97,2025-09-19,967570.4793342196,,1423.47998046875,20260806,,,,,,
FMAT,Fidelity MSCI Materials Index ETF,NYSE/AMEX,Fidelity Investments,,823730740339.375,0.084,85266.4530021362,4,91.0,300.35427587890626,0.3523,1188.6057836914065,1.39,-2.79,10.99,19.09,18.84,-13.79,2026-06-18,2685795.0754402736,,1423.47998046875,20260806,,,,,,
FMDE,Fidelity Enhanced Mid Cap Core ETF,NYSE/AMEX,Fidelity Investments,,11077465270938.5,0.23,59807.5105105713,4,91.0,148.04191796875,0.2475,623.4842314453124,1.04,5.54,14.7,20.73,13.78,-8.6,2026-06-18,30681431.44725237,,1423.47998046875,20260806,59800.50785789063,0.98,18.97365,10.47832,2007-12-20,0.01
FMF,First Trust Managed Futures Strategy Fund,NYSE/AMEX,First Trust,,366683318440.8203,0.98,71601.04193154909,4,91.0,327.4003955078125,0.4573,3592.863470703125,5.02,20.59,6.03,7.85,10.5,-6.05,2026-06-25,1575358.9336885095,,1423.47998046875,20260806,,,,,,
FMKT,The Free Markets ETF,NYSE/AMEX,Free Markets ETF,,16081030563.67578,0.76,32071.00493738707,1,,660.4947109375,2.0595,660.4947109375,2.06,,2.08,3.35,19.85,-19.48,2025-12-23,224233.59129562983,,1423.47998046875,20260806,,,,,,
FMNY,First Trust New York Municipal High Income ETF,NYSE/AMEX,First Trust,,54230123222.64063,0.49,37707.98435680848,12,30.0,119.572318359375,0.3171,1412.0921406249995,3.74,2.59,-0.79,2.36,3.56,-3.47,2026-07-21,221193.25946154344,,1423.47998046875,20260806,,,,,,
FMTL,First Trust Indxx Critical Metals ETF,NYSE/AMEX,,,37252471088.86719,0.65,50271.62168358639,2,195.0,731.6687099609375,1.4554,757.2913496093751,1.51,,19.96,,39.82,-22.44,2026-06-25,292774.20633795427,,1423.47998046875,20260806,,,,,,
FNCL,Fidelity MSCI Financials Index ETF,NYSE/AMEX,Fidelity Investments,,3381164439035.0,0.084,117429.98489847408,4,91.0,437.0083540039062,0.3721,1795.0082553710938,1.53,13.6,5.75,11.83,14.91,-15.28,2026-06-18,8781168.867489332,,1423.47998046875,20260806,117141.51277072754,0.8,20.70701,10.89887,,0.25
FNDA,Schwab Fundamental U.S. Small Company ETF,NYSE/AMEX,Schwab ETFs,,12984271411959.0,0.25,54341.34716836549,4,91.0,138.07755810546877,0.2541,593.5911518554688,1.09,5.17,19.97,30.07,16.93,-9.48,2026-06-24,31372463.091532096,,1423.47998046875,20260806,54220.35245605469,1.06,14.60507,9.12805,2013-08-15,0.22
FNDB,Schwab Fundamental U.S. Broad Market ETF,NYSE/AMEX,Schwab ETFs,,2031928254800.6875,0.25,44846.73559003603,4,91.0,156.5827978515625,0.3492,632.0251113281249,1.41,6.99,17.6,30.56,10.73,-6.65,2026-06-24,3797098.841341528,,1423.47998046875,20260806,44725.74098632813,0.83,19.796601,13.51884,,0.27
FNDC,Schwab Fundamental International Small Equity ETF,NYSE/AMEX,Schwab ETFs,,4349570305269.0,0.39,72213.13875756226,2,195.0,395.7274345703125,0.548,2565.110924804688,3.55,55.08,12.86,18.03,15.4,-11.2,2026-06-24,6898391.85618184,,1423.47998046875,20260806,71956.91301269531,1.03,18.126209,8.22383,,0.36
FNDE,Schwab Fundamental Emerging Markets Equity ETF,NYSE/AMEX,Schwab ETFs,,13804089472733.5,0.39,59231.00285612792,2,195.0,266.19075634765625,0.4494,2115.2912509765624,3.57,7.76,13.01,23.29,16.62,-10.23,2026-06-24,47836703.53191117,,1423.47998046875,20260806,59131.35838867188,0.78,20.178619,10.5753005,2013-08-15,0.17
FNDF,Schwab Fundamental International Equity ETF,NYSE/AMEX,Schwab ETFs,,35768557026683.0,0.25,78127.69633876346,2,195.0,421.35007421875,0.5393,2330.236728027344,2.98,33.31,19.6,34.46,16.44,-10.6,2026-06-24,76615249.48402861,,1423.47998046875,20260806,77821.65053222656,0.96,22.93558,14.23007,2013-08-15,0.39
FNDX,Schwab Fundamental U.S. Large Company ETF,NYSE/AMEX,Schwab ETFs,,38137869077323.0,0.25,45885.87803923339,4,91.0,167.9706376953125,0.3661,656.2242709960937,1.43,7.04,17.47,30.61,10.26,-6.44,2026-06-24,146661953.61132884,,1423.47998046875,20260806,45892.994570312505,0.82,20.29616,14.08833,2013-08-15,-0.02
FNGG,Direxion Daily NYSE FANG+ Bull 2X ETF,NYSE/AMEX,Direxion Funds,,172092238569.96094,0.97,373392.8998779804,5,84.5,959.4255068359377,0.2569,34741.45240332031,9.3,1212.86,31.46,20.18,46.05,-48.35,2026-06-23,2235268.0097865374,,1423.47998046875,20260806,,,,,,
FOWF,Pacer Solactive Whitney Future of Warfare ETF,NYSE/AMEX,Pacer,,22509691065.30957,0.49,52279.29297394119,4,91.0,169.39411767578125,0.324,364.410875,0.7,77.78,16.45,23.53,14.96,-10.16,2026-06-04,110297.63773450811,,1423.47998046875,20260806,,,,,,
FOXY,Simplify Currency Strategy ETF,NYSE/AMEX,Simplify Asset Management,,515830790677.28125,0.81,40127.90140963439,10,32.0,327.4003955078125,0.8159,3530.2303515625,8.8,350.91,4.08,5.56,10.86,-7.29,2026-07-28,1434795.5363055756,,1423.47998046875,20260806,,,,,,
FPAG,FPA Global Equity ETF,NYSE/AMEX,FPA,,813262946852.2812,0.49,60896.47182680666,3,137.0,187.899357421875,0.3086,765.8322294921876,1.26,-12.8,14.23,25.59,15.3,-12.13,2026-06-16,2345774.919537244,,1423.47998046875,20260806,,,,,,
FPE,First Trust Preferred Securities and Income ETF ETF,NYSE/AMEX,First Trust,,8990355917185.5,0.83,25401.99927403871,12,30.0,115.30187841796877,0.4539,1521.7000991210937,5.99,4.09,-2.33,-0.58,4.39,-5.19,2026-07-21,23612943.68953348,,1423.47998046875,20260806,25366.413251953127,0.73,9.5621206,2.77418,2013-02-11,0.14
FPEI,First Trust Institutional Preferred Securities and Income ETF,NYSE/AMEX,First Trust,,2745656288563.625,0.85,27296.36786994897,12,30.0,135.23059814453126,0.4954,1580.0627783203124,5.79,4.72,-1.36,0.42,4.18,-4.39,2026-07-21,6930644.434222978,,1423.47998046875,20260806,27216.937226562502,0.66,9.97987,4.0047497000000005,,0.29
FPFD,Fidelity Preferred Securities & Income ETF,NYSE/AMEX,Fidelity Investments,,114948764280.09377,0.59,30320.122497955337,12,31.0,116.7253583984375,0.385,1594.2975781249995,5.26,2.94,-2.74,-1.93,3.27,-4.8,2026-07-30,446296.4462379516,,1423.47998046875,20260806,,,,,,
FPWR,First Trust EIP Power Solutions ETF,NYSE/AMEX,,,42220416220.703125,0.96,52184.77586677857,4,91.0,259.07335644531247,0.4965,1014.9412260742184,1.94,0.85,9.91,11.14,10.94,-5.37,2026-06-25,157345.72877162005,,1423.47998046875,20260806,,,,,,
FPX,First Trust US Equity Opportunities ETF,NYSE/AMEX,First Trust,,2085551861673.25,0.57,258681.9081389159,4,91.0,7.11739990234375,0.0028,1212.8049433593749,0.47,323.88,10.08,18.88,26.41,-16.29,2026-06-25,6319642.427832007,,1423.47998046875,20260806,255642.7696923828,1.56,26.025102,7.37213,,1.19
FQAL,Fidelity Quality Factor ETF,NYSE/AMEX,Fidelity Investments,,2010926527252.6875,0.15,120469.10683736578,4,91.0,358.716955078125,0.2978,1349.459021484375,1.12,10.88,11.9,18.7,11.56,-8.76,2026-06-18,3372155.1349260854,,1423.47998046875,20260806,120218.23663531253,0.88,19.7127,11.8329294,,0.21
FRDM,Freedom 100 Emerging Markets ETF,NYSE/AMEX,"Life + Liberty Investments, LLC",,4759232993904.75,0.49,95608.03419141844,4,91.0,469.74839355468754,0.4913,1565.827978515625,1.64,10.0,27.67,63.98,30.9,-19.61,2026-06-29,19366869.543532018,,1423.47998046875,20260806,96102.26513740236,1.45,31.69298,17.66403,2019-05-22,-0.51
FREL,Fidelity MSCI Real Estate Index ETF,NYSE/AMEX,Fidelity Investments,,2125865361336.4373,0.084,42455.29150350951,4,91.0,388.6100346679688,0.9153,1373.6581811523438,3.24,-0.31,10.91,9.73,14.2,-9.27,2026-06-18,8179910.60946324,,1423.47998046875,20260806,42384.102183657225,0.99,9.96886,2.11206,,0.17
FRGN,Horizon International Equity ETF,NYSE/AMEX,Horizon Investments,,145632831837.64453,0.75,44733.001199048944,1,,91.10271875,0.2037,91.10271875,0.2,,20.08,,21.94,-12.4,2025-12-24,1181312.3413093658,,1423.47998046875,20260806,,,,,,
FRI,First Trust S&P REIT Index Fund,NYSE/AMEX,First Trust,,285713841218.9844,0.5,45722.1754522156,4,91.0,253.37943652343748,0.5542,1107.4674248046874,2.42,-7.6,17.4,19.49,13.7,-7.88,2026-06-25,848780.4087176836,,1423.47998046875,20260806,,,,,,
FRNW,Fidelity Clean Energy ETF,NYSE/AMEX,Fidelity Investments,,139373369013.44922,0.39,32768.50980200805,4,91.0,197.86371728515627,0.6038,392.880474609375,1.2,30.19,8.53,37.58,28.05,-22.52,2026-06-18,1442015.2524830336,,1423.47998046875,20260806,,,,,,
FRTY,Alger Mid Cap 40 ETF,NYSE/AMEX,Alger,,203650265896.3203,0.6,33124.379797125235,1,,58.36267919921875,0.1762,58.36267919921875,0.18,115.79,8.48,15.14,27.76,-19.91,2025-12-18,749149.8368701555,,1423.47998046875,20260806,,,,,,
FSCC,Federated Hermes MDT Small Cap Core ETF,NYSE/AMEX,Federated,,440358018766.9063,0.36,51416.0953740906,1,,115.30187841796877,0.2243,115.30187841796877,0.22,88.37,19.76,34.28,19.44,-11.07,2025-12-31,1440651.3684467757,,1423.47998046875,20260806,,,,,,
FSEC,Fidelity Investment Grade Securitized ETF,NYSE/AMEX,Fidelity Investments,,6546494876203.25,0.36,61835.96839671023,13,30.0,199.28719726562505,0.3223,2764.3981220703126,4.47,42.06,-1.47,-0.55,4.77,-3.82,2026-07-30,10641226.299680049,,1423.47998046875,20260806,61715.67205841309,1.14,5.10991,0.34828999,,0.19
FSEG,Fidelity Enhanced Small Cap Growth ETF,NYSE/AMEX,,,9708133466.796875,0.28,39672.388250296,1,,12.81131982421875,0.0323,12.81131982421875,0.03,,10.38,,22.2,-7.8,2026-06-18,150688.64198371547,,1423.47998046875,20260806,,,,,,
FSEV,Fidelity Enhanced Small Cap Value ETF,NYSE/AMEX,,,9750837866.210938,0.28,38761.35921654664,1,,103.91403857421876,0.2681,103.91403857421876,0.27,,8.14,,14.99,-4.16,2026-06-18,117367.76224961922,,1423.47998046875,20260806,,,,,,
FSIG,First Trust Limited Duration Investment Grade Corporate ETF,NYSE/AMEX,First Trust,,2155056858889.1875,0.44,26789.75161423534,12,30.0,103.91403857421876,0.3879,1301.060702148437,4.86,4.34,-1.9,-1.83,2.78,-3.16,2026-07-21,7035999.386026238,,1423.47998046875,20260806,26747.18883300781,0.45,5.08316,,,0.16
FSMB,First Trust Short Duration Managed Municipal ETF,NYSE/AMEX,First Trust,,885026107157.875,0.34,28362.83752481081,12,30.0,75.44443896484374,0.266,898.2158676757814,3.17,3.78,-0.62,-0.3,1.72,-2.12,2026-07-21,2406312.0471281987,,1423.47998046875,20260806,,,,,,
FSMD,Fidelity Small-Mid Multifactor ETF,NYSE/AMEX,Fidelity Investments,,3564112910309.125,0.15,74590.35314862058,4,91.0,239.14463671875,0.3206,905.3332675781252,1.21,13.37,17.81,25.0,16.01,-8.79,2026-06-18,6173663.857125879,,1423.47998046875,20260806,73812.9458548291,0.96,16.443089999999998,10.23908,,1.05
FSML,Franklin Small Cap Enhanced ETF,NYSE/AMEX,,,214433024257.8125,0.45,43616.566063229,3,89.0,105.33751855468748,0.2415,169.39411767578125,0.39,,23.1,,20.28,-10.93,2026-06-26,1407098.6923006317,,1423.47998046875,20260806,,,,,,
FSTA,Fidelity MSCI Consumer Staples Index ETF,NYSE/AMEX,Fidelity Investments,,2016571251706.4373,0.084,76469.48747220263,4,91.0,421.35007421875,0.551,1656.9306972656252,2.17,3.93,9.32,4.33,13.88,-9.8,2026-06-18,8090706.126030941,,1423.47998046875,20260806,76559.09496354981,0.53,8.039250000000001,7.07149,,-0.12
FSYD,Fidelity Sustainable High Yield ETF,NYSE/AMEX,Fidelity Investments,,206554187832.15625,0.55,68846.61164463498,12,31.0,374.37523486328126,0.5438,4380.047899902344,6.36,-2.81,-0.24,1.3,4.46,-3.64,2026-07-30,1063837.4264097025,,1423.47998046875,20260806,,,,,,
FTBD,Fidelity Tactical Bond ETF,NYSE/AMEX,Fidelity Investments,,54993928416.64063,0.55,69296.85756313987,12,31.0,280.42555615234374,0.4047,3500.3372719726563,5.05,7.38,-1.52,-1.47,4.38,-4.38,2026-07-30,221743.51160012963,,1423.47998046875,20260806,,,,,,
FTBI,First Trust Balanced Income ETF,NYSE/AMEX,First Trust,,30596443823.873047,0.98,31245.3866573181,12,30.0,197.86371728515627,0.6333,2331.6602080078123,7.46,585.36,2.9,6.15,7.86,-6.42,2026-07-21,112103.61638379953,,1423.47998046875,20260806,,,,,,
FTCA,Franklin California Municipal Income ETF,NYSE/AMEX,,,797960172651.3672,0.35,10348.699430857088,9,30.0,41.28091943359375,0.3989,321.7064755859375,3.11,,-0.95,,3.64,-3.21,2026-08-03,1216441.869250958,,1423.47998046875,20260806,,,,,,
FTCB,First Trust Core Investment Grade ETF,NYSE/AMEX,First Trust,,3620521162883.0,0.56,29333.22619069554,12,30.0,113.8783984375,0.3882,1591.4506181640627,5.43,5.47,-2.75,-2.34,4.49,-5.09,2026-07-21,13086216.941082137,,1423.47998046875,20260806,29352.157197265627,0.0,,,2023-11-07,-0.06
FTCE,First Trust New Constructs Core Earnings Leaders ETF,NYSE/AMEX,First Trust,,119418354764.6875,0.6,39060.29142428283,4,91.0,85.408798828125,0.2187,253.37943652343748,0.65,-20.54,9.73,22.82,13.82,-10.34,2026-06-25,285778.76961742266,,1423.47998046875,20260806,,,,,,
FTEC,Fidelity MSCI Information Technology Index ETF,NYSE/AMEX,Fidelity Investments,,28257946857888.0,0.084,408880.37568867207,4,91.0,411.3857143554688,0.1006,1426.3269404296875,0.35,11.21,27.39,39.55,24.58,-16.45,2026-06-18,82296360.66459626,,1423.47998046875,20260806,406699.76060776366,1.46,31.19676,19.09854,2013-10-21,0.54
FTHB,FIS Faith Income ETF,NYSE/AMEX,,,17281046962.890625,0.65,35985.574883676134,5,30.5,83.98531884765625,0.2334,448.39619384765626,1.25,,1.04,,4.28,-1.42,2026-07-31,143177.0621319612,,1423.47998046875,20260806,,,,,,
FTHF,First Trust Emerging Markets Human Flourishing ETF,NYSE/AMEX,First Trust,,175487454692.33594,0.75,64042.36671055295,4,91.0,381.492634765625,0.5957,2129.52605078125,3.33,103.81,32.21,66.6,34.86,-21.48,2026-06-25,472343.735650416,,1423.47998046875,20260806,,,,,,
FTKI,First Trust Small Cap BuyWrite Income ETF,NYSE/AMEX,First Trust,,35388851098.4375,0.86,28660.34703450743,12,30.0,283.27251611328126,0.9884,3241.263915527344,11.31,199.61,5.95,8.92,10.44,-6.32,2026-07-21,159912.8059394046,,1423.47998046875,20260806,,,,,,
FTLS,First Trust Long/Short Equity,NYSE/AMEX,First Trust,,3549127241896.5,1.38,107864.1976920776,4,91.0,294.66035595703124,0.2732,936.6498271484376,0.87,-28.79,6.71,13.3,8.48,-3.79,2026-06-25,8032705.946020727,,1423.47998046875,20260806,107757.43452148438,0.48,13.44324,10.1663105,,0.1
FTMA,Franklin Massachusetts Municipal Income ETF,NYSE/AMEX,Franklin Templeton Investments,,407889920831.59375,0.35,12711.676659997553,9,30.0,44.12787939453125,0.3471,337.3647553710938,2.65,,-0.91,,3.52,-2.63,2026-08-03,1041423.7893898383,,1423.47998046875,20260806,,,,,,
FTMH,Franklin Municipal High Yield ETF,NYSE/AMEX,,,802045560195.3125,0.35,16483.89806522522,9,30.0,72.59747900390624,0.4404,590.7441918945312,3.58,,-0.17,,4.19,-3.46,2026-08-03,1875765.681902861,,1423.47998046875,20260806,,,,,,
FTMN,Franklin Minnesota Municipal Income ETF,NYSE/AMEX,Franklin Templeton Investments,,274428241401.3516,0.35,12426.979577874765,9,30.0,41.28091943359375,0.3322,307.47167578125,2.47,,-1.19,,4.17,-3.45,2026-08-03,606239.2498949618,,1423.47998046875,20260806,,,,,,
FTMS,Franklin Short-Term Municipal Income ETF,NYSE/AMEX,,,274048365839.84375,0.21,14071.099932742303,9,30.0,39.85743945312501,0.2833,357.29347509765626,2.54,,-0.5,,2.01,-1.79,2026-08-03,788642.4642450969,,1423.47998046875,20260806,,,,,,
FTMU,Franklin Municipal Income ETF,NYSE/AMEX,,,658871943759.7656,0.3,11053.321858284762,9,30.0,51.245279296875,0.4636,357.29347509765626,3.23,,-0.77,,3.83,-3.38,2026-08-03,875437.0306918805,,1423.47998046875,20260806,,,,,,
FTNJ,Franklin New Jersey Municipal Income ETF,NYSE/AMEX,Franklin Templeton Investments,,243264324436.3047,0.35,12341.571539266966,9,30.0,44.12787939453125,0.3576,328.82387548828126,2.66,,-0.97,,3.35,-2.98,2026-08-03,774893.3010182973,,1423.47998046875,20260806,,,,,,
FTNY,Franklin New York Municipal Income ETF,NYSE/AMEX,,,842515096040.0391,0.36,11088.90899355011,9,30.0,44.12787939453125,0.3979,333.0943154296875,3.0,,-0.92,,4.15,-3.37,2026-08-03,1288014.5617456778,,1423.47998046875,20260806,,,,,,
FTOH,Franklin Ohio Municipal Income ETF,NYSE/AMEX,Franklin Templeton Investments,,106098488176.5664,0.35,11871.823254315184,9,30.0,41.28091943359375,0.3477,345.90563525390627,2.91,,-0.66,,3.63,-2.87,2026-08-03,243358.6871955253,,1423.47998046875,20260806,,,,,,
FTPA,Franklin Pennsylvania Municipal Income ETF,NYSE/AMEX,,,137721688110.35156,0.35,12213.458123818971,9,30.0,44.12787939453125,0.3613,338.78823535156255,2.77,,-0.69,,4.17,-3.24,2026-08-03,384752.59897708375,,1423.47998046875,20260806,,,,,,
FTRB,Federated Hermes Total Return Bond ETF,NYSE/AMEX,Federated,,833198772590.9062,0.39,35310.98794682603,12,31.0,140.92451806640625,0.3991,1550.1696987304688,4.39,0.46,-2.3,-1.58,3.73,-4.02,2026-07-31,2565744.391503497,,1423.47998046875,20260806,,,,,,
FTSD,Franklin Short Duration U.S. Government ETF,NYSE/AMEX,Franklin Templeton Investments,,429676407198.9063,0.25,128141.66306326912,12,30.0,479.7127534179688,0.3744,5686.802521972656,4.44,-5.91,-1.04,-0.83,1.84,-1.57,2026-08-03,2743009.051470783,,1423.47998046875,20260806,,,,,,
FTWO,Strive Natural Resources and Security ETF,NYSE/AMEX,Strive AM,,102410889266.20312,0.49,64440.939367437735,4,91.0,85.408798828125,0.1325,579.3563520507813,0.9,3.3,8.95,22.07,19.04,-14.7,2026-06-29,498016.9685913937,,1423.47998046875,20260806,,,,,,
FUMB,First Trust Ultra Short Duration Municipal ETF,NYSE/AMEX,First Trust,,350841580555.78125,0.29,28540.7725223694,12,30.0,62.633119140625,0.2195,784.3374692382813,2.75,-9.08,-0.2,-0.4,1.27,-0.74,2026-07-21,1502252.0192882796,,1423.47998046875,20260806,,,,,,
FUSD,Federated Hermes Ultrashort Bond ETF,NYSE/AMEX,Federated,,36277404384.00586,0.18,35643.940014172345,1,,135.23059814453126,0.3794,135.23059814453126,0.38,,0.08,,,-0.76,2026-07-31,826404.5425936792,,1423.47998046875,20260806,,,,,,
FUSI,American Century Multisector Floating Income ETF,NYSE/AMEX,American Century Investments,,32362623762.679688,0.27,71800.32825999148,11,29.0,290.389916015625,0.4044,3409.2345532226564,4.75,-15.34,0.19,-0.14,1.78,-1.2,2026-07-07,242354.8320634697,,1423.47998046875,20260806,,,,,,
FUTY,Fidelity MSCI Utilities Index ETF,NYSE/AMEX,Fidelity Investments,,3306487904886.5,0.084,80170.39206558838,4,91.0,570.8154721679688,0.712,2152.30173046875,2.68,3.92,0.82,1.97,14.85,-9.51,2026-06-18,16640225.957465457,,1423.47998046875,20260806,80115.40346835449,0.51,14.16766,8.37716,2013-10-21,0.07
FVAL,Fidelity Value Factor ETF,NYSE/AMEX,Fidelity Investments,,1894121180667.1875,0.15,117949.55205046386,4,91.0,422.7735541992187,0.3584,1783.6204155273435,1.51,25.93,14.2,27.83,12.23,-9.31,2026-06-18,2947501.518227262,,1423.47998046875,20260806,,,,,,
FVD,First Trust VL Dividend,NYSE/AMEX,First Trust,,11798597951476.0,0.62,72063.67401123047,4,91.0,414.2326743164063,0.5748,1592.8740981445312,2.21,9.71,9.6,11.78,10.21,-7.43,2026-06-25,36697338.06801815,,1423.47998046875,20260806,72042.32181152343,0.48,10.6267795,6.79677,2003-08-19,0.03
FWD,AB Disruptors ETF,NYSE/AMEX,AllianceBernstein,,4234707997469.0,0.65,188027.4654071778,1,,160.85323779296874,0.0855,160.85323779296874,0.09,-92.49,23.68,42.77,29.67,-20.49,2025-12-17,22286827.512162045,,1423.47998046875,20260806,187038.29438168948,1.76,32.883653,,2023-03-21,0.53
FXA,Invesco CurrencyShares Australian Dollar Trust,NYSE/AMEX,Invesco,,138343783025.33594,0.4,99173.84763278812,11,31.0,129.53667822265623,0.1306,1026.3290659179688,1.03,-20.42,5.11,8.25,7.95,-5.05,2026-08-03,1104813.8647268226,,1423.47998046875,20260806,,,,,,
FXB,Invesco CurrencyShares British Pound Sterling Trust,NYSE/AMEX,Invesco,,91961350486.3789,0.4,184221.0856736377,12,30.0,321.7064755859375,0.1746,3914.569946289064,2.12,-20.57,0.12,0.82,6.5,-4.89,2026-08-03,2766293.915867536,,1423.47998046875,20260806,,,,,,
FXC,Invesco CurrencyShares Canadian Dollar Trust,NYSE/AMEX,Invesco,,99264360790.33594,0.4,99223.67464504392,12,30.0,9.964359863281253,0.01,204.9811171875,0.21,-79.72,-2.02,-2.06,4.33,-5.18,2026-08-03,2620432.3559829285,,1423.47998046875,20260806,,,,,,
FXD,First Trust Cons. Discret. AlphaDEX,NYSE/AMEX,First Trust,,383150066527.84375,0.6,101963.86709127204,4,91.0,139.5010380859375,0.1368,602.1320317382813,0.59,-41.41,3.78,10.28,19.87,-14.09,2026-06-25,1141340.2530316964,,1423.47998046875,20260806,,,,,,
FXE,Invesco CurrencyShares Euro Currency Trust,NYSE/AMEX,Invesco,,491383330549.3594,0.4,151486.73691501468,12,30.0,118.14883837890626,0.078,1141.6309443359376,0.75,-43.6,-1.55,-1.04,5.8,-5.69,2026-08-03,15977587.399691092,,1423.47998046875,20260806,151742.96591796874,11.77,3.13387,0.327,2005-12-09,-0.17
FXED,Sound Enhanced Fixed Income ETF,NYSE/AMEX,Sound ETF,,56149788466.86133,1.89,24740.080865914933,24,14.0,56.93919921875,0.2301,1773.6560556640625,7.17,2.47,-3.0,-5.44,7.05,-9.46,2026-07-30,138651.2078157934,,1423.47998046875,20260806,,,,,,
FXG,First Trust Cons. Staples AlphaDEX,NYSE/AMEX,First Trust,,326357018845.64844,0.63,93408.76022806393,4,91.0,424.1970341796875,0.4541,2177.924370117188,2.33,6.92,7.64,2.9,14.1,-13.16,2026-06-25,1211577.1962005494,,1423.47998046875,20260806,,,,,,
FXH,First Trust Health Care AlphaDEX,NYSE/AMEX,First Trust,,1491573796571.25,0.61,181607.5785146728,4,91.0,167.9706376953125,0.0925,1460.4904599609372,0.8,197.39,11.33,29.44,16.07,-12.35,2026-06-25,3238224.250633513,,1423.47998046875,20260806,181678.74990722656,0.79,7.43255,1.24525,,-0.04
FXI,iShares China Large-Cap ETF,NYSE/AMEX,iShares,,6117887548547.723,0.73,51131.54490588792,2,181.0,374.37523486328126,0.7322,966.5429067382812,1.89,-29.27,-9.79,-4.95,20.33,-24.34,2026-06-15,1151606504.0189896,Equity,1423.47998046875,20260806,51303.04411448242,0.4,10.15273,-0.1416700099999999,2004-10-05,-0.33
FXL,First Trust Technology AlphaDEX,NYSE/AMEX,First Trust,,3658137839865.75,0.6,303107.1422840059,1,,14.2347998046875,0.0047,14.2347998046875,0.0,-80.39,25.84,33.75,26.24,-15.21,2025-09-25,10263233.466125732,,1423.47998046875,20260806,301265.3030664062,1.41,22.791241,11.0243194,,0.61
FXN,First Trust Energy AlphaDEX Fund,NYSE/AMEX,First Trust,,539678020542.7188,0.63,30519.411541470326,4,91.0,88.2557587890625,0.2892,511.0293129882813,1.67,-20.93,27.24,40.59,23.42,-13.68,2026-06-25,21088666.65383525,,1423.47998046875,20260806,30120.83638671875,-0.01,9.39341,18.354100000000003,2007-05-08,1.32
FXO,First Trust Financials AlphaDEX,NYSE/AMEX,First Trust,,1606608288509.6875,0.6,94953.09351986274,4,91.0,344.4821552734375,0.3628,1861.9118144531249,1.96,18.05,9.89,17.44,15.57,-12.46,2026-06-25,11319745.046785058,,1423.47998046875,20260806,95188.10629394533,0.88,20.276889,11.41131,2007-05-08,-0.25
FXP,ProShares UltraShort FTSE China 50,NYSE/AMEX,ProShares,,8052308813.476074,0.95,27901.34577561915,4,91.0,159.4297578125,0.5714,926.6854672851564,3.32,-68.7,15.98,-1.21,40.81,-25.65,2026-06-24,202592.2655456969,,1423.47998046875,20260806,,,,,,
FXR,First Trust Industrials AlphaDEX,NYSE/AMEX,First Trust,,1055628884603.3124,0.6,130938.8068722412,4,91.0,226.3333168945313,0.1729,827.0418686523437,0.63,9.42,13.0,19.69,19.77,-13.75,2026-06-25,8827022.895700645,,1423.47998046875,20260806,129664.79142089844,1.16,15.18216,9.5602,,0.98
FXU,First Trust Utilities AlphaDEX Fund,NYSE/AMEX,First Trust,,1182939832304.1875,0.61,68198.925647052,4,91.0,308.89515576171874,0.4529,1514.58269921875,2.22,13.8,5.27,7.33,13.62,-8.63,2026-06-25,21218600.33873346,,1423.47998046875,20260806,68170.45626464844,0.48,18.301189,11.437821,2007-05-08,0.04
FXZ,First Trust Materials AlphaDEX Fund,NYSE/AMEX,First Trust,,524075358967.3594,0.64,116184.43991556393,4,91.0,230.6037568359375,0.1985,1548.7462187499998,1.33,1.97,22.94,42.22,22.96,-12.74,2026-06-25,3051628.4122312325,,1423.47998046875,20260806,115031.41722167969,0.91,8.56623,8.9104004,,1.0
FYEE,Fidelity Yield Enhanced Equity ETF,NYSE/AMEX,Fidelity Investments,,310688307799.1953,0.28,42739.9858705597,4,91.0,1041.987345703125,2.438,3511.725111816406,8.22,16.15,4.54,12.1,11.48,-10.09,2026-06-18,1904922.195529984,,1423.47998046875,20260806,,,,,,
FYLD,Cambria Foreign Shareholder Yield ETF,NYSE/AMEX,Cambria,,1012594420039.2188,0.59,55942.76214639284,4,91.0,515.2997529296874,0.9211,1841.9830947265625,3.29,45.23,19.34,29.49,12.41,-6.56,2026-06-18,2220554.48320635,,1423.47998046875,20260806,,,,,,
GAA,Cambria Global Asset Allocation ETF,NYSE/AMEX,Cambria,,103305381310.25,0.4,50298.66380662844,4,91.0,283.27251611328126,0.5632,1733.7986162109376,3.45,-0.65,8.81,15.4,9.56,-6.52,2026-06-23,196147.70713860865,,1423.47998046875,20260806,,,,,,
GABF,Gabelli ETFs Trust Gabelli Financial Services Opportunities ETF,NYSE/AMEX,Gabelli,,73752695641.17578,1.24,66403.91513274051,1,,1291.0963422851562,1.9443,1291.0963422851562,1.94,-52.41,0.39,-1.88,17.65,-18.73,2025-12-29,294949.41659349843,,1423.47998046875,20260806,,,,,,
GAEM,Simplify Gamma Emerging Market Bond ETF,NYSE/AMEX,Simplify Asset Management,,57828202323.99219,0.76,38233.39162994921,10,32.0,199.28719726562505,0.5212,2419.915966796875,6.33,-2.75,0.8,3.05,5.64,-4.68,2026-07-28,400158.28360790847,,1423.47998046875,20260806,,,,,,
GAL,State Street Global Allocation ETF,NYSE/AMEX,SPDR,,446915774667.9688,0.35,76339.81017494015,4,91.0,636.2955512695313,0.8335,2414.222046875,3.16,29.86,7.82,13.14,9.85,-6.53,2026-06-25,726843.1896802895,Multi-Asset MSCI ACWI IMI Index,1423.47998046875,20260806,,,,,,
GAMR,Amplify Video Game Leaders ETF,NYSE/AMEX,Amplify ETFs,,54631715394.73047,0.59,136351.4452733174,1,,670.4590708007812,0.4917,670.4590708007812,0.49,18.94,5.42,6.61,23.53,-29.72,2025-12-30,139666.6347572965,,1423.47998046875,20260806,,,,,,
GARP,iShares MSCI USA Quality GARP ETF,NYSE/AMEX,iShares,,3980943823929.46,0.15,118148.83837890624,4,91.0,75.44443896484374,0.0639,307.47167578125,0.26,-9.24,21.04,34.57,20.1,-13.74,2026-06-15,17686540.31601086,Equity,1423.47998046875,20260806,,,,,,
GBF,iShares Government/Credit Bond ETF,NYSE/AMEX,iShares,,182233764993.6029,0.2,145770.04296421632,12,30.0,483.98319335937504,0.332,5558.6893237304685,3.81,-2.55,-2.27,-1.92,3.86,-4.15,2026-08-03,633439.7894064914,Fixed Income,1423.47998046875,20260806,,,,,,
GBIL,Goldman Sachs Access Treasury 0-1 Year ETF,NYSE/AMEX,Goldman Sachs,,10811694589227.0,0.12,142241.241392456,12,30.0,434.1613940429688,0.3052,5228.441968261719,3.68,-15.68,-0.05,0.03,1.05,-0.39,2026-08-03,73722405.19146831,,1423.47998046875,20260806,142234.1196484375,0.01,4.55205,3.4408800000000004,2016-09-06,0.01
GBND,Goldman Sachs Core Bond ETF,NYSE/AMEX,Goldman Sachs,,743514477620.4844,0.25,70855.56444925442,12,30.0,266.19075634765625,0.3757,2711.7293627929685,3.83,829.27,-1.96,-1.26,3.84,-4.01,2026-08-03,2789035.7683917345,,1423.47998046875,20260806,,,,,,
GCAD,Gabelli Commercial Aerospace and Defense ETF,NYSE/AMEX,Gabelli,,63910140112.86328,0.1,81317.57539854199,1,,1360.846861328125,1.6735,1360.846861328125,1.67,55.19,20.33,32.84,21.42,-14.96,2025-12-29,235639.6148279197,,1423.47998046875,20260806,,,,,,
GCAL,Goldman Sachs Dynamic California Municipal Income ETF,NYSE/AMEX,Goldman Sachs,,247301974155.625,0.3,71857.26876244508,12,30.0,220.63939697265624,0.3071,2589.3100844726564,3.6,19.83,-0.86,1.61,2.71,-2.8,2026-08-03,810097.2514165293,,1423.47998046875,20260806,,,,,,
GCC,WisdomTree EnhancedContinuous Commodity Index Fund,NYSE/AMEX,WisdomTree,,384082958367.84375,0.57,34476.68414952699,2,59.0,454.0901137695313,1.3171,1998.565892578125,5.8,112.41,13.87,20.92,18.4,-15.86,2025-12-26,1229148.5599825962,,1423.47998046875,20260806,,,,,,
GCOR,Goldman Sachs Access U.S. Aggregate Bond ETF,NYSE/AMEX,Goldman Sachs,,1134740845716.875,0.08,57764.820213891566,12,30.0,196.4402373046875,0.3401,2434.1507666015623,4.21,0.06,-2.26,-1.79,3.87,-4.22,2026-08-03,2913783.782235377,,1423.47998046875,20260806,,,,,,
GCOW,Pacer Global Cash Cows Dividend ETF,NYSE/AMEX,Pacer,,4899028658183.125,0.6,66262.99200479127,4,91.0,596.4381118164063,0.9001,3030.5888784179683,4.57,101.61,11.66,20.5,11.35,-9.51,2026-06-04,11143066.482739815,,1423.47998046875,20260806,65735.4514100586,0.37,16.423401000000002,13.19244,2016-02-22,0.8
GDE,WisdomTree Efficient Gold Plus Equity Strategy Fund,NYSE/AMEX,WisdomTree,,615408658698.5156,0.2,93949.6787109375,2,59.0,202.13415722656248,0.2152,3789.303708007813,4.03,0.57,6.87,34.34,31.74,-22.66,2025-12-26,8316348.210613843,,1423.47998046875,20260806,93193.8108413086,1.1,42.758882,,,0.81
GDIV,Harbor Dividend Growth Leaders ETF,NYSE/AMEX,Harbor Capital Advisors Inc,,334931492856.0,0.5,27159.14267087356,4,91.0,76.8679189453125,0.283,300.35427587890626,1.11,10.47,13.64,22.3,11.81,-9.67,2026-07-01,296722.832205951,,1423.47998046875,20260806,,,,,,
GDMA,Gadsden Dynamic Multi-Asset ETF,NYSE/AMEX,Gadsden,,287583086802.2969,0.75,60319.96417236328,1,,1533.0879389648435,2.5416,1533.0879389648435,2.54,46.73,8.63,19.37,15.89,-7.53,2025-12-30,525836.867858218,,1423.47998046875,20260806,,,,,,
GDMN,WisdomTree Efficient Gold Plus Gold Miners Strategy Fund,NYSE/AMEX,WisdomTree,,199672242906.42188,0.45,118746.69736423343,2,59.0,324.553435546875,0.2733,3577.205190917969,3.01,-6.65,-10.58,49.63,65.73,-52.02,2025-12-26,6177133.541748716,,1423.47998046875,20260806,117943.85726171876,0.88,61.80856,,,0.68
GDT,WisdomTree Efficient TIPS Plus Gold Fund,NYSE/AMEX,WisdomTree,,15481596026.500488,0.2,49594.183920511976,5,31.0,348.7525952148437,0.7032,1665.4715771484373,3.36,,-15.68,,30.98,-26.46,2026-07-28,156819.22076901267,,1423.47998046875,20260806,,,,,,
GDX,VanEck Gold Miners ETF,NYSE/AMEX,VanEck,,32248382957627.0,0.51,119380.1455211304,1,,901.0628276367188,0.7548,901.0628276367188,0.75,57.07,-2.18,46.13,48.96,-38.93,2025-12-22,2078042246.3765173,,1423.47998046875,20260806,118661.291171875,0.82,43.11076,21.22016,2006-05-16,0.61
GDXJ,VanEck Junior Gold Miners ETF,NYSE/AMEX,VanEck,,9808542874883.5,0.52,156013.40368731692,1,,3770.798468261719,2.417,3770.798468261719,2.42,137.79,-3.18,53.85,54.34,-41.32,2025-12-22,643909165.5894165,,1423.47998046875,20260806,154561.45627929686,0.98,48.1396,21.47047,2009-11-10,0.94
GDXW,Roundhill Gold Miners WeeklyPay ETF,NYSE/AMEX,Roundhill Financial,,86880119123.77734,0.99,55871.58923339844,39,7.0,549.4632724609376,0.9834,29568.52615429688,52.92,,-32.19,,61.73,-56.95,2026-08-03,3362492.5231748424,,1423.47998046875,20260806,55906.17979692383,0.0,,,,-0.06
GDXY,YieldMax Gold Miners Option Income Strategy ETF,NYSE/AMEX,YieldMax ETFs,,295592086237.3672,1.0,14946.39725361066,45,7.0,136.654078125,0.9143,11951.537916015624,79.96,20.75,-33.67,-32.39,41.94,-50.0,2026-07-30,10651328.488169463,,1423.47998046875,20260806,14808.177540820312,0.0,,,,0.93
GEM,Goldman Sachs ActiveBeta Emerging Markets Equity ETF,NYSE/AMEX,Goldman Sachs,,2411059871507.1875,0.35,71330.5826901123,1,,1363.6938212890625,1.9118,1363.6938212890625,1.91,16.4,17.57,32.48,23.96,-13.5,2025-12-23,5079160.643588183,,1423.47998046875,20260806,70533.43303222656,1.1,20.02569,7.83697,,1.13
GEMD,Goldman Sachs Access Emerging Markets USD Bond ETF,NYSE/AMEX,Goldman Sachs,,50350792946.74805,0.3,59412.78239648044,12,30.0,286.1194760742188,0.4816,3419.198913085938,5.75,-8.77,-1.7,1.22,6.02,-5.03,2026-08-03,177476.7591418992,,1423.47998046875,20260806,,,,,,
GEND,Genter Capital Dividend Income ETF,NYSE/AMEX,Genter funds,,6915094927.519531,0.38,18733.992757405154,4,91.0,120.99579833984376,0.6459,499.6414731445313,2.67,317.86,12.86,21.35,10.93,-6.55,2026-06-29,259016.00202703287,,1423.47998046875,20260806,,,,,,
GENM,Genter Capital Municipal Quality Intermediate ETF,NYSE/AMEX,Genter funds,,43482439407.86719,0.39,14505.260403660592,12,31.0,37.0104794921875,0.2552,428.4674741210938,2.95,-9.61,-1.02,-0.1,2.99,-3.34,2026-07-30,163060.1285071582,,1423.47998046875,20260806,,,,,,
GENT,Genter Capital Taxable Quality Intermediate ETF,NYSE/AMEX,Genter funds,,142847047352.34766,0.38,14448.321258743294,12,31.0,64.05659912109375,0.4433,612.0963916015625,4.24,-6.72,-2.22,-1.74,4.1,-3.62,2026-07-30,367414.9147560302,,1423.47998046875,20260806,,,,,,
GGME,Invesco Next Gen Media and Gaming ETF,NYSE/AMEX,Invesco,,62673910382.94531,0.62,88241.5263785217,2,273.0,8.5408798828125,0.0097,15.65827978515625,0.02,-92.2,4.2,-0.42,20.04,-25.23,2026-06-22,683404.0320912243,,1423.47998046875,20260806,,,,,,
GGOV,iShares Global Government Bond USD Hedged Active ETF,NYSE/AMEX,iShares,,4264192674944.292,0.39,71472.92851610109,1,,2304.614088378906,3.2245,2304.614088378906,3.22,,2.77,-0.21,5.25,-4.69,2025-12-19,19715393.18498938,Fixed Income,1423.47998046875,20260806,71474.9084565088,0.0,,,2025-06-25,-0.0
GGUS,Goldman Sachs MarketBeta Russell 1000 Growth Equity ETF,NYSE/AMEX,Goldman Sachs,,613104033222.2969,0.12,95963.90418653564,4,91.0,111.0314384765625,0.1157,392.880474609375,0.41,-10.39,6.15,12.05,17.32,-15.09,2026-06-24,1532381.1095670722,,1423.47998046875,20260806,,,,,,
GHYB,Goldman Sachs Access High Yield Corporate Bond ETF,NYSE/AMEX,Goldman Sachs,,190022654324.2617,0.15,63344.859130859375,12,30.0,353.02303515625,0.5573,4260.475581542969,6.73,-5.28,-1.94,-1.53,4.05,-3.94,2026-08-03,675925.8671912691,,1423.47998046875,20260806,,,,,,
GHYG,iShares US & Intl High Yield Corp Bond ETF,NYSE/AMEX,iShares,,281687512734.8795,0.4,64455.17177797854,12,30.0,320.2829956054688,0.4969,4001.402225097656,6.21,2.37,-1.86,-1.8,5.09,-4.77,2026-08-03,1215847.3011320806,Fixed Income,1423.47998046875,20260806,,,,,,
GIAX,Nicholas Global Equity and Income ETF,NYSE/AMEX,Nicholas Wealth Management,,145135319890.55078,1.03,22747.2094362732,39,7.0,96.796638671875,0.4255,5736.624321289063,25.22,-10.02,-3.06,-10.12,26.31,-25.46,2026-07-31,1277052.9706307217,,1423.47998046875,20260806,,,,,,
GIGB,Goldman Sachs Access Investment Grade Corporate Bond ETF,NYSE/AMEX,Goldman Sachs,,1382488494372.625,0.08,64106.42070320435,12,30.0,259.07335644531247,0.4041,3004.9662387695307,4.69,-1.49,-2.63,-2.3,4.53,-4.78,2026-08-03,3951171.409562632,,1423.47998046875,20260806,64042.36432128907,1.12,4.9571298,-0.1052,,0.1
GIGL,Goldman Sachs Corporate Bond ETF,NYSE/AMEX,Goldman Sachs,,306832704087.6172,0.29,70704.24802341312,12,30.0,291.81339599609373,0.4127,2943.756599609375,4.16,776.27,-2.47,-1.74,4.41,-4.3,2026-08-03,1139659.197423745,,1423.47998046875,20260806,,,,,,
GII,State Street SPDR S&P Global Infrastructure ETF,NYSE/AMEX,SPDR,,1335195752080.078,0.4,107472.73852539062,2,165.0,1116.0083046875,1.0384,2875.429560546875,2.68,0.15,7.26,10.4,11.29,-6.48,2026-06-01,3588529.577042173,Alternative S&P Global Infrastructure Index,1423.47998046875,20260806,107092.86865780274,0.61,16.649430000000002,10.71747,,0.35
GINN,Goldman Sachs Innovate Equity ETF,NYSE/AMEX,Goldman Sachs,,291630484512.52344,0.5,115330.34323905036,1,,1312.4485419921875,1.138,1312.4485419921875,1.14,18.97,10.08,18.78,16.78,-13.95,2025-12-23,345750.3684721259,,1423.47998046875,20260806,,,,,,
GLDN,Nicholas Gold Income ETF,NYSE/AMEX,,,4042683144.53125,1.07,21992.622885423712,22,7.0,56.93919921875,0.2589,1524.5470590820314,6.93,,-24.41,,42.11,-39.77,2026-08-03,107315.95456892755,,1423.47998046875,20260806,,,,,,
GLDW,Roundhill Gold WeeklyPay ETF,NYSE/AMEX,Roundhill Financial,,22990696338.549805,0.99,60996.11499102786,39,7.0,327.4003955078125,0.5368,15715.218984375002,25.76,,-19.81,,36.22,-41.02,2026-08-03,1068357.0272018511,,1423.47998046875,20260806,,,,,,
GLIN,VanEck India Growth Leaders ETF,NYSE/AMEX,VanEck,,134439496298.42578,0.72,65423.138599108905,1,,552.3102324218751,0.8442,552.3102324218751,0.84,-77.95,-1.84,3.61,18.45,-17.44,2025-12-22,2005558.8392897225,,1423.47998046875,20260806,,,,,,
GLIX,Lazard Listed Infrastructure ETF,NYSE/AMEX,Lazard,,68273948953.14844,0.96,39316.51825517882,3,90.5,156.5827978515625,0.3983,797.1487890625001,2.03,,10.37,,12.18,-8.25,2026-06-18,230165.09685266585,,1423.47998046875,20260806,,,,,,
GLOF,iShares Global Equity Factor ETF,NYSE/AMEX,iShares,,315464174578.0219,0.2,86264.59514008276,2,181.0,639.1425112304688,0.7409,1328.1068217773438,1.54,-16.77,14.43,23.25,13.68,-9.05,2026-06-15,829523.7975192735,Equity,1423.47998046875,20260806,,,,,,
GLRY,Inspire Growth ETF,NYSE/AMEX,Inspire,,238701626973.14844,0.8,59045.80775445141,4,91.0,5.6939199218750005,0.0096,101.06707861328124,0.17,-52.67,14.11,22.58,20.75,-11.0,2026-06-26,945195.985427598,,1423.47998046875,20260806,,,,,,
GLXU,T-REX 2X Long GLXY Daily Target ETF,NYSE/AMEX,Rex,,16711259243.268557,1.5,5636.553831792204,1,,1111.7378647460937,19.7237,1111.7378647460937,19.72,,-69.19,,185.04,-92.66,2025-12-24,3336474.063937046,,1423.47998046875,20260806,5645.6639505371095,0.0,,,,-0.16
GMEY,YieldMax GME Option Income Strategy ETF,NYSE/AMEX,,,3459056352.5390625,1.01,34590.56243936159,42,7.0,316.0125556640625,0.9136,24313.03806640625,70.29,,-32.12,,31.01,-56.72,2026-07-30,329439.0004333697,,1423.47998046875,20260806,,,,,,
GMF,State Street SPDR S&P Emerging Asia Pacific ETF,NYSE/AMEX,SPDR,,615085699560.5469,0.49,220686.3785888329,2,182.0,932.3793872070312,0.4225,2643.4023237304687,1.2,-23.86,8.6,20.4,18.91,-12.62,2026-06-22,1412712.2162542455,Equity S&P Emerging Asia Pacific BMI Index,1423.47998046875,20260806,,,,,,
GMMF,iShares Government Money Market ETF,NYSE/AMEX,iShares,,264031408619.041,0.2,142746.5707037598,26,7.0,96.796638671875,0.0678,5147.303609375,3.61,94.3,0.02,0.05,0.88,-0.43,2026-08-05,1932497.9059287752,Cash,1423.47998046875,20260806,,,,,,
GMNY,Goldman Sachs Dynamic New York Municipal Income ETF,NYSE/AMEX,Goldman Sachs,,56379566605.30859,0.3,70711.36694375612,12,30.0,206.4045971679688,0.2919,2448.3855664062503,3.46,13.31,-0.68,1.8,2.87,-2.57,2026-08-03,234496.8140439949,,1423.47998046875,20260806,,,,,,
GMOC,GMO Ultra-Short Income ETF,NYSE/AMEX,,,46334273364.25781,0.2,71337.70161045529,9,30.5,229.18027685546875,0.3213,1893.2283740234377,2.65,,0.21,,1.18,-0.44,2026-06-30,294589.71013712144,,1423.47998046875,20260806,,,,,,
GMOD,GMO Dynamic Allocation ETF,NYSE/AMEX,,,61850205151.36719,0.5,39777.43983912561,2,182.0,193.59327734375,0.4867,533.8049926757812,1.34,,8.43,,8.82,-6.5,2026-06-30,454351.8826882886,,1423.47998046875,20260806,,,,,,
GMOI,GMO International Value ETF,NYSE/AMEX,GMO,,779774589569.6875,0.6,58205.95434876904,3,136.5,214.94547705078125,0.3693,1523.1235791015622,2.62,742.52,20.35,37.38,13.22,-8.36,2026-06-30,2763598.858211472,,1423.47998046875,20260806,,,,,,
GMOM,Cambria Global Momentum ETF,NYSE/AMEX,Cambria,,100594745180.08205,1.01,52540.64586189576,4,91.0,219.2159169921875,0.4172,774.3731093749999,1.47,-49.86,9.49,21.73,14.75,-9.57,2026-06-23,551803.6118379722,,1423.47998046875,20260806,,,,,,
GMOV,GMO US Value ETF,NYSE/AMEX,GMO,,145151331193.3711,0.5,45522.8891237732,4,91.0,182.2054375,0.4003,841.2766684570312,1.85,82.41,15.53,26.78,10.88,-6.08,2026-06-30,413236.3372821732,,1423.47998046875,20260806,,,,,,
GMUB,Goldman Sachs Municipal Income ETF,NYSE/AMEX,Goldman Sachs,,430685870874.0156,0.18,72298.54951124266,12,30.0,219.2159169921875,0.3032,2512.442165527344,3.48,10.31,-0.82,1.89,2.82,-2.9,2026-08-03,1848639.994835903,,1423.47998046875,20260806,,,,,,
GNR,State Street SPDR S&P Global Natural Resources ETF,NYSE/AMEX,SPDR,,6847835498442.383,0.4,104554.60022131354,2,165.0,1225.6162631835937,1.1722,2593.5805244140624,2.48,-14.22,16.13,33.28,17.26,-12.03,2026-06-01,21416209.29334311,Alternative S&P Global Natural Resources Index,1423.47998046875,20260806,104306.44930043456,0.47,12.8716,10.8931,2010-09-13,0.24
GOAU,US Global GO Gold and Precious Metal Miners ETF,NYSE/AMEX,U.S. Global Investors,,231787454460.65625,0.6,58960.538184545934,1,,569.3919921875,0.9657,569.3919921875,0.97,0.0,-2.39,32.98,49.09,-37.94,2025-12-24,1918476.101194374,,1423.47998046875,20260806,,,,,,
GOEX,Global X Gold Explorers ETF,NYSE/AMEX,Global X Funds,,148666484044.98047,0.65,112711.14528792724,2,181.0,129.53667822265623,0.1149,2513.8656455078126,2.23,145.62,-0.95,65.27,53.6,-39.95,2026-06-29,2796981.2373797046,,1423.47998046875,20260806,,,,,,
GOLY,Strategy Shares Gold Enhanced Yield ETF,NYSE/AMEX,,,122319634721.67969,0.9,37907.27068525087,13,29.0,152.31235791015624,0.4018,3336.6370742187505,8.8,46.41,-23.56,-10.06,34.44,-39.31,2026-07-14,2229837.8624894344,,1423.47998046875,20260806,,,,,,
GOOP,Kurv Yield Premium Strategy Google (GOOGL) ETF,NYSE/AMEX,Kurv Investment Management LLC,,40565000106.13672,0.99,55031.73582771607,12,28.0,640.5659912109376,1.164,7473.2698974609375,13.58,12.66,-1.4,35.06,32.1,-25.22,2026-07-22,576636.9382669973,,1423.47998046875,20260806,,,,,,
GOOW,Roundhill GOOGL WeeklyPay ETF,NYSE/AMEX,Roundhill Investments,,121983306259.73438,1.0,94803.76452716067,52,7.0,193.59327734375,0.2042,39678.08097558593,41.85,,-6.71,29.35,40.08,-30.5,2026-08-03,2703140.021671432,,1423.47998046875,20260806,,,,,,
GOOX,T-Rex 2X Long Alphabet Daily Target ETF,NYSE/AMEX,Rex,,72571326829.70508,1.05,114077.6847659424,1,,303.2012358398437,0.2658,303.2012358398437,0.27,-95.98,13.61,169.7,64.61,-39.0,2025-12-24,7806605.09979704,,1423.47998046875,20260806,112810.78845214844,0.0,,,,1.12
GOOY,YieldMax GOOGL Option Income Strategy ETF,NYSE/AMEX,YieldMax ETFs,,342015617490.3203,1.14,18220.54402150726,45,7.0,122.41927832031249,0.6719,9998.523382812502,54.87,43.96,-12.39,-2.81,27.41,-25.06,2026-07-30,6573494.001046652,,1423.47998046875,20260806,18131.576251220704,0.87,24.063739,,,0.49
GOP,Subversive Congressional Republicans Trading ETF,NYSE/AMEX,Subversive Capital,,123771914549.11328,0.73,63423.15096419677,1,,355.8699951171875,0.5611,355.8699951171875,0.56,38.89,20.68,29.9,15.84,-6.88,2025-12-26,402653.120180624,,1423.47998046875,20260806,,,,,,
GOVT,iShares U.S. Treasury Bond ETF,NYSE/AMEX,iShares,,62279464712254.42,0.05,31992.713104049675,12,30.0,103.91403857421876,0.3248,1165.8301040039062,3.64,4.87,-2.37,-2.07,3.77,-4.11,2026-08-03,201069083.7174995,Fixed Income,1423.47998046875,20260806,32028.52731734376,0.87,3.25557,-0.85124,2012-02-14,-0.11
GOVZ,iShares 25  Year Treasury STRIPS Bond ETF,NYSE/AMEX,iShares,,373016985539.7519,0.1,48369.8490847107,12,30.0,219.2159169921875,0.4532,2636.2849238281246,5.45,-1.28,-7.96,-10.39,15.75,-18.1,2026-08-03,10965495.545961903,Fixed Income,1423.47998046875,20260806,47948.17226171387,3.7,-6.68241,-13.934070000000002,,0.88
GPTY,YieldMax AI & Tech Portfolio Option Income ETF,NYSE/AMEX,YieldMax ETFs,,144838837480.21875,1.06,60483.66675938107,53,7.0,407.11527441406247,0.6731,23037.600003906253,38.09,112.56,-0.52,-9.09,27.8,-29.77,2026-08-05,2002592.284893279,,1423.47998046875,20260806,,,,,,
GPZ,VanEck Alternative Asset Manager ETF,NYSE/AMEX,VanEck,,345851133052.41406,0.4,35245.36464221496,1,,320.2829956054688,0.9087,320.2829956054688,0.91,,-10.39,-13.12,28.07,-32.28,2025-12-22,4787393.496775844,,1423.47998046875,20260806,35003.37271972656,0.0,,,,0.69
GQGU,GQG US Equity ETF,NYSE/AMEX,GQG Partners LLC,,881302739042.5625,0.49,38006.91656454466,1,,355.8699951171875,0.9363,355.8699951171875,0.94,,8.85,7.27,10.78,-8.41,2025-12-30,3116710.751748256,,1423.47998046875,20260806,37992.68067871094,0.0,,,,0.04
GQI,Natixis Gateway Quality Income ETF,NYSE/AMEX,Natixis Funds,,380594293631.7109,0.34,85437.12789557688,12,30.0,744.4800297851563,0.8714,7402.0958984375,8.66,1.42,5.56,10.71,9.97,-8.22,2026-08-03,1539515.9518525326,,1423.47998046875,20260806,,,,,,
GQRE,FlexShares Global Quality Real Estate Index Fund,NYSE/AMEX,Flexshares Trust,,604861423640.6719,0.45,92762.77929607034,4,91.0,828.4653486328125,0.8931,3891.7942666015615,4.2,14.87,10.41,9.6,12.17,-10.26,2026-06-18,886224.3888016659,,1423.47998046875,20260806,,,,,,
GREK,Global X MSCI Greece ETF,NYSE/AMEX,Global X Funds,,446460215522.8594,0.56,116419.3154155761,2,181.0,784.3374692382813,0.6737,2778.632921875,2.39,-23.69,21.27,27.39,24.69,-21.32,2026-06-29,7633109.224197023,,1423.47998046875,20260806,116127.49680664064,0.93,32.909240000000004,28.186850000000003,,0.25
GRNB,VanEck Green Bond ETF,NYSE/AMEX,VanEck,,262238811511.0,0.2,33964.233202807605,12,30.0,133.8071181640625,0.394,1496.077459472656,4.4,7.14,-1.97,-1.73,3.24,-3.56,2026-08-03,673818.7652011279,,1423.47998046875,20260806,,,,,,
GRNI,Fundstrat Granny Shots US Large Cap & Income ETF,NYSE/AMEX,Fundstrat,,78095972206.22266,0.99,29964.25250283815,8,31.0,244.83855664062497,0.8171,1943.050173339844,6.48,,3.24,,53.01,-46.42,2026-07-30,1293297.1681556702,,1423.47998046875,20260806,,,,,,
GRNY,Fundstrat Granny Shots US Large Cap ETF,NYSE/AMEX,Fundstrat,,6080705260189.125,0.75,39658.153124682605,1,,28.469599609375,0.0718,28.469599609375,0.07,,11.48,17.95,18.14,-11.63,2026-06-29,72041229.12908699,,1423.47998046875,20260806,39641.92458408203,0.0,,,2024-11-06,0.04
GROZ,Zacks Focus Growth ETF,NYSE/AMEX,Zacks Funds,,149071082606.78906,0.55,47238.18510670774,1,,18.50523974609375,0.0392,18.50523974609375,0.04,,10.36,20.86,16.8,-13.71,2025-12-29,616257.992561006,,1423.47998046875,20260806,,,,,,
GRPM,Invesco S&P MidCap 400 GARP ETF,NYSE/AMEX,Invesco,,686520389013.6875,0.35,200027.41293723136,4,91.0,290.389916015625,0.1452,1350.8825014648437,0.68,-32.02,16.49,24.23,15.68,-7.85,2026-06-22,2048836.936332916,,1423.47998046875,20260806,,,,,,
GSC,Goldman Sachs Small Cap Equity ETF,NYSE/AMEX,Goldman Sachs,,410439111556.2969,0.75,97529.72999299318,4,91.0,19.928719726562505,0.0204,125.26623828125,0.13,-74.79,24.66,34.74,20.07,-12.7,2026-06-24,893120.9495732889,,1423.47998046875,20260806,,,,,,
GSEE,Goldman Sachs MarketBeta Emerging Markets Equity ETF,NYSE/AMEX,Goldman Sachs,,190910495869.83984,0.36,96326.88767185062,1,,2025.6120122070315,2.1029,2025.6120122070315,2.1,17.9,17.08,31.52,24.05,-14.07,2025-12-23,304808.6709476182,,1423.47998046875,20260806,,,,,,
GSEU,Goldman Sachs ActiveBeta Europe Equity ETF,NYSE/AMEX,Goldman Sachs,,172052381130.5078,0.25,71574.71115752682,2,183.0,586.473751953125,0.8194,1177.2179438476562,1.64,-21.39,9.26,20.04,15.55,-11.9,2026-06-24,455480.3301171535,,1423.47998046875,20260806,,,,,,
GSEW,Goldman Sachs Equal Weight U.S. Large Cap Equity ETF,NYSE/AMEX,Goldman Sachs,,2738324523964.0625,0.09,138191.43911037594,4,91.0,446.9727138671875,0.3234,1857.6413745117184,1.34,6.97,13.13,17.83,12.36,-8.01,2026-06-24,7792191.343125119,,1423.47998046875,20260806,137607.80971191407,0.91,17.00025,8.7391004,,0.42
GSID,Goldman Sachs MarketBeta International Equity ETF,NYSE/AMEX,Goldman Sachs,,1566340704616.75,0.2,110924.6818221435,4,91.0,1279.7085024414064,1.1537,2649.096243652344,2.39,6.95,11.43,22.15,15.86,-11.34,2026-06-24,2474751.493982505,,1423.47998046875,20260806,,,,,,
GSIE,Goldman Sachs ActiveBeta International Equity ETF,NYSE/AMEX,Goldman Sachs,,8531101281392.75,0.25,68213.15805759281,4,91.0,837.0062285156249,1.227,1671.1654970703123,2.45,2.53,10.75,20.61,14.63,-10.76,2026-06-24,21307540.92129255,,1423.47998046875,20260806,67942.69946777343,0.86,18.32625,9.11374,2015-11-06,0.4
GSJY,Goldman Sachs ActiveBeta Japan Equity ETF,NYSE/AMEX,Goldman Sachs,,121295549060.21094,0.25,77033.04423036985,2,183.0,586.473751953125,0.7613,1524.5470590820312,1.98,82.45,15.62,26.42,20.54,-14.08,2026-06-24,298631.133010074,,1423.47998046875,20260806,,,,,,
GSLC,Goldman Sachs ActiveBeta U.S. Large Cap Equity ETF,NYSE/AMEX,Goldman Sachs,,21355426200918.5,0.09,209351.21115341783,4,91.0,491.1005932617187,0.2346,1910.3101337890623,0.91,1.13,11.0,18.27,12.43,-9.74,2026-06-24,44069001.54809838,,1423.47998046875,20260806,209123.44393066407,0.99,20.02524,11.9616404,2015-09-17,0.11
GSPY,Gotham Enhanced 500 ETF,NYSE/AMEX,Gotham,,1029566492131.4688,0.5,60184.73183657229,1,,1370.8112211914065,2.2777,1370.8112211914065,2.28,257.99,14.65,22.42,13.29,-8.73,2025-12-10,137069.18296278996,,1423.47998046875,20260806,,,,,,
GSSC,GS ActiveBeta U.S. Small Cap Equity ETF,NYSE/AMEX,Goldman Sachs,,1509085743374.8125,0.2,130234.18037220465,4,91.0,304.6247158203125,0.2339,1333.8007416992186,1.02,1.52,20.66,31.96,18.52,-10.81,2026-06-24,3165236.6010502665,,1423.47998046875,20260806,129664.79142089844,1.14,16.279289,8.62204,,0.44
GSST,Goldman Sachs Ultra Short Bond ETF,NYSE/AMEX,Goldman Sachs,,2260756784059.0625,0.16,71771.85800876468,12,30.0,250.5324765625,0.3491,3063.3289179687504,4.27,-14.54,-0.16,-0.12,1.33,-0.65,2026-08-03,11929264.771702375,,1423.47998046875,20260806,71757.62581542968,0.07,5.4043498,3.87708,2019-04-15,0.02
GSUS,Goldman Sachs MarketBeta U.S. Equity ETF,NYSE/AMEX,Goldman Sachs,,4518284887765.625,0.07,151458.5544614829,4,91.0,364.410875,0.2406,1459.066979980469,0.96,2.91,12.52,21.46,13.06,-9.52,2026-06-24,9867776.29157409,,1423.47998046875,20260806,151059.69552734375,1.02,21.64102,12.863089,,0.26
GSWO,Goldman Sachs ActiveBeta World Equity ETF,NYSE/AMEX,,,2491089965820.3125,0.15,93202.34954913332,4,91.0,451.2431538085938,0.4842,1385.0460209960936,1.49,4.18,13.49,18.42,11.95,-9.23,2026-06-24,4677582.655081122,,1423.47998046875,20260806,,,,,,
GSY,Invesco Ultra Short Duration ETF,NYSE/AMEX,Invesco,,5543761141133.375,0.22,71437.34477467649,12,28.0,239.14463671875,0.3348,3036.282798339844,4.25,-13.54,-0.19,-0.11,1.21,-0.66,2026-07-20,36196128.62233304,,1423.47998046875,20260806,71430.22541992187,0.07,5.34588,3.77865,2008-02-12,0.01
GTIP,Goldman Sachs Access Inflation Protected USD Bond ETF,NYSE/AMEX,Goldman Sachs,,419519046225.9531,0.12,67750.53140805662,10,30.0,566.5450322265625,0.8362,4044.106624511719,5.97,61.42,-3.18,-3.83,3.91,-5.47,2026-08-03,1209976.9734537802,,1423.47998046875,20260806,,,,,,
GTND,Goaltender ETF,NYSE/AMEX,,,80099218500.97656,0.46,36469.55829424132,1,,56.93919921875,0.1561,56.93919921875,0.16,,1.67,,18.72,-7.02,2026-06-29,186362.83870161625,,1423.47998046875,20260806,,,,,,
GTO,Invesco Total Return Bond ETF,NYSE/AMEX,Invesco,,3461905498965.25,0.35,65940.1481527146,12,28.0,270.4611962890625,0.4102,3221.335195800781,4.89,9.85,-2.28,-1.57,3.64,-4.0,2026-07-20,10911142.194315908,,1423.47998046875,20260806,65807.47949707031,1.0,4.79246,-0.23494,,0.2
GTOC,Invesco Core Fixed Income ETF,NYSE/AMEX,Invesco,,494155404075.4844,0.26,35302.30242959596,12,28.0,132.38363818359375,0.375,1611.3793378906248,4.56,,-2.27,-1.77,3.85,-4.32,2026-07-20,1320685.6670290122,,1423.47998046875,20260806,,,,,,
GTOS,Invesco Short Duration Total Return Bond ETF,NYSE/AMEX,,,173422566020.5078,0.3,35515.82659872435,12,28.0,139.5010380859375,0.3928,1601.4149780273438,4.51,-14.38,-0.81,-0.34,1.91,-1.76,2026-07-20,524780.9854991806,,1423.47998046875,20260806,,,,,,
GUMI,Goldman Sachs Ultra Short Municipal Income ETF,NYSE/AMEX,Goldman Sachs,,78839398860.82227,0.16,71633.2155417949,12,30.0,133.8071181640625,0.1868,1916.004053710938,2.67,-14.97,0.07,0.24,1.24,-0.56,2026-08-03,459369.9073673568,,1423.47998046875,20260806,,,,,,
GUNR,FlexShares Global Upstream Natural Resources Index Fund ETF,NYSE/AMEX,Flexshares Trust,,10304122715518.0,0.46,74875.04480059817,4,91.0,496.7945131835937,0.6635,1732.3751362304686,2.31,-3.34,12.92,28.57,16.13,-12.31,2026-06-18,26304917.09081897,,1423.47998046875,20260806,74931.41677988281,0.41,11.50967,10.81394,2011-09-16,-0.08
GUSH,Direxion Daily S&P Oil & Gas Exp. & Prod. Bull 2X ETF,NYSE/AMEX,Direxion Funds,,355921536480.3203,0.94,49878.739818859845,4,91.0,108.184478515625,0.2169,681.8469106445312,1.37,-30.48,53.42,61.25,57.23,-36.18,2026-06-23,36426645.13073098,,1423.47998046875,20260806,49454.54148144531,-0.15,-0.50660996,18.04696,2015-05-28,0.86
GVAL,Cambria Global Value ETF,NYSE/AMEX,Cambria,,831030436781.9375,0.66,54263.0553350281,4,91.0,478.2892734375,0.8814,1264.0502226562498,2.33,92.21,19.91,35.9,16.11,-11.76,2026-06-18,6713473.282817689,,1423.47998046875,20260806,54037.577626562495,0.78,27.137882,15.3472,,0.42
GVI,iShares Intermediate Government/Credit Bond ETF,NYSE/AMEX,iShares,,5401945012089.463,0.2,149913.79761835933,12,30.0,462.63099365234376,0.3086,5480.397924804688,3.66,5.19,-1.86,-1.41,2.69,-2.96,2026-08-03,17750298.911384977,Fixed Income,1423.47998046875,20260806,150054.03539074218,0.58,4.38726,0.90776,2007-01-05,-0.09
GVIP,Goldman Sachs Hedge Industry VIP ETF,NYSE/AMEX,Goldman Sachs,,785939601650.2188,0.45,248454.1862339601,1,,738.7861098632812,0.2974,738.7861098632812,0.3,46.2,11.73,25.65,23.43,-16.36,2025-12-23,1769895.2232681822,,1423.47998046875,20260806,,,,,,
GVLU,Gotham 1000 Value ETF,NYSE/AMEX,Gotham,,352348852261.8203,0.5,40580.42527404614,1,,2259.062729003906,5.5669,2259.062729003906,5.57,133.38,14.91,18.29,13.94,-8.14,2025-12-10,152792.27988216508,,1423.47998046875,20260806,,,,,,
GVUS,Goldman Sachs MarketBeta Russell 1000 Value Equity ETF,NYSE/AMEX,Goldman Sachs,,593181781788.7656,0.12,93670.1022557281,4,91.0,338.7882353515625,0.3617,1369.3877412109375,1.46,-2.34,20.82,31.62,11.33,-7.11,2026-06-24,584969.1399425188,,1423.47998046875,20260806,,,,,,
GWX,State Street SPDR S&P International Small Cap ETF,NYSE/AMEX,SPDR,,1261801124287.1094,0.4,64533.463611315936,2,182.0,748.7504697265625,1.1603,1699.6350966796874,2.63,35.37,9.93,18.4,17.3,-11.91,2026-06-22,2581880.017465204,Equity S&P Developed Ex-U.S. Under USD2 Billion,1423.47998046875,20260806,,,,,,
GXC,State Street SPDR S&P China ETF,NYSE/AMEX,SPDR,,677647644702.1484,0.59,130205.71555112302,2,182.0,946.6141870117189,0.727,2831.301681152344,2.17,-20.57,-8.6,-1.81,19.34,-19.47,2026-06-22,2482698.860952309,Equity S&P China BMI Index,1423.47998046875,20260806,,,,,,
GXIG,Global X Investment Grade Corporate Bond ETF,NYSE/AMEX,Global X Funds,,241479394419.1953,0.15,34861.024395870976,12,30.0,148.04191796875,0.4247,2232.0166093750004,6.4,1379.25,-3.05,-4.34,5.98,-6.97,2026-08-03,344606.09939702856,,1423.47998046875,20260806,,,,,,
GXPC,Global X PureCap MSCI Communication Services ETF,NYSE/AMEX,Global X Funds,,277501386637.2656,0.15,43340.26670064125,2,181.0,83.98531884765625,0.1938,136.654078125,0.32,,2.69,18.42,22.47,-16.59,2026-06-29,2972935.277070573,,1423.47998046875,20260806,,,,,,
GXPD,Global X PureCap MSCI Consumer Discretionary ETF,NYSE/AMEX,Global X Funds,,71926883279.02734,0.15,38092.32460315246,2,181.0,56.93919921875,0.1495,128.1131982421875,0.34,,2.1,8.11,21.57,-16.61,2026-06-29,1538710.7363096217,,1423.47998046875,20260806,,,,,,
GXPS,Global X PureCap MSCI Consumer Staples ETF,NYSE/AMEX,Global X Funds,,93575337639.59377,0.15,38320.08118282165,2,181.0,270.4611962890625,0.7058,476.8657934570312,1.24,,10.6,6.95,15.0,-9.2,2026-06-29,750145.8311728899,,1423.47998046875,20260806,,,,,,
GXPT,Global X PureCap MSCI Information Technology ETF,NYSE/AMEX,Global X Funds,,168025401817.1211,0.15,48013.97908959352,2,181.0,46.97483935546875,0.0978,101.06707861328124,0.21,,23.17,33.45,23.77,-18.85,2026-06-29,5194357.275047014,,1423.47998046875,20260806,47814.69254394532,0.0,,,,0.42
GYLD,Arrow Dow Jones Global Yield ETF ETF,NYSE/AMEX,ArrowShares,,53027698295.29883,0.75,20327.293740983587,12,30.0,119.572318359375,0.5882,1476.148739746094,7.26,-27.28,5.78,7.05,12.5,-5.26,2026-07-16,184477.2164511396,,1423.47998046875,20260806,,,,,,
HACK,Amplify Cybersecurity ETF,NYSE/AMEX,Amplify ETFs,,3829999474678.875,0.6,161636.1561263427,1,,85.408798828125,0.0528,85.408798828125,0.05,-22.08,43.21,33.97,27.47,-20.72,2025-12-30,10786733.450618302,,1423.47998046875,20260806,160848.68265703123,0.82,30.80993,13.12739,,0.49
HAKY,Amplify HACK Cybersecurity Covered Call ETF,NYSE/AMEX,Amplify ETFs,,4977977818.738281,0.65,43786.10062617995,6,31.0,552.3102324218751,1.2614,3338.060554199219,7.62,,23.23,,30.45,-15.6,2026-07-30,121115.63425167112,,1423.47998046875,20260806,,,,,,
HAP,VanEck Natural Resources ETF,NYSE/AMEX,VanEck,,429050804829.25,0.41,102889.1312506348,1,,1941.6266933593752,1.8871,1941.6266933593752,1.89,12.91,18.12,36.45,15.79,-9.08,2025-12-22,1701535.8933143767,,1423.47998046875,20260806,,,,,,
HAPI,Harbor Human Capital Factor US Large Cap ETF,NYSE/AMEX,Harbor Capital Advisors Inc,,697802276395.5312,0.35,65915.80481183156,1,,506.75887304687495,0.7688,506.75887304687495,0.77,374.67,12.75,19.57,12.08,-8.12,2025-12-19,128941.12936261544,,1423.47998046875,20260806,,,,,,
HARD,Simplify Commodities Strategy No K-1 ETF,NYSE/AMEX,Simplify Asset Management,,118137621356.66016,0.78,42391.23479578551,4,91.0,427.043994140625,1.0074,1708.1759765625,4.03,17.88,0.2,4.11,27.11,-21.76,2026-06-25,1165402.9089575992,,1423.47998046875,20260806,,,,,,
HAUZ,Xtrackers International Real Estate ETF,NYSE/AMEX,Xtrackers,,1527147859496.9062,0.1,32839.68271500245,2,181.0,345.90563525390627,1.0533,1161.5596640625,3.54,-11.69,-0.82,0.04,14.35,-14.26,2026-06-18,2076772.576472309,,1423.47998046875,20260806,,,,,,
HAWX,iShares Currency Hedged MSCI ACWI ex U.S. ETF,NYSE/AMEX,iShares,,502100827407.101,0.35,65088.61993487552,2,191.0,714.5869501953125,1.0979,1608.5323779296873,2.47,7.01,14.17,28.42,15.08,-9.39,2026-07-02,1105062.5530328637,Equity,1423.47998046875,20260806,,,,,,
HBTA,Horizon Expedition Plus ETF,NYSE/AMEX,Horizon Investments,,351578874858.625,0.86,46376.980370141566,1,,263.34379638671874,0.5678,263.34379638671874,0.57,,12.38,23.74,19.96,-13.18,2025-12-24,1119640.7889373596,,1423.47998046875,20260806,,,,,,
HCMT,Direxion HCM Tactical Enhanced US ETF,NYSE/AMEX,Direxion Funds,,805929633506.5,1.18,58405.38186098635,4,91.0,182.2054375,0.312,334.5177954101563,0.57,-76.41,6.45,20.61,28.77,-15.84,2026-06-23,2252771.597875284,,1423.47998046875,20260806,,,,,,
HCRB,Hartford Core Bond ETF,NYSE/AMEX,Hartford Mutual Funds,,567354616536.7344,0.29,49215.2520987764,12,31.0,179.3584775390625,0.3644,2096.7860112304693,4.26,-0.14,-2.35,-1.81,3.82,-4.44,2026-07-30,847071.2244795234,,1423.47998046875,20260806,,,,,,
HDEF,Xtrackers MSCI EAFE High Dividend Yield Equity ETF,NYSE/AMEX,Xtrackers,,3333077873202.625,0.09,48228.92595676146,4,91.0,1016.3647060546874,2.1074,1783.620415527344,3.7,8.3,8.63,16.71,12.06,-8.45,2026-06-18,5044072.20393864,,1423.47998046875,20260806,48280.1704975586,0.66,18.35739,11.8582204,,-0.11
HDGE,Ranger Equity Bear Bear ETF,NYSE/AMEX,AdvisorShares,,80687263774.82812,3.62,20754.33800663147,1,,797.1487890625001,3.8409,797.1487890625001,3.84,-56.25,-9.72,-14.64,19.83,-21.58,2025-12-22,2069323.7552367512,,1423.47998046875,20260806,,,,,,
HDUS,Hartford Disciplined US Equity ETF,NYSE/AMEX,Hartford Mutual Funds,,289840452743.16406,0.19,105750.32905225828,4,92.0,293.2368759765625,0.2773,1338.071181640625,1.27,-2.19,13.89,21.45,11.57,-7.76,2026-06-25,444754.06309181,,1423.47998046875,20260806,,,,,,
HDV,iShares Core High Dividend ETF,NYSE/AMEX,iShares,,21162161809955.24,0.08,40683.05773319397,5,90.5,123.84275830078124,0.3044,1254.3705587890624,3.08,8.55,16.87,20.13,11.15,-5.76,2026-07-15,89416078.93492939,Equity,1423.47998046875,20260806,40782.7299100293,0.3,15.82492,12.02884,2011-03-29,-0.24
HECA,Hedgeye Capital Allocation ETF,NYSE/AMEX,"Hedgeye Asset Management, LLC",,407986580816.1875,1.3,39145.69946289063,1,,794.3018291015626,2.0291,794.3018291015626,2.03,,-0.87,8.81,12.58,-12.82,2025-12-30,5492123.0618863655,,1423.47998046875,20260806,39181.28646240234,0.0,,,,-0.09
HEDG,Equable Shares Hedged Equity ETF,NYSE/AMEX,Equable Shares,,608114701727.2344,0.96,43430.374529910274,3,95.5,212.0985170898437,0.4884,996.4359863281252,2.29,,3.98,,6.15,-4.33,2026-06-25,1537109.0937984,,1423.47998046875,20260806,,,,,,
HEDJ,WisdomTree Europe Hedged Equity Fund,NYSE/AMEX,WisdomTree,,2615883745402.125,0.58,82754.0062752869,2,273.0,1402.127780761719,1.6943,1444.832180175781,1.75,-10.49,8.5,19.59,15.59,-11.9,2026-06-25,3768085.1387398406,,1423.47998046875,20260806,82633.01286621093,0.71,15.44895,10.93217,,0.15
HEEM,iShares Currency Hedged MSCI Emerging Markets ETF,NYSE/AMEX,iShares,,410252956716.2954,0.72,59174.06235367432,3,106.0,325.9769155273437,0.5509,1891.804894042969,3.2,78.39,16.44,35.06,22.81,-15.46,2026-07-02,2219288.554861244,Equity,1423.47998046875,20260806,,,,,,
HEFA,iShares Currency Hedged MSCI EAFE ETF,NYSE/AMEX,iShares,,10935397903642.416,0.35,67516.08488951437,3,106.0,983.6246665039062,1.4569,2663.3310434570312,3.94,68.71,13.28,25.48,13.05,-9.52,2026-07-02,29515544.541071218,Equity,1423.47998046875,20260806,67150.12004944823,0.51,19.803761,13.934161,2014-01-31,0.54
HEFT,Hedgeye Fourth Turning ETF,NYSE/AMEX,"Hedgeye Asset Management, LLC",,120055367749.8672,0.7,37380.725796693005,1,,7.11739990234375,0.019,7.11739990234375,0.02,,3.05,,12.57,-9.17,2025-12-30,1664739.7675577076,,1423.47998046875,20260806,,,,,,
HEGD,Swan Hedged Equity US Large Cap ETF,NYSE/AMEX,Swan,,1020420143579.8438,0.87,38768.47813688964,1,,128.1131982421875,0.3305,128.1131982421875,0.33,-6.25,7.52,14.24,7.84,-4.4,2025-12-23,2887068.1298247864,,1423.47998046875,20260806,,,,,,
HELO,JPMorgan Hedged Equity Laddered Overlay ETF,NYSE/AMEX,JPMorgan,,6574082965906.0,0.5,99131.28615479544,4,91.0,152.31235791015624,0.1536,612.0963916015625,0.62,1.9,4.82,10.16,6.86,-5.86,2026-06-23,22180278.916109912,,1423.47998046875,20260806,99077.19594858398,0.0,,,2023-09-28,0.05
HELS,Hedgeye 130/30 Equity ETF,NYSE/AMEX,"Hedgeye Asset Management, LLC",,31630602029.6836,0.7,34398.39503126219,1,,7.11739990234375,0.0207,7.11739990234375,0.02,,-3.03,,15.46,-13.6,2025-12-30,1055625.2332341012,,1423.47998046875,20260806,,,,,,
HEMI,Hartford Equity Premium Income ETF,NYSE/AMEX,Hartford Mutual Funds,,50104303153.33008,0.49,60040.10534960404,7,30.5,411.3857143554688,0.6852,2960.838359375,4.93,,4.4,,13.33,-9.81,2026-07-30,231901.8802577085,,1423.47998046875,20260806,,,,,,
HEQT,Simplify Hedged Equity ETF,NYSE/AMEX,Simplify Asset Management,,421574414663.6719,0.43,48910.9141815044,4,91.0,142.347998046875,0.291,569.3919921875,1.16,11.11,7.24,12.65,7.14,-5.39,2026-06-25,2348850.9880288723,,1423.47998046875,20260806,,,,,,
HEWJ,iShares Currency Hedged MSCI Japan ETF,NYSE/AMEX,iShares,,1045779637993.1172,0.49,91387.4104019776,3,106.0,496.7945131835937,0.5436,3712.4357890625,4.06,142.15,20.9,39.02,20.55,-10.37,2026-07-02,6011873.903269733,Equity,1423.47998046875,20260806,90945.46691655762,0.43,28.59803,22.11383,,0.49
HEZU,iShares Currency Hedged MSCI Eurozone ETF,NYSE/AMEX,iShares,,828860700311.3723,0.53,71487.16635678709,2,191.0,1194.2997036132813,1.6706,1790.7378154296875,2.5,14.05,12.65,24.93,15.7,-10.95,2026-07-02,2900948.477654385,Equity,1423.47998046875,20260806,,,,,,
HFEQ,Unlimited HFEQ Equity Long/Short ETF,NYSE/AMEX,Unlimited,,26076223003.333984,0.96,35145.721477993764,1,,3130.232477050781,8.9064,3130.232477050781,8.91,,16.93,21.01,23.97,-13.58,2025-12-24,300344.9183123235,,1423.47998046875,20260806,,,,,,
HFGM,Unlimited HFGM Global Macro ETF,NYSE/AMEX,Unlimited,,219211225202.17188,1.01,44184.819896984845,1,,4612.07513671875,10.4381,4612.07513671875,10.44,,6.5,10.64,26.29,-15.09,2025-12-24,1339588.449281335,,1423.47998046875,20260806,,,,,,
HFMF,Unlimited HFMF Managed Futures ETF,NYSE/AMEX,Unlimited,,32603633158.17285,0.97,30305.890087414533,1,,878.2871479492187,2.8981,878.2871479492187,2.9,,1.93,5.58,16.73,-15.13,2025-12-24,225931.73749268672,,1423.47998046875,20260806,,,,,,
HFND,Unlimited HFND Multi-Strategy Return Tracker ETF,NYSE/AMEX,Unlimited,,52265276723.83984,1.07,34974.90268570557,1,,1629.8845776367189,4.6602,1629.8845776367189,4.66,42.41,9.01,9.42,11.22,-6.78,2025-12-24,302389.3601688522,,1423.47998046875,20260806,,,,,,
HFSI,Hartford Strategic Income ETF,NYSE/AMEX,,,1537358378906.25,0.49,49742.08478502929,12,31.0,219.2159169921875,0.4407,2778.632921875,5.59,-12.54,-1.54,-0.59,3.72,-3.94,2026-07-30,6464288.050720397,,1423.47998046875,20260806,,,,,,
HFXI,NYLI FTSE International Equity Currency Neutral ETF,NYSE/AMEX,New York Life Investment Management LLC,,2893361855294.75,0.2,54163.4121708069,4,91.0,323.12995556640624,0.5966,1773.6560556640625,3.27,61.61,15.65,28.16,16.73,-11.1,2026-06-18,7795577.798628788,,1423.47998046875,20260806,53746.84607535156,0.88,20.39648,12.16434,,0.78
HGER,Harbor Commodity All-Weather Strategy ETF,NYSE/AMEX,Harbor Capital Advisors Inc,,5222279689262.75,0.68,45707.801857899874,1,,2503.901285644531,5.4781,2503.901285644531,5.48,142.29,30.05,32.09,19.06,-14.04,2025-12-12,27544742.05161194,,1423.47998046875,20260806,45459.75843825683,0.79,18.42503,,2022-02-09,0.55
HGRO,Hedgeye Quality Growth ETF,NYSE/AMEX,"Hedgeye Asset Management, LLC",,179608668380.4297,0.7,44199.05230752565,1,,32.74003955078125,0.0741,32.74003955078125,0.07,,8.91,17.75,14.07,-7.61,2025-12-30,1806988.27107447,,1423.47998046875,20260806,,,,,,
HIBL,Direxion Daily S&P 500 High Beta Bull 3X ETF,NYSE/AMEX,Direxion Funds,,106793670247.66795,0.98,148582.8364516236,2,195.0,106.76099853515623,0.0719,2118.1382109375,1.43,502.43,50.82,122.18,79.9,-40.17,2026-06-23,5707594.585335872,,1423.47998046875,20260806,146905.98094433593,5.03,41.52605,10.3894904,,1.14
HIBS,Direxion Daily S&P 500 High Beta Bear 3X ETF,NYSE/AMEX,Direxion Funds,,33788987713.588867,1.06,26932.241339071654,4,91.0,213.5219970703125,0.7928,2508.171725585937,9.31,-74.9,-60.34,-77.69,80.86,-79.6,2026-06-23,8645953.492448283,,1423.47998046875,20260806,28445.40044970703,-4.2,-60.28143,-54.0982,,-5.32
HIDV,AB US High Dividend ETF,NYSE/AMEX,AllianceBernstein,,288983290038.125,0.35,131230.62287470698,4,91.0,774.373109375,0.5901,2936.639199707032,2.24,14.48,13.74,22.55,12.6,-10.11,2026-06-22,872435.26790166,,1423.47998046875,20260806,,,,,,
HIGH,Simplify Enhanced Income ETF,NYSE/AMEX,Simplify Asset Management,,98167757364.7422,0.5,31330.7946959259,12,30.0,142.347998046875,0.4543,2092.5155712890632,6.68,-11.45,-1.42,-5.41,8.03,-10.65,2026-07-28,1265387.1259478156,,1423.47998046875,20260806,,,,,,
HIMU,iShares High Yield Muni Active ETF,NYSE/AMEX,iShares,,3451026197671.923,0.39,69066.82032249123,12,30.0,280.42555615234374,0.406,3595.710430664062,5.21,118.32,-0.41,1.65,4.36,-3.82,2026-08-03,19541329.37360793,Fixed Income,1423.47998046875,20260806,68827.33533643556,1.32,6.2982700000000005,0.5231,2006-08-01,0.35
HIPS,GraniteShares HIPS US High Income ETF,NYSE/AMEX,Graniteshares,,164811947006.4922,1.17,16398.490026617423,12,30.0,153.735837890625,0.9375,1844.8300546875005,11.25,0.0,-2.33,-5.19,10.26,-7.61,2026-07-29,726124.9850773754,,1423.47998046875,20260806,,,,,,
HIYY,YieldMax HIMS Option Income Strategy ETF,NYSE/AMEX,,,21081738510.742188,1.01,19046.16230157623,42,7.0,335.941275390625,1.7638,22125.14933642578,116.17,,-46.3,,83.93,-81.03,2026-07-30,889652.2966330411,,1423.47998046875,20260806,,,,,,
HMOP,Hartford Municipal Opportunities ETF,NYSE/AMEX,Hartford Mutual Funds,,1116699956528.25,0.29,55074.43848948367,12,31.0,162.2767177734375,0.2946,1944.473653320312,3.53,4.12,-1.12,0.99,2.93,-3.52,2026-07-30,2938337.813895951,,1423.47998046875,20260806,,,,,,
HOLA,JPMorgan International Hedged Equity Laddered Overlay ETF,NYSE/AMEX,JPMorgan,,402940127916.4688,0.5,80650.10738203488,1,,2246.2514091796875,2.7852,2246.2514091796875,2.79,,7.06,13.98,10.56,-6.99,2025-12-16,1146133.549486715,,1423.47998046875,20260806,,,,,,
HOMZ,Hoya Capital Housing ETF,NYSE/AMEX,Hoya Capital Real Estate,,50001596225.7793,0.3,66761.21325604245,13,28.0,139.5010380859375,0.209,1722.4107763671875,2.58,12.98,2.91,3.33,20.07,-17.06,2026-07-21,124919.21494344888,,1423.47998046875,20260806,,,,,,
HOOW,Roundhill HOOD WeeklyPay ETF,NYSE/AMEX,Roundhill Investments,,176401055531.64062,0.99,34035.406115802005,52,7.0,407.11527441406247,1.1962,52644.56011767578,154.68,486.57,-50.66,-64.72,83.83,-75.87,2026-08-03,13655966.66274757,,1423.47998046875,20260806,34207.789758642575,0.0,,,2025-06-17,-0.5
HOOY,YieldMax HOOD Option Income Strategy ETF,NYSE/AMEX,YieldMax ETFs,,177206483280.26953,0.99,36384.14754056092,44,7.0,472.59535351562505,1.2989,52300.077962402334,143.74,119.94,-46.27,-62.83,60.1,-69.57,2026-07-30,8426745.667200506,,1423.47998046875,20260806,36095.32421274414,0.0,,,,0.8
HSBH,HSBC Holdings plc ADRhedged,NYSE/AMEX,,,1622767177.734375,0.19,160838.99995228276,2,92.0,3060.4819580078124,1.9028,3560.1234311523435,2.21,,27.86,63.93,24.15,-15.14,2026-06-16,515211.6866860257,,1423.47998046875,20260806,,,,,,
HSCZ,iShares Currency Hedged MSCI EAFE Small-Cap ETF,NYSE/AMEX,iShares,,362018986926.97455,0.43,62312.83831707761,2,191.0,818.5009887695312,1.3135,1907.4631738281248,3.06,18.9,11.87,20.37,12.31,-9.61,2026-07-02,850454.6329571242,Equity,1423.47998046875,20260806,,,,,,
HSMV,First Trust Horizon Managed Volatility Small/Mid ETF,NYSE/AMEX,First Trust,,50115708074.93359,0.8,56158.561546355486,4,91.0,213.5219970703125,0.3802,1037.7169057617186,1.85,17.96,10.41,10.42,10.75,-7.83,2026-06-25,100866.17092421332,,1423.47998046875,20260806,,,,,,
HTAB,Hartford Schroders Tax-Aware Bond ETF,NYSE/AMEX,Hartford Mutual Funds,,410257407183.75,0.39,26903.771087844856,12,31.0,85.408798828125,0.3175,1039.1403857421874,3.86,0.41,-1.66,1.78,3.96,-3.68,2026-07-30,1539714.084066589,,1423.47998046875,20260806,,,,,,
HTAX,Nomura National High-Yield Municipal Bond ETF,NYSE/AMEX,Nomura,,83878700197.11914,0.49,34761.38123164978,11,30.5,136.654078125,0.3931,1466.1843798828124,4.22,150.61,0.39,4.04,4.81,-3.34,2026-06-30,156251.18735937294,,1423.47998046875,20260806,,,,,,
HTEC,ROBO Global Healthcare Technology and Innovation ETF,NYSE/AMEX,Robo Global,,98394557583.07031,0.68,56369.80505450442,1,,492.52407324218746,0.8737,492.52407324218746,0.87,,11.85,40.75,21.2,-16.31,2025-12-30,351892.760982711,,1423.47998046875,20260806,,,,,,
HTRB,Hartford Total Return Bond ETF,NYSE/AMEX,Hartford Mutual Funds,,3143959196993.0,0.29,47416.26128804125,12,31.0,187.899357421875,0.3963,2237.710529296875,4.72,3.29,-2.38,-1.87,3.91,-4.91,2026-07-30,9398628.277098576,,1423.47998046875,20260806,47356.75903422852,1.03,4.7121402,0.02648,,0.13
HTUS,Hull Tactical US ETF,NYSE/AMEX,Hull Tactical Funds,,222290565422.9609,0.96,65309.2630243469,1,,6720.248987792969,10.2899,6720.248987792969,10.29,-30.34,15.57,12.94,16.44,-17.82,2025-12-26,535305.2669957074,,1423.47998046875,20260806,,,,,,
HUMN,Roundhill Humanoid Robotics ETF,NYSE/AMEX,Roundhill Investments,,115897086643.08205,0.75,46362.74252945557,1,,307.47167578125,0.6632,307.47167578125,0.66,,6.86,25.51,35.09,-26.44,2025-12-30,2379532.382107617,,1423.47998046875,20260806,,,,,,
HUSV,First Trust Horizon Managed Volatility Domestic ETF,NYSE/AMEX,First Trust,,105094354010.5039,0.7,58747.019445562735,4,91.0,158.00627783203126,0.269,743.0565498046875,1.26,2.55,7.19,3.52,10.0,-7.06,2026-06-25,426529.6885151502,,1423.47998046875,20260806,,,,,,
HVAC,AdvisorShares HVAC and Industrials ETF,NYSE/AMEX,AdvisorShares,,20476871973.961426,1.0,52519.294531011954,1,,85.408798828125,0.1626,85.408798828125,0.16,,15.27,23.26,33.67,-24.72,2025-12-22,252454.3965227804,,1423.47998046875,20260806,,,,,,
HYBB,iShares BB Rated Corporate Bond ETF,NYSE/AMEX,iShares,,606738402421.3263,0.25,66063.70567634888,12,30.0,313.165595703125,0.474,3904.605586425782,5.91,-7.61,-1.49,-0.81,3.69,-3.12,2026-08-03,3692227.372366187,Fixed Income,1423.47998046875,20260806,65912.94512882325,0.66,7.811859999999999,3.48248,,0.23
HYBL,State Street Blackstone High Income ETF,NYSE/AMEX,SPDR,,816095307602.5391,0.7,39729.326037677005,12,30.0,234.87419677734377,0.5912,2795.714681640625,7.04,-6.96,-1.93,-1.83,3.25,-3.7,2026-08-03,4670317.042823624,Fixed Income Bloomberg U.S. Aggregate Bond Index,1423.47998046875,20260806,39729.45436808105,0.33,8.37982,,,-0.0
HYBX,TCW High Yield Bond ETF,NYSE/AMEX,TCW,,44820174648.23242,0.5,41935.71892137453,12,30.0,284.69599609375,0.6789,3345.1779541015626,7.98,41.65,-2.39,-3.26,6.93,-4.72,2026-08-03,103764.37968605924,,1423.47998046875,20260806,,,,,,
HYD,VanEck High Yield Muni ETF,NYSE/AMEX,VanEck,,6311315758626.25,0.32,71611.8587807659,12,30.0,274.7316362304688,0.3836,3147.3142368164063,4.39,1.33,-1.67,2.17,4.0,-3.53,2026-08-03,39567811.04685559,,1423.47998046875,20260806,71956.91301269531,1.01,4.25458,-0.62483,2009-02-04,-0.48
HYDB,iShares High Yield Systematic Bond ETF,NYSE/AMEX,iShares,,2274982725775.5884,0.35,66017.01728801243,12,30.0,387.1865546875,0.5865,4610.651656738282,6.98,-2.03,-2.16,-1.89,4.32,-4.04,2026-08-03,11961518.917254338,Fixed Income,1423.47998046875,20260806,65941.52860683105,0.65,8.6933404,4.63347,2017-07-11,0.11
HYDW,Xtrackers Low Beta High Yield Bond ETF,NYSE/AMEX,Xtrackers,,96099566219.35938,0.2,66241.92304145731,12,30.0,293.2368759765625,0.4427,3806.3854677734375,5.75,5.78,-1.36,-1.18,3.37,-2.91,2026-08-03,1334718.4170936493,,1423.47998046875,20260806,,,,,,
HYEM,VanEck Emerging Markets High Yield Bond ETF,NYSE/AMEX,VanEck,,742290922556.3125,0.4,28483.8347349884,12,30.0,169.39411767578125,0.5947,1927.391893554688,6.77,3.83,0.45,0.55,4.74,-3.3,2026-08-03,3524491.7417163546,,1423.47998046875,20260806,28412.66041015625,0.51,10.3125095,3.21143,,0.25
HYFI,AB High Yield ETF,NYSE/AMEX,AllianceBernstein,,467068470428.5781,0.4,52868.04560578615,12,30.0,281.8490361328125,0.5331,3524.536431640625,6.67,0.53,-1.44,-0.97,4.44,-3.47,2026-08-03,1641995.4254082304,,1423.47998046875,20260806,,,,,,
HYG,iShares iBoxx $ High Yield Corporate Bond ETF,NYSE/AMEX,iShares,,25182733812520.48,0.49,113152.42060657965,12,30.0,546.6163125,0.4831,6673.274148437501,5.9,1.67,-1.46,-1.0,4.22,-3.2,2026-08-03,3283098048.58358,Fixed Income,1423.47998046875,20260806,112977.719949458,0.66,8.34286,3.73408,2007-04-04,0.15
HYGH,iShares Interest Rate Hedged High Yield Bond ETF,NYSE/AMEX,iShares,,853326982275.2229,0.52,123280.48848702386,12,30.0,632.025111328125,0.5127,7984.299210449219,6.48,-10.23,0.55,0.82,4.06,-2.64,2026-08-04,5218660.401421566,Fixed Income,1423.47998046875,20260806,122881.63885276856,0.2,9.22971,7.09984,,0.32
HYGV,FlexShares High Yield Value-Scored Bond Index Fund,NYSE/AMEX,Flexshares Trust,,1561839319283.3125,0.37,57010.3721317444,12,30.0,365.83435498046873,0.6417,4227.735541992188,7.42,-5.62,-1.79,-1.77,4.38,-4.02,2026-08-03,5033656.830893619,,1423.47998046875,20260806,56934.35938681641,0.61,8.13658,3.52363,,0.13
HYGW,iShares High Yield Corporate Bond BuyWrite Strategy ETF,NYSE/AMEX,iShares,,159309743446.66748,0.69,41088.74931042176,12,30.0,274.7316362304688,0.6686,4259.052101562501,10.37,-23.28,-3.36,-3.98,4.26,-5.28,2026-08-04,1905396.5395815724,Fixed Income,1423.47998046875,20260806,,,,,,
HYHG,ProShares High Yield Interest Rate Hedged,NYSE/AMEX,ProShares,,263945415965.6641,0.5,92416.87904752046,12,30.0,483.98319335937504,0.5237,6148.010035644531,6.65,-3.23,0.75,0.62,5.8,-3.18,2026-08-03,980329.1282850166,,1423.47998046875,20260806,,,,,,
HYIN,WisdomTree Private Credit and Alternative Income Fund,NYSE/AMEX,WisdomTree,,71592997508.72852,4.34,20035.4804535904,12,30.0,185.0523974609375,0.9236,2681.836283203125,13.39,-11.55,-12.31,-17.59,13.49,-21.74,2026-07-28,413766.6853807837,,1423.47998046875,20260806,,,,,,
HYLB,Xtrackers USD High Yield Corporate Bond ETF,NYSE/AMEX,Xtrackers,,4923238294663.75,0.05,51629.619543218985,12,30.0,287.5429560546875,0.5569,3375.0710336914062,6.54,2.6,-1.57,-1.23,4.12,-3.12,2026-08-03,53884391.89105258,,1423.47998046875,20260806,51622.50149169922,0.66,8.5663795,3.9967798,2016-12-06,0.01
HYMB,State Street SPDR Nuveen ICE High Yield Municipal Bond ETF,NYSE/AMEX,SPDR,,4699975025512.695,0.35,35423.299639773555,12,30.0,138.07755810546877,0.3898,1629.8845776367189,4.6,2.14,-0.3,2.37,4.23,-3.46,2026-08-03,25630401.92076588,Fixed Income ICE US Select High Yield Crossover Municipal Index,1423.47998046875,20260806,35300.11135645508,1.11,4.67357,0.0519499999999999,2011-04-13,0.35
HYS,PIMCO 0-5 Year High Yield Corporat Bond Index Exchange-Traded Fund,NYSE/AMEX,PIMCO,,2486431883810.625,0.56,131910.18382455036,12,30.0,782.9139892578125,0.5935,9850.481464843751,7.47,1.02,-2.37,-2.16,4.03,-3.56,2026-08-03,11429054.911304004,,1423.47998046875,20260806,131842.71579101562,0.47,8.39705,5.18822,2011-06-16,0.05
HYSA,BondBloxx USD High Yield Bond Sector Rotation ETF,NYSE/AMEX,BondBloxx Investment Management,,92886806066.96094,0.55,21124.443127362058,12,30.0,118.14883837890626,0.5593,1419.2095405273435,6.72,-2.16,-2.27,-1.81,5.05,-4.3,2026-08-03,395687.7559910049,,1423.47998046875,20260806,,,,,,
HYSD,Columbia Short Duration High Yield ETF,NYSE/AMEX,Columbia Threadneedle,,152403449241.0664,0.44,28562.126568325795,12,30.0,143.77147802734376,0.5034,1672.5889770507813,5.86,17.03,-0.97,-0.69,3.2,-2.42,2026-08-03,100744.7468889852,,1423.47998046875,20260806,,,,,,
HYTI,FT Vest High Yield & Target Income ETF,NYSE/AMEX,First Trust,,128509950582.34377,0.65,27003.414252066053,12,30.0,232.02723681640623,0.8593,2822.7608012695314,10.45,111.63,-3.36,-4.46,4.63,-6.03,2026-08-03,573354.2462575008,,1423.47998046875,20260806,,,,,,
HYTR,Counterpoint High Yield Trend ETF,NYSE/AMEX,Counterpoint Mutual Funds,,410841375610.9375,0.88,30365.67598594725,11,28.0,148.04191796875,0.4875,1750.8803759765628,5.77,3.27,-1.88,-2.01,4.03,-3.97,2026-07-17,1310955.9835339123,,1423.47998046875,20260806,,,,,,
HYUP,Xtrackers High Beta High Yield Bond ETF,NYSE/AMEX,Xtrackers,,64542563798.58594,0.2,58882.25178135373,12,30.0,384.33959472656255,0.6527,4405.6705395507815,7.48,-3.49,-1.72,-1.99,4.71,-4.33,2026-08-03,384687.0885771185,,1423.47998046875,20260806,,,,,,
IAGG,iShares International Aggregate Bond Fund,NYSE/AMEX,iShares,,16228597045879.062,0.07,71209.5881950073,4,58.0,590.7441918945312,0.8296,3205.676916015625,4.5,5.48,-0.05,-2.31,4.44,-4.1,2026-07-01,69464779.36450593,Fixed Income,1423.47998046875,20260806,71146.85326020996,0.51,4.45667,0.70454003,2015-11-10,0.09
IAI,iShares U.S. Broker-Dealers & Securities Exchanges ETF,NYSE/AMEX,iShares,,1960884660094.9905,0.37,269222.90598012507,4,91.0,674.7295107421875,0.2506,2916.710479980469,1.08,26.64,4.03,9.03,20.03,-16.87,2026-06-15,22473501.643896826,Equity,1423.47998046875,20260806,270466.847504585,1.14,26.914442,14.48719,2006-05-01,-0.46
IAK,iShares U.S. Insurance ETF,NYSE/AMEX,iShares,,780198642718.5107,0.37,211109.1880775392,4,91.0,560.8511123046875,0.2657,5080.400050292968,2.41,50.02,9.83,14.12,16.02,-9.46,2026-06-15,9774049.548570732,Equity,1423.47998046875,20260806,212844.1786080127,0.33,20.29697,15.65788,,-0.82
IAT,iShares U.S. Regional Banks ETF,NYSE/AMEX,iShares,,974757587585.7504,0.37,92632.95538488775,4,91.0,539.4989125976563,0.5824,2301.7671284179687,2.48,8.52,16.6,31.94,22.0,-17.75,2026-06-15,15460810.678695131,Equity,1423.47998046875,20260806,92394.08555348143,1.18,22.955771,6.0269,2006-05-01,0.26
IAUI,NEOS Gold High Income ETF,NYSE/AMEX,Neos Funds,,704266970869.3906,0.79,72042.32268034667,12,28.0,691.8112705078125,0.9603,9659.735147460937,13.41,551.25,-9.71,2.22,22.47,-25.56,2026-07-22,9386093.69573634,,1423.47998046875,20260806,71764.60086733398,0.0,,,,0.39
IBCA,iShares iBonds Dec 2035 Term Corporate ETF,NYSE/AMEX,iShares,,539164531598.6722,0.1,35757.95948778186,12,30.0,146.61843798828124,0.41,1732.3751362304688,4.84,269.91,-3.05,-2.1,5.16,-4.99,2026-08-03,2515700.050354992,Fixed Income,1423.47998046875,20260806,,,,,,
IBCB,iShares iBonds Dec 2036 Term Corporate ETF,NYSE/AMEX,iShares,,138855311495.81418,0.1,35088.78097554017,4,31.0,136.654078125,0.3895,496.7945131835937,1.42,,-0.64,,5.7,-3.38,2026-08-03,1257109.656432525,Fixed Income,1423.47998046875,20260806,,,,,,
IBD,Inspire Corporate Bond ETF,NYSE/AMEX,Inspire,,693265725412.6562,0.41,33651.20976830553,12,28.0,108.184478515625,0.3215,1434.8678203124996,4.26,0.4,-2.35,-1.87,4.21,-3.45,2026-07-24,2022360.5764113043,,1423.47998046875,20260806,,,,,,
IBDR,iShares iBonds Dec 2026 Term Corporate ETF,NYSE/AMEX,iShares,,4822529945859.571,0.1,34412.62744180299,12,30.0,113.8783984375,0.3309,1406.3982207031247,4.09,-3.23,-0.23,-0.02,1.26,-0.58,2026-08-03,17101302.025299985,Fixed Income,1423.47998046875,20260806,34422.05196530273,0.26,5.18344,1.4938801,2016-09-13,-0.03
IBDS,iShares iBonds Dec 2027 Term Corporate ETF,NYSE/AMEX,iShares,,5496010785585.638,0.1,34362.94975853991,12,30.0,120.99579833984376,0.3521,1477.5722197265625,4.3,-2.17,-0.62,-0.37,1.56,-1.03,2026-08-03,16963468.315923735,Fixed Income,1423.47998046875,20260806,34350.06658269043,0.43,5.377,1.37821995,2017-09-12,0.04
IBDT,iShares iBonds Dec 2028 Term Corporate ETF,NYSE/AMEX,iShares,,5785573462865.328,0.1,35786.285840161145,12,30.0,132.38363818359375,0.3699,1615.6497778320313,4.51,-2.32,-1.3,-1.02,2.03,-1.8,2026-08-03,17566884.591811586,Fixed Income,1423.47998046875,20260806,35801.81687557129,0.59,5.6451604,1.1225999,2018-09-18,-0.04
IBDU,iShares iBonds Dec 2029 Term Corporate ETF,NYSE/AMEX,iShares,,5774068857037.062,0.1,32775.62600727845,12,30.0,125.26623828125,0.3822,1521.7000991210937,4.64,-2.55,-1.64,-1.35,2.55,-2.42,2026-08-03,16176102.19955832,Fixed Income,1423.47998046875,20260806,32807.21357105957,0.74,5.81774,0.90598,2019-09-17,-0.1
IBDV,iShares iBonds Dec 2030 Term Corporate ETF,NYSE/AMEX,iShares,,4684170931840.436,0.1,30754.28432640992,12,30.0,116.7253583984375,0.3795,1412.0921406249995,4.59,-1.78,-2.13,-1.84,3.13,-3.14,2026-08-03,15443936.51515827,Fixed Income,1423.47998046875,20260806,30786.52679958496,0.93,5.87643,0.48323,2020-06-23,-0.1
IBDW,iShares iBonds Dec 2031 Term Corporate ETF,NYSE/AMEX,iShares,,3616024312913.3633,0.1,29359.27459716797,12,30.0,116.7253583984375,0.3976,1412.0921406249995,4.81,-2.75,-2.46,-2.02,3.67,-3.65,2026-08-03,10728377.44114606,Fixed Income,1423.47998046875,20260806,29322.12176967773,1.06,5.9760198,0.13756999,,0.13
IBDX,iShares iBonds Dec 2032 Term Corporate ETF,NYSE/AMEX,iShares,,2467941219545.8,0.1,35405.07878759131,12,30.0,142.347998046875,0.4021,1715.2933764648442,4.84,-2.9,-2.54,-2.0,4.13,-4.04,2026-08-03,7246201.691573702,Fixed Income,1423.47998046875,20260806,35351.65556654785,1.14,5.83499,,,0.15
IBDY,iShares iBonds Dec 2033 Term Corporate ETF,NYSE/AMEX,iShares,,1548285082823.1362,0.1,36120.80450439453,12,30.0,148.04191796875,0.4099,1786.4673754882815,4.95,-1.8,-2.85,-2.18,4.38,-4.42,2026-08-03,5296477.547422614,Fixed Income,1423.47998046875,20260806,36068.87595470703,1.2,5.68036,,,0.14
IBDZ,iShares iBonds Dec 2034 Term Corporate ETF,NYSE/AMEX,iShares,,1236278336549.365,0.1,36462.43937389832,12,30.0,153.735837890625,0.4216,1797.855215332031,4.93,-0.86,-2.83,-2.12,4.87,-4.53,2026-08-03,4476295.08378136,Fixed Income,1423.47998046875,20260806,36406.35458847656,0.0,,,,0.15
IBFR,Innovator International Developed Managed 10 Buffer ETF,NYSE/AMEX,,,21750774101.5625,0.85,72782.53292180784,2,91.0,402.8448344726562,0.5535,569.3919921874999,0.78,,1.03,,9.43,-5.7,2026-06-30,169307.80497863228,,1423.47998046875,20260806,,,,,,
IBHF,iShares iBonds 2026 Term High Yield and Income ETF,NYSE/AMEX,iShares,,1133824773104.2278,0.35,32021.18335527648,12,30.0,125.26623828125,0.3912,1977.213692871094,6.17,-11.7,-2.49,-2.96,2.59,-4.18,2026-08-03,6757616.3167670425,Fixed Income,1423.47998046875,20260806,32031.44545130372,0.31,6.763470000000001,4.0432602,,-0.03
IBHG,iShares iBonds 2027 Term High Yield and Income ETF,NYSE/AMEX,iShares,,730389301243.38,0.35,31202.681280477904,12,30.0,152.31235791015624,0.4881,1871.8761743164064,6.0,-11.33,-1.7,-2.31,2.59,-2.71,2026-08-03,2976345.341147404,Fixed Income,1423.47998046875,20260806,,,,,,
IBHH,iShares iBonds 2028 Term High Yield and Income ETF,NYSE/AMEX,iShares,,649477386847.3422,0.35,33302.31479468383,12,30.0,170.81759765625,0.5129,2068.3164116210937,6.21,-7.69,-1.08,-1.08,3.26,-2.34,2026-08-03,2504910.0039750817,Fixed Income,1423.47998046875,20260806,,,,,,
IBHI,iShares iBonds 2029 Term High Yield and Income ETF,NYSE/AMEX,iShares,,706518073597.9873,0.35,33124.379797125235,12,30.0,185.0523974609375,0.5587,2199.276569824218,6.64,-4.69,-1.44,-1.19,4.12,-3.58,2026-08-03,2754066.511318207,Fixed Income,1423.47998046875,20260806,,,,,,
IBHJ,iShares iBonds 2030 Term High Yield and Income ETF,NYSE/AMEX,iShares,,221949166881.1952,0.35,37409.05486414488,12,30.0,209.25155712890623,0.5594,2495.360405761718,6.67,-0.96,-1.28,-0.72,4.53,-3.61,2026-08-03,719539.9438075715,Fixed Income,1423.47998046875,20260806,,,,,,
IBHK,iShares iBonds 2031 Term High Yield and Income ETF,NYSE/AMEX,iShares,,102991981765.61208,0.35,36312.83072871901,12,30.0,199.28719726562505,0.5488,2353.012407714844,6.48,-2.82,-1.35,-0.96,4.62,-3.73,2026-08-03,369476.9295422831,Fixed Income,1423.47998046875,20260806,,,,,,
IBHL,iShares iBonds 2032 Term High Yield and Income ETF,NYSE/AMEX,iShares,,39460566117.17041,0.35,36085.21804789733,12,30.0,182.2054375,0.5049,2244.8279291992185,6.22,168.65,-1.46,-0.55,4.62,-3.7,2026-08-03,157374.34962945915,Fixed Income,1423.47998046875,20260806,,,,,,
IBIC,iShares iBonds Oct 2026 Term TIPS ETF,NYSE/AMEX,iShares,,109304855053.32857,0.1,36426.85291740112,4,91.0,818.5009887695312,2.247,1681.1298569335938,4.62,16.47,0.12,-0.64,2.7,-2.26,2026-07-01,508362.4808192158,Fixed Income,1423.47998046875,20260806,,,,,,
IBID,iShares iBonds Oct 2027 Term TIPS ETF,NYSE/AMEX,iShares,,171778394543.69913,0.1,36583.43658407591,4,91.0,889.6749877929688,2.4319,1793.5847753906246,4.9,29.23,-0.38,-1.42,2.99,-2.77,2026-07-01,555241.0509250687,Fixed Income,1423.47998046875,20260806,,,,,,
IBIE,iShares iBonds Oct 2028 Term TIPS ETF,NYSE/AMEX,iShares,,223232290625.27533,0.1,36611.90412023012,4,91.0,953.7315869140624,2.605,1814.936975097656,4.96,37.1,-1.04,-2.0,3.24,-3.34,2026-07-01,616810.03192087,Fixed Income,1423.47998046875,20260806,,,,,,
IBIF,iShares iBonds Oct 2029 Term TIPS ETF,NYSE/AMEX,iShares,,153581395807.37686,0.1,36590.55278934632,4,91.0,908.1802275390626,2.482,1804.972615234375,4.93,25.92,-1.23,-2.29,3.45,-3.81,2026-07-01,433196.5445493569,Fixed Income,1423.47998046875,20260806,,,,,,
IBIG,iShares iBonds Oct 2030 Term TIPS ETF,NYSE/AMEX,iShares,,200502050568.20667,0.1,36462.43937389832,4,91.0,962.272466796875,2.6391,2011.377212402344,5.52,53.92,-1.61,-3.16,3.99,-4.79,2026-07-01,532611.9976593109,Fixed Income,1423.47998046875,20260806,,,,,,
IBIH,iShares iBonds Oct 2031 Term TIPS ETF,NYSE/AMEX,iShares,,96649358956.2618,0.1,36448.20424828492,4,91.0,868.3227880859375,2.3823,1812.0900151367189,4.97,23.35,-1.56,-2.72,4.26,-4.61,2026-07-01,270410.1771051323,Fixed Income,1423.47998046875,20260806,,,,,,
IBII,iShares iBonds Oct 2032 Term TIPS ETF,NYSE/AMEX,iShares,,70160725304.5168,0.1,35985.574883676134,4,91.0,918.1445874023436,2.5514,1871.876174316406,5.2,27.3,-1.75,-2.8,4.59,-5.02,2026-07-01,230645.408826942,Fixed Income,1423.47998046875,20260806,,,,,,
IBIJ,iShares iBonds Oct 2033 Term TIPS ETF,NYSE/AMEX,iShares,,75490614819.12099,0.1,35942.86950683594,4,91.0,1060.4925854492187,2.9505,1981.4841328125,5.51,32.95,-2.3,-3.02,5.08,-5.45,2026-07-01,227390.0653019636,Fixed Income,1423.47998046875,20260806,,,,,,
IBIK,iShares iBonds Oct 2034 Term TIPS ETF,NYSE/AMEX,iShares,,123016195248.08997,0.1,35668.56572260521,4,91.0,982.2011865234374,2.7537,1992.87197265625,5.59,37.52,-2.2,-2.95,5.28,-5.73,2026-07-01,341580.7523732584,Fixed Income,1423.47998046875,20260806,,,,,,
IBIL,iShares iBonds Oct 2035 Term TIPS ETF,NYSE/AMEX,iShares,,54687327739.78983,0.1,35288.07001905516,4,91.0,970.8133466796876,2.7511,1720.9872963867188,4.88,303.0,-2.38,-2.48,6.38,-5.82,2026-07-01,256525.8854983812,Fixed Income,1423.47998046875,20260806,,,,,,
IBIM,iShares iBonds Oct 2036 Term TIPS ETF,NYSE/AMEX,iShares,,24559322707.88943,0.1,35095.899895883165,1,,653.3773110351563,1.8617,653.3773110351563,1.86,,-0.9,,5.79,-3.8,2026-07-01,259755.7382311821,Fixed Income,1423.47998046875,20260806,,,,,,
IBLC,iShares Blockchain and Tech ETF,NYSE/AMEX,iShares,,115362537369.66368,0.47,61213.6248867251,1,,3645.532229980469,5.9554,3645.532229980469,5.96,421.59,-2.49,5.09,57.71,-48.11,2025-12-16,1333452.9706640665,Equity,1423.47998046875,20260806,,,,,,
IBMO,iShares iBonds Dec 2026 Term Muni Bond ETF,NYSE/AMEX,iShares,,811354162931.0228,0.1,36455.32316862792,12,30.0,71.1739990234375,0.1952,872.5932280273439,2.39,4.79,-0.02,-0.04,1.37,-0.76,2026-08-03,2146458.819811726,Fixed Income,1423.47998046875,20260806,,,,,,
IBMP,iShares iBonds Dec 2027 Term Muni Bond ETF,NYSE/AMEX,iShares,,935719224477.768,0.1,36085.21804789733,12,30.0,74.020958984375,0.2051,902.4863076171875,2.5,3.43,-0.22,-0.28,1.26,-0.96,2026-08-03,2114703.027604031,Fixed Income,1423.47998046875,20260806,,,,,,
IBMQ,iShares iBonds Dec 2028 Term Muni Bond ETF,NYSE/AMEX,iShares,,940500326815.9628,0.1,36284.504376339726,12,30.0,74.020958984375,0.204,889.6749877929689,2.45,2.29,-0.35,-0.27,1.37,-1.38,2026-08-03,2276999.594284293,Fixed Income,1423.47998046875,20260806,,,,,,
IBMR,iShares iBonds Dec 2029 Term Muni Bond ETF,NYSE/AMEX,iShares,,667896711363.1353,0.1,35942.86950683594,12,30.0,74.020958984375,0.2059,911.0271875000002,2.53,0.63,-0.84,-0.55,1.82,-2.16,2026-08-03,1759091.5375128211,Fixed Income,1423.47998046875,20260806,,,,,,
IBMS,iShares iBonds Dec 2030 Term Muni Bond ETF,NYSE/AMEX,iShares,,458950941036.40094,0.1,36597.66899461672,12,30.0,75.44443896484374,0.2061,908.1802275390628,2.48,4.59,-1.29,-0.46,2.13,-2.99,2026-08-03,1716297.0389777257,Fixed Income,1423.47998046875,20260806,,,,,,
IBMT,iShares iBonds Dec 2031 Term Muni Bond ETF,NYSE/AMEX,iShares,,188845084069.1189,0.1,36369.912414947525,12,30.0,72.59747900390624,0.1996,851.2410283203126,2.34,183.41,-1.59,0.17,2.79,-3.72,2026-08-03,757988.5165913799,Fixed Income,1423.47998046875,20260806,,,,,,
IBMU,iShares iBonds Dec 2032 Term Muni Bond ETF,NYSE/AMEX,iShares,,21403462324.314285,0.1,35686.35759331752,4,31.0,74.020958984375,0.2074,290.389916015625,0.81,,0.28,,3.03,-2.2,2026-08-03,210876.3348607395,Fixed Income,1423.47998046875,20260806,,,,,,
IBMV,iShares iBonds Dec 2033 Term Muni Bond ETF,NYSE/AMEX,iShares,,14227379160.844915,0.1,35586.71442909632,4,31.0,58.36267919921875,0.164,327.4003955078125,0.92,,-0.0,,3.15,-2.94,2026-08-03,123967.14163147884,Fixed Income,1423.47998046875,20260806,,,,,,
IBND,State Street SPDR Bloomberg International Corporate Bond ETF,NYSE/AMEX,SPDR,,655526765805.6641,0.5,44398.34135104064,12,30.0,105.33751855468748,0.2373,1234.157143066406,2.78,16.85,-2.56,-2.59,7.83,-7.45,2026-08-03,3958993.323134936,Fixed Income Bloomberg Global Aggregate ex-USD >$1B: Corporate Bond Index,1423.47998046875,20260806,44329.54380336426,1.11,5.32226,-1.1983,,0.16
ICAP,Infrastructure Capital Equity Income ETF,NYSE/AMEX,InfraCap,,167878430356.09766,2.47,41267.1105743777,12,31.0,355.8699951171875,0.8624,4012.7900649414064,9.72,23.1,3.02,8.63,14.01,-12.23,2026-07-30,649166.9267210333,,1423.47998046875,20260806,,,,,,
ICF,iShares Select U.S. REIT ETF,NYSE/AMEX,iShares,,3029066512884.661,0.32,97522.61650279535,4,91.0,543.7693525390625,0.5576,2367.2472075195315,2.43,-3.03,14.81,13.79,14.28,-8.46,2026-06-15,7477375.293815096,Real Estate,1423.47998046875,20260806,97492.39298192872,0.99,10.7239306,2.51026,,0.03
ICLO,Invesco AAA CLO Floating Rate Note ETF,NYSE/AMEX,Invesco,,755079740009.0,0.19,36428.27561544068,12,28.0,146.61843798828124,0.4025,1809.243055175781,4.97,-18.0,0.12,-0.07,1.87,-0.88,2026-07-20,3321821.8359889453,,1423.47998046875,20260806,36426.85270019531,0.03,6.29389,,,0.0
ICOW,Pacer Developed Markets International Cash Cows 100 ETF,NYSE/AMEX,Pacer,,2576334597549.25,0.65,63416.032043853775,4,91.0,370.104794921875,0.5836,1395.010380859375,2.2,31.9,13.91,29.21,14.63,-9.44,2026-06-04,7406794.513309676,,1423.47998046875,20260806,63321.2293631836,0.75,17.14571,10.59976,,0.15
ICPI,iShares 0-1 Year TIPS Bond ETF,NYSE/AMEX,iShares,,24156211668.425632,0.09,71060.11801853031,6,31.0,469.74839355468754,0.6611,2306.037568359375,3.25,,-0.04,,1.92,-2.06,2026-08-03,169640.7755530097,Fixed Income,1423.47998046875,20260806,,,,,,
ICPY,"Tweedy, Browne International Insider + Value ETF",NYSE/AMEX,"Tweedy, Browne",,105714057479.1211,0.8,18676.057180845644,1,,44.12787939453125,0.2363,44.12787939453125,0.24,,20.04,,14.11,-8.86,2025-12-23,386685.4130282904,,1423.47998046875,20260806,,,,,,
ICSH,iShares Ultra Short Duration Bond Active ETF,NYSE/AMEX,iShares,,11942633980723.92,0.08,71807.44718033448,12,30.0,236.29767675781247,0.3291,3017.77755859375,4.2,-13.19,-0.27,-0.27,1.23,-0.67,2026-08-03,77332768.97229433,Fixed Income,1423.47998046875,20260806,71792.21637895508,0.04,5.07031,3.80032,2013-12-11,0.02
ICVT,iShares Convertible Bond ETF,NYSE/AMEX,iShares,,10637630155030.03,0.2,164888.8022343628,12,30.0,197.86371728515627,0.12,2273.2975288085936,1.38,-14.23,15.8,26.13,17.31,-11.74,2026-08-03,71532038.00603175,Fixed Income,1423.47998046875,20260806,165052.44679615236,1.11,17.16074,6.10746,2015-06-02,-0.1
IDEQ,Lazard International Dynamic Equity ETF,NYSE/AMEX,,,2306037568359.375,0.4,50704.35538385622,2,181.0,401.42135449218745,0.7917,661.9181909179687,1.31,34.78,15.24,32.96,19.02,-12.95,2026-06-18,8017292.288435461,,1423.47998046875,20260806,,,,,,
IDEV,iShares Core MSCI International Developed Markets ETF,NYSE/AMEX,iShares,,45906247907745.24,0.04,131935.23851445317,2,181.0,1913.15709375,1.4501,4089.657983886719,3.1,26.4,11.28,21.38,15.4,-11.2,2026-06-15,146279485.39222798,Equity,1423.47998046875,20260806,131235.70122294434,0.88,18.5169,9.4425604,2017-03-21,0.53
IDGT,iShares U.S. Digital Infrastructure and Real Estate ETF,NYSE/AMEX,iShares,,743062726440.9055,0.37,164269.59191815183,4,91.0,176.511517578125,0.1075,1293.9433022460937,0.79,-23.23,34.92,38.24,22.94,-17.01,2026-06-15,3001427.7978888582,Equity,1423.47998046875,20260806,163407.74379191894,1.26,22.054319,10.4367904,,0.53
IDHQ,Invesco S&P International Developed Quality ETF,NYSE/AMEX,Invesco,,1337073424664.875,0.29,64150.69267693162,4,91.0,412.8091943359375,0.6435,1249.8154228515623,1.95,16.45,26.13,40.39,20.63,-14.03,2026-06-22,3508450.130646117,,1423.47998046875,20260806,63814.60752441406,1.0,21.4386,10.10689,,0.53
IDLV,Invesco S&P International Developed Low Volatility ETF,NYSE/AMEX,Invesco,,491006939666.84375,0.25,51501.50612777099,4,91.0,738.7861098632812,1.4345,2472.584726074219,4.8,67.66,6.22,8.75,10.27,-8.29,2026-06-22,1245658.1798121843,,1423.47998046875,20260806,,,,,,
IDMO,Invesco S&P International Developed Momentum ETF,NYSE/AMEX,Invesco,,5801769142385.625,0.25,88910.55827684328,4,91.0,735.9391499023437,0.8277,3120.2681171875,3.51,113.44,11.04,20.23,19.26,-12.41,2026-06-22,24388130.34738661,,1423.47998046875,20260806,88383.8719873047,0.82,26.75066,15.484519999999998,2012-02-24,0.6
IDNA,iShares Genomics Immunology and Healthcare ETF,NYSE/AMEX,iShares,,279811583955.7631,0.47,47971.27642782591,2,181.0,177.93499755859375,0.3709,398.5743945312501,0.83,6.06,28.53,57.84,24.99,-10.66,2026-06-15,1042187.6203202024,Equity,1423.47998046875,20260806,,,,,,
IDOG,ALPS International Sector Dividend Dogs ETF,NYSE/AMEX,ALPS,,781840161511.9062,0.5,62704.2920536194,4,91.0,1325.2598618164063,2.1135,2630.59100390625,4.2,29.59,12.86,26.95,13.82,-7.35,2026-06-18,1237072.4253606454,,1423.47998046875,20260806,,,,,,
IDRV,iShares Self-Driving EV and Tech ETF,NYSE/AMEX,iShares,,192892796781.23032,0.48,51786.20320989378,2,181.0,431.31443408203126,0.8329,912.4506674804688,1.76,-6.42,-5.6,11.15,26.79,-23.39,2026-06-15,989159.8412362968,Equity,1423.47998046875,20260806,,,,,,
IDU,iShares U.S. Utilities ETF,NYSE/AMEX,iShares,,2064899709975.8767,0.38,157422.64582709968,4,91.0,898.2158676757813,0.5706,3580.0521508789056,2.27,2.19,0.98,1.26,14.25,-9.63,2026-06-15,20094043.5162238,Equity,1423.47998046875,20260806,157625.9382160498,0.49,14.37717,8.45449,2000-06-12,-0.13
IDUB,Aptus International Enhanced Yield ETF,NYSE/AMEX,APTUS ETFs,,709613880535.5469,0.44,39871.6745787384,4,91.0,492.52407324218746,1.2353,1786.467375488281,4.48,2.45,12.76,24.38,16.7,-12.57,2026-06-29,983310.6219027394,,1423.47998046875,20260806,,,,,,
IDV,iShares International Select Dividend ETF,NYSE/AMEX,iShares,,12061694139356.385,0.5,63408.91312351078,4,90.0,1568.6749384765626,2.4739,3241.263915527344,5.11,27.99,11.39,24.5,13.47,-9.32,2026-06-15,41193987.40193754,Equity,1423.47998046875,20260806,63051.19521088868,0.73,25.8051,13.36798,2007-06-11,0.57
IDVO,Amplify CWP International Enhanced Dividend Income ETF,NYSE/AMEX,Amplify ETFs,,1926288093014.3125,0.65,61323.52016506344,12,31.0,300.35427587890626,0.4898,3441.974592773437,5.61,26.07,9.73,25.52,16.62,-10.84,2026-07-30,10893688.49358924,,1423.47998046875,20260806,60882.52346064454,0.56,22.66324,,,0.72
IDVZ,Polen International Dividend Income Fund,NYSE/AMEX,Polen Capital,,280270567652.0703,0.75,49679.45349041745,12,30.0,158.00627783203126,0.3181,1417.786060546875,2.85,68.81,8.85,20.74,12.27,-9.61,2026-07-30,608462.8658457904,,1423.47998046875,20260806,,,,,,
IDX,VanEck Indonesia Index ETF,NYSE/AMEX,VanEck,,50267781288.20703,0.57,16042.620031500235,1,,489.67711328124994,3.0524,489.67711328124994,3.05,-41.99,-32.8,-25.71,28.75,-44.74,2025-12-22,1078688.6943707713,,1423.47998046875,20260806,,,,,,
IDYN,iShares International Equity Factor Rotation Active ETF,NYSE/AMEX,iShares,,155912402154.09045,0.45,43914.35794047546,2,181.0,619.2137915039062,1.41,785.76094921875,1.79,,8.53,,17.18,-12.68,2026-06-15,661915.185600524,Equity,1423.47998046875,20260806,,,,,,
IEDI,iShares U.S. Consumer Focused ETF,NYSE/AMEX,iShares,,40650360720.1675,0.18,81252.23989162594,4,91.0,203.55763720703123,0.2505,748.7504697265625,0.92,3.95,3.43,1.45,14.23,-9.63,2026-06-15,160433.64135225455,Equity,1423.47998046875,20260806,,,,,,
IEFA,iShares Core MSCI EAFE ETF,NYSE/AMEX,iShares,,275536423648848.9,0.07,143031.27321602777,2,181.0,2246.2514091796875,1.5705,4681.825655761719,3.27,26.65,11.21,20.51,15.88,-11.5,2026-06-15,1123614638.769922,Equity,1423.47998046875,20260806,142205.00948283693,0.89,17.88336,9.02621,2012-10-18,0.58
IEMG,iShares Core MSCI Emerging Markets ETF,NYSE/AMEX,iShares,,221895901068791.6,0.09,113650.63642768562,2,181.0,936.6498271484376,0.8241,2557.993524902344,2.25,-4.06,15.71,30.89,23.93,-13.78,2026-06-15,1013892501.9144944,Equity,1423.47998046875,20260806,113583.08328075196,1.02,19.96447,7.63142,2012-10-18,0.06
IEO,iShares U.S. Oil & Gas Exploration & Production ETF,NYSE/AMEX,iShares,,767979451648.2244,0.37,169244.64749930426,4,91.0,718.8573901367188,0.4247,3318.131834472656,1.96,0.78,30.6,35.93,26.18,-16.68,2026-06-15,9592785.56153058,Equity,1423.47998046875,20260806,170463.09420191406,-0.2,10.72729,22.20276,,-0.71
IETC,iShares U.S. Tech Independence Focused ETF,NYSE/AMEX,iShares,,1008524194535.7026,0.18,153550.7894028686,4,91.0,156.5827978515625,0.102,596.4381118164063,0.39,-1.18,7.18,8.94,24.39,-21.36,2026-06-15,6692732.405117749,Equity,1423.47998046875,20260806,154650.72270887205,1.27,25.70162,14.36432,,-0.71
IEUR,iShares Core MSCI Europe ETF,NYSE/AMEX,iShares,,12933491840408.111,0.1,111074.1411383301,2,181.0,2195.0061298828127,1.9762,3403.5406333007813,3.06,20.82,8.86,19.51,15.95,-12.04,2026-06-15,86396265.53370029,Equity,1423.47998046875,20260806,110542.67239046874,0.9,17.71105,9.09168,2014-06-10,0.48
IEV,iShares Europe ETF,NYSE/AMEX,iShares,,2405587003891.123,0.6,107472.73852539062,2,181.0,1823.4778549804687,1.6967,2892.5113203125,2.69,35.2,8.74,20.94,16.14,-12.31,2026-06-15,15910249.013816986,Equity,1423.47998046875,20260806,107153.09609577636,0.88,17.57497,9.66141,2000-07-25,0.3
IEZ,iShares U.S. Oil Equipment & Services ETF,NYSE/AMEX,iShares,,511419125479.1932,0.37,40554.944317745976,4,91.0,120.99579833984376,0.2984,489.67711328125006,1.21,-5.49,31.41,61.14,28.83,-20.56,2026-06-15,9768909.370360926,Equity,1423.47998046875,20260806,40341.62193368164,0.69,7.6705396,18.23085,,0.53
IFLN,Invesco Bloomberg Enhanced Fallen Angels ETF,NYSE/AMEX,Invesco,,432411219713.0625,0.23,25942.923187057488,12,28.0,129.53667822265623,0.4993,1534.5114189453122,5.91,3.16,-2.17,-1.06,4.3,-5.02,2026-07-20,2190425.4214380654,,1423.47998046875,20260806,,,,,,
IFLR,Innovator International Developed Managed Floor ETF,NYSE/AMEX,,,130575818608.39844,0.89,77361.8666722998,2,91.0,502.4884331054688,0.6495,714.5869501953125,0.92,,6.52,,12.96,-9.58,2026-06-30,844223.27124639,,1423.47998046875,20260806,,,,,,
IFRA,iShares U.S. Infrastructure ETF,NYSE/AMEX,iShares,,6579409563395.393,0.3,87501.31613706052,4,91.0,260.4968364257812,0.2977,1386.4695009765624,1.58,4.96,15.07,21.92,15.42,-8.84,2026-06-15,16937969.696636185,Equity,1423.47998046875,20260806,87317.9844127295,0.94,18.16053,13.578378999999998,2018-04-03,0.21
IG,Principal Investment Grade Corporate Active ETF,NYSE/AMEX,Principal Funds,,287358404722.1797,0.19,28796.99935326539,12,30.0,122.41927832031249,0.4251,1486.1130996093748,5.16,-1.14,-2.89,-2.72,4.86,-5.19,2026-08-03,778788.8754439943,,1423.47998046875,20260806,,,,,,
IGBH,iShares Interest Rate Hedged Long-Term Corporate Bond ETF,NYSE/AMEX,iShares,,321033013456.36115,0.14,34690.20831865538,12,30.0,140.92451806640625,0.4062,1904.6162138671875,5.49,-15.58,-1.16,0.66,4.2,-5.06,2026-08-04,1741049.5955393745,Fixed Income,1423.47998046875,20260806,,,,,,
IGE,iShares North American Natural Resources ETF,NYSE/AMEX,iShares,,1059755681606.9336,0.37,85408.798828125,4,91.0,412.8091943359375,0.4833,1689.6707368164064,1.98,8.11,17.37,33.36,16.7,-12.32,2026-06-15,10839196.577611065,Equity,1423.47998046875,20260806,85768.75421078614,0.26,16.303418999999998,19.19809,,-0.42
IGEB,iShares Investment Grade Systematic Bond ETF,NYSE/AMEX,iShares,,2155435747680.138,0.18,63102.87014064938,12,30.0,274.7316362304688,0.4354,3249.8047954101567,5.15,0.26,-2.85,-2.6,4.4,-4.8,2026-08-03,10035174.31873124,Fixed Income,1423.47998046875,20260806,63011.63670223144,1.05,5.63549,0.6094999999999999,,0.14
IGHG,ProShares Investment Grade-Interest Rate Hedged,NYSE/AMEX,ProShares,,469340663336.9219,0.3,110789.4494863525,12,30.0,472.59535351562505,0.4266,5664.026842285157,5.11,-0.97,-0.99,-0.55,3.58,-2.66,2026-08-03,1319082.2821215747,,1423.47998046875,20260806,,,,,,
IGLB,iShares 10  Year Investment Grade Corporate Bond ETF,NYSE/AMEX,iShares,,4000939513762.794,0.04,68640.20639584959,12,30.0,291.81339599609373,0.4251,3709.588829101562,5.4,1.05,-4.31,-4.27,7.9,-8.82,2026-08-03,81341044.39055467,Fixed Income,1423.47998046875,20260806,68862.99350994629,1.94,4.26372,-3.1164601,2009-12-08,-0.32
IGLD,FT Vest Gold Strategy Target Income ETF,NYSE/AMEX,First Trust,,731849913268.5312,0.85,30362.827874795534,12,30.0,603.5555117187499,1.9878,6751.565547363281,22.24,23.74,-14.99,-2.6,26.61,-31.48,2026-08-03,6635031.927498304,,1423.47998046875,20260806,30135.07118652344,0.21,21.30917,13.66287,,0.76
IGM,iShares Expanded Tech Sector ETF,NYSE/AMEX,iShares,,15233522083877.516,0.37,231187.38884086907,4,91.0,96.796638671875,0.0419,310.3186357421875,0.13,-14.51,25.54,39.17,24.66,-16.51,2026-06-15,93071956.43906102,Equity,1423.47998046875,20260806,230810.94434709472,1.53,35.23734,18.73429,2001-03-13,0.16
IGPT,Invesco AI and Next Gen Software ETF,NYSE/AMEX,Invesco,,1591156720793.375,0.56,130604.2882080078,1,,14.2347998046875,0.0109,14.2347998046875,0.01,-41.18,50.39,83.24,37.33,-24.73,2025-09-22,7955131.173373158,,1423.47998046875,20260806,129351.62582519533,2.16,38.727483,13.199459999999998,,0.97
IGRO,iShares International Dividend Growth ETF,NYSE/AMEX,iShares,,1860793580466.3145,0.15,131714.60085512698,4,90.0,1699.6350966796874,1.2904,3446.2450327148435,2.62,28.91,10.83,20.26,12.57,-10.32,2026-06-15,5483231.869287012,Equity,1423.47998046875,20260806,131588.4110925049,0.74,17.255699999999997,9.3646005,,0.1
IGV,iShares Expanded Tech-Software Sector ETF,NYSE/AMEX,iShares,,21192763322079.586,0.38,141266.15022083744,1,,24.19915966796875,0.0171,24.19915966796875,0.02,,-3.29,-11.24,29.59,-36.61,2026-06-15,1281691824.3485603,Equity,1423.47998046875,20260806,144315.71712827636,1.14,13.474710000000002,4.25251,2001-07-10,-2.11
IHAK,iShares Cybersecurity and Tech ETF,NYSE/AMEX,iShares,,1544300696393.7422,0.47,91928.33974514157,2,181.0,9.964359863281253,0.0108,62.633119140625,0.07,-56.0,36.39,26.4,26.27,-22.66,2026-06-15,6832589.784683288,Equity,1423.47998046875,20260806,91728.70830621096,0.92,19.57869,8.296380000000001,,0.22
IHDG,WisdomTree International Hedged Quality Dividend Growth Fund,NYSE/AMEX,WisdomTree,,3142359797662.625,0.58,76583.22186318971,4,91.0,982.2011865234374,1.2825,1357.9999013671877,1.77,-19.15,9.24,21.23,14.15,-10.49,2026-06-25,9450977.030748343,,1423.47998046875,20260806,76410.98187158203,0.66,13.181031,7.78194,,0.23
IHE,iShares U.S. Pharmaceutical ETF,NYSE/AMEX,iShares,,2379002403503.769,0.37,145372.8930053711,4,91.0,405.6917944335937,0.2791,2086.821651367188,1.44,25.41,20.33,52.95,17.79,-8.77,2026-06-15,10389734.25474068,Equity,1423.47998046875,20260806,145900.56279933106,0.5,21.48547,11.5731694,,-0.36
IHF,iShares U.S. Health Care Providers ETF,NYSE/AMEX,iShares,,1792220228819.419,0.37,79814.5220704712,4,91.0,69.75051904296875,0.0874,743.0565498046875,0.93,16.78,15.89,35.66,20.43,-20.33,2026-06-15,19608903.197722964,Equity,1423.47998046875,20260806,80549.22322720215,0.84,3.83249,2.12657,2006-05-01,-0.91
IHI,iShares U.S. Medical Devices ETF,NYSE/AMEX,iShares,,4772907610422.766,0.37,76398.16794528812,4,91.0,106.76099853515623,0.1397,344.4821552734375,0.45,-12.0,-13.28,-10.22,19.81,-26.24,2026-06-15,107876978.73145272,Equity,1423.47998046875,20260806,76488.90316571288,0.81,0.24785,-2.88937,2006-05-01,-0.12
IHY,VanEck International High Yield Bond ETF,NYSE/AMEX,VanEck,,61550818841.875,0.4,30818.34103413392,12,30.0,156.5827978515625,0.5081,1790.7378154296878,5.81,10.25,-1.55,-1.55,5.38,-5.57,2026-08-03,412920.0034888902,,1423.47998046875,20260806,,,,,,
IIGD,Invesco Investment Grade Defensive ETF,NYSE/AMEX,Invesco,,38095666608.33789,0.13,34718.67585480958,12,28.0,122.41927832031249,0.3526,1474.7252597656247,4.25,-1.33,-1.85,-1.49,2.59,-3.04,2026-07-20,159121.60152982431,,1423.47998046875,20260806,,,,,,
IINC,Alki Consolidated Income ETF,NYSE/AMEX,,,32796978750.0,0.75,36789.41285139136,1,,307.47167578125,0.8358,307.47167578125,0.84,,3.01,,,-1.08,2026-07-30,722623.1526955635,,1423.47998046875,20260806,,,,,,
IJH,iShares Core S&P Mid-Cap ETF,NYSE/AMEX,iShares,,178788811327463.8,0.05,110276.99582456052,4,91.0,269.03771630859376,0.244,1264.05022265625,1.15,3.38,15.78,23.64,15.82,-9.04,2026-06-15,740303921.7840161,Equity,1423.47998046875,20260806,109635.94411250977,1.0,14.4398,8.9136496,2000-05-22,0.58
IJJ,iShares S&P Mid-Cap 400 Value ETF,NYSE/AMEX,iShares,,12767872117750.877,0.18,214283.56407280263,4,91.0,733.0921899414062,0.3421,3335.213594238281,1.56,-0.04,13.12,21.78,15.13,-10.89,2026-06-15,21232107.168735944,Equity,1423.47998046875,20260806,214046.4782691162,0.95,13.07954,9.3946695,2000-07-24,0.11
IJK,iShares S&P Mid-Cap 400 Growth ETF,NYSE/AMEX,iShares,,15630176326946.488,0.16,165757.12589127198,4,91.0,190.7463173828125,0.1151,866.8993081054688,0.52,-13.37,18.35,25.63,17.99,-10.01,2026-06-15,30272845.548412822,Equity,1423.47998046875,20260806,164010.24592845215,1.05,15.46523,8.016559500000001,2000-07-24,1.07
IJR,iShares Core S&P Small-Cap ETF,NYSE/AMEX,iShares,,160025972662997.4,0.06,212596.7437712401,4,91.0,616.3668315429687,0.2899,2338.7776079101563,1.1,-30.5,23.05,34.78,17.4,-8.83,2026-06-15,640557854.712647,Equity,1423.47998046875,20260806,212095.38543388672,1.07,14.76009,7.93472,2000-05-22,0.24
IJS,iShares S&P SmallCap 600 Value ETF,NYSE/AMEX,iShares,,11873989850250.275,0.18,198262.28994204104,4,91.0,768.6791894531251,0.3877,2562.2639648437503,1.29,-4.61,21.45,37.48,17.8,-9.44,2026-06-15,42143750.21681827,Equity,1423.47998046875,20260806,197570.55158317872,1.06,13.774939,8.4716104,2000-07-24,0.35
ILCB,iShares Morningstar Large-Cap ETF,NYSE/AMEX,iShares,,1867759315622.9648,0.03,152155.77424348146,4,91.0,350.1760751953125,0.2301,1447.6791401367186,0.95,-1.93,13.05,21.71,13.0,-9.3,2026-06-15,1576259.8653542567,Equity,1423.47998046875,20260806,,,,,,
ILCG,iShares Morningstar Large-Cap Growth ETF,NYSE/AMEX,iShares,,4638144557822.284,0.04,167073.84921732172,4,91.0,133.8071181640625,0.0801,678.9999506835937,0.41,2.8,12.61,16.76,18.83,-15.85,2026-06-15,8349099.678811731,Equity,1423.47998046875,20260806,165941.7659139502,1.3,24.05858,12.1683195,,0.68
ILCV,iShares Morningstar Large-Cap  Value ETF,NYSE/AMEX,iShares,,1914775989190.3003,0.04,152541.3905739449,4,91.0,556.5806723632812,0.3649,2328.813248046876,1.53,-2.68,13.24,27.47,10.08,-6.9,2026-06-15,3314292.3738502413,Equity,1423.47998046875,20260806,152708.27039712403,0.74,18.85416,12.671131,,-0.11
ILF,iShares Latin America 40 ETF,NYSE/AMEX,iShares,,5510029274739.033,0.47,50334.25297819823,3,90.5,624.9077114257813,1.2415,1679.7063769531253,3.34,-20.75,14.69,39.16,22.7,-13.94,2026-06-15,97745337.7441427,Equity,1423.47998046875,20260806,49864.51795062012,0.91,14.77406,11.109959,2001-10-25,0.94
ILOW,AB International Low Volatility Equity ETF,NYSE/AMEX,AllianceBernstein,,2625124658575.8125,0.5,67287.89932837524,1,,970.8133466796876,1.4428,970.8133466796876,1.44,157.36,10.29,14.43,13.87,-9.8,2025-12-17,3688551.5909263794,,1423.47998046875,20260806,67047.0458640625,0.76,18.40045,8.86474,,0.36
ILS,Brookmont Catastrophic Bond ETF,NYSE/AMEX,"Brookmont Capital Management, LLC",,117165225100.2422,1.58,28338.64079784788,4,91.0,576.5093920898438,2.0344,2300.3436484375,8.12,301.99,-0.44,-0.58,4.37,-3.72,2026-06-24,657325.491766485,,1423.47998046875,20260806,,,,,,
ILTB,iShares Core 10  Year USD Bond ETF,NYSE/AMEX,iShares,,850184084057.6455,0.06,67566.04765539989,12,30.0,293.2368759765625,0.434,3449.091992675781,5.1,0.79,-4.34,-4.13,7.87,-8.82,2026-08-03,2583326.06192661,Fixed Income,1423.47998046875,20260806,,,,,,
IMCB,iShares Morningstar Mid-Cap ETF,NYSE/AMEX,iShares,,2413668043470.0806,0.04,141308.85288260505,4,91.0,402.8448344726562,0.2851,1672.5889770507813,1.18,2.26,18.83,23.18,13.11,-8.31,2026-06-15,3797963.652876288,Equity,1423.47998046875,20260806,140585.87217905273,0.97,17.3724,9.33537,,0.51
IMCG,iShares Morningstar Mid-Cap Growth ETF,NYSE/AMEX,iShares,,5815707594768.587,0.06,140320.11032598093,4,91.0,148.04191796875,0.1055,846.9705883789062,0.6,-1.49,22.12,21.61,16.96,-10.3,2026-06-15,10633175.627390796,Equity,1423.47998046875,20260806,139037.6526478955,1.2,17.91284,7.44838,,0.92
IMF,Invesco Managed Futures Strategy ETF,NYSE/AMEX,Invesco,,453537484677.59375,0.65,73838.18572745286,1,,660.4947109375,0.8945,660.4947109375,0.89,,11.97,20.2,10.61,-4.54,2025-12-22,440389.89242321183,,1423.47998046875,20260806,,,,,,
IMFL,Invesco International Developed Dynamic Multifactor ETF,NYSE/AMEX,Invesco,,1467821313533.3125,0.34,49269.48838892579,4,91.0,291.81339599609373,0.5923,1413.5156206054687,2.87,38.3,14.84,27.32,17.0,-12.46,2026-06-22,2924063.026132744,,1423.47998046875,20260806,,,,,,
IMTB,iShares Core 5-10 Year USD Bond ETF,NYSE/AMEX,iShares,,392657370584.9293,0.06,61265.15696457029,12,30.0,234.87419677734377,0.3834,2788.5972817382813,4.55,1.87,-2.54,-1.26,4.4,-4.36,2026-08-03,1105869.953193391,Fixed Income,1423.47998046875,20260806,,,,,,
IMTM,iShares MSCI Intl Momentum Factor ETF,NYSE/AMEX,iShares,,6027111032918.454,0.3,75942.65478594974,2,181.0,856.9349482421875,1.1284,3306.743994628906,4.35,108.34,9.59,16.03,19.54,-12.85,2026-06-15,26545132.151507404,Equity,1423.47998046875,20260806,75527.71254370117,0.86,21.33025,9.89434,2015-01-13,0.55
IMVP,Invesco India ETF,NYSE/AMEX,Invesco,,161892082094.875,0.78,29295.21788944397,2,182.0,832.7357885742186,2.8426,3389.3058334960942,11.57,8.92,-16.24,-18.72,18.0,-26.29,2026-06-22,1004647.159485532,,1423.47998046875,20260806,,,,,,
INCE,Franklin Income Equity Focus ETF,NYSE/AMEX,Franklin Templeton Investments,,193125351004.5703,0.29,97864.24865722656,11,31.0,355.8699951171875,0.3636,4261.899061523437,4.35,6.78,11.93,19.9,8.24,-5.0,2026-06-30,1235518.4421645692,,1423.47998046875,20260806,,,,,,
INCM,Franklin Income Focus ETF,NYSE/AMEX,Franklin Templeton Investments,,2454415473154.875,0.38,41772.019049429335,11,31.0,170.81759765625,0.4089,1981.4841328125,4.74,-4.72,4.28,8.2,5.58,-3.39,2026-06-30,9059380.440528164,,1423.47998046875,20260806,41703.180535,0.69,11.14324,,,0.17
INDL,Direxion Daily MSCI India Bull 2X ETF,NYSE/AMEX,Direxion Funds,,81171212804.66797,1.23,66234.52175356448,4,91.0,170.81759765625,0.2579,908.1802275390626,1.37,-61.43,-19.64,-15.6,30.66,-35.22,2026-06-23,1313399.048227865,,1423.47998046875,20260806,,,,,,
INDS,Pacer Industrial Real Estate ETF,NYSE/AMEX,Pacer,,167917980323.875,0.49,59401.6777495686,4,91.0,52.46947208007812,0.0883,1928.94918065332,3.25,60.96,13.29,15.9,16.39,-12.29,2026-06-04,459042.2075967408,,1423.47998046875,20260806,,,,,,
INEQ,Columbia International Equity Income ETF,NYSE/AMEX,Columbia Threadneedle,,145890982779.0625,0.45,59373.34868211672,4,91.0,852.6645083007812,1.4361,5443.387445312501,9.17,224.89,11.84,15.83,15.87,-9.56,2026-06-25,638699.9920866765,,1423.47998046875,20260806,,,,,,
INFL,Horizon Kinetics Inflation Beneficiaries ETF,NYSE/AMEX,Horizon Kinetics,,2142763275815.625,0.85,73850.1429071594,4,91.0,185.0523974609375,0.2506,586.4737519531251,0.79,-44.25,15.93,22.33,16.3,-12.57,2026-06-24,10624237.072055042,,1423.47998046875,20260806,73926.29756567383,0.51,19.28474,13.302700000000002,,-0.1
INFO,Harbor PanAgora Dynamic Large Cap Core ETF,NYSE/AMEX,Harbor Capital Advisors Inc,,1199578377343.0938,0.35,40420.56722982228,1,,122.41927832031249,0.3029,122.41927832031249,0.3,160.61,15.66,26.09,13.26,-8.99,2025-12-19,673610.9520228717,,1423.47998046875,20260806,,,,,,
INKM,State Street Income Allocation ETF,NYSE/AMEX,SPDR,,107401564526.3672,0.5,49401.01736569777,4,91.0,664.7651508789063,1.3457,2343.048047851563,4.74,4.97,4.88,6.46,6.62,-5.21,2026-06-25,350159.8662083842,Multi-Asset MSCI World Index,1423.47998046875,20260806,,,,,,
INMU,iShares Intermediate Muni Income Active ETF,NYSE/AMEX,iShares,,767961525836.0043,0.3,33914.41162069701,12,30.0,98.22011865234376,0.2896,1151.5953041992186,3.4,-1.34,-1.02,1.75,2.72,-3.34,2026-08-03,4121665.735987112,Fixed Income,1423.47998046875,20260806,33840.14758408691,0.78,4.39457,1.456,,0.22
INQQ,INQQ The India Internet ETF,NYSE/AMEX,Exchange Traded Concepts,,62309584916.74414,0.86,19558.61460583192,1,,466.90143359375,2.3872,466.90143359375,2.39,72.63,-7.35,-11.47,18.5,-31.6,2025-12-30,386490.0650369181,,1423.47998046875,20260806,,,,,,
INTF,iShares International Equity Factor ETF,NYSE/AMEX,iShares,,5243451798154.497,0.16,60958.96193764359,2,181.0,1026.3290659179688,1.6836,1769.385615722656,2.9,25.94,12.22,24.52,15.22,-10.2,2026-06-15,10563378.909884997,Equity,1423.47998046875,20260806,60568.005558959965,0.8,20.481591,10.97925,,0.65
INTL,Main International ETF,NYSE/AMEX,Main Management ETFs,,341188017617.5156,0.84,44099.40914330445,2,184.0,448.39619384765626,1.0168,1470.4548198242187,3.33,93.81,9.7,18.94,17.19,-11.51,2026-06-25,886015.7843984475,,1423.47998046875,20260806,,,,,,
INTM,Invesco Intermediate Municipal ETF,NYSE/AMEX,Invesco,,143903075904.57812,0.35,73280.74874291383,11,28.0,223.48635693359373,0.305,2380.05852734375,3.25,,-0.53,2.65,2.74,-2.93,2026-07-20,413802.8500439617,,1423.47998046875,20260806,,,,,,
INVG,GMO Systematic Investment Grade Credit ETF,NYSE/AMEX,GMO,,33611442749.54492,0.25,35681.375435106456,11,31.0,138.07755810546877,0.387,1568.6749384765624,4.4,508.84,-2.31,-2.2,4.74,-5.34,2026-06-30,142570.6031129085,,1423.47998046875,20260806,,,,,,
INYY,YieldMax INTC Option Income Strategy ETF,NYSE/AMEX,YieldMax ETFs,,24445262274.83203,0.99,58604.66818942875,7,7.0,929.5324272460938,1.5861,9108.84839501953,15.54,,-20.64,,80.63,-40.74,2026-07-30,2079524.772068278,,1423.47998046875,20260806,,,,,,
ION,ProShares S&P Global Core Battery Metals ETF,NYSE/AMEX,ProShares,,16950680035.103516,0.58,71643.75002346188,3,136.5,293.2368759765625,0.4093,1087.538705078125,1.52,48.93,-5.05,57.88,39.77,-33.92,2026-06-24,358876.73807674577,,1423.47998046875,20260806,,,,,,
IOO,iShares Global 100 ETF,NYSE/AMEX,iShares,,13247707260411.738,0.4,207162.73231869936,2,181.0,1026.3290659179688,0.4954,1662.6246171875,0.8,1.57,14.46,29.79,14.63,-9.94,2026-06-15,26071067.88285372,Equity,1423.47998046875,20260806,206511.4151057032,0.97,25.41466,16.182949,2000-12-05,0.32
IPAC,iShares Core MSCI Pacific ETF,NYSE/AMEX,iShares,,3871614297135.3447,0.09,121721.77617076412,2,181.0,1254.0858627929688,1.0303,4552.288977539063,3.74,49.65,15.6,21.79,17.99,-11.49,2026-06-15,9568622.129920747,Equity,1423.47998046875,20260806,120688.18431606446,0.86,17.934910000000002,8.704099999999999,,0.86
IPAY,Amplify Digital Payments ETF,NYSE/AMEX,Amplify ETFs,,255554035644.3203,0.75,72746.94375023805,1,,585.0502719726562,0.8042,585.0502719726562,0.8,-6.16,-0.91,-10.67,24.7,-31.42,2025-12-30,1495334.0161840585,,1423.47998046875,20260806,,,,,,
IPO,Renaissance IPO ETF,NYSE/AMEX,Renaissance Capital,,210990616927.125,0.6,77522.71843309328,3,136.5,44.12787939453125,0.0569,338.7882353515625,0.44,40.0,15.82,11.48,32.15,-26.29,2026-06-12,3058393.5319863427,,1423.47998046875,20260806,76950.33843618164,1.66,16.498739,-3.04655,,0.74
IQDF,FlexShares International Quality Dividend Index Fund,NYSE/AMEX,Flexshares Trust,,1646193695244.625,0.47,50411.68684859574,4,91.0,733.0921899414062,1.4542,1484.6896196289065,2.95,-39.15,14.65,28.64,16.09,-10.22,2026-06-18,2495118.326646721,,1423.47998046875,20260806,,,,,,
IQDG,WisdomTree International Quality Dividend Growth Fund,NYSE/AMEX,WisdomTree,,1019354788386.7812,0.42,63686.49671543576,4,91.0,868.3227880859375,1.3634,1469.03133984375,2.31,11.81,7.01,17.12,16.67,-12.38,2026-06-25,2778543.472212681,,1423.47998046875,20260806,,,,,,
IQDY,FlexShares International Quality Dividend Dynamic Index Fund,NYSE/AMEX,Flexshares Trust,,158073671068.22656,0.47,61351.98498614505,4,91.0,846.9705883789062,1.3805,1799.2786953125,2.93,-40.18,15.92,32.33,17.93,-10.69,2026-06-18,307259.5320024528,,1423.47998046875,20260806,,,,,,
IQHI,NYLI MacKay High Income ETF,NYSE/AMEX,New York Life Investment Management LLC,,159095957451.0,0.41,36803.22171060741,11,29.5,173.66455761718748,0.4719,2509.595205566406,6.82,-22.81,-1.7,-1.54,4.4,-4.23,2026-06-30,339679.41963016463,,1423.47998046875,20260806,,,,,,
IQLT,iShares MSCI Intl Quality Factor ETF,NYSE/AMEX,iShares,,20043573325013.76,0.3,72960.46791936643,2,181.0,1061.9160654296877,1.4555,1701.0585766601564,2.33,14.24,11.59,21.69,15.2,-10.38,2026-06-15,99247360.4223869,Equity,1423.47998046875,20260806,72753.4497053662,0.85,16.085769,7.82132,2015-01-13,0.28
IQMM,ProShares GENIUS Money Market ETF,NYSE/AMEX,ProShares,,24757243990705.0,0.15,142474.68333413824,23,7.0,99.64359863281253,0.0699,2237.710529296875,1.57,,0.05,,0.51,-0.1,2026-08-04,341141203.95035017,,1423.47998046875,20260806,142459.59887734376,0.0,,,,0.01
IQSI,NYLI Candriam International Equity ETF,NYSE/AMEX,New York Life Investment Management LLC,,380900262112.6328,0.15,55599.56068000197,4,91.0,818.5009887695312,1.4721,1469.03133984375,2.64,23.44,10.18,18.9,15.95,-12.22,2026-06-18,511496.4275985657,,1423.47998046875,20260806,,,,,,
IQSM,NYLI Candriam U.S. Mid Cap Equity ETF,NYSE/AMEX,New York Life Investment Management LLC,,469356469658.625,0.15,57341.04625318386,4,91.0,143.77147802734376,0.2507,589.3207119140626,1.03,0.73,15.17,23.0,15.15,-9.08,2026-06-18,538488.5246739027,,1423.47998046875,20260806,,,,,,
IQSU,NYLI Candriam U.S. Large Cap Equity ETF,NYSE/AMEX,New York Life Investment Management LLC,,466243307553.5,0.09,89052.90953297727,4,91.0,204.9811171875,0.2302,864.0523481445313,0.97,8.59,14.5,25.34,14.24,-11.4,2026-06-18,1054568.5210077355,,1423.47998046875,20260806,,,,,,
IROC,Invesco Rochester High Yield Municipal ETF,NYSE/AMEX,,,192055918964.84375,0.39,72042.32268034667,12,28.0,310.3186357421875,0.4307,3723.82362890625,5.17,18.91,-0.28,1.69,3.24,-3.06,2026-07-20,587538.329543581,,1423.47998046875,20260806,,,,,,
IRTR,iShares LifePath Retirement ETF,NYSE/AMEX,iShares,,83968501627.4102,0.08,45594.0620367676,12,30.0,112.45491845703124,0.2466,1423.47998046875,3.12,10.86,3.75,7.39,6.51,-4.97,2026-08-04,507677.7311507753,Multi Asset,1423.47998046875,20260806,,,,,,
ISBG,IncomeSTKd 1x Bitcoin & 1x Gold Premium ETF,NYSE/AMEX,Quantify Funds,,6506903502.240234,1.14,17351.22393295588,27,7.0,55.51571923828125,0.32,2569.3813647460934,14.81,,-52.13,,72.19,-62.5,2026-08-03,164721.0145784016,,1423.47998046875,20260806,,,,,,
ISCB,iShares Morningstar Small-Cap ETF,NYSE/AMEX,iShares,,413241692094.6925,0.04,108547.46200094,4,91.0,320.2829956054688,0.2951,1357.9999013671877,1.25,16.91,16.21,28.59,16.51,-9.65,2026-06-15,313430.5245152508,Equity,1423.47998046875,20260806,,,,,,
ISCF,iShares International Small-Cap Equity Factor ETF,NYSE/AMEX,iShares,,961931976150.6407,0.24,64796.80936255492,2,181.0,1170.1005439453124,1.8058,2297.496688476562,3.55,1.96,8.85,15.21,15.38,-11.34,2026-06-15,2487608.057262679,Equity,1423.47998046875,20260806,,,,,,
ISCG,iShares Morningstar Small-Cap Growth ETF,NYSE/AMEX,iShares,,1431770020673.7854,0.06,91856.02107151224,4,91.0,140.92451806640625,0.1534,529.534552734375,0.58,-16.03,14.86,26.88,18.72,-11.55,2026-06-15,2470660.0830596983,Equity,1423.47998046875,20260806,,,,,,
ISCV,iShares Morningstar Small-Cap Value ETF,NYSE/AMEX,iShares,,1005462482975.6876,0.06,116695.46001902597,4,91.0,479.7127534179688,0.4111,2066.8929316406247,1.77,10.84,18.71,31.65,15.77,-9.61,2026-06-15,1184958.3810395016,Equity,1423.47998046875,20260806,,,,,,
ISMD,Inspire Small/Mid Cap ETF,NYSE/AMEX,Inspire,,476700442022.5,0.53,71786.09584945068,4,91.0,317.4360356445313,0.4422,782.9139892578125,1.09,21.95,29.51,39.73,18.24,-9.73,2026-06-26,1448550.7468665682,,1423.47998046875,20260806,,,,,,
ISMF,iShares Managed Futures Active ETF,NYSE/AMEX,iShares,,85832802397.14055,0.8,39586.97749661561,1,,2331.6602080078123,5.89,2331.6602080078123,5.89,,4.82,10.84,9.86,-6.12,2025-12-16,342848.05063681584,Multi Asset,1423.47998046875,20260806,,,,,,
ISPY,ProShares S&P 500 High Income ETF,NYSE/AMEX,ProShares,,1772654107963.25,0.56,69372.58636794798,12,30.0,345.90563525390627,0.4986,3460.479832519531,4.99,-52.32,6.62,13.39,12.63,-9.3,2026-08-03,5729480.582502753,,1423.47998046875,20260806,69132.58638344727,0.0,,,,0.35
ISRA,VanEck Israel ETF,NYSE/AMEX,VanEck,,215484691267.3828,0.59,93419.4358935058,1,,1237.0041030273435,1.3241,1237.0041030273435,1.32,65.52,10.13,32.37,21.51,-11.99,2025-12-22,550250.8975870808,,1423.47998046875,20260806,,,,,,
ISVL,iShares International Developed Small Cap Value Factor ETF,NYSE/AMEX,iShares,,469623398204.64655,0.31,76156.17895507812,2,181.0,1439.138260253906,1.8897,2293.226248535156,3.01,14.91,11.95,24.46,15.18,-12.48,2026-06-15,1830310.84082548,Equity,1423.47998046875,20260806,,,,,,
ITA,iShares U.S. Aerospace & Defense ETF,NYSE/AMEX,iShares,,21240201030064.457,0.37,361898.4337032959,3,136.0,233.450716796875,0.0645,1516.0061791992186,0.42,-2.2,14.52,28.79,22.74,-15.88,2026-06-15,195421714.6482694,Equity,1423.47998046875,20260806,358787.1753455615,1.0,30.64723,19.56061,2006-05-01,0.87
ITAN,Sparkline Intangible Value ETF,NYSE/AMEX,Sparkline Capital,,158139219474.3672,0.5,62362.659899188206,4,91.0,149.46539794921875,0.2397,626.3311914062499,1.0,23.25,17.67,36.01,14.87,-9.27,2026-06-29,371224.218364518,,1423.47998046875,20260806,,,,,,
ITB,iShares U.S. Home Construction ETF,NYSE/AMEX,iShares,,3315692620458.9385,0.37,141579.31755418703,4,91.0,226.3333168945313,0.1599,915.2976274414062,0.65,-58.44,2.02,-3.41,29.7,-26.39,2026-06-15,252923797.2671752,Equity,1423.47998046875,20260806,143536.47571736816,1.5,5.60011,7.867540000000001,2006-05-01,-1.36
ITDB,iShares LifePath Target Date 2030 ETF,NYSE/AMEX,iShares,,109777831273.14777,0.09,50355.60430908203,1,,960.8489868164064,1.9081,960.8489868164064,1.91,17.19,7.1,11.17,8.03,-5.66,2025-12-23,644386.9794741931,Multi Asset,1423.47998046875,20260806,,,,,,
ITDC,iShares LifePath Target Date 2035 ETF,NYSE/AMEX,iShares,,158597626590.10828,0.1,52882.42463024706,1,,977.9307465820314,1.8493,977.9307465820314,1.85,19.48,8.79,14.1,9.46,-6.63,2025-12-23,700437.7624097725,Multi Asset,1423.47998046875,20260806,,,,,,
ITDD,iShares LifePath Target Date 2040 ETF,NYSE/AMEX,iShares,,153543413489.63242,0.11,55658.06506427005,1,,913.8741474609376,1.6419,913.8741474609376,1.64,34.87,10.39,16.82,10.75,-7.56,2025-12-23,666044.7446511561,Multi Asset,1423.47998046875,20260806,,,,,,
ITDE,iShares LifePath Target Date 2045 ETF,NYSE/AMEX,iShares,,127569087895.01912,0.11,58106.45236832276,1,,958.0020268554688,1.6487,958.0020268554688,1.65,32.48,12.08,19.63,11.95,-8.44,2025-12-23,491421.345346428,Multi Asset,1423.47998046875,20260806,,,,,,
ITDF,iShares LifePath Target Date 2050 ETF,NYSE/AMEX,iShares,,122774324405.217,0.11,60113.55892357789,1,,872.5932280273437,1.4516,872.5932280273437,1.45,26.13,12.93,21.53,13.12,-9.32,2025-12-23,470086.1528232316,Multi Asset,1423.47998046875,20260806,,,,,,
ITDG,iShares LifePath Target Date 2055 ETF,NYSE/AMEX,iShares,,83337475329.27997,0.12,61380.45523737185,1,,859.781908203125,1.4007,859.781908203125,1.4,33.92,13.83,22.97,13.72,-9.54,2025-12-23,309452.9634514767,Multi Asset,1423.47998046875,20260806,,,,,,
ITDH,iShares LifePath Target Date 2060 ETF,NYSE/AMEX,iShares,,57638190536.51409,0.12,61451.62815036625,1,,858.3584282226562,1.3968,858.3584282226562,1.4,15.74,13.87,23.06,13.99,-9.64,2025-12-23,203641.27592662795,Multi Asset,1423.47998046875,20260806,,,,,,
ITDI,iShares LifePath Target Date 2065 ETF,NYSE/AMEX,iShares,,39221080001.83914,0.12,61366.22282683104,1,,871.1697480468749,1.4196,871.1697480468749,1.42,16.13,13.94,23.12,14.0,-9.6,2025-12-23,152028.76063944903,Multi Asset,1423.47998046875,20260806,,,,,,
ITDJ,iShares LifePath Target Date 2070 ETF,NYSE/AMEX,iShares,,21919401390.572803,0.12,47736.40092781373,1,,583.6267919921875,1.2226,583.6267919921875,1.22,106.03,13.98,23.45,13.96,-9.65,2025-12-23,133910.1897201994,Multi Asset,1423.47998046875,20260806,,,,,,
ITEQ,Amplify BlueStar Israel Technology ETF,NYSE/AMEX,Amplify ETFs,,159863475080.78906,0.75,92102.00664858148,1,,700.352150390625,0.7604,700.352150390625,0.76,8100.0,10.85,19.96,24.94,-13.29,2025-12-30,596985.6252632294,,1423.47998046875,20260806,,,,,,
ITM,VanEck Intermediate Muni ETF,NYSE/AMEX,VanEck,,3023029083713.375,0.18,65593.96010646969,12,30.0,179.3584775390625,0.2734,1990.0250126953129,3.03,6.88,-2.33,1.21,3.09,-4.42,2026-08-03,11282311.928295242,,1423.47998046875,20260806,65593.9575,0.97,3.19532,0.03754,2007-12-04,0.0
ITOT,iShares Core S&P Total U.S. Stock Market ETF,NYSE/AMEX,iShares,,138541046179933.31,0.03,240390.18170166016,4,91.0,596.4381118164063,0.2481,2344.471527832032,0.98,-1.85,13.22,22.19,13.14,-9.1,2026-06-15,493783892.9985286,Equity,1423.47998046875,20260806,240105.7988711621,1.03,21.013421,12.25055,2004-01-20,0.12
ITWO,ProShares Russell 2000 High Income ETF,NYSE/AMEX,ProShares,,282277514994.77344,0.55,66333.74136646092,12,30.0,334.5177954101562,0.5043,4875.4189331054695,7.35,-35.35,16.21,26.41,18.88,-11.04,2026-08-03,1244021.7605747057,,1423.47998046875,20260806,,,,,,
IVE,iShares S&P 500 Value ETF,NYSE/AMEX,iShares,,70797491608558.89,0.18,334289.6207093075,4,91.0,1279.7085024414064,0.3828,5043.389570800781,1.51,-5.7,10.37,19.45,9.92,-6.54,2026-06-15,215180085.31883425,Equity,1423.47998046875,20260806,334898.2489045361,0.78,14.96405,11.6670996,2000-05-22,-0.18
IVES,Dan IVES Wedbush AI Revolution ETF,NYSE/AMEX,Wedbush Funds,,1403750320182.6562,0.75,54647.39558137208,1,,186.47587744140623,0.3412,186.47587744140623,0.34,,19.97,37.21,28.45,-22.95,2025-12-22,23644421.92618545,,1423.47998046875,20260806,54823.90796777344,0.0,,,2025-06-03,-0.32
IVLU,iShares MSCI Intl Value Factor ETF,NYSE/AMEX,iShares,,6411121470006.178,0.31,62959.09618647583,2,181.0,1012.0942661132812,1.6075,1999.9893725585928,3.18,10.28,14.85,31.56,15.86,-11.69,2026-06-15,41385481.69364121,Equity,1423.47998046875,20260806,62425.718107470704,0.8,24.44332,15.7671,2015-06-16,0.85
IVOG,Vanguard S&P Mid-Cap 400 Growth ETF,NYSE/AMEX,Vanguard,,2572205275719.1875,0.1,206134.1324963868,1,,1101.7735048828126,0.5345,1101.7735048828126,0.53,-12.74,18.77,25.74,18.0,-9.69,2025-12-22,3773286.161357864,,1423.47998046875,20260806,204240.90759765625,1.05,15.58272,8.099300399999999,,0.93
IVOL,Quadratic Interest Rate Volatility and Inflation Hedge ETF,NYSE/AMEX,KraneShares,,387285811099.5781,0.98,24747.19978625793,11,30.5,74.020958984375,0.2991,886.8280278320314,3.58,-8.25,-8.88,-11.26,6.51,-15.02,2026-06-29,6050446.62321998,,1423.47998046875,20260806,24725.84726074219,0.53,-2.84445,-5.68189,,0.09
IVOO,Vanguard S&P Mid-Cap 400 ETF,NYSE/AMEX,Vanguard,,8335274894207.0,0.07,186799.70957990736,4,92.0,491.1005932617187,0.2629,2145.184330566406,1.15,-8.83,15.79,23.8,15.77,-9.09,2026-06-24,9197973.611030731,,1423.47998046875,20260806,184910.04946289063,1.0,14.317189999999998,8.6947806,,1.02
IVOV,Vanguard S&P Mid-Cap 400 Value ETF,NYSE/AMEX,Vanguard,,2130079408694.9373,0.1,165707.30973930657,1,,2620.626644042969,1.5815,2620.626644042969,1.58,10.57,14.08,21.88,15.01,-10.58,2025-12-22,2559845.838629369,,1423.47998046875,20260806,,,,,,
IVV,iShares Core S&P 500 ETF,NYSE/AMEX,iShares,,1284258115613320.5,0.03,1101616.9429367185,4,91.0,2841.266041015625,0.2579,11656.877560058594,1.06,2.35,12.78,21.72,12.89,-9.13,2026-06-15,5594576647.641481,Equity,1423.47998046875,20260806,1101185.892346875,1.0,21.4858,13.34396,2000-05-15,0.04
IVVB,iShares Large Cap Deep Quarterly Laddered ETF,NYSE/AMEX,iShares,,183217423467.7564,0.5,50433.89614241943,1,,576.5093920898438,1.1431,576.5093920898438,1.14,52.26,7.01,12.24,7.75,-6.03,2025-12-23,1202553.6555713182,Equity,1423.47998046875,20260806,,,,,,
IVVM,iShares Large Cap Moderate Quarterly Laddered ETF,NYSE/AMEX,iShares,,251374903844.0601,0.5,53807.54217568971,1,,338.7882353515625,0.6296,338.7882353515625,0.63,25.26,8.56,14.46,7.4,-5.31,2025-12-23,885941.8454970706,Equity,1423.47998046875,20260806,,,,,,
IVVW,iShares S&P 500 BuyWrite ETF,NYSE/AMEX,iShares,,481265246036.7402,0.25,64156.24228531495,12,30.0,607.8259516601562,0.9474,11171.47088671875,17.41,-7.76,-1.05,-0.69,10.34,-9.61,2026-08-04,1589883.882060716,Equity,1423.47998046875,20260806,,,,,,
IVW,iShares S&P 500 Growth ETF,NYSE/AMEX,iShares,,109850841316792.14,0.18,201557.64957211912,4,91.0,179.3584775390625,0.089,704.6225903320312,0.35,-1.79,14.8,23.84,18.04,-13.91,2026-06-15,368911232.2355427,Equity,1423.47998046875,20260806,201081.5364854053,1.21,26.71303,13.82549,2000-05-22,0.24
IWB,iShares Russell 1000 ETF,NYSE/AMEX,iShares,,71035451919029.94,0.15,600082.2170911133,4,91.0,1199.9936235351563,0.2,5366.5195263671885,0.89,0.53,12.62,21.29,12.91,-9.08,2026-06-15,411439700.610043,Equity,1423.47998046875,20260806,599455.2772786084,1.01,21.04367,12.48056,2000-05-15,0.1
IWC,iShares Microcap ETF,NYSE/AMEX,iShares,,2111988993278.38,0.6,282532.3004416749,4,91.0,733.0921899414062,0.2595,2691.8006430664063,0.95,35.26,25.07,50.73,24.24,-12.56,2026-06-15,14977777.504354533,Equity,1423.47998046875,20260806,279733.6452382373,1.37,21.779498,7.56251,2005-08-12,1.0
IWD,iShares Russell 1000 Value ETF,NYSE/AMEX,iShares,,118836003481590.16,0.18,364923.3069412112,4,91.0,1083.2682651367188,0.2968,4986.450371582031,1.37,-3.82,20.81,31.7,11.33,-7.14,2026-06-15,687480694.3364234,Equity,1423.47998046875,20260806,364751.3714113281,0.79,19.105239,11.9685,2000-05-22,0.05
IWF,iShares Russell 1000 Growth Fund,NYSE/AMEX,iShares,,180795384514646.25,0.18,176596.9229016602,4,91.0,152.31235791015624,0.0862,613.164001586914,0.35,-2.87,5.19,12.03,17.62,-16.43,2026-06-15,852624979.1434311,Equity,1423.47998046875,20260806,176377.14106796877,1.2,22.105591,12.41894,2000-05-22,0.12
IWL,iShares Russell Top 200 ETF,NYSE/AMEX,iShares,,3229879737585.844,0.15,271664.03861020505,4,91.0,558.00415234375,0.2054,2236.287049316406,0.82,0.19,11.83,21.49,13.33,-10.02,2026-06-15,9622186.129428696,Equity,1423.47998046875,20260806,271134.0752758301,1.01,22.3624,13.71929,,0.2
IWLG,NYLI Winslow Large Cap Growth ETF,NYSE/AMEX,New York Life Investment Management LLC,,444059613332.4375,0.5,81736.21787204593,1,,1.42347998046875,0.0017,1.42347998046875,0.0,-99.84,6.41,8.96,18.81,-19.45,2025-12-19,5462826.560405594,,1423.47998046875,20260806,80934.80124951171,1.29,21.443969,,,0.99
IWM,iShares Russell 2000 Index Fund,NYSE/AMEX,iShares,,116025371073610.08,0.19,428538.6307436526,4,91.0,989.3185864257812,0.2309,3780.762828125,0.88,7.01,21.01,36.49,19.38,-11.19,2026-06-15,9234128955.650948,Equity,1423.47998046875,20260806,427034.88386875,1.26,16.95365,7.523440000000001,2000-05-22,0.35
IWMI,NEOS Russell 2000 High Income ETF,NYSE/AMEX,Neos Funds,,1582147208525.3125,0.68,75544.08212906495,12,28.0,889.6749877929688,1.1777,10194.963620117189,13.5,1.14,8.17,15.42,15.91,-10.49,2026-07-22,14973924.104995543,,1423.47998046875,20260806,75279.17293911132,0.0,,,2024-06-24,0.35
IWMW,iShares Russell 2000 BuyWrite ETF,NYSE/AMEX,iShares,,84852229657.47997,0.39,56796.8533927612,12,30.0,791.4548691406251,1.3935,11461.860802734374,20.18,-15.84,2.39,3.65,14.03,-12.32,2026-08-04,490389.592230717,Equity,1423.47998046875,20260806,,,,,,
IWMY,Defiance R2000 Weekly Distribution ETF,NYSE/AMEX,Defiance ETFs LLC,,136036356140.51562,1.05,27424.62246917188,52,7.0,156.5827978515625,0.571,11185.705686523435,40.79,-55.87,-2.99,-17.24,17.29,-25.8,2026-07-30,2092446.1502912608,,1423.47998046875,20260806,,,,,,
IWN,iShares Russell 2000 Value ETF,NYSE/AMEX,iShares,,20769138608488.625,0.24,321364.8325712159,4,91.0,1117.4317846679687,0.3477,4535.207217773437,1.41,9.52,23.45,40.14,17.34,-8.7,2026-06-15,143980828.81673342,Equity,1423.47998046875,20260806,320511.39296833496,1.07,16.90755,9.1764696,2000-07-24,0.27
IWO,iShares Russell 2000 Growth Fund,NYSE/AMEX,iShares,,21106060792047.73,0.24,553107.3777356446,4,91.0,643.412951171875,0.1163,2337.354127929688,0.42,-28.39,18.78,33.15,22.46,-14.89,2026-06-15,151480608.25812206,Equity,1423.47998046875,20260806,550353.6022495214,1.44,16.987160000000003,5.68394,2000-07-24,0.5
IWP,iShares Russell Midcap Growth ETF,NYSE/AMEX,iShares,,29011895359552.246,0.23,202532.7298834473,4,91.0,230.6037568359375,0.1139,701.7756303710937,0.35,-4.46,2.94,0.87,17.67,-14.92,2026-06-15,129393070.0552733,Equity,1423.47998046875,20260806,202032.70580835448,1.17,14.309730000000002,4.66817,2001-07-17,0.25
IWR,iShares Russell Mid-Cap ETF,NYSE/AMEX,iShares,,81325305573160.17,0.18,160098.79514096677,4,91.0,411.3857143554688,0.257,1803.549135253906,1.13,3.68,15.57,20.62,13.71,-8.41,2026-06-15,226914257.46515512,Equity,1423.47998046875,20260806,159884.60237065918,0.97,16.4666,8.404639999999999,2001-07-17,0.13
IWS,iShares Russell Mid-Cap Value ETF,NYSE/AMEX,iShares,,22552816832064.664,0.23,242750.6006536484,4,91.0,717.43391015625,0.2955,3094.6454775390625,1.27,3.23,19.57,27.45,13.5,-7.82,2026-06-15,73211371.37701294,Equity,1423.47998046875,20260806,242633.8566120752,0.9,16.786301,9.8429605,2001-07-17,0.05
IWV,iShares Russell 3000 Fund,NYSE/AMEX,iShares,,28925016497475.164,0.2,624366.7820826173,4,91.0,1366.54078125,0.2189,5306.733367187499,0.85,-2.13,13.08,22.07,12.99,-9.07,2026-06-15,91342973.9954124,Equity,1423.47998046875,20260806,623383.9757502881,1.02,20.74638,12.14826,2000-05-22,0.16
IWX,iShares Russell Top 200 Value ETF,NYSE/AMEX,iShares,,5718754267292.307,0.2,159643.2819816284,4,91.0,540.922392578125,0.3388,2180.771330078125,1.37,-0.13,21.18,33.59,10.75,-6.95,2026-06-15,23995417.8638899,Equity,1423.47998046875,20260806,159518.95306807617,0.72,20.205191,12.97509,2009-09-22,0.08
IWY,iShares Russell Top 200 Growth ETF,NYSE/AMEX,iShares,,23520343297548.09,0.2,412908.8483604491,4,91.0,387.1865546875,0.0938,1422.0565004882817,0.34,-3.2,5.18,12.94,17.88,-16.78,2026-06-15,105959493.72380984,Equity,1423.47998046875,20260806,412275.958735254,1.18,22.64618,13.47546,2009-09-22,0.15
IXC,iShares Global Energy ETF,NYSE/AMEX,iShares,,3936353711859.445,0.37,76625.9299551025,2,181.0,1030.5995058593749,1.345,2237.710529296875,2.92,1.95,25.65,35.46,20.49,-16.5,2026-06-15,38838563.70984653,Equity,1423.47998046875,20260806,76064.80577513183,-0.12,15.18442,21.29826,2001-11-12,0.74
IXG,iShares Global Financial ETF,NYSE/AMEX,iShares,,996856231739.1746,0.38,192141.3216819093,2,181.0,2509.595205566406,1.3061,4031.2953046875,2.1,14.56,10.89,20.85,14.16,-11.33,2026-06-15,4155031.25273649,Equity,1423.47998046875,20260806,191327.29650204105,0.76,25.44949,14.4007,,0.43
IXJ,iShares Global Healthcare ETF,NYSE/AMEX,iShares,,5885802151983.423,0.38,143387.14321114495,2,181.0,1204.2640634765626,0.8399,2055.505091796875,1.43,4.64,3.07,21.24,15.16,-10.78,2026-06-15,23037053.802032776,Equity,1423.47998046875,20260806,143907.1499042822,0.52,7.77027,4.48377,2001-11-13,-0.36
IXN,iShares Global Tech ETF,NYSE/AMEX,iShares,,12882770627422.564,0.37,199707.1212533936,2,181.0,237.72115673828125,0.119,1560.13405859375,0.78,200.27,32.48,45.88,27.72,-16.19,2026-06-15,35970283.55840779,Equity,1423.47998046875,20260806,199115.46864078124,1.52,33.001960000000004,19.60597,2001-11-12,0.3
IXP,iShares Global Comm Services ETF,NYSE/AMEX,iShares,,813000238113.0182,0.37,167586.3028791137,2,181.0,1155.865744140625,0.6897,5591.42936328125,3.34,190.1,-2.6,2.32,16.1,-12.29,2026-06-15,4025958.3466594135,Equity,1423.47998046875,20260806,167673.23002299317,0.9,21.19852,8.267869999999998,,-0.05
IYC,iShares U.S. Consumer Discretionary ETF,NYSE/AMEX,iShares,,1722038485021.607,0.38,146234.10317208245,4,91.0,200.71067724609367,0.1373,730.2452299804688,0.5,0.79,0.04,1.88,15.14,-12.08,2026-06-15,16777482.78417279,Equity,1423.47998046875,20260806,146556.47390473145,1.03,13.47972,6.175260199999999,2000-06-12,-0.22
IYE,iShares U.S. Energy ETF,NYSE/AMEX,iShares,,2406069133642.374,0.38,87401.67297283933,4,91.0,439.8553139648437,0.5033,1904.6162138671875,2.18,4.04,26.47,36.05,20.79,-14.97,2026-06-15,69908959.33224058,Equity,1423.47998046875,20260806,86705.1905159375,-0.06,12.92593,21.693689,2000-06-12,0.8
IYF,iShares U.S. Financial ETF,NYSE/AMEX,iShares,,6332574798671.725,0.38,195386.85429973155,4,91.0,540.922392578125,0.2768,2727.387642578125,1.4,22.43,5.87,13.02,14.61,-14.3,2026-06-15,47493602.78774811,Equity,1423.47998046875,20260806,195751.92779493163,0.8,22.37743,12.42124,2000-05-22,-0.19
IYG,iShares U.S. Financial Services ETF,NYSE/AMEX,iShares,,3160657026827.202,0.38,138675.41709079593,4,91.0,325.9769155273437,0.2351,1406.398220703125,1.01,6.7,4.9,13.23,15.75,-16.17,2026-06-15,9062390.54984396,Equity,1423.47998046875,20260806,138082.78227699708,0.86,22.13521,10.45749,,0.43
IYH,iShares U.S. Healthcare ETF,NYSE/AMEX,iShares,,5331788129853.493,0.38,97921.18915968016,4,91.0,232.02723681640623,0.237,1140.2074643554688,1.16,4.84,5.25,25.35,15.62,-10.92,2026-06-15,47544547.58735842,Equity,1423.47998046875,20260806,98372.47371465332,0.52,8.86318,4.9601402000000006,2000-06-12,-0.46
IYJ,iShares U.S. Industrials ETF,NYSE/AMEX,iShares,,2803309478251.754,0.38,242333.23969440907,4,91.0,306.04819580078123,0.1263,1669.7420170898438,0.69,-2.9,13.41,18.88,16.08,-11.55,2026-06-15,15340709.915265089,Equity,1423.47998046875,20260806,241664.62332817385,1.01,17.623939999999997,9.63175,2000-06-12,0.28
IYK,iShares U.S. Consumer Staples ETF,NYSE/AMEX,iShares,,2048987269861.5493,0.38,105743.21556206048,4,91.0,593.5911518554688,0.5614,2700.341522949219,2.55,9.78,11.36,7.1,13.99,-11.09,2026-06-15,22195309.68176744,Equity,1423.47998046875,20260806,106440.90059194824,0.47,6.385549999999999,6.37142,2000-06-12,-0.66
IYLD,iShares Morningstar Multi-Asset Income ETF,NYSE/AMEX,iShares,,179086603254.1968,0.5,31643.95931420289,12,30.0,101.06707861328124,0.3194,1464.760899902344,4.63,3.21,3.35,7.7,5.98,-4.88,2026-08-04,523298.6197530131,Multi Asset,1423.47998046875,20260806,,,,,,
IYM,iShares U.S. Basic Materials ETF,NYSE/AMEX,iShares,,1479430160515.8533,0.38,265030.6166882813,4,91.0,693.2347504882812,0.2616,3318.131834472656,1.25,9.03,18.85,31.0,20.07,-13.85,2026-06-15,27812898.50238693,Equity,1423.47998046875,20260806,264183.9769755908,0.88,13.31743,9.15245,2000-06-12,0.32
IYR,iShares U.S. Real Estate ETF,NYSE/AMEX,iShares,,6443462232447.299,0.37,148525.89594917,4,91.0,725.9747900390626,0.4888,3219.911715820312,2.17,-4.36,11.01,9.52,14.1,-8.79,2026-06-15,655409562.8181452,Real Estate,1423.47998046875,20260806,149673.9235315576,0.99,9.8366804,2.1733899,2000-06-12,-0.77
IYRI,NEOS Real Estate High Income ETF,NYSE/AMEX,Neos Funds,,436606727668.2969,0.68,70533.43194619752,12,28.0,644.8364311523437,0.9142,7706.720614257812,10.93,58.17,2.04,-1.04,11.17,-9.38,2026-07-22,3603457.310020477,,1423.47998046875,20260806,70474.92800502929,0.0,,,,0.08
IYT,iShares U.S. Transportation ETF,NYSE/AMEX,iShares,,3222815309999.883,0.38,123102.55348946528,4,91.0,219.2159169921875,0.1781,1116.0083046875,0.91,4.12,14.82,25.55,20.34,-12.4,2026-06-15,52612179.5449247,Equity,1423.47998046875,20260806,123479.51467936524,1.3,11.69901,7.9915,2003-10-06,-0.31
IYW,iShares U.S. Technology ETF,NYSE/AMEX,iShares,,35891501676845.07,0.38,358342.73119226843,4,91.0,102.49055859375,0.0286,365.83435498046873,0.1,-23.05,25.94,38.5,24.08,-17.86,2026-06-15,234762250.4521664,Equity,1423.47998046875,20260806,357841.4864205371,1.47,32.51493,19.43925,2000-05-15,0.14
IYY,iShares Dow Jones U.S. ETF,NYSE/AMEX,iShares,,4309789773279.094,0.2,266945.1989996582,4,91.0,498.2179931640625,0.1866,2269.027088867187,0.85,1.98,12.8,21.53,13.01,-9.15,2026-06-15,4590562.355323822,Equity,1423.47998046875,20260806,266378.7411138769,1.02,20.97193,12.29266,,0.21
IYZ,iShares U.S. Telecommunications ETF,NYSE/AMEX,iShares,,1748775505424.6611,0.37,62270.130225164816,4,91.0,219.2159169921875,0.352,1000.7064262695312,1.61,32.89,28.47,45.48,20.29,-13.58,2026-06-15,51759414.25112631,Equity,1423.47998046875,20260806,61145.99537022949,0.71,27.46396,7.30045,2000-05-22,1.84
IZRL,ARK Israel Innovative Technology ETF,NYSE/AMEX,ARK ETF Trust,,194899553676.54688,0.49,42704.3994140625,1,,1103.1969848632814,2.5833,1103.1969848632814,2.58,667.33,-0.13,12.15,22.9,-18.27,2025-12-26,552364.9438537355,,1423.47998046875,20260806,,,,,,
JA,Janus Henderson AA-A CLO ETF,NYSE/AMEX,Janus Henderson,,209987143255.77344,0.29,71245.1719364319,4,30.0,311.74211572265625,0.4376,1225.6162631835937,1.72,,-0.04,,2.09,-0.72,2026-06-30,727874.458539897,,1423.47998046875,20260806,,,,,,
JAAA,Janus Henderson AAA CLO ETF,NYSE/AMEX,Janus Henderson,,41590644626226.0,0.2,71935.56059578247,12,30.0,283.27251611328126,0.3938,3541.61819140625,4.92,-14.65,-0.15,-0.15,1.55,-0.89,2026-07-31,289617437.99330205,,1423.47998046875,20260806,71914.20861328125,0.02,6.186890200000001,4.8867002,2020-10-16,0.03
JABS,Janus Henderson Asset-Backed Securities ETF,NYSE/AMEX,Janus Henderson,,190968653567.92188,0.33,70932.0100332275,12,30.0,281.8490361328125,0.3974,3601.404350585937,5.08,,-0.63,-0.97,2.38,-1.79,2026-07-31,213618.364477454,,1423.47998046875,20260806,,,,,,
JADE,JPMorgan Active Developing Markets Equity ETF,NYSE/AMEX,JPMorgan,,43361620121.04492,0.65,111305.31327932328,1,,2045.5407319335936,1.8378,2045.5407319335936,1.84,108.26,21.33,42.51,23.85,-12.8,2025-12-16,173070.8399651516,,1423.47998046875,20260806,,,,,,
JANH,Innovator Premium Income 20 Barrier ETF - January,NYSE/AMEX,Innovator ETFs,,19483230278.83496,0.79,35530.059009265155,4,91.0,553.7337124023437,1.5585,2195.0061298828127,6.18,-3.63,1.46,0.4,4.25,-4.59,2026-06-30,136246.7454025451,,1423.47998046875,20260806,,,,,,
JANZ,TrueShares Structured Outcome (January) ETF,NYSE/AMEX,TrueShares,,58154486711.19531,0.79,59757.83011223562,1,,770.1026694335937,1.2887,770.1026694335937,1.29,-41.58,10.42,15.49,10.55,-7.41,2025-12-24,628137.4565607656,,1423.47998046875,20260806,,,,,,
JAVA,JPMorgan Active Value ETF,NYSE/AMEX,JPMorgan,,9959821490244.0,0.44,118376.60038872065,4,91.0,337.36475537109374,0.285,1372.2347011718748,1.16,4.9,14.58,27.98,11.69,-8.52,2026-06-23,28998361.306856435,,1423.47998046875,20260806,118408.05408334962,0.75,17.282130000000002,,2021-10-04,-0.03
JBBB,Janus Henderson B-BBB CLO ETF,NYSE/AMEX,Janus Henderson,,2000544461423.9373,0.47,67337.72091048583,12,30.0,323.12995556640624,0.4799,4334.496540527343,6.44,-20.18,-0.66,-1.86,3.89,-4.11,2026-07-31,20205531.657618064,,1423.47998046875,20260806,67117.08107910155,0.12,7.8295,,2022-01-11,0.33
JBND,JPMorgan Active Bond ETF,NYSE/AMEX,JPMorgan,,12083012622374.25,0.25,75081.45004938357,13,30.0,287.5429560546875,0.383,3352.295354003906,4.46,-0.93,-2.32,-1.59,3.98,-4.31,2026-08-03,47338303.18588918,,1423.47998046875,20260806,74998.32033896484,0.0,,,2023-10-11,0.11
JCAL,JPMorgan California Tax Free Bond ETF,NYSE/AMEX,,,715497977382.8125,0.34,70360.90537324734,2,33.0,202.13415722656248,0.2873,397.1509145507813,0.56,,-1.38,,3.02,-2.48,2026-08-03,910239.2121637706,,1423.47998046875,20260806,,,,,,
JCPB,JPMorgan Core Plus Bond ETF,NYSE/AMEX,JPMorgan,,19865014875038.5,0.37,65828.83017633669,12,30.0,271.88467626953127,0.413,3255.498715332031,4.95,-2.64,-2.28,-1.65,4.02,-4.28,2026-08-03,68925385.42886394,,1423.47998046875,20260806,65745.55811791992,1.0,5.3384,0.75911,2019-01-28,0.13
JCPI,JPMorgan Inflation Managed Bond ETF,NYSE/AMEX,JPMorgan,,1239251060482.5938,0.25,67287.89932837524,12,30.0,340.21171533203125,0.5056,2983.6140390625,4.43,14.98,-1.85,-2.23,3.36,-3.67,2026-08-03,2540633.596920424,,1423.47998046875,20260806,,,,,,
JDST,Direxion Daily Junior Gold Miners Index Bear 2X ETF,NYSE/AMEX,Direxion Funds,,45045739285.9375,0.92,44271.650633632205,4,91.0,358.716955078125,0.8103,3541.618191406249,8.0,-85.48,-41.32,-82.08,107.84,-86.64,2026-06-23,73493055.47550756,,1423.47998046875,20260806,44283.03871240235,-1.13,-70.295036,-55.90168,2013-10-03,-0.03
JDVI,John Hancock Disciplined Value International Select ETF,NYSE/AMEX,John Hancock,,1061203459963.625,0.69,57444.53396019898,1,,1215.6519033203124,2.1162,1215.6519033203124,2.12,81.32,13.86,28.28,17.77,-12.5,2025-12-29,568796.4188480757,,1423.47998046875,20260806,,,,,,
JDVL,John Hancock Disciplined Value Select ETF,NYSE/AMEX,John Hancock,,1222025540626.7812,0.56,45921.46178065799,1,,656.2242709960938,1.429,656.2242709960938,1.43,,18.43,,14.34,-9.17,2025-12-29,2701128.0603627777,,1423.47998046875,20260806,,,,,,
JELH,Janus Henderson Equity Linked High Income ETF,NYSE/AMEX,Janus Henderson,,25758607609.21192,0.59,36312.97462756653,2,32.0,355.8699951171875,0.98,452.6666337890625,1.25,,1.47,,4.45,-1.72,2026-06-30,172303.37654817427,,1423.47998046875,20260806,,,,,,
JELM,Janus Henderson Equity Linked Moderate Income ETF,NYSE/AMEX,Janus Henderson,,57627150011.55078,0.59,36248.917919842526,2,32.0,132.38363818359375,0.3652,237.7211567382812,0.66,,1.37,,3.32,-0.71,2026-06-30,814513.3788542877,,1423.47998046875,20260806,,,,,,
JEMB,Janus Henderson Emerging Markets Debt Hard Currency ETF,NYSE/AMEX,Janus Henderson,,614415639064.1406,0.52,76341.23287297972,12,30.0,337.36475537109374,0.4419,4792.857094238282,6.28,7.16,0.37,3.04,8.3,-5.15,2026-07-31,1243364.1493234823,,1423.47998046875,20260806,,,,,,
JEPI,JPMorgan Equity Premium Income ETF,NYSE/AMEX,JPMorgan,,65196248216886.0,0.35,81885.68804852292,12,30.0,522.4171528320312,0.638,6519.538310546874,7.96,-4.82,0.36,2.74,8.51,-7.67,2026-08-03,293407753.4793205,,1423.47998046875,20260806,81904.19111621093,0.43,9.7943,7.492859999999999,2020-05-20,-0.02
JETS,U.S. Global Jets ETF,NYSE/AMEX,U.S. Global Investors,,1119422105764.5,0.6,47245.29859690554,1,,331.6708354492188,0.702,331.6708354492188,0.7,,17.32,39.34,33.12,-24.13,2025-12-24,104048016.61346944,,1423.47998046875,20260806,47696.11666157227,1.42,18.54785,8.10135,2015-04-30,-0.95
JFLI,JPMorgan Flexible Income ETF,NYSE/AMEX,JPMorgan,,68009039328.7832,0.35,76725.5731193237,12,29.0,444.12575390625,0.5788,5585.735443359375,7.28,140.88,6.06,8.35,10.08,-7.16,2026-07-07,312179.5630554868,,1423.47998046875,20260806,,,,,,
JFLX,JPMorgan Flexible Debt ETF,NYSE/AMEX,JPMorgan,,2042712812440.875,0.45,71088.5882697571,10,30.0,251.95595654296875,0.3544,2829.878201171875,3.98,,-0.65,,2.9,-2.76,2026-08-03,4588839.432868922,,1423.47998046875,20260806,70833.07556811524,0.56,6.320919999999999,3.77023,,0.36
JGRO,JPMorgan Active Growth ETF,NYSE/AMEX,JPMorgan,,13629933142640.5,0.44,135913.87331368402,1,,207.8280771484375,0.1529,207.8280771484375,0.15,75.9,2.99,7.66,18.25,-16.57,2025-12-16,47937629.807453685,,1423.47998046875,20260806,135759.27860927733,1.2,19.69434,,2022-08-08,0.11
JGRW,Jensen Quality Growth ETF,NYSE/AMEX,Jensen,,124280620742.77344,0.57,40882.344061636366,4,101.0,55.51571923828125,0.1358,146.61843798828127,0.36,-34.81,7.04,7.93,12.68,-14.51,2026-06-22,577691.9386690832,,1423.47998046875,20260806,,,,,,
JHCB,John Hancock Corporate Bond ETF,NYSE/AMEX,John Hancock,,154704145912.53906,0.29,29622.61763333436,11,30.0,129.53667822265623,0.4373,1370.811221191406,4.63,-12.69,-3.28,-3.25,4.64,-5.97,2026-06-26,516669.7301083675,,1423.47998046875,20260806,,,,,,
JHCP,John Hancock Core Plus Bond ETF,NYSE/AMEX,John Hancock,,310164353287.9844,0.36,35288.07001905516,11,30.0,136.654078125,0.3873,1503.194859375,4.26,52.6,-2.13,-1.8,4.41,-4.67,2026-06-26,1202265.8795930475,,1423.47998046875,20260806,,,,,,
JHCR,John Hancock Core Bond ETF,NYSE/AMEX,John Hancock,,3501825252678.0,0.29,35508.70767838135,11,30.0,132.38363818359375,0.3728,1370.8112211914065,3.86,45.25,-1.73,-1.58,4.43,-4.05,2026-06-26,11155611.55544968,,1423.47998046875,20260806,35535.28448402832,0.0,,,2024-12-18,-0.07
JHDG,John Hancock Hedged Equity ETF,NYSE/AMEX,John Hancock,,151550921386.84375,0.49,40611.02957233228,1,,39.85743945312501,0.0981,39.85743945312501,0.1,,11.36,,11.74,-3.25,2026-06-26,844829.4939555214,,1423.47998046875,20260806,,,,,,
JHEM,John Hancock Multifactor Emerging Markets ETF,NYSE/AMEX,John Hancock,,1427005655684.375,0.49,55885.82164393924,2,179.0,288.9664360351563,0.5171,1010.6707861328124,1.81,7.25,16.85,32.77,23.07,-12.68,2026-06-26,2266855.0751807224,,1423.47998046875,20260806,,,,,,
JHHY,John Hancock High Yield ETF,NYSE/AMEX,John Hancock,,132490831920.04295,0.52,36355.68000440672,11,30.0,193.59327734375,0.5325,2307.461048339844,6.35,-21.77,-1.1,-1.23,4.51,-4.55,2026-06-26,328252.9776794616,,1423.47998046875,20260806,,,,,,
JHLN,John Hancock Global Senior Loan ETF,NYSE/AMEX,John Hancock,,907961763219.5,0.59,35017.60806254577,11,30.0,200.71067724609367,0.5732,1709.599456542969,4.88,,-1.13,,3.04,-3.03,2026-07-29,2859018.977674019,,1423.47998046875,20260806,,,,,,
JHMB,John Hancock Mortgage-Backed Securities ETF,NYSE/AMEX,John Hancock,,290609587446.21094,0.39,30877.130501024425,11,30.0,129.53667822265623,0.4195,1350.8825014648437,4.38,-3.26,-2.0,-1.0,4.06,-4.43,2026-06-26,927822.2015336176,,1423.47998046875,20260806,,,,,,
JHMD,John Hancock Multifactor Developed International ETF,NYSE/AMEX,John Hancock,,1370862967535.6562,0.39,66085.05700723268,2,179.0,1097.5030649414064,1.6607,1937.356253417969,2.93,18.97,10.8,20.77,15.44,-11.23,2026-06-26,4706132.324302415,,1423.47998046875,20260806,65751.99224743164,0.9,17.80187,9.56864,,0.51
JHML,John Hancock Multifactor Large Cap ETF,NYSE/AMEX,John Hancock,,1652405078609.0,0.29,130234.18037220465,2,179.0,553.7337124023437,0.4252,1217.0753833007811,0.93,0.71,14.04,22.61,12.18,-7.95,2026-06-26,2289812.138431382,,1423.47998046875,20260806,,,,,,
JHMM,John Hancock Multifactor Mid Cap ETF,NYSE/AMEX,John Hancock,,8430939308290.25,0.41,108625.7538342774,2,179.0,409.962234375,0.3774,935.2263471679688,0.86,2.82,14.98,23.1,14.44,-8.64,2026-06-26,15326862.942788051,,1423.47998046875,20260806,108117.34719974607,0.96,15.86544,8.696669,2015-09-28,0.47
JHMU,John Hancock Dynamic Municipal Bond ETF,NYSE/AMEX,John Hancock,,62358433055.75391,0.39,36882.36607673951,11,30.0,118.14883837890626,0.3203,1282.5554624023434,3.48,-33.36,-1.05,1.59,3.09,-3.26,2026-06-26,181677.2735434908,,1423.47998046875,20260806,,,,,,
JHPI,John Hancock Preferred Income ETF,NYSE/AMEX,John Hancock,,302052567210.4844,0.54,32149.29405565188,11,30.0,170.81759765625,0.5313,1689.6707368164066,5.26,-13.1,-1.5,-0.73,3.95,-4.01,2026-06-26,1061549.8377606214,,1423.47998046875,20260806,,,,,,
JHSC,John Hancock Multifactor Small Cap ETF,NYSE/AMEX,John Hancock,,1030851951493.0312,0.42,70206.03220230713,2,179.0,270.4611962890625,0.3852,694.6582304687499,0.99,15.91,16.18,24.83,16.16,-9.63,2026-06-26,1759706.4024083414,,1423.47998046875,20260806,,,,,,
JIG,JPMorgan International Growth ETF,NYSE/AMEX,JPMorgan,,683889069188.0312,0.55,119736.0155162476,1,,2348.7419677734374,1.9616,2348.7419677734374,1.96,55.81,12.74,18.86,21.7,-12.94,2025-12-16,2671162.357596074,,1423.47998046875,20260806,,,,,,
JIII,Janus Henderson Income ETF,NYSE/AMEX,Janus Henderson,,269363909593.0781,0.54,70587.80942012183,12,30.0,317.4360356445313,0.4497,5160.114929199218,7.31,77.26,-1.74,-2.38,4.22,-4.53,2026-07-31,567758.9366127561,,1423.47998046875,20260806,,,,,,
JIRE,JPMorgan International Research Enhanced Equity ETF,NYSE/AMEX,JPMorgan,,15916757147615.5,0.24,121266.26301142572,1,,3187.171676269531,2.6282,3187.171676269531,2.63,26.43,12.33,21.09,16.52,-11.77,2025-12-16,39882426.33200851,,1423.47998046875,20260806,120747.82812724607,0.85,17.6383,9.87164,1992-10-28,0.43
JMBS,Janus Henderson Mortgage-Backed Securities ETF,NYSE/AMEX,Janus Henderson,,9516099503587.25,0.21,63252.33488698117,12,30.0,273.30815625,0.4321,3328.096194335937,5.26,-4.02,-2.51,-1.23,4.57,-4.87,2026-07-31,34846262.2621546,,1423.47998046875,20260806,63344.859130859375,1.2,4.966819699999999,0.61063,2018-09-12,-0.15
JMEE,JPMorgan Small & Mid Cap Enhanced Equity ETF,NYSE/AMEX,JPMorgan,,4058040147625.5,0.24,112155.98896436766,1,,1032.0229858398436,0.9202,1032.0229858398436,0.92,26.09,20.77,31.38,16.17,-8.24,2025-12-16,8435109.141751263,,1423.47998046875,20260806,110924.96217402344,1.01,15.90919,10.03621,,1.11
JMHI,JPMorgan High Yield Municipal ETF,NYSE/AMEX,JPMorgan,,415591835777.4375,0.35,70405.31853074953,12,30.0,251.95595654296875,0.3579,3162.9725166015623,4.49,3.06,-1.67,0.41,3.46,-3.52,2026-08-03,1514527.583467643,,1423.47998046875,20260806,,,,,,
JMMF,JPMorgan 100% U.S. Treasury Securities Money Market ETF,NYSE/AMEX,JPMorgan,,99755541098.47656,0.16,142554.3978655152,33,7.0,93.9496787109375,0.0659,3140.1968369140623,2.2,,0.0,,0.72,-0.5,2026-07-31,443900.58629424486,,1423.47998046875,20260806,,,,,,
JMOM,JPMorgan U.S. Momentum Factor ETF,NYSE/AMEX,JPMorgan,,3560917391346.25,0.12,119664.8480333984,4,91.0,217.7924370117188,0.182,868.3227880859375,0.73,13.38,22.25,29.41,16.73,-8.03,2026-06-23,6903343.986279734,,1423.47998046875,20260806,118686.62911552734,1.09,26.34054,14.15177,,0.82
JMSI,JPMorgan Sustainable Municipal Income ETF,NYSE/AMEX,JPMorgan,,545541573726.9063,0.18,70547.66978688352,12,30.0,219.2159169921875,0.3107,2624.8970839843746,3.72,1.15,-1.6,0.81,3.19,-3.9,2026-08-03,1420327.7807912182,,1423.47998046875,20260806,,,,,,
JMST,JPMorgan Ultra-Short Municipal Income ETF,NYSE/AMEX,JPMorgan,,10113398080582.25,0.18,72391.07375512086,12,30.0,150.88887792968748,0.2084,1888.957934082032,2.61,-14.66,-0.15,-0.15,0.96,-0.59,2026-08-03,59041394.3337292,,1423.47998046875,20260806,72326.59076362304,0.08,3.2821700000000003,2.3113899,2018-10-16,0.09
JMTG,JPMorgan Mortgage-Backed Securities ETF,NYSE/AMEX,JPMorgan,,9658809361633.0,0.24,71294.9935185425,12,30.0,261.92031640625,0.3674,3090.3750375976565,4.33,1092.86,-1.76,-0.37,3.89,-4.07,2026-08-03,25958882.808288027,,1423.47998046875,20260806,71260.54660625,0.98,5.3516503,1.11163,2000-08-18,0.05
JMUB,JPMorgan Municipal ETF,NYSE/AMEX,JPMorgan,,11983583843952.25,0.18,70924.8911128845,12,30.0,213.5219970703125,0.3011,2590.7335644531245,3.65,4.3,-1.41,0.95,2.69,-3.22,2026-08-03,43501730.57873373,,1423.47998046875,20260806,70792.07934467772,0.83,3.64216,0.90835,2018-10-29,0.19
JNK,State Street SPDR Bloomberg High Yield Bond ETF,NYSE/AMEX,SPDR,,10105056624550.78,0.4,136205.67845585942,12,30.0,750.1739497070313,0.5508,9020.592636230467,6.62,-0.52,-1.6,-1.12,4.23,-3.6,2026-08-03,413836462.6401939,Fixed Income Bloomberg High Yield Very Liquid Index,1423.47998046875,20260806,136065.66844027344,0.67,8.4233105,3.6575302,2007-11-28,0.1
JNUG,Direxion Daily Junior Gold Miners Index Bull 2X ETF,NYSE/AMEX,Direxion Funds,,504356767661.59375,1.03,206119.90551599115,5,87.0,799.9957490234376,0.3881,4145.173703125,2.01,150.17,-28.98,67.22,108.46,-70.91,2026-06-23,60938028.12903269,,1423.47998046875,20260806,206443.03112744133,0.89,68.877417,15.946469999999998,2013-10-03,-0.16
JOET,Virtus Terranova U.S. Quality Momentum ETF,NYSE/AMEX,Virtus,,346539163560.09375,0.29,66376.87300969847,1,,391.4569946289063,0.5897,391.4569946289063,0.59,3.0,10.45,13.29,13.9,-10.42,2025-12-22,1233216.9237702966,,1423.47998046875,20260806,,,,,,
JPEM,JPMorgan Diversified Return Emerging Markets Equity ETF,NYSE/AMEX,JPMorgan,,554334944794.7344,0.44,93166.76037756354,4,91.0,1118.8552646484377,1.2009,3948.7334658203126,4.24,-4.08,7.05,14.32,14.13,-10.41,2026-06-23,1308476.2666980394,,1423.47998046875,20260806,,,,,,
JPHY,JPMorgan Active High Yield ETF,NYSE/AMEX,JPMorgan,,3169180073651.75,0.45,71316.3448494263,13,30.0,380.0691547851563,0.5329,4555.1359375,6.39,922.36,-1.06,-0.65,3.64,-2.76,2026-08-03,1460014.3435649795,,1423.47998046875,20260806,,,,,,
JPIB,JPMorgan International Bond Opportunities ETF,NYSE/AMEX,JPMorgan,,2991888534595.6875,0.5,68355.5093137268,12,30.0,193.59327734375,0.2832,3312.437914550782,4.85,1.79,-1.64,-1.29,3.83,-4.13,2026-08-03,11743251.416057952,,1423.47998046875,20260806,68091.88016972656,0.67,6.0265698,2.8120799,2017-04-03,0.39
JPIE,JPMorgan Income ETF,NYSE/AMEX,JPMorgan,,14554245292999.5,0.39,65188.26309909672,12,30.0,306.04819580078123,0.4695,3666.8844296875,5.63,-3.12,-1.03,-0.9,2.26,-1.89,2026-08-03,59793321.92733832,,1423.47998046875,20260806,64942.28836494141,0.42,6.81085,,2021-10-28,0.38
JPIN,JPMorgan Diversified Return International Equity ETF,NYSE/AMEX,JPMorgan,,523407348282.125,0.37,108483.4080082886,4,91.0,1299.6372221679687,1.198,4361.54266015625,4.02,20.44,11.08,17.78,14.58,-10.45,2026-06-23,1061853.296275044,,1423.47998046875,20260806,,,,,,
JPLD,JPMorgan Limited Duration Bond ETF,NYSE/AMEX,JPMorgan,,5624724856108.25,0.24,73949.7860713806,12,30.0,269.03771630859376,0.3638,3165.8194765625003,4.28,-0.22,-0.7,-0.48,1.98,-1.63,2026-08-03,24664059.040943768,,1423.47998046875,20260806,73892.56109013672,0.25,5.8776397000000005,3.32898,1993-02-02,0.08
JPMB,JPMorgan USD Emerging Markets Sovereign Bond ETF,NYSE/AMEX,JPMorgan,,95349483372.3711,0.39,56483.686059411615,12,30.0,279.002076171875,0.494,3299.6265947265624,5.84,-16.56,-1.64,1.13,5.73,-5.06,2026-08-03,423962.2472497704,,1423.47998046875,20260806,,,,,,
JPME,JPMorgan Diversified Return U.S. Mid Cap Equity ETF,NYSE/AMEX,JPMorgan,,661515744657.8906,0.24,181268.7917563208,4,91.0,737.3626298828125,0.4068,3118.844637207031,1.72,8.41,16.11,22.17,11.88,-6.84,2026-06-23,1197343.6833429222,,1423.47998046875,20260806,,,,,,
JPO,YieldMax JP Option Income Strategy ETF,NYSE/AMEX,YieldMax ETFs,,72924230292.54297,1.04,20892.27319719037,45,7.0,149.46539794921875,0.7154,6436.976471679689,30.81,-15.3,-8.84,-12.11,19.68,-23.5,2026-07-30,636291.0030329275,,1423.47998046875,20260806,,,,,,
JPRE,JPMorgan Realty Income ETF,NYSE/AMEX,JPMorgan,,695031432756.1094,0.5,75992.47636806034,4,91.0,424.1970341796875,0.5582,1674.0124570312498,2.2,4.53,14.08,13.2,13.86,-7.99,2026-06-23,1363020.4016431528,,1423.47998046875,20260806,,,,,,
JPSE,JPMorgan Diversified Return U.S. Small Cap Equity ETF,NYSE/AMEX,JPMorgan,,841570201416.8438,0.29,86334.06298748776,4,91.0,237.72115673828125,0.2754,1124.5491845703125,1.3,3.13,20.27,30.74,15.71,-8.01,2026-06-23,1317224.748408952,,1423.47998046875,20260806,,,,,,
JPST,JPMorgan Ultra-Short Income ETF,NYSE/AMEX,JPMorgan,,57628985275820.0,0.18,71768.30126366578,12,30.0,241.99159667968752,0.3372,3012.083638671875,4.2,-10.83,-0.4,-0.28,1.31,-0.75,2026-08-03,315411947.487284,,1423.47998046875,20260806,71765.31260732422,0.06,5.0770704,3.72299,2017-05-17,0.0
JPUS,JPMorgan Diversified Return U.S. Equity ETF,NYSE/AMEX,JPMorgan,,651391044009.6094,0.18,204582.5445306152,4,91.0,963.6959467773438,0.4711,3984.3204653320313,1.95,6.02,15.1,20.89,10.34,-6.9,2026-06-23,1004806.5977137592,,1423.47998046875,20260806,,,,,,
JPXN,iShares JPX-Nikkei 400 ETF,NYSE/AMEX,iShares,,195686441822.623,0.48,145650.47116715088,2,181.0,915.2976274414062,0.6284,3911.722986328125,2.69,67.26,17.5,25.61,20.07,-13.11,2026-06-15,2316112.9944483843,Equity,1423.47998046875,20260806,,,,,,
JQUA,JPMorgan U.S. Quality Factor ETF,NYSE/AMEX,JPMorgan,,11699530668642.0,0.12,105223.63754978032,4,91.0,267.614236328125,0.2543,1111.7378647460937,1.06,4.13,17.15,21.44,12.23,-7.39,2026-06-23,44218174.69206013,,1423.47998046875,20260806,105509.75963232422,0.88,20.00002,13.3012,2017-11-08,-0.27
JSCP,JPMorgan Short Duration Core Plus ETF,NYSE/AMEX,JPMorgan,,2430725304376.5625,0.33,66697.15383324586,12,30.0,249.10899658203124,0.3735,2963.685319335937,4.44,-9.04,-1.47,-1.06,2.14,-2.22,2026-08-03,10019497.710573522,,1423.47998046875,20260806,66572.17294257812,0.41,5.5721,2.4865601,,0.19
JSI,Janus Henderson Securitized Income ETF,NYSE/AMEX,Janus Henderson,,2142143412917.25,0.5,72796.76533234864,12,30.0,348.7525952148437,0.4791,4597.8403369140615,6.32,1.83,-1.86,-2.66,2.79,-3.59,2026-07-31,7806976.965432764,,1423.47998046875,20260806,72640.18340332032,0.0,,,,0.22
JSTC,Adasina Social Justice All Cap Global ETF,NYSE/AMEX,Adasina Social Capital,,424057464814.5625,0.89,32953.56100483704,2,181.0,142.347998046875,0.432,391.4569946289063,1.19,22.77,13.42,17.42,14.21,-9.93,2026-06-29,519703.78968714527,,1423.47998046875,20260806,,,,,,
JTNY,JPMorgan New York Tax Free Bond ETF,NYSE/AMEX,,,643768821166.9922,0.34,70248.73486407474,2,33.0,213.5219970703125,0.304,422.7735541992187,0.6,,-1.61,,3.35,-2.32,2026-08-03,878474.4105360701,,1423.47998046875,20260806,,,,,,
JUCY,Aptus Enhanced Yield ETF,NYSE/AMEX,APTUS ETFs,,462494294022.8594,0.6,31296.63093746826,12,31.0,210.67503710937493,0.6732,2549.4526450195312,8.15,-1.65,-1.14,-1.1,4.21,-2.34,2026-07-30,1285488.308057352,,1423.47998046875,20260806,,,,,,
JULZ,TrueShares Structured Outcome (July) ETF,NYSE/AMEX,TrueShares,,51604878809.541016,0.79,66094.59777233005,1,,7172.915621582031,10.8525,7172.915621582031,10.85,267.27,10.21,4.84,15.24,-17.37,2025-12-24,243731.1858243904,,1423.47998046875,20260806,,,,,,
JUSA,JPMorgan U.S. Research Enhanced Large Cap ETF,NYSE/AMEX,JPMorgan,,974722746546.6876,0.12,99202.32331416012,5,87.0,89.67923876953125,0.0904,762.9852695312501,0.77,378.57,12.93,21.68,12.83,-9.11,2026-06-23,3110720.1703653526,,1423.47998046875,20260806,98846.87688774412,0.0,,,,0.36
JUST,Goldman Sachs JUST U.S. Large Cap Equity ETF,NYSE/AMEX,Goldman Sachs,,793874010734.3125,0.2,158105.92099625245,4,91.0,380.0691547851563,0.2404,1450.5261000976564,0.92,7.38,14.73,23.87,12.77,-9.01,2026-06-24,626081.4857205698,,1423.47998046875,20260806,,,,,,
JVAL,JPMorgan U.S. Value Factor ETF,NYSE/AMEX,JPMorgan,,1186470062655.75,0.12,84843.6781881433,4,91.0,323.12995556640624,0.3809,1353.7294614257814,1.6,-7.85,20.42,33.4,14.85,-8.8,2026-06-23,2711874.668693041,,1423.47998046875,20260806,,,,,,
JXI,iShares Global Utilities ETF,NYSE/AMEX,iShares,,436383585338.00494,0.37,118020.73039360344,2,181.0,1604.2619379882813,1.3593,2913.863520019532,2.47,0.15,4.32,9.16,13.17,-8.09,2026-06-15,2261135.87525022,Equity,1423.47998046875,20260806,,,,,,
KAMO,Kensington Credit Opportunities ETF,NYSE/AMEX,Kensington Asset Management LLC,,148668761612.94922,0.92,35046.07831377257,3,90.5,241.99159667968752,0.6905,632.025111328125,1.8,,-1.72,,2.98,-3.03,2026-06-30,1277895.4620637114,,1423.47998046875,20260806,,,,,,
KARS,KraneShares Electric Vehicles and Future Mobility Index ETF,NYSE/AMEX,KraneShares,,110337087717.76952,0.69,43088.739660406485,1,,79.71487890625001,0.185,79.71487890625001,0.19,-65.64,-3.23,23.65,28.35,-24.94,2025-12-22,945821.4079958549,,1423.47998046875,20260806,,,,,,
KBA,KraneShares Bosera MSCI China A 50 Connect Index ETF,NYSE/AMEX,KraneShares,,207774189890.29688,0.56,47871.63326360472,1,,687.5408305664063,1.4362,687.5408305664063,1.44,-5.66,7.27,31.52,20.89,-8.33,2025-12-22,3084745.1765641444,,1423.47998046875,20260806,47914.33614257812,0.66,12.959799,1.26885,,-0.09
KBE,State Street SPDR S&P Bank ETF,NYSE/AMEX,SPDR,,2470591854101.5625,0.35,100938.97062797844,4,91.0,499.6414731445312,0.495,2088.2451313476563,2.07,4.34,15.92,26.6,21.26,-14.63,2026-06-22,121202189.29459643,Equity S&P Banks Select Industry Index,1423.47998046875,20260806,101081.8401006787,1.07,22.489361,10.09425,2005-11-08,-0.14
KBFR,Innovator U.S. Small Cap Managed 10 Buffer ETF,NYSE/AMEX,,,15601340585.9375,0.79,39373.45604255982,2,91.0,74.020958984375,0.188,115.30187841796877,0.29,,10.77,,10.71,-4.21,2026-06-30,136364.37123560274,,1423.47998046875,20260806,,,,,,
KCCA,KraneShares California Carbon Allowance Strategy ETF,NYSE/AMEX,KraneShares,,162486379292.80078,0.95,24439.72867521178,1,,687.5408305664063,2.8132,687.5408305664063,2.81,-50.31,-0.06,10.91,16.01,-17.7,2025-12-22,853432.7325263156,,1423.47998046875,20260806,,,,,,
KCE,State Street SPDR S&P Capital Markets ETF,NYSE/AMEX,SPDR,,671612089584.9609,0.35,234119.75412534177,4,91.0,992.1655463867188,0.4238,3814.92634765625,1.63,18.32,8.48,7.91,20.63,-17.87,2026-06-22,3614937.6009077705,Equity S&P Capital Markets Select Industry Index,1423.47998046875,20260806,232725.2544596289,1.12,24.219021,12.95053,,0.6
KCOP,Kurv Copper & Mining Enhanced Income ETF,NYSE/AMEX,Kurv Investment Management LLC,,47132390119.70703,0.99,34818.31901903078,5,31.5,427.043994140625,1.2265,2135.219970703125,6.13,,-2.67,,42.84,-22.52,2026-07-15,710211.774150912,,1423.47998046875,20260806,,,,,,
KCSH,KraneShares Sustainable Ultra Short Duration Index ETF,NYSE/AMEX,KraneShares,,242388007384.64844,0.2,35672.40755032655,11,30.5,111.0314384765625,0.3113,1282.5554624023434,3.6,-21.86,-0.02,-0.08,1.81,-0.79,2026-06-29,523182.8335781021,,1423.47998046875,20260806,,,,,,
KDEF,PLUS Korea Defense Industry Index ETF,NYSE/AMEX,PLUS ETF,,142448814593.01172,0.65,60559.5367479641,1,,4217.771182128907,6.9647,4217.771182128907,6.96,,-7.17,-0.3,53.56,-48.58,2025-12-30,5067120.580256078,,1423.47998046875,20260806,59672.28078125,0.0,,,,1.49
KEMQ,KraneShares Public-Private Emerging Markets Internet and Technology ETF,NYSE/AMEX,KraneShares,,36224305733.774414,0.49,37382.15120980516,1,,1847.6770146484373,4.9427,1847.6770146484373,4.94,963.93,2.54,16.12,28.33,-21.94,2025-12-22,483375.3166419101,,1423.47998046875,20260806,,,,,,
KEMX,KraneShares MSCI Emerging Markets ex China Index ETF,NYSE/AMEX,KraneShares,,181922688824.5196,0.24,69465.82196084596,2,8.0,59.7861591796875,0.0861,1730.95165625,2.49,29.5,28.73,50.25,27.44,-16.11,2025-12-30,646188.878156624,,1423.47998046875,20260806,,,,,,
KGLD,Kurv Gold Enhanced Income ETF,NYSE/AMEX,Kurv Investment Management LLC,,160373525039.55078,1.0,38704.42142916564,12,28.0,498.2179931640625,1.2872,5907.441918945312,15.26,1560.0,-11.11,8.43,29.47,-33.47,2026-08-05,2005739.6112851985,,1423.47998046875,20260806,,,,,,
KGRN,KraneShares MSCI China Clean Technology Index ETF,NYSE/AMEX,KraneShares,,78597857083.8164,0.79,33949.99807719421,1,,328.82387548828126,0.9686,328.82387548828126,0.97,-30.63,-14.52,-12.82,23.59,-28.96,2025-12-22,990680.5622812932,,1423.47998046875,20260806,,,,,,
KHPI,Kensington Hedged Premium Income ETF,NYSE/AMEX,Kensington Asset Management LLC,,592097249473.4062,0.98,37444.64132064208,11,30.5,274.7316362304688,0.7337,3017.77755859375,8.06,2.32,2.43,3.28,7.9,-8.87,2026-06-30,2301387.8122537923,,1423.47998046875,20260806,,,,,,
KIE,State Street SPDR S&P Insurance ETF,NYSE/AMEX,SPDR,,939397143510.7422,0.35,92234.38272800297,4,91.0,306.04819580078123,0.3318,1392.1634208984374,1.51,5.73,8.9,13.36,17.0,-12.26,2026-06-22,83887813.74455425,Equity S&P Insurance Select Industry Index,1423.47998046875,20260806,92371.80809178713,0.44,16.71912,12.97408,2005-11-08,-0.15
KLIP,KraneShares KWEB Covered Call Strategy ETF,NYSE/AMEX,KraneShares,,144273898133.41016,0.94,34519.38952636719,11,30.5,653.3773110351563,1.8928,9219.879833496092,26.71,-41.46,-21.55,-24.75,18.26,-32.53,2026-06-29,1189585.2925532367,,1423.47998046875,20260806,,,,,,
KLMN,Invesco MSCI North America Climate ETF,NYSE/AMEX,Invesco,,2779424422295.5,0.09,45159.90292338561,4,91.0,98.22011865234376,0.2175,526.6875927734375,1.17,110.23,12.97,21.9,12.98,-9.39,2026-06-22,30671006.28255948,,1423.47998046875,20260806,45095.84578125,0.0,,,2024-12-09,0.14
KMID,Virtus KAR Mid-Cap ETF,NYSE/AMEX,Virtus,,64899043043.134766,0.8,36402.6534753656,2,140.0,19.928719726562505,0.0547,39.85743945312501,0.11,154.55,4.29,4.21,14.9,-10.71,2026-05-11,261894.09005975912,,1423.47998046875,20260806,,,,,,
KMLM,KraneShares Mount Lucas Managed Futures Index Strategy ETF,NYSE/AMEX,KraneShares,,597521505347.7812,0.9,40505.12273563538,1,,1854.794414550781,4.5792,1854.794414550781,4.58,466.52,9.02,8.65,12.41,-9.61,2025-12-22,4751455.40200735,,1423.47998046875,20260806,40626.11864257813,-0.29,-0.44609,5.25401,,-0.3
KNCT,Invesco Next Gen Connectivity ETF,NYSE/AMEX,Invesco,,219032276686.8672,0.4,279474.6725679785,4,91.0,553.7337124023437,0.1981,1816.3604550781247,0.65,-1.62,43.74,68.01,28.02,-19.06,2026-06-22,820863.8314418109,,1423.47998046875,20260806,,,,,,
KNG,FT Vest S&P 500 Dividend Aristocrats Target Income ETF,NYSE/AMEX,First Trust,,5030729299284.25,0.74,73782.5267392639,12,30.0,512.45279296875,0.6945,5990.003757812499,8.12,-4.86,5.05,4.56,11.02,-9.16,2026-07-21,18288448.5067012,,1423.47998046875,20260806,73764.73258789063,0.53,8.003440000000001,6.0297098,2018-03-26,0.02
KNRG,Simplify Kayne Anderson Energy and Infrastructure Credit ETF,NYSE/AMEX,Simplify Asset Management,,213660177118.97656,0.76,36526.49608162232,12,30.0,199.28719726562505,0.5456,2519.559565429688,6.9,490.0,-0.81,-0.14,3.83,-3.94,2026-07-28,267030.21394881594,,1423.47998046875,20260806,,,,,,
KOMP,State Street SPDR S&P Kensho New Economies Composite ETF,NYSE/AMEX,SPDR,,3962754743627.9297,0.2,99672.06345389412,4,91.0,146.61843798828124,0.1471,1477.5722197265625,1.48,98.09,14.04,26.28,26.13,-15.69,2026-06-22,6618597.18446499,Equity S&P Kensho New Economies Composite Index,1423.47998046875,20260806,98350.66600135255,1.66,16.661751,2.8700199,,1.34
KOOL,North Shore Equity Rotation ETF,NYSE/AMEX,"Split Rock Private Trading & Wealth Management, LLC",,82677960670.07422,0.94,20941.38343028119,4,91.0,31.3165595703125,0.1495,88.2557587890625,0.42,16.98,15.15,21.95,14.29,-7.24,2026-06-29,108035.48485737304,,1423.47998046875,20260806,,,,,,
KORP,American Century Diversified Corporate Bond ETF,NYSE/AMEX,American Century Investments,,1276059838555.4688,0.29,65421.71590106934,11,29.0,280.42555615234374,0.4286,3094.6454775390625,4.73,-6.78,-2.67,-2.32,4.5,-4.79,2026-07-07,4277600.314573858,,1423.47998046875,20260806,65313.24724785157,0.91,5.53378,1.45821,,0.17
KORU,Direxion Daily South Korea Bull 3X ETF,NYSE/AMEX,Direxion Funds,,1814184739948.9373,1.32,25195.59674032592,2,91.0,8.113835888671876,0.0322,113.09548444824216,0.45,52.2,69.74,325.33,161.19,-80.9,2026-03-24,308495658.63199425,,1423.47998046875,20260806,26246.123879882813,6.23,59.8396,-0.77174003,2013-04-10,-4.0
KPHO,KraneShares Dragon Capital Growth of Vietnam Index ETF,NYSE/AMEX,KraneShares,,17075254462.114258,1.03,31400.82999350317,1,,3675.425309570313,11.7049,3675.425309570313,11.7,,-11.62,,22.6,-21.43,2025-12-30,114589.95987989788,,1423.47998046875,20260806,,,,,,
KRBN,KraneShares Global Carbon Strategy ETF,NYSE/AMEX,KraneShares,,198831524242.1172,0.91,48540.6651619263,1,,958.0020268554688,1.9736,958.0020268554688,1.97,-67.68,-4.62,12.91,19.79,-24.98,2025-12-22,1051669.526772974,,1423.47998046875,20260806,,,,,,
KRE,State Street SPDR S&P Regional Banking ETF,NYSE/AMEX,SPDR,,6338756353027.344,0.35,110341.04981721193,4,91.0,593.5911518554688,0.538,2276.144488769531,2.06,2.3,18.82,30.56,22.84,-14.95,2026-06-22,1096563503.7642846,Equity S&P Regional Banks Select Industry Index,1423.47998046875,20260806,110095.47191980468,1.11,20.089951,6.8110100000000005,2006-06-19,0.22
KSA,iShares MSCI Saudi Arabia ETF,NYSE/AMEX,iShares,,888467625995.0631,0.75,53665.19634970091,2,181.0,844.1236284179687,1.5729,1470.4548198242187,2.74,-27.46,2.53,-0.89,16.74,-12.67,2026-06-15,28199871.20330704,Equity,1423.47998046875,20260806,53846.518143583984,0.19,0.53903,1.2057399,2015-09-16,-0.34
KSLV,Kurv Silver Enhanced Income ETF,NYSE/AMEX,Kurv Investment Management LLC,,126056417712.32812,1.0,36569.201458462514,10,28.0,854.08798828125,2.3355,9252.619873046871,25.3,,-28.12,,68.61,-59.28,2026-07-22,3325746.1000451683,,1423.47998046875,20260806,36526.78099482422,0.0,,,,0.12
KSPY,KraneShares Hedgeye Hedged Equity Index ETF,NYSE/AMEX,KraneShares,,168915873953.70312,0.88,42469.52391405031,1,,2525.253485351562,5.946,2525.253485351562,5.95,429.55,8.44,9.79,9.45,-7.88,2025-12-22,1413761.5913337313,,1423.47998046875,20260806,,,,,,
KTEC,KraneShares Hang Seng TECH Index ETF,NYSE/AMEX,KraneShares,,84178473693.16602,0.69,19357.476597880013,1,,747.3269897460938,3.8607,747.3269897460938,3.86,1358.33,-17.68,-17.73,28.23,-38.52,2025-12-22,1076375.191025069,,1423.47998046875,20260806,,,,,,
KTUP,T-REX 2X Long KTOS Daily Target ETF,NYSE/AMEX,Rex,,13604374684.857422,1.5,11651.18423745269,1,,700.352150390625,6.011,700.352150390625,6.01,,-67.25,,151.28,-92.77,2025-12-24,2116489.584390861,,1423.47998046875,20260806,,,,,,
KURE,KraneShares MSCI All China Health Care Index ETF,NYSE/AMEX,KraneShares,,140989690673.83203,0.65,24789.905163098127,1,,1017.7881860351562,4.1057,1017.7881860351562,4.11,288.59,0.14,-11.42,28.72,-33.53,2025-12-22,1096952.044390097,,1423.47998046875,20260806,,,,,,
KVLE,KraneShares Value Line Dynamic Dividend Equity Index ETF,NYSE/AMEX,KraneShares,,58480537647.68164,0.56,41662.83783518337,4,91.0,236.29767675781247,0.5672,3289.6622348632814,7.9,20.05,14.24,11.09,13.03,-12.6,2026-06-29,119383.99690242024,,1423.47998046875,20260806,,,,,,
KWEB,KraneShares CSI China Internet ETF,NYSE/AMEX,KraneShares,,7949610848155.25,0.69,40327.3289218517,1,,2983.6140390625,7.3985,2983.6140390625,7.4,104.49,-20.49,-21.22,28.09,-44.97,2025-12-22,769217423.5731769,,1423.47998046875,20260806,40967.75383789063,0.78,1.3396,-7.01415,2013-07-31,-1.56
KWT,iShares MSCI Kuwait ETF,NYSE/AMEX,iShares,,98479499992.91763,0.75,52953.45635946654,2,181.0,1148.748344238281,2.1694,2936.639199707032,5.55,59.55,-2.82,-3.55,13.99,-12.43,2026-06-15,281173.96170819044,Equity,1423.47998046875,20260806,,,,,,
KXI,iShares Global Consumer Staples ETF,NYSE/AMEX,iShares,,1519258438800.09,0.38,98504.81030432136,2,181.0,1165.8301040039062,1.1835,2284.685368652344,2.32,3.35,7.09,5.76,13.17,-10.24,2026-06-15,5293389.914408163,Equity,1423.47998046875,20260806,98580.64342699708,0.52,7.10647,4.9260203,,-0.08
KYLD,Kurv High Income ETF,NYSE/AMEX,Kurv Investment Management LLC,,63088752306.69336,1.0,30049.663256518543,39,7.0,142.347998046875,0.4737,6754.412507324215,22.48,,-3.65,,32.85,-29.48,2026-08-05,1046178.2434481572,,1423.47998046875,20260806,,,,,,
LABD,Direxion Daily S&P Biotech Bear 3X ETF,NYSE/AMEX,Direxion Funds,,93759200007.79102,1.07,11387.982385061216,4,91.0,106.76099853515623,0.9375,923.8385073242188,8.11,-76.49,-62.42,-87.82,80.82,-89.9,2026-06-23,76796236.57327011,,1423.47998046875,20260806,11730.898519042968,-3.26,-60.925126,-46.3209,2015-05-28,-2.92
LABU,Direxion Daily S&P Biotech Bull 3X ETF,NYSE/AMEX,Direxion Funds,,703730239201.875,0.96,373707.6310931444,2,91.0,1295.3667822265625,0.3466,1441.9852202148438,0.39,210.74,66.69,324.26,80.91,-30.7,2025-12-23,107167112.5280256,,1423.47998046875,20260806,363505.5417324219,3.26,34.18061,-26.97787,2015-05-28,2.81
LALT,First Trust Multi-Strategy Alternative ETF,NYSE/AMEX,First Trust,,420571054870.7188,1.18,34348.570734079,3,97.5,105.33751855468748,0.3067,1283.9789423828126,3.74,81.49,5.74,11.48,7.7,-4.57,2026-06-25,1428360.4822285718,,1423.47998046875,20260806,,,,,,
LBAY,Leatherback Long/Short Alternative Yield ETF,NYSE/AMEX,Leatherback,,26235863436.1836,1.2,37864.56802348327,12,31.0,120.99579833984376,0.3195,1400.70430078125,3.7,7.89,9.9,9.87,17.16,-14.68,2026-07-30,111628.10352950078,,1423.47998046875,20260806,,,,,,
LCAP,Principal Capital Appreciation Select ETF,NYSE/AMEX,Principal Funds,,2605812157638.875,0.29,48113.62225381471,1,,44.12787939453125,0.0917,44.12787939453125,0.09,,13.73,23.63,13.7,-9.32,2025-12-29,1320916.175488111,,1423.47998046875,20260806,,,,,,
LCOW,Pacer S&P 500 Quality FCF Aristocrats ETF,NYSE/AMEX,Pacer,,36822229958.69043,0.49,37893.3206422599,4,91.0,55.51571923828125,0.1465,229.18027685546875,0.6,3120.0,11.74,19.49,12.45,-10.57,2026-06-04,143612.75551830916,,1423.47998046875,20260806,,,,,,
LCR,Leuthold Core ETF,NYSE/AMEX,Leuthold,,95633632752.15234,0.84,57360.1223532334,1,,741.6330698242188,1.2929,741.6330698242188,1.29,-18.47,5.54,10.85,8.03,-6.02,2025-12-11,200297.0925148892,,1423.47998046875,20260806,,,,,,
LCTD,iShares World ex U.S. Carbon Transition Readiness Aware Active ETF,NYSE/AMEX,iShares,,413951468209.2415,0.22,85401.679907782,2,181.0,1360.846861328125,1.5935,2780.0564018554687,3.26,13.68,8.75,18.12,15.33,-10.92,2026-06-15,904268.7802639236,Equity,1423.47998046875,20260806,,,,,,
LCTU,iShares U.S. Carbon Transition Readiness Aware Active ETF,NYSE/AMEX,iShares,,1775481079219.0144,0.15,117743.14137153327,4,91.0,257.6498764648437,0.2188,1096.0795849609376,0.93,-3.63,11.56,20.14,13.01,-9.58,2026-06-15,3429502.133293,Equity,1423.47998046875,20260806,117513.18339362791,1.01,20.21307,11.90312,,0.2
LDDR,LifeX 2035 Income Bucket ETF,NYSE/AMEX,STONE RIDGE,,58091671386.61719,0.25,110134.93236612156,12,30.0,1185.7588237304687,1.0766,14229.105884765626,12.92,11.55,-7.94,-9.87,4.35,-10.37,2026-08-04,225000.6534977947,,1423.47998046875,20260806,,,,,,
LDRC,iShares iBonds 1-5 Year Corporate Ladder ETF,NYSE/AMEX,iShares,,125355433038.60818,0.1,35672.40755032655,12,30.0,133.8071181640625,0.3751,1500.3478994140626,4.21,25.03,-1.12,-0.61,2.47,-2.19,2026-08-04,501548.2557391892,Fixed Income,1423.47998046875,20260806,,,,,,
LDRH,iShares iBonds 1-5 Year High Yield and Income Ladder ETF,NYSE/AMEX,iShares,,32061949360.387974,0.35,34835.117173173465,12,30.0,186.47587744140623,0.5353,2243.40444921875,6.44,29.18,-1.8,-1.74,3.14,-2.94,2026-08-04,123910.86522716357,Fixed Income,1423.47998046875,20260806,,,,,,
LDRI,iShares iBonds 1-5 Year TIPS Ladder ETF,NYSE/AMEX,iShares,,31961774988.77484,0.1,35537.17792960815,4,91.0,881.1341079101562,2.4795,1783.6204155273435,5.02,78.24,-0.79,-1.98,3.57,-3.34,2026-07-02,157597.38789554613,Fixed Income,1423.47998046875,20260806,,,,,,
LDRT,iShares iBonds 1-5 Year Treasury Ladder ETF,NYSE/AMEX,iShares,,298925930856.67346,0.07,35530.059009265155,12,30.0,112.45491845703124,0.3165,1333.8007416992184,3.75,23.78,-1.5,-1.05,2.91,-2.7,2026-08-04,1100857.948491708,Fixed Income,1423.47998046875,20260806,,,,,,
LDUR,PIMCO Enhanced Low Duration Active Exchange-Traded Fund,NYSE/AMEX,PIMCO,,1949589070978.125,0.54,135646.97081734613,12,30.0,469.74839355468754,0.3463,5765.093920898437,4.25,-10.1,-0.69,-0.3,1.95,-1.42,2026-08-03,6549569.419293377,,1423.47998046875,20260806,135486.82454101564,0.2,5.17997,2.38734,,0.12
LEMB,iShares J.P. Morgan EM Local Currency Bond,NYSE/AMEX,iShares,,1024155832740.0056,0.3,61067.29333416745,1,,1444.832180175781,2.366,1444.832180175781,2.37,,3.1,6.77,6.94,-6.0,2025-12-19,8285900.724851296,Fixed Income,1423.47998046875,20260806,60928.2883420166,0.98,6.21117,1.6369600000000002,,0.23
LENS,Sarmaya Thematic ETF,NYSE/AMEX,"Sarmaya Partners, LLC",,80718773927.67578,0.79,59765.80156537332,1,,879.7106279296875,1.4719,879.7106279296875,1.47,,8.18,45.89,28.17,-24.55,2025-12-23,379141.5569431564,,1423.47998046875,20260806,,,,,,
LFGY,YieldMax Crypto Industry & Tech Portfolio Option Income ETF,NYSE/AMEX,YieldMax ETFs,,129915563042.09766,1.02,27786.329870367423,53,7.0,279.002076171875,1.0041,23947.20371142578,86.18,18.92,-24.89,-46.56,41.33,-51.91,2026-08-05,3156195.130873798,,1423.47998046875,20260806,27425.19234770508,0.0,,,,1.32
LGDX,Intech S&P Large Cap Diversified Alpha ETF,NYSE/AMEX,Intech,,202136503121.5703,0.25,36868.130951126106,1,,169.39411767578125,0.4595,169.39411767578125,0.46,,12.94,20.5,13.42,-8.96,2025-12-23,126945.43568280588,,1423.47998046875,20260806,,,,,,
LGH,HCM Defender 500 Index ETF,NYSE/AMEX,Howard Capital Management,,817046078351.0938,1.0,94775.29970607908,1,,337.36475537109374,0.356,337.36475537109374,0.36,13.94,7.4,18.49,17.14,-11.29,2025-12-16,1775714.943000216,,1423.47998046875,20260806,,,,,,
LGLV,State Street SPDR US Large Cap Low Volatility Index ETF,NYSE/AMEX,SPDR,,1742795009687.5,0.12,268140.9169703126,4,91.0,1375.0816611328123,0.5128,5305.309887207031,1.98,11.96,7.14,7.68,10.13,-7.37,2026-06-22,4974089.289335821,Equity State Street® US Large Cap Low Volatility Index,1423.47998046875,20260806,268719.2553673633,0.47,12.836900000000002,8.43215,,-0.22
LGOV,First Trust Long Duration Opportunities ETF,NYSE/AMEX,First Trust,,881735476956.625,0.49,29893.07958984375,12,30.0,111.0314384765625,0.3714,1318.1424619140623,4.41,8.69,-3.65,-2.39,7.13,-7.0,2026-07-21,4069112.746006544,,1423.47998046875,20260806,29850.375190429684,1.77,3.50269,-2.4356501,,0.14
LIT,Global X Lithium & Battery Tech ETF,NYSE/AMEX,Global X Funds,,2146053541606.0,0.75,103899.80073353276,2,181.0,462.63099365234376,0.4453,716.0104301757813,0.69,88.39,10.14,72.92,34.55,-27.16,2026-06-29,27095017.503050845,,1423.47998046875,20260806,104027.91697265624,1.4,5.47094,-2.43595,2010-07-22,-0.12
LKOR,FlexShares Credit-Scored US Long Corporate Bond Index Fund,NYSE/AMEX,Flexshares Trust,,42752632609.7207,0.15,57568.66164907813,12,30.0,284.69599609375,0.4945,3372.224073730469,5.86,-1.86,-4.6,-4.93,8.0,-9.58,2026-08-03,170162.88074417418,,1423.47998046875,20260806,,,,,,
LLYX,Defiance Daily Target 2X Long LLY ETF,NYSE/AMEX,Defiance ETFs LLC,,65210084806.70703,1.32,37224.00094624329,1,,1002.12990625,2.6922,1002.12990625,2.69,,1.87,84.15,70.82,-48.77,2025-12-30,15796804.279170632,,1423.47998046875,20260806,36673.54178081055,0.0,,,2024-08-08,1.5
LMUB,iShares Long-Term National Muni Bond ETF,NYSE/AMEX,iShares,,2268658887179.591,0.09,70853.85938366503,12,30.0,246.26203662109373,0.3476,2724.5406826171875,3.85,157.6,-1.47,3.46,4.37,-3.65,2026-08-03,10731065.38405308,Fixed Income,1423.47998046875,20260806,70746.68456810058,0.0,,,,0.15
LNGX,Global X U.S. Natural Gas ETF,NYSE/AMEX,Global X Funds,,67890474834.25,0.45,58502.179629128426,2,181.0,364.410875,0.6229,499.6414731445312,0.85,,13.81,,25.35,-18.4,2026-06-29,1155482.1194933348,,1423.47998046875,20260806,,,,,,
LODI,AAM SLC Low Duration Income ETF,NYSE/AMEX,AAM,,137222411048.08205,0.15,35814.614907613024,12,31.0,156.5827978515625,0.4372,1787.8908554687505,4.99,46.22,-0.36,-0.32,2.25,-1.57,2026-07-31,260519.74111409587,,1423.47998046875,20260806,,,,,,
LOFF,Direxion Daily SpaceX Bull 2X ETF,NYSE/AMEX,Direxion Funds,,44370679527.83984,0.97,14661.844070335384,1,,14.2347998046875,0.0971,14.2347998046875,0.1,,-70.43,,169.85,-75.35,2026-06-23,30512644.291343123,,1423.47998046875,20260806,15036.219033691406,0.0,,,,-2.49
LONZ,PIMCO Senior Loan Active Exchange-Traded Fund,NYSE/AMEX,PIMCO,,832661904269.3125,0.63,69899.98378930055,12,30.0,455.51359375,0.6517,5864.73751953125,8.39,11.96,-2.37,-3.23,3.22,-4.23,2026-08-03,5373987.090462506,,1423.47998046875,20260806,69821.69304199218,0.07,7.72075,,,0.11
LOWV,AB US Low Volatility Equity ETF,NYSE/AMEX,AllianceBernstein,,289918709978.5703,0.39,119743.1398667358,4,91.0,267.614236328125,0.2235,1006.4003461914064,0.84,-0.42,7.64,10.98,10.55,-9.78,2026-06-22,662593.5458557311,,1423.47998046875,20260806,,,,,,
LPRE,Long Pond Real Estate Select ETF,NYSE/AMEX,"Long Pond Capital, LP",,231367562029.9375,1.0,42903.685742504895,4,91.0,343.0586752929688,0.7996,716.0104301757813,1.67,570.67,13.04,17.75,15.23,-10.64,2026-06-26,687915.8796831716,,1423.47998046875,20260806,,,,,,
LQD,iShares iBoxx $ Investment Grade Corporate Bond ETF,NYSE/AMEX,iShares,,46551466929234.7,0.14,151593.50442972407,12,30.0,651.9538310546875,0.4301,7054.766783203125,4.65,1.89,-3.33,-3.07,5.49,-6.03,2026-08-03,3556383915.4912887,Fixed Income,1423.47998046875,20260806,151930.38129219727,1.36,4.84131,-0.86003,2002-07-22,-0.22
LQDB,iShares BBB Rated Corporate Bond ETF,NYSE/AMEX,iShares,,84724573111.61551,0.15,120810.74985208736,12,30.0,503.9119130859375,0.4171,5786.446120605468,4.79,3.28,-2.57,-2.26,4.29,-4.66,2026-08-03,337199.0881510579,Fixed Income,1423.47998046875,20260806,,,,,,
LQDH,iShares Interest Rate Hedged Corporate Bond ETF,NYSE/AMEX,iShares,,769190279520.2388,0.24,131444.136183545,12,30.0,651.9538310546875,0.496,7718.108454101562,5.87,-11.81,-1.07,-0.26,2.98,-3.25,2026-08-04,4379605.815619237,Fixed Income,1423.47998046875,20260806,131442.0488809131,0.15,7.14117,5.27751,,0.0
LQDI,iShares Inflation Hedged Corporate Bond ETF,NYSE/AMEX,iShares,,99117042427.24126,0.18,36654.60949707031,12,30.0,150.88887792968748,0.4117,1718.1403364257817,4.69,1.77,-2.46,-2.59,4.97,-5.22,2026-08-04,439961.2215581035,Fixed Income,1423.47998046875,20260806,,,,,,
LQDM,Amplify LQD Investment Grade 12% Target Income ETF,NYSE/AMEX,Amplify ETFs,,3729165949.272949,0.54,34127.9330747528,3,31.5,343.0586752929688,1.0052,1049.104745605469,3.07,,-3.98,,5.01,-4.68,2026-07-30,129198.71175168356,,1423.47998046875,20260806,,,,,,
LQDW,iShares Investment Grade Corporate Bond BuyWrite Strategy ETF,NYSE/AMEX,iShares,,452838089917.1336,0.34,33302.31479468383,12,30.0,286.1194760742188,0.8592,3954.427385742188,11.87,-35.92,-4.78,-7.24,4.79,-7.89,2026-08-04,1766225.0815905994,Fixed Income,1423.47998046875,20260806,,,,,,
LQID,Kurv Enhanced Short Maturity ETF,NYSE/AMEX,Kurv Investment Management LLC,,13859769769.033203,0.35,35601.23463733215,2,35.0,156.5827978515625,0.4398,313.165595703125,0.88,,-0.08,,1.41,-0.56,2026-07-22,350179.26726114954,,1423.47998046875,20260806,,,,,,
LQTI,FT Vest Investment Grade & Target Income ETF,NYSE/AMEX,First Trust,,388632218179.9844,0.65,26725.836090286262,12,30.0,200.71067724609367,0.751,2486.8195258789056,9.3,112.79,-5.61,-6.88,5.78,-9.18,2026-08-03,1776939.064710047,,1423.47998046875,20260806,,,,,,
LRGC,AB US Large Cap Strategic Equities ETF,NYSE/AMEX,AllianceBernstein,,1851098650559.25,0.39,124924.6061268188,1,,641.9894711914063,0.5139,641.9894711914063,0.51,46.43,12.63,19.06,12.64,-10.0,2025-12-17,4187636.163309804,,1423.47998046875,20260806,124673.92826137696,0.0,,,,0.2
LRGF,iShares U.S. Equity Factor ETF,NYSE/AMEX,iShares,,5257284161250.656,0.08,111650.64879277349,4,91.0,274.7316362304688,0.2461,1167.2535839843752,1.05,6.22,12.81,19.49,12.88,-9.48,2026-06-15,13764244.19859478,Equity,1423.47998046875,20260806,111501.2580441162,1.0,21.86,13.91989,2015-04-28,0.13
LRGG,Nomura Focused Large Growth ETF,NYSE/AMEX,Nomura,,422264426655.4844,0.44,42533.58062177431,1,,65.4800791015625,0.1539,65.4800791015625,0.15,27.78,1.78,0.64,14.98,-19.07,2025-12-31,1668671.331001563,,1423.47998046875,20260806,,,,,,
LSAF,LeaderShares AlphaFactor US Core Equity ETF,NYSE/AMEX,"Redwood Investment Management, LLC",,174997925620.97266,0.75,79273.59815745242,1,,439.8553139648437,0.5549,439.8553139648437,0.55,79.65,22.26,31.56,14.43,-6.58,2025-12-17,393513.7517324501,,1423.47998046875,20260806,,,,,,
LSAT,LeaderShares AlphaFactor Tactical Focused ETF,NYSE/AMEX,"Redwood Investment Management, LLC",,90525924661.91406,0.99,65895.87617898732,1,,1049.104745605469,1.5921,1049.104745605469,1.59,40.38,18.91,15.61,13.31,-8.33,2025-12-17,352840.6315773284,,1423.47998046875,20260806,,,,,,
LST,Leuthold Select Industries ETF,NYSE/AMEX,Leuthold,,154681267742.29297,0.65,67857.28806247562,2,21.0,217.7924370117188,0.321,767.2557094726563,1.13,,17.88,28.76,15.32,-10.85,2025-12-11,1557255.828489752,,1423.47998046875,20260806,,,,,,
LSVD,LSV Disciplined Value ETF,NYSE/AMEX,LSV Fund,,924119468108.8438,0.4,51448.98033335619,1,,136.654078125,0.2656,136.654078125,0.27,,20.9,37.87,13.54,-8.08,2025-12-30,2084431.0982255973,,1423.47998046875,20260806,,,,,,
LTL,ProShares Ultra Communication Services,NYSE/AMEX,ProShares,,8833851991.512695,0.95,34305.868072311394,4,91.0,58.36267919921875,0.1701,346.61737524414065,1.01,213.18,-13.65,-0.78,29.99,-25.93,2026-06-24,257904.21965998007,,1423.47998046875,20260806,,,,,,
LTPZ,Pimco 15  Year U.S. TIPS Index Exchange-Traded Fund,NYSE/AMEX,PIMCO,,1031984540492.5312,0.2,68206.18575116992,10,30.0,654.800791015625,0.96,4754.423134765625,6.97,81.52,-7.21,-8.0,9.36,-12.93,2026-08-03,4996444.783670555,,1423.47998046875,20260806,68085.04746582032,1.96,-1.03409,-7.05814,,0.18
LTTI,FT Vest 20+ Year Treasury & Target Income ETF,NYSE/AMEX,First Trust,,21234140547.89112,0.65,25046.12927892152,12,30.0,189.32283740234377,0.7559,2374.364607421875,9.48,110.08,-7.54,-9.87,9.04,-13.6,2026-08-03,181353.55305247667,,1423.47998046875,20260806,,,,,,
LVHI,Franklin International Low Volatility High Dividend Index ETF,NYSE/AMEX,Franklin Templeton Investments,,7796828673524.5,0.4,61010.352831713855,4,91.0,891.0984677734375,1.4606,2741.622442382813,4.49,13.7,15.0,27.83,9.7,-6.45,2026-06-04,24431879.139717985,,1423.47998046875,20260806,60483.66437011719,0.38,23.07945,16.755751,2016-07-27,0.87
LVLN,State Street SPDR S&P Leveraged Loan ETF,NYSE/AMEX,SPDR,,70063684638.67188,0.4,35038.95939342957,9,30.0,199.28719726562505,0.5688,1712.446416503906,4.89,,-2.13,,2.96,-3.62,2026-08-03,319042.45518245053,Fixed Income S&P USD Select Leveraged Loan Index,1423.47998046875,20260806,,,,,,
MADE,iShares U.S. Manufacturing ETF,NYSE/AMEX,iShares,,92116324680.67854,0.4,55344.19181204587,4,91.0,62.633119140625,0.1132,341.6351953125,0.62,-4.0,21.56,40.21,23.4,-13.51,2026-06-15,566156.3207971033,Equity,1423.47998046875,20260806,,,,,,
MAGC,Roundhill China Magnificent Seven ETF,NYSE/AMEX,,,21053268911.132812,0.6,29067.46130977478,1,,1387.892980957031,4.7747,1387.892980957031,4.77,347.25,-17.69,-19.87,28.05,-44.26,2025-12-30,211202.7790316472,,1423.47998046875,20260806,,,,,,
MAGG,Madison Aggregate Bond ETF,NYSE/AMEX,"Madison Asset Management, LLC",,92361820956.24414,0.36,28412.659106921405,12,30.0,123.84275830078124,0.4359,1382.199061035156,4.86,-2.9,-2.61,-2.23,4.13,-4.84,2026-07-29,130027.13922766576,,1423.47998046875,20260806,,,,,,
MAGS,Roundhill Magnificent Seven ETF,NYSE/AMEX,Roundhill Investments,,5267462629243.125,0.3,97750.36765231936,1,,1389.3164609375,1.4213,1389.3164609375,1.42,121.82,5.08,16.9,22.31,-19.79,2025-12-30,237200139.0885021,,1423.47998046875,20260806,97332.43653652344,1.33,31.507072,,2023-04-10,0.43
MAGX,Roundhill Daily 2X Long Magnificent Seven ETF,NYSE/AMEX,Roundhill Investments,,79862294493.02734,0.95,81408.81812815554,1,,1666.8950571289065,2.0476,1666.8950571289065,2.05,195.71,2.49,21.78,44.72,-38.48,2025-12-30,5129378.183264941,,1423.47998046875,20260806,81225.04881752928,0.0,,,,0.23
MAGY,Roundhill Magnificent Seven Covered Call ETF,NYSE/AMEX,Roundhill Investments,,169509840904.27344,0.99,60627.43528340943,52,7.0,354.44651513671874,0.5846,23067.49308349609,38.05,251.29,-18.86,-25.61,17.41,-30.55,2026-07-31,5603208.062255525,,1423.47998046875,20260806,60694.62410322265,0.0,,,,-0.11
MAMB,Monarch Ambassador Income Index ETF,NYSE/AMEX,Monarch Funds,,271930364282.9844,1.15,33978.468328421004,4,91.0,232.02723681640623,0.6829,911.0271875,2.68,25.74,-0.1,2.58,5.87,-4.94,2026-06-25,599863.8674082509,,1423.47998046875,20260806,,,,,,
MANI,Man Active Income ETF,NYSE/AMEX,,,30804106777.34375,0.85,36767.06508886535,3,95.0,535.22847265625,1.4557,1705.3290166015624,4.64,,3.25,,4.04,-2.95,2026-06-24,142353.55151767645,,1423.47998046875,20260806,,,,,,
MARO,YieldMax MARA Option Income Strategy ETF,NYSE/AMEX,YieldMax ETFs,,72055753768.61914,1.0,6448.364610181423,45,7.0,112.45491845703124,1.7439,13510.248494628911,209.51,-36.85,-43.16,-76.79,67.06,-78.93,2026-07-30,2918901.87325239,,1423.47998046875,20260806,,,,,,
MARZ,TrueShares Structured Outcome (March) ETF,NYSE/AMEX,TrueShares,,46438879214.10254,0.79,53521.281211752445,1,,1608.5323779296873,3.0054,1608.5323779296873,3.01,-20.87,9.67,12.78,10.79,-9.61,2025-12-24,124266.91608875776,,1423.47998046875,20260806,,,,,,
MAXJ,iShares Large Cap Max Buffer Jun ETF,NYSE/AMEX,iShares,,231048388096.0544,0.5,41836.07575715333,1,,404.26831445312496,0.9663,404.26831445312496,0.97,34.6,4.24,6.17,2.52,-1.7,2025-12-23,794111.426014448,Equity,1423.47998046875,20260806,,,,,,
MAYZ,TrueShares Structured Outcome (May) ETF,NYSE/AMEX,TrueShares,,45171591997.9707,0.79,52652.81637106836,1,,1024.9055859375,1.9465,1024.9055859375,1.95,22.66,10.52,15.32,11.16,-9.78,2025-12-24,102910.86900569718,,1423.47998046875,20260806,,,,,,
MBBA,iShares Mortgage-Backed Securities Active ETF,NYSE/AMEX,iShares,,219355497560.09995,0.25,69814.57303562015,6,30.0,277.57859619140623,0.3976,1833.44221484375,2.63,,-2.07,,4.85,-4.4,2026-08-03,578460.0475221792,Fixed Income,1423.47998046875,20260806,,,,,,
MBCE,Monarch Blue Chips Elite Index ETF,NYSE/AMEX,,,284710230893.5547,1.01,54661.63342205808,3,90.5,59.7861591796875,0.1094,129.53667822265623,0.24,82.0,4.23,5.32,21.21,-17.37,2026-03-26,658831.08557059,,1423.47998046875,20260806,,,,,,
MBND,State Street Nuveen Municipal Bond ETF,NYSE/AMEX,SPDR,,38419724672.85156,0.4,38234.673144213855,12,30.0,115.30187841796877,0.3016,1343.7651015624997,3.51,9.77,-1.85,0.09,3.01,-3.55,2026-08-03,171037.61950571128,Fixed Income Bloomberg 3-15 Year Blend (2-17) Municipal Bond Index,1423.47998046875,20260806,,,,,,
MBOX,Freedom Day Dividend ETF,NYSE/AMEX,"Freedom Day Solutions, LLC",,212308873267.4375,0.39,60015.62625509128,4,91.0,234.87419677734377,0.3914,1094.6561049804689,1.82,34.91,19.52,24.85,10.72,-5.83,2026-06-29,162023.18315391996,,1423.47998046875,20260806,,,,,,
MBSD,FlexShares Disciplined Duration MBS Index Fund,NYSE/AMEX,Flexshares Trust,,126187241216.45312,0.2,29038.99105854798,12,30.0,82.5618388671875,0.2843,1209.9579833984376,4.17,3.28,-1.78,-1.26,3.72,-3.3,2026-08-03,203342.35921969925,,1423.47998046875,20260806,,,,,,
MBSF,Regan Floating Rate MBS ETF,NYSE/AMEX,"Regan Capital, LLC",,334643767694.5078,0.49,36540.73120723572,12,30.0,132.38363818359375,0.3623,1618.4967377929688,4.43,-8.01,0.0,0.79,3.09,-1.16,2026-07-29,1257305.2952439282,,1423.47998046875,20260806,,,,,,
MCH,Matthews China Active ETF,NYSE/AMEX,Matthews Asia Funds,,32124173784.191406,0.79,41095.15416667238,1,,707.4695502929687,1.7215,707.4695502929687,1.72,71.38,-1.18,10.4,22.09,-16.52,2025-12-17,104338.43101346443,,1423.47998046875,20260806,,,,,,
MCVT,Miller Convertible Total Return ETF,NYSE/AMEX,,,,,40683.05773319397,1,,11.38783984375,0.028,11.38783984375,0.03,,14.18,,10.94,-2.44,2026-06-15,243112.4455410501,,1423.47998046875,20260806,,,,,,
MDAA,Myriad Dynamic Asset Allocation ETF,NYSE/AMEX,,,646971651123.0469,0.97,167110.86108693108,1,,651.9538310546875,0.3901,651.9538310546875,0.39,,15.95,,24.55,-14.59,2025-12-29,1859453.3967718333,,1423.47998046875,20260806,,,,,,
MDLV,Morgan Dempsey Large Cap Value ETF,NYSE/AMEX,Morgan Dempsey,,60864143487.13672,0.58,44839.47820099071,4,91.0,253.37943652343748,0.5651,1208.5345034179686,2.7,8.99,10.59,15.94,9.33,-4.27,2026-06-29,180559.8867937673,,1423.47998046875,20260806,,,,,,
MDPL,Monarch Dividend Plus Index ETF,NYSE/AMEX,Monarch Funds,,84215125455.70312,1.19,40893.87497494556,4,91.0,126.68971826171874,0.3098,585.0502719726563,1.43,52.79,6.32,10.45,16.29,-12.96,2026-06-25,309535.4392671471,,1423.47998046875,20260806,,,,,,
MDST,Westwood Salient Enhanced Midstream Income ETF,NYSE/AMEX,Westwood,,408885218033.9375,0.8,41252.44918236695,12,31.0,320.2829956054688,0.7764,3843.395947265625,9.32,0.0,8.62,9.01,12.55,-7.59,2026-07-30,1528099.1541738473,,1423.47998046875,20260806,,,,,,
MDY,State Street SPDR S&P MIDCAP 400 ETF Trust,NYSE/AMEX,SPDR,,38530969633325.2,0.23,1005532.0442550778,4,91.0,2422.762926757812,0.2409,9994.252942871091,0.99,2.62,15.55,23.4,15.75,-9.05,2026-06-18,563485982.0262344,Equity S&P MidCap 400 Index,1423.47998046875,20260806,999496.4682861328,0.99,14.10728,8.64845,1995-05-04,0.6
MDYG,State Street SPDR S&P 400 Mid Cap Growth ETF,NYSE/AMEX,SPDR,,4127237855371.0938,0.15,158148.62365802005,4,91.0,213.5219970703125,0.135,901.0628276367188,0.57,-15.26,18.34,25.71,17.97,-10.04,2026-06-22,8588013.717320781,Equity S&P MidCap 400 Growth Index,1423.47998046875,20260806,156463.86609919433,1.05,15.48379,8.061829,,1.08
MDYV,State Street SPDR S&P 400 Mid Cap Value ETF,NYSE/AMEX,SPDR,,4116191650722.656,0.15,137686.2401225567,4,91.0,599.2850717773438,0.4353,2261.909688964844,1.64,5.65,12.98,21.67,14.96,-10.53,2026-06-22,7352146.452829065,Equity S&P MidCap 400 Value Index,1423.47998046875,20260806,136584.84005874998,0.94,12.87485,9.09949,,0.81
MEAR,iShares Short Maturity Municipal Bond Active ETF,NYSE/AMEX,iShares,,1948280302003.7693,0.26,71430.22585433349,12,30.0,166.54715771484376,0.2332,2022.765052246093,2.83,-8.79,-0.28,-0.33,1.17,-1.01,2026-08-03,7836922.586929929,Fixed Income,1423.47998046875,20260806,71363.7631396338,0.1,3.4111700000000003,2.45499,,0.09
MEDI,Harbor Health Care ETF,NYSE/AMEX,Harbor Capital Advisors Inc,,58658489727.0,0.8,47373.41201235354,1,,106.76099853515623,0.2254,106.76099853515623,0.23,-44.44,6.11,25.61,19.93,-15.59,2025-12-19,203399.67422378965,,1423.47998046875,20260806,,,,,,
MEM,Matthews Emerging Markets Equity Active ETF,NYSE/AMEX,Matthews Asia Funds,,76357459024.3164,0.79,62603.22619135864,1,,1814.936975097656,2.8991,1814.936975097656,2.9,-43.61,19.1,33.47,25.53,-14.62,2025-12-17,159867.90753590254,,1423.47998046875,20260806,,,,,,
MEMX,Matthews Emerging Markets ex China Active ETF,NYSE/AMEX,Matthews Asia Funds,,74454841376.3418,0.79,66732.74300481565,1,,2600.697924316406,3.8972,2600.697924316406,3.9,534.38,22.48,41.41,26.84,-16.84,2025-12-17,123797.83899208464,,1423.47998046875,20260806,,,,,,
METV,Roundhill Ball Metaverse ETF,NYSE/AMEX,Roundhill Investments,,298092559783.21875,0.59,27031.88450329285,1,,48.3983193359375,0.179,48.3983193359375,0.18,,-1.15,4.63,25.26,-28.4,2025-12-30,1531364.610988252,,1423.47998046875,20260806,,,,,,
METW,Roundhill META WeeklyPay ETF,NYSE/AMEX,Roundhill Investments,,33966410258.35449,1.0,34873.83682344481,52,7.0,156.5827978515625,0.449,20950.778352539062,60.08,446.73,-30.14,-53.98,46.35,-59.08,2026-08-03,1042009.8668777344,,1423.47998046875,20260806,,,,,,
MEXX,Direxion Daily MSCI Mexico Bull 3X ETF,NYSE/AMEX,Direxion Funds,,28221828683.97461,1.23,43743.53914818727,3,91.0,325.9769155273437,0.7452,586.4737519531251,1.34,-27.21,21.18,78.77,64.95,-38.77,2026-06-23,996751.3140334171,,1423.47998046875,20260806,,,,,,
MFDX,PIMCO RAFI Dynamic Multi-Factor International Equity ETF,NYSE/AMEX,PIMCO,,651429307151.4844,0.39,60312.845252020285,4,91.0,597.861591796875,0.9913,1722.4107763671875,2.86,20.52,9.16,18.39,14.49,-10.66,2026-07-01,937245.2404694424,,1423.47998046875,20260806,,,,,,
MFEM,PIMCO RAFI Dynamic Multi-Factor Emerging Markets Equity ETF,NYSE/AMEX,PIMCO,,200813486664.20312,0.49,39159.93458850402,4,91.0,270.4611962890625,0.6907,896.7923876953126,2.29,-43.75,17.06,28.49,23.03,-15.62,2026-07-01,451642.6557229639,,1423.47998046875,20260806,,,,,,
MFSB,MFS Active Core Plus Bond ETF,NYSE/AMEX,MFS,,745010293159.6406,0.34,35095.899895883165,11,31.0,136.654078125,0.3894,1484.6896196289065,4.23,54.29,-2.12,-1.5,3.76,-3.91,2026-06-30,2826856.3534267773,,1423.47998046875,20260806,,,,,,
MFSG,MFS Active Growth ETF,NYSE/AMEX,MFS,,513444491613.7031,0.49,43458.84478113707,1,,28.469599609375,0.0655,28.469599609375,0.07,900.0,7.88,10.98,17.92,-16.21,2025-12-16,2110691.955265205,,1423.47998046875,20260806,,,,,,
MFSI,MFS Active International ETF,NYSE/AMEX,MFS,,1691563395798.4375,0.59,48085.15200258792,1,,341.6351953125,0.7105,341.6351953125,0.71,3328.57,9.39,19.83,15.3,-11.17,2025-12-16,7294784.673968767,,1423.47998046875,20260806,47747.07724487304,0.0,,,,0.71
MFSM,MFS Active Intermediate Muni Bond ETF,NYSE/AMEX,MFS,,142050707099.91406,0.34,35288.07001905516,11,31.0,105.33751855468748,0.2985,1164.4066240234372,3.3,47.39,-1.0,1.55,2.82,-3.34,2026-06-30,400841.2422704507,,1423.47998046875,20260806,,,,,,
MFSV,MFS Active Value ETF,NYSE/AMEX,MFS,,798140988772.4062,0.44,42498.56433052197,4,91.0,133.8071181640625,0.3149,555.1571923828125,1.31,58.54,11.57,18.93,10.4,-6.71,2026-06-25,3314911.7379219388,,1423.47998046875,20260806,42402.5504842041,0.0,,,,0.23
MFUL,Mindful Conservative ETF,NYSE/AMEX,Mohrfunds,,10333848291.371582,1.48,32054.491865866818,2,81.0,585.0502719726562,1.8252,767.2557094726561,2.39,-26.87,3.45,2.68,4.85,-3.73,2025-12-16,146290.71820487824,,1423.47998046875,20260806,,,,,,
MFUS,PIMCO RAFI Dynamic Multi-Factor U.S. Equity ETF,NYSE/AMEX,PIMCO,,418850306718.9688,0.29,94754.65429406986,4,91.0,313.165595703125,0.3305,1281.131982421875,1.35,7.02,16.66,24.13,11.59,-6.39,2026-07-01,687342.8715183516,,1423.47998046875,20260806,,,,,,
MGC,Vanguard Morningstar Mega Cap ETF,NYSE/AMEX,Vanguard,,15013615811450.5,0.05,401983.6134456545,4,91.0,926.6854672851564,0.2305,3581.475630859375,0.89,5.01,12.44,22.39,13.64,-10.11,2026-06-26,36191639.03800739,,1423.47998046875,20260806,401649.11128906254,1.03,22.77639,13.84194,2008-02-22,0.08
MGK,Vanguard Morningstar Mega Cap Growth ETF,NYSE/AMEX,Vanguard,,46147774620034.0,0.05,128369.42507308348,4,91.0,119.572318359375,0.0931,418.21841826171874,0.33,-7.49,9.75,18.1,18.29,-17.0,2026-06-26,159850730.28903005,,1423.47998046875,20260806,128198.60704101562,1.26,24.723221,13.738419,2008-04-03,0.13
MGMT,Ballast Small/Mid Cap ETF,NYSE/AMEX,Ballast Asset Management,,247344701330.71875,1.1,73807.43481524661,1,,214.94547705078125,0.2912,214.94547705078125,0.29,-29.44,16.46,26.12,17.15,-12.32,2025-12-30,467615.712766123,,1423.47998046875,20260806,,,,,,
MGNR,American Beacon Select Funds American Beacon GLG Natural Resources ETF,NYSE/AMEX,American Beacon,,1198314509325.875,0.75,72526.30609091185,4,91.0,75.44443896484374,0.104,585.0502719726562,0.81,-0.72,13.91,51.7,25.11,-15.6,2026-07-02,4299047.559787036,,1423.47998046875,20260806,72099.26101074218,0.0,,,,0.59
MGOV,First Trust Intermediate Government Opportunities ETF,NYSE/AMEX,First Trust,,142440421755.04688,0.49,28341.486193927005,12,30.0,99.64359863281253,0.3516,1396.4338608398436,4.93,-5.31,-2.62,-1.65,4.66,-5.13,2026-07-21,782755.8830775986,,1423.47998046875,20260806,,,,,,
MGV,Vanguard Morningstar Mega Cap Value ETF,NYSE/AMEX,Vanguard,,19126015858121.5,0.05,236728.0049037636,4,91.0,1041.987345703125,0.4402,4337.343500488281,1.83,8.43,16.75,27.41,10.41,-6.93,2026-06-26,38597130.68892375,,1423.47998046875,20260806,237109.06034667967,0.66,19.02692,13.166370999999998,2008-03-05,-0.16
MHY,Man Active High Yield ETF,NYSE/AMEX,,,46206160166.015625,0.69,36754.25266129151,3,95.0,609.249431640625,1.6576,1910.3101337890623,5.2,,4.1,,4.97,-3.53,2026-06-24,221210.51596904773,,1423.47998046875,20260806,,,,,,
MID,American Century Mid Cap Growth Impact ETF,NYSE/AMEX,American Century Investments,,141598860390.59375,0.45,98262.82131411137,4,84.0,22.7756796875,0.0232,142.347998046875,0.14,-21.87,5.13,3.7,17.82,-13.96,2026-06-09,269308.43575618183,,1423.47998046875,20260806,,,,,,
MIDU,Direxion Mid Cap Bull 3X ETF,NYSE/AMEX,Direxion Funds,,97703076559.91795,0.98,106760.99853515624,4,91.0,162.2767177734375,0.152,513.8762729492188,0.48,-44.97,42.05,64.26,47.09,-25.93,2026-06-23,2139825.606536865,,1423.47998046875,20260806,,,,,,
MIG,VanEck Moody's Analytics IG Corporate Bond ETF,NYSE/AMEX,VanEck,,27518584022.26367,0.2,29935.784966683947,12,30.0,123.84275830078124,0.4137,1414.9391005859372,4.73,-3.21,-2.46,-2.32,4.52,-5.19,2026-08-03,104859.9466874248,,1423.47998046875,20260806,,,,,,
MILK,Pacer US Cash Cows Bond ETF,NYSE/AMEX,Pacer,,27350818365.685547,0.49,34526.6496304851,12,29.0,152.31235791015624,0.4411,2422.7629267578127,7.02,123.07,-1.21,-2.18,5.61,-6.5,2026-07-23,126382.42811090538,,1423.47998046875,20260806,,,,,,
MINN,Mairs & Power Minnesota Municipal Bond ETF,NYSE/AMEX,Mairs & Power,,67011863132.865234,0.25,31416.202734533697,12,29.0,79.71487890625001,0.2537,966.5429067382812,3.08,6.26,-2.15,1.68,4.37,-3.87,2026-07-24,198698.1129442496,,1423.47998046875,20260806,,,,,,
MINO,PIMCO Municipal Income Opportunities Active Exchange-Traded Fund,NYSE/AMEX,PIMCO,,1048988680741.7812,0.39,63921.36678530276,12,30.0,199.28719726562505,0.3118,2519.559565429688,3.94,6.31,-1.05,2.24,2.98,-3.05,2026-08-03,4045090.99164025,,1423.47998046875,20260806,63885.7815234375,0.95,4.53449,,,0.06
MINT,PIMCO Enhanced Short Maturity Active Exchange-Traded Fund,NYSE/AMEX,PIMCO,,24286197747819.0,0.36,143138.02987044677,12,30.0,483.98319335937504,0.3381,5991.427237792968,4.19,-14.62,0.18,0.23,1.18,-0.43,2026-08-03,143366854.01506767,,1423.47998046875,20260806,143130.9120361328,0.0,5.2294504,3.61095,2009-11-16,0.0
MINV,Matthews Asia Innovators Active ETF,NYSE/AMEX,Matthews Asia Funds,,224629787156.625,0.79,70364.17975079641,1,,760.1383095703126,1.0803,760.1383095703126,1.08,685.29,35.57,51.72,31.7,-22.49,2025-12-17,505922.9297322429,,1423.47998046875,20260806,,,,,,
MINY,YieldMax Strategic Metals & Mining Portfolio Option Income ETF,NYSE/AMEX,,,6419894711.9140625,1.01,53836.01242691651,22,7.0,303.2012358398437,0.5632,7860.456452148438,14.6,,-24.8,,34.55,-31.92,2026-08-05,251250.47504198228,,1423.47998046875,20260806,,,,,,
MISL,First Trust Indxx Aerospace & Defense ETF,NYSE/AMEX,First Trust,,1034635447402.7188,0.6,66440.92700234987,2,182.0,41.28091943359375,0.0621,193.59327734375,0.29,-39.01,5.17,20.51,25.27,-17.17,2026-03-26,17719512.41510704,,1423.47998046875,20260806,65423.13990234375,0.92,25.82983,,2022-10-25,1.56
MJ,Amplify Alternative Harvest ETF,NYSE/AMEX,Amplify ETFs,,145168629322.09375,0.75,33167.08245889284,1,,841.2766684570312,2.5365,841.2766684570312,2.54,-41.37,-23.98,2.87,86.09,-49.68,2025-12-30,2306213.3339826423,,1423.47998046875,20260806,,,,,,
MJSC,MUFG Japan Small Cap Active ETF,NYSE/AMEX,,,32256056357.421875,1.01,89835.82243620604,1,,465.4779536132813,0.5181,465.4779536132813,0.52,,25.59,,21.3,-12.63,2025-12-30,148349.59339279312,,1423.47998046875,20260806,,,,,,
MKOR,Matthews Korea Active ETF,NYSE/AMEX,Matthews Asia Funds,,180589708007.28903,0.79,80846.54288425297,1,,1285.4024223632812,1.5899,1285.4024223632812,1.59,-17.68,57.98,104.01,45.91,-29.42,2025-12-17,929755.9427389624,,1423.47998046875,20260806,,,,,,
MKTN,Federated Hermes MDT Market Neutral ETF,NYSE/AMEX,,,168354977290.03906,1.94,39031.82117305603,1,,186.47587744140623,0.4778,186.47587744140623,0.48,,7.57,,6.69,-4.13,2025-12-31,689770.3198877678,,1423.47998046875,20260806,,,,,,
MLN,VanEck Long Muni ETF,NYSE/AMEX,VanEck,,965085081032.8438,0.24,24825.491619595326,12,30.0,85.408798828125,0.344,960.8489868164064,3.87,3.85,-0.85,3.93,4.39,-2.81,2026-08-03,4549964.111667352,,1423.47998046875,20260806,24768.55166015625,1.4,3.3842600000000003,-1.2876701000000002,,0.23
MLPA,Global X MLP ETF,NYSE/AMEX,Global X Funds,,3264882386466.0,0.77,80191.74339647219,4,92.0,1451.949580078125,1.8106,5601.393723144532,6.99,6.93,15.51,11.4,12.67,-7.73,2026-05-11,12271985.913313968,,1423.47998046875,20260806,79259.3653125,0.25,17.078131,18.77955,2012-04-18,1.18
MLPD,Global X MLP & Energy Infrastructure Covered Call ETF,NYSE/AMEX,Global X Funds,,44093488118.203125,0.6,35003.37293693237,12,28.0,357.29347509765626,1.0207,4007.0961450195314,11.45,-2.86,-2.3,-2.66,8.2,-5.64,2026-07-20,331458.4917730658,,1423.47998046875,20260806,,,,,,
MLPI,NEOS MLP & Energy Infrastructure High Income ETF,NYSE/AMEX,Neos Funds,,1182963974524.6562,0.68,75949.77370629273,8,28.0,972.2368266601565,1.2801,7605.653535644531,10.01,,5.59,,13.98,-9.26,2026-07-22,17032806.60016236,,1423.47998046875,20260806,75140.66833701172,0.0,,,2025-12-17,1.08
MLPX,Global X MLP & Energy Infrastructure ETF,NYSE/AMEX,Global X Funds,,5181290389631.875,0.45,104967.41071888432,5,72.0,1077.5743452148438,1.0266,4324.532180664062,4.12,9.87,20.55,19.79,15.64,-8.18,2026-05-11,26424970.20439002,,1423.47998046875,20260806,104127.56057128908,0.26,25.368482,22.40711,2013-08-06,0.81
MMAX,iShares Large Cap Max Buffer Mar ETF,NYSE/AMEX,iShares,,104072515554.17592,0.5,38824.98965787329,1,,491.1005932617187,1.2649,491.1005932617187,1.26,,3.92,5.45,1.94,-1.26,2025-12-23,300053.5859765133,Equity,1423.47998046875,20260806,,,,,,
MMCA,NYLI MacKay California Muni Intermediate ETF,NYSE/AMEX,New York Life Investment Management LLC,,127510155183.26172,0.36,30576.349328851327,11,29.5,81.13835888671875,0.2654,916.721107421875,3.0,-14.13,-1.65,0.82,2.75,-4.11,2026-06-30,485125.5675283789,,1423.47998046875,20260806,,,,,,
MMID,MFS Active Mid Cap ETF,NYSE/AMEX,MFS,,50840635183.70703,0.59,39034.52538536023,3,98.0,82.5618388671875,0.2115,261.92031640625,0.67,,9.34,,13.13,-8.13,2026-06-25,184594.4434368151,,1423.47998046875,20260806,,,,,,
MMIN,NYLI MacKay Muni Insured ETF,NYSE/AMEX,New York Life Investment Management LLC,,658296721193.5781,0.3,33708.006371911615,11,29.5,111.0314384765625,0.3294,1255.5093427734373,3.72,-7.74,-1.33,2.73,3.75,-3.28,2026-06-30,1872689.441655528,,1423.47998046875,20260806,,,,,,
MMIT,NYLI MacKay Muni Intermediate ETF,NYSE/AMEX,New York Life Investment Management LLC,,2072581567604.8125,0.3,34205.79592662025,11,29.5,101.06707861328124,0.2955,1144.4779042968748,3.35,-6.73,-1.27,0.84,2.81,-3.43,2026-06-30,7343360.539784504,,1423.47998046875,20260806,34163.09248725586,0.74,3.5506200000000003,0.90676,,0.12
MMK,State Street Prime Money Market ETF,NYSE/AMEX,SPDR,,39871674252.92969,0.18,142433.54455418512,6,30.0,437.0083540039062,0.3068,2397.140287109375,1.68,,0.04,,1.03,-0.32,2026-08-03,119806.76576377932,Cash ICE BofA SOFR Overnight Rate Index,1423.47998046875,20260806,,,,,,
MMKT,Texas Capital Government Money Market ETF,NYSE/AMEX,Texas Capital,,103398499676.65234,0.2,142675.40322091058,52,7.0,96.796638671875,0.0678,5205.666288574219,3.65,6.03,0.01,-0.0,0.39,-0.11,2026-07-31,999644.292241921,,1423.47998046875,20260806,,,,,,
MMSD,NYLI MacKay Muni Short Duration ETF,NYSE/AMEX,New York Life Investment Management LLC,,111025926762.07812,0.25,35970.76959281787,11,29.5,102.49055859375,0.2849,1172.9475039062495,3.26,300.0,-0.47,-0.28,2.17,-2.14,2026-06-30,309214.4597665855,,1423.47998046875,20260806,,,,,,
MMTM,State Street SPDR S&P 1500 Momentum Tilt ETF,NYSE/AMEX,SPDR,,233550360395.5078,0.12,439190.5338702053,4,91.0,1241.27454296875,0.2826,3850.513347167968,0.88,9.03,5.38,12.88,15.53,-10.09,2026-06-22,450515.7185227596,Equity S&P 1500 Positive Momentum Tilt Index,1423.47998046875,20260806,,,,,,
MNBD,ALPS BBH Intermediate Municipal Bond ETF,NYSE/AMEX,ALPS,,79307797795.35547,0.44,36640.374371456914,12,28.0,102.49055859375,0.2797,1227.0397431640624,3.35,-10.02,-0.89,0.96,2.79,-3.1,2026-07-16,146525.03538026847,,1423.47998046875,20260806,,,,,,
MNRS,Grayscale Bitcoin Miners ETF,NYSE/AMEX,Grayscale,,17204961957.93457,0.59,49736.38856272586,1,,232.02723681640623,0.4665,232.02723681640623,0.47,,7.44,29.92,75.92,-56.94,2025-12-31,416387.8386154479,,1423.47998046875,20260806,,,,,,
MOAT,VanEck Morningstar Wide Moat ETF,NYSE/AMEX,VanEck,,16803597656520.0,0.46,157451.12150847167,1,,1998.565892578125,1.2693,1998.565892578125,1.27,10.73,6.85,15.31,14.03,-12.43,2025-12-22,89893840.3356235,,1423.47998046875,20260806,158447.55662597658,0.9,12.602849999999998,9.30274,2012-04-24,-0.63
MOO,VanEck Agribusiness ETF,NYSE/AMEX,VanEck,,1388357149309.0625,0.56,115472.69992532954,1,,2559.4170048828128,2.2165,2559.4170048828128,2.22,-18.31,10.1,12.01,14.54,-11.17,2025-12-22,17830649.011070162,,1423.47998046875,20260806,115572.3396142578,0.56,1.06671,0.12409,2007-08-31,-0.09
MORT,VanEck Mortgage REIT Income ETF,NYSE/AMEX,VanEck,,536417590892.7344,0.43,13750.816394122316,4,91.0,604.9789916992187,4.3996,2113.867770996094,15.37,12.84,-9.89,-8.35,18.4,-15.5,2026-07-01,10530267.369631262,,1423.47998046875,20260806,13765.051411132812,0.93,5.4814300000000005,-1.40474,,-0.1
MOTI,VanEck Morningstar International Moat ETF,NYSE/AMEX,VanEck,,106458013668.27344,0.58,52672.46263636276,1,,1682.5533369140624,3.1944,1682.5533369140624,3.19,-18.48,-0.08,5.45,15.32,-15.96,2025-12-22,831047.4830709511,,1423.47998046875,20260806,,,,,,
MPRO,Monarch ProCap Index ETF,NYSE/AMEX,Monarch Funds,,363541162895.4531,1.03,46607.01218064502,4,91.0,204.9811171875,0.4398,902.4863076171875,1.94,32.64,6.34,9.72,6.74,-5.95,2026-06-25,1075640.596541416,,1423.47998046875,20260806,,,,,,
MRNY,YieldMax MRNA Option Income Strategy ETF,NYSE/AMEX,YieldMax ETFs,,152126713345.02344,1.0,20619.107028376777,45,7.0,337.36475537109374,1.6362,20844.017354003907,101.09,-58.4,-4.01,-27.94,54.15,-35.17,2026-07-30,3588375.7827815325,,1423.47998046875,20260806,20144.9463355957,0.0,,,,2.35
MRSK,Toews Agility Shares Managed Risk ETF,NYSE/AMEX,Toews Corporation,,447224248473.65625,0.98,56654.36095285229,2,18.0,61.20963916015624,0.108,196.4402373046875,0.35,-6.12,7.95,16.51,10.91,-7.82,2025-12-30,1234659.0215837243,,1423.47998046875,20260806,,,,,,
MSFO,YieldMax MSFT Option Income Strategy ETF,NYSE/AMEX,YieldMax ETFs,,161906168852.76172,1.03,17964.459731922485,44,7.0,109.60795849609374,0.6101,6267.582354003907,34.89,-21.26,-16.26,-30.66,28.42,-45.52,2026-07-30,1487275.4108998803,,1423.47998046875,20260806,,,,,,
MSFW,Roundhill MSFT WeeklyPay ETF,NYSE/AMEX,Roundhill Investments,,48684484363.37109,1.0,47231.06618636474,52,7.0,195.0167573242188,0.4129,18381.39698779297,38.92,,-13.25,-36.24,38.64,-55.64,2026-08-03,630567.3352520096,,1423.47998046875,20260806,,,,,,
MSFX,T-Rex 2X Long Microsoft Daily Target ETF,NYSE/AMEX,Rex,,45982915800.67871,1.05,35416.32461827807,1,,2079.704251464844,5.8722,2079.704251464844,5.87,,-4.64,-31.89,63.72,-65.34,2025-12-24,3496509.163092123,,1423.47998046875,20260806,36042.51310546875,0.0,,,,-1.74
MSFY,Kurv Yield Premium Strategy Microsoft (MSFT) ETF,NYSE/AMEX,Kurv Investment Management LLC,,18382629721.45605,0.99,29024.755932934582,12,28.0,284.69599609375,0.9809,6548.007910156251,22.56,30.13,-13.86,-27.06,33.54,-45.14,2026-07-15,241935.35899690425,,1423.47998046875,20260806,,,,,,
MSLC,Morgan Stanley Pathway Large Cap Equity ETF,NYSE/AMEX,Morgan Stanley,,5660553004516.5,0.39,86860.74905982055,1,,1662.6246171875,1.9141,1662.6246171875,1.91,,11.96,17.39,12.62,-9.84,2025-12-10,4890157.208109715,,1423.47998046875,20260806,86609.2194956543,0.98,18.91053,10.6049,,0.29
MSMR,McElhenny Sheffield Managed Risk ETF,NYSE/AMEX,MSCM Funds,,259696248509.086,1.06,49465.92932128906,4,91.0,274.7316362304688,0.5554,912.4506674804688,1.84,-32.67,1.15,8.12,12.76,-8.93,2026-06-29,425059.62806972186,,1423.47998046875,20260806,,,,,,
MSSM,Morgan Stanley Pathway Small-Mid Cap Equity ETF,NYSE/AMEX,Morgan Stanley,,1006544470692.4688,0.62,87373.20272161253,1,,2270.450568847656,2.5986,2270.450568847656,2.6,,19.65,29.59,17.85,-9.5,2025-12-10,1306695.8501116687,,1423.47998046875,20260806,,,,,,
MSSS,Monarch Select Subsector Index ETF,NYSE/AMEX,Monarch Funds,,205152390298.75,1.42,51850.3983863201,3,90.5,75.44443896484374,0.1455,142.347998046875,0.27,13.64,19.94,26.02,13.17,-10.34,2026-03-26,519684.1497758356,,1423.47998046875,20260806,,,,,,
MSTB,LHA Market State Tactical Beta ETF,NYSE/AMEX,Little Harbor Advisors,,274431953837.14062,1.38,63027.70607094094,1,,233.450716796875,0.3704,233.450716796875,0.37,-47.94,10.96,17.04,11.29,-8.68,2025-12-30,538629.7268052729,,1423.47998046875,20260806,,,,,,
MSTI,Madison Short Term Strategic Income ETF,NYSE/AMEX,"Madison Asset Management, LLC",,69447226704.41016,0.36,28740.06156588439,12,30.0,129.53667822265623,0.4507,1557.2870986328123,5.42,3.6,-1.58,-2.2,2.87,-3.46,2026-07-29,100182.02058708524,,1423.47998046875,20260806,,,,,,
MSTQ,LHA Market State Tactical Q ETF,NYSE/AMEX,Little Harbor Advisors,,54184207452.39063,1.55,55428.17443754152,1,,6862.596985839843,12.3811,6862.596985839843,12.38,298.1,13.27,5.7,21.76,-23.02,2025-12-30,117787.80961469065,,1423.47998046875,20260806,,,,,,
MSTW,Roundhill MSTR WeeklyPay ETF,NYSE/AMEX,Roundhill Investments,,51045730179.29297,1.0,4740.188226358034,52,7.0,65.4800791015625,1.3814,18156.487150878904,383.03,,-67.35,-92.58,89.91,-93.59,2026-08-03,5344692.367978905,,1423.47998046875,20260806,4685.099659716797,0.0,,,,1.18
MSTY,YieldMax MSTR Option Income Strategy ETF,NYSE/AMEX,YieldMax ETFs,,1077110905684.5624,1.03,17949.940881222952,44,7.0,316.0125556640625,1.7605,44298.6969921875,246.79,-78.37,-58.05,-86.54,67.78,-88.11,2026-07-30,66869016.70663951,,1423.47998046875,20260806,18311.50412075196,0.0,,,2024-02-21,-1.97
MTBA,Simplify MBS ETF,NYSE/AMEX,Simplify Asset Management,,2141863909776.125,0.15,69287.88696328737,12,30.0,327.4003955078125,0.4725,4213.5007421875,6.08,-1.27,-3.45,-3.05,3.47,-4.68,2026-07-28,9586275.472306527,,1423.47998046875,20260806,69162.19476704102,0.0,,,,0.18
MTGP,WisdomTree Mortgage Plus Bond Fund,NYSE/AMEX,WisdomTree,,105034089562.05078,0.46,62049.49256583862,12,30.0,213.5219970703125,0.3441,2740.198962402344,4.42,5.77,-2.09,-1.26,4.35,-3.81,2026-07-28,390720.6408243369,,1423.47998046875,20260806,,,,,,
MTRA,Invesco International Growth Focus ETF,NYSE/AMEX,Invesco,,198678949963.89062,0.54,38547.837762490846,1,,256.226396484375,0.6647,256.226396484375,0.66,,1.8,9.47,19.12,-15.77,2025-12-22,698430.8919448396,,1423.47998046875,20260806,,,,,,
MTUM,iShares MSCI USA Momentum Factor ETF,NYSE/AMEX,iShares,,36716883975839.08,0.15,443542.1219013184,4,91.0,509.60583300781246,0.1149,2639.1318837890626,0.6,-15.19,23.29,27.67,25.85,-17.99,2026-06-15,292242210.9954683,Equity,1423.47998046875,20260806,441308.6870249024,1.29,30.12254,12.92536,2013-04-16,0.51
MUB,iShares National Muni Bond ETF,NYSE/AMEX,iShares,,64957212290422.336,0.05,150582.8349468261,12,30.0,407.11527441406247,0.2704,4856.913693359375,3.23,3.3,-1.36,1.69,3.12,-3.36,2026-08-03,411945810.1404759,Fixed Income,1423.47998046875,20260806,150329.12289696778,0.9,3.1442,0.5951,2007-09-07,0.17
MUNI,PIMCO Intermediate Municipal Bond Active Exchange-Traded Fund,NYSE/AMEX,PIMCO,,4389272870100.25,0.35,73743.38082259521,12,30.0,213.5219970703125,0.2895,2476.8551660156245,3.36,0.58,-1.23,1.14,2.59,-3.28,2026-08-03,17278293.387330804,,1423.47998046875,20260806,73693.55858886719,0.79,3.70972,1.04556,2009-11-30,0.07
MUNX,AMG GW&K Muni Income ETF,NYSE/AMEX,,,28028320815.429688,0.29,35245.36464221496,8,30.0,106.76099853515623,0.3029,802.8427089843751,2.28,,-0.96,,3.64,-3.3,2026-07-01,151085.38340796033,,1423.47998046875,20260806,,,,,,
MUNY,Vanguard New York Tax-Exempt Bond ETF,NYSE/AMEX,Vanguard,,673435578827.7812,0.09,145387.1308460571,12,30.0,397.1509145507813,0.2732,4708.871775390625,3.24,600.85,-1.23,1.93,3.07,-3.22,2026-08-03,4191448.308933942,,1423.47998046875,20260806,145138.01880859374,0.0,,,,0.17
MUSI,American Century Multisector Income ETF,NYSE/AMEX,American Century Investments,,352660446335.625,0.38,61414.192729432136,11,29.0,254.80291650390623,0.4149,3070.446317871094,5.0,-18.54,-2.27,-1.9,3.78,-3.7,2026-07-07,867098.1168568524,,1423.47998046875,20260806,,,,,,
MUST,Columbia Multi-Sector Municipal Income ETF,NYSE/AMEX,Columbia Threadneedle,,842374547320.6875,0.23,28992.585037761368,12,30.0,86.83227880859374,0.2995,983.6246665039064,3.39,4.22,-1.37,1.53,5.3,-4.17,2026-08-03,2426731.0905444915,,1423.47998046875,20260806,,,,,,
MVFD,Monarch Volume Factor Dividend Tree Index ETF,NYSE/AMEX,Monarch Funds,,176091363227.08984,1.1,43314.21829416882,4,91.0,160.85323779296874,0.3714,661.9181909179687,1.53,17.13,5.64,18.42,14.98,-9.08,2026-06-25,288459.3890709516,,1423.47998046875,20260806,,,,,,
MVFG,Monarch Volume Factor Global Unconstrained Index ETF,NYSE/AMEX,Monarch Funds,,255832696085.29688,1.41,50473.894591882825,4,91.0,290.389916015625,0.5753,755.8678696289063,1.5,-18.56,10.74,24.42,19.05,-15.34,2026-06-25,452716.367349693,,1423.47998046875,20260806,,,,,,
MVV,ProShares Ultra MidCap400,NYSE/AMEX,ProShares,,216906371969.15625,0.95,131330.26603892818,4,91.0,150.88887792968748,0.1149,856.9349482421875,0.65,100.67,29.03,43.66,31.71,-17.8,2026-06-24,1131657.6515678314,,1423.47998046875,20260806,,,,,,
MXI,iShares Global Materials ETF,NYSE/AMEX,iShares,,507498853342.56354,0.37,159031.1851556152,2,181.0,1601.4149780273438,1.007,2609.2388041992185,1.64,18.64,14.12,30.1,21.19,-16.18,2026-06-15,2340810.0924365283,Equity,1423.47998046875,20260806,,,,,,
MYLD,Cambria Micro and SmallCap Shareholder Yield ETF,NYSE/AMEX,Cambria,,48313030109.42773,1.09,48291.98623284325,4,91.0,260.4968364257812,0.5394,992.1655463867188,2.05,-61.08,26.16,43.21,17.63,-10.45,2026-06-18,138343.1722279887,,1423.47998046875,20260806,,,,,,
MYY,ProShares Short MidCap400,NYSE/AMEX,ProShares,,4243460725.336426,0.95,21379.67352661584,4,91.0,197.86371728515627,0.9255,936.6498271484376,4.38,-27.05,-13.23,-19.64,15.82,-20.66,2026-06-24,148016.2792239702,,1423.47998046875,20260806,,,,,,
NACP,Impact Shares NAACP Minority Empowerment ETF,NYSE/AMEX,Impact Shares,,105662299747.03123,0.49,85223.74491022341,3,136.5,150.88887792968748,0.1771,472.59535351562494,0.55,-72.52,19.5,36.88,16.36,-9.88,2026-06-29,150670.07974290277,,1423.47998046875,20260806,,,,,,
NAIL,Direxion Daily Homebuilders & Supplies Bull 3X ETF,NYSE/AMEX,Direxion Funds,,749704178537.7969,0.96,61287.93099349365,4,91.0,143.77147802734376,0.2346,435.5848740234376,0.71,-67.89,-16.32,-36.75,88.54,-67.97,2026-06-23,80191313.74614275,,1423.47998046875,20260806,63942.72072265625,3.88,-17.437540000000002,-11.74313,2015-08-19,-4.15
NANC,Subversive Congressional Democrats Trading ETF,NYSE/AMEX,Subversive Capital,,395602760499.7031,0.72,73672.20790960081,1,,136.654078125,0.1855,136.654078125,0.19,23.08,13.47,22.03,15.05,-12.21,2025-12-26,1246217.4220573609,,1423.47998046875,20260806,,,,,,
NANR,State Street SPDR S&P North American Natural Resources ETF,NYSE/AMEX,SPDR,,1091823379819.336,0.35,116369.48840332033,2,165.0,1014.9412260742188,0.8722,2011.3772124023435,1.73,22.98,18.48,41.03,19.26,-13.07,2026-06-01,3241639.5364413927,Alternative S&P BMI North American Natural Resources Index,1423.47998046875,20260806,116610.1988680176,0.45,17.32246,18.386221,,-0.21
NBCM,Neuberger Commodity Strategy ETF,NYSE/AMEX,Neuberger Berman,,652018377330.9219,0.65,40554.80313397106,1,,2723.117202636719,6.7147,2723.117202636719,6.71,75.18,25.76,28.18,19.59,-14.78,2025-12-19,1535235.4738039572,,1423.47998046875,20260806,,,,,,
NBCR,Neuberger Core Equity ETF,NYSE/AMEX,Neuberger Berman,,1198074726970.125,0.29,49465.92932128906,1,,203.55763720703123,0.4115,203.55763720703123,0.41,13.49,10.02,18.44,12.21,-10.35,2025-12-18,2588015.145850071,,1423.47998046875,20260806,,,,,,
NBDS,Neuberger Disrupters ETF,NYSE/AMEX,Neuberger Berman,,203256428843.1641,0.4,58747.019445562735,1,,192.16979736328128,0.3271,192.16979736328128,0.33,,16.15,20.05,27.92,-24.25,2025-12-19,684768.1272658998,,1423.47998046875,20260806,,,,,,
NBET,Neuberger Energy Transition & Infrastructure ETF,NYSE/AMEX,Neuberger Berman,,67383869697.041016,0.65,56996.1397212036,4,92.0,425.6205141601562,0.7468,1383.622541015625,2.43,-22.55,21.09,23.32,15.16,-8.58,2026-06-23,185723.7916158851,,1423.47998046875,20260806,,,,,,
NBFR,Innovator Nasdaq-100 Managed 10 Buffer ETF,NYSE/AMEX,,,20654694516.601562,0.79,37807.62752102967,1,,8.5408798828125,0.0226,8.5408798828125,0.02,,5.02,,16.76,-8.49,2026-03-31,322443.61989894666,,1423.47998046875,20260806,,,,,,
NBJP,Neuberger Japan Equity ETF,NYSE/AMEX,Neuberger Berman,,177041507644.45312,0.5,52148.76314388402,1,,1003.5533862304688,1.9244,1003.5533862304688,1.92,287.36,18.34,26.55,22.26,-14.34,2025-12-19,551091.9260316523,,1423.47998046875,20260806,,,,,,
NBOS,Neuberger Option Strategy ETF,NYSE/AMEX,Neuberger Berman,,696057841536.9062,0.57,40498.006530364975,12,30.0,264.7672763671875,0.6538,3227.029115722656,7.97,8.78,3.98,8.27,8.3,-5.42,2026-07-28,1635418.8732869274,,1423.47998046875,20260806,,,,,,
NBSD,Neuberger Short Duration Income ETF,NYSE/AMEX,Neuberger Berman,,1719526646497.0,0.35,71971.14976735227,12,30.0,293.2368759765625,0.4074,3414.9284731445314,4.74,-12.22,-1.2,-0.98,1.98,-1.93,2026-07-28,7977550.449129264,,1423.47998046875,20260806,71843.0346142578,0.26,5.9472498,3.1202400000000003,,0.18
NBSM,Neuberger Small-Mid Cap ETF,NYSE/AMEX,Neuberger Berman,,164252132187.61328,0.65,41722.197467318736,1,,143.77147802734376,0.3446,143.77147802734376,0.34,71.19,15.48,15.42,15.37,-10.12,2025-12-19,1097211.0069135386,,1423.47998046875,20260806,,,,,,
NCLO,Nuveen AA-BBB CLO ETF,NYSE/AMEX,Nuveen,,216610948627.9297,0.26,35601.09073848464,12,30.0,167.9706376953125,0.4718,2044.1172519531249,5.74,48.65,0.02,-0.02,4.24,-3.53,2026-08-03,1275777.4432032611,,1423.47998046875,20260806,,,,,,
NDIA,Global X India Active ETF,NYSE/AMEX,Global X Funds,,84342264993.63867,0.75,39416.161419400014,1,,465.4779536132813,1.1809,465.4779536132813,1.18,-68.89,-7.55,-4.07,16.34,-18.0,2025-12-30,222333.3903996973,,1423.47998046875,20260806,,,,,,
NDIV,Amplify Energy & Natural Resources Covered Call ETF,NYSE/AMEX,Amplify ETFs,,38280906905.15625,0.59,47444.59035549313,12,31.0,469.74839355468754,0.9901,3718.129708984375,7.84,68.41,21.55,20.57,19.65,-14.27,2026-07-30,494956.8917749413,,1423.47998046875,20260806,,,,,,
NDOW,Anydrus Advantage ETF,NYSE/AMEX,Anydrus,,98651786109.46094,2.11,41539.56539417151,1,,486.83015332031255,1.172,486.83015332031255,1.17,1.48,5.12,11.81,9.84,-7.17,2025-12-16,197553.4895787106,,1423.47998046875,20260806,,,,,,
NEAR,iShares Short Duration Bond Active ETF,NYSE/AMEX,iShares,,6938352977312.877,0.25,71804.74296803027,12,30.0,261.92031640625,0.3648,3185.7481962890624,4.44,-7.18,-1.32,-1.19,1.89,-1.91,2026-08-03,28625275.95204436,Fixed Income,1423.47998046875,20260806,71788.44415700683,0.23,5.44763,3.95299,2013-09-25,0.02
NEHI,NEOS Ethereum High Income ETF,NYSE/AMEX,Neos Funds,,107056512979.10156,0.98,38448.19459826965,8,28.0,1051.9517055664062,2.736,11533.034801757813,30.0,,-47.16,,57.04,-58.17,2026-07-22,2079568.1385731555,,1423.47998046875,20260806,,,,,,
NEMD,Neuberger Emerging Markets Debt Hard Currency ETF,NYSE/AMEX,Neuberger Berman,,195911613779.14062,0.6,75060.09871849976,11,30.0,384.33959472656255,0.512,3982.8969853515614,5.31,,0.77,,6.68,-5.29,2026-07-28,440381.997638487,,1423.47998046875,20260806,,,,,,
NETL,Colterpoint Net Lease Real Estate ETF,NYSE/AMEX,Colterpoint,,78135169150.96484,0.6,38298.72985193785,12,30.0,149.46539794921875,0.3903,1779.3499755859375,4.65,4.17,12.69,12.36,14.33,-9.55,2026-07-29,240829.6500454557,,1423.47998046875,20260806,,,,,,
NFLP,Kurv Yield Premium Strategy Netflix (NFLX) ETF,NYSE/AMEX,Kurv Investment Management LLC,,6654986701.128418,0.99,25277.16023613978,12,28.0,355.8699951171875,1.4079,6975.051904296874,27.59,-40.73,-33.26,-51.79,36.02,-57.77,2026-07-29,181978.06173160445,,1423.47998046875,20260806,,,,,,
NFLT,Virtus Newfleet Multi-Sector Bond ETF,NYSE/AMEX,Virtus,,647297525548.0156,0.5,32533.63430199586,12,31.0,132.38363818359375,0.4069,1773.6560556640625,5.45,-3.93,-0.93,-0.15,4.35,-3.09,2026-07-20,1740754.88684348,,1423.47998046875,20260806,,,,,,
NFLW,Roundhill NFLX WeeklyPay ETF,NYSE/AMEX,Roundhill Investments,,10167733871.5708,1.0,23053.25784927979,52,7.0,176.511517578125,0.7657,17987.093033203128,78.02,365.93,-38.59,-63.98,41.49,-68.47,2026-08-03,850354.2252524175,,1423.47998046875,20260806,,,,,,
NFLY,YieldMax NFLX Option Income Strategy ETF,NYSE/AMEX,YieldMax ETFs,,53799326935.271484,1.01,10704.569425974274,44,7.0,64.05659912109375,0.5984,6770.070787109374,63.24,-45.04,-35.45,-55.66,29.63,-59.25,2026-07-30,1961397.0393876536,,1423.47998046875,20260806,,,,,,
NFRA,FlexShares STOXX Global Broad Infrastructure Index Fund,NYSE/AMEX,Flexshares Trust,,4278979910261.875,0.47,93508.40339228512,4,91.0,851.2410283203125,0.9103,5269.722887695312,5.64,105.1,7.97,6.5,11.4,-7.51,2026-06-18,4742159.391269456,,1423.47998046875,20260806,93512.9550529297,0.67,12.94446,6.03482,,-0.0
NHYB,Nuveen High Yield Corporate Bond ETF,NYSE/AMEX,,,2448385566406.25,0.08,35014.75995139405,10,30.0,210.67503710937493,0.6017,1901.76925390625,5.43,,-1.73,,3.85,-3.23,2026-08-03,9134848.764485478,,1423.47998046875,20260806,,,,,,
NHYM,Nuveen High Yield Municipal Income ETF,NYSE/AMEX,Nuveen,,193830394944.97656,0.35,35060.31072431337,12,30.0,143.77147802734376,0.4101,1618.4967377929688,4.62,126.04,-0.93,3.29,4.3,-3.1,2026-08-03,455658.7006187591,,1423.47998046875,20260806,,,,,,
NIHI,NEOS MSCI EAFE High Income ETF,NYSE/AMEX,Neos Funds,,265684999604.5156,0.68,75259.38504694216,11,28.0,604.9789916992187,0.8039,6920.959665039062,9.2,,3.36,,15.04,-11.72,2026-07-22,2806875.3407991007,,1423.47998046875,20260806,,,,,,
NJNK,Columbia U.S. High Yield ETF,NYSE/AMEX,Columbia Threadneedle,,56671345837.78516,0.46,28448.2482784912,12,30.0,146.61843798828124,0.5154,1810.66653515625,6.36,12.87,-1.48,-0.97,4.45,-3.64,2026-08-03,446078.5153185172,,1423.47998046875,20260806,,,,,,
NLR,VanEck Uranium and Nuclear ETF,NYSE/AMEX,VanEck,,5426066267602.0,0.52,164347.88375148922,1,,4506.737618164062,2.7422,4506.737618164062,2.74,415.64,-13.22,-4.22,43.95,-37.52,2025-12-22,77767750.10128553,,1423.47998046875,20260806,161892.37817871093,1.16,26.44417,19.67976,2007-08-13,1.52
NLSI,NEOS Long/Short Equity Income ETF,NYSE/AMEX,Neos Funds,,4530555285.197266,2.89,76495.964860145,8,28.0,337.36475537109374,0.441,2506.7482456054686,3.28,,5.75,,18.92,-14.96,2026-07-29,168699.85039338833,,1423.47998046875,20260806,,,,,,
NMBL,NovaTide Flexible Allocation ETF,NYSE/AMEX,Tidal Investments LLC.,,31217724508.3086,1.99,29799.700098098256,1,,260.4968364257812,0.8742,260.4968364257812,0.87,,5.11,,13.21,-8.05,2025-12-23,132877.3089753201,,1423.47998046875,20260806,,,,,,
NOBL,ProShares S&P 500 Dividend Aristocrats ETF,NYSE/AMEX,ProShares,,16621193979504.0,0.35,82875.00620053709,4,91.0,432.7379140625,0.5222,1658.3541772460935,2.0,9.75,11.47,13.39,11.93,-9.11,2026-06-24,72984342.72965603,,1423.47998046875,20260806,82977.21032548828,0.59,9.3185596,6.977600000000001,2013-10-09,-0.12
NODE,VanEck Onchain Economy ETF,NYSE/AMEX,VanEck,,89684978240.8125,0.67,54355.29721135646,1,,555.1571923828125,1.0213,555.1571923828125,1.02,,3.82,22.0,50.82,-36.04,2025-12-22,1119211.9677680577,,1423.47998046875,20260806,,,,,,
NORW,Global X MSCI Norway ETF,NYSE/AMEX,Global X Funds,,124871706569.86328,0.5,49928.56140097045,2,181.0,2996.425358886718,6.0014,3608.5217504882817,7.23,110.02,15.34,21.87,18.2,-19.29,2026-06-29,2421120.749935044,,1423.47998046875,20260806,,,,,,
NOVZ,TrueShares Structured Outcome (November) ETF,NYSE/AMEX,TrueShares,,49439071101.01758,0.79,68498.56648873538,1,,2237.710529296875,3.2668,2237.710529296875,3.27,33.22,9.77,12.83,10.42,-9.13,2025-12-24,115067.63098515362,,1423.47998046875,20260806,,,,,,
NSCI,Nuveen Securitized Income ETF,NYSE/AMEX,Nuveen,,295001581190.1094,0.38,35814.75609138794,10,30.0,142.347998046875,0.3975,1379.3521010742188,3.85,,-0.02,,1.89,-1.63,2026-08-03,1035398.1062729337,,1423.47998046875,20260806,,,,,,
NTRL,First Trust Equity Market Neutral ETF,NYSE/AMEX,,,2021341572.265625,0.39,30882.39774185792,2,78.0,189.32283740234377,0.613,885.4045478515625,2.87,74.72,5.32,4.73,6.71,-2.84,2025-12-12,294780.540796014,,1423.47998046875,20260806,,,,,,
NTSD,WisdomTree Efficient U.S. Plus International Equity Fund,NYSE/AMEX,WisdomTree,,62590067412.0957,0.35,68717.6402662471,1,,92.52619873046876,0.1346,92.52619873046876,0.13,,23.75,,23.18,-5.57,2026-06-25,563395.1987161539,,1423.47998046875,20260806,,,,,,
NTSE,WisdomTree Emerging Markets Efficient Core Fund,NYSE/AMEX,WisdomTree,,78047061434.09375,0.32,64099.30178286135,4,91.0,298.9307958984375,0.4664,1755.1508159179689,2.74,13.43,16.05,33.15,25.44,-15.2,2026-06-25,232441.3926214089,,1423.47998046875,20260806,,,,,,
NTSI,WisdomTree International Efficient Core Fund,NYSE/AMEX,WisdomTree,,700958211227.1094,0.26,68768.31981129758,4,91.0,768.6791894531251,1.1178,2350.1654477539064,3.42,52.03,8.63,17.74,15.69,-12.33,2026-06-25,1020836.0810937464,,1423.47998046875,20260806,,,,,,
NTSX,WisdomTree U.S. Efficient Core Fund,NYSE/AMEX,WisdomTree,,1927287854249.875,0.2,85871.43090780638,4,91.0,227.756796875,0.2652,915.2976274414062,1.07,9.17,10.02,17.66,13.4,-9.41,2026-06-25,3148018.960728877,,1423.47998046875,20260806,85549.7233461914,1.06,18.968281,8.61341,,0.38
NUAG,Nuveen Enhanced Yield U.S. Aggregate Bond ETF,NYSE/AMEX,Nuveen,,137235267919.26562,0.16,29466.036681732163,12,30.0,119.572318359375,0.4058,1342.341621582031,4.56,-2.38,-2.2,-1.71,3.8,-4.21,2026-08-03,442077.75048679183,,1423.47998046875,20260806,,,,,,
NUBD,Nuveen ESG U.S. Aggregate Bond ETF,NYSE/AMEX,Nuveen,,659319531416.9844,0.12,31104.460814296268,12,30.0,111.0314384765625,0.357,1266.8971826171874,4.07,8.01,-2.25,-1.75,3.97,-4.14,2026-08-03,1688250.2337801124,,1423.47998046875,20260806,,,,,,
NUDG,Nuveen Dividend Growth Fund: ETF Class Shares,NYSE/AMEX,,,23174254082.031254,0.61,92893.4611701928,1,,230.6037568359375,0.2482,230.6037568359375,0.25,,4.1,,10.34,-2.28,2026-06-30,343596.943576728,,1423.47998046875,20260806,,,,,,
NUDM,Nuveen ESG International Developed Markets Equity ETF,NYSE/AMEX,Nuveen,,1007684803423.0624,0.27,58761.25185610354,1,,3846.242907226562,6.5455,3846.242907226562,6.55,170.2,12.88,16.31,17.5,-12.5,2025-12-18,2042114.9635012804,,1423.47998046875,20260806,,,,,,
NUDV,Nuveen ESG Dividend ETF,NYSE/AMEX,Nuveen,,71436841754.8711,0.26,48199.17419127002,4,91.0,250.5324765625,0.5198,1077.5743452148436,2.24,-70.9,13.02,20.33,10.5,-7.0,2026-06-29,205002.1244142388,,1423.47998046875,20260806,,,,,,
NUEM,Nuveen ESG Emerging Markets Equity ETF,NYSE/AMEX,Nuveen,,530719616899.875,0.36,58853.78153012693,1,,1813.513495117188,3.0814,1813.513495117188,3.08,124.69,13.55,22.26,22.68,-12.91,2025-12-18,964154.1831337372,,1423.47998046875,20260806,,,,,,
NUGT,Direxion Daily Gold Miners Index Bull 2X ETF,NYSE/AMEX,Direxion Funds,,1206160366567.3438,1.13,201137.72558435053,3,91.0,284.69599609375,0.1415,1020.635145996094,0.51,43.69,-23.16,59.03,97.03,-67.51,2026-06-23,142498884.5689733,,1423.47998046875,20260806,199658.7255405273,0.64,64.10382999999999,20.2387,2010-12-08,0.74
NUHY,Nuveen ESG High Yield Corporate Bond ETF,NYSE/AMEX,Nuveen,,157590371145.2578,0.3,30213.504312238656,12,30.0,176.511517578125,0.5842,2041.270291992188,6.76,2.14,-1.74,-1.48,4.34,-4.04,2026-08-03,507438.3961858408,,1423.47998046875,20260806,,,,,,
NUKX,Nicholas Nuclear Income ETF,NYSE/AMEX,,,11530187841.796875,1.07,52241.71636923216,21,7.0,115.30187841796877,0.2207,3507.4546718750007,6.71,,-22.93,,49.05,-33.82,2026-08-04,223261.55177860084,,1423.47998046875,20260806,,,,,,
NUKZ,Range Nuclear Renaissance Index ETF,NYSE/AMEX,Exchange Traded Concepts,,1083674856570.5,0.85,95059.99135805666,1,,822.7714287109375,0.8655,822.7714287109375,0.87,1462.16,1.09,8.74,31.11,-20.29,2025-12-30,10262461.928201986,,1423.47998046875,20260806,93921.20911132812,0.0,,,,1.21
NULC,Nuveen ESG Large-Cap ETF,NYSE/AMEX,Nuveen,,100293536816.21484,0.21,79651.81863016821,1,,6926.653584960937,8.6962,6926.653584960937,8.7,298.85,16.77,11.47,16.15,-15.79,2025-12-18,244521.57333582235,,1423.47998046875,20260806,,,,,,
NULG,Nuveen ESG Large-Cap Growth ETF,NYSE/AMEX,Nuveen,,3796431766928.25,0.26,165237.5587392822,1,,158.00627783203126,0.0956,158.00627783203126,0.1,-18.38,18.41,18.82,18.99,-14.6,2025-12-18,9403653.39076239,,1423.47998046875,20260806,164625.45974121094,1.24,23.068279,12.74865,,0.37
NULV,Nuveen ESG Large-Cap Value ETF,NYSE/AMEX,Nuveen,,3131323978724.125,0.26,75608.14155186154,1,,1049.104745605469,1.3876,1049.104745605469,1.39,-10.45,17.28,26.74,11.07,-7.28,2025-12-18,4417083.469868436,,1423.47998046875,20260806,75586.78696289063,0.82,16.97969,9.415379,,0.03
NUMG,Nuveen ESG Mid-Cap Growth ETF,NYSE/AMEX,Nuveen,,497836181669.78125,0.31,67807.46648036502,1,,8.5408798828125,0.0126,8.5408798828125,0.01,-77.78,0.12,-1.34,18.87,-19.56,2025-12-18,1144410.2276464668,,1423.47998046875,20260806,,,,,,
NUMI,Nuveen Municipal Income ETF,NYSE/AMEX,Nuveen,,117993690448.875,0.3,35309.42134993896,12,30.0,105.33751855468748,0.2983,1275.4380625,3.61,98.23,-1.31,2.08,3.46,-3.36,2026-08-03,129721.62704449536,,1423.47998046875,20260806,,,,,,
NUMV,Nuveen ESG Mid-Cap Value ETF,NYSE/AMEX,Nuveen,,631582898731.3125,0.31,64554.81494219974,1,,854.08798828125,1.323,854.08798828125,1.32,-4.61,14.9,23.25,12.77,-8.71,2025-12-18,1121631.679854374,,1423.47998046875,20260806,,,,,,
NURE,Nuveen Short-Term REIT ETF,NYSE/AMEX,Nuveen,,50866217965.916016,0.36,46177.68861155398,4,91.0,427.043994140625,0.9248,1871.8761743164064,4.05,5.37,15.09,14.05,16.09,-10.4,2026-06-29,136589.62637768325,,1423.47998046875,20260806,,,,,,
NUSA,Nuveen ESG 1-5 Year U.S. Aggregate Bond ETF,NYSE/AMEX,Nuveen,,49184017652.03711,0.14,32776.19617252331,12,30.0,111.0314384765625,0.3388,1279.708502441406,3.9,-2.6,-1.56,-1.41,2.13,-2.29,2026-08-03,137907.22038535008,,1423.47998046875,20260806,,,,,,
NUSC,Nuveen ESG Small-Cap ETF,NYSE/AMEX,Nuveen,,1834050234388.6875,0.31,75317.03689841554,1,,664.7651508789063,0.8826,664.7651508789063,0.88,-2.71,17.29,29.11,17.29,-10.1,2025-12-18,4428085.0352706,,1423.47998046875,20260806,74419.53337890626,1.14,12.71023,5.7104997,,1.21
NVDB,ProShares Ultra NVDA,NYSE/AMEX,,,12469684628.90625,0.95,47743.51984815672,3,91.0,207.8280771484375,0.4353,639.1425112304687,1.34,,16.75,,74.53,-43.56,2026-06-24,842898.5626480036,,1423.47998046875,20260806,,,,,,
NVDQ,T-Rex 2X Inverse NVIDIA Daily Target ETF,NYSE/AMEX,Rex,,26640268404.714844,1.05,13423.559191543143,1,,62.633119140625,0.4666,62.633119140625,0.47,-98.55,-42.46,-54.22,72.83,-61.27,2025-12-24,41094466.88221193,,1423.47998046875,20260806,13423.416215820313,0.0,,,2023-10-18,0.0
NVDW,Roundhill NVDA WeeklyPay ETF,NYSE/AMEX,,,2690377163.0859375,1.0,53984.19565898366,52,7.0,471.1718735351563,0.8728,30658.91181933594,56.79,136.24,-10.49,-27.46,43.63,-40.32,2026-08-03,5554520.824012908,,1423.47998046875,20260806,,,,,,
NVDX,T-Rex 2X Long NVIDIA Daily Target ETF,NYSE/AMEX,Rex,,593179458669.4375,1.05,28142.19986548461,1,,815.6540288085937,2.8983,815.6540288085937,2.9,-73.57,12.78,7.86,73.29,-45.52,2025-12-24,202167778.89070347,,1423.47998046875,20260806,28184.90361328125,0.0,,,2023-10-18,-0.15
NVDY,YieldMax NVDA Option Income Strategy ETF,NYSE/AMEX,YieldMax ETFs,,1933267107886.875,1.09,18177.98118597828,45,7.0,169.39411767578125,0.9319,10893.892290527345,59.93,-45.5,-12.65,-27.52,31.24,-35.52,2026-07-30,74229510.34616272,,1423.47998046875,20260806,18299.262192919923,1.36,53.19859,,2023-05-10,-0.66
NVII,REX NVDA Growth & Income ETF,NYSE/AMEX,Rex,,153491728155.73438,1.49,35345.00780643616,52,7.0,338.7882353515625,0.9585,19416.26693359375,54.93,648.22,-12.79,-23.01,37.83,-35.2,2026-08-04,3029875.930061682,,1423.47998046875,20260806,35279.5278359375,0.0,,,,0.19
NVIT,YieldMax NVDA Performance & Distribution Target 25 ETF,NYSE/AMEX,YieldMax ETFs,,15397280460.297363,1.08,73238.04608114623,36,7.0,328.82387548828126,0.449,12123.778993652346,16.55,,3.07,,29.49,-18.33,2026-08-04,243534.38118068333,,1423.47998046875,20260806,,,,,,
NVOH,Novo Nordisk A/S B Shares ADRhedged,NYSE/AMEX,ADRH,,5798559935.239258,0.19,34732.91098042298,4,91.0,1091.8091450195311,3.1434,2414.222046875,6.95,,-13.63,-1.05,44.77,-41.69,2026-06-16,115707.8649255973,,1423.47998046875,20260806,,,,,,
NVTX,Tradr 2X Long NVTS Daily ETF,NYSE/AMEX,AXS,,30096793809.84864,2.81,31501.610773141496,1,,5003.532131347656,15.8834,5003.532131347656,15.88,,-20.51,,262.76,-93.29,2025-12-17,13483542.916812755,,1423.47998046875,20260806,28080.98957470704,0.0,,,2025-09-08,12.18
NXTE,AXS Green Alpha ETF,NYSE/AMEX,AXS,,70677432267.05078,1.0,66640.35994471237,4,91.0,166.54715771484376,0.2499,358.716955078125,0.54,140.0,17.25,38.62,30.55,-21.5,2026-06-25,150524.81898449903,,1423.47998046875,20260806,,,,,,
NXTI,Simplify Next Intangible Core Index ETF,NYSE/AMEX,Simplify Asset Management,,56565712235.39453,0.25,50448.12855296023,4,91.0,71.1739990234375,0.1411,274.7316362304688,0.54,-82.42,9.67,14.58,15.3,-13.25,2026-06-25,145759.05213764083,,1423.47998046875,20260806,,,,,,
NXUS,Nuveen International Aggregate Bond ETF,NYSE/AMEX,,,5494632724609.375,0.08,35273.83489344176,10,30.0,99.64359863281253,0.2825,790.0313891601563,2.24,,-0.97,,3.76,-3.24,2026-08-03,20770552.00791425,,1423.47998046875,20260806,,,,,,
NYF,iShares New York Muni Bond ETF,NYSE/AMEX,iShares,,1994355824458.2668,0.09,75408.84979327396,12,30.0,200.71067724609367,0.2662,2381.482007324219,3.16,9.06,-1.2,1.76,2.92,-3.19,2026-08-03,7375806.451095764,Fixed Income,1423.47998046875,20260806,75277.69251993165,0.95,3.07781,0.57672,,0.17
NYM,AB New York Intermediate Municipal ETF,NYSE/AMEX,AllianceBernstein,,1841399490710.25,0.27,35386.2877701642,9,30.0,88.2557587890625,0.2494,794.3018291015626,2.24,,-0.52,,2.18,-2.27,2026-08-03,2142812.551831684,,1423.47998046875,20260806,,,,,,
NYSX,Global X NYSE 100 ETF,NYSE/AMEX,Global X Funds,,39372095412.9043,0.09,179372.7153797485,1,,83.98531884765625,0.0468,83.98531884765625,0.05,,30.47,,27.83,-13.49,2026-07-06,524792.7165691669,,1423.47998046875,20260806,,,,,,
OACP,OneAscent Core Plus Bond ETF,NYSE/AMEX,OneAscent Investment ETF,,377574944551.2188,0.67,31969.93636005372,11,30.5,113.8783984375,0.3562,1285.402422363281,4.02,-12.07,-2.5,-1.84,3.61,-4.37,2026-06-29,959965.8175579542,,1423.47998046875,20260806,,,,,,
OAEM,OneAscent Emerging Markets ETF,NYSE/AMEX,OneAscent Investment ETF,,178872057347.97656,1.25,67914.22856492922,1,,402.8448344726562,0.5932,402.8448344726562,0.59,6.39,27.64,45.01,27.57,-15.1,2025-12-30,679232.2001093222,,1423.47998046875,20260806,,,,,,
OAIM,OneAscent International Equity ETF,NYSE/AMEX,OneAscent Investment ETF,,522125350823.875,0.89,67344.83983082883,1,,579.3563520507812,0.8603,579.3563520507812,0.86,-47.14,13.41,21.93,18.33,-10.88,2025-12-30,1241012.4447022548,,1423.47998046875,20260806,,,,,,
OAKG,Oakmark Global Large Cap ETF,NYSE/AMEX,,,52811107275.390625,0.62,38569.18909337465,1,,14.2347998046875,0.0369,14.2347998046875,0.04,,4.99,,14.97,-11.52,2025-12-30,245150.6984628277,,1423.47998046875,20260806,,,,,,
OAKI,Oakmark International Large Cap ETF,NYSE/AMEX,,,121636364331.05469,0.65,39159.22323948424,1,,14.2347998046875,0.0364,14.2347998046875,0.04,,6.56,,17.91,-13.94,2025-12-30,588950.6761599581,,1423.47998046875,20260806,,,,,,
OAKM,Oakmark U.S. Large Cap ETF,NYSE/AMEX,Oakmark,,1614058486643.625,0.59,43359.19890184328,1,,270.4611962890625,0.6238,270.4611962890625,0.62,1800.0,7.07,19.12,13.3,-7.19,2025-12-10,7104629.5032631615,,1423.47998046875,20260806,43420.52372263672,0.0,,,,-0.14
OALC,OneAscent Large Cap Core ETF,NYSE/AMEX,OneAscent Investment ETF,,354299361470.2578,0.49,60042.38601058349,1,,306.04819580078123,0.5097,306.04819580078123,0.51,3.86,18.48,26.63,14.31,-8.42,2025-12-30,835353.4268204586,,1423.47998046875,20260806,,,,,,
OARK,YieldMax Innovation Option Income Strategy ETF,NYSE/AMEX,YieldMax ETFs,,43859564806.052734,1.0,40284.48236123659,45,7.0,301.77775585937496,0.7491,27041.849188964843,67.13,-14.95,-22.72,-36.55,30.31,-42.11,2026-07-30,1082487.775708309,,1423.47998046875,20260806,,,,,,
OASC,OneAscent Enhanced Small and Mid Cap ETF,NYSE/AMEX,OneAscent Investment ETF,,126983194282.33205,0.69,49904.35924386233,1,,223.48635693359373,0.4478,223.48635693359373,0.45,25.6,18.54,33.83,18.59,-7.67,2025-12-30,459897.38911468384,,1423.47998046875,20260806,,,,,,
OBND,State Street Loomis Sayles Opportunistic Bond ETF,NYSE/AMEX,SPDR,,81451524482.42188,0.55,36197.81482346728,12,30.0,203.55763720703123,0.5623,2321.695848144532,6.41,0.8,-2.42,-2.4,3.94,-4.18,2026-08-03,209293.9459944037,Fixed Income Bloomberg U.S. Aggregate Bond Index,1423.47998046875,20260806,,,,,,
OCIO,ClearShares OCIO ETF,NYSE/AMEX,ClearShares,,236544132387.7109,0.65,53871.601598486304,4,91.0,233.450716796875,0.4333,5194.278448730469,9.64,568.32,8.25,5.66,14.15,-12.47,2026-06-29,174618.97226128445,,1423.47998046875,20260806,,,,,,
OCTZ,TrueShares Structured Outcome (October) ETF,NYSE/AMEX,TrueShares,,60980965642.17383,0.79,66547.68908691406,1,,2418.492486816406,3.6342,2418.492486816406,3.63,243.23,9.79,12.37,11.1,-9.49,2025-12-24,503886.9665183869,,1423.47998046875,20260806,,,,,,
OEF,iShares S&P 100 Fund,NYSE/AMEX,iShares,,29041669370208.96,0.2,543199.9692351073,4,91.0,1040.563865722656,0.1916,4583.605537109374,0.84,14.55,11.47,21.46,13.84,-11.53,2026-06-15,244578044.97231376,Equity,1423.47998046875,20260806,542328.1075284375,1.05,23.44323,14.7424,2000-10-23,0.16
OEFA,ALPS O'Shares International Developed Quality Dividend ETF,NYSE/AMEX,ALPS,,51924825863.87109,0.48,51515.738538311794,4,91.0,257.6498764648437,0.5001,744.4800297851561,1.45,-60.5,7.28,14.41,16.39,-14.12,2026-06-18,147024.34386573275,,1423.47998046875,20260806,,,,,,
OEI,Optimized Equity Income ETF,NYSE/AMEX,,,66405341088.86719,0.75,36899.44931350462,9,28.0,284.69599609375,0.7715,2469.7377661132814,6.69,,1.25,,10.46,-7.89,2026-07-23,316217.0219247111,,1423.47998046875,20260806,,,,,,
OGIG,ALPS O'Shares Global Internet Giants ETF,NYSE/AMEX,ALPS,,148043090916.2539,0.48,68853.72513483278,1,,55.51571923828125,0.0806,55.51571923828125,0.08,,-6.85,-11.93,24.25,-33.28,2025-12-18,551413.3520743381,,1423.47998046875,20260806,,,,,,
OIH,VanEck Oil Services ETF,NYSE/AMEX,VanEck,,2714490048479.25,0.35,562772.8189665526,1,,6930.924024902343,1.2316,6930.924024902343,1.23,-10.48,33.57,65.45,29.53,-20.78,2025-12-22,155547438.10134,,1423.47998046875,20260806,548210.610078125,0.65,5.84123,17.858999999999998,2011-12-20,2.66
OILK,ProShares K-1 Free Crude Oil ETF,NYSE/AMEX,ProShares,,289341346498.4922,0.69,69380.41663731076,11,30.5,1871.876174316406,2.698,8152.269848144531,11.75,174.94,30.64,21.55,30.93,-23.62,2026-08-03,7986739.921817551,,1423.47998046875,20260806,70075.35717451172,1.34,9.519,14.862239999999998,,-0.99
OILT,Texas Capital Texas Oil Index ETF,NYSE/AMEX,Texas Capital Funds Trust,,19314885265.904785,0.35,40855.86938876659,4,92.0,288.9664360351563,0.7073,1106.043944824219,2.71,23.53,22.03,29.32,28.22,-21.29,2026-06-26,133504.8967900979,,1423.47998046875,20260806,,,,,,
OMAH,VistaShares Target 15 Berkshire Select Income ETF,NYSE/AMEX,VistaShares Advisors LLC,,1409270233911.7188,0.98,26576.371343954463,12,28.0,331.6708354492188,1.248,4017.060504882813,15.12,132.65,-0.59,-1.79,9.48,-9.15,2026-07-27,12956249.20802633,,1423.47998046875,20260806,26601.28213500977,0.0,,,2025-03-04,-0.09
OMFL,Invesco Russell 1000 Dynamic Multifactor ETF,NYSE/AMEX,Invesco,,6738123250109.0,0.29,100924.73278729244,4,91.0,210.67503710937493,0.2087,794.3018291015626,0.79,36.43,14.97,21.24,12.57,-7.8,2026-06-22,13289164.310010782,,1423.47998046875,20260806,100853.55661621092,0.95,13.56108,9.82948,2017-11-08,0.07
OMFS,Invesco Russell 2000 Dynamic Multifactor ETF,NYSE/AMEX,Invesco,,399558850510.0625,0.39,76483.57869896851,4,91.0,264.7672763671875,0.3462,814.230548828125,1.06,9.58,20.07,32.41,17.57,-9.38,2026-06-22,635477.3027255298,,1423.47998046875,20260806,,,,,,
ONEO,State Street SPDR Russell 1000 Momentum Focus ETF,NYSE/AMEX,SPDR,,42405468618.16406,0.2,222314.8356899023,4,91.0,657.6477509765625,0.2958,2570.8048447265624,1.16,7.31,19.31,25.31,13.22,-7.72,2026-06-22,392617.2813207619,Equity Russell 1000 Momentum Focused Factor Index,1423.47998046875,20260806,,,,,,
ONEV,State Street SPDR Russell 1000 Low Volatility Focus ETF,NYSE/AMEX,SPDR,,436709423208.0078,0.2,213351.1864232421,4,91.0,1084.6917451171876,0.5084,3790.727187988281,1.78,8.08,11.9,15.37,11.53,-7.75,2026-06-22,2073275.251355175,Equity Russell 1000 Low Volatility Focused Factor Index,1423.47998046875,20260806,,,,,,
ONEY,State Street SPDR Russell 1000 Yield Focus ETF,NYSE/AMEX,SPDR,,964834730761.7188,0.2,189828.1667136476,4,91.0,1385.0460209960936,0.7296,5229.865448242187,2.76,5.79,16.02,20.86,12.46,-7.61,2026-06-22,3392653.2836863603,Equity Russell 1000 Yield Focused Factor Index,1423.47998046875,20260806,190009.08286612792,0.72,14.141699999999998,10.2730796,,-0.1
ONEZ,TrueShares Seasonality Laddered Buffered ETF,NYSE/AMEX,TrueShares,,482556205924.2344,0.96,40241.779699468985,1,,1466.1843798828124,3.6434,1466.1843798828124,3.64,,8.81,10.04,10.1,-9.63,2025-12-24,1302641.9801975873,,1423.47998046875,20260806,,,,,,
ONLN,ProShares Online Retail ETF,NYSE/AMEX,ProShares,,92259854238.2832,0.58,85451.5014898926,3,91.0,66.90355908203125,0.0783,237.7211567382812,0.28,-55.11,0.52,11.15,25.3,-19.85,2026-06-24,624807.4910615716,,1423.47998046875,20260806,,,,,,
ONOF,Global X Adaptive U.S. Risk Management ETF,NYSE/AMEX,Global X Funds,,195451613376.4922,0.39,58518.12253540382,2,181.0,233.450716796875,0.3989,701.7756303710937,1.2,23.87,9.19,17.15,12.29,-7.1,2026-06-29,369036.9148152568,,1423.47998046875,20260806,,,,,,
OOSP,Obra Opportunistic Structured Products ETF,NYSE/AMEX,"Obra Fund Management, LLC",,214166275497.3125,0.64,14398.499676632697,12,31.0,72.59747900390624,0.5042,922.4150273437502,6.41,-10.74,-0.34,-0.2,4.2,-2.14,2026-07-30,554071.9354280494,,1423.47998046875,20260806,,,,,,
OPER,ETF ClearShares Ultra-Short Maturity ETF,NYSE/AMEX,ClearShares,,149560167552.39844,0.2,142490.3438728638,12,31.0,498.2179931640625,0.3497,5666.873802246094,3.98,-14.09,0.05,-0.12,1.16,-0.49,2026-07-30,1112747.9732639876,,1423.47998046875,20260806,,,,,,
OPPE,WisdomTree European Opportunities Fund,NYSE/AMEX,WisdomTree,,411655788365.2031,0.58,85650.787818335,4,91.0,1679.7063769531248,1.9611,2169.383490234375,2.53,-11.81,15.89,28.02,14.43,-8.83,2026-06-25,1771926.4251902304,,1423.47998046875,20260806,,,,,,
OSCV,Opus Small Cap Value ETF,NYSE/AMEX,APTUS ETFs,,1005005016951.0312,0.79,61359.103906488046,4,91.0,166.54715771484376,0.2714,634.8720712890625,1.03,2.29,15.75,17.64,12.96,-7.55,2026-06-29,1905035.3415500748,,1423.47998046875,20260806,,,,,,
OSEA,Harbor International Compounders ETF,NYSE/AMEX,Harbor Capital Advisors Inc,,685898385201.4219,0.55,43807.59585591126,1,,535.22847265625,1.2218,535.22847265625,1.22,182.71,1.47,7.92,15.68,-11.08,2025-12-19,2235578.305688258,,1423.47998046875,20260806,,,,,,
OUSA,ALPS O'Shares U.S. Quality Dividend ETF,NYSE/AMEX,ALPS,,1064690507626.5,0.48,88739.74219962768,12,28.0,106.76099853515623,0.1203,1175.7944638671877,1.32,3.25,8.53,14.62,10.26,-8.56,2026-07-16,1516914.0387082498,,1423.47998046875,20260806,,,,,,
OUSM,ALPS O'Shares U.S. Small-Cap Quality Dividend ETF,NYSE/AMEX,ALPS,,1227115905036.9375,0.48,71230.79834211618,12,28.0,32.74003955078125,0.046,1338.0711816406251,1.88,11.51,13.85,15.09,13.18,-9.57,2026-07-16,3324578.860890362,,1423.47998046875,20260806,70704.25062988281,0.77,12.59263,8.66257,,0.74
OVB,Overlay Shares Core Bond ETF,NYSE/AMEX,Overlay Shares,,67429347035.45703,0.79,28780.63018059265,9,31.0,145.1949580078125,0.5045,1888.957934082032,6.56,9.85,-1.47,-1.28,6.64,-4.74,2026-07-29,269981.6017913742,,1423.47998046875,20260806,,,,,,
OVF,Overlay Shares Foreign Equity ETF,NYSE/AMEX,Overlay Shares,,72956583145.53906,0.83,45672.353870105,9,31.0,385.7630747070313,0.8446,4367.2365800781245,9.56,129.47,8.29,17.1,18.96,-12.42,2026-07-29,262184.0908349937,,1423.47998046875,20260806,,,,,,
OVL,Overlay Shares Large Cap Equity ETF,NYSE/AMEX,Overlay Shares,,496870219542.875,0.79,82419.4930411987,9,31.0,694.6582304687499,0.8428,5904.594958984375,7.16,171.29,8.47,17.25,15.55,-10.8,2026-07-29,2733482.7752632354,,1423.47998046875,20260806,,,,,,
OVLH,Overlay Shares Hedged Large Cap Equity ETF,NYSE/AMEX,Overlay Shares,,159775492630.15625,0.8,60796.82866258547,1,,169.39411767578125,0.2786,169.39411767578125,0.28,8.18,8.32,14.11,9.34,-6.5,2025-12-23,669815.4250461836,,1423.47998046875,20260806,,,,,,
OVM,Overlay Shares Municipal Bond ETF,NYSE/AMEX,Overlay Shares,,62282994310.70898,0.81,30576.349328851327,9,31.0,129.53667822265623,0.4236,1763.6916958007814,5.77,10.04,-0.21,2.41,5.1,-3.81,2026-07-29,219565.4550224244,,1423.47998046875,20260806,,,,,,
OVS,Overlay Shares Small Cap Equity ETF,NYSE/AMEX,Overlay Shares,,50569171857.51172,0.83,60440.95866746828,9,31.0,515.2997529296874,0.8526,4523.819377929687,7.48,126.51,18.02,28.53,19.65,-9.77,2026-07-29,184300.9003761261,,1423.47998046875,20260806,,,,,,
OVT,Overlay Shares Short Term Bond ETF,NYSE/AMEX,Overlay Shares,,86784848455.64453,0.79,30960.689575195312,9,31.0,163.70019775390625,0.5287,2364.400247558593,7.64,19.15,-0.91,-1.67,4.79,-4.2,2026-07-29,229665.098427214,,1423.47998046875,20260806,,,,,,
OWNB,Bitwise Bitcoin Standard Corporations ETF,NYSE/AMEX,Bitwise Investments,,19916460716.970703,0.85,24284.1414401792,1,,266.19075634765625,1.0962,266.19075634765625,1.1,,-25.27,-44.9,59.1,-59.77,2025-12-08,414444.8731241112,,1423.47998046875,20260806,,,,,,
OWNS,Quaker Investment Trust CCM Affordable Housing MBS ETF,NYSE/AMEX,Community Capital Management,,148802750936.55078,0.3,24405.56491675414,4,91.0,234.87419677734377,0.9624,1059.06910546875,4.34,16.61,-1.72,-0.7,4.87,-4.43,2026-06-30,411292.31100416754,,1423.47998046875,20260806,,,,,,
PAAA,PGIM AAA CLO ETF,NYSE/AMEX,PGIM,,15981907981491.5,0.19,73067.08339001052,11,29.0,290.389916015625,0.3974,3224.182155761719,4.41,-15.33,0.08,0.04,1.43,-0.7,2026-06-30,83636269.38698073,,1423.47998046875,20260806,73047.92500892578,0.02,6.431009599999999,,2023-07-19,0.03
PAB,PGIM Active Aggregate Bond ETF,NYSE/AMEX,PGIM,,100161517588.90623,0.19,59273.5643341206,11,29.0,226.3333168945313,0.3818,2530.9474052734377,4.27,1.95,-2.54,-1.87,4.11,-4.5,2026-06-30,735067.9753299728,,1423.47998046875,20260806,,,,,,
PALC,Pacer Lunt Large Cap Multi-Factor Alternator ETF,NYSE/AMEX,Pacer,,299064853549.0781,0.6,82433.7254517395,4,91.0,118.14883837890626,0.1433,869.7462680664063,1.06,46.52,10.05,15.11,14.84,-9.42,2026-06-04,983038.841470498,,1423.47998046875,20260806,,,,,,
PAMC,Pacer Lunt MidCap Multi-Factor Alternator ETF,NYSE/AMEX,Pacer,,76372650402.66797,0.6,78427.62497814186,4,91.0,78.29139892578125,0.0998,858.3584282226562,1.09,46.72,15.9,26.4,19.02,-10.25,2026-06-04,225068.2846295938,,1423.47998046875,20260806,,,,,,
PAPI,Parametric Equity Premium Income ETF,NYSE/AMEX,Eaton Vance ETFs,,624123499222.7812,0.29,39249.18716990575,11,30.5,288.9664360351563,0.7362,2683.259763183594,6.84,-1.67,6.17,9.5,10.43,-8.37,2026-06-30,1776067.6731348229,,1423.47998046875,20260806,,,,,,
PAVE,Global X U.S. Infrastructure Development ETF,NYSE/AMEX,Global X Funds,,20693345573853.0,0.47,84369.65909400024,2,181.0,146.61843798828124,0.1738,613.5198715820312,0.73,73.09,21.33,30.9,20.62,-11.91,2026-06-29,75945438.81049632,,1423.47998046875,20260806,83515.57045410156,1.26,23.21892,18.2193,2017-03-06,1.02
PAWZ,ProShares Pet Care ETF,NYSE/AMEX,ProShares,,46732181570.1582,0.5,74689.99631284177,4,91.0,239.14463671875,0.3202,495.37103320312497,0.66,-26.11,-3.9,-6.05,16.54,-21.36,2026-06-24,248564.33570162707,,1423.47998046875,20260806,,,,,,
PAYH,TrueShares S&P Autocallable High Income ETF,NYSE/AMEX,TrueShares,,37578060817.83984,0.74,35900.16412999574,6,30.0,495.37103320312497,1.3799,2817.066881347656,7.85,,0.9,,22.14,-19.3,2026-06-30,416021.5195893546,,1423.47998046875,20260806,,,,,,
PAYM,TrueShares S&P Autocallable Defensive Income ETF,NYSE/AMEX,TrueShares,,182181636914.72656,0.74,36170.62608650513,6,30.0,294.66035595703124,0.8146,1756.5742958984374,4.86,,1.84,,21.66,-15.12,2026-06-30,1204031.9981826378,,1423.47998046875,20260806,,,,,,
PAYR,Federated Hermes Enhanced Income ETF,NYSE/AMEX,Federated,,81328592751.3086,0.4,78641.572698595,10,30.0,462.63099365234376,0.5883,5192.85496875,6.6,,8.91,,11.6,-7.28,2026-07-31,518420.5330399183,,1423.47998046875,20260806,,,,,,
PBD,Invesco Global Clean Energy ETF,NYSE/AMEX,Invesco,,260067104901.4375,0.75,25807.690851266496,4,91.0,111.0314384765625,0.4302,432.7379140625,1.68,-11.88,8.95,34.7,26.42,-25.47,2026-06-22,1180292.051827807,,1423.47998046875,20260806,,,,,,
PBDC,Putnam BDC Income ETF,NYSE/AMEX,Franklin Templeton Investments,,402951196896.7969,13.49,39152.81566816103,4,91.0,990.74206640625,2.5304,4348.73134033203,11.11,-5.27,-10.58,-17.81,20.34,-23.14,2026-07-07,3623665.755324109,,1423.47998046875,20260806,39633.953096191406,0.28,6.60191,,,-1.21
PBE,Invesco Biotechnology & Genome ETF,NYSE/AMEX,Invesco,,401344737105.7188,0.58,129550.91606334224,4,91.0,1154.4422641601564,0.8911,2202.1235297851563,1.7,843.29,10.52,39.71,18.78,-11.82,2026-06-22,856473.5108956873,,1423.47998046875,20260806,,,,,,
PBFR,PGIM Laddered S&P 500 Buffer 20 ETF,NYSE/AMEX,PGIM,,289739920893.02344,0.5,44184.819896984845,1,,2.8469599609375003,0.0064,2.8469599609375003,0.01,-50.0,6.23,10.98,4.39,-2.82,2025-12-30,926807.5970516736,,1423.47998046875,20260806,,,,,,
PBJ,Invesco Food & Beverage ETF,NYSE/AMEX,Invesco,,153394225470.9922,0.61,67814.58540070802,4,91.0,196.4402373046875,0.2897,869.7462680664063,1.28,-23.24,6.55,-0.52,13.11,-11.77,2026-06-22,819760.4235286637,,1423.47998046875,20260806,,,,,,
PBL,PGIM Portfolio Ballast ETF,NYSE/AMEX,PGIM,,110765122453.97656,0.45,48441.0219977051,1,,973.6603066406252,2.01,973.6603066406252,2.01,-64.71,10.18,13.97,9.79,-7.32,2025-12-30,134226.03074183976,,1423.47998046875,20260806,,,,,,
PBMY,PGIM S&P 500 Buffer 20 ETF - May,NYSE/AMEX,PGIM,,51708354416.28125,0.5,44996.344235215336,1,,32.74003955078125,0.0728,32.74003955078125,0.07,,5.19,8.89,3.8,-1.47,2025-12-30,163935.8096277913,,1423.47998046875,20260806,,,,,,
PBP,Invesco S&P 500 BuyWrite ETF,NYSE/AMEX,Invesco,,506647909935.4375,0.29,33209.787835733034,12,28.0,266.19075634765625,0.8015,3999.9787451171874,12.04,19.17,2.01,5.61,7.93,-6.55,2026-07-20,1056698.4745428,,1423.47998046875,20260806,,,,,,
PBTP,Invesco 0-5 Yr US TIPS ETF,NYSE/AMEX,Invesco,,164824883592.5547,0.07,36547.84741250612,4,91.0,966.5429067382812,2.6446,1756.5742958984374,4.81,84.18,-0.93,-1.82,3.49,-3.32,2026-06-22,616391.3034347899,,1423.47998046875,20260806,,,,,,
PBUS,Invesco MSCI USA ETF,NYSE/AMEX,Invesco,,16075246725370.5,0.04,109978.06633189692,4,91.0,277.57859619140623,0.2524,1091.8091450195311,0.99,6.82,12.61,21.4,13.05,-9.31,2026-06-22,25030547.44982925,,1423.47998046875,20260806,109864.18489257814,1.02,21.489139,12.82056,2017-09-22,0.1
PBW,Invesco WilderHill Clean Energy ETF,NYSE/AMEX,Invesco,,587302968899.1875,0.64,49138.52957739867,4,91.0,340.21171533203125,0.6924,671.88255078125,1.37,48.9,6.67,51.4,44.52,-36.45,2026-06-22,31186805.1717326,,1423.47998046875,20260806,47857.396943359374,2.13,-4.12599,-14.52287,2005-03-03,2.68
PCEB,Polen Euro High Yield Bond ETF,NYSE/AMEX,,,30732932778.320312,0.55,35031.84318815917,2,32.0,96.796638671875,0.2763,180.7819575195313,0.52,,-1.68,,6.23,-3.78,2026-06-30,489642.86023397296,,1423.47998046875,20260806,,,,,,
PCEF,Invesco CEF Income Composite ETF,NYSE/AMEX,Invesco,,1140275062572.7812,2.71,28882.410106945783,12,28.0,167.9706376953125,0.5816,2189.3122099609373,7.58,-4.89,2.17,2.89,9.54,-9.51,2026-07-20,2726274.951410575,,1423.47998046875,20260806,,,,,,
PCHI,Polen High Income ETF,NYSE/AMEX,Polen Capital,,30476142683.76367,0.56,34284.514026355,12,31.0,182.2054375,0.5315,2727.387642578125,7.96,240.93,-3.47,-4.74,10.37,-10.05,2026-07-31,101303.19361084106,,1423.47998046875,20260806,,,,,,
PCI,PGIM Corporate Bond 5-10 Year ETF,NYSE/AMEX,PGIM,,748489096026.4688,0.25,70298.84424388036,12,29.0,297.50731591796875,0.4232,3538.771231445313,5.03,,-2.53,-2.0,4.38,-4.69,2026-07-31,2022661.5776102743,,1423.47998046875,20260806,,,,,,
PCL,PGIM Corporate Bond 10+ Year ETF,NYSE/AMEX,PGIM,,103160163576.5625,0.25,68585.54112423025,12,29.0,330.24735546875,0.4815,4071.152744140626,5.94,,-4.22,-4.63,8.13,-9.82,2026-07-31,168361.76195567157,,1423.47998046875,20260806,,,,,,
PCLG,Polen Focus Growth ETF,NYSE/AMEX,Polen Capital,,117976107624.15623,0.49,33138.614922738634,1,,12.81131982421875,0.0387,12.81131982421875,0.04,,-4.77,,18.07,-23.8,2025-12-03,603387.2301059349,,1423.47998046875,20260806,,,,,,
PCS,PGIM Corporate Bond 0-5 Year ETF,NYSE/AMEX,PGIM,,875153943245.9688,0.2,70924.8911128845,12,29.0,269.03771630859376,0.3793,3108.88027734375,4.38,,-1.09,-0.94,1.94,-1.88,2026-07-31,1597777.207493117,,1423.47998046875,20260806,,,,,,
PCY,Invesco Emerging Markets Sovereign Debt ETF,NYSE/AMEX,Invesco,,1968451888895.3125,0.5,30184.89287723694,12,28.0,149.46539794921875,0.4952,1790.7378154296878,5.93,-4.19,-2.24,2.29,7.61,-6.71,2026-07-20,8089501.953659361,,1423.47998046875,20260806,30192.01038574219,1.63,9.51329,1.06548,,-0.02
PDN,Invesco RAFI Developed Markets ex-U.S. Small-Mid ETF,NYSE/AMEX,Invesco,,501920680962.2188,0.47,66504.98642514646,4,91.0,593.5911518554688,0.8926,2108.173851074219,3.17,20.21,10.03,17.8,15.54,-11.62,2026-06-22,1065489.9282856977,,1423.47998046875,20260806,,,,,,
PEJ,Invesco Leisure and Entertainment ETF,NYSE/AMEX,Invesco,,364213022670.5547,0.57,95465.68836542964,4,91.0,126.68971826171874,0.1327,475.4423134765625,0.5,485.96,9.21,17.86,18.55,-10.37,2026-06-22,2856697.610637893,,1423.47998046875,20260806,,,,,,
PEMX,Putnam Emerging Markets ex-China ETF,NYSE/AMEX,Franklin Templeton Investments,,44437207288.20703,0.69,119551.10821226612,1,,6407.083392089844,5.3593,6407.083392089844,5.36,74.93,27.59,39.73,28.03,-19.04,2025-12-19,115606.86631388874,,1423.47998046875,20260806,,,,,,
PEXL,Pacer US Export Leaders ETF,NYSE/AMEX,Pacer,,72080174991.16406,0.6,103273.47692712396,4,91.0,28.469599609375,0.0276,311.74211572265625,0.3,11.73,18.33,36.42,20.59,-11.45,2026-06-04,148737.47635367952,,1423.47998046875,20260806,,,,,,
PFFA,Virtus InfraCap U.S. Preferred Stock ETF,NYSE/AMEX,Virtus,,3493898587325.0,2.11,29704.183844220825,12,31.0,246.26203662109373,0.829,2933.792239746094,9.88,1.53,-3.88,-2.76,8.51,-9.63,2026-07-20,18308164.496190045,,1423.47998046875,20260806,29646.490152827148,1.05,12.05495,5.61391,2018-05-15,0.19
PFFD,Global X U.S. Preferred ETF,NYSE/AMEX,Global X Funds,,3081816939301.0,0.23,26495.234114537947,12,30.0,142.347998046875,0.5373,1708.1759765625002,6.45,-1.88,-2.75,-2.55,7.54,-7.88,2026-08-03,11944359.71595727,,1423.47998046875,20260806,26505.197236328127,1.06,5.40898,-0.58565997,2017-09-11,-0.04
PFFR,InfraCap REIT Preferred ETF,NYSE/AMEX,Virtus,,171661026626.4375,0.45,25181.36161471252,12,31.0,175.08803759765624,0.6953,2079.704251464844,8.26,1.46,-2.64,-4.09,8.65,-10.82,2026-07-20,671401.681250918,,1423.47998046875,20260806,,,,,,
PFFV,Global X Variable Rate Preferred ETF,NYSE/AMEX,Global X Funds,,434205396656.125,0.25,31309.44336504209,12,30.0,186.47587744140623,0.5956,2545.182205078125,8.13,2.0,-1.41,-4.37,4.43,-6.76,2026-08-03,1560325.6208139018,,1423.47998046875,20260806,,,,,,
PFIG,Invesco Fundamental Investment Grade Corporate Bond  ETF,NYSE/AMEX,Invesco,,166677115743.14062,0.22,33789.854950347915,12,28.0,128.1131982421875,0.3791,1504.6183393554686,4.45,7.42,-2.27,-1.75,3.3,-3.43,2026-07-20,506960.0061568606,,1423.47998046875,20260806,,,,,,
PFIX,Simplify Interest Rate Hedge ETF,NYSE/AMEX,Simplify Asset Management,,260224644277.836,0.5,71743.39318768308,12,30.0,142.347998046875,0.1984,5992.850717773436,8.35,84.81,2.46,-5.41,29.6,-28.23,2026-07-28,21830288.449851565,,1423.47998046875,20260806,72368.15637905274,-6.03,12.46297,22.383119,2021-05-10,-0.86
PFLD,AAM Low Duration Preferred and Income Securities ETF,NYSE/AMEX,AAM,,584299858878.3125,0.45,27811.952010442503,12,31.0,128.1131982421875,0.4606,1510.3122592773436,5.43,-26.22,-0.49,-0.16,3.61,-2.65,2026-07-31,1858247.9213953512,,1423.47998046875,20260806,,,,,,
PFRL,PGIM Floating Rate Income ETF,NYSE/AMEX,PGIM,,174262590026.58203,0.72,70590.37244865112,11,29.0,328.82387548828126,0.4658,4233.429461914063,6.0,-25.85,-0.11,-0.8,2.55,-3.39,2026-06-30,692641.2348953034,,1423.47998046875,20260806,,,,,,
PFXF,VanEck Preferred Securities ex Financials ETF,NYSE/AMEX,VanEck,,3429279793326.5,0.4,25629.755853707906,12,30.0,125.26623828125,0.4888,1668.3185371093753,6.51,-11.35,0.64,3.24,10.17,-8.6,2026-08-03,12242205.271761237,,1423.47998046875,20260806,25608.40484863281,0.96,9.02199,3.30779,2012-07-16,0.08
PGF,Invesco Financial Preferred ETF,NYSE/AMEX,Invesco,,958652773575.5,0.55,19323.74046335602,12,28.0,116.7253583984375,0.6041,1242.6980229492185,6.43,-1.8,-5.0,-5.4,6.14,-9.57,2026-07-20,2127624.3003888987,,1423.47998046875,20260806,,,,,,
PGHY,Invesco Global ex-US High Yield Corporate Bond ETF,NYSE/AMEX,Invesco,,319506800441.71875,0.35,28038.997241091914,12,28.0,162.2767177734375,0.5788,1997.1424125976569,7.12,-4.04,-0.97,-1.22,5.2,-4.69,2026-07-20,1230166.9698405247,,1423.47998046875,20260806,,,,,,
PGRO,Putnam Focused Large Cap Growth ETF,NYSE/AMEX,Franklin Templeton Investments,,290230827893.0078,0.49,67679.35306491703,1,,12.81131982421875,0.0189,12.81131982421875,0.02,-72.73,6.84,12.41,18.03,-16.36,2025-12-19,971224.9075916792,,1423.47998046875,20260806,,,,,,
PGX,Invesco Preferred ETF,NYSE/AMEX,Invesco,,5395229090537.75,0.5,15259.705770735163,12,28.0,88.2557587890625,0.5784,976.5072666015624,6.4,1.03,-5.38,-5.38,6.09,-10.03,2026-07-20,35529772.37703413,,1423.47998046875,20260806,15288.174990234374,1.19,4.5159504,-1.14859,2008-01-31,-0.19
PHDG,Invesco S&P 500 Downside Hedged ETF,NYSE/AMEX,Invesco,,90337529933.45898,0.39,59596.12581864744,4,91.0,210.67503710937493,0.3535,983.6246665039064,1.65,-13.08,12.06,16.43,11.54,-7.12,2026-06-22,401018.35514752514,,1423.47998046875,20260806,,,,,,
PHEQ,Parametric Hedged Equity ETF,NYSE/AMEX,Eaton Vance ETFs,,198444428790.14844,0.29,49644.71685164236,4,91.0,66.90355908203125,0.1348,461.207513671875,0.93,-21.17,6.69,11.67,6.15,-4.35,2026-06-22,770058.2195912243,,1423.47998046875,20260806,,,,,,
PHYL,PGIM Active High Yield Bond ETF,NYSE/AMEX,PGIM,,1965110969993.3125,0.39,49416.107739178464,11,29.0,291.81339599609373,0.5905,3150.161196777344,6.37,-18.64,-2.18,-1.88,3.92,-3.55,2026-06-30,7058730.266314792,,1423.47998046875,20260806,49291.38220608399,0.72,8.64902,3.99221,,0.25
PICB,Invesco International Corporate Bond ETF,NYSE/AMEX,Invesco,,510737829839.6406,0.5,33041.81715459656,12,28.0,95.37315869140626,0.2886,1130.2431044921875,3.42,11.83,-2.35,-2.43,7.68,-7.09,2026-07-20,2241775.3183503244,,1423.47998046875,20260806,,,,,,
PICK,iShares MSCI Global Select Metals & Mining Producers Fund,NYSE/AMEX,iShares,,3288607676296.1226,0.39,89828.70351586305,2,181.0,771.5261494140625,0.8589,1876.1466142578129,2.09,-1.2,20.52,63.32,30.73,-19.54,2026-06-15,35293261.76958844,Equity,1423.47998046875,20260806,89730.0854744336,1.15,18.71116,11.16665,2012-01-31,0.11
PIEQ,Principal International Equity ETF,NYSE/AMEX,Principal Funds,,1944200709574.9373,0.48,52213.246118005365,1,,602.1320317382813,1.1532,602.1320317382813,1.15,1662.5,9.46,23.6,17.43,-9.53,2025-12-29,2772954.095845196,,1423.47998046875,20260806,,,,,,
PILL,Direxion Daily Pharmaceutical & Medical Bull 3X ETF,NYSE/AMEX,Direxion Funds,,29396900020.01172,0.98,29337.923266284168,4,91.0,21.35219970703125,0.0728,96.796638671875,0.33,-19.05,75.26,270.02,65.19,-33.28,2026-06-23,1146428.861238434,,1423.47998046875,20260806,,,,,,
PINK,Simplify Health Care ETF,NYSE/AMEX,Simplify Asset Management,,535822143522.9844,0.51,56165.11030145362,4,91.0,71.1739990234375,0.1267,355.8699951171875,0.63,86.57,7.45,36.39,18.48,-16.93,2026-06-25,5148728.446781235,,1423.47998046875,20260806,56225.89340053711,0.79,15.405269,,,-0.11
PIT,VanEck Commodity Strategy ETF,NYSE/AMEX,VanEck,,446129922616.03125,0.55,102818.95205421,1,,6701.743748046875,6.518,6701.743748046875,6.52,176.94,36.77,40.73,23.58,-17.2,2025-12-22,1640446.9972771269,,1423.47998046875,20260806,,,,,,
PJFV,PGIM Jennison Focused Value ETF,NYSE/AMEX,PGIM,,180299306703.4336,0.33,145223.4228288941,1,,805.6896689453124,0.5548,805.6896689453124,0.55,-38.48,22.02,34.81,13.12,-7.31,2025-12-30,671464.8353518908,,1423.47998046875,20260806,,,,,,
PJIO,PGIM Jennison Focused International Equity ETF,NYSE/AMEX,PGIM,,35847627308.302734,0.54,90571.4767858535,1,,166.54715771484376,0.1839,166.54715771484376,0.18,2.63,2.43,4.51,27.12,-19.42,2025-12-30,202594.35024197644,,1423.47998046875,20260806,,,,,,
PJP,Invesco Pharmaceuticals ETF,NYSE/AMEX,Invesco,,672027768514.9375,0.57,176796.2092301026,4,91.0,388.6100346679688,0.2198,1514.58269921875,0.86,10.49,18.98,49.37,16.79,-9.72,2026-06-22,2777820.9540799204,,1423.47998046875,20260806,,,,,,
PKB,Invesco Building & Construction ETF,NYSE/AMEX,Invesco,,611510965530.875,0.57,150618.41325810552,4,91.0,156.5827978515625,0.104,277.57859619140623,0.18,18.9,11.36,21.31,24.92,-15.41,2026-06-22,2521300.950776484,,1423.47998046875,20260806,,,,,,
PLGI,PL Growth and Income ETF,NYSE/AMEX,"Collaborative Fund Advisors, LLC",,75004344506.24219,1.25,36203.36714692321,2,91.0,109.60795849609374,0.3028,116.7253583984375,0.32,,0.92,,12.05,-7.28,2026-06-25,517913.3105233783,,1423.47998046875,20260806,,,,,,
PLTA,ProShares Ultra PLTR,NYSE/AMEX,,,8612053881.835938,0.95,22932.2633541748,3,91.0,96.796638671875,0.4221,587.8972319335937,2.56,,-36.5,,121.5,-80.42,2026-06-24,732171.9607370779,,1423.47998046875,20260806,,,,,,
PLTW,Roundhill PLTR WeeklyPay ETF,NYSE/AMEX,Roundhill Investments,,144158698745.55078,0.99,31709.15635241661,52,7.0,187.899357421875,0.5926,32416.90959521484,102.23,92.18,-36.5,-59.5,70.67,-73.75,2026-08-03,8414670.395518716,,1423.47998046875,20260806,31353.285353808595,0.0,,,,1.14
PLTY,YieldMax PLTR Option Income Strategy ETF,NYSE/AMEX,YieldMax ETFs,,431487255939.5,1.07,50444.43062408641,45,7.0,476.86579345703126,0.9453,49897.2437553711,98.92,-14.31,-27.11,-53.16,53.87,-66.37,2026-07-30,16078998.290017756,,1423.47998046875,20260806,51065.06673134765,0.0,,,2024-10-07,-1.22
PMIO,PGIM Municipal Income Opportunities ETF,NYSE/AMEX,PGIM,,71421678846.11914,0.25,71714.92293645628,11,29.0,229.18027685546875,0.3196,2580.769204589844,3.6,30.15,-1.27,1.03,2.46,-3.21,2026-06-30,185557.01671554748,,1423.47998046875,20260806,,,,,,
PMMF,iShares Prime Money Market ETF,NYSE/AMEX,iShares,,949111526624.0452,0.2,142746.5707037598,26,7.0,101.06707861328124,0.0708,5367.943006347656,3.76,94.48,0.03,0.05,0.9,-0.46,2026-08-05,11354301.244147556,Cash,1423.47998046875,20260806,142723.54053532224,0.0,,,2025-02-04,0.02
POW,VistaShares Electrification Supercycle ETF,NYSE/AMEX,VistaShares Advisors LLC,,84138263230.67773,0.75,39088.75896043703,1,,54.0922392578125,0.1384,54.0922392578125,0.14,,35.04,,34.38,-28.02,2025-12-29,1439547.0199719064,,1423.47998046875,20260806,,,,,,
POWA,Invesco Bloomberg Pricing Power ETF,NYSE/AMEX,Invesco,,254043620894.4844,0.4,132069.9061151445,1,,1202.8405834960938,0.9108,1202.8405834960938,0.91,31.42,3.26,4.75,12.06,-9.75,2025-12-22,295475.521010927,,1423.47998046875,20260806,,,,,,
POWR,iShares U.S. Power Infrastructure ETF,NYSE/AMEX,iShares,,650325473273.2083,0.39,38021.14897508547,3,90.5,112.45491845703124,0.2958,2146.607810546875,5.65,49.16,11.43,11.15,18.35,-11.04,2026-06-15,2922035.1432020334,Equity,1423.47998046875,20260806,,,,,,
PPA,Invesco Aerospace & Defense ETF,NYSE/AMEX,Invesco,,11762236305546.75,0.58,263280.307129167,3,136.5,193.59327734375,0.0735,906.7567475585938,0.34,-1.85,14.77,25.5,21.19,-13.73,2026-06-22,37774933.58365051,,1423.47998046875,20260806,261037.7588183593,0.87,30.18482,20.814501,2005-10-26,0.86
PPTY,U.S. Diversified Real Estate ETF,NYSE/AMEX,Vident Financial,,39315569022.87988,0.53,49280.87540338747,3,134.0,418.50311425781246,0.8492,1212.804943359375,2.46,-26.23,14.83,16.57,13.81,-8.09,2026-07-16,142396.74101027835,,1423.47998046875,20260806,,,,,,
PQDI,Principal Spectrum Preferred and Income ETF,NYSE/AMEX,Principal Funds,,99847087942.98048,0.6,27430.459875250235,12,30.0,135.23059814453126,0.493,1554.4401386718748,5.67,13.99,-1.83,-0.34,3.78,-3.76,2026-08-03,124125.96614191732,,1423.47998046875,20260806,,,,,,
PRAY,FIS Christian Stock Fund,NYSE/AMEX,Faith Investor,,110658099535.125,0.69,51242.00491932593,1,,307.47167578125,0.6,307.47167578125,0.6,-0.92,14.35,16.2,14.34,-8.8,2025-12-09,345508.55698917585,,1423.47998046875,20260806,,,,,,
PRCS,Parnassus Core Select ETF,NYSE/AMEX,Parnassus,,250466586521.1641,0.58,42220.41600349732,1,,49.821799316406256,0.118,49.821799316406256,0.12,,10.71,14.74,13.64,-12.77,2025-12-19,980480.0511960794,,1423.47998046875,20260806,,,,,,
PREF,Principal Spectrum Preferred Securities Active ETF,NYSE/AMEX,Principal Funds,,2537312387821.625,0.55,26837.865415683948,12,30.0,125.26623828125,0.4668,1417.7860605468748,5.28,12.54,-1.24,-0.24,3.55,-3.3,2026-08-03,4662127.632756321,,1423.47998046875,20260806,26815.7720984668,0.6,8.2979895,2.79133,,0.08
PRF,Invesco RAFI US 1000 ETF,NYSE/AMEX,Invesco,,13953773426105.0,0.34,79408.83049324341,4,91.0,249.10899658203124,0.3137,1056.2221455078125,1.33,-0.8,17.91,31.1,10.82,-6.96,2026-06-22,20047400.33953634,,1423.47998046875,20260806,79401.71331054688,0.84,20.78844,13.62872,2005-12-19,0.01
PRFD,PIMCO Preferred and Capital Securities Active Exchange-Traded Fund,NYSE/AMEX,PIMCO,,336809279319.1953,0.73,72056.55509088747,12,30.0,355.8699951171875,0.4939,4213.5007421875,5.85,0.68,-1.88,-0.59,3.69,-3.75,2026-08-03,935777.715479239,,1423.47998046875,20260806,,,,,,
PRIV,State Street IG Public & Private Credit ETF,NYSE/AMEX,SPDR,,1190342429267.578,0.55,35316.39637143444,12,30.0,136.654078125,0.3869,1611.3793378906253,4.56,137.82,-2.27,-1.39,3.94,-4.13,2026-08-03,3931768.651799806,Fixed Income Bloomberg US Aggregate Bond Index,1423.47998046875,20260806,35242.716643642576,0.0,,,,0.21
PRNT,3D Printing (The) ETF,NYSE/AMEX,ARK ETF Trust,,83521503518.66016,0.66,36711.54999952391,1,,249.10899658203124,0.6786,249.10899658203124,0.68,63.55,14.98,18.03,23.62,-17.86,2025-12-26,294781.2684644114,,1423.47998046875,20260806,,,,,,
PRSD,State Street Short Duration IG Public & Private Credit ETF,NYSE/AMEX,SPDR,,161365690585.9375,0.45,35473.121221884154,11,30.0,120.99579833984376,0.3411,1298.2137421875,3.66,,-0.72,,1.98,-1.43,2026-08-03,2513722.1073521813,Fixed Income Bloomberg US Aggregate 1-3 Year Bond Index,1423.47998046875,20260806,,,,,,
PRVS,Parnassus Value Select ETF,NYSE/AMEX,Parnassus,,36075053857.822266,0.59,47626.08209815063,1,,240.5681166992188,0.5051,240.5681166992188,0.51,,18.58,32.03,13.5,-9.32,2025-12-19,145826.87366347294,,1423.47998046875,20260806,,,,,,
PRXG,Praxis Impact Large Cap Growth ETF,NYSE/AMEX,"Praxis Investment Management, Inc.",,122561409949.40234,0.36,57295.78056288697,4,91.0,18.50523974609375,0.0323,54.0922392578125,0.09,123.53,10.61,18.56,17.55,-15.96,2026-06-29,324921.4881032663,,1423.47998046875,20260806,,,,,,
PRXV,Praxis Impact Large Cap Value ETF,NYSE/AMEX,"Praxis Investment Management, Inc.",,110447606703.45312,0.36,51238.160376532,4,91.0,190.7463173828125,0.3723,761.5617895507813,1.49,514.94,17.94,26.73,10.55,-6.7,2026-06-29,249267.6164839088,,1423.47998046875,20260806,,,,,,
PSDM,PGIM Short Duration Multi-Sector Bond ETF,NYSE/AMEX,PGIM,,313955638480.125,0.4,72383.95483477786,12,29.0,264.7672763671875,0.3658,3205.676916015625,4.43,-8.01,-1.19,-0.8,2.12,-2.16,2026-07-31,1200757.2224890112,,1423.47998046875,20260806,,,,,,
PSH,PGIM Short Duration High Yield ETF,NYSE/AMEX,PGIM,,248181160942.92188,0.45,70818.12902832031,12,29.0,355.8699951171875,0.5025,4206.383342285157,5.94,-19.74,-1.26,-1.46,3.18,-3.31,2026-07-31,1171285.1006996185,,1423.47998046875,20260806,,,,,,
PSI,Invesco Semiconductors ETF,NYSE/AMEX,Invesco,,3337686213127.875,0.56,209429.49212646484,4,91.0,22.7756796875,0.0109,68.3270390625,0.03,-42.17,77.54,148.48,50.55,-35.74,2026-06-22,28779175.69235503,,1423.47998046875,20260806,203244.47161132813,2.36,46.11412,27.2094,2005-06-23,3.04
PSIL,AdvisorShares Psychedelics ETF,NYSE/AMEX,AdvisorShares,,69083208709.88477,1.0,35629.70488855895,2,91.0,2397.140287109375,6.7279,2425.6098867187497,6.81,402.65,45.52,53.37,40.91,-27.59,2025-12-22,518904.7993989314,,1423.47998046875,20260806,,,,,,
PSK,State Street SPDR ICE Preferred Securities ETF,NYSE/AMEX,SPDR,,982500117319.336,0.45,42761.339916516095,12,30.0,256.226396484375,0.5992,3074.7167578124995,7.19,0.0,-6.18,-6.71,6.01,-10.83,2026-08-03,3373009.064357469,Equity ICE Exchange-Listed Fixed & Adjustable Rate Preferred Securities Index,1423.47998046875,20260806,42574.80579664063,1.05,3.2228,-1.397,,0.44
PSP,Invesco Global Listed Private Equity ETF,NYSE/AMEX,Invesco,,330679979504.41406,1.8,89351.83902564086,4,91.0,1582.9097382812502,1.7715,5086.093970214844,5.69,7.43,-7.28,-10.85,20.86,-25.42,2026-06-22,3077279.4937408417,,1423.47998046875,20260806,89138.31637695312,1.17,11.31977,0.69175,,0.24
PSQ,ProShares Short QQQ,NYSE/AMEX,ProShares,,1079972988696.8124,0.95,36648.48972344212,4,91.0,325.9769155273437,0.8895,1627.0376176757811,4.44,-46.06,-14.95,-21.86,19.66,-24.83,2026-06-24,275209822.61154413,,1423.47998046875,20260806,36592.54576992188,-1.17,-17.06113,-12.2484796,2006-06-19,0.15
PSQA,Palmer Square CLO Senior Debt ETF,NYSE/AMEX,Palmer Square Capital Management LLC,,251583870263.9141,0.21,29295.21788944397,4,91.0,281.8490361328125,0.9621,1205.687543457031,4.12,16.03,0.93,0.98,2.92,-1.64,2026-06-24,1421657.774362564,,1423.47998046875,20260806,,,,,,
PSQO,Palmer Square Credit Opportunities ETF,NYSE/AMEX,Palmer Square Capital Management LLC,,392458395713.4063,0.52,29508.739343499765,4,91.0,343.0586752929688,1.1626,1332.37726171875,4.52,44.44,0.51,0.53,2.76,-1.99,2026-06-24,1288736.1193033045,,1423.47998046875,20260806,,,,,,
PSR,Invesco Active U.S. Real Estate Fund,NYSE/AMEX,Invesco,,85972616472.70898,0.35,150256.85247083008,4,91.0,1110.314384765625,0.7389,3740.9053886718752,2.49,4.49,16.73,16.71,13.78,-9.0,2026-06-22,225091.48604908976,,1423.47998046875,20260806,,,,,,
PST,ProShares UltraShort Lehman 7-10 Year Treasury,NYSE/AMEX,ProShares,,15113408659.112305,0.95,33209.787835733034,4,91.0,195.0167573242188,0.5872,935.2263471679688,2.82,-20.07,5.47,3.41,9.48,-6.42,2026-06-24,187469.70513460075,,1423.47998046875,20260806,,,,,,
PTBD,Pacer Trendpilot US Bond ETF,NYSE/AMEX,Pacer,,121275734218.8828,0.6,27195.58437523805,12,29.0,140.92451806640625,0.5182,1598.5680180664062,5.88,6.65,-1.52,-3.36,4.33,-6.2,2026-07-23,518719.2082786712,,1423.47998046875,20260806,,,,,,
PTEU,Pacer TrendpilotTM European Index ETF,NYSE/AMEX,Pacer,,52904943075.703125,0.65,48821.9466827251,1,,838.4297084960937,1.7173,838.4297084960937,1.72,-29.46,10.19,20.36,17.19,-12.82,2025-12-30,115080.2107431784,,1423.47998046875,20260806,,,,,,
PTIN,Pacer Trendpilot International ETF,NYSE/AMEX,Pacer,,262920282622.9297,0.67,53038.86168300174,1,,1134.5135444335938,2.139,1134.5135444335938,2.14,7.56,16.51,28.75,17.9,-11.55,2025-12-30,515217.6218936358,,1423.47998046875,20260806,,,,,,
PTL,Inspire 500 ETF,NYSE/AMEX,Inspire,,1237650750125.0312,0.09,409962.234375,4,91.0,1161.5596640625,0.2833,4600.687296875,1.12,7.63,15.45,21.01,16.11,-7.9,2026-06-26,5719975.677151015,,1423.47998046875,20260806,407157.9788134765,0.0,,,,0.69
PTLC,Pacer Trendpilot US Large Cap ETF,NYSE/AMEX,Pacer,,4641036691009.375,0.6,85479.9717411194,1,,841.2766684570312,0.9842,841.2766684570312,0.98,65.08,7.79,15.68,12.33,-9.08,2025-12-30,7715015.986632663,,1423.47998046875,20260806,85308.44348950195,0.86,13.97979,10.13208,,0.2
PTMC,Pacer Trendpilot US Mid Cap ETF,NYSE/AMEX,Pacer,,557235518705.6562,0.6,59767.22426341288,1,,935.2263471679688,1.5648,935.2263471679688,1.56,105.31,15.95,22.59,15.95,-8.89,2025-12-30,1099071.6256430729,,1423.47998046875,20260806,,,,,,
PTRB,PGIM Total Return Bond ETF,NYSE/AMEX,PGIM,,1602735511935.625,0.49,58319.97653745115,11,29.0,222.062876953125,0.3808,2546.6056850585937,4.37,-11.96,-2.43,-1.94,4.2,-4.63,2026-06-30,4939673.365156926,,1423.47998046875,20260806,58213.028748872064,1.02,5.0236803,,,0.18
PULS,PGIM Ultra Short Bond ETF,NYSE/AMEX,PGIM,,26003013177406.0,0.15,70569.02111776732,11,29.0,234.87419677734377,0.3328,2906.746120117188,4.12,-18.35,-0.09,-0.15,1.33,-0.66,2026-06-30,123849034.50590436,,1423.47998046875,20260806,70563.38305101563,0.03,5.3986203,4.24712,2018-04-05,0.01
PUSH,PGIM Ultra Short Municipal Bond ETF,NYSE/AMEX,PGIM,,155493972320.58203,0.15,71665.10135434568,11,29.0,195.0167573242188,0.2721,2078.280771484375,2.9,-18.75,-0.14,-0.06,1.7,-1.2,2026-06-30,667958.3751097904,,1423.47998046875,20260806,,,,,,
PVAL,Putnam Focused Large Cap Value ETF,NYSE/AMEX,Franklin Templeton Investments,,19179034725147.0,0.55,77159.73494777828,4,91.0,179.3584775390625,0.2325,684.6938706054688,0.89,-6.96,17.86,34.6,11.13,-7.22,2026-07-07,65586864.82657912,,1423.47998046875,20260806,77061.51222265625,0.72,23.19091,17.43158,2021-05-25,0.13
PVEX,TrueShares ConVex Protect ETF,NYSE/AMEX,TrueShares,,79329263873.46094,0.82,44921.18559565209,1,,76.8679189453125,0.1711,76.8679189453125,0.17,,11.29,21.9,14.05,-7.8,2025-12-24,308896.41737124074,,1423.47998046875,20260806,,,,,,
PVI,Invesco Floating Rate Municipal Income ETF,NYSE/AMEX,Invesco,,44173333957.26758,0.25,35394.82938854676,12,28.0,65.4800791015625,0.185,765.8322294921874,2.16,-7.88,0.02,0.06,2.79,-1.16,2026-07-20,170874.2889365998,,1423.47998046875,20260806,,,,,,
PWS,Pacer WealthShield ETF,NYSE/AMEX,Pacer,,34258357461.46875,0.6,46613.27313804813,4,91.0,96.796638671875,0.2077,602.1320317382813,1.29,-16.07,0.69,5.19,11.71,-7.11,2026-06-04,223949.0617854813,,1423.47998046875,20260806,,,,,,
PWV,Invesco Large Cap Value ETF,NYSE/AMEX,Invesco,,2448686205378.125,0.55,113843.38486132026,4,91.0,589.3207119140625,0.5177,1878.9935742187504,1.65,-8.59,19.63,29.2,9.55,-4.05,2026-06-22,4186214.9462406114,,1423.47998046875,20260806,113664.87644042968,0.62,20.9394,14.75632,,0.16
PWZ,Invesco California AMT-Free Municipal Bond Portfolio,NYSE/AMEX,Invesco,,1634702362712.375,0.28,34252.4870300293,12,28.0,111.0314384765625,0.3242,1268.320662597656,3.7,9.59,-0.61,4.57,4.4,-3.78,2026-07-20,7486369.796447602,,1423.47998046875,20260806,34106.58033203125,1.25,3.014,-0.1292299999999999,,0.43
PXE,Invesco Energy Exploration & Production ETF,NYSE/AMEX,Invesco,,120529147438.72656,0.61,51643.71076998487,4,91.0,241.99159667968752,0.4686,943.7672270507812,1.83,-22.18,27.7,31.07,27.93,-16.7,2026-06-22,1346906.790945714,,1423.47998046875,20260806,,,,,,
PXF,Invesco RAFI Developed Markets ex-U.S. ETF,NYSE/AMEX,Invesco,,4116190648592.75,0.43,111657.77314326169,4,91.0,969.3898666992188,0.8682,3373.6475537109377,3.02,28.66,18.17,34.11,16.53,-11.08,2026-06-22,6825273.418984159,,1423.47998046875,20260806,110917.560078125,0.92,24.13076,14.30796,,0.67
PXH,Invesco RAFI Emerging Markets ETF,NYSE/AMEX,Invesco,,2775465462549.5,0.47,41594.08405187074,4,91.0,520.9936728515625,1.2526,1738.0690561523438,4.18,49.08,10.77,22.16,16.54,-10.24,2026-06-22,6897492.345876997,,1423.47998046875,20260806,41451.73703125,0.74,20.374879,10.4020596,,0.34
PXJ,Invesco Oil & Gas Services ETF,NYSE/AMEX,Invesco,,87666460852.82812,0.63,61038.82308294065,4,91.0,469.74839355468754,0.7696,1439.138260253906,2.36,18.25,43.32,69.62,26.1,-19.06,2026-06-22,1210215.745456437,,1423.47998046875,20260806,,,,,,
PYLD,PIMCO Multisector Bond Active Exchange-Traded Fund,NYSE/AMEX,PIMCO,,21538341510803.0,0.64,37245.35499219969,13,30.0,199.28719726562505,0.5351,2387.1759272460945,6.41,6.82,-2.04,-1.3,3.59,-4.0,2026-08-03,92903120.83324195,,1423.47998046875,20260806,37224.00148925781,0.81,7.98286,,2023-06-21,0.06
PYPU,Direxion Daily PYPL Bull 2X ETF,NYSE/AMEX,,,2747316362.3046875,0.97,55017.50341717526,1,,237.72115673828125,0.4321,237.72115673828125,0.43,,50.39,,84.38,-38.63,2026-06-23,194055.83725390228,,1423.47998046875,20260806,,,,,,
PYPY,YieldMax PYPL Option Income Strategy ETF,NYSE/AMEX,YieldMax ETFs,,18775169984.350098,1.31,43039.62942731567,44,7.0,757.2913496093751,1.7595,24519.442663574217,56.97,-55.78,-25.27,-47.46,37.84,-58.23,2026-07-30,592457.954894062,,1423.47998046875,20260806,,,,,,
PZA,Invesco National AMT-Free Municipal Bond ETFo,NYSE/AMEX,Invesco,,6003489146652.75,0.28,32738.90193536412,12,28.0,106.76099853515623,0.3261,1228.4632231445312,3.75,10.22,-1.08,3.51,4.31,-3.47,2026-07-20,31926713.51494409,,1423.47998046875,20260806,32697.335151367184,1.28,2.98959,-0.40893997,2007-10-11,0.13
PZT,Invesco New York AMT-Free Municipal Bond ETF,NYSE/AMEX,Invesco,,195662288413.6016,0.28,31643.81813042797,12,28.0,102.49055859375,0.3239,1171.524023925781,3.7,12.28,-0.4,3.49,4.81,-3.48,2026-07-20,559657.6994797149,,1423.47998046875,20260806,,,,,,
QAI,NYLI Hedge Multi-Strategy Tracker ETF,NYSE/AMEX,New York Life Investment Management LLC,,1434299885963.8125,0.88,51971.25169765018,1,,717.43391015625,1.3804,717.43391015625,1.38,-27.9,8.21,12.03,7.09,-3.71,2025-12-30,3200985.4690516954,,1423.47998046875,20260806,51782.88498109864,0.38,9.1212,4.5557,,0.36
QARP,Xtrackers Russell 1000 US Quality at a Reasonable Price ETF ETF,NYSE/AMEX,Xtrackers,,108672117205.57422,0.19,96323.90109199658,4,91.0,249.10899658203124,0.2586,962.2724667968748,1.0,-5.06,14.38,24.25,10.66,-7.49,2026-06-18,159413.80923519668,,1423.47998046875,20260806,,,,,,
QBER,TrueShares Quarterly Bear Hedge ETF,NYSE/AMEX,TrueShares,,103525382988.1914,0.79,33836.11978735961,1,,1113.1613447265624,3.2899,1113.1613447265624,3.29,134.13,-0.5,-4.0,5.07,-4.24,2025-12-24,1393059.5898114694,,1423.47998046875,20260806,,,,,,
QBF,Innovator Uncapped Bitcoin 20 Floor ETF - Quarterly,NYSE/AMEX,Innovator ETFs,,17379039324.746094,0.79,22192.05311271362,1,,421.35007421875,1.8987,421.35007421875,1.9,,-28.28,-43.11,27.2,-49.41,2025-12-31,189524.4753362648,,1423.47998046875,20260806,,,,,,
QBTX,Tradr 2X Long QBTS Daily ETF,NYSE/AMEX,AXS,,106363562924.60938,1.31,13379.71484174952,1,,6213.490114746094,46.4396,6213.490114746094,46.44,,-75.41,-69.01,222.23,-95.91,2025-12-12,47141320.88792832,,1423.47998046875,20260806,14956.646502783202,0.0,,,2025-04-24,-10.54
QBUL,TrueShares Quarterly Bull Hedge ETF,NYSE/AMEX,TrueShares,,39700486550.47852,0.79,34524.512868353166,1,,3029.1653984375,8.774,3029.1653984375,8.77,373.94,2.45,-4.81,9.05,-10.47,2025-12-24,277461.0241383024,,1423.47998046875,20260806,,,,,,
QDEF,FlexShares Quality Dividend Defensive Index Fund,NYSE/AMEX,Flexshares Trust,,777005249125.125,0.39,129223.51088930666,4,91.0,486.83015332031255,0.3767,1995.718932617188,1.54,5.73,11.81,19.45,9.89,-7.19,2026-06-18,806065.9140188514,,1423.47998046875,20260806,,,,,,
QDF,FlexShares Quality Dividend Index Fund,NYSE/AMEX,Flexshares Trust,,3157041911816.375,0.39,132632.75152429193,4,91.0,506.75887304687495,0.3821,1916.0040537109376,1.44,-1.39,14.56,23.69,12.22,-8.13,2026-06-18,2303334.8876742786,,1423.47998046875,20260806,,,,,,
QDIV,Global X S&P 500 Quality Dividend ETF,NYSE/AMEX,Global X Funds,,42799385386.19922,0.2,56739.912890307605,12,29.0,128.1131982421875,0.2258,1578.6392983398437,2.78,7.25,14.25,17.73,12.28,-8.19,2026-08-05,120824.9044781567,,1423.47998046875,20260806,,,,,,
QDPL,Pacer Metaurus US Large Cap Dividend Multiplier 400 ETF,NYSE/AMEX,Pacer,,2428621742600.625,0.6,66450.46776744723,12,31.0,172.24107763671876,0.2592,2946.6035595703124,4.43,-5.82,9.17,16.07,12.58,-9.36,2026-07-31,6916758.300503735,,1423.47998046875,20260806,66171.74802407227,0.91,19.74313,12.205341,,0.42
QDTE,Roundhill Innovation-100 0DTE Covered Call Strategy ETF,NYSE/AMEX,Roundhill Investments,,1312652976493.0625,0.96,41736.432592932135,52,7.0,195.0167573242188,0.4673,18972.1411796875,45.46,-7.35,-4.65,-16.96,20.42,-26.64,2026-07-30,26026280.81661194,,1423.47998046875,20260806,41898.70974511719,0.0,,,2024-03-06,-0.39
QDVO,Amplify CWP Growth & Income ETF,NYSE/AMEX,Amplify ETFs,,1030316449712.2188,0.56,42725.7507449463,12,31.0,377.2221948242188,0.8829,4523.819377929687,10.59,40.87,3.29,5.69,13.57,-14.82,2026-07-30,10108963.457031889,,1423.47998046875,20260806,42563.61724399414,0.0,,,,0.38
QEFA,State Street SPDR MSCI EAFE StrategicFactors ETF,NYSE/AMEX,SPDR,,1515849596401.3672,0.3,143572.19169890136,2,188.0,2132.3730107421875,1.4852,3898.911666503906,2.72,8.35,10.36,19.38,13.03,-9.58,2026-06-01,3528002.794202037,Equity MSCI EAFE Factor Mix A-Series Index,1423.47998046875,20260806,143403.6650351904,0.8,16.44627,8.54077,,0.12
QEMM,State Street SPDR MSCI Emerging Markets StrategicFactors ETF,NYSE/AMEX,SPDR,,83871440449.21875,0.3,113166.65844726562,2,188.0,1488.9600595703123,1.3157,5016.343451171875,4.43,40.34,18.08,25.02,19.83,-10.4,2026-06-01,197004.3747354333,Equity MSCI Emerging Markets Factor Mix A-Series Index,1423.47998046875,20260806,,,,,,
QGRO,American Century U.S. Quality Growth ETF,NYSE/AMEX,American Century Investments,,2781350333769.875,0.29,167173.49238154292,4,84.0,89.67923876953125,0.0536,306.04819580078123,0.18,-17.62,2.66,7.04,16.3,-13.56,2026-06-09,12384402.349995404,,1423.47998046875,20260806,168267.0062272461,1.06,20.05306,10.06266,2018-09-10,-0.65
QGRW,WisdomTree U.S. Quality Growth Fund,NYSE/AMEX,WisdomTree,,3920436414760.25,0.28,96832.2278434448,1,,71.1739990234375,0.0735,71.1739990234375,0.07,-28.57,15.81,25.32,19.53,-15.51,2025-12-26,16329259.637307612,,1423.47998046875,20260806,96753.93427246092,1.34,27.27935,,2022-12-13,0.08
QHY,WisdomTree U.S. High Yield Corporate Bond Fund,NYSE/AMEX,WisdomTree,,343211591206.3906,0.38,65152.53817389719,12,30.0,348.7525952148437,0.5353,4069.729264160157,6.25,-2.82,-1.49,-0.76,4.16,-4.12,2026-07-28,850580.4996753404,,1423.47998046875,20260806,,,,,,
QID,ProShares UltraShort QQQ,NYSE/AMEX,ProShares,,390123478583.2031,0.95,20199.18032553559,4,91.0,207.8280771484375,1.0289,1298.2137421875,6.43,-46.0,-30.03,-41.19,39.16,-44.97,2026-06-24,406625326.604072,,1423.47998046875,20260806,20134.554931738283,-2.26,-36.54864,-29.0415,2006-07-11,0.32
QINT,American Century Quality Diversified International ETF,NYSE/AMEX,American Century Investments,,945752810805.9376,0.34,103301.94174820556,3,87.5,1228.4632231445312,1.1892,2449.809046386719,2.37,12.12,12.03,23.57,15.79,-11.48,2026-06-09,2504846.581635342,,1423.47998046875,20260806,,,,,,
QLC,FlexShares US Quality Large Cap Index Fund,NYSE/AMEX,Flexshares Trust,,1442384250122.9688,0.25,132625.62717380375,4,91.0,316.0125556640625,0.2383,1198.5701435546875,0.9,24.93,14.53,27.96,13.23,-9.01,2026-06-18,3358768.5802652426,,1423.47998046875,20260806,132101.93149545896,0.96,24.630381,14.87389,,0.4
QLD,ProShares Ultra QQQ,NYSE/AMEX,ProShares,,18164000300991.5,0.95,128967.28405841067,4,91.0,86.83227880859374,0.0673,167.2588977050781,0.13,-10.31,29.24,46.67,39.02,-25.17,2026-06-24,404679270.5413754,,1423.47998046875,20260806,129290.13149003909,2.6,41.35156,18.66674,2006-06-19,-0.25
QLTA,iShares Aaa A Rated Corporate Bond ETF,NYSE/AMEX,iShares,,1734933394821.5784,0.15,66328.47412562743,12,30.0,263.34379638671874,0.397,3043.400198242188,4.59,3.89,-3.03,-2.8,4.57,-5.22,2026-08-03,15759127.014436182,Fixed Income,1423.47998046875,20260806,66472.54357874511,1.11,4.47074,-0.52086003,2012-02-14,-0.22
QLTI,GMO International Quality ETF,NYSE/AMEX,GMO,,412029856128.3906,0.6,39715.090912063606,3,136.5,35.58699951171875,0.0896,232.02723681640623,0.58,279.07,4.35,13.62,15.6,-13.72,2026-06-30,1315134.9890164074,,1423.47998046875,20260806,,,,,,
QLTY,GMO U.S. Quality ETF,NYSE/AMEX,GMO,,6936098203813.75,0.5,60924.94207803346,4,91.0,106.76099853515623,0.1752,425.6205141601562,0.7,10.33,10.77,25.66,12.6,-11.71,2026-06-30,17224071.329869304,,1423.47998046875,20260806,60834.26748930664,0.0,,,2023-11-13,0.15
QLV,FlexShares US Quality Low Volatility Index Fund,NYSE/AMEX,Flexshares Trust,,232966391968.3203,0.08,113550.99326346442,4,91.0,448.39619384765626,0.3949,1693.9411767578124,1.49,6.92,11.19,15.21,7.92,-6.49,2026-06-18,842536.4262296213,,1423.47998046875,20260806,,,,,,
QLVD,FlexShares Developed Markets ex-US Quality Low Volatility Index Fund,NYSE/AMEX,Flexshares Trust,,78007853101.51172,0.12,48702.80386712961,4,91.0,725.9747900390626,1.4906,1430.597380371094,2.94,27.38,7.29,11.0,10.76,-8.29,2026-06-18,105348.31884061958,,1423.47998046875,20260806,,,,,,
QQH,HCM Defender 100 Index ETF,NYSE/AMEX,Howard Capital Management,,1019543279911.875,0.98,120070.534180481,1,,233.450716796875,0.1944,233.450716796875,0.19,2.5,9.67,19.85,24.85,-16.36,2025-12-16,4009257.201094639,,1423.47998046875,20260806,119657.72715820312,1.38,21.36746,10.89816,,0.34
QQQD,Direxion Daily Magnificent 7 Bear 1X ETF,NYSE/AMEX,Direxion Funds,,48577586710.75781,0.5,17579.97830180358,4,91.0,120.99579833984376,0.6883,562.2745922851562,3.2,-55.52,-5.73,-17.17,22.38,-21.94,2026-06-23,2204204.4297012542,,1423.47998046875,20260806,,,,,,
QQQU,Direxion Daily Magnificent 7 Bull 2X ETF,NYSE/AMEX,Direxion Funds,,100440075539.32422,0.98,81963.97988186032,4,91.0,32.74003955078125,0.0399,7645.510975097655,9.33,311.57,4.27,18.5,45.34,-41.79,2026-06-23,4530783.781643871,,1423.47998046875,20260806,81647.96471972656,0.0,,,,0.39
QSIG,WisdomTree U.S. Short Term Corporate Bond Fund,NYSE/AMEX,WisdomTree,,75321131435.01562,0.18,68685.04310467653,12,30.0,256.226396484375,0.373,3053.364558105469,4.45,-1.79,-1.52,-1.29,2.29,-2.5,2026-07-28,219568.2901081678,,1423.47998046875,20260806,,,,,,
QSOL,Invesco Galaxy Solana ETF,NYSE/AMEX,Invesco,,5802023262.031738,0.25,10448.343273846433,2,91.0,76.8679189453125,0.7357,96.796638671875,0.93,,-44.01,,68.78,-56.62,2026-06-22,147881.93233877383,,1423.47998046875,20260806,,,,,,
QTAC,Q3 All-Season Tactical Advantage ETF,NYSE/AMEX,Q3 Asset Management Corporation,,61817522051.015625,1.78,34732.48471402563,1,,19.928719726562505,0.0574,19.928719726562505,0.06,,-2.94,,30.26,-17.8,2025-12-23,875954.6822057962,,1423.47998046875,20260806,,,,,,
QTPI,North Square RCIM Tax-Advantaged Preferred and Income Securities ETF,NYSE/AMEX,North Square,,113022795866.51952,0.6,36227.566588958725,11,31.0,120.99579833984376,0.334,1469.03133984375,4.06,38.71,-1.13,0.18,4.37,-2.65,2026-06-29,402865.7137773521,,1423.47998046875,20260806,,,,,,
QUAL,iShares MSCI USA Quality Factor ETF,NYSE/AMEX,iShares,,68125622941329.87,0.15,319998.30395349115,4,91.0,549.4632724609376,0.1717,2684.683243164063,0.84,0.86,12.86,21.26,12.24,-9.23,2026-06-15,363816281.2770736,Equity,1423.47998046875,20260806,320064.00744527346,0.9,19.28138,11.42951,2013-07-16,-0.02
QUIZ,Zacks Quality International ETF,NYSE/AMEX,Zacks Funds,,125169361927.69922,0.55,42259.561920166016,1,,66.90355908203125,0.1583,66.90355908203125,0.16,,10.24,,18.99,-11.75,2025-12-29,713074.0788479401,,1423.47998046875,20260806,,,,,,
QUS,State Street SPDR MSCI USA StrategicFactors ETF,NYSE/AMEX,SPDR,,2235233674130.8594,0.15,275336.6195662841,2,188.0,1439.138260253906,0.5227,3454.785912597656,1.25,3.94,11.04,18.39,9.15,-6.85,2026-06-01,4517362.217333304,Equity MSCI USA Factor Mix A-Series Capped Index,1423.47998046875,20260806,275725.80888362793,0.73,17.63429,11.07078,,-0.14
QUSA,VistaShares Target 15 USA Quality Income ETF,NYSE/AMEX,VistaShares Advisors LLC,,30544509580.265625,0.97,26246.83483793214,12,28.0,321.7064755859375,1.2257,3964.391745605468,15.1,265.97,1.95,-8.08,11.75,-17.56,2026-07-27,386658.864624145,,1423.47998046875,20260806,,,,,,
QVML,Invesco S&P 500 QVM Multi-factor ETF,NYSE/AMEX,Invesco,,2089793239847.375,0.11,65188.83326434158,4,91.0,158.00627783203126,0.2424,637.7190312500001,0.98,4.92,14.06,22.78,12.57,-9.0,2026-06-22,548904.5327234458,,1423.47998046875,20260806,,,,,,
QVMT,Invesco S&P 500 Concentrated QVM ETF,NYSE/AMEX,,,195130635722.65625,0.13,93124.05771579592,4,91.0,261.92031640625,0.2813,1757.9977758789062,1.89,-9.92,13.8,29.13,14.97,-9.23,2026-06-22,638580.786720671,,1423.47998046875,20260806,,,,,,
QVOY,Q3 Active Rotation ETF,NYSE/AMEX,Q3 Asset Management Corporation,,83389085716.95703,1.32,42305.82404210512,1,,236.29767675781247,0.5585,236.29767675781247,0.56,-93.95,9.36,11.45,19.69,-9.39,2025-12-23,330494.45360185235,,1423.47998046875,20260806,,,,,,
QWLD,State Street SPDR MSCI World StrategicFactors ETF,NYSE/AMEX,SPDR,,252624992133.78903,0.3,225282.77928565443,2,188.0,1910.3101337890623,0.848,3953.003905761719,1.75,15.8,10.23,17.46,9.72,-7.66,2026-06-01,633300.4635284545,Equity MSCI World Factor Mix A-Series Index,1423.47998046875,20260806,,,,,,
RAAA,Reckoner Yield Enhanced AAA CLO ETF,NYSE/AMEX,Reckoner Capital Management LLC,,50026632391.67578,0.3,35586.99951171875,12,30.0,159.4297578125,0.448,1916.0040537109376,5.38,1743.84,-0.08,-0.28,1.95,-1.41,2026-08-03,288170.42857926205,,1423.47998046875,20260806,,,,,,
RAAX,VanEck Real Assets ETF,NYSE/AMEX,VanEck,,1626337857693.0625,0.55,57323.6806488689,1,,1161.5596640625,2.0263,1161.5596640625,2.03,51.11,13.92,26.16,15.45,-9.06,2025-12-29,7453837.970383101,,1423.47998046875,20260806,57010.37321777344,0.64,18.74225,13.40791,,0.55
RAFE,PIMCO RAFI ESG U.S. ETF,NYSE/AMEX,PIMCO,,234658419987.9844,0.29,70327.02669741213,4,91.0,270.4611962890625,0.3846,1024.9055859375,1.46,5.88,17.21,30.25,11.47,-7.46,2026-07-01,563511.1392342617,,1423.47998046875,20260806,,,,,,
RAVI,FlexShares Ultra-Short Income Fund,NYSE/AMEX,Flexshares Trust,,2127745539246.0,0.25,107038.57669693604,12,30.0,368.68131494140624,0.3444,4600.687296874999,4.3,-12.22,-0.23,-0.22,1.31,-0.67,2026-08-03,4826987.777434999,,1423.47998046875,20260806,107020.4989355957,0.04,5.09318,3.6238,,0.02
RBLD,First Trust Alerian US NextGen Infrastructure ETF,NYSE/AMEX,First Trust,,80280359175.45117,0.65,126148.79977884516,4,91.0,233.450716796875,0.1851,1197.1466635742188,0.95,-3.78,16.84,20.87,14.3,-7.38,2026-06-25,262199.09693978605,,1423.47998046875,20260806,,,,,,
RBLU,T-REX 2X Long RBLX Daily Target ETF,NYSE/AMEX,Rex,,6380794563.810547,1.05,4782.892585046007,1,,536.6519526367188,11.2202,536.6519526367188,11.22,,-88.45,-96.58,134.74,-96.96,2025-12-24,3386005.094461407,,1423.47998046875,20260806,4617.769056640625,0.0,,,,3.58
RBLY,YieldMax RBLX Option Income Strategy ETF,NYSE/AMEX,YieldMax ETFs,,3151631651.597168,0.99,12647.619952273555,44,7.0,243.41507666015627,1.9246,24912.32313818359,196.97,,-69.27,-84.09,58.49,-84.2,2026-07-30,492705.6900647,,1423.47998046875,20260806,,,,,,
RCLO,Reckoner BBB-B CLO ETF,NYSE/AMEX,,,42476642617.1875,0.5,35302.30242959596,8,30.0,200.71067724609367,0.5685,1671.1654970703128,4.73,,-1.25,,3.45,-4.69,2026-07-01,103680.709528451,,1423.47998046875,20260806,,,,,,
RCTR,First Trust Bloomberg Nuclear Power ETF,NYSE/AMEX,First Trust,,37145664538.97266,0.7,48435.75475687161,3,97.5,93.9496787109375,0.194,297.50731591796875,0.61,,1.29,8.76,26.98,-19.13,2026-06-25,223799.63968162992,,1423.47998046875,20260806,,,,,,
RDFI,Rareview Dynamic Fixed Income ETF,NYSE/AMEX,Rareview Capital,,119959049400.46877,4.23,33295.19587434083,11,29.5,229.18027685546875,0.6883,2532.370885253906,7.61,-8.82,-2.46,-1.63,7.89,-8.61,2026-07-02,354388.80916422204,,1423.47998046875,20260806,,,,,,
RDIV,Invesco S&P Ultra Dividend Revenue ETF,NYSE/AMEX,Invesco,,2559523412858.3125,0.39,88918.24736243114,4,91.0,747.3269897460938,0.8405,3077.563717773437,3.46,8.75,18.53,29.84,13.57,-5.27,2026-06-22,2656874.686119262,,1423.47998046875,20260806,,,,,,
RDTE,Roundhill Russell 2000 0DTE Covered Call Strategy ETF,NYSE/AMEX,Roundhill Investments,,248751258981.1797,0.97,40899.42729840148,52,7.0,325.9769155273437,0.797,17810.581515625,43.55,-0.77,-2.77,-14.0,18.31,-22.82,2026-07-30,3493468.6064703893,,1423.47998046875,20260806,40573.87692729492,0.0,,,,0.8
RDVI,FT Vest Rising Dividend Achievers Target Income ETF,NYSE/AMEX,First Trust,,5116783469772.0,0.75,42611.872455111705,12,30.0,290.389916015625,0.6815,3217.0647558593755,7.55,6.55,13.05,20.41,14.01,-9.43,2026-07-21,16047350.916466754,,1423.47998046875,20260806,42462.40781738281,0.84,19.61676,,2022-10-19,0.35
RDYY,YieldMax RDDT Option Income Strategy ETF,NYSE/AMEX,YieldMax ETFs,,18177716931.307617,1.01,23288.13334929198,43,7.0,392.880474609375,1.687,29292.371038085937,125.78,,-57.33,,61.13,-72.62,2026-07-30,1082423.280755472,,1423.47998046875,20260806,,,,,,
RECS,Columbia Research Enhanced Core ETF,NYSE/AMEX,Columbia Threadneedle,,8307917112177.25,0.15,64056.59912109375,1,,646.2599111328125,1.0089,646.2599111328125,1.01,20.11,9.86,18.51,12.24,-8.82,2025-12-18,25726225.7804825,,1423.47998046875,20260806,64113.5383203125,0.93,21.32176,13.750100000000002,2019-09-25,-0.09
REET,iShares Global REIT ETF,NYSE/AMEX,iShares,,7311397969550.783,0.14,40120.78248929139,4,90.0,279.002076171875,0.6954,1322.4129018554688,3.3,-5.01,12.65,13.92,12.51,-9.49,2026-06-15,52338562.78762962,Real Estate,1423.47998046875,20260806,40416.795911450194,0.98,10.97767,2.7177898,2014-07-08,-0.73
REGL,ProShares S&P MidCap 400 Dividend Aristocrats ETF,NYSE/AMEX,ProShares,,2534961755472.437,0.4,135871.15979162604,4,91.0,661.9181909179688,0.4872,2895.358280273437,2.13,7.28,12.63,15.31,13.1,-9.67,2026-06-24,5188705.233476372,,1423.47998046875,20260806,135215.22456074218,0.65,12.54818,8.3432704,,0.49
REK,ProShares Short Real Estate,NYSE/AMEX,ProShares,,16715195165.41455,0.95,21780.951753341127,4,91.0,175.08803759765624,0.8039,717.43391015625,3.29,-42.2,-11.14,-9.89,14.17,-14.33,2026-06-24,173431.04544155532,,1423.47998046875,20260806,,,,,,
REM,iShares Mortgage Real Estate ETF,NYSE/AMEX,iShares,,765943418225.2019,0.48,30562.11420323793,4,91.0,710.3165102539062,2.3242,2758.7042021484376,9.03,-6.06,-4.87,-1.69,17.98,-14.9,2026-06-15,14181851.684613286,Real Estate,1423.47998046875,20260806,30699.139363583985,0.93,5.58175,-1.4680901,2007-05-01,-0.45
REMX,VanEck Rare Earth and Strategic Metals ETF,NYSE/AMEX,VanEck,,2705696631860.0625,0.53,105793.03171402588,1,,1851.947454589844,1.7505,1851.947454589844,1.75,30.49,-3.2,45.47,50.12,-41.03,2025-12-22,96250694.99924356,,1423.47998046875,20260806,102988.77658691406,1.45,-1.84507,-5.8725,2010-10-27,2.72
RETL,Direxion Daily Retail Bull 3X ETF,NYSE/AMEX,Direxion Funds,,41709401142.51465,0.96,13821.990664653014,2,91.0,37.0104794921875,0.2678,71.1739990234375,0.51,-46.81,3.08,11.1,61.46,-38.25,2026-06-23,4433334.79155208,,1423.47998046875,20260806,13589.963373535156,3.46,7.633909999999999,-25.637310000000003,,1.71
REVS,Columbia Research Enhanced Value ETF,NYSE/AMEX,Columbia Threadneedle,,475069338946.0,0.19,48037.0409162119,1,,856.9349482421875,1.7839,856.9349482421875,1.78,28.91,18.45,26.56,11.83,-6.94,2025-12-18,1269134.2230593008,,1423.47998046875,20260806,,,,,,
REW,ProShares UltraShort Technology,NYSE/AMEX,ProShares,,5103020570.662598,0.95,16512.36831645202,4,91.0,286.1194760742188,1.7328,1527.3940190429687,9.25,-49.0,-47.08,-57.73,52.43,-61.13,2026-06-24,466680.564446833,,1423.47998046875,20260806,,,,,,
REZ,iShares Residential and Multisector Real Estate ETF,NYSE/AMEX,iShares,,1245102003143.043,0.48,136725.2564681396,3,136.0,721.7043500976563,0.5279,2686.106723144532,1.96,-6.49,16.18,17.03,15.62,-8.76,2026-06-15,4330007.167795554,Real Estate,1423.47998046875,20260806,136637.69387042482,0.84,12.95032,4.06141,,0.06
RFDA,ALPS Dynamic US Dividend Advantage ETF,NYSE/AMEX,ALPS,,125338232204.7422,0.52,103814.53659377249,12,28.0,75.44443896484374,0.0727,1816.3604550781247,1.75,7.41,14.7,23.43,11.63,-5.94,2026-07-16,160252.19644523712,,1423.47998046875,20260806,,,,,,
RFG,Invesco S&P MidCap 400 Pure Growth ETF,NYSE/AMEX,Invesco,,482089668901.5156,0.35,87729.07271672972,4,91.0,11.38783984375,0.013,126.68971826171874,0.14,-58.8,15.33,23.63,19.89,-10.42,2026-06-22,519285.3592064086,,1423.47998046875,20260806,,,,,,
RFIX,Simplify Bond Bull ETF,NYSE/AMEX,Simplify Asset Management,,64951079777.30078,0.5,52597.58636434935,12,30.0,142.347998046875,0.2706,2321.695848144532,4.41,79.23,-0.14,-17.78,29.3,-21.47,2026-07-28,20157017.98115364,,1423.47998046875,20260806,53299.07621269531,0.0,,,2024-12-09,-1.32
RFLR,Innovator U.S. Small Cap Managed Floor ETF,NYSE/AMEX,Innovator ETFs,,130911930701.38672,0.89,46957.18595345877,4,91.0,68.3270390625,0.1455,274.7316362304688,0.59,36.88,15.36,27.6,12.6,-5.79,2026-06-30,439687.47064743954,,1423.47998046875,20260806,,,,,,
RFV,Invesco S&P MidCap 400 Pure Value ETF,NYSE/AMEX,Invesco,,480400806701.3281,0.35,215187.46604099125,4,91.0,761.5617895507813,0.3539,3433.433712890625,1.6,6.77,16.87,25.51,16.88,-12.51,2026-06-22,957727.3825163824,,1423.47998046875,20260806,,,,,,
RGEF,Rockefeller Global Equity ETF,NYSE/AMEX,Rockefeller & Co. LLC,,1159533995111.0938,0.55,50433.89614241943,4,91.0,179.3584775390625,0.3556,471.1718735351563,0.93,26.34,14.7,25.74,15.49,-10.3,2026-06-29,287086.8827891255,,1423.47998046875,20260806,,,,,,
RGTU,Tradr 2X Long RGTI Daily ETF,NYSE/AMEX,AXS,,12318965145.094238,1.3,19216.979736328125,1,,13251.175138183591,68.9556,13251.175138183591,68.96,,-73.4,-71.21,214.4,-98.17,2025-12-12,6930652.040469804,,1423.47998046875,20260806,18035.491352539066,0.0,,,,6.55
RIET,Hoya Capital High Dividend Yield ETF,NYSE/AMEX,Hoya Capital Real Estate,,154628507880.29688,0.5,13544.412502873223,12,28.0,122.41927832031249,0.9038,1469.0313398437495,10.85,0.0,1.58,1.34,13.42,-12.84,2026-07-21,765746.5261276595,,1423.47998046875,20260806,,,,,,
RIGS,ALPS Strategic Income Fund,NYSE/AMEX,ALPS,,85983708228.7168,0.45,32277.40747109987,12,28.0,130.960158203125,0.4057,1568.6749384765626,4.86,1.19,-1.63,-1.88,10.02,-7.36,2026-07-16,289013.5725245533,,1423.47998046875,20260806,,,,,,
RINF,ProShares Inflation Expectations ETF,NYSE/AMEX,ProShares,,26121486819.75293,0.3,46376.980370141566,4,91.0,361.5639150390625,0.7796,1693.9411767578124,3.65,-11.19,0.93,0.12,4.59,-3.93,2026-06-24,148833.20102290422,,1423.47998046875,20260806,,,,,,
RIOX,Defiance Daily Target 2X Long RIOT ETF,NYSE/AMEX,Defiance ETFs LLC,,21515393145.91211,0.95,47401.88226358034,1,,18294.564708984377,38.5946,18294.564708984377,38.59,,27.15,-22.05,181.69,-89.81,2025-12-30,9710569.347877136,,1423.47998046875,20260806,42195.50532104492,0.0,,,,12.34
RISE,Pictet Emerging Markets Rising Economies ETF,NYSE/AMEX,,,,,26811.24412889406,1,,126.68971826171874,0.4725,126.68971826171874,0.47,,-2.91,,17.72,-9.57,2026-06-25,341512.7528534981,,1423.47998046875,20260806,,,,,,
RISN,Inspire Capital Appreciation ETF,NYSE/AMEX,Inspire,,100787734901.91406,0.72,45132.85537019838,4,91.0,136.654078125,0.3028,508.1823530273437,1.13,9.85,8.94,11.03,12.54,-7.65,2026-06-26,309306.4224702904,,1423.47998046875,20260806,,,,,,
RISR,FolioBeyond Alternative Income and Interest Rate Hedge ETF,NYSE/AMEX,FolioBeyond,,442528859900.6406,1.04,52127.83536432497,12,31.0,256.226396484375,0.4915,3056.211518066406,5.86,4.07,2.03,-0.68,5.59,-4.58,2026-07-30,2217743.9892953667,,1423.47998046875,20260806,,,,,,
RIZE,Principal Inflation Protection ETF,NYSE/AMEX,Principal Funds,,15829678162.644531,0.19,34946.432434478775,1,,438.431833984375,1.2546,438.431833984375,1.25,,-1.92,,3.65,-2.31,2026-07-01,199021.65907713084,,1423.47998046875,20260806,,,,,,
RJDI,RJ Eagle GCM Dividend Select Income ETF,NYSE/AMEX,Raymond James,,155922212037.90625,0.63,42803.90139450878,3,90.5,103.91403857421876,0.2428,324.553435546875,0.76,,18.06,,12.28,-7.05,2026-06-30,840567.639178582,,1423.47998046875,20260806,,,,,,
RJMI,RJ Eagle Municipal Income ETF,NYSE/AMEX,Raymond James,,53443684696.95117,0.41,35800.52096577454,10,30.0,108.184478515625,0.3022,926.6854672851562,2.59,,-1.74,,3.14,-4.06,2026-07-31,264688.23161729774,,1423.47998046875,20260806,,,,,,
RJVI,RJ Eagle Vertical Income ETF,NYSE/AMEX,Raymond James,,22870435055.879883,0.51,35423.299639773555,10,30.0,115.30187841796877,0.3255,1182.9118637695312,3.34,,-0.32,,4.18,-3.35,2026-07-31,113251.94334634746,,1423.47998046875,20260806,,,,,,
RLY,State Street Multi-Asset Real Return ETF,NYSE/AMEX,SPDR,,1821470748208.008,0.5,51430.33321477659,4,91.0,425.6205141601562,0.8276,1567.2514584960936,3.05,43.55,13.72,22.56,10.93,-8.34,2026-06-25,5691897.677615679,Multi-Asset Bloomberg U.S. Government Inflation-Linked Bond Index,1423.47998046875,20260806,51408.723268232425,0.53,13.2045,10.7011296,,0.04
RMHY,Global X Adaptive Risk Managed Yield ETF,NYSE/AMEX,,,70789659428.71094,0.35,35530.059009265155,1,,187.899357421875,0.5288,187.899357421875,0.53,,-0.08,,,-2.17,2026-08-03,1976033.621520996,,1423.47998046875,20260806,,,,,,
RMME,Rareview Government Money Market ETF,NYSE/AMEX,Rareview Capital,,45721402599.54688,0.3,142483.230382666,7,30.0,405.6917944335937,0.2847,2693.224123046875,1.89,,-0.0,,1.04,-0.37,2026-07-02,288044.67167654546,,1423.47998046875,20260806,,,,,,
RMOP,Rockefeller Opportunistic Municipal Bond ETF,NYSE/AMEX,Rockefeller & Co. LLC,,618967814163.2812,0.8,35771.6244481504,12,31.0,169.39411767578125,0.4735,1864.7587744140624,5.21,23.47,0.3,3.84,3.88,-2.7,2026-07-30,1878023.524397588,,1423.47998046875,20260806,,,,,,
RNTY,YieldMax Target 12 Real Estate Option Income ETF,NYSE/AMEX,YieldMax ETFs,,12440168771.51123,0.99,70462.25903320312,12,28.0,714.5869501953125,1.0141,8570.772962402343,12.16,288.95,1.54,-1.31,11.35,-8.83,2026-08-05,378104.1980785354,,1423.47998046875,20260806,,,,,,
ROAM,Hartford Multifactor Emerging Markets ETF,NYSE/AMEX,Hartford Mutual Funds,,151235876797.5664,0.44,50163.43690098263,2,184.0,472.59535351562505,0.9421,1201.417103515625,2.4,-26.61,19.15,32.42,17.82,-11.96,2026-06-25,694982.1998628107,,1423.47998046875,20260806,,,,,,
ROBN,T-Rex 2X Long HOOD Daily Target ETF,NYSE/AMEX,Rex,,114447038832.2578,1.05,33900.17649508361,1,,3451.9389526367186,10.1827,3451.9389526367186,10.18,,-57.68,-62.7,140.83,-87.34,2025-12-24,52053280.99430764,,1423.47998046875,20260806,34614.193293066404,0.0,,,2025-01-29,-2.06
ROBO,ROBO Global Robotics and Automation Index ETF,NYSE/AMEX,Robo Global,,2830613946728.5,0.95,119700.4263446778,1,,415.656154296875,0.3472,415.656154296875,0.35,-5.5,18.92,33.65,26.85,-17.35,2025-12-30,12580455.030256234,,1423.47998046875,20260806,119643.49235839843,1.8,14.965649,4.8923403,2013-10-22,0.05
RODM,Hartford Multifactor Developed Markets (ex-US) ETF,NYSE/AMEX,Hartford Mutual Funds,,2314826794253.5,0.29,59914.272595135495,2,184.0,916.721107421875,1.5301,1649.8132973632812,2.75,-4.45,13.05,22.27,10.87,-7.1,2026-06-25,3522524.0617471826,,1423.47998046875,20260806,59660.18120141601,0.72,21.04223,10.32675,,0.43
ROKT,State Street SPDR S&P Kensho Final Frontiers ETF,NYSE/AMEX,SPDR,,300197693081.0547,0.45,171468.1290499121,4,91.0,68.3270390625,0.0398,441.2787939453125,0.26,-11.43,36.05,72.9,32.75,-22.86,2026-06-22,2532744.7117566112,Equity S&P Kensho Final Frontiers Index,1423.47998046875,20260806,,,,,,
ROM,ProShares Ultra Technology,NYSE/AMEX,ProShares,,1604955138575.25,0.95,207543.3854964599,3,91.0,32.74003955078125,0.0158,126.68971826171874,0.06,-65.1,53.85,78.83,52.06,-32.36,2026-03-25,5507631.376046656,,1423.47998046875,20260806,205565.45571948244,3.16,49.736,22.210449,,0.96
ROSC,Hartford Multifactor Small Cap ETF,NYSE/AMEX,Hartford Mutual Funds,,87510982675.4414,0.34,81238.00205093995,4,92.0,327.4003955078125,0.403,1429.173900390625,1.76,11.06,21.51,35.34,15.17,-7.75,2026-06-25,192190.47785396496,,1423.47998046875,20260806,,,,,,
ROUS,Hartford Multifactor U.S. Equity ETF,NYSE/AMEX,Hartford Mutual Funds,,1004740090244.9062,0.19,96803.7521620728,4,92.0,271.88467626953127,0.2809,1258.3563027343753,1.3,0.0,16.89,25.68,11.69,-6.28,2026-06-25,2334559.3002118114,,1423.47998046875,20260806,,,,,,
RPAR,RPAR Risk Parity ETF,NYSE/AMEX,Evoke,,810184677088.4375,0.52,31552.85776836425,4,91.0,415.656154296875,1.3173,757.2913496093751,2.4,-0.75,2.48,10.32,10.64,-8.58,2026-06-29,674426.5387843158,,1423.47998046875,20260806,,,,,,
RPG,Invesco S&P 500 Pure Growth ETF,NYSE/AMEX,Invesco,,2852377839621.5625,0.35,83330.51935987547,4,91.0,31.3165595703125,0.0376,130.960158203125,0.16,-31.85,23.61,25.3,25.11,-16.84,2026-06-22,20931224.95430236,,1423.47998046875,20260806,83572.50965332032,1.26,24.07975,8.8759094,2006-03-01,-0.29
RPV,Invesco S&P 500 Pure Value ETF,NYSE/AMEX,Invesco,,2371248894440.625,0.35,170888.7759993896,4,91.0,966.5429067382812,0.5656,3863.324666992188,2.26,21.76,14.91,30.66,12.42,-7.74,2026-06-22,17480456.25152746,,1423.47998046875,20260806,171301.58084960937,0.74,17.735639,12.48684,2006-03-01,-0.24
RSBA,Return Stacked Bonds & Merger Arbitrage ETF,NYSE/AMEX,Return stacked ETFs,,74960677834.36133,1.01,29699.201686009765,1,,1000.7064262695312,3.3695,1000.7064262695312,3.37,23333.33,0.11,-1.45,5.35,-5.45,2025-12-29,501732.7701170416,,1423.47998046875,20260806,,,,,,
RSBT,Return Stacked Bonds & Managed Futures ETF,NYSE/AMEX,Return stacked ETFs,,191616712757.75,1.01,26547.90109272767,1,,817.0775087890624,3.0777,817.0775087890624,3.08,,3.04,16.56,14.74,-6.1,2025-12-29,730447.0412913319,,1423.47998046875,20260806,,,,,,
RSBY,Return Stacked Bonds & Futures Yield ETF,NYSE/AMEX,Return stacked ETFs,,85760569200.89844,1.01,25196.593171968125,1,,452.6666337890625,1.7965,452.6666337890625,1.8,-23.0,15.65,9.84,11.4,-9.82,2025-12-29,232120.29601731623,,1423.47998046875,20260806,,,,,,
RSMV,Relative Strength Managed Volatility Strategy ETF,NYSE/AMEX,Teucrium,,31098078168.990234,0.95,41442.770341102034,1,,390.0335146484375,0.9411,390.0335146484375,0.94,,6.08,15.89,13.8,-7.27,2025-12-24,298103.42492110416,,1423.47998046875,20260806,,,,,,
RSP,Invesco S&P 500 Equal Weight ETF,NYSE/AMEX,Invesco,,138515523857944.0,0.2,312147.8127300292,4,91.0,1153.0187841796876,0.3694,4563.676817382812,1.46,11.79,13.7,19.92,11.73,-8.25,2026-06-22,2817307386.29577,,1423.47998046875,20260806,312852.4301074219,0.84,15.09515,9.245051,2003-04-24,-0.23
RSPA,Invesco S&P 500 Equal Weight Income Advantage ETF,NYSE/AMEX,Invesco,,1458793762926.9375,0.29,77394.60501764528,12,28.0,593.5911518554688,0.767,6838.397826171876,8.84,1.67,6.38,9.31,9.58,-7.09,2026-07-20,6703243.945999282,,1423.47998046875,20260806,77181.08454101562,0.0,,,,0.28
RSPC,Invesco S&P 500 Equal Weight Communication Services ETF,NYSE/AMEX,Invesco,,79467557800.52344,0.4,51871.60853342898,4,91.0,128.1131982421875,0.247,926.6854672851562,1.79,73.14,-8.05,-3.65,14.83,-16.29,2026-06-22,470557.5913622731,,1423.47998046875,20260806,,,,,,
RSPD,Invesco S&P 500 Equal Weight Consumer Discretionary ETF,NYSE/AMEX,Invesco,,466554058927.15625,0.4,82790.44797965139,4,91.0,199.28719726562505,0.2407,701.7756303710937,0.85,-17.83,1.41,4.06,18.78,-14.0,2026-06-22,2638457.9408800346,,1423.47998046875,20260806,,,,,,
RSPE,Invesco ESG S&P 500 Equal Weight ETF,NYSE/AMEX,Invesco,,97172984003.03123,0.2,49537.10223428346,4,91.0,187.899357421875,0.3793,707.4695502929687,1.43,9.23,16.08,26.48,12.62,-9.33,2026-06-22,361690.71871741547,,1423.47998046875,20260806,,,,,,
RSPF,Invesco S&P 500 Equal Weight Financial ETF,NYSE/AMEX,Invesco,,438009071818.0156,0.4,120437.07984104007,4,91.0,412.8091943359375,0.3428,1787.89085546875,1.48,1.7,7.88,11.19,15.24,-14.59,2026-06-22,978034.4300233758,,1423.47998046875,20260806,,,,,,
RSPG,Invesco S&P 500 Equal Weight Energy ETF,NYSE/AMEX,Invesco,,795203108298.1562,0.4,147088.18898830563,4,91.0,764.4087495117188,0.5197,2976.496639160156,2.02,4.34,27.16,39.88,22.09,-14.15,2026-06-22,10263782.028499162,,1423.47998046875,20260806,147814.161171875,0.01,14.00379,24.040951,,-0.49
RSPH,Invesco S&P 500 Equal Weight Health Care ETF,NYSE/AMEX,Invesco,,1095180127818.7188,0.4,49750.62640341185,4,91.0,89.67923876953125,0.1803,330.24735546875,0.66,4.5,9.18,26.49,15.82,-11.03,2026-06-22,2975854.110343006,,1423.47998046875,20260806,,,,,,
RSPM,Invesco S&P 500 Equal Weight Materials ETF,NYSE/AMEX,Invesco,,269701012428.1328,0.4,57522.68460976146,4,91.0,387.1865546875,0.6731,979.3542265625,1.7,-1.29,16.56,27.2,18.69,-12.32,2026-06-22,925205.244410891,,1423.47998046875,20260806,,,,,,
RSPN,Invesco S&P 500 Equal Weight Industrials Portfolio,NYSE/AMEX,Invesco,,1547529633043.8125,0.4,92526.19873046876,4,91.0,206.4045971679688,0.2231,740.20958984375,0.8,2.56,13.3,18.38,16.46,-12.54,2026-06-22,9127756.411901224,,1423.47998046875,20260806,91657.87594238282,1.02,17.4615,12.22026,,0.95
RSPR,Invesco S&P 500 Equal Weight Real Estate ETF,NYSE/AMEX,Invesco,,146112909001.9375,0.4,52933.5277266223,4,91.0,407.11527441406247,0.7691,1478.9956997070312,2.79,14.81,10.51,7.26,14.39,-9.83,2026-06-22,549635.3126818592,,1423.47998046875,20260806,,,,,,
RSPS,Invesco S&P 500 Equal Weight Consumer Staples ETF,NYSE/AMEX,Invesco,,364940682860.8906,0.4,44113.64426891785,4,91.0,340.21171533203125,0.7712,1265.4737026367188,2.87,7.11,6.49,0.94,15.02,-12.36,2026-06-22,2531151.3753181626,,1423.47998046875,20260806,,,,,,
RSPT,Invesco S&P 500 Equal Weight Technology ETF,NYSE/AMEX,Invesco,,7770394308652.0,0.4,90735.0327589512,4,91.0,61.20963916015624,0.0675,232.02723681640623,0.26,-5.78,39.3,55.77,25.46,-13.35,2026-06-22,23785066.801695075,,1423.47998046875,20260806,91017.30995117188,1.56,30.41135,16.8539,2006-11-01,-0.31
RSPU,Invesco S&P 500 Equal Weight Utilities ETF,NYSE/AMEX,Invesco,,772635689425.7188,0.4,110590.16315791012,4,91.0,725.9747900390626,0.6565,2879.7000004882807,2.6,12.26,2.76,3.42,14.3,-9.08,2026-06-22,3505263.2964749886,,1423.47998046875,20260806,109921.12409179688,0.46,15.47543,9.94606,,0.61
RSSB,Return Stacked Global Stocks & Bonds ETF,NYSE/AMEX,Return stacked ETFs,,724804848924.875,0.39,44455.27913842164,1,,1393.586900878906,3.1348,1393.586900878906,3.13,235.27,10.45,17.49,16.37,-11.63,2025-12-29,2251984.743857061,,1423.47998046875,20260806,,,,,,
RSSL,Global X Russell 2000 ETF,NYSE/AMEX,Global X Funds,,2119590388274.375,0.08,167246.0825624317,4,91.0,367.2578349609375,0.2196,2007.1067724609368,1.2,10.24,20.6,35.91,19.36,-10.93,2026-07-06,2451763.9576088954,,1423.47998046875,20260806,,,,,,
RSST,Return Stacked U.S. Stocks & Managed Futures ETF,NYSE/AMEX,Return stacked ETFs,,683648785767.3281,0.99,47615.406432708725,1,,452.6666337890625,0.9507,452.6666337890625,0.95,1282.61,17.08,43.44,23.02,-11.71,2025-12-29,2316063.1786220595,,1423.47998046875,20260806,,,,,,
RSSX,Return Stacked U.S. Stocks & Gold/Bitcoin ETF,NYSE/AMEX,Return stacked ETFs,,86313636724.66992,0.67,36099.45317351073,1,,559.4276323242187,1.5497,559.4276323242187,1.55,,-1.48,15.33,35.24,-27.37,2025-12-29,620099.6697990752,,1423.47998046875,20260806,,,,,,
RSSY,Return Stacked U.S. Stocks & Futures Yield ETF,NYSE/AMEX,Return stacked ETFs,,131329272255.98048,0.99,36156.39096089173,1,,556.5806723632812,1.5394,556.5806723632812,1.54,,31.67,33.96,13.75,-9.18,2025-12-29,448049.3452031869,,1423.47998046875,20260806,,,,,,
RTRE,Rareview Total Return Bond ETF,NYSE/AMEX,Rareview Capital,,82749146056.9375,0.7,35131.486352380365,11,29.5,143.77147802734376,0.4092,1456.2200200195311,4.15,-16.22,-2.14,-1.65,4.42,-4.85,2026-07-02,310583.53500174714,,1423.47998046875,20260806,,,,,,
RVER,Trenchless Fund ETF,NYSE/AMEX,River1 Asset Management LLC,,191408406391.3281,0.66,51586.91688145138,1,,750.1739497070313,1.4542,750.1739497070313,1.45,,15.6,17.02,25.02,-22.91,2025-12-17,403103.18545390887,,1423.47998046875,20260806,,,,,,
RVNU,Xtrackers Municipal Infrastructure Revenue Bond Active ETF,NYSE/AMEX,Xtrackers,,203212585659.7656,0.15,35295.18622432556,12,30.0,111.0314384765625,0.3146,1271.1676225585936,3.6,8.11,0.75,4.97,5.06,-3.15,2026-08-03,525755.298495456,,1423.47998046875,20260806,,,,,,
RW,Rainwater Equity ETF,NYSE/AMEX,"Rainwater Equity, LLC",,24753923979.87696,0.95,37254.46406075452,1,,37.0104794921875,0.0993,37.0104794921875,0.1,,5.28,1.13,15.84,-17.02,2025-09-29,118463.93657003457,,1423.47998046875,20260806,,,,,,
RWEM,Rayliant Wilshire NxtGen Emerging Markets Equity ETF,NYSE/AMEX,Rayliant,,100012484928.8711,0.52,51045.992968432605,1,,913.8741474609376,1.7903,913.8741474609376,1.79,-24.65,19.93,34.61,37.85,-15.39,2025-12-30,382566.3193924436,,1423.47998046875,20260806,,,,,,
RWJ,Invesco S&P SmallCap 600 Revenue ETF,NYSE/AMEX,Invesco,,2939290926541.6875,0.39,88376.7532841675,4,91.0,216.36895703125,0.2448,864.0523481445313,0.98,19.25,26.5,40.4,18.55,-11.31,2026-06-22,5052442.983765469,,1423.47998046875,20260806,87472.84479980469,1.15,16.860970000000002,11.00473,,1.03
RWK,Invesco S&P MidCap 400 Revenue ETF,NYSE/AMEX,Invesco,,1875294439426.625,0.39,216070.01667829603,4,91.0,489.67711328124994,0.2266,2115.291250976562,0.98,0.41,18.44,28.19,16.38,-11.13,2026-06-22,3017759.8368895026,,1423.47998046875,20260806,214475.7286572265,1.02,16.423178999999998,12.29181,,0.74
RWL,Invesco S&P 500 Revenue ETF,NYSE/AMEX,Invesco,,13779924658790.5,0.39,190212.51239013672,4,91.0,558.00415234375,0.2934,2288.95580859375,1.2,9.09,15.87,28.75,9.9,-6.99,2026-06-22,29160519.228506748,,1423.47998046875,20260806,190632.4389843749,0.77,19.729099,14.26019,2008-02-19,-0.22
RWLC,Rayliant Wilshire NxtGen US Large Cap Equity ETF,NYSE/AMEX,Rayliant,,139516366118.3672,0.32,55159.84924316406,1,,6940.888384765625,12.5832,6940.888384765625,12.58,1467.85,17.23,6.46,18.79,-20.85,2025-12-30,294950.43717266555,,1423.47998046875,20260806,,,,,,
RWM,ProShares Short Russell2000,NYSE/AMEX,ProShares,,190490717317.5196,0.95,18975.41565497918,4,91.0,199.28719726562505,1.0502,733.0921899414062,3.86,-44.14,-17.82,-27.94,19.35,-28.39,2026-06-24,282283844.5194724,,1423.47998046875,20260806,19030.219162890626,-1.23,-11.579,-6.21158,2007-01-23,-0.29
RWO,State Street SPDR Dow Jones Global Real Estate ETF,NYSE/AMEX,SPDR,,1851164540600.586,0.5,72312.64073800854,4,91.0,622.0607514648437,0.8602,2278.991448730469,3.15,-3.15,12.19,14.93,13.08,-10.06,2026-06-22,3116864.3215137497,Alternative Dow Jones® Global Select Real Estate Securities IndexSM,1423.47998046875,20260806,71948.50024601074,0.97,10.83751,2.3132902,,0.51
RWR,State Street SPDR Dow Jones REIT ETF,NYSE/AMEX,SPDR,,2736255922856.4453,0.25,163258.92243525386,4,91.0,1370.8112211914065,0.8397,5382.177806152344,3.3,-0.26,16.53,19.25,14.03,-8.6,2026-06-22,34918696.03758927,Alternative Dow Jones U.S. Select REIT Capped Index,1423.47998046875,20260806,164510.98348118164,0.97,12.64191,4.56312,2001-04-23,-0.76
RWX,State Street SPDR Dow Jones International Real Estate ETF,NYSE/AMEX,SPDR,,382574479550.78125,0.59,39857.439453125,4,91.0,466.90143359375,1.1714,1531.6644589843752,3.84,13.38,-0.71,1.23,13.81,-14.18,2026-06-22,1014549.1462464656,Alternative Dow Jones Global ex-U.S. Select Real Estate Securities Index,1423.47998046875,20260806,,,,,,
RXD,ProShares UltraShort Health Care,NYSE/AMEX,ProShares,,4618302861.633301,0.95,22602.29922421882,4,91.0,206.4045971679688,0.9132,761.5617895507811,3.37,-17.94,-11.69,-38.69,31.0,-42.35,2026-06-24,117106.08574910184,,1423.47998046875,20260806,,,,,,
RXI,iShares Global Consumer Discretionary ETF,NYSE/AMEX,iShares,,391837123285.1546,0.37,290549.77948999405,2,181.0,1574.3688583984376,0.5419,4045.530104492188,1.39,37.83,-0.82,6.88,16.96,-15.17,2026-06-15,2255470.489082488,Equity,1423.47998046875,20260806,,,,,,
RXL,ProShares Ultra Health Care,NYSE/AMEX,ProShares,,119870770866.0,0.95,79828.75991115719,4,91.0,251.95595654296875,0.3156,1007.823826171875,1.26,12.65,7.35,48.64,31.26,-21.59,2026-06-24,578032.0583138637,,1423.47998046875,20260806,,,,,,
RYLD,Global X Russell 2000 Covered Call ETF,NYSE/AMEX,Global X Funds,,1952023882239.4373,0.6,23209.841515954584,12,28.0,229.18027685546875,0.9874,2651.943203613281,11.43,-1.74,5.6,10.17,10.83,-7.81,2026-07-20,11284582.206722807,,1423.47998046875,20260806,23188.488881835936,0.54,8.9093104,3.3924700000000003,2019-04-18,0.09
RZG,Invesco S&P SmallCap 600 Pure Growth ETF,NYSE/AMEX,Invesco,,197452752920.875,0.35,100739.67343924569,4,91.0,122.41927832031249,0.1215,434.1613940429688,0.43,-11.85,29.12,38.14,19.43,-8.71,2026-06-22,450906.7170798921,,1423.47998046875,20260806,,,,,,
RZV,Invesco S&P SmallCap 600 Pure Value ETF,NYSE/AMEX,Invesco,,421234783728.1719,0.35,215600.2873988524,4,91.0,824.1949086914062,0.3823,2955.1444394531245,1.37,33.59,26.44,39.74,20.06,-12.56,2026-06-22,933669.8200468998,,1423.47998046875,20260806,,,,,,
SAA,ProShares Ultra SmallCap600,NYSE/AMEX,ProShares,,41493348198.03906,0.95,54182.2059033066,4,91.0,48.3983193359375,0.0893,398.5743945312501,0.74,-3.78,44.95,69.25,35.58,-18.2,2026-06-24,219546.43449183003,,1423.47998046875,20260806,,,,,,
SAGP,Strategas Global Policy Opportunities ETF,NYSE/AMEX,"Strategas Asset Management, LLC",,112131184945.95312,0.65,52668.75927734375,2,68.0,1385.0460209960936,2.6297,1664.0480971679688,3.16,84.38,8.63,12.83,13.51,-8.91,2025-12-30,210692.8609826441,,1423.47998046875,20260806,,,,,,
SAMM,Strategas Macro Momentum ETF,NYSE/AMEX,"Strategas Asset Management, LLC",,40797926982.30078,0.65,44341.40084858704,1,,442.7022739257813,0.9984,442.7022739257813,1.0,63.68,2.21,14.78,19.77,-12.96,2025-12-30,102979.886524436,,1423.47998046875,20260806,,,,,,
SAMT,Strategas Macro Thematic Opportunities ETF,NYSE/AMEX,"Strategas Asset Management, LLC",,1236345794781.6562,0.66,62227.427563397214,1,,384.33959472656255,0.6176,384.33959472656255,0.62,-33.99,12.2,22.42,17.72,-9.79,2025-12-30,4661385.43806342,,1423.47998046875,20260806,61807.50075195313,0.91,25.1895,,,0.68
SBAR,Simplify Barrier Income ETF,NYSE/AMEX,Simplify Asset Management,,571951887481.6562,0.75,36540.73120723572,12,30.0,355.8699951171875,0.9739,4526.666337890625,12.39,278.57,-2.1,-1.91,9.19,-8.72,2026-07-28,3518151.5279750293,,1423.47998046875,20260806,36435.53592807617,0.0,,,,0.29
SBIL,Simplify Government Money Market ETF,NYSE/AMEX,Simplify Asset Management Inc.,,7040625819198.75,0.15,142537.17344497517,12,30.0,441.2787939453125,0.3096,5508.867524414062,3.86,,0.0,-0.13,1.13,-0.48,2026-07-28,21960278.32960012,,1423.47998046875,20260806,142539.74080024412,0.0,,,,-0.0
SBIT,ProShares UltraShort Bitcoin ETF,NYSE/AMEX,ProShares,,251301451835.78903,0.97,79102.78208023682,12,30.0,734.515669921875,0.9286,4118.127583496093,5.21,3187.5,33.45,87.1,88.8,-49.11,2026-08-03,77362094.21834716,,1423.47998046875,20260806,78278.30290996094,0.0,,,2024-04-01,1.05
SBND,Columbia Short Duration Bond ETF,NYSE/AMEX,Columbia Threadneedle,,280048390896.71875,0.25,26555.020013070665,12,30.0,119.572318359375,0.4503,1209.9579833984374,4.56,-4.06,-1.35,-0.88,2.81,-2.31,2026-08-03,1453099.402463533,,1423.47998046875,20260806,,,,,,
SCAP,Infrastructure Capital Small Cap Income ETF,NYSE/AMEX,InfraCap,,27913004702.21192,2.2,55024.9047050681,12,31.0,355.8699951171875,0.6467,3943.0395458984376,7.17,10.14,5.56,14.34,16.99,-12.57,2026-07-30,119242.0107157126,,1423.47998046875,20260806,,,,,,
SCC,ProShares UltraShort Consumer Discretionary,NYSE/AMEX,ProShares,,9596284950.811523,0.95,19984.09363212902,4,91.0,133.8071181640625,0.6696,725.9747900390626,3.63,-57.89,-4.04,-16.53,38.89,-25.55,2026-06-24,266341.41823549004,,1423.47998046875,20260806,,,,,,
SCCR,Schwab Core Bond ETF,NYSE/AMEX,Schwab ETFs,,2172048244757.8125,0.16,35814.75609138794,12,30.0,146.61843798828124,0.4094,1621.3436977539063,4.53,126.89,-2.56,-1.78,3.98,-4.48,2026-08-03,7803919.198603672,,1423.47998046875,20260806,35729.34750976563,0.0,,,,0.24
SCDV,Bahl & Gaynor Small Cap Dividend ETF,NYSE/AMEX,Bahl & Gaynor Inc.,,220445279854.6797,0.7,40263.13103035279,11,30.0,11.38783984375,0.0283,152.3123579101563,0.38,11.46,17.01,16.45,15.92,-11.45,2026-06-29,190829.99317234545,,1423.47998046875,20260806,,,,,,
SCEC,Sterling Capital Enhanced Core Bond ETF,NYSE/AMEX,Sterling Capital Funds,,858441787210.3125,0.39,35038.95939342957,11,30.0,140.92451806640625,0.4022,1594.2975781250002,4.55,190.16,-2.86,-2.51,3.94,-4.71,2026-07-01,3111041.1458637267,,1423.47998046875,20260806,34889.494321289065,0.0,,,,0.43
SCEP,Sterling Capital Hedged Equity Premium Income ETF,NYSE/AMEX,Sterling Capital Funds,,335470433764.4453,0.65,36412.61779178772,7,30.0,204.9811171875,0.5629,1357.9999013671877,3.73,,3.36,,11.06,-8.33,2026-07-01,1970131.34738605,,1423.47998046875,20260806,,,,,,
SCHA,Schwab U.S. Small-Cap ETF,NYSE/AMEX,Schwab ETFs,,31643402599387.0,0.03,49501.51849285886,4,91.0,142.347998046875,0.2876,508.1823530273437,1.03,-9.51,20.75,34.58,19.37,-9.62,2026-06-24,95754085.33696675,,1423.47998046875,20260806,49394.75532226563,1.22,17.018089,7.883520400000001,2009-11-03,0.22
SCHB,Schwab U.S. Broad Market ETF,NYSE/AMEX,Schwab ETFs,,61574039102830.0,0.03,42351.80379649438,4,91.0,106.76099853515623,0.2521,427.043994140625,1.01,4.53,13.08,22.04,13.14,-9.16,2026-06-24,229604998.9161313,,1423.47998046875,20260806,42334.29461914062,1.03,21.027161,12.3004906,2009-11-03,0.04
SCHC,Schwab International Small-Cap Equity ETF,NYSE/AMEX,Schwab ETFs,,7684329205838.0,0.06,71629.51218277588,2,195.0,153.735837890625,0.2146,2394.2933271484376,3.34,33.07,9.61,15.89,16.96,-12.48,2026-06-24,19291420.700229265,,1423.47998046875,20260806,71344.81662109375,1.13,17.201990000000002,6.28919,2010-01-14,0.4
SCHD,Schwab US Dividend Equity ETF,NYSE/AMEX,Schwab ETFs,,148275286693100.0,0.06,47885.86567414552,4,91.0,360.14043505859377,0.7521,1491.80701953125,3.12,2.18,21.31,26.09,11.1,-5.4,2026-06-24,603328165.8385412,,1423.47998046875,20260806,47871.631743164064,0.56,14.974009999999998,9.59755,2011-10-20,0.03
SCHE,Schwab Emerging Markets Equity ETF,NYSE/AMEX,Schwab ETFs,,17923223832374.5,0.06,52291.53795134276,2,195.0,62.633119140625,0.1198,1355.1529414062502,2.59,17.68,9.62,19.19,18.34,-11.29,2026-06-24,81341907.12774573,,1423.47998046875,20260806,52369.82848144532,0.86,16.74319,6.37939,2010-01-14,-0.15
SCHF,Schwab International Equity ETF,NYSE/AMEX,Schwab ETFs,,95620393249550.0,0.03,39964.2015376892,2,195.0,234.87419677734377,0.5877,1199.9936235351563,3.0,48.94,15.25,26.46,17.58,-11.48,2026-06-24,254807487.5105214,,1423.47998046875,20260806,39957.08305175781,1.04,19.975531,10.24465,2009-11-03,0.02
SCHG,Schwab U.S. Large-Cap Growth ETF,NYSE/AMEX,Schwab ETFs,,85371351966610.0,0.04,50483.717724530026,4,91.0,48.3983193359375,0.0959,187.899357421875,0.37,15.28,9.12,17.36,16.62,-16.59,2026-06-24,404838340.6643365,,1423.47998046875,20260806,50476.60010742187,1.21,24.059191,13.69427,2009-12-11,0.01
SCHH,Schwab U.S. REIT ETF,NYSE/AMEX,Schwab ETFs,,16338287240806.5,0.07,34263.1626954712,4,91.0,239.14463671875,0.698,940.9202670898438,2.75,3.28,15.11,14.67,13.96,-8.78,2026-06-24,187718009.4042712,,1423.47998046875,20260806,34462.450327148435,0.98,11.14241,3.1080598,2011-01-13,-0.58
SCHI,Schwab 5-10 Year Corporate Bond ETF,NYSE/AMEX,Schwab ETFs,,16293116326385.0,0.03,31715.134942269884,12,30.0,145.1949580078125,0.4578,1619.9202177734376,5.11,-0.83,-2.96,-2.32,4.4,-4.51,2026-08-03,53509203.04849159,,1423.47998046875,20260806,31786.307963867184,1.07,6.058810299999999,0.8323499999999999,2019-10-09,-0.22
SCHJ,Schwab 1-5 Year Corporate Bond ETF,NYSE/AMEX,Schwab ETFs,,1208150141047.5625,0.03,34868.14331621397,12,30.0,149.46539794921875,0.4287,1577.215818359375,4.52,3.36,-1.59,-1.27,2.33,-2.4,2026-08-03,4997264.919548528,,1423.47998046875,20260806,34846.789921875,0.41,5.4405898,2.3816299,,0.06
SCHK,Schwab 1000 Index ETF,NYSE/AMEX,Schwab ETFs,,8136037621231.25,0.03,52871.31998333521,4,91.0,132.38363818359375,0.2504,530.9580327148437,1.0,7.49,12.93,21.7,13.14,-9.22,2026-06-24,46082498.39427097,,1423.47998046875,20260806,52839.576875,1.02,21.31623,12.55613,2017-10-11,0.06
SCHM,Schwab U.S. Mid Cap ETF,NYSE/AMEX,Schwab ETFs,,20634117145517.5,0.03,51174.1063838806,4,91.0,152.31235791015624,0.2976,629.1781513671875,1.23,9.41,17.95,26.36,16.81,-9.54,2026-06-24,39531641.9376998,,1423.47998046875,20260806,51102.93129882812,1.06,15.86315,8.11094,2011-01-13,0.14
SCHO,Schwab Short-Term U.S. Treasury ETF,NYSE/AMEX,Schwab ETFs,,18305611824660.0,0.03,34234.6924442444,12,30.0,115.30187841796877,0.3368,1326.6833417968746,3.88,-8.81,-1.27,-1.11,1.77,-1.76,2026-08-03,77129114.54616524,,1423.47998046875,20260806,34248.928330078124,0.22,4.25281,1.90065,2010-08-05,-0.04
SCHP,Schwab U.S. TIPS ETF,NYSE/AMEX,Schwab ETFs,,23322262474199.5,0.03,36882.36607673951,10,30.0,307.47167578125,0.8337,1856.21789453125,5.03,62.09,-2.15,-2.92,3.74,-4.68,2026-08-03,106720595.29224531,,1423.47998046875,20260806,36925.070693359376,0.7,3.88106,0.42945,2010-08-05,-0.12
SCHQ,Schwab Long-Term U.S. Treasury ETF,NYSE/AMEX,Schwab ETFs,,1129420720250.0312,0.03,42903.685742504895,12,30.0,180.7819575195313,0.4214,2099.632971191406,4.89,2.01,-4.77,-5.1,8.67,-9.8,2026-08-03,25120031.123000827,,1423.47998046875,20260806,43003.330209960935,2.25,0.26922,-6.93326,2019-10-09,-0.23
SCHR,Schwab Intermediate-Term U.S. Treasury ETF,NYSE/AMEX,Schwab ETFs,,18942460642740.5,0.03,34754.26502637938,12,30.0,126.68971826171874,0.3645,1379.3521010742184,3.97,1.52,-2.61,-2.3,3.59,-4.13,2026-08-03,60012073.226057865,,1423.47998046875,20260806,34804.08552246093,0.78,3.80444,-0.13277,2010-08-05,-0.14
SCHV,Schwab U.S. Large-Cap Value ETF,NYSE/AMEX,Schwab ETFs,,22394580252068.5,0.04,49536.961050508544,4,91.0,223.48635693359373,0.4512,869.7462680664063,1.76,2.57,16.39,24.95,11.41,-7.26,2026-06-24,115541586.34120052,,1423.47998046875,20260806,49565.57291992188,0.77,17.93932,10.981011,2009-12-11,-0.06
SCHX,Schwab U.S. Large-Cap ETF,NYSE/AMEX,Schwab ETFs,,102240689344980.0,0.03,43223.96928112488,4,91.0,108.184478515625,0.2503,431.31443408203126,1.0,5.57,12.59,21.17,12.95,-9.28,2026-06-24,464340457.6710597,,1423.47998046875,20260806,43202.61740722656,1.02,21.37263,12.69436,2009-11-03,0.05
SCHY,Schwab International Dividend Equity ETF,NYSE/AMEX,Schwab ETFs,,3589815902555.5,0.08,47693.69826604612,4,91.0,508.1823530273437,1.0655,1578.6392983398437,3.31,5.12,11.53,22.01,12.15,-9.25,2026-06-24,17604915.594320714,,1423.47998046875,20260806,47487.2921484375,0.75,16.728911,9.0546906,2021-04-28,0.43
SCHZ,Schwab US Aggregate Bond ETF,NYSE/AMEX,Schwab ETFs,,14945696912568.0,0.03,32455.342468658466,12,30.0,125.26623828125,0.386,1363.6938212890625,4.2,1.54,-2.44,-1.81,3.92,-4.13,2026-08-03,44309792.2078827,,1423.47998046875,20260806,32498.04795410156,0.99,4.18011,-0.31057,2011-07-14,-0.13
SCIO,First Trust Structured Credit Income Opportunities ETF,NYSE/AMEX,First Trust,,712550166712.2188,0.7,29259.63143294677,12,30.0,135.23059814453126,0.4622,1701.0585766601564,5.81,-25.41,-1.08,-0.92,3.62,-2.81,2026-07-21,3118197.923345376,,1423.47998046875,20260806,29167.104799804685,0.0,,,,0.32
SCJ,iShares MSCI Japan Sm Cap,NYSE/AMEX,iShares,,369014204660.0584,0.5,155408.43121179193,2,181.0,1313.8720219726565,0.8454,4153.7145830078125,2.67,96.5,18.35,23.17,17.44,-12.17,2026-06-15,4301770.477402159,Equity,1423.47998046875,20260806,154125.4301264795,0.84,18.95713,8.5220605,,0.83
SCMB,Schwab Municipal Bond ETF,NYSE/AMEX,Schwab ETFs,,5590385326124.375,0.03,36106.56937878113,12,30.0,116.7253583984375,0.3233,1291.096342285156,3.58,7.08,-1.57,1.34,3.14,-3.68,2026-08-03,26460685.58217539,,1423.47998046875,20260806,36070.98270507813,0.96,3.1062901,,2022-10-11,0.1
SCMC,Sterling Capital Multi-Strategy Income ETF,NYSE/AMEX,Sterling Capital Funds,,322589078725.1875,0.55,35473.121221884154,7,30.0,152.31235791015624,0.4294,925.2619873046874,2.61,,-0.5,,3.08,-2.28,2026-07-01,1745117.8143125428,,1423.47998046875,20260806,,,,,,
SCNM,Sterling Capital National Municipal Bond ETF,NYSE/AMEX,Sterling Capital Funds,,330375924180.58594,0.35,35266.574789323844,7,30.0,95.37315869140626,0.2704,630.6016313476563,1.79,,-1.31,,3.23,-3.14,2026-07-01,1775029.8136053495,,1423.47998046875,20260806,,,,,,
SCSB,Sterling Capital Short Duration Bond ETF,NYSE/AMEX,Sterling Capital Funds,,47238228703.21484,0.33,35352.12401170656,3,30.5,142.347998046875,0.4027,402.8448344726563,1.14,,-0.86,,2.25,-1.23,2026-07-01,124197.52441219754,,1423.47998046875,20260806,,,,,,
SCUS,Schwab Ultra-Short Income ETF,NYSE/AMEX,Schwab ETFs,,343996304474.34375,0.14,35764.934509277344,12,30.0,125.26623828125,0.3502,1385.0460209960934,3.87,-7.95,-0.28,-0.06,1.27,-0.71,2026-08-03,2865498.053792125,,1423.47998046875,20260806,,,,,,
SCYB,Schwab High Yield Bond ETF,NYSE/AMEX,Schwab ETFs,,3919970697662.0,0.03,36989.1281613037,12,30.0,220.63939697265624,0.5965,2559.4170048828123,6.92,-3.7,-1.76,-1.5,4.17,-3.74,2026-08-03,27640957.43841881,,1423.47998046875,20260806,36996.24469238281,0.65,8.416419999999999,,2023-07-10,-0.02
SDCI,USCF SummerHaven Dynamic Commodity Strategy No K-1 Fund,NYSE/AMEX,USCF Investments,,819340318117.375,0.6,40373.308676240966,1,,1154.4422641601564,2.8594,1154.4422641601564,2.86,-29.54,28.34,30.91,17.55,-11.03,2025-12-22,4752668.464770146,,1423.47998046875,20260806,40372.739206054684,0.84,20.01136,20.73073,,0.0
SDEM,Global X MSCI SuperDividend Emerging Markets ETF,NYSE/AMEX,Global X Funds,,64377468590.45117,0.66,47220.67288847268,12,29.0,199.28719726562505,0.422,2344.4715278320323,4.96,1.1,9.09,19.5,14.19,-9.42,2026-08-05,244515.8723526609,,1423.47998046875,20260806,,,,,,
SDFI,AB Short Duration Income ETF,NYSE/AMEX,AllianceBernstein,,268919351101.2578,0.3,50362.72322942503,12,30.0,183.6289174804688,0.3646,2276.144488769531,4.52,-11.17,-1.15,-1.08,2.32,-2.01,2026-08-03,813585.0676364823,,1423.47998046875,20260806,,,,,,
SDIV,Global X SuperDividend ETF,NYSE/AMEX,Global X Funds,,1727024400250.125,0.58,35074.54584992677,12,29.0,256.226396484375,0.7305,3198.559516113282,9.12,-3.19,1.82,6.67,12.38,-8.2,2026-08-05,13032730.4102513,,1423.47998046875,20260806,35103.016318359376,0.62,13.84772,1.30495,2011-06-08,-0.08
SDMF,Simplify DBi CTA Managed Futures Index ETF,NYSE/AMEX,,,50718591704.10156,0.35,36384.14754056092,1,,142.347998046875,0.3912,142.347998046875,0.39,,1.15,,12.84,-6.22,2026-06-25,636444.8778004482,,1423.47998046875,20260806,,,,,,
SDOG,ALPS Sector Dividend Dogs ETF,NYSE/AMEX,ALPS,,2010866035047.4373,0.36,101914.05093930662,4,91.0,933.8028671875,0.9163,3389.3058334960942,3.33,8.57,17.27,25.5,11.82,-7.13,2026-06-18,2532994.0797494226,,1423.47998046875,20260806,,,,,,
SDOW,UltraPro Short Dow30,NYSE/AMEX,ProShares,,213679468119.67188,0.95,30982.04090607912,4,91.0,310.3186357421875,1.0016,1856.2178945312496,5.99,-57.99,-30.66,-47.53,37.65,-48.67,2026-06-24,150147994.1601504,,1423.47998046875,20260806,30749.160450097657,-2.37,-34.72978,-26.89534,2010-02-09,0.76
SDP,ProShares UltraShort Utilities,NYSE/AMEX,ProShares,,5878267696.745605,0.95,32277.40747109987,4,91.0,243.41507666015627,0.7541,1305.3311420898438,4.04,-24.09,-7.3,-11.29,30.3,-27.42,2026-06-24,151790.58462196137,,1423.47998046875,20260806,,,,,,
SDS,ProShares UltraShort S&P500,NYSE/AMEX,ProShares,,595107465506.3438,0.91,76533.40028107911,4,91.0,875.4401879882812,1.1439,4310.297380859374,5.63,-48.2,-21.28,-32.96,25.75,-33.39,2026-06-24,263651803.5226068,,1423.47998046875,20260806,76481.0170866211,-1.87,-27.99936,-21.02442,2006-07-11,0.07
SDVD,FT Vest SMID Rising Dividend Achievers Target Income ETF,NYSE/AMEX,First Trust,,1294842394977.4375,0.85,33992.70073896181,13,28.0,233.450716796875,0.6868,2861.194760742187,8.42,9.42,10.2,14.37,14.43,-9.39,2026-07-21,4435398.013727758,,1423.47998046875,20260806,33708.0059375,0.0,,,,0.84
SDY,State Street SPDR S&P Dividend ETF,NYSE/AMEX,SPDR,,31357470384951.17,0.35,223472.26027668267,4,91.0,1377.92862109375,0.6166,5309.580327148437,2.38,4.78,12.1,13.56,10.83,-7.67,2026-06-22,36219980.82458933,Equity S&P High Yield Dividend Aristocrats Index,1423.47998046875,20260806,223703.9073790088,0.57,10.9797,7.84718,2005-11-08,-0.1
SEA,U.S. Global Sea to Sky Cargo ETF,NYSE/AMEX,U.S. Global Investors,,22472440017.700684,0.6,25764.98818949889,1,,1367.9642612304688,5.3094,1367.9642612304688,5.31,-59.96,26.4,24.36,18.2,-10.67,2025-12-24,255806.84125342505,,1423.47998046875,20260806,,,,,,
SECR,NYLI MacKay Securitized Income ETF,NYSE/AMEX,New York Life Investment Management LLC,,233393208205.6641,0.28,35843.22634261474,11,29.5,187.899357421875,0.5242,2123.832130859375,5.93,-1.13,-2.02,-3.17,4.42,-5.95,2026-06-30,178926.8730718301,,1423.47998046875,20260806,,,,,,
SECT,Main Sector Rotation ETF,NYSE/AMEX,Main Management ETFs,,3953529659551.625,0.69,103486.99023596196,4,91.0,128.1131982421875,0.1238,741.6330698242188,0.72,163.13,12.5,23.2,14.85,-11.03,2026-06-25,6738472.309103734,,1423.47998046875,20260806,102946.0721875,1.05,19.041799,12.3092,,0.53
SECU,iShares Securitized Income Active ETF,NYSE/AMEX,iShares,,1294872559528.8943,0.4,70618.84269987792,6,30.0,270.4611962890625,0.383,2051.2346518554687,2.9,,-1.28,,3.53,-2.55,2026-08-03,6793072.614882735,Fixed Income,1423.47998046875,20260806,70374.52996200684,0.79,6.92508,1.60094,,0.35
SEF,ProShares Short Financials,NYSE/AMEX,ProShares,,18728330375.592773,0.95,41565.61651571654,4,91.0,355.8699951171875,0.8562,1450.5261000976564,3.49,-36.27,-4.79,-10.43,14.62,-17.23,2026-06-24,481584.3667407245,,1423.47998046875,20260806,,,,,,
SEIM,SEI Enhanced U.S. Large Cap Momentum Factor ETF,NYSE/AMEX,SEI Investments Co,,1993457945343.25,0.15,78490.82643799856,4,91.0,115.30187841796877,0.1469,415.656154296875,0.53,13.62,18.33,27.46,18.76,-10.07,2026-07-06,4286101.418410951,,1423.47998046875,20260806,77892.82453125,1.19,28.37632,,,0.77
SEIQ,SEI Enhanced U.S. Large Cap Quality Factor ETF,NYSE/AMEX,SEI Investments Co,,976808634395.1876,0.15,59956.9752569031,4,91.0,136.654078125,0.2279,526.6875927734375,0.88,0.27,8.81,13.32,11.37,-9.9,2026-07-06,2063163.940159695,,1423.47998046875,20260806,,,,,,
SEIV,SEI Enhanced U.S. Large Cap Value Factor ETF,NYSE/AMEX,SEI Investments Co,,2077016812364.4373,0.15,71700.68509577028,4,91.0,288.9664360351563,0.403,1009.247306152344,1.41,19.16,20.44,40.42,12.84,-6.95,2026-07-06,4626440.27756982,,1423.47998046875,20260806,71544.10381835938,0.88,25.91152,,,0.22
SEIX,Virtus Seix Senior Loan ETF,NYSE/AMEX,Virtus,,357872432875.3125,0.57,33081.67442028504,12,31.0,175.08803759765624,0.5293,2362.976767578125,7.14,-5.95,-0.45,-1.65,2.6,-3.2,2026-07-20,2504221.7444062177,,1423.47998046875,20260806,,,,,,
SELV,SEI Enhanced Low Volatility U.S. Large Cap ETF,NYSE/AMEX,SEI Investments Co,,363719564794.4453,0.15,49245.432845737785,4,91.0,206.4045971679688,0.4191,815.6540288085938,1.66,-0.35,7.57,12.21,9.89,-5.98,2026-07-06,577581.1417806861,,1423.47998046875,20260806,,,,,,
SEMG,Suncoast Select Growth ETF,NYSE/AMEX,"Suncoast Equity Management, LLC",,88931194345.875,0.6,39729.326037677005,1,,18.50523974609375,0.0466,18.50523974609375,0.05,,2.76,6.02,13.28,-15.85,2025-12-23,280652.90611390193,,1423.47998046875,20260806,,,,,,
SEMI,Columbia Select Technology ETF,NYSE/AMEX,Columbia Threadneedle,,53557005091.23633,0.75,55330.66532037966,1,,1955.8614931640627,3.5349,1955.8614931640627,3.53,456.28,25.89,33.21,27.84,-18.24,2025-12-18,373564.1490737338,,1423.47998046875,20260806,,,,,,
SEPI,Shelton Equity Premium Income ETF,NYSE/AMEX,Shelton Capital Management,,237768735133.14844,0.54,40996.22235147096,9,30.0,284.69599609375,0.6944,2408.528126953125,5.88,,8.56,,12.85,-9.38,2026-06-29,977726.475743468,,1423.47998046875,20260806,,,,,,
SEPZ,TrueShares Structured Outcome (September) ETF,NYSE/AMEX,TrueShares,,182141062041.36328,0.8,66248.75959425047,1,,1320.989421875,1.994,1320.989421875,1.99,-32.85,10.25,14.55,11.11,-8.49,2025-12-24,425866.78308455023,,1423.47998046875,20260806,,,,,,
SETH,ProShares Short Ether ETF,NYSE/AMEX,ProShares,,22822497944.057617,0.95,62988.98913574219,12,30.0,2733.0815625,4.339,14102.416166503906,22.39,173.37,11.21,8.99,67.47,-33.47,2026-08-03,3588873.420605899,,1423.47998046875,20260806,62465.14850292968,0.0,,,,0.84
SFGV,Sequoia Global Value ETF,NYSE/AMEX,,,1665471577148.4375,0.33,51843.13828220218,4,91.0,301.77775585937496,0.5821,1190.0292636718748,2.3,26.48,14.37,23.24,11.65,-8.36,2026-06-29,802517.3038924016,,1423.47998046875,20260806,,,,,,
SFLR,Innovator Equity Managed Floor ETF,NYSE/AMEX,Innovator ETFs,,3014372503377.75,0.89,55515.290256811306,4,91.0,32.74003955078125,0.059,153.735837890625,0.28,-22.86,5.63,13.27,9.81,-6.79,2026-06-30,9987390.30295236,,1423.47998046875,20260806,55430.87983144531,0.67,14.44248,,,0.15
SFTX,Horizon International Managed Risk ETF,NYSE/AMEX,Horizon Investments,,704385586609.2031,0.82,44184.819896984845,1,,91.10271875,0.2062,91.10271875,0.21,,18.52,,22.43,-12.75,2025-12-24,5556082.818453653,,1423.47998046875,20260806,43887.73832182617,0.0,,,,0.68
SFTY,Horizon Managed Risk ETF,NYSE/AMEX,Horizon Investments,,723580747244.3906,0.77,45352.073046557605,1,,75.44443896484374,0.1664,75.44443896484374,0.17,,12.9,21.74,12.28,-8.64,2025-12-24,2292179.5981174787,,1423.47998046875,20260806,,,,,,
SFY,SoFi Select 500 ETF,NYSE/AMEX,SoFi,,934016138652.0938,0.05,217087.82137197256,2,181.0,902.4863076171875,0.4157,1772.232575683594,0.82,3.06,14.91,24.68,16.26,-10.79,2026-06-29,2913251.4584468524,,1423.47998046875,20260806,,,,,,
SFYF,SoFi Social 50 ETF,NYSE/AMEX,SoFi,,56292865286.6582,0.29,87999.53195816651,2,181.0,182.2054375,0.2071,314.58907568359376,0.36,48.32,10.65,25.96,20.66,-15.32,2026-06-29,294996.12175024266,,1423.47998046875,20260806,,,,,,
SGDJ,Sprott Junior Gold Miners ETF,NYSE/AMEX,Sprott,,383107840417.7031,0.5,120177.30169519036,1,,10026.992982421874,8.3435,10026.992982421874,8.34,223.12,0.9,60.02,53.67,-37.98,2025-12-18,6533106.94734812,,1423.47998046875,20260806,120526.04994628906,1.14,52.963150000000006,20.24538,,-0.29
SGDM,Sprott Gold Miners ETF,NYSE/AMEX,Sprott,,776850647811.4062,0.46,99387.37180191652,1,,1034.8699458007811,1.0412,1034.8699458007811,1.04,150.69,0.72,42.87,48.18,-38.29,2025-12-18,4833922.5185414655,,1423.47998046875,20260806,99387.37223632813,0.73,41.83905,21.51797,,-0.0
SGLC,SGI U.S. Large Cap Core ETF,NYSE/AMEX,Summit Global Investments,,290996682898.1797,0.85,64903.57144711912,1,,126.68971826171874,0.1952,126.68971826171874,0.2,-96.87,18.37,30.13,14.59,-9.67,2025-12-23,654656.024091561,,1423.47998046875,20260806,,,,,,
SGOV,iShares 0-3 Month Treasury Bond ETF,NYSE/AMEX,iShares,,142815286334754.75,0.09,143002.65635088086,12,30.0,437.0083540039062,0.3056,5359.402126464844,3.75,-15.64,0.05,0.03,1.05,-0.46,2026-08-03,1726300447.0750425,Fixed Income,1423.47998046875,20260806,142972.54988830566,0.0,4.6279002,3.66566,2020-05-26,0.02
SGRT,SMART Earnings Growth 30 ETF,NYSE/AMEX,,,73707793388.67188,0.59,45779.11595466919,1,,56.93919921875,0.1244,56.93919921875,0.12,,26.71,,39.02,-24.98,2025-12-23,1350715.8536408164,,1423.47998046875,20260806,,,,,,
SGVT,Schwab Government Money Market ETF,NYSE/AMEX,Schwab ETFs,,1225132234438.875,0.28,143105.57932279631,12,30.0,414.2326743164063,0.2895,4690.366535644531,3.28,719.65,0.02,0.31,0.95,-0.33,2026-08-03,21379248.3028286,,1423.47998046875,20260806,143088.20763671875,0.0,,,2025-06-11,0.01
SH,ProShares Short S&P500,NYSE/AMEX,ProShares,,1320581372797.7188,0.89,45821.10726741701,4,91.0,455.51359375,0.9941,1977.2136928710936,4.32,-30.45,-10.56,-17.53,12.96,-17.81,2026-06-24,308035848.1781332,,1423.47998046875,20260806,45796.19793164062,-0.96,-12.52044,-8.56252,2006-06-19,0.05
SHAG,WisdomTree Yield Enhanced U.S. Short-Term Aggregate Bond Fund,NYSE/AMEX,WisdomTree,,67115953682.95703,0.12,67323.48306979984,12,30.0,220.63939697265624,0.3277,2856.9243208007806,4.24,-9.84,-1.54,-1.23,2.14,-2.43,2026-07-28,614327.3326250662,,1423.47998046875,20260806,,,,,,
SHDG,Soundwatch Hedged Equity ETF,NYSE/AMEX,Soundwatch Capital,,229607184195.53125,0.91,47544.233519714326,1,,227.756796875,0.479,227.756796875,0.48,-11.11,3.32,9.8,8.04,-6.65,2025-12-29,115758.01940857177,,1423.47998046875,20260806,,,,,,
SHE,State Street SPDR MSCI USA Gender Diversity ETF,NYSE/AMEX,SPDR,,475129147880.8594,0.2,226556.79994993657,4,91.0,646.2599111328125,0.2853,2374.364607421875,1.05,13.78,19.97,28.33,13.67,-8.78,2026-06-01,527518.5109164173,Equity MSCI USA Gender Diversity Select Index,1423.47998046875,20260806,,,,,,
SHEH,Shell plc ADRhedged,NYSE/AMEX,,,1836289174.8046875,0.19,91003.0755857788,2,92.0,710.3165102539062,0.7805,1736.645576171875,1.91,39.43,16.32,22.38,21.22,-18.21,2026-06-16,309307.6292187512,,1423.47998046875,20260806,,,,,,
SHLD,Global X Defense Tech ETF,NYSE/AMEX,Global X Funds,,9966779551491.25,0.5,96711.2333483398,2,181.0,266.19075634765625,0.2752,603.5555117187499,0.62,64.98,2.27,6.77,25.77,-25.4,2026-06-29,106757252.31869195,,1423.47998046875,20260806,95842.90708496094,0.0,,,2023-09-11,0.91
SHM,State Street SPDR Nuveen ICE Short Term Municipal Bond ETF,NYSE/AMEX,SPDR,,4929767398759.766,0.2,67914.22856492922,12,30.0,150.88887792968748,0.2222,1822.0543750000004,2.68,8.11,-0.62,-0.75,1.56,-1.94,2026-08-03,12178990.29621793,Fixed Income ICE 1-5 Year AMT-Free Broad Municipal Index,1423.47998046875,20260806,67835.01320725097,0.38,2.92064,0.8839899999999999,2007-10-10,0.12
SHOC,Strive U.S. Semiconductor ETF,NYSE/AMEX,Strive AM,,319696795161.6719,0.4,153365.73005482182,4,91.0,48.3983193359375,0.0316,199.28719726562505,0.13,-18.6,52.09,94.45,40.5,-25.22,2026-06-29,1474827.134368167,,1423.47998046875,20260806,,,,,,
SHRD,Arimathea Catholic Core Bond ETF,NYSE/AMEX,,,18320187348.632812,0.52,35302.30242959596,1,,25.6226396484375,0.0726,25.6226396484375,0.07,,-0.96,,4.02,-2.15,2026-06-23,360989.761398934,,1423.47998046875,20260806,,,,,,
SHV,iShares 0-1 Year Treasury Bond ETF,NYSE/AMEX,iShares,,29361581515785.023,0.15,156746.4950084351,12,30.0,483.98319335937504,0.3088,5869.007959472655,3.74,-16.01,-0.05,-0.04,1.07,-0.43,2026-08-03,297499173.6277455,Fixed Income,1423.47998046875,20260806,156720.47683527344,0.01,4.55152,3.4466499999999995,2007-01-05,0.02
SHYD,VanEck Short High Yield Muni ETF,NYSE/AMEX,VanEck,,641154696979.5,0.32,32298.761517056264,12,30.0,101.06707861328124,0.3129,1167.253583984375,3.61,6.22,-0.83,0.31,3.02,-2.42,2026-08-03,2097037.040917788,,1423.47998046875,20260806,,,,,,
SHYG,iShares 0-5 Year High Yield Corporate Bond ETF,NYSE/AMEX,iShares,,10789704137594.754,0.3,59922.81421351805,12,30.0,348.7525952148437,0.582,4204.959862304688,7.02,-3.02,-1.87,-1.92,3.73,-3.41,2026-08-03,67550174.58271264,Fixed Income,1423.47998046875,20260806,59843.06990930664,0.45,7.92586,4.95161,2013-10-15,0.13
SHYL,Xtrackers Short Duration High Yield Bond ETF,NYSE/AMEX,Xtrackers,,382999245976.9531,0.2,62624.00735699758,12,30.0,351.59955517578123,0.5614,4367.236580078125,6.97,-5.63,-2.15,-2.37,3.69,-3.5,2026-08-03,1626981.6194489924,,1423.47998046875,20260806,,,,,,
SHYM,iShares Short Duration High Yield Muni Active ETF,NYSE/AMEX,iShares,,1154980293856.3616,0.4,31458.90811137389,12,30.0,111.0314384765625,0.3529,1367.9642612304683,4.35,-3.03,-0.65,0.18,3.04,-2.58,2026-08-03,5348756.257865838,Fixed Income,1423.47998046875,20260806,,,,,,
SIHY,Harbor Ares Systematic High Yield ETF,NYSE/AMEX,Harbor Capital Advisors Inc,,212007391595.4141,0.48,64569.05278288573,12,30.0,362.9873950195313,0.5622,4602.110776855468,7.13,-2.09,-0.72,-0.88,4.56,-4.85,2026-08-03,1278040.896586931,,1423.47998046875,20260806,,,,,,
SIJ,ProShares UltraShort Industrials,NYSE/AMEX,ProShares,,8403440043.738281,0.95,21494.548248092644,4,91.0,177.93499755859375,0.8278,1123.1257045898435,5.23,-51.65,-31.11,-37.96,34.99,-40.32,2026-06-24,123107.11257021171,,1423.47998046875,20260806,,,,,,
SIL,Global X Silver Miners ETF,NYSE/AMEX,Global X Funds,,5635116396619.75,0.65,119045.62685689704,2,181.0,153.735837890625,0.1291,1446.25566015625,1.21,21.24,0.75,61.48,53.8,-39.5,2026-06-29,215264435.3298845,,1423.47998046875,20260806,119259.15276367188,1.08,49.47004,16.487470000000002,2010-04-19,-0.18
SILJ,Amplify Junior Silver Miners ETF,NYSE/AMEX,Amplify ETFs,,4533379879440.75,0.69,39380.574962902814,1,,788.6079091796876,2.0025,788.6079091796876,2.0,-23.16,0.78,75.09,59.06,-41.12,2025-12-29,205284530.2374161,,1423.47998046875,20260806,39499.291890039065,1.3,46.66841,16.825100000000003,2012-11-28,-0.3
SIO,Touchstone Strategic Income ETF,NYSE/AMEX,Touchstone,,393601962590.5156,0.5,36127.92070966493,12,30.0,165.123677734375,0.4571,2367.2472075195315,6.55,22.01,-2.16,-3.07,4.57,-5.64,2026-06-29,589839.88095551,,1423.47998046875,20260806,,,,,,
SIOO,VistaShares Target 15 S&P 100 Distribution ETF,NYSE/AMEX,,,26035448842.773438,0.59,28310.881895640865,8,28.0,353.02303515625,1.247,2807.102521484375,9.92,,0.04,,11.42,-11.0,2026-07-27,242107.48701196213,,1423.47998046875,20260806,,,,,,
SIXA,ETC 6 Meridian Mega Cap Equity ETF,NYSE/AMEX,Exchange Traded Concepts,,729431454945.2344,0.46,81301.34469457157,11,30.0,160.85323779296874,0.1978,1392.1634208984374,1.71,-6.05,14.64,16.87,9.25,-5.64,2026-06-26,909417.0647125548,,1423.47998046875,20260806,,,,,,
SIXH,ETC 6 Meridian Hedged Equity Index Option ETF,NYSE/AMEX,Exchange Traded Concepts,,811434606389.6875,0.69,61756.68284680322,11,30.0,113.8783984375,0.1844,987.8951064453124,1.6,-12.48,10.76,12.06,7.96,-4.88,2026-06-26,491420.0512267337,,1423.47998046875,20260806,,,,,,
SIXL,ETC 6 Meridian Low Beta Equity ETF,NYSE/AMEX,Exchange Traded Concepts,,282325981641.14844,0.46,56955.28330880031,11,30.0,125.26623828125,0.2199,1165.8301040039064,2.05,23.72,9.17,10.33,10.44,-6.52,2026-06-26,189197.0153806466,,1423.47998046875,20260806,,,,,,
SIXS,ETC 6 Meridian Small Cap Equity ETF,NYSE/AMEX,Exchange Traded Concepts,,200252658327.5781,0.5,84611.64808421023,11,30.0,132.38363818359375,0.1565,1395.010380859375,1.65,52.17,17.54,24.22,13.43,-7.26,2026-06-26,203137.7279026289,,1423.47998046875,20260806,,,,,,
SIZE,iShares MSCI USA Size Factor ETF,NYSE/AMEX,iShares,,625678405593.8511,0.15,260795.7767787352,4,91.0,697.5051904296874,0.2675,3471.867672363281,1.33,4.23,12.57,17.06,12.99,-8.29,2026-06-15,964346.490255713,Equity,1423.47998046875,20260806,,,,,,
SJB,ProShares Short High Yield,NYSE/AMEX,ProShares,,68268562504.90234,0.95,21587.073849507145,4,91.0,249.10899658203124,1.154,775.7965893554687,3.59,-31.62,-0.69,-2.98,4.45,-3.7,2026-06-24,3627728.472340839,,1423.47998046875,20260806,21588.78207978516,-0.68,-1.82003,-0.23398,,-0.01
SJNK,State Street SPDR Bloomberg Short Term High Yield Bond ETF,NYSE/AMEX,SPDR,,6759351982856.445,0.4,35335.18467378896,12,30.0,202.13415722656248,0.572,2475.4316860351564,7.01,-6.4,-1.96,-2.16,3.72,-3.43,2026-08-03,90672066.05586438,Fixed Income Bloomberg US High Yield 350mn Cash Pay 0-5 Yr 2% Capped Index,1423.47998046875,20260806,35293.278652548826,0.47,7.92881,4.90897,2012-03-14,0.12
SKF,ProShares UltraShort Financials,NYSE/AMEX,ProShares,,14611081079.244629,0.95,31544.31614998169,4,91.0,340.21171533203125,1.0785,1528.8174990234372,4.85,-43.29,-12.2,-22.95,29.32,-32.69,2026-06-24,632396.0141337421,,1423.47998046875,20260806,,,,,,
SLDR,Global X Short-Term Treasury Ladder ETF,NYSE/AMEX,Global X Funds,,56618119074.35547,0.12,70640.33521453664,12,30.0,209.25155712890623,0.2962,2595.004004394531,3.67,17.69,-1.34,-1.1,1.69,-1.74,2026-08-03,311159.4196270035,,1423.47998046875,20260806,,,,,,
SLJY,Amplify SILJ Junior Silver Miners Covered Call ETF,NYSE/AMEX,,,80198862099.60938,0.76,40925.04943847656,11,30.5,787.1844291992188,1.9235,9239.808553222658,22.58,,-11.46,,49.33,-41.23,2026-07-30,1166242.24260809,,1423.47998046875,20260806,,,,,,
SLNZ,TCW Senior Loan ETF,NYSE/AMEX,TCW,,317002318376.2422,0.65,64853.74986500852,12,30.0,327.4003955078125,0.5048,4839.83193359375,7.46,32.4,-1.68,-3.08,4.65,-4.75,2026-08-03,622797.5023546105,,1423.47998046875,20260806,,,,,,
SLON,ProShares Ultra Solana ETF,NYSE/AMEX,ProShares,,22461161785.81543,2.14,24455.38649886474,1,,5750.85912109375,23.5157,5750.85912109375,23.52,,-78.04,-91.08,144.62,-96.37,2025-10-01,4554105.921540447,,1423.47998046875,20260806,,,,,,
SLTY,YieldMax Ultra Short Option Income Strategy ETF,NYSE/AMEX,YieldMax ETFs,,26143152185.055664,1.25,30690.227618685924,50,7.0,362.9873950195313,1.1827,29271.0188383789,95.38,,-34.99,,20.22,-57.22,2026-08-05,1245490.0627859675,,1423.47998046875,20260806,,,,,,
SLVP,iShares MSCI Global Silver and Metals Miners ETF,NYSE/AMEX,iShares,,1265605047362.2734,0.39,48516.75080251321,2,181.0,196.4402373046875,0.4049,1000.7064262695312,2.06,457.94,0.45,78.63,56.82,-39.23,2026-06-15,19352785.43641517,Equity,1423.47998046875,20260806,48490.61777787109,1.22,53.98332,19.92808,2012-01-31,0.05
SLVX,Nicholas Silver Income ETF,NYSE/AMEX,,,6533773110.3515625,1.16,20569.28544626617,22,7.0,83.98531884765625,0.4083,2525.2534853515617,12.28,,-31.26,,60.31,-50.65,2026-08-03,171329.60871512204,,1423.47998046875,20260806,,,,,,
SLWS,Wisdom Short Duration Income ETF,NYSE/AMEX,,,554416982792.9688,0.42,143985.00219647214,7,30.0,559.4276323242187,0.3885,4203.536382324218,2.92,,-0.37,,1.9,-1.48,2026-05-28,152257.1066675033,,1423.47998046875,20260806,,,,,,
SLX,VanEck Steel ETF,NYSE/AMEX,VanEck,,240050539378.3203,0.55,156575.6843613647,1,,1873.2996542968751,1.1964,1873.2996542968751,1.2,-36.67,27.29,64.37,24.74,-16.35,2025-12-22,4141517.467302725,,1423.47998046875,20260806,154817.68267578125,1.31,20.80512,15.67826,,1.14
SLYG,State Street SPDR S&P 600 Small Cap Growth ETF,NYSE/AMEX,SPDR,,7490408596425.781,0.15,168774.90735957026,4,91.0,325.9769155273437,0.1931,1083.2682651367188,0.64,-31.81,24.44,32.39,17.84,-9.27,2026-06-22,14864244.213120176,Equity S&P SmallCap 600 Growth Index,1423.47998046875,20260806,168679.47378638672,1.08,15.47898,7.030279999999999,2000-09-25,0.06
SLYV,State Street SPDR S&P 600 Small Cap Value ETF,NYSE/AMEX,SPDR,,7252929431284.18,0.15,158127.27232713625,4,91.0,738.7861098632812,0.4672,2814.2199213867184,1.78,2.33,20.95,36.74,17.69,-9.36,2026-06-22,21151242.952948764,Equity S&P SmallCap 600 Value Index,1423.47998046875,20260806,157606.4792447168,1.06,13.80271,8.551029999999999,2000-09-25,0.33
SMAX,iShares Large Cap Max Buffer Sep ETF,NYSE/AMEX,iShares,,126654890646.0722,0.5,40042.490655954,1,,374.37523486328126,0.9349,374.37523486328126,0.93,292.54,4.37,6.78,2.84,-2.13,2025-12-23,606523.6756713077,Equity,1423.47998046875,20260806,,,,,,
SMB,VanEck Short Muni ETF,NYSE/AMEX,VanEck,,443373518757.53125,0.07,24505.20808097534,12,30.0,62.633119140625,0.2556,687.540830566406,2.81,9.52,-1.18,-0.49,1.82,-1.83,2026-08-03,1239887.648307861,,1423.47998046875,20260806,,,,,,
SMBS,Schwab Mortgage-Backed Securities ETF,NYSE/AMEX,Schwab ETFs,,9197375548807.75,0.03,35622.58596821595,12,30.0,165.123677734375,0.4635,1861.911814453125,5.23,58.93,-2.44,-1.28,4.4,-4.41,2026-08-03,14641515.31649774,,1423.47998046875,20260806,35672.408310546874,0.0,,,2024-11-18,-0.14
SMCY,YieldMax SMCI Option Income Strategy ETF,NYSE/AMEX,YieldMax ETFs,,148628721968.0586,1.01,6619.182044933317,44,7.0,101.06707861328124,1.5269,11537.305241699218,174.3,-65.74,-44.71,-73.0,75.31,-76.97,2026-07-30,10813215.151523512,,1423.47998046875,20260806,6468.862423242188,0.0,,,,2.32
SMDD,UltraPro Short MidCap400,NYSE/AMEX,ProShares,,2994950633.626953,0.95,10505.28241876373,4,91.0,101.06707861328124,0.9621,651.9538310546875,6.21,-44.28,-38.29,-51.38,47.33,-52.39,2026-06-24,126368.71542828396,,1423.47998046875,20260806,,,,,,
SMDV,ProShares Russell 2000 Dividend Growers ETF,NYSE/AMEX,ProShares,,987266770994.0938,0.4,113209.36110903324,4,91.0,587.8972319335937,0.5193,2511.018685546875,2.22,1.26,20.09,22.59,15.44,-9.79,2026-06-24,1902953.607658842,,1423.47998046875,20260806,,,,,,
SMDX,Intech S&P Small-Mid Cap Diversified Alpha ETF,NYSE/AMEX,Intech,,185189620931.0547,0.35,38827.40878755506,1,,196.4402373046875,0.5059,196.4402373046875,0.51,,17.93,27.52,16.24,-8.66,2025-12-23,106590.36064131992,,1423.47998046875,20260806,,,,,,
SMIG,Bahl & Gaynor Small/Mid Cap Income Growth ETF,NYSE/AMEX,Bahl & Gaynor Inc.,,2125227824510.625,0.6,47515.76326848753,11,30.0,66.90355908203125,0.1408,723.127830078125,1.52,-2.68,14.75,14.2,11.89,-8.69,2026-06-29,6731766.869226949,,1423.47998046875,20260806,47507.07852016601,0.75,13.42088,,,0.02
SMIN,Ishares MSCI India Small Cap ETF,NYSE/AMEX,iShares,,1100830322720.2686,0.74,102134.6885986328,1,,2002.8363325195312,1.961,2002.8363325195312,1.96,-73.11,2.49,-0.35,19.38,-23.56,2025-12-16,11255750.90325174,Equity,1423.47998046875,20260806,101928.7395150586,0.49,8.859250000000001,6.700349599999999,2012-02-08,0.2
SMIZ,Zacks Small/Mid Cap ETF,NYSE/AMEX,Zacks Funds,,385079849867.7656,0.55,61722.09282194823,1,,325.9769155273437,0.5281,325.9769155273437,0.53,-55.88,15.72,24.38,18.0,-10.51,2025-12-29,1065714.4523615134,,1423.47998046875,20260806,,,,,,
SMLF,iShares U.S. Small-Cap Equity Factor ETF,NYSE/AMEX,iShares,,6045336022822.764,0.15,127437.04742352292,4,91.0,293.2368759765625,0.2301,1255.5093427734373,0.99,-5.87,17.98,28.96,17.69,-8.95,2026-06-15,16111050.498409348,Equity,1423.47998046875,20260806,126869.5891920508,1.14,18.47347,11.63176,2015-04-28,0.45
SMLV,State Street SPDR US Small Cap Low Volatility Index ETF,NYSE/AMEX,SPDR,,375869888842.77344,0.12,230532.5784927979,4,91.0,1296.7902622070312,0.5625,5030.578250976563,2.18,-3.2,23.46,30.46,15.3,-7.42,2026-06-22,548666.0135398348,Equity State Street® US Small Cap Low Volatility Index,1423.47998046875,20260806,,,,,,
SMMD,iShares Russell 2500 ETF,NYSE/AMEX,iShares,,5272215859060.389,0.15,131308.91470804438,4,91.0,347.32911523437497,0.2645,1362.2703413085935,1.04,3.13,21.49,33.55,17.65,-9.85,2026-06-15,21059335.95083834,Equity,1423.47998046875,20260806,130662.10996481446,1.16,17.458520999999998,8.63372,2017-07-06,0.5
SMMU,Short Term Municipal Bond Active Exchange-Traded Fund,NYSE/AMEX,PIMCO,,1647147905120.8125,0.35,71544.10142909549,12,30.0,170.81759765625,0.2388,2064.045971679687,2.88,0.69,-0.46,-0.1,1.39,-1.41,2026-08-03,5503836.516147705,,1423.47998046875,20260806,71472.92981933594,0.29,3.61248,1.90951,,0.1
SMMV,iShares MSCI USA Small-Cap Min Vol Factor ETF,NYSE/AMEX,iShares,,414258812455.0948,0.2,67321.20783896558,4,91.0,254.80291650390623,0.3785,1107.4674248046874,1.65,-12.68,9.35,13.47,9.82,-7.46,2026-06-15,863831.666923371,Equity,1423.47998046875,20260806,,,,,,
SMN,ProShares UltraShort Materials,NYSE/AMEX,ProShares,,5933762063.78418,0.95,26519.43084150087,4,91.0,166.54715771484376,0.628,1034.8699458007814,3.9,-52.36,-26.77,-35.36,35.69,-39.43,2026-06-24,111527.1931287682,,1423.47998046875,20260806,,,,,,
SMOG,VanEck Low Carbon Energy ETF,NYSE/AMEX,VanEck,,184520721994.3125,0.64,195628.84328994155,1,,2895.358280273437,1.48,2895.358280273437,1.48,25.4,4.05,20.73,22.71,-16.94,2025-12-22,264011.1350253284,,1423.47998046875,20260806,,,,,,
SMOT,VanEck Morningstar SMID Moat ETF,NYSE/AMEX,VanEck,,467504898002.75,0.49,57656.4888173677,1,,708.8930302734375,1.2295,708.8930302734375,1.23,22.06,11.15,15.1,14.3,-8.91,2025-12-22,1551558.7731460328,,1423.47998046875,20260806,,,,,,
SMOX,Horizon Small/Mid Cap Core Equity ETF,NYSE/AMEX,Horizon Investments,,111253250821.03906,0.75,43921.47414574586,1,,28.469599609375,0.0648,28.469599609375,0.06,,21.19,,15.05,-7.75,2025-12-24,766895.6162125042,,1423.47998046875,20260806,,,,,,
SMRF,"ALPS Nautilus SMR, Nuclear & Technology ETF",NYSE/AMEX,ALPS,,22329711950.499023,0.65,35458.886096270755,3,28.0,92.52619873046876,0.2609,200.71067724609367,0.57,,-4.41,,46.2,-26.55,2026-07-16,313058.6263761928,,1423.47998046875,20260806,,,,,,
SMTH,ALPS Smith Core Plus Bond ETF,NYSE/AMEX,ALPS,,4217894808518.25,0.59,36213.33146334533,12,28.0,135.23059814453126,0.3734,1598.5680180664062,4.41,-6.03,-2.36,-2.04,3.82,-4.45,2026-07-16,8605491.783244312,,1423.47998046875,20260806,36060.02190922852,0.0,,,,0.43
SMUP,T-REX 2X Long SMR Daily Target ETF,NYSE/AMEX,Rex,,13037002610.762209,1.5,7658.322457826231,1,,75088.56896972656,980.4833,75088.56896972656,980.48,,-98.21,-99.89,220.92,-99.93,2025-12-24,2606479.295438854,,1423.47998046875,20260806,,,,,,
SNOU,T-REX 2X Long SNOW Daily Target ETF,NYSE/AMEX,Rex,,35646546526.26172,1.5,89921.22775974125,1,,3547.312111328125,3.9449,3547.312111328125,3.94,,56.28,34.03,134.08,-85.02,2025-12-24,3973912.552741214,,1423.47998046875,20260806,88760.52479013671,0.0,,,,1.31
SNOY,YieldMax SNOW Option Income Strategy ETF,NYSE/AMEX,YieldMax ETFs,,91120796945.75195,1.0,16426.958920307923,45,7.0,202.13415722656248,1.2305,11086.062087890625,67.49,-30.5,-3.67,-27.92,58.08,-63.16,2026-07-30,1575892.9340524978,,1423.47998046875,20260806,,,,,,
SNPE,Xtrackers S&P 500 Scored & Screened ETF,NYSE/AMEX,Xtrackers,,3774029972798.5,0.1,100938.97062797844,4,91.0,267.614236328125,0.2651,932.3793872070312,0.92,4.47,13.17,24.75,13.14,-9.65,2026-06-18,23447958.389063194,,1423.47998046875,20260806,100950.35325488282,0.98,21.502560000000003,14.15741,2019-06-25,-0.01
SNTH,MRP SynthEquity ETF,NYSE/AMEX,"Measured Risk Portfolios, Inc.",,353412157643.71094,0.96,43309.37731973268,3,94.0,177.93499755859375,0.4108,4899.618092773438,11.31,,10.12,7.65,16.6,-18.78,2026-06-29,1720988.9670495417,,1423.47998046875,20260806,,,,,,
SOEZ,Franklin Solana ETF,NYSE/AMEX,Franklin Templeton,,11687908000.152832,0.19,18334.422311341856,5,28.0,172.24107763671876,0.9394,335.941275390625,1.83,,-42.53,,67.63,-56.35,2026-07-20,244610.91649641792,,1423.47998046875,20260806,,,,,,
SOFR,Amplify Samsung SOFR ETF,NYSE/AMEX,,,647000120722.6562,0.2,142604.224877771,12,31.0,431.31443408203126,0.3025,5459.045725097656,3.83,-15.86,-0.03,-0.09,1.35,-0.78,2026-07-30,1272107.9481978398,,1423.47998046875,20260806,,,,,,
SOVF,Sovereign's Capital Flourish Fund,NYSE/AMEX,"Sovereign's Capital, LLC",,124346089434.03516,0.75,45081.611090048216,1,,321.7064755859375,0.7136,321.7064755859375,0.71,143.01,8.64,7.59,14.63,-15.11,2025-12-30,435821.3814528188,,1423.47998046875,20260806,,,,,,
SOXL,Direxion Daily Semiconductor Bull 3X ETF,NYSE/AMEX,Direxion Funds,,27669822689082.0,0.75,194487.23128595203,1,,14.2347998046875,0.0073,14.2347998046875,0.01,-96.3,189.22,469.52,132.43,-69.42,2025-09-23,6088028708.82581,,1423.47998046875,20260806,186850.2526762696,7.84,75.48507,23.59953,2010-03-11,4.09
SOXS,Direxion Daily Semiconductor Bear 3X ETF,NYSE/AMEX,Direxion Funds,,1941247888254.8125,1.0,61807.49814548344,4,91.0,540.922392578125,0.8752,476054.4098681641,770.22,-85.65,-99.47,-99.82,162.83,-99.86,2026-06-23,1879870690.682219,,1423.47998046875,20260806,64253.03935839843,-4.75,-85.98115,-78.965247,2010-03-11,-3.81
SOXY,YieldMax Target 12 Semiconductor Option Income ETF,NYSE/AMEX,YieldMax ETFs,,91118274539.22656,1.06,132568.68667135015,12,28.0,1268.3206625976563,0.9567,12397.087149902343,9.35,123.94,51.05,81.19,40.54,-29.32,2026-08-05,992649.8748209372,,1423.47998046875,20260806,,,,,,
SPAB,State Street SPDR Portfolio Aggregate Bond ETF,NYSE/AMEX,SPDR,,14154985282182.615,0.03,35786.285840161145,12,30.0,126.68971826171874,0.354,1473.3017797851562,4.12,3.6,-2.33,-1.76,3.87,-4.17,2026-08-03,71153919.2499898,Fixed Income Bloomberg U.S. Aggregate Bond Index,1423.47998046875,20260806,35840.80599223633,1.0,4.21208,-0.31583,2007-05-23,-0.15
SPBO,State Street SPDR Portfolio Corporate Bond ETF,NYSE/AMEX,SPDR,,2984297309453.125,0.03,40562.06323808897,12,30.0,175.08803759765624,0.4317,2103.9034111328124,5.19,-1.86,-2.85,-2.61,4.6,-5.11,2026-08-03,20314899.98407491,Fixed Income Bloomberg U.S. Corporate Bond Index,1423.47998046875,20260806,40634.8588096582,1.12,5.4380897,0.0559799999999999,2011-04-06,-0.18
SPD,Simplify US Equity PLUS Downside Convexity ETF,NYSE/AMEX,Simplify Asset Management,,149535820350.8125,0.53,60982.023764261976,4,91.0,142.347998046875,0.2334,569.3919921875,0.93,11.11,9.17,13.29,13.7,-12.36,2026-06-25,526966.275829148,,1423.47998046875,20260806,,,,,,
SPDN,Direxion Daily S&P 500 Bear 1X ETF,NYSE/AMEX,Direxion Funds,,325669603281.3203,0.48,12042.49814775586,4,91.0,99.64359863281253,0.8274,414.2326743164063,3.44,-41.45,-10.29,-16.49,12.96,-17.5,2026-06-23,380734892.04948807,,1423.47998046875,20260806,12034.099754882813,-0.96,-12.27021,-8.24432,2016-06-08,0.07
SPDV,AAM S&P 500 High Dividend Value ETF,NYSE/AMEX,AAM,,187301575544.95703,0.29,57892.92819919437,12,31.0,163.70019775390625,0.2828,1863.3352944335936,3.22,4.72,16.03,24.83,12.27,-6.04,2026-07-31,310354.98385875445,,1423.47998046875,20260806,,,,,,
SPDW,State Street SPDR Portfolio Developed World ex-US ETF,NYSE/AMEX,SPDR,,58212416652480.47,0.03,73045.02071010694,2,182.0,1027.7525458984376,1.407,2157.995650390625,2.95,32.52,14.21,26.02,17.24,-11.55,2026-06-22,201715193.6641156,Equity S&P Developed Ex-U.S. BMI Index,1423.47998046875,20260806,73033.88949631836,1.04,19.871281,9.8842494,2007-04-20,0.02
SPEM,State Street SPDR Portfolio Emerging Markets ETF,NYSE/AMEX,SPDR,,24796309519775.39,0.07,74095.69407261349,2,182.0,751.5974296875,1.0144,1850.523974609375,2.5,13.74,8.92,19.63,17.81,-11.36,2026-06-22,121885930.468613,Equity S&P Emerging BMI Index,1423.47998046875,20260806,74317.54103830567,0.86,16.872881,6.8561700000000005,2007-03-19,-0.3
SPEU,State Street SPDR Portfolio Europe ETF,NYSE/AMEX,SPDR,,1049816485595.7032,0.07,81223.76964039914,4,91.0,1275.4380625,1.5703,2687.530203125,3.31,33.62,8.4,19.15,15.9,-12.26,2026-06-22,3361860.679040658,Equity STOXX Europe Total Market Index,1423.47998046875,20260806,81050.77216352051,0.95,17.70344,9.17513,,0.21
SPFF,Global X SuperIncome Preferred ETF,NYSE/AMEX,Global X Funds,,200189433040.7656,0.48,13387.82883619843,12,30.0,74.020958984375,0.5529,889.6749877929689,6.65,3.99,-0.05,2.79,10.33,-8.53,2026-08-03,436616.3815699992,,1423.47998046875,20260806,,,,,,
SPGM,State Street SPDR Portfolio MSCI Global Stock Market ETF,NYSE/AMEX,SPDR,,2481154075556.6406,0.09,124775.13595034182,2,188.0,950.884626953125,0.7621,2195.0061298828127,1.76,20.19,13.38,24.4,14.08,-9.5,2026-06-01,12746915.12970749,Equity MSCI ACWI IMI Index,1423.47998046875,20260806,124678.61151051272,1.0,20.61919,11.50168,2012-02-27,0.08
SPGP,Invesco S&P 500 GARP ETF,NYSE/AMEX,Invesco,,3227281743561.75,0.36,182582.658826001,4,91.0,428.46747412109374,0.2347,1436.2913002929686,0.79,-34.57,12.0,18.06,15.71,-11.43,2026-06-22,11174546.482016273,,1423.47998046875,20260806,182988.35148925785,0.92,12.35499,8.45313,2011-06-16,-0.22
SPHB,Invesco S&P 500 High Beta ETF,NYSE/AMEX,Invesco,,1389271820605.3125,0.25,210290.69143288583,4,91.0,271.88467626953127,0.1293,1157.2892241210936,0.55,39.45,24.11,46.37,26.38,-14.11,2026-06-22,46019451.93628678,,1423.47998046875,20260806,211116.3159033204,1.59,25.58391,15.922,2011-05-05,-0.39
SPHD,Invesco S&P 500 High Dividend Low Volatility ETF,NYSE/AMEX,Invesco,,5749570928650.625,0.3,74476.47214371338,12,28.0,306.04819580078123,0.4109,3396.423233398437,4.56,41.94,8.48,9.2,11.85,-7.52,2026-07-20,41594034.73443324,,1423.47998046875,20260806,74561.88137695313,0.45,12.61329,8.02008,2012-10-18,-0.11
SPHQ,Invesco S&P 500 Quality ETF,NYSE/AMEX,Invesco,,27682877344268.0,0.15,122340.9864869751,4,91.0,290.389916015625,0.2374,1329.5303017578124,1.09,24.53,13.97,20.09,14.6,-9.24,2026-06-22,122987175.17176998,,1423.47998046875,20260806,123358.77510742188,0.83,20.61258,13.09043,2005-12-06,-0.83
SPHY,State Street SPDR Portfolio High Yield Bond ETF,NYSE/AMEX,SPDR,,17020535891665.04,0.05,33095.90954589844,12,30.0,193.59327734375,0.5849,2388.5994072265626,7.22,-6.05,-1.86,-1.69,4.16,-3.8,2026-08-03,125154840.53846966,Fixed Income ICE BofA US High Yield Index,1423.47998046875,20260806,33052.72116329102,0.64,8.680259399999999,4.30361,2012-06-18,0.13
SPIB,State Street SPDR Portfolio Intermediate Term Corporate Bond ETF,NYSE/AMEX,SPDR,,16703071386420.898,0.04,47159.89327337034,12,30.0,180.7819575195313,0.3833,2119.561690917969,4.49,0.47,-2.04,-1.49,3.09,-3.11,2026-08-03,220907338.21315777,Fixed Income Bloomberg U.S. Intermediate Corporate Bond Index,1423.47998046875,20260806,47234.86644350098,0.69,5.7683703,1.61939,2009-02-10,-0.16
SPIN,State Street US Equity Premium Income ETF,NYSE/AMEX,SPDR,,68412447861.328125,0.25,47574.69120408036,12,30.0,91.10271875,0.1915,2303.190608398438,4.84,-43.51,3.22,10.3,11.7,-10.35,2026-08-03,484998.8914308738,Equity S&P 500 Index,1423.47998046875,20260806,,,,,,
SPIP,State Street SPDR Portfolio TIPS ETF,NYSE/AMEX,SPDR,,1427907003208.0078,0.12,35672.40755032655,11,30.0,281.8490361328125,0.7901,2135.219970703125,5.99,93.05,-3.36,-3.95,4.08,-5.73,2026-08-03,7229060.607809059,Fixed Income Bloomberg U.S. Government Inflation-Linked Bond Index,1423.47998046875,20260806,35648.166446479496,0.73,3.80386,0.15218001,,0.07
SPLB,State Street SPDR Portfolio Long Term Corporate Bond ETF,NYSE/AMEX,SPDR,,1687080003251.9531,0.04,30640.406036575325,12,30.0,145.1949580078125,0.4739,1706.7524965820314,5.57,1.27,-4.59,-4.84,8.08,-9.24,2026-08-03,80326892.12458917,Fixed Income Bloomberg U.S. Long Term Corporate Bond Index,1423.47998046875,20260806,30741.17472740723,1.99,4.07908,-3.31128,2009-03-10,-0.33
SPLS,PIMCO US Stocks PLUS Active Bond Exchange-Traded Fund,NYSE/AMEX,PIMCO,,63052709793.58789,0.18,79202.42524445802,2,91.0,256.226396484375,0.3235,424.1970341796875,0.54,,11.26,,15.12,-9.24,2026-07-01,935466.9696860552,,1423.47998046875,20260806,,,,,,
SPLV,Invesco S&P 500 Low Volatility ETF,NYSE/AMEX,Invesco,,10316223343033.25,0.25,108540.3485107422,12,28.0,200.71067724609367,0.1849,2304.6140883789067,2.12,23.4,7.08,4.21,10.68,-7.93,2026-07-20,226109591.9813076,,1423.47998046875,20260806,108682.69650878906,0.36,9.4439,6.0588498,2011-05-05,-0.13
SPMB,State Street SPDR Portfolio Mortgage Backed Bond ETF,NYSE/AMEX,SPDR,,10000872124780.271,0.04,31323.675775582906,12,30.0,102.49055859375,0.3272,1301.0607021484377,4.15,8.94,-1.72,-0.47,4.34,-4.03,2026-08-03,21813193.241396952,Fixed Income Bloomberg U.S. MBS Index,1423.47998046875,20260806,31346.25336270508,1.15,4.71576,0.17349,2009-01-15,-0.07
SPMD,State Street SPDR Portfolio S&P 400 Mid Cap ETF,NYSE/AMEX,SPDR,,26747573172602.54,0.03,96611.5901841186,4,91.0,301.77775585937496,0.3124,1153.0187841796876,1.19,1.76,15.62,23.56,15.78,-9.15,2026-06-22,139128654.22764286,Equity S&P MidCap 400 Index,1423.47998046875,20260806,96072.50017101076,1.0,14.44063,8.925781,2005-11-08,0.56
SPMO,Invesco S&P 500 Momentum ETF,NYSE/AMEX,Invesco,,29895513125667.0,0.13,213457.9430776611,4,91.0,348.7525952148437,0.1634,1493.2304995117186,0.7,60.89,25.31,28.84,24.12,-15.64,2026-06-22,252546948.72370565,,1423.47998046875,20260806,213849.3974658203,1.33,39.69515,20.83148,2015-10-09,-0.18
SPRE,SP Funds S&P Global REIT Sharia ETF,NYSE/AMEX,SP Funds,,315051308102.8516,0.5,30519.411541470326,12,31.0,95.37315869140626,0.3125,1141.630944335937,3.74,-1.84,9.05,12.08,13.22,-10.23,2026-07-27,1364432.9206614855,,1423.47998046875,20260806,,,,,,
SPSB,State Street SPDR Portfolio Short Term Corporate Bond ETF,NYSE/AMEX,SPDR,,15314964883466.797,0.04,42535.006034886464,12,30.0,152.31235791015624,0.3581,1854.794414550781,4.36,-8.5,-1.12,-0.89,1.82,-1.55,2026-08-03,91666444.42886832,Fixed Income Bloomberg U.S. 1-3 Year Corporate Bond Index,1423.47998046875,20260806,42576.31468541992,0.25,5.29081,2.83857,2009-12-16,-0.1
SPSK,SP Funds Dow Jones Global Sukuk ETF,NYSE/AMEX,SP Funds,,916173762287.625,0.5,25494.526232989505,12,31.0,74.020958984375,0.2903,1143.0544243164063,4.48,27.46,-1.86,-2.82,3.8,-4.97,2026-07-27,4429693.723279672,,1423.47998046875,20260806,25446.69752285156,0.59,4.09386,0.90244,,0.19
SPSM,State Street SPDR Portfolio S&P 600 Small Cap ETF,NYSE/AMEX,SPDR,,25069959311220.703,0.03,82654.3631110657,4,91.0,286.1194760742188,0.3462,1117.4317846679687,1.35,-3.92,22.76,34.47,17.26,-8.72,2026-06-22,102420346.31652148,Equity S&P SmallCap 600 Index,1423.47998046875,20260806,82471.93187162108,1.07,14.808089999999998,7.9833105,2013-07-08,0.22
SPTB,State Street SPDR Portfolio Treasury ETF,NYSE/AMEX,SPDR,,422204162207.03125,0.03,42199.06467261352,12,30.0,148.04191796875,0.3508,1770.809095703125,4.2,-4.75,-2.55,-2.55,3.73,-4.43,2026-08-03,2096433.461194316,Fixed Income Bloomberg US Treasury Index,1423.47998046875,20260806,,,,,,
SPTE,SP Funds S&P Global Technology ETF,NYSE/AMEX,SP Funds,,300710874695.77344,0.55,67729.18007717282,11,30.5,9.964359863281253,0.0147,476.8657934570314,0.7,129.45,33.43,51.41,27.29,-15.87,2026-06-25,1435671.1914779237,,1423.47998046875,20260806,,,,,,
SPTI,State Street SPDR Portfolio Intermediate Term Treasury ETF,NYSE/AMEX,SPDR,,15043578425190.43,0.03,39999.7879941864,12,30.0,133.8071181640625,0.3345,1555.8636186523438,3.89,1.2,-2.5,-2.23,3.52,-4.11,2026-08-03,64456675.064563386,Fixed Income Bloomberg 3-10 Year U.S. Treasury Index,1423.47998046875,20260806,40050.20711208008,0.78,3.82202,-0.14315001,2007-05-23,-0.13
SPTL,State Street SPDR Portfolio Long Term Treasury ETF,NYSE/AMEX,SPDR,,15389768756440.43,0.03,35964.22083771974,12,30.0,132.38363818359375,0.3681,1557.2870986328123,4.33,1.39,-4.37,-4.62,8.65,-9.36,2026-08-03,172567777.93558294,Fixed Income Bloomberg Long U.S. Treasury Index,1423.47998046875,20260806,36040.09318950195,2.25,0.28114,-6.953539999999999,2007-05-23,-0.21
SPTM,State Street SPDR Portfolio S&P 1500 Composite Stock Market ETF,NYSE/AMEX,SPDR,,19943936727553.71,0.03,133166.5565169677,4,91.0,355.8699951171875,0.2672,1373.6581811523438,1.03,3.88,13.13,22.11,12.81,-8.96,2026-06-22,59777658.75127681,Equity S&P Composite 1500 Index,1423.47998046875,20260806,133045.61331371093,1.0,20.888,12.98533,2000-10-04,0.09
SPTS,State Street SPDR Portfolio Short Term Treasury ETF,NYSE/AMEX,SPDR,,8706829178935.547,0.03,41145.68981287535,12,30.0,130.960158203125,0.3183,1591.4506181640627,3.87,-7.76,-1.25,-1.08,1.72,-1.74,2026-08-03,41713989.01358114,Fixed Income Bloomberg 1-3 Year U.S. Treasury Index,1423.47998046875,20260806,41164.77770198731,0.22,4.3249898,1.93407,2011-11-30,-0.05
SPUC,Simplify US Equity Income ETF,NYSE/AMEX,Simplify Asset Management,,215541949326.1172,0.53,71579.69060066529,7,32.5,683.270390625,0.9546,7964.370490722657,11.13,1437.09,8.09,8.79,17.85,-17.57,2026-07-28,1356854.1841475042,,1423.47998046875,20260806,,,,,,
SPUS,SP Funds S&P 500 Sharia Industry Exclusions ETF,NYSE/AMEX,SP Funds,,4100007161634.0,0.45,83544.03809885867,12,31.0,37.0104794921875,0.0443,435.5848740234376,0.52,0.99,14.58,26.98,15.99,-10.75,2026-07-27,27549373.99903675,,1423.47998046875,20260806,83388.4536918457,1.14,23.086041,15.23058,2019-12-17,0.19
SPUT,Innovator Equity Premium Income - Daily PutWrite ETF,NYSE/AMEX,Innovator ETFs,,24021025383.21289,0.79,40802.62953025941,12,31.0,112.45491845703124,0.2756,1984.3310927734367,4.86,119.53,5.17,9.09,7.99,-4.82,2026-07-31,107048.20396329871,,1423.47998046875,20260806,,,,,,
SPUU,Direxion Daily S&P 500 Bull 2X ETF,NYSE/AMEX,Direxion Funds,,375641425999.8281,0.6,324240.55058107525,5,84.5,444.12575390625,0.137,4102.469303710937,1.27,196.2,23.14,39.83,25.9,-18.34,2026-06-23,5008688.348032188,,1423.47998046875,20260806,322349.88853710936,2.04,35.805857,18.605459,,0.59
SPVM,Invesco S&P 500 Value with Momentum ETF,NYSE/AMEX,Invesco,,185713370461.14844,0.39,110618.62797899172,4,91.0,501.064953125,0.453,2118.1382109375,1.91,22.98,13.89,26.38,11.3,-6.57,2026-06-22,920262.4002760624,,1423.47998046875,20260806,,,,,,
SPWO,SP Funds S&P World (ex-US) ETF,NYSE/AMEX,SP Funds,,284631222060.71875,0.55,46932.13669370115,11,30.5,37.0104794921875,0.0789,472.5953535156251,1.01,6.41,18.0,36.27,23.57,-13.82,2026-06-25,1415924.3993800797,,1423.47998046875,20260806,,,,,,
SPXE,ProShares S&P 500 Ex-Energy ETF,NYSE/AMEX,ProShares,,119005796102.82812,0.09,118405.06520980224,4,91.0,264.7672763671875,0.2236,1074.727385253906,0.91,7.55,12.64,21.39,13.41,-10.32,2026-06-24,107716.6296316504,,1423.47998046875,20260806,,,,,,
SPXL,Direxion Daily S&P 500 Bull 3X ETF,NYSE/AMEX,Direxion Funds,,9593090775613.75,0.84,416908.8236302733,4,91.0,744.4800297851563,0.1786,2034.152892089844,0.49,-9.61,32.14,59.38,38.67,-26.94,2026-06-23,640115102.354705,,1423.47998046875,20260806,417170.73699609376,3.12,49.01466,21.18488,2008-11-05,-0.06
SPXN,ProShares S&P 500 Ex-Financials ETF,NYSE/AMEX,ProShares,,109025698244.8828,0.09,119899.72353341058,4,91.0,266.19075634765625,0.222,1051.9517055664064,0.88,2.78,13.89,23.59,14.02,-9.47,2026-06-24,165765.44564919642,,1423.47998046875,20260806,,,,,,
SPXS,Direxion Daily S&P 500 Bear 3X ETF,NYSE/AMEX,Direxion Funds,,500597322869.65625,1.04,34505.15440075379,4,91.0,340.21171533203125,0.986,1686.8237768554689,4.89,-52.98,-31.37,-45.28,38.58,-45.77,2026-06-23,351388061.5208171,,1423.47998046875,20260806,34476.685126953125,-2.75,-41.485772,-33.449408000000005,2008-11-05,0.08
SPXT,ProShares S&P 500 Ex-Technology ETF,NYSE/AMEX,ProShares,,403657789583.4219,0.09,159992.0276262574,4,91.0,492.52407324218746,0.3078,2103.903411132813,1.32,20.46,8.0,16.53,10.78,-8.23,2026-06-24,1581857.6333074684,,1423.47998046875,20260806,,,,,,
SPXU,ProShares UltraPro Short S&P500,NYSE/AMEX,ProShares,,615249866659.7344,0.9,48348.4977538269,4,91.0,556.5806723632812,1.1512,3608.5217504882808,7.46,-54.08,-31.4,-46.33,38.57,-46.77,2026-06-24,393252560.15146905,,1423.47998046875,20260806,48325.29481293946,-2.75,-42.050302,-33.767793000000005,2009-06-23,0.05
SPXV,ProShares S&P 500 Ex-Health Care ETF,NYSE/AMEX,ProShares,,55931893539.291016,0.09,120604.6215407066,4,91.0,270.4611962890625,0.2243,1090.3856650390626,0.9,8.81,13.71,21.53,13.87,-9.38,2026-06-24,110319.20091931468,,1423.47998046875,20260806,,,,,,
SPY,State Street SPDR S&P 500 ETF Trust,NYSE/AMEX,SPDR,,1155936462626054.8,0.0945,1096065.3362599611,4,91.0,2710.3058828125,0.2473,10711.686853027342,0.98,4.97,12.71,21.68,12.89,-9.13,2026-06-18,49061758083.94626,Equity S&P 500 Index,1423.47998046875,20260806,1095989.478678174,1.0,21.38091,13.27301,1993-01-22,0.01
SPYC,Simplify US Equity PLUS Convexity ETF,NYSE/AMEX,Simplify Asset Management,,159002053323.64844,0.53,67636.65040314943,4,91.0,142.347998046875,0.2105,569.3919921875,0.84,11.11,11.11,16.23,16.29,-13.88,2026-06-25,387798.2645677665,,1423.47998046875,20260806,,,,,,
SPYD,State Street SPDR Portfolio S&P 500 High Dividend ETF,NYSE/AMEX,SPDR,,10984283269287.11,0.07,70754.07503566891,4,91.0,772.9496293945313,1.0924,2891.087840332032,4.09,5.62,13.98,16.05,12.01,-7.14,2026-06-22,76143717.16704805,Equity S&P 500 High Dividend Index,1423.47998046875,20260806,71018.27031357422,0.62,14.601910000000002,9.43987,2015-10-21,-0.37
SPYG,State Street SPDR Portfolio S&P 500 Growth ETF,NYSE/AMEX,SPDR,,77839714493178.72,0.04,174284.48471256346,4,91.0,210.67503710937493,0.1209,821.3479487304688,0.47,4.34,14.69,23.66,18.26,-14.0,2026-06-22,397336341.5697966,Equity S&P 500 Growth Index,1423.47998046875,20260806,174092.7119257129,1.21,26.87293,13.96963,2000-09-25,0.11
SPYH,NEOS S&P 500 Hedged Equity Income ETF,NYSE/AMEX,Neos Funds,,41210986709.11328,0.68,80910.60230704956,12,28.0,513.8762729492188,0.6351,6119.540436035156,7.56,237.97,2.95,6.92,8.93,-7.66,2026-07-29,542072.8399633886,,1423.47998046875,20260806,,,,,,
SPYI,NEOS S&P 500 High Income ETF,NYSE/AMEX,Neos Funds,,15733652344076.0,0.68,76889.2702761963,12,28.0,754.4443896484376,0.9812,8982.158676757814,11.68,2.62,2.71,5.89,11.25,-10.11,2026-07-22,167936057.66301128,,1423.47998046875,20260806,76877.17156518555,0.7,16.26737,,2022-08-29,0.02
SPYM,State Street SPDR Portfolio S&P 500 ETF,NYSE/AMEX,SPDR,,238481793265844.72,0.02,128995.75973978266,4,91.0,340.21171533203125,0.2637,1293.9433022460937,1.0,2.6,12.73,21.74,12.85,-9.13,2026-06-12,994320454.4069506,Equity S&P 500 Index,1423.47998046875,20260806,129003.81272676756,1.0,21.47071,13.35301,2005-11-08,-0.01
SPYT,Defiance S&P 500 Target Income ETF,NYSE/AMEX,Defiance ETFs LLC,,220717198694.46875,0.92,24896.66453258973,12,30.0,407.11527441406247,1.6352,5135.91576953125,20.63,-5.45,-0.23,-2.45,13.15,-15.03,2026-08-03,2343570.932678025,,1423.47998046875,20260806,,,,,,
SPYV,State Street SPDR Portfolio S&P 500 Value ETF,NYSE/AMEX,SPDR,,52405742881352.54,0.04,89522.65510285646,4,91.0,381.492634765625,0.4261,1488.9600595703123,1.66,-1.13,10.41,19.27,9.89,-6.57,2026-06-22,180029369.83894524,Equity S&P 500 Value Index,1423.47998046875,20260806,89685.33126384766,0.77,15.11142,11.8075706,2000-09-25,-0.18
SPYX,State Street SPDR S&P 500 Fossil Fuel Reserves Free ETF,NYSE/AMEX,SPDR,,4077985448046.875,0.2,90120.51951832885,4,91.0,192.16979736328128,0.2132,750.1739497070313,0.83,2.93,12.55,21.63,13.11,-10.06,2026-06-22,6713325.66306659,Equity S&P 500 Fossil Fuel Reserves Free Index,1423.47998046875,20260806,89884.63269591308,1.03,21.4179,12.85014,,0.26
SRLN,State Street Blackstone Senior Loan ETF,NYSE/AMEX,SPDR,,7561682239047.852,0.7,57501.47446265258,12,30.0,341.6351953125,0.5941,4209.230302246094,7.32,-10.39,-2.19,-2.45,3.46,-4.81,2026-08-03,150381831.7084215,Fixed Income Morningstar LSTA U.S. Leveraged Loan Index,1423.47998046875,20260806,57473.82982981445,0.02,7.392279999999999,4.9268898,2013-04-03,0.05
SRS,ProShares UltraShort Real Estate,NYSE/AMEX,ProShares,,21849518060.847656,0.95,55387.605822833255,4,91.0,417.0796342773437,0.753,1999.9893725585937,3.61,-45.96,-21.12,-19.07,28.3,-27.3,2026-06-24,544900.3779252345,,1423.47998046875,20260806,,,,,,
SRTY,ProShares UltraPro Short Russell2000,NYSE/AMEX,ProShares,,113714083296.39452,0.95,30334.357623568736,4,91.0,405.6917944335937,1.3374,2720.270242675781,8.97,-62.91,-48.24,-66.66,57.9,-67.29,2026-06-24,80138617.83451545,,1423.47998046875,20260806,30606.10071206055,-3.59,-43.95241,-33.03873,2010-02-09,-0.89
SRVR,Pacer Data & Infrastructure Real Estate ETF,NYSE/AMEX,Pacer,,527697830821.65625,0.49,44853.854510379024,4,91.0,106.76099853515623,0.238,1234.157143066406,2.75,134.32,8.58,0.04,17.77,-15.19,2026-06-04,2922164.959610183,,1423.47998046875,20260806,,,,,,
SSFI,Day Hagan Smart Sector Fixed Income ETF,NYSE/AMEX,Day Hagan,,41458942686.91113,0.76,29992.722754064947,4,91.0,307.47167578125,1.0252,1093.232625,3.64,3.92,-1.68,-1.95,4.19,-4.03,2026-06-29,268551.76285671524,,1423.47998046875,20260806,,,,,,
SSG,ProShares UltraShort Semiconductors,NYSE/AMEX,ProShares,,63649916584.59375,0.95,16789.94647823181,4,91.0,118.14883837890626,0.7037,1752.3038559570311,10.44,-79.43,-59.84,-73.12,75.46,-75.76,2026-06-24,6200043.881657825,,1423.47998046875,20260806,16970.870675146485,-3.33,-73.15933,-65.74994,,-1.07
SSK,REX-Osprey SOL + Staking ETF,NYSE/AMEX,,,98618693046.875,0.75,14022.843589982484,12,31.0,52.66875927734375,0.3756,4616.345576660156,32.92,2558.2,-51.11,-63.82,73.83,-77.63,2026-07-30,7809010.068873581,,1423.47998046875,20260806,,,,,,
SSO,ProShares Ultra S&P500,NYSE/AMEX,ProShares,,11115589936681.0,0.87,101237.90012064204,4,91.0,182.2054375,0.18,643.412951171875,0.64,14.29,22.41,39.79,25.64,-18.34,2026-06-24,253910666.40520325,,1423.47998046875,20260806,101255.97440668943,2.04,35.35084,18.2262,2006-06-19,-0.02
SSPY,Stratified LargeCap Index ETF,NYSE/AMEX,Syntax,,182919637263.64062,0.45,143073.97587779537,1,,1711.0229365234377,1.1959,1711.0229365234377,1.2,338.69,15.03,21.12,10.94,-7.32,2025-12-30,157734.72917321193,,1423.47998046875,20260806,,,,,,
SSUS,Day Hagan Smart Sector ETF,NYSE/AMEX,Day Hagan,,803310885856.0312,0.77,80084.98131190799,1,,357.29347509765626,0.4461,357.29347509765626,0.45,-12.85,15.22,23.2,13.75,-9.05,2025-12-29,1506450.552929411,,1423.47998046875,20260806,,,,,,
SSXU,Day Hagan Smart Sector International ETF,NYSE/AMEX,Day Hagan,,62626707786.79297,1.22,51615.38170253299,1,,1301.0607021484377,2.5207,1301.0607021484377,2.52,20.11,4.47,13.84,14.99,-10.71,2025-12-29,246817.95268115768,,1423.47998046875,20260806,,,,,,
STBF,Performance Trust Short Term Bond ETF,NYSE/AMEX,Performance Trust Asset Management,,100125008174.3672,0.65,35942.86950683594,12,31.0,172.24107763671876,0.4792,1719.56381640625,4.78,-5.55,-0.41,-0.32,2.12,-1.68,2026-07-16,511582.4290501264,,1423.47998046875,20260806,,,,,,
STCE,Schwab Crypto Thematic Natural Language Processing ETF,NYSE/AMEX,Schwab ETFs,,320256188630.47656,0.3,89793.11977443844,1,,1614.2262978515623,1.7977,1614.2262978515623,1.8,284.41,-2.5,15.79,64.05,-54.82,2025-12-11,9599627.961268574,,1423.47998046875,20260806,87928.35839355469,3.41,36.67475,,,2.12
STEN,iShares Large Cap 10% Target Buffer Sep ETF,NYSE/AMEX,iShares,,56254264509.56664,0.5,40197.507725741714,1,,113.8783984375,0.2833,113.8783984375,0.28,,10.47,,9.38,-6.21,2025-12-23,648431.980665789,Equity,1423.47998046875,20260806,,,,,,
STHH,STMicroelectronics NV ADRhedged,NYSE/AMEX,ADRH,,5158255864.344727,0.19,15700.98380446015,3,91.0,22.7756796875,0.1451,146.76078598632813,0.93,,102.53,124.51,56.85,-37.98,2026-06-16,163608.23879391645,,1423.47998046875,20260806,,,,,,
STIP,iShares 0-5 Year TIPS Bond ETF,NYSE/AMEX,iShares,,22570246818862.46,0.03,143138.02987044677,10,30.0,1051.9517055664062,0.7349,7696.756254394531,5.38,73.36,-1.78,-2.36,2.43,-3.45,2026-08-03,105095908.5890482,Fixed Income,1423.47998046875,20260806,143166.81220124025,0.2,4.9912600000000005,3.1354,2010-12-01,-0.02
STLU,2x Stellar ETF,NYSE/AMEX,Volatility Shares LLC,,2241656415.8027344,1.85,19565.732168638613,4,28.0,8.5408798828125,0.0437,52.66875927734375,0.27,,-33.98,,172.98,-65.1,2026-07-22,413862.0551699292,,1423.47998046875,20260806,,,,,,
STOT,State Street DoubleLine Short Duration Total Return Tactical ETF,NYSE/AMEX,SPDR,,720095817719.7266,0.45,66611.74307956547,12,30.0,246.26203662109373,0.3697,2959.414879394531,4.44,-7.35,-1.05,-0.9,1.73,-1.69,2026-08-03,2635352.477948071,Fixed Income Bloomberg U.S. Aggregate 1-3 Year Index,1423.47998046875,20260806,,,,,,
STOX,Horizon Core Equity ETF,NYSE/AMEX,Horizon Investments,,231254025266.6953,0.7,45850.28886766359,1,,76.8679189453125,0.1676,76.8679189453125,0.17,,13.66,22.88,13.04,-9.33,2025-12-24,780257.2708576703,,1423.47998046875,20260806,,,,,,
STPZ,PIMCO 1-5 Year U.S. TIPS Index Exchange-Traded Fund,NYSE/AMEX,PIMCO,,740004517623.8438,0.2,74761.16922583617,10,30.0,555.1571923828125,0.7426,3943.0395458984376,5.27,103.68,-2.05,-2.63,2.69,-3.76,2026-08-03,2679845.8285723226,,1423.47998046875,20260806,,,,,,
STRN,SMART Trend 25 ETF,NYSE/AMEX,,,28241842812.5,0.59,38063.854351925664,1,,58.36267919921875,0.1533,58.36267919921875,0.15,,20.07,,27.25,-15.43,2025-12-23,370737.8108776896,,1423.47998046875,20260806,,,,,,
STXD,Strive 1000 Dividend Growth ETF,NYSE/AMEX,Strive AM,,91808582614.875,0.35,58077.98211709596,4,91.0,145.1949580078125,0.25,630.6016313476562,1.09,9.11,9.67,16.02,12.05,-9.51,2026-06-29,230860.9934130513,,1423.47998046875,20260806,,,,,,
STXE,Strive Emerging Markets Ex-China ETF,NYSE/AMEX,Strive AM,,198760122486.29688,0.32,67174.01832346804,4,91.0,239.14463671875,0.356,1275.4380625,1.9,-22.96,27.68,51.61,30.24,-20.64,2026-06-29,375534.6802023777,,1423.47998046875,20260806,,,,,,
STXF,Strive 500 ETF,NYSE/AMEX,Strive AM,,1597517148205.625,0.05,70761.18852586672,3,91.0,170.81759765625,0.2414,515.2997529296874,0.73,-18.83,12.49,21.48,13.29,-9.56,2026-03-30,3052449.5960958414,,1423.47998046875,20260806,70559.34036787109,1.01,21.598391,,,0.29
STXG,Strive 1000 Growth ETF,NYSE/AMEX,Strive AM,,209769316655.2422,0.18,80860.78072493896,4,91.0,95.37315869140626,0.1179,371.52827490234375,0.46,9.66,11.84,19.74,15.74,-12.86,2026-06-29,464041.2279230855,,1423.47998046875,20260806,,,,,,
STXK,Strive Small-Cap ETF,NYSE/AMEX,Strive AM,,124055278167.94531,0.18,55700.77315618284,4,91.0,166.54715771484376,0.299,624.9077114257813,1.12,-15.74,16.56,26.72,16.77,-10.04,2026-06-29,278994.2801030984,,1423.47998046875,20260806,,,,,,
STXT,Strive Total Return Bond ETF,NYSE/AMEX,Strive AM,,167735444639.01953,0.49,27900.20816020202,12,31.0,88.2557587890625,0.3163,1313.872021972656,4.71,-5.43,-2.29,-3.16,4.01,-5.49,2026-07-30,365179.163934852,,1423.47998046875,20260806,,,,,,
STXV,Strive 1000 Value ETF,NYSE/AMEX,Strive AM,,116016237611.3672,0.18,55729.24340740964,4,91.0,298.9307958984375,0.5364,1130.2431044921875,2.03,2.85,15.84,27.23,10.01,-5.81,2026-06-29,267284.141966588,,1423.47998046875,20260806,,,,,,
SUB,iShares Short-Term National Muni Bond ETF,NYSE/AMEX,iShares,,16175039357944.48,0.07,151166.4560914673,12,30.0,324.553435546875,0.2147,3864.7481469726567,2.56,12.14,-0.5,-0.57,1.34,-1.58,2026-08-03,55506612.1249786,Fixed Income,1423.47998046875,20260806,150816.22351148436,0.26,3.13972,1.44831,2008-11-05,0.23
SUSA,iShares ESG Optimized MSCI USA ETF,NYSE/AMEX,iShares,,5922367748316.477,0.25,225180.30158564448,4,91.0,407.11527441406247,0.1808,1843.406574707031,0.82,-5.41,13.28,22.58,13.21,-9.92,2026-06-15,8347899.397458992,Equity,1423.47998046875,20260806,224693.3540786328,1.04,19.97915,11.08235,,0.22
SVAL,iShares US Small Cap Value Factor ETF,NYSE/AMEX,iShares,,297658203699.81885,0.2,62035.260155297816,4,91.0,203.55763720703123,0.3281,1241.27454296875,2.0,114.78,26.61,39.14,17.07,-9.23,2026-06-15,1234170.6744585074,Equity,1423.47998046875,20260806,,,,,,
SVOL,Simplify Volatility Premium ETF,NYSE/AMEX,Simplify Asset Management,,744542845109.7344,0.66,22604.862252748106,12,30.0,398.5743945312501,1.7632,4982.179931640626,22.04,3.86,-9.57,-6.37,17.98,-17.61,2026-07-28,6912672.353677115,,1423.47998046875,20260806,22756.035663769533,0.78,6.2907,6.84197,,-0.66
SWAN,Amplify BlackSwan Growth & Treasury Core ETF,NYSE/AMEX,Amplify ETFs,,222946186138.4453,0.49,47989.63574871048,4,91.0,503.9119130859375,1.05,1511.7357392578122,3.15,29.35,3.96,8.44,10.37,-8.3,2026-06-29,1117486.4708000578,,1423.47998046875,20260806,,,,,,
SXQG,ETC 6 Meridian Quality Growth ETF,NYSE/AMEX,Exchange Traded Concepts,,88357178890.71094,0.55,47344.94176112674,1,,2.8469599609375003,0.006,2.8469599609375003,0.01,-95.65,1.74,1.58,12.32,-14.03,2025-08-28,104328.76587932328,,1423.47998046875,20260806,,,,,,
SYFI,AB Short Duration High Yield ETF,NYSE/AMEX,AllianceBernstein,,1319768372135.5938,0.4,50668.77164243162,12,30.0,246.26203662109373,0.486,3044.823678222656,6.01,-0.33,-0.85,-0.9,3.58,-3.12,2026-08-03,4412174.663077001,,1423.47998046875,20260806,50570.40743813477,0.45,7.727390000000001,4.0059,,0.19
SYLD,Cambria Shareholder Yield ETF,NYSE/AMEX,Cambria,,1415685049647.0625,0.59,120711.10668786617,4,91.0,483.98319335937504,0.4009,2071.1633715820312,1.72,9.73,20.32,30.44,15.0,-7.47,2026-06-18,3954306.871264697,,1423.47998046875,20260806,120120.5004998535,0.72,12.3033,8.74162,,0.49
SYSB,iShares Systematic Bond ETF,NYSE/AMEX,iShares,,1665719616727.2146,0.25,124266.95038266852,12,30.0,505.3353930664062,0.4067,5722.389521484374,4.6,-12.19,-2.72,-1.57,4.38,-4.56,2026-08-03,9187328.864851931,Fixed Income,1423.47998046875,20260806,123940.53714063966,0.67,6.2928,1.2673800000000002,,0.26
TABD,Transamerica Bond Active ETF,NYSE/AMEX,,,209849418720.70312,0.39,35202.659265374765,7,28.0,146.61843798828124,0.4165,744.4800297851563,2.11,,-1.67,,4.0,-3.95,2026-06-25,706438.3069602966,,1423.47998046875,20260806,,,,,,
TACK,Fairlead Tactical Sector ETF,NYSE/AMEX,Fairlead Funds,,410625052205.2656,0.69,45821.8186164368,4,91.0,186.47587744140623,0.407,4186.454622558594,9.14,-29.98,-89.29,-88.73,90.95,-90.41,2026-06-26,691376.1820340252,,1423.47998046875,20260806,,,,,,
TAFI,AB Tax-Aware Short Duration Municipal ETF,NYSE/AMEX,AllianceBernstein,,1946279309205.9373,0.27,35671.9812839292,12,30.0,92.52619873046876,0.2594,1113.1613447265624,3.12,-7.35,-0.64,-0.36,1.75,-1.88,2026-08-03,9063949.787018308,,1423.47998046875,20260806,35675.11292250977,0.35,3.52359,,,-0.01
TAFL,AB Tax-Aware Long Municipal ETF,NYSE/AMEX,AllianceBernstein,,86420961421.27734,0.28,35259.59976782836,12,30.0,123.84275830078124,0.3512,1460.4904599609372,4.14,0.2,-1.22,2.74,4.22,-3.09,2026-08-03,345574.1673974573,,1423.47998046875,20260806,,,,,,
TAFM,AB Tax-Aware Intermediate Municipal ETF,NYSE/AMEX,AllianceBernstein,,998243919781.7188,0.28,35828.99121700134,12,30.0,111.0314384765625,0.3099,1318.142461914062,3.68,10.24,-1.1,1.94,3.22,-3.16,2026-08-03,3099554.89165338,,1423.47998046875,20260806,35818.31500854492,0.0,,,,0.03
TAGG,T. Rowe Price QM U.S. Bond ETF,NYSE/AMEX,T. Rowe Price,,3296619293980.625,0.08,59722.1051870361,12,30.0,230.6037568359375,0.3861,2728.811122558593,4.57,5.97,-2.54,-2.0,3.91,-4.49,2026-07-28,6522678.2247019,,1423.47998046875,20260806,59586.87198242187,1.0,4.29627,,,0.23
TAIL,Cambria Tail Risk ETF,NYSE/AMEX,Cambria,,209167560422.21875,0.59,14775.579818858763,4,91.0,68.3270390625,0.4624,444.12575390625,3.01,25.3,-9.54,-12.77,8.52,-14.43,2026-06-18,4088881.3739022943,,1423.47998046875,20260806,14749.814861621096,-0.29,-5.49284,-8.98464,,0.17
TALV,Transamerica Large Value Active ETF,NYSE/AMEX,Transamerica,,238452597691.4453,0.49,41807.60822099913,2,93.0,111.0314384765625,0.2656,177.93499755859375,0.43,,16.22,,11.3,-7.41,2026-06-25,399936.9762772974,,1423.47998046875,20260806,,,,,,
TAXF,American Century Diversified Municipal Bond ETF,NYSE/AMEX,American Century Investments,,971900839833.4062,0.27,70981.8316153381,11,29.0,226.3333168945313,0.3189,2492.5134458007806,3.51,-2.01,-1.3,1.99,3.26,-3.42,2026-07-07,2280603.778446456,,1423.47998046875,20260806,,,,,,
TAXM,BondBloxx IR+M Tax-Aware ETF for Massachusetts Residents,NYSE/AMEX,BondBloxx Investment Management,,55638935665.39063,0.35,70669.80461247824,12,30.0,192.16979736328128,0.2719,2311.7314882812498,3.27,139.88,-1.25,1.25,2.96,-3.33,2026-08-03,195426.20117552247,,1423.47998046875,20260806,,,,,,
TAXX,BondBloxx IR+M Tax-Aware Short Duration ETF,NYSE/AMEX,BondBloxx Investment Management,,407107120720.7344,0.35,71835.91743156128,12,30.0,222.062876953125,0.3091,2482.5490859375,3.46,-4.33,-0.54,-0.53,1.71,-1.38,2026-08-03,1741600.2972834003,,1423.47998046875,20260806,,,,,,
TBF,ProShares Short 20+ Year Treasury,NYSE/AMEX,ProShares,,149727830718.41797,0.95,35885.92900438234,4,91.0,216.36895703125,0.6029,963.6959467773438,2.69,-24.53,4.39,3.96,9.35,-7.36,2026-06-24,3160002.4508882803,,1423.47998046875,20260806,36010.34245791016,-2.41,6.99265,12.2070596,,-0.35
TBFC,The Brinsmere Fund  Conservative ETF,NYSE/AMEX,The Brinsmere Funds,,507559574841.9688,0.44,41956.787884708494,4,91.0,250.5324765625,0.5971,1256.9328227539063,3.0,6.51,4.28,8.14,7.46,-5.73,2026-06-25,125162.85800860888,,1423.47998046875,20260806,,,,,,
TBFG,The Brinsmere Fund Growth ETF,NYSE/AMEX,The Brinsmere Funds,,541448283022.1094,0.46,46973.41665742919,4,91.0,186.47587744140623,0.397,1110.314384765625,2.36,11.11,9.66,16.7,11.16,-7.83,2026-06-25,317097.5859164052,,1423.47998046875,20260806,,,,,,
TBG,TBG Dividend Focus ETF,NYSE/AMEX,TBG ETF,,370538125003.6094,0.45,54661.63342205808,4,91.0,354.44651513671874,0.6484,1406.398220703125,2.57,24.91,14.49,17.75,9.99,-6.24,2026-06-29,1169181.2778219094,,1423.47998046875,20260806,,,,,,
TBLL,Invesco Short Term Treasury ETF,NYSE/AMEX,Invesco,,3707501301404.125,0.08,150404.8999492675,12,28.0,437.0083540039062,0.2906,5548.724963867187,3.69,-17.19,-0.03,0.02,1.08,-0.41,2026-07-20,26644260.04532456,,1423.47998046875,20260806,150390.65993652344,0.01,4.55685,3.4825000000000004,2017-01-12,0.01
TBLU,Tortoise Global Water ETF,NYSE/AMEX,"Tortoise Capital Advisors, LLC",,80996141848.83008,0.4,75700.66579573974,2,176.0,718.8573901367188,0.9496,2532.370885253906,3.35,144.37,3.57,-1.21,15.62,-13.17,2026-06-25,156361.58963854663,,1423.47998046875,20260806,,,,,,
TBT,ProShares UltraShort Lehman 20  Year Treasury,NYSE/AMEX,ProShares,,451869075037.7656,0.93,53650.95850901492,4,91.0,301.77775585937496,0.5625,1379.3521010742188,2.57,-30.64,7.96,7.01,18.95,-13.94,2026-06-24,15866139.63075808,,1423.47998046875,20260806,53368.96907973633,-4.82,8.33535,20.461269,2008-04-29,0.53
TBUX,T. Rowe Price Ultra Short-Term Bond ETF,NYSE/AMEX,T. Rowe Price,,1856542220210.0,0.17,70928.44785798341,12,30.0,253.37943652343748,0.3572,3133.0794370117183,4.42,-11.85,-0.03,0.02,1.43,-0.72,2026-07-28,9500845.425465193,,1423.47998046875,20260806,70860.83342773438,0.07,5.71498,,,0.1
TBX,ProShares Short 7 10 Year Treasury,NYSE/AMEX,ProShares,,29761063209.49512,0.95,40796.93602302857,4,91.0,204.9811171875,0.5024,1162.983144042969,2.85,-53.53,3.06,1.63,4.98,-3.45,2026-06-24,379046.1540734949,,1423.47998046875,20260806,,,,,,
TCAF,T. Rowe Price Capital Appreciation Equity ETF,NYSE/AMEX,T. Rowe Price,,11427527103324.5,0.31,60832.41783415526,1,,273.30815625,0.4493,273.30815625,0.45,32.41,12.11,17.53,12.2,-11.77,2025-12-23,33096378.364363343,,1423.47998046875,20260806,60626.01236816407,0.93,18.75778,,2023-06-14,0.34
TCAI,Tortoise AI Infrastructure ETF,NYSE/AMEX,"Tortoise Capital Advisors, LLC",,327035073605.625,0.65,68430.2389718201,1,,21.35219970703125,0.0312,21.35219970703125,0.03,,54.77,90.66,41.84,-28.82,2025-12-31,2832730.726501799,,1423.47998046875,20260806,,,,,,
TCAL,T. Rowe Price Capital Appreciation Premium Income ETF,NYSE/AMEX,T. Rowe Price,,404727016642.03125,0.34,32647.51259183045,13,30.0,355.8699951171875,1.09,3990.0143852539054,12.22,235.69,-2.98,-6.92,11.0,-13.04,2026-07-31,2756644.389287523,,1423.47998046875,20260806,,,,,,
TCPB,Thrivent Core Plus Bond ETF,NYSE/AMEX,Thrivent,,665632722069.5625,0.39,71302.1124388855,12,31.0,283.27251611328126,0.3973,3441.974592773437,4.83,174.46,-2.38,-1.76,4.12,-4.62,2026-07-30,1813814.065278361,,1423.47998046875,20260806,,,,,,
TCV,Towle Value ETF,NYSE/AMEX,,,291044716806.6406,0.85,47430.352514807135,2,7.0,12.81131982421875,0.027,112.45491845703124,0.24,,26.88,42.24,20.31,-12.13,2025-12-30,231139.01750207425,,1423.47998046875,20260806,,,,,,
TDAQ,TappAlpha Innovation 100 Growth & Daily Income ETF,NYSE/AMEX,TappAlpha,,381317170929.3125,0.83,38732.88896531984,10,28.0,555.1571923828125,1.4333,5308.156847167969,13.7,,4.49,,20.37,-17.22,2026-07-14,4215769.67245434,,1423.47998046875,20260806,38575.0263387207,0.0,,,,0.41
TDAX,TDAQ Lift ETF,NYSE/AMEX,TappAlpha,,70058332353.94531,0.98,34317.681353170425,29,7.0,128.1131982421875,0.3733,4148.020663085937,12.09,,0.58,,28.17,-18.06,2026-08-05,956538.1711924828,,1423.47998046875,20260806,,,,,,
TDTF,FlexShares iBoxx 5 Year Target Duration TIPS Index Fund,NYSE/AMEX,Flexshares Trust,,1485701315320.625,0.18,33152.99123212695,10,30.0,260.4968364257812,0.7857,1937.356253417969,5.84,51.9,-2.67,-3.56,3.72,-4.74,2026-08-03,3638332.629465354,,1423.47998046875,20260806,33117.68878959961,0.64,4.37899,1.18979,,0.11
TDTT,FlexShares iBoxx 3 Year Target Duration TIPS Index Fund,NYSE/AMEX,Flexshares Trust,,3623096454536.625,0.18,33473.130871899426,10,30.0,253.37943652343748,0.757,1877.5700942382807,5.61,44.15,-2.22,-3.07,2.72,-4.02,2026-08-03,6439923.750471837,,1423.47998046875,20260806,33454.199456982424,0.32,4.76726,2.57136,,0.06
TDV,ProShares S&P Technology Dividend Aristocrats ETF,NYSE/AMEX,ProShares,,382095142596.0781,0.45,146404.91381915286,4,91.0,388.6100346679688,0.2654,1488.9600595703123,1.02,19.95,18.14,24.31,19.74,-9.82,2026-06-24,623291.0675405981,,1423.47998046875,20260806,,,,,,
TDVG,T. Rowe Price Dividend Growth ETF,NYSE/AMEX,T. Rowe Price,,2018973448194.4373,0.5,71942.67951612547,4,91.0,163.70019775390625,0.2275,680.4234306640625,0.95,6.22,11.76,18.92,9.74,-7.53,2026-06-26,2854427.761994138,,1423.47998046875,20260806,,,,,,
TDVI,FT Vest Technology Dividend Target Income ETF,NYSE/AMEX,First Trust,,745968784863.6094,0.75,45124.31646688841,12,30.0,281.8490361328125,0.6246,3269.7335151367183,7.25,15.95,13.91,19.31,20.41,-17.13,2026-07-21,3070947.7880322128,,1423.47998046875,20260806,44981.9673828125,0.0,,,,0.32
TECB,iShares U.S. Tech Breakthrough Multisector ETF,NYSE/AMEX,iShares,,689635488702.8228,0.3,103728.99008646236,4,91.0,76.8679189453125,0.0741,306.04819580078123,0.3,8.59,20.47,26.42,19.18,-16.39,2026-06-15,885992.0499755434,Equity,1423.47998046875,20260806,,,,,,
TECL,Direxion Daily Technology Bull 3X ETF,NYSE/AMEX,Direxion Funds,,7311098858841.25,0.87,291236.8883416504,3,97.5,297.50731591796875,0.1022,11886.057836914062,4.08,1719.17,73.15,98.15,77.63,-49.77,2026-06-23,171852683.08385524,,1423.47998046875,20260806,291547.2052397461,4.96,63.28621,28.28086,2008-12-17,-0.11
TECS,Direxion Technology Bear 3X ETF,NYSE/AMEX,Direxion Funds,,99125611349.67969,1.01,88732.62327928469,4,91.0,725.9747900390626,0.8182,7829.139892578125,8.82,-67.05,-63.78,-74.01,77.81,-76.34,2026-06-23,57452786.07501269,,1423.47998046875,20260806,88587.42962451171,-3.74,-63.567233,-56.09702,2008-12-17,0.16
TEK,iShares Technology Opportunities Active ETF,NYSE/AMEX,iShares,,58736069442.87475,0.75,54746.18621279858,1,,677.576470703125,1.2377,677.576470703125,1.24,5188.89,27.4,32.32,33.59,-22.55,2025-12-16,224752.9738880781,Equity,1423.47998046875,20260806,,,,,,
TEMD,Templeton Emerging Markets Debt ETF,NYSE/AMEX,,,70391085034.17969,0.45,35336.4661880536,6,30.0,202.13415722656248,0.572,1091.8091450195311,3.09,,-1.96,,6.06,-4.85,2026-07-01,110536.73569209436,,1423.47998046875,20260806,,,,,,
TEMT,Tradr 2X Long TEM Daily ETF,NYSE/AMEX,AXS,,37630154491.20508,1.31,20996.329711914062,1,,16432.65289453125,78.2644,16432.65289453125,78.26,,-61.38,-69.16,133.32,-91.96,2025-12-23,13192366.15380034,,1423.47998046875,20260806,21350.91857504883,0.0,,,2025-05-12,-1.66
TEND,iShares Large Cap 10% Target Buffer Dec ETF,NYSE/AMEX,iShares,,99756662430.59636,0.5,39615.44774784241,1,,51.245279296875,0.1294,51.245279296875,0.13,,9.42,,8.22,-5.92,2025-12-23,3207755.7074125456,Equity,1423.47998046875,20260806,39577.71140216309,0.0,,,,0.1
TENJ,iShares Large Cap 10% Target Buffer Jun ETF,NYSE/AMEX,iShares,,57853796593.684616,0.5,40227.54457385559,1,,102.49055859375,0.2548,102.49055859375,0.25,,11.12,,8.62,-5.51,2025-12-23,185905.7290728032,Equity,1423.47998046875,20260806,,,,,,
TENM,iShares Large Cap 10% Target Buffer Mar ETF,NYSE/AMEX,iShares,,65765192006.47293,0.5,39143.56541583128,1,,106.76099853515623,0.2727,106.76099853515623,0.27,,8.12,,6.52,-3.61,2025-12-23,2006624.942669554,Equity,1423.47998046875,20260806,,,,,,
TEQI,T. Rowe Price Equity Income ETF,NYSE/AMEX,T. Rowe Price,,657033445344.0312,0.54,75166.86080306396,4,91.0,276.15511621093754,0.3674,1086.115225097656,1.44,4.81,16.16,25.61,10.79,-7.52,2026-06-26,646095.672087924,,1423.47998046875,20260806,,,,,,
TESL,Simplify Volt TSLA Revolution ETF,NYSE/AMEX,Simplify Asset Management,,19178002007.50293,0.97,17779.264630245976,2,89.0,9565.78546875,53.803,10989.26544921875,61.81,1623.21,-25.52,-45.43,62.06,-63.13,2025-12-23,415952.7956353602,,1423.47998046875,20260806,,,,,,
TEST,YieldMax TSLA Performance & Distribution Target 25 ETF,NYSE/AMEX,YieldMax ETFs,,4935649218.039063,1.01,50586.20628483035,36,7.0,237.72115673828125,0.4699,11535.881761718749,22.8,,-30.99,,37.83,-41.53,2026-08-04,100307.69798193085,,1423.47998046875,20260806,,,,,,
TETH,21Shares Ethereum ETF,NYSE/AMEX,,,19644023730.46875,0.21,13565.48010867089,3,86.0,12.81131982421875,0.0944,45.551359375,0.34,,-38.79,-48.21,66.68,-67.8,2026-06-29,17080634.909978576,,1423.47998046875,20260806,,,,,,
TEXU,Direxion Daily Energy Top 5 Bull 2X ETF,NYSE/AMEX,,,3999978745.1171875,0.98,53778.930740688,3,91.0,317.4360356445313,0.5903,744.4800297851563,1.38,,51.67,,40.86,-32.15,2026-06-23,137441.16014142305,,1423.47998046875,20260806,,,,,,
TFI,State Street SPDR Nuveen ICE Municipal Bond ETF,NYSE/AMEX,SPDR,,4469186216279.297,0.23,64006.77753898315,12,30.0,192.16979736328128,0.3002,2283.261888671875,3.57,11.47,-1.72,0.95,3.06,-3.59,2026-08-03,20729891.268360853,Fixed Income ICE 1+ Year AMT-Free Broad Municipal Index,1423.47998046875,20260806,63998.86277308594,1.08,2.78893,-0.35284,2007-09-11,0.01
TFLO,iShares Treasury Floating Rate Bond ETF,NYSE/AMEX,iShares,,9558091674387.34,0.15,71939.4051385764,12,30.0,227.756796875,0.3166,2728.811122558593,3.79,-15.29,0.11,0.05,1.1,-0.43,2026-08-03,74615645.31301484,Fixed Income,1423.47998046875,20260806,71919.43278480957,-0.02,4.64002,3.77032,2014-02-04,0.03
TFLR,T. Rowe Price Floating Rate ETF,NYSE/AMEX,T. Rowe Price,,961187433416.5624,0.61,72042.18149657175,12,30.0,387.1865546875,0.5374,4799.974494140625,6.66,-11.4,-1.56,-1.78,2.72,-3.38,2026-07-28,3718830.7292444906,,1423.47998046875,20260806,71786.09541503906,0.05,7.4608594,,,0.36
TGLR,Wedbush LAFFER TENGLER New Era Value ETF,NYSE/AMEX,"Laffer Tengler Investments, Inc.",,53788480017.82031,0.95,59174.06235367432,9,28.5,112.45491845703124,0.19,538.0754326171876,0.91,14.55,13.85,24.91,13.31,-8.72,2026-06-24,276053.38222233136,,1423.47998046875,20260806,,,,,,
TGRT,T. Rowe Price Growth ETF,NYSE/AMEX,T. Rowe Price,,2118690293413.125,0.38,66690.03491290286,1,,49.821799316406256,0.0747,49.821799316406256,0.07,9.38,6.28,12.59,17.75,-17.95,2025-12-23,4691409.457565976,,1423.47998046875,20260806,66448.04548828125,1.2,22.11884,,,0.36
THD,iShares MSCI Thailand ETF,NYSE/AMEX,iShares,,522187322224.1119,0.59,104042.14655952156,2,181.0,2441.2681665039063,2.3464,3595.710430664062,3.46,28.75,22.0,24.9,22.38,-13.12,2026-06-15,6485860.421517544,Equity,1423.47998046875,20260806,104258.81966028808,0.81,5.830620000000001,3.68754,,-0.21
THEQ,T. Rowe Price Hedged Equity ETF,NYSE/AMEX,T. Rowe Price,,53955425749.92969,0.46,43340.410599488765,1,,316.0125556640625,0.7291,316.0125556640625,0.73,,8.83,13.66,9.37,-6.17,2025-12-23,102707.04284397444,,1423.47998046875,20260806,,,,,,
THIR,THOR Index Rotation ETF,NYSE/AMEX,THOR,,283544321074.6719,0.69,49295.113244073465,1,,160.85323779296874,0.3263,160.85323779296874,0.33,48.68,6.82,16.52,13.31,-8.88,2025-12-12,2228588.6471245755,,1423.47998046875,20260806,,,,,,
THLV,THOR Equal Weight Low Volatility ETF,NYSE/AMEX,THOR,,80205968111.67188,0.64,46775.55302702636,1,,754.4443896484376,1.6129,754.4443896484376,1.61,53.62,9.22,13.56,10.48,-6.66,2025-12-12,390030.89719506376,,1423.47998046875,20260806,,,,,,
THNQ,ROBO Global Artificial Intelligence ETF,NYSE/AMEX,Robo Global,,592305874699.3438,0.68,126262.66992346196,1,,185.0523974609375,0.1466,185.0523974609375,0.15,,37.75,58.08,30.35,-18.56,2025-12-30,1670714.4726218418,,1423.47998046875,20260806,,,,,,
THRO,iShares U.S. Thematic Rotation Active ETF,NYSE/AMEX,iShares,,9522071747211.678,0.57,62759.80985803343,4,91.0,68.3270390625,0.1089,153.735837890625,0.24,-53.65,14.07,21.56,14.56,-10.91,2026-06-15,51794156.50759037,Equity,1423.47998046875,20260806,62604.02320982422,1.09,22.83506,,2021-12-14,0.25
THTA,SoFi Enhanced Yield ETF,NYSE/AMEX,SoFi,,77031647612.66602,0.65,22320.16652816161,12,31.0,182.2054375,0.8163,2432.7272866210938,10.9,-18.19,3.06,4.12,7.08,-3.61,2026-07-15,545699.9140994311,,1423.47998046875,20260806,,,,,,
THY,Toews Agility Shares Dynamic Tactical Income ETF,NYSE/AMEX,Toews Corporation,,125385332310.33594,1.03,30846.81128536072,12,28.0,150.88887792968748,0.4892,1696.78813671875,5.5,2.76,-2.55,-3.47,3.25,-5.29,2026-07-16,337985.16936728486,,1423.47998046875,20260806,,,,,,
THYF,T. Rowe Price U.S. High Yield ETF,NYSE/AMEX,T. Rowe Price,,1197360117244.25,0.5,73195.33798923343,12,30.0,409.962234375,0.5601,5060.471330566405,6.91,-4.74,-1.64,-1.64,4.09,-4.59,2026-07-28,751936.3177432482,,1423.47998046875,20260806,,,,,,
TIER,T. Rowe Price International Equity Research ETF,NYSE/AMEX,T. Rowe Price,,49894482204.20898,0.38,46597.61802946776,1,,298.9307958984375,0.6415,298.9307958984375,0.64,,14.26,27.67,17.04,-12.07,2025-12-23,114554.47068665035,,1423.47998046875,20260806,,,,,,
TILL,Teucrium Agricultural Strategy No K-1 ETF,NYSE/AMEX,Teucrium,,45977811201.46875,0.89,25878.86647933349,1,,1178.641423828125,4.5545,1178.641423828125,4.55,74.68,9.82,3.0,13.8,-9.87,2025-12-24,816619.060976036,,1423.47998046875,20260806,,,,,,
TILT,FlexShares Mornigstar US Market Factors Tilt Index Fund ETF,NYSE/AMEX,Flexshares Trust,,3111135616249.125,0.25,405264.7678159177,4,91.0,1076.150865234375,0.2655,4233.429461914063,1.04,10.15,14.05,24.67,12.76,-8.7,2026-06-18,2123679.755921383,,1423.47998046875,20260806,,,,,,
TIME,Clockwise U.S. Core Equity ETF,NYSE/AMEX,Clockwise Capital LLC,,21588941509.54297,0.96,38261.43289970607,2,116.0,264.7672763671875,0.692,3531.6538315429684,9.23,-36.95,8.07,4.51,16.58,-14.48,2025-12-22,163251.59787263907,,1423.47998046875,20260806,,,,,,
TINY,ProShares Nanotechnology ETF,NYSE/AMEX,ProShares,,24727672162.07715,0.58,114078.26036133245,3,136.5,11.38783984375,0.01,204.9811171875,0.18,476.0,44.65,86.88,39.15,-27.86,2026-06-24,391800.321884216,,1423.47998046875,20260806,,,,,,
TIP,iShares TIPS Bond ETF,NYSE/AMEX,iShares,,20984696757443.965,0.18,152205.60125573725,9,30.5,1116.0083046875,0.7332,7574.33697607422,4.98,93.35,-2.67,-3.06,3.86,-4.76,2026-08-03,287374318.0266758,Fixed Income,1423.47998046875,20260806,152283.71749294922,0.69,3.7249602,0.27608,2003-12-04,-0.05
TIPA,Northern Trust 2030 Inflation-Linked Distributing Ladder ETF,NYSE/AMEX,,,25252534853.515625,0.1,140333.77257127687,8,30.0,963.6959467773438,0.6867,5604.2406831054695,3.99,,-1.22,,2.31,-3.02,2026-08-03,120255.87436896712,,1423.47998046875,20260806,,,,,,
TIPX,State Street SPDR Bloomberg 1a??10 Year TIPS ETF,NYSE/AMEX,SPDR,,2838234028657.2266,0.15,26473.312618409283,11,30.0,196.4402373046875,0.742,1496.0774594726563,5.65,85.69,-2.53,-3.04,3.29,-4.18,2026-08-03,6505584.513509872,Fixed Income Bloomberg 1-10 Year U.S. Government Inflation-Linked Bond Index,1423.47998046875,20260806,26450.73489227539,0.47,4.60328,1.81883,,0.09
TIPZ,PIMCO Broad U.S. TIPS Index Exchange-Traded Fund,NYSE/AMEX,PIMCO,,126463054697.46877,0.2,72668.65191690065,10,30.0,583.6267919921875,0.8031,4583.605537109375,6.31,51.89,-3.52,-4.19,4.47,-5.85,2026-08-03,1331606.4924198927,,1423.47998046875,20260806,,,,,,
TLCI,Touchstone International Equity ETF,NYSE/AMEX,Touchstone,,159211179614.53906,0.37,39418.43936530687,1,,222.062876953125,0.5633,222.062876953125,0.56,,5.6,7.33,13.66,-11.84,2025-12-30,328417.8764248882,,1423.47998046875,20260806,,,,,,
TLDR,The Laddered T-Bill ETF,NYSE/AMEX,Rex,,69811290250.29492,0.2,35608.35084260255,27,7.0,24.19915966796875,0.068,653.3773110351564,1.83,,0.04,,0.66,-0.14,2026-08-04,504017.43105945445,,1423.47998046875,20260806,,,,,,
TLH,iShares 10-20 Year Treasury Bond ETF,NYSE/AMEX,iShares,,15555487060324.72,0.15,138255.49310302734,12,30.0,539.4989125976563,0.3902,6340.179833007814,4.59,5.7,-4.32,-4.24,7.86,-8.39,2026-08-03,138814832.28503332,Fixed Income,1423.47998046875,20260806,138517.24260183595,2.0,1.50044,-5.22692,2007-01-05,-0.19
TLTD,FlexShares Morningstar Developed Markets ex-US Factor Tilt Index Fund,NYSE/AMEX,Flexshares Trust,,953864232472.5624,0.39,146793.52758976072,4,91.0,2027.0354921875,1.3809,4752.999654785156,3.24,19.51,10.3,21.88,15.03,-12.23,2026-06-18,1076654.576737362,,1423.47998046875,20260806,,,,,,
TLTE,FlexShares Morningstar Emerging Markets Factor Tilt Index Fund,NYSE/AMEX,Flexshares Trust,,487530186611.1875,0.57,107035.73130085692,3,136.0,394.3039545898438,0.3684,3545.8886313476564,3.31,23.19,15.61,25.78,22.76,-13.04,2026-06-18,434803.6010174694,,1423.47998046875,20260806,,,,,,
TLTI,NEOS Enhanced Income 20+ Year Treasury Bond ETF,NYSE/AMEX,Neos Funds,,24771774418.83203,0.58,62675.68061861768,12,28.0,317.4360356445313,0.5065,4001.402225097656,6.38,41.97,-4.36,-5.39,9.26,-10.61,2026-07-15,317319.1903424206,,1423.47998046875,20260806,,,,,,
TLTP,Amplify TLT U.S. Treasury 12% Option Income ETF,NYSE/AMEX,Amplify ETFs,,33161623075.7168,0.39,28597.713024822995,12,31.0,316.0125556640625,1.105,3921.6873461914056,13.71,30.08,-8.64,-11.31,7.78,-14.43,2026-07-30,451910.67536906514,,1423.47998046875,20260806,,,,,,
TLTW,iShares 20+ Year Treasury Bond BuyWrite Strategy ETF,NYSE/AMEX,iShares,,2630288864358.7188,0.35,30426.88458251953,12,30.0,216.36895703125,0.7111,3316.7083544921875,10.9,-40.38,-5.63,-6.21,8.08,-11.47,2026-08-04,33724331.9907853,Fixed Income,1423.47998046875,20260806,30487.268603291017,1.7,1.29889,,2022-08-18,-0.2
TLTX,Global X Treasury Bond Enhanced Income ETF,NYSE/AMEX,Global X Funds,,20074744573.39893,0.29,30804.10590852052,12,28.0,337.36475537109374,1.0952,5911.712358886718,19.19,,-11.38,-16.06,10.2,-18.22,2026-07-20,186806.65100514083,,1423.47998046875,20260806,,,,,,
TMAT,Main Thematic Innovation ETF,NYSE/AMEX,Main Management ETFs,,337890076423.08594,0.82,40910.81431286317,1,,8.5408798828125,0.0209,8.5408798828125,0.02,,13.76,16.32,27.69,-21.65,2025-12-23,737371.300852331,,1423.47998046875,20260806,,,,,,
TMF,Direxion Daily 20-Yr Treasury Bull 3x Shrs,NYSE/AMEX,Direxion Funds,,3056785009680.937,0.9,44889.440966876224,4,91.0,519.5701928710937,1.1574,2066.892931640625,4.6,-9.76,-15.0,-18.93,27.15,-30.7,2026-06-23,199156692.9171292,,1423.47998046875,20260806,45249.58161914063,7.22,-18.049629,-34.4744,2009-04-16,-0.8
TMFC,Motley Fool 100 Index ETF,NYSE/AMEX,Motley Fool,,2922327782515.875,0.5,113671.9986188598,1,,146.61843798828124,0.129,146.61843798828124,0.13,-57.44,11.75,20.15,14.76,-12.77,2025-12-18,7619440.783511613,,1423.47998046875,20260806,113621.88734501954,1.12,25.2421,14.486950000000002,,0.04
TMFE,Motley Fool Capital Efficiency 100 Index ETF,NYSE/AMEX,Motley Fool,,110323240104.51952,0.5,43743.53914818727,1,,132.38363818359375,0.3026,132.38363818359375,0.3,-19.83,6.04,9.17,12.8,-11.59,2025-12-18,500646.5578069345,,1423.47998046875,20260806,,,,,,
TMFG,Motley Fool Global Opportunities ETF,NYSE/AMEX,Motley Fool,,502705348678.8125,0.85,45423.245959552005,1,,115.30187841796877,0.2538,115.30187841796877,0.25,-97.95,5.94,5.3,13.6,-11.81,2025-12-18,424996.2904091185,,1423.47998046875,20260806,,,,,,
TMFM,Motley Fool Mid-Cap Growth ETF,NYSE/AMEX,Motley Fool,,163027415563.77734,0.85,32769.50623365026,1,,21.35219970703125,0.0652,21.35219970703125,0.07,-99.64,-1.14,-10.83,19.89,-25.18,2025-12-18,256462.3106432835,,1423.47998046875,20260806,,,,,,
TMFX,Motley Fool Next Index ETF,NYSE/AMEX,Motley Fool,,46699094201.49219,0.5,33930.210628124885,1,,15.65827978515625,0.0461,15.65827978515625,0.05,-8.33,9.79,14.27,17.49,-13.96,2025-12-18,123705.67957884952,,1423.47998046875,20260806,,,,,,
TMLP,Tortoise MLP ETF,NYSE/AMEX,,,63188276333.00781,0.5,41551.38139010314,3,88.0,704.6225903320312,1.6958,1544.4757788085938,3.72,,15.34,,14.38,-8.75,2026-06-25,138553.0002505574,,1423.47998046875,20260806,,,,,,
TMSL,T. Rowe Price Small-Mid Cap ETF,NYSE/AMEX,T. Rowe Price,,3964798701450.125,0.55,62958.09703976102,1,,288.9664360351563,0.459,288.9664360351563,0.46,42.96,21.37,33.46,18.58,-11.19,2025-12-23,11545675.099848635,,1423.47998046875,20260806,62633.119140625,1.1,19.7125,,2023-06-14,0.52
TMV,Direxion Daily 20-Year Treasury Bear 3X,NYSE/AMEX,Direxion Funds,,268812054874.25,0.97,59295.05684877932,4,91.0,343.0586752929688,0.5786,1367.9642612304688,2.31,-18.49,11.53,12.67,27.48,-19.83,2026-06-23,34581023.330463335,,1423.47998046875,20260806,58877.97895214844,-6.99,-0.23379,19.958389,2009-04-16,0.71
TMVE,Thrivent Mid Cap Value ETF,NYSE/AMEX,Thrivent,,417508181466.34375,0.55,25793.45844072569,1,,25.6226396484375,0.0993,25.6226396484375,0.1,,18.48,,13.2,-8.22,2025-12-23,202883.3643067996,,1423.47998046875,20260806,,,,,,
TNA,Direxion Small Cap Bull 3X ETF,NYSE/AMEX,Direxion Funds,,1886353945072.0,1.05,105864.21005716547,4,91.0,125.26623828125,0.1183,298.9307958984375,0.28,-54.55,58.5,111.94,57.75,-32.56,2026-06-23,518586701.6504926,,1423.47998046875,20260806,104822.21880175782,3.83,24.90448,-2.6633501,2008-11-05,0.99
TNGY,Tortoise Energy ETF,NYSE/AMEX,"Tortoise Capital Advisors, LLC",,790229993087.0312,0.85,14555.083343307488,4,91.0,166.54715771484376,1.1443,666.188630859375,4.58,,13.86,13.23,16.84,-10.17,2026-06-25,740913.9571131748,,1423.47998046875,20260806,,,,,,
TOK,iShares MSCI Kokusai ETF,NYSE/AMEX,iShares,,365320151278.6544,0.25,221066.44531091303,2,181.0,1434.8678203125,0.6491,2809.9494814453124,1.27,2.55,12.15,21.25,12.65,-9.07,2026-06-15,261008.13575009047,Equity,1423.47998046875,20260806,,,,,,
TOLL,Tema Monopolies and Oligopolies ETF,NYSE/AMEX,Tema ETFs,,82242996433.32227,0.55,56858.63215457834,1,,160.85323779296874,0.2829,160.85323779296874,0.28,-82.15,12.94,17.65,16.21,-11.26,2025-12-10,569872.3258591002,,1423.47998046875,20260806,,,,,,
TOLZ,ProShares DJ Brookfield Global Infrastructure ETF,NYSE/AMEX,ProShares,,251039189884.1875,0.46,84298.33956708573,4,91.0,1056.2221455078125,1.253,2525.253485351562,3.0,-16.36,8.6,10.59,10.88,-5.77,2026-06-24,1367970.32793311,,1423.47998046875,20260806,,,,,,
TOPC,iShares S&P 500 3% Capped ETF,NYSE/AMEX,iShares,,44988798022.67278,0.09,50092.25855784304,4,91.0,128.1131982421875,0.2558,511.0293129882812,1.02,577.36,13.26,21.85,12.31,-8.26,2026-06-15,255652.735774158,Equity,1423.47998046875,20260806,,,,,,
TOPT,iShares Top 20 U.S. Stocks ETF,NYSE/AMEX,iShares,,959735843863.041,0.2,48327.1464229431,4,91.0,49.821799316406256,0.1031,180.7819575195313,0.37,69.33,9.2,19.21,15.23,-13.3,2026-06-15,13201597.40735497,Equity,1423.47998046875,20260806,48179.516228139655,0.0,,,2024-10-23,0.31
TOPW,Roundhill Top WeeklyPay ETF,NYSE/AMEX,,,208070068745.1172,0.32,49821.94050018117,47,7.0,294.66035595703124,0.5914,24930.828377929687,50.04,,-17.08,,28.48,-43.3,2026-08-04,12935895.48965931,,1423.47998046875,20260806,,,,,,
TOTL,State Street DoubleLine Total Return Tactical ETF,NYSE/AMEX,SPDR,,5699699250595.703,0.55,55259.35122361034,12,30.0,241.99159667968752,0.4379,2960.838359375,5.36,-1.38,-3.55,-3.22,3.8,-5.39,2026-08-03,16512617.882477475,Fixed Income Bloomberg U.S. Aggregate Bond Index,1423.47998046875,20260806,55345.65608501465,0.98,4.483200200000001,0.4004899999999999,2015-02-23,-0.16
TOTR,T. Rowe Price Total Return ETF,NYSE/AMEX,T. Rowe Price,,815633348491.4375,0.31,56327.10239273682,12,30.0,256.226396484375,0.4549,3012.083638671875,5.35,2.82,-2.92,-2.66,4.34,-4.79,2026-07-28,495145.3785011626,,1423.47998046875,20260806,,,,,,
TOUS,T. Rowe Price International Equity ETF,NYSE/AMEX,T. Rowe Price,,2253137134868.25,0.5,56597.56163417362,1,,854.08798828125,1.5091,854.08798828125,1.51,-23.86,13.96,23.4,16.22,-12.23,2025-12-23,6673207.556028632,,1423.47998046875,20260806,56142.05042968749,0.89,18.918909,,,0.81
TOV,JLens 500 Jewish Advocacy U.S. ETF,NYSE/AMEX,JLens,,375449791430.9375,0.18,46191.926452239975,4,91.0,96.796638671875,0.2096,380.0691547851563,0.82,214.12,12.92,21.72,13.23,-9.12,2026-06-29,334629.4163563793,,1423.47998046875,20260806,,,,,,
TPFC,Timothy Plan Free Cash Flow ETF,NYSE/AMEX,,,57323538813.47656,0.59,38217.02245727647,2,30.0,15.65827978515625,0.041,48.3983193359375,0.13,,7.01,,13.56,-5.93,2026-07-09,689408.3603814932,,1423.47998046875,20260806,,,,,,
TPFI,Timothy Plan Fixed Income ETF,NYSE/AMEX,,,33437544741.210938,0.55,35174.18901414797,2,30.0,133.8071181640625,0.3804,247.68551660156248,0.7,,-1.2,,3.87,-1.87,2026-07-09,407754.2380565937,,1423.47998046875,20260806,,,,,,
TPHD,Timothy Plan High Dividend Stock ETF,NYSE/AMEX,Timothy Plan,,512490600597.03125,0.52,61764.79548371583,11,30.0,69.75051904296875,0.1129,1135.9370244140623,1.84,-0.75,11.69,13.59,10.72,-6.33,2026-07-09,959117.6260217916,,1423.47998046875,20260806,,,,,,
TPIF,Timothy Plan International ETF,NYSE/AMEX,Timothy Plan,,361436097924.65625,0.62,54953.44399437867,10,30.0,102.49055859375,0.1865,1451.949580078125,2.64,41.47,10.21,18.66,14.45,-10.27,2026-07-09,1258494.0419844366,,1423.47998046875,20260806,,,,,,
TPLC,Timothy Plan US Large/Mid Cap Core ETF,NYSE/AMEX,Timothy Plan,,435477919431.625,0.52,72910.64633725584,11,30.0,37.0104794921875,0.0508,583.6267919921876,0.8,1.74,11.66,13.77,11.58,-7.7,2026-07-09,1203751.8575780496,,1423.47998046875,20260806,,,,,,
TPOR,Direxion Daily Transportation Bull 3X ETF,NYSE/AMEX,Direxion Funds,,25020621495.097656,0.99,59586.87285124511,4,91.0,71.1739990234375,0.1194,320.2829956054687,0.54,-42.01,35.08,66.11,59.57,-34.21,2026-06-23,731549.801705349,,1423.47998046875,20260806,,,,,,
TPSC,Timothy Plan US Small Cap Core ETF,NYSE/AMEX,Timothy Plan,,515989491613.34375,0.52,69551.23271452636,9,30.5,78.29139892578125,0.1126,687.5408305664063,0.99,16.67,17.38,24.29,15.22,-9.1,2026-07-09,1209972.4308458306,,1423.47998046875,20260806,,,,,,
TPUT,T. Rowe Price Capital Appreciation Market Opportunities ETF,NYSE/AMEX,T. Rowe Price,,35704009566.11328,0.25,35828.99121700134,1,,78.29139892578125,0.2185,78.29139892578125,0.22,,0.44,,1.82,-0.36,2026-06-30,211924.84750464023,,1423.47998046875,20260806,,,,,,
TPYP,Tortoise North American Pipeline ETF,NYSE/AMEX,"Tortoise Capital Advisors, LLC",,1248988027959.875,0.4,59971.21309758909,4,91.0,498.2179931640625,0.8308,1953.0145332031248,3.26,-1.01,18.24,19.65,14.01,-7.22,2026-06-25,2774373.4036925114,,1423.47998046875,20260806,,,,,,
TPZ,Tortoise Electrification Infrastructure ETF,NYSE/AMEX,"Tortoise Capital Advisors, LLC",,173946645797.95703,0.85,30305.890087414533,7,35.5,290.389916015625,0.9582,1064.763025390625,3.51,-18.78,2.8,2.16,14.21,-8.02,2026-06-25,382355.4625126204,,1423.47998046875,20260806,,,,,,
TRFK,Pacer Data and Digital Revolution ETF,NYSE/AMEX,Pacer,,1358762157814.9688,0.49,135529.52763719484,2,65.0,1.42347998046875,0.0011,11.38783984375,0.01,-60.0,47.07,54.01,37.31,-26.17,2026-03-05,11553826.339052057,,1423.47998046875,20260806,136203.54671118164,1.86,45.21187,,2022-06-08,-0.49
TRFM,AAM Transformers ETF,NYSE/AMEX,AAM,,352758427309.6406,0.49,86035.12806467898,1,,115.30187841796877,0.134,115.30187841796877,0.13,,24.59,37.02,25.84,-12.99,2025-12-31,1195867.6216706356,,1423.47998046875,20260806,,,,,,
TRND,Pacer Trendpilot Fund of Funds ETF,NYSE/AMEX,Pacer,,88155073203.08398,0.77,53010.39686192013,1,,1110.314384765625,2.0945,1110.314384765625,2.09,4.14,10.37,15.74,12.89,-8.0,2025-12-31,143602.51976994975,,1423.47998046875,20260806,,,,,,
TRPA,Hartford AAA CLO ETF,NYSE/AMEX,,,157707347036.1328,0.24,55334.50986317359,12,31.0,214.94547705078125,0.3884,2792.867721679688,5.05,-16.26,-0.22,-0.22,2.36,-1.02,2026-07-30,531355.2068404848,,1423.47998046875,20260806,,,,,,
TRSY,Xtrackers US 0-1 Year Treasury ETF,NYSE/AMEX,Xtrackers,,132395527088.39062,0.06,42896.56953723449,12,30.0,105.33751855468748,0.2456,1518.8531391601562,3.54,8.32,0.22,0.18,1.12,-0.46,2026-08-03,810577.6231755945,,1423.47998046875,20260806,,,,,,
TRTY,Cambria Trinity ETF,NYSE/AMEX,Cambria,,205167445023.02344,0.46,44312.930597360246,4,91.0,210.67503710937493,0.4754,1268.3206625976563,2.86,7.48,8.62,16.77,10.17,-5.68,2026-06-23,909862.4633220658,,1423.47998046875,20260806,,,,,,
TSEC,Touchstone Securitized Income ETF,NYSE/AMEX,Touchstone,,228173090748.3281,0.4,36426.85291740112,12,30.0,223.48635693359373,0.6135,2546.6056850585937,6.99,18.63,-2.16,-2.61,3.31,-3.7,2026-06-29,437383.7993352822,,1423.47998046875,20260806,,,,,,
TSES,Truth Social American Energy Security ETF,NYSE/AMEX,,,10505282255.859375,0.65,43219.6984719336,4,28.0,25.6226396484375,0.0593,368.68131494140624,0.85,,19.35,,15.8,-6.77,2026-06-24,268708.1075070699,,1423.47998046875,20260806,,,,,,
TSII,REX TSLA Growth & Income ETF,NYSE/AMEX,Rex,,40332329456.36914,1.52,17304.391645771917,52,7.0,176.511517578125,1.02,18361.46826806641,106.11,640.05,-51.02,-46.54,48.72,-63.06,2026-08-04,1328643.7317484594,,1423.47998046875,20260806,,,,,,
TSLI,ProShares Ultra TSLA,NYSE/AMEX,,,3886100346.6796875,0.95,20455.407156431585,3,91.0,148.04191796875,0.7237,3514.572071777344,17.18,,-57.49,,94.34,-72.12,2026-06-24,469848.5271482384,,1423.47998046875,20260806,,,,,,
TSLP,Kurv Yield Premium Strategy Tesla (TSLA) ETF,NYSE/AMEX,Kurv Investment Management LLC,,22779962938.76123,1.0,19330.85802616272,12,28.0,455.51359375,2.3564,7245.5131005859375,37.48,-42.9,-41.89,-30.39,45.9,-50.93,2026-08-05,376700.83301874745,,1423.47998046875,20260806,,,,,,
TSLW,Roundhill TSLA WeeklyPay ETF,NYSE/AMEX,,,1381060277.0507812,0.99,23380.65759317018,52,7.0,69.75051904296875,0.2983,27003.415229492184,115.49,100.49,-49.21,-49.05,55.03,-64.47,2026-08-03,6771228.984178338,,1423.47998046875,20260806,,,,,,
TSLY,YieldMax TSLA Option Income Strategy ETF,NYSE/AMEX,YieldMax ETFs,,913900749454.8124,1.07,30405.53325163573,45,7.0,306.04819580078123,1.0066,33870.28265527343,111.4,-52.2,-41.25,-45.72,41.63,-57.53,2026-07-30,100073842.93480256,,1423.47998046875,20260806,30752.86149804688,1.5,1.63847,,2022-11-22,-1.13
TSLZ,T-Rex 2X Inverse Tesla Daily Target ETF,NYSE/AMEX,Rex,,48833107061.17188,1.05,22932.2633541748,1,,115.30187841796877,0.5028,115.30187841796877,0.5,-92.21,29.09,-46.48,91.86,-65.99,2025-12-24,97008267.63775016,,1423.47998046875,20260806,22875.32328613281,0.0,,,2023-10-18,0.25
TSME,Thrivent Small-Mid Cap Equity ETF,NYSE/AMEX,Thrivent,,1374708777704.9688,0.65,71956.91192666627,1,,99.64359863281253,0.1385,99.64359863281253,0.14,-49.28,19.25,27.3,23.08,-14.72,2025-12-23,4292946.750644562,,1423.47998046875,20260806,70913.06090821777,1.33,19.108039,,,1.47
TSMY,YieldMax TSM Option Income Strategy ETF,NYSE/AMEX,YieldMax ETFs,,148552525931.66406,1.01,21893.12226251373,45,7.0,190.7463173828125,0.8713,12594.9508671875,57.53,20.94,-3.75,-4.71,34.88,-20.8,2026-07-30,2463847.925876051,,1423.47998046875,20260806,,,,,,
TSOL,21Shares Solana ETF,NYSE/AMEX,21Shares US LLC,,4334408284.768555,0.21,10106.707725574495,3,68.0,51.245279296875,0.507,526.6875927734375,5.21,,-46.25,,69.13,-58.48,2026-06-29,198981.31568408548,,1423.47998046875,20260806,,,,,,
TSPA,T. Rowe Price U.S. Equity Research ETF,NYSE/AMEX,T. Rowe Price,,6062510225200.375,0.34,69223.83297063597,1,,380.0691547851563,0.549,380.0691547851563,0.55,44.32,13.33,22.03,13.48,-9.24,2025-12-23,13174032.167844187,,1423.47998046875,20260806,69138.42265136719,1.01,21.816681,13.89558,2021-06-08,0.12
TSPX,Twin Oak Active Opportunities ETF,NYSE/AMEX,Twin Oak ETF Co,,339452829684.84375,1.01,43582.117222148925,1,,846.9705883789062,1.9434,846.9705883789062,1.94,,10.73,15.6,10.0,-8.14,2025-12-31,154305.6577970953,,1423.47998046875,20260806,,,,,,
TSSD,Truth Social American Security & Defense ETF,NYSE/AMEX,,,9622724667.96875,0.65,43601.19060712587,3,59.5,9.964359863281253,0.0229,37.0104794921875,0.08,,24.23,,24.64,-12.08,2026-06-24,327515.10447057086,,1423.47998046875,20260806,,,,,,
TSXD,Direxion Daily Semiconductors Top 5 Bear 2X ETF,NYSE/AMEX,,,2149454770.5078125,0.99,7658.322457826231,3,91.0,64.05659912109375,0.8364,445.5492338867188,5.82,,-68.17,,89.84,-78.57,2026-06-23,147736.46528194536,,1423.47998046875,20260806,,,,,,
TSXU,Direxion Daily Semiconductors Top 5 Bull 2X ETF,NYSE/AMEX,Direxion Funds,,18040856448.58545,0.97,81636.57470782474,4,91.0,243.41507666015627,0.2982,1432.0208603515623,1.75,,84.46,,90.03,-38.28,2026-06-23,1669042.837804445,,1423.47998046875,20260806,,,,,,
TSYW,Roundhill Treasury Bond WeeklyPay ETF,NYSE/AMEX,Roundhill Financial,,4123805845.138184,0.99,59659.04491095431,37,7.0,101.06707861328124,0.1694,5894.630599121094,9.88,,-11.63,,10.88,-17.63,2026-08-03,221305.7191780636,,1423.47998046875,20260806,,,,,,
TTT,ProShares UltraPro Short 20 Year Treasury,NYSE/AMEX,ProShares,,27686645762.67773,0.95,105054.39078452438,4,91.0,569.3919921875,0.542,9143.011914550782,8.7,39.09,10.56,1.84,29.12,-23.88,2026-06-24,445864.8702695322,,1423.47998046875,20260806,,,,,,
TTXU,Direxion Daily Technology Top 5 Bull 2X ETF,NYSE/AMEX,,,6761529907.2265625,0.98,49836.17834086716,3,91.0,65.4800791015625,0.1314,226.3333168945312,0.45,,68.83,,65.15,-51.75,2026-06-23,266246.5097476671,,1423.47998046875,20260806,,,,,,
TUA,Simplify Short Term Treasury Futures Strategy ETF,NYSE/AMEX,Simplify Asset Management,,939128823228.3438,0.25,28940.770592366345,12,30.0,71.1739990234375,0.2459,896.7923876953126,3.1,-36.43,-7.16,-7.38,6.69,-9.83,2026-07-28,7570565.847019857,,1423.47998046875,20260806,28883.405239697266,1.24,0.34456,,,0.2
TUSB,Thrivent Ultra Short Bond ETF,NYSE/AMEX,Thrivent,,313476233198.3828,0.2,71750.50667788088,12,31.0,260.4968364257812,0.3631,3063.328917968749,4.27,143.44,-0.01,0.13,1.5,-0.76,2026-07-30,891585.4873417098,,1423.47998046875,20260806,,,,,,
TUSI,Touchstone Ultra Short Income ETF,NYSE/AMEX,Touchstone,,848637039310.2812,0.25,36021.161340173334,12,30.0,133.8071181640625,0.3715,1496.077459472656,4.15,-21.04,-0.1,-0.2,1.57,-0.82,2026-06-29,4358016.433883698,,1423.47998046875,20260806,35989.33189339844,0.04,5.67637,,,0.09
TVAL,T. Rowe Price Value ETF,NYSE/AMEX,T. Rowe Price,,1418744278942.6875,0.33,61921.37915039063,1,,577.9328720703126,0.9333,577.9328720703126,0.93,13.73,22.09,33.07,10.96,-7.15,2025-12-23,2998415.891295232,,1423.47998046875,20260806,61622.44835449219,0.78,19.90552,,,0.49
TWM,ProShares UltraShort Russell2000,NYSE/AMEX,ProShares,,63043815890.66992,0.95,29444.682635775767,4,91.0,338.7882353515625,1.1506,1672.5889770507813,5.68,-54.19,-34.04,-50.07,38.71,-50.61,2026-06-24,17095946.806998346,,1423.47998046875,20260806,29633.2944934082,-2.43,-28.25548,-18.94762,2007-01-23,-0.64
TWOX,iShares Large Cap Accelerated Outcome ETF,NYSE/AMEX,iShares,,32313239384.52648,0.5,42570.16622498632,1,,226.3333168945313,0.5317,226.3333168945313,0.53,,6.43,15.24,10.84,-9.51,2025-12-23,130938.69970937174,Equity,1423.47998046875,20260806,,,,,,
TXNU,Direxion Daily TXN Bull 2X ETF,NYSE/AMEX,,,7999957490.234375,0.97,66159.22193022631,1,,241.99159667968752,0.3658,241.99159667968752,0.37,,81.76,,111.4,-37.38,2026-06-23,1649475.6598425834,,1423.47998046875,20260806,,,,,,
TXS,Texas Capital Texas Equity Index ETF,NYSE/AMEX,Texas Capital Funds Trust,,54081398034.28125,0.49,59472.99184633792,4,92.0,123.84275830078124,0.2082,454.0901137695312,0.76,27.6,16.66,20.38,11.45,-6.54,2026-06-26,115542.40878806551,,1423.47998046875,20260806,,,,,,
TXXI,BondBloxx IR+M Tax-Aware Intermediate Duration ETF,NYSE/AMEX,BondBloxx Investment Management,,49809688348.73242,0.35,71330.72387388721,12,30.0,219.2159169921875,0.3073,2485.396045898437,3.48,158.28,-0.98,1.57,3.04,-3.08,2026-08-03,207783.1287156975,,1423.47998046875,20260806,,,,,,
TYA,Simplify Intermediate Term Treasury Futures Strategy ETF,NYSE/AMEX,Simplify Asset Management,,91171877101.3711,0.25,17651.15121479798,12,30.0,56.93919921875,0.3226,654.800791015625,3.71,-16.97,-8.01,-8.35,12.1,-13.39,2026-07-28,985781.5505387204,,1423.47998046875,20260806,,,,,,
TYD,Direxion Daily 10-Yr Treasury Bull 3x Shrs,NYSE/AMEX,Direxion Funds,,45030576377.18555,1.07,32654.48761332594,4,91.0,280.42555615234374,0.8588,1096.0795849609376,3.36,1.85,-9.61,-10.0,13.42,-15.92,2026-06-23,866710.0540838052,,1423.47998046875,20260806,,,,,,
TYO,Direxion Daily 10-Yr Treasury Bear 3x Shrs,NYSE/AMEX,Direxion Funds,,17823734470.64453,1.0,20576.40300907288,4,91.0,113.8783984375,0.5534,516.7232329101563,2.51,-33.64,8.52,7.95,13.95,-7.6,2026-06-23,269957.56052530906,,1423.47998046875,20260806,,,,,,
TZA,Direxion Small Cap Bear 3X ETF,NYSE/AMEX,Direxion Funds,,320197495703.9219,0.99,53836.01242691651,4,91.0,540.922392578125,1.0048,2775.7859619140627,5.16,-62.86,-48.12,-65.84,57.55,-66.48,2026-06-23,716236995.6423718,,1423.47998046875,20260806,54308.60821484375,-3.6,-43.31194,-32.22091,2008-11-05,-0.87
UBEW,Roundhill UBER WeeklyPay ETF,NYSE/AMEX,Roundhill Investments,,5128409759.594238,0.99,35385.57642114442,40,7.0,129.53667822265623,0.3661,15372.160309082034,43.44,,-38.02,,43.21,-55.9,2026-08-03,312538.2875874611,,1423.47998046875,20260806,,,,,,
UBOT,"Direxion Daily Robotics, Artificial Intelligence & Automation Index Bull 2X ETF",NYSE/AMEX,Direxion Funds,,33764871115.75977,1.32,35017.60806254577,4,91.0,95.37315869140626,0.2724,358.716955078125,1.02,-2.7,-6.25,7.66,52.85,-36.8,2026-06-23,593615.6942237611,,1423.47998046875,20260806,,,,,,
UBR,ProShares Ultra MSCI Brazil Capped,NYSE/AMEX,ProShares,,5679322134.675293,0.95,46078.1866311077,4,91.0,173.66455761718748,0.3769,731.6687099609375,1.59,-46.9,19.89,66.51,49.59,-35.76,2026-06-24,148901.3086514264,,1423.47998046875,20260806,,,,,,
UBT,ProShares Ultra 20+ Year Treasury,NYSE/AMEX,ProShares,,80501277574.5,0.95,21537.252267396543,4,91.0,167.9706376953125,0.7799,798.5722690429686,3.71,-24.29,-8.41,-10.53,18.32,-20.02,2026-06-24,1623195.3009223747,,1423.47998046875,20260806,,,,,,
UCC,ProShares Ultra Consumer Discretionary,NYSE/AMEX,ProShares,,14892084568.269045,0.95,69280.62685916945,4,91.0,219.2159169921875,0.3164,849.8175483398437,1.23,102.37,-4.87,2.98,38.73,-29.31,2026-06-24,245871.1441200226,,1423.47998046875,20260806,,,,,,
UCON,First Trust Smith Unconstrained Bond ETF,NYSE/AMEX,First Trust,,4636198407822.0,0.86,35126.78927679174,12,30.0,135.23059814453126,0.385,1658.3541772460935,4.72,1.3,-1.98,-1.14,3.38,-3.43,2026-07-21,14344367.992001036,,1423.47998046875,20260806,35103.016318359376,0.6,5.4636,2.7295,2018-06-04,0.07
UCOP,ProShares Ultra Copper K-1 Free ETF,NYSE/AMEX,ProShares,,6680629269.496582,0.95,64644.78158769384,1,,75.44443896484374,0.1167,75.44443896484374,0.12,,15.61,,55.73,-21.86,2026-06-24,135941.2021069336,,1423.47998046875,20260806,,,,,,
UDIV,Franklin U.S. Core Dividend Tilt Index ETF,NYSE/AMEX,Franklin Templeton Investments,,200434909316.4375,0.06,87956.82929639891,4,91.0,323.12995556640624,0.3674,1269.744142578125,1.44,-3.25,16.11,24.87,13.14,-8.78,2026-06-26,681635.9357550875,,1423.47998046875,20260806,,,,,,
UDN,Invesco DB USD Index Bearish ETF,NYSE/AMEX,Invesco,,154852802773.85938,0.0,25821.92597687989,1,,762.9852695312501,2.9548,762.9852695312501,2.95,-39.78,-0.44,-2.84,6.24,-6.57,2025-12-22,3019287.207171315,,1423.47998046875,20260806,25807.692045898435,12.03,2.75353,-0.15157,,0.06
UDOW,ProShares UltraPro Dow30,NYSE/AMEX,ProShares,,1211301292986.4062,0.95,109638.13924305514,4,91.0,297.50731591796875,0.2714,1101.7735048828126,1.0,28.25,30.66,63.89,37.51,-28.27,2026-06-24,232925754.5740075,,1423.47998046875,20260806,110449.80455654296,2.56,37.02089,16.49857,2010-02-09,-0.73
UGE,ProShares Ultra Consumer Staples,NYSE/AMEX,ProShares,,17096226592.666504,0.95,27786.329870367423,4,91.0,167.9706376953125,0.6045,575.085912109375,2.07,16.09,16.61,4.22,28.11,-19.22,2026-06-24,991467.4744038524,,1423.47998046875,20260806,,,,,,
UGLD,Direxion Daily Gold Bull 2X ETF,NYSE/AMEX,Direxion Funds,,4154930234.911133,1.07,30713.00436268188,1,,65.4800791015625,0.2132,65.4800791015625,0.21,,-14.82,,52.78,-25.15,2026-06-23,439103.6766329606,,1423.47998046875,20260806,,,,,,
UJB,ProShares Ultra High Yield ETF,NYSE/AMEX,ProShares,,14421799522.76172,0.95,111842.82163101809,4,91.0,380.0691547851563,0.3398,3565.8173510742185,3.19,12.18,-0.49,1.89,7.51,-6.39,2026-06-24,1197256.954029007,,1423.47998046875,20260806,,,,,,
ULST,State Street Ultra Short Term Bond ETF,NYSE/AMEX,SPDR,,748722000126.9531,0.2,57394.71237808839,12,30.0,195.0167573242188,0.3398,2404.257687011718,4.19,-10.49,-0.49,-0.59,1.33,-1.08,2026-08-03,4575609.690756566,Fixed Income Bloomberg US Treasury Bellwether 3 Month Index,1423.47998046875,20260806,57371.82325441406,0.1,4.76965,3.63459,,0.04
ULTY,YieldMax Ultra Option Income Strategy ETF,NYSE/AMEX,YieldMax ETFs,,1054840117264.375,1.3,38291.610931594856,53,7.0,438.431833984375,1.145,42815.43085253906,111.81,-61.07,-28.34,-55.83,24.08,-58.41,2026-08-05,75350336.56157508,,1423.47998046875,20260806,38130.18884482422,0.0,,,2024-02-28,0.42
UMDD,UltraPro MidCap400,NYSE/AMEX,ProShares,,45166649675.47852,0.95,52782.64028225094,4,91.0,54.0922392578125,0.1025,337.3647553710938,0.64,-3.66,40.03,61.36,47.42,-26.15,2026-06-24,281877.1233250895,,1423.47998046875,20260806,,,,,,
UMI,USCF Midstream Energy Income Fund ETF,NYSE/AMEX,USCF Investments,,724713973962.9219,0.69,84896.34516633302,10,30.0,93.9496787109375,0.1107,4969.368611816406,5.85,73.34,19.78,18.3,14.78,-7.57,2026-06-24,1463277.5302776322,,1423.47998046875,20260806,,,,,,
UNHU,Direxion Daily UNH Bull 2X ETF,NYSE/AMEX,,,5494632724.609375,0.97,76697.1028680969,1,,351.59955517578123,0.4584,351.59955517578123,0.46,,118.23,,61.94,-12.91,2026-06-23,262461.17285230884,,1423.47998046875,20260806,,,,,,
UNHW,Roundhill UNH WeeklyPay ETF,NYSE/AMEX,Roundhill Investments,,10343330091.521484,0.99,71515.63660801388,34,7.0,411.3857143554688,0.5752,16633.363571777343,23.26,,-1.61,,46.3,-37.01,2026-08-03,490862.2145194556,,1423.47998046875,20260806,,,,,,
UPAR,UPAR Ultra Risk Parity ETF,NYSE/AMEX,Evoke,,82995430869.23828,0.68,22904.219369345345,4,91.0,468.3249135742188,2.0447,758.7148295898438,3.31,2.7,3.28,13.97,14.59,-11.79,2026-06-29,151245.3580486784,,1423.47998046875,20260806,,,,,,
UPGD,Invesco Bloomberg Analyst Rating Improvers ETF,NYSE/AMEX,Invesco,,168458242221.7422,0.4,119319.51251994818,1,,1840.5596147460933,1.5425,1840.5596147460933,1.54,46.6,13.09,15.3,14.16,-10.02,2025-12-22,155126.82262314268,,1423.47998046875,20260806,,,,,,
UPRO,ProShares UltraPro S&P 500,NYSE/AMEX,ProShares,,7331215796784.75,0.89,218227.73917066303,4,91.0,425.6205141601562,0.195,1533.0879389648435,0.7,20.74,31.79,58.41,38.53,-26.95,2026-06-24,484185945.6876664,,1423.47998046875,20260806,218267.7369771973,3.11,48.76984,20.78216,2009-06-23,-0.02
UPSD,Aptus Large Cap Upside ETF,NYSE/AMEX,,,172112964438.47656,0.79,42849.59335120302,4,91.0,55.51571923828125,0.1296,273.30815625,0.64,90.1,12.57,20.17,14.42,-12.01,2026-06-29,383165.3611167969,,1423.47998046875,20260806,,,,,,
UPV,ProShares Ultra FTSE Europe,NYSE/AMEX,ProShares,,19740804710.86084,0.95,150377.84696593508,4,91.0,713.1634702148438,0.4742,3153.008156738281,2.1,56.87,14.65,37.23,31.72,-23.43,2026-06-24,120392.02046841929,,1423.47998046875,20260806,,,,,,
UPW,ProShares Ultra Utilities,NYSE/AMEX,ProShares,,24230188684.583008,0.95,31202.681280477904,4,91.0,136.654078125,0.438,478.6451434326172,1.53,-10.51,-1.08,-0.48,29.94,-19.38,2026-06-24,472898.3009284882,,1423.47998046875,20260806,,,,,,
URA,Global X Uranium ETF,NYSE/AMEX,Global X Funds,,7753397456620.25,0.69,62120.66547883302,1,,2966.532279296875,4.7754,2966.532279296875,4.78,181.24,-5.25,5.95,52.86,-39.3,2025-12-30,231320701.96771008,,1423.47998046875,20260806,61053.05636230469,1.44,30.08828,21.96972,2010-11-04,1.75
URAA,Direxion Daily Uranium Industry Bull 2X ETF,NYSE/AMEX,Direxion Funds,,40597594950.72949,1.3,35245.36464221496,6,78.0,37.0104794921875,0.105,4428.446219238281,12.56,216.8,-32.28,-20.05,98.41,-69.48,2026-06-23,4379536.174214701,,1423.47998046875,20260806,34291.63272949219,0.0,,,,2.78
URAN,Themes Uranium & Nuclear ETF,NYSE/AMEX,Themes ETF Trust,,42024647865.94922,0.35,53537.08293425292,1,,1514.58269921875,2.829,1514.58269921875,2.83,1673.33,-15.18,-5.67,40.03,-35.21,2025-12-18,510194.4772980831,,1423.47998046875,20260806,,,,,,
URE,ProShares Ultra Real Estate,NYSE/AMEX,ProShares,,85331651907.10352,0.95,102120.45075794682,4,91.0,488.2536333007813,0.4781,2025.6120122070315,1.98,10.83,21.97,14.75,28.02,-16.79,2026-06-24,245129.4980119804,,1423.47998046875,20260806,,,,,,
URNM,Sprott Uranium Miners ETF,NYSE/AMEX,Sprott,,2516397572267.3125,0.75,75899.95212418213,1,,2481.1256059570314,3.2689,2481.1256059570314,3.27,36.17,-11.79,11.97,53.4,-43.89,2025-12-18,47053929.57059309,,1423.47998046875,20260806,74590.35097656249,0.93,18.89513,16.605659,2019-12-03,1.76
URSP,ProShares Ultra S&P 500 Equal Weight,NYSE/AMEX,ProShares,,58750184613.42188,0.95,73586.79715592042,4,91.0,251.95595654296875,0.3424,647.6833911132812,0.88,,24.95,,23.41,-15.97,2026-06-24,1347083.6081152165,,1423.47998046875,20260806,,,,,,
URTH,iShares MSCI World ETF,NYSE/AMEX,iShares,,11814652643361.129,0.24,297969.94256750494,2,181.0,1913.15709375,0.6421,4041.259664550782,1.36,20.09,12.23,21.57,13.07,-9.06,2026-06-15,115802909.10113664,Equity,1423.47998046875,20260806,297598.3047583204,0.96,20.463890000000003,11.68545,2012-01-10,0.12
URTY,ProShares UltraPro Russell2000,NYSE/AMEX,ProShares,,453142007775.5,0.95,123059.83996740729,4,91.0,241.99159667968752,0.1966,895.3689077148438,0.73,4.49,57.81,109.88,57.93,-32.67,2026-06-24,77478941.65713665,,1423.47998046875,20260806,121955.36619467771,3.83,24.46718,-3.19282,2010-02-09,0.91
USAI,Pacer American Energy Infrastructure ETF,NYSE/AMEX,Pacer,,189070710628.20312,0.75,65215.739633753896,12,29.0,227.756796875,0.3492,2733.0815625,4.19,11.63,18.82,15.37,16.43,-9.37,2026-07-23,598509.1834469981,,1423.47998046875,20260806,,,,,,
USCA,Xtrackers MSCI USA Climate Action Equity ETF,NYSE/AMEX,Xtrackers,,4917003589003.375,0.07,66035.23542512208,4,91.0,176.511517578125,0.2673,706.0460703125,1.07,5.08,11.38,17.62,13.12,-10.6,2026-06-18,3180243.831834832,,1423.47998046875,20260806,64890.75838964844,1.0,19.574440000000003,,,1.76
USD,ProShares Ultra Semiconductors,NYSE/AMEX,ProShares,,3520055635521.625,0.95,130020.65620307624,4,91.0,203.55763720703123,0.1566,432.0261740722656,0.33,119.93,67.08,111.26,74.33,-39.42,2026-06-24,60552185.869138375,,1423.47998046875,20260806,128824.36884042968,4.42,102.63047,57.85538999999999,2007-01-30,0.93
USDU,WisdomTree Bloomberg U.S. Dollar Bullish Fund,NYSE/AMEX,WisdomTree,,652367027435.5781,0.51,37629.69252347108,1,,1407.8217006835937,3.7413,1407.8217006835937,3.74,-10.01,2.34,0.78,6.66,-7.21,2025-12-26,10184468.90697942,,1423.47998046875,20260806,37706.56120263672,-6.61,4.84242,5.14675,,-0.2
USEW,Cambria US EW ETF,NYSE/AMEX,Cambria,,269314850779.03125,0.3,81024.47788181156,3,90.5,51.245279296875,0.0632,438.431833984375,0.54,,12.01,,12.55,-8.25,2026-06-29,147399.58999419972,,1423.47998046875,20260806,,,,,,
USFR,WisdomTree Floating Rate Treasury Fund,NYSE/AMEX,WisdomTree,,26154406946603.0,0.15,71743.39318768308,12,30.0,227.756796875,0.3175,2720.270242675781,3.79,-15.81,0.14,0.08,1.09,-0.42,2026-07-28,232062013.83643925,,1423.47998046875,20260806,71750.50841552735,-0.02,4.68111,3.81465,2014-02-04,-0.01
USG,USCF Gold Strategy Plus Income Fund,NYSE/AMEX,USCF Investments,,12606354365.311035,0.45,47971.27642782591,4,90.0,355.8699951171875,0.7418,13612.739053222656,28.38,318.33,-3.12,-5.9,31.51,-28.54,2026-06-18,253849.2896625473,,1423.47998046875,20260806,,,,,,
USHY,iShares Broad USD High Yield Corporate Bond ETF,NYSE/AMEX,iShares,,41165368112629.37,0.08,52334.24061311036,12,30.0,303.2012358398437,0.5794,3624.180030273437,6.93,0.55,-1.75,-1.5,4.15,-3.73,2026-08-03,474703347.2238112,Fixed Income,1423.47998046875,20260806,52276.80406472168,0.64,8.73912,4.211390000000001,2017-10-25,0.11
USLV,Direxion Daily Silver Bull 2X ETF,NYSE/AMEX,Direxion Funds,,10323209201.99756,1.1,21238.321417196654,1,,52.66875927734375,0.248,52.66875927734375,0.25,,-36.21,,89.51,-48.6,2026-06-23,1562802.5745606995,,1423.47998046875,20260806,,,,,,
USMF,WisdomTree U.S. Multifactor Fund,NYSE/AMEX,WisdomTree,,415246009857.0625,0.28,76739.8055298645,4,91.0,249.10899658203124,0.3246,990.74206640625,1.29,1.9,5.53,5.92,11.75,-7.34,2026-06-25,1577368.3020569698,,1423.47998046875,20260806,,,,,,
USMV,iShares MSCI USA Min Vol Factor ETF,NYSE/AMEX,iShares,,34384388211388.645,0.15,141735.90122086182,4,91.0,427.043994140625,0.3013,2056.928571777344,1.45,-2.1,6.32,6.97,8.6,-6.84,2026-06-15,221382809.0887465,Equity,1423.47998046875,20260806,141966.91822130373,0.47,12.1564195,7.1729295,2011-10-18,-0.16
USNZ,Xtrackers Net Zero Pathway Paris Aligned US Equity ETF,NYSE/AMEX,Xtrackers,,413445774583.2031,0.1,69539.69908614457,4,91.0,163.70019775390625,0.2354,643.412951171875,0.93,3.2,13.0,21.8,14.12,-11.26,2026-06-18,140101.0583488191,,1423.47998046875,20260806,,,,,,
USPX,Franklin U.S. Equity Index ETF,NYSE/AMEX,Franklin Templeton Investments,,2849500633558.0,0.03,95828.67185074463,4,91.0,251.95595654296875,0.2629,1014.9412260742188,1.06,11.93,12.33,21.01,13.08,-9.4,2026-06-26,4632677.641788528,,1423.47998046875,20260806,95619.42072802734,1.01,21.34007,12.27922,,0.22
USRT,iShares Core U.S. REIT ETF,NYSE/AMEX,iShares,,6648916935744.616,0.08,95851.58706344292,4,91.0,532.3815126953125,0.5554,2428.456846679688,2.53,0.71,17.99,19.69,13.98,-8.35,2026-06-15,25956861.147981133,Real Estate,1423.47998046875,20260806,96571.05979937012,0.98,12.96597,5.0736297,2007-05-01,-0.75
USSG,Xtrackers MSCI USA Selection Equity ETF,NYSE/AMEX,Xtrackers,,809237391018.875,0.09,102561.7369368896,4,91.0,304.6247158203125,0.297,972.236826660156,0.95,6.55,13.13,23.43,14.13,-11.36,2026-06-18,1763589.185925913,,1423.47998046875,20260806,,,,,,
UST,ProShares Ultra 7-10 Year Treasury,NYSE/AMEX,ProShares,,21283657722.4917,0.95,59099.89743068069,4,91.0,456.9370737304688,0.7732,2120.985170898437,3.59,-0.4,-4.71,-4.88,9.09,-9.98,2026-06-24,956293.7215744564,,1423.47998046875,20260806,,,,,,
UTES,Virtus Reaves Utilities ETF,NYSE/AMEX,Virtus,,1870475652221.0625,0.49,108832.16451320796,4,91.0,355.8699951171875,0.327,1691.094216796875,1.55,26.38,-5.12,-5.83,21.49,-14.32,2026-06-22,17277677.71698758,,1423.47998046875,20260806,108297.40318247558,0.79,21.419421,13.854069999999998,2015-09-23,0.49
UTSL,Direxion Daily Utilities Bull 3X ETF,NYSE/AMEX,Direxion Funds,,53907027430.59375,0.97,57010.3721317444,4,91.0,187.899357421875,0.3296,1002.12990625,1.76,24.38,-4.3,-4.53,44.39,-28.86,2026-06-23,4783955.248883236,,1423.47998046875,20260806,56011.090271484376,1.22,21.900061,5.46257,,1.78
UUP,Invesco DB USD Index Bullish Fund ETF,NYSE/AMEX,Invesco,,620679770902.6719,0.75,40042.63455480151,1,,1319.5659418945313,3.2954,1319.5659418945313,3.3,-29.61,3.76,2.66,6.85,-6.83,2025-12-22,47986971.18098267,,1423.47998046875,20260806,39999.78745117188,-11.17,4.51556,5.618399999999999,2007-02-20,0.11
UUPP,Principal CLO ETF,NYSE/AMEX,Principal Funds,,21488840973.836426,0.19,35700.877801553346,1,,175.08803759765624,0.4904,175.08803759765624,0.49,,0.08,,1.73,-0.6,2026-07-01,285410.3992734945,,1423.47998046875,20260806,,,,,,
UWM,ProShares Ultra Russell2000,NYSE/AMEX,ProShares,,330907667974.25,0.95,95415.86135317384,4,91.0,86.83227880859374,0.091,750.1739497070313,0.79,27.6,39.73,71.87,38.39,-22.4,2026-06-24,23804326.42214583,,1423.47998046875,20260806,94791.52477138671,2.53,23.06588,4.273770000000001,2007-01-23,0.66
UX,Roundhill Uranium ETF,NYSE/AMEX,Roundhill Investments,,7039591063.131348,0.77,39474.52461989317,1,,626.33119140625,1.5867,626.33119140625,1.59,,-8.41,3.59,33.87,-26.11,2025-12-30,140962.00893578396,,1423.47998046875,20260806,,,,,,
UXI,ProShares Ultra Industrials,NYSE/AMEX,ProShares,,43954100958.515625,0.95,90900.15804400854,4,91.0,37.0104794921875,0.0407,428.4674741210938,0.47,27.54,33.34,42.73,34.04,-23.66,2026-06-24,280114.94412691944,,1423.47998046875,20260806,,,,,,
UYG,ProShares Ultra Financials,NYSE/AMEX,ProShares,,1180299948822.9688,0.94,140597.11289237067,4,91.0,155.15931787109375,0.1104,15188.531391601562,10.8,1455.39,7.15,6.2,30.59,-33.77,2026-06-24,1413984.036248135,,1423.47998046875,20260806,,,,,,
UYM,ProShares Ultra Materials,NYSE/AMEX,ProShares,,52996848637.16211,0.95,44512.21964087524,4,91.0,89.67923876953125,0.2015,491.1005932617188,1.1,22.78,23.79,33.86,35.61,-23.86,2026-06-24,400917.6283915698,,1423.47998046875,20260806,,,,,,
VABS,Virtus Newfleet ABS/MBS ETF,NYSE/AMEX,Virtus,,159622838637.05078,0.39,34462.44902391359,12,31.0,129.53667822265623,0.3759,1729.5281762695313,5.02,-4.56,-0.19,-1.45,2.36,-2.44,2026-07-20,346289.7510909122,,1423.47998046875,20260806,,,,,,
VAIE,VegaShares US Equity Autocallable Income ETF,NYSE/AMEX,,,28725826005.859375,0.74,35586.99951171875,10,7.0,111.0314384765625,0.312,1091.8091450195311,3.07,,-0.08,,14.05,-6.66,2026-07-23,698906.885137558,,1423.47998046875,20260806,,,,,,
VALQ,American Century U.S. Quality Value ETF,NYSE/AMEX,American Century Investments,,469940301431.7344,0.29,101622.23493684085,4,84.0,572.2389521484375,0.5631,1786.467375488281,1.76,14.82,7.63,15.39,11.4,-8.13,2026-06-09,697939.0342739759,,1423.47998046875,20260806,,,,,,
VAMO,Cambria Value and Momentum ETF,NYSE/AMEX,Cambria,,154715226280.70703,0.65,51914.31662534177,4,91.0,65.4800791015625,0.1261,314.5890756835937,0.61,-53.57,5.89,18.45,10.93,-5.56,2026-06-18,507660.1625206328,,1423.47998046875,20260806,,,,,,
VAW,Vanguard Materials ETF,NYSE/AMEX,Vanguard,,6287258081480.5,0.09,333393.25578264147,4,92.0,1141.6309443359376,0.3424,4518.125458007812,1.36,-4.91,11.04,19.28,18.82,-13.42,2026-06-24,13710581.611061491,,1423.47998046875,20260806,334446.6214111328,0.91,10.3106804,7.21036,2004-02-11,-0.31
VB,Vanguard Morningstar Small-Cap ETF,NYSE/AMEX,Vanguard,,265389723667488.0,0.03,433435.9700868577,4,91.0,1269.744142578125,0.2929,5131.645329589844,1.18,8.72,16.42,26.49,16.57,-9.32,2026-06-26,185234441.4028527,,1423.47998046875,20260806,431898.0608740235,1.1,15.73586,7.9268,2000-11-13,0.36
VBK,Vanguard Morningstar Small-Cap Growth ETF,NYSE/AMEX,Vanguard,,64677933510582.0,0.05,505121.010934338,4,91.0,520.9936728515625,0.1031,2176.5008901367187,0.43,1.46,15.58,26.39,20.54,-11.54,2026-06-26,70953748.54359843,,1423.47998046875,20260806,502858.5379003906,1.31,15.75156,4.74259,2000-05-24,0.45
VBND,Vident U.S. Bond Strategy ETF,NYSE/AMEX,Vident Financial,,744141628736.3594,0.41,61323.52016506344,12,29.0,237.72115673828125,0.3877,2650.519723632812,4.32,2.76,-2.07,-1.57,4.24,-4.48,2026-07-16,1029472.0934465264,,1423.47998046875,20260806,,,,,,
VBR,Vanguard Morningstar Small-Cap Value ETF,NYSE/AMEX,Vanguard,,97060941506582.0,0.05,356418.0270902589,4,91.0,1551.5931787109375,0.4353,6146.586555664062,1.72,4.96,16.77,26.29,14.96,-8.85,2026-06-26,72695956.06655987,,1423.47998046875,20260806,355699.1775195312,0.94,15.68733,10.17036,1999-12-07,0.2
VCEB,Vanguard ESG U.S. Corporate Bond ETF,NYSE/AMEX,Vanguard,,1633821217216.625,0.12,87693.48354515992,11,30.0,381.492634765625,0.435,3884.676866699219,4.43,-5.67,-3.11,-2.97,4.43,-5.22,2026-08-03,4672177.186612012,,1423.47998046875,20260806,87515.54919921875,1.07,4.8697602,-0.0268899999999999,,0.2
VCHY,Vanguard U.S. High-Yield Corporate Bond Index ETF,NYSE/AMEX,Vanguard,,74373982019.53125,0.05,106611.52835867926,2,33.0,533.8049926757812,0.5007,1064.763025390625,1.0,,-0.29,,3.13,-1.17,2026-08-03,2406446.9975497504,,1423.47998046875,20260806,,,,,,
VCR,Vanguard Consumer Discretion ETF,NYSE/AMEX,Vanguard,,9397779665405.25,0.09,568694.500898242,4,92.0,1006.4003461914062,0.177,4076.8466640625,0.72,-3.24,2.01,7.66,19.46,-15.75,2026-06-24,19582589.33391094,,1423.47998046875,20260806,570801.2373681641,1.2,12.38543,5.66013,2005-07-14,-0.37
VCRM,Vanguard Core Tax-Exempt Bond ETF,NYSE/AMEX,Vanguard,,2556288173110.0625,0.12,106839.29036849365,11,30.0,345.90563525390627,0.3238,3636.991350097656,3.4,46.92,-0.72,2.49,3.18,-3.03,2026-07-01,14347681.45091506,,1423.47998046875,20260806,106817.937734375,0.0,,,2024-11-21,0.02
VDC,Vanguard Consumer Staples ETF,NYSE/AMEX,Vanguard,,13250622235783.5,0.09,329030.28616721183,4,92.0,1742.33949609375,0.5295,6835.550866210937,2.08,-2.71,9.6,4.78,13.71,-9.57,2026-06-24,35182955.19505608,,1423.47998046875,20260806,329137.0410839844,0.53,8.15689,7.19089,2004-01-30,-0.03
VDE,Vanguard Energy ETF,NYSE/AMEX,Vanguard,,17292002975847.5,0.09,232212.29616445303,4,92.0,1469.03133984375,0.6326,5735.200841308593,2.47,3.31,26.79,36.87,21.03,-15.61,2026-06-24,108072029.73504336,,1423.47998046875,20260806,230048.5996435547,-0.07,13.30934,22.89414,2004-10-07,0.94
VDG,Vanguard Developed Markets ex-US Growth Index ETF,NYSE/AMEX,Vanguard,,45021824822.265625,0.08,115645.07445421442,1,,361.5639150390625,0.3126,361.5639150390625,0.31,,7.86,,23.03,-6.36,2026-06-18,642152.3682402587,,1423.47998046875,20260806,,,,,,
VDI,Virtus International Dividend ETF,NYSE/AMEX,Virtus,,23221060950.749023,0.39,52105.20251917653,2,94.0,858.3584282226562,1.6474,1172.94750390625,2.25,,15.17,,16.49,-11.0,2026-06-22,152069.09742739075,,1423.47998046875,20260806,,,,,,
VDIG,Vanguard Wellington Dividend Growth Active ETF,NYSE/AMEX,Vanguard,,42370023966.65039,0.4,92369.61506379396,1,,111.0314384765625,0.1202,111.0314384765625,0.12,,6.12,,11.13,-11.2,2025-12-23,559163.8922299859,,1423.47998046875,20260806,,,,,,
VDV,Vanguard Developed Markets ex-US Value Index ETF,NYSE/AMEX,Vanguard,,43877346917.96875,0.08,111415.7732927613,1,,869.7462680664063,0.7806,869.7462680664063,0.78,,4.1,,17.58,-4.98,2026-06-18,582207.4050199068,,1423.47998046875,20260806,,,,,,
VEA,Vanguard FTSE Developed Markets ETF,NYSE/AMEX,Vanguard,,449306597892560.0,0.03,103128.27484476566,4,91.0,536.6519526367188,0.5204,2580.769204589844,2.5,17.73,14.63,26.35,17.36,-11.78,2026-06-18,940685078.0410788,,1423.47998046875,20260806,102817.95898925782,0.97,19.8253,9.97952,2001-01-04,0.3
VEGA,AdvisorShares STAR Global Buy-Write ETF,NYSE/AMEX,AdvisorShares,,126774933467.26952,1.25,75572.55238029175,1,,939.4967871093752,1.2432,939.4967871093752,1.24,46.67,7.78,13.56,10.01,-6.85,2025-12-22,219363.2045932025,,1423.47998046875,20260806,,,,,,
VEGI,iShares MSCI Agriculture Producers ETF,NYSE/AMEX,iShares,,208889688275.9857,0.39,63238.09704629518,2,181.0,513.8762729492188,0.8126,1221.3458232421874,1.93,-10.53,13.85,11.09,15.53,-9.27,2026-06-15,1864311.4816810333,Equity,1423.47998046875,20260806,,,,,,
VEGN,US Vegan Climate ETF,NYSE/AMEX,Beyond Advisors IC,,252874909667.0,0.6,108924.68332694098,4,93.0,86.83227880859374,0.0797,556.5806723632812,0.51,50.97,25.29,36.62,20.68,-12.25,2026-06-09,364598.4927067852,,1423.47998046875,20260806,,,,,,
VEM,Virtus Emerging Markets Dividend ETF,NYSE/AMEX,,,9466141870.117188,0.49,38415.45353785157,1,,772.9496293945313,2.0121,772.9496293945313,2.01,,8.25,,30.82,-13.54,2026-06-22,102488.7604333472,,1423.47998046875,20260806,,,,,,
VEMY,Virtus Stone Harbor Emerging Markets High Yield Bond ETF,NYSE/AMEX,Virtus,,70835922528.07617,0.55,40811.171148641966,12,31.0,163.70019775390625,0.4011,3296.7796347656254,8.08,-13.97,2.83,3.95,6.9,-4.98,2026-07-20,361392.5937051127,,1423.47998046875,20260806,,,,,,
VETZ,Academy Veteran Bond ETF,NYSE/AMEX,Academy Asset Management,,177202896110.71875,0.35,27636.865124035627,11,30.0,132.38363818359375,0.479,1553.0166586914063,5.62,-12.58,-2.75,-2.14,4.95,-4.85,2026-07-01,325806.11945002584,,1423.47998046875,20260806,,,,,,
VEU,Vanguard FTSE All World Ex US ETF,NYSE/AMEX,Vanguard,,136688093693716.0,0.04,120597.22568295896,4,91.0,559.4276323242187,0.4639,3013.507118652344,2.5,14.62,13.43,24.99,17.05,-11.56,2026-06-18,233891393.4094761,,1423.47998046875,20260806,120440.64114746092,0.91,19.12066,9.28592,2007-04-30,0.13
VEXC,Vanguard Emerging Markets Ex-China ETF,NYSE/AMEX,Vanguard,,367047159923.8281,0.07,135113.87174354494,3,90.5,929.5324272460938,0.688,1930.238853515625,1.43,,17.44,,20.36,-12.81,2026-06-18,2478065.449786492,,1423.47998046875,20260806,,,,,,
VFH,Vanguard Financials ETF,NYSE/AMEX,Vanguard,,21101708773308.5,0.09,201707.10888830567,4,92.0,1212.8049433593749,0.6013,3309.590954589844,1.64,6.02,5.78,11.74,14.98,-15.01,2026-06-24,80347106.6703203,,1423.47998046875,20260806,202148.3920263672,0.8,20.899469,11.45467,2004-02-04,-0.22
VFMF,Vanguard U.S. Multifactor ETF,NYSE/AMEX,Vanguard,,1287633254637.3125,0.18,262705.79776815325,4,91.0,970.8133466796876,0.3695,3480.4085522460937,1.32,5.25,21.58,36.25,12.93,-7.08,2026-06-24,3754561.358349865,,1423.47998046875,20260806,261094.6980175781,0.88,21.49915,14.703201,,0.62
VFMO,Vanguard U.S. Momentum Factor ETF,NYSE/AMEX,Vanguard,,2607029289961.375,0.13,332895.0291012451,4,91.0,673.3060307617187,0.2023,1995.718932617188,0.6,-11.38,20.13,33.09,24.24,-13.97,2026-06-24,9433878.656459916,,1423.47998046875,20260806,328183.3094970703,1.36,24.76975,13.022619999999998,,1.44
VFMV,Vanguard U.S. Minimum Volatility ETF,NYSE/AMEX,Vanguard,,619798853163.7188,0.13,207237.3425135985,4,91.0,585.0502719726562,0.2823,3574.3582309570315,1.72,18.11,11.7,14.07,9.02,-6.33,2026-06-24,2138719.5322412136,,1423.47998046875,20260806,,,,,,
VFQY,Vanguard U.S. Quality Factor ETF,NYSE/AMEX,Vanguard,,690805997557.7656,0.13,250532.4765625,4,91.0,630.6016313476563,0.2517,2562.2639648437503,1.02,-2.76,14.26,20.82,13.44,-9.39,2026-06-24,1247567.8036501454,,1423.47998046875,20260806,,,,,,
VFVA,Vanguard U.S. Value Factor ETF,NYSE/AMEX,Vanguard,,1298910951294.0938,0.13,226695.8768285215,4,91.0,1009.2473061523438,0.4452,3965.8152255859377,1.75,-2.99,19.31,34.64,14.89,-8.61,2026-06-24,2000240.078946908,,1423.47998046875,20260806,,,,,,
VGHY,Vanguard High-Yield Active ETF,NYSE/AMEX,Vanguard,,436568783385.9375,0.22,105828.62088559568,10,30.0,549.4632724609376,0.5192,5313.850767089844,5.02,,-1.35,,4.33,-3.08,2026-08-03,4425714.757134408,,1423.47998046875,20260806,105522.57095214842,0.0,,,,0.29
VGK,Vanguard FTSEEuropean ETF,NYSE/AMEX,Vanguard,,54604188434952.0,0.06,131180.7958624512,4,91.0,1706.7524965820314,1.3011,3656.920069824219,2.79,12.13,8.98,20.35,16.02,-12.5,2026-06-18,259896862.34192747,,1423.47998046875,20260806,130732.40140625,0.9,17.93362,9.26612,2001-08-13,0.34
VGMS,Vanguard Multi-Sector Income Bond ETF,NYSE/AMEX,Vanguard,,355078540248.0469,0.3,72398.19267546386,12,30.0,333.0943154296875,0.4601,3924.534306152344,5.42,730.42,-1.51,-0.52,3.58,-2.9,2026-08-03,2052526.9955468045,,1423.47998046875,20260806,,,,,,
VGT,Vanguard Information Tech ETF,NYSE/AMEX,Vanguard,,230431444424872.0,0.09,170732.1923327148,4,92.0,196.4402373046875,0.1151,616.3668315429688,0.36,10.81,26.92,38.69,24.55,-16.57,2026-06-24,439612523.9245147,,1423.47998046875,20260806,170404.78846191405,1.47,30.79239,18.87141,2004-03-25,0.19
VGVT,Vanguard Government Securities Active ETF,NYSE/AMEX,Vanguard,,51657234403.22266,0.1,105828.7620693706,12,30.0,391.4569946289063,0.3699,4755.846614746093,4.49,1613.33,-2.17,-1.97,3.51,-4.18,2026-08-03,534906.6607092747,,1423.47998046875,20260806,,,,,,
VHT,Vanguard Health Care ETF,NYSE/AMEX,Vanguard,,29688583139120.0,0.09,437335.9003617168,4,92.0,1404.9747407226562,0.3213,6723.095947753906,1.54,18.43,6.4,27.16,15.09,-10.73,2026-06-24,69594470.38869035,,1423.47998046875,20260806,439172.0435742187,0.57,9.89028,5.11135,2004-02-05,-0.42
VIDI,Vident International Equity Strategy ETF,NYSE/AMEX,Vident Financial,,719572227619.3906,0.61,56280.12620670535,4,91.0,730.2452299804688,1.2975,2206.3939697265623,3.92,20.44,15.94,30.18,16.5,-10.21,2026-06-16,768725.3061849587,,1423.47998046875,20260806,,,,,,
VIG,Vanguard Div Appreciation ETF,NYSE/AMEX,Vanguard,,186138591125476.0,0.04,348140.5092491209,4,91.0,1422.0565004882812,0.4085,5097.4818100585935,1.46,1.73,10.87,18.21,10.16,-8.27,2026-06-26,282760431.8026235,,1423.47998046875,20260806,347884.2724267578,0.74,16.48892,10.84707,2013-12-19,0.07
VIOG,Vanguard S&P Small-Cap 600 Growth ETF,NYSE/AMEX,Vanguard,,1568067465547.9375,0.1,217550.44802150875,4,91.0,318.85951562500003,0.1466,1619.9202177734376,0.74,-7.18,24.71,32.35,17.96,-9.2,2026-06-26,3256030.148547959,,1423.47998046875,20260806,215301.34704589844,1.08,15.11205,6.63874,,1.04
VIOO,Vanguard S&P Small-Cap 600 ETF,NYSE/AMEX,Vanguard,,9154708865919.25,0.07,196952.69096647948,1,,2146.607810546875,1.0899,2146.607810546875,1.09,-4.19,23.45,34.67,17.46,-8.77,2025-12-22,11283843.081006298,,1423.47998046875,20260806,196611.0549023437,1.07,14.80111,7.92064,2011-04-01,0.17
VIOV,Vanguard S&P Small-Cap 600 Value ETF,NYSE/AMEX,Vanguard,,2797430874656.437,0.1,170177.0360091552,4,92.0,674.7295107421875,0.3965,2787.1738017578127,1.64,24.32,21.33,36.8,17.76,-9.33,2026-06-24,4894662.915578774,,1423.47998046875,20260806,168483.09048828125,1.06,13.62075,8.137900400000001,,1.01
VIS,Vanguard Industrials ETF,NYSE/AMEX,Vanguard,,12523594844932.0,0.09,511918.9879760742,4,92.0,1081.84478515625,0.2113,4404.247059570312,0.86,-3.07,18.1,24.78,18.16,-12.51,2026-06-24,26166524.23678673,,1423.47998046875,20260806,509563.1286083985,1.11,21.34526,14.195849999999998,2006-05-08,0.46
VLU,State Street SPDR S&P 1500 Value Tilt ETF,NYSE/AMEX,SPDR,,1106727215214.8438,0.12,354489.21779848635,4,91.0,1447.6791401367186,0.4084,5515.984924316405,1.56,1.31,17.43,28.91,10.81,-6.75,2026-06-22,2032680.716147252,Equity S&P 1500 Low Valuation Tilt Index,1423.47998046875,20260806,,,,,,
VLUE,iShares MSCI USA Value Factor ETF,NYSE/AMEX,iShares,,13440150598043.914,0.15,280432.68050283194,4,91.0,992.1655463867188,0.3538,3987.167425292969,1.42,-7.01,41.37,74.22,20.62,-9.43,2026-06-15,159859038.75037813,Equity,1423.47998046875,20260806,280880.8846936963,1.21,30.42837,16.660509,2013-04-16,-0.16
VMSB,Voya Multi-Sector Income ETF,NYSE/AMEX,Voya,,437003981073.4063,0.45,70526.31302585453,7,30.0,335.941275390625,0.4763,1992.87197265625,2.83,,-0.79,,4.01,-2.96,2026-06-29,293556.0618445987,,1423.47998046875,20260806,,,,,,
VNAM,Global X MSCI Vietnam ETF,NYSE/AMEX,Global X Funds,,49403279120.38867,0.51,34348.570734079,2,181.0,38.43395947265625,0.1119,173.66455761718748,0.51,-31.84,-4.62,13.2,26.81,-17.26,2026-06-29,385133.8828366724,,1423.47998046875,20260806,,,,,,
VNLA,Janus Henderson Short Duration Income ETF,NYSE/AMEX,Janus Henderson,,4766044926391.125,0.23,69544.11379418336,12,30.0,276.15511621093754,0.3971,3296.779634765625,4.74,-4.89,-0.6,-0.52,1.44,-1.05,2026-07-31,19270336.67804012,,1423.47998046875,20260806,69551.23184570312,0.1,5.637169999999999,3.9381698,2016-11-16,-0.01
VNM,VanEck Vietnam ETF,NYSE/AMEX,VanEck,,706615872266.9219,0.66,24825.347720747814,1,,54.0922392578125,0.2179,54.0922392578125,0.22,,-8.74,2.05,26.48,-17.47,2025-12-22,14873570.572599735,,1423.47998046875,20260806,24967.83885742188,1.05,7.071719999999999,-1.27254,2009-08-11,-0.57
VNQ,Vanguard Real Estate ETF,NYSE/AMEX,Vanguard,,103136102255308.0,0.13,139828.44325997308,4,92.0,1217.0753833007811,0.8704,4945.169452148437,3.54,0.14,10.97,9.71,14.02,-9.31,2026-06-24,330222324.06662095,,1423.47998046875,20260806,140853.34406738283,0.99,10.29301,2.27292,2003-12-02,-0.73
VO,Vanguard Morningstar Mid-Cap ETF,NYSE/AMEX,Vanguard,,319837699363832.0,0.03,117458.44971955568,4,91.0,362.9873950195313,0.309,1522.7677091064452,1.3,0.02,12.79,16.07,12.62,-8.51,2026-06-26,218697438.2502453,,1423.47998046875,20260806,117550.97678710938,0.94,15.897879,8.00249,2001-11-12,-0.08
VOE,Vanguard Morningstar Mid-Cap Value ETF,NYSE/AMEX,Vanguard,,54366330168622.0,0.05,294453.94527810067,4,91.0,1308.1781020507813,0.4443,5298.192487304687,1.8,0.11,15.55,23.85,11.38,-6.93,2026-06-26,56842100.2346913,,1423.47998046875,20260806,294432.5991601563,0.74,16.135019,10.26171,2006-08-24,0.01
VOO,Vanguard S&P 500 ETF,NYSE/AMEX,Vanguard,,2405541278403136.0,0.03,1007261.5237772464,4,91.0,2792.867721679688,0.2773,10455.460456542967,1.04,5.91,12.62,21.66,12.88,-9.19,2026-06-26,5553562179.35312,,1423.47998046875,20260806,1007425.2517773438,1.0,21.49638,13.33321,2000-11-13,-0.02
VOOG,Vanguard S&P 500 Growth ETF,NYSE/AMEX,Vanguard,,37140222882479.0,0.07,121102.55499426275,4,92.0,125.26623828125,0.1034,532.8555315288087,0.44,7.21,14.75,23.82,18.1,-13.95,2026-06-24,109371004.74626306,,1423.47998046875,20260806,120867.68514160156,1.21,26.833820000000003,13.90698,2019-04-05,0.19
VOOV,Vanguard S&P 500 Value ETF,NYSE/AMEX,Vanguard,,9742829390616.5,0.07,322717.15592912585,4,92.0,1306.7546220703125,0.4049,5301.039447265625,1.64,-2.56,10.26,19.37,9.94,-6.7,2026-06-24,17206015.578542396,,1423.47998046875,20260806,323329.24276367185,0.78,15.074090000000002,11.75848,2015-03-03,-0.19
VOT,Vanguard Morningstar Mid-Cap Growth ETF,NYSE/AMEX,Vanguard,,48423491381539.0,0.05,435207.63097685575,4,91.0,567.9685122070313,0.1305,2593.5805244140624,0.6,2.13,8.69,5.8,17.22,-16.27,2026-06-26,59675964.73596045,,1423.47998046875,20260806,435157.83002929686,1.2,14.9038,5.29807,2006-08-24,0.01
VOX,Vanguard Communication Services  ETF,NYSE/AMEX,Vanguard,,8602143910295.75,0.09,265849.1133329347,4,92.0,639.1425112304688,0.2404,2795.714681640625,1.05,12.1,-3.26,6.56,17.3,-13.76,2026-06-24,44170254.87089824,,1423.47998046875,20260806,265407.8423583984,1.0,20.731350000000003,6.203729999999999,2005-03-11,0.17
VPC,Virtus Private Credit Strategy ETF,NYSE/AMEX,Virtus,,43182882280.77734,10.6,21900.23982532043,4,91.0,540.922392578125,2.4699,3460.479832519531,15.8,-3.38,-14.24,-24.44,16.56,-30.36,2026-06-22,373415.43684987526,,1423.47998046875,20260806,,,,,,
VPL,Vanguard FTSE Pacific ETF,NYSE/AMEX,Vanguard,,19062815351248.5,0.07,160824.77297188714,2,91.0,3443.3980727539065,2.1411,4306.026940917968,2.68,28.89,23.07,34.13,24.05,-13.33,2025-12-19,91538116.32784551,,1423.47998046875,20260806,160597.01139648436,1.12,21.03858,9.82176,2001-08-13,0.14
VPU,Vanguard Utilities ETF,NYSE/AMEX,Vanguard,,15120420265982.5,0.09,268610.667970337,4,92.0,1851.947454589844,0.6895,7356.5445390625,2.74,2.52,0.79,1.88,14.61,-9.57,2026-06-24,43285743.385234274,,1423.47998046875,20260806,268439.8547167969,0.51,14.143439999999998,8.3109796,2004-04-28,0.06
VRP,Invesco Variable Rate Preferred ETF,NYSE/AMEX,Invesco,,4276435229121.75,0.5,34476.68414952699,12,28.0,128.1131982421875,0.3716,2126.679090820313,6.17,6.26,-0.66,-1.26,3.39,-4.81,2026-07-20,13837027.428797688,,1423.47998046875,20260806,34505.1547265625,0.48,8.72467,4.09092,2014-05-01,-0.08
VSDB,Vanguard Short Duration Bond ETF,NYSE/AMEX,Vanguard,,1309709356547.5312,0.15,107997.431734439,12,30.0,418.50311425781246,0.3875,4337.343500488282,4.02,199.02,-0.83,-0.42,2.11,-1.79,2026-08-03,4979370.902811058,,1423.47998046875,20260806,107785.90412109374,0.0,,,,0.2
VSDM,Vanguard Short Duration Tax-Exempt Bond ETF,NYSE/AMEX,Vanguard,,1183538194960.9375,0.12,108326.8243416138,12,30.0,283.27251611328126,0.2615,3392.152793457032,3.13,49.5,-0.46,0.12,1.61,-2.0,2026-08-03,6239810.218906296,,1423.47998046875,20260806,108298.3569140625,0.0,,,,0.03
VSGX,Vanguard ESG International Stock ETF,NYSE/AMEX,Vanguard,,9318983830725.75,0.1,117052.76357247308,4,91.0,970.8133466796876,0.8294,3414.9284731445314,2.92,26.06,13.19,24.8,18.54,-13.35,2026-06-18,14206217.099300671,,1423.47998046875,20260806,116782.29759765626,0.98,19.117600000000003,8.24675,2018-09-18,0.23
VSLU,Applied Finance Valuation Large Cap ETF,NYSE/AMEX,Applied Finance,,781220480818.9688,0.49,69887.88542581908,1,,291.81339599609373,0.4175,291.81339599609373,0.42,-6.39,12.06,21.44,12.64,-9.16,2025-12-24,1884973.8625475664,,1423.47998046875,20260806,,,,,,
VSS,Vanguard FTSE All-Wld ex-US SmCp Idx ETF,NYSE/AMEX,Vanguard,,19343665354967.5,0.06,224398.38239898533,3,136.0,1222.7693032226562,0.5449,7081.812902832031,3.16,29.42,8.91,15.59,16.5,-11.62,2026-06-18,43472416.03651963,,1423.47998046875,20260806,222347.5729492188,0.98,15.270898999999998,5.6639,2009-04-02,0.92
VT,Vanguard Total World Stock Index ETF,NYSE/AMEX,Vanguard,,139499853021772.0,0.06,228283.4775171876,4,91.0,801.4192290039061,0.3511,3534.500791503906,1.55,9.19,12.86,22.61,14.01,-9.89,2026-06-18,540022626.2424392,,1423.47998046875,20260806,228027.25807128905,0.98,20.1014,10.96496,2008-10-09,0.11
VTEB,Vanguard Tax-Exempt Bond ETF,NYSE/AMEX,Vanguard,,69120842559730.0,0.03,70718.48586409912,12,30.0,202.13415722656248,0.2858,2419.9159667968747,3.42,5.33,-1.37,1.68,2.92,-3.21,2026-08-03,336673579.14011973,,1423.47998046875,20260806,70704.25062988281,0.95,3.3006698,0.603,2015-08-25,0.02
VTEC,Vanguard California Tax-Exempt Bond ETF,NYSE/AMEX,Vanguard,,4381649394595.25,0.06,140796.41008110344,12,30.0,364.410875,0.2588,4501.043698242187,3.2,8.4,-1.38,1.71,2.84,-3.32,2026-08-03,21594063.063360937,,1423.47998046875,20260806,140554.41327148437,0.0,,,2024-01-26,0.17
VTEI,Vanguard Tax-Managed Funds Vanguard Intermediate-Term Tax-Exempt Bond ETF,NYSE/AMEX,Vanguard,,2180142903524.1875,0.08,141394.26906643063,11,30.0,374.37523486328126,0.2648,4012.7900649414064,2.84,-6.99,-1.55,0.79,2.51,-3.49,2026-07-01,10046876.064828211,,1423.47998046875,20260806,141436.970859375,0.0,,,,-0.03
VTEL,Vanguard Long-Term Tax-Exempt Bond ETF,NYSE/AMEX,Vanguard,,464168352031.25,0.09,145593.5306646973,11,30.0,483.98319335937504,0.3324,5103.1757299804685,3.51,403.51,-1.38,3.07,3.89,-3.51,2026-07-01,2942156.2405431983,,1423.47998046875,20260806,,,,,,
VTES,Vanguard Wellington Fund Vanguard Short-Term Tax Exempt Bond ETF,NYSE/AMEX,Vanguard,,3151204414009.75,0.05,143330.20270869136,12,30.0,311.74211572265625,0.2175,3923.1108261718746,2.74,-4.64,-0.91,-0.76,1.49,-2.21,2026-08-03,14817509.570184227,,1423.47998046875,20260806,143287.49483398438,0.37,3.1180698,,2023-03-08,0.03
VTG,Vanguard Total Treasury ETF,NYSE/AMEX,Vanguard,,255995792727.53903,0.03,105764.56689294428,12,30.0,338.7882353515625,0.3203,3829.161147460938,3.62,1293.78,-2.35,-1.99,3.62,-4.18,2026-08-03,1837191.1287999249,,1423.47998046875,20260806,,,,,,
VTI,Vanguard Morningstar Total Stock Market ETF,NYSE/AMEX,Vanguard,,3274147355130368.0,0.03,540992.9844655842,4,91.0,1486.113099609375,0.2747,5551.571923828124,1.03,5.12,13.01,22.1,13.17,-9.2,2026-06-26,1496671112.260375,,1423.47998046875,20260806,540594.9921826172,1.03,21.00551,12.24598,2000-11-13,0.07
VTP,Vanguard Total Inflation-Protected Securities ETF,NYSE/AMEX,Vanguard,,272422045656.0781,0.05,106988.76054497065,4,91.0,1434.8678203125,1.3411,3198.559516113281,2.99,,-0.77,-1.1,3.62,-3.14,2026-07-01,1674462.1712023974,,1423.47998046875,20260806,,,,,,
VTV,Vanguard Morningstar Value ETF,NYSE/AMEX,Vanguard,,364116431013000.0,0.03,318311.4836519286,4,91.0,1540.2053388671875,0.4839,5822.033120117188,1.83,5.66,15.98,26.31,10.45,-6.87,2026-06-26,712366345.1699361,,1423.47998046875,20260806,318873.7504248047,0.68,18.35667,12.6271,2000-11-13,-0.18
VUG,Vanguard Morningstar Growth ETF,NYSE/AMEX,Vanguard,,533972083079008.0,0.03,126440.60492102055,4,91.0,130.960158203125,0.1036,483.0351556923828,0.38,2.16,9.62,16.93,17.79,-16.71,2026-06-26,643500770.7955103,,1423.47998046875,20260806,126319.61346679689,1.26,24.054189,12.79142,2000-11-13,0.1
VUS,Virtus US Dividend ETF,NYSE/AMEX,Virtus,,25445467636.14844,0.25,43279.913351936266,2,94.0,233.450716796875,0.5394,546.6163125,1.26,,19.2,,14.92,-10.2,2026-06-22,152165.52617304423,,1423.47998046875,20260806,,,,,,
VUSB,Vanguard Ultra-Short Bond ETF,NYSE/AMEX,Vanguard,,13275730145071.0,0.1,70661.83315934055,12,30.0,249.10899658203124,0.3525,3050.517598144531,4.32,-11.81,-0.42,-0.25,1.39,-0.86,2026-08-03,78916908.16669513,,1423.47998046875,20260806,70647.31143066406,0.1,5.24407,3.5622000000000003,2021-04-06,0.02
VUSE,Vident U.S. Equity Strategy ETF,NYSE/AMEX,Vident Financial,,959796112695.8124,0.5,105402.14814272895,4,91.0,98.22011865234376,0.0932,465.4779536132813,0.44,-18.86,12.28,16.08,13.4,-9.38,2026-06-16,1052691.4284187409,,1423.47998046875,20260806,,,,,,
VUSG,Vanguard Wellington U.S. Growth Active ETF,NYSE/AMEX,Vanguard,,45162891688.33008,0.35,93408.76022806393,1,,15.65827978515625,0.0168,15.65827978515625,0.02,,7.89,,20.68,-15.14,2025-12-23,2196560.0567938094,,1423.47998046875,20260806,,,,,,
VUSV,Vanguard Wellington U.S. Value Active ETF,NYSE/AMEX,Vanguard,,115702160988.47656,0.3,102277.0344246216,1,,176.511517578125,0.1726,176.511517578125,0.17,,13.98,,11.7,-7.06,2025-12-23,910016.0787195386,,1423.47998046875,20260806,,,,,,
VV,Vanguard Morningstar Large-Cap ETF,NYSE/AMEX,Vanguard,,105228088884212.0,0.03,504637.90177714825,4,91.0,1386.4695009765624,0.2747,5002.108651367188,0.99,3.72,12.48,21.25,13.07,-9.47,2026-06-26,102961255.86653145,,1423.47998046875,20260806,504495.5398779297,1.01,21.64831,12.87152,2005-06-30,0.03
VWO,Vanguard FTSE Emerging Markets ETF,NYSE/AMEX,Vanguard,,231652226686696.0,0.06,85615.20407691039,3,136.0,101.06707861328124,0.118,1970.0962929687496,2.3,-0.14,9.49,19.38,17.67,-11.17,2026-06-18,544141068.1915927,,1423.47998046875,20260806,85195.2768310547,0.77,16.28012,6.3203804,2006-06-23,0.49
VXF,Vanguard Extended Market ETF,NYSE/AMEX,Vanguard,,137388660482112.0,0.05,348987.4598545656,4,92.0,790.0313891601563,0.2264,3477.561592285156,1.0,10.54,15.85,24.37,17.88,-10.5,2026-06-24,99384547.2284087,,1423.47998046875,20260806,347129.8280371094,1.23,18.115681,6.59743,2000-11-13,0.54
VYM,Vanguard High Dividend Yield ETF,NYSE/AMEX,Vanguard,,140647706464004.0,0.04,235030.7804440185,4,91.0,1395.010380859375,0.5935,5168.655809082031,2.2,2.95,14.06,22.76,10.39,-7.24,2026-06-18,217142414.47897333,,1423.47998046875,20260806,235016.54477539065,0.68,18.26903,12.53583,2019-02-07,0.01
WANT,Direxion Daily Consumer Discretionary Bull 3X ETF,NYSE/AMEX,Direxion Funds,,28900968135.69629,1.0,61280.81207315065,4,91.0,138.07755810546877,0.2253,316.0125556640625,0.52,-50.11,-12.0,-2.36,57.22,-41.41,2026-06-23,1230056.6629519367,,1423.47998046875,20260806,,,,,,
WAR,U.S. Global Technology and Aerospace & Defense ETF,NYSE/AMEX,U.S. Global Investors,,49356230260.07422,0.6,45594.0620367676,1,,4204.959862304688,9.2226,4204.959862304688,9.22,,36.49,38.66,36.45,-25.04,2025-12-24,532896.7049047159,,1423.47998046875,20260806,,,,,,
WBIF,WBI BullBear Value 3000 ETF,NYSE/AMEX,WBI Investments,,32458509374.164062,1.65,52184.77586677857,1,,28.469599609375,0.0546,28.469599609375,0.05,-78.26,17.98,24.57,12.7,-6.6,2025-09-25,100109.25217981832,,1423.47998046875,20260806,,,,,,
WBIG,WBI BullBear Yield 3000 ETF,NYSE/AMEX,WBI Investments,,44659065184.04297,1.59,37807.62752102967,11,30.5,1.42347998046875,0.0038,367.2578349609375,0.97,-51.41,12.69,21.36,10.11,-5.11,2026-07-30,137474.88806922123,,1423.47998046875,20260806,,,,,,
WBIL,WBI BullBear Quality 3000 ETF,NYSE/AMEX,WBI Investments,,41135479637.0293,1.55,57899.05340296775,1,,24.19915966796875,0.0418,24.19915966796875,0.04,,16.54,25.9,15.54,-9.86,2025-12-18,121503.45717046363,,1423.47998046875,20260806,,,,,,
WBIY,WBI Power Factor High Dividend ETF,NYSE/AMEX,WBI Investments,,88962362863.52734,0.97,53793.30976514891,4,91.0,550.8867524414063,1.0241,2123.832130859375,3.95,-3.8,17.03,26.75,14.82,-7.15,2026-06-29,257995.3356687386,,1423.47998046875,20260806,,,,,,
WCME,First Trust WCM Developing World Equity ETF,NYSE/AMEX,First Trust,,51498100729.24609,0.95,26704.48475940246,2,195.0,74.020958984375,0.2772,93.9496787109375,0.35,-61.63,6.6,18.17,23.95,-15.64,2026-06-25,245740.02322783603,,1423.47998046875,20260806,,,,,,
WCMI,First Trust WCM International Equity ETF,NYSE/AMEX,First Trust,,2500507253857.5,0.85,28042.556701263413,2,195.0,66.90355908203125,0.2386,148.04191796875,0.53,-95.01,13.68,27.43,20.32,-12.49,2026-06-25,9798116.070702238,,1423.47998046875,20260806,27786.32921875,0.97,17.078991,9.51013,,0.92
WCPB,Weitz Core Plus Bond ETF,NYSE/AMEX,Weitz,,332094645296.84375,0.45,35793.40476050414,11,30.5,152.31235791015624,0.4255,1441.9852202148438,4.03,,-1.57,,3.99,-3.45,2026-07-30,1345102.2207741216,,1423.47998046875,20260806,,,,,,
WDE,Principal Securitized Debt ETF,NYSE/AMEX,Principal Funds,,28425790589.496094,0.19,35686.64267593995,1,,140.92451806640625,0.3949,140.92451806640625,0.39,,-0.12,,2.96,-1.89,2026-07-01,386208.1789126763,,1423.47998046875,20260806,,,,,,
WDEF,WisdomTree Europe Defense Fund,NYSE/AMEX,WisdomTree,,138427825283.3828,0.45,45793.34836521,1,,29.89307958984375,0.0653,29.89307958984375,0.07,,7.77,8.0,31.37,-23.95,2025-12-26,1140007.0180551598,,1423.47998046875,20260806,,,,,,
WDIV,State Street SPDR S&P Global Dividend ETF,NYSE/AMEX,SPDR,,396382235361.3281,0.4,119486.9130358398,4,91.0,2055.505091796875,1.7203,4858.337173339844,4.07,14.19,10.4,17.69,10.35,-8.66,2026-06-22,940407.6220632606,Equity S&P Global Dividend Aristocrats Index,1423.47998046875,20260806,,,,,,
WDTE,Defiance S&P 500 Weekly Distribution ETF,NYSE/AMEX,Defiance ETFs LLC,,93546116442.55469,1.03,42604.7562498413,52,7.0,240.5681166992188,0.5647,13722.347011718752,32.21,-32.71,-5.49,-12.23,12.24,-18.91,2026-07-30,677052.2737548646,,1423.47998046875,20260806,,,,,,
WEBL,Direxion Daily Dow Jones Internet Bull 3X ETF,NYSE/AMEX,Direxion Funds,,133122071270.42188,0.96,39985.552868573,2,91.0,48.3983193359375,0.121,59.7861591796875,0.15,-39.13,6.97,-9.18,60.28,-56.59,2026-06-23,5743912.378762538,,1423.47998046875,20260806,39353.52754003906,4.04,32.17147,-19.573909,,1.61
WEBS,Direxion Daily Dow Jones Internet Bear 3X ETF,NYSE/AMEX,Direxion Funds,,10898381946.385742,1.07,21665.36568284454,4,91.0,153.735837890625,0.7096,772.9496293945313,3.57,-65.3,-27.49,-22.23,60.91,-54.73,2026-06-23,1502968.4908573255,,1423.47998046875,20260806,,,,,,
WEEK,Roundhill Weekly T-Bill ETF,NYSE/AMEX,Roundhill Investments,,261996227746.64844,0.19,142390.7007086426,52,7.0,98.22011865234376,0.069,5155.844489257814,3.62,109.85,-0.02,0.0,0.58,-0.16,2026-08-04,3448281.420061575,,1423.47998046875,20260806,142374.04773051757,0.0,,,,0.01
WEEL,Peerless Option Income Wheel ETF,NYSE/AMEX,Peerless ETFs,,54805590627.384766,0.99,28932.23168905638,4,91.0,854.08798828125,2.952,3629.873950195313,12.55,0.71,1.11,2.43,10.83,-8.73,2026-06-25,280236.93744496803,,1423.47998046875,20260806,,,,,,
WELD,Tema U.S. Manufacturing & Reshoring ETF,NYSE/AMEX,,,424396321376.9531,0.75,85017.62745913304,1,,186.47587744140623,0.2193,186.47587744140623,0.22,33.67,31.5,46.81,27.15,-14.64,2025-12-10,1677958.7315062564,,1423.47998046875,20260806,,,,,,
WEPN,Nicholas Defense and Rare Earth Income ETF,NYSE/AMEX,,,8996393476.5625,1.11,62505.005725177005,21,7.0,132.38363818359375,0.2118,3356.565793945312,5.37,,-10.73,,32.37,-21.21,2026-08-04,250402.298059481,,1423.47998046875,20260806,,,,,,
WIP,State Street SPDR FTSE International Government Inflation-Protected Bond ETF,NYSE/AMEX,SPDR,,671498211186.5234,0.5,55956.99998707883,12,30.0,273.30815625,0.4884,3399.270193359375,6.07,11.85,0.0,1.52,8.86,-6.35,2026-08-03,3404588.442594141,Fixed Income FTSE International Inflation-Linked Securities Select Index,1423.47998046875,20260806,56067.48854831055,1.41,4.21766,-0.5714699999999999,,-0.2
WLDR,Simplify Affinity World Leaders Equity ETF,NYSE/AMEX,"Affinity Investment Advisors, LLC",,129895964569.72656,0.67,66191.81909179688,4,90.0,274.7316362304688,0.4151,4683.249135742188,7.08,-19.56,29.09,36.27,20.0,-9.05,2026-06-18,379510.5285351514,,1423.47998046875,20260806,,,,,,
WLTG,WealthTrust DBS Long Term Growth ETF,NYSE/AMEX,WealthTrust Asset Management,,113146080620.66795,0.74,55126.68191634864,1,,2196.4296098632813,3.9843,2196.4296098632813,3.98,858.39,10.26,18.38,14.88,-10.52,2025-12-24,289819.10004847555,,1423.47998046875,20260806,,,,,,
WMSB,Weitz Multisector Bond ETF,NYSE/AMEX,,,38974881865.234375,0.65,35594.11571698915,7,31.0,167.9706376953125,0.4719,1145.9013842773436,3.22,,-0.89,,3.14,-2.66,2026-06-29,155913.38421724696,,1423.47998046875,20260806,,,,,,
WMTI,REX WMT Growth & Income ETF,NYSE/AMEX,Rex,,18239789199.335938,0.99,30362.68669102061,38,7.0,216.36895703125,0.7126,8841.234158691406,29.12,,-21.04,,27.55,-32.48,2026-08-04,546547.8723341221,,1423.47998046875,20260806,,,,,,
WNTR,YieldMax MSTR Short Option Income Strategy ETF,NYSE/AMEX,YieldMax ETFs,,119385079496.66406,1.0,36768.48778690491,44,7.0,671.88255078125,1.8273,41057.43307666016,111.66,210.07,-32.42,-18.57,55.25,-53.08,2026-07-30,5571331.691571171,,1423.47998046875,20260806,36995.39060439453,0.0,,,,-0.61
WOMN,Impact Shares Women's Empowerment ETF,NYSE/AMEX,Impact Shares,,81438775795.7168,0.75,64224.14082076028,4,91.0,167.9706376953125,0.2615,509.60583300781246,0.79,-20.62,8.9,15.15,10.82,-8.08,2026-06-29,134978.7631884267,,1423.47998046875,20260806,,,,,,
WTAI,WisdomTree Artificial Intelligence and Innovation Fund,NYSE/AMEX,WisdomTree,,889929073275.5625,0.45,58789.72210733034,1,,748.7504697265625,1.2736,748.7504697265625,1.27,1152.38,39.67,60.95,38.28,-27.61,2025-12-26,7180561.917500576,,1423.47998046875,20260806,57811.79244677734,2.1,29.67911,,,1.69
WTMF,WisdomTree Managed Futures Strategy Fund,NYSE/AMEX,WisdomTree,,349297640005.4453,0.66,58846.66260978393,2,59.0,472.59535351562505,0.8031,1646.9663374023437,2.8,-7.29,8.19,14.67,9.32,-4.04,2025-12-26,1184843.1952390026,,1423.47998046875,20260806,,,,,,
WTPI,WisdomTree Equity Premium Income Fund,NYSE/AMEX,WisdomTree,,706352676512.4531,0.44,47394.76334323734,12,30.0,466.90143359375,0.9851,5713.848641601563,12.06,2.98,0.44,2.7,10.06,-8.31,2026-07-28,3555932.76027564,,1423.47998046875,20260806,47313.62759082031,0.58,13.638039,9.5946796,,0.17
WTV,WisdomTree U.S. Value Fund,NYSE/AMEX,WisdomTree,,4574966448495.75,0.12,151984.95273612067,5,88.0,832.7357885742186,0.5479,2799.985121582032,1.84,48.9,13.5,22.67,11.77,-7.38,2026-06-25,16451501.331791488,,1423.47998046875,20260806,152560.04342675782,0.85,20.7023,14.09877,2007-02-23,-0.38
WUGI,AXS Esoterica NextG Economy ETF,NYSE/AMEX,AXS,,43022461780.89844,0.79,120225.5539653413,1,,7851.915572265625,6.531,7851.915572265625,6.53,85.85,15.97,-0.07,36.41,-33.26,2025-12-23,204024.1854507021,,1423.47998046875,20260806,,,,,,
WWJD,Inspire International ETF,NYSE/AMEX,Inspire,,797377821297.4375,0.61,57551.29604476318,3,136.5,755.8678696289063,1.3134,1406.398220703125,2.44,12.02,10.22,17.56,14.57,-10.77,2026-06-26,2156633.9897861253,,1423.47998046875,20260806,,,,,,
WXET,Teucrium 2x Daily Wheat ETF,NYSE/AMEX,Teucrium,,8495176211.07959,0.95,28683.1210634308,12,30.0,51.245279296875,0.1787,493.94755322265627,1.72,-9.16,37.26,17.42,51.77,-30.97,2026-07-27,310711.389790326,,1423.47998046875,20260806,,,,,,
WZRD,Opportunistic Trader ETF,NYSE/AMEX,"Tuttle Capital Management, LLC",,608745519.7275391,1.0,768.6792199976917,1,,404.26831445312496,52.5926,404.26831445312496,52.59,,-97.65,-97.92,106.95,-98.18,2025-12-24,136561.26711424033,,1423.47998046875,20260806,,,,,,
XAGG,Eaton Vance Income Opportunities ETF,NYSE/AMEX,Eaton Vance ETFs,,1884889377765.375,0.5,70910.65327219851,8,30.0,415.656154296875,0.5862,3161.549036621094,4.46,,-1.38,,3.77,-3.58,2026-06-30,10174837.45088793,,1423.47998046875,20260806,70690.01583007812,0.54,8.220089999999999,3.96422,,0.31
XAR,State Street SPDR S&P Aerospace & Defense ETF,NYSE/AMEX,SPDR,,9069062129565.43,0.35,410816.3310515136,4,91.0,88.2557587890625,0.0215,1151.5953041992186,0.28,-26.39,15.26,33.09,29.19,-17.25,2026-06-22,56871046.323857404,Equity S&P Aerospace & Defense Select Industry Index,1423.47998046875,20260806,401721.7087680664,1.3,32.877028,18.471861,2011-09-28,2.26
XB,BondBloxx B-Rated USD High Yield Corporate Bond ETF,NYSE/AMEX,BondBloxx Investment Management,,102641344981.1211,0.3,55501.486827740446,12,30.0,318.85951562500003,0.5745,3873.2890268554697,6.98,-3.41,-1.17,-1.25,4.24,-3.37,2026-08-03,334514.8622222536,,1423.47998046875,20260806,,,,,,
XBB,BondBloxx BB-Rated USD High Yield Corporate Bond ETF,NYSE/AMEX,BondBloxx Investment Management,,736998537867.3281,0.2,57843.10661708377,12,30.0,284.69599609375,0.4922,3197.1360361328125,5.53,-4.02,-1.42,-0.7,4.28,-3.27,2026-08-03,6849879.658188535,,1423.47998046875,20260806,57808.091398828125,0.65,7.68327,,,0.06
XBFR,Innovator Equity Managed 10 Buffer ETF,NYSE/AMEX,Innovator ETFs,,63803914342.80078,0.79,38135.02997999266,2,91.0,28.469599609375,0.0747,39.85743945312501,0.1,,6.35,,9.08,-4.11,2026-06-30,500745.2463386333,,1423.47998046875,20260806,,,,,,
XBI,State Street SPDR S&P Biotech ETF,NYSE/AMEX,SPDR,,14184024273784.18,0.35,220070.01366870105,3,136.5,196.4402373046875,0.0893,814.230548828125,0.37,1806.67,27.22,79.5,27.14,-10.51,2026-06-22,1159749525.450838,Equity S&P Biotechnology Select Industry Index,1423.47998046875,20260806,217888.2087448047,1.14,23.75927,3.51447,2006-01-31,1.0
XC,WisdomTree True Emerging Markets Fund,NYSE/AMEX,WisdomTree,,114080874229.92188,0.32,46405.44519122317,5,83.0,249.10899658203124,0.5368,5501.750124511718,11.86,623.78,-0.38,-3.94,17.45,-15.33,2026-06-25,619687.7650581452,,1423.47998046875,20260806,,,,,,
XCCC,BondBloxx CCC-Rated USD High Yield Corporate Bond ETF,NYSE/AMEX,BondBloxx Investment Management,,375330606299.1328,0.4,51087.41411593557,12,30.0,515.2997529296874,1.0087,5217.054128417969,10.21,-7.4,-5.64,-7.07,6.05,-9.09,2026-08-03,10539041.472820329,,1423.47998046875,20260806,51154.03423012695,0.7,9.3794204,,,-0.13
XCEM,Columbia EM Core ex-China ETF,NYSE/AMEX,Columbia Threadneedle,,2774265275332.6875,0.16,70020.97828440554,1,,1775.0795356445317,2.5351,1775.0795356445317,2.54,52.63,25.36,43.37,26.69,-18.2,2025-12-18,7722321.368575792,,1423.47998046875,20260806,69579.7014453125,1.29,22.33033,10.60312,,0.63
XCHG,AB US Equity ETF,NYSE/AMEX,AllianceBernstein,,1003137229011.2188,0.5,39634.23876526952,3,86.5,58.36267919921875,0.1473,140.92451806640625,0.36,,11.1,,13.16,-9.84,2026-06-22,101265.79428129375,,1423.47998046875,20260806,,,,,,
XCOR,FundX ETF,NYSE/AMEX,Fund X,,256961845957.1641,1.15,127278.18309586868,1,,489.67711328124994,0.3847,489.67711328124994,0.38,,11.19,19.33,15.84,-10.1,2025-12-31,188196.2800481728,,1423.47998046875,20260806,,,,,,
XDTE,Roundhill S&P 500 0DTE Covered Call Strategy ETF,NYSE/AMEX,Roundhill Investments,,485316618302.3594,0.97,55864.47031305544,52,7.0,128.1131982421875,0.2293,17604.176918457033,31.51,-9.95,-1.32,-10.72,13.96,-19.57,2026-07-30,10834043.756966596,,1423.47998046875,20260806,55766.67875883789,0.0,,,,0.18
XEMD,BondBloxx JP Morgan USD Emerging Markets 1-10 Year Bond ETF,NYSE/AMEX,BondBloxx Investment Management,,1200282692461.75,0.29,63373.18819831125,13,30.0,340.21171533203125,0.5368,3655.49658984375,5.77,-7.06,0.11,2.79,4.95,-3.93,2026-08-03,5947357.952912015,,1423.47998046875,20260806,63423.71992177735,0.65,10.34102,,,-0.08
XES,State Street SPDR S&P Oil & Gas Equipment & Services ETF,NYSE/AMEX,SPDR,,521007907651.3672,0.35,163652.22785130516,4,91.0,439.8553139648437,0.2688,1851.947454589844,1.13,-0.23,35.25,74.99,30.57,-21.69,2026-06-22,10492935.597051734,Equity S&P Oil & Gas Equipment & Services Select Industry Index,1423.47998046875,20260806,162066.93952871583,0.67,8.082110400000001,18.35673,,0.98
XFIV,BondBloxx Bloomberg Five Year Target Duration US Treasury ETF,NYSE/AMEX,BondBloxx Investment Management,,461151303294.4063,0.05,68554.79564216919,12,30.0,264.7672763671875,0.3862,2686.106723144531,3.92,-7.14,-2.64,-2.35,3.62,-4.25,2026-08-03,3702642.629070814,,1423.47998046875,20260806,68439.06693696289,0.8,3.79196,,,0.17
XFLX,FundX Flexible ETF,NYSE/AMEX,Fund X,,71563810475.20898,0.97,32369.934430050664,1,,3120.2681171875,9.6394,3120.2681171875,9.64,101.1,1.52,-5.66,9.96,-10.61,2025-12-31,264951.77530062245,,1423.47998046875,20260806,,,,,,
XHB,State Street SPDR S&P Homebuilders ETF,NYSE/AMEX,SPDR,,2159618417568.36,0.35,156468.9168466553,5,89.5,227.756796875,0.1456,1127.39614453125,0.72,2.99,5.14,3.18,28.5,-21.84,2026-06-22,260354296.222514,Equity S&P Homebuilders Select Industry Index,1423.47998046875,20260806,157786.848393042,1.44,10.57418,8.67685,2006-01-31,-0.84
XHE,State Street SPDR S&P Health Care Equipment ETF,NYSE/AMEX,SPDR,,238546775126.95312,0.35,130960.158203125,2,91.0,31.3165595703125,0.0239,74.020958984375,0.06,-0.0,5.13,19.92,23.03,-18.29,2025-12-22,1922147.22012244,Equity S&P Health Care Equipment Select Industry Index,1423.47998046875,20260806,,,,,,
XHLF,BondBloxx Bloomberg Six Month Target Duration US Treasury ETF,NYSE/AMEX,BondBloxx Investment Management,,2773676387358.6875,0.03,71437.34477467649,12,30.0,220.63939697265624,0.3089,2720.270242675781,3.81,-11.57,-0.19,-0.13,1.14,-0.52,2026-08-03,21214482.965807542,,1423.47998046875,20260806,71430.36776791993,0.03,4.5461897,,2022-09-13,0.01
XHS,State Street SPDR S&P Health Care Services ETF,NYSE/AMEX,SPDR,,291044716806.6406,0.35,188112.870730713,4,91.0,59.7861591796875,0.0318,382.9161147460938,0.2,-3.93,23.14,48.67,17.52,-12.03,2026-06-22,1343174.7959104744,Equity S&P Health Care Services Select Industry Index,1423.47998046875,20260806,,,,,,
XIDE,FT Vest U.S. Equity Buffer & Premium Income  ETF - December,NYSE/AMEX,First Trust,,32451258167.143555,0.85,43167.03149374388,12,30.0,222.062876953125,0.5144,2721.693722656249,6.31,-3.82,0.51,0.25,3.34,-3.59,2026-08-03,102377.39329575922,,1423.47998046875,20260806,,,,,,
XIDV,Franklin International Dividend Booster Index ETF,NYSE/AMEX,Franklin Templeton Investments,,65876842829.55859,0.19,55326.67959381081,4,91.0,2160.8426103515626,3.9056,3168.6664365234374,5.73,139.35,12.92,22.74,13.27,-8.41,2026-06-26,292335.3149547349,,1423.47998046875,20260806,,,,,,
XIJN,FT Vest U.S. Equity Buffer & Premium Income ETF - June,NYSE/AMEX,First Trust,,72280088519.6211,0.85,43816.99272216112,12,30.0,244.83855664062497,0.5588,3047.670638183594,6.96,6.78,-0.21,-0.35,2.76,-2.09,2026-08-03,372979.1266607763,,1423.47998046875,20260806,,,,,,
XIMR,FT Vest U.S. Equity Buffer & Premium Income ETF - March,NYSE/AMEX,First Trust,,42586848437.27539,0.85,44647.44926159363,12,31.0,273.30815625,0.6121,2960.838359375,6.63,1.96,1.05,0.96,2.78,-2.08,2026-08-03,168490.75561386655,,1423.47998046875,20260806,,,,,,
XISE,FT Vest U.S. Equity Buffer & Premium Income ETF - September,NYSE/AMEX,First Trust,,50976452255.60352,0.85,43188.38282462768,12,30.0,216.36895703125,0.501,2579.3457246093744,5.97,-0.88,0.26,0.12,3.36,-2.73,2026-08-03,248994.98817919544,,1423.47998046875,20260806,,,,,,
XJH,iShares ESG Select Screened S&P Mid-Cap ETF,NYSE/AMEX,iShares,,613823701526.274,0.12,74467.93052533083,4,91.0,166.54715771484376,0.2236,788.6079091796875,1.06,0.0,15.59,24.68,16.41,-9.81,2026-06-15,1068970.209155322,Equity,1423.47998046875,20260806,,,,,,
XJR,iShares ESG Select Screened S&P Small-Cap ETF,NYSE/AMEX,iShares,,270873014243.11404,0.12,75455.96716308035,4,91.0,206.4045971679688,0.2735,643.412951171875,0.85,-43.92,23.45,32.55,17.84,-9.44,2026-06-15,391688.4545542805,Equity,1423.47998046875,20260806,,,,,,
XLB,State Street Materials Select Sector SPDR ETF,NYSE/AMEX,SPDR,,11960021856699.217,0.08,74782.52055671997,4,91.0,274.7316362304688,0.3674,1207.8227634277343,1.62,-0.59,13.91,20.04,17.72,-12.38,2026-06-22,648662381.9104911,Equity Materials Select Sector Index,1423.47998046875,20260806,74924.6837195752,0.82,10.087,6.978090000000001,1998-12-16,-0.19
XLBI,State Street Materials Select Sector SPDR Premium Income ETF,NYSE/AMEX,SPDR,,11273961445.3125,0.35,34448.21661337279,12,30.0,330.24735546875,0.9587,5349.4377666015625,15.53,,1.4,0.03,14.65,-11.86,2026-08-03,101847.9224774182,Equity S&P 500 Index,1423.47998046875,20260806,,,,,,
XLC,State Street Communication Services Select Sector SPDR ETF,NYSE/AMEX,SPDR,,32045338615913.09,0.08,158191.32631978765,4,91.0,404.26831445312496,0.2556,2038.4233320312496,1.29,35.09,-4.94,3.16,14.98,-12.24,2026-06-22,719226330.3749067,Equity Communication Services Select Sector Index,1423.47998046875,20260806,157803.830509209,0.84,19.56028,7.1012,2018-06-18,0.25
XLE,State Street Energy Select Sector SPDR ETF,NYSE/AMEX,SPDR,,54739111265336.914,0.08,82120.55811838992,4,91.0,548.0397924804688,0.6674,2160.130870361328,2.63,6.08,26.37,36.19,21.13,-15.59,2026-06-22,2056463514.485022,Equity Energy Select Sector Index,1423.47998046875,20260806,81556.60577458008,-0.08,13.20535,22.863421,1998-12-16,0.69
XLEI,State Street Energy Select Sector SPDR Premium Income ETF,NYSE/AMEX,SPDR,,70604607031.25,0.35,37526.489899078384,12,30.0,550.8867524414063,1.468,7682.521454589844,20.47,,7.96,8.34,15.63,-14.38,2026-08-03,738065.8889912913,Equity S&P 500 Index,1423.47998046875,20260806,,,,,,
XLF,State Street Financial Select Sector SPDR ETF,NYSE/AMEX,SPDR,,84193915603994.14,0.08,82355.43361840211,4,91.0,266.19075634765625,0.3232,1148.748344238281,1.39,11.77,5.32,11.37,14.6,-15.23,2026-06-22,2200555962.1102176,Equity Financial Select Sector Index,1423.47998046875,20260806,82586.94905404297,0.72,20.31315,11.2473495,1998-12-16,-0.28
XLFI,State Street Financial Select Sector SPDR Premium Income ETF,NYSE/AMEX,SPDR,,11402074643.554688,0.35,34661.73806742858,12,30.0,300.35427587890626,0.8665,4177.913742675782,12.05,,-1.92,-0.86,12.2,-14.28,2026-08-03,115701.2355351391,Equity S&P 500 Index,1423.47998046875,20260806,,,,,,
XLG,Invesco S&P 500 Top 50 ETF,NYSE/AMEX,Invesco,,14895526280941.5,0.2,89771.76301340945,4,91.0,166.54715771484376,0.1855,565.1215522460938,0.63,7.3,6.76,16.64,14.76,-12.71,2026-06-22,162962307.5126034,,1423.47998046875,20260806,89579.59517089844,1.08,22.31682,14.264748999999998,2005-05-04,0.21
XLI,State Street Industrial Select Sector SPDR ETF,NYSE/AMEX,SPDR,,48700851536186.52,0.08,265706.77836723626,4,91.0,632.025111328125,0.2379,2930.9452797851563,1.1,6.24,18.15,23.67,17.02,-12.46,2026-06-22,1687971171.739127,Equity Industrial Select Sector Index,1423.47998046875,20260806,265249.79337616696,1.02,21.58148,14.283009,1998-12-16,0.17
XLII,State Street Industrial Select Sector SPDR Premium Income ETF,NYSE/AMEX,SPDR,,15715218984.375,0.35,37651.04656942748,12,30.0,427.043994140625,1.1342,4888.230252929687,12.98,,5.48,7.73,12.88,-10.59,2026-08-03,123652.1953223179,Equity S&P 500 Index,1423.47998046875,20260806,,,,,,
XLK,State Street Technology Select Sector SPDR ETF,NYSE/AMEX,SPDR,,174752267139863.28,0.08,264639.1683818847,4,91.0,324.553435546875,0.1226,1130.2431044921875,0.43,1.93,28.84,41.35,25.95,-16.15,2026-06-22,2362684555.969691,Equity Technology Select Sector Index,1423.47998046875,20260806,264600.7861486719,1.47,30.36577,20.02118,1998-12-16,0.01
XLKI,State Street Technology Select Sector SPDR Premium Income ETF,NYSE/AMEX,SPDR,,18049726152.34375,0.35,37567.77257787902,12,30.0,620.637271484375,1.652,7140.17558203125,19.01,,3.86,5.49,21.0,-14.81,2026-08-03,209487.7609379757,Equity S&P 500 Index,1423.47998046875,20260806,,,,,,
XLP,State Street Consumer Staples Select Sector SPDR ETF,NYSE/AMEX,SPDR,,20926849654067.383,0.08,121152.38200651854,4,91.0,817.0775087890624,0.6744,3127.385517089844,2.58,9.25,9.55,4.28,14.26,-9.94,2026-06-22,1257423123.728085,Equity Consumer Staples Select Sector Index,1423.47998046875,20260806,121471.1837141211,0.52,7.43206,6.53212,1998-12-16,-0.26
XLRE,State Street Real Estate Select Sector SPDR ETF,NYSE/AMEX,SPDR,,12342098118256.836,0.08,63864.43171299435,4,91.0,542.3458725585938,0.8492,1999.9893725585937,3.13,1.52,11.11,8.29,14.05,-8.94,2026-06-22,293920952.77756894,Equity Real Estate Select Sector Index,1423.47998046875,20260806,64341.494404384764,0.99,10.52034,2.6710201,2015-10-07,-0.74
XLSI,State Street Consumer Staples Select Sector SPDR Premium Income ETF,NYSE/AMEX,SPDR,,9010628276.367188,0.35,33482.383839301765,12,30.0,274.7316362304688,0.8205,4270.43994140625,12.75,,-0.18,-6.9,11.96,-10.97,2026-08-03,121716.83036819396,Equity S&P 500 Index,1423.47998046875,20260806,,,,,,
XLSR,State Street US Sector Rotation ETF,NYSE/AMEX,SPDR,,1496774964663.086,0.7,94661.41870117188,4,91.0,72.59747900390624,0.0767,422.7735541992187,0.45,-16.81,6.74,18.92,13.79,-11.28,2026-06-25,3402202.926879457,Equity S&P 500 Index,1423.47998046875,20260806,94339.14283359377,1.0,15.89423,9.4010696,,0.34
XLU,State Street Utilities Select Sector SPDR ETF,NYSE/AMEX,SPDR,,32706046848847.656,0.08,62049.49256583862,4,91.0,404.26831445312496,0.6515,1701.0585766601564,2.74,4.87,0.95,1.82,14.82,-9.86,2026-06-22,989845778.5464456,Equity Utilities Select Sector Index,1423.47998046875,20260806,62144.25341093262,0.49,14.285341,8.48869,1998-12-16,-0.15
XLUI,State Street Utilities Select Sector SPDR Premium Income ETF,NYSE/AMEX,SPDR,,37181297089.84375,0.35,33473.130871899426,12,30.0,206.4045971679688,0.6166,5004.955611328125,14.95,,-2.02,-7.7,12.52,-10.22,2026-08-03,354258.23023673735,Equity S&P 500 Index,1423.47998046875,20260806,,,,,,
XLV,State Street Health Care Select Sector SPDR ETF,NYSE/AMEX,SPDR,,59601661939418.95,0.08,232354.63113015145,4,91.0,933.8028671875,0.4019,3605.674790527344,1.55,5.81,4.96,25.07,15.55,-10.84,2026-06-22,1835069875.563238,Equity Health Care Select Sector Index,1423.47998046875,20260806,233725.6334855029,0.51,9.23862,5.9908498,1998-12-16,-0.59
XLVI,State Street Health Care Select Sector SPDR Premium Income ETF,NYSE/AMEX,SPDR,,31387733569.335938,0.35,37693.60804742016,12,30.0,313.165595703125,0.8308,4774.351854492188,12.67,,-0.14,9.07,11.26,-10.56,2026-08-03,286796.2375346332,Equity S&P 500 Index,1423.47998046875,20260806,,,,,,
XLY,State Street Consumer Discretionary Select Sector SPDR ETF,NYSE/AMEX,SPDR,,33232165049628.902,0.08,168653.91286446527,4,91.0,331.6708354492188,0.1967,1284.690682373047,0.76,-1.2,0.11,6.04,19.37,-15.15,2026-06-22,1214597682.8380396,Equity Consumer Discretionary Select Sector Index,1423.47998046875,20260806,168880.58303802734,1.14,12.3234,6.28673,1998-12-16,-0.13
XME,State Street SPDR S&P Metals & Mining ETF,NYSE/AMEX,SPDR,,5737563818076.172,0.35,160262.49229783937,4,91.0,113.8783984375,0.0711,530.9580327148439,0.33,13.03,4.7,49.3,37.25,-26.54,2026-06-22,262906385.2975201,Equity S&P Metals & Mining Select Industry Index,1423.47998046875,20260806,159196.463678501,1.41,30.13576,22.36437,2006-06-19,0.67
XMHQ,Invesco S&P MidCap Quality ETF,NYSE/AMEX,Invesco,,7753769884534.5,0.25,167617.47191249952,4,91.0,233.450716796875,0.1393,923.8385073242188,0.55,-1.52,13.34,16.85,15.27,-8.97,2026-06-22,23886640.55410417,,1423.47998046875,20260806,168155.69009277344,0.9,14.818929,10.7009694,2006-12-01,-0.32
XMLV,Invesco S&P MidCap Low Volatility ETF,NYSE/AMEX,Invesco,,1064722211372.625,0.25,97764.60549300537,4,91.0,720.2808701171875,0.7368,2768.6685620117187,2.83,18.24,10.06,10.9,10.78,-7.66,2026-06-22,1672347.234947843,,1423.47998046875,20260806,,,,,,
XMMO,Invesco S&P MidCap Momentum ETF,NYSE/AMEX,Invesco,,10218342582008.25,0.35,230247.8868408203,4,91.0,355.8699951171875,0.1546,1375.0816611328123,0.6,11.16,15.18,24.59,21.68,-13.91,2026-06-22,46703098.04588239,,1423.47998046875,20260806,226731.8912890625,1.15,25.49403,13.81108,2005-03-03,1.55
XMPT,VanEck CEF Muni Income ETF,NYSE/AMEX,VanEck,,312405252412.4375,1.97,30747.16812113952,12,30.0,152.31235791015624,0.4954,1819.2074150390624,5.92,-0.23,-1.28,3.55,7.47,-6.9,2026-08-03,1093399.6407822082,,1423.47998046875,20260806,,,,,,
XMVM,Invesco S&P MidCap Value with Momentum ETF,NYSE/AMEX,Invesco,,718882990000.6875,0.39,106533.23652534188,4,91.0,458.3605537109375,0.4303,1894.6518540039065,1.78,11.47,15.55,34.31,14.72,-9.18,2026-06-22,1922431.86037442,,1423.47998046875,20260806,,,,,,
XNTK,State Street SPDR NYSE Technology ETF,NYSE/AMEX,SPDR,,3162730525004.883,0.35,512552.2732286155,4,91.0,286.1194760742188,0.0558,760.1383095703126,0.15,-32.32,28.76,50.47,29.76,-18.65,2026-06-22,13309968.008263577,Equity NYSE Technology Index,1423.47998046875,20260806,510427.7788181348,1.66,36.449632,17.622891,2000-09-25,0.42
XOEX,Xtrackers S&P 100 Ex Top 20 ETF,NYSE/AMEX,,,330873686660.15625,0.15,58774.20818252489,4,91.0,175.08803759765624,0.2979,838.4297084960937,1.43,-15.01,12.48,25.34,11.51,-7.54,2026-06-18,1454228.2321929932,,1423.47998046875,20260806,,,,,,
XOMO,YieldMax XOM Option Income Strategy ETF,NYSE/AMEX,YieldMax ETFs,,56264196399.85156,1.17,15601.340640238952,45,7.0,173.66455761718748,1.1131,5940.181958496094,38.07,-3.18,-6.64,-8.05,21.65,-24.66,2026-07-30,1174963.0480154844,,1423.47998046875,20260806,,,,,,
XONE,BondBloxx Bloomberg One Year Target Duration US Treasury ETF,NYSE/AMEX,BondBloxx Investment Management,,1197987632771.0,0.03,70113.50795842893,12,30.0,224.9098369140625,0.3208,2785.750321777344,3.97,-14.76,-0.6,-0.47,1.25,-0.95,2026-08-03,5186271.069389358,,1423.47998046875,20260806,70096.13998222657,0.08,4.4882998,,,0.02
XOP,State Street SPDR S&P Oil & Gas Exploration & Production ETF,NYSE/AMEX,SPDR,,5155417445263.672,0.35,236198.02273330087,4,91.0,1064.763025390625,0.4508,4623.4629765625,1.96,0.96,28.67,34.13,28.68,-18.68,2026-06-22,574211110.1521379,Equity S&P Oil & Gas Exploration & Production Select Industry Index,1423.47998046875,20260806,235079.27753812989,-0.2,7.10981,18.04571,2006-06-19,0.48
XPAY,Roundhill S&P 500 Target 20 Managed Distribution ETF,NYSE/AMEX,Roundhill Investments,,230233560938.29688,0.49,77095.53434120677,11,28.0,1281.1319824218751,1.6617,14394.2295625,18.67,5.69,0.24,1.24,13.75,-15.5,2026-07-08,3102833.7090636934,,1423.47998046875,20260806,76894.96506494141,0.0,,,,0.26
XPH,State Street SPDR S&P Pharmaceuticals ETF,NYSE/AMEX,SPDR,,714572715395.5078,0.35,99828.6471205689,4,91.0,83.98531884765625,0.0841,478.2892734375,0.48,-43.91,27.02,67.29,22.57,-12.07,2026-06-22,4331549.112314262,Equity S&P Pharmaceuticals Select Industry Index,1423.47998046875,20260806,100035.6250194336,0.7,19.13583,7.995480000000001,,-0.21
XPND,First Trust Expanded Technology ETF,NYSE/AMEX,First Trust,,53712642698.38086,0.65,56255.92947974242,3,97.5,11.38783984375,0.0202,44.12787939453125,0.08,-32.61,10.22,16.27,22.08,-17.43,2026-06-25,313575.4742821317,,1423.47998046875,20260806,,,,,,
XPP,ProShares Ultra FTSE China 50,NYSE/AMEX,ProShares,,12968610091.620604,0.95,30875.28153658752,4,91.0,187.899357421875,0.6086,772.9496293945311,2.5,-26.22,-23.44,-17.4,40.3,-45.98,2026-06-24,221460.81164497588,,1423.47998046875,20260806,,,,,,
XRMI,Global X S&P 500 Risk Managed Income ETF,NYSE/AMEX,Global X Funds,,71073820196.33203,0.6,24704.494409417734,12,28.0,246.26203662109373,0.9968,3071.8697978515625,12.43,-4.43,-3.04,-2.31,6.64,-7.01,2026-07-20,260226.6167225325,,1423.47998046875,20260806,,,,,,
XRPM,Amplify XRP 3% Monthly Option Income ETF,NYSE/AMEX,Amplify ETFs,,15564233309.80664,0.75,14462.556384356692,8,30.0,451.2431538085938,3.1201,5252.641127929687,36.32,,-56.11,,63.06,-60.56,2026-07-30,267802.16419554554,,1423.47998046875,20260806,,,,,,
XRT,State Street SPDR S&P Retail ETF,NYSE/AMEX,SPDR,,690003450932.6172,0.35,128696.83024711908,4,91.0,264.7672763671875,0.2057,958.0020268554688,0.74,-37.34,5.25,11.08,20.81,-13.77,2026-06-22,438019608.79239815,Equity S&P Retail Select Industry Index,1423.47998046875,20260806,130185.34381495604,1.17,12.40887,0.87491,2006-06-19,-1.14
XSD,State Street SPDR S&P Semiconductor ETF,NYSE/AMEX,SPDR,,4138298294819.336,0.35,751739.6560502946,4,91.0,331.6708354492188,0.0441,1107.4674248046874,0.15,4.85,57.47,97.37,46.01,-30.83,2026-06-22,33699526.132690914,Equity S&P Semiconductor Select Industry Index,1423.47998046875,20260806,724879.7638292871,2.77,32.846740000000004,21.189,2006-01-31,3.71
XSHD,Invesco S&P SmallCap High Dividend Low Volatility ETF,NYSE/AMEX,Invesco,,132439506925.8672,0.3,20426.93826274108,12,28.0,69.75051904296875,0.3415,993.5890263671878,4.86,-25.98,11.15,9.88,15.07,-11.32,2026-07-20,589830.1907668018,,1423.47998046875,20260806,,,,,,
XSHP,Kurv SpaceX Enhanced Income ETF,NYSE/AMEX,Kurv Investment Management LLC,,4047658207.062988,0.99,19572.849731445312,2,28.0,740.20958984375,3.7818,1722.4107763671875,8.8,,-42.35,,79.04,-44.32,2026-08-05,369208.3654332842,,1423.47998046875,20260806,,,,,,
XSHQ,Invesco S&P SmallCap Quality ETF,NYSE/AMEX,Invesco,,445620521764.1406,0.29,71031.5065835286,4,91.0,44.12787939453125,0.0621,807.1131489257814,1.14,8.41,17.33,19.21,17.33,-10.55,2026-06-22,1706430.2011967236,,1423.47998046875,20260806,,,,,,
XSLV,Invesco S&P SmallCap Low Volatility ETF,NYSE/AMEX,Invesco,,350642133928.7578,0.25,76924.71826399118,4,91.0,195.0167573242188,0.2535,1571.5218984375,2.04,-1.95,16.29,18.77,13.33,-7.46,2026-06-22,534103.3808445417,,1423.47998046875,20260806,,,,,,
XSMO,Invesco S&P SmallCap Momentum ETF,NYSE/AMEX,Invesco,,4319865352793.375,0.36,127899.67407305913,4,91.0,179.3584775390625,0.1402,677.576470703125,0.53,-22.09,23.25,30.92,20.07,-9.44,2026-06-22,19503728.771436013,,1423.47998046875,20260806,126547.37026367188,1.14,21.835251,11.7033996,2005-03-03,1.07
XSOE,WisdomTree Emerging Markets Ex-State Owned Enterprises Fund,NYSE/AMEX,WisdomTree,,2943122706892.3125,0.32,66348.11496077664,4,91.0,398.5743945312501,0.6007,1077.574345214844,1.62,68.22,16.44,33.36,24.57,-15.28,2026-06-25,7302908.28633104,,1423.47998046875,20260806,66025.27193408203,1.17,18.917641,5.1570002,,0.49
XSVM,Invesco S&P SmallCap Value with Momentum ETF,NYSE/AMEX,Invesco,,958428478681.9376,0.37,101868.3508373946,4,91.0,437.0083540039062,0.429,1770.809095703125,1.74,11.17,24.24,35.69,17.86,-10.08,2026-06-22,2307293.854604288,,1423.47998046875,20260806,,,,,,
XSVN,BondBloxx Bloomberg Seven Year Target Duration US Treasury ETF,NYSE/AMEX,BondBloxx Investment Management,,554148867491.6875,0.05,66277.22984547727,12,30.0,230.6037568359375,0.3479,2670.448443359375,4.03,-6.57,-3.03,-2.57,4.71,-5.26,2026-08-03,2573354.9700083486,,1423.47998046875,20260806,,,,,,
XTEN,BondBloxx Bloomberg Ten Year Target Duration US Treasury ETF,NYSE/AMEX,BondBloxx Investment Management,,1480149880050.875,0.08,63287.91862840578,12,30.0,241.99159667968752,0.3824,2802.8320815429684,4.43,4.96,-3.72,-3.55,6.39,-6.87,2026-08-03,8249934.040948207,,1423.47998046875,20260806,63110.981370068366,1.58,2.30073,,,0.28
XTL,State Street SPDR S&P Telecom ETF,NYSE/AMEX,SPDR,,782202249267.5781,0.35,310425.3923966065,4,91.0,1251.2389028320313,0.4031,3776.492388183594,1.22,236.25,39.38,72.5,31.3,-19.52,2026-06-22,10832651.509864531,Equity S&P Telecom Select Industry Index,1423.47998046875,20260806,305636.61079922854,1.33,44.443828,17.80818,,1.57
XTN,State Street SPDR S&P Transportation ETF,NYSE/AMEX,SPDR,,578089454868.1641,0.35,159358.5794693604,4,91.0,206.4045971679688,0.1295,1046.2577856445314,0.66,-3.42,20.75,34.47,27.75,-17.28,2026-06-22,4290066.433535876,Equity S&P Transportation Select Industry Index,1423.47998046875,20260806,158405.27927055664,1.6,10.438891,6.65858,,0.6
XTRE,BondBloxx Bloomberg Three Year Target Duration US Treasury ETF,NYSE/AMEX,BondBloxx Investment Management,,233355241147.625,0.05,69373.29771696776,12,30.0,250.5324765625,0.3611,2790.02076171875,4.02,0.46,-2.05,-1.89,2.42,-2.91,2026-08-03,1830543.894172273,,1423.47998046875,20260806,,,,,,
XTWO,BondBloxx Bloomberg Two Year Target Duration US Treasury ETF,NYSE/AMEX,BondBloxx Investment Management,,293423590998.6406,0.05,69430.23821942136,12,30.0,219.2159169921875,0.3157,2751.586802246093,3.96,-11.04,-1.4,-1.29,1.96,-2.21,2026-08-03,1654427.9758156096,,1423.47998046875,20260806,,,,,,
XTWY,BondBloxx Bloomberg Twenty Year Target Duration US Treasury ETF,NYSE/AMEX,BondBloxx Investment Management,,356622412471.34375,0.13,50640.30139120482,12,30.0,219.2159169921875,0.4329,2472.584726074219,4.88,-2.03,-5.88,-7.09,11.35,-13.03,2026-08-03,1681136.5621954473,,1423.47998046875,20260806,,,,,,
XUDV,Franklin U.S. Dividend Booster Index ETF,NYSE/AMEX,Franklin Templeton Investments,,110444873621.89062,0.09,46602.17392128147,4,91.0,382.9161147460938,0.8217,1547.3227387695313,3.32,160.67,22.3,27.53,12.66,-6.34,2026-06-26,260101.5533328569,,1423.47998046875,20260806,,,,,,
XV,Simplify Target 15 Distribution ETF,NYSE/AMEX,Simplify Asset Management,,106190957436.09766,0.75,35245.36464221496,12,30.0,427.043994140625,1.2116,7057.613743164062,20.02,405.92,-2.29,-6.81,11.64,-14.0,2026-07-28,844590.2678031238,,1423.47998046875,20260806,,,,,,
XVV,iShares ESG Select Screened S&P 500 ETF,NYSE/AMEX,iShares,,962206340372.4536,0.08,84056.49176065065,3,90.5,186.47587744140623,0.2218,576.5093920898438,0.69,-18.02,12.15,21.0,13.67,-10.8,2026-06-15,2540312.357492318,Equity,1423.47998046875,20260806,,,,,,
XXRP,Teucrium 2x Long Daily XRP ETF,NYSE/AMEX,Teucrium,,123998931136.39844,2.77,28426.894232534803,2,63.0,156.5827978515625,0.5508,8839.810678710937,31.1,,-82.06,-95.23,143.72,-96.08,2026-02-25,22176842.3337513,,1423.47998046875,20260806,29901.33577373047,0.0,,,2025-04-07,-4.93
XXV,Simplify Ancorato Target 25 Distribution ETF,NYSE/AMEX,Simplify Asset Management,,68390742638.58594,0.85,33067.43929467164,8,30.0,669.0355908203124,2.0232,5736.624321289063,17.35,,-8.36,,17.36,-17.83,2026-07-28,854529.9126935808,,1423.47998046875,20260806,,,,,,
XYLD,Global X S&P 500 Covered Call ETF,NYSE/AMEX,Global X Funds,,4612435174663.25,0.6,59095.770520336926,12,28.0,582.2033120117187,0.9852,6169.362235351562,10.44,-16.97,1.95,6.37,7.62,-6.58,2026-07-20,35744048.32689682,,1423.47998046875,20260806,59074.419189453125,0.4,12.21626,7.9306,2013-06-21,0.04
XYLG,Global X S&P 500 Covered Call & Growth ETF,NYSE/AMEX,Global X Funds,,91210675471.71877,0.35,42049.59992628172,13,28.0,203.55763720703123,0.4841,5410.647405761718,12.87,-43.86,7.3,5.56,12.7,-13.95,2026-07-20,643506.7278286148,,1423.47998046875,20260806,,,,,,
XYZY,YieldMax XYZ Option Income Strategy ETF,NYSE/AMEX,YieldMax ETFs,,63924762099.22266,1.36,36405.50158651732,44,7.0,347.32911523437497,0.9541,28872.444443847657,79.31,-58.7,-23.84,-47.91,40.8,-53.5,2026-07-30,852288.615300699,,1423.47998046875,20260806,,,,,,
YALL,Truth Social God Bless America ETF,NYSE/AMEX,Yorkville America Investment Trust,,122428616348.98438,0.65,62021.02231461182,1,,304.6247158203125,0.4912,304.6247158203125,0.49,13.23,0.37,1.82,14.1,-9.86,2025-12-24,337530.19995463704,,1423.47998046875,20260806,,,,,,
YANG,Direxion Daily FTSE China Bear 3X ETF,NYSE/AMEX,Direxion Funds,,123375834091.5078,1.03,39046.34138129186,4,91.0,232.02723681640623,0.5942,1305.3311420898438,3.34,-68.12,23.5,-3.04,59.84,-35.83,2026-06-23,38145848.46951097,,1423.47998046875,20260806,38651.75190966797,-0.7,-43.465388,-38.55257,2009-12-03,1.02
YBIT,YieldMax Bitcoin Option Income Strategy ETF,NYSE/AMEX,YieldMax ETFs,,63493111723.865234,1.02,26327.26343340148,45,7.0,263.34379638671874,1.0003,26213.38384033203,99.57,-57.2,-45.68,-66.03,38.61,-66.11,2026-07-30,1570798.05960754,,1423.47998046875,20260806,,,,,,
YBTC,Roundhill Bitcoin Covered Call Strategy ETF,NYSE/AMEX,Roundhill Investments,,178667702561.98047,0.95,25174.24269436952,52,7.0,146.61843798828124,0.5824,19447.58349316406,77.25,-34.52,-39.72,-62.61,40.63,-66.02,2026-08-05,5293388.931966964,,1423.47998046875,20260806,25257.08998945313,0.0,,,,-0.33
YEAR,AB Ultra Short Income ETF,NYSE/AMEX,AllianceBernstein,,2155808091908.0,0.25,71480.04743644409,12,30.0,222.062876953125,0.3107,2891.0878403320307,4.04,-15.2,-0.56,-0.62,1.39,-1.06,2026-08-03,9813674.099387256,,1423.47998046875,20260806,71450.43883564454,0.09,4.86104,,,0.04
YETH,Roundhill Ether Covered Call Strategy ETF,NYSE/AMEX,Roundhill Investments,,83729661843.16406,0.96,12797.084698605351,52,7.0,98.22011865234376,0.7675,14955.08067480469,116.86,-54.28,-50.6,-66.29,56.89,-75.49,2026-08-05,3029383.2712504244,,1423.47998046875,20260806,12793.383976464842,0.0,,,,0.03
YFYA,Yields for You Income Strategy A ETF,NYSE/AMEX,Teucrium,,31855620051.07617,1.25,13928.751391680911,11,31.0,71.1739990234375,0.511,723.127830078125,5.19,146.6,-1.36,-0.72,3.8,-2.8,2026-07-27,157955.84370586503,,1423.47998046875,20260806,,,,,,
YGLD,Simplify Gold Strategy ETF,NYSE/AMEX,Simplify Asset Management,,48948465878.78906,0.53,48369.8490847107,10,32.0,398.5743945312501,0.824,11402.074643554688,23.57,1132.31,-18.86,-1.79,43.5,-46.07,2026-07-28,992930.0417207512,,1423.47998046875,20260806,,,,,,
YINN,Direxion Daily FTSE China Bull 3X ETF,NYSE/AMEX,Direxion Funds,,1091725512723.7188,1.34,44028.23623031005,3,91.0,297.50731591796875,0.6757,539.4989125976563,1.23,-46.47,-35.18,-29.08,60.04,-62.12,2026-06-23,89328496.90013409,,1423.47998046875,20260806,44526.4537890625,0.73,-6.2423002,-32.65314,2009-12-03,-1.12
YLD,Principal Active High Yield ETF,NYSE/AMEX,Principal Funds,,825935243927.6875,0.39,26911.886439830065,12,30.0,165.123677734375,0.6136,1972.943252929688,7.33,-0.79,-0.5,-1.74,4.91,-3.75,2026-08-03,3508906.1238966254,,1423.47998046875,20260806,26805.067529013675,0.55,8.586021,4.7555197,,0.4
YLDW,Westwood Enhanced Income Opportunity ETF,NYSE/AMEX,,,50832470102.53906,0.79,36707.27919033263,7,30.0,212.0985170898437,0.5778,1403.5512607421877,3.82,,2.79,,8.88,-6.79,2026-06-29,313667.8831313708,,1423.47998046875,20260806,,,,,,
YMAG,YieldMax Magnificent 7 Fund of Option Income ETFs,NYSE/AMEX,YieldMax ETFs,,406646915336.9688,1.34,16384.11235969281,53,7.0,136.654078125,0.8341,8458.31804394531,51.63,-22.46,-18.49,-25.74,18.86,-32.67,2026-08-05,14854236.052847212,,1423.47998046875,20260806,16247.458149072265,0.0,,,2024-01-29,0.84
YMAX,YieldMax Universe Fund of Option Income ETFs,NYSE/AMEX,YieldMax ETFs,,548993319086.2656,1.33,10818.44771580887,53,7.0,83.98531884765625,0.7763,7662.592734863281,70.83,-37.34,-24.45,-42.77,25.24,-45.17,2026-08-05,20539360.687206853,,1423.47998046875,20260806,10840.654139257813,0.0,,,2024-01-16,-0.2
YXI,ProShares Short FTSE China 50,NYSE/AMEX,ProShares,,6480497948.602539,0.95,30505.176415856928,4,91.0,177.93499755859375,0.5833,818.5009887695312,2.68,-47.82,9.67,1.66,21.09,-13.56,2026-06-24,193492.05883945603,,1423.47998046875,20260806,,,,,,
YYY,Amplify CEF High Income ETF,NYSE/AMEX,Amplify ETFs,,1035928194981.7812,3.23,16163.614526605234,12,31.0,170.81759765625,1.0568,2049.8111718750006,12.68,0.0,-1.69,-2.53,9.1,-10.23,2026-07-30,4193472.817121179,,1423.47998046875,20260806,16136.56905859375,0.95,12.07396,4.87982,,0.17
ZECP,Zacks Earnings Consistent Portfolio ETF,NYSE/AMEX,Zacks Funds,,515673228525.2031,0.55,55074.43848948367,1,,390.0335146484375,0.7082,390.0335146484375,0.71,42.71,10.92,19.01,10.83,-8.32,2025-12-29,1793013.215316651,,1423.47998046875,20260806,,,,,,
ZHDG,ZEGA Buy and Hedge ETF,NYSE/AMEX,ZEGA Investments LLC,,50105732327.23047,0.97,34526.22336408775,1,,827.0418686523437,2.3954,827.0418686523437,2.4,10.46,7.94,11.75,11.47,-10.7,2025-12-24,177978.99306177237,,1423.47998046875,20260806,,,,,,
ZROZ,PIMCO 25  Year Zero Coupon U.S. Treasury Index Exchange-Traded Fund,NYSE/AMEX,PIMCO,,1820593269596.6875,0.15,84139.90965104662,4,91.0,1153.0187841796876,1.3704,4626.3099365234375,5.5,2.52,-7.54,-10.48,15.73,-18.16,2026-07-01,33362399.09946191,,1423.47998046875,20260806,84469.30204101563,3.7,-6.373049999999999,-14.257069,2009-10-30,-0.39
ZVOL,Volatility Premium Plus ETF,NYSE/AMEX,,,21451843305.664062,1.42,11288.196000760654,12,28.0,690.3877905273438,6.116,8284.653486328127,73.39,0.0,-27.31,-35.16,25.23,-39.86,2026-07-22,343498.73866991216,,1423.47998046875,20260806,,,,,,
